[{"source": "https://www.youtube.com/feeds/videos.xml?channel_id=UChnxLLvzviaR5NeKOevB8iQ", "title": "STOPLYING #shorts", "description": "Patreon: https://goo.gl/LMjqBm\nBandcamp: https://goo.gl/41Lxcg\nSoundcloud: https://goo.gl/vpTsJX\nSpotify: https://goo.gl/h8ryUS\nGoogle Play: https://goo.gl/DqHd4E\niTunes: https://goo.gl/n2fQTc\nAmazon Music: https://goo.gl/sRormA\nT-Shirts: https://goo.gl/xgGfxv\nTwitter: https://goo.gl/drCK9Q\nWebsite: https://goo.gl/GWfhTM", "link": "https://www.youtube.com/watch?v=Lv1tpnEVbgA", "date_published": "2023-11-27T16:37:24+00:00", "permanent": false, "bookmarked": false, "dead": false, "artist": "Red Means Recording", "album": "Red Means Recording", "user": null, "language": "en-US", "thumbnail": "https://i1.ytimg.com/vi/Lv1tpnEVbgA/hqdefault.jpg", "age": null, "page_rating_contents": 0, "page_rating_votes": 0, "page_rating_visits": 0, "page_rating": 0, "tags": [], "comments": [], "vote": 0}, {"source": "https://www.youtube.com/feeds/videos.xml?channel_id=UChnxLLvzviaR5NeKOevB8iQ", "title": "in the hall of the jazz scat king #aerophone", "description": "Support the channel on Patreon: http://bit.ly/rmrpatreon\nTake a lesson with me: https://rmr.media/education\n\nFind my music here: \nBandcamp: http://bit.ly/2Kq617o\nSpotify: https://spoti.fi/2N40SoX\nYouTube Music: https://bit.ly/3PZQ4ol\niTunes: https://apple.co/2pqh3SK\nAmazon Music: https://amzn.to/2O9q1fe\n\nConnect:\nTwitter: http://bit.ly/rmrtwitters\nWebsite: http://bit.ly/rmrmedia", "link": "https://www.youtube.com/watch?v=L-saZbKYuMg", "date_published": "2023-11-27T16:36:45+00:00", "permanent": false, "bookmarked": false, "dead": false, "artist": "Red Means Recording", "album": "Red Means Recording", "user": null, "language": "en-US", "thumbnail": "https://i1.ytimg.com/vi/L-saZbKYuMg/hqdefault.jpg", "age": null, "page_rating_contents": 0, "page_rating_votes": 0, "page_rating_visits": 0, "page_rating": 0, "tags": [], "comments": [], "vote": 0}]