[{"source": "https://www.youtube.com/feeds/videos.xml?channel_id=UC3I2GFN_F8WudD_2jUZbojA", "title": "Teenage Sequence - Full Performance (Live on KEXP)", "description": "http://KEXP.ORG presents Teenage Sequence performing live in the KEXP studio. Recorded, October 26, 2023\n\nSongs:\nThe City Is Hungover\nI Can\nAll This Art\nTell Me Your Name\n\nDewan-Dean Soomary - Vocals, Laptop, Pedal Board Manipulation\nNick Tamburro - Percussion, Sampler, Synth\nRob Barrett - Drums\n\nHost: Troy Nelson\nAudio Engineer: Kevin Suggs\nMastering: Matt Ogaz\nCameras: Jim Beckmann, Carlos Cruz, Alaia D\u2019Alessandro, Scott Holpainen\nEditor: Luke Knecht\n\nhttps://teenagesequence.bandcamp.com\nhttp://kexp.org\n\nJoin this channel to get access to perks:\nhttps://www.youtube.com/channel/UC3I2GFN_F8WudD_2jUZbojA/join", "link": "https://www.youtube.com/watch?v=2wOR8uEjVGM", "date_published": "2023-11-27T16:00:02+00:00", "permanent": false, "bookmarked": false, "dead": false, "artist": "KEXP", "album": "KEXP", "user": null, "language": "en-US", "thumbnail": "https://i3.ytimg.com/vi/2wOR8uEjVGM/hqdefault.jpg", "age": null, "page_rating_contents": 0, "page_rating_votes": 0, "page_rating_visits": 0, "page_rating": 0, "tags": [], "comments": [], "vote": 0}, {"source": "https://www.youtube.com/feeds/videos.xml?channel_id=UC3I2GFN_F8WudD_2jUZbojA", "title": "Teenage Sequence - I Can (Live on KEXP)", "description": "http://KEXP.ORG presents Teenage Sequence performing \u201cI Can\u201d live in the KEXP studio. Recorded, October 26, 2023\n\nDewan-Dean Soomary - Vocals, Laptop, Pedal Board Manipulation\nNick Tamburro - Percussion, Sampler, Synth\nRob Barrett - Drums\n\nHost: Troy Nelson\nAudio Engineer: Kevin Suggs\nMastering: Matt Ogaz\nCameras: Jim Beckmann, Carlos Cruz, Alaia D\u2019Alessandro, Scott Holpainen\nEditor: Luke Knecht\n\nhttps://teenagesequence.bandcamp.com\nhttp://kexp.org\n\nJoin this channel to get access to perks:\nhttps://www.youtube.com/channel/UC3I2GFN_F8WudD_2jUZbojA/join", "link": "https://www.youtube.com/watch?v=l4wyqa59Gmw", "date_published": "2023-11-27T12:00:44+00:00", "permanent": false, "bookmarked": false, "dead": false, "artist": "KEXP", "album": "KEXP", "user": null, "language": "en-US", "thumbnail": "https://i1.ytimg.com/vi/l4wyqa59Gmw/hqdefault.jpg", "age": null, "page_rating_contents": 0, "page_rating_votes": 0, "page_rating_visits": 0, "page_rating": 0, "tags": [], "comments": [], "vote": 0}, {"source": "https://www.youtube.com/feeds/videos.xml?channel_id=UC3I2GFN_F8WudD_2jUZbojA", "title": "Teenage Sequence - Tell Me Your Name (Live on KEXP)", "description": "http://KEXP.ORG presents Teenage Sequence performing \u201cTell Me Your Name\u201d live in the KEXP studio. Recorded, October 26, 2023\n\nDewan-Dean Soomary - Vocals, Laptop, Pedal Board Manipulation\nNick Tamburro - Percussion, Sampler, Synth\nRob Barrett - Drums\n\nHost: Troy Nelson\nAudio Engineer: Kevin Suggs\nMastering: Matt Ogaz\nCameras: Jim Beckmann, Carlos Cruz, Alaia D\u2019Alessandro, Scott Holpainen\nEditor: Luke Knecht\n\nhttps://teenagesequence.bandcamp.com\nhttp://kexp.org\n\nJoin this channel to get access to perks:\nhttps://www.youtube.com/channel/UC3I2GFN_F8WudD_2jUZbojA/join", "link": "https://www.youtube.com/watch?v=WFilAd_4Zvc", "date_published": "2023-11-27T12:00:25+00:00", "permanent": false, "bookmarked": false, "dead": false, "artist": "KEXP", "album": "KEXP", "user": null, "language": "en-US", "thumbnail": "https://i4.ytimg.com/vi/WFilAd_4Zvc/hqdefault.jpg", "age": null, "page_rating_contents": 0, "page_rating_votes": 0, "page_rating_visits": 0, "page_rating": 0, "tags": [], "comments": [], "vote": 0}, {"source": "https://www.youtube.com/feeds/videos.xml?channel_id=UC3I2GFN_F8WudD_2jUZbojA", "title": "Teenage Sequence - The City Is Hungover (Live on KEXP)", "description": "http://KEXP.ORG presents Teenage Sequence performing \u201cThe City Is Hungover\u201d live in the KEXP studio. Recorded, October 26, 2023\n\nDewan-Dean Soomary - Vocals, Laptop, Pedal Board Manipulation\nNick Tamburro - Percussion, Sampler, Synth\nRob Barrett - Drums\n\nHost: Troy Nelson\nAudio Engineer: Kevin Suggs\nMastering: Matt Ogaz\nCameras: Jim Beckmann, Carlos Cruz, Alaia D\u2019Alessandro, Scott Holpainen\nEditor: Luke Knecht\n\nhttps://teenagesequence.bandcamp.com\nhttp://kexp.org\n\nJoin this channel to get access to perks:\nhttps://www.youtube.com/channel/UC3I2GFN_F8WudD_2jUZbojA/join", "link": "https://www.youtube.com/watch?v=FNKiKia1pzI", "date_published": "2023-11-27T12:00:19+00:00", "permanent": false, "bookmarked": false, "dead": false, "artist": "KEXP", "album": "KEXP", "user": null, "language": "en-US", "thumbnail": "https://i3.ytimg.com/vi/FNKiKia1pzI/hqdefault.jpg", "age": null, "page_rating_contents": 0, "page_rating_votes": 0, "page_rating_visits": 0, "page_rating": 0, "tags": [], "comments": [], "vote": 0}, {"source": "https://www.youtube.com/feeds/videos.xml?channel_id=UC3I2GFN_F8WudD_2jUZbojA", "title": "Teenage Sequence - All This Art (Live on KEXP)", "description": "http://KEXP.ORG presents Teenage Sequence performing \u201cAll This Art\u201d live in the KEXP studio. Recorded, October 26, 2023\n\nDewan-Dean Soomary - Vocals, Laptop, Pedal Board Manipulation\nNick Tamburro - Percussion, Sampler, Synth\nRob Barrett - Drums\n\nHost: Troy Nelson\nAudio Engineer: Kevin Suggs\nMastering: Matt Ogaz\nCameras: Jim Beckmann, Carlos Cruz, Alaia D\u2019Alessandro, Scott Holpainen\nEditor: Luke Knecht\n\nhttps://teenagesequence.bandcamp.com\nhttp://kexp.org\n\nJoin this channel to get access to perks:\nhttps://www.youtube.com/channel/UC3I2GFN_F8WudD_2jUZbojA/join", "link": "https://www.youtube.com/watch?v=MWeDiq1UuqM", "date_published": "2023-11-27T12:00:16+00:00", "permanent": false, "bookmarked": false, "dead": false, "artist": "KEXP", "album": "KEXP", "user": null, "language": "en-US", "thumbnail": "https://i2.ytimg.com/vi/MWeDiq1UuqM/hqdefault.jpg", "age": null, "page_rating_contents": 0, "page_rating_votes": 0, "page_rating_visits": 0, "page_rating": 0, "tags": [], "comments": [], "vote": 0}]