[{"source": "https://ithardware.pl/feed", "title": "OnePlus 12 zadebiutuje w grudniu. Producent zaprezentowa\u0142 sw\u00f3j nowy smartfon", "description": "<img src=\"https://ithardware.pl/artykuly/min/30437_1.jpg\" />            Poznali\u015bmy dat\u0119 premiery OnePlus 12, kt&oacute;ry trafi na rynek chi\u0144ski w grudniu. Producent, zapowiadaj\u0105c smartfona ujawni\u0142 tak\u017ce jego wygl\u0105d. Oto co zaoferuje nowe urz\u0105dzenie.\n\nOnePlus 12 zadebiutuje pocz\u0105tkowo tylko w Chinach...\n            <p>Pe\u0142na wersja strony <a href=\"https://ithardware.pl/aktualnosci/oneplus_12_zadebiutuje_w_grudniu_producent_zaprezentowal_swoj_nowy_smartfon-30437.html\">https://ithardware.pl/aktualnosci/oneplus_12_zadebiutuje_w_grudniu_producent_zaprezentowal_swoj_nowy_smartfon-30437.html</a></p>", "link": "https://ithardware.pl/aktualnosci/oneplus_12_zadebiutuje_w_grudniu_producent_zaprezentowal_swoj_nowy_smartfon-30437.html", "date_published": "2023-11-27T22:51:35+00:00", "permanent": false, "bookmarked": false, "dead": false, "artist": "IT hardware PL", "album": "IT hardware PL", "user": null, "language": "pl-PL", "thumbnail": "https://ithardware.pl/img/ith_icon_144.png", "age": null, "page_rating_contents": 0, "page_rating_votes": 0, "page_rating_visits": 0, "page_rating": 0, "tags": [], "comments": [], "vote": 0}, {"source": "https://ithardware.pl/feed", "title": "Assassin's Creed: Syndicate dost\u0119pny za darmo", "description": "<img src=\"https://ithardware.pl/artykuly/min/30436_1.jpg\" />            Ubisoft przygotowa\u0142 niespodziank\u0119 dla graczy i udost\u0119pni\u0142 bezp\u0142atnie gr\u0119 Assassin's Creed: Syndicate, kt&oacute;ry przenosi nas do epoki wiktoria\u0144skiej. Oferta jest ograniczona czasowo.\n\nAssassin's Creed: Syndicate jest dost\u0119pny za...\n            <p>Pe\u0142na wersja strony <a href=\"https://ithardware.pl/aktualnosci/assassin_s_creed_syndicate_dostepny_za_darmo-30436.html\">https://ithardware.pl/aktualnosci/assassin_s_creed_syndicate_dostepny_za_darmo-30436.html</a></p>", "link": "https://ithardware.pl/aktualnosci/assassin_s_creed_syndicate_dostepny_za_darmo-30436.html", "date_published": "2023-11-27T21:00:00+00:00", "permanent": false, "bookmarked": false, "dead": false, "artist": "IT hardware PL", "album": "IT hardware PL", "user": null, "language": "pl-PL", "thumbnail": "https://ithardware.pl/img/ith_icon_144.png", "age": null, "page_rating_contents": 0, "page_rating_votes": 0, "page_rating_visits": 0, "page_rating": 0, "tags": [], "comments": [], "vote": 0}, {"source": "https://ithardware.pl/feed", "title": "Red Dead Redemption 2 z nowym rekordem graczy", "description": "<img src=\"https://ithardware.pl/artykuly/min/30435_1.jpg\" />            Red Dead Redemption 2 wraca do \u017cywych. Dzi\u0119ki wyprzeda\u017cy Black Friday gra ponownie wzbudzi\u0142a zainteresowanie graczy, do tego stopnia, \u017ce ustanowi\u0142a rekord jednocze\u015bnie aktywnych os&oacute;b.\n\nRed Dead Redemption 2 trafi\u0142 na konsole w 2018 roku,...\n            <p>Pe\u0142na wersja strony <a href=\"https://ithardware.pl/aktualnosci/red_dead_redemption_2_z_rekordem_graczy-30435.html\">https://ithardware.pl/aktualnosci/red_dead_redemption_2_z_rekordem_graczy-30435.html</a></p>", "link": "https://ithardware.pl/aktualnosci/red_dead_redemption_2_z_rekordem_graczy-30435.html", "date_published": "2023-11-27T19:00:00+00:00", "permanent": false, "bookmarked": false, "dead": false, "artist": "IT hardware PL", "album": "IT hardware PL", "user": null, "language": "pl-PL", "thumbnail": "https://ithardware.pl/img/ith_icon_144.png", "age": null, "page_rating_contents": 0, "page_rating_votes": 0, "page_rating_visits": 0, "page_rating": 0, "tags": [], "comments": [], "vote": 0}, {"source": "https://ithardware.pl/feed", "title": "U\u017cytkownicy Dysku Google skar\u017c\u0105 si\u0119 na znikaj\u0105ce pliki", "description": "<img src=\"https://ithardware.pl/artykuly/min/30434_1.jpg\" />            W sieci pojawi\u0142y si\u0119 doniesienia o znikaj\u0105cych plikach z Dysku Google. Jeden z u\u017cytkownik&oacute;w opublikowa\u0142 na forum wpis, w kt&oacute;rym skar\u017cy si\u0119 na usuni\u0119cie wszystkich danych od maja. Struktura folder&oacute;w zosta\u0142a przywr&oacute;cona...\n            <p>Pe\u0142na wersja strony <a href=\"https://ithardware.pl/aktualnosci/uzytkownicy_dysku_google_skarza_sie_na_znikajace_pliki-30434.html\">https://ithardware.pl/aktualnosci/uzytkownicy_dysku_google_skarza_sie_na_znikajace_pliki-30434.html</a></p>", "link": "https://ithardware.pl/aktualnosci/uzytkownicy_dysku_google_skarza_sie_na_znikajace_pliki-30434.html", "date_published": "2023-11-27T18:23:50+00:00", "permanent": false, "bookmarked": false, "dead": false, "artist": "IT hardware PL", "album": "IT hardware PL", "user": null, "language": "pl-PL", "thumbnail": "https://ithardware.pl/img/ith_icon_144.png", "age": null, "page_rating_contents": 0, "page_rating_votes": 0, "page_rating_visits": 0, "page_rating": 0, "tags": [], "comments": [], "vote": 0}, {"source": "https://ithardware.pl/feed", "title": "Remake'i gier mog\u0105 doczeka\u0107 si\u0119 w\u0142asnej kategorii nagr\u00f3d", "description": "<img src=\"https://ithardware.pl/artykuly/min/30433_1.jpg\" />            Geoff Keighley rozwa\u017cy\u0142 osobn\u0105 kategori\u0119 dla gier, kt&oacute;re&nbsp;zosta\u0142y od\u015bwie\u017cone. Remake'i by\u0142yby tym samym brane pod uwag\u0119 jako odr\u0119bna cz\u0119\u015b\u0107. Problem polega tylko na tym, \u017ce aby stworzy\u0107 now\u0105 kategori\u0119 dla tego rodzaju...\n            <p>Pe\u0142na wersja strony <a href=\"https://ithardware.pl/aktualnosci/remake_i_gier_moga_doczekac_sie_wlasnej_kategorii_nagrod-30433.html\">https://ithardware.pl/aktualnosci/remake_i_gier_moga_doczekac_sie_wlasnej_kategorii_nagrod-30433.html</a></p>", "link": "https://ithardware.pl/aktualnosci/remake_i_gier_moga_doczekac_sie_wlasnej_kategorii_nagrod-30433.html", "date_published": "2023-11-27T17:22:20+00:00", "permanent": false, "bookmarked": false, "dead": false, "artist": "IT hardware PL", "album": "IT hardware PL", "user": null, "language": "pl-PL", "thumbnail": "https://ithardware.pl/img/ith_icon_144.png", "age": null, "page_rating_contents": 0, "page_rating_votes": 0, "page_rating_visits": 0, "page_rating": 0, "tags": [], "comments": [], "vote": 0}, {"source": "https://ithardware.pl/feed", "title": "TP-Link prezentuje dwa prze\u0142\u0105czniki zasilane przez PoE", "description": "<img src=\"https://ithardware.pl/artykuly/min/30432_1.jpg\" />            TP-Link rozszerza sw&oacute;j asortyment o dwa nowe, pi\u0119cioportowe prze\u0142\u0105czniki PoE+ zasilane przez PoE++ &ndash; modele SG2005P-PD oraz TL-SG1005P-PD. Urz\u0105dzenia zdaniem producenta znajd\u0105 zastosowanie przy rozbudowie&nbsp;sieci kablowej w...\n            <p>Pe\u0142na wersja strony <a href=\"https://ithardware.pl/aktualnosci/tp_link_prezentuje_dwa_przelaczniki_zasilane_przez_poe-30432.html\">https://ithardware.pl/aktualnosci/tp_link_prezentuje_dwa_przelaczniki_zasilane_przez_poe-30432.html</a></p>", "link": "https://ithardware.pl/aktualnosci/tp_link_prezentuje_dwa_przelaczniki_zasilane_przez_poe-30432.html", "date_published": "2023-11-27T15:47:00+00:00", "permanent": false, "bookmarked": false, "dead": false, "artist": "IT hardware PL", "album": "IT hardware PL", "user": null, "language": "pl-PL", "thumbnail": "https://ithardware.pl/img/ith_icon_144.png", "age": null, "page_rating_contents": 0, "page_rating_votes": 0, "page_rating_visits": 0, "page_rating": 0, "tags": [], "comments": [], "vote": 0}, {"source": "https://ithardware.pl/feed", "title": "Test SMX Stormy 120 mm. \u0141adne i ciche ch\u0142odzenie procesora", "description": "<img src=\"https://ithardware.pl/artykuly/min/30324_1.jpg\" />            Jaki\u015b czas temu marka Silver Monkey X wprowadzi\u0142a&nbsp;nowe ch\u0142odzenia procesora, ostatnio testowa\u0142em SMX Frosty Pro 2 x 120 mm, a dzi\u015b zajmiemy si\u0119 s\u0142abszym modelem SMX Stormy. SMX Stormy to asymetryczna jednowie\u017cowa konstrukcja z...\n            <p>Pe\u0142na wersja strony <a href=\"https://ithardware.pl/testyirecenzje/smx_stormy_120_mm_ladne_i_ciche_chlodzenie_procesora-30324.html\">https://ithardware.pl/testyirecenzje/smx_stormy_120_mm_ladne_i_ciche_chlodzenie_procesora-30324.html</a></p>", "link": "https://ithardware.pl/testyirecenzje/smx_stormy_120_mm_ladne_i_ciche_chlodzenie_procesora-30324.html", "date_published": "2023-11-27T14:22:10+00:00", "permanent": false, "bookmarked": false, "dead": false, "artist": "IT hardware PL", "album": "IT hardware PL", "user": null, "language": "pl-PL", "thumbnail": "https://ithardware.pl/img/ith_icon_144.png", "age": null, "page_rating_contents": 0, "page_rating_votes": 0, "page_rating_visits": 0, "page_rating": 0, "tags": [], "comments": [], "vote": 0}, {"source": "https://ithardware.pl/feed", "title": "Cyber Monday w Geekbuying! Mn\u00f3stwo sprz\u0119tu w obni\u017conej cenie!", "description": "<img src=\"https://ithardware.pl/artykuly/min/30429_1.jpg\" />            By\u0142 Black Friday, a teraz czas na Cyber Monday! W serwisie Geekbuying znajdziecie ca\u0142e mn&oacute;stwo rabat&oacute;w na sprz\u0119t i gad\u017cety elektroniczne. Sprawd\u017a, na jakie obni\u017cki mo\u017cesz liczy\u0107 tym razem!\n\nGeekbuying to jeden z najbardziej...\n            <p>Pe\u0142na wersja strony <a href=\"https://ithardware.pl/aktualnosci/cyber_monday_w_geekbuying_mnostwo_sprzetu_w_obnizonej_cenie-30429.html\">https://ithardware.pl/aktualnosci/cyber_monday_w_geekbuying_mnostwo_sprzetu_w_obnizonej_cenie-30429.html</a></p>", "link": "https://ithardware.pl/aktualnosci/cyber_monday_w_geekbuying_mnostwo_sprzetu_w_obnizonej_cenie-30429.html", "date_published": "2023-11-27T14:13:50+00:00", "permanent": false, "bookmarked": false, "dead": false, "artist": "IT hardware PL", "album": "IT hardware PL", "user": null, "language": "pl-PL", "thumbnail": "https://ithardware.pl/img/ith_icon_144.png", "age": null, "page_rating_contents": 0, "page_rating_votes": 0, "page_rating_visits": 0, "page_rating": 0, "tags": [], "comments": [], "vote": 0}, {"source": "https://ithardware.pl/feed", "title": "Windows ma ogromny problem z bezpiecze\u0144stwem logowania", "description": "<img src=\"https://ithardware.pl/artykuly/min/30430_1.jpg\" />            Microsoft Windows Hello to obecnie do\u015b\u0107 powszechna metoda logowania si\u0119 do systemu Windows.&nbsp;Jednak\u017ce ochron\u0119 biometryczn\u0105 uda\u0142o si\u0119 ju\u017c pokona\u0107 na kilka sposob&oacute;w, a problemem s\u0105 g\u0142&oacute;wnie producenci notebook&oacute;w i...\n            <p>Pe\u0142na wersja strony <a href=\"https://ithardware.pl/aktualnosci/windows_ma_ogromny_problem_z_bezpieczenstwem_logowania-30430.html\">https://ithardware.pl/aktualnosci/windows_ma_ogromny_problem_z_bezpieczenstwem_logowania-30430.html</a></p>", "link": "https://ithardware.pl/aktualnosci/windows_ma_ogromny_problem_z_bezpieczenstwem_logowania-30430.html", "date_published": "2023-11-27T13:42:50+00:00", "permanent": false, "bookmarked": false, "dead": false, "artist": "IT hardware PL", "album": "IT hardware PL", "user": null, "language": "pl-PL", "thumbnail": "https://ithardware.pl/img/ith_icon_144.png", "age": null, "page_rating_contents": 0, "page_rating_votes": 0, "page_rating_visits": 1, "page_rating": 0, "tags": [], "comments": [], "vote": 0}, {"source": "https://ithardware.pl/feed", "title": "Elon Musk si\u0119 ugi\u0105\u0142 w Izraelu. Starlink w Strefie Gazy tylko za zgod\u0105 izraelskiego ministra", "description": "<img src=\"https://ithardware.pl/artykuly/min/30428_1.jpg\" />            Minister Komunikacji, Shlomo Karhi, og\u0142osi\u0142 w poniedzia\u0142ek, \u017ce wykorzystanie jednostek satelitarnych Starlink w Izraelu, w tym w Strefie Gazy, wymaga zgody izraelskiego Ministerstwa Komunikacji.\n\nElon Musk, za\u0142o\u017cyciel Starlink i w\u0142a\u015bciciel X,...\n            <p>Pe\u0142na wersja strony <a href=\"https://ithardware.pl/aktualnosci/elon_musk_sie_ugial_w_izraelu_starlink_w_strefie_gazy_tylko_za_zgoda_izraelskiego_ministra-30428.html\">https://ithardware.pl/aktualnosci/elon_musk_sie_ugial_w_izraelu_starlink_w_strefie_gazy_tylko_za_zgoda_izraelskiego_ministra-30428.html</a></p>", "link": "https://ithardware.pl/aktualnosci/elon_musk_sie_ugial_w_izraelu_starlink_w_strefie_gazy_tylko_za_zgoda_izraelskiego_ministra-30428.html", "date_published": "2023-11-27T12:38:20+00:00", "permanent": false, "bookmarked": false, "dead": false, "artist": "IT hardware PL", "album": "IT hardware PL", "user": null, "language": "pl-PL", "thumbnail": "https://ithardware.pl/img/ith_icon_144.png", "age": null, "page_rating_contents": 0, "page_rating_votes": 0, "page_rating_visits": 0, "page_rating": 0, "tags": [], "comments": [], "vote": 0}, {"source": "https://ithardware.pl/feed", "title": "AMD Ryzen 8040HS/H/U - uk\u0142ady APU Hawk Point (Zen 4 i RDNA 3) coraz bli\u017cej. Nowe przecieki", "description": "<img src=\"https://ithardware.pl/artykuly/min/30421_1.jpg\" />            Niedawno pojawi\u0142 si\u0119 przeciek dotycz\u0105cy flagowego APU AMD Ryzen 8000 do laptop&oacute;w. Ten nie ujawni\u0142 nazw nadchodz\u0105cych procesor&oacute;w, jednak mo\u017cemy si\u0119 domy\u015bla\u0107 plan&oacute;w AMD, tym bardziej \u017ce w sieci pojawiaj\u0105 si\u0119 kolejne...\n            <p>Pe\u0142na wersja strony <a href=\"https://ithardware.pl/aktualnosci/amd_ryzen_8040hs_h_u_uklady_apu_hawk_point_zen_4_i_rdna_3_coraz_blizej_nowe_przecieki-30421.html\">https://ithardware.pl/aktualnosci/amd_ryzen_8040hs_h_u_uklady_apu_hawk_point_zen_4_i_rdna_3_coraz_blizej_nowe_przecieki-30421.html</a></p>", "link": "https://ithardware.pl/aktualnosci/amd_ryzen_8040hs_h_u_uklady_apu_hawk_point_zen_4_i_rdna_3_coraz_blizej_nowe_przecieki-30421.html", "date_published": "2023-11-27T12:30:02+00:00", "permanent": false, "bookmarked": false, "dead": false, "artist": "IT hardware PL", "album": "IT hardware PL", "user": null, "language": "pl-PL", "thumbnail": "https://ithardware.pl/img/ith_icon_144.png", "age": null, "page_rating_contents": 0, "page_rating_votes": 0, "page_rating_visits": 0, "page_rating": 0, "tags": [], "comments": [], "vote": 0}, {"source": "https://ithardware.pl/feed", "title": "Procesory Intel Arrow Lake otrzymaj\u0105 nowe iGPU Arc Xe-LPG Plus z XMX. Jeszcze lepsze XeSS", "description": "<img src=\"https://ithardware.pl/artykuly/min/30420_1.jpg\" />            Procesory Intel Arrow Lake, kt&oacute;re maj\u0105 pojawi\u0107 si\u0119 w przysz\u0142ym roku, b\u0119d\u0105 wyposa\u017cone w nieco ulepszon\u0105 zintegrowan\u0105 kart\u0119 graficzn\u0105 Arc Xe-LPG Plus, kt&oacute;ra oferowa\u0107 b\u0119dzie akceleracj\u0119 XMX.\n\nZ najnowszych danych...\n            <p>Pe\u0142na wersja strony <a href=\"https://ithardware.pl/aktualnosci/procesory_intel_arrow_lake_otrzymaja_nowe_igpu_arc_xe_lpg_plus_z_xmx_jeszcze_lepsze_xess-30420.html\">https://ithardware.pl/aktualnosci/procesory_intel_arrow_lake_otrzymaja_nowe_igpu_arc_xe_lpg_plus_z_xmx_jeszcze_lepsze_xess-30420.html</a></p>", "link": "https://ithardware.pl/aktualnosci/procesory_intel_arrow_lake_otrzymaja_nowe_igpu_arc_xe_lpg_plus_z_xmx_jeszcze_lepsze_xess-30420.html", "date_published": "2023-11-27T11:39:01+00:00", "permanent": false, "bookmarked": false, "dead": false, "artist": "IT hardware PL", "album": "IT hardware PL", "user": null, "language": "pl-PL", "thumbnail": "https://ithardware.pl/img/ith_icon_144.png", "age": null, "page_rating_contents": 0, "page_rating_votes": 0, "page_rating_visits": 0, "page_rating": 0, "tags": [], "comments": [], "vote": 0}, {"source": "https://ithardware.pl/feed", "title": "Samsung rejestrowa\u0142 znaki towarowe \"AI Smartphone\" i \"AI Phone\"", "description": "<img src=\"https://ithardware.pl/artykuly/min/30427_1.jpg\" />            Samsung mo\u017ce chcie\u0107 promowa\u0107 swoj\u0105 nadchodz\u0105c\u0105 generacj\u0119 flagowych smartfon&oacute;w jako urz\u0105dzenia nap\u0119dzane przez sztuczn\u0105 inteligencj\u0119. Firma mia\u0142a bowiem rejestrowa\u0107 znaki towarowe&nbsp;&quot;AI Smartphone&quot; i &quot;AI...\n            <p>Pe\u0142na wersja strony <a href=\"https://ithardware.pl/aktualnosci/samsung_rejestrowal_znaki_towarowe_ai_smartphone_i_ai_phone-30427.html\">https://ithardware.pl/aktualnosci/samsung_rejestrowal_znaki_towarowe_ai_smartphone_i_ai_phone-30427.html</a></p>", "link": "https://ithardware.pl/aktualnosci/samsung_rejestrowal_znaki_towarowe_ai_smartphone_i_ai_phone-30427.html", "date_published": "2023-11-27T11:26:10+00:00", "permanent": false, "bookmarked": false, "dead": false, "artist": "IT hardware PL", "album": "IT hardware PL", "user": null, "language": "pl-PL", "thumbnail": "https://ithardware.pl/img/ith_icon_144.png", "age": null, "page_rating_contents": 0, "page_rating_votes": 0, "page_rating_visits": 0, "page_rating": 0, "tags": [], "comments": [], "vote": 0}, {"source": "https://ithardware.pl/feed", "title": "Pierwszy na \u015bwiecie gamingowy laptop na platformie AMD z Linuxem ju\u017c dost\u0119pny", "description": "<img src=\"https://ithardware.pl/artykuly/min/30426_1.jpg\" />            Prawdopodobnie pierwszy na \u015bwiecie laptop gamingowy z systemem Linux, kt&oacute;ry opiera si\u0119 wy\u0142\u0105cznie na platformie AMD, trafi\u0142 do sprzeda\u017cy.\n\nSukces Steam Deck otworzy\u0142 drog\u0119 dla gamingowych produkt&oacute;w opartych o system Linux i...\n            <p>Pe\u0142na wersja strony <a href=\"https://ithardware.pl/aktualnosci/pierwszy_na_swiecie_gamingowy_laptop_na_platformie_amd_z_linuxem_juz_dostepny-30426.html\">https://ithardware.pl/aktualnosci/pierwszy_na_swiecie_gamingowy_laptop_na_platformie_amd_z_linuxem_juz_dostepny-30426.html</a></p>", "link": "https://ithardware.pl/aktualnosci/pierwszy_na_swiecie_gamingowy_laptop_na_platformie_amd_z_linuxem_juz_dostepny-30426.html", "date_published": "2023-11-27T10:44:50+00:00", "permanent": false, "bookmarked": false, "dead": false, "artist": "IT hardware PL", "album": "IT hardware PL", "user": null, "language": "pl-PL", "thumbnail": "https://ithardware.pl/img/ith_icon_144.png", "age": null, "page_rating_contents": 0, "page_rating_votes": 0, "page_rating_visits": 0, "page_rating": 0, "tags": [], "comments": [], "vote": 0}, {"source": "https://ithardware.pl/feed", "title": "Nowe procesory na AM4? AMD podobno szykuje kilka modeli w tym uk\u0142ady z 3D V-Cache", "description": "<img src=\"https://ithardware.pl/artykuly/min/30425_1.jpg\" />            O platformie AM4 mo\u017ce nied\u0142ugo po raz kolejny zrobi\u0107 si\u0119 g\u0142o\u015bno. Nowe doniesienia m&oacute;wi\u0105, \u017ce AMD szykuje jeszcze kilka nowych procesor&oacute;w z linii Ryzen 5000. W ich sk\u0142ad maj\u0105 wchodzi\u0107 modele z pami\u0119ci\u0105 3D V-Cache i jednostki z...\n            <p>Pe\u0142na wersja strony <a href=\"https://ithardware.pl/aktualnosci/nowe_procesory_na_am4_amd_podobno_szykuje_kilka_modeli_w_tym_uklady_z_3d_v_cache-30425.html\">https://ithardware.pl/aktualnosci/nowe_procesory_na_am4_amd_podobno_szykuje_kilka_modeli_w_tym_uklady_z_3d_v_cache-30425.html</a></p>", "link": "https://ithardware.pl/aktualnosci/nowe_procesory_na_am4_amd_podobno_szykuje_kilka_modeli_w_tym_uklady_z_3d_v_cache-30425.html", "date_published": "2023-11-27T10:39:00+00:00", "permanent": false, "bookmarked": false, "dead": false, "artist": "IT hardware PL", "album": "IT hardware PL", "user": null, "language": "pl-PL", "thumbnail": "https://ithardware.pl/img/ith_icon_144.png", "age": null, "page_rating_contents": 0, "page_rating_votes": 0, "page_rating_visits": 0, "page_rating": 0, "tags": [], "comments": [], "vote": 0}, {"source": "https://ithardware.pl/feed", "title": "TeamGroup wprowadza zestaw AIO dla dysk\u00f3w SSD", "description": "<img src=\"https://ithardware.pl/artykuly/min/30424_1.jpg\" />            Premiera zestawu ch\u0142odzenia ciecz\u0105 dla dysk&oacute;w&nbsp;SSD o nazwie&nbsp;Siren GD120S AIO zbli\u017ca si\u0119 wielkimi krokami, obiecuj\u0105c utrzymanie szybkiego dysku SSD w znacznie ni\u017cszej temperaturze nawet podczas intensywnego u\u017cytkowania.\n\nNie tylko...\n            <p>Pe\u0142na wersja strony <a href=\"https://ithardware.pl/aktualnosci/teamgroup_wprowadza_zestaw_aio_dla_dyskow_ssd-30424.html\">https://ithardware.pl/aktualnosci/teamgroup_wprowadza_zestaw_aio_dla_dyskow_ssd-30424.html</a></p>", "link": "https://ithardware.pl/aktualnosci/teamgroup_wprowadza_zestaw_aio_dla_dyskow_ssd-30424.html", "date_published": "2023-11-27T10:19:20+00:00", "permanent": false, "bookmarked": false, "dead": false, "artist": "IT hardware PL", "album": "IT hardware PL", "user": null, "language": "pl-PL", "thumbnail": "https://ithardware.pl/img/ith_icon_144.png", "age": null, "page_rating_contents": 0, "page_rating_votes": 0, "page_rating_visits": 0, "page_rating": 0, "tags": [], "comments": [], "vote": 0}, {"source": "https://ithardware.pl/feed", "title": "Redmagic prezentuje gamingowy monitor 4K z pod\u015bwietleniem mini LED z a\u017c 5088 strefami", "description": "<img src=\"https://ithardware.pl/artykuly/min/30418_1.jpg\" />            Wy\u015bwietlacze mini-LED wykorzystuj\u0105 pod\u015bwietlenie oparte na diodach LED, kt&oacute;re mo\u017ce obs\u0142ugiwa\u0107 mn&oacute;stwo lokalnych stref przyciemniania, zapewniaj\u0105c lepsze wra\u017cenia podczas ogl\u0105dania tre\u015bci HDR. Redmagic zaprezentowa\u0142 za\u015b...\n            <p>Pe\u0142na wersja strony <a href=\"https://ithardware.pl/aktualnosci/redmagic_prezentuje_gamingowy_monitor_4k_z_podswietleniem_mini_led_z_az_5088_strefami-30418.html\">https://ithardware.pl/aktualnosci/redmagic_prezentuje_gamingowy_monitor_4k_z_podswietleniem_mini_led_z_az_5088_strefami-30418.html</a></p>", "link": "https://ithardware.pl/aktualnosci/redmagic_prezentuje_gamingowy_monitor_4k_z_podswietleniem_mini_led_z_az_5088_strefami-30418.html", "date_published": "2023-11-27T10:17:01+00:00", "permanent": false, "bookmarked": false, "dead": false, "artist": "IT hardware PL", "album": "IT hardware PL", "user": null, "language": "pl-PL", "thumbnail": "https://ithardware.pl/img/ith_icon_144.png", "age": null, "page_rating_contents": 0, "page_rating_votes": 0, "page_rating_visits": 0, "page_rating": 0, "tags": [], "comments": [], "vote": 0}, {"source": "https://ithardware.pl/feed", "title": "Radeon RX 7900 GRE - grafika do kupienia w Polsce ju\u017c za 2900 z\u0142, a cena ci\u0105gle spada", "description": "<img src=\"https://ithardware.pl/artykuly/min/30422_1.jpg\" />            Gracze w Europie, kt&oacute;rzy zastanawiaj\u0105 si\u0119 nad kartami graficznymi RDNA 3 do komputer&oacute;w stacjonarnych, maj\u0105 teraz twardy orzech do zgryzienia, bo Radeon RX 7900 GRE jawi si\u0119 jako naprawd\u0119 kusz\u0105co opcja.&nbsp;\n\nPomimo tego, \u017ce Radeon...\n            <p>Pe\u0142na wersja strony <a href=\"https://ithardware.pl/aktualnosci/radeon_rx_7900_gre_grafika_do_kupienia_w_polsce_juz_za_2900_zl_a_cena_ciagle_spada-30422.html\">https://ithardware.pl/aktualnosci/radeon_rx_7900_gre_grafika_do_kupienia_w_polsce_juz_za_2900_zl_a_cena_ciagle_spada-30422.html</a></p>", "link": "https://ithardware.pl/aktualnosci/radeon_rx_7900_gre_grafika_do_kupienia_w_polsce_juz_za_2900_zl_a_cena_ciagle_spada-30422.html", "date_published": "2023-11-27T09:15:02+00:00", "permanent": false, "bookmarked": false, "dead": false, "artist": "IT hardware PL", "album": "IT hardware PL", "user": null, "language": "pl-PL", "thumbnail": "https://ithardware.pl/img/ith_icon_144.png", "age": null, "page_rating_contents": 0, "page_rating_votes": 0, "page_rating_visits": 0, "page_rating": 0, "tags": [], "comments": [], "vote": 0}, {"source": "https://ithardware.pl/feed", "title": "Ogromny wyciek danych pacjent\u00f3w ALABu. Maj\u0105 wszystko - od numeru PESEL po wyniki bada\u0144", "description": "<img src=\"https://ithardware.pl/artykuly/min/30423_1.jpg\" />            Do internetu wyciek\u0142y dane osobowe i wyniki bada\u0144 medycznych z jednej z najwi\u0119kszych sieci laboratori&oacute;w medycznych w Polsce, firmy ALAB.&nbsp;\n\nPolscy pacjenci maj\u0105 kolejny problem.&nbsp;Grupa ransomware o nazwie RA World zdo\u0142a\u0142a w\u0142ama\u0107...\n            <p>Pe\u0142na wersja strony <a href=\"https://ithardware.pl/aktualnosci/ogromny_wyciek_danych_pacjentow_z_alabu_maja_wszystko_od_numeru_pesel_po_wyniki_badan-30423.html\">https://ithardware.pl/aktualnosci/ogromny_wyciek_danych_pacjentow_z_alabu_maja_wszystko_od_numeru_pesel_po_wyniki_badan-30423.html</a></p>", "link": "https://ithardware.pl/aktualnosci/ogromny_wyciek_danych_pacjentow_z_alabu_maja_wszystko_od_numeru_pesel_po_wyniki_badan-30423.html", "date_published": "2023-11-27T09:07:10+00:00", "permanent": false, "bookmarked": false, "dead": false, "artist": "IT hardware PL", "album": "IT hardware PL", "user": null, "language": "pl-PL", "thumbnail": "https://ithardware.pl/img/ith_icon_144.png", "age": null, "page_rating_contents": 0, "page_rating_votes": 0, "page_rating_visits": 0, "page_rating": 0, "tags": [], "comments": [], "vote": 0}, {"source": "https://ithardware.pl/feed", "title": "Dimensity 9300 - flagowiec MediaTek traci nawet 46% wydajno\u015bci na skutek throttlingu", "description": "<img src=\"https://ithardware.pl/artykuly/min/30419_1.jpg\" />            W tym roku MediaTek nie trzyma\u0142o si\u0119 tradycyjnego podzia\u0142u na klastry w swoim flagowym uk\u0142adzie Dimensity 9300, jak np. Snapdragon 8 Gen 3 i najwi\u0119ksz\u0105 r&oacute;\u017cnic\u0105 mi\u0119dzy tymi dwoma chipsetami jest brak energooszcz\u0119dnych rdzeni w nowym...\n            <p>Pe\u0142na wersja strony <a href=\"https://ithardware.pl/aktualnosci/dimensity_9300_flagowiec_mediatek_traci_nawet_46_wydajnosci_na_skutek_throttlingu-30419.html\">https://ithardware.pl/aktualnosci/dimensity_9300_flagowiec_mediatek_traci_nawet_46_wydajnosci_na_skutek_throttlingu-30419.html</a></p>", "link": "https://ithardware.pl/aktualnosci/dimensity_9300_flagowiec_mediatek_traci_nawet_46_wydajnosci_na_skutek_throttlingu-30419.html", "date_published": "2023-11-27T08:39:00+00:00", "permanent": false, "bookmarked": false, "dead": false, "artist": "IT hardware PL", "album": "IT hardware PL", "user": null, "language": "pl-PL", "thumbnail": "https://ithardware.pl/img/ith_icon_144.png", "age": null, "page_rating_contents": 0, "page_rating_votes": 0, "page_rating_visits": 0, "page_rating": 0, "tags": [], "comments": [], "vote": 0}, {"source": "https://ithardware.pl/feed", "title": "Chiny buduj\u0105 podwodne centrum danych o mocy 6 milion\u00f3w komputer\u00f3w PC", "description": "<img src=\"https://ithardware.pl/artykuly/min/30417_1.jpg\" />            Podwodne centra danych nie s\u0105 niczym nowym, Microsoft i rozpocz\u0105\u0142 ten trend za spraw\u0105 projektu Natick, w ramach kt&oacute;rego zanurzy\u0142 takowe w g\u0142\u0119binach oceanu ju\u017c w 2014 roku, a teraz Chiny rozpocz\u0119\u0142y budow\u0119 pierwszego na \u015bwiecie...\n            <p>Pe\u0142na wersja strony <a href=\"https://ithardware.pl/aktualnosci/chiny_buduja_podwodne_centrum_danych_o_mocy_6_milionow_komputerow_pc-30417.html\">https://ithardware.pl/aktualnosci/chiny_buduja_podwodne_centrum_danych_o_mocy_6_milionow_komputerow_pc-30417.html</a></p>", "link": "https://ithardware.pl/aktualnosci/chiny_buduja_podwodne_centrum_danych_o_mocy_6_milionow_komputerow_pc-30417.html", "date_published": "2023-11-27T08:02:13+00:00", "permanent": false, "bookmarked": false, "dead": false, "artist": "IT hardware PL", "album": "IT hardware PL", "user": null, "language": "pl-PL", "thumbnail": "https://ithardware.pl/img/ith_icon_144.png", "age": null, "page_rating_contents": 0, "page_rating_votes": 0, "page_rating_visits": 0, "page_rating": 0, "tags": [], "comments": [], "vote": 0}, {"source": "https://ithardware.pl/feed", "title": "Ruszy\u0142 Cyber Monday w x-komie. Ceny sprz\u0119t\u00f3w obni\u017cone do 66%", "description": "<img src=\"https://ithardware.pl/artykuly/min/30408_1.jpg\" />            Jeszcze dobrze nie opad\u0142y emocje po Black Friday, a ju\u017c w x-komie ruszy\u0142a nowa promocja przygotowana z okazji Cyber Monday. Tym razem rabaty si\u0119gaj\u0105 nawet do 66%. Natomiast w sklepie al.to wci\u0105\u017c trwa Black Friday, gdzie rabaty si\u0119gaj\u0105 99%....\n            <p>Pe\u0142na wersja strony <a href=\"https://ithardware.pl/aktualnosci/ruszyl_cyber_monday_w_x_komie_ceny_sprzetow_obnizone_do_66-30408.html\">https://ithardware.pl/aktualnosci/ruszyl_cyber_monday_w_x_komie_ceny_sprzetow_obnizone_do_66-30408.html</a></p>", "link": "https://ithardware.pl/aktualnosci/ruszyl_cyber_monday_w_x_komie_ceny_sprzetow_obnizone_do_66-30408.html", "date_published": "2023-11-27T06:30:01+00:00", "permanent": false, "bookmarked": false, "dead": false, "artist": "IT hardware PL", "album": "IT hardware PL", "user": null, "language": "pl-PL", "thumbnail": "https://ithardware.pl/img/ith_icon_144.png", "age": null, "page_rating_contents": 0, "page_rating_votes": 0, "page_rating_visits": 0, "page_rating": 0, "tags": [], "comments": [], "vote": 0}]