[{"source": "https://wydarzenia.interia.pl/feed", "title": "TOPR poszukuje turysty. Samotnie wyruszy\u0142 w g\u00f3ry", "description": "<p><a href=\"https://wydarzenia.interia.pl/kraj/news-topr-poszukuje-turysty-samotnie-wyruszyl-w-gory,nId,7175309\"><img align=\"left\" alt=\"TOPR poszukuje turysty. Samotnie wyruszy\u0142 w g\u00f3ry\" src=\"https://i.iplsc.com/topr-poszukuje-turysty-samotnie-wyruszyl-w-gory/000I3MS08LD28Y4R-C321.jpg\" /></a>Tatrza\u0144skie Ochotnicze Pogotowie Ratunkowe rozpoczyna akcj\u0119 poszukiwawcz\u0105. Zaginiony turysta wyruszy\u0142 w sobot\u0119 na Czerwone Wierchy. Od tego dnia nie ma z nim kontaktu. W g\u00f3rach obowi\u0105zuje drugi stopie\u0144 zagro\u017cenia lawinowego. Id\u0105c w wy\u017csze partie nale\u017cy odpowiednio si\u0119 przygotowa\u0107.</p><br clear=\"all\" />", "link": "https://wydarzenia.interia.pl/kraj/news-topr-poszukuje-turysty-samotnie-wyruszyl-w-gory,nId,7175309", "date_published": "2023-11-27T22:15:51+00:00", "permanent": false, "bookmarked": false, "dead": false, "artist": "Wydarzenia Interia", "album": "Wydarzenia Interia", "user": null, "language": "pl-PL", "thumbnail": "https://wydarzenia.interia.pl/i/wydarzenia-ico-144x144.png?v=2", "age": null, "page_rating_contents": 0, "page_rating_votes": 0, "page_rating_visits": 0, "page_rating": 0, "tags": [], "comments": [], "vote": 0}, {"source": "https://wydarzenia.interia.pl/feed", "title": "Rosja si\u0119 zbroi. W\u0142adimir Putin zwi\u0119ksza wydatki na wojsko", "description": "<p><a href=\"https://wydarzenia.interia.pl/zagranica/news-rosja-sie-zbroi-wladimir-putin-zwieksza-wydatki-na-wojsko,nId,7175302\"><img align=\"left\" alt=\"Rosja si\u0119 zbroi. W\u0142adimir Putin zwi\u0119ksza wydatki na wojsko\" src=\"https://i.iplsc.com/rosja-sie-zbroi-wladimir-putin-zwieksza-wydatki-na-wojsko/000I3MLDNOGA05O4-C321.jpg\" /></a>W\u0142adimir Putin podpisa\u0142 projekt ustawy bud\u017cetowej na 2024 rok. Zagraniczne media ustali\u0142y, \u017ce w dokumencie znalaz\u0142y si\u0119 zapisy o zwi\u0119kszeniu wydatk\u00f3w na wojsko. Od stycznia prawie co trzeci rubel nale\u017c\u0105cy do pa\u0144stwa b\u0119dzie przekazywany na rzecz armii. </p><br clear=\"all\" />", "link": "https://wydarzenia.interia.pl/zagranica/news-rosja-sie-zbroi-wladimir-putin-zwieksza-wydatki-na-wojsko,nId,7175302", "date_published": "2023-11-27T21:15:37+00:00", "permanent": false, "bookmarked": false, "dead": false, "artist": "Wydarzenia Interia", "album": "Wydarzenia Interia", "user": null, "language": "pl-PL", "thumbnail": "https://wydarzenia.interia.pl/i/wydarzenia-ico-144x144.png?v=2", "age": null, "page_rating_contents": 0, "page_rating_votes": 0, "page_rating_visits": 0, "page_rating": 0, "tags": [], "comments": [], "vote": 0}, {"source": "https://wydarzenia.interia.pl/feed", "title": "Rozejm przed\u0142u\u017cony. Hamas ma uwolni\u0107 kolejnych zak\u0142adnik\u00f3w", "description": "<p><a href=\"https://wydarzenia.interia.pl/raport-wojna-w-izraelu/news-rozejm-przedluzony-hamas-ma-uwolnic-kolejnych-zakladnikow,nId,7175300\"><img align=\"left\" alt=\"Rozejm przed\u0142u\u017cony. Hamas ma uwolni\u0107 kolejnych zak\u0142adnik\u00f3w\" src=\"https://i.iplsc.com/rozejm-przedluzony-hamas-ma-uwolnic-kolejnych-zakladnikow/000I3MJQVHSMOLWS-C321.jpg\" /></a>Zawieszenie broni pomi\u0119dzy Izraelem a Hamasem zosta\u0142o przed\u0142u\u017cone o dwa dni - poda\u0142o Ministerstwo Spraw Zagranicznych Kataru. Jak zastrzegli Izraelczycy, warunkiem utrzymania przerwy w walkach jest uwalnianie przez Hamas kolejnych zak\u0142adnik\u00f3w. </p><br clear=\"all\" />", "link": "https://wydarzenia.interia.pl/raport-wojna-w-izraelu/news-rozejm-przedluzony-hamas-ma-uwolnic-kolejnych-zakladnikow,nId,7175300", "date_published": "2023-11-27T21:02:38+00:00", "permanent": false, "bookmarked": false, "dead": false, "artist": "Wydarzenia Interia", "album": "Wydarzenia Interia", "user": null, "language": "pl-PL", "thumbnail": "https://wydarzenia.interia.pl/i/wydarzenia-ico-144x144.png?v=2", "age": null, "page_rating_contents": 0, "page_rating_votes": 0, "page_rating_visits": 0, "page_rating": 0, "tags": [], "comments": [], "vote": 0}, {"source": "https://wydarzenia.interia.pl/feed", "title": "Starogard: Sensacyjne odkrycie w lesie. Natrafi\u0142 na przedmioty z epoki br\u0105zu", "description": "<p><a href=\"https://wydarzenia.interia.pl/pomorskie/news-starogard-sensacyjne-odkrycie-w-lesie-natrafil-na-przedmioty,nId,7175295\"><img align=\"left\" alt=\"Starogard: Sensacyjne odkrycie w lesie. Natrafi\u0142 na przedmioty z epoki br\u0105zu\" src=\"https://i.iplsc.com/starogard-sensacyjne-odkrycie-w-lesie-natrafil-na-przedmioty/000I3MHOVQ5GTTNU-C321.jpg\" /></a>Na terenie Nadle\u015bnictwa Starogard znaleziono przedmioty pochodz\u0105ce z epoki br\u0105zu. Odkry\u0142 je jeden z pasjonat\u00f3w, kt\u00f3ry wyruszy\u0142 na poszukiwania zaopatrzony w wykrywacz metali. Tak dosz\u0142o do znalezienia przedmiot\u00f3w maj\u0105cych oko\u0142o 3500 lat. W sieci zamieszczono ich zdj\u0119cia.</p><br clear=\"all\" />", "link": "https://wydarzenia.interia.pl/pomorskie/news-starogard-sensacyjne-odkrycie-w-lesie-natrafil-na-przedmioty,nId,7175295", "date_published": "2023-11-27T20:39:29+00:00", "permanent": false, "bookmarked": false, "dead": false, "artist": "Wydarzenia Interia", "album": "Wydarzenia Interia", "user": null, "language": "pl-PL", "thumbnail": "https://wydarzenia.interia.pl/i/wydarzenia-ico-144x144.png?v=2", "age": null, "page_rating_contents": 0, "page_rating_votes": 0, "page_rating_visits": 0, "page_rating": 0, "tags": [], "comments": [], "vote": 0}, {"source": "https://wydarzenia.interia.pl/feed", "title": "Premier Morawiecki: Marsza\u0142ek Ho\u0142ownia zaoferowa\u0142 nam dintojr\u0119", "description": "<p><a href=\"https://wydarzenia.interia.pl/kraj/news-premier-morawiecki-marszalek-holownia-zaoferowal-nam-dintojr,nId,7175275\"><img align=\"left\" alt=\"Premier Morawiecki: Marsza\u0142ek Ho\u0142ownia zaoferowa\u0142 nam dintojr\u0119\" src=\"https://i.iplsc.com/premier-morawiecki-marszalek-holownia-zaoferowal-nam-dintojr/000I3MHYA07X76AU-C321.jpg\" /></a>- Oferujemy zgod\u0119 i bardzo pozytywny program dla wszystkich Polak\u00f3w; co\u015b, co mo\u017ce nas po\u0142\u0105czy\u0107, zamiast tych bardzo ha\u0142a\u015bliwych, pe\u0142nych draki wydarze\u0144, w kt\u00f3re obfituje Sejm - powiedzia\u0142 Mateusz Morawiecki w rozmowie na antenie TVP Info. Nowo zaprzysi\u0119\u017cony premier nie szcz\u0119dzi\u0142 s\u0142\u00f3w krytyki wobec politycznych oponent\u00f3w. Stwierdzi\u0142 m.in., \u017ce marsza\u0142ek Sejmu &quot;w pierwszych dniach marsza\u0142ek zafundowa\u0142 nam&quot; zemst\u0119, dintojr\u0119 i m\u015bciwo\u015b\u0107. - To jest paliwo, na kt\u00f3rym daleko nie pojedziemy - uzna\u0142.</p><br clear=\"all\" />", "link": "https://wydarzenia.interia.pl/kraj/news-premier-morawiecki-marszalek-holownia-zaoferowal-nam-dintojr,nId,7175275", "date_published": "2023-11-27T20:12:46+00:00", "permanent": false, "bookmarked": false, "dead": false, "artist": "Wydarzenia Interia", "album": "Wydarzenia Interia", "user": null, "language": "pl-PL", "thumbnail": "https://wydarzenia.interia.pl/i/wydarzenia-ico-144x144.png?v=2", "age": null, "page_rating_contents": 0, "page_rating_votes": 0, "page_rating_visits": 0, "page_rating": 0, "tags": [], "comments": [], "vote": 0}, {"source": "https://wydarzenia.interia.pl/feed", "title": "Niemcy: Nastoletni bracia szukali bursztynu. Zaskoczy\u0142 ich nag\u0142y przyp\u0142yw", "description": "<p><a href=\"https://wydarzenia.interia.pl/zagranica/news-niemcy-nastoletni-bracia-szukali-bursztynu-zaskoczyl-ich-nag,nId,7175265\"><img align=\"left\" alt=\"Niemcy: Nastoletni bracia szukali bursztynu. Zaskoczy\u0142 ich nag\u0142y przyp\u0142yw\" src=\"https://i.iplsc.com/niemcy-nastoletni-bracia-szukali-bursztynu-zaskoczyl-ich-nag/000I3M8MH7LGFQJF-C321.jpg\" /></a>Trzech braci szuka\u0142o bursztynu wzd\u0142u\u017c nabrze\u017ca w p\u00f3\u0142nocnych Niemczech. Zaj\u0119cie tak poch\u0142on\u0119\u0142o nastolatk\u00f3w, \u017ce nie zauwa\u017cyli wzbieraj\u0105cej wok\u00f3\u0142 wody. Pomoc dotar\u0142a do nich niemal w ostatniej chwili.</p><br clear=\"all\" />", "link": "https://wydarzenia.interia.pl/zagranica/news-niemcy-nastoletni-bracia-szukali-bursztynu-zaskoczyl-ich-nag,nId,7175265", "date_published": "2023-11-27T19:57:19+00:00", "permanent": false, "bookmarked": false, "dead": false, "artist": "Wydarzenia Interia", "album": "Wydarzenia Interia", "user": null, "language": "pl-PL", "thumbnail": "https://wydarzenia.interia.pl/i/wydarzenia-ico-144x144.png?v=2", "age": null, "page_rating_contents": 0, "page_rating_votes": 0, "page_rating_visits": 0, "page_rating": 0, "tags": [], "comments": [], "vote": 0}, {"source": "https://wydarzenia.interia.pl/feed", "title": "J. Sasin o dacie budowy elektrowni j\u0105drowej w Polsce", "description": "<p><a href=\"https://wydarzenia.interia.pl/kraj/news-budowa-elektrowni-jadrowej-w-polsce-jacek-sasin-o-dacie,nId,7175245\"><img align=\"left\" alt=\"J. Sasin o dacie budowy elektrowni j\u0105drowej w Polsce\" src=\"https://i.iplsc.com/j-sasin-o-dacie-budowy-elektrowni-jadrowej-w-polsce/000I3LZGMBPM1BGE-C321.jpg\" /></a>- Etap przygotowawczy mamy za sob\u0105. Polskie i korea\u0144skie firmy s\u0105 w stanie zbudowa\u0107 elektrowni\u0119 atomow\u0105 P\u0105tn\u00f3w-Konin - powiedzia\u0142 w poniedzia\u0142kowym &quot;Go\u015bciu Wydarze\u0144&quot; Jacek Sasin. Wed\u0142ug polityka PiS wbicie pierwszej \u0142opaty w 2028 roku to realny termin.</p><br clear=\"all\" />", "link": "https://wydarzenia.interia.pl/kraj/news-budowa-elektrowni-jadrowej-w-polsce-jacek-sasin-o-dacie,nId,7175245", "date_published": "2023-11-27T18:55:58+00:00", "permanent": false, "bookmarked": false, "dead": false, "artist": "Wydarzenia Interia", "album": "Wydarzenia Interia", "user": null, "language": "pl-PL", "thumbnail": "https://wydarzenia.interia.pl/i/wydarzenia-ico-144x144.png?v=2", "age": null, "page_rating_contents": 0, "page_rating_votes": 0, "page_rating_visits": 0, "page_rating": 0, "tags": [], "comments": [], "vote": 0}, {"source": "https://wydarzenia.interia.pl/feed", "title": "Kartonowy \u0141ukaszenka przed sklepem w Rosji. Wita klient\u00f3w", "description": "<p><a href=\"https://wydarzenia.interia.pl/zagranica/news-kartonowy-lukaszenka-przed-sklepem-w-rosji-wita-klientow,nId,7175062\"><img align=\"left\" alt=\"Kartonowy \u0141ukaszenka przed sklepem w Rosji. Wita klient\u00f3w\" src=\"https://i.iplsc.com/kartonowy-lukaszenka-przed-sklepem-w-rosji-wita-klientow/000I3LK6AFB88GMT-C321.jpg\" /></a>Tu\u017c przed jednym ze sklep\u00f3w w Rosji, w kt\u00f3rym sprzedawane s\u0105 bia\u0142oruskie towary, stan\u0105\u0142 Alaksandr \u0141ukaszenka. Kartonowa podobizna dyktatora Bia\u0142orusi w nieco &quot;podrasowanej&quot; wersji ma zach\u0119ca\u0107 do zakup\u00f3w. Czy skutecznie? Nie wiadomo, jednak sam fakt widoku u\u015bmiechni\u0119tego lidera re\u017cimu z podniesionym do g\u00f3ry kciukiem mo\u017ce przyci\u0105ga\u0107 wzrok ciekawskich.</p><br clear=\"all\" />", "link": "https://wydarzenia.interia.pl/zagranica/news-kartonowy-lukaszenka-przed-sklepem-w-rosji-wita-klientow,nId,7175062", "date_published": "2023-11-27T18:39:30+00:00", "permanent": false, "bookmarked": false, "dead": false, "artist": "Wydarzenia Interia", "album": "Wydarzenia Interia", "user": null, "language": "pl-PL", "thumbnail": "https://wydarzenia.interia.pl/i/wydarzenia-ico-144x144.png?v=2", "age": null, "page_rating_contents": 0, "page_rating_votes": 0, "page_rating_visits": 0, "page_rating": 0, "tags": [], "comments": [], "vote": 0}, {"source": "https://wydarzenia.interia.pl/feed", "title": "Rewolucja w regionalnych strukturach PiS. Decyzja zapad\u0142a", "description": "<p><a href=\"https://wydarzenia.interia.pl/kraj/news-rewolucja-w-regionalnych-strukturach-pis-decyzja-zapadla,nId,7175252\"><img align=\"left\" alt=\"Rewolucja w regionalnych strukturach PiS. Decyzja zapad\u0142a\" src=\"https://i.iplsc.com/rewolucja-w-regionalnych-strukturach-pis-decyzja-zapadla/000GJ1UVJPXL63WE-C321.jpg\" /></a>PiS ma 17 nowych szef\u00f3w okr\u0119g\u00f3w, kt\u00f3re odpowiadaj\u0105 wojew\u00f3dztwom, w tym oddzielnie dla Warszawy. Dotychczas by\u0142o ich 94. Partia chcia\u0142a, aby szefami struktur zostali w du\u017cej mierze politycy m\u0142odszego pokolenia.</p><br clear=\"all\" />", "link": "https://wydarzenia.interia.pl/kraj/news-rewolucja-w-regionalnych-strukturach-pis-decyzja-zapadla,nId,7175252", "date_published": "2023-11-27T18:16:18+00:00", "permanent": false, "bookmarked": false, "dead": false, "artist": "Wydarzenia Interia", "album": "Wydarzenia Interia", "user": null, "language": "pl-PL", "thumbnail": "https://wydarzenia.interia.pl/i/wydarzenia-ico-144x144.png?v=2", "age": null, "page_rating_contents": 0, "page_rating_votes": 0, "page_rating_visits": 0, "page_rating": 0, "tags": [], "comments": [], "vote": 0}, {"source": "https://wydarzenia.interia.pl/feed", "title": "Rz\u0105d Mateusza Morawieckiego zaprzysi\u0119\u017cony. Lawina komentarzy w sieci", "description": "<p><a href=\"https://wydarzenia.interia.pl/kraj/news-rzad-mateusza-morawieckiego-zaprzysiezony-lawina-komentarzy-,nId,7175125\"><img align=\"left\" alt=\"Rz\u0105d Mateusza Morawieckiego zaprzysi\u0119\u017cony. Lawina komentarzy w sieci\" src=\"https://i.iplsc.com/rzad-mateusza-morawieckiego-zaprzysiezony-lawina-komentarzy/000I3LWM0PLTCBJS-C321.jpg\" /></a>Rz\u0105d Mateusza Morawieckiego zosta\u0142 zaprzysi\u0119\u017cony w poniedzia\u0142kowe popo\u0142udnie, a w sieci pojawi\u0142y si\u0119 ju\u017c pierwsze komentarze. &quot;Polacy zag\u0142osowali za zmian\u0105 na lepsze, nie za kiepskim, dwutygodniowym kabaretem&quot; - ocenia W\u0142adys\u0142aw Kosiniak-Kamysz. Z kolei Marcin Przydacz zwr\u00f3ci\u0142 uwag\u0119 na brak marsza\u0142k\u00f3w Sejmu i Senatu podczas uroczysto\u015bci w Pa\u0142acu Prezydenckim.</p><br clear=\"all\" />", "link": "https://wydarzenia.interia.pl/kraj/news-rzad-mateusza-morawieckiego-zaprzysiezony-lawina-komentarzy-,nId,7175125", "date_published": "2023-11-27T18:08:53+00:00", "permanent": false, "bookmarked": false, "dead": false, "artist": "Wydarzenia Interia", "album": "Wydarzenia Interia", "user": null, "language": "pl-PL", "thumbnail": "https://wydarzenia.interia.pl/i/wydarzenia-ico-144x144.png?v=2", "age": null, "page_rating_contents": 0, "page_rating_votes": 0, "page_rating_visits": 0, "page_rating": 0, "tags": [], "comments": [], "vote": 0}, {"source": "https://wydarzenia.interia.pl/feed", "title": "Kandyduje na Rzecznika Praw Dziecka. Zielone \u015bwiat\u0142o od komisji w Sejmie", "description": "<p><a href=\"https://wydarzenia.interia.pl/kraj/news-kandyduje-na-rzecznika-praw-dziecka-zielone-swiatlo-od-komis,nId,7174978\"><img align=\"left\" alt=\"Kandyduje na Rzecznika Praw Dziecka. Zielone \u015bwiat\u0142o od komisji w Sejmie\" src=\"https://i.iplsc.com/kandyduje-na-rzecznika-praw-dziecka-zielone-swiatlo-od-komis/000I3LWCT1LXVMHM-C321.jpg\" /></a>Monika Horna-Cie\u015blak, kandydatka na urz\u0105d Rzecznika Praw Dziecka, uzyska\u0142a pozytywn\u0105 opini\u0119 na po\u0142\u0105czonym posiedzeniu sejmowych komisji: Edukacji, Nauki i M\u0142odzie\u017cy oraz Sprawiedliwo\u015bci i Praw Cz\u0142owieka. Jej kandydatura zosta\u0142a zg\u0142oszona przez Koalicj\u0119 Obywatelsk\u0105, Trzeci\u0105 Drog\u0105 i Lewic\u0119. </p><br clear=\"all\" />", "link": "https://wydarzenia.interia.pl/kraj/news-kandyduje-na-rzecznika-praw-dziecka-zielone-swiatlo-od-komis,nId,7174978", "date_published": "2023-11-27T17:47:47+00:00", "permanent": false, "bookmarked": false, "dead": false, "artist": "Wydarzenia Interia", "album": "Wydarzenia Interia", "user": null, "language": "pl-PL", "thumbnail": "https://wydarzenia.interia.pl/i/wydarzenia-ico-144x144.png?v=2", "age": null, "page_rating_contents": 0, "page_rating_votes": 0, "page_rating_visits": 0, "page_rating": 0, "tags": [], "comments": [], "vote": 0}, {"source": "https://wydarzenia.interia.pl/feed", "title": "Handel, budownictwo, szpitale - fala bankructw w Niemczech", "description": "<p><a href=\"https://wydarzenia.interia.pl/zagranica/news-handel-budownictwo-szpitale-fala-bankructw-w-niemczech,nId,7175145\"><img align=\"left\" alt=\"Handel, budownictwo, szpitale - fala bankructw w Niemczech\" src=\"https://i.iplsc.com/handel-budownictwo-szpitale-fala-bankructw-w-niemczech/000I3LUZCRTSLMDY-C321.jpg\" /></a>S\u0142aba koniunktura gospodarcza odciska swoje pi\u0119tno na firmach. Coraz wi\u0119cej du\u017cych przedsi\u0119biorstw bankrutuje, tak\u017ce w sektorze zdrowia. Do wrze\u015bnia 2023 roku stan upad\u0142o\u015bci og\u0142osi\u0142o \u0142\u0105cznie dwana\u015bcie du\u017cych przedsi\u0119biorstw tekstylnych i detalicznych bran\u017cy modowej, a tak\u017ce sze\u015b\u0107 szpitali \u2013 wynika z badania ubezpieczyciela Alianze Trade.</p><br clear=\"all\" />", "link": "https://wydarzenia.interia.pl/zagranica/news-handel-budownictwo-szpitale-fala-bankructw-w-niemczech,nId,7175145", "date_published": "2023-11-27T17:38:26+00:00", "permanent": false, "bookmarked": false, "dead": false, "artist": "Wydarzenia Interia", "album": "Wydarzenia Interia", "user": null, "language": "pl-PL", "thumbnail": "https://wydarzenia.interia.pl/i/wydarzenia-ico-144x144.png?v=2", "age": null, "page_rating_contents": 0, "page_rating_votes": 0, "page_rating_visits": 0, "page_rating": 0, "tags": [], "comments": [], "vote": 0}, {"source": "https://wydarzenia.interia.pl/feed", "title": "Zakaz handlu w niedziele. Sejmowa komisja za zmianami w prawie", "description": "<p><a href=\"https://wydarzenia.interia.pl/kraj/news-zakaz-handlu-w-niedziele-sejmowa-komisja-za-zmianami-w-prawi,nId,7175236\"><img align=\"left\" alt=\"Zakaz handlu w niedziele. Sejmowa komisja za zmianami w prawie\" src=\"https://i.iplsc.com/zakaz-handlu-w-niedziele-sejmowa-komisja-za-zmianami-w-prawi/000FZ899M2IC99HN-C321.jpg\" /></a>Sejmowa komisja gospodarki przyj\u0119\u0142a projekt Polski 2050 dotycz\u0105cy zmian w zakazie handlu w niedziele. Jak przekaza\u0142 Arkadiusz P\u0105czka, wiceszef Federacji Przedsi\u0119biorc\u00f3w Polskich, pomys\u0142 zmian w prawie zak\u0142ada, \u017ce w tegorocznym grudniu by\u0142yby dwie niedziele handlowe, a w wigili\u0119 - wypadaj\u0105c\u0105 r\u00f3wnie\u017c w niedziel\u0119 - sklepy by\u0142yby zamkni\u0119te.</p><br clear=\"all\" />", "link": "https://wydarzenia.interia.pl/kraj/news-zakaz-handlu-w-niedziele-sejmowa-komisja-za-zmianami-w-prawi,nId,7175236", "date_published": "2023-11-27T17:24:19+00:00", "permanent": false, "bookmarked": false, "dead": false, "artist": "Wydarzenia Interia", "album": "Wydarzenia Interia", "user": null, "language": "pl-PL", "thumbnail": "https://wydarzenia.interia.pl/i/wydarzenia-ico-144x144.png?v=2", "age": null, "page_rating_contents": 0, "page_rating_votes": 0, "page_rating_visits": 0, "page_rating": 0, "tags": [], "comments": [], "vote": 0}, {"source": "https://wydarzenia.interia.pl/feed", "title": "Nowy wirus w Europie. Brytyjczycy wykryli infekcj\u0119 u m\u0119\u017cczyzny", "description": "<p><a href=\"https://wydarzenia.interia.pl/zagranica/news-nowy-wirus-w-europie-brytyjczycy-wykryli-infekcje-u-mezczyzn,nId,7175073\"><img align=\"left\" alt=\"Nowy wirus w Europie. Brytyjczycy wykryli infekcj\u0119 u m\u0119\u017cczyzny\" src=\"https://i.iplsc.com/nowy-wirus-w-europie-brytyjczycy-wykryli-infekcje-u-mezczyzn/000I3LK2OYQSUWY4-C321.jpg\" /></a>Brytyjska Agencja ds. Bezpiecze\u0144stwa Zdrowia poinformowa\u0142a o wykryciu przypadku zaka\u017cenia cz\u0142owieka wirusem A(H1N2)v. Jest to szczep grypy podobny do wirus\u00f3w rozprzestrzeniaj\u0105cych si\u0119 u \u015bwi\u0144. Infekcja, kt\u00f3r\u0105 wykryto w Wielkiej Brytanii, jest pierwszym takim zdarzeniem w tym kraju. Na razie nie poinformowano, czy zaka\u017cony mia\u0142 kontakt ze zwierz\u0119tami.</p><br clear=\"all\" />", "link": "https://wydarzenia.interia.pl/zagranica/news-nowy-wirus-w-europie-brytyjczycy-wykryli-infekcje-u-mezczyzn,nId,7175073", "date_published": "2023-11-27T17:00:20+00:00", "permanent": false, "bookmarked": false, "dead": false, "artist": "Wydarzenia Interia", "album": "Wydarzenia Interia", "user": null, "language": "pl-PL", "thumbnail": "https://wydarzenia.interia.pl/i/wydarzenia-ico-144x144.png?v=2", "age": null, "page_rating_contents": 0, "page_rating_votes": 0, "page_rating_visits": 0, "page_rating": 0, "tags": [], "comments": [], "vote": 0}, {"source": "https://wydarzenia.interia.pl/feed", "title": "Prezydent Andrzej Duda: Budowa elektrowni atomowej ma wymiar historyczny", "description": "<p><a href=\"https://wydarzenia.interia.pl/kraj/news-prezydent-andrzej-duda-budowa-elektrowni-atomowej-ma-wymiar-,nId,7175070\"><img align=\"left\" alt=\"Prezydent Andrzej Duda: Budowa elektrowni atomowej ma wymiar historyczny\" src=\"https://i.iplsc.com/prezydent-andrzej-duda-budowa-elektrowni-atomowej-ma-wymiar/000I3LBVG6GQDM3J-C321.jpg\" /></a>- Rozpoczyna si\u0119 w Polsce nowa era energetyczna, era atomowa (...). Budowa elektrowni atomowej ma wymiar historyczny - powiedzia\u0142 prezydent podczas zaprzysi\u0119\u017cenia nowego rz\u0105du Mateusza Morawieckiego. Andrzej Duda wskazywa\u0142 na wyzwania, przed jakimi stoi nowa Rada Ministr\u00f3w.</p><br clear=\"all\" />", "link": "https://wydarzenia.interia.pl/kraj/news-prezydent-andrzej-duda-budowa-elektrowni-atomowej-ma-wymiar-,nId,7175070", "date_published": "2023-11-27T16:25:17+00:00", "permanent": false, "bookmarked": false, "dead": false, "artist": "Wydarzenia Interia", "album": "Wydarzenia Interia", "user": null, "language": "pl-PL", "thumbnail": "https://wydarzenia.interia.pl/i/wydarzenia-ico-144x144.png?v=2", "age": null, "page_rating_contents": 0, "page_rating_votes": 0, "page_rating_visits": 0, "page_rating": 0, "tags": [], "comments": [], "vote": 0}, {"source": "https://wydarzenia.interia.pl/feed", "title": "Pa\u0142ac Prezydencki. Zaprzysi\u0119\u017cenie rz\u0105du premiera Mateusza Morawieckiego", "description": "<p><a href=\"https://wydarzenia.interia.pl/kraj/news-nowy-rzad-mateusza-morawieckiego-zaprzysiezenie-u-prezydenta,nId,7175038\"><img align=\"left\" alt=\" Pa\u0142ac Prezydencki. Zaprzysi\u0119\u017cenie rz\u0105du premiera Mateusza Morawieckiego\" src=\"https://i.iplsc.com/palac-prezydencki-zaprzysiezenie-rzadu-premiera-mateusza-mor/000I3L6FOJNOIHUV-C321.jpg\" /></a>Prezydent RP Andrzej Duda zaprzysi\u0105g\u0142 gabinet Mateusza Morawieckiego, kt\u00f3rego wcze\u015bniej desygnowa\u0142 na stanowisko szefa rz\u0105du. Od tej chwili premier ma dwa tygodnie, by uzyska\u0107 wotum zaufania od Sejmu, gdzie wi\u0119kszo\u015b\u0107 ma obecna opozycja. Kilka dni temu Morawiecki zapowiedzia\u0142, \u017ce porozmawia o terminie swojego expose z marsza\u0142kiem izby ni\u017cszej Szymonem Ho\u0142owni\u0105.</p><br clear=\"all\" />", "link": "https://wydarzenia.interia.pl/kraj/news-nowy-rzad-mateusza-morawieckiego-zaprzysiezenie-u-prezydenta,nId,7175038", "date_published": "2023-11-27T15:34:06+00:00", "permanent": false, "bookmarked": false, "dead": false, "artist": "Wydarzenia Interia", "album": "Wydarzenia Interia", "user": null, "language": "pl-PL", "thumbnail": "https://wydarzenia.interia.pl/i/wydarzenia-ico-144x144.png?v=2", "age": null, "page_rating_contents": 0, "page_rating_votes": 0, "page_rating_visits": 0, "page_rating": 0, "tags": [], "comments": [], "vote": 0}, {"source": "https://wydarzenia.interia.pl/feed", "title": "Jeden b\u0142\u0105d i mo\u017cna straci\u0107 emerytur\u0119. Od grudnia nowe limity", "description": "<p><a href=\"https://wydarzenia.interia.pl/kraj/news-jeden-blad-i-mozna-stracic-emeryture-od-grudnia-nowe-limity,nId,7174522\"><img align=\"left\" alt=\"Jeden b\u0142\u0105d i mo\u017cna straci\u0107 emerytur\u0119. Od grudnia nowe limity\" src=\"https://i.iplsc.com/jeden-blad-i-mozna-stracic-emeryture-od-grudnia-nowe-limity/000GN3QLDJMKWXXY-C321.jpg\" /></a>Od 1 grudnia 2023 roku obowi\u0105zywa\u0107 b\u0119d\u0105 nowe limity dorabiania do emerytury i renty. Zbyt wysokie zarobki mog\u0105 doprowadzi\u0107 do zmniejszenia lub zawieszenia wyp\u0142at z ZUS. Ile b\u0119dzie mo\u017cna dorobi\u0107 do emerytury i renty od grudnia 2023 roku?</p><br clear=\"all\" />", "link": "https://wydarzenia.interia.pl/kraj/news-jeden-blad-i-mozna-stracic-emeryture-od-grudnia-nowe-limity,nId,7174522", "date_published": "2023-11-27T15:28:06+00:00", "permanent": false, "bookmarked": false, "dead": false, "artist": "Wydarzenia Interia", "album": "Wydarzenia Interia", "user": null, "language": "pl-PL", "thumbnail": "https://wydarzenia.interia.pl/i/wydarzenia-ico-144x144.png?v=2", "age": null, "page_rating_contents": 0, "page_rating_votes": 0, "page_rating_visits": 0, "page_rating": 0, "tags": [], "comments": [], "vote": 0}, {"source": "https://wydarzenia.interia.pl/feed", "title": "Plan posiedzenia Sejmu budzi emocje. Na li\u015bcie \"lex Tusk\", in vitro i komisje \u015bledcze", "description": "<p><a href=\"https://wydarzenia.interia.pl/kraj/news-plan-posiedzenia-sejmu-budzi-emocje-na-liscie-lex-tusk-in-vi,nId,7175004\"><img align=\"left\" alt=\"Plan posiedzenia Sejmu budzi emocje. Na li\u015bcie &quot;lex Tusk&quot;, in vitro i komisje \u015bledcze \" src=\"https://i.iplsc.com/plan-posiedzenia-sejmu-budzi-emocje-na-liscie-lex-tusk-in-vi/000I3K7PA1DRRLMC-C321.jpg\" /></a>&quot;Lex Tusk&quot;, in vitro, wyb\u00f3r Rzecznika Praw Dziecka - to tylko cze\u015b\u0107 punkt\u00f3w rozpoczynaj\u0105cego si\u0119 we wtorek posiedzenia Sejmu. Pos\u0142owie zajm\u0105 si\u0119 te\u017c spraw\u0105 powo\u0142ania trzech komisji \u015bledczych. Wed\u0142ug harmonogramu b\u0119d\u0105 debatowa\u0107 nad nimi dziewi\u0119\u0107 godzin.</p><br clear=\"all\" />", "link": "https://wydarzenia.interia.pl/kraj/news-plan-posiedzenia-sejmu-budzi-emocje-na-liscie-lex-tusk-in-vi,nId,7175004", "date_published": "2023-11-27T15:15:13+00:00", "permanent": false, "bookmarked": false, "dead": false, "artist": "Wydarzenia Interia", "album": "Wydarzenia Interia", "user": null, "language": "pl-PL", "thumbnail": "https://wydarzenia.interia.pl/i/wydarzenia-ico-144x144.png?v=2", "age": null, "page_rating_contents": 0, "page_rating_votes": 0, "page_rating_visits": 0, "page_rating": 0, "tags": [], "comments": [], "vote": 0}, {"source": "https://wydarzenia.interia.pl/feed", "title": "Sensacyjne narodziny. To zwierz\u0119 jest na wag\u0119 z\u0142ota", "description": "<p><a href=\"https://wydarzenia.interia.pl/ciekawostki/news-sensacyjne-narodziny-to-zwierze-jest-na-wage-zlota,nId,7175015\"><img align=\"left\" alt=\"Sensacyjne narodziny. To zwierz\u0119 jest na wag\u0119 z\u0142ota\" src=\"https://i.iplsc.com/sensacyjne-narodziny-to-zwierze-jest-na-wage-zlota/000I3KYUFU0HFN15-C321.jpg\" /></a>To jedno z najrzadszych zwierz\u0105t na \u015bwiecie: na wolno\u015bci \u017cyje ich zaledwie kilkaset. Tym wi\u0119ksz\u0105 sensacj\u0105 jest fakt, \u017ce nosoro\u017ccom czarnym uda\u0142o si\u0119 rozmno\u017cy\u0107 w jednym z ogrod\u00f3w zoologicznych w Wielkiej Brytanii. W dodatku narodziny mia\u0142y miejsce w \u015brodku dnia, czego nie spodziewali si\u0119 nawet specjali\u015bci.</p><br clear=\"all\" />", "link": "https://wydarzenia.interia.pl/ciekawostki/news-sensacyjne-narodziny-to-zwierze-jest-na-wage-zlota,nId,7175015", "date_published": "2023-11-27T14:55:51+00:00", "permanent": false, "bookmarked": false, "dead": false, "artist": "Wydarzenia Interia", "album": "Wydarzenia Interia", "user": null, "language": "pl-PL", "thumbnail": "https://wydarzenia.interia.pl/i/wydarzenia-ico-144x144.png?v=2", "age": null, "page_rating_contents": 0, "page_rating_votes": 0, "page_rating_visits": 0, "page_rating": 0, "tags": [], "comments": [], "vote": 0}, {"source": "https://wydarzenia.interia.pl/feed", "title": "Nowy rz\u0105d Mateusza Morawieckiego. Wszystko ju\u017c jasne", "description": "<p><a href=\"https://wydarzenia.interia.pl/kraj/news-nowy-rzad-mateusza-morawieckiego-wszystko-juz-jasne,nId,7175009\"><img align=\"left\" alt=\"Nowy rz\u0105d Mateusza Morawieckiego. Wszystko ju\u017c jasne\" src=\"https://i.iplsc.com/nowy-rzad-mateusza-morawieckiego-wszystko-juz-jasne/000I3L0XFNYTC83S-C321.jpg\" /></a>Marlena Mal\u0105g, Mariusz B\u0142aszczak, Pawe\u0142 Szefernaker, Dominika Chorosi\u0144ska i Alvin Gajadhur - mi\u0119dzy innymi te osoby znajd\u0105 si\u0119 w rz\u0105dzie tworzonym przez Mateusza Morawieckiego. W poniedzia\u0142ek premier skierowa\u0142 do prezydenta Andrzeja Dudy wniosek o powo\u0142anie nowej Rady Ministr\u00f3w, w kt\u00f3rej ponad po\u0142ow\u0119 b\u0119d\u0105 stanowi\u0142y kobiety. Tym samym potwierdzi\u0142y si\u0119 ustalenia Interii ws. obsady ministerialnych stanowisk.</p><br clear=\"all\" />", "link": "https://wydarzenia.interia.pl/kraj/news-nowy-rzad-mateusza-morawieckiego-wszystko-juz-jasne,nId,7175009", "date_published": "2023-11-27T14:49:13+00:00", "permanent": false, "bookmarked": false, "dead": false, "artist": "Wydarzenia Interia", "album": "Wydarzenia Interia", "user": null, "language": "pl-PL", "thumbnail": "https://wydarzenia.interia.pl/i/wydarzenia-ico-144x144.png?v=2", "age": null, "page_rating_contents": 0, "page_rating_votes": 0, "page_rating_visits": 0, "page_rating": 0, "tags": [], "comments": [], "vote": 0}, {"source": "https://wydarzenia.interia.pl/feed", "title": "Zawieszenie wojny w Ukrainie? Eksperci: Putin nie zgodzi si\u0119 na pok\u00f3j", "description": "<p><a href=\"https://wydarzenia.interia.pl/raport-ukraina-rosja/news-zawieszenie-wojny-w-ukrainie-eksperci-putin-nie-zgodzi-sie-n,nId,7174935\"><img align=\"left\" alt=\"Zawieszenie wojny w Ukrainie? Eksperci: Putin nie zgodzi si\u0119 na pok\u00f3j\" src=\"https://i.iplsc.com/zawieszenie-wojny-w-ukrainie-eksperci-putin-nie-zgodzi-sie-n/000I3J0SYPLXVLD3-C321.jpg\" /></a>W zwi\u0105zku z niepowodzeniem kontrofensywy Si\u0142 Zbrojnych Ukrainy i nasileniem dzia\u0142a\u0144 ofensywnych Rosjan coraz g\u0142o\u015bniejsze staj\u0105 si\u0119 wypowiedzi nawo\u0142uj\u0105ce do zmuszenia w\u0142adz w Kijowie do negocjacji z Kremlem. Zdaniem ekspert\u00f3w z &quot;Foreign Policy&quot; mo\u017ce to by\u0107 jednak znacznie trudniejsze do realizacji, ni\u017c wydaje si\u0119 politykom.</p><br clear=\"all\" />", "link": "https://wydarzenia.interia.pl/raport-ukraina-rosja/news-zawieszenie-wojny-w-ukrainie-eksperci-putin-nie-zgodzi-sie-n,nId,7174935", "date_published": "2023-11-27T14:31:49+00:00", "permanent": false, "bookmarked": false, "dead": false, "artist": "Wydarzenia Interia", "album": "Wydarzenia Interia", "user": null, "language": "pl-PL", "thumbnail": "https://wydarzenia.interia.pl/i/wydarzenia-ico-144x144.png?v=2", "age": null, "page_rating_contents": 0, "page_rating_votes": 0, "page_rating_visits": 0, "page_rating": 0, "tags": [], "comments": [], "vote": 0}, {"source": "https://wydarzenia.interia.pl/feed", "title": "Wprowadzili restrykcje jako pierwsi na \u015bwiecie. Nagle rezygnuj\u0105 z historycznej decyzji", "description": "<p><a href=\"https://wydarzenia.interia.pl/zagranica/news-wprowadzili-restrykcje-jako-pierwsi-na-swiecie-nagle-rezygnu,nId,7174928\"><img align=\"left\" alt=\"Wprowadzili restrykcje jako pierwsi na \u015bwiecie. Nagle rezygnuj\u0105 z historycznej decyzji \" src=\"https://i.iplsc.com/wprowadzili-restrykcje-jako-pierwsi-na-swiecie-nagle-rezygnu/000I3J32EF0NBL4R-C321.jpg\" /></a>Nowa Zelandia zrezygnuje z wprowadzenia zakazu sprzeda\u017cy papieros\u00f3w dla m\u0142odych os\u00f3b - og\u0142osi\u0142a nowa minister finans\u00f3w Nicola Willis. Rz\u0105d szuka \u015brodk\u00f3w, kt\u00f3re maj\u0105 pozwoli\u0107 na zmian\u0119 polityki podatkowej. Decyzja spotka\u0142a si\u0119 z krytyk\u0105 ekspert\u00f3w ds. zdrowia.</p><br clear=\"all\" />", "link": "https://wydarzenia.interia.pl/zagranica/news-wprowadzili-restrykcje-jako-pierwsi-na-swiecie-nagle-rezygnu,nId,7174928", "date_published": "2023-11-27T13:55:49+00:00", "permanent": false, "bookmarked": false, "dead": false, "artist": "Wydarzenia Interia", "album": "Wydarzenia Interia", "user": null, "language": "pl-PL", "thumbnail": "https://wydarzenia.interia.pl/i/wydarzenia-ico-144x144.png?v=2", "age": null, "page_rating_contents": 0, "page_rating_votes": 0, "page_rating_visits": 0, "page_rating": 0, "tags": [], "comments": [], "vote": 0}, {"source": "https://wydarzenia.interia.pl/feed", "title": "B\u0119dzie wniosek o ponad trzy miliardy z\u0142otych dla medi\u00f3w publicznych", "description": "<p><a href=\"https://wydarzenia.interia.pl/kraj/news-bedzie-wniosek-o-ponad-trzy-miliardy-zlotych-dla-mediow-publ,nId,7174919\"><img align=\"left\" alt=\"B\u0119dzie wniosek o ponad trzy miliardy z\u0142otych dla medi\u00f3w publicznych\" src=\"https://i.iplsc.com/bedzie-wniosek-o-ponad-trzy-miliardy-zlotych-dla-mediow-publ/000I3JU4AISI448Q-C321.jpg\" /></a>Szef Rady Medi\u00f3w Narodowych Krzysztof Czaba\u0144ski chce wyst\u0105pi\u0107 do nowo powo\u0142anego rz\u0105du Mateusza Morawieckiego z wnioskiem o zwi\u0119kszenie rekompensaty dla medi\u00f3w publicznych - dowiedzia\u0142a si\u0119 Interia. Z oblicze\u0144 Rady wynika, \u017ce aby media publiczne mog\u0142y wype\u0142nia\u0107 swoj\u0105 misj\u0119, kwota dotacji z bud\u017cetu powinna wynie\u015b\u0107 ponad trzy miliardy z\u0142otych. Wi\u0119kszo\u015b\u0107 mia\u0142aby trafi\u0107 do TVP.</p><br clear=\"all\" />", "link": "https://wydarzenia.interia.pl/kraj/news-bedzie-wniosek-o-ponad-trzy-miliardy-zlotych-dla-mediow-publ,nId,7174919", "date_published": "2023-11-27T13:49:28+00:00", "permanent": false, "bookmarked": false, "dead": false, "artist": "Wydarzenia Interia", "album": "Wydarzenia Interia", "user": null, "language": "pl-PL", "thumbnail": "https://wydarzenia.interia.pl/i/wydarzenia-ico-144x144.png?v=2", "age": null, "page_rating_contents": 0, "page_rating_votes": 0, "page_rating_visits": 0, "page_rating": 0, "tags": [], "comments": [], "vote": 0}, {"source": "https://wydarzenia.interia.pl/feed", "title": "Zbigniew Ziobro poza rz\u0105dem. Wiemy, kto go zast\u0105pi", "description": "<p><a href=\"https://wydarzenia.interia.pl/kraj/news-zbigniew-ziobro-poza-rzadem-wiemy-kto-go-zastapi,nId,7174931\"><img align=\"left\" alt=\"Zbigniew Ziobro poza rz\u0105dem. Wiemy, kto go zast\u0105pi\" src=\"https://i.iplsc.com/zbigniew-ziobro-poza-rzadem-wiemy-kto-go-zastapi/000I3IQF8LE5KD7X-C321.jpg\" /></a>W nowym rz\u0105dzie Mateusza Morawieckiego dominowa\u0107 b\u0119d\u0105 debiutanci. Znanych polityk\u00f3w w niekt\u00f3rych resortach zast\u0105pi\u0105 mniejsi dotychczas gracze na scenie politycznej. W nowym gabinecie PiS zabraknie Zbigniewa Ziobry. Zast\u0105pi go kolega z partii Marcin Warcho\u0142.</p><br clear=\"all\" />", "link": "https://wydarzenia.interia.pl/kraj/news-zbigniew-ziobro-poza-rzadem-wiemy-kto-go-zastapi,nId,7174931", "date_published": "2023-11-27T13:35:08+00:00", "permanent": false, "bookmarked": false, "dead": false, "artist": "Wydarzenia Interia", "album": "Wydarzenia Interia", "user": null, "language": "pl-PL", "thumbnail": "https://wydarzenia.interia.pl/i/wydarzenia-ico-144x144.png?v=2", "age": null, "page_rating_contents": 0, "page_rating_votes": 0, "page_rating_visits": 0, "page_rating": 0, "tags": [], "comments": [], "vote": 0}, {"source": "https://wydarzenia.interia.pl/feed", "title": "Rada Medi\u00f3w Narodowych zdecydowa\u0142a. Zmiany w TVP, Polskim Radiu i PAP", "description": "<p><a href=\"https://wydarzenia.interia.pl/kraj/news-rada-mediow-narodowych-zdecydowala-zmiany-w-tvp-polskim-radi,nId,7174909\"><img align=\"left\" alt=\"Rada Medi\u00f3w Narodowych zdecydowa\u0142a. Zmiany w TVP, Polskim Radiu i PAP\" src=\"https://i.iplsc.com/rada-mediow-narodowych-zdecydowala-zmiany-w-tvp-polskim-radi/000HWVZ64A1DQKQX-C321.jpg\" /></a>Jest zgoda Rady Medi\u00f3w Narodowych na dokonanie zmian w statutach Telewizji Polskiej, Polskiego Radia oraz Polskiej Agencji Prasowej. Zmiany przewiduj\u0105, \u017ce &quot;w razie otwarcia likwidacji&quot; TVP, PR i PAP &quot;likwidatorami s\u0105 wszyscy cz\u0142onkowie Zarz\u0105du oraz kierownik kom\u00f3rki organizacyjnej Sp\u00f3\u0142ki zajmuj\u0105cej si\u0119 obs\u0142ug\u0105 prawn\u0105&quot;. To ruch wyprzedzaj\u0105cy, poniewa\u017c nieoficjalnie wiadomo, \u017ce postawienie pa\u0144stwowych sp\u00f3\u0142ek medialnych w stan likwidacji to jeden ze scenariuszy zmian w tych instytucjach.</p><br clear=\"all\" />", "link": "https://wydarzenia.interia.pl/kraj/news-rada-mediow-narodowych-zdecydowala-zmiany-w-tvp-polskim-radi,nId,7174909", "date_published": "2023-11-27T13:14:17+00:00", "permanent": false, "bookmarked": false, "dead": false, "artist": "Wydarzenia Interia", "album": "Wydarzenia Interia", "user": null, "language": "pl-PL", "thumbnail": "https://wydarzenia.interia.pl/i/wydarzenia-ico-144x144.png?v=2", "age": null, "page_rating_contents": 0, "page_rating_votes": 0, "page_rating_visits": 0, "page_rating": 0, "tags": [], "comments": [], "vote": 0}, {"source": "https://wydarzenia.interia.pl/feed", "title": "Opozycja nie musi czeka\u0107 do 14 grudnia na powo\u0142ania premiera. Nowy pomys\u0142", "description": "<p><a href=\"https://wydarzenia.interia.pl/kraj/news-opozycja-nie-musi-czekac-do-14-grudnia-na-powolania-premiera,nId,7174468\"><img align=\"left\" alt=\"Opozycja nie musi czeka\u0107 do 14 grudnia na powo\u0142ania premiera. Nowy pomys\u0142\" src=\"https://i.iplsc.com/opozycja-nie-musi-czekac-do-14-grudnia-na-powolania-premiera/000I3FJNUQ9099K5-C321.jpg\" /></a>Dzisiejsze zaprzysi\u0119\u017cenie rz\u0105du oznacza, \u017ce Mateusz Morawiecki b\u0119dzie mia\u0142 14 dni na zdobycie wotum zaufania w Sejmie. Je\u015bli go nie uzyska, rozpocznie si\u0119 tzw. drugi krok, w kt\u00f3rym to ni\u017csza izba wybierze premiera, zapewne Donalda Tuska. Wed\u0142ug przewidywa\u0144 nast\u0105pi to 13 lub 14 grudnia, a wi\u0119c w dniu szczytu Rady Europejskiej. Pojawi\u0142 si\u0119 pomys\u0142, jak przyspieszy\u0107 t\u0119 procedur\u0119.</p><br clear=\"all\" />", "link": "https://wydarzenia.interia.pl/kraj/news-opozycja-nie-musi-czekac-do-14-grudnia-na-powolania-premiera,nId,7174468", "date_published": "2023-11-27T13:09:14+00:00", "permanent": false, "bookmarked": false, "dead": false, "artist": "Wydarzenia Interia", "album": "Wydarzenia Interia", "user": null, "language": "pl-PL", "thumbnail": "https://wydarzenia.interia.pl/i/wydarzenia-ico-144x144.png?v=2", "age": null, "page_rating_contents": 0, "page_rating_votes": 0, "page_rating_visits": 0, "page_rating": 0, "tags": [], "comments": [], "vote": 0}, {"source": "https://wydarzenia.interia.pl/feed", "title": "Tajlandia: Tragedia na weselu. Pan m\u0142ody zastrzeli\u0142 \u017con\u0119 i go\u015bci", "description": "<p><a href=\"https://wydarzenia.interia.pl/zagranica/news-tajlandia-tragedia-na-weselu-pan-mlody-zastrzelil-zone-i-gos,nId,7174886\"><img align=\"left\" alt=\"Tajlandia: Tragedia na weselu. Pan m\u0142ody zastrzeli\u0142 \u017con\u0119 i go\u015bci\" src=\"https://i.iplsc.com/tajlandia-tragedia-na-weselu-pan-mlody-zastrzelil-zone-i-gos/000I3IBY7ML3LUFL-C321.jpg\" /></a>By\u0142y \u017co\u0142nierz piechoty morskiej zastrzeli\u0142 swoj\u0105 nowo po\u015blubion\u0105 \u017con\u0119 i trzy inne osoby, po czym pope\u0142ni\u0142 samob\u00f3jstwo w czasie wesela w tajlandzkim regionie Isan. Do \u015bmiertelnego zaj\u015bcia dosz\u0142o w chwili, w kt\u00f3rej w Tajlandii toczy si\u0119 debata nad ograniczeniem obywatelom dost\u0119pu do broni.</p><br clear=\"all\" />", "link": "https://wydarzenia.interia.pl/zagranica/news-tajlandia-tragedia-na-weselu-pan-mlody-zastrzelil-zone-i-gos,nId,7174886", "date_published": "2023-11-27T13:06:20+00:00", "permanent": false, "bookmarked": false, "dead": false, "artist": "Wydarzenia Interia", "album": "Wydarzenia Interia", "user": null, "language": "pl-PL", "thumbnail": "https://wydarzenia.interia.pl/i/wydarzenia-ico-144x144.png?v=2", "age": null, "page_rating_contents": 0, "page_rating_votes": 0, "page_rating_visits": 0, "page_rating": 0, "tags": [], "comments": [], "vote": 0}, {"source": "https://wydarzenia.interia.pl/feed", "title": "Komunikat Watykanu ws. stanu zdrowia papie\u017ca. \"Ogranicza swoj\u0105 aktywno\u015b\u0107\"", "description": "<p><a href=\"https://wydarzenia.interia.pl/zagranica/news-komunikat-watykanu-ws-stanu-zdrowia-papieza-ogranicza-swoja-,nId,7174855\"><img align=\"left\" alt=\"Komunikat Watykanu ws. stanu zdrowia papie\u017ca. &quot;Ogranicza swoj\u0105 aktywno\u015b\u0107&quot;\" src=\"https://i.iplsc.com/komunikat-watykanu-ws-stanu-zdrowia-papieza-ogranicza-swoja/000I3HVH2LR49Y2D-C321.jpg\" /></a>- Aby u\u0142atwi\u0107 papie\u017cowi powr\u00f3t do zdrowia, niekt\u00f3re wa\u017cne zobowi\u0105zania zaplanowane na te dni zosta\u0142y prze\u0142o\u017cone - poinformowa\u0142 watyka\u0144ski rzecznik Matteo Bruni. G\u0142owa Ko\u015bcio\u0142a katolickiego od kilku dni choruje i przyjmuje do\u017cylnie antybiotyki. Jak jednak zapewnia Watykan, stan papie\u017ca jest stabilny, a jego dalsze zobowi\u0105zania nie zosta\u0142y odwo\u0142ane.</p><br clear=\"all\" />", "link": "https://wydarzenia.interia.pl/zagranica/news-komunikat-watykanu-ws-stanu-zdrowia-papieza-ogranicza-swoja-,nId,7174855", "date_published": "2023-11-27T12:50:57+00:00", "permanent": false, "bookmarked": false, "dead": false, "artist": "Wydarzenia Interia", "album": "Wydarzenia Interia", "user": null, "language": "pl-PL", "thumbnail": "https://wydarzenia.interia.pl/i/wydarzenia-ico-144x144.png?v=2", "age": null, "page_rating_contents": 0, "page_rating_votes": 0, "page_rating_visits": 0, "page_rating": 0, "tags": [], "comments": [], "vote": 0}, {"source": "https://wydarzenia.interia.pl/feed", "title": "Afera w ukrai\u0144skim wojsku. \u017bywno\u015b\u0107 dla \u017co\u0142nierzy sprzedawana w sklepach", "description": "<p><a href=\"https://wydarzenia.interia.pl/raport-ukraina-rosja/news-afera-w-ukrainskim-wojsku-zywnosc-dla-zolnierzy-sprzedawana-,nId,7174861\"><img align=\"left\" alt=\"Afera w ukrai\u0144skim wojsku. \u017bywno\u015b\u0107 dla \u017co\u0142nierzy sprzedawana w sklepach\" src=\"https://i.iplsc.com/afera-w-ukrainskim-wojsku-zywnosc-dla-zolnierzy-sprzedawana/000I3H66FPBIKCYT-C321.jpg\" /></a>Ukrai\u0144skie Pa\u0144stwowe Biuro \u015aledcze i S\u0142u\u017cby Bezpiecze\u0144stwa Ukrainy rozbi\u0142y grup\u0119 przest\u0119pcz\u0105 zajmuj\u0105c\u0105 si\u0119 nielegaln\u0105 sprzeda\u017c\u0105 produkt\u00f3w przeznaczonych dla wojska. \u017bywno\u015b\u0107 trafia\u0142a do prywatnych sklep\u00f3w, restauracji i na lokalne bazary.</p><br clear=\"all\" />", "link": "https://wydarzenia.interia.pl/raport-ukraina-rosja/news-afera-w-ukrainskim-wojsku-zywnosc-dla-zolnierzy-sprzedawana-,nId,7174861", "date_published": "2023-11-27T12:46:29+00:00", "permanent": false, "bookmarked": false, "dead": false, "artist": "Wydarzenia Interia", "album": "Wydarzenia Interia", "user": null, "language": "pl-PL", "thumbnail": "https://wydarzenia.interia.pl/i/wydarzenia-ico-144x144.png?v=2", "age": null, "page_rating_contents": 0, "page_rating_votes": 0, "page_rating_visits": 0, "page_rating": 0, "tags": [], "comments": [], "vote": 0}, {"source": "https://wydarzenia.interia.pl/feed", "title": "Krytyka Ze\u0142enskiego i dow\u00f3dc\u00f3w. Ukrai\u0144cy na froncie nie kryj\u0105 frustracji", "description": "<p><a href=\"https://wydarzenia.interia.pl/raport-ukraina-rosja/news-krytyka-zelenskiego-i-dowodcow-ukraincy-na-froncie-nie-kryja,nId,7174834\"><img align=\"left\" alt=\"Krytyka Ze\u0142enskiego i dow\u00f3dc\u00f3w. Ukrai\u0144cy na froncie nie kryj\u0105 frustracji\" src=\"https://i.iplsc.com/krytyka-zelenskiego-i-dowodcow-ukraincy-na-froncie-nie-kryja/000I3H4KJLD15MQS-C321.jpg\" /></a>Ukrai\u0144scy \u017co\u0142nierze walcz\u0105 z rosyjskimi naje\u017ad\u017acami od 21 miesi\u0119cy. Mimo wsparcia Zachodu, m.in. ci\u0119\u017ckiej broni, ukrai\u0144scy \u017co\u0142nierze wskazuj\u0105 na pora\u017cki na froncie, z\u0142e decyzje dow\u00f3dztwa i powa\u017cne problemy w logistyce. Krytykuj\u0105 genera\u0142\u00f3w i Wo\u0142odymyra Ze\u0142enskiego.</p><br clear=\"all\" />", "link": "https://wydarzenia.interia.pl/raport-ukraina-rosja/news-krytyka-zelenskiego-i-dowodcow-ukraincy-na-froncie-nie-kryja,nId,7174834", "date_published": "2023-11-27T12:34:50+00:00", "permanent": false, "bookmarked": false, "dead": false, "artist": "Wydarzenia Interia", "album": "Wydarzenia Interia", "user": null, "language": "pl-PL", "thumbnail": "https://wydarzenia.interia.pl/i/wydarzenia-ico-144x144.png?v=2", "age": null, "page_rating_contents": 0, "page_rating_votes": 0, "page_rating_visits": 0, "page_rating": 0, "tags": [], "comments": [], "vote": 0}, {"source": "https://wydarzenia.interia.pl/feed", "title": "Tragedia na drodze. Nie \u017cyje 10-latek", "description": "<p><a href=\"https://wydarzenia.interia.pl/wielkopolskie/news-tragedia-na-drodze-nie-zyje-10-latek,nId,7174862\"><img align=\"left\" alt=\"Tragedia na drodze. Nie \u017cyje 10-latek\" src=\"https://i.iplsc.com/tragedia-na-drodze-nie-zyje-10-latek/000HMNCR2VC15MRX-C321.jpg\" /></a>Tragiczne zdarzenie w wojew\u00f3dztwie wielkopolskim. W sobot\u0119 na drodze mi\u0119dzy Now\u0105 Wsi\u0105 i Paw\u0142owicami zderzy\u0142y si\u0119 dwa samochody osobowe. W wypadku ucierpia\u0142y cztery osoby, w tym dwoje dzieci. - Po kilku godzinach otrzymali\u015bmy tragiczn\u0105 informacj\u0119 ze szpitala w Poznaniu, \u017ce 10-letni ch\u0142opiec zmar\u0142 na skutek odniesionych obra\u017ce\u0144 - przekaza\u0142a Interii oficer prasowa Komendy Miejskiej Policji w Lesznie asp. szt. Monika \u017byme\u0142ka.</p><br clear=\"all\" />", "link": "https://wydarzenia.interia.pl/wielkopolskie/news-tragedia-na-drodze-nie-zyje-10-latek,nId,7174862", "date_published": "2023-11-27T12:31:12+00:00", "permanent": false, "bookmarked": false, "dead": false, "artist": "Wydarzenia Interia", "album": "Wydarzenia Interia", "user": null, "language": "pl-PL", "thumbnail": "https://wydarzenia.interia.pl/i/wydarzenia-ico-144x144.png?v=2", "age": null, "page_rating_contents": 0, "page_rating_votes": 0, "page_rating_visits": 0, "page_rating": 0, "tags": [], "comments": [], "vote": 0}, {"source": "https://wydarzenia.interia.pl/feed", "title": "Pogoda wmiesza\u0142a si\u0119 w wojn\u0119. Obie strony mocno to odczu\u0142y", "description": "<p><a href=\"https://wydarzenia.interia.pl/zagranica/news-pogoda-wmieszala-sie-w-wojne-obie-strony-mocno-to-odczuly,nId,7174799\"><img align=\"left\" alt=\"Pogoda wmiesza\u0142a si\u0119 w wojn\u0119. Obie strony mocno to odczu\u0142y\" src=\"https://i.iplsc.com/pogoda-wmieszala-sie-w-wojne-obie-strony-mocno-to-odczuly/000I3GHQ281G9THX-C321.jpg\" /></a>Ponad dwa tysi\u0105ce miejscowo\u015bci w Ukrainie nie ma pr\u0105du, po tym jak w kraju dosz\u0142o do pot\u0119\u017cnego za\u0142amania pogody. Os\u0142abiona przez ci\u0105g\u0142e ataki wroga ukrai\u0144ska infrastruktura zosta\u0142a dodatkowo uszkodzona przez pot\u0119\u017cne \u015bnie\u017cyce. Miejscami tworz\u0105 si\u0119 zaspy wysokie na dwa metry. Silny wiatr uszkodzi\u0142 mi\u0119dzy innymi najwi\u0119ksz\u0105 flag\u0119 w kraju, kt\u00f3r\u0105 trzeba by\u0142o zdj\u0119\u0107 z masztu. Jednak nie tylko Ukraina zmaga si\u0119 z ci\u0119\u017ckimi warunkami. Na okupowanym przez Rosjan wybrze\u017cu Krymu szaleje sztorm. Sama Rosja r\u00f3wnie\u017c odczu\u0142a uderzenie pogody - prawie dwa...</p><br clear=\"all\" />", "link": "https://wydarzenia.interia.pl/zagranica/news-pogoda-wmieszala-sie-w-wojne-obie-strony-mocno-to-odczuly,nId,7174799", "date_published": "2023-11-27T11:44:08+00:00", "permanent": false, "bookmarked": false, "dead": false, "artist": "Wydarzenia Interia", "album": "Wydarzenia Interia", "user": null, "language": "pl-PL", "thumbnail": "https://wydarzenia.interia.pl/i/wydarzenia-ico-144x144.png?v=2", "age": null, "page_rating_contents": 0, "page_rating_votes": 0, "page_rating_visits": 0, "page_rating": 0, "tags": [], "comments": [], "vote": 0}, {"source": "https://wydarzenia.interia.pl/feed", "title": "Konflikt mi\u0119dzy polskim a niemieckim Ko\u015bcio\u0142em. \"Z\u0142o\u015bliwe oczernianie\"", "description": "<p><a href=\"https://wydarzenia.interia.pl/zagranica/news-konflikt-miedzy-polskim-a-niemieckim-kosciolem-zlosliwe-ocze,nId,7174786\"><img align=\"left\" alt=\"Konflikt mi\u0119dzy polskim a niemieckim Ko\u015bcio\u0142em. &quot;Z\u0142o\u015bliwe oczernianie&quot;\" src=\"https://i.iplsc.com/konflikt-miedzy-polskim-a-niemieckim-kosciolem-zlosliwe-ocze/000I3GHUY9D3CF8R-C321.jpg\" /></a>Przewodnicz\u0105cy Episkopatu Niemiec zarzuci\u0142 arcybiskupowi Stanis\u0142awowi G\u0105deckiemu &quot;ogromne przekroczenie uprawnie\u0144&quot; i &quot;z\u0142o\u015bliwe oczernianie&quot;. Wszystko przez list polskiego duchownego do papie\u017ca Franciszka, w kt\u00f3rym G\u0105decki krytykuje zabiegi reformatorskie przebiegaj\u0105ce w niemieckim Ko\u015bciele katolickim. &quot;Zamiast dialogu wybra\u0142 Ks. Arcybiskup list do papie\u017ca Franciszka, w kt\u00f3rym z wielk\u0105 gwa\u0142towno\u015bci\u0105 oraz nieprecyzyjnymi i fa\u0142szuj\u0105cymi stwierdzeniami narzeka na Drog\u0119 Synodaln\u0105 Ko\u015bcio\u0142a katolickiego w Niemczech&quot; - pisze biskup Georg B\u00e4tzing i...</p><br clear=\"all\" />", "link": "https://wydarzenia.interia.pl/zagranica/news-konflikt-miedzy-polskim-a-niemieckim-kosciolem-zlosliwe-ocze,nId,7174786", "date_published": "2023-11-27T11:41:37+00:00", "permanent": false, "bookmarked": false, "dead": false, "artist": "Wydarzenia Interia", "album": "Wydarzenia Interia", "user": null, "language": "pl-PL", "thumbnail": "https://wydarzenia.interia.pl/i/wydarzenia-ico-144x144.png?v=2", "age": null, "page_rating_contents": 0, "page_rating_votes": 0, "page_rating_visits": 0, "page_rating": 0, "tags": [], "comments": [], "vote": 0}, {"source": "https://wydarzenia.interia.pl/feed", "title": "Wewn\u0119trzne tarcia w Ukrainie. Pos\u0142anka Ze\u0142enskiego wzywa do dymisji genera\u0142a Za\u0142u\u017cnego", "description": "<p><a href=\"https://wydarzenia.interia.pl/raport-ukraina-rosja/news-wewnetrzne-tarcia-w-ukrainie-poslanka-zelenskiego-wzywa-do-d,nId,7174682\"><img align=\"left\" alt=\"Wewn\u0119trzne tarcia w Ukrainie. Pos\u0142anka Ze\u0142enskiego wzywa do dymisji genera\u0142a Za\u0142u\u017cnego\" src=\"https://i.iplsc.com/wewnetrzne-tarcia-w-ukrainie-poslanka-zelenskiego-wzywa-do-d/000I3GAURN3H46I4-C321.jpg\" /></a>&quot;To przyw\u00f3dztwo (genera\u0142 Walerij Za\u0142u\u017cny - red.) musi odej\u015b\u0107&quot; - twierdzi Mariana Bezugla. Pos\u0142anka z partii S\u0142uga Narodu wezwa\u0142a Naczelnego Dow\u00f3dc\u0119 Si\u0142 Zbrojnych Ukrainy do natychmiastowego ust\u0105pienia ze stanowiska, czym wywo\u0142a\u0142a prawdziw\u0105 burz\u0119 medialn\u0105.</p><br clear=\"all\" />", "link": "https://wydarzenia.interia.pl/raport-ukraina-rosja/news-wewnetrzne-tarcia-w-ukrainie-poslanka-zelenskiego-wzywa-do-d,nId,7174682", "date_published": "2023-11-27T11:38:26+00:00", "permanent": false, "bookmarked": false, "dead": false, "artist": "Wydarzenia Interia", "album": "Wydarzenia Interia", "user": null, "language": "pl-PL", "thumbnail": "https://wydarzenia.interia.pl/i/wydarzenia-ico-144x144.png?v=2", "age": null, "page_rating_contents": 0, "page_rating_votes": 0, "page_rating_visits": 0, "page_rating": 0, "tags": [], "comments": [], "vote": 0}, {"source": "https://wydarzenia.interia.pl/feed", "title": "Nowy rz\u0105d Mateusza Morawieckiego. Znamy nazwiska, s\u0105 zaskoczenia", "description": "<p><a href=\"https://wydarzenia.interia.pl/kraj/news-nowy-rzad-mateusza-morawieckiego-znamy-nazwiska-sa-zaskoczen,nId,7174689\"><img align=\"left\" alt=\"Nowy rz\u0105d Mateusza Morawieckiego. Znamy nazwiska, s\u0105 zaskoczenia\" src=\"https://i.iplsc.com/nowy-rzad-mateusza-morawieckiego-znamy-nazwiska-sa-zaskoczen/000GDJY4YCVFG1QO-C321.jpg\" /></a>Znamy wi\u0119kszo\u015b\u0107 nazwisk nowego rz\u0105du premiera Mateusza Morawieckiego. Dominuj\u0105 debiutanci. Z poprzedniego sk\u0142adu znajd\u0105 si\u0119, opr\u00f3cz samego premiera, jedynie trzy osoby. Do Rady Ministr\u00f3w trafi tak\u017ce reprezentant Suwerennej Polski. Nie b\u0119dzie to jednak Zbigniew Ziobro, lecz Marcin Warcho\u0142.</p><br clear=\"all\" />", "link": "https://wydarzenia.interia.pl/kraj/news-nowy-rzad-mateusza-morawieckiego-znamy-nazwiska-sa-zaskoczen,nId,7174689", "date_published": "2023-11-27T11:13:59+00:00", "permanent": false, "bookmarked": false, "dead": false, "artist": "Wydarzenia Interia", "album": "Wydarzenia Interia", "user": null, "language": "pl-PL", "thumbnail": "https://wydarzenia.interia.pl/i/wydarzenia-ico-144x144.png?v=2", "age": null, "page_rating_contents": 0, "page_rating_votes": 0, "page_rating_visits": 0, "page_rating": 0, "tags": [], "comments": [], "vote": 0}, {"source": "https://wydarzenia.interia.pl/feed", "title": "Walka o media publiczne. Ruch ministra kultury", "description": "<p><a href=\"https://wydarzenia.interia.pl/kraj/news-walka-o-media-publiczne-ruch-ministra-kultury,nId,7174693\"><img align=\"left\" alt=\"Walka o media publiczne. Ruch ministra kultury\" src=\"https://i.iplsc.com/walka-o-media-publiczne-ruch-ministra-kultury/000I3GHGP4ERLQWB-C321.jpg\" /></a>Minister kultury prof. Piotr Gli\u0144ski chce zmian w statutach TVP, Polskiego Radia, a tak\u017ce Polskiej Agencji Prasowej. Z\u0142o\u017cy\u0142 w tej sprawie wniosek do Rady Medi\u00f3w Narodowych.</p><br clear=\"all\" />", "link": "https://wydarzenia.interia.pl/kraj/news-walka-o-media-publiczne-ruch-ministra-kultury,nId,7174693", "date_published": "2023-11-27T10:57:18+00:00", "permanent": false, "bookmarked": false, "dead": false, "artist": "Wydarzenia Interia", "album": "Wydarzenia Interia", "user": null, "language": "pl-PL", "thumbnail": "https://wydarzenia.interia.pl/i/wydarzenia-ico-144x144.png?v=2", "age": null, "page_rating_contents": 0, "page_rating_votes": 0, "page_rating_visits": 0, "page_rating": 0, "tags": [], "comments": [], "vote": 0}, {"source": "https://wydarzenia.interia.pl/feed", "title": "Genera\u0142 NATO m\u00f3wi\u0142 o \"wojskowej strefie Schengen\". Ostra reakcja Kremla", "description": "<p><a href=\"https://wydarzenia.interia.pl/zagranica/news-general-nato-mowil-o-wojskowej-strefie-schengen-ostra-reakcj,nId,7174565\"><img align=\"left\" alt=\"Genera\u0142 NATO m\u00f3wi\u0142 o &quot;wojskowej strefie Schengen&quot;. Ostra reakcja Kremla\" src=\"https://i.iplsc.com/general-nato-mowil-o-wojskowej-strefie-schengen-ostra-reakcj/000I3FHHKCYVHTOX-C321.jpg\" /></a>Genera\u0142 NATO zaproponowa\u0142 ograniczenie biurokracji i utworzenie &quot;wojskowej strefy Schengen&quot; w Europie, kt\u00f3ra usprawni\u0142aby przerzut wojsk. Na wypowied\u017a b\u0142yskawicznie zareagowa\u0142 Kreml. Dmitrij Pieskow o\u015bwiadczy\u0142, \u017ce dzia\u0142ania Sojuszu budz\u0105 obawy Rosji. Zasugerowa\u0142 te\u017c, \u017ce Moskwa mo\u017ce zareagowa\u0107. </p><br clear=\"all\" />", "link": "https://wydarzenia.interia.pl/zagranica/news-general-nato-mowil-o-wojskowej-strefie-schengen-ostra-reakcj,nId,7174565", "date_published": "2023-11-27T10:46:52+00:00", "permanent": false, "bookmarked": false, "dead": false, "artist": "Wydarzenia Interia", "album": "Wydarzenia Interia", "user": null, "language": "pl-PL", "thumbnail": "https://wydarzenia.interia.pl/i/wydarzenia-ico-144x144.png?v=2", "age": null, "page_rating_contents": 0, "page_rating_votes": 0, "page_rating_visits": 0, "page_rating": 0, "tags": [], "comments": [], "vote": 0}, {"source": "https://wydarzenia.interia.pl/feed", "title": "Miliony dla doradc\u00f3w Adama Glapi\u0144skiego. Tajemnicza lista nazwisk", "description": "<p><a href=\"https://wydarzenia.interia.pl/kraj/news-miliony-dla-doradcow-adama-glapinskiego-tajemnicza-lista-naz,nId,7174498\"><img align=\"left\" alt=\"Miliony dla doradc\u00f3w Adama Glapi\u0144skiego. Tajemnicza lista nazwisk\" src=\"https://i.iplsc.com/miliony-dla-doradcow-adama-glapinskiego-tajemnicza-lista-naz/000I3DJTF236NS30-C321.jpg\" /></a>Doradcy Adama Glapi\u0144skiego zarobili w 2022 roku ponad 4,6 mln z\u0142. Wed\u0142ug danych, kt\u00f3re publikuje &quot;Rzeczpospolita&quot;, doradcy prezesa NBP zarabiaj\u0105 ok. 29 tys. z\u0142 miesi\u0119cznie. Bank centralny odmawia jednak ujawnienia ich nazwisk. &quot;Tajemniczo\u015b\u0107 NBP prowokuje podejrzenia, \u017ce kr\u0105g doradc\u00f3w prezesa staje si\u0119 przechowalni\u0105 dla ludzi PiS&quot; - stwierdzono.</p><br clear=\"all\" />", "link": "https://wydarzenia.interia.pl/kraj/news-miliony-dla-doradcow-adama-glapinskiego-tajemnicza-lista-naz,nId,7174498", "date_published": "2023-11-27T10:03:17+00:00", "permanent": false, "bookmarked": false, "dead": false, "artist": "Wydarzenia Interia", "album": "Wydarzenia Interia", "user": null, "language": "pl-PL", "thumbnail": "https://wydarzenia.interia.pl/i/wydarzenia-ico-144x144.png?v=2", "age": null, "page_rating_contents": 0, "page_rating_votes": 0, "page_rating_visits": 0, "page_rating": 0, "tags": [], "comments": [], "vote": 0}, {"source": "https://wydarzenia.interia.pl/feed", "title": "\u015amiertelnie gro\u017ana pogoda w Azji. Wiele ofiar piorun\u00f3w", "description": "<p><a href=\"https://wydarzenia.interia.pl/zagranica/news-smiertelnie-grozna-pogoda-w-azji-wiele-ofiar-piorunow,nId,7174506\"><img align=\"left\" alt=\"\u015amiertelnie gro\u017ana pogoda w Azji. Wiele ofiar piorun\u00f3w\" src=\"https://i.iplsc.com/smiertelnie-grozna-pogoda-w-azji-wiele-ofiar-piorunow/000I3DV6O6USDJLC-C321.jpg\" /></a>Pot\u0119\u017cne burze w niedziel\u0119 zebra\u0142y \u015bmiertelne \u017cniwo w Indiach. Same pioruny zabi\u0142y co najmniej 18 os\u00f3b, cho\u0107 wiadomo, \u017ce ofiar \u017cywio\u0142u jest wi\u0119cej. Minister spraw wewn\u0119trznych kraju z\u0142o\u017cy\u0142 rodzinom zmar\u0142ych &quot;najg\u0142\u0119bsze kondolencje&quot;. Opr\u00f3cz ludzi burze zabi\u0142y te\u017c dziesi\u0105tki zwierz\u0105t. To kolejna tego typu tragedia w stanie Gud\u017aarat w ostatnich latach.</p><br clear=\"all\" />", "link": "https://wydarzenia.interia.pl/zagranica/news-smiertelnie-grozna-pogoda-w-azji-wiele-ofiar-piorunow,nId,7174506", "date_published": "2023-11-27T09:57:31+00:00", "permanent": false, "bookmarked": false, "dead": false, "artist": "Wydarzenia Interia", "album": "Wydarzenia Interia", "user": null, "language": "pl-PL", "thumbnail": "https://wydarzenia.interia.pl/i/wydarzenia-ico-144x144.png?v=2", "age": null, "page_rating_contents": 0, "page_rating_votes": 0, "page_rating_visits": 0, "page_rating": 0, "tags": [], "comments": [], "vote": 0}, {"source": "https://wydarzenia.interia.pl/feed", "title": "Przej\u0119li w pe\u0142ni za\u0142adowany tankowiec. Do akcji wkroczyli Amerykanie", "description": "<p><a href=\"https://wydarzenia.interia.pl/zagranica/news-przejeli-w-pelni-zaladowany-tankowiec-do-akcji-wkroczyli-ame,nId,7174501\"><img align=\"left\" alt=\"Przej\u0119li w pe\u0142ni za\u0142adowany tankowiec. Do akcji wkroczyli Amerykanie\" src=\"https://i.iplsc.com/przejeli-w-pelni-zaladowany-tankowiec-do-akcji-wkroczyli-ame/000I3DIVYJSEM018-C321.jpg\" /></a>Okr\u0119t USA odpowiedzia\u0142 na wezwanie pomocy i przeprowadzi\u0142 operacj\u0119 uwolnienia tankowca porwanego przez pirat\u00f3w w Zatoce Ade\u0144skiej. Napastnicy pr\u00f3bowali ucieka\u0107. Amerykanie o\u015bwiadczyli, \u017ce za\u0142oga tankowca jest bezpieczna.</p><br clear=\"all\" />", "link": "https://wydarzenia.interia.pl/zagranica/news-przejeli-w-pelni-zaladowany-tankowiec-do-akcji-wkroczyli-ame,nId,7174501", "date_published": "2023-11-27T09:41:03+00:00", "permanent": false, "bookmarked": false, "dead": false, "artist": "Wydarzenia Interia", "album": "Wydarzenia Interia", "user": null, "language": "pl-PL", "thumbnail": "https://wydarzenia.interia.pl/i/wydarzenia-ico-144x144.png?v=2", "age": null, "page_rating_contents": 0, "page_rating_votes": 0, "page_rating_visits": 0, "page_rating": 0, "tags": [], "comments": [], "vote": 0}, {"source": "https://wydarzenia.interia.pl/feed", "title": "Zaskakuj\u0105ce ruchy \u0141ukaszenki wobec Polski. \"Rozpoczyna gr\u0119 z nowym rz\u0105dem\"", "description": "<p><a href=\"https://wydarzenia.interia.pl/zagranica/news-zaskakujace-ruchy-lukaszenki-wobec-polski-rozpoczyna-gre-z-n,nId,7174465\"><img align=\"left\" alt=\"Zaskakuj\u0105ce ruchy \u0141ukaszenki wobec Polski. &quot;Rozpoczyna gr\u0119 z nowym rz\u0105dem&quot;\" src=\"https://i.iplsc.com/zaskakujace-ruchy-lukaszenki-wobec-polski-rozpoczyna-gre-z-n/000I3DH1GO4H2WC1-C321.jpg\" /></a>- \u0141ukaszenka chce rozpocz\u0105\u0107 gr\u0119 z nowym rz\u0105dem polegaj\u0105ca na wymianie zak\u0142adnik\u00f3w w zamian za konkrety. A te dotycz\u0105 granicy - m\u00f3wi Siarhiej Pielasa. Opozycjonista odni\u00f3s\u0142 si\u0119 do kolejnych wypowiedzi dyktatora z Mi\u0144ska dotycz\u0105cych Polski.</p><br clear=\"all\" />", "link": "https://wydarzenia.interia.pl/zagranica/news-zaskakujace-ruchy-lukaszenki-wobec-polski-rozpoczyna-gre-z-n,nId,7174465", "date_published": "2023-11-27T09:34:49+00:00", "permanent": false, "bookmarked": false, "dead": false, "artist": "Wydarzenia Interia", "album": "Wydarzenia Interia", "user": null, "language": "pl-PL", "thumbnail": "https://wydarzenia.interia.pl/i/wydarzenia-ico-144x144.png?v=2", "age": null, "page_rating_contents": 0, "page_rating_votes": 0, "page_rating_visits": 0, "page_rating": 0, "tags": [], "comments": [], "vote": 0}, {"source": "https://wydarzenia.interia.pl/feed", "title": "Elektrownia j\u0105drowa w Koninie. Jacek Sasin: To wielki dzie\u0144", "description": "<p><a href=\"https://wydarzenia.interia.pl/kraj/news-elektrownia-jadrowa-w-koninie-jacek-sasin-to-wazne-miejsce-n,nId,7174466\"><img align=\"left\" alt=\"Elektrownia j\u0105drowa w Koninie. Jacek Sasin: To wielki dzie\u0144\" src=\"https://i.iplsc.com/elektrownia-jadrowa-w-koninie-jacek-sasin-to-wielki-dzien/000I3CYI1XPSSO15-C321.jpg\" /></a>Chcemy oprze\u0107 nasz miks energetyczny o zr\u00f3wnowa\u017con\u0105 energi\u0119 ze \u017ar\u00f3de\u0142 odnawialnych. Zasadniczym elementem ma sta\u0107 si\u0119 energetyka j\u0105drowa - powiedzia\u0142 Jacek Sasin podczas konferencji prasowej dotycz\u0105cej budowy elektrowni j\u0105drowej w Koninie-P\u0105tnowie. Doda\u0142 tak\u017ce, \u017ce jest to &quot;element transformacji energetycznej&quot;. - Szanowni pa\u0144stwo to wielki dzie\u0144 dla polskiej energetyki, przysz\u0142o\u015bci - zaznaczy\u0142.</p><br clear=\"all\" />", "link": "https://wydarzenia.interia.pl/kraj/news-elektrownia-jadrowa-w-koninie-jacek-sasin-to-wazne-miejsce-n,nId,7174466", "date_published": "2023-11-27T09:15:19+00:00", "permanent": false, "bookmarked": false, "dead": false, "artist": "Wydarzenia Interia", "album": "Wydarzenia Interia", "user": null, "language": "pl-PL", "thumbnail": "https://wydarzenia.interia.pl/i/wydarzenia-ico-144x144.png?v=2", "age": null, "page_rating_contents": 0, "page_rating_votes": 0, "page_rating_visits": 0, "page_rating": 0, "tags": [], "comments": [], "vote": 0}, {"source": "https://wydarzenia.interia.pl/feed", "title": "\"Szalona taktyka Rosjan\". Wykorzystuj\u0105 metod\u0119 \"wabik\u00f3w\"", "description": "<p><a href=\"https://wydarzenia.interia.pl/raport-ukraina-rosja/news-szalona-taktyka-rosjan-wykorzystuja-metode-wabikow,nId,7174441\"><img align=\"left\" alt=\"&quot;Szalona taktyka Rosjan&quot;. Wykorzystuj\u0105 metod\u0119 &quot;wabik\u00f3w&quot; \" src=\"https://i.iplsc.com/szalona-taktyka-rosjan-wykorzystuja-metode-wabikow/000I3CVANDWHQA75-C321.jpg\" /></a>Pomimo coraz trudniejszych warunk\u00f3w atmosferycznych rosyjskie wojsko stara si\u0119 prowadzi\u0107 dzia\u0142ania ofensywne na wielu kierunkach frontu. Wyj\u0105tkowo gor\u0105co w ostatnich godzinach by\u0142o przede wszystkim w po\u0142udniowych okolicach miasta Bachmut.</p><br clear=\"all\" />", "link": "https://wydarzenia.interia.pl/raport-ukraina-rosja/news-szalona-taktyka-rosjan-wykorzystuja-metode-wabikow,nId,7174441", "date_published": "2023-11-27T08:59:05+00:00", "permanent": false, "bookmarked": false, "dead": false, "artist": "Wydarzenia Interia", "album": "Wydarzenia Interia", "user": null, "language": "pl-PL", "thumbnail": "https://wydarzenia.interia.pl/i/wydarzenia-ico-144x144.png?v=2", "age": null, "page_rating_contents": 0, "page_rating_votes": 0, "page_rating_visits": 0, "page_rating": 0, "tags": [], "comments": [], "vote": 0}, {"source": "https://wydarzenia.interia.pl/feed", "title": "Ciemna strona", "description": "<p><a href=\"https://wydarzenia.interia.pl/felietony/news-ciemna-strona,nId,7174416\"><img align=\"left\" alt=\"Ciemna strona\" src=\"https://i.iplsc.com/ciemna-strona/000I3CY0OYR0NDT3-C321.jpg\" /></a>Podczas gdy Jaros\u0142aw Kaczy\u0144ski, Mateusz Morawiecki i Andrzej Duda o\u015bmieszaj\u0105 siebie i pa\u0144stwo przed\u0142u\u017caj\u0105c\u0105 si\u0119 fars\u0105 o budowaniu fasadowego rz\u0105du, kt\u00f3ry nigdy nie uzyska wotum zaufania, nowa demokratyczna wi\u0119kszo\u015b\u0107 wierzy, \u017ce pisowski antykonstytucyjny system jest kolosem na glinianych nogach i w\u0142a\u015bnie trwale ko\u0144czy sw\u00f3j \u017cywot. Tymczasem na ameryka\u0144skim i europejskim horyzoncie majacz\u0105 znaki, kt\u00f3re nowa w\u0142adza powinna potraktowa\u0107 powa\u017cnie i znale\u017a\u0107 na nie w niedalekiej przysz\u0142o\u015bci wiarygodn\u0105 odpowied\u017a polityczn\u0105. </p><br clear=\"all\" />", "link": "https://wydarzenia.interia.pl/felietony/news-ciemna-strona,nId,7174416", "date_published": "2023-11-27T08:35:24+00:00", "permanent": false, "bookmarked": false, "dead": false, "artist": "Wydarzenia Interia", "album": "Wydarzenia Interia", "user": null, "language": "pl-PL", "thumbnail": "https://wydarzenia.interia.pl/i/wydarzenia-ico-144x144.png?v=2", "age": null, "page_rating_contents": 0, "page_rating_votes": 0, "page_rating_visits": 0, "page_rating": 0, "tags": [], "comments": [], "vote": 0}, {"source": "https://wydarzenia.interia.pl/feed", "title": "Zalane lotnisko, brak pr\u0105du, huraganowy wiatr. Rosja walczy z katastrofaln\u0105 pogod\u0105", "description": "<p><a href=\"https://wydarzenia.interia.pl/zagranica/news-zalane-lotnisko-brak-pradu-huraganowy-wiatr-rosja-walczy-z-k,nId,7174451\"><img align=\"left\" alt=\"Zalane lotnisko, brak pr\u0105du, huraganowy wiatr. Rosja walczy z katastrofaln\u0105 pogod\u0105\" src=\"https://i.iplsc.com/zalane-lotnisko-brak-pradu-huraganowy-wiatr-rosja-walczy-z-k/000I3CVI3I9R48SB-C321.jpg\" /></a>Rosja walczy ze skutkami pogody. Na Kamczatce woda zala\u0142a lotnisko, w Kraju Krasnodarskim zawieszono loty. Najtrudniejsza sytuacja jest na okupowanym Krymie, gdzie oko\u0142o p\u00f3\u0142 miliona os\u00f3b jest pozbawionych dostaw pr\u0105du. W regionie zgin\u0119\u0142a te\u017c jedna osoba.</p><br clear=\"all\" />", "link": "https://wydarzenia.interia.pl/zagranica/news-zalane-lotnisko-brak-pradu-huraganowy-wiatr-rosja-walczy-z-k,nId,7174451", "date_published": "2023-11-27T08:32:13+00:00", "permanent": false, "bookmarked": false, "dead": false, "artist": "Wydarzenia Interia", "album": "Wydarzenia Interia", "user": null, "language": "pl-PL", "thumbnail": "https://wydarzenia.interia.pl/i/wydarzenia-ico-144x144.png?v=2", "age": null, "page_rating_contents": 0, "page_rating_votes": 0, "page_rating_visits": 0, "page_rating": 0, "tags": [], "comments": [], "vote": 0}, {"source": "https://wydarzenia.interia.pl/feed", "title": "Polacy b\u0119d\u0105 dowodzi\u0107 \u0107wiczeniami NATO. \"Wyraz du\u017cego zaufania\"", "description": "<p><a href=\"https://wydarzenia.interia.pl/kraj/news-polacy-beda-dowodzic-cwiczeniami-nato-wyraz-duzego-zaufania,nId,7174437\"><img align=\"left\" alt=\"Polacy b\u0119d\u0105 dowodzi\u0107 \u0107wiczeniami NATO. &quot;Wyraz du\u017cego zaufania&quot;\" src=\"https://i.iplsc.com/polacy-beda-dowodzic-cwiczeniami-nato-wyraz-duzego-zaufania/000I3CUI40PKS8Q2-C321.jpg\" /></a>Rozpoczyna si\u0119 doroczne \u0107wiczenie wojsk cybernetycznych pa\u0144stw NATO &quot;Cyber Coalition 2023&quot;.  W tym roku to Polska b\u0119dzie pe\u0142ni\u0107 rol\u0119 dow\u00f3dztwa dla pa\u0144stw regionu. - To niew\u0105tpliwie wyraz du\u017cego zaufania sojusznik\u00f3w do naszych Wojsk Obrony Cyberprzestrzeni oraz dow\u00f3d na to, \u017ce polscy cyber\u017co\u0142nierze s\u0105 na \u015bwiatowym poziomie - stwierdzi\u0142 rzecznik Wojsk Obrony Cyberprzestrzeni</p><br clear=\"all\" />", "link": "https://wydarzenia.interia.pl/kraj/news-polacy-beda-dowodzic-cwiczeniami-nato-wyraz-duzego-zaufania,nId,7174437", "date_published": "2023-11-27T07:52:15+00:00", "permanent": false, "bookmarked": false, "dead": false, "artist": "Wydarzenia Interia", "album": "Wydarzenia Interia", "user": null, "language": "pl-PL", "thumbnail": "https://wydarzenia.interia.pl/i/wydarzenia-ico-144x144.png?v=2", "age": null, "page_rating_contents": 0, "page_rating_votes": 0, "page_rating_visits": 0, "page_rating": 0, "tags": [], "comments": [], "vote": 0}, {"source": "https://wydarzenia.interia.pl/feed", "title": "Zamieszanie w PiS. Wa\u017cny polityk mo\u017ce jednak wej\u015b\u0107 do rz\u0105du", "description": "<p><a href=\"https://wydarzenia.interia.pl/kraj/news-zamieszanie-w-pis-wazny-polityk-moze-jednak-wejsc-do-rzadu,nId,7174411\"><img align=\"left\" alt=\"Zamieszanie w PiS. Wa\u017cny polityk mo\u017ce jednak wej\u015b\u0107 do rz\u0105du\" src=\"https://i.iplsc.com/zamieszanie-w-pis-wazny-polityk-moze-jednak-wejsc-do-rzadu/000I3CJ9V4W8GLOM-C321.jpg\" /></a>- W nowym rz\u0105dzie Mateusza Morawieckiego nie b\u0119dzie zbyt wielu polityk\u00f3w, ale akurat minister Mariusz B\u0142aszczak by\u0107 mo\u017ce si\u0119 w nim znajdzie - stwierdzi\u0142 Jaros\u0142aw Kaczy\u0144ski. S\u0142owa prezesa PiS nie pokrywaj\u0105 si\u0119 z deklaracj\u0105 samego szefa MON, kt\u00f3ry w sobot\u0119 zaprzeczy\u0142, \u017ce do\u0142\u0105czy do nowego gabinetu.</p><br clear=\"all\" />", "link": "https://wydarzenia.interia.pl/kraj/news-zamieszanie-w-pis-wazny-polityk-moze-jednak-wejsc-do-rzadu,nId,7174411", "date_published": "2023-11-27T07:51:23+00:00", "permanent": false, "bookmarked": false, "dead": false, "artist": "Wydarzenia Interia", "album": "Wydarzenia Interia", "user": null, "language": "pl-PL", "thumbnail": "https://wydarzenia.interia.pl/i/wydarzenia-ico-144x144.png?v=2", "age": null, "page_rating_contents": 0, "page_rating_votes": 0, "page_rating_visits": 0, "page_rating": 0, "tags": [], "comments": [], "vote": 0}, {"source": "https://wydarzenia.interia.pl/feed", "title": "Ju\u017c nied\u0142ugo Barb\u00f3rka. Jak wygl\u0105daj\u0105 obchody g\u00f3rniczego \u015bwi\u0119ta?", "description": "<p><a href=\"https://wydarzenia.interia.pl/ciekawostki/news-juz-niedlugo-barborka-jak-wygladaja-obchody-gorniczego-swiet,nId,7164982\"><img align=\"left\" alt=\"Ju\u017c nied\u0142ugo Barb\u00f3rka. Jak wygl\u0105daj\u0105 obchody g\u00f3rniczego \u015bwi\u0119ta?\" src=\"https://i.iplsc.com/juz-niedlugo-barborka-jak-wygladaja-obchody-gorniczego-swiet/000E00VEYBNDVE94-C321.jpg\" /></a>Wielkimi krokami zbli\u017ca si\u0119 jedno z najbardziej hucznych \u015bwi\u0105t na \u015al\u0105sku. Barb\u00f3rka to okazja dla g\u00f3rnik\u00f3w i ich rodzin na celebracj\u0119 i dobr\u0105 zabaw\u0119. Sk\u0105d pochodzi nazwa \u015bwi\u0119ta i w jaki spos\u00f3b dzisiaj si\u0119 je obchodzi? Czy tegoroczne obchody b\u0119d\u0105 huczne?</p><br clear=\"all\" />", "link": "https://wydarzenia.interia.pl/ciekawostki/news-juz-niedlugo-barborka-jak-wygladaja-obchody-gorniczego-swiet,nId,7164982", "date_published": "2023-11-27T07:30:00+00:00", "permanent": false, "bookmarked": false, "dead": false, "artist": "Wydarzenia Interia", "album": "Wydarzenia Interia", "user": null, "language": "pl-PL", "thumbnail": "https://wydarzenia.interia.pl/i/wydarzenia-ico-144x144.png?v=2", "age": null, "page_rating_contents": 0, "page_rating_votes": 0, "page_rating_visits": 0, "page_rating": 0, "tags": [], "comments": [], "vote": 0}, {"source": "https://wydarzenia.interia.pl/feed", "title": "Kreml ma spos\u00f3b na \u017cony wojskowych. \"Wol\u0105 pieni\u0105dze ni\u017c m\u0119\u017c\u00f3w w domu\"", "description": "<p><a href=\"https://wydarzenia.interia.pl/raport-ukraina-rosja/news-kreml-ma-sposob-na-zony-wojskowych-wola-pieniadze-niz-mezow-,nId,7174383\"><img align=\"left\" alt=\"Kreml ma spos\u00f3b na \u017cony wojskowych. &quot;Wol\u0105 pieni\u0105dze ni\u017c m\u0119\u017c\u00f3w w domu&quot;\" src=\"https://i.iplsc.com/kreml-ma-sposob-na-zony-wojskowych-wola-pieniadze-niz-mezow/000I3BUR7UQ6MOIK-C321.jpg\" /></a>Protestuj\u0105ce \u017cony rosyjskich \u017co\u0142nierzy budz\u0105 niepok\u00f3j Kremla przed nadchodz\u0105cymi wyborami prezydenckimi. W\u0142adze chc\u0105 je zatem przekupi\u0107, by zaprzesta\u0142y demonstracji - wynika z doniesie\u0144 medialnych. Rosyjskie w\u0142adze pa\u0144stwowe maj\u0105 twierdzi\u0107, \u017ce kobietom zale\u017cy &quot;bardziej na zdobyciu pieni\u0119dzy ni\u017c na powrocie m\u0119\u017c\u00f3w z wojny&quot;.</p><br clear=\"all\" />", "link": "https://wydarzenia.interia.pl/raport-ukraina-rosja/news-kreml-ma-sposob-na-zony-wojskowych-wola-pieniadze-niz-mezow-,nId,7174383", "date_published": "2023-11-27T07:24:48+00:00", "permanent": false, "bookmarked": false, "dead": false, "artist": "Wydarzenia Interia", "album": "Wydarzenia Interia", "user": null, "language": "pl-PL", "thumbnail": "https://wydarzenia.interia.pl/i/wydarzenia-ico-144x144.png?v=2", "age": null, "page_rating_contents": 0, "page_rating_votes": 0, "page_rating_visits": 0, "page_rating": 0, "tags": [], "comments": [], "vote": 0}, {"source": "https://wydarzenia.interia.pl/feed", "title": "Poni\u017cali m\u0142ode dziewczyny podczas transmisji. Patostreamerzy zatrzymani", "description": "<p><a href=\"https://wydarzenia.interia.pl/slaskie/news-ponizali-mlode-dziewczyny-podczas-transmisji-patostreamerzy-,nId,7174396\"><img align=\"left\" alt=\"Poni\u017cali m\u0142ode dziewczyny podczas transmisji. Patostreamerzy zatrzymani\" src=\"https://i.iplsc.com/ponizali-mlode-dziewczyny-podczas-transmisji-patostreamerzy/000GGSI23CHFQDOA-C321.jpg\" /></a>Policja zatrzyma\u0142a dw\u00f3ch 18-letnich patostreamer\u00f3w. Nastolatkowie 17 listopada podczas transmisji w internecie poni\u017cali m\u0142ode dziewczyny. Kiedy sprawa nabra\u0142a rozg\u0142osu, uciekli za granic\u0119, jednak w ubieg\u0142y weekend uj\u0119to ich na terenie \u015al\u0105ska. Patostreamerzy trafili do aresztu, czekaj\u0105 na przedstawienie im zarzut\u00f3w.</p><br clear=\"all\" />", "link": "https://wydarzenia.interia.pl/slaskie/news-ponizali-mlode-dziewczyny-podczas-transmisji-patostreamerzy-,nId,7174396", "date_published": "2023-11-27T07:06:42+00:00", "permanent": false, "bookmarked": false, "dead": false, "artist": "Wydarzenia Interia", "album": "Wydarzenia Interia", "user": null, "language": "pl-PL", "thumbnail": "https://wydarzenia.interia.pl/i/wydarzenia-ico-144x144.png?v=2", "age": null, "page_rating_contents": 0, "page_rating_votes": 0, "page_rating_visits": 0, "page_rating": 0, "tags": [], "comments": [], "vote": 0}, {"source": "https://wydarzenia.interia.pl/feed", "title": "Polacy zmienili zdanie o prezydencie. Najnowszy sonda\u017c", "description": "<p><a href=\"https://wydarzenia.interia.pl/kraj/news-polacy-zmienili-zdanie-o-prezydencie-najnowszy-sondaz,nId,7174378\"><img align=\"left\" alt=\"Polacy zmienili zdanie o prezydencie. Najnowszy sonda\u017c\" src=\"https://i.iplsc.com/polacy-zmienili-zdanie-o-prezydencie-najnowszy-sondaz/000HCCOIXHKHOXPS-C321.jpg\" /></a>Prawie 60 procent badanych negatywnie ocenia ostatnie decyzje Andrzeja Dudy w stosunku do nowej wi\u0119kszo\u015bci parlamentarnej. Najgorsz\u0105 opini\u0119 o prezydencie maj\u0105 wyborcy opozycyjnych ugrupowa\u0144. G\u0142owa pa\u0144stwa wci\u0105\u017c mo\u017ce jednak liczy\u0107 na poparcie elektoratu Prawa i Sprawiedliwo\u015bci. Wed\u0142ug ekspert\u00f3w powierzenie misji utworzenia rz\u0105du Mateuszowi Morawieckiemu przynosi notowaniom prezydenta &quot;skutek odwrotny od zamierzonego&quot;. </p><br clear=\"all\" />", "link": "https://wydarzenia.interia.pl/kraj/news-polacy-zmienili-zdanie-o-prezydencie-najnowszy-sondaz,nId,7174378", "date_published": "2023-11-27T06:02:02+00:00", "permanent": false, "bookmarked": false, "dead": false, "artist": "Wydarzenia Interia", "album": "Wydarzenia Interia", "user": null, "language": "pl-PL", "thumbnail": "https://wydarzenia.interia.pl/i/wydarzenia-ico-144x144.png?v=2", "age": null, "page_rating_contents": 0, "page_rating_votes": 0, "page_rating_visits": 0, "page_rating": 0, "tags": [], "comments": [], "vote": 0}, {"source": "https://wydarzenia.interia.pl/feed", "title": "Jaros\u0142aw Kaczy\u0144ski: Sk\u0142ad rz\u0105du to m\u00f3j pomys\u0142", "description": "<p><a href=\"https://wydarzenia.interia.pl/kraj/news-jaroslaw-kaczynski-sklad-rzadu-to-moj-pomysl,nId,7174376\"><img align=\"left\" alt=\"Jaros\u0142aw Kaczy\u0144ski: Sk\u0142ad rz\u0105du to m\u00f3j pomys\u0142\" src=\"https://i.iplsc.com/jaroslaw-kaczynski-sklad-rzadu-to-moj-pomysl/000HBT23RXD3DLXU-C321.jpg\" /></a>Kszta\u0142t rz\u0105du ekspercko-politycznego, kt\u00f3ry w poniedzia\u0142ek przedstawi premier Mateusz Morawiecki, to m\u00f3j pomys\u0142. Chcemy zaproponowa\u0107 nowe twarze. Trzeba zako\u0144czy\u0107 wojn\u0119, kt\u00f3r\u0105 prowadzi Platforma Obywatelska - przekaza\u0142 Jaros\u0142aw Kaczy\u0144ski.</p><br clear=\"all\" />", "link": "https://wydarzenia.interia.pl/kraj/news-jaroslaw-kaczynski-sklad-rzadu-to-moj-pomysl,nId,7174376", "date_published": "2023-11-27T05:51:51+00:00", "permanent": false, "bookmarked": false, "dead": false, "artist": "Wydarzenia Interia", "album": "Wydarzenia Interia", "user": null, "language": "pl-PL", "thumbnail": "https://wydarzenia.interia.pl/i/wydarzenia-ico-144x144.png?v=2", "age": null, "page_rating_contents": 0, "page_rating_votes": 0, "page_rating_visits": 0, "page_rating": 0, "tags": [], "comments": [], "vote": 0}, {"source": "https://wydarzenia.interia.pl/feed", "title": "Kolejna wymiana zak\u0142adnik\u00f3w. Pojawiaj\u0105 si\u0119 komplikacje", "description": "<p><a href=\"https://wydarzenia.interia.pl/raport-wojna-w-izraelu/news-kolejna-wymiana-zakladnikow-pojawiaja-sie-komplikacje,nId,7174375\"><img align=\"left\" alt=\"Kolejna wymiana zak\u0142adnik\u00f3w. Pojawiaj\u0105 si\u0119 komplikacje\" src=\"https://i.iplsc.com/kolejna-wymiana-zakladnikow-pojawiaja-sie-komplikacje/000I3BMYDDU7DAD1-C321.jpg\" /></a>Wymiana wi\u0119\u017ani\u00f3w mi\u0119dzy Izraelem a Hamasem trwa od pi\u0105tku. Czwartego dnia rozejmu w walkach mi\u0119dzy stronami pojawi\u0142y si\u0119 jednak pewne komplikacje. Jak donosz\u0105 lokalne media, Izrael nie otrzyma\u0142 jeszcze listy 11 zak\u0142adnik\u00f3w, kt\u00f3rzy maj\u0105 zosta\u0107 uwolnieni w poniedzia\u0142ek przez Hamas.</p><br clear=\"all\" />", "link": "https://wydarzenia.interia.pl/raport-wojna-w-izraelu/news-kolejna-wymiana-zakladnikow-pojawiaja-sie-komplikacje,nId,7174375", "date_published": "2023-11-27T05:48:37+00:00", "permanent": false, "bookmarked": false, "dead": false, "artist": "Wydarzenia Interia", "album": "Wydarzenia Interia", "user": null, "language": "pl-PL", "thumbnail": "https://wydarzenia.interia.pl/i/wydarzenia-ico-144x144.png?v=2", "age": null, "page_rating_contents": 0, "page_rating_votes": 0, "page_rating_visits": 0, "page_rating": 0, "tags": [], "comments": [], "vote": 0}, {"source": "https://wydarzenia.interia.pl/feed", "title": "Ruch Korei P\u00f3\u0142nocnej. Rozmieszczono wojsko przy granicy", "description": "<p><a href=\"https://wydarzenia.interia.pl/zagranica/news-ruch-korei-polnocnej-rozmieszczono-wojsko-przy-granicy,nId,7174366\"><img align=\"left\" alt=\"Ruch Korei P\u00f3\u0142nocnej. Rozmieszczono wojsko przy granicy\" src=\"https://i.iplsc.com/ruch-korei-polnocnej-rozmieszczono-wojsko-przy-granicy/000I3BLJAVHVY754-C321.jpg\" /></a>Korea P\u00f3\u0142nocna rozmie\u015bci\u0142a wojsko i uzbrojenie w pobli\u017cu granicy z Kore\u0105 Po\u0142udniow\u0105 po tym, jak zawieszono porozumienie mi\u0119dzy krajami z 2018 roku. Agencja Yonhap dodaje, \u017ce po\u0142udniowokorea\u0144skie wojsko obserwuje ruchy przeciwnik\u00f3w.</p><br clear=\"all\" />", "link": "https://wydarzenia.interia.pl/zagranica/news-ruch-korei-polnocnej-rozmieszczono-wojsko-przy-granicy,nId,7174366", "date_published": "2023-11-27T04:58:41+00:00", "permanent": false, "bookmarked": false, "dead": false, "artist": "Wydarzenia Interia", "album": "Wydarzenia Interia", "user": null, "language": "pl-PL", "thumbnail": "https://wydarzenia.interia.pl/i/wydarzenia-ico-144x144.png?v=2", "age": null, "page_rating_contents": 0, "page_rating_votes": 0, "page_rating_visits": 0, "page_rating": 0, "tags": [], "comments": [], "vote": 0}, {"source": "https://wydarzenia.interia.pl/feed", "title": "Ruch Korei P\u00f3\u0142nocnej. Rozmieszczono wojsko przy granicy z Kore\u0105 Po\u0142udniow\u0105", "description": "<p><a href=\"https://wydarzenia.interia.pl/zagranica/news-ruch-korei-polnocnej-rozmieszczono-wojsko-przy-granicy-z-kor,nId,7174366\"><img align=\"left\" alt=\"Ruch Korei P\u00f3\u0142nocnej. Rozmieszczono wojsko przy granicy z Kore\u0105 Po\u0142udniow\u0105\" src=\"https://i.iplsc.com/ruch-korei-polnocnej-rozmieszczono-wojsko-przy-granicy-z-kor/000I3BLJAVHVY754-C321.jpg\" /></a>Korea P\u00f3\u0142nocna rozmie\u015bci\u0142a wojsko i bro\u0144 w pobli\u017cu granicy z Korea Po\u0142udniow\u0105 po tym, jak zawieszono porozumienie mi\u0119dzy krajami z 2018 roku. Agencja Yonhap dodaje, \u017ce po\u0142udniowokorea\u0144skie wojsko obserwuje ruchy przeciwnik\u00f3w. </p><br clear=\"all\" />", "link": "https://wydarzenia.interia.pl/zagranica/news-ruch-korei-polnocnej-rozmieszczono-wojsko-przy-granicy-z-kor,nId,7174366", "date_published": "2023-11-27T04:58:41+00:00", "permanent": false, "bookmarked": false, "dead": false, "artist": "Wydarzenia Interia", "album": "Wydarzenia Interia", "user": null, "language": "pl-PL", "thumbnail": "https://wydarzenia.interia.pl/i/wydarzenia-ico-144x144.png?v=2", "age": null, "page_rating_contents": 0, "page_rating_votes": 0, "page_rating_visits": 0, "page_rating": 0, "tags": [], "comments": [], "vote": 0}]