[{"source": "https://www.chip.pl/feed", "title": "Paliwo odporne na ogie\u0144. Rewolucyjny \u015brodek zmieni \u015bwiat transportu", "description": "<img alt=\"\" class=\"attachment-full size-full wp-post-image\" height=\"809\" src=\"https://konto.chip.pl/wp-content/uploads/2023/11/jam-2970795_1280.jpg\" style=\"margin-bottom: 10px;\" width=\"1280\" /><p><img src=\"https://konto.chip.pl/wp-content/uploads/2023/11/jam-2970795_1280.jpg\" style=\"display: block; margin: 1em auto;\" /></p>\n<p>\u017bycie pokazuje, \u017ce zap\u0142ony paliwa pojawiaj\u0105ce si\u0119 po wypadkach samochodowych czy te\u017c eksplozje cystern przewo\u017c\u0105cych t\u0119 \u0142atwopaln\u0105 substancj\u0119 faktycznie si\u0119 zdarzaj\u0105 i nie wyst\u0119puj\u0105 tylko w \u015bwiecie film\u00f3w. Z problemu zdaj\u0105 sobie spraw\u0119 przedstawiciele Uniwersytetu Kalifornijskiego w Riverside, kt\u00f3rzy proponuj\u0105 wyj\u015bcie z sytuacji. O swoim pomy\u015ble pisz\u0105 na \u0142amach Journal of the American Chemical Society, [&#8230;]</p>", "link": "https://www.chip.pl/2023/11/paliwo-odporne-na-ogien-motoryzacja", "date_published": "2023-11-27T20:00:00+00:00", "permanent": false, "bookmarked": false, "dead": false, "artist": "Chip.pl", "album": "Chip.pl", "user": null, "language": "pl-PL", "thumbnail": "https://www.chip.pl/static/favicon-v4.svg", "age": null, "page_rating_contents": 0, "page_rating_votes": 0, "page_rating_visits": 0, "page_rating": 0, "tags": [], "comments": [], "vote": 0}, {"source": "https://www.chip.pl/feed", "title": "Nie b\u0119dzie ostrze\u017cenia. S\u0142o\u0144ce mo\u017ce w jeden wiecz\u00f3r wys\u0142a\u0107 nas do XIX wieku", "description": "<img alt=\"\" class=\"attachment-full size-full wp-post-image\" height=\"1280\" src=\"https://konto.chip.pl/wp-content/uploads/2023/11/burza-sloneczna.jpeg\" style=\"margin-bottom: 10px;\" width=\"1920\" /><p><img src=\"https://konto.chip.pl/wp-content/uploads/2023/11/burza-sloneczna.jpeg\" style=\"display: block; margin: 1em auto;\" /></p>\n<p>Od czasu do czasu na powierzchni S\u0142o\u0144ca dochodzi do rozb\u0142ysku powi\u0105zanego z koronalnym wyrzutem masy. Je\u017celi tak si\u0119 sk\u0142ada, \u017ce plazma wyrzucona z powierzchni S\u0142o\u0144ca skierowana jest w stron\u0119 naszej planety, oznacza to, \u017ce b\u0119dziemy mieli do czynienia z burz\u0105 magnetyczn\u0105, gdy ta plazma do nas faktycznie dotrze. Okazuje si\u0119 jednak, \u017ce wp\u0142yw burzy geomagnetycznej [&#8230;]</p>", "link": "https://www.chip.pl/2023/11/lokalne-burze-magnetyczne-zmiennosc", "date_published": "2023-11-27T18:00:00+00:00", "permanent": false, "bookmarked": false, "dead": false, "artist": "Chip.pl", "album": "Chip.pl", "user": null, "language": "pl-PL", "thumbnail": "https://www.chip.pl/static/favicon-v4.svg", "age": null, "page_rating_contents": 0, "page_rating_votes": 0, "page_rating_visits": 0, "page_rating": 0, "tags": [], "comments": [], "vote": 0}, {"source": "https://www.chip.pl/feed", "title": "Realme ma powody do \u015bwi\u0119towania. Firmie uda\u0142o si\u0119 dokona\u0107 historycznego osi\u0105gni\u0119cia", "description": "<img alt=\"\" class=\"attachment-full size-full wp-post-image\" height=\"1280\" src=\"https://konto.chip.pl/wp-content/uploads/2023/06/realme-11-pro-plus-34.jpg\" style=\"margin-bottom: 10px;\" width=\"1920\" /><p><img src=\"https://konto.chip.pl/wp-content/uploads/2023/06/realme-11-pro-plus-34.jpg\" style=\"display: block; margin: 1em auto;\" /></p>\n<p>Na rynku smartfon\u00f3w mamy obecnie jakie\u015b 250 r\u00f3\u017cnych marek. Wybicie si\u0119 w\u015br\u00f3d nich jest wi\u0119c nie lada wyczynem, ale Realme si\u0119 to uda\u0142o. Wystarczy\u0142o 5 lat, by firma ugruntowa\u0142a swoj\u0105 pozycj\u0119 w\u015br\u00f3d topowych producent\u00f3w telefon\u00f3w, przekraczaj\u0105c pr\u00f3g 200 milion\u00f3w dostarczonych urz\u0105dze\u0144. Historyczne osi\u0105gni\u0119cie realme \u2013 200 milion\u00f3w dostarczonych smartfon\u00f3w W 2018 roku, kiedy to na [&#8230;]</p>", "link": "https://www.chip.pl/2023/11/realme-200-mln-dostarczonych-smartfonow", "date_published": "2023-11-27T17:00:00+00:00", "permanent": false, "bookmarked": false, "dead": false, "artist": "Chip.pl", "album": "Chip.pl", "user": null, "language": "pl-PL", "thumbnail": "https://www.chip.pl/static/favicon-v4.svg", "age": null, "page_rating_contents": 0, "page_rating_votes": 0, "page_rating_visits": 0, "page_rating": 0, "tags": [], "comments": [], "vote": 0}, {"source": "https://www.chip.pl/feed", "title": "R\u00f3\u017cnorodno\u015b\u0107 w bran\u017cy IT recept\u0105 na sukces? Podcast the:protocol pomaga zrozumie\u0107 warunki i korzy\u015bci", "description": "<img alt=\"\" class=\"attachment-full size-full wp-post-image\" height=\"1945\" src=\"https://konto.chip.pl/wp-content/uploads/2023/11/theprotocol-1-scaled.jpg\" style=\"margin-bottom: 10px;\" width=\"2560\" /><p><img src=\"https://konto.chip.pl/wp-content/uploads/2023/11/theprotocol-1-scaled.jpg\" style=\"display: block; margin: 1em auto;\" /></p>\n<p>W zespole z\u0142o\u017conym z ludzi my\u015bl\u0105cych w ten sam spos\u00f3b, nie ma du\u017co miejsca na prawdziw\u0105 kreatywno\u015b\u0107 i realne innowacje. Co innego, je\u015bli \u015brodowisko pracy zwraca uwag\u0119 na tzw. neuror\u00f3\u017cnodno\u015b\u0107 i jest w dodatku w tej kwestii \u015bwiadomie inkluzywne. O tym, jakie warunki powinien zapewni\u0107 pracodawca do tego, aby sk\u0142adaj\u0105ce si\u0119 z r\u00f3\u017cnych umys\u0142\u00f3w zespo\u0142y [&#8230;]</p>", "link": "https://www.chip.pl/2023/11/theprotocol-roznorodnosc-w-branzy-it-podcast", "date_published": "2023-11-27T16:00:00+00:00", "permanent": false, "bookmarked": false, "dead": false, "artist": "Chip.pl", "album": "Chip.pl", "user": null, "language": "pl-PL", "thumbnail": "https://www.chip.pl/static/favicon-v4.svg", "age": null, "page_rating_contents": 0, "page_rating_votes": 0, "page_rating_visits": 0, "page_rating": 0, "tags": [], "comments": [], "vote": 0}, {"source": "https://www.chip.pl/feed", "title": "Testy s\u0105 bezlitosne dla Dimensity 9300. Procesor marki MediaTek potrafi straci\u0107 niemal po\u0142ow\u0119 wydajno\u015bci", "description": "<img alt=\"Dimensity 9300\" class=\"attachment-full size-full wp-post-image\" height=\"400\" src=\"https://konto.chip.pl/wp-content/uploads/2023/11/Dimensity-9300.jpg\" style=\"margin-bottom: 10px;\" width=\"728\" /><p><img src=\"https://konto.chip.pl/wp-content/uploads/2023/11/Dimensity-9300.jpg\" style=\"display: block; margin: 1em auto;\" /></p>\n<p>MediaTek Dimensity 9300 to uk\u0142ad, kt\u00f3ry ma by\u0107 flagowcem producenta i sta\u0107 si\u0119 rywalem dla takich jednostek, jak Snapdragon 8 Gen 3 od Qualcommu czy A17 Pro od Apple&#8217;a. Aczkolwiek miesi\u0105c temu pobi\u0142 rekord benchmarka AnTuTu, to obawiano si\u0119 zarazem, \u017ce mo\u017ce zbytnio si\u0119 przegrzewa\u0107. Co prawda tego jeszcze nie potwierdzono, ale stress testy pokaza\u0142y, [&#8230;]</p>", "link": "https://www.chip.pl/2023/11/mediatek-dimensity-9300-testy-wyniki-wydajnosc", "date_published": "2023-11-27T15:30:00+00:00", "permanent": false, "bookmarked": false, "dead": false, "artist": "Chip.pl", "album": "Chip.pl", "user": null, "language": "pl-PL", "thumbnail": "https://www.chip.pl/static/favicon-v4.svg", "age": null, "page_rating_contents": 0, "page_rating_votes": 0, "page_rating_visits": 0, "page_rating": 0, "tags": [], "comments": [], "vote": 0}, {"source": "https://www.chip.pl/feed", "title": "QNAP TVS-h674T \u2013 pot\u0119\u017cna sieciowa macierz dyskowa z Thunderbolt 4", "description": "<img alt=\"NAS QNAP TVS-h674T\" class=\"attachment-full size-full wp-post-image\" height=\"1707\" src=\"https://konto.chip.pl/wp-content/uploads/2023/11/NAS-QNAP-TVS-h674T-010.jpg\" style=\"margin-bottom: 10px;\" width=\"2560\" /><p><img src=\"https://konto.chip.pl/wp-content/uploads/2023/11/NAS-QNAP-TVS-h674T-010.jpg\" style=\"display: block; margin: 1em auto;\" /></p>\n<p>Od dawna zdaj\u0119 sobie spraw\u0119 z tego, \u017ce powinienem zainwestowa\u0107 w system zautomatyzowanego backupu zdj\u0119\u0107. Tych bowiem przyrasta na dysku miesi\u0119cznie tyle, \u017ce zabawa z r\u0119cznym wykonywaniem kopii zapasowych jest uci\u0105\u017cliwa, nie m\u00f3wi\u0105c o problemach z systematyczno\u015bci\u0105. Jednym z rozwi\u0105za\u0144, jakie rozwa\u017ca\u0142em by\u0142a sieciowa macierz dyskowa NAS, kt\u00f3ra wprawdzie nie powinna by\u0107 JEDYNYM sposobem zabezpieczania [&#8230;]</p>", "link": "https://www.chip.pl/2023/11/qnap-tvs-h674t-nas-test-recenzja-opinia", "date_published": "2023-11-27T15:00:00+00:00", "permanent": false, "bookmarked": false, "dead": false, "artist": "Chip.pl", "album": "Chip.pl", "user": null, "language": "pl-PL", "thumbnail": "https://www.chip.pl/static/favicon-v4.svg", "age": null, "page_rating_contents": 0, "page_rating_votes": 0, "page_rating_visits": 0, "page_rating": 0, "tags": [], "comments": [], "vote": 0}, {"source": "https://www.chip.pl/feed", "title": "\u015awiat\u0142o p\u0119dzi jak szalone przez ogniwa s\u0142oneczne. Wynalazek z Niemiec zmienia regu\u0142y gry", "description": "<img alt=\"\" class=\"attachment-full size-full wp-post-image\" height=\"889\" src=\"https://konto.chip.pl/wp-content/uploads/2023/11/tum-munich.jpg\" style=\"margin-bottom: 10px;\" width=\"1585\" /><p><img src=\"https://konto.chip.pl/wp-content/uploads/2023/11/tum-munich.jpg\" style=\"display: block; margin: 1em auto;\" /></p>\n<p>Organiczne ogniwa s\u0142oneczne s\u0105 obiecuj\u0105cym rozwi\u0105zaniem fotowoltaicznym, na kt\u00f3rego komercjalizacj\u0119 wci\u0105\u017c czekamy. Niemieccy naukowcy opracowali spos\u00f3b, w jaki mo\u017cna przyspieszy\u0107 transport ekscyton\u00f3w przez unikaln\u0105 struktur\u0119 ultra cienkich ogniw. Na czym on dok\u0142adnie polega? O tym, jak r\u00f3\u017cnorodne potrafi\u0105 by\u0107 ogniwa fotowoltaiczne, zd\u0105\u017cyli\u015bmy si\u0119 ju\u017c dawno temu przekona\u0107. Na \u0142amach serwisu zrelacjonowali\u015bmy co najmniej kilkadziesi\u0105t (cho\u0107 [&#8230;]</p>", "link": "https://www.chip.pl/2023/11/organiczne-ogniwo-sloneczne-ekscytony", "date_published": "2023-11-27T14:00:00+00:00", "permanent": false, "bookmarked": false, "dead": false, "artist": "Chip.pl", "album": "Chip.pl", "user": null, "language": "pl-PL", "thumbnail": "https://www.chip.pl/static/favicon-v4.svg", "age": null, "page_rating_contents": 0, "page_rating_votes": 0, "page_rating_visits": 0, "page_rating": 0, "tags": [], "comments": [], "vote": 0}, {"source": "https://www.chip.pl/feed", "title": "A wi\u0119c tak b\u0119dzie wygl\u0105da\u0107 OnePlus 12. Producent uchyla r\u0105bka tajemnicy przed premier\u0105 flagowca", "description": "<img alt=\"\" class=\"attachment-full size-full wp-post-image\" height=\"1707\" src=\"https://konto.chip.pl/wp-content/uploads/2023/11/oneplus12-0-scaled.jpg\" style=\"margin-bottom: 10px;\" width=\"2560\" /><p><img src=\"https://konto.chip.pl/wp-content/uploads/2023/11/oneplus12-0-scaled.jpg\" style=\"display: block; margin: 1em auto;\" /></p>\n<p>Sami przyznacie, \u017ce to raczej rzadka tradycja, w kt\u00f3rej sam producent smartfon\u00f3w dzieli si\u0119 renderami nowego modelu jeszcze przed jego oficjaln\u0105 premier\u0105. Tymczasem pierwsze oficjalne materia\u0142y dotycz\u0105ce OnePlus 12 sp\u0142ywaj\u0105 w\u0142a\u015bnie do Internetu z takiego \u017ar\u00f3d\u0142a i dzi\u0119ki temu mamy okazj\u0119 ogl\u0105da\u0107 nowego flagowca w pe\u0142nej okaza\u0142o\u015bci. Sporo o samym telefonie pisa\u0142a ju\u017c u nas [&#8230;]</p>", "link": "https://www.chip.pl/2023/11/oneplus12-a-wiec-tak-bedzie-wygladac", "date_published": "2023-11-27T13:00:00+00:00", "permanent": false, "bookmarked": false, "dead": false, "artist": "Chip.pl", "album": "Chip.pl", "user": null, "language": "pl-PL", "thumbnail": "https://www.chip.pl/static/favicon-v4.svg", "age": null, "page_rating_contents": 0, "page_rating_votes": 0, "page_rating_visits": 0, "page_rating": 0, "tags": [], "comments": [], "vote": 0}, {"source": "https://www.chip.pl/feed", "title": "Google testuje nowy spos\u00f3b wyszukiwania. Mo\u017ce zmieni\u0107 zwyczaje u\u017cytkownik\u00f3w sieci", "description": "<img alt=\"Google\" class=\"attachment-full size-full wp-post-image\" height=\"1683\" src=\"https://konto.chip.pl/wp-content/uploads/2023/11/Google.jpg\" style=\"margin-bottom: 10px;\" width=\"2525\" /><p><img src=\"https://konto.chip.pl/wp-content/uploads/2023/11/Google.jpg\" style=\"display: block; margin: 1em auto;\" /></p>\n<p>Je\u015bli co\u015b dzia\u0142a dobrze, dlaczego nie spr\u00f3bowa\u0107 wprowadzi\u0107 zmian, kt\u00f3re sprawi\u0105, \u017ce b\u0119dzie dzia\u0142a\u0107 jeszcze lepiej? Prawdopodobnie taka w\u0142a\u015bnie my\u015bl przy\u015bwieca\u0142a firmie Google, kt\u00f3ra rozpocz\u0119\u0142a testy pierwszej od wielu lat naprawd\u0119 nowej funkcji. Na czym ma polega\u0107 i w jaki spos\u00f3b mo\u017ce zmieni\u0107 nasze zachowania online? O tym, \u017ce stworzona przez Google&#8217;a wyszukiwarka ukszta\u0142towa\u0142a spos\u00f3b [&#8230;]</p>", "link": "https://www.chip.pl/2023/11/wyszukiwarka-google-nowe-funkcje-testy", "date_published": "2023-11-27T12:20:23+00:00", "permanent": false, "bookmarked": false, "dead": false, "artist": "Chip.pl", "album": "Chip.pl", "user": null, "language": "pl-PL", "thumbnail": "https://www.chip.pl/static/favicon-v4.svg", "age": null, "page_rating_contents": 0, "page_rating_votes": 0, "page_rating_visits": 0, "page_rating": 0, "tags": [], "comments": [], "vote": 0}, {"source": "https://www.chip.pl/feed", "title": "Akumulatory zamiast poczciwego diesla. Mercedes pokaza\u0142 przysz\u0142o\u015b\u0107 ci\u0119\u017car\u00f3wek", "description": "<img alt=\"\" class=\"attachment-full size-full wp-post-image\" height=\"1071\" src=\"https://konto.chip.pl/wp-content/uploads/2023/11/Mercedes-eActros-600-3.jpg\" style=\"margin-bottom: 10px;\" width=\"1920\" /><p><img src=\"https://konto.chip.pl/wp-content/uploads/2023/11/Mercedes-eActros-600-3.jpg\" style=\"display: block; margin: 1em auto;\" /></p>\n<p>Narzeka\u0142e\u015b na ci\u0119\u017car\u00f3wki na drogach szybkiego ruchu? No to za kilka lat b\u0119dziesz m\u00f3g\u0142 narzeka\u0107 na to, \u017ce zaczn\u0105 zajmowa\u0107 ci miejsca przy \u0142adowarkach elektrycznych. Mercedes do\u0142\u0105czy\u0142 do trwaj\u0105cej rewolucji w transporcie, prezentuj\u0105c ci\u0105gnik siod\u0142owy eActros 600, kt\u00f3ry trafi do klient\u00f3w ju\u017c w 2024 roku. Mercedes eActros 600 prezentuje, w kt\u00f3r\u0105 stron\u0119 zmierzaj\u0105 elektryczne ci\u0119\u017car\u00f3wki [&#8230;]</p>", "link": "https://www.chip.pl/2023/11/mercedes-eactros-600-ciezarowka-elektryczna", "date_published": "2023-11-27T10:30:00+00:00", "permanent": false, "bookmarked": false, "dead": false, "artist": "Chip.pl", "album": "Chip.pl", "user": null, "language": "pl-PL", "thumbnail": "https://www.chip.pl/static/favicon-v4.svg", "age": null, "page_rating_contents": 0, "page_rating_votes": 0, "page_rating_visits": 0, "page_rating": 0, "tags": [], "comments": [], "vote": 0}, {"source": "https://www.chip.pl/feed", "title": "Izrael i bro\u0144 nuklearna to ci\u0105gle jedna wielka tajemnica", "description": "<img alt=\"\" class=\"attachment-full size-full wp-post-image\" height=\"1066\" src=\"https://konto.chip.pl/wp-content/uploads/2023/07/bomba-atomowa.jpg\" style=\"margin-bottom: 10px;\" width=\"1600\" /><p><img src=\"https://konto.chip.pl/wp-content/uploads/2023/07/bomba-atomowa.jpg\" style=\"display: block; margin: 1em auto;\" /></p>\n<p>Jak to jest z Izraelem? Pa\u0144stwo ma bro\u0144 nuklearn\u0105, czy nie ma? To ci\u0105gle jedna wielka tajemnica, kt\u00f3rej nie chce wyjawi\u0107 nawet sam kraj, dlatego dzi\u015b jedyne, do czego mamy dost\u0119p, to analizy i spekulacje, przedstawiaj\u0105ce ciekawe realia. Bro\u0144 nuklearna w r\u0119kach Izraela. Mimo up\u0142ywu dekad to nadal jedna wielka tajemnica Izrael utrzymuje stanowisko strategicznej [&#8230;]</p>", "link": "https://www.chip.pl/2023/11/izrael-bron-nuklearna-wielka-tajemnica", "date_published": "2023-11-27T10:00:00+00:00", "permanent": false, "bookmarked": false, "dead": false, "artist": "Chip.pl", "album": "Chip.pl", "user": null, "language": "pl-PL", "thumbnail": "https://www.chip.pl/static/favicon-v4.svg", "age": null, "page_rating_contents": 0, "page_rating_votes": 0, "page_rating_visits": 0, "page_rating": 0, "tags": [], "comments": [], "vote": 0}, {"source": "https://www.chip.pl/feed", "title": "Eksplozja, kt\u00f3ra nieustannie si\u0119 powtarza, czyli astronomiczny dzie\u0144 \u015bwistaka. Naukowcy nigdy przedtem nie widzieli czego\u015b takiego", "description": "<img alt=\"\" class=\"attachment-full size-full wp-post-image\" height=\"556\" src=\"https://konto.chip.pl/wp-content/uploads/2023/11/eksplozja.jpg\" style=\"margin-bottom: 10px;\" width=\"1600\" /><p><img src=\"https://konto.chip.pl/wp-content/uploads/2023/11/eksplozja.jpg\" style=\"display: block; margin: 1em auto;\" /></p>\n<p>We wrze\u015bniu ubieg\u0142ego roku zarejestrowano kosmiczn\u0105 eksplozj\u0119, kt\u00f3ra okaza\u0142a si\u0119 nawet 1000-krotnie ja\u015bniejsza od zwyczajowo obserwowanych supernowych. Nie to by\u0142o jednak najciekawszym aspektem ca\u0142ej detekcji. Ale zanim astronomowie si\u0119 o tym przekonali, musieli uzbroi\u0107 si\u0119 w nieco cierpliwo\u015bci. Pocz\u0105tek tej historii mia\u0142 miejsce 7 wrze\u015bnia 2022 roku, a trzy miesi\u0105ce p\u00f3\u017aniej, w grudniu, naukowcy ponownie [&#8230;]</p>", "link": "https://www.chip.pl/2023/11/kosmiczna-zagadka-eksplozja-ciagle-sie-powtarza", "date_published": "2023-11-27T08:00:48+00:00", "permanent": false, "bookmarked": false, "dead": false, "artist": "Chip.pl", "album": "Chip.pl", "user": null, "language": "pl-PL", "thumbnail": "https://www.chip.pl/static/favicon-v4.svg", "age": null, "page_rating_contents": 0, "page_rating_votes": 0, "page_rating_visits": 0, "page_rating": 0, "tags": [], "comments": [], "vote": 0}, {"source": "https://www.chip.pl/feed", "title": "Rosja wreszcie osi\u0105gnie co\u015b wielkiego. Rosyjska piechota wr\u0119cz o tym marzy\u0142a", "description": "<img alt=\"\" class=\"attachment-full size-full wp-post-image\" height=\"1080\" src=\"https://konto.chip.pl/wp-content/uploads/2023/11/Rosja-Bumierang-K-16-1.jpg\" style=\"margin-bottom: 10px;\" width=\"1440\" /><p><img src=\"https://konto.chip.pl/wp-content/uploads/2023/11/Rosja-Bumierang-K-16-1.jpg\" style=\"display: block; margin: 1em auto;\" /></p>\n<p>Co\u015b si\u0119 dzieje. Rosja wreszcie coraz bardziej zbli\u017ca si\u0119 do wprowadzenia na s\u0142u\u017cb\u0119 pojazd\u00f3w opancerzonych, kt\u00f3re zast\u0105pi\u0105 niespecjalnie udane konstrukcje sprzed dekad. Testy ju\u017c trwaj\u0105. Opancerzone pojazdy wojskowe Bumierang zmierzaj\u0105 na s\u0142u\u017cb\u0119. Testy ju\u017c trwaj\u0105 Zgodnie z zapewnieniami z kwietnia bie\u017c\u0105cego roku, armia rosyjska rzeczywi\u015bcie testuje\u00a0swoje pojazdy bojowe na platformie Bumierang. Historia tej podstawy dla [&#8230;]</p>", "link": "https://www.chip.pl/2023/11/rosja-opancerzone-pojazdy-bumierang-testy", "date_published": "2023-11-27T04:32:35+00:00", "permanent": false, "bookmarked": false, "dead": false, "artist": "Chip.pl", "album": "Chip.pl", "user": null, "language": "pl-PL", "thumbnail": "https://www.chip.pl/static/favicon-v4.svg", "age": null, "page_rating_contents": 0, "page_rating_votes": 0, "page_rating_visits": 0, "page_rating": 0, "tags": [], "comments": [], "vote": 0}]