[{"source": "https://www.youtube.com/feeds/videos.xml?channel_id=UCnQC_G5Xsjhp9fEJKuIcrSw", "title": "Conor McGregor's In Trouble", "description": "", "link": "https://www.youtube.com/watch?v=9gq5R7Z_yZU", "date_published": "2023-11-27T22:30:01+00:00", "permanent": false, "bookmarked": false, "dead": false, "artist": "Ben Shapiro", "album": "Ben Shapiro", "user": null, "language": "en-US", "thumbnail": "https://i2.ytimg.com/vi/9gq5R7Z_yZU/hqdefault.jpg", "age": null, "page_rating_contents": 0, "page_rating_votes": 0, "page_rating_visits": 0, "page_rating": 0, "tags": [], "comments": [], "vote": 0}, {"source": "https://www.youtube.com/feeds/videos.xml?channel_id=UCnQC_G5Xsjhp9fEJKuIcrSw", "title": "Will Israel\u2019s Hostage Deal Help Hamas?", "description": "In the wake of the hostage trade-off in the Middle East, the media are pushing the argument that Israel trading terrorists for innocent civilians means that terrorists and innocent civilians are essentially the same thing. This idea makes zero sense.\n\n1\ufe0f\u20e3 Click here to join the member-exclusive portion of my show: https://get.dailywireplus.com/member-block/ben-shapiro\n\n2\ufe0f\u20e3 Become a DailyWire+ member to gain access to movies, shows, documentaries, and more: https://bit.ly/3lfVtwK \n\n3\ufe0f\u20e3 Watch the full episode here: Ep.1856 - https://youtu.be/Vx6SNYovPG8\n\n\ud83d\udc55 Get your Ben Shapiro merch here: https://bit.ly/3TAu2cw\n\n#BenShapiro #TheBenShapiroShow #News #Politics #DailyWire #Israel #Hamas #Gaza #GazaStrip #Jew #Jewish #Israeli #War #MiddleEast #MiddleEasternWar", "link": "https://www.youtube.com/watch?v=pKM0B4YEJcM", "date_published": "2023-11-27T22:00:31+00:00", "permanent": false, "bookmarked": false, "dead": false, "artist": "Ben Shapiro", "album": "Ben Shapiro", "user": null, "language": "en-US", "thumbnail": "https://i1.ytimg.com/vi/pKM0B4YEJcM/hqdefault.jpg", "age": null, "page_rating_contents": 0, "page_rating_votes": 0, "page_rating_visits": 0, "page_rating": 0, "tags": [], "comments": [], "vote": 0}, {"source": "https://www.youtube.com/feeds/videos.xml?channel_id=UCnQC_G5Xsjhp9fEJKuIcrSw", "title": "13 Year Old vs. Veteran Chess Player", "description": "", "link": "https://www.youtube.com/watch?v=pG1qEfoMPhs", "date_published": "2023-11-27T20:00:19+00:00", "permanent": false, "bookmarked": false, "dead": false, "artist": "Ben Shapiro", "album": "Ben Shapiro", "user": null, "language": "en-US", "thumbnail": "https://i1.ytimg.com/vi/pG1qEfoMPhs/hqdefault.jpg", "age": null, "page_rating_contents": 0, "page_rating_votes": 0, "page_rating_visits": 0, "page_rating": 0, "tags": [], "comments": [], "vote": 0}, {"source": "https://www.youtube.com/feeds/videos.xml?channel_id=UCnQC_G5Xsjhp9fEJKuIcrSw", "title": "Why Conor McGregor Is Now Under Investigation", "description": "Irish police investigate MMA legend Conor McGregor for tweeting about open immigration; right-wing nationalist Geert Wilders triumphs in the Netherlands; and as some Israeli hostages come home, the legacy media do their damndest to throw Hamas a lifeline.\n\nEp.1856\n\n- - -\n\n1\ufe0f\u20e3\u00a0 Click here to join the member exclusive portion of my show: \u00a0https://bit.ly/41LQK62\n\n2\ufe0f\u20e3 LAST CHANCE to shop DailyWire+ Black Friday Deals: https://bit.ly/3QVgtGy\n\n\ud83d\udc55 Get your Ben Shapiro Polo here: https://bit.ly/3TAu2cw\n\n#BenShapiro #TheBenShapiroShow #News #Politics #DailyWire", "link": "https://www.youtube.com/watch?v=Vx6SNYovPG8", "date_published": "2023-11-27T18:00:07+00:00", "permanent": false, "bookmarked": false, "dead": false, "artist": "Ben Shapiro", "album": "Ben Shapiro", "user": null, "language": "en-US", "thumbnail": "https://i3.ytimg.com/vi/Vx6SNYovPG8/hqdefault.jpg", "age": null, "page_rating_contents": 0, "page_rating_votes": 0, "page_rating_visits": 0, "page_rating": 0, "tags": [], "comments": [], "vote": 0}]