[{"source": "https://www.youtube.com/feeds/videos.xml?channel_id=UCL_f53ZEJxp8TtlOkHwMV9Q", "title": "An Alternative to Western Nihilism | His Excellency Saeed Al Nazari | EP 400", "description": "Dr. Jordan B Peterson sits down with the Secretary General of Great Arab Minds, His Excellency Saeed Al Nazari. They discuss the origins of the United Arab Emirates, how the Abraham Accords and a Tri-Faith system have taken effect and opened dialogue, the projects spearheaded by Saeed for the education, entrepreneurialism and empowerment of young Emiratees, and why the unique vision and strong values of the UAE have lifted the country to unimaginable heights in only half a century.\n\n\u200b\u200bHis Excellency Saeed Al Nazari is the Secretary General of Great Arab Minds. He is also spearheading Transformational Projects and Creative Affairs at the Executive Office of His Highness Sheikh Mohammed bin Rashid Al Maktoum, in addition to the Mohammed bin Rashid Leadership Development Center and the Arab Strategy Forum.\n\nDr. Peterson's extensive catalog is available now on DailyWire+: https://bit.ly/3KrWbS8\n\n\n- Sponsors -\n\nExpressVPN: Get 3 Months FREE of ExpressVPN: https://expressvpn.com/jordan\n\nPr", "link": "https://www.youtube.com/watch?v=bgfyxc1NN58", "date_published": "2023-11-27T22:00:17+00:00", "permanent": false, "bookmarked": false, "dead": false, "artist": "Jordan B Peterson", "album": "Jordan B Peterson", "user": null, "language": "en-US", "thumbnail": "https://i3.ytimg.com/vi/bgfyxc1NN58/hqdefault.jpg", "age": null, "page_rating_contents": 0, "page_rating_votes": 0, "page_rating_visits": 0, "page_rating": 0, "tags": [], "comments": [], "vote": 0}]