[{"source": "https://www.youtube.com/feeds/videos.xml?channel_id=UC_0CVCfC_3iuHqmyClu59Uw", "title": "An All-New RYZEN Z1 Mini Gaming PC! Phoenix Edge Z1 Hands-On First Look", "description": "Vip-Urcdkey Black Friday Sale Code for software: ETA\nWindows 10 Pro OEM Key($15): https://biitt.ly/KpEmf\nWindows 11 Pro Key($21): https://biitt.ly/RUZiX\nWindows10 Home Key($14): https://biitt.ly/2tPi1\nOffice 2019 pro key($46): https://biitt.ly/o0OQT\nOffice 2021 pro key($59): https://biitt.ly/iDMHc\n\nIn this video we take a look at an upcoming Mini PC that\u2019s Powered bye The AMD Ryzen Z1 APU! With an RDNA3 iGPU, 6 Cores and 12 Threads This mini Gaming PC is Pretty Fast and The Company plans on A Z1 Extream Version Also. We take a look at tghe over all unit, Run some Benchmarks and test some PC games on this new Z1 Mini PC.\n\nMore Information coming Soon: \n\nFollow Me On Twitter: https://twitter.com/theetaprime\nFollow Me On Instagram: https://www.instagram.com/etaprime/\n\nEquipment I Use:\nMonitor: Pixio 277 Pro On Amazon: https://amzn.to/3PGUBwe\nElgato HD60 X Screen Capture Device: https://amzn.to/3GkP2AL\nTool Kit: https://amzn.to/3Wo8bpX\nCamera: https://amzn.to/3XJfFoI\n\nDISCLAIMER: This vi", "link": "https://www.youtube.com/watch?v=uGaIO6Jbqg4", "date_published": "2023-11-27T15:06:00+00:00", "permanent": false, "bookmarked": false, "dead": false, "artist": "ETA PRIME", "album": "ETA PRIME", "user": null, "language": "en-US", "thumbnail": "https://i2.ytimg.com/vi/uGaIO6Jbqg4/hqdefault.jpg", "age": null, "page_rating_contents": 0, "page_rating_votes": 0, "page_rating_visits": 0, "page_rating": 0, "tags": [], "comments": [], "vote": 0}]