[{"source": "http://feeds.bbci.co.uk/news/technology/rss.xml", "title": "Elon Musk visits Israel after antisemitism row", "description": "The X boss, recently accused of antisemitism, discussed tackling hate with Israel's president.", "link": "https://www.bbc.co.uk/news/technology-67544945?at_medium=RSS&at_campaign=KARANGA", "date_published": "2023-11-27T21:35:06+00:00", "permanent": false, "bookmarked": false, "dead": false, "artist": "BBC tech", "album": "BBC tech", "user": null, "language": "en-US", "thumbnail": "https://news.bbcimg.co.uk/nol/shared/img/bbc_news_120x60.gif", "age": null, "page_rating_contents": 0, "page_rating_votes": 0, "page_rating_visits": 0, "page_rating": 0, "tags": [], "comments": [], "vote": 0}, {"source": "http://feeds.bbci.co.uk/news/technology/rss.xml", "title": "Children making AI-generated child abuse images, says charity", "description": "A charity says it is receiving \"small numbers\" of reports from schools but now is the time to act.", "link": "https://www.bbc.co.uk/news/technology-67521226?at_medium=RSS&at_campaign=KARANGA", "date_published": "2023-11-27T15:03:29+00:00", "permanent": false, "bookmarked": false, "dead": false, "artist": "BBC tech", "album": "BBC tech", "user": null, "language": "en-US", "thumbnail": "https://news.bbcimg.co.uk/nol/shared/img/bbc_news_120x60.gif", "age": null, "page_rating_contents": 0, "page_rating_votes": 0, "page_rating_visits": 0, "page_rating": 0, "tags": [], "comments": [], "vote": 0}, {"source": "http://feeds.bbci.co.uk/news/technology/rss.xml", "title": "The job sharing apps that feel like online dating", "description": "New website platforms are working like matchmakers to connect potential job sharers.", "link": "https://www.bbc.co.uk/news/business-67413201?at_medium=RSS&at_campaign=KARANGA", "date_published": "2023-11-27T00:05:56+00:00", "permanent": false, "bookmarked": false, "dead": false, "artist": "BBC tech", "album": "BBC tech", "user": null, "language": "en-US", "thumbnail": "https://news.bbcimg.co.uk/nol/shared/img/bbc_news_120x60.gif", "age": null, "page_rating_contents": 0, "page_rating_votes": 0, "page_rating_visits": 0, "page_rating": 0, "tags": [], "comments": [], "vote": 0}]