[{"source": "https://searchmysite.net/api/v1/feed/search/browse/", "title": "Home - imtothrive.com", "description": "", "link": "https://imtothrive.com", "date_published": "2023-11-27T18:12:19.377473+00:00", "permanent": false, "bookmarked": false, "dead": false, "artist": "searchmysite.net results", "album": "searchmysite.net results", "user": null, "language": "en", "thumbnail": null, "age": null, "page_rating_contents": 0, "page_rating_votes": 0, "page_rating_visits": 0, "page_rating": 0, "tags": [], "comments": [], "vote": 0}, {"source": "https://searchmysite.net/api/v1/feed/search/browse/", "title": "Retro Modern \u2013 Contemporary Modernism to fight boring", "description": "", "link": "https://www.modernist3.ca", "date_published": "2023-11-27T02:17:15.323445+00:00", "permanent": false, "bookmarked": false, "dead": false, "artist": "searchmysite.net results", "album": "searchmysite.net results", "user": null, "language": "en", "thumbnail": null, "age": null, "page_rating_contents": 0, "page_rating_votes": 0, "page_rating_visits": 0, "page_rating": 0, "tags": [], "comments": [], "vote": 0}]