[{"source": "https://japantoday.com/feed", "title": "Willian strikes twice from the spot as Fulham beat Wolves", "description": "Willian scored twice from the penalty spot on Monday as Fulham beat Wolves 3-2 to notch their first Premier League win since early October and climb 10 points\u2026", "link": "https://japantoday.com/category/sports/willian-strikes-twice-from-the-spot-as-fulham-beat-wolves", "date_published": "2023-11-27T22:53:59+00:00", "permanent": false, "bookmarked": false, "dead": false, "artist": "Japan Today", "album": "Japan Today", "user": null, "language": "en", "thumbnail": null, "age": null, "page_rating_contents": 0, "page_rating_votes": 0, "page_rating_visits": 0, "page_rating": 0, "tags": [], "comments": [], "vote": 0}, {"source": "https://japantoday.com/feed", "title": "Nagasaki survivor urges nuke weapons abolition at U.N. treaty confab", "description": "An 83-year-old survivor of the U.S. atomic bombing of Japan's Nagasaki called Monday for the elimination of nuclear weapons in his speech at the onset of a five-day\u2026", "link": "https://japantoday.com/category/national/nagasaki-survivor-urges-nuke-weapons-abolition-at-u.n.-treaty-confab", "date_published": "2023-11-27T22:52:18+00:00", "permanent": false, "bookmarked": false, "dead": false, "artist": "Japan Today", "album": "Japan Today", "user": null, "language": "en", "thumbnail": null, "age": null, "page_rating_contents": 0, "page_rating_votes": 0, "page_rating_visits": 0, "page_rating": 0, "tags": [], "comments": [], "vote": 0}, {"source": "https://japantoday.com/feed", "title": "New incentives could boost satisfaction with in-person work, but few employers are making changes", "description": "Justin Ryan Horton has two jobs. When he's not putting in 24-hour shifts as a firefighter, the 22-year-old is working as an administrative assistant for a local community\u2026", "link": "https://japantoday.com/category/business/new-incentives-could-boost-satisfaction-with-in-person-work-but-few-employers-are-making-changes", "date_published": "2023-11-27T22:50:27+00:00", "permanent": false, "bookmarked": false, "dead": false, "artist": "Japan Today", "album": "Japan Today", "user": null, "language": "en", "thumbnail": null, "age": null, "page_rating_contents": 0, "page_rating_votes": 0, "page_rating_visits": 0, "page_rating": 0, "tags": [], "comments": [], "vote": 0}, {"source": "https://japantoday.com/feed", "title": "Shop employee fights off three robbers with polearm in Tokyo's Ueno district", "description": "At around 6:40 p.m. on Sunday evening,\u00a0a pair of men on a motor bike pulled up to a store that sells precious metals in Tokyo\u2019s Ueno district, located\u2026", "link": "https://japantoday.com/category/crime/shop-employee-fights-off-three-robbers-with-polearm-in-ueno", "date_published": "2023-11-27T22:25:38+00:00", "permanent": false, "bookmarked": false, "dead": false, "artist": "Japan Today", "album": "Japan Today", "user": null, "language": "en", "thumbnail": null, "age": null, "page_rating_contents": 0, "page_rating_votes": 0, "page_rating_visits": 0, "page_rating": 0, "tags": [], "comments": [], "vote": 0}, {"source": "https://japantoday.com/feed", "title": "Diplomatic spat over the Parthenon Marbles scuttles meeting of British and Greek leaders", "description": "A diplomatic spat erupted Monday between Greece and Britain after the U.K. canceled a planned meeting of their prime ministers, prompting the Greek premier to accuse his British\u2026", "link": "https://japantoday.com/category/world/diplomatic-spat-over-the-parthenon-marbles-scuttles-meeting-of-british-and-greek-leaders", "date_published": "2023-11-27T22:05:57+00:00", "permanent": false, "bookmarked": false, "dead": false, "artist": "Japan Today", "album": "Japan Today", "user": null, "language": "en", "thumbnail": null, "age": null, "page_rating_contents": 0, "page_rating_votes": 0, "page_rating_visits": 0, "page_rating": 0, "tags": [], "comments": [], "vote": 0}, {"source": "https://japantoday.com/feed", "title": "Imanaga becomes free agent Tuesday", "description": "Sh\u014dta Imanaga, who got the win for Japan in this year's World Baseball Classic final against the United States, will become a free agent Tuesday and major league\u2026", "link": "https://japantoday.com/category/sports/wbc-final-winner-shota-imanaga-becomes-free-agent-tuesday-talks-can-run-through-jan.-11", "date_published": "2023-11-27T21:52:17+00:00", "permanent": false, "bookmarked": false, "dead": false, "artist": "Japan Today", "album": "Japan Today", "user": null, "language": "en", "thumbnail": null, "age": null, "page_rating_contents": 0, "page_rating_votes": 0, "page_rating_visits": 0, "page_rating": 0, "tags": [], "comments": [], "vote": 0}, {"source": "https://japantoday.com/feed", "title": "Cyber Monday marks year's biggest online shopping day in U.S.", "description": "Consumers are scouring the internet for online deals as they begin to cap off the five-day post-Thanksgiving shopping bonanza with Cyber Monday.\nEven though e-commerce is now part\u2026", "link": "https://japantoday.com/category/business/still-looking-for-deals-on-holiday-gifts-retailers-are-offering-discounts-on-cyber-monday", "date_published": "2023-11-27T21:49:05+00:00", "permanent": false, "bookmarked": false, "dead": false, "artist": "Japan Today", "album": "Japan Today", "user": null, "language": "en", "thumbnail": null, "age": null, "page_rating_contents": 0, "page_rating_votes": 0, "page_rating_visits": 0, "page_rating": 0, "tags": [], "comments": [], "vote": 0}, {"source": "https://japantoday.com/feed", "title": "Why do they give? Donors speak about what moves them and how they plan end-of-year donations", "description": "What motivates people to donate to charities or causes they care about is often deeply personal. Donors name relatives or friends who have survived or died from illnesses.\u2026", "link": "https://japantoday.com/category/features/lifestyle/why-do-they-give-donors-speak-about-what-moves-them-and-how-they-plan-end-of-year-donations", "date_published": "2023-11-27T21:43:06+00:00", "permanent": false, "bookmarked": false, "dead": false, "artist": "Japan Today", "album": "Japan Today", "user": null, "language": "en", "thumbnail": null, "age": null, "page_rating_contents": 0, "page_rating_votes": 0, "page_rating_visits": 0, "page_rating": 0, "tags": [], "comments": [], "vote": 0}, {"source": "https://japantoday.com/feed", "title": "Kenya flooding death toll rises to 76, with thousands marooned by worsening rains", "description": "The Kenyan government on Monday urged people living in flood-prone areas to relocate to higher ground as heavy rains and flash floods continued to wreak havoc across East\u2026", "link": "https://japantoday.com/category/world/kenya-raises-alarm-as-flooding-death-toll-rises-to-76-with-thousands-marooned-by-worsening-rains", "date_published": "2023-11-27T21:41:32+00:00", "permanent": false, "bookmarked": false, "dead": false, "artist": "Japan Today", "album": "Japan Today", "user": null, "language": "en", "thumbnail": null, "age": null, "page_rating_contents": 0, "page_rating_votes": 0, "page_rating_visits": 0, "page_rating": 0, "tags": [], "comments": [], "vote": 0}, {"source": "https://japantoday.com/feed", "title": "Assailants in latest ship attack near Yemen were likely Somali, not Houthi rebels, Pentagon says", "description": "The five armed assailants captured by U.S. forces after seizing a commercial ship near Yemen over the weekend were likely Somali and not Iranian-backed Houthi rebels, the Pentagon\u2026", "link": "https://japantoday.com/category/world/militants-in-latest-ship-attack-near-yemen-were-likely-somali-not-houthi-rebels-pentagon-says", "date_published": "2023-11-27T21:41:23+00:00", "permanent": false, "bookmarked": false, "dead": false, "artist": "Japan Today", "album": "Japan Today", "user": null, "language": "en", "thumbnail": null, "age": null, "page_rating_contents": 0, "page_rating_votes": 0, "page_rating_visits": 0, "page_rating": 0, "tags": [], "comments": [], "vote": 0}, {"source": "https://japantoday.com/feed", "title": "UK government reaches pay deal with senior doctors that could end disruptive strikes", "description": "Britain's government reached a deal with senior doctors in England that could potentially end a series of disruptive strikes, officials said Monday.\nThe Department of Health and Social\u2026", "link": "https://japantoday.com/category/world/uk-government-reaches-a-pay-deal-with-senior-doctors-that-could-end-disruptive-strikes", "date_published": "2023-11-27T21:41:16+00:00", "permanent": false, "bookmarked": false, "dead": false, "artist": "Japan Today", "album": "Japan Today", "user": null, "language": "en", "thumbnail": null, "age": null, "page_rating_contents": 0, "page_rating_votes": 0, "page_rating_visits": 0, "page_rating": 0, "tags": [], "comments": [], "vote": 0}, {"source": "https://japantoday.com/feed", "title": "N Korean, U.S. envoys engage in rare, public sparring match at U.N.", "description": "The United Nations ambassadors of the United States and North Korea sparred at the Security Council on Monday over Pyongyang's first spy satellite launch and the reasons for\u2026", "link": "https://japantoday.com/category/world/north-korea-us-envoys-engage-in-rare-public-sparring-match-at-un", "date_published": "2023-11-27T21:41:09+00:00", "permanent": false, "bookmarked": false, "dead": false, "artist": "Japan Today", "album": "Japan Today", "user": null, "language": "en", "thumbnail": null, "age": null, "page_rating_contents": 0, "page_rating_votes": 0, "page_rating_visits": 0, "page_rating": 0, "tags": [], "comments": [], "vote": 0}, {"source": "https://japantoday.com/feed", "title": "Hungary's Orban ramps up anti-EU rhetoric amid row over frozen funds", "description": "EU chief Charles Michel met Prime Minister Viktor Orban Monday in a bid to ease rising tensions, with the increasingly belligerent Hungarian leader threatening to block key decisions\u2026", "link": "https://japantoday.com/category/world/hungary%27s-orban-ramps-up-anti-eu-rhetoric-amid-row-over-frozen-funds", "date_published": "2023-11-27T21:40:33+00:00", "permanent": false, "bookmarked": false, "dead": false, "artist": "Japan Today", "album": "Japan Today", "user": null, "language": "en", "thumbnail": null, "age": null, "page_rating_contents": 0, "page_rating_votes": 0, "page_rating_visits": 0, "page_rating": 0, "tags": [], "comments": [], "vote": 0}, {"source": "https://japantoday.com/feed", "title": "Sweden PM condemns far-right call to tear down mosques", "description": "Swedish Prime Minister Ulf Kristersson denounced the leader of the far-right party propping up his government Monday after he called for some mosques to be torn down.\nSweden\u2026", "link": "https://japantoday.com/category/world/sweden-pm-condemns-far-right-call-to-tear-down-mosques", "date_published": "2023-11-27T21:40:24+00:00", "permanent": false, "bookmarked": false, "dead": false, "artist": "Japan Today", "album": "Japan Today", "user": null, "language": "en", "thumbnail": null, "age": null, "page_rating_contents": 0, "page_rating_votes": 0, "page_rating_visits": 0, "page_rating": 0, "tags": [], "comments": [], "vote": 0}, {"source": "https://japantoday.com/feed", "title": "Musk visits Israel to meet top leaders as accusations of antisemitism on X grow", "description": "Elon Musk, who's been under fire for endorsing an antisemitic conspiracy theory and wider accusations of hatred flourishing on his social media platform X, visited Israel, where he\u2026", "link": "https://japantoday.com/category/world/elon-musk-visits-israel-to-meet-top-leaders-as-accusations-of-antisemitism-on-x-grow", "date_published": "2023-11-27T21:40:04+00:00", "permanent": false, "bookmarked": false, "dead": false, "artist": "Japan Today", "album": "Japan Today", "user": null, "language": "en", "thumbnail": null, "age": null, "page_rating_contents": 0, "page_rating_votes": 0, "page_rating_visits": 0, "page_rating": 0, "tags": [], "comments": [], "vote": 0}, {"source": "https://japantoday.com/feed", "title": "Deadly storm cuts power to nearly two million in Russia, Ukraine", "description": "Hurricane force winds, snowfall and flooding that swept parts of southern Russia, Ukraine and Moldova left at least eight people dead Monday and almost two million without power,\u2026", "link": "https://japantoday.com/category/world/deadly-storm-cuts-power-to-nearly-2-mn-people-in-russia-ukraine", "date_published": "2023-11-27T21:39:52+00:00", "permanent": false, "bookmarked": false, "dead": false, "artist": "Japan Today", "album": "Japan Today", "user": null, "language": "en", "thumbnail": null, "age": null, "page_rating_contents": 0, "page_rating_votes": 0, "page_rating_visits": 0, "page_rating": 0, "tags": [], "comments": [], "vote": 0}, {"source": "https://japantoday.com/feed", "title": "Israel and Hamas agree to extend truce for two more days, and to free more hostages and prisoners", "description": "Israel and Hamas agreed to extend their cease-fire for two more days past Monday, the Qatari government said, raising the prospect of a longer halt to their deadliest\u2026", "link": "https://japantoday.com/category/world/israel-and-hamas-look-to-extend-cease-fire-on-its-final-day-with-one-more-hostage-swap-planned", "date_published": "2023-11-27T21:39:37+00:00", "permanent": false, "bookmarked": false, "dead": false, "artist": "Japan Today", "album": "Japan Today", "user": null, "language": "en", "thumbnail": null, "age": null, "page_rating_contents": 0, "page_rating_votes": 0, "page_rating_visits": 0, "page_rating": 0, "tags": [], "comments": [], "vote": 0}, {"source": "https://japantoday.com/feed", "title": "Ronaldo rejects penalty he's awarded in Asian Champions League", "description": "Cristiano Ronaldo's honesty helped to nullify a penalty he was awarded as his 10-man Al-Nassr side held on to draw with Persepolis of Iran 0-0 in the Asian\u2026", "link": "https://japantoday.com/category/sports/ronaldo-rejects-penalty-he%27s-awarded-in-asian-champions-league", "date_published": "2023-11-27T21:39:26+00:00", "permanent": false, "bookmarked": false, "dead": false, "artist": "Japan Today", "album": "Japan Today", "user": null, "language": "en", "thumbnail": null, "age": null, "page_rating_contents": 0, "page_rating_votes": 0, "page_rating_visits": 0, "page_rating": 0, "tags": [], "comments": [], "vote": 0}, {"source": "https://japantoday.com/feed", "title": "FIBA holds draw for final 4 Olympic men's basketball qualifying events", "description": "Dallas' Luka Doncic, Milwaukee's Giannis Antetokounmpo and Minnesota's Karl-Anthony Towns all still have a chance to play in next summer\u2019s Paris Olympics.\nBut at least two of those\u2026", "link": "https://japantoday.com/category/sports/fiba-holds-draw-for-final-4-olympic-men%27s-basketball-qualifying-events", "date_published": "2023-11-27T21:39:19+00:00", "permanent": false, "bookmarked": false, "dead": false, "artist": "Japan Today", "album": "Japan Today", "user": null, "language": "en", "thumbnail": null, "age": null, "page_rating_contents": 0, "page_rating_votes": 0, "page_rating_visits": 0, "page_rating": 0, "tags": [], "comments": [], "vote": 0}, {"source": "https://japantoday.com/feed", "title": "China turns to households in fight to slash carbon emissions", "description": "At a gleaming new metro station on the edge of Shenzhen, the local government is promoting &quot;carbon coins&quot; to commuters to earn and trade for shopping vouchers and\u2026", "link": "https://japantoday.com/category/tech/analysis-china-turns-to-households-in-fight-to-slash-carbon-emissions1", "date_published": "2023-11-27T21:38:52+00:00", "permanent": false, "bookmarked": false, "dead": false, "artist": "Japan Today", "album": "Japan Today", "user": null, "language": "en", "thumbnail": null, "age": null, "page_rating_contents": 0, "page_rating_votes": 0, "page_rating_visits": 0, "page_rating": 0, "tags": [], "comments": [], "vote": 0}, {"source": "https://japantoday.com/feed", "title": "Google to start deleting inactive accounts in December", "description": "Have a Google account you haven't used in a while? If you want to keep it from disappearing, you should sign in before the end of the week.\u2026", "link": "https://japantoday.com/category/tech/google-will-start-deleting-%27inactive%27-accounts-in-december.-here%27s-what-you-need-to-know", "date_published": "2023-11-27T21:38:44+00:00", "permanent": false, "bookmarked": false, "dead": false, "artist": "Japan Today", "album": "Japan Today", "user": null, "language": "en", "thumbnail": null, "age": null, "page_rating_contents": 0, "page_rating_votes": 0, "page_rating_visits": 0, "page_rating": 0, "tags": [], "comments": [], "vote": 0}, {"source": "https://japantoday.com/feed", "title": "Prosecutors allege rapper Young Thug led gang as trial begins", "description": "Prosecutors in Atlanta said Monday that rapper Young Thug was the &quot;proclaimed leader&quot; of a gang that &quot;moved like a pack&quot; to commit crimes, as opening statements in\u2026", "link": "https://japantoday.com/category/entertainment/prosecutors-allege-rapper-young-thug-led-gang-as-trial-begins", "date_published": "2023-11-27T21:37:46+00:00", "permanent": false, "bookmarked": false, "dead": false, "artist": "Japan Today", "album": "Japan Today", "user": null, "language": "en", "thumbnail": null, "age": null, "page_rating_contents": 0, "page_rating_votes": 0, "page_rating_visits": 0, "page_rating": 0, "tags": [], "comments": [], "vote": 0}, {"source": "https://japantoday.com/feed", "title": "Locals use big-city thinking to bring Gunma onsen town back from brink", "description": "A once-thriving, desolate-looking &quot;onsen&quot; hot spring town in eastern Japan is undergoing a transformation through a project that could work as a promising model for enlivening fellow struggling\u2026", "link": "https://japantoday.com/category/national/feature-locals-use-big-city-thinking-to-bring-onsen-town-back-from-brink", "date_published": "2023-11-27T21:37:12+00:00", "permanent": false, "bookmarked": false, "dead": false, "artist": "Japan Today", "album": "Japan Today", "user": null, "language": "en", "thumbnail": null, "age": null, "page_rating_contents": 0, "page_rating_votes": 0, "page_rating_visits": 0, "page_rating": 0, "tags": [], "comments": [], "vote": 0}, {"source": "https://japantoday.com/feed", "title": "House of Representatives staff member arrested for shoplifting", "description": "Police in Yokohama have arrested a 53-year-old House of Representatives Secretariat staff member on suspicion of theft after he allegedly stole grocery items worth about 9,000 yen from\u2026", "link": "https://japantoday.com/category/crime/house-of-representatives-staff-member-arrested-for-shoplifting", "date_published": "2023-11-27T21:36:19+00:00", "permanent": false, "bookmarked": false, "dead": false, "artist": "Japan Today", "album": "Japan Today", "user": null, "language": "en", "thumbnail": null, "age": null, "page_rating_contents": 0, "page_rating_votes": 0, "page_rating_visits": 0, "page_rating": 0, "tags": [], "comments": [], "vote": 0}, {"source": "https://japantoday.com/feed", "title": "Kishida grilled over alleged gifts to IOC for Tokyo's Olympic bid", "description": "Japan's Prime Minister Fumio Kishida was grilled in the Diet on Monday by the opposition bloc over Ishikawa Gov Hiroshi Hase's remarks that gifts were provided to International\u2026", "link": "https://japantoday.com/category/politics/update1-japan-pm-grilled-over-alleged-gifts-to-ioc-for-tokyo%27s-olympic-bid", "date_published": "2023-11-27T21:35:46+00:00", "permanent": false, "bookmarked": false, "dead": false, "artist": "Japan Today", "album": "Japan Today", "user": null, "language": "en", "thumbnail": null, "age": null, "page_rating_contents": 0, "page_rating_votes": 0, "page_rating_visits": 0, "page_rating": 0, "tags": [], "comments": [], "vote": 0}, {"source": "https://japantoday.com/feed", "title": "Japan, Vietnam to strengthen security and economic ties", "description": "Japan and Vietnam on Monday agreed to strengthen their security and economic ties in the face of China\u2019s growing influence in the region. \nJapanese Prime Minister Fumio Kishida\u2026", "link": "https://japantoday.com/category/politics/japan-and-vietnam-agree-to-boost-ties-and-start-discussing-japanese-military-aid-amid-china-threat", "date_published": "2023-11-27T21:35:36+00:00", "permanent": false, "bookmarked": false, "dead": false, "artist": "Japan Today", "album": "Japan Today", "user": null, "language": "en", "thumbnail": null, "age": null, "page_rating_contents": 0, "page_rating_votes": 0, "page_rating_visits": 0, "page_rating": 0, "tags": [], "comments": [], "vote": 0}, {"source": "https://japantoday.com/feed", "title": "3 Asian powers' framework sparks hope for cooperation on N Korea", "description": "The foreign ministers from Japan, China, and South Korea agreed in Busan on Sunday to communicate closely over North Korean issues, sparking hope that cooperative possibilities on the\u2026", "link": "https://japantoday.com/category/politics/focus-3-asian-powers%27-framework-sparks-hope-for-cooperation-on-n.-korea", "date_published": "2023-11-27T21:35:10+00:00", "permanent": false, "bookmarked": false, "dead": false, "artist": "Japan Today", "album": "Japan Today", "user": null, "language": "en", "thumbnail": null, "age": null, "page_rating_contents": 0, "page_rating_votes": 0, "page_rating_visits": 0, "page_rating": 0, "tags": [], "comments": [], "vote": 0}, {"source": "https://japantoday.com/feed", "title": "Space man", "description": "Yusaku Maezawa, the entrepreneur who became the first Japanese civilian to travel to the International Space Station in December 2021, attends an event in Tokyo on Monday, showing\u2026", "link": "https://japantoday.com/category/picture-of-the-day/space-man-1", "date_published": "2023-11-27T21:34:26+00:00", "permanent": false, "bookmarked": false, "dead": false, "artist": "Japan Today", "album": "Japan Today", "user": null, "language": "en", "thumbnail": null, "age": null, "page_rating_contents": 0, "page_rating_votes": 0, "page_rating_visits": 0, "page_rating": 0, "tags": [], "comments": [], "vote": 0}, {"source": "https://japantoday.com/feed", "title": "Incoming New Zealand gov't to abandon anti-smoking laws", "description": "New Zealand's incoming conservative government will jettison world-leading measures to stub out smoking, new Prime Minister Christopher Luxon confirmed Monday, in a move described by health campaigners as\u2026", "link": "https://japantoday.com/category/world/incoming-new-zealand-govt-to-abandon-anti-smoking-laws1", "date_published": "2023-11-27T09:52:26+00:00", "permanent": false, "bookmarked": false, "dead": false, "artist": "Japan Today", "album": "Japan Today", "user": null, "language": "en", "thumbnail": null, "age": null, "page_rating_contents": 0, "page_rating_votes": 0, "page_rating_visits": 0, "page_rating": 0, "tags": [], "comments": [], "vote": 0}, {"source": "https://japantoday.com/feed", "title": "Asian shares mostly decline, as investors watch spending, inflation", "description": "Asian shares retreated Monday as investors awaited updates on consumer spending and inflation in the U.S. and other nations.\nJapan\u2019s benchmark Nikkei 225 dipped 0.5% to finish at\u2026", "link": "https://japantoday.com/category/business/stock-market-today-asian-shares-mostly-decline-as-investors-watch-spending-inflation", "date_published": "2023-11-27T07:39:12+00:00", "permanent": false, "bookmarked": false, "dead": false, "artist": "Japan Today", "album": "Japan Today", "user": null, "language": "en", "thumbnail": null, "age": null, "page_rating_contents": 0, "page_rating_votes": 0, "page_rating_visits": 0, "page_rating": 0, "tags": [], "comments": [], "vote": 0}, {"source": "https://japantoday.com/feed", "title": "Father arrested for fatally stabbing 48-year-old son", "description": "Police in Kagoshima have arrested a 70-year-old man on suspicion of murder after he fatally stabbed his 48-year-old son with a knife.\nAccording to police, Yukihide Tai, a\u2026", "link": "https://japantoday.com/category/crime/father-arrested-for-fatally-stabbing-48-year-old-son", "date_published": "2023-11-27T07:38:59+00:00", "permanent": false, "bookmarked": false, "dead": false, "artist": "Japan Today", "album": "Japan Today", "user": null, "language": "en", "thumbnail": null, "age": null, "page_rating_contents": 0, "page_rating_votes": 0, "page_rating_visits": 0, "page_rating": 0, "tags": [], "comments": [], "vote": 0}, {"source": "https://japantoday.com/feed", "title": "Sumitomo Mitsui Financial Group CEO dies at 65", "description": "Sumitomo Mitsui Financial Group (SMFG) on Monday said group CEO Jun Ohta died on Nov 25 aged 65 of pancreatic cancer.\nJapan's second-biggest lender after Mitsubishi UFJ Financial\u2026", "link": "https://japantoday.com/category/business/japan%27s-sumitomo-mitsui-financial-group-ceo-dies-at-65", "date_published": "2023-11-27T07:38:13+00:00", "permanent": false, "bookmarked": false, "dead": false, "artist": "Japan Today", "album": "Japan Today", "user": null, "language": "en", "thumbnail": null, "age": null, "page_rating_contents": 0, "page_rating_votes": 0, "page_rating_visits": 0, "page_rating": 0, "tags": [], "comments": [], "vote": 0}, {"source": "https://japantoday.com/feed", "title": "Line operator says 400,000 personal data items possibly leaked", "description": "Some 400,000 items of personal data, including some linked to the Line messaging app, may have been leaked by its operator Japanese tech giant LY Corp, a company\u2026", "link": "https://japantoday.com/category/national/line-operator-says-400-000-personal-data-items-possibly-leaked", "date_published": "2023-11-27T07:37:53+00:00", "permanent": false, "bookmarked": false, "dead": false, "artist": "Japan Today", "album": "Japan Today", "user": null, "language": "en", "thumbnail": null, "age": null, "page_rating_contents": 0, "page_rating_votes": 0, "page_rating_visits": 0, "page_rating": 0, "tags": [], "comments": [], "vote": 0}, {"source": "https://japantoday.com/feed", "title": "North Korea restores border guard posts amid rising tensions over its satellite launch, Seoul says", "description": "South Korea said Monday North Korea is restoring frontline guard posts that it had dismantled during a previous period of inter-Korean rapprochement, deepening tensions that spiked over the\u2026", "link": "https://japantoday.com/category/world/north-korea-restores-border-guard-posts-amid-rising-tensions-over-its-satellite-launch-seoul-says", "date_published": "2023-11-27T06:43:38+00:00", "permanent": false, "bookmarked": false, "dead": false, "artist": "Japan Today", "album": "Japan Today", "user": null, "language": "en", "thumbnail": null, "age": null, "page_rating_contents": 0, "page_rating_votes": 0, "page_rating_visits": 0, "page_rating": 0, "tags": [], "comments": [], "vote": 0}, {"source": "https://japantoday.com/feed", "title": "Six teenagers to go on trial over beheading of French teacher", "description": "Six teenagers go on trial behind closed doors on Monday, accused of involvement in the beheading of French history teacher Samuel Paty by a suspected Islamist in 2020\u2026", "link": "https://japantoday.com/category/world/six-teenagers-in-court-over-beheading-of-french-teacher", "date_published": "2023-11-27T03:05:06+00:00", "permanent": false, "bookmarked": false, "dead": false, "artist": "Japan Today", "album": "Japan Today", "user": null, "language": "en", "thumbnail": null, "age": null, "page_rating_contents": 0, "page_rating_votes": 0, "page_rating_visits": 0, "page_rating": 0, "tags": [], "comments": [], "vote": 0}]