[{"source": "https://feeds.feedburner.com/TheHackersNews", "title": "How to Handle Retail SaaS Security on Cyber Monday", "description": "If forecasters are right, over the course of today, consumers will spend\u00a0$13.7 billion. Just about every click, sale, and engagement will be captured by a CRM platform. Inventory applications will trigger automated re-orders; communication tools will send automated email and text messages confirming sales and sharing shipping information.\u00a0\nSaaS applications supporting retail efforts will host", "link": "https://thehackernews.com/2023/11/how-to-handle-retail-saas-security-on.html", "date_published": "2023-11-27T17:57:00+00:00", "permanent": false, "bookmarked": false, "dead": false, "artist": "The Hacker News", "album": "The Hacker News", "user": null, "language": "en-US", "thumbnail": null, "age": null, "page_rating_contents": 0, "page_rating_votes": 0, "page_rating_visits": 0, "page_rating": 0, "tags": [], "comments": [], "vote": 0}, {"source": "https://feeds.feedburner.com/TheHackersNews", "title": "Experts Uncover Passive Method to Extract Private RSA Keys from SSH Connections", "description": "A new study has demonstrated that it's possible for passive network attackers to obtain private RSA host keys from a vulnerable SSH server by observing when naturally occurring computational faults that occur while the connection is being established.\nThe Secure Shell (SSH) protocol is a method for securely transmitting commands and logging in to a computer over an unsecured network. Based on a", "link": "https://thehackernews.com/2023/11/experts-uncover-passive-method-to.html", "date_published": "2023-11-27T13:18:00+00:00", "permanent": false, "bookmarked": false, "dead": false, "artist": "The Hacker News", "album": "The Hacker News", "user": null, "language": "en-US", "thumbnail": null, "age": null, "page_rating_contents": 0, "page_rating_votes": 0, "page_rating_visits": 0, "page_rating": 0, "tags": [], "comments": [], "vote": 0}, {"source": "https://feeds.feedburner.com/TheHackersNews", "title": "U.S., U.K., and Global Partners Release Secure AI System Development Guidelines", "description": "The U.K. and U.S., along with international partners from 16 other countries, have released new guidelines for the development of secure artificial intelligence (AI) systems.\n\"The approach prioritizes ownership of security outcomes for customers, embraces radical transparency and accountability, and establishes organizational structures where secure design is a top priority,\" the U.S.", "link": "https://thehackernews.com/2023/11/us-uk-and-global-partners-release.html", "date_published": "2023-11-27T06:55:00+00:00", "permanent": false, "bookmarked": false, "dead": false, "artist": "The Hacker News", "album": "The Hacker News", "user": null, "language": "en-US", "thumbnail": null, "age": null, "page_rating_contents": 0, "page_rating_votes": 0, "page_rating_visits": 0, "page_rating": 0, "tags": [], "comments": [], "vote": 0}]