[{"source": "https://www.computerworld.com/index.rss", "title": "New Amazon Lex AI features aim to let developers quickly build, enhance bots", "description": "Amazon has added generative AI tools to Lex, its chatbot development tool.", "link": "https://www.infoworld.com/article/3711441/new-amazon-lex-ai-features-aim-to-let-developers-quickly-build-enhance-bots.html#tk.rss_all", "date_published": "2023-11-27T14:22:00+00:00", "permanent": false, "bookmarked": false, "dead": false, "artist": "ComputerWorld", "album": "ComputerWorld", "user": null, "language": "en-US", "thumbnail": "https://images.idgesg.net/images/article/2021/12/it_professionals_programmers_engineers_developers_in_a_modern_workspace_by_gorodenkoff_shutterstock_1798108843_creative_digital-only_2400x1600-100913014-small.jpg", "age": null, "page_rating_contents": 0, "page_rating_votes": 0, "page_rating_visits": 0, "page_rating": 0, "tags": [], "comments": [], "vote": 0}]