[{"source": "https://www.youtube.com/feeds/videos.xml?channel_id=UC5T0tXJN5CrMZUEJuz4oovw", "title": "Doctor Who is DEAD | Murdered by The Message", "description": "The Doctor Who 60th Anniversary Special is a DISASTER. You can't go home again.\nRIP Doctor Who\n#doctorwho #disney #BBC\n\nBecome a Nerdrotic Channel Member\nwww.youtube.com/c/sutrowatchtower/join\n\nEdited by @PierryChan \n\nSubscribe to The Nerdrotic Network: @nerdrotic @NerdroticLive @NerdroticDaily \n\nNerdrotic Merch Store!\nhttps://mixedtees.com/nerdrotic\n\nFNT T-Shirt!\nhttps://mixedtees.com/nerdrotic/friday-night-tights\n\nSponsored by MetaPCs!\nClick here to get a discount on a PC: https://www.metapcs.com/creator-nerdrotic/\n\nSponsored by GEEK GRIND!\nNerdrotic Blend Coffee from Geek Grind\nUse Promo Code \"Nerdrotic\" for 20% off:\nhttps://geekgrindcoffee.com/products/...\n\nNerdrotic Coffee Cup from Geek Grind:\nhttps://geekgrindcoffee.com/products/...", "link": "https://www.youtube.com/watch?v=f_QdVnOajWM", "date_published": "2023-11-27T20:14:13+00:00", "permanent": false, "bookmarked": false, "dead": false, "artist": "Nerdrotic", "album": "Nerdrotic", "user": null, "language": "en-US", "thumbnail": "https://i3.ytimg.com/vi/f_QdVnOajWM/hqdefault.jpg", "age": null, "page_rating_contents": 0, "page_rating_votes": 0, "page_rating_visits": 1, "page_rating": 0, "tags": [], "comments": [], "vote": 0}]