[{"source": "https://www.bleepingcomputer.com/feed/", "title": "Microsoft deprecates Defender Application Guard for Office", "description": "Microsoft is deprecating Defender Application Guard for Office and the Windows Security Isolation APIs,\u00a0and it recommends Defender for Endpoint attack surface reduction rules, Protected View, and Windows Defender Application Control as an alternative. [...]", "link": "https://www.bleepingcomputer.com/news/microsoft/microsoft-deprecates-defender-application-guard-for-office", "date_published": "2023-11-27T21:00:57+00:00", "permanent": false, "bookmarked": false, "dead": false, "artist": "BleepingComputer", "album": "BleepingComputer", "user": null, "language": "en-US", "thumbnail": null, "age": null, "page_rating_contents": 0, "page_rating_votes": 0, "page_rating_visits": 0, "page_rating": 0, "tags": [], "comments": [], "vote": 0}, {"source": "https://www.bleepingcomputer.com/feed/", "title": "Ransomware attack on indie game maker wiped all player accounts", "description": "A ransomware attack on the \"Ethyrial: Echoes of Yore\" MMORPG last Friday destroyed 17,000 player accounts, deleting their in-game items and progress in the game. [...]", "link": "https://www.bleepingcomputer.com/news/security/ransomware-attack-on-indie-game-maker-wiped-all-player-accounts", "date_published": "2023-11-27T20:06:14+00:00", "permanent": false, "bookmarked": false, "dead": false, "artist": "BleepingComputer", "album": "BleepingComputer", "user": null, "language": "en-US", "thumbnail": null, "age": null, "page_rating_contents": 0, "page_rating_votes": 0, "page_rating_visits": 0, "page_rating": 0, "tags": [], "comments": [], "vote": 0}, {"source": "https://www.bleepingcomputer.com/feed/", "title": "Healthcare giant Henry Schein hit twice by BlackCat ransomware", "description": "American healthcare company Henry Schein has reported a second cyberattack this month by the BlackCat/ALPHV ransomware gang, who also breached their network in October. [...]", "link": "https://www.bleepingcomputer.com/news/security/healthcare-giant-henry-schein-hit-twice-by-blackcat-ransomware", "date_published": "2023-11-27T19:44:20+00:00", "permanent": false, "bookmarked": false, "dead": false, "artist": "BleepingComputer", "album": "BleepingComputer", "user": null, "language": "en-US", "thumbnail": null, "age": null, "page_rating_contents": 0, "page_rating_votes": 0, "page_rating_visits": 0, "page_rating": 0, "tags": [], "comments": [], "vote": 0}, {"source": "https://www.bleepingcomputer.com/feed/", "title": "Ukraine says it hacked Russian aviation agency, leaks data", "description": "Ukraine's intelligence service, operating under the Defense Ministry, claims they hacked Russia's Federal Air Transport Agency, 'Rosaviatsia,' to expose a purported collapse of Russia's aviation sector. [...]", "link": "https://www.bleepingcomputer.com/news/security/ukraine-says-it-hacked-russian-aviation-agency-leaks-data", "date_published": "2023-11-27T18:23:50+00:00", "permanent": false, "bookmarked": false, "dead": false, "artist": "BleepingComputer", "album": "BleepingComputer", "user": null, "language": "en-US", "thumbnail": null, "age": null, "page_rating_contents": 0, "page_rating_votes": 0, "page_rating_visits": 0, "page_rating": 0, "tags": [], "comments": [], "vote": 0}, {"source": "https://www.bleepingcomputer.com/feed/", "title": "Ardent hospital ERs disrupted in 6 states after ransomware attack", "description": "Ardent Health Services, a healthcare provider operating 30 hospitals across five U.S. states, disclosed today that its systems were hit by a ransomware attack on Thursday. [...]", "link": "https://www.bleepingcomputer.com/news/security/ardent-hospital-ers-disrupted-in-6-states-after-ransomware-attack", "date_published": "2023-11-27T17:54:41+00:00", "permanent": false, "bookmarked": false, "dead": false, "artist": "BleepingComputer", "album": "BleepingComputer", "user": null, "language": "en-US", "thumbnail": null, "age": null, "page_rating_contents": 0, "page_rating_votes": 0, "page_rating_visits": 0, "page_rating": 0, "tags": [], "comments": [], "vote": 0}, {"source": "https://www.bleepingcomputer.com/feed/", "title": "Slovenia's largest power provider HSE hit by ransomware attack", "description": "Slovenian power company Holding Slovenske Elektrarne (HSE) has suffered a ransomware attack that compromised its systems and encrypted files, yet the company says the incident did not disrupt electric power production. [...]", "link": "https://www.bleepingcomputer.com/news/security/slovenias-largest-power-provider-hse-hit-by-ransomware-attack", "date_published": "2023-11-27T16:16:01+00:00", "permanent": false, "bookmarked": false, "dead": false, "artist": "BleepingComputer", "album": "BleepingComputer", "user": null, "language": "en-US", "thumbnail": null, "age": null, "page_rating_contents": 0, "page_rating_votes": 0, "page_rating_visits": 0, "page_rating": 0, "tags": [], "comments": [], "vote": 0}, {"source": "https://www.bleepingcomputer.com/feed/", "title": "Leveraging Wazuh to combat insider threats", "description": "Effective strategies for mitigating insider threats involve a combination of detective and preventive controls. Such controls are provided by the Wazuh SIEM and XDR platform. [...]", "link": "https://www.bleepingcomputer.com/news/security/leveraging-wazuh-to-combat-insider-threats", "date_published": "2023-11-27T15:02:04+00:00", "permanent": false, "bookmarked": false, "dead": false, "artist": "BleepingComputer", "album": "BleepingComputer", "user": null, "language": "en-US", "thumbnail": null, "age": null, "page_rating_contents": 0, "page_rating_votes": 0, "page_rating_visits": 0, "page_rating": 0, "tags": [], "comments": [], "vote": 0}, {"source": "https://www.bleepingcomputer.com/feed/", "title": "Google Drive users angry over losing months of stored data", "description": "Google Drive users are reporting that recent files stored in the cloud have suddenly disappeared, with the cloud service reverting to a storage snapshot as it was around April-May 2023. [...]", "link": "https://www.bleepingcomputer.com/news/google/google-drive-users-angry-over-losing-months-of-stored-data", "date_published": "2023-11-27T14:52:47+00:00", "permanent": false, "bookmarked": false, "dead": false, "artist": "BleepingComputer", "album": "BleepingComputer", "user": null, "language": "en-US", "thumbnail": null, "age": null, "page_rating_contents": 0, "page_rating_votes": 0, "page_rating_visits": 0, "page_rating": 0, "tags": [], "comments": [], "vote": 0}]