[{"source": "https://www.gamespot.com/feeds/mashup", "title": "Ganondorf's New Look In Tears Of The Kingdom Was Meant To Make Players \"Fall For Him\"", "description": "<p>When concept art and trailers for <a href=\"https://www.gamespot.com/games/the-legend-of-zelda-tears-of-the-kingdom/\">The Legend Of Zelda</a>: Tears Of The Kingdom began circulating the internet in the months before the game's release, fans of the franchise went wild with speculation regarding the upcoming title's storyline and gameplay mechanics. But there was one thing almost everyone seemed to agree on: Ganondorf's new look <a href=\"https://twitter.com/aitaikimochi/status/1646517545128849412\">was hot</a>. In a recent interview with <a href=\"https://www.ndw.jp/\">Nintendo Dream</a> magazine (as translated by <a href=\"https://gonintendo.com/contents/29128-nintendo-aimed-to-make-ganondorf-evil-and-sexy-in-tears-of-the-kingdom\">GoNintendo</a>), Tears Of The Kingdom Director Hidemaro Fujibayashi confirmed that Ganondorf's new design was intentionally sexy.</p><p dir=\"ltr\">Fujibayashi said he had two goals in mind when it came to Ganondorf's new <a href=\"https://www.gamespot.com/review", "link": "https://www.gamespot.com/articles/ganondorfs-new-look-in-tears-of-the-kingdom-was-meant-to-make-players-fall-for-him/1100-6519508/?ftag=CAD-01-10abi2f", "date_published": "2023-11-27T23:00:00+00:00", "permanent": false, "bookmarked": false, "dead": false, "artist": "GameSpot", "album": "GameSpot", "user": null, "language": "en-US", "thumbnail": null, "age": null, "page_rating_contents": 0, "page_rating_votes": 0, "page_rating_visits": 0, "page_rating": 0, "tags": [], "comments": [], "vote": 0}, {"source": "https://www.gamespot.com/feeds/mashup", "title": "Get The Original PlayStation VR And Camera For Only $95", "description": "<p>Is there still a market for PlayStation's first venture into the world of virtual reality? Possibly! With <a href=\"https://www.gamespot.com/articles/playstation-vr-2-review-running-in-place/1100-6511528/\">PlayStation VR 2</a> not having backward compatibility with the original PSVR library, <a href=\"https://www.gamespot.com/black-friday/\">Cyber Monday</a> is a great time to grab the legacy headset and do some VR games preservation of your own. Sure, it's a more cumbersome device than the Meta Quest or the HTC Vive, but at its current price, it's not a bad way to check out VR for the first time.</p><ul><li><a href=\"https://www.jdoqocy.com/click-100770772-13142092?sid=subid_value&amp;url=https://electronics.woot.com/offers/playstation-vr-1\">PSVR headset</a> -- $65</li><li><a href=\"https://www.dpbolvw.net/click-100770772-13142092?sid=subid_value&amp;url=https://electronics.woot.com/offers/sony-cuh-zey2-sony-ps4-playstation-camera-v2-new\">PS4 Camera (New)</a> -- $40</li><li><a href=\"h", "link": "https://www.gamespot.com/articles/get-the-original-playstation-vr-and-camera-for-only-95/1100-6519470/?ftag=CAD-01-10abi2f", "date_published": "2023-11-27T22:08:00+00:00", "permanent": false, "bookmarked": false, "dead": false, "artist": "GameSpot", "album": "GameSpot", "user": null, "language": "en-US", "thumbnail": null, "age": null, "page_rating_contents": 0, "page_rating_votes": 0, "page_rating_visits": 0, "page_rating": 0, "tags": [], "comments": [], "vote": 0}, {"source": "https://www.gamespot.com/feeds/mashup", "title": "Hello Kitty Razer Gaming Mouse Bundle Is On Sale For Cyber Monday", "description": "<p>Sanrio fans might finally have a mouse and matching mousepad to fit into their gaming setup. Razer's Hello Kitty DeathAdder Essential Mouse and Goliathus Mousepad are on sale as a bundle for <a href=\"https://www.gamespot.com/black-friday/\">Cyber Monday</a>. It's discounted to $45, which is 25% off the original $60 list price at <a href=\"https://www.amazon.com/dp/B09PXM59HB?tag=gamespot-bfcm-20\">Amazon</a> and <a href=\"https://howl.me/ck5LE767c3r\">Best Buy</a>.</p><p>Together, the pink mouse and pad pair can give a cutesy, dreamy feel to any setup. It's an even sweeter deal if you already own the <a href=\"https://click.linksynergy.com/deeplink?id=VZfI20jEa0c&amp;mid=24348&amp;u1=subid_value&amp;murl=https://www.gamestop.com/electronics/audio/headphones/products/razer-kraken-bt-hello-kitty-and-friends-edition-wireless-gaming-headset-for-mobile/331721.html\">Hello Kitty Razer Kraken Headset</a>.</p><p>You can get the Hello Kitty Razer DeathAdder Essential + Goliathus Medium Bundle fro", "link": "https://www.gamespot.com/articles/hello-kitty-razer-gaming-mouse-bundle-is-on-sale-for-cyber-monday/1100-6519471/?ftag=CAD-01-10abi2f", "date_published": "2023-11-27T21:54:00+00:00", "permanent": false, "bookmarked": false, "dead": false, "artist": "GameSpot", "album": "GameSpot", "user": null, "language": "en-US", "thumbnail": null, "age": null, "page_rating_contents": 0, "page_rating_votes": 0, "page_rating_visits": 0, "page_rating": 0, "tags": [], "comments": [], "vote": 0}, {"source": "https://www.gamespot.com/feeds/mashup", "title": "The Curious Case Of CM Punk: Is His WWE Return Actually A Terrible Idea?", "description": "<p dir=\"ltr\">In the world of professional wrestling, fans are taught that the industry lives and dies on the simple phrase of \"never say never.\" No matter what has transpired over the years, and no matter how unhirable someone has made themselves to top professional wrestling companies, a comeback is always possible--especially when there is money to be made. With that in mind, it shouldn't be as surprising as it is that CM Punk has returned to WWE, nearly a decade after his publicly messy departure from the company.</p><p dir=\"ltr\">To fully explain the parting of ways and how bitter it was, there are a number of things to note. Firstly, Punk went through all of his side of the story in <a href=\"https://www.youtube.com/watch?v=i4DHxnfsJBk\">two appearances on Colt Cabana's The Art of Wrestling podcast</a>. In it, he discussed a number of health issues and injuries he went through during his WWE career. As a result of that podcast, WWE's senior ringside physician, Dr. Christopher Amann", "link": "https://www.gamespot.com/articles/the-curious-case-of-cm-punk-is-his-wwe-return-actually-a-terrible-idea/1100-6519506/?ftag=CAD-01-10abi2f", "date_published": "2023-11-27T21:28:00+00:00", "permanent": false, "bookmarked": false, "dead": false, "artist": "GameSpot", "album": "GameSpot", "user": null, "language": "en-US", "thumbnail": null, "age": null, "page_rating_contents": 0, "page_rating_votes": 0, "page_rating_visits": 0, "page_rating": 0, "tags": [], "comments": [], "vote": 0}, {"source": "https://www.gamespot.com/feeds/mashup", "title": "Xbox Series S 1TB Is $300 Right Now For Cyber Monday", "description": "<p><a href=\"https://www.gamespot.com/black-friday/\">Black Friday</a> is over so it's time for Cyber Monday to shine. If you're in the market for a new Xbox, Dell has a great offer on the 1TB Xbox Series S console.</p><p>The retailer is selling the black system for $300, which is $50 off its normal price point. It's the best deal we've seen to date on the console, which only just launched in September.</p><div class=\"norewrite\" title=\"\">           <a href=\"https://www.dell.com/en-us/shop/xbox-series-s-1tb-black/apd/ac694505/gaming-gaming-accessories/?tag=gamespot-bfcm-20\">See at Dell</a> </div><p>Additionally, Amazon has the <a href=\"https://www.amazon.com/Xbox-Starter-hundreds-Ultimate-Membership-All-Digital/dp/B0CFS1SDC4?tag=gamespot-bfcm-20\">white 512GB Xbox Series S Starter Bundle for $249</a>, which is a nice discount from its normal $300 price point, especially since it also comes with three months of Xbox Game Pass Ultimate (a $45 value). <a href=\"https://shop-links.co/18260945", "link": "https://www.gamespot.com/articles/xbox-series-s-1tb-is-300-right-now-for-cyber-monday/1100-6519504/?ftag=CAD-01-10abi2f", "date_published": "2023-11-27T20:17:00+00:00", "permanent": false, "bookmarked": false, "dead": false, "artist": "GameSpot", "album": "GameSpot", "user": null, "language": "en-US", "thumbnail": null, "age": null, "page_rating_contents": 0, "page_rating_votes": 0, "page_rating_visits": 0, "page_rating": 0, "tags": [], "comments": [], "vote": 0}, {"source": "https://www.gamespot.com/feeds/mashup", "title": "Xbox Series S With 3 Months Of Game Pass Ultimate Is Only $250 For Cyber Monday", "description": "<p><a href=\"https://www.gamespot.com/black-friday/\">Black Friday</a> is over so it's time for Cyber Monday to shine. If you're in the market for a new Xbox, Dell has a <a href=\"https://www.anrdoezrs.net/click-100770772-12839518?sid=subid_value&amp;url=https://www.dell.com/en-us/shop/xbox-series-s-1tb-black/apd/ac694505/gaming-gaming-accessories\">great offer on the 1TB Xbox Series S console</a>. The retailer is selling the black system for $300, which is $50 off its normal price point. It's the best deal we've seen to date on the console, which only just launched in September.</p><h3>Xbox Series S Cyber Monday deals</h3><ul><li><a href=\"https://www.anrdoezrs.net/click-100770772-12839518?sid=subid_value&amp;url=https://www.dell.com/en-us/shop/xbox-series-s-1tb-black/apd/ac694505/gaming-gaming-accessories\">Xbox Series S 1TB</a> -- $300 (<del>$350</del>)</li><li><a href=\"https://shop-links.co/1826094517203423326?u1=subid_value\">Xbox Series S 512GB + 3 months of Xbox Game Pass Ultimate ($", "link": "https://www.gamespot.com/articles/xbox-series-s-with-3-months-of-game-pass-ultimate-is-only-250-for-cyber-monday/1100-6519504/?ftag=CAD-01-10abi2f", "date_published": "2023-11-27T20:17:00+00:00", "permanent": false, "bookmarked": false, "dead": false, "artist": "GameSpot", "album": "GameSpot", "user": null, "language": "en-US", "thumbnail": null, "age": null, "page_rating_contents": 0, "page_rating_votes": 0, "page_rating_visits": 0, "page_rating": 0, "tags": [], "comments": [], "vote": 0}, {"source": "https://www.gamespot.com/feeds/mashup", "title": "Avatar 3 Now In The \"Hectic\" Stage Of Post-Production, James Cameron Says", "description": "<p>Avatar: The Way of Water made a huge splash in 2022 when the long-awaited sequel finally came to theaters; it ended up making $2.3 billion to become the No. 3 movie of all time at the box office. A third Avatar is in the works, and writer-director James Cameron has now provided an update on it.</p><p>He said at a press conference in New Zealand recently that the movie is now in the \"very hectic two years of post-production. \"So it will be Christmas of 2025.\"</p><p>Also during the speaking event, Cameron, who has a home in New Zealand, said, \"I plan on making all my films here indefinitely.\"</p><a href=\"https://www.gamespot.com/articles/avatar-3-now-in-the-hectic-stage-of-post-production-james-cameron-says/1100-6519502/?ftag=CAD-01-10abi2f/\">Continue Reading at GameSpot</a>", "link": "https://www.gamespot.com/articles/avatar-3-now-in-the-hectic-stage-of-post-production-james-cameron-says/1100-6519502/?ftag=CAD-01-10abi2f", "date_published": "2023-11-27T20:03:00+00:00", "permanent": false, "bookmarked": false, "dead": false, "artist": "GameSpot", "album": "GameSpot", "user": null, "language": "en-US", "thumbnail": null, "age": null, "page_rating_contents": 0, "page_rating_votes": 0, "page_rating_visits": 0, "page_rating": 0, "tags": [], "comments": [], "vote": 0}, {"source": "https://www.gamespot.com/feeds/mashup", "title": "Avengers Rumor: Chris Evans Discusses If He'll Come Back To Play Captain America", "description": "<p>Captain America actor Chris Evans has responded to the rumor that Marvel might be plotting to get the original Avengers crew back together to make a new film to help reinvigorate the MCU. Speaking to <a href=\"https://youtu.be/nWzOidt3Bok?feature=shared\">The View</a>, Evans said if this is a real possibility, no one has reached out to him about it yet.</p><p>\"I always see those reports too--it's news to me. I think every couple of months someone says, 'They're getting Downey and Hemsworth and Scarlett, and everyone's coming back,'\" Evans said. \"No one has spoken to me about it.\"</p><p>In the event that Evans would be asked to come back to play Captain America again, how would he feel? Evans isn't ruling it out, but it doesn't sound very likely either.</p><a href=\"https://www.gamespot.com/articles/avengers-rumor-chris-evans-discusses-if-hell-come-back-to-play-captain-america/1100-6519500/?ftag=CAD-01-10abi2f/\">Continue Reading at GameSpot</a>", "link": "https://www.gamespot.com/articles/avengers-rumor-chris-evans-discusses-if-hell-come-back-to-play-captain-america/1100-6519500/?ftag=CAD-01-10abi2f", "date_published": "2023-11-27T19:45:00+00:00", "permanent": false, "bookmarked": false, "dead": false, "artist": "GameSpot", "album": "GameSpot", "user": null, "language": "en-US", "thumbnail": null, "age": null, "page_rating_contents": 0, "page_rating_votes": 0, "page_rating_visits": 0, "page_rating": 0, "tags": [], "comments": [], "vote": 0}, {"source": "https://www.gamespot.com/feeds/mashup", "title": "Disney Didn't Have A Billion-Dollar Movie In 2023, After Having 7 In 2019", "description": "<p>2023 is coming to a close, and it looks like it'll be the first time in many years that Walt Disney Studios will not have a single movie crack $1 billion at the global box office.</p><p>As <a href=\"https://variety.com/2023/film/box-office/disney-bleak-box-office-streak-wish-the-marvels-1235809251/\">Variety</a> reminds us, 2023 will be the first time since 2014 that Disney did not have a movie that made $1 billion or more at the box office. (This does not count the pandemic years of 2020 and 2021). For comparison, in 2019, Disney had a <a href=\"https://www.gamespot.com/articles/disney-sets-a-new-box-office-record-and-star-wars-/1100-6472013/\">whopping seven movies that made at least $1 billion.</a></p><p>Disney's biggest success of 2023 was Guardians of the Galaxy Vol. 3, which earned more than $845 million at the box office. This was no doubt a huge result, but some analysts expected it to reach $1 billion or perform better than its predecessor, but it did not achieve either.</p><", "link": "https://www.gamespot.com/articles/disney-didnt-have-a-billion-dollar-movie-in-2023-after-having-7-in-2019/1100-6519499/?ftag=CAD-01-10abi2f", "date_published": "2023-11-27T19:44:00+00:00", "permanent": false, "bookmarked": false, "dead": false, "artist": "GameSpot", "album": "GameSpot", "user": null, "language": "en-US", "thumbnail": null, "age": null, "page_rating_contents": 0, "page_rating_votes": 0, "page_rating_visits": 0, "page_rating": 0, "tags": [], "comments": [], "vote": 0}, {"source": "https://www.gamespot.com/feeds/mashup", "title": "Ark: Survival Ascended Tips For New Players", "description": "<p><a href=\"https://www.gamespot.com/games/ark-survival-ascended/\">Ark: Survival Ascended</a> is a fresh take on the original Ark: Survival Evolved, and presents players with many of the same challenges when first starting out. You're dropped into as hostile of an environment as possible and must find your own way to survive the perils of your surroundings. The game offers <em>extremely little</em> in the way of any tutorials, so you basically need to figure everything out for yourself if you want to make it through your first night unscathed.</p><p>To avoid any classic beginner mistakes and ensure you survive in Ark: Survival Ascended, we have put together a list of eight tips you need to know to make it through your first few hours.</p><h2>1. Pick the right starter location</h2><figure style=\"width: 1073px;\"><a href=\"https://www.gamespot.com/a/uploads/original/1745/17457013/4226187-island.jpg\"><img alt=\"The Island presents you with several spawn points.\" src=\"https://www.gamespot.c", "link": "https://www.gamespot.com/articles/ark-survival-ascended-tips-for-new-players/1100-6519503/?ftag=CAD-01-10abi2f", "date_published": "2023-11-27T19:42:00+00:00", "permanent": false, "bookmarked": false, "dead": false, "artist": "GameSpot", "album": "GameSpot", "user": null, "language": "en-US", "thumbnail": null, "age": null, "page_rating_contents": 0, "page_rating_votes": 0, "page_rating_visits": 0, "page_rating": 0, "tags": [], "comments": [], "vote": 0}, {"source": "https://www.gamespot.com/feeds/mashup", "title": "Baldur's Gate 3 Players Are Speedrunning Companion Romances", "description": "<p dir=\"ltr\">Part of what makes <a href=\"https://www.gamespot.com/games/baldurs-gate-3/\">Baldur's Gate 3</a> such a compelling game is developer <a href=\"https://www.gamespot.com/reviews/baldurs-gate-3-review-let-freedom-reign/1900-6418131/\">Larian Studios' commitment to player freedom and choice</a>. Players can approach everything from combat and puzzles to character development in a multitude of ways. Naturally, speedrunners are getting in on the action, but in a rather hilarious turn of events, they aren't just speedrunning dungeons and boss fights--they're speedrunning companion romances, too.</p><p dir=\"ltr\">Baldur's Gate 3 features a number of well-written companions with a great deal of character depth. Similar to other RPGs, the romanceable companions in Baldur's gate each have their own companion quest, which will boost a companion's affinity for the player upon completion. But a companion quest doesn't have to be completed in order for the player to get some action, and no", "link": "https://www.gamespot.com/articles/baldurs-gate-3-players-are-speedrunning-companion-romances/1100-6519501/?ftag=CAD-01-10abi2f", "date_published": "2023-11-27T19:35:00+00:00", "permanent": false, "bookmarked": false, "dead": false, "artist": "GameSpot", "album": "GameSpot", "user": null, "language": "en-US", "thumbnail": null, "age": null, "page_rating_contents": 0, "page_rating_votes": 0, "page_rating_visits": 0, "page_rating": 0, "tags": [], "comments": [], "vote": 0}, {"source": "https://www.gamespot.com/feeds/mashup", "title": "Christopher Nolan Says Movie Business Needs Blockbusters To Help Pay For Other Movies", "description": "<p>Christopher Nolan has commented on the state of moviemaking and the film business, observing that Hollywood succeeds when it produces both blockbuster sequels <em>and </em>smaller-scale projects at the same time. He spoke to the <a href=\"https://www.youtube.com/watch?v=GknbfwhwrVs&amp;embeds_widget_referrer=https://www.gamespot.com/phoenix-cms/articles/form?id=6519495&amp;embeds_referring_euri=https://cdn.embedly.com/&amp;embeds_referring_origin=https://cdn.embedly.com&amp;source_ve_path=MjM4NTE&amp;feature=emb_title\">Associated Press</a> about the balance in Hollywood.</p><p>\"There is always a balance in Hollywood between established titles that can ensure a return and give people more of what they want. That's always been a <em>big </em>part of the economics of Hollywood,\" Nolan said. \"And [that model] pays for a lot of other types of films to be made and distributed.\"</p><p>\"There always has to be a respect for the audience's desire for something new. That's one of the big thri", "link": "https://www.gamespot.com/articles/christopher-nolan-says-movie-business-needs-blockbusters-to-help-pay-for-other-movies/1100-6519495/?ftag=CAD-01-10abi2f", "date_published": "2023-11-27T18:27:00+00:00", "permanent": false, "bookmarked": false, "dead": false, "artist": "GameSpot", "album": "GameSpot", "user": null, "language": "en-US", "thumbnail": null, "age": null, "page_rating_contents": 0, "page_rating_votes": 0, "page_rating_visits": 0, "page_rating": 0, "tags": [], "comments": [], "vote": 0}, {"source": "https://www.gamespot.com/feeds/mashup", "title": "Director Allegedly Pockets Netflix Money, Spends It On Cars, Designer Clothing, Dogecoin", "description": "<p>Back in 2018, Netflix invested millions of dollars in a sci-fi project called Conquest, only to never receive a single episode of the project. Instead, co-creator and director Carl Erik Rinsch allegedly mistreated cast and crew, and spent millions on cryptocurrency, luxury cars, and designer clothes.</p><p>Before Conquest, Rinsch had directed only one film: 47 Ronin, a critical and commercial failure. He was a protege of Ridley Scott, who worked as part of Scott's production company on commercials. He and his wife, Gabriela Ros\u00e9s Bentancor, began to work on a sci-fi project on the side. The show concerned a genius who creates a humanlike species called the Organic Intelligent. Rinsch filmed brief proof-of-concept episodes, which drew the attention of multiple streaming giants. Netflix won the contract by promising millions more than its competitors and granting final-cut privileges for Rinsch.</p><p>A report from the <a href=\"https://www.nytimes.com/2023/11/22/business/carl-rinsch", "link": "https://www.gamespot.com/articles/director-allegedly-pockets-netflix-money-spends-it-on-cars-designer-clothing-dogecoin/1100-6519494/?ftag=CAD-01-10abi2f", "date_published": "2023-11-27T18:26:00+00:00", "permanent": false, "bookmarked": false, "dead": false, "artist": "GameSpot", "album": "GameSpot", "user": null, "language": "en-US", "thumbnail": null, "age": null, "page_rating_contents": 0, "page_rating_votes": 0, "page_rating_visits": 0, "page_rating": 0, "tags": [], "comments": [], "vote": 0}, {"source": "https://www.gamespot.com/feeds/mashup", "title": "The Game Awards 2023: How To Watch, Start Times, And What To Expect", "description": "<p dir=\"ltr\">The end of the year is fast-approaching, and in the video game world, that means all eyes turn to The Game Awards, the annual end-of-year celebration that mixes honors for Game of the Year with trailers and reveals for potential future GOTY award winners.</p><p dir=\"ltr\">This year's event is scheduled to air on December 7 live from the Peacock Theater in Los Angeles, California. <a href=\"https://www.gamespot.com/articles/the-game-awards-2023-nominees-announced-see-them-all-now/1100-6519120/\">Nominees for each award</a> were announced earlier this month, and <a href=\"https://twitter.com/thegameawards\">The Game Awards</a> and <a href=\"https://twitter.com/geoffkeighley\">Keighley himself</a> will be teasing what's to come at this year's event via their social media accounts.</p><div>          </div><h2 dir=\"ltr\">The Game Awards 2023 Start Time</h2><p dir=\"ltr\">The official livestream for The Game Awards 2023 begins with a 30-minute pre-show at 4:30 PM PT / 7:30 PM ET, follow", "link": "https://www.gamespot.com/articles/the-game-awards-2023-how-to-watch-start-times-and-what-to-expect/1100-6519493/?ftag=CAD-01-10abi2f", "date_published": "2023-11-27T17:42:00+00:00", "permanent": false, "bookmarked": false, "dead": false, "artist": "GameSpot", "album": "GameSpot", "user": null, "language": "en-US", "thumbnail": null, "age": null, "page_rating_contents": 0, "page_rating_votes": 0, "page_rating_visits": 0, "page_rating": 0, "tags": [], "comments": [], "vote": 0}, {"source": "https://www.gamespot.com/feeds/mashup", "title": "Destiny 2: The Final Shape Officially Delayed To June", "description": "<p>Bungie has officially confirmed that Destiny 2's next expansion, The Final Shape, has been delayed from February 27 to June 4. The Final Shape is a major release for the game, as it caps off the 10-year saga that's been told since the beginning of the first Destiny.</p><p>\"The Final Shape is the culmination of the first 10 years of Destiny storytelling and, for Guardians everywhere, countless hours spent together. We want to honor that journey, so we\u2019re taking the time we need to deliver an even bigger and bolder vision, one that we hope will be remembered and treasured for years to come,\" <a href=\"https://www.bungie.net/7/en/News/article/final_shape_release_update\">Bungie wrote in a blog update</a>.</p><p>Bungie added that Season of the Wish will run from November 28 until June 4--the longest Destiny 2 season in the history of the game--with the majority of that season's narrative content concluding in February.</p><a href=\"https://www.gamespot.com/articles/destiny-2-the-final-sh", "link": "https://www.gamespot.com/articles/destiny-2-the-final-shape-officially-delayed-to-june/1100-6518847/?ftag=CAD-01-10abi2f", "date_published": "2023-11-27T17:09:00+00:00", "permanent": false, "bookmarked": false, "dead": false, "artist": "GameSpot", "album": "GameSpot", "user": null, "language": "en-US", "thumbnail": null, "age": null, "page_rating_contents": 0, "page_rating_votes": 0, "page_rating_visits": 0, "page_rating": 0, "tags": [], "comments": [], "vote": 0}, {"source": "https://www.gamespot.com/feeds/mashup", "title": "Get Microsoft Office For Just $30 On Cyber Monday", "description": "<p>Microsoft Office isn't the cheap, with monthly payments that quickly add up over the years. But that's not the case during Cyber Monday, as right now you can pick up <a href=\"https://deals.gamespot.com/sales/microsoft-office-professional-plus-2019-for-windows?utm_source=gamespot.com&amp;amp;utm_medium=referral&amp;amp;utm_campaign=microsoft-office-professional-plus-2019-for-windows_111623&amp;amp;utm_term=scsf-584204&amp;amp;utm_content=a0xRn0000003LKrIAM&amp;amp;scsonar=1\">Microsoft Office</a>     for less than $30. Typically offered for $229, now's a great time to finally upgrade to the iconic (and powerful) software. You'll need to hurry, however, as the deal expires today at 12 AM PT / 3 AM ET.</p><div class=\"norewrite\" title=\"6519492 - Office 2019 Deals (Cyber Monday)\">  <div class=\"buylink-container\">                                                                     <div class=\"js-buylink-item-container buylink-item-container\">             <h2 class=\"item-title\">          ", "link": "https://www.gamespot.com/articles/get-microsoft-office-2019-for-just-30/1100-6519492/?ftag=CAD-01-10abi2f", "date_published": "2023-11-27T17:00:00+00:00", "permanent": false, "bookmarked": false, "dead": false, "artist": "GameSpot", "album": "GameSpot", "user": null, "language": "en-US", "thumbnail": null, "age": null, "page_rating_contents": 0, "page_rating_votes": 0, "page_rating_visits": 0, "page_rating": 0, "tags": [], "comments": [], "vote": 0}, {"source": "https://www.gamespot.com/feeds/mashup", "title": "The Best Gaming Headset For Consoles And PC Gets A Big Cyber Monday Discount", "description": "<p>SteelSeries headsets are some of the best and most reliable pieces of audio hardware around, and while we're definitely fans of the <a href=\"https://www.gamespot.com/articles/steelseries-arctis-nova-pro-gaming-headset-is-steeply-discounted-for-cyber-monday/1100-6519475/\">Arctis Nova Pro</a>, this Cyber Monday deal on the excellent Arctis 7 is one that you won't want to miss out on. Normally $180, you can pick up one of these all-rounder headsets for just $135 from Amazon for any of the available models that are designed specifically for a certain system. The good news is that even if the Arctis 7 targets a specific platform for compatibility, you'll find that it can easily work on other consoles as well.</p><p>The Arctis 7 is at the top of several of our gaming headset lists, and for good reason. It's comfortable to wear for several hours, it has excellent battery life, and the sound quality is close to audiophile-grade. The big draw of this headset is that it has simultaneous Blu", "link": "https://www.gamespot.com/articles/the-best-gaming-headset-for-consoles-and-pc-gets-a-big-cyber-monday-discount/1100-6519491/?ftag=CAD-01-10abi2f", "date_published": "2023-11-27T17:00:00+00:00", "permanent": false, "bookmarked": false, "dead": false, "artist": "GameSpot", "album": "GameSpot", "user": null, "language": "en-US", "thumbnail": null, "age": null, "page_rating_contents": 0, "page_rating_votes": 0, "page_rating_visits": 0, "page_rating": 0, "tags": [], "comments": [], "vote": 0}, {"source": "https://www.gamespot.com/feeds/mashup", "title": "Revenant Just Murdered Apex Legends' Main Antagonist", "description": "<p>Respawn has released the final installment of Kill Code, a series of animated <a href=\"https://www.gamespot.com/games/apex-legends/\">Apex Legends</a> shorts focusing on Loba and Revenant's respective quests for revenge. Entitled Kill Code: Part 4, the final episode has some truly wild twists and turns, including the death of Torres \"Duardo\" Silva, the head of the Mercenary Syndicate, CEO of Silva Pharmaceuticals, and Octane's grandfather.</p><p dir=\"ltr\">In the previous installment (which was a very short mini-episode called <a href=\"https://www.gamespot.com/articles/new-apex-legends-animated-short-suggests-a-legend-may-die/1100-6519325/\">A Life For A Life</a>), Loba and Revenant agreed to set their differences aside and team up to take on Torres Silva, who had recently acquired Revenant's source code, using it to make drastic changes to Revenant that saw him <a href=\"https://www.gamespot.com/articles/revenant-guide-apex-legends/1100-6473464/\">\"reborn\" with new abilities</a> back ", "link": "https://www.gamespot.com/articles/revenant-just-murdered-apex-legends-main-antagonist/1100-6519498/?ftag=CAD-01-10abi2f", "date_published": "2023-11-27T16:51:00+00:00", "permanent": false, "bookmarked": false, "dead": false, "artist": "GameSpot", "album": "GameSpot", "user": null, "language": "en-US", "thumbnail": null, "age": null, "page_rating_contents": 0, "page_rating_votes": 0, "page_rating_visits": 0, "page_rating": 0, "tags": [], "comments": [], "vote": 0}, {"source": "https://www.gamespot.com/feeds/mashup", "title": "Why Rockstar's GTA Follow-Up Agent Was Canceled, According To Former Dev", "description": "<p>A former Rockstar developer has revealed details of some of the storied studio's canceled projects. These include Agent, a secret-agent-themed action game that was once set to be a PS3 exclusive, and an untitled zombie survival game set on a Scottish isle.</p><p>The details come from former technical director Obbe Vermeji, who recently began to update a blog (via <a href=\"https://www.rockpapershotgun.com/rockstar-once-planned-a-zombie-island-survival-game-using-gta-vice-city-code-but-it-was-too-depressing\">Rock Paper Shotgun</a>) about his experiences at Rockstar North. Vermeji joined the studio in 1995, when it was called DMA Design, and left in 2009, shortly after GTA IV shipped.</p><p>Agent was announced back in 2007 as a platform-exclusive IP for PlayStation. <a href=\"https://www.gamespot.com/articles/rockstar-details-agent/1100-6211142/\">Further details emerged in 2009</a>, but the game quietly vanished. <a href=\"https://www.gamespot.com/articles/take-twos-agent-may-finally-b", "link": "https://www.gamespot.com/articles/why-rockstars-gta-follow-up-agent-was-canceled-according-to-former-dev/1100-6519489/?ftag=CAD-01-10abi2f", "date_published": "2023-11-27T16:33:00+00:00", "permanent": false, "bookmarked": false, "dead": false, "artist": "GameSpot", "album": "GameSpot", "user": null, "language": "en-US", "thumbnail": null, "age": null, "page_rating_contents": 0, "page_rating_votes": 0, "page_rating_visits": 0, "page_rating": 0, "tags": [], "comments": [], "vote": 0}, {"source": "https://www.gamespot.com/feeds/mashup", "title": "Five Nights At Freddy's Movie Breaks Even More Box Office Records", "description": "<p>The Five Nights at Freddy's movie continues to soar at the box office. After another weekend in theaters, it has now earned $136 million in the US and $147 million from international markets for a total of $283 million so far. That makes it Blumhouse's highest-grossing movie of all time.</p><p>The previous record-holder was 2016's Split, which earned $278.5 million globally. Some of Blumhouse's other big recent hits have included Get Out and Halloween, which both earned more than $250 million at the global box office.</p><p>Jason Blum, the founder of Blumhouse, thanked director Emma Tammi, series creator Scott Cawthon, the cast and crew, the team from Jim Henson's Creature Shop, and distributor Universal Pictures for helping make the movie a success.</p><a href=\"https://www.gamespot.com/articles/five-nights-at-freddys-movie-breaks-even-more-box-office-records/1100-6519488/?ftag=CAD-01-10abi2f/\">Continue Reading at GameSpot</a>", "link": "https://www.gamespot.com/articles/five-nights-at-freddys-movie-breaks-even-more-box-office-records/1100-6519488/?ftag=CAD-01-10abi2f", "date_published": "2023-11-27T16:31:00+00:00", "permanent": false, "bookmarked": false, "dead": false, "artist": "GameSpot", "album": "GameSpot", "user": null, "language": "en-US", "thumbnail": null, "age": null, "page_rating_contents": 0, "page_rating_votes": 0, "page_rating_visits": 0, "page_rating": 0, "tags": [], "comments": [], "vote": 0}, {"source": "https://www.gamespot.com/feeds/mashup", "title": "Here's Everything Actors Won Following SAG-AFTRA Strike", "description": "<p>After almost four months, SAG-AFTRA and the AMPTP came <a href=\"https://www.gamespot.com/articles/sag-aftra-reaches-tentative-agreement-with-studios-ending-actors-strike/1100-6519028/\">to a new deal</a> that is expected to be signed by both parties very soon. It's a lengthy document at nearly 130 pages, but the Memorandum of Agreement will cover everything from budgets for show and transparency of data from the networks and streaming services.</p><p>However, National Director Duncan Crabtree-Ireland notes the deed isn't final until it's signed by both SAG-AFTRA and AMPTP.</p><p>\"As you may know, traditionally SAG-AFTRA contract ratification votes rely on our detailed summaries of the new agreement, as the drafting of a formal memorandum of agreement (MOA) usually takes many weeks,\" Crabtree-Ireland said (via Deadline). \"However, for this historic deal, some members have asked to review the full draft MOA during the ratification voting period.\"</p><a href=\"https://www.gamespot.com/", "link": "https://www.gamespot.com/articles/heres-everything-actors-won-following-sag-aftra-strike/1100-6519497/?ftag=CAD-01-10abi2f", "date_published": "2023-11-27T16:31:00+00:00", "permanent": false, "bookmarked": false, "dead": false, "artist": "GameSpot", "album": "GameSpot", "user": null, "language": "en-US", "thumbnail": null, "age": null, "page_rating_contents": 0, "page_rating_votes": 0, "page_rating_visits": 0, "page_rating": 0, "tags": [], "comments": [], "vote": 0}, {"source": "https://www.gamespot.com/feeds/mashup", "title": "Get A 1TB PS5 SSD For Only $51 At Amazon For Cyber Monday", "description": "<p>You never have to wait long to boot up a game on your PS5, but there's never truly enough storage capacity on that console thanks to the increasing requirements of modern games. That's a problem that can be easily fixed by taking advantage of a Cyber Monday sale on solid-state drives, as these storage units have increased in capacity and have become more affordable over time.</p><p>The Lexar NM790 is a great example of getting the most bang for your buck, as this 1TB NVMe M.2 SSD is just $51 at Amazon. Normally $80, it has a read speed of up to 7400MB/s, so you won't have to wait long for a new instance of your favorite game to boot up. The SSD is compatible with PS5 and also comes with a heatsink so that it can remain cool under pressure.</p><figure style=\"width: 1280px;\"><a href=\"https://www.gamespot.com/a/uploads/original/1601/16018044/4225864-lexar-2.jpg\"><img alt=\"Lexar NM790\" src=\"https://www.gamespot.com/a/uploads/original/1601/16018044/4225864-lexar-2.jpg\" /></a><figcaptio", "link": "https://www.gamespot.com/articles/get-a-1tb-ps5-ssd-for-only-51-at-amazon-for-cyber-monday/1100-6519486/?ftag=CAD-01-10abi2f", "date_published": "2023-11-27T16:12:00+00:00", "permanent": false, "bookmarked": false, "dead": false, "artist": "GameSpot", "album": "GameSpot", "user": null, "language": "en-US", "thumbnail": null, "age": null, "page_rating_contents": 0, "page_rating_votes": 0, "page_rating_visits": 0, "page_rating": 0, "tags": [], "comments": [], "vote": 0}, {"source": "https://www.gamespot.com/feeds/mashup", "title": "Red Dead Redemption 2 Reaches New Player-Count Peak Four Years After PC Launch", "description": "<p dir=\"ltr\">There are more cowboys and cowgirls checking out the wild west in Red Dead Redemption 2 than ever on PC. The Rockstar game saw over 77,000 players on November 26--a new high-water mark for the open-world title focusing on Arthur Morgan.</p><p dir=\"ltr\">This surge of players seems tied to a Black Friday sale for Red Dead Redemption 2, according to <a href=\"https://twitter.com/videotechuk_/status/1728431923880452595\">Twitter/X user videotechuk_</a>. They pointed out the new player-count peak; <a href=\"https://steamdb.info/app/1174180/charts/\">SteamDB</a> backed up the statement by showcasing 77,655 playing the game yesterday. That's a new record for the action-adventure title and comes four years after it launched on PC in November 2019.</p><p dir=\"ltr\"><a href=\"https://www.gamespot.com/articles/red-dead-redemption-2-hits-new-player-peak-christmas-update-adds-more-content/1100-6509559/\">The previous player-count peak for Red Dead Redemption 2</a> occurred almost exactly on", "link": "https://www.gamespot.com/articles/red-dead-redemption-2-reaches-new-player-count-peak-four-years-after-pc-launch/1100-6519487/?ftag=CAD-01-10abi2f", "date_published": "2023-11-27T16:08:00+00:00", "permanent": false, "bookmarked": false, "dead": false, "artist": "GameSpot", "album": "GameSpot", "user": null, "language": "en-US", "thumbnail": null, "age": null, "page_rating_contents": 0, "page_rating_votes": 0, "page_rating_visits": 0, "page_rating": 0, "tags": [], "comments": [], "vote": 0}, {"source": "https://www.gamespot.com/feeds/mashup", "title": "Xbox Series X Is $400 At Amazon For Cyber Monday", "description": "<div><div class=\"norewrite\" title=\"[Various] Xbox Series X\">    <div class=\"buylink__container\">                                                                                                                                                                                               <div class=\"buylink__item\">                  <div class=\"buylink__image-container clickable\">                                            <img alt=\"\" class=\"buylink__image\" src=\"https://www.gamespot.com/a/uploads/square_avatar/1595/15950357/3999536-xboxseriesx.png\" />                                 <a href=\"https://www.amazon.com/Xbox-1TB-SSD-Console-Controller-Architecture/dp/B08H75RTZ8/?tag=gamespot-bfcm-20\"></a>                              </div>                   <div class=\"buylink__text\">                      <p class=\"buylink__title text-bold\">                        <a href=\"https://www.amazon.com/Xbox-1TB-SSD-Console-Controller-Architecture/dp/B08H75RTZ8/?tag=gamespot-bfcm-20\">Xbox Series X</", "link": "https://www.gamespot.com/articles/xbox-series-x-is-400-at-amazon-for-cyber-monday/1100-6519485/?ftag=CAD-01-10abi2f", "date_published": "2023-11-27T16:05:00+00:00", "permanent": false, "bookmarked": false, "dead": false, "artist": "GameSpot", "album": "GameSpot", "user": null, "language": "en-US", "thumbnail": null, "age": null, "page_rating_contents": 0, "page_rating_votes": 0, "page_rating_visits": 0, "page_rating": 0, "tags": [], "comments": [], "vote": 0}, {"source": "https://www.gamespot.com/feeds/mashup", "title": "Avatar: Frontiers of Pandora Everything To Know", "description": "<img height=\"480\" src=\"https://www.gamespot.com/a/uploads/square_medium/1352/13527689/4224693-everythingtoknow_avatargamefrontierspandora_20231120v2.png\" width=\"480\" /> Hot off the heels of the, over a decade in the making, latest installment in James Cameron\u2019s sci-fi film pentalogy, an open-world RPG game set between the first Avatar movie and its sequel the Way of Water is coming to gamers by the way of Ubisoft. From its story, to gameplay and release date, here\u2019s everything to know about Avatar: Frontiers of Pandora.", "link": "https://www.gamespot.com/videos/avatar-frontiers-of-pandora-everything-to-know/2300-6462935", "date_published": "2023-11-27T16:00:00+00:00", "permanent": false, "bookmarked": false, "dead": false, "artist": "GameSpot", "album": "GameSpot", "user": null, "language": "en-US", "thumbnail": null, "age": null, "page_rating_contents": 0, "page_rating_votes": 0, "page_rating_visits": 0, "page_rating": 0, "tags": [], "comments": [], "vote": 0}, {"source": "https://www.gamespot.com/feeds/mashup", "title": "This Very Cool Transforming Batman Toy Is Only $34 For Cyber Monday", "description": "<p>You'd think that a lifetime dedicated to mastering your mind, body, and spirit would be enough for any war on crime, but if you really want to make a difference with your bat-billions, then nothing speaks louder than a giant robot. For <a href=\"https://www.gamespot.com/black-friday/\">Cyber Monday</a>, you can pick up this delightful Batman Gotham City Guardian playset from Walmart for just $35, a massive $64 discount.</p><figure style=\"width: 1280px;\"><a href=\"https://www.gamespot.com/a/uploads/original/1601/16018044/4225787-batman-1.jpg\"><img alt=\"Batman: Gotham City Guardian\" src=\"https://www.gamespot.com/a/uploads/original/1601/16018044/4225787-batman-1.jpg\" /></a><figcaption>Batman: Gotham City Guardian</figcaption></figure><div class=\"norewrite\" title=\"\">           <a href=\"https://go.skimresources.com?id=225336X1707200&amp;xs=1&amp;xcust=subid_value&amp;url=https://www.walmart.com/ip/DC-Comics-Batman-Gotham-City-Guardian-Playset-4-in-1-Transformation-Batman-Figure-Lights-40-", "link": "https://www.gamespot.com/articles/this-very-cool-transforming-batman-toy-is-only-34-for-cyber-monday/1100-6519472/?ftag=CAD-01-10abi2f", "date_published": "2023-11-27T15:40:00+00:00", "permanent": false, "bookmarked": false, "dead": false, "artist": "GameSpot", "album": "GameSpot", "user": null, "language": "en-US", "thumbnail": null, "age": null, "page_rating_contents": 0, "page_rating_votes": 0, "page_rating_visits": 0, "page_rating": 0, "tags": [], "comments": [], "vote": 0}, {"source": "https://www.gamespot.com/feeds/mashup", "title": "Arcade1Up Cyber Monday Deals - Save Big On Over 20 Arcade Cabinets", "description": "<p>It used to be the case that if you wanted to buy an arcade, you'd need some spare cash to clean up all the leftover cigarette butts from a location that had gone out of business. Things have fortunately changed, and for <a href=\"https://www.gamespot.com/black-friday/\">Cyber Monday</a>, you can browse through a rich selection of all-time classic arcade games that have been given a new lease on life by Arcade1Up.</p><p>While each unit is different, Arcade1Up's various cabinets are all fun recreations of the classic machines and they sport period-accurate decals. On a technical level, you'll find sharp LCD screens, Wi-Fi functionality, and arcade-style controls on each cabinet, allowing you to relive the coin-operated glory days. If space is at a premium, you can also look at several smaller units for sale that come without a riser or are designed to fit on a table for some head-to-head action.</p><p>Some of the standout deals here include <a href=\"https://www.amazon.com/Arcade1Up-Le", "link": "https://www.gamespot.com/articles/arcade1up-cyber-monday-deals-save-big-on-over-20-arcade-cabinets/1100-6519474/?ftag=CAD-01-10abi2f", "date_published": "2023-11-27T15:33:00+00:00", "permanent": false, "bookmarked": false, "dead": false, "artist": "GameSpot", "album": "GameSpot", "user": null, "language": "en-US", "thumbnail": null, "age": null, "page_rating_contents": 0, "page_rating_votes": 0, "page_rating_visits": 0, "page_rating": 0, "tags": [], "comments": [], "vote": 0}, {"source": "https://www.gamespot.com/feeds/mashup", "title": "Marvel Snap Publisher Suffers Layoffs, Could Shut Down - Report", "description": "<p>It looks like TikTok's parent company, ByteDance, will be shutting down several projects within its Nuverse gaming arm. Nuverse has most notably published Marvel Snap, as well as some other games such as Ragnarok X: Next Generation and One Piece: Blood Routes.</p><p>According to <a href=\"https://www.reuters.com/technology/bytedance-wind-down-gaming-brand-nuverse-full-retreat-gaming-sources-2023-11-27/\">Reuters</a>, ByteDance has reportedly told employees to stop working on unreleased games by December, which would impact hundreds of employees. Additionally, ByteDance is reportedly trying to divest from games that it has already released. While the casual gaming brand Ohayoo will reportedly still be featured on TikTok's sister app, Douyin, it also seems like ByteDance won't reenter the gaming market any time soon either.</p><p>In a statement given to Reuters, a ByteDance spokesperson said, \"We regularly review our businesses and make adjustments to center on long-term strategic gro", "link": "https://www.gamespot.com/articles/marvel-snap-publisher-suffers-layoffs-could-shut-down-report/1100-6519484/?ftag=CAD-01-10abi2f", "date_published": "2023-11-27T15:23:00+00:00", "permanent": false, "bookmarked": false, "dead": false, "artist": "GameSpot", "album": "GameSpot", "user": null, "language": "en-US", "thumbnail": null, "age": null, "page_rating_contents": 0, "page_rating_votes": 0, "page_rating_visits": 0, "page_rating": 0, "tags": [], "comments": [], "vote": 0}, {"source": "https://www.gamespot.com/feeds/mashup", "title": "Thor Director Taika Waititi Originally Had \"No Interest,\" Did Ragnarok For The Paycheck", "description": "<p>Taika Waititi is known for making a stamp on Marvel's Thor film series with Thor: Ragnarok and Thor: Love and Thunder, but he wasn't always interested in making a superhero movie. He said on the <a href=\"https://podcasts.apple.com/us/podcast/taika-waititi/id1521578868?i=1000635231638\">Smartless podcast</a> (<a href=\"https://www.indiewire.com/news/general-news/taika-waititi-no-interest-thor-wanted-to-be-an-auteur-1234929596/\">via IndieWire</a>) that, at first, he had \"no interest\" in making a Thor movie.</p><p>Waititi, who was known for smaller-budget films like Hunt for the Wilderpeople and What We Do in the Shadows before Thor, said he originally mapped out a career \"as an auteur.\" However, Waititi said he needed to make some money to help his growing family, so he took the job.</p><p>\"I was poor and I'd just had a second child, and I thought, 'You know what, this would be a great opportunity to feed these children,'\" Waititi said.</p><a href=\"https://www.gamespot.com/articles/th", "link": "https://www.gamespot.com/articles/thor-director-taika-waititi-originally-had-no-interest-did-ragnarok-for-the-paycheck/1100-6519482/?ftag=CAD-01-10abi2f", "date_published": "2023-11-27T15:20:00+00:00", "permanent": false, "bookmarked": false, "dead": false, "artist": "GameSpot", "album": "GameSpot", "user": null, "language": "en-US", "thumbnail": null, "age": null, "page_rating_contents": 0, "page_rating_votes": 0, "page_rating_visits": 0, "page_rating": 0, "tags": [], "comments": [], "vote": 0}, {"source": "https://www.gamespot.com/feeds/mashup", "title": "NFL Blitz And NBA Jam Arcade1Up Cabinets On Sale At Amazon For Lowest Price Ever", "description": "<p>Looking to bring the spirit of the '90s to your home? Then nothing evokes the decade of Seinfeld and ripped jeans more than an arcade cabinet. Over at Amazon, you can take advantage of a <a href=\"https://www.gamespot.com/black-friday/\">Cyber Monday</a> deal on Arcade1Up's <a href=\"https://www.amazon.com/Arcade1Up-Legends-Arcade-Machine-Not-Specific/dp/B0BCTHFBMX?tag=gamespot-bfcm-20\">NFL Blitz</a> and <a href=\"https://www.amazon.com/Arcade1Up-NBA-JAM-Machine-Not-Specific/dp/B09Z76FPFM?tag=gamespot-bfcm-20\">NBA Jam</a> arcade units, as both of these are available at their lowest price to date.</p><figure style=\"width: 1280px;\"><a href=\"https://www.gamespot.com/a/uploads/original/1601/16018044/4225795-rcade-1.jpg\"><img alt=\"Arcade1Up NBA Jam and NFL Blitz\" src=\"https://www.gamespot.com/a/uploads/original/1601/16018044/4225795-rcade-1.jpg\" /></a><figcaption>Arcade1Up NBA Jam and NFL Blitz</figcaption></figure><ul><li><a href=\"https://www.amazon.com/Arcade1Up-Legends-Arcade-Machine-No", "link": "https://www.gamespot.com/articles/nfl-blitz-and-nba-jam-arcade1up-cabinets-on-sale-at-amazon-for-lowest-price-ever/1100-6519473/?ftag=CAD-01-10abi2f", "date_published": "2023-11-27T15:13:00+00:00", "permanent": false, "bookmarked": false, "dead": false, "artist": "GameSpot", "album": "GameSpot", "user": null, "language": "en-US", "thumbnail": null, "age": null, "page_rating_contents": 0, "page_rating_votes": 0, "page_rating_visits": 0, "page_rating": 0, "tags": [], "comments": [], "vote": 0}, {"source": "https://www.gamespot.com/feeds/mashup", "title": "Man Streaks Through Disneyland Ride, Gets Arrested", "description": "<p>Over the weekend, a Disneyland guest was arrested after he was filmed tearing off his clothes and crawling around the iconic Small World ride in front of terrified and confused park-goers. The unidentified 26-year-old man was filmed in his boxers climbing over the animatronic figures and sitting in the pool next to the miniature Taj Mahal. Castmembers immediately went after him to get him to stop. </p><p>One rider confirmed to Entertainment Weekly what she experienced. Disney enthusiast Maegan Carmona, a Disney enthusiast who has her Instagram dedicated to her Disney visits posted a reel with the situation. </p><div><blockquote class=\"instagram-media\"><div style=\"padding: 16px;\"><div style=\"display: flex;\"><div style=\"background-color: #f4f4f4; border-radius: 50%; height: 40px; margin-right: 14px; width: 40px;\"> </div><div style=\"display: flex;\"> </div></div><div style=\"padding: 19% 0;\"> </div><div style=\"display: block; height: 50px; margin: 0 auto 12px; width: 50px;\"> </div><div", "link": "https://www.gamespot.com/articles/man-streaks-through-disneyland-ride-gets-arrested/1100-6519483/?ftag=CAD-01-10abi2f", "date_published": "2023-11-27T14:56:00+00:00", "permanent": false, "bookmarked": false, "dead": false, "artist": "GameSpot", "album": "GameSpot", "user": null, "language": "en-US", "thumbnail": null, "age": null, "page_rating_contents": 0, "page_rating_votes": 0, "page_rating_visits": 0, "page_rating": 0, "tags": [], "comments": [], "vote": 0}, {"source": "https://www.gamespot.com/feeds/mashup", "title": "Margot Robbie \"Can't Imagine\" A Barbie Sequel", "description": "<p dir=\"ltr\">Barbie star Margot Robbie doesn't sound like someone who's itching to jump back into a pink convertible on the silver screen again for a sequel. In fact, the actress \"can't imagine\" what a follow-up would even be like for the biggest movie of the year.</p><p dir=\"ltr\">Speaking with the <a href=\"https://www.youtube.com/watch?v=EdSvZcq7Pic\">AP</a>, Robbie explained how \"we put everything into this one\" and it wasn't meant \"to be a trilogy.\" She added: \"It was like, great to put everything into this movie, so I can't imagine what would be next.\"</p><div>          </div><p dir=\"ltr\"><a href=\"https://www.gamespot.com/articles/barbie-hits-1-billion-at-the-box-office-sets-record-for-female-directors-beats-harry-potter/1100-6516619/\">Barbie made over $1 billion</a> at the worldwide box office, ultimately <a href=\"https://www.gamespot.com/articles/barbie-will-best-harry-potter-to-become-warner-bros-biggest-movie-ever/1100-6517245/\">besting Harry Potter to become Warner Bros. bigg", "link": "https://www.gamespot.com/articles/margot-robbie-cant-imagine-a-barbie-sequel/1100-6519481/?ftag=CAD-01-10abi2f", "date_published": "2023-11-27T14:52:00+00:00", "permanent": false, "bookmarked": false, "dead": false, "artist": "GameSpot", "album": "GameSpot", "user": null, "language": "en-US", "thumbnail": null, "age": null, "page_rating_contents": 0, "page_rating_votes": 0, "page_rating_visits": 0, "page_rating": 0, "tags": [], "comments": [], "vote": 0}, {"source": "https://www.gamespot.com/feeds/mashup", "title": "SteelSeries Arctis Nova Pro Gaming Headset Is Steeply Discounted For Cyber Monday", "description": "<p>There's no shortage of high-quality gaming headsets, and it can be overwhelming to explore that market, but for <a href=\"https://www.gamespot.com/black-friday/\">Cyber Monday</a> you can pick up one of the best all-rounders for your gaming console or PC. The <a href=\"https://www.amazon.com/SteelSeries-Arctis-Wireless-Multi-System-Headset/dp/B09ZWKD9TF?tag=gamespot-bfcm-20\">SteelSeries Arctis Nova Pro</a> is on sale, and if you've been looking for a reliable wireless headset, this one is more than up to the task.</p><div class=\"norewrite\" title=\"\">           <a href=\"https://www.amazon.com/SteelSeries-Arctis-Wireless-Multi-System-Headset/dp/B09ZWCYQTX?tag=gamespot-bfcm-20\">See at Amazon</a> </div><figure style=\"width: 1280px;\"><a href=\"https://www.gamespot.com/a/uploads/original/1601/16018044/4225830-arctis.jpg\"><img alt=\"SteelSeries Arctis Nova Pro\" src=\"https://www.gamespot.com/a/uploads/original/1601/16018044/4225830-arctis.jpg\" /></a><figcaption>SteelSeries Arctis Nova Pro</figc", "link": "https://www.gamespot.com/articles/steelseries-arctis-nova-pro-gaming-headset-is-steeply-discounted-for-cyber-monday/1100-6519475/?ftag=CAD-01-10abi2f", "date_published": "2023-11-27T14:52:00+00:00", "permanent": false, "bookmarked": false, "dead": false, "artist": "GameSpot", "album": "GameSpot", "user": null, "language": "en-US", "thumbnail": null, "age": null, "page_rating_contents": 0, "page_rating_votes": 0, "page_rating_visits": 0, "page_rating": 0, "tags": [], "comments": [], "vote": 0}, {"source": "https://www.gamespot.com/feeds/mashup", "title": "Jurassic World Six-Movie 4K Ultimate Collection Is Only $45 Right Now", "description": "<p><a href=\"https://www.gamespot.com/black-friday/\">Black Friday</a> itself is over but the deals are not done. Amazon has a nice offer on the Jurassic World Ultimate Collection, which includes all six movies in the series. The 4K Blu-ray package is currently on sale for $45, which is more than half off its normal price of $100.</p><p>The bundle includes the original trilogy--Jurassic Park (1993), The Lost World: Jurassic Park (1998), Jurassic Park III (2001)--as well as the newer films. These include Jurassic World (2015), Jurassic World: Fallen Kingdom (2018), and Jurassic World: Dominion (2022).</p><div class=\"norewrite\" title=\"\">           <a href=\"https://www.amazon.com/dp/B0B3H5L4CN?tag=gamespot-bfcm-20\">See at Amazon</a> </div><p>Amazon also has the standard Blu-ray ($30) and DVD ($20) versions on sale as well as part of this deal.</p><a href=\"https://www.gamespot.com/articles/jurassic-world-six-movie-4k-ultimate-collection-is-only-45-right-now/1100-6519480/?ftag=CAD-01-10abi2", "link": "https://www.gamespot.com/articles/jurassic-world-six-movie-4k-ultimate-collection-is-only-45-right-now/1100-6519480/?ftag=CAD-01-10abi2f", "date_published": "2023-11-27T14:41:00+00:00", "permanent": false, "bookmarked": false, "dead": false, "artist": "GameSpot", "album": "GameSpot", "user": null, "language": "en-US", "thumbnail": null, "age": null, "page_rating_contents": 0, "page_rating_votes": 0, "page_rating_visits": 0, "page_rating": 0, "tags": [], "comments": [], "vote": 0}, {"source": "https://www.gamespot.com/feeds/mashup", "title": "The Game Awards' Security Is Getting Beefed Up This Year", "description": "<p>After incidents involving unauthorized people appearing on stage to disrupt proceedings at Geoff Keighley-produced shows, The Game Awards will see its security tightened up for this year's event. Keighley, the host and producer of The Game Awards, was asked in a Twitch Q&amp;A livestream if there would be any increased security measures for the show, and he explained that plans were in place to prevent yet another stage invasion.</p><figure style=\"width: 1280px;\"><a href=\"https://www.gamespot.com/a/uploads/original/1601/16018044/4225839-keigh-209.jpg\"><img alt=\"Not the RobocCop: Rogue City collaboration that we were expecting.\" src=\"https://www.gamespot.com/a/uploads/original/1601/16018044/4225839-keigh-209.jpg\" /></a><figcaption>Not the RobocCop: Rogue City collaboration that we were expecting.</figcaption></figure><p> </p><p>\"We don\u2019t want to talk about that stuff too publicly, just because it\u2019s security,\" Keighley said (via <a href=\"https://www.videogameschronicle.com/news/the-", "link": "https://www.gamespot.com/articles/the-game-awards-security-is-getting-beefed-up-this-year/1100-6519477/?ftag=CAD-01-10abi2f", "date_published": "2023-11-27T14:21:00+00:00", "permanent": false, "bookmarked": false, "dead": false, "artist": "GameSpot", "album": "GameSpot", "user": null, "language": "en-US", "thumbnail": null, "age": null, "page_rating_contents": 0, "page_rating_votes": 0, "page_rating_visits": 0, "page_rating": 0, "tags": [], "comments": [], "vote": 0}, {"source": "https://www.gamespot.com/feeds/mashup", "title": "Deadpool 3's Ryan Reynolds Responds To Taylor Swift Rumor", "description": "<p>Actor Ryan Reynolds has responded to the rumors that <a href=\"https://www.gamespot.com/articles/deadpool-3-director-responds-to-rumor-of-taylor-swift-playing-dazzler/1100-6518729/\">Taylor Swift might be in Deadpool 3</a> and discussed how Disney buying the Deadpool series led to a change in filming locations for the movie.</p><p>Speaking to the <a href=\"https://vancouversun.com/news/local-news/ryan-reynolds-order-bc-exclusive-interview/wcm/4d7a4f43-96fb-42c7-8b02-48695e3e3caf/amp/\">Vancouver Sun</a>, Reynolds said with a laugh about the Swift rumor, \"Yeah, I've heard that one.\" He went on to say that he loves all the gossip and rumors swirling around Deadpool 3.</p><p>\"I think it is a sign of how eager people are to get a peek behind the curtain in this world. Every single one of these secrets and spoilers will be revealed on July 26,\" he said of the movie's 2024 release date.</p><a href=\"https://www.gamespot.com/articles/deadpool-3s-ryan-reynolds-responds-to-taylor-swift-rumor/11", "link": "https://www.gamespot.com/articles/deadpool-3s-ryan-reynolds-responds-to-taylor-swift-rumor/1100-6519478/?ftag=CAD-01-10abi2f", "date_published": "2023-11-27T14:20:00+00:00", "permanent": false, "bookmarked": false, "dead": false, "artist": "GameSpot", "album": "GameSpot", "user": null, "language": "en-US", "thumbnail": null, "age": null, "page_rating_contents": 0, "page_rating_votes": 0, "page_rating_visits": 0, "page_rating": 0, "tags": [], "comments": [], "vote": 0}, {"source": "https://www.gamespot.com/feeds/mashup", "title": "Silent Hill 2 Remake Dev Says Game Is On Schedule, Asks For Patience", "description": "<p>Bloober Team has provided an update on the Silent Hill 2 remake's production. The developer said that everything is going according to plan and that it just needs a bit more time before revealing anything else.</p><p>\"On behalf of our development team, we would like to clarify that the production is progressing smoothly and in accordance with our schedule,\" Bloober Team said in a statement. \"We understand that many players around the world are eagerly anticipating news about the game, and we appreciate your dedication.\"</p><p>\"However, we kindly ask for a bit more patience. Once Konami, as the game's publisher, shares more information, we are confident that the wait will be worthwhile.\"</p><a href=\"https://www.gamespot.com/articles/silent-hill-2-remake-dev-says-game-is-on-schedule-asks-for-patience/1100-6519479/?ftag=CAD-01-10abi2f/\">Continue Reading at GameSpot</a>", "link": "https://www.gamespot.com/articles/silent-hill-2-remake-dev-says-game-is-on-schedule-asks-for-patience/1100-6519479/?ftag=CAD-01-10abi2f", "date_published": "2023-11-27T14:12:00+00:00", "permanent": false, "bookmarked": false, "dead": false, "artist": "GameSpot", "album": "GameSpot", "user": null, "language": "en-US", "thumbnail": null, "age": null, "page_rating_contents": 0, "page_rating_votes": 0, "page_rating_visits": 0, "page_rating": 0, "tags": [], "comments": [], "vote": 0}, {"source": "https://www.gamespot.com/feeds/mashup", "title": "Ubisoft Says Assassin's Creed In-Game Pop-Up Ads Were A \"Technical\" Glitch", "description": "<p>Ubisoft has responded to a video that showed an in-game ad inside an older Assassin's Creed game seemingly prompting players to buy the newest Assassin's Creed game.</p><p>A video making the rounds on social media shows a person playing Assassin's Creed Odyssey, only to have their gameplay interrupted with a pop-up ad promoting the Black Friday deal on Assassin's Creed Mirage. Many saw this as Ubisoft going too far. But <a href=\"https://twitter.com/assassinscreed/status/1728105025979679011?s=46&amp;t=gp9HY1NQP1eeZxZoq0Xxsw\">according to Ubisoft</a>, this pop-up ad was \"the result of a technical error that has now been fixed.\"</p><p>\"Our intention was to display a promotion for Assassin's Creed Mirage as part of the franchise news in the main menu of other Assassin's Creed games. Unfortunately, this technical error caused the promotion to appear in one of our in-game menus instead. We want to ensure the best player experience possible, and these disruptive pop-ups were promptly rem", "link": "https://www.gamespot.com/articles/ubisoft-says-assassins-creed-in-game-pop-up-ads-were-a-technical-glitch/1100-6519476/?ftag=CAD-01-10abi2f", "date_published": "2023-11-27T13:46:00+00:00", "permanent": false, "bookmarked": false, "dead": false, "artist": "GameSpot", "album": "GameSpot", "user": null, "language": "en-US", "thumbnail": null, "age": null, "page_rating_contents": 0, "page_rating_votes": 0, "page_rating_visits": 0, "page_rating": 0, "tags": [], "comments": [], "vote": 0}]