[{"source": "https://www.youtube.com/feeds/videos.xml?channel_id=UCwSv086EAByBY-Z7y-QR_cQ", "title": "Koniec anonimowo\u015bci w Internecie. To ostatnie lata Internetu jaki znamy!", "description": "\ud83d\udcfa Zapraszam do ogl\u0105dania\n\n\u2b07\ufe0fRozwi\u0144 opis\u2b07\ufe0f\n------------------------------------------------------------\n\ud83d\udc24 Twitter - https://bit.ly/460WBXe\n\ud83c\udfae Tatusiek - https://bit.ly/3CTyeOG\n------------------------------------------------------------\n\u2709\ufe0f Ludzie listy pisz\u0105 \n\ud83d\udd8a\ufe0f uszi@protonmail.com\n------------------------------------------------------------\n\ud83d\udc7a Niecenzuralne i agresywne komentarze zostan\u0105 usuni\u0119te.  Jak ju\u017c musisz zakl\u0105\u0107 dawaj znaki (&*%@%).\n------------------------------------------------------------\n\ud83d\udcb2 Donate/ Darowizna\nPLN / SMS / Blik: http://bit.ly/3bsXtJj\n-------------------------------------------------------------\n\u2705 \u0179r\u00f3d\u0142a:\n1. https://tinyurl.com/5bj2x7sh\n2. https://tinyurl.com/p9mc2ehn\n3. https://tinyurl.com/3fanumwv\n4. https://tinyurl.com/mr3v46aj\n5. https://tinyurl.com/4ehutyk6\n---------------------------------------------------------------\n\ud83c\udfb4 Wykorzystano grafik\u0119 ze strony:\nfoxnews.com - https://tinyurl.com/5bj2x7sh\n-------------------------------------------------------------", "link": "https://www.youtube.com/watch?v=nUfZjaNDfog", "date_published": "2023-11-27T22:11:06+00:00", "permanent": false, "bookmarked": false, "dead": false, "artist": "Uszi", "album": "Uszi", "user": null, "language": "pl-PL", "thumbnail": "https://i3.ytimg.com/vi/nUfZjaNDfog/hqdefault.jpg", "age": null, "page_rating_contents": 0, "page_rating_votes": 0, "page_rating_visits": 0, "page_rating": 0, "tags": [], "comments": [], "vote": 0}]