[{"source": "https://www.telegraph.co.uk/rss.xml", "title": "Luckless Wolves punished by late Var intervention in defeat to Fulham", "description": "", "link": "https://www.telegraph.co.uk/football/2023/11/27/fulham-vs-wolves-result-var-injury-time-penalty-decision", "date_published": "2023-11-27T22:32:40+00:00", "permanent": false, "bookmarked": false, "dead": false, "artist": "The Telegraph Top Stories", "album": "The Telegraph Top Stories", "user": null, "language": "en-UK", "thumbnail": "http://www.telegraph.co.uk/etc/designs/telegraph/core/clientlibs/themes/cars/img/favicon/apple-touch-icon-114x114.png", "age": null, "page_rating_contents": 0, "page_rating_votes": 0, "page_rating_visits": 0, "page_rating": 0, "tags": [], "comments": [], "vote": 0}, {"source": "https://www.telegraph.co.uk/rss.xml", "title": "\u2018I performed six amputations in one night\u2019: London doctor recalls war horrors after 43 days in Gaza", "description": "", "link": "https://www.telegraph.co.uk/global-health/terror-and-security/gaza-hospital-surgeon-ghassan-abu-sittah-child-amputations", "date_published": "2023-11-27T19:03:21+00:00", "permanent": false, "bookmarked": false, "dead": false, "artist": "The Telegraph Top Stories", "album": "The Telegraph Top Stories", "user": null, "language": "en-UK", "thumbnail": "http://www.telegraph.co.uk/etc/designs/telegraph/core/clientlibs/themes/cars/img/favicon/apple-touch-icon-114x114.png", "age": null, "page_rating_contents": 0, "page_rating_votes": 0, "page_rating_visits": 0, "page_rating": 0, "tags": [], "comments": [], "vote": 0}, {"source": "https://www.telegraph.co.uk/rss.xml", "title": "Cascade of fireworks halts Boca Juniors match in Argentine Primera Division", "description": "", "link": "https://www.telegraph.co.uk/football/2023/11/27/boca-juniors-match-godoy-cruz-fireworks-argentina-primera", "date_published": "2023-11-27T18:32:49+00:00", "permanent": false, "bookmarked": false, "dead": false, "artist": "The Telegraph Top Stories", "album": "The Telegraph Top Stories", "user": null, "language": "en-UK", "thumbnail": "http://www.telegraph.co.uk/etc/designs/telegraph/core/clientlibs/themes/cars/img/favicon/apple-touch-icon-114x114.png", "age": null, "page_rating_contents": 0, "page_rating_votes": 0, "page_rating_visits": 0, "page_rating": 0, "tags": [], "comments": [], "vote": 0}, {"source": "https://www.telegraph.co.uk/rss.xml", "title": "The beginner\u2019s guide to Isas: how to invest and save, tax-free", "description": "", "link": "https://www.telegraph.co.uk/money/investing/isas/isa-beginners-guide-cash-stocks-shares", "date_published": "2023-11-27T18:06:46+00:00", "permanent": false, "bookmarked": false, "dead": false, "artist": "The Telegraph Top Stories", "album": "The Telegraph Top Stories", "user": null, "language": "en-UK", "thumbnail": "http://www.telegraph.co.uk/etc/designs/telegraph/core/clientlibs/themes/cars/img/favicon/apple-touch-icon-114x114.png", "age": null, "page_rating_contents": 0, "page_rating_votes": 0, "page_rating_visits": 0, "page_rating": 0, "tags": [], "comments": [], "vote": 0}, {"source": "https://www.telegraph.co.uk/rss.xml", "title": "Fears grow over mystery illness that has killed at least 14 people in Uganda", "description": "", "link": "https://www.telegraph.co.uk/global-health/science-and-disease/mystery-disease-kills-14-people-in-uganda-africa", "date_published": "2023-11-27T18:00:17+00:00", "permanent": false, "bookmarked": false, "dead": false, "artist": "The Telegraph Top Stories", "album": "The Telegraph Top Stories", "user": null, "language": "en-UK", "thumbnail": "http://www.telegraph.co.uk/etc/designs/telegraph/core/clientlibs/themes/cars/img/favicon/apple-touch-icon-114x114.png", "age": null, "page_rating_contents": 0, "page_rating_votes": 0, "page_rating_visits": 0, "page_rating": 0, "tags": [], "comments": [], "vote": 0}, {"source": "https://www.telegraph.co.uk/rss.xml", "title": "Ukraine: The Latest - Horrendous Winter weather strikes the region", "description": "", "link": "https://www.telegraph.co.uk/world-news/2023/11/27/horrendous-winter-weather-strikes-the-region", "date_published": "2023-11-27T15:54:55+00:00", "permanent": false, "bookmarked": false, "dead": false, "artist": "The Telegraph Top Stories", "album": "The Telegraph Top Stories", "user": null, "language": "en-UK", "thumbnail": "http://www.telegraph.co.uk/etc/designs/telegraph/core/clientlibs/themes/cars/img/favicon/apple-touch-icon-114x114.png", "age": null, "page_rating_contents": 0, "page_rating_votes": 0, "page_rating_visits": 0, "page_rating": 0, "tags": [], "comments": [], "vote": 0}, {"source": "https://www.telegraph.co.uk/rss.xml", "title": "Brianna Ghey trial latest: Two accused of murdering transgender teenager", "description": "", "link": "https://www.telegraph.co.uk/news/2023/11/27/brianna-ghey-murder-trial-trans-teenager-latest", "date_published": "2023-11-27T15:26:35+00:00", "permanent": false, "bookmarked": false, "dead": false, "artist": "The Telegraph Top Stories", "album": "The Telegraph Top Stories", "user": null, "language": "en-UK", "thumbnail": "http://www.telegraph.co.uk/etc/designs/telegraph/core/clientlibs/themes/cars/img/favicon/apple-touch-icon-114x114.png", "age": null, "page_rating_contents": 0, "page_rating_votes": 0, "page_rating_visits": 0, "page_rating": 0, "tags": [], "comments": [], "vote": 0}, {"source": "https://www.telegraph.co.uk/rss.xml", "title": "Eight ways to help your child make friends", "description": "", "link": "https://www.telegraph.co.uk/christmas/2023/11/27/eight-ways-help-child-make-friends", "date_published": "2023-11-27T13:49:40+00:00", "permanent": false, "bookmarked": false, "dead": false, "artist": "The Telegraph Top Stories", "album": "The Telegraph Top Stories", "user": null, "language": "en-UK", "thumbnail": "http://www.telegraph.co.uk/etc/designs/telegraph/core/clientlibs/themes/cars/img/favicon/apple-touch-icon-114x114.png", "age": null, "page_rating_contents": 0, "page_rating_votes": 0, "page_rating_visits": 0, "page_rating": 0, "tags": [], "comments": [], "vote": 0}, {"source": "https://www.telegraph.co.uk/rss.xml", "title": "\u2018I helped decorate the Savoy for Christmas \u2013 here are the insider tips I learnt\u2019", "description": "", "link": "https://www.telegraph.co.uk/christmas/2023/11/27/i-decorated-the-savoy-christmas-insider-tips", "date_published": "2023-11-27T13:00:00+00:00", "permanent": false, "bookmarked": false, "dead": false, "artist": "The Telegraph Top Stories", "album": "The Telegraph Top Stories", "user": null, "language": "en-UK", "thumbnail": "http://www.telegraph.co.uk/etc/designs/telegraph/core/clientlibs/themes/cars/img/favicon/apple-touch-icon-114x114.png", "age": null, "page_rating_contents": 0, "page_rating_votes": 0, "page_rating_visits": 0, "page_rating": 0, "tags": [], "comments": [], "vote": 0}, {"source": "https://www.telegraph.co.uk/rss.xml", "title": "BBC Sports Personality of the Year Award 2023: When is it and who are the nominees?", "description": "", "link": "https://www.telegraph.co.uk/sport/0/bbc-sports-personality-of-the-year-2023-when-nominees-odds", "date_published": "2023-11-27T09:47:21+00:00", "permanent": false, "bookmarked": false, "dead": false, "artist": "The Telegraph Top Stories", "album": "The Telegraph Top Stories", "user": null, "language": "en-UK", "thumbnail": "http://www.telegraph.co.uk/etc/designs/telegraph/core/clientlibs/themes/cars/img/favicon/apple-touch-icon-114x114.png", "age": null, "page_rating_contents": 0, "page_rating_votes": 0, "page_rating_visits": 0, "page_rating": 0, "tags": [], "comments": [], "vote": 0}, {"source": "https://www.telegraph.co.uk/rss.xml", "title": "Israel-Hamas latest news: Hostage release under threat as concerns raised over list", "description": "", "link": "https://www.telegraph.co.uk/world-news/2023/11/27/israel-hamas-palestine-ceasefire-hostages-latest-news-live", "date_published": "2023-11-27T08:04:06+00:00", "permanent": false, "bookmarked": false, "dead": false, "artist": "The Telegraph Top Stories", "album": "The Telegraph Top Stories", "user": null, "language": "en-UK", "thumbnail": "http://www.telegraph.co.uk/etc/designs/telegraph/core/clientlibs/themes/cars/img/favicon/apple-touch-icon-114x114.png", "age": null, "page_rating_contents": 0, "page_rating_votes": 0, "page_rating_visits": 0, "page_rating": 0, "tags": [], "comments": [], "vote": 0}, {"source": "https://www.telegraph.co.uk/rss.xml", "title": "Politics latest news: A lot of work to be done to curb net migration, says Kemi Badenoch", "description": "", "link": "https://www.telegraph.co.uk/politics/2023/11/27/rishi-sunak-latest-news-general-election-james-cleverly", "date_published": "2023-11-27T07:58:02+00:00", "permanent": false, "bookmarked": false, "dead": false, "artist": "The Telegraph Top Stories", "album": "The Telegraph Top Stories", "user": null, "language": "en-UK", "thumbnail": "http://www.telegraph.co.uk/etc/designs/telegraph/core/clientlibs/themes/cars/img/favicon/apple-touch-icon-114x114.png", "age": null, "page_rating_contents": 0, "page_rating_votes": 0, "page_rating_visits": 0, "page_rating": 0, "tags": [], "comments": [], "vote": 0}]