[{"source": "https://www.youtube.com/feeds/videos.xml?channel_id=UCRlICXvO4XR4HMeEB9JjDlA", "title": "The Sneaky Tricks Napoleon Used To Win Every Battle", "description": "Want to restore the planet's ecosystems and see your impact in monthly videos? For the first 200 people to join Planet Wild, I will personally pay for the first month of your Planet Wild subscription at https://www.planetwild.com/thoughty2/foodforest\nIf you want to get to know them better first, check out their latest video here:\n- Planting 40,000 trees in Senegal to overcome desertification: https://www.planetwild.com/thoughty2/9\n\nThoughty2 Patreon & Discord: https://www.patreon.com/thoughty2\nThoughty2 Audiobook: https://geni.us/t2audio\nThoughty2 Book: https://geni.us/t2book\n\nFollow Thoughty2\nTikTok: https://www.tiktok.com/@realthoughty2\nFacebook: https://facebook.com/thoughty2\nInstagram: https://instagram.com/thoughty2\nWebsite: http://thoughty2.com\n\nAbout Thoughty2\nThoughty2 (Arran) is a British YouTuber and gatekeeper of useless facts. Thoughty2 creates mind-blowing factual videos about science, tech, history, opinion and just about everything else.\n#Thoughty2\n\nWriting: Steven Rix", "link": "https://www.youtube.com/watch?v=OLo-K2_AyHs", "date_published": "2023-11-27T20:03:42+00:00", "permanent": false, "bookmarked": false, "dead": false, "artist": "Thoughty2", "album": "Thoughty2", "user": null, "language": "en-US", "thumbnail": "https://i4.ytimg.com/vi/OLo-K2_AyHs/hqdefault.jpg", "age": null, "page_rating_contents": 0, "page_rating_votes": 0, "page_rating_visits": 0, "page_rating": 0, "tags": [], "comments": [], "vote": 0}]