[{"source": "https://www.money.pl/rss/rss.xml", "title": "Chleb od przysz\u0142ego roku zdro\u017ceje? S\u0105 podstawy do obaw", "description": "<img src=\"https://i.wpimg.pl/308x/filerepo.grupawp.pl/api/v1/display/embed/297aea9e-4765-4a73-8025-acd5365778d0\" width=\"308\" /> Podniesienie p\u0142acy minimalnej i urealnienie koszt\u00f3w zakupu paliwa doprowadzi do fali wzrost\u00f3w, do tego likwidacja zerowej stawki VAT na \u017cywno\u015b\u0107 oraz odmro\u017cenie cen gazu dla piekarni i cukierni - to czynniki, kt\u00f3re mog\u0105 podnie\u015b\u0107 ceny pieczywa w 2024 roku.", "link": "https://www.money.pl/podatki/chleb-od-przyszlego-roku-zdrozeje-sa-podstawy-do-obaw-6967772717435392a.html", "date_published": "2023-11-27T20:35:52+00:00", "permanent": false, "bookmarked": false, "dead": false, "artist": "Money PL", "album": "Money PL", "user": null, "language": "pl-PL", "thumbnail": "https://static1.money.pl/i/wp-money.png", "age": null, "page_rating_contents": 0, "page_rating_votes": 0, "page_rating_visits": 0, "page_rating": 0, "tags": [], "comments": [], "vote": 0}, {"source": "https://www.money.pl/rss/rss.xml", "title": "Nowy rz\u0105d Morawieckiego rusza do pracy. Premier zapowiada trzy ustawy", "description": "<img src=\"https://i.wpimg.pl/308x/filerepo.grupawp.pl/api/v1/display/embed/afd4928e-63e0-4b33-b78f-695ff55af2d9\" width=\"308\" /> Premier Mateusz Morawiecki zapowiedzia\u0142, \u017ce w najbli\u017cszych dw\u00f3ch tygodniach rz\u0105d b\u0119dzie intensywnie pracowa\u0142 nad kilkoma projektami ustaw. Przedstawi\u0142 trzy propozycje ustaw, kt\u00f3re jego zdaniem s\u0105 niezwykle korzystne dla spo\u0142ecze\u0144stwa.", "link": "https://www.money.pl/podatki/nowy-rzad-morawieckiego-rusza-do-pracy-premier-zapowiada-trzy-ustawy-6967762111548288a.html", "date_published": "2023-11-27T19:52:49+00:00", "permanent": false, "bookmarked": false, "dead": false, "artist": "Money PL", "album": "Money PL", "user": null, "language": "pl-PL", "thumbnail": "https://static1.money.pl/i/wp-money.png", "age": null, "page_rating_contents": 0, "page_rating_votes": 0, "page_rating_visits": 0, "page_rating": 0, "tags": [], "comments": [], "vote": 0}, {"source": "https://www.money.pl/rss/rss.xml", "title": "Allegro skupi akcje i rozda pracownikom. Wkr\u00f3tce rusza p\u00f3\u0142roczny program", "description": "<img src=\"https://i.wpimg.pl/308x/filerepo.grupawp.pl/api/v1/display/embed/1d9cb5c1-830c-40cf-8934-c57e7b69d1b0\" width=\"308\" /> Allegro przeprowadzi skup akcji w\u0142asnych w celu zrealizowania nagr\u00f3d w ramach pracowniczego programu motywacyjnego - poinformowa\u0142a sp\u00f3\u0142ka w komunikacie.", "link": "https://www.money.pl/gielda/allegro-skupi-akcje-i-rozda-pracownikom-wkrotce-rusza-polroczny-program-6967757012339584a.html", "date_published": "2023-11-27T19:43:08+00:00", "permanent": false, "bookmarked": false, "dead": false, "artist": "Money PL", "album": "Money PL", "user": null, "language": "pl-PL", "thumbnail": "https://static1.money.pl/i/wp-money.png", "age": null, "page_rating_contents": 0, "page_rating_votes": 0, "page_rating_visits": 0, "page_rating": 0, "tags": [], "comments": [], "vote": 0}, {"source": "https://www.money.pl/rss/rss.xml", "title": "Zabior\u0105 si\u0119 za zmiany w PPK? \"Pomys\u0142y mog\u0105 sko\u0144czy\u0107 si\u0119 katastrof\u0105\"", "description": "<img src=\"https://i.wpimg.pl/308x/filerepo.grupawp.pl/api/v1/display/embed/c348df06-7933-4b2f-bbdb-4f16ddd7e7e2\" width=\"308\" /> Pracownicze Plany Kapita\u0142owe (PPK) znalaz\u0142y si\u0119 na celowniku ekipy Donalda Tuska. Jakiekolwiek zmiany w sztandarowej reformie PiS-u mog\u0105 by\u0107 katastrofalne w skutkach \u2014 ostrzegaj\u0105 eksperci pytani przez money.pl. Likwidacja automatycznego zapisu do programu emerytalnego by\u0142aby pocz\u0105tkiem jego ko\u0144ca.", "link": "https://www.money.pl/emerytury/zabiora-sie-za-zmiany-w-ppk-pomysly-moga-skonczyc-sie-katastrofa-6967721559128960a.html", "date_published": "2023-11-27T19:05:17+00:00", "permanent": false, "bookmarked": false, "dead": false, "artist": "Money PL", "album": "Money PL", "user": null, "language": "pl-PL", "thumbnail": "https://static1.money.pl/i/wp-money.png", "age": null, "page_rating_contents": 0, "page_rating_votes": 0, "page_rating_visits": 0, "page_rating": 0, "tags": [], "comments": [], "vote": 0}, {"source": "https://www.money.pl/rss/rss.xml", "title": "Orban broni atomowych interes\u00f3w. Zablokowa\u0142 sankcje przeciw Rosji", "description": "<img src=\"https://i.wpimg.pl/308x/filerepo.grupawp.pl/api/v1/display/embed/0c063bcf-ac10-4997-a761-7e875b8ad70a\" width=\"308\" /> W\u0119gry zablokowa\u0142y propozycj\u0119 unijnych sankcji wobec rosyjskiej energetyki j\u0105drowej. Wed\u0142ug ministra spraw zagranicznych W\u0119gier Petera Szijj\u00e1rt\u00f3 ich w\u0142\u0105czenie do 12. pakietu zagrozi\u0142oby bezpiecze\u0144stwu energetycznemu kraj\u00f3w europejskich.", "link": "https://www.money.pl/gielda/orban-broni-atomowych-interesow-zablokowal-sankcje-przeciw-rosji-6967744655469056a.html", "date_published": "2023-11-27T18:48:24+00:00", "permanent": false, "bookmarked": false, "dead": false, "artist": "Money PL", "album": "Money PL", "user": null, "language": "pl-PL", "thumbnail": "https://static1.money.pl/i/wp-money.png", "age": null, "page_rating_contents": 0, "page_rating_votes": 0, "page_rating_visits": 0, "page_rating": 0, "tags": [], "comments": [], "vote": 0}, {"source": "https://www.money.pl/rss/rss.xml", "title": "Ponad dwa miliony W\u0142och\u00f3w da\u0142o si\u0119 oszuka\u0107. Kierowcy na celowniku", "description": "<img src=\"https://i.wpimg.pl/308x/filerepo.grupawp.pl/api/v1/display/embed/4f6aec27-069b-4c81-8272-42c4be61f472\" width=\"308\" /> Ponad 2,3 miliona W\u0142och\u00f3w pad\u0142o w ci\u0105gu ostatniego roku ofiar\u0105 oszustwa, kupuj\u0105c fa\u0142szywe ubezpieczenia OC samochodu lub motocykla. W sumie stracili na tym setki milion\u00f3w euro.", "link": "https://www.money.pl/ubezpieczenia/ponad-dwa-miliony-wlochow-dalo-sie-oszukac-kierowcy-na-celowniku-6967738782484992a.html", "date_published": "2023-11-27T18:29:18+00:00", "permanent": false, "bookmarked": false, "dead": false, "artist": "Money PL", "album": "Money PL", "user": null, "language": "pl-PL", "thumbnail": "https://static1.money.pl/i/wp-money.png", "age": null, "page_rating_contents": 0, "page_rating_votes": 0, "page_rating_visits": 0, "page_rating": 0, "tags": [], "comments": [], "vote": 0}, {"source": "https://www.money.pl/rss/rss.xml", "title": "\"PiS spi\u0142 \u015bmietank\u0119\". Trudne zadanie dla nowej w\u0142adzy", "description": "<img src=\"https://i.wpimg.pl/308x/filerepo.grupawp.pl/api/v1/display/embed/cf35ba67-ec8b-4cb8-b32c-576e37214982\" width=\"308\" /> PiS zostawia gospodark\u0119 w stanie \"do remontu\". Zdaniem ekonomist\u00f3w nowy rz\u0105d powinien skoncentrowa\u0107 si\u0119 na inwestycjach i eksporcie. Przysz\u0142y rok nie b\u0119dzie sprzyja\u0142 oszcz\u0119dzaniu. Problemy bud\u017cetowe poddadz\u0105 koalicj\u0119 pr\u00f3bie czasu.", "link": "https://www.money.pl/gospodarka/pis-spil-smietanke-trudne-zadanie-dla-nowej-wladzy-6967598166977408a.html", "date_published": "2023-11-27T14:31:43+00:00", "permanent": false, "bookmarked": false, "dead": false, "artist": "Money PL", "album": "Money PL", "user": null, "language": "pl-PL", "thumbnail": "https://static1.money.pl/i/wp-money.png", "age": null, "page_rating_contents": 0, "page_rating_votes": 0, "page_rating_visits": 0, "page_rating": 0, "tags": [], "comments": [], "vote": 0}, {"source": "https://www.money.pl/rss/rss.xml", "title": "Jak ko\u0144czy PiS? \"Zastanawia\u0142em si\u0119 nad trzy na szynach\" [OPINIA]", "description": "<img src=\"https://i.wpimg.pl/308x/filerepo.grupawp.pl/api/v1/display/embed/32556915-d658-4d78-b1b4-b5b78d658508\" width=\"308\" /> W skali szkolnej od 1 do 6 da\u0142bym rz\u0105dom PiS ocen\u0119 trzy z minusem. Zastanawia\u0142em si\u0119 nad trzy na szynach, ale rynek pracy przewa\u017cy\u0142 - pisze w opinii dla money.pl Piotr Kuczy\u0144ski, g\u0142\u00f3wny analityk domu inwestycyjnego Xelion.", "link": "https://www.money.pl/gospodarka/jak-konczy-pis-zastanawialem-sie-nad-trzy-na-szynach-6967663492807168a.html", "date_published": "2023-11-27T13:40:44+00:00", "permanent": false, "bookmarked": false, "dead": false, "artist": "Money PL", "album": "Money PL", "user": null, "language": "pl-PL", "thumbnail": "https://static1.money.pl/i/wp-money.png", "age": null, "page_rating_contents": 0, "page_rating_votes": 0, "page_rating_visits": 0, "page_rating": 0, "tags": [], "comments": [], "vote": 0}, {"source": "https://www.money.pl/rss/rss.xml", "title": "Zagadkowe ruchy wok\u00f3\u0142 TVP. \"Utrudnienie dla przysz\u0142ego rz\u0105du\"", "description": "<img src=\"https://i.wpimg.pl/308x/filerepo.grupawp.pl/api/v1/display/embed/bdfe81e5-7ddd-4c44-8727-88a6c43d3580\" width=\"308\" /> Piotr Gli\u0144ski wyst\u0105pi\u0142 do Rady Medi\u00f3w Narodowych z wnioskiem o wyra\u017cenie zgody na zmiany w statutach medi\u00f3w publicznych. A RMN mia\u0142a na to przysta\u0107 \u2013 informuj\u0105 media. Zmiany dotycz\u0105 procedury likwidacji sp\u00f3\u0142ek. W ten spos\u00f3b ust\u0119puj\u0105cy rz\u0105d chce utrudni\u0107 nowej w\u0142adzy proces przej\u0119cia kontroli nad mediami.", "link": "https://www.money.pl/gospodarka/zagadkowe-ruchy-wokol-tvp-utrudnienie-dla-przyszlego-rzadu-6967653287132032a.html", "date_published": "2023-11-27T12:50:46+00:00", "permanent": false, "bookmarked": false, "dead": false, "artist": "Money PL", "album": "Money PL", "user": null, "language": "pl-PL", "thumbnail": "https://static1.money.pl/i/wp-money.png", "age": null, "page_rating_contents": 0, "page_rating_votes": 0, "page_rating_visits": 0, "page_rating": 0, "tags": [], "comments": [], "vote": 0}, {"source": "https://www.money.pl/rss/rss.xml", "title": "\"Starym\" ministrom nie op\u0142aca si\u0119 wchodzi\u0107 do nowego rz\u0105du PiS. Strac\u0105 wysokie odprawy", "description": "<img src=\"https://i.wpimg.pl/308x/filerepo.grupawp.pl/api/v1/display/embed/67a2f1e6-5ecc-4eb7-a350-d0c2f2f3fd66\" width=\"308\" /> Ministrowie dotychczas zasiadaj\u0105cy w rz\u0105dzie Mateusza Morawieckiego nie kwapi\u0105 si\u0119 do wej\u015bcia do jego nowego gabinetu. I w sumie nie ma si\u0119 co im dziwi\u0107. Je\u017celi przyj\u0119liby nominacj\u0119, to wi\u0105za\u0142oby si\u0119 to z utrat\u0105 wysokich odpraw. Prawo w tym wypadku jest jasne.", "link": "https://www.money.pl/gospodarka/starym-ministrom-nie-oplaca-sie-wchodzic-do-nowego-rzadu-pis-straca-wysokie-odprawy-6967639178349440a.html", "date_published": "2023-11-27T11:59:01+00:00", "permanent": false, "bookmarked": false, "dead": false, "artist": "Money PL", "album": "Money PL", "user": null, "language": "pl-PL", "thumbnail": "https://static1.money.pl/i/wp-money.png", "age": null, "page_rating_contents": 0, "page_rating_votes": 0, "page_rating_visits": 0, "page_rating": 0, "tags": [], "comments": [], "vote": 0}, {"source": "https://www.money.pl/rss/rss.xml", "title": "W Niemczech \"wszystkie strza\u0142ki na czerwono\". Kolejny bank obni\u017ca prognozy", "description": "<img src=\"https://i.wpimg.pl/308x/filerepo.grupawp.pl/api/v1/display/embed/15aa9934-f237-426a-a606-8282194ec16f\" width=\"308\" /> Deutsche Bank obni\u017cy\u0142 swoj\u0105 prognoz\u0119 dla niemieckiej gospodarki i spodziewa si\u0119, \u017ce PKB Niemiec w 2023 roku skurczy si\u0119 o 0,5 procent. Sytuacja gospodarcza w kraju ma si\u0119 wi\u0119c pogorszy\u0107, bo poprzednia prognoza zak\u0142ada\u0142a spadek o 0,3 procent. Bank jest r\u00f3wnie\u017c mniej optymistyczny co do 2024 r.", "link": "https://www.money.pl/gospodarka/w-niemczech-wszystkie-strzalki-na-czerwono-kolejny-bank-obniza-prognozy-6967638550743936a.html", "date_published": "2023-11-27T11:36:51+00:00", "permanent": false, "bookmarked": false, "dead": false, "artist": "Money PL", "album": "Money PL", "user": null, "language": "pl-PL", "thumbnail": "https://static1.money.pl/i/wp-money.png", "age": null, "page_rating_contents": 0, "page_rating_votes": 0, "page_rating_visits": 0, "page_rating": 0, "tags": [], "comments": [], "vote": 0}, {"source": "https://www.money.pl/rss/rss.xml", "title": "Problem z wy\u017csz\u0105 kwot\u0105 woln\u0105. \"Na pewno nie b\u0119dzie to pierwsza zrealizowana obietnica\"", "description": "<img src=\"https://i.wpimg.pl/308x/filerepo.grupawp.pl/api/v1/display/embed/d4c4dd31-7eb7-49bb-9db7-903f173b38c7\" width=\"308\" /> Koalicja Obywatelska przed wyborami obieca\u0142a podniesienie kwoty wolnej od podatku do poziomu 60 tys. z\u0142. Po wyborach jednak podkre\u015bla, \u017ce b\u0119dzie to trudne zadanie. Teraz Marcin Kierwi\u0144ski przyznaje, \u017ce to nie b\u0119dzie pierwsza zrealizowana obietnica przysz\u0142ej koalicji rz\u0105dz\u0105cej.", "link": "https://www.money.pl/podatki/problem-z-wyzsza-kwota-wolna-na-pewno-nie-bedzie-to-pierwsza-zrealizowana-obietnica-6967617425460096a.html", "date_published": "2023-11-27T11:02:14+00:00", "permanent": false, "bookmarked": false, "dead": false, "artist": "Money PL", "album": "Money PL", "user": null, "language": "pl-PL", "thumbnail": "https://static1.money.pl/i/wp-money.png", "age": null, "page_rating_contents": 0, "page_rating_votes": 0, "page_rating_visits": 0, "page_rating": 0, "tags": [], "comments": [], "vote": 0}, {"source": "https://www.money.pl/rss/rss.xml", "title": "PiS jest dumny z reformy PPK. Tusk namiesza? \"Trzeba by\u0107 ostro\u017cnym\"", "description": "<img src=\"https://i.wpimg.pl/308x/filerepo.grupawp.pl/api/v1/display/embed/6cba7756-be6a-42cf-bda3-18d5ed570479\" width=\"308\" /> \"Mo\u017cna oczywi\u015bcie wprowadza\u0107 korekty, ale trzeba tu by\u0107 wi\u0119cej ni\u017c ostro\u017cnym\" - napisa\u0142 na platformie X Bartosz Marczuk, wiceprezes Polskiego Funduszu Rozwoju, zarz\u0105dzaj\u0105cego PPK. Odni\u00f3s\u0142 si\u0119 do doniesie\u0144 \"Wyborczej\" o szykowanych zmianach w sztandarowej reformie PiS. I przypomnia\u0142 o decyzji Tuska sprzed lat.", "link": "https://www.money.pl/emerytury/pis-jest-dumny-z-reformy-ppk-tusk-namiesza-trzeba-byc-ostroznym-6967607885282272a.html", "date_published": "2023-11-27T09:45:20+00:00", "permanent": false, "bookmarked": false, "dead": false, "artist": "Money PL", "album": "Money PL", "user": null, "language": "pl-PL", "thumbnail": "https://static1.money.pl/i/wp-money.png", "age": null, "page_rating_contents": 0, "page_rating_votes": 0, "page_rating_visits": 0, "page_rating": 0, "tags": [], "comments": [], "vote": 0}, {"source": "https://www.money.pl/rss/rss.xml", "title": "Rz\u0105d reaguje na skarg\u0119 KE. Proponuje nowel\u0119 wprowadzaj\u0105c\u0105 op\u0142at\u0119", "description": "<img src=\"https://i.wpimg.pl/308x/filerepo.grupawp.pl/api/v1/display/embed/61a24f13-ec3d-4a1a-bd18-5b502a7f73da\" width=\"308\" /> Komisja Europejska zarzuci\u0142a Polsce, \u017ce ta ma zbyt restrykcyjne wymogi dotycz\u0105ce magazynowania gazu przez firmy. Na reakcj\u0119 nie trzeba by\u0142o d\u0142ugo czeka\u0107. Na ostatniej prostej ust\u0119puj\u0105cy rz\u0105d pracuje nad ustaw\u0105 zwalniaj\u0105c\u0105 firmy z obowi\u0105zku utrzymywania zapas\u00f3w gazu. B\u0119dzie jednak op\u0142ata dla cz\u0119\u015bci firm.", "link": "https://www.money.pl/gospodarka/rzad-reaguje-na-skarge-ke-proponuje-nowele-wprowadzajaca-oplate-6967596040682368a.html", "date_published": "2023-11-27T09:36:55+00:00", "permanent": false, "bookmarked": false, "dead": false, "artist": "Money PL", "album": "Money PL", "user": null, "language": "pl-PL", "thumbnail": "https://static1.money.pl/i/wp-money.png", "age": null, "page_rating_contents": 0, "page_rating_votes": 0, "page_rating_visits": 0, "page_rating": 0, "tags": [], "comments": [], "vote": 0}, {"source": "https://www.money.pl/rss/rss.xml", "title": "Ogromny wyciek danych pacjent\u00f3w. Hakerzy gro\u017c\u0105 firmie i daj\u0105 jej czas na zap\u0142at\u0119 okupu", "description": "<img src=\"https://i.wpimg.pl/308x/filerepo.grupawp.pl/api/v1/display/embed/bf2ea108-9218-46cf-ba29-150f1baeb0b8\" width=\"308\" /> Firma ALAB Laboratoria mierzy si\u0119 ze skutkami ogromnego wycieku danych. Hakerzy opublikowali dane medyczne co najmniej kilkudziesi\u0119ciu tysi\u0119cy Polek i Polak\u00f3w, kt\u00f3rzy w latach 2017-2023 wykonywali badania medyczne w tej sieci. Dali te\u017c termin zap\u0142aty okupu. W przeciwnym wypadku opublikuj\u0105 pe\u0142ne dane.", "link": "https://www.money.pl/gospodarka/ogromny-wyciek-danych-pacjentow-hakerzy-groza-firmie-i-daja-jej-czas-na-zaplate-okupu-6967607169158112a.html", "date_published": "2023-11-27T09:20:55+00:00", "permanent": false, "bookmarked": false, "dead": false, "artist": "Money PL", "album": "Money PL", "user": null, "language": "pl-PL", "thumbnail": "https://static1.money.pl/i/wp-money.png", "age": null, "page_rating_contents": 0, "page_rating_votes": 0, "page_rating_visits": 0, "page_rating": 0, "tags": [], "comments": [], "vote": 0}, {"source": "https://www.money.pl/rss/rss.xml", "title": "\"Nowy\" prezes KNF o swoich kompetencjach. \"Naros\u0142y mity\"", "description": "<img src=\"https://i.wpimg.pl/308x/filerepo.grupawp.pl/api/v1/display/embed/8d7a339b-d365-47a7-937f-5094bcff8447\" width=\"308\" /> Jacek Jastrz\u0119bski udzieli\u0142 pierwszego wywiadu po ponownej nominacji na szefa KNF. Zapewni\u0142 w nim, \u017ce Urz\u0105d b\u0119dzie \"profesjonalny, rzetelny\" i b\u0119dzie dzia\u0142a\u0142 \"w spos\u00f3b przewidywalny\". Stwierdzi\u0142 zarazem, \u017ce \"naros\u0142y mity\" dotycz\u0105ce odwo\u0142ania prezes\u00f3w bank\u00f3w.", "link": "https://www.money.pl/banki/nowy-prezes-knf-o-swoich-kompetencjach-narosly-mity-6967585616399328a.html", "date_published": "2023-11-27T08:15:59+00:00", "permanent": false, "bookmarked": false, "dead": false, "artist": "Money PL", "album": "Money PL", "user": null, "language": "pl-PL", "thumbnail": "https://static1.money.pl/i/wp-money.png", "age": null, "page_rating_contents": 0, "page_rating_votes": 0, "page_rating_visits": 0, "page_rating": 0, "tags": [], "comments": [], "vote": 0}, {"source": "https://www.money.pl/rss/rss.xml", "title": "Ropa tanieje na pocz\u0105tku tygodnia. Wszyscy wyczekuj\u0105 na ruch kartelu", "description": "<img src=\"https://i.wpimg.pl/308x/filerepo.grupawp.pl/api/v1/display/embed/2510b99f-82f4-4128-ae0f-f6a4b98ad767\" width=\"308\" /> Nowy tydzie\u0144 rozpoczyna si\u0119 przecen\u0105 ropy naftowej na rynkach. To kolejne spadki cen; surowiec traci na warto\u015bci ju\u017c czwart\u0105 sesj\u0119 z rz\u0119du. Rynek oczekuje na prze\u0142o\u017cone spotkanie OPEC+. Kartel mo\u017ce wp\u0142yn\u0105\u0107 na notowania surowca kolejn\u0105 decyzj\u0105 o ograniczeniu wydobycia.", "link": "https://www.money.pl/gielda/ropa-tanieje-na-poczatku-tygodnia-wszyscy-wyczekuja-ruchu-kartelu-6967575422770048a.html", "date_published": "2023-11-27T07:28:23+00:00", "permanent": false, "bookmarked": false, "dead": false, "artist": "Money PL", "album": "Money PL", "user": null, "language": "pl-PL", "thumbnail": "https://static1.money.pl/i/wp-money.png", "age": null, "page_rating_contents": 0, "page_rating_votes": 0, "page_rating_visits": 0, "page_rating": 0, "tags": [], "comments": [], "vote": 0}, {"source": "https://www.money.pl/rss/rss.xml", "title": "Rozliczenie PiS mo\u017ce nie p\u00f3j\u015b\u0107 g\u0142adko. \"Trybuna\u0142 Stanu to martwy organ\"", "description": "<img src=\"https://i.wpimg.pl/308x/filerepo.grupawp.pl/api/v1/display/embed/927c9907-0c89-45f2-b885-56e45eccc438\" width=\"308\" /> Wybory korespondencyjne b\u0119d\u0105 zakresem prac pierwszej komisji \u015bledczej, kt\u00f3r\u0105 zamierza powo\u0142a\u0107 obecna koalicja. W Naczelnym S\u0105dzie Administracyjnym le\u017cy wniosek kasacyjny Mateusza Morawieckiego w tym zakresie. Jego rozpatrzenie mog\u0142oby utorowa\u0107 drog\u0119 do Trybuna\u0142u Stanu, kt\u00f3ry od lat jest martwym organem.", "link": "https://www.money.pl/gospodarka/rozliczenie-pis-moze-nie-pojsc-gladko-trybunal-stanu-to-martwy-organ-6967564179852256a.html", "date_published": "2023-11-27T06:44:52+00:00", "permanent": false, "bookmarked": false, "dead": false, "artist": "Money PL", "album": "Money PL", "user": null, "language": "pl-PL", "thumbnail": "https://static1.money.pl/i/wp-money.png", "age": null, "page_rating_contents": 0, "page_rating_votes": 0, "page_rating_visits": 0, "page_rating": 0, "tags": [], "comments": [], "vote": 0}, {"source": "https://www.money.pl/rss/rss.xml", "title": "Kursy walut 27.11.2023. Poniedzia\u0142kowy kurs funta, euro, dolara i franka szwajcarskiego", "description": "<img src=\"https://i.wpimg.pl/308x/filerepo.grupawp.pl/api/v1/display/embed/42673486-e5fa-426a-a05b-a827a357deb3\" width=\"308\" /> Kursy walut - 27.11.2023. W poniedzia\u0142ek za jednego dolara (USD) zap\u0142acimy 3,99 z\u0142. Cena jednego funta szterlinga (GBP) to 5,03 z\u0142, a franka szwajcarskiego (CHF) 4,52 z\u0142. Z kolei euro (EUR) mo\u017cemy zakupi\u0107 za 4,36 z\u0142.", "link": "https://www.money.pl/pieniadze/kursy-walut-27-11-2023-poniedzialkowy-kurs-funta-euro-dolara-i-franka-szwajcarskiego-6967561859214304a.html", "date_published": "2023-11-27T06:06:02+00:00", "permanent": false, "bookmarked": false, "dead": false, "artist": "Money PL", "album": "Money PL", "user": null, "language": "pl-PL", "thumbnail": "https://static1.money.pl/i/wp-money.png", "age": null, "page_rating_contents": 0, "page_rating_votes": 0, "page_rating_visits": 0, "page_rating": 0, "tags": [], "comments": [], "vote": 0}, {"source": "https://www.money.pl/rss/rss.xml", "title": "Sztandarowa reforma PiS do zmiany. Dziennikarze ujawniaj\u0105 plany przysz\u0142ego rz\u0105du", "description": "<img src=\"https://i.wpimg.pl/308x/filerepo.grupawp.pl/api/v1/display/embed/591dc148-b3e4-4d63-a78e-026301685dd0\" width=\"308\" /> Pracownicze Plany Kapita\u0142owe (PPK) mia\u0142y by\u0107 propozycj\u0105 Prawa i Sprawiedliwo\u015bci na zapewnienie Polakom dodatkowych pieni\u0119dzy na emerytur\u0119. Nie porwa\u0142y one jednak Polak\u00f3w. Dlatego te\u017c przysz\u0142y rz\u0105d zamierza dokona\u0107 kilku zmian w programie \u2013 pisze \"Gazeta Wyborcza\".", "link": "https://www.money.pl/emerytury/sztandarowa-reforma-pis-do-zmiany-dziennikarze-ujawniaja-plany-przyszlego-rzadu-6967557213354976a.html", "date_published": "2023-11-27T06:05:13+00:00", "permanent": false, "bookmarked": false, "dead": false, "artist": "Money PL", "album": "Money PL", "user": null, "language": "pl-PL", "thumbnail": "https://static1.money.pl/i/wp-money.png", "age": null, "page_rating_contents": 0, "page_rating_votes": 0, "page_rating_visits": 0, "page_rating": 0, "tags": [], "comments": [], "vote": 0}, {"source": "https://www.money.pl/rss/rss.xml", "title": "Ile kosztuje dolar? Kurs dolara do z\u0142otego PLN/USD 27.11.2023", "description": "<img src=\"https://i.wpimg.pl/308x/filerepo.grupawp.pl/api/v1/display/embed/e0ba71a8-9c02-482d-85dd-ebac5362ee3b\" width=\"308\" /> Kurs dolara - 27.11.2023. W poniedzia\u0142ek za jednego dolara (USD) trzeba zap\u0142aci\u0107 3.9871 z\u0142.", "link": "https://www.money.pl/pieniadze/ile-kosztuje-dolar-kurs-dolara-do-zlotego-pln-usd-27-11-2023-6967561574165472a.html", "date_published": "2023-11-27T06:00:39+00:00", "permanent": false, "bookmarked": false, "dead": false, "artist": "Money PL", "album": "Money PL", "user": null, "language": "pl-PL", "thumbnail": "https://static1.money.pl/i/wp-money.png", "age": null, "page_rating_contents": 0, "page_rating_votes": 0, "page_rating_visits": 0, "page_rating": 0, "tags": [], "comments": [], "vote": 0}, {"source": "https://www.money.pl/rss/rss.xml", "title": "Ile kosztuje euro? Kurs euro do z\u0142otego PLN/EUR 27.11.2023", "description": "<img src=\"https://i.wpimg.pl/308x/filerepo.grupawp.pl/api/v1/display/embed/cf3a8300-d9c9-461f-9fbc-2f314332a28c\" width=\"308\" /> Kurs euro - 27.11.2023. W poniedzia\u0142ek za jedno euro (EUR) trzeba zap\u0142aci\u0107 4.366 z\u0142.", "link": "https://www.money.pl/pieniadze/ile-kosztuje-euro-kurs-euro-do-zlotego-pln-eur-27-11-2023-6967561541962720a.html", "date_published": "2023-11-27T06:00:31+00:00", "permanent": false, "bookmarked": false, "dead": false, "artist": "Money PL", "album": "Money PL", "user": null, "language": "pl-PL", "thumbnail": "https://static1.money.pl/i/wp-money.png", "age": null, "page_rating_contents": 0, "page_rating_votes": 0, "page_rating_visits": 0, "page_rating": 0, "tags": [], "comments": [], "vote": 0}, {"source": "https://www.money.pl/rss/rss.xml", "title": "Ile kosztuje frank szwajcarski? Kurs franka do z\u0142otego PLN/CHF 27.11.2023", "description": "<img src=\"https://i.wpimg.pl/308x/filerepo.grupawp.pl/api/v1/display/embed/b1c04e3f-7bce-4c35-b03c-7a8d7b0adc65\" width=\"308\" /> Kurs franka szwajcarskiego - 27.11.2023. W poniedzia\u0142ek za jednego franka (CHF) trzeba zap\u0142aci\u0107 4.5207 z\u0142.", "link": "https://www.money.pl/pieniadze/ile-kosztuje-frank-szwajcarski-kurs-franka-do-zlotego-pln-chf-27-11-2023-6967561542409184a.html", "date_published": "2023-11-27T06:00:31+00:00", "permanent": false, "bookmarked": false, "dead": false, "artist": "Money PL", "album": "Money PL", "user": null, "language": "pl-PL", "thumbnail": "https://static1.money.pl/i/wp-money.png", "age": null, "page_rating_contents": 0, "page_rating_votes": 0, "page_rating_visits": 0, "page_rating": 0, "tags": [], "comments": [], "vote": 0}, {"source": "https://www.money.pl/rss/rss.xml", "title": "Ile kosztuje funt? Kurs funta do z\u0142otego PLN/GBP 27.11.2023", "description": "<img src=\"https://i.wpimg.pl/308x/filerepo.grupawp.pl/api/v1/display/embed/c374eefc-9e8b-424a-aaa7-91759b47d116\" width=\"308\" /> Kurs funta szterlinga - 27.11.2023. W poniedzia\u0142ek za jednego funta brytyjskiego (GBP) trzeba zap\u0142aci\u0107 5.0282 z\u0142.", "link": "https://www.money.pl/pieniadze/ile-kosztuje-funt-kurs-funta-do-zlotego-pln-gbp-27-11-2023-6967561539406720a.html", "date_published": "2023-11-27T06:00:30+00:00", "permanent": false, "bookmarked": false, "dead": false, "artist": "Money PL", "album": "Money PL", "user": null, "language": "pl-PL", "thumbnail": "https://static1.money.pl/i/wp-money.png", "age": null, "page_rating_contents": 0, "page_rating_votes": 0, "page_rating_visits": 0, "page_rating": 0, "tags": [], "comments": [], "vote": 0}, {"source": "https://www.money.pl/rss/rss.xml", "title": "Nowe \u015bwiadczenie od 2024 r. Trzeba pami\u0119ta\u0107 o z\u0142o\u017ceniu wniosku", "description": "<img src=\"https://i.wpimg.pl/308x/filerepo.grupawp.pl/api/v1/display/embed/af5ac391-aaa1-4e0c-9b24-fc600815eaa8\" width=\"308\" /> Od 2024 r. rozpoczn\u0105 si\u0119 wyp\u0142aty \u015bwiadczenia wspieraj\u0105cego. Skorzystaj\u0105 z niego osoby z niepe\u0142nosprawno\u015bci\u0105. Najpierw jednak musz\u0105 uzyska\u0107 orzeczenie lekarskie okre\u015blaj\u0105ce poziom wsparcia. Od niego jest uzale\u017cniona wysoko\u015b\u0107 wyp\u0142aty, jaka trafi na konto \u015bwiadczeniobiorcy.", "link": "https://www.money.pl/gospodarka/nowe-swiadczenie-od-2024-r-trzeba-pamietac-o-zlozeniu-wniosku-6967551337970656a.html", "date_published": "2023-11-27T05:37:26+00:00", "permanent": false, "bookmarked": false, "dead": false, "artist": "Money PL", "album": "Money PL", "user": null, "language": "pl-PL", "thumbnail": "https://static1.money.pl/i/wp-money.png", "age": null, "page_rating_contents": 0, "page_rating_votes": 0, "page_rating_visits": 0, "page_rating": 0, "tags": [], "comments": [], "vote": 0}, {"source": "https://www.money.pl/rss/rss.xml", "title": "Unia szykuje embargo na LPG z Rosji. Mo\u017ce by\u0107 gor\u0105co. \"Odczujemy podwy\u017cki\"", "description": "<img src=\"https://i.wpimg.pl/308x/filerepo.grupawp.pl/api/v1/display/embed/3b78586c-e624-4e37-a839-6e45a3344df3\" width=\"308\" /> Polska jest najwi\u0119kszym odbiorc\u0105 rosyjskiego LPG. Sama zabiega\u0142a, aby obj\u0105\u0107 embargiem unijnym r\u00f3wnie\u017c ten gaz. Przedstawiony niedawno Komisji Europejskiej projekt 12. pakietu sankcji ma w ko\u0144cu zakaza\u0107 jego sprowadzania. B\u0119dzie to jednak oznacza\u0107 powa\u017cne problemy dla 3,4 mln kierowc\u00f3w.", "link": "https://www.money.pl/gielda/unia-szykuje-embargo-na-lpg-z-rosji-moze-byc-goraco-odczujemy-podwyzki-6966559215311744a.html", "date_published": "2023-11-27T05:12:37+00:00", "permanent": false, "bookmarked": false, "dead": false, "artist": "Money PL", "album": "Money PL", "user": null, "language": "pl-PL", "thumbnail": "https://static1.money.pl/i/wp-money.png", "age": null, "page_rating_contents": 0, "page_rating_votes": 0, "page_rating_visits": 0, "page_rating": 0, "tags": [], "comments": [], "vote": 0}]