[{"source": "https://www.youtube.com/feeds/videos.xml?channel_id=UC3Y_HaUqzTYABL2whcwGOKA", "title": "Lady Ballers movie trailer! \ud83e\udd23", "description": "", "link": "https://www.youtube.com/watch?v=XjPIqvsYAtY", "date_published": "2023-11-27T18:47:43+00:00", "permanent": false, "bookmarked": false, "dead": false, "artist": "tyler fischer", "album": "tyler fischer", "user": null, "language": "en", "thumbnail": "https://i1.ytimg.com/vi/XjPIqvsYAtY/hqdefault.jpg", "age": null, "page_rating_contents": 0, "page_rating_votes": 0, "page_rating_visits": 0, "page_rating": 0, "tags": [], "comments": [], "vote": 0}, {"source": "https://www.youtube.com/feeds/videos.xml?channel_id=UC3Y_HaUqzTYABL2whcwGOKA", "title": "The Funniest Immigrant Comedian EVER!!! #standupcomedy #standup #immigrants", "description": "See me on TOUR: https://www.tylerfischer.com\nall socials @TyTheFisch", "link": "https://www.youtube.com/watch?v=0CPZVLtnIwY", "date_published": "2023-11-27T01:14:05+00:00", "permanent": false, "bookmarked": false, "dead": false, "artist": "tyler fischer", "album": "tyler fischer", "user": null, "language": "en", "thumbnail": "https://i1.ytimg.com/vi/0CPZVLtnIwY/hqdefault.jpg", "age": null, "page_rating_contents": 0, "page_rating_votes": 0, "page_rating_visits": 1, "page_rating": 0, "tags": [], "comments": [], "vote": 0}]