[{"source": "https://www.youtube.com/feeds/videos.xml?channel_id=UC4QZ_LsYcvcq7qOsOhpAX4A", "title": "Credit Suisse - The Worst Bank on Earth?", "description": "In this episode we'll take a look at the rise and fall of Credit Suisse. From secret spies to money laundering, fraud and a mysterious death. The firm could be considered one of the worst banks in the world.\n\nColdFusion Podcast: \n\nhttps://www.youtube.com/@ThroughTheWeb \n\nColdFusion Music: \n\nhttps://www.youtube.com/@burnwatermusic7421 \nhttp://burnwater.bandcamp.com   \n\nColdFusion Socials: \n\nhttps://discord.gg/coldfusion\nhttps://facebook.com/ColdFusionTV \nhttps://twitter.com/ColdFusion_TV \nhttps://instagram.com/coldfusiontv\n\nProducer: Dagogo Altraide", "link": "https://www.youtube.com/watch?v=sAslAvRaYfo", "date_published": "2023-05-03 12:19:30+00:00", "persistent": false, "user": null, "language": "en-US"}]