[{"source": "https://wydarzenia.interia.pl/polska/feed", "title": "Matura 2023. Co grozi za \u015bci\u0105ganie na maturze? Bezlitosne zasady", "description": "<p><a href=\"https://wydarzenia.interia.pl/raport-matura-2023/news-matura-2023-co-grozi-za-sciaganie-na-maturze-bezlitosne-zasa,nId,6739008\"><img align=\"left\" alt=\"Matura 2023. Co grozi za \u015bci\u0105ganie na maturze? Bezlitosne zasady\" src=\"https://i.iplsc.com/matura-2023-co-grozi-za-sciaganie-na-maturze-bezlitosne-zasa/000H2NTMTHW7AS47-C321.jpg\" /></a>Wraz z pocz\u0105tkiem maja uczniowie w ca\u0142ej Polsce przyst\u0105pi\u0105 do matury 2023. Dla jednych to wielki sprawdzian wiedzy, dla drugich za\u015b sprawdzian umiej\u0119tno\u015bci \u015bci\u0105gania. Ka\u017cdego roku nie brakuje ch\u0119tnych, kt\u00f3rzy pr\u00f3buj\u0105 oszukiwa\u0107, nie zwa\u017caj\u0105c na surowe konsekwencje. Co grozi za \u015bci\u0105ganie na maturze? Wyja\u015bniamy.</p><br clear=\"all\" />", "link": "https://wydarzenia.interia.pl/raport-matura-2023/news-matura-2023-co-grozi-za-sciaganie-na-maturze-bezlitosne-zasa,nId,6739008", "date_published": "2023-05-03 05:31:00+00:00", "persistent": false, "user": null, "language": "pl-PL"}]