[{"source": "https://www.youtube.com/feeds/videos.xml?channel_id=UCwSv086EAByBY-Z7y-QR_cQ", "title": "Tucker Carlson o dziwnych przypadkach chor\u00f3b po kontaktach z UFO! Analiza", "description": "\ud83d\udcfa Zapraszam do ogl\u0105dania\n\n\u2b07\ufe0fRozwi\u0144 opis\u2b07\ufe0f\n------------------------------------------------------------\n\ud83d\udc40 Uszi po godzinach: https://goo.gl/cdCFKe\n\ud83d\udc40 Hello World_: http://bit.ly/31BEhnv\n------------------------------------------------------------\n\u2709\ufe0f Ludzie listy pisz\u0105 \n\ud83d\udd8a\ufe0f uszi@protonmail.com\n------------------------------------------------------------\n\ud83d\udc7a Niecenzuralne i agresywne komentarze zostan\u0105 usuni\u0119te.  Jak ju\u017c musisz zakl\u0105\u0107 dawaj znaki (&*%@%).\n------------------------------------------------------------\n\ud83d\udcb2 Donate/ Darowizna\nPLN / SMS / Blik: http://bit.ly/3bsXtJj\n-------------------------------------------------------------\n\u2705 \u0179r\u00f3d\u0142a:\n1. https://bit.ly/413kmuH\n2. https://bit.ly/422c7k1\n3. https://bit.ly/3LSYLkd\n4. https://bit.ly/3LSGeVn\n---------------------------------------------------------------\n\ud83c\udfb4 Wykorzystano grafik\u0119 ze stron:\nyoutube.com / FULL SEND PODCAST\r - https://bit.ly/413kmuH\n---------------------------------------------------------------\n\ud83d\udca1 Tagi: #ufo #polityka \n--------------------------------------------------------------", "link": "https://www.youtube.com/watch?v=VoUjE1Qvyts", "date_published": "2023-05-03 22:39:32+00:00", "persistent": false, "user": null, "language": "pl-PL"}]