[{"source": "https://www.rp.pl/rss_main", "title": "Rzadki arabski g\u0142os. Powa\u017cany saudyjski ksi\u0105\u017c\u0119 krytykuje Hamas", "description": "Saudyjski ksi\u0105\u017c\u0119 Turki al-Faisala wyg\u0142osi\u0142 przem\u00f3wienie do ameryka\u0144skiej publiczno\u015bci na Uniwersytecie Rice w Houston. Jego wypowied\u017a jest rzadkim arabskim g\u0142osem krytykuj\u0105cym Hamas.", "link": "https://www.rp.pl/konflikty-zbrojne/art39303921-rzadki-arabski-glos-powazany-saudyjski-ksiaze-krytykuje-hamas", "date_published": "2023-10-20T21:50:00+00:00", "bookmarked": false, "dead": null, "artist": "rp.pl", "album": "rp.pl", "user": null, "language": "pl-PL", "thumbnail": "https://www.rp.pl/img/logo.png"}, {"source": "https://www.rp.pl/rss_main", "title": "Puchar \u015awiata w rugby. Nowa Zelandia w finale", "description": "Pierwszymi finalistami ko\u0144cz\u0105cego si\u0119 we Francji Pucharu \u015awiata w rugby zostali Nowozelandczycy. Pokonali wysoko na Stade de France Argentyn\u0119 44:6. W sobotni wiecz\u00f3r czas na drugi p\u00f3\u0142fina\u0142: Anglia \u2013 Afryka Po\u0142udniowa.", "link": "https://www.rp.pl/rugby/art39303881-puchar-swiata-w-rugby-nowa-zelandia-w-finale", "date_published": "2023-10-20T21:11:17+00:00", "bookmarked": false, "dead": null, "artist": "rp.pl", "album": "rp.pl", "user": null, "language": "pl-PL", "thumbnail": "https://www.rp.pl/img/logo.png"}, {"source": "https://www.rp.pl/rss_main", "title": "Szwajcaria. Detektorysta znalaz\u0142 na polu marchwi bi\u017cuteri\u0119 sprzed 3,5 tysi\u0105ca lat", "description": "Podczas szukania z\u0142omu na \u015bwie\u017co zaoranym polu marchwi miejscowego rolnika, szwajcarski detektorysta znalaz\u0142 bogaty zbi\u00f3r bi\u017cuterii z 1500 r. p.n.e.", "link": "https://www.rp.pl/archeologia/art39303791-szwajcaria-detektorysta-znalazl-na-polu-marchwi-bizuterie-sprzed-3-5-tysiaca-lat", "date_published": "2023-10-20T21:05:00+00:00", "bookmarked": false, "dead": null, "artist": "rp.pl", "album": "rp.pl", "user": null, "language": "pl-PL", "thumbnail": "https://www.rp.pl/img/logo.png"}, {"source": "https://www.rp.pl/rss_main", "title": "Jaros\u0142aw Kaczy\u0144ski skomentowa\u0142 wynik wybor\u00f3w. \u201eUrojona rzeczywisto\u015b\u0107 opanowa\u0142a umys\u0142y znacznej cz\u0119\u015bci Polak\u00f3w\u201d", "description": "- Je\u017celi mamy zn\u00f3w zwyci\u0119\u017cy\u0107, to musimy zwyci\u0119\u017cy\u0107 w tej Polsce innej, ni\u017c by\u0142a jaki\u015b czas temu - powiedzia\u0142 Jaros\u0142aw Kaczy\u0144ski, prezes Prawa i Sprawiedliwo\u015bci, podsumowuj\u0105c wyniki wybor\u00f3w parlamentarnych.", "link": "https://www.rp.pl/wybory/art39303771-jaroslaw-kaczynski-skomentowal-wynik-wyborow-urojona-rzeczywistosc-opanowala-umysly-znacznej-czesci-polakow", "date_published": "2023-10-20T20:47:32+00:00", "bookmarked": false, "dead": null, "artist": "rp.pl", "album": "rp.pl", "user": null, "language": "pl-PL", "thumbnail": "https://www.rp.pl/img/logo.png"}, {"source": "https://www.rp.pl/rss_main", "title": "Zagin\u0105\u0142, po 9 latach znaleziono jego cia\u0142o w zamra\u017carce. Policja wyznaczy\u0142a nagrod\u0119 za wskazanie sprawcy", "description": "Londy\u0144ska policja prosi o pomoc w znalezieniu osoby odpowiedzialnej za \u015bmier\u0107 m\u0119\u017cczyzny, kt\u00f3rego cia\u0142o znaleziono w zamra\u017carce w opuszczonym pubie, po prawie dziesi\u0119ciu latach od jego zagini\u0119cia.", "link": "https://www.rp.pl/przestepczosc/art39303731-zaginal-po-9-latach-znaleziono-jego-cialo-w-zamrazarce-policja-wyznaczyla-nagrode-za-wskazanie-sprawcy", "date_published": "2023-10-20T20:04:31+00:00", "bookmarked": false, "dead": null, "artist": "rp.pl", "album": "rp.pl", "user": null, "language": "pl-PL", "thumbnail": "https://www.rp.pl/img/logo.png"}, {"source": "https://www.rp.pl/rss_main", "title": "Strzelanina w Brukseli. Minister sprawiedliwo\u015bci Belgii poda\u0142 si\u0119 do dymisji", "description": "Po przeprowadzonym przez obywatela Tunezji ataku terrorystycznym, w kt\u00f3rym w Brukseli zgin\u0119\u0142o dw\u00f3ch szwedzkich kibic\u00f3w, minister sprawiedliwo\u015bci Belgii poda\u0142 si\u0119 do dymisji.", "link": "https://www.rp.pl/przestepczosc/art39303711-strzelanina-w-brukseli-minister-sprawiedliwosci-belgii-podal-sie-do-dymisji", "date_published": "2023-10-20T20:03:00+00:00", "bookmarked": false, "dead": null, "artist": "rp.pl", "album": "rp.pl", "user": null, "language": "pl-PL", "thumbnail": "https://www.rp.pl/img/logo.png"}, {"source": "https://www.rp.pl/rss_main", "title": "Maersk przerzuci\u0142 dostawy kontener\u00f3w z Gda\u0144ska do Gdyni", "description": "W\u0142oski strajk pracownik\u00f3w sparali\u017cowa\u0142 prac\u0119 Baltic Hub. Spedytorzy obawiaj\u0105 si\u0119, \u017ce trwaj\u0105ce od kilku miesi\u0119cy k\u0142opotu terminalu spowoduj\u0105 przeniesienie oceanicznych serwis\u00f3w z Gda\u0144ska do Hamburga.", "link": "https://logistyka.rp.pl/morski/art39303691-maersk-przerzucil-dostawy-kontenerow-z-gdanska-do-gdyni", "date_published": "2023-10-20T19:31:05+00:00", "bookmarked": false, "dead": null, "artist": "rp.pl", "album": "rp.pl", "user": null, "language": "pl-PL", "thumbnail": "https://www.rp.pl/img/logo.png"}, {"source": "https://www.rp.pl/rss_main", "title": "Przede wszystkim: Scorsese! Jego \u201eCzas krwawego ksi\u0119\u017cyca\u201d trzeba obejrze\u0107", "description": "Du\u017co si\u0119 teraz dzieje w Polsce, ale w kinie nie da si\u0119 odetchn\u0105\u0107. W \u201eCzasie krwawego ksi\u0119\u017cyca\u201d Scorsese, \u201eKlubie cudownych kobiet\u201d O\u2019Sullivana, \u201eR\u00f3\u017cyczce 2\u201d Kidawy-B\u0142o\u0144skiego i \u201eFigurancie\u201d Gli\u0144skiego odbijaj\u0105 si\u0119 traumy ludzi i spo\u0142ecze\u0144stw", "link": "https://www.rp.pl/film/art39303531-przede-wszystkim-scorsese-jego-czas-krwawego-ksiezyca-trzeba-obejrzec", "date_published": "2023-10-20T19:04:16+00:00", "bookmarked": false, "dead": null, "artist": "rp.pl", "album": "rp.pl", "user": null, "language": "pl-PL", "thumbnail": "https://www.rp.pl/img/logo.png"}, {"source": "https://www.rp.pl/rss_main", "title": "W\u0142adys\u0142aw Kosiniak-Kamysz: Nie ma innego scenariusza ni\u017c wsp\u00f3lny rz\u0105d Trzeciej Drogi z Lewic\u0105 i KO", "description": "Wierz\u0119, \u017ce prezydent uszanuje decyzje wyborc\u00f3w, kt\u00f3rzy pierwszy raz wyrazili tak silnie swoj\u0105 wol\u0119 od 1989 roku - m\u00f3wi W\u0142adys\u0142aw Kosiniak-Kamysz, prezes Polskiego Stronnictwa Ludowego, w rozmowie z \u201eRzeczpospolit\u0105\u201d.", "link": "https://www.rp.pl/polityka/art39301971-wladyslaw-kosiniak-kamysz-nie-ma-innego-scenariusza-niz-wspolny-rzad-trzeciej-drogi-z-lewica-i-ko", "date_published": "2023-10-20T18:32:18+00:00", "bookmarked": false, "dead": null, "artist": "rp.pl", "album": "rp.pl", "user": null, "language": "pl-PL", "thumbnail": "https://www.rp.pl/img/logo.png"}, {"source": "https://www.rp.pl/rss_main", "title": "4 mln dolar\u00f3w za list Krzysztofa Kolumba. Dom aukcyjny zapewnia, \u017ce to orygina\u0142", "description": "List Krzysztofa Kolumba z 1493 roku zosta\u0142 sprzedany za prawie 4 mln dolar\u00f3w przez nowojorski dom aukcyjny Christie's.", "link": "https://www.rp.pl/biznes/art39303541-4-mln-dolarow-za-list-krzysztofa-kolumba-dom-aukcyjny-zapewnia-ze-to-oryginal", "date_published": "2023-10-20T18:29:57+00:00", "bookmarked": false, "dead": null, "artist": "rp.pl", "album": "rp.pl", "user": null, "language": "pl-PL", "thumbnail": "https://www.rp.pl/img/logo.png"}, {"source": "https://www.rp.pl/rss_main", "title": "Hamas uwalnia dwie ameryka\u0144sko-izraelskie zak\u0142adniczki", "description": "Dwie ameryka\u0144sko-izraelskie zak\u0142adniczki, Judith i Natalie Raanan, przetrzymywane przez Hamas od soboty 7 pa\u017adziernika, zosta\u0142y przekazane Czerwonemu Krzy\u017cowi,", "link": "https://www.rp.pl/konflikty-zbrojne/art39303521-hamas-uwalnia-dwie-amerykansko-izraelskie-zakladniczki", "date_published": "2023-10-20T18:28:00+00:00", "bookmarked": false, "dead": null, "artist": "rp.pl", "album": "rp.pl", "user": null, "language": "pl-PL", "thumbnail": "https://www.rp.pl/img/logo.png"}, {"source": "https://www.rp.pl/rss_main", "title": "Olaf Scholz: Ograniczamy nielegaln\u0105 migracj\u0119. Musimy deportowa\u0107 wi\u0119cej i szybciej", "description": "Kanclerz Niemiec uderza w nowy, twardy ton w polityce migracyjnej. - Musimy deportowa\u0107 wi\u0119cej i szybciej \u2013 m\u00f3wi w wywiadzie z magazynem \u201eDer Spiegel\u201d.", "link": "https://www.rp.pl/niemcy/art39303291-olaf-scholz-ograniczamy-nielegalna-migracje-musimy-deportowac-wiecej-i-szybciej", "date_published": "2023-10-20T17:35:00+00:00", "bookmarked": false, "dead": null, "artist": "rp.pl", "album": "rp.pl", "user": null, "language": "pl-PL", "thumbnail": "https://www.rp.pl/img/logo.png"}, {"source": "https://www.rp.pl/rss_main", "title": "\u0141otwa wyrzuca rosyjskie statki z Ba\u0142tyku. Jest jeden warunek", "description": "Prezydent \u0141otwy wezwa\u0142 szef\u00f3w NATO, aby zastanowili si\u0119 nad zamkni\u0119ciem Morza Ba\u0142tyckiego dla rosyjskich statk\u00f3w. Warunkiem jest udowodniony udzia\u0142 Rosji w uszkodzeniu gazoci\u0105gu Balticconnector \u0142\u0105cz\u0105cego Finlandi\u0119 i Estoni\u0119.", "link": "https://energia.rp.pl/gaz/art39302511-lotwa-wyrzuca-rosyjskie-statki-z-baltyku-jest-jeden-warunek", "date_published": "2023-10-20T17:11:13+00:00", "bookmarked": false, "dead": null, "artist": "rp.pl", "album": "rp.pl", "user": null, "language": "pl-PL", "thumbnail": "https://www.rp.pl/img/logo.png"}, {"source": "https://www.rp.pl/rss_main", "title": "\u0141ukasz Mejza ujawni\u0142 plan PiS. \u201ePo kilku miesi\u0105cach wr\u00f3cimy do w\u0142adzy\u201d", "description": "- Je\u017celi Prawo i Sprawiedliwo\u015b\u0107, nawet w tym pierwszym kroku nie utworzy rz\u0105du, (...) po kilku miesi\u0105cach wr\u00f3cimy do w\u0142adzy - zapowiedzia\u0142 \u0141ukasz Mejza, pose\u0142 Partii Republika\u0144skiej. Podkre\u015bla\u0142 przy tym, \u017ce \u201eJaros\u0142aw Kaczy\u0144ski jest absolutnie genialnym strategiem\u201d.", "link": "https://www.rp.pl/wybory/art39302501-lukasz-mejza-ujawnil-plan-pis-po-kilku-miesiacach-wrocimy-do-wladzy", "date_published": "2023-10-20T17:03:15+00:00", "bookmarked": false, "dead": null, "artist": "rp.pl", "album": "rp.pl", "user": null, "language": "pl-PL", "thumbnail": "https://www.rp.pl/img/logo.png"}, {"source": "https://www.rp.pl/rss_main", "title": "Izraelskie media: Terrory\u015bci z Hamasu pod wp\u0142ywem narkotyk\u00f3w", "description": "Izraelskie media twierdz\u0105, \u017ce przy terrorystach, kt\u00f3rzy zgin\u0119li w trwaj\u0105cym konflikcie w Strefie Gazy, znaleziono tabletki Captagonu, narkotyku nazywanego kokain\u0105 dla ubogich.", "link": "https://www.rp.pl/konflikty-zbrojne/art39301751-izraelskie-media-terrorysci-z-hamasu-pod-wplywem-narkotykow", "date_published": "2023-10-20T17:01:00+00:00", "bookmarked": false, "dead": null, "artist": "rp.pl", "album": "rp.pl", "user": null, "language": "pl-PL", "thumbnail": "https://www.rp.pl/img/logo.png"}, {"source": "https://www.rp.pl/rss_main", "title": "NBP ma coraz wi\u0119cej z\u0142ota. Glapi\u0144ski marzy by by\u0142o go dwa razy tyle", "description": "Ilo\u015b\u0107 z\u0142ota wchodz\u0105cego w sk\u0142ad rezerw walutowych Narodowego Banku Polskiego (NBP) wynios\u0142a 10,729 mln uncji na koniec wrze\u015bnia tego roku w por\u00f3wnaniu do 10,108 mln uncji miesi\u0105c wcze\u015bniej \u2013 poinformowa\u0142 polski bank centralny.", "link": "https://www.rp.pl/banki/art39302531-nbp-ma-coraz-wiecej-zlota-glapinski-marzy-by-bylo-go-dwa-razy-tyle", "date_published": "2023-10-20T16:54:30+00:00", "bookmarked": false, "dead": null, "artist": "rp.pl", "album": "rp.pl", "user": null, "language": "pl-PL", "thumbnail": "https://www.rp.pl/img/logo.png"}, {"source": "https://www.rp.pl/rss_main", "title": "TSUE: Firmy wyp\u0142ac\u0105 wi\u0119ksze pieni\u0105dze za nadgodziny", "description": "Dodatkowe wynagrodzenie za prac\u0119 w godzinach nadliczbowych powinno uwzgl\u0119dnia\u0107 wymiar czasu pracy pracownika. Po wyroku Trybuna\u0142u Sprawiedliwo\u015bci UE polskie firmy powinny przyjrze\u0107 si\u0119 swoim praktykom.", "link": "https://www.rp.pl/place/art39302491-tsue-firmy-wyplaca-wieksze-pieniadze-za-nadgodziny", "date_published": "2023-10-20T16:50:38+00:00", "bookmarked": false, "dead": null, "artist": "rp.pl", "album": "rp.pl", "user": null, "language": "pl-PL", "thumbnail": "https://www.rp.pl/img/logo.png"}, {"source": "https://www.rp.pl/rss_main", "title": "Najlepiej zarabiaj\u0105cy aktorzy chc\u0105 ko\u0144ca strajku w Hollywood. Oferta na 150 mln dolar\u00f3w", "description": "George Clooney, Scarlett Johansson, Ben Affleck, Emma Stone, Tyler Perry to cz\u0119\u015b\u0107 os\u00f3b, kt\u00f3re aby przyczyni\u0107 si\u0119 do zako\u0144czenia strajku aktor\u00f3w w Hollywood, zaproponowa\u0142y 150 mln dol. Jest ju\u017c odpowied\u017a strajkuj\u0105cych.", "link": "https://www.rp.pl/media/art39301541-najlepiej-zarabiajacy-aktorzy-chca-konca-strajku-w-hollywood-oferta-na-150-mln-dolarow", "date_published": "2023-10-20T16:40:13+00:00", "bookmarked": false, "dead": null, "artist": "rp.pl", "album": "rp.pl", "user": null, "language": "pl-PL", "thumbnail": "https://www.rp.pl/img/logo.png"}, {"source": "https://www.rp.pl/rss_main", "title": "Konkurs maj\u0105cy obali\u0107 Krzysztofa G\u0142uchowskiego w Teatrze S\u0142owackiego uniewa\u017cniony", "description": "Zarz\u0105d Wojew\u00f3dztwa Ma\u0142opolskiego z uwagi na nieusuwaln\u0105 wad\u0119 procedury konkursowej, podj\u0105\u0142 decyzj\u0119 o uniewa\u017cnieniu konkursu na stanowisko dyrektora Teatru im. Juliusza S\u0142owackiego w Krakowie.", "link": "https://www.rp.pl/teatr/art39302171-konkurs-majacy-obalic-krzysztofa-gluchowskiego-w-teatrze-slowackiego-uniewazniony", "date_published": "2023-10-20T16:28:29+00:00", "bookmarked": false, "dead": null, "artist": "rp.pl", "album": "rp.pl", "user": null, "language": "pl-PL", "thumbnail": "https://www.rp.pl/img/logo.png"}, {"source": "https://www.rp.pl/rss_main", "title": "Skomplikowany CIT dla sp\u00f3\u0142ek zarz\u0105dzanych przez fundacje rodzinne", "description": "Fundacja rodzinna, to rozwi\u0105zanie z kt\u00f3rego od tego roku mog\u0105 korzysta\u0107 przedsi\u0119biorcy. Umo\u017cliwia ono zachowanie ci\u0105g\u0142o\u015bci dzia\u0142ania i dalszego rozwoju firmom rodzinnym. Przy wszystkich zaletach w obr\u0119bie fundacji tworz\u0105 si\u0119 tak\u017ce pewne komplikacje.", "link": "https://firma.rp.pl/finanse/art39301761-skomplikowany-cit-dla-spolek-zarzadzanych-przez-fundacje-rodzinne", "date_published": "2023-10-20T16:08:45+00:00", "bookmarked": false, "dead": null, "artist": "rp.pl", "album": "rp.pl", "user": null, "language": "pl-PL", "thumbnail": "https://www.rp.pl/img/logo.png"}, {"source": "https://www.rp.pl/rss_main", "title": "Media: W\u0119grzy w sztabie Prawa i Sprawiedliwo\u015bci. \"Robili co chcieli\"", "description": "Tygodnik \"Polityka\", powo\u0142uj\u0105c si\u0119 na \u017ar\u00f3d\u0142a w PiS, pisze, \u017ce sztabowi partii Jaros\u0142awa Kaczy\u0144skiego mia\u0142a doradza\u0107 w\u0119gierska firma, kt\u00f3ra pomog\u0142a w zwyci\u0119stwie nad opozycj\u0105 Viktorowi Orbanowi.", "link": "https://www.rp.pl/wybory/art39301921-media-wegrzy-w-sztabie-prawa-i-sprawiedliwosci-robili-co-chcieli", "date_published": "2023-10-20T16:05:00+00:00", "bookmarked": false, "dead": null, "artist": "rp.pl", "album": "rp.pl", "user": null, "language": "pl-PL", "thumbnail": "https://www.rp.pl/img/logo.png"}, {"source": "https://www.rp.pl/rss_main", "title": "93-letni Sobies\u0142aw Zasada startuje w kolejnym rajdzie", "description": "Sobies\u0142aw Zasada wsi\u0105dzie za kierownic\u0119 Porsche Dakar RED58 Special, indywidualnej wersji modelu 911 nawi\u0105zuj\u0105cej do czerwono-pomara\u0144czowego auta, kt\u00f3rym on sam z Markiem Wachowskim pokona\u0142 w 1968 roku maraton z Wielkiej Brytanii do Australii.", "link": "https://moto.rp.pl/tu-i-teraz/art39301781-93-letni-sobieslaw-zasada-startuje-w-kolejnym-rajdzie", "date_published": "2023-10-20T16:03:26+00:00", "bookmarked": false, "dead": null, "artist": "rp.pl", "album": "rp.pl", "user": null, "language": "pl-PL", "thumbnail": "https://www.rp.pl/img/logo.png"}, {"source": "https://www.rp.pl/rss_main", "title": "Na rynku walut dziwnie spokojnie", "description": "Mijaj\u0105cy tydzie\u0144 przyni\u00f3s\u0142 spor\u0105 zmienno\u015b\u0107 walut, ale ostatni dzie\u0144 tygodnia jest wyj\u0105tkowo stabilny.", "link": "https://www.rp.pl/waluty/art39301741-na-rynku-walut-dziwnie-spokojnie", "date_published": "2023-10-20T15:45:00+00:00", "bookmarked": false, "dead": null, "artist": "rp.pl", "album": "rp.pl", "user": null, "language": "pl-PL", "thumbnail": "https://www.rp.pl/img/logo.png"}, {"source": "https://www.rp.pl/rss_main", "title": "Greta Thunberg solidaryzuje si\u0119 z Palesty\u0144czykami i Gaz\u0105", "description": "Szwedzka aktywistka klimatyczna Greta Thunberg wyrazi\u0142a solidarno\u015b\u0107 z Palestyn\u0105. \"\u015awiat musi wezwa\u0107 do wolno\u015bci dla Palesty\u0144czyk\u00f3w\" - o\u015bwiadczy\u0142a w mediach spo\u0142eczno\u015bciowych.", "link": "https://www.rp.pl/konflikty-zbrojne/art39301451-greta-thunberg-solidaryzuje-sie-z-palestynczykami-i-gaza", "date_published": "2023-10-20T15:32:33+00:00", "bookmarked": false, "dead": null, "artist": "rp.pl", "album": "rp.pl", "user": null, "language": "pl-PL", "thumbnail": "https://www.rp.pl/img/logo.png"}, {"source": "https://www.rp.pl/rss_main", "title": "Dziennik Ustaw z 20 pa\u017adziernika 2023 (2258-2273)", "description": "", "link": "https://www.rp.pl/akty-prawne/art39301711-dziennik-ustaw-z-20-pazdziernika-2023-2258-2273", "date_published": "2023-10-20T15:07:56+00:00", "bookmarked": false, "dead": null, "artist": "rp.pl", "album": "rp.pl", "user": null, "language": "pl-PL", "thumbnail": "https://www.rp.pl/img/logo.png"}, {"source": "https://www.rp.pl/rss_main", "title": "\"Corps \u00e0 corps. Historie fotografii\u201d: To\u017csamo\u015b\u0107 zakl\u0119ta w zdj\u0119ciach", "description": "Jeste\u015bmy uwi\u0119zieni w swoich twarzach i gestach. Spl\u0105tani historiami, kt\u00f3re nas stworzy\u0142y lub zniszczy\u0142y. Je\u015bli nie potrafimy uchwyci\u0107 istoty samych siebie, mo\u017ce zrobi to za nas obiektyw aparatu?", "link": "https://www.rp.pl/plus-minus/art39297781-corps-a-corps-historie-fotografii-tozsamosc-zakleta-w-zdjeciach", "date_published": "2023-10-20T15:00:00+00:00", "bookmarked": false, "dead": null, "artist": "rp.pl", "album": "rp.pl", "user": null, "language": "pl-PL", "thumbnail": "https://www.rp.pl/img/logo.png"}, {"source": "https://www.rp.pl/rss_main", "title": "Czy sztuk\u0119 abstrakcyjn\u0105 mo\u017cna zrozumie\u0107?", "description": "Abstrakcja jest czasem postrzegana oraz sprowadzana przez niekt\u00f3rych widz\u00f3w do niezrozumia\u0142ych, pozbawionych tre\u015bci plam i gest\u00f3w lub czystej estetyczno\u015bci, czyli dekoracji bliskiej k\u0142adzionym na \u015bcianach wzorkom. Co w istocie mie\u015bci w sobie tak pojemny formalnie i wieloznaczny termin?", "link": "https://www.rp.pl/plus-minus/art39297731-czy-sztuke-abstrakcyjna-mozna-zrozumiec", "date_published": "2023-10-20T15:00:00+00:00", "bookmarked": false, "dead": null, "artist": "rp.pl", "album": "rp.pl", "user": null, "language": "pl-PL", "thumbnail": "https://www.rp.pl/img/logo.png"}, {"source": "https://www.rp.pl/rss_main", "title": "Eutanazja wcale nie musi by\u0107 najlepszym rozwi\u0105zaniem", "description": "Godnym sposobem zaradzenia cierpieniom, jakie staj\u0105 si\u0119 udzia\u0142em \u015bmiertelnie chorych, nie jest eutanazja. Trzeba czego\u015b innego: zredukowania b\u00f3lu fizycznego, opieki piel\u0119gniarskiej, odci\u0105\u017cenia rodziny.", "link": "https://www.rp.pl/plus-minus/art39297821-eutanazja-wcale-nie-musi-byc-najlepszym-rozwiazaniem", "date_published": "2023-10-20T15:00:00+00:00", "bookmarked": false, "dead": null, "artist": "rp.pl", "album": "rp.pl", "user": null, "language": "pl-PL", "thumbnail": "https://www.rp.pl/img/logo.png"}, {"source": "https://www.rp.pl/rss_main", "title": "Jan Maciejewski: Pora\u017cka PiS-u jest mi bliska, cho\u0107 on sam jest mi obcy", "description": "PiS jest mi ze wszech miar obcy, ale jego kl\u0119ska pozostaje mi bliska. Bo tylko bior\u0105c j\u0105 za w\u0142asn\u0105, wypijaj\u0105c do dna, mo\u017cna si\u0119 spr\u00f3bowa\u0107 wyrwa\u0107 z zakl\u0119tego kr\u0119gu autodestrukcji. Budowa\u0107 afirmatywny \u2013 chc\u0105cy by\u0107, pragn\u0105cy bytu, a nie chowaj\u0105cy si\u0119 przed nim ze strachu w kicz i cepeli\u0119 \u2013 konserwatyzm.", "link": "https://www.rp.pl/plus-minus/art39297861-jan-maciejewski-porazka-pis-u-jest-mi-bliska-choc-on-sam-jest-mi-obcy", "date_published": "2023-10-20T15:00:00+00:00", "bookmarked": false, "dead": null, "artist": "rp.pl", "album": "rp.pl", "user": null, "language": "pl-PL", "thumbnail": "https://www.rp.pl/img/logo.png"}, {"source": "https://www.rp.pl/rss_main", "title": "Tanie wino Hemingwaya", "description": "Gdybym mia\u0142 przedstawi\u0107 m\u00f3j ranking seriali, to my\u015bl\u0119, \u017ce na czele by\u0142aby \u201eSukcesja\u201d, a potem d\u0142ugo, d\u0142ugo nic\u2026", "link": "https://www.rp.pl/plus-minus/art39297851-tanie-wino-hemingwaya", "date_published": "2023-10-20T15:00:00+00:00", "bookmarked": false, "dead": null, "artist": "rp.pl", "album": "rp.pl", "user": null, "language": "pl-PL", "thumbnail": "https://www.rp.pl/img/logo.png"}, {"source": "https://www.rp.pl/rss_main", "title": "Tomasz Terlikowski: Zamiast koncentrowa\u0107 si\u0119 na polityce warto si\u0119gn\u0105\u0107 po g\u0142\u0119bsze teksty", "description": "Nie sam\u0105 polityk\u0105 \u017cyje cz\u0142owiek. Czasem warto si\u0119gn\u0105\u0107 tak\u017ce po teksty, kt\u00f3re wprowadzaj\u0105 nas w g\u0142\u0105b naszego \u017cycia duchowego. Takie jak nowa adhortacja apostolska Franciszka po\u015bwi\u0119cona \u015bw. Teresie od Dzieci\u0105tka Jezus.", "link": "https://www.rp.pl/plus-minus/art39297701-tomasz-terlikowski-zamiast-koncentrowac-sie-na-polityce-warto-siegnac-po-glebsze-teksty", "date_published": "2023-10-20T15:00:00+00:00", "bookmarked": false, "dead": null, "artist": "rp.pl", "album": "rp.pl", "user": null, "language": "pl-PL", "thumbnail": "https://www.rp.pl/img/logo.png"}, {"source": "https://www.rp.pl/rss_main", "title": "\u201eBiada Babilonowi\u201d: Bez uchod\u017ac\u00f3w z chorob\u0105 popromienn\u0105", "description": "W Europie wkraczamy w okres, w kt\u00f3rym zagro\u017cenie u\u017cyciem broni atomowej wzros\u0142o \u2013 o\u015bwiadczy\u0142a Jessica Cox kieruj\u0105ca polityk\u0105 nuklearn\u0105 NATO. Mo\u017cna rzec, \u017ce powie\u015b\u0107 Pata Franka \u201eBiada Babilonowi\u201d sprzed 60 lat ukazuje si\u0119 u nas w dobrym momencie.", "link": "https://www.rp.pl/plus-minus/art39297881-biada-babilonowi-bez-uchodzcow-z-choroba-popromienna", "date_published": "2023-10-20T15:00:00+00:00", "bookmarked": false, "dead": null, "artist": "rp.pl", "album": "rp.pl", "user": null, "language": "pl-PL", "thumbnail": "https://www.rp.pl/img/logo.png"}, {"source": "https://www.rp.pl/rss_main", "title": "Marek Borowski: B\u0105d\u017acie ciszej, kiedy tworzy si\u0119 rz\u0105d", "description": "Ka\u017cde s\u0142owo, a szczeg\u00f3lnie ka\u017cdy epitet, kt\u00f3ry pada mi\u0119dzy partnerami, ma si\u0142\u0119 granatnika z Komendy G\u0142\u00f3wnej Policji. A ka\u017cda kandydatura na ministra pali si\u0119 tym szybciej, im wcze\u015bniej zosta\u0142a zg\u0142oszona.", "link": "https://www.rp.pl/polityka/art39300661-marek-borowski-badzcie-ciszej-kiedy-tworzy-sie-rzad", "date_published": "2023-10-20T12:59:47+00:00", "bookmarked": false, "dead": null, "artist": "rp.pl", "album": "rp.pl", "user": null, "language": "pl-PL", "thumbnail": "https://www.rp.pl/img/logo.png"}, {"source": "https://www.rp.pl/rss_main", "title": "Do Ziemi dotar\u0142 rekordowy szybki b\u0142ysk radiowy sprzed 8 miliard\u00f3w lat", "description": "Astronomowie wykryli b\u0142ysk radiowy, kt\u00f3ry dotar\u0142 na Ziemi\u0119 z odleg\u0142ej galaktyki. To jeden z najmocniejszych i najbardziej odleg\u0142ych sygna\u0142\u00f3w znanych jako FRB, jakie do tej pory zaobserwowano.", "link": "https://www.rp.pl/kosmos/art39299301-do-ziemi-dotarl-rekordowy-szybki-blysk-radiowy-sprzed-8-miliardow-lat", "date_published": "2023-10-20T12:40:37+00:00", "bookmarked": false, "dead": null, "artist": "rp.pl", "album": "rp.pl", "user": null, "language": "pl-PL", "thumbnail": "https://www.rp.pl/img/logo.png"}, {"source": "https://www.rp.pl/rss_main", "title": "Stworzono modyfikowane genetycznie drzewa. Szybko rosn\u0105 i poch\u0142aniaj\u0105 mn\u00f3stwo CO2", "description": "Naukowcy stworzyli modyfikowane genetycznie drzewa, kt\u00f3re mog\u0105 pom\u00f3c w walce ze zmianami klimatu. Eksperci szacuj\u0105, ze je\u015bli do 2030 roku obsadzone zosta\u0142yby nimi cztery miliony akr\u00f3w, mog\u0142oby to doprowadzi\u0107 do poch\u0142oni\u0119cia ponad 600 megaton CO2 z atmosfery.", "link": "https://klimat.rp.pl/klimat/art39300921-stworzono-modyfikowane-genetycznie-drzewa-szybko-rosna-i-pochlaniaja-mnostwo-co2", "date_published": "2023-10-20T12:11:15+00:00", "bookmarked": false, "dead": null, "artist": "rp.pl", "album": "rp.pl", "user": null, "language": "pl-PL", "thumbnail": "https://www.rp.pl/img/logo.png"}, {"source": "https://www.rp.pl/rss_main", "title": "Nowe badanie: Coraz cz\u0119\u015bciej Polacy chodz\u0105 na zakupy spo\u017cywcze", "description": "Statystyczny kupuj\u0105cy odwiedza sieci handlowe co dwa dni, a w tym roku wszystkie sektory notuj\u0105 ich wi\u0119cej ni\u017c przed rokiem. Najwy\u017cszy wzrost wida\u0107 w przypadku supermarket\u00f3w i dyskont\u00f3w.", "link": "https://www.rp.pl/handel/art39300861-nowe-badanie-coraz-czesciej-polacy-chodza-na-zakupy-spozywcze", "date_published": "2023-10-20T12:09:41+00:00", "bookmarked": false, "dead": null, "artist": "rp.pl", "album": "rp.pl", "user": null, "language": "pl-PL", "thumbnail": "https://www.rp.pl/img/logo.png"}, {"source": "https://www.rp.pl/rss_main", "title": "Moody\u2019s ostrzega: rating Izraela mo\u017ce spa\u0107 z powodu konfliktu z Hamasem", "description": "Agencja ratingowa Moody\u2019s Investor Service ostrzeg\u0142a w czwartek, \u017ce rating kredytowy Izraela mo\u017ce by\u0107 nie do utrzymania.", "link": "https://www.rp.pl/gospodarka/art39300331-moody-s-ostrzega-rating-izraela-moze-spac-z-powodu-konfliktu-z-hamasem", "date_published": "2023-10-20T12:02:57+00:00", "bookmarked": false, "dead": null, "artist": "rp.pl", "album": "rp.pl", "user": null, "language": "pl-PL", "thumbnail": "https://www.rp.pl/img/logo.png"}, {"source": "https://www.rp.pl/rss_main", "title": "Moody\u2019s ostrzega: rating Izraela mo\u017ce spa\u015b\u0107 z powodu konfliktu z Hamasem", "description": "Agencja ratingowa Moody\u2019s Investor Service ostrzeg\u0142a w czwartek, \u017ce rating kredytowy Izraela mo\u017ce by\u0107 nie do utrzymania.", "link": "https://www.rp.pl/gospodarka/art39300331-moody-s-ostrzega-rating-izraela-moze-spasc-z-powodu-konfliktu-z-hamasem", "date_published": "2023-10-20T12:02:57+00:00", "bookmarked": false, "dead": null, "artist": "rp.pl", "album": "rp.pl", "user": null, "language": "pl-PL", "thumbnail": "https://www.rp.pl/img/logo.png"}, {"source": "https://www.rp.pl/rss_main", "title": "\u201eMy, prawniczki!\u201d M\u0119\u017cczyzn te\u017c warto pyta\u0107, jak \u0142\u0105cz\u0105 karier\u0119 i opiek\u0119 nad domem", "description": "Prawniczki za ch\u0119\u0107 bycia doskona\u0142ymi w pracy i \u017cyciu osobistym nierzadko p\u0142ac\u0105 zdrowiem. Coraz cz\u0119\u015bciej jednak m\u00f3wi\u0105: pas - i pytaj\u0105, dlaczego o godzenie r\u00f3l nikt nie pyta m\u0119\u017cczyzn.", "link": "https://kobieta.rp.pl/prawo/art39300571-my-prawniczki-mezczyzn-tez-warto-pytac-jak-lacza-kariere-i-opieke-nad-domem", "date_published": "2023-10-20T11:55:35+00:00", "bookmarked": false, "dead": null, "artist": "rp.pl", "album": "rp.pl", "user": null, "language": "pl-PL", "thumbnail": "https://www.rp.pl/img/logo.png"}, {"source": "https://www.rp.pl/rss_main", "title": "Nie ka\u017cdy posi\u0142ek dla pracownika bez sk\u0142adek ZUS", "description": "ZUS wyda\u0142 wa\u017cne stanowisko w sprawie osk\u0142adkowania bon\u00f3w i kart \u017cywieniowych dla pracownik\u00f3w.", "link": "https://firma.rp.pl/prawo-i-podatki/art39300821-nie-kazdy-posilek-dla-pracownika-bez-skladek-zus", "date_published": "2023-10-20T11:28:06+00:00", "bookmarked": false, "dead": null, "artist": "rp.pl", "album": "rp.pl", "user": null, "language": "pl-PL", "thumbnail": "https://www.rp.pl/img/logo.png"}, {"source": "https://www.rp.pl/rss_main", "title": "Joe Biden por\u00f3wnuje W\u0142adimira Putina do Hamasu. Jest reakcja Kremla", "description": "W swoim czwartkowym or\u0119dziu Joe Biden wskazywa\u0142 na podobie\u0144stwa mi\u0119dzy W\u0142adimirem Putinem a Hamasem. Do s\u0142\u00f3w tych odni\u00f3s\u0142 si\u0119 rzecznik Kremla.", "link": "https://www.rp.pl/konflikty-zbrojne/art39300781-joe-biden-porownuje-wladimira-putina-do-hamasu-jest-reakcja-kremla", "date_published": "2023-10-20T11:27:04+00:00", "bookmarked": false, "dead": null, "artist": "rp.pl", "album": "rp.pl", "user": null, "language": "pl-PL", "thumbnail": "https://www.rp.pl/img/logo.png"}, {"source": "https://www.rp.pl/rss_main", "title": "\u0141ukasz Greinke nowym przewodnicz\u0105cym Rady Interesant\u00f3w Portu Gda\u0144sk", "description": "Walne Zebranie Cz\u0142onk\u00f3w Rady Interesant\u00f3w Portu Gda\u0144sk wybra\u0142o 19 pa\u017adziernika nowe w\u0142adze. Cz\u0142onkowie wybrali jednog\u0142o\u015bnie na przewodnicz\u0105cego by\u0142ego prezesa Zarz\u0105du Morskiego Portu Gda\u0144sk \u0141ukasza Greinke.", "link": "https://logistyka.rp.pl/w-branzy/art39300831-lukasz-greinke-nowym-przewodniczacym-rady-interesantow-portu-gdansk", "date_published": "2023-10-20T11:22:21+00:00", "bookmarked": false, "dead": null, "artist": "rp.pl", "album": "rp.pl", "user": null, "language": "pl-PL", "thumbnail": "https://www.rp.pl/img/logo.png"}, {"source": "https://www.rp.pl/rss_main", "title": "Opozycja przygotowuje si\u0119 na konsultacje z Andrzejem Dud\u0105 w sprawie nowego rz\u0105du", "description": "Liderzy Koalicji Obywatelskiej, Trzeciej Drogi i Lewicy spotkaj\u0105 si\u0119 w poniedzia\u0142ek, by wypracowa\u0107 wsp\u00f3lne stanowisko w konsultacjach z prezydentem na temat nowego rz\u0105du.", "link": "https://www.rp.pl/polityka/art39300591-opozycja-przygotowuje-sie-na-konsultacje-z-andrzejem-duda-w-sprawie-nowego-rzadu", "date_published": "2023-10-20T11:15:54+00:00", "bookmarked": false, "dead": null, "artist": "rp.pl", "album": "rp.pl", "user": null, "language": "pl-PL", "thumbnail": "https://www.rp.pl/img/logo.png"}, {"source": "https://www.rp.pl/rss_main", "title": "Wieczna Mahsa Amini - historia Iranki, kt\u00f3rej \u015bmier\u0107 wstrz\u0105sn\u0119\u0142a ca\u0142ym \u015bwiatem", "description": "Rok po tragicznej \u015bmierci Iranka Mahsa Amini zosta\u0142a uhonorowana przez Parlament Europejski. Podj\u0119to decyzj\u0119 o przyznaniu jej Nagrody Sacharowa za wolno\u015b\u0107 my\u015bli. Oto jej historia.", "link": "https://kobieta.rp.pl/jej-historia/art39300351-wieczna-mahsa-amini-historia-iranki-ktorej-smierc-wstrzasnela-calym-swiatem", "date_published": "2023-10-20T11:13:48+00:00", "bookmarked": false, "dead": null, "artist": "rp.pl", "album": "rp.pl", "user": null, "language": "pl-PL", "thumbnail": "https://www.rp.pl/img/logo.png"}, {"source": "https://www.rp.pl/rss_main", "title": "Szejna: Tusk premierem? Ze strony Lewicy kandydatura b\u0119dzie zaakceptowana", "description": "Dla mnie to oczywiste, \u017ce w ramach naszej koalicji zjednoczonej opozycji, w ramach pewnego programu, pierwszy kandydat lub kandydatka, kt\u00f3ry powinien by\u0107 zg\u0142oszony, to osoba zg\u0142oszona przez Koalicj\u0119 Obywatelsk\u0105 - powiedzia\u0142 w rozmowie z RMF FM Andrzej Szejna, pose\u0142 Lewicy.", "link": "https://www.rp.pl/polityka/art39300731-szejna-tusk-premierem-ze-strony-lewicy-kandydatura-bedzie-zaakceptowana", "date_published": "2023-10-20T11:06:00+00:00", "bookmarked": false, "dead": null, "artist": "rp.pl", "album": "rp.pl", "user": null, "language": "pl-PL", "thumbnail": "https://www.rp.pl/img/logo.png"}, {"source": "https://www.rp.pl/rss_main", "title": "W Gdyni znaleziono cia\u0142o sze\u015bciolatka. Trwa ob\u0142awa na sprawc\u0119", "description": "W mieszkaniu w dzielnicy Karwiny w Gdyni odnaleziono zw\u0142oki sze\u015bcioletniego dziecka. Z doniesie\u0144 medi\u00f3w wynika, \u017ce ch\u0142opiec pad\u0142 ofiar\u0105 zab\u00f3jstwa. Trwa ob\u0142awa na sprawc\u0119. W akcji bierze udzia\u0142 \u017bandarmeria Wojskowa, poszukiwany mo\u017ce by\u0107 \u017co\u0142nierzem Wojska Polskiego.", "link": "https://www.rp.pl/przestepczosc/art39300711-w-gdyni-znaleziono-cialo-szesciolatka-trwa-oblawa-na-sprawce", "date_published": "2023-10-20T11:04:52+00:00", "bookmarked": false, "dead": null, "artist": "rp.pl", "album": "rp.pl", "user": null, "language": "pl-PL", "thumbnail": "https://www.rp.pl/img/logo.png"}, {"source": "https://www.rp.pl/rss_main", "title": "Izrael wy\u0142\u0105czy Al-Jazeer\u0119 powo\u0142uj\u0105c si\u0119 na wzgl\u0119dy bezpiecze\u0144stwa? Prawo zadzia\u0142a wstecz", "description": "Izraelski rz\u0105d zatwierdzi\u0142 przepisy, kt\u00f3re pozwol\u0105 tymczasowo zawiesi\u0107 nadawanie w kraju zagranicznych kana\u0142\u00f3w informacyjnych w czasie stanu wyj\u0105tkowego.", "link": "https://www.rp.pl/konflikty-zbrojne/art39300541-izrael-wylaczy-al-jazeere-powolujac-sie-na-wzgledy-bezpieczenstwa-prawo-zadziala-wstecz", "date_published": "2023-10-20T10:53:57+00:00", "bookmarked": false, "dead": null, "artist": "rp.pl", "album": "rp.pl", "user": null, "language": "pl-PL", "thumbnail": "https://www.rp.pl/img/logo.png"}, {"source": "https://www.rp.pl/rss_main", "title": "Banki PEKAO pod lup\u0105. Chodzi m.in. o wakacje kredytowe i po\u017cyczki \"na klik\"", "description": "Rzecznik Finansowy zwr\u00f3ci\u0142 si\u0119 do UOKiK  o zbadanie dzia\u0142alno\u015bci Banku Pekao S.A. oraz Pekao Banku Hipotecznego S.A. pod k\u0105tem potencjalnego naruszenia zbiorowych interes\u00f3w konsument\u00f3w. Skar\u017c\u0105 si\u0119 oni na nieprawid\u0142ow\u0105 realizacj\u0119 ustawy o wakacjach kredytowych, przekraczanie termin\u00f3w rozpatrywania reklamacji czy niezwracanie \u015brodk\u00f3w utraconych wskutek nieautoryzowanych transakcji.", "link": "https://www.rp.pl/konsumenci/art39300401-banki-pekao-pod-lupa-chodzi-m-in-o-wakacje-kredytowe-i-pozyczki-na-klik", "date_published": "2023-10-20T10:46:26+00:00", "bookmarked": false, "dead": null, "artist": "rp.pl", "album": "rp.pl", "user": null, "language": "pl-PL", "thumbnail": "https://www.rp.pl/img/logo.png"}, {"source": "https://www.rp.pl/rss_main", "title": "J\u0119drzej Bielecki: W krucjacie Joe Bidena Polska mo\u017ce okaza\u0107 si\u0119 kluczowym sojusznikiem", "description": "Prezydent og\u0142asza \u015bwi\u0119t\u0105 wojn\u0119 w obronie demokracji na Ukrainie i w Izraelu. Jednak kolejne sonda\u017ce w USA wskazuj\u0105, \u017ce ameryka\u0144skie spo\u0142ecze\u0144stwo stopniowo przesuwa si\u0119 w stron\u0119 izolacjonizmu. Projekt scalania demokracji na \u015bwiecie mo\u017ce sta\u0107 si\u0119 wielk\u0105 szans\u0105 dla Polski.", "link": "https://www.rp.pl/komentarze/art39300101-jedrzej-bielecki-w-krucjacie-joe-bidena-polska-moze-okazac-sie-kluczowym-sojusznikiem", "date_published": "2023-10-20T10:39:00+00:00", "bookmarked": false, "dead": null, "artist": "rp.pl", "album": "rp.pl", "user": null, "language": "pl-PL", "thumbnail": "https://www.rp.pl/img/logo.png"}, {"source": "https://www.rp.pl/rss_main", "title": "W\u0142a\u015bciciele mieszka\u0144 na wynajem ju\u017c apeluj\u0105 do przysz\u0142ych w\u0142adz", "description": "Ulgi, zach\u0119ty, regulacje. Zas\u00f3b mieszka\u0144 na wynajem w Polsce mo\u017ce by\u0107 wi\u0119kszy - ocenia stowarzyszenie \u201eMieszkanicznik\u201d.", "link": "https://www.rp.pl/nieruchomosci/art39300411-wlasciciele-mieszkan-na-wynajem-juz-apeluja-do-przyszlych-wladz", "date_published": "2023-10-20T10:35:30+00:00", "bookmarked": false, "dead": null, "artist": "rp.pl", "album": "rp.pl", "user": null, "language": "pl-PL", "thumbnail": "https://www.rp.pl/img/logo.png"}, {"source": "https://www.rp.pl/rss_main", "title": "Jacek Sasin: T\u0119czowa koalicja ju\u017c wycofuje si\u0119 z obietnic", "description": "Minister aktyw\u00f3w pa\u0144stwowych Jacek Sasin krytykuje opozycj\u0119, zaznaczaj\u0105c, \u017ce \"ju\u017c wycofuje si\u0119 z obietnic\". Polityk pisze w mediach spo\u0142eczno\u015bciowych o \"kompletnej niesp\u00f3jno\u015bci ideowych postulat\u00f3w\" i ostrzega, \u017ce \"szykuje si\u0119 cyrk\u201d.", "link": "https://www.rp.pl/wybory/art39300501-jacek-sasin-teczowa-koalicja-juz-wycofuje-sie-z-obietnic", "date_published": "2023-10-20T10:30:00+00:00", "bookmarked": false, "dead": null, "artist": "rp.pl", "album": "rp.pl", "user": null, "language": "pl-PL", "thumbnail": "https://www.rp.pl/img/logo.png"}, {"source": "https://www.rp.pl/rss_main", "title": "Sonda\u017c: Nie przeszkadza nam zamkni\u0119ta granica po\u0142udniowa", "description": "Wi\u0119kszo\u015b\u0107 Polak\u00f3w zgadza si\u0119 na tymczasowe przywr\u00f3cenie kontroli granicznej ze S\u0142owacj\u0105, sk\u0105d nap\u0142ywaj\u0105 uchod\u017acy m.in. z Bliskiego Wschodu.", "link": "https://www.rp.pl/polityka/art39300341-sondaz-nie-przeszkadza-nam-zamknieta-granica-poludniowa", "date_published": "2023-10-20T10:26:25+00:00", "bookmarked": false, "dead": null, "artist": "rp.pl", "album": "rp.pl", "user": null, "language": "pl-PL", "thumbnail": "https://www.rp.pl/img/logo.png"}, {"source": "https://www.rp.pl/rss_main", "title": "PiS szykuje kontrofensyw\u0119, prezydent gra we w\u0142asn\u0105 gr\u0119", "description": "- Prezydent Andrzej Duda w tej cz\u0119\u015bci swojej kadencji nie b\u0119dzie ani pupilkiem opozycji, ani nie b\u0119dzie realizowa\u0142 tylko strategii PiS \u2013 oceni\u0142 w podca\u015bcie \"Polityczne Micha\u0142ki\" Micha\u0142 Kolanko. Razem z Micha\u0142em Szu\u0142drzy\u0144skim analizowa\u0142 on gr\u0119 prezydenta i PiS po wyborach, w kt\u00f3rych partia Jaros\u0142awa Kaczy\u0144skiego osi\u0105gn\u0119\u0142a najlepszy wynik, ale nie jest w stanie utrzyma\u0107 rz\u0105d\u00f3w", "link": "https://www.rp.pl/polityka/art39300461-pis-szykuje-kontrofensywe-prezydent-gra-we-wlasna-gre", "date_published": "2023-10-20T10:18:45+00:00", "bookmarked": false, "dead": null, "artist": "rp.pl", "album": "rp.pl", "user": null, "language": "pl-PL", "thumbnail": "https://www.rp.pl/img/logo.png"}, {"source": "https://www.rp.pl/rss_main", "title": "USA \"zaniepokojone\" spotkaniem Viktora Orbana z W\u0142adimirem Putinem", "description": "Ambasador USA w Budapeszcie, David Pressman, w wydanym o\u015bwiadczeniu wyrazi\u0142 \"obawy\" w zwi\u0105zku z relacjami \u0142\u0105cz\u0105cymi W\u0119gry z Rosj\u0105.", "link": "https://www.rp.pl/dyplomacja/art39300301-usa-zaniepokojone-spotkaniem-viktora-orbana-z-wladimirem-putinem", "date_published": "2023-10-20T10:08:28+00:00", "bookmarked": false, "dead": null, "artist": "rp.pl", "album": "rp.pl", "user": null, "language": "pl-PL", "thumbnail": "https://www.rp.pl/img/logo.png"}, {"source": "https://www.rp.pl/rss_main", "title": "Kolejny ruch samorz\u0105du lekarskiego ws. Uniwersytetu Kaliskiego", "description": "Zesp\u00f3\u0142 ds. narusze\u0144 w ochronie zdrowia Naczelnej Rady Lekarskiej z\u0142o\u017cy\u0142 do Naczelnego Rzecznika Odpowiedzialno\u015bci Zawodowej zawiadomienie na prof. dr. hab. n. med. Andrzeja Wojty\u0142\u0119, rektora Uniwersytetu Kaliskiego.", "link": "https://www.rp.pl/zdrowie/art39300291-kolejny-ruch-samorzadu-lekarskiego-ws-uniwersytetu-kaliskiego", "date_published": "2023-10-20T09:59:07+00:00", "bookmarked": false, "dead": null, "artist": "rp.pl", "album": "rp.pl", "user": null, "language": "pl-PL", "thumbnail": "https://www.rp.pl/img/logo.png"}, {"source": "https://www.rp.pl/rss_main", "title": "Psycholo\u017cka o ataku no\u017cownika w Poznaniu: \"Z tej tragedii mo\u017cna wynie\u015b\u0107 lekcj\u0119\"", "description": "\u015arodowy atak no\u017cownika w Poznaniu na 5-letniego ch\u0142opca to jedno z tych wydarze\u0144, o kt\u00f3rym m\u00f3wi\u0105 wszyscy. Czy tragedi\u0119, kt\u00f3rej rozmiar trudno poj\u0105\u0107, mo\u017cna pr\u00f3bowa\u0107 racjonalnie wyt\u0142umaczy\u0107?", "link": "https://kobieta.rp.pl/psychologia/art39299651-psycholozka-o-ataku-nozownika-w-poznaniu-z-tej-tragedii-mozna-wyniesc-lekcje", "date_published": "2023-10-20T09:47:11+00:00", "bookmarked": false, "dead": null, "artist": "rp.pl", "album": "rp.pl", "user": null, "language": "pl-PL", "thumbnail": "https://www.rp.pl/img/logo.png"}, {"source": "https://www.rp.pl/rss_main", "title": "Ro\u015bnie po\u0142udniowy jedwabny szlak", "description": "Koleje odgrywaj\u0105 wa\u017cn\u0105 rol\u0119 w handlu z Chinami, wojnie na Ukrainie i w jej przysz\u0142ej odbudowie, a pa\u0144stwa, przez kt\u00f3re przebiegaj\u0105 korytarze transportowe prowadz\u0105 du\u017ce inwestycje infrastrukturalne.", "link": "https://logistyka.rp.pl/szynowy/art39300261-rosnie-poludniowy-jedwabny-szlak", "date_published": "2023-10-20T09:46:55+00:00", "bookmarked": false, "dead": null, "artist": "rp.pl", "album": "rp.pl", "user": null, "language": "pl-PL", "thumbnail": "https://www.rp.pl/img/logo.png"}, {"source": "https://www.rp.pl/rss_main", "title": "Pogoda w Polsce: IMGW informuje, \u017ce mo\u017ce pa\u015b\u0107 rekord ciep\u0142a", "description": "Jakiej pogody mo\u017cemy spodziewa\u0107 si\u0119 w nadchodz\u0105cy weekend? IMGW informuje, \u017ce niewykluczone jest, i\u017c padn\u0105 nowe rekordy temperatury. Nieco ch\u0142odniej ma by\u0107 za\u015b w p\u00f3\u0142nocnych regionach kraju.", "link": "https://www.rp.pl/spoleczenstwo/art39300251-pogoda-w-polsce-imgw-informuje-ze-moze-pasc-rekord-ciepla", "date_published": "2023-10-20T09:44:00+00:00", "bookmarked": false, "dead": null, "artist": "rp.pl", "album": "rp.pl", "user": null, "language": "pl-PL", "thumbnail": "https://www.rp.pl/img/logo.png"}, {"source": "https://www.rp.pl/rss_main", "title": "Rozliczenie PiS. Krzysztof Bosak: Konfederacja chce, \u017ceby winni poszli do wi\u0119zienia", "description": "- B\u0119dziemy zdecydowanie za rozliczeniem PiS-u - zadeklarowa\u0142 lider Konfederacji Krzysztof Bosak. - Chcemy, \u017ceby ludzie, kt\u00f3rzy s\u0105 winni z\u0142amania prawa, poszli do wi\u0119zienia - doda\u0142 w rozmowie z Jackiem Nizinkiewiczem prezes Ruchu Narodowego.", "link": "https://www.rp.pl/wybory/art39299251-rozliczenie-pis-krzysztof-bosak-konfederacja-chce-zeby-winni-poszli-do-wiezienia", "date_published": "2023-10-20T09:35:55+00:00", "bookmarked": false, "dead": null, "artist": "rp.pl", "album": "rp.pl", "user": null, "language": "pl-PL", "thumbnail": "https://www.rp.pl/img/logo.png"}, {"source": "https://www.rp.pl/rss_main", "title": "Prezes PSL zapowiada utworzenie \"najlepszego rz\u0105du na jaki zas\u0142uguje Polska\"", "description": "Prosimy pana prezydenta, aby nie zwleka\u0142 ze wskazywaniem kandydata na premiera - m\u00f3wi\u0142 na konferencji prasowej prezes PSL, W\u0142adys\u0142aw Kosiniak-Kamysz.", "link": "https://www.rp.pl/polityka/art39300081-prezes-psl-zapowiada-utworzenie-najlepszego-rzadu-na-jaki-zasluguje-polska", "date_published": "2023-10-20T09:26:04+00:00", "bookmarked": false, "dead": null, "artist": "rp.pl", "album": "rp.pl", "user": null, "language": "pl-PL", "thumbnail": "https://www.rp.pl/img/logo.png"}, {"source": "https://www.rp.pl/rss_main", "title": "Tania ropa z Rosji p\u0142ynie do Chin. W zamian Kreml dostanie cenne technologie", "description": "Chiny bez skrupu\u0142\u00f3w wykorzystuj\u0105 wojn\u0119 w Ukrainie do tanich zakup\u00f3w w Rosji. W tym roku import rosyjskiej ropy zwi\u0119kszy\u0142 si\u0119 o blisko jedn\u0105 czwart\u0105. Pomimo to chi\u0144skie koncerny zap\u0142aci\u0142y Rosjanom o 2,3 proc. mniej ni\u017c rok wcze\u015bniej.", "link": "https://energia.rp.pl/ropa/art39299791-tania-ropa-z-rosji-plynie-do-chin-w-zamian-kreml-dostanie-cenne-technologie", "date_published": "2023-10-20T09:20:30+00:00", "bookmarked": false, "dead": null, "artist": "rp.pl", "album": "rp.pl", "user": null, "language": "pl-PL", "thumbnail": "https://www.rp.pl/img/logo.png"}, {"source": "https://www.rp.pl/rss_main", "title": "Ponad po\u0142owa nabywc\u00f3w aut elektrycznych w USA wraca do modeli spalinowych", "description": "Przeprowadzone ostatnio badania doprowadzi\u0142y do intryguj\u0105cych wniosk\u00f3w. W\u0142a\u015bciciele elektrycznych samochod\u00f3w w USA nie wierni idei podr\u00f3\u017cowania bez emisji spalin.", "link": "https://moto.rp.pl/na-prad/art39299911-ponad-polowa-nabywcow-aut-elektrycznych-w-usa-wraca-do-modeli-spalinowych", "date_published": "2023-10-20T09:18:00+00:00", "bookmarked": false, "dead": null, "artist": "rp.pl", "album": "rp.pl", "user": null, "language": "pl-PL", "thumbnail": "https://www.rp.pl/img/logo.png"}, {"source": "https://www.rp.pl/rss_main", "title": "Zab\u00f3jstwo pi\u0119ciolatka w Poznaniu. Jest decyzja ws. aresztu dla no\u017cownika", "description": "Zbys\u0142aw C., kt\u00f3remu prokuratura stawia zarzut zab\u00f3jstwa pi\u0119cioletniego ch\u0142opca w Poznaniu, zosta\u0142 decyzj\u0105 s\u0105du tymczasowo aresztowany.", "link": "https://www.rp.pl/przestepczosc/art39299941-zabojstwo-pieciolatka-w-poznaniu-jest-decyzja-ws-aresztu-dla-nozownika", "date_published": "2023-10-20T09:06:00+00:00", "bookmarked": false, "dead": null, "artist": "rp.pl", "album": "rp.pl", "user": null, "language": "pl-PL", "thumbnail": "https://www.rp.pl/img/logo.png"}, {"source": "https://www.rp.pl/rss_main", "title": "Samorz\u0105dy zap\u0142ac\u0105 wi\u0119cej za tzw. radc\u00f3w z urz\u0119du. Du\u017ca podwy\u017cka stawek", "description": "Samorz\u0105dy b\u0119d\u0105 ponosi\u0107 koszty nieop\u0142aconej pomocy prawnej udzielonej przez radc\u0119 prawnego ustanowionego z urz\u0119du - wynika z projektu rozporz\u0105dzenia. Regulacja zak\u0142ada zr\u00f3wnanie stawek dla \u201eradc\u00f3w z urz\u0119du\u201d ze stawkami radc\u00f3w z wyboru.", "link": "https://regiony.rp.pl/finanse-w-regionach/art39300031-samorzady-zaplaca-wiecej-za-tzw-radcow-z-urzedu-duza-podwyzka-stawek", "date_published": "2023-10-20T09:05:41+00:00", "bookmarked": false, "dead": null, "artist": "rp.pl", "album": "rp.pl", "user": null, "language": "pl-PL", "thumbnail": "https://www.rp.pl/img/logo.png"}, {"source": "https://www.rp.pl/rss_main", "title": "Zmiana czasu 2023. Kiedy przestawi\u0107 zegarek na czas zimowy?", "description": "Pod koniec pa\u017adziernika nast\u0105pi zmiana czasu z letniego na czas zimowy. Kiedy dok\u0142adnie powinni\u015bmy przestawi\u0107 zegarki?", "link": "https://www.rp.pl/spoleczenstwo/art39299821-zmiana-czasu-2023-kiedy-przestawic-zegarek-na-czas-zimowy", "date_published": "2023-10-20T09:05:00+00:00", "bookmarked": false, "dead": null, "artist": "rp.pl", "album": "rp.pl", "user": null, "language": "pl-PL", "thumbnail": "https://www.rp.pl/img/logo.png"}, {"source": "https://www.rp.pl/rss_main", "title": "Ta szwedzka marka motoryzacyjna mia\u0142a by\u0107 prze\u0142omowa. Teraz og\u0142osi\u0142a bankructwo", "description": "Szwedzka marka, kt\u00f3ra powsta\u0142a w 2019 roku i otrzyma\u0142a europejsk\u0105 homologacj\u0119 na elektryczn\u0105 ci\u0119\u017car\u00f3wk\u0119, z\u0142o\u017cy\u0142a wniosek o upad\u0142o\u015b\u0107. Decyzja jest efektem bankructwa dostawcy akumulator\u00f3w \u2013 firmy Proterra \u2013 kt\u00f3ra mia\u0142a by\u0107 kluczowa przy produkcji pojazdu.", "link": "https://moto.rp.pl/na-prad/art39299711-ta-szwedzka-marka-motoryzacyjna-miala-byc-przelomowa-teraz-oglosila-bankructwo", "date_published": "2023-10-20T08:43:40+00:00", "bookmarked": false, "dead": null, "artist": "rp.pl", "album": "rp.pl", "user": null, "language": "pl-PL", "thumbnail": "https://www.rp.pl/img/logo.png"}, {"source": "https://www.rp.pl/rss_main", "title": "Pentagon: Chiny za siedem lat b\u0119d\u0105 mia\u0142y 1 000 g\u0142owic atomowych. Jest reakcja Chin", "description": "Raport Pentagonu, z kt\u00f3rego wynika, \u017ce Chiny b\u0119d\u0105 mia\u0142y ponad 1 000 g\u0142owic atomowych do 2030 roku, jest pe\u0142en \"uprzedze\u0144 i zniekszta\u0142conych fakt\u00f3w\" - o\u015bwiadczy\u0142a rzeczniczka MSZ Chin, Mao Ning.", "link": "https://www.rp.pl/dyplomacja/art39299671-pentagon-chiny-za-siedem-lat-beda-mialy-1-000-glowic-atomowych-jest-reakcja-chin", "date_published": "2023-10-20T08:36:32+00:00", "bookmarked": false, "dead": null, "artist": "rp.pl", "album": "rp.pl", "user": null, "language": "pl-PL", "thumbnail": "https://www.rp.pl/img/logo.png"}, {"source": "https://www.rp.pl/rss_main", "title": "Ziobro skar\u017cy do TK unijny zakaz sprzeda\u017cy aut spalinowych", "description": "Minister Sprawiedliwo\u015bci Zbigniew Ziobro poinformowa\u0142 o skierowaniu do Trybuna\u0142u Konstytucyjnego wniosku o zbadanie legalno\u015bci unijnych przepis\u00f3w, wprowadzaj\u0105cych zakaz sprzeda\u017cy nowych samochod\u00f3w spalinowych w 2035 roku.", "link": "https://www.rp.pl/prawo-dla-ciebie/art39299721-ziobro-skarzy-do-tk-unijny-zakaz-sprzedazy-aut-spalinowych", "date_published": "2023-10-20T08:29:46+00:00", "bookmarked": false, "dead": null, "artist": "rp.pl", "album": "rp.pl", "user": null, "language": "pl-PL", "thumbnail": "https://www.rp.pl/img/logo.png"}, {"source": "https://www.rp.pl/rss_main", "title": "Polacy kupuj\u0105 coraz mniej, szczeg\u00f3lnie te produkty. Nowe dane GUS", "description": "Sprzeda\u017c detaliczna (w cenach sta\u0142ych) spad\u0142a o 0,3 proc. r/r we wrze\u015bniu 2023 r. - poda\u0142 G\u0142\u00f3wny Urz\u0105d Statystyczny (GUS). W uj\u0119ciu miesi\u0119cznym odnotowano spadek o 0,3 proc.", "link": "https://www.rp.pl/dane-gospodarcze/art39299741-polacy-kupuja-coraz-mniej-szczegolnie-te-produkty-nowe-dane-gus", "date_published": "2023-10-20T08:29:24+00:00", "bookmarked": false, "dead": null, "artist": "rp.pl", "album": "rp.pl", "user": null, "language": "pl-PL", "thumbnail": "https://www.rp.pl/img/logo.png"}, {"source": "https://www.rp.pl/rss_main", "title": "Wojewodowie og\u0142aszaj\u0105 nabory wniosk\u00f3w z funduszu autobusowego", "description": "Wojewodowie og\u0142aszaj\u0105 nabory wniosk\u00f3w o dop\u0142at\u0119 w roku 2024 z Funduszu rozwoju przewoz\u00f3w autobusowych o charakterze u\u017cyteczno\u015bci publicznej.", "link": "https://regiony.rp.pl/inwestycje/art39299701-wojewodowie-oglaszaja-nabory-wnioskow-z-funduszu-autobusowego", "date_published": "2023-10-20T08:21:10+00:00", "bookmarked": false, "dead": null, "artist": "rp.pl", "album": "rp.pl", "user": null, "language": "pl-PL", "thumbnail": "https://www.rp.pl/img/logo.png"}, {"source": "https://www.rp.pl/rss_main", "title": "W\u0142adimir Putin zorganizuje igrzyska. \u015awiat sportu przed wielk\u0105 pr\u00f3b\u0105", "description": "W\u0142adimir Putin, cho\u0107 przez lata szed\u0142 pod r\u0119k\u0119 z Thomasem Bachem, atakuje dzi\u015b Mi\u0119dzynarodowy Komitet Olimpijski (MKOl), m\u00f3wi o dyskryminacji i zapowiada w\u0142asne igrzyska - dla po\u0142owy \u015bwiata, ju\u017c w przysz\u0142ym roku.", "link": "https://www.rp.pl/sport/art39294651-wladimir-putin-zorganizuje-igrzyska-swiat-sportu-przed-wielka-proba", "date_published": "2023-10-20T08:17:35+00:00", "bookmarked": false, "dead": null, "artist": "rp.pl", "album": "rp.pl", "user": null, "language": "pl-PL", "thumbnail": "https://www.rp.pl/img/logo.png"}, {"source": "https://www.rp.pl/rss_main", "title": "Lubnauer: Im szybciej Tusk zostanie premierem, tym szybciej b\u0119d\u0105 \u015brodki z KPO", "description": "Tym szybciej pieni\u0105dze z KPO mog\u0105 trafi\u0107 do Polski, im szybciej Tusk zostanie nominowany przez prezydenta do utworzenia nowego rz\u0105du. Z tego prostego powodu, \u017ce tylko rz\u0105d i premier mog\u0105 wys\u0142a\u0107 wniosek o wyp\u0142at\u0119 tych pieni\u0119dzy. To jest jeszcze kolejny argument dla Andrzeja Dudy, \u017ceby jak najszybciej powo\u0142a\u0142 w\u0142a\u015bnie Donalda Tuska, a nie gra\u0142 na czas - powiedzia\u0142a w rozmowie z RMF FM Katarzyna Lubnauer.", "link": "https://www.rp.pl/polityka/art39299661-lubnauer-im-szybciej-tusk-zostanie-premierem-tym-szybciej-beda-srodki-z-kpo", "date_published": "2023-10-20T08:16:00+00:00", "bookmarked": false, "dead": null, "artist": "rp.pl", "album": "rp.pl", "user": null, "language": "pl-PL", "thumbnail": "https://www.rp.pl/img/logo.png"}, {"source": "https://www.rp.pl/rss_main", "title": "Ed Sheeran zagra w Polsce w 2024 r.", "description": "Ed Sheeran zawita z tras\u0105 matematyczn\u0105 \u201e+ - = \u00f7 x\u201d do Azji i Europy w 2024 roku. W Polsce zagra 12 lipca w Polsat Plus Arena Gda\u0144sk.", "link": "https://www.rp.pl/muzyka-popularna/art39299481-ed-sheeran-zagra-w-polsce-w-2024-r", "date_published": "2023-10-20T08:15:41+00:00", "bookmarked": false, "dead": null, "artist": "rp.pl", "album": "rp.pl", "user": null, "language": "pl-PL", "thumbnail": "https://www.rp.pl/img/logo.png"}, {"source": "https://www.rp.pl/rss_main", "title": "Antoni Dudek: Koniec prawicowej rewolucji. Jaros\u0142awowi Kaczy\u0144skiemu zabrak\u0142o politycznej wyobra\u017ani", "description": "Jaros\u0142awowi Kaczy\u0144skiemu zabrak\u0142o politycznej wyobra\u017ani. Do rewolucji, na jak\u0105 si\u0119 porwa\u0142, nie wystarczy mie\u0107 tylko wi\u0119kszo\u015bci w Sejmie i worka publicznych pieni\u0119dzy - m\u00f3wi Antoni Dudek, historyk i politolog.", "link": "https://www.rp.pl/plus-minus/art39297541-antoni-dudek-koniec-prawicowej-rewolucji-jaroslawowi-kaczynskiemu-zabraklo-politycznej-wyobrazni", "date_published": "2023-10-20T08:00:00+00:00", "bookmarked": false, "dead": null, "artist": "rp.pl", "album": "rp.pl", "user": null, "language": "pl-PL", "thumbnail": "https://www.rp.pl/img/logo.png"}, {"source": "https://www.rp.pl/rss_main", "title": "Kampania wyborcza pokaza\u0142a, \u017ce niemo\u017cliwy jest powr\u00f3t do polityki z lat 2015-2020", "description": "Wygrywaj\u0105cy PiS nie stworzy rz\u0105du, ale b\u0119dzie szykowa\u0142 si\u0119 do kontrofensywy. Jej rezultat b\u0119dzie zale\u017cny od tego, jakie wnioski wyci\u0105gn\u0105 doradcy prezesa Kaczy\u0144skiego z kampanii, zaskakuj\u0105cej komentator\u00f3w oraz wyborc\u00f3w na tak wielu poziomach.", "link": "https://www.rp.pl/plus-minus/art39297561-kampania-wyborcza-pokazala-ze-niemozliwy-jest-powrot-do-polityki-z-lat-2015-2020", "date_published": "2023-10-20T08:00:00+00:00", "bookmarked": false, "dead": null, "artist": "rp.pl", "album": "rp.pl", "user": null, "language": "pl-PL", "thumbnail": "https://www.rp.pl/img/logo.png"}, {"source": "https://www.rp.pl/rss_main", "title": "Po wyborach tworzymy mity, a powinni\u015bmy zderzy\u0107 si\u0119 z rzeczywisto\u015bci\u0105", "description": "Opozycja wcale nie musi spe\u0142ni\u0107 zapowiadanych obietnic wyborczych, a dogadanie si\u0119 z koalicjantami nie b\u0119dzie proste. Nikt tak w\u0142a\u015bciwie nie wie, jakie s\u0105 plany Donalda Tuska. Jednak nie ma co si\u0119 oszukiwa\u0107 \u2013 PiS te wybory przegra\u0142 i b\u0119dzie mia\u0142 coraz mniejsze pole manewru.", "link": "https://www.rp.pl/plus-minus/art39297581-po-wyborach-tworzymy-mity-a-powinnismy-zderzyc-sie-z-rzeczywistoscia", "date_published": "2023-10-20T08:00:00+00:00", "bookmarked": false, "dead": null, "artist": "rp.pl", "album": "rp.pl", "user": null, "language": "pl-PL", "thumbnail": "https://www.rp.pl/img/logo.png"}, {"source": "https://www.rp.pl/rss_main", "title": "Prawo i Sprawiedliwo\u015b\u0107 nigdy nie by\u0142o parti\u0105 katolick\u0105", "description": "Przegrana PiS to wbrew pozorom ogromna szansa dla Ko\u015bcio\u0142a. Im szybciej o\u0142tarz oddzieli si\u0119 od tronu, a duchowni i \u015bwieccy zrozumiej\u0105, \u017ce zwi\u0105zek z prawic\u0105 szkodzi katolicyzmowi, tym lepiej dla przysz\u0142o\u015bci wiary.", "link": "https://www.rp.pl/plus-minus/art39297591-prawo-i-sprawiedliwosc-nigdy-nie-bylo-partia-katolicka", "date_published": "2023-10-20T08:00:00+00:00", "bookmarked": false, "dead": null, "artist": "rp.pl", "album": "rp.pl", "user": null, "language": "pl-PL", "thumbnail": "https://www.rp.pl/img/logo.png"}, {"source": "https://www.rp.pl/rss_main", "title": "W internecie nie b\u0119dzie kobiecej rewolucji", "description": "W erze prasy drukowanej i telewizji mogli\u015bmy emocjonowa\u0107 si\u0119 tym czy owym, ale w spos\u00f3b konieczny nie mog\u0142o to trwa\u0107 ca\u0142y dzie\u0144. Wcze\u015bniej III Rzesza czy Zwi\u0105zek Radziecki do mistrzostwa doprowadzi\u0142y rytua\u0142y, kt\u00f3re mia\u0142y odci\u0105gn\u0105\u0107 obywateli od refleksji politycznej. W dobie Twittera i TikToka bie\u017c\u0105ce tematy s\u0105 tak absorbuj\u0105ce, \u017ce na ow\u0105 refleksj\u0119 brakuje nam ju\u017c czasu.", "link": "https://www.rp.pl/plus-minus/art39297571-w-internecie-nie-bedzie-kobiecej-rewolucji", "date_published": "2023-10-20T08:00:00+00:00", "bookmarked": false, "dead": null, "artist": "rp.pl", "album": "rp.pl", "user": null, "language": "pl-PL", "thumbnail": "https://www.rp.pl/img/logo.png"}, {"source": "https://www.rp.pl/rss_main", "title": "Zagraniczna prasa cieszy si\u0119 ze zwyci\u0119stwa Donalda Tuska", "description": "Z pariasa Unii nasz kraj w jedn\u0105 noc sta\u0142 si\u0119 kandydatem na jednego z rozgrywaj\u0105cych we Wsp\u00f3lnocie. Z liberalnych kr\u0119g\u00f3w na Zachodzie dobiega westchnienie ulgi. Unijnej centrali op\u0142aci\u0142a si\u0119 ryzykowna strategia obliczona na polityczn\u0105 zmian\u0119 w Warszawie.", "link": "https://www.rp.pl/plus-minus/art39297601-zagraniczna-prasa-cieszy-sie-ze-zwyciestwa-donalda-tuska", "date_published": "2023-10-20T08:00:00+00:00", "bookmarked": false, "dead": null, "artist": "rp.pl", "album": "rp.pl", "user": null, "language": "pl-PL", "thumbnail": "https://www.rp.pl/img/logo.png"}, {"source": "https://www.rp.pl/rss_main", "title": "Zaora\u0107 przeciwnika politycznego \u2013 jak polityka to\u017csamo\u015bci zmienia zasady gry", "description": "By zmieni\u0107 wyborc\u0119 PiS-u w wyborc\u0119 PO, trzeba by starszego mieszka\u0144ca wsi zmieni\u0107 w wykszta\u0142conego prezesa du\u017cej firmy w metropolii. Tego nie da si\u0119 zrobi\u0107, bo trzeba by najpierw zmieni\u0107 jego to\u017csamo\u015b\u0107.", "link": "https://www.rp.pl/plus-minus/art39297611-zaorac-przeciwnika-politycznego-jak-polityka-tozsamosci-zmienia-zasady-gry", "date_published": "2023-10-20T08:00:00+00:00", "bookmarked": false, "dead": null, "artist": "rp.pl", "album": "rp.pl", "user": null, "language": "pl-PL", "thumbnail": "https://www.rp.pl/img/logo.png"}, {"source": "https://www.rp.pl/rss_main", "title": "W\u0142ochy: Giorgia Meloni rozsta\u0142a si\u0119 z partnerem po 10 latach", "description": "\"Moja relacja z Andre\u0105 Giambruno, kt\u00f3ra trwa\u0142a niemal 10 lat, ko\u0144czy si\u0119 tutaj\" - napisa\u0142a na swoim profilu na Facebooku Giorgia Meloni, premier W\u0142och.", "link": "https://www.rp.pl/polityka/art39299461-wlochy-giorgia-meloni-rozstala-sie-z-partnerem-po-10-latach", "date_published": "2023-10-20T07:58:00+00:00", "bookmarked": false, "dead": null, "artist": "rp.pl", "album": "rp.pl", "user": null, "language": "pl-PL", "thumbnail": "https://www.rp.pl/img/logo.png"}, {"source": "https://www.rp.pl/rss_main", "title": "Rusza Puchar \u015awiata. Polscy \u0142y\u017cwiarze z nadziej\u0105 na medale", "description": "S\u0105 nowe twarze, ale cele pozostaj\u0105 bez zmian. Reprezentacja Polski w short tracku zaczyna kolejny sezon, kt\u00f3ry zainauguruje Pucharem \u015awiata w Montrealu. Plany s\u0105 ambitne, cho\u0107 tej zimy nie wystartuje Natalia Maliszewska.", "link": "https://www.rp.pl/sporty-zimowe/art39292991-rusza-puchar-swiata-polscy-lyzwiarze-z-nadzieja-na-medale", "date_published": "2023-10-20T07:55:50+00:00", "bookmarked": false, "dead": null, "artist": "rp.pl", "album": "rp.pl", "user": null, "language": "pl-PL", "thumbnail": "https://www.rp.pl/img/logo.png"}, {"source": "https://www.rp.pl/rss_main", "title": "Kurs z\u0142otego na koniec tygodnia. Ile p\u0142ac\u0105 za dolara i euro?", "description": "W pi\u0105tek z rana za dolara inwestorzy p\u0142ac\u0105 4,21 z\u0142, a za euro 4,45 z\u0142. Kursy obu walut s\u0105 zbli\u017cone do tych z czwartku.", "link": "https://www.rp.pl/waluty/art39299491-kurs-zlotego-na-koniec-tygodnia-ile-placa-za-dolara-i-euro", "date_published": "2023-10-20T07:48:46+00:00", "bookmarked": false, "dead": null, "artist": "rp.pl", "album": "rp.pl", "user": null, "language": "pl-PL", "thumbnail": "https://www.rp.pl/img/logo.png"}, {"source": "https://www.rp.pl/rss_main", "title": "Polityk Koalicji Obywatelskiej zapowiada weryfikacj\u0119 tysi\u0119cy s\u0119dzi\u00f3w", "description": "Pose\u0142 Koalicji Obywatelskiej Arkadiusz Myrcha zapowiedzia\u0142 zmiany w Krajowej Radzie S\u0105downictwa, S\u0105dzie Najwy\u017cszym i prokuraturze po przej\u0119ciu w\u0142adzy przez dotychczasow\u0105 opozycj\u0119. B\u0119dzie te\u017c weryfikacja powo\u0142a\u0144 s\u0119dziowskich.", "link": "https://www.rp.pl/sady-i-trybunaly/art39299431-polityk-koalicji-obywatelskiej-zapowiada-weryfikacje-tysiecy-sedziow", "date_published": "2023-10-20T07:42:55+00:00", "bookmarked": false, "dead": null, "artist": "rp.pl", "album": "rp.pl", "user": null, "language": "pl-PL", "thumbnail": "https://www.rp.pl/img/logo.png"}, {"source": "https://www.rp.pl/rss_main", "title": "USA: B\u0119d\u0105cy na wymianie ucze\u0144 z Polski uratowa\u0142 \u017cycie szkolnemu koledze", "description": "W jednej z ameryka\u0144skich szk\u00f3\u0142, podczas gry w koszyk\u00f3wk\u0119, licealista dozna\u0142 nag\u0142ego zatrzymania akcji serca. Dwaj jego koledzy \u2013 w tym jeden ucze\u0144 pochodz\u0105cy z Polski \u2013 udzielili ch\u0142opakowi pierwszej pomocy, dzi\u0119ki czemu uda\u0142o si\u0119 uratowa\u0107 mu \u017cycie.", "link": "https://www.rp.pl/spoleczenstwo/art39299421-usa-bedacy-na-wymianie-uczen-z-polski-uratowal-zycie-szkolnemu-koledze", "date_published": "2023-10-20T07:38:00+00:00", "bookmarked": false, "dead": null, "artist": "rp.pl", "album": "rp.pl", "user": null, "language": "pl-PL", "thumbnail": "https://www.rp.pl/img/logo.png"}, {"source": "https://www.rp.pl/rss_main", "title": "Sztuczna inteligencja pomo\u017ce wybra\u0107 opcje przy konfiguracji Porsche", "description": "Porsche wprowadzi\u0142o w Polsce zmiany w konfiguratorze. Dzi\u0119ki Prekonfiguracji oraz Narz\u0119dziu Rekomendacji Opcji skompletowanie idealnie dobranego wyposa\u017cenia jest teraz o wiele \u0142atwiejsze. W wybraniu odpowiednich opcji klient\u00f3w wspomaga sztuczna inteligencja.", "link": "https://moto.rp.pl/innowacje/art39299241-sztuczna-inteligencja-pomoze-wybrac-opcje-przy-konfiguracji-porsche", "date_published": "2023-10-20T07:26:30+00:00", "bookmarked": false, "dead": null, "artist": "rp.pl", "album": "rp.pl", "user": null, "language": "pl-PL", "thumbnail": "https://www.rp.pl/img/logo.png"}, {"source": "https://www.rp.pl/rss_main", "title": "Smog zn\u00f3w truje Polsk\u0119. W niekt\u00f3rych przypadkach normy przekroczone o 1300 proc.", "description": "W nocy ze \u015brody na czwartek w niekt\u00f3rych miejscach w kraju normy jako\u015bci powietrza zosta\u0142y przekroczone o 1300 proc.", "link": "https://klimat.rp.pl/klimat/art39296861-smog-znow-truje-polske-w-niektorych-przypadkach-normy-przekroczone-o-1300-proc", "date_published": "2023-10-20T07:21:41+00:00", "bookmarked": false, "dead": null, "artist": "rp.pl", "album": "rp.pl", "user": null, "language": "pl-PL", "thumbnail": "https://www.rp.pl/img/logo.png"}, {"source": "https://www.rp.pl/rss_main", "title": "Czas zako\u0144czy\u0107 spalanie las\u00f3w. Apel do sp\u00f3\u0142ek energetycznych i bank\u00f3w", "description": "Sko\u0144czmy z nowymi inwestycjami w spalanie biomasy drzewnej w Polsce - aktywi\u015bci apeluj\u0105 do sp\u00f3\u0142ek energetycznych i bank\u00f3w.", "link": "https://klimat.rp.pl/lasy/art39299371-czas-zakonczyc-spalanie-lasow-apel-do-spolek-energetycznych-i-bankow", "date_published": "2023-10-20T07:21:12+00:00", "bookmarked": false, "dead": null, "artist": "rp.pl", "album": "rp.pl", "user": null, "language": "pl-PL", "thumbnail": "https://www.rp.pl/img/logo.png"}, {"source": "https://www.rp.pl/rss_main", "title": "Senator z Lewicy nie chce odpowiedzie\u0107 na pytanie, czy Donald Tusk b\u0119dzie premierem", "description": "- Nie tylko Lewica, ale te\u017c Koalicja Obywatelska obiecywa\u0142y w czasie kampanii, \u017ce nic co zosta\u0142o dane, nie b\u0119dzie odebrane - m\u00f3wi\u0142a w rozmowie z Jackiem Nizinkiewiczem Magdalena Biejat, wybrana do Senatu w ramach paktu senackiego, wsp\u00f3\u0142przewodnicz\u0105ca Lewicy Razem.", "link": "https://www.rp.pl/wybory/art39299281-senator-z-lewicy-nie-chce-odpowiedziec-na-pytanie-czy-donald-tusk-bedzie-premierem", "date_published": "2023-10-20T07:19:53+00:00", "bookmarked": false, "dead": null, "artist": "rp.pl", "album": "rp.pl", "user": null, "language": "pl-PL", "thumbnail": "https://www.rp.pl/img/logo.png"}, {"source": "https://www.rp.pl/rss_main", "title": "GIF pokaza\u0142 oryginalny i fa\u0142szywy Ozempic. Zaleca czujno\u015b\u0107", "description": "W legalnym \u0142a\u0144cuchu dystrybucji na terenie Unii Europejskiej pojawi\u0142y si\u0119  fabrycznie nape\u0142nione wstrzykiwacze fa\u0142szywie oznaczone jako produkt  leczniczy Ozempic - ostrzega G\u0142\u00f3wny Inspektor Farmaceutyczny i zaleca ostro\u017cno\u015b\u0107 podczas zakupu i stosowania tego bardzo popularnego leku na cukrzyc\u0119 i oty\u0142o\u015b\u0107.", "link": "https://www.rp.pl/zdrowie/art39299221-gif-pokazal-oryginalny-i-falszywy-ozempic-zaleca-czujnosc", "date_published": "2023-10-20T07:07:00+00:00", "bookmarked": false, "dead": null, "artist": "rp.pl", "album": "rp.pl", "user": null, "language": "pl-PL", "thumbnail": "https://www.rp.pl/img/logo.png"}, {"source": "https://www.rp.pl/rss_main", "title": "Mattia Preti \u2013 mistrz baroku z Malty w \u0141azienkach Kr\u00f3lewskich w Warszawie", "description": "W Podchor\u0105\u017c\u00f3wce w \u0141azienkach mo\u017cna od dzi\u015b ogl\u0105da\u0107 bogaty wyb\u00f3r prac znakomitego XVII-wiecznego artysty, powsta\u0142ych we W\u0142oszech, jak i na Malcie.", "link": "https://www.rp.pl/malarstwo/art39299181-mattia-preti-mistrz-baroku-z-malty-w-lazienkach-krolewskich-w-warszawie", "date_published": "2023-10-20T07:02:35+00:00", "bookmarked": false, "dead": null, "artist": "rp.pl", "album": "rp.pl", "user": null, "language": "pl-PL", "thumbnail": "https://www.rp.pl/img/logo.png"}, {"source": "https://www.rp.pl/rss_main", "title": "Izrael ewakuuje mieszka\u0144c\u00f3w z miasta przy granicy z Libanem", "description": "Ministerstwo Obrony Izraela poinformowa\u0142o o rozpocz\u0119ciu ewakuacji z miasta Kirjat Szemona, na p\u00f3\u0142nocy kraju, przy granicy z Libanem, w zwi\u0105zku z rosn\u0105cym napi\u0119ciem na granicy.", "link": "https://www.rp.pl/konflikty-zbrojne/art39299211-izrael-ewakuuje-mieszkancow-z-miasta-przy-granicy-z-libanem", "date_published": "2023-10-20T06:52:15+00:00", "bookmarked": false, "dead": null, "artist": "rp.pl", "album": "rp.pl", "user": null, "language": "pl-PL", "thumbnail": "https://www.rp.pl/img/logo.png"}, {"source": "https://www.rp.pl/rss_main", "title": "Nowa p\u0142yta The Rolling Stones: Jagger jak Dawid Podsiad\u0142o, go\u015bcie jak z \u201eMisia\u201d Barei", "description": "\u201eHackney Diamonds\u201d pierwszy od 18 lat nowy album The Rolling Stones to \u015bwietna p\u0142yta z drobnymi wyj\u0105tkami. O zespole z przesz\u0142o\u015bci, kt\u00f3ry nie chce odej\u015b\u0107 do historii.", "link": "https://www.rp.pl/muzyka-popularna/art39298951-nowa-plyta-the-rolling-stones-jagger-jak-dawid-podsiadlo-goscie-jak-z-misia-barei", "date_published": "2023-10-20T05:56:11+00:00", "bookmarked": false, "dead": null, "artist": "rp.pl", "album": "rp.pl", "user": null, "language": "pl-PL", "thumbnail": "https://www.rp.pl/img/logo.png"}, {"source": "https://www.rp.pl/rss_main", "title": "Izabela Leszczyna: PiS jeszcze rz\u0105dzi, a PiS-owskie media ju\u017c nas rozliczaj\u0105", "description": "Trudno zrozumie\u0107, \u017ce prezydent chce przegra\u0107, tak spektakularnie przegra\u0107 - m\u00f3wi\u0142a w rozmowie z TVN24 Izabela Leszczyna, pos\u0142anka Koalicji Obywatelskiej, wiceprzewodnicz\u0105ca PO.", "link": "https://www.rp.pl/wybory/art39298991-izabela-leszczyna-pis-jeszcze-rzadzi-a-pis-owskie-media-juz-nas-rozliczaja", "date_published": "2023-10-20T05:52:33+00:00", "bookmarked": false, "dead": null, "artist": "rp.pl", "album": "rp.pl", "user": null, "language": "pl-PL", "thumbnail": "https://www.rp.pl/img/logo.png"}, {"source": "https://www.rp.pl/rss_main", "title": "\"Stuu\" w brytyjskim areszcie na podstawie decyzji s\u0105du", "description": "Youtuber Stuart \"Stuu\" B. zamieszany w afer\u0119 \"Pandora gate\" trafi\u0142 do aresztu na podstawie decyzji s\u0105du w Wielkiej Brytanii.", "link": "https://www.rp.pl/prawo-karne/art39298931-stuu-w-brytyjskim-areszcie-na-podstawie-decyzji-sadu", "date_published": "2023-10-20T05:40:00+00:00", "bookmarked": false, "dead": null, "artist": "rp.pl", "album": "rp.pl", "user": null, "language": "pl-PL", "thumbnail": "https://www.rp.pl/img/logo.png"}, {"source": "https://www.rp.pl/rss_main", "title": "Prezydent Autonomii Palesty\u0144skiej nie chcia\u0142 odebra\u0107 telefonu od Bidena", "description": "Mahmud Abbas, prezydent Autonomii Palesty\u0144skiej, stoj\u0105cy na czele w\u0142adz kontroluj\u0105cych Zachodni Brzeg, odm\u00f3wi\u0142 odbycia rozmowy telefonicznej z Joe Bidenem w czasie, gdy ten przebywa\u0142 z wizyt\u0105 w Izraelu.", "link": "https://www.rp.pl/dyplomacja/art39298911-prezydent-autonomii-palestynskiej-nie-chcial-odebrac-telefonu-od-bidena", "date_published": "2023-10-20T05:38:23+00:00", "bookmarked": false, "dead": null, "artist": "rp.pl", "album": "rp.pl", "user": null, "language": "pl-PL", "thumbnail": "https://www.rp.pl/img/logo.png"}, {"source": "https://www.rp.pl/rss_main", "title": "NSA: cz\u0119\u015bciowy cel publiczny nie pozbawia gminy preferencji w VAT", "description": "Wydatki inwestycyjne na stworzenie strefy aktywno\u015bci gospodarczej daj\u0105 prawo do odliczenia VAT.", "link": "https://www.rp.pl/finanse/art39296371-nsa-czesciowy-cel-publiczny-nie-pozbawia-gminy-preferencji-w-vat", "date_published": "2023-10-20T05:23:40+00:00", "bookmarked": false, "dead": null, "artist": "rp.pl", "album": "rp.pl", "user": null, "language": "pl-PL", "thumbnail": "https://www.rp.pl/img/logo.png"}, {"source": "https://www.rp.pl/rss_main", "title": "Dawid Milczarek: Wdro\u017cenie obowi\u0105zkowego KSeF warto przesun\u0105\u0107", "description": "Setki tysi\u0119cy drobnych przedsi\u0119biorc\u00f3w nie maj\u0105 zapewne \u015bwiadomo\u015bci zbli\u017caj\u0105cych si\u0119 wyzwa\u0144.", "link": "https://www.rp.pl/opinie-prawne/art39296381-dawid-milczarek-wdrozenie-obowiazkowego-ksef-warto-przesunac", "date_published": "2023-10-20T05:19:36+00:00", "bookmarked": false, "dead": null, "artist": "rp.pl", "album": "rp.pl", "user": null, "language": "pl-PL", "thumbnail": "https://www.rp.pl/img/logo.png"}, {"source": "https://www.rp.pl/rss_main", "title": "M\u0142odzi prawnicy chc\u0105 wi\u0119cej empatii w zarz\u0105dzaniu kancelari\u0105", "description": "M\u0142odzi prawnicy, kt\u00f3rzy nie chc\u0105 pracowa\u0107 z zamkni\u0119tym w gabinecie szefem, wymusili zmiany w kancelariach.", "link": "https://www.rp.pl/zawody-prawnicze/art39296341-mlodzi-prawnicy-chca-wiecej-empatii-w-zarzadzaniu-kancelaria", "date_published": "2023-10-20T05:08:36+00:00", "bookmarked": false, "dead": null, "artist": "rp.pl", "album": "rp.pl", "user": null, "language": "pl-PL", "thumbnail": "https://www.rp.pl/img/logo.png"}, {"source": "https://www.rp.pl/rss_main", "title": "W PiS wskazuj\u0105 przyczyny wyborczej pora\u017cki: \"T\u0142uste koty\", \"jedynki\", Morawiecki", "description": "Jaros\u0142aw Kaczy\u0144ski wstrzyma\u0142 personalne rozliczenia w PiS i wzi\u0105\u0142 na siebie odpowiedzialno\u015b\u0107 za wyborczy wynik partii, ale w PiS zbli\u017ca si\u0119 czas rozlicze\u0144 - pisze Onet.", "link": "https://www.rp.pl/wybory/art39298881-w-pis-wskazuja-przyczyny-wyborczej-porazki-tluste-koty-jedynki-morawiecki", "date_published": "2023-10-20T05:07:56+00:00", "bookmarked": false, "dead": null, "artist": "rp.pl", "album": "rp.pl", "user": null, "language": "pl-PL", "thumbnail": "https://www.rp.pl/img/logo.png"}, {"source": "https://www.rp.pl/rss_main", "title": "Nie tak \u0142atwo unikn\u0105\u0107 ZUS od posi\u0142ku", "description": "Pracownik korzystaj\u0105cy z bon\u00f3w i kart \u017cywieniowych mo\u017ce by\u0107 obci\u0105\u017cony nie tylko podatkiem, ale tak\u017ce sk\u0142adkami.", "link": "https://www.rp.pl/zus/art39296361-nie-tak-latwo-uniknac-zus-od-posilku", "date_published": "2023-10-20T04:57:09+00:00", "bookmarked": false, "dead": null, "artist": "rp.pl", "album": "rp.pl", "user": null, "language": "pl-PL", "thumbnail": "https://www.rp.pl/img/logo.png"}, {"source": "https://www.rp.pl/rss_main", "title": "S\u0119dzia S\u0105du Najwy\u017cszego nie zda\u0142 testu bezstronno\u015bci", "description": "Kolejny \u201enowy\u201d s\u0119dzia powo\u0142any przy udziale obecnej Krajowej Rady S\u0105downictwa obla\u0142 test bezstronno\u015bci i niezawis\u0142o\u015bci.", "link": "https://www.rp.pl/sady-i-trybunaly/art39296321-sedzia-sadu-najwyzszego-nie-zdal-testu-bezstronnosci", "date_published": "2023-10-20T04:52:14+00:00", "bookmarked": false, "dead": null, "artist": "rp.pl", "album": "rp.pl", "user": null, "language": "pl-PL", "thumbnail": "https://www.rp.pl/img/logo.png"}, {"source": "https://www.rp.pl/rss_main", "title": "Minister obrony Izraela do \u017co\u0142nierzy: Widzicie Gaz\u0119 z daleka. Nied\u0142ugo zobaczycie od \u015brodka", "description": "- Rozkaz przyjdzie - m\u00f3wi\u0142 izraelskim \u017co\u0142nierzom stacjonuj\u0105cym na granicy Strefy Gazy minister obrony Izraela, Jo'aw Gallant sugeruj\u0105c, \u017ce wkr\u00f3tce rozpocznie si\u0119 l\u0105dowa inwazja Izraela na Stref\u0119 Gazy.", "link": "https://www.rp.pl/konflikty-zbrojne/art39298861-minister-obrony-izraela-do-zolnierzy-widzicie-gaze-z-daleka-niedlugo-zobaczycie-od-srodka", "date_published": "2023-10-20T03:53:30+00:00", "bookmarked": false, "dead": null, "artist": "rp.pl", "album": "rp.pl", "user": null, "language": "pl-PL", "thumbnail": "https://www.rp.pl/img/logo.png"}, {"source": "https://www.rp.pl/rss_main", "title": "Ameryka\u0144scy \u017co\u0142nierze atakowani na Bliskim Wschodzie", "description": "W ostatnich dniach \u017co\u0142nierze USA stacjonuj\u0105cy w Syrii i Iraku byli kilkukrotnie celem atak\u00f3w - informuj\u0105 przedstawiciele administracji USA.", "link": "https://www.rp.pl/konflikty-zbrojne/art39298841-amerykanscy-zolnierze-atakowani-na-bliskim-wschodzie", "date_published": "2023-10-20T03:33:09+00:00", "bookmarked": false, "dead": null, "artist": "rp.pl", "album": "rp.pl", "user": null, "language": "pl-PL", "thumbnail": "https://www.rp.pl/img/logo.png"}, {"source": "https://www.rp.pl/rss_main", "title": "Joe Biden ostrzega: Je\u015bli W\u0142adimir Putin nie zostanie zatrzymany mo\u017ce zagrozi\u0107 Polsce", "description": "W or\u0119dziu wyg\u0142oszonym w Gabinecie Owalnym Bia\u0142ego Domu prezydent USA Joe Biden o\u015bwiadczy\u0142, \u017ce USA musz\u0105 zwi\u0119kszy\u0107 wsparcie udzielane Ukrainie i Izraelowi, kt\u00f3re s\u0105 pogr\u0105\u017cone w nieprzewidywalnych i krwawych wojnach.", "link": "https://www.rp.pl/polityka/art39298821-joe-biden-ostrzega-jesli-wladimir-putin-nie-zostanie-zatrzymany-moze-zagrozic-polsce", "date_published": "2023-10-20T03:11:03+00:00", "bookmarked": false, "dead": null, "artist": "rp.pl", "album": "rp.pl", "user": null, "language": "pl-PL", "thumbnail": "https://www.rp.pl/img/logo.png"}, {"source": "https://www.rp.pl/rss_main", "title": "Wojna Rosji z Ukrain\u0105. Dzie\u0144 604", "description": "24 lutego 2022 roku Rosja rozpocz\u0119\u0142a pe\u0142nowymiarow\u0105 inwazj\u0119 na Ukrain\u0119. Wo\u0142odymyr Ze\u0142enski rozmawia\u0142 telefonicznie z Joe Bidenem o dalszym wsparciu militarnym USA dla Ukrainy.", "link": "https://www.rp.pl/swiat/art39298801-wojna-rosji-z-ukraina-dzien-604", "date_published": "2023-10-20T02:41:50+00:00", "bookmarked": false, "dead": null, "artist": "rp.pl", "album": "rp.pl", "user": null, "language": "pl-PL", "thumbnail": "https://www.rp.pl/img/logo.png"}, {"source": "https://www.rp.pl/rss_main", "title": "Wojna Rosji z Ukrain\u0105. Dzie\u0144 604", "description": "24 lutego 2022 roku Rosja rozpocz\u0119\u0142a pe\u0142nowymiarow\u0105 inwazj\u0119 na Ukrain\u0119. Wo\u0142odymyr Ze\u0142enski rozmawia\u0142 telefonicznie z Joe Bidenem o dalszym wsparciu militarnym USA dla Ukrainy.", "link": "https://www.rp.pl/konflikty-zbrojne/art39298801-wojna-rosji-z-ukraina-dzien-604", "date_published": "2023-10-20T02:41:00+00:00", "bookmarked": false, "dead": null, "artist": "rp.pl", "album": "rp.pl", "user": null, "language": "pl-PL", "thumbnail": "https://www.rp.pl/img/logo.png"}, {"source": "https://www.rp.pl/rss_main", "title": "\"Czas krwawego ksi\u0119\u017cyca\": Gdy chciwo\u015b\u0107 usypia sumienie", "description": "W\u00a0\u201eCzasie krwawego ksi\u0119\u017cyca\u201d Scorsese o\u00a0zbrodni wobec Indian De Niro, DiCaprio i\u00a0Gladstone pokazuj\u0105 znakomit\u0105 aktorsk\u0105 form\u0119.", "link": "https://www.rp.pl/film/art39296421-czas-krwawego-ksiezyca-gdy-chciwosc-usypia-sumienie", "date_published": "2023-10-20T01:00:00+00:00", "bookmarked": false, "dead": null, "artist": "rp.pl", "album": "rp.pl", "user": null, "language": "pl-PL", "thumbnail": "https://www.rp.pl/img/logo.png"}, {"source": "https://www.rp.pl/rss_main", "title": "Ameryka\u0144skie obligacje si\u0119gaj\u0105 rekordowych poziom\u00f3w", "description": "Dochodowo\u015b\u0107 ameryka\u0144skich papier\u00f3w dziesi\u0119cioletnich sta\u0142a si\u0119 najwy\u017csza od 2007 r. W g\u00f3r\u0119 pnie si\u0119 te\u017c ona dla d\u0142ugu kraj\u00f3w Europy Zachodniej i Japonii.", "link": "https://www.rp.pl/finanse/art39296991-amerykanskie-obligacje-siegaja-rekordowych-poziomow", "date_published": "2023-10-20T01:00:00+00:00", "bookmarked": false, "dead": null, "artist": "rp.pl", "album": "rp.pl", "user": null, "language": "pl-PL", "thumbnail": "https://www.rp.pl/img/logo.png"}, {"source": "https://www.rp.pl/rss_main", "title": "Bardzo dziwny konkurs na dyrektora Teatru im. S\u0142owackiego", "description": "\u201eZbieram wszystkie dowody \u0142amania prawa\u201d \u2013 m\u00f3wi Krzysztof G\u0142uchowski, dyrektor Teatru im. S\u0142owackiego, gdzie samorz\u0105d przeprowadza konkurs na dyrektora.", "link": "https://www.rp.pl/teatr/art39296431-bardzo-dziwny-konkurs-na-dyrektora-teatru-im-slowackiego", "date_published": "2023-10-20T01:00:00+00:00", "bookmarked": false, "dead": null, "artist": "rp.pl", "album": "rp.pl", "user": null, "language": "pl-PL", "thumbnail": "https://www.rp.pl/img/logo.png"}, {"source": "https://www.rp.pl/rss_main", "title": "Bezu\u017cyteczne prawo Jacka Sasina. Prawie nikt nie skorzysta\u0142 z martwych przepis\u00f3w", "description": "W ci\u0105gu roku od wej\u015bcia w \u017cycie reformy k.s.h. nie wida\u0107 zainteresowania tworzeniem grup kapita\u0142owych opartych na nowych regulacjach prawa holdingowego.", "link": "https://www.rp.pl/abc-firmy/art39296351-bezuzyteczne-prawo-jacka-sasina-prawie-nikt-nie-skorzystal-z-martwych-przepisow", "date_published": "2023-10-20T01:00:00+00:00", "bookmarked": false, "dead": null, "artist": "rp.pl", "album": "rp.pl", "user": null, "language": "pl-PL", "thumbnail": "https://www.rp.pl/img/logo.png"}, {"source": "https://www.rp.pl/rss_main", "title": "Bezu\u017cyteczne prawo Jacka Sasina. Przez rok nikt nie skorzysta\u0142 z martwych przepis\u00f3w", "description": "W ci\u0105gu roku od wej\u015bcia w \u017cycie reformy k.s.h. nie powsta\u0142a ani jedna grupa kapita\u0142owa oparta na nowych regulacjach.", "link": "https://www.rp.pl/abc-firmy/art39296351-bezuzyteczne-prawo-jacka-sasina-przez-rok-nikt-nie-skorzystal-z-martwych-przepisow", "date_published": "2023-10-20T01:00:00+00:00", "bookmarked": false, "dead": null, "artist": "rp.pl", "album": "rp.pl", "user": null, "language": "pl-PL", "thumbnail": "https://www.rp.pl/img/logo.png"}, {"source": "https://www.rp.pl/rss_main", "title": "B\u0142aszczak nie przekona\u0142 cywil\u00f3w do za\u0142o\u017cenia munduru", "description": "Niewiele ponad trzy procent pracownik\u00f3w cywilnych wojska zdecydowa\u0142o si\u0119 na\u0142o\u017cy\u0107 mundur wojskowy.", "link": "https://www.rp.pl/wojsko/art39296751-blaszczak-nie-przekonal-cywilow-do-zalozenia-munduru", "date_published": "2023-10-20T01:00:00+00:00", "bookmarked": false, "dead": null, "artist": "rp.pl", "album": "rp.pl", "user": null, "language": "pl-PL", "thumbnail": "https://www.rp.pl/img/logo.png"}, {"source": "https://www.rp.pl/rss_main", "title": "Dodatkowe urlopy si\u0119 nie przyj\u0119\u0142y. Eksperci wskazuj\u0105 powody", "description": "Wolne z powodu dzia\u0142ania si\u0142y wy\u017cszej oraz dodatkowy urlop opieku\u0144czy nie s\u0105 wykorzystywane.", "link": "https://www.rp.pl/prawo-pracy/art39296311-dodatkowe-urlopy-sie-nie-przyjely-eksperci-wskazuja-powody", "date_published": "2023-10-20T01:00:00+00:00", "bookmarked": false, "dead": null, "artist": "rp.pl", "album": "rp.pl", "user": null, "language": "pl-PL", "thumbnail": "https://www.rp.pl/img/logo.png"}, {"source": "https://www.rp.pl/rss_main", "title": "E-sklepy uderzone spowolnieniem w sprzeda\u017cy", "description": "Przeterminowane zad\u0142u\u017cenie firm handluj\u0105cych online przez rok wzros\u0142o niemal dwa razy bardziej ni\u017c w handlu detalicznym i przekroczy\u0142o 400 mln z\u0142.", "link": "https://www.rp.pl/handel/art39296941-e-sklepy-uderzone-spowolnieniem-w-sprzedazy", "date_published": "2023-10-20T01:00:00+00:00", "bookmarked": false, "dead": null, "artist": "rp.pl", "album": "rp.pl", "user": null, "language": "pl-PL", "thumbnail": "https://www.rp.pl/img/logo.png"}, {"source": "https://www.rp.pl/rss_main", "title": "Eksperci alarmuj\u0105: Wybory 2023 by\u0142y pe\u0142ne hejtu", "description": "Jeszcze \u017cadna kampania wyborcza nie obfitowa\u0142a w tak wiele przypadk\u00f3w mowy nienawi\u015bci, co ta ostatnia \u2013 alarmuj\u0105 eksperci.", "link": "https://www.rp.pl/wybory/art39296721-eksperci-alarmuja-wybory-2023-byly-pelne-hejtu", "date_published": "2023-10-20T01:00:00+00:00", "bookmarked": false, "dead": null, "artist": "rp.pl", "album": "rp.pl", "user": null, "language": "pl-PL", "thumbnail": "https://www.rp.pl/img/logo.png"}, {"source": "https://www.rp.pl/rss_main", "title": "Ewa Szadkowska: Wielka klapa prawa holdingowego. Biznes pokaza\u0142 czerwon\u0105 kartk\u0119 Sasinowi", "description": "Gdy za uszcz\u0119\u015bliwianie przedsi\u0119biorc\u00f3w zabieraj\u0105 si\u0119 politycy, kt\u00f3rzy nie maj\u0105 poj\u0119cia o\u00a0tym, jak funkcjonuj\u0105 sp\u00f3\u0142ki, nie ma co liczy\u0107 na cuda. W\u00a0przypadku prawa holdingowego cudem jest jednak to, \u017ce nikt nie ucierpia\u0142.", "link": "https://www.rp.pl/opinie-prawne/art39296301-ewa-szadkowska-wielka-klapa-prawa-holdingowego-biznes-pokazal-czerwona-kartke-sasinowi", "date_published": "2023-10-20T01:00:00+00:00", "bookmarked": false, "dead": null, "artist": "rp.pl", "album": "rp.pl", "user": null, "language": "pl-PL", "thumbnail": "https://www.rp.pl/img/logo.png"}, {"source": "https://www.rp.pl/rss_main", "title": "Krzysztof A. Kowalczyk: Z dziur\u0105 bud\u017cetow\u0105 Morawieckiego poradzi sobie tylko silny minister finans\u00f3w", "description": "Wymagania, jakim musi sprosta\u0107 nowy szef resortu finans\u00f3w, s\u0105 wysokie. Dlatego nie wyobra\u017cam sobie, by by\u0142 bez wp\u0142ywu na polityk\u0119 gospodarcz\u0105 pa\u0144stwa, jak dzi\u015b.", "link": "https://www.rp.pl/opinie-ekonomiczne/art39296871-krzysztof-a-kowalczyk-z-dziura-budzetowa-morawieckiego-poradzi-sobie-tylko-silny-minister-finansow", "date_published": "2023-10-20T01:00:00+00:00", "bookmarked": false, "dead": null, "artist": "rp.pl", "album": "rp.pl", "user": null, "language": "pl-PL", "thumbnail": "https://www.rp.pl/img/logo.png"}, {"source": "https://www.rp.pl/rss_main", "title": "Kto niszczy gazoci\u0105gi i kable na Ba\u0142tyku? Tajemnicze awarie", "description": "Po zniszczeniu gazoci\u0105gu Balticconnector oraz kabli telekomunikacyjnych \u0142\u0105cz\u0105cych Estoni\u0119 z\u00a0Finlandi\u0105 oraz Szwecj\u0105, na Ba\u0142tyku i\u00a0Morzu P\u00f3\u0142nocnym trwaj\u0105 poszukiwania sprawc\u00f3w.", "link": "https://www.rp.pl/konflikty-zbrojne/art39296591-kto-niszczy-gazociagi-i-kable-na-baltyku-tajemnicze-awarie", "date_published": "2023-10-20T01:00:00+00:00", "bookmarked": false, "dead": null, "artist": "rp.pl", "album": "rp.pl", "user": null, "language": "pl-PL", "thumbnail": "https://www.rp.pl/img/logo.png"}, {"source": "https://www.rp.pl/rss_main", "title": "Lewica za liberalizacj\u0105 aborcji, TD za referendum", "description": "B\u0119dziemy obstawali \u2013 tak samo jak KO \u2013 przy liberalizacji prawa aborcyjnego \u2013 zapowiada w\u00a0rozmowie #Rzeczopolityce Anna G\u00f3rska, nowo wybrana senatorka z\u00a0Lewicy.", "link": "https://www.rp.pl/polityka/art39296731-lewica-za-liberalizacja-aborcji-td-za-referendum", "date_published": "2023-10-20T01:00:00+00:00", "bookmarked": false, "dead": null, "artist": "rp.pl", "album": "rp.pl", "user": null, "language": "pl-PL", "thumbnail": "https://www.rp.pl/img/logo.png"}, {"source": "https://www.rp.pl/rss_main", "title": "Ludovic Subran: Czy Niemcy mog\u0105 przeprowadzi\u0107 reformy strukturalne", "description": "Kluczowe pytanie dzi\u015b brzmi: czy niemieccy decydenci s\u0105 w stanie wykaza\u0107 si\u0119 determinacj\u0105 i wykorzysta\u0107 obecny kryzys do przezwyci\u0119\u017cenia problem\u00f3w, kt\u00f3re naros\u0142y w ostatnich dw\u00f3ch dekadach?", "link": "https://www.rp.pl/opinie-ekonomiczne/art39296971-ludovic-subran-czy-niemcy-moga-przeprowadzic-reformy-strukturalne", "date_published": "2023-10-20T01:00:00+00:00", "bookmarked": false, "dead": null, "artist": "rp.pl", "album": "rp.pl", "user": null, "language": "pl-PL", "thumbnail": "https://www.rp.pl/img/logo.png"}, {"source": "https://www.rp.pl/rss_main", "title": "Micha\u0142 Szu\u0142drzy\u0144ski: Dlaczego PiS chce ukra\u015b\u0107 opozycji miodowy miesi\u0105c", "description": "Cho\u0107 zwyci\u0119ska koalicja dosta\u0142a historyczne 11,5 mln g\u0142os\u00f3w i ma gigantyczny mandat demokratyczny, to PiS b\u0119dzie kreowa\u0107 wra\u017cenie chaosu, k\u0142\u00f3tni i napi\u0119\u0107 w jej obozie, by nowy rz\u0105d rozpocz\u0105\u0142 urz\u0119dowanie nie na fali powyborczego tryumfu, ale w zatrutej atmosferze.", "link": "https://www.rp.pl/komentarze/art39296841-michal-szuldrzynski-pis-chce-ukrasc-opozycji-miodowy-miesiac", "date_published": "2023-10-20T01:00:00+00:00", "bookmarked": false, "dead": null, "artist": "rp.pl", "album": "rp.pl", "user": null, "language": "pl-PL", "thumbnail": "https://www.rp.pl/img/logo.png"}, {"source": "https://www.rp.pl/rss_main", "title": "Nadci\u0105ga burzliwa jesie\u0144 producent\u00f3w gier. Na co czekaj\u0105 gracze?", "description": "W ostatnim czasie na globalny rynek trafi\u0142y premiery produkcji CD Projektu i CI Games, a przed nami premiery gier 11 bit studios i PlayWaya.", "link": "https://www.rp.pl/biznes/art39296931-nadciaga-burzliwa-jesien-producentow-gier-na-co-czekaja-gracze", "date_published": "2023-10-20T01:00:00+00:00", "bookmarked": false, "dead": null, "artist": "rp.pl", "album": "rp.pl", "user": null, "language": "pl-PL", "thumbnail": "https://www.rp.pl/img/logo.png"}, {"source": "https://www.rp.pl/rss_main", "title": "Netflix zn\u00f3w ro\u015bnie jak w pandemii. Rosn\u0105 te\u017c ceny, a abonenci p\u0142ac\u0105 mniej", "description": "Streamingowa platforma w trzy miesi\u0105ce zyska\u0142a prawie 9 mln abonent\u00f3w. Cho\u0107 ci\u0105gle s\u0142ycha\u0107, \u017ce podnosi ceny, to jej przeci\u0119tny abonent p\u0142aci mniej. To koszt walki ze sp\u00f3\u0142dzielniami kont i rozwoju biznesu reklamowego.", "link": "https://www.rp.pl/media/art39296911-netflix-znow-rosnie-jak-w-pandemii-rosna-tez-ceny-a-abonenci-placa-mniej", "date_published": "2023-10-20T01:00:00+00:00", "bookmarked": false, "dead": null, "artist": "rp.pl", "album": "rp.pl", "user": null, "language": "pl-PL", "thumbnail": "https://www.rp.pl/img/logo.png"}, {"source": "https://www.rp.pl/rss_main", "title": "Orange Polska wyra\u017anie wyhamowa\u0142. W czym le\u017cy problem firmy", "description": "Problem firmy le\u017cy z jednej strony w spowolnieniu wzrostu wp\u0142yw\u00f3w ze sprzeda\u017cy smartfon\u00f3w, a z drugiej w braku albo przesuni\u0119ciu kontrakt\u00f3w informatycznych sp\u00f3\u0142ek nale\u017c\u0105cych do Orange Polska na IV kwarta\u0142.", "link": "https://www.rp.pl/biznes/art39296921-orange-polska-wyraznie-wyhamowal-w-czym-lezy-problem-firmy", "date_published": "2023-10-20T01:00:00+00:00", "bookmarked": false, "dead": null, "artist": "rp.pl", "album": "rp.pl", "user": null, "language": "pl-PL", "thumbnail": "https://www.rp.pl/img/logo.png"}, {"source": "https://www.rp.pl/rss_main", "title": "Pacjent ma prawo do dobrego menu", "description": "Dobre od\u017cywianie pacjenta ma kluczowe znaczenie dla przebiegu procesu leczenia szpitalnego.", "link": "https://www.rp.pl/diagnostyka-i-terapie/art39296411-pacjent-ma-prawo-do-dobrego-menu", "date_published": "2023-10-20T01:00:00+00:00", "bookmarked": false, "dead": null, "artist": "rp.pl", "album": "rp.pl", "user": null, "language": "pl-PL", "thumbnail": "https://www.rp.pl/img/logo.png"}, {"source": "https://www.rp.pl/rss_main", "title": "PiS zostawia finanse w marnym stanie. Rekordowa dziura i ogromny wzrost d\u0142ugu", "description": "Kulej\u0105ce dochody z podatk\u00f3w, ogromne wydatki sztywne i rekordowo wysoki deficyt \u2013 to kondycja finans\u00f3w pa\u0144stwa, jak\u0105 zostawia swoim nast\u0119pcom obecna w\u0142adza.", "link": "https://www.rp.pl/budzet-i-podatki/art39296881-pis-zostawia-finanse-w-marnym-stanie-rekordowa-dziura-i-ogromny-wzrost-dlugu", "date_published": "2023-10-20T01:00:00+00:00", "bookmarked": false, "dead": null, "artist": "rp.pl", "album": "rp.pl", "user": null, "language": "pl-PL", "thumbnail": "https://www.rp.pl/img/logo.png"}, {"source": "https://www.rp.pl/rss_main", "title": "Polskie firmy coraz bardziej cyfrowe. Zw\u0142aszcza du\u017ce", "description": "Pandemia wp\u0142yn\u0119\u0142a na przyspieszenie cyfryzacji przedsi\u0119biorstw nad Wis\u0142\u0105, ale nadal daleko im do Zachodu.", "link": "https://www.rp.pl/biznes/art39296901-polskie-firmy-coraz-bardziej-cyfrowe-zwlaszcza-duze", "date_published": "2023-10-20T01:00:00+00:00", "bookmarked": false, "dead": null, "artist": "rp.pl", "album": "rp.pl", "user": null, "language": "pl-PL", "thumbnail": "https://www.rp.pl/img/logo.png"}, {"source": "https://www.rp.pl/rss_main", "title": "Prezydenci bezrobotni, bo zostali parlamentarzystami", "description": "Kilkunastu samorz\u0105dowc\u00f3w odchodzi do Sejmu i Senatu. Skomplikowana sytuacja jest na \u015al\u0105sku, bo wojewoda, kt\u00f3ry wyznacza komisarzy, r\u00f3wnie\u017c zosta\u0142 parlamentarzyst\u0105.", "link": "https://www.rp.pl/wybory/art39296781-prezydenci-bezrobotni-bo-zostali-parlamentarzystami", "date_published": "2023-10-20T01:00:00+00:00", "bookmarked": false, "dead": null, "artist": "rp.pl", "album": "rp.pl", "user": null, "language": "pl-PL", "thumbnail": "https://www.rp.pl/img/logo.png"}, {"source": "https://www.rp.pl/rss_main", "title": "Rosja straszy Armeni\u0119. \"Ukraina nr 3\"", "description": "W\u0142adze w\u00a0Erywaniu coraz bardziej sugeruj\u0105, \u017ce chc\u0105 zbli\u017cenia z\u00a0Zachodem. W\u00a0Moskwie Ormianom wr\u00f3\u017c\u0105 los Ukrai\u0144c\u00f3w.", "link": "https://www.rp.pl/polityka/art39296701-rosja-straszy-armenie-ukraina-nr-3", "date_published": "2023-10-20T01:00:00+00:00", "bookmarked": false, "dead": null, "artist": "rp.pl", "album": "rp.pl", "user": null, "language": "pl-PL", "thumbnail": "https://www.rp.pl/img/logo.png"}, {"source": "https://www.rp.pl/rss_main", "title": "Rusza nowy sezon PlusLigi. Trudne \u017cycie gwiazd", "description": "Startuje nowy sezon PlusLigi. Faworyci s\u0105 powszechnie znani, ale przynajmniej na pocz\u0105tku rozgrywek nie powinno zabrakn\u0105\u0107 niespodzianek.", "link": "https://www.rp.pl/siatkowka/art39296391-rusza-nowy-sezon-plusligi-trudne-zycie-gwiazd", "date_published": "2023-10-20T01:00:00+00:00", "bookmarked": false, "dead": null, "artist": "rp.pl", "album": "rp.pl", "user": null, "language": "pl-PL", "thumbnail": "https://www.rp.pl/img/logo.png"}, {"source": "https://www.rp.pl/rss_main", "title": "Tragiczny wypadek na A1. Czy kto\u015b kry\u0142 kierowc\u0119?", "description": "Mog\u0142o doj\u015b\u0107 do nadu\u017cy\u0107 po tragedii na A1. S\u0105 bowiem dwie policyjne notatki, kt\u00f3re wzajemnie sobie przecz\u0105 \u2013 ustali\u0142a \u201eRz\u201d.", "link": "https://www.rp.pl/przestepczosc/art39296821-tragiczny-wypadek-na-a1-czy-ktos-kryl-kierowce", "date_published": "2023-10-20T01:00:00+00:00", "bookmarked": false, "dead": null, "artist": "rp.pl", "album": "rp.pl", "user": null, "language": "pl-PL", "thumbnail": "https://www.rp.pl/img/logo.png"}, {"source": "https://www.rp.pl/rss_main", "title": "W MSZ strach przed resetem. Kto straci stanowisko?", "description": "Ambasadorowie dziel\u0105 si\u0119 na tych, kt\u00f3rych jeszcze chwil\u0119 obroni prezydent Duda, i\u00a0tych, kt\u00f3rzy tej os\u0142ony nie maj\u0105.", "link": "https://www.rp.pl/dyplomacja/art39296711-w-msz-strach-przed-resetem-kto-straci-stanowisko", "date_published": "2023-10-20T01:00:00+00:00", "bookmarked": false, "dead": null, "artist": "rp.pl", "album": "rp.pl", "user": null, "language": "pl-PL", "thumbnail": "https://www.rp.pl/img/logo.png"}, {"source": "https://www.rp.pl/rss_main", "title": "Wielka gra wok\u00f3\u0142 PSL. \"\u017badnych rozm\u00f3w z PiS-em\"", "description": "Prawo i Sprawiedliwo\u015b\u0107 nie poddaje si\u0119 i podejmie pr\u00f3b\u0119 stworzenia rz\u0105du w pierwszym kroku konstytucyjnym. Potrzebuje jednak koalicjanta. Czy przekona cz\u0119\u015b\u0107 obecnej opozycji?", "link": "https://www.rp.pl/wybory/art39296851-wielka-gra-wokol-psl-zadnych-rozmow-z-pis-em", "date_published": "2023-10-20T01:00:00+00:00", "bookmarked": false, "dead": null, "artist": "rp.pl", "album": "rp.pl", "user": null, "language": "pl-PL", "thumbnail": "https://www.rp.pl/img/logo.png"}, {"source": "https://www.rp.pl/rss_main", "title": "Firma posiada nieruchomo\u015bci rolne? B\u0119d\u0105 (wi\u0119ksze) problemy", "description": "Nowelizacja ustawy o kszta\u0142towaniu ustroju rolnego, kt\u00f3ra wesz\u0142a w \u017cycie 5 pa\u017adziernika, mia\u0142a doprecyzowa\u0107 obowi\u0105zuj\u0105ce przepisy, ale zaostrzy\u0142a je ograniczaj\u0105c jeszcze bardziej obr\u00f3t nieruchomo\u015bciami rolnymi. Zmiany szczeg\u00f3lnie odczuj\u0105 fundacje rodzinne i grupy kapita\u0142owe. Nowe obowi\u0105zki ustawa nak\u0142ada te\u017c na notariuszy.", "link": "https://www.rp.pl/finanse/art39291621-firma-posiada-nieruchomosci-rolne-beda-wieksze-problemy", "date_published": "2023-10-20T00:00:00+00:00", "bookmarked": false, "dead": null, "artist": "rp.pl", "album": "rp.pl", "user": null, "language": "pl-PL", "thumbnail": "https://www.rp.pl/img/logo.png"}, {"source": "https://www.rp.pl/rss_main", "title": "Ograniczenia w zawieraniu um\u00f3w z\u00a0cz\u0142onkami zarz\u0105du w sp\u00f3\u0142kach kapita\u0142owych", "description": "Przy zawieraniu um\u00f3w pomi\u0119dzy sp\u00f3\u0142k\u0105 kapita\u0142ow\u0105, a cz\u0142onkami zarz\u0105du, sp\u00f3\u0142k\u0119 powinna reprezentowa\u0107 rada nadzorcza lub pe\u0142nomocnik. Sankcj\u0105 jest niewa\u017cno\u015b\u0107 wadliwie podpisanej umowy.", "link": "https://www.rp.pl/abc-firmy/art39291641-ograniczenia-w-zawieraniu-umow-z-czlonkami-zarzadu-w-spolkach-kapitalowych", "date_published": "2023-10-20T00:00:00+00:00", "bookmarked": false, "dead": null, "artist": "rp.pl", "album": "rp.pl", "user": null, "language": "pl-PL", "thumbnail": "https://www.rp.pl/img/logo.png"}, {"source": "https://www.rp.pl/rss_main", "title": "Przetargi pod lup\u0105 prokuratora", "description": "Nowelizacja kodeksu karnego, kt\u00f3ra obowi\u0105zuje od 1 pa\u017adziernika br. wprowadzi\u0142a istotne zmiany w zakresie przest\u0119pstw przetargowych. Pole kryminalizacji jest szersze, a kary surowsze. Zmiany rodz\u0105 bardzo du\u017ce ryzyka karnoprawne dla os\u00f3b wyst\u0119puj\u0105cych w przetargach i post\u0119powaniach o udzielenie zam\u00f3wienia publicznego.", "link": "https://www.rp.pl/abc-firmy/art39291631-przetargi-pod-lupa-prokuratora", "date_published": "2023-10-20T00:00:00+00:00", "bookmarked": false, "dead": null, "artist": "rp.pl", "album": "rp.pl", "user": null, "language": "pl-PL", "thumbnail": "https://www.rp.pl/img/logo.png"}]