[{"source": "https://www.theverge.com/rss/index.xml", "title": "My six-month dive into podcasting\u2019s very chaotic year", "description": "<figure>\n      <img alt=\"Illustration of an audio sound wave\" src=\"https://cdn.vox-cdn.com/thumbor/rsap8gZXdKIVUdY-SZjRxJaygSc=/0x0:2040x1360/1310x873/cdn.vox-cdn.com/uploads/chorus_image/image/72777988/VRG_Illo_STK427_Podcasting_playbars.0.jpg\" />\n        <figcaption>Illustration by Kristen Radtke / The Verge; Getty Images</figcaption>\n    </figure>\n\n  <p id=\"3FcWvx\"><em>This is </em>Hot Pod<em>, </em>The Verge\u2019<em>s newsletter about podcasting and the audio industry. Sign up </em><a href=\"https://www.theverge.com/pages/hot-pod-podcast-audio-newsletter\"><em>here</em></a><em> for more.</em></p>\n<p id=\"PzIDC8\">Well, this is a weird email to write \u2014 today is<em> technically</em> my last day at <em>Hot Pod</em>. But you\u2019ll still see my byline around from time to time because I\u2019m joining <em>The Verge</em>\u2019s news team in November. Starting next week, the newsletter will entirely be back in the very capable hands of lead <em>Hot Pod</em> reporter Ariel Shapiro. Although I\u2019m sad to leave, ", "link": "https://www.theverge.com/2023/10/20/23925917/youtube-hot-pod-goodbye-podcasting-bust", "date_published": "2023-10-20T22:00:08+00:00", "bookmarked": false, "dead": null, "artist": "The Verge", "album": "The Verge", "user": null, "language": "en-US", "thumbnail": null}, {"source": "https://www.theverge.com/rss/index.xml", "title": "Friday news dumps: all the news companies hoped you wouldn\u2019t notice", "description": "<figure>\n      <img alt=\"A cartoon illustration shows a shadowy figure carrying off a red directory folder, which has a surprised-looking face on its side.\" src=\"https://cdn.vox-cdn.com/thumbor/IBCE98JT47tz0YKG1r8B3KMpjXk=/0x0:2040x1360/1310x873/cdn.vox-cdn.com/uploads/chorus_image/image/72777908/VRG_Illo_STK001_B_Sala_Hacker.0.jpg\" />\n        <figcaption>Illustration: Beatrice Sala</figcaption>\n    </figure>\n\n  <p>Here\u2019s where we\u2019ll keep track of late-in-the-week news companies really wish you wouldn\u2019t read.</p>\n  <p>\n    <a href=\"https://www.theverge.com/2023/10/20/23925862/friday-bad-news-dumps-companies\">Continue reading&hellip;</a>\n  </p>", "link": "https://www.theverge.com/2023/10/20/23925862/friday-bad-news-dumps-companies", "date_published": "2023-10-20T21:40:57+00:00", "bookmarked": false, "dead": null, "artist": "The Verge", "album": "The Verge", "user": null, "language": "en-US", "thumbnail": null}, {"source": "https://www.theverge.com/rss/index.xml", "title": "Pixel 8 Pro teardown exposes its temperature sensor and a sticky battery setup", "description": "<figure>\n      <img alt=\"An image showing the internals of a Pixel 8 Pro\" src=\"https://cdn.vox-cdn.com/thumbor/h3Iytnd_kD5TJyJJH9mmvkK5viM=/251x0:2366x1410/1310x873/cdn.vox-cdn.com/uploads/chorus_image/image/72777703/pixel_8_pro_teardown.0.png\" />\n        <figcaption>Image: iFixit <a class=\"ql-link\" href=\"https://youtu.be/aVm8S0EFKEw?si=2_lIip43fogv_G97\" target=\"_blank\">via YouTube</a></figcaption>\n    </figure>\n\n  <p id=\"vUKhaT\">We\u2019ve already seen a teardown of the <a href=\"https://www.theverge.com/2023/10/4/23903597/pixel-8-teardown-video-google\">standard Pixel 8 model</a>, but now <a href=\"https://youtu.be/aVm8S0EFKEw?si=xzrpq_uss8lswBH_\">iFixit has taken apart the $999 Pixel 8 Pro</a>, offering a close look at the new temperature sensing tech that lives beneath the phone\u2019s display.</p>\n<p id=\"5TznEP\">iFixit\u2019s Shahram Mokhtari starts by removing the <a href=\"https://www.theverge.com/23900556/google-pixel-8-pro-hands-on-specs-price-launch\">Pixel 8 Pro\u2019s</a> screen using a heating m", "link": "https://www.theverge.com/2023/10/20/23925722/ifixit-pixel-8-pro-teardown-temperature-reader", "date_published": "2023-10-20T20:53:42+00:00", "bookmarked": false, "dead": null, "artist": "The Verge", "album": "The Verge", "user": null, "language": "en-US", "thumbnail": null}, {"source": "https://www.theverge.com/rss/index.xml", "title": "The Cybertruck\u2019s VINs reveal clues about the long-delayed truck", "description": "<figure>\n      <img alt=\"Photo of a prototype Cybertruck.\" src=\"https://cdn.vox-cdn.com/thumbor/18UUrU4I07_pNU70JD0sGbpqKeQ=/0x0:2040x1360/1310x873/cdn.vox-cdn.com/uploads/chorus_image/image/72777669/sokane_191112_3807_8438.0.jpg\" />\n        <figcaption><em>How many motors have you got?</em> | Photo by Sean O\u2019Kane / The Verge</figcaption>\n    </figure>\n\n  <p id=\"kbyN0U\">Tesla\u2019s Cybertruck is finally nearing its <a href=\"https://www.theverge.com/2023/10/18/23923048/tesla-cybertruck-ev-pickup-delivery-date-november-30\">first delivery event on November 30th</a>, and yet we still don\u2019t have key details on configurations, prices, and other specifications of the unconventionally designed pickup truck. </p>\n<p id=\"xoJNww\">But today, we got some insight for the launch, including initial Cybertruck powertrain options and Gross Vehicle Weight Rating (GVWR), thanks to new VIN info from the National Highway and Traffic Safety Administration (NHTSA).</p>\n<p id=\"4XfJQ3\">A required VIN decoder subm", "link": "https://www.theverge.com/2023/10/20/23925647/tesla-cybertruck-vin-number-decoder-powertrain-dual-triple-motor-gvwr", "date_published": "2023-10-20T20:41:44+00:00", "bookmarked": false, "dead": null, "artist": "The Verge", "album": "The Verge", "user": null, "language": "en-US", "thumbnail": null}, {"source": "https://www.theverge.com/rss/index.xml", "title": "Frying pan company sued for claiming temperatures that rival the Sun", "description": "<figure>\n      <img alt=\"An image showing a SharkNinja pan getting heated to 30,000 degrees Fahrenheit\" src=\"https://cdn.vox-cdn.com/thumbor/ttToCRjAnI_Lcsl2AchyETu5SBg=/0x298:1236x1122/1310x873/cdn.vox-cdn.com/uploads/chorus_image/image/72777069/sharkninja_pans.0.png\" />\n        <figcaption>Image: SharkNinja</figcaption>\n    </figure>\n\n  <p id=\"PWvq2w\">Can you heat up a pan to 30,000 degrees Fahrenheit? That\u2019s the burning question at the center of <a href=\"https://www.documentcloud.org/documents/24064606-patricia-brown-vs-sharkninja?responsive=1&amp;title=1\">this proposed class action lawsuit</a>, which claims the advertising for SharkNinja\u2019s nonstick cookware violates the laws of physics and thermodynamics.</p>\n<p id=\"hSYOKr\">While SharkNinja is the company best known for its Shark robovacs and Ninja kitchen gadget, this lawsuit takes issue with the Ninja NeverStick Premium Cookware collection, a line of pots and pans it advertises as having superior nonsticking and nonflaking qual", "link": "https://www.theverge.com/2023/10/20/23925424/sharkninja-lawsuit-frying-pan-temperatures-hotter-than-sun", "date_published": "2023-10-20T17:58:17+00:00", "bookmarked": false, "dead": null, "artist": "The Verge", "album": "The Verge", "user": null, "language": "en-US", "thumbnail": null}, {"source": "https://www.theverge.com/rss/index.xml", "title": "\u2018Nothing is changing\u2019: Reddit flatly denies report that it might wall off its content", "description": "<figure>\n      <img alt=\"The Reddit logo over an orange and black background\" src=\"https://cdn.vox-cdn.com/thumbor/xw0GWcIkTMT7bPUcjoRFIRdSqkI=/0x0:2040x1360/1310x873/cdn.vox-cdn.com/uploads/chorus_image/image/72777063/acastro_STK024_02.0.jpg\" />\n        <figcaption>Illustration by Alex Castro / The Verge</figcaption>\n    </figure>\n\n  <p id=\"VQQ2ML\"><em>The Washington Post</em> <a href=\"https://www.washingtonpost.com/technology/2023/10/20/artificial-intelligence-battle-online-data/\">reported Friday</a> that Reddit might cut off Google and force users to log in to Reddit itself to read anything if it can\u2019t reach deals with generative AI companies to pay for its data. But the company tells <em>The Verge</em> that\u2019s not true. \u201cNothing is changing,\u201d says Reddit spokesperson Courtney Geesey-Dorr.</p>\n<p id=\"Va5fBc\"><em>The Washington Post\u2019s</em> report wasn\u2019t just focused on Reddit \u2014 it\u2019s about how more than 535 news organizations have opted to <a href=\"https://www.theverge.com/2023/8/21/", "link": "https://www.theverge.com/2023/10/20/23925504/reddit-deny-force-log-in-see-posts-ai-companies-deals", "date_published": "2023-10-20T17:55:35+00:00", "bookmarked": false, "dead": null, "artist": "The Verge", "album": "The Verge", "user": null, "language": "en-US", "thumbnail": null}, {"source": "https://www.theverge.com/rss/index.xml", "title": "Dbrand\u2019s Steam Deck case is fixed \u2014 and there\u2019s a ROG Ally version now", "description": "<figure>\n      <img alt=\"A portable gaming PC with joysticks and buttons black\" src=\"https://cdn.vox-cdn.com/thumbor/pfmEYdkZm1L8qvrjXsqH23fPcCk=/0x0:2100x1400/1310x873/cdn.vox-cdn.com/uploads/chorus_image/image/72776869/rog_ally_killswitch_2.0.jpg\" />\n        <figcaption><em>The Asus ROG Ally handheld PC in a Dbrand Killswitch case.</em> | Images: Dbrand</figcaption>\n    </figure>\n\n  <p id=\"0yvj95\">Your <a href=\"https://www.theverge.com/23719210/asus-rog-ally-review\">Asus ROG Ally</a> gaming handheld is brilliantly white, and <em>that will not stand:</em> you\u2019ve decided your gadgets must be black. Or... maybe you just want a rugged case that\u2019ll survive a drop or three? Either way, Dbrand thinks it\u2019s got what you need \u2014 a $60 <a href=\"https://www.anrdoezrs.net/links/8532386/type/dlg/sid/verge/https://dbrand.com/shop/rog-ally-killswitch\" rel=\"sponsored nofollow noopener\" target=\"_blank\">Killswitch case</a> like the one it makes for the Steam Deck that\u2019ll ship early next year.</p>\n<p i", "link": "https://www.theverge.com/2023/10/20/23924719/dbrand-killswitch-asus-rog-ally-steam-deck-update", "date_published": "2023-10-20T17:00:00+00:00", "bookmarked": false, "dead": null, "artist": "The Verge", "album": "The Verge", "user": null, "language": "en-US", "thumbnail": null}, {"source": "https://www.theverge.com/rss/index.xml", "title": "Faze Clan acquired for $17 million, one year after its $725 million SPAC", "description": "<figure>\n      <img alt=\"Five Faze Clan participants in celebration with one holding up trophy as confetti drops and champions banner displays above\" src=\"https://cdn.vox-cdn.com/thumbor/55dXbUdM_Jx0ttKJwIShaj0lRuU=/0x0:1920x1280/1310x873/cdn.vox-cdn.com/uploads/chorus_image/image/72776800/F8kJsqDWEAAZeOz.0.jpeg\" />\n        <figcaption><em>Faze Clan team winning Halo World Championship 2023.</em> | Image: Faze Clan <a class=\"ql-link\" href=\"https://twitter.com/FaZeClan/status/1713912307363766355/photo/1\" target=\"_blank\">via X</a></figcaption>\n    </figure>\n\n  <p id=\"CAp6Jv\">Gaming analytics and esports brand company Gamesquare, which counts Dallas Cowboys owner Jerry Jones as one of its investors, <a href=\"https://investors.gamesquare.com/news/news-details/2023/GameSquare-To-Acquire-One-of-the-Biggest-Names-in-Gaming-FaZe-Clan/default.aspx\">is acquiring</a> the struggling gaming influencer group Faze Clan. The all-stock deal is worth about $17 million, <a href=\"https://www.bloomberg.c", "link": "https://www.theverge.com/2023/10/20/23925149/faze-clan-gamesquare-acquisition", "date_published": "2023-10-20T16:34:57+00:00", "bookmarked": false, "dead": null, "artist": "The Verge", "album": "The Verge", "user": null, "language": "en-US", "thumbnail": null}, {"source": "https://www.theverge.com/rss/index.xml", "title": "Marvel\u2019s Spider-Man 2 is already on sale with a $10 PlayStation Store gift card", "description": "<figure>\n      <img alt=\"A close-up image of Spider-Man swinging through New York City during sunset.\" src=\"https://cdn.vox-cdn.com/thumbor/nuG2CFecKQgN2eZAAYM3WZ1Tz4E=/0x0:1612x1075/1310x873/cdn.vox-cdn.com/uploads/chorus_image/image/72776787/Marvel_s_Spider_Man_2_Press_Image.0.jpg\" />\n        <figcaption><em>If </em>Spider-Man: Into the Spider-Verse<em>&nbsp;taught us anything, it\u2019s that two spider-men are better than one.</em> | Image: Sony Interactive Entertainment</figcaption>\n    </figure>\n\n  <p id=\"In7uD8\">There are few types of deals better than a launch day promo, especially when it concerns a sequel that has been five years in the making. Thankfully for those looking to delve back into the sunset-tinged world of <em><strong>Marvel\u2019s Spider-Man 2</strong></em>, Insomniac\u2019s latest action-adventure title for the PlayStation 5 is <a href=\"https://click.linksynergy.com/deeplink?id=nOD%2FrLJHOac&amp;mid=44583&amp;u1=verge&amp;murl=https%3A%2F%2Fwww.newegg.com%2Fp%2FN82E1687909700", "link": "https://www.theverge.com/2023/10/20/23923933/marvels-spider-man-2-apple-m2-macbook-air-oneplus-open-deal-sale", "date_published": "2023-10-20T16:33:18+00:00", "bookmarked": false, "dead": null, "artist": "The Verge", "album": "The Verge", "user": null, "language": "en-US", "thumbnail": null}, {"source": "https://www.theverge.com/rss/index.xml", "title": "That bad King Kong game was only in development for a year", "description": "<figure>\n      <img alt=\"Screenshot from Skull Island: Rise of Kong featuring gorilla King Kong in a jungle making a threatening display.\" src=\"https://cdn.vox-cdn.com/thumbor/FNB4ZL-hDlNBgUfq-lkIM3yD5u0=/0x0:1458x972/1310x873/cdn.vox-cdn.com/uploads/chorus_image/image/72776748/Screen_Shot_2023_10_20_at_11.08.06_AM.0.png\" />\n        <figcaption>Image: GameMill Entertainment</figcaption>\n    </figure>\n\n\n  \t\t <p>According to developers who worked on the project, Skull Island: Rise of Kong only had a year\u2019s worth of development time.</p>\n  <p>\n    <a href=\"https://www.theverge.com/2023/10/20/23925326/skull-island-rise-of-kong-development-gamemill-entertainment\">Continue reading&hellip;</a>\n  </p>", "link": "https://www.theverge.com/2023/10/20/23925326/skull-island-rise-of-kong-development-gamemill-entertainment", "date_published": "2023-10-20T16:24:49+00:00", "bookmarked": false, "dead": null, "artist": "The Verge", "album": "The Verge", "user": null, "language": "en-US", "thumbnail": null}, {"source": "https://www.theverge.com/rss/index.xml", "title": "Even Super Mario Bros. Wonder\u2019s approach to difficulty is playful", "description": "<figure>\n      <img alt=\"A screenshot from the video game Super Mario Bros. Wonder, in which Mario uses a vine like a grappling hook.\" src=\"https://cdn.vox-cdn.com/thumbor/QjwX-7-JWx4lKNUpd20v9wsHfs0=/150x0:1770x1080/1310x873/cdn.vox-cdn.com/uploads/chorus_image/image/72776278/SMB_Wonder_6.0.png\" />\n        <figcaption><em>One of the unlockable badges basically gives you a grappling hook.</em> | Image: Nintendo</figcaption>\n    </figure>\n\n  <p id=\"09GqcQ\">When it comes to difficulty, most games like to put you in a bucket. At the start of the experience, you have to choose whether you want to play on a hard or easy mode, and usually, over the course of the game, you can move between these as you see fit, which is good because it\u2019s hard to really know what mode is right for you at the beginning. <a href=\"https://www.theverge.com/23920647/super-mario-bros-wonder-review-nintendo-switch\"><em>Super Mario Bros. Wonder</em></a> doesn\u2019t force you to make this decision. It doesn\u2019t have tradit", "link": "https://www.theverge.com/2023/10/20/23924272/super-mario-bros-wonder-difficulty-nintendo-switch", "date_published": "2023-10-20T15:00:00+00:00", "bookmarked": false, "dead": null, "artist": "The Verge", "album": "The Verge", "user": null, "language": "en-US", "thumbnail": null}, {"source": "https://www.theverge.com/rss/index.xml", "title": "Brave browser installs a VPN service on Windows whether you want it or not", "description": "<figure>\n      <img alt=\"Illustration of Brave logo\" src=\"https://cdn.vox-cdn.com/thumbor/C4Ii9Y8EhQGW-ywJMO3v87k38RE=/0x0:2040x1360/1310x873/cdn.vox-cdn.com/uploads/chorus_image/image/72776198/acastro_STK036_04.0.jpg\" />\n        <figcaption><em>Your private web browser might have come with a side of unwanted VPN service downloads.</em> | Illustration by Alex Castro / The Verge</figcaption>\n    </figure>\n\n  <p id=\"IQZDqy\"><a href=\"https://www.theverge.com/2020/2/14/21128019/brave-privacy-tools-private-network-browser-settings-security\">Brave\u2019s privacy-centric browser</a> has been downloading VPN services to some customers\u2019 computers without their consent. <a href=\"https://www.ghacks.net/2023/10/18/brave-is-installing-vpn-services-without-user-consent/\">Noted by <em>Ghacks</em></a>, starting in 2022, downloading Brave to a Windows PC meant you were also downloading <a href=\"https://brave.com/firewall-vpn/\">the company\u2019s VPN service</a>, regardless of whether you wanted it. The Firewal", "link": "https://www.theverge.com/2023/10/20/23925192/brave-browser-vpn-windows-11", "date_published": "2023-10-20T14:37:10+00:00", "bookmarked": false, "dead": null, "artist": "The Verge", "album": "The Verge", "user": null, "language": "en-US", "thumbnail": null}, {"source": "https://www.theverge.com/rss/index.xml", "title": "Inside Discord\u2019s reform movement for banned users", "description": "<figure>\n      <img alt=\"The Discord logo.\" src=\"https://cdn.vox-cdn.com/thumbor/78MxuAIhyQ9PpStExsfAjpYVyRg=/0x0:2040x1360/1310x873/cdn.vox-cdn.com/uploads/chorus_image/image/72776163/acastro_STK062_02.0.jpg\" />\n        <figcaption>Illustration by Alex Castro / The Verge</figcaption>\n    </figure>\n\n  <p id=\"M0kxyv\"><em>This is </em>Platformer<em>, a newsletter on the intersection of Silicon Valley and democracy from Casey Newton and Zo\u00eb Schiffer. </em><a href=\"https://www.platformer.news/\"><em>Sign up here</em></a><em>.</em></p>\n<hr class=\"p-entry-hr\" id=\"DkZKAQ\" />\n<p id=\"TIV4F5\">Today, let\u2019s talk about how the traditional platform justice system is seeing signs of a new reform movement. If it\u2019s successful at Discord, its backers hope that the initiative could lead to better behavior around the web. </p>\n<p id=\"o8rBvU\"><strong>I.</strong></p>\n<p id=\"u8gbee\">Discord\u2019s San Francisco campus is a tech company headquarters like many others, with its open-plan office, well stocked micro-", "link": "https://www.theverge.com/2023/10/20/23925119/discord-moderation-reform-rehabilitation-users-servers", "date_published": "2023-10-20T14:30:00+00:00", "bookmarked": false, "dead": null, "artist": "The Verge", "album": "The Verge", "user": null, "language": "en-US", "thumbnail": null}, {"source": "https://www.theverge.com/rss/index.xml", "title": "How to use Apple\u2019s Conversation Awareness mode on the AirPods Pro", "description": "<figure>\n      <img alt=\"An illustration of Apple\u2019s AirPods Pro earbuds.\" src=\"https://cdn.vox-cdn.com/thumbor/8JbG0cBLRVnOekJW9hSbH0o_Qm0=/0x0:2040x1360/1310x873/cdn.vox-cdn.com/uploads/chorus_image/image/72776145/HT015_S_Haddad_airpods_pro.0.jpg\" />\n        <figcaption>Illustration by Samar Haddad / The Verge</figcaption>\n    </figure>\n\n  <p id=\"STzOLc\">Chatting with someone while wearing your AirPods Pro has never been difficult: all it takes is a quick press-and-hold of the earbuds\u2019 stem to activate transparency mode, and then it\u2019s easy to hear anyone in your vicinity. But now Apple is taking things a step further and attempting to remove any and all friction from interacting with other people. This fall, the company rolled out a new feature called Conversation Awareness to the second-generation AirPods Pro. </p>\n<p id=\"IE89eb\">When you enable this setting, the earbuds will detect whenever you\u2019ve started speaking. And once you do, the volume of your music will automatically get d", "link": "https://www.theverge.com/23924206/apple-airpods-pro-conversation-awareness-how-to-use", "date_published": "2023-10-20T14:23:32+00:00", "bookmarked": false, "dead": null, "artist": "The Verge", "album": "The Verge", "user": null, "language": "en-US", "thumbnail": null}, {"source": "https://www.theverge.com/rss/index.xml", "title": "In Super Mario Bros. Wonder, Mario\u2019s personality finally comes through", "description": "<figure>\n      <img alt=\"Screenshot from Super Mario Bros. Wonder featuring a sassy-looking Mario in his elephant form staring at the camera from over his shoulder.\" src=\"https://cdn.vox-cdn.com/thumbor/lpo9n9vYty9BLTVZxuvbOq-4r08=/100x0:1180x720/1310x873/cdn.vox-cdn.com/uploads/chorus_image/image/72775893/F80E8ASbUAAMFg9.0.jpeg\" />\n        <figcaption>Image: Nintendo</figcaption>\n    </figure>\n\n  <p id=\"NKoEzF\">Even though he doesn\u2019t speak, in <em>Super Mario Bros. Wonder,</em> Mario says more than he ever has in any game previous. Beyond his \u201cwahoos\u201d and \u201cokey dokeys,\u201d this Mario has a real personality, facilitated by a suite of power-ups and Nintendo\u2019s meticulous attention to detail. Though we\u2019ve seen a bit of this new personality <a href=\"https://www.theverge.com/23669598/super-mario-bros-movie-review\">in the movie</a>, the Mario in <em>Wonder</em> is the most expressive I\u2019ve ever seen him, reinventing a character that has largely remained a blank-ish slate for the last 30 years.", "link": "https://www.theverge.com/2023/10/20/23922848/super-mario-bros-wonder-power-ups-mario-personality", "date_published": "2023-10-20T13:30:00+00:00", "bookmarked": false, "dead": null, "artist": "The Verge", "album": "The Verge", "user": null, "language": "en-US", "thumbnail": null}, {"source": "https://www.theverge.com/rss/index.xml", "title": "How to use the Pixel 8\u2019s Best Take to pick your favorite faces in group photos", "description": "<figure>\n      <img alt=\"Hand holding Android phone against illustrated background\" src=\"https://cdn.vox-cdn.com/thumbor/RzmtSy4gfG-lkx2ZDZ8PvdVrO9I=/0x0:2040x1360/1310x873/cdn.vox-cdn.com/uploads/chorus_image/image/72775641/VRG_Illo_HT007_K_Radtke_Pixel_03__1_.0.jpg\" />\n        <figcaption><em>Google Photos has a clever new feature for your group photos.</em> | Illustration by Samar Haddad / The Verge</figcaption>\n    </figure>\n\n  <p id=\"MSLfRl\">There are a few things you can always depend on in photography, and one is that someone will <em>always</em> be blinking or making a weird face in a group photo. You can try taking 20 photos in rapid succession to increase your chances that everyone will look their best in one of them, but that\u2019s not foolproof \u2014 and you\u2019ll often wind up with a photo you\u2019re only sort of happy with. But what if you could remix your group shots with the best faces from different photos in your series? </p>\n<p id=\"w8di37\">That\u2019s the theory behind Best Take, Goog", "link": "https://www.theverge.com/23924382/how-to-best-take-google-photos-pixel-8-pro-face-swap", "date_published": "2023-10-20T12:30:00+00:00", "bookmarked": false, "dead": null, "artist": "The Verge", "album": "The Verge", "user": null, "language": "en-US", "thumbnail": null}, {"source": "https://www.theverge.com/rss/index.xml", "title": "Blue checkmarks on X are \u2018superspreaders of misinformation\u2019 about Israel-Hamas war", "description": "<figure>\n      <img alt=\"An image showing the X logo\" src=\"https://cdn.vox-cdn.com/thumbor/Q0GJY97MAJjDSzRqateKzPb0Pn4=/1x0:3001x2000/1310x873/cdn.vox-cdn.com/uploads/chorus_image/image/72775599/STK160_X_Twitter_005.0.jpg\" />\n        <figcaption><em>X\u2019s community notes feature isn\u2019t doing much to prevent the spread.</em> | Illustration: The Verge</figcaption>\n    </figure>\n\n  <p id=\"6Sr495\">The vast majority of viral misinformation about the Israel-Hamas war being posted on X (formerly Twitter) is being pushed by verified users, according to a recent study by <a href=\"https://www.newsguardtech.com/misinformation-monitor/october-2023/\">NewsGuard</a> \u2014 a for-profit organization that rates the trustworthiness of news sites. After analyzing the 250 most-engaged X posts between October 7th and October 14th that promoted incorrect or unverified information relating to the war, researchers at NewsGuard found that verified X accounts were behind 74 percent of it.</p>\n<p id=\"AN8OHh\">The 250 p", "link": "https://www.theverge.com/2023/10/20/23925086/x-verified-blue-checkmarks-superspreader-misinformation-israel-hamas-war", "date_published": "2023-10-20T12:01:02+00:00", "bookmarked": false, "dead": null, "artist": "The Verge", "album": "The Verge", "user": null, "language": "en-US", "thumbnail": null}]