[{"source": "https://pakobserver.net/feed/", "title": "Peshawar to be made load-shedding free model city", "description": "<img alt=\"\" class=\"webfeedsFeaturedVisual wp-post-image\" height=\"150\" src=\"https://pakobserver.net/wp-content/uploads/2022/11/pak-150x150.jpg\" style=\"display: block; margin-bottom: 5px; clear: both;\" width=\"150\" />Pakhtunkhwa government has decided to make Peshawar, the provincial capital, as load-shedding free model city after making of Mardan district a load-shedding free model city. A plan has been drawn up to speed up the recovery of dues from defaulting electricity consumers and to stoppage the misuse of electricity in Peshawar city. Necessary instructions have [&#8230;]", "link": "https://pakobserver.net/peshawar-to-be-made-load-shedding-free-model-city/", "date_published": "2023-10-20T23:12:40+00:00", "bookmarked": false, "dead": null, "artist": "Pakistan Observer", "album": "Pakistan Observer", "user": null, "language": "en-US", "thumbnail": "https://pakobserver.net/wp-content/uploads/2022/05/favicon.png"}, {"source": "https://pakobserver.net/feed/", "title": "TB control programme committed to eradicate TB from KP", "description": "<img alt=\"\" class=\"webfeedsFeaturedVisual wp-post-image\" height=\"150\" src=\"https://pakobserver.net/wp-content/uploads/2022/11/pak-150x150.jpg\" style=\"display: block; margin-bottom: 5px; clear: both;\" width=\"150\" />As a part of its initiative towards preventing tuberculosis (TB) in Pakistan, Mercy Corps, in collaboration with TB Control Programme Khyber Pakhtunkhwa, Association for Community Development (ACD), and Greenstar Social Marketing (GSM), organized a one-day seminar titled \u2018Advocacy and Awareness Seminar on TB Preventive Treatment (TPT)\u2019. Mercy Corps and its implementing partners with the financial [&#8230;]", "link": "https://pakobserver.net/tb-control-programme-committed-to-eradicate-tb-from-kp/", "date_published": "2023-10-20T23:12:40+00:00", "bookmarked": false, "dead": null, "artist": "Pakistan Observer", "album": "Pakistan Observer", "user": null, "language": "en-US", "thumbnail": "https://pakobserver.net/wp-content/uploads/2022/05/favicon.png"}, {"source": "https://pakobserver.net/feed/", "title": "US embassy opens Lincoln Corner at UAJK", "description": "<img alt=\"\" class=\"webfeedsFeaturedVisual wp-post-image\" height=\"150\" src=\"https://pakobserver.net/wp-content/uploads/2022/11/pak-150x150.jpg\" style=\"display: block; margin-bottom: 5px; clear: both;\" width=\"150\" />The US Embassy Islamabad and the University of Azad Jammu and Kashmir (UAJK) have formally solidified their partnership by signing a Memorandum of Understanding (MoU) to establish another Lincoln Corner in the University. The MoU paved the way for the establishment of the state-of-the-art Lincoln Corner at the King Abdullah Campus (KAC) of the University [&#8230;]", "link": "https://pakobserver.net/us-embassy-opens-lincoln-corner-at-uajk/", "date_published": "2023-10-20T23:12:39+00:00", "bookmarked": false, "dead": null, "artist": "Pakistan Observer", "album": "Pakistan Observer", "user": null, "language": "en-US", "thumbnail": "https://pakobserver.net/wp-content/uploads/2022/05/favicon.png"}, {"source": "https://pakobserver.net/feed/", "title": "Ali\u2019s efforts for uplift of area appreciated", "description": "<img alt=\"\" class=\"webfeedsFeaturedVisual wp-post-image\" height=\"150\" src=\"https://pakobserver.net/wp-content/uploads/2022/11/pak-150x150.jpg\" style=\"display: block; margin-bottom: 5px; clear: both;\" width=\"150\" />Khuda Bux Brohi Thatta Former Member of Provincial Assembly (MPA), Haji Ali Hassan Zardari, was warmly welcomed by the local residents during his visit to his constituency, where he received recognition for the development projects he had initiated during his previous term in office. Haji Ali Hassan Zardari had undertaken numerous significant development projects in [&#8230;]", "link": "https://pakobserver.net/alis-efforts-for-uplift-of-area-appreciated/", "date_published": "2023-10-20T23:11:07+00:00", "bookmarked": false, "dead": null, "artist": "Pakistan Observer", "album": "Pakistan Observer", "user": null, "language": "en-US", "thumbnail": "https://pakobserver.net/wp-content/uploads/2022/05/favicon.png"}, {"source": "https://pakobserver.net/feed/", "title": "Federal govt forms committee to address Balochistan education issues", "description": "<img alt=\"\" class=\"webfeedsFeaturedVisual wp-post-image\" height=\"150\" src=\"https://pakobserver.net/wp-content/uploads/2022/11/pak-150x150.jpg\" style=\"display: block; margin-bottom: 5px; clear: both;\" width=\"150\" />Caretaker Federal Education Minister Madad Ali Sindhi on Friday said that on the directives of Caretaker Prime Minister of Pakistan Anwaarul Haq Kakar, a committee has been formed to look into the financial and administrative issues facing the universities of Balochistan. \u201cNow, time has come to remove politics from our universities,\u201d he said while addressing [&#8230;]", "link": "https://pakobserver.net/federal-govt-forms-committee-to-address-balochistan-education-issues/", "date_published": "2023-10-20T23:11:07+00:00", "bookmarked": false, "dead": null, "artist": "Pakistan Observer", "album": "Pakistan Observer", "user": null, "language": "en-US", "thumbnail": "https://pakobserver.net/wp-content/uploads/2022/05/favicon.png"}, {"source": "https://pakobserver.net/feed/", "title": "Nawaz\u2019s return will create hope for improvements: Shah", "description": "<img alt=\"\" class=\"webfeedsFeaturedVisual wp-post-image\" height=\"150\" src=\"https://pakobserver.net/wp-content/uploads/2022/11/pak-150x150.jpg\" style=\"display: block; margin-bottom: 5px; clear: both;\" width=\"150\" />Pakistan Muslim League (N) Sindh President, Shah Muhammad Shah Friday said that Mian Nawaz Sharif was neither afraid of jails nor could be intimidated, he has made a deal with the people. Talking to the media at the Hyderabad railway station while going to Lahore to welcome party leader Mian Nawaz Sharif. A special train, [&#8230;]", "link": "https://pakobserver.net/nawazs-return-will-create-hope-for-improvements-shah/", "date_published": "2023-10-20T23:11:07+00:00", "bookmarked": false, "dead": null, "artist": "Pakistan Observer", "album": "Pakistan Observer", "user": null, "language": "en-US", "thumbnail": "https://pakobserver.net/wp-content/uploads/2022/05/favicon.png"}, {"source": "https://pakobserver.net/feed/", "title": "Arrangements of upcoming polls discussed", "description": "<img alt=\"\" class=\"webfeedsFeaturedVisual wp-post-image\" height=\"150\" src=\"https://pakobserver.net/wp-content/uploads/2022/11/pak-150x150.jpg\" style=\"display: block; margin-bottom: 5px; clear: both;\" width=\"150\" />Deputy Commissioner (DC) Sukkur, Fayyaz Hussain Mahesar on Friday held a meeting to discuss preparations for the upcoming general elections. Various matters related to election preparations, transportation, security, emergency services, communication, monitoring through CCTV cameras and providing facilities to the citizens during the elections were discussed. The District Election Commissioner Sukkur provided detailed information about [&#8230;]", "link": "https://pakobserver.net/arrangements-of-upcoming-polls-discussed/", "date_published": "2023-10-20T23:11:05+00:00", "bookmarked": false, "dead": null, "artist": "Pakistan Observer", "album": "Pakistan Observer", "user": null, "language": "en-US", "thumbnail": "https://pakobserver.net/wp-content/uploads/2022/05/favicon.png"}, {"source": "https://pakobserver.net/feed/", "title": "Chief of Naval Staff, Governor discuss mutual interest issues", "description": "<img alt=\"\" class=\"webfeedsFeaturedVisual wp-post-image\" height=\"150\" src=\"https://pakobserver.net/wp-content/uploads/2023/10/photo-20-10-2023-150x150.webp\" style=\"display: block; margin-bottom: 5px; clear: both;\" width=\"150\" />Chief of Naval Staff Admiral Naveed Ashraf called on Governor Punjab Muhammad Balighur Rehman here today at Governor House. In the meeting, professional affairs of Pakistan Navy and issues of mutual interest were discussed in detail. Governor Punjab congratulated Admiral Naveed Ashraf on assuming the command of Pakistan Navy and expressed his best wishes. He [&#8230;]", "link": "https://pakobserver.net/chief-of-naval-staff-governor-discuss-mutual-interest-issues/", "date_published": "2023-10-20T23:08:46+00:00", "bookmarked": false, "dead": null, "artist": "Pakistan Observer", "album": "Pakistan Observer", "user": null, "language": "en-US", "thumbnail": "https://pakobserver.net/wp-content/uploads/2022/05/favicon.png"}, {"source": "https://pakobserver.net/feed/", "title": "LESCO recovers Rs25.8m from defaulters", "description": "<img alt=\"\" class=\"webfeedsFeaturedVisual wp-post-image\" height=\"150\" src=\"https://pakobserver.net/wp-content/uploads/2023/04/LESCO-150x150.webp\" style=\"display: block; margin-bottom: 5px; clear: both;\" width=\"150\" />The Lahore Electric Supply Company (LESCO) in collaboration with Tehsildars (Recovery) recovered Rs 25.8 million from 569 defaulters in all the five districts- Lahore, Sheikhupura, Nankana Sahib, Kasur and Okara- on the 37th day of its recovery campaign. The LESCO spokesman told media here Friday that on the 37th day, Chief Engineer O&#38;M (T&#38;G) Zafar [&#8230;]", "link": "https://pakobserver.net/lesco-recovers-rs25-8m-from-defaulters/", "date_published": "2023-10-20T23:08:46+00:00", "bookmarked": false, "dead": null, "artist": "Pakistan Observer", "album": "Pakistan Observer", "user": null, "language": "en-US", "thumbnail": "https://pakobserver.net/wp-content/uploads/2022/05/favicon.png"}, {"source": "https://pakobserver.net/feed/", "title": "Admin allows PTI to take out rally", "description": "<img alt=\"\" class=\"webfeedsFeaturedVisual wp-post-image\" height=\"150\" src=\"https://pakobserver.net/wp-content/uploads/2022/11/lahore-150x150.jpg\" style=\"display: block; margin-bottom: 5px; clear: both;\" width=\"150\" />The Lahore administration on Friday allowed Pakistan Tehreek-e-Insaf (PTI) to take out rallies in the city\u2019s NA-123 constituency. The PTI, as per its plan, would hold a rally in Kahna area on October 22. The permission came at the moment when the PML-N is holding a grand reception for its supreme leader Nawaz Sharif who [&#8230;]", "link": "https://pakobserver.net/admin-allows-pti-to-take-out-rally/", "date_published": "2023-10-20T23:08:45+00:00", "bookmarked": false, "dead": null, "artist": "Pakistan Observer", "album": "Pakistan Observer", "user": null, "language": "en-US", "thumbnail": "https://pakobserver.net/wp-content/uploads/2022/05/favicon.png"}, {"source": "https://pakobserver.net/feed/", "title": "Israeli strike kills Hamas\u2019 woman leader", "description": "<img alt=\"\" class=\"webfeedsFeaturedVisual wp-post-image\" height=\"150\" src=\"https://pakobserver.net/wp-content/uploads/2023/10/giao-tranh-israel-hamas-1-1358-150x150.webp\" style=\"display: block; margin-bottom: 5px; clear: both;\" width=\"150\" />The first woman elected to Hamas\u2019s political leadership has been killed in an Israeli strike on the Gaza Strip, the militant group said Thursday. Jamila Al-Shantee, 64, was killed Wednesday evening in Jabalia, in northern Gaza, Hamas said. She became the first woman to be elected to the movement\u2019s political bureau, composed of 20 members, [&#8230;]", "link": "https://pakobserver.net/israeli-strike-kills-hamas-woman-leader/", "date_published": "2023-10-20T22:46:51+00:00", "bookmarked": false, "dead": null, "artist": "Pakistan Observer", "album": "Pakistan Observer", "user": null, "language": "en-US", "thumbnail": "https://pakobserver.net/wp-content/uploads/2022/05/favicon.png"}, {"source": "https://pakobserver.net/feed/", "title": "Pakistani body dedicated to promoting education receives 2023 Library of Congress Literacy Award", "description": "<img alt=\"\" class=\"webfeedsFeaturedVisual wp-post-image\" height=\"150\" src=\"https://pakobserver.net/wp-content/uploads/2023/10/APP13-201023Washington-150x150.webp\" style=\"display: block; margin-bottom: 5px; clear: both;\" width=\"150\" />A Pakistani organization working to expand liter-acy and promote reading has won the 2023 Literacy Award of the Library of Congress, the research arm of the U.S. Congress, for successfully implementing literacy programmes across Pakistan. The Islamabad-based \u2018Pakistan Alliance for Girls Education\u2019 (PAGE) was among 15 top organizations from around the world to receive the [&#8230;]", "link": "https://pakobserver.net/pakistani-body-dedicated-to-promoting-education-receives-2023-library-of-congress-literacy-award/", "date_published": "2023-10-20T22:46:51+00:00", "bookmarked": false, "dead": null, "artist": "Pakistan Observer", "album": "Pakistan Observer", "user": null, "language": "en-US", "thumbnail": "https://pakobserver.net/wp-content/uploads/2022/05/favicon.png"}, {"source": "https://pakobserver.net/feed/", "title": "\u2018Kill India\u2019 rallies of SFJ to show solidarity with Gaza\u2019s tragic loss", "description": "<img alt=\"\" class=\"webfeedsFeaturedVisual wp-post-image\" height=\"150\" src=\"https://pakobserver.net/wp-content/uploads/2023/10/sfj-150x150.webp\" style=\"display: block; margin-bottom: 5px; clear: both;\" width=\"150\" />The Sikhs international representative organization, Sikh for Justice (SFJ) is organising \u201cKill India\u201d rallies from Tomorrow (Saturday October 21) from Canada to Palestine in solidarity with the lives lost at the Gaza hospital, denouncing India\u2019s leadership under Prime Minister Modi for supporting and celebrating such tragic events. According to Kashmir Media Service, General Counsel for [&#8230;]", "link": "https://pakobserver.net/kill-india-rallies-of-sfj-to-show-solidarity-with-gazas-tragic-loss/", "date_published": "2023-10-20T22:46:50+00:00", "bookmarked": false, "dead": null, "artist": "Pakistan Observer", "album": "Pakistan Observer", "user": null, "language": "en-US", "thumbnail": "https://pakobserver.net/wp-content/uploads/2022/05/favicon.png"}, {"source": "https://pakobserver.net/feed/", "title": "UK rights groups to hold protest march against Israeli aggression", "description": "<img alt=\"\" class=\"webfeedsFeaturedVisual wp-post-image\" height=\"150\" src=\"https://pakobserver.net/wp-content/uploads/2022/11/International-150x150.jpg\" style=\"display: block; margin-bottom: 5px; clear: both;\" width=\"150\" />Various freedom-loving groups in the United Kingdom (UK) have called for a protest march, (Saturday) against the aggression of Israel on the people of Palestine. According to Kashmir Media Service, the call for demonstration in London was jointly made by Palestine Solidarity Campaign, Stop the War Coalition, Tehreek-e-Kashmir, UK, and other rights groups. Addressing a [&#8230;]", "link": "https://pakobserver.net/uk-rights-groups-to-hold-protest-march-against-israeli-aggression/", "date_published": "2023-10-20T22:46:49+00:00", "bookmarked": false, "dead": null, "artist": "Pakistan Observer", "album": "Pakistan Observer", "user": null, "language": "en-US", "thumbnail": "https://pakobserver.net/wp-content/uploads/2022/05/favicon.png"}, {"source": "https://pakobserver.net/feed/", "title": "Pakistan, China reiterate resolve to move forward together", "description": "<img alt=\"\" class=\"webfeedsFeaturedVisual wp-post-image\" height=\"150\" src=\"https://pakobserver.net/wp-content/uploads/2023/10/6456c33bd3a1f-150x150.webp\" style=\"display: block; margin-bottom: 5px; clear: both;\" width=\"150\" />Pakistan and China have reiterated the resolve to move forward together on the path of development, and accelerate the building of an even closer Pak-China Community with a Shared Future in the new era. In a joint statement, after completion of Prime Minister Anwaar-ul-Haq Kakar\u2019s visit to China, the two sides reaffirmed their support for [&#8230;]", "link": "https://pakobserver.net/pakistan-china-reiterate-resolve-to-move-forward-together/", "date_published": "2023-10-20T22:46:47+00:00", "bookmarked": false, "dead": null, "artist": "Pakistan Observer", "album": "Pakistan Observer", "user": null, "language": "en-US", "thumbnail": "https://pakobserver.net/wp-content/uploads/2022/05/favicon.png"}, {"source": "https://pakobserver.net/feed/", "title": "IIOJK authorities again seal Srinagar Jamia Masjid, Mirwaiz also continues to be under house arrest", "description": "<img alt=\"\" class=\"webfeedsFeaturedVisual wp-post-image\" height=\"150\" src=\"https://pakobserver.net/wp-content/uploads/2023/10/2-8-1-150x150.webp\" style=\"display: block; margin-bottom: 5px; clear: both;\" width=\"150\" />The authorities again sealed the historical Jamia Masjid in Srinagar, Indian Illegally Occupied Jammu and Kashmir. According to Kashmir Media Service, the Anjuman Auqaf of the Jamia Masjid in a statement issued in Srinagar said police officials once again closed the gates of Jamia Masjid, Srinagar, and informed the Auqaf not to open the gates, [&#8230;]", "link": "https://pakobserver.net/iiojk-authorities-again-seal-srinagar-jamia-masjid-mirwaiz-also-continues-to-be-under-house-arrest/", "date_published": "2023-10-20T22:43:28+00:00", "bookmarked": false, "dead": null, "artist": "Pakistan Observer", "album": "Pakistan Observer", "user": null, "language": "en-US", "thumbnail": "https://pakobserver.net/wp-content/uploads/2022/05/favicon.png"}, {"source": "https://pakobserver.net/feed/", "title": "India\u2019s approach towards Kashmir absolutely unrealistic, arrogant: APHC", "description": "<img alt=\"\" class=\"webfeedsFeaturedVisual wp-post-image\" height=\"150\" src=\"https://pakobserver.net/wp-content/uploads/2022/06/APHC-150x150.jpg\" style=\"display: block; margin-bottom: 5px; clear: both;\" width=\"150\" />The All Parties Hurriyat Conference (APHC) has said that the Indian approach towards the Kashmir dispute is absolutely unrealistic and arrogant. According to Kashmir Media Service, the APHC spokesman in a statement issued in Srinagar said that a political dispute like Kashmir cannot be resolved through military might. He strongly condemned the brute use of [&#8230;]", "link": "https://pakobserver.net/indias-approach-towards-kashmir-absolutely-unrealistic-arrogant-aphc/", "date_published": "2023-10-20T22:43:27+00:00", "bookmarked": false, "dead": null, "artist": "Pakistan Observer", "album": "Pakistan Observer", "user": null, "language": "en-US", "thumbnail": "https://pakobserver.net/wp-content/uploads/2022/05/favicon.png"}, {"source": "https://pakobserver.net/feed/", "title": "Modi systematically paving way for settler colonialism in IIOJK", "description": "<img alt=\"\" class=\"webfeedsFeaturedVisual wp-post-image\" height=\"150\" src=\"https://pakobserver.net/wp-content/uploads/2023/10/4-scaled-1-150x150.webp\" style=\"display: block; margin-bottom: 5px; clear: both;\" width=\"150\" />The people in Indian Illegally Occupied Jammu and Kashmir (IIOJK) have been living under the heel of Hindutva colonialism since 1947 when Indian troops landed in Srinagar on October 27, 1947 against the Kashmiris\u2019 wishes and aspirations, international laws and partition plan of the subcontinent. A report released by Kashmir Media Service, today, said, illegal [&#8230;]", "link": "https://pakobserver.net/modi-systematically-paving-way-for-settler-colonialism-in-iiojk/", "date_published": "2023-10-20T22:43:26+00:00", "bookmarked": false, "dead": null, "artist": "Pakistan Observer", "album": "Pakistan Observer", "user": null, "language": "en-US", "thumbnail": "https://pakobserver.net/wp-content/uploads/2022/05/favicon.png"}, {"source": "https://pakobserver.net/feed/", "title": "Four killed in road mishap on Srinagar-Jammu highway", "description": "<img alt=\"\" class=\"webfeedsFeaturedVisual wp-post-image\" height=\"150\" src=\"https://pakobserver.net/wp-content/uploads/2023/10/photo-1-150x150.webp\" style=\"display: block; margin-bottom: 5px; clear: both;\" width=\"150\" />Four people were killed, after a truck going to Rajasthan from Srinagar, plunged into a gorge at Srinagar-Jammu Highway in the Jhajjar Kotli area last night. According to Kashmir Media Service, police said that an apple-laden truck on way to Jammu from Srinagar, Indian Illegally Occupied Jammu and Kashmir crashed into the road divider at [&#8230;]", "link": "https://pakobserver.net/four-killed-in-road-mishap-on-srinagar-jammu-highway/", "date_published": "2023-10-20T22:43:17+00:00", "bookmarked": false, "dead": null, "artist": "Pakistan Observer", "album": "Pakistan Observer", "user": null, "language": "en-US", "thumbnail": "https://pakobserver.net/wp-content/uploads/2022/05/favicon.png"}, {"source": "https://pakobserver.net/feed/", "title": "The plight of Kashmir: From 1947 to the present", "description": "<img alt=\"\" class=\"webfeedsFeaturedVisual wp-post-image\" height=\"150\" src=\"https://pakobserver.net/wp-content/uploads/2023/10/ss-1-150x150.webp\" style=\"display: block; margin-bottom: 5px; clear: both;\" width=\"150\" />Umair Ijaz Kashmir is neither a territorial issue nor a bilateral dispute between India and Pakistan. Actually, it is an issue of self-determination of the people of Kashmir recognized by the United Nations Security Council Resolutions. Kashmiris demand two things, reunion and self-determination. Kashmir needs conflict resolution but the immediate need is peace and respect [&#8230;]", "link": "https://pakobserver.net/the-plight-of-kashmir-from-1947-to-the-present/", "date_published": "2023-10-20T22:43:15+00:00", "bookmarked": false, "dead": null, "artist": "Pakistan Observer", "album": "Pakistan Observer", "user": null, "language": "en-US", "thumbnail": "https://pakobserver.net/wp-content/uploads/2022/05/favicon.png"}, {"source": "https://pakobserver.net/feed/", "title": "2371 Illegal immigrants including 1700 Afghanis deported: Haris Nawaz", "description": "<img alt=\"\" class=\"webfeedsFeaturedVisual wp-post-image\" height=\"150\" src=\"https://pakobserver.net/wp-content/uploads/2023/10/KR-PH-201023-80-150x150.webp\" style=\"display: block; margin-bottom: 5px; clear: both;\" width=\"150\" />&#160; Sindh Caretaker Minister for Home and Prison Brigadier (Retd) Haris Nawaz has said that till the date, 2371 illegal immigrants, including 1700 Afghanis, have been deported. Addressing a crowded press conference with Sindh Caretaker Minister for Law, Religious Affairs, and Human Rights, Omar Soomro, at Karachi Press Club (KPC), he said that the action [&#8230;]", "link": "https://pakobserver.net/2371-illegal-immigrants-including-1700-afghanis-deported-haris-nawaz/", "date_published": "2023-10-20T22:11:16+00:00", "bookmarked": false, "dead": null, "artist": "Pakistan Observer", "album": "Pakistan Observer", "user": null, "language": "en-US", "thumbnail": "https://pakobserver.net/wp-content/uploads/2022/05/favicon.png"}, {"source": "https://pakobserver.net/feed/", "title": "Over 300 detonators, fuses for bombs recovered", "description": "<img alt=\"\" class=\"webfeedsFeaturedVisual wp-post-image\" height=\"150\" src=\"https://pakobserver.net/wp-content/uploads/2023/03/police-150x150.webp\" style=\"display: block; margin-bottom: 5px; clear: both;\" width=\"150\" />&#160; The police on Friday detained a Rickshaw driver in the SITE area of Karachi and recovered over 300 detonators and fuses for bombs from him. In a statement, the police said the rickshaw driver \u2013 now detained \u2013 was shifting the detonators and fuses for bombs to BaldiaTown.Quoting the driver, the Karachi police said [&#8230;]", "link": "https://pakobserver.net/over-300-detonators-fuses-for-bombs-recovered/", "date_published": "2023-10-20T22:11:15+00:00", "bookmarked": false, "dead": null, "artist": "Pakistan Observer", "album": "Pakistan Observer", "user": null, "language": "en-US", "thumbnail": "https://pakobserver.net/wp-content/uploads/2022/05/favicon.png"}, {"source": "https://pakobserver.net/feed/", "title": "Wada Mitsuhiro compliments\u00a0 Governor on IT, ration distribution", "description": "<img alt=\"\" class=\"webfeedsFeaturedVisual wp-post-image\" height=\"150\" src=\"https://pakobserver.net/wp-content/uploads/2023/10/Ambassador-Japan-1-150x150.webp\" style=\"display: block; margin-bottom: 5px; clear: both;\" width=\"150\" />&#160; The Six-member delegation of Japan headed by the Ambassador Wada Mitsuhiro called on Sindh Governor Kamran Khan Tessori at the Governor&#8217;s House. During the meeting, bilateral relations, trade and economic, promotion of trade cooperation, investment opportunities in Sindh province and other matters of mutual interest were discussed.Governor Sindh said that the relations between Pakistan [&#8230;]", "link": "https://pakobserver.net/wada-mitsuhiro-compliments-governor-on-it-ration-distribution/", "date_published": "2023-10-20T22:11:14+00:00", "bookmarked": false, "dead": null, "artist": "Pakistan Observer", "album": "Pakistan Observer", "user": null, "language": "en-US", "thumbnail": "https://pakobserver.net/wp-content/uploads/2022/05/favicon.png"}, {"source": "https://pakobserver.net/feed/", "title": "SHC furious at failure to find \u2018missing persons\u2019", "description": "<img alt=\"\" class=\"webfeedsFeaturedVisual wp-post-image\" height=\"150\" src=\"https://pakobserver.net/wp-content/uploads/2021/02/shc-1-150x150.jpg\" style=\"display: block; margin-bottom: 5px; clear: both;\" width=\"150\" />The Sindh High Court on Friday, while expressing its anguish at failure to trace missing persons, ordered the authorities to submit a report on October 30.The court, during the hearing of petitions on 10 missing persons, including a student of chartered accountancy, Sufi Shah Inayat, ordered immediate meeting of the JIT (joint investigation team) and [&#8230;]", "link": "https://pakobserver.net/shc-furious-at-failure-to-find-missing-persons/", "date_published": "2023-10-20T22:11:13+00:00", "bookmarked": false, "dead": null, "artist": "Pakistan Observer", "album": "Pakistan Observer", "user": null, "language": "en-US", "thumbnail": "https://pakobserver.net/wp-content/uploads/2022/05/favicon.png"}, {"source": "https://pakobserver.net/feed/", "title": "Two involved in 500 street crimes arrested", "description": "<img alt=\"\" class=\"webfeedsFeaturedVisual wp-post-image\" height=\"150\" src=\"https://pakobserver.net/wp-content/uploads/2023/02/arrest-150x150.jpg\" style=\"display: block; margin-bottom: 5px; clear: both;\" width=\"150\" />The Pakistan Rangers Sindh and Police in a joint intelligence based operation in Lines Area arrested two accused allegedly involved in street crimes and robberies.The arrested, who belong to a Faizan Khan alias Bhori Group, were identified as Noor-ul-Hassan alias Noori and Moiz alias Ali alias Malangi, according to spokesman for Rangers on Friday. They [&#8230;]", "link": "https://pakobserver.net/two-involved-in-500-street-crimes-arrested/", "date_published": "2023-10-20T22:11:13+00:00", "bookmarked": false, "dead": null, "artist": "Pakistan Observer", "album": "Pakistan Observer", "user": null, "language": "en-US", "thumbnail": "https://pakobserver.net/wp-content/uploads/2022/05/favicon.png"}, {"source": "https://pakobserver.net/feed/", "title": "Collaborative efforts needed to curb street crimes: Rind", "description": "<img alt=\"\" class=\"webfeedsFeaturedVisual wp-post-image\" height=\"150\" src=\"https://pakobserver.net/wp-content/uploads/2022/11/karachi-150x150.jpg\" style=\"display: block; margin-bottom: 5px; clear: both;\" width=\"150\" />&#160; The quest to eradicate street crime in Karachi has taken center stage as Additional Inspector General (IG) of Karachi, KhadimHussain Rind, outlined the city&#8217;s top security concern during his address to a gathering of industrialists at the Korangi Association of Trade and Industry (KATI). On the occasion KATI President Faraz-ur-Rehman, Deputy Patron-in-Chief ZubairChhaya, Senior [&#8230;]", "link": "https://pakobserver.net/collaborative-efforts-needed-to-curb-street-crimes-rind/", "date_published": "2023-10-20T22:11:11+00:00", "bookmarked": false, "dead": null, "artist": "Pakistan Observer", "album": "Pakistan Observer", "user": null, "language": "en-US", "thumbnail": "https://pakobserver.net/wp-content/uploads/2022/05/favicon.png"}, {"source": "https://pakobserver.net/feed/", "title": "Self-defence training program held for journalists", "description": "<img alt=\"\" class=\"webfeedsFeaturedVisual wp-post-image\" height=\"150\" src=\"https://pakobserver.net/wp-content/uploads/2023/10/KR-PH-201023-87-150x150.webp\" style=\"display: block; margin-bottom: 5px; clear: both;\" width=\"150\" />A one-day Hostile Environment Awareness Training (H.E.A.T) session and self-defence training program held at SSU headquarters wherein, 25 journalists attended the session. The session aimed at to apprise the journalists on how to protect themselves and the people around them and the measures to be adopted in case of any hostile situation if created by [&#8230;]", "link": "https://pakobserver.net/self-defence-training-program-held-for-journalists/", "date_published": "2023-10-20T22:08:49+00:00", "bookmarked": false, "dead": null, "artist": "Pakistan Observer", "album": "Pakistan Observer", "user": null, "language": "en-US", "thumbnail": "https://pakobserver.net/wp-content/uploads/2022/05/favicon.png"}, {"source": "https://pakobserver.net/feed/", "title": "Second live Bariatric Surgery workshop held at LUMHS", "description": "<img alt=\"\" class=\"webfeedsFeaturedVisual wp-post-image\" height=\"150\" src=\"https://pakobserver.net/wp-content/uploads/2022/11/karachi-150x150.jpg\" style=\"display: block; margin-bottom: 5px; clear: both;\" width=\"150\" />The Department of Surgery at Minimal Invasive Surgical Center, Liaquat University of Medical and Health Sciences (LUMHS) here on Friday organized the Second Live Bariatric Surgery Workshop.\u00a0 Addressing at the inaugural session, Vice Chancellor LUMHS Prof. Ikram Din Ujjan highly appreciated the efforts of Chairman Department of Surgery Prof. Amir IqbalMemon and his team for [&#8230;]", "link": "https://pakobserver.net/second-live-bariatric-surgery-workshop-held-at-lumhs/", "date_published": "2023-10-20T22:08:48+00:00", "bookmarked": false, "dead": null, "artist": "Pakistan Observer", "album": "Pakistan Observer", "user": null, "language": "en-US", "thumbnail": "https://pakobserver.net/wp-content/uploads/2022/05/favicon.png"}, {"source": "https://pakobserver.net/feed/", "title": "Sindh Governor initiates WhatsApp for grievances redressal", "description": "<img alt=\"\" class=\"webfeedsFeaturedVisual wp-post-image\" height=\"150\" src=\"https://pakobserver.net/wp-content/uploads/2023/10/001-150x150.webp\" style=\"display: block; margin-bottom: 5px; clear: both;\" width=\"150\" />Governor Sindh Kamran Khan Tessori has launched WhatsApp based application for redressal of grievances relating to electricity, water, drainage, police and other departments. The general public can scan QR Code while sitting at their home and, enter their CNIC and lodge complaints. Governor Sindh inaugurated this application which would initially address complaints against 9 government [&#8230;]", "link": "https://pakobserver.net/sindh-governor-initiates-whatsapp-for-grievances-redressal/", "date_published": "2023-10-20T22:08:47+00:00", "bookmarked": false, "dead": null, "artist": "Pakistan Observer", "album": "Pakistan Observer", "user": null, "language": "en-US", "thumbnail": "https://pakobserver.net/wp-content/uploads/2022/05/favicon.png"}, {"source": "https://pakobserver.net/feed/", "title": "Urs of Hazrat Shah Doolha from Oct 28", "description": "<img alt=\"\" class=\"webfeedsFeaturedVisual wp-post-image\" height=\"150\" src=\"https://pakobserver.net/wp-content/uploads/2022/11/karachi-150x150.jpg\" style=\"display: block; margin-bottom: 5px; clear: both;\" width=\"150\" />The Annual Urs of DargahHazrat Muhammad Shah DoolhaSabzwari, at Kharadar, Karachi will be celebrated from 12 Rabi-ul-Sani to 17 Rabi-ul- Sani 1445 Hijrii.c. 28th October 2023 to 2nd November 2023, under the administrative control of Auqaf Department, Govt. of Sindh. It is expected that thousands of zaireen / devotees including Higher Dignitiesas. &#160;", "link": "https://pakobserver.net/urs-of-hazrat-shah-doolha-from-oct-28/", "date_published": "2023-10-20T22:08:46+00:00", "bookmarked": false, "dead": null, "artist": "Pakistan Observer", "album": "Pakistan Observer", "user": null, "language": "en-US", "thumbnail": "https://pakobserver.net/wp-content/uploads/2022/05/favicon.png"}, {"source": "https://pakobserver.net/feed/", "title": "UHS issues MBBS, BDS examinations calendar", "description": "<img alt=\"\" class=\"webfeedsFeaturedVisual wp-post-image\" height=\"150\" src=\"https://pakobserver.net/wp-content/uploads/2023/06/uhs-1-150x150.jpg\" style=\"display: block; margin-bottom: 5px; clear: both;\" width=\"150\" />LAHORE &#8211; The University of Health Sciences (UHS) on Friday issued the annual calendar for MBBS and BDS professional examinations. According to the notification, the MBBS first professional annual examinations will commence on January 12, 2024, the second professional on December 27, the third professional on December 29, the fourth professional on January 23, 2024, [&#8230;]", "link": "https://pakobserver.net/uhs-issues-mbbs-bds-examinations-calendar/", "date_published": "2023-10-20T18:48:52+00:00", "bookmarked": false, "dead": null, "artist": "Pakistan Observer", "album": "Pakistan Observer", "user": null, "language": "en-US", "thumbnail": "https://pakobserver.net/wp-content/uploads/2022/05/favicon.png"}, {"source": "https://pakobserver.net/feed/", "title": "Australia beat Pakistan by 62 runs in World Cup 2023 match", "description": "<img alt=\"\" class=\"webfeedsFeaturedVisual wp-post-image\" height=\"150\" src=\"https://pakobserver.net/wp-content/uploads/2023/10/AUss-150x150.jpg\" style=\"display: block; margin-bottom: 5px; clear: both;\" width=\"150\" />Australia beat Pakistan by 62 runs in the 18th match of the Cricket World Cup 2023 in Bengaluru on Friday evening. Chasing a challenging 368-run target, Green Shirts were all out for 305 runs in 45.3 overs. Abdullah Shafique (64) and Imam-u-Haq (70) provided a solid start with 134 runs partnership. The departure of both [&#8230;]", "link": "https://pakobserver.net/australia-beat-pakistan-by-62-runs-in-world-cup-2023-match/", "date_published": "2023-10-20T16:50:25+00:00", "bookmarked": false, "dead": null, "artist": "Pakistan Observer", "album": "Pakistan Observer", "user": null, "language": "en-US", "thumbnail": "https://pakobserver.net/wp-content/uploads/2022/05/favicon.png"}, {"source": "https://pakobserver.net/feed/", "title": "iPhone 13 Pro Max PTA Tax in Pakistan 2023", "description": "<img alt=\"\" class=\"webfeedsFeaturedVisual wp-post-image\" height=\"150\" src=\"https://pakobserver.net/wp-content/uploads/2023/10/3-3-1024x640-1-150x150.jpg\" style=\"display: block; margin-bottom: 5px; clear: both;\" width=\"150\" />iPhones make up most products in the circular supply chain as the company&#8217;s revenue moves up amid slowing global demand for devices. People in Pakistan, and India are also getting their hands on the latest Apple devices known for top features and brand value. The company introduced a generation of iPhones for a while now [&#8230;]", "link": "https://pakobserver.net/iphone-13-pro-max-pta-tax-in-pakistan-2023/", "date_published": "2023-10-20T16:48:42+00:00", "bookmarked": false, "dead": null, "artist": "Pakistan Observer", "album": "Pakistan Observer", "user": null, "language": "en-US", "thumbnail": "https://pakobserver.net/wp-content/uploads/2022/05/favicon.png"}, {"source": "https://pakobserver.net/feed/", "title": "Suzuki GD 110s bike installment plan with Meezan Bank 2023", "description": "<img alt=\"\" class=\"webfeedsFeaturedVisual wp-post-image\" height=\"150\" src=\"https://pakobserver.net/wp-content/uploads/2023/10/maxresdefault-3-150x150.jpg\" style=\"display: block; margin-bottom: 5px; clear: both;\" width=\"150\" />Suzuki is a high-end bike brand known for bikes with stylish designs, performance, and resale value. The auto giant holds a vast fan following in the country and despite the competition, its leads the top segment. The company marked its entry to premium bike segment with its top of the line variants like GS 110S [&#8230;]", "link": "https://pakobserver.net/suzuki-gd-110s-bike-installment-plan-with-meezan-bank-2023/", "date_published": "2023-10-20T16:36:00+00:00", "bookmarked": false, "dead": null, "artist": "Pakistan Observer", "album": "Pakistan Observer", "user": null, "language": "en-US", "thumbnail": "https://pakobserver.net/wp-content/uploads/2022/05/favicon.png"}, {"source": "https://pakobserver.net/feed/", "title": "Sajal Aly sets internet on fire with new pictures in revealing saree", "description": "<img alt=\"\" class=\"webfeedsFeaturedVisual wp-post-image\" height=\"150\" src=\"https://pakobserver.net/wp-content/uploads/2023/10/fff-150x150.jpg\" style=\"display: block; margin-bottom: 5px; clear: both;\" width=\"150\" />Actor Sajal Aly amassed millions of followers online as the diva carved a niche for herself at the international level. The Mom star continues to inspire fans with her acting prowess. Sajal, a Tamgha-e-Imtiaz recipient, is a known face in Asia, UK, and some other regions. Besides giving evergreen performances in TV dramas and movies, [&#8230;]", "link": "https://pakobserver.net/sajal-aly-sets-internet-on-fire-with-new-pictures-in-revealing-saree/", "date_published": "2023-10-20T15:52:49+00:00", "bookmarked": false, "dead": null, "artist": "Pakistan Observer", "album": "Pakistan Observer", "user": null, "language": "en-US", "thumbnail": "https://pakobserver.net/wp-content/uploads/2022/05/favicon.png"}, {"source": "https://pakobserver.net/feed/", "title": "McDonald\u2019s Pakistan wins hearts by donating Rs10 million to aid Gaza victims", "description": "<img alt=\"\" class=\"webfeedsFeaturedVisual wp-post-image\" height=\"150\" src=\"https://pakobserver.net/wp-content/uploads/2023/10/McDonalds-4906749-1-150x150.jpg\" style=\"display: block; margin-bottom: 5px; clear: both;\" width=\"150\" />In response to unfolding events, McDonald&#8217;s Pakistan announced a generous donation of PKR 10 Million through the Edhi Foundation, underscoring its commitment to supporting those impacted by the conflict. Encouraged by public understanding and support, the leading fast food chain has taken a proactive stance to alleviate the humanitarian crisis in Gaza. McDonald's Pakistan Official [&#8230;]", "link": "https://pakobserver.net/mcdonalds-pakistan-wins-hearts-by-donating-rs10-million-to-aid-gaza-victims/", "date_published": "2023-10-20T15:30:27+00:00", "bookmarked": false, "dead": null, "artist": "Pakistan Observer", "album": "Pakistan Observer", "user": null, "language": "en-US", "thumbnail": "https://pakobserver.net/wp-content/uploads/2022/05/favicon.png"}, {"source": "https://pakobserver.net/feed/", "title": "Strong weather system develops southwest of Karachi, south of Gwadar", "description": "<img alt=\"\" class=\"webfeedsFeaturedVisual wp-post-image\" height=\"150\" src=\"https://pakobserver.net/wp-content/uploads/2023/10/cyc-150x150.jpg\" style=\"display: block; margin-bottom: 5px; clear: both;\" width=\"150\" />Pakistan Meteorological Department (PMD) has issued a warning of the presence of a well-marked low-pressure area over the Southwest Arabian Sea. A well-marked low-pressure area (strong weather system) lies over the Southwest Arabian Sea. As per the satellite image, it is at around latitude 9.5 \u00b0N and longitude 61.5 \u00b0E at a distance of about [&#8230;]", "link": "https://pakobserver.net/strong-weather-system-develops-southwest-of-karachi-south-of-gwadar/", "date_published": "2023-10-20T15:28:43+00:00", "bookmarked": false, "dead": null, "artist": "Pakistan Observer", "album": "Pakistan Observer", "user": null, "language": "en-US", "thumbnail": "https://pakobserver.net/wp-content/uploads/2022/05/favicon.png"}, {"source": "https://pakobserver.net/feed/", "title": "Gold prices in Pakistan increases in line with global trend", "description": "<img alt=\"\" class=\"webfeedsFeaturedVisual wp-post-image\" height=\"150\" src=\"https://pakobserver.net/wp-content/uploads/2023/09/today-s-gold-rates-in-pakistan-13-december-2021-1639367295-4622-150x150.jpeg\" style=\"display: block; margin-bottom: 5px; clear: both;\" width=\"150\" />KARACHI \u2013\u00a0Gold prices in Pakistan witnessed another surge on Friday in line with the trend in international market. Bullion made a comeback and increased by thousands of rupees. Data shared by the Jewellers Association suggest that per tola gold rates increased by Rs2,200 per tola and 10 grams of yellow metal saw increase of Rs1885. [&#8230;]", "link": "https://pakobserver.net/gold-prices-in-pakistan-increases-in-line-with-global-trend/", "date_published": "2023-10-20T14:50:29+00:00", "bookmarked": false, "dead": null, "artist": "Pakistan Observer", "album": "Pakistan Observer", "user": null, "language": "en-US", "thumbnail": "https://pakobserver.net/wp-content/uploads/2022/05/favicon.png"}, {"source": "https://pakobserver.net/feed/", "title": "US dollar strengthens against Pakistani rupee in open market amid soaring demand", "description": "<img alt=\"\" class=\"webfeedsFeaturedVisual wp-post-image\" height=\"150\" src=\"https://pakobserver.net/wp-content/uploads/2023/10/g445-1-150x150.jpg\" style=\"display: block; margin-bottom: 5px; clear: both;\" width=\"150\" />KARACHI &#8211; Pakistani rupee and the US dollar are going head to head as authorities continued stern measures against hoarding and other violations while demand for the greenback is also rising. On Friday, the local currency edged lower against the USD in the open market , PKR however remained stable in the inter-bank market. During [&#8230;]", "link": "https://pakobserver.net/us-dollar-strengthens-against-pakistani-rupee-in-open-market-amid-soaring-demand/", "date_published": "2023-10-20T14:18:36+00:00", "bookmarked": false, "dead": null, "artist": "Pakistan Observer", "album": "Pakistan Observer", "user": null, "language": "en-US", "thumbnail": "https://pakobserver.net/wp-content/uploads/2022/05/favicon.png"}, {"source": "https://pakobserver.net/feed/", "title": "Power China president, Pakistani PM Kakar discuss energy, bilateral cooperation", "description": "<img alt=\"\" class=\"webfeedsFeaturedVisual wp-post-image\" height=\"150\" src=\"https://pakobserver.net/wp-content/uploads/2023/10/Oct-19-2023-16.33.10_pm-wng-eve-150x150.jpeg\" style=\"display: block; margin-bottom: 5px; clear: both;\" width=\"150\" />BEIJING &#8211; Wang Bin, General Manager of Power China called on Pakistani Prime Minister Anwaar-ul-Haq Kakar in China\u2019s capital. PM Kakar and Mr Bin shed light on boosting cooperation in the fields of energy and power planning, clean energy development, water resources, and water affairs in Pakistan. Prime Minister Kakar expressed his gratitude to Power [&#8230;]", "link": "https://pakobserver.net/power-china-president-pakistani-pm-kakar-discuss-energy-bilateral-cooperation/", "date_published": "2023-10-20T14:07:41+00:00", "bookmarked": false, "dead": null, "artist": "Pakistan Observer", "album": "Pakistan Observer", "user": null, "language": "en-US", "thumbnail": "https://pakobserver.net/wp-content/uploads/2022/05/favicon.png"}, {"source": "https://pakobserver.net/feed/", "title": "Honda CD 70 2024 Latest Price in Pakistan October update", "description": "<img alt=\"\" class=\"webfeedsFeaturedVisual wp-post-image\" height=\"150\" src=\"https://pakobserver.net/wp-content/uploads/2023/10/honda-cd-70-2024-latest-price-in-pakistan-1692257260-2695-150x150.jpeg\" style=\"display: block; margin-bottom: 5px; clear: both;\" width=\"150\" />Honda CD 70 is country\u2019s most selling two-wheeler, as the bike is still ruling roads nearly after four decades. People prefer the light ride due to its durability, reliable engine, easy maintenance, and parts availability. Despite having strong competition in the market amid presence of Chinese players, the Japanese auto giant holds almost 40 percent [&#8230;]", "link": "https://pakobserver.net/honda-cd-70-2024-latest-price-in-pakistan-october-update/", "date_published": "2023-10-20T12:49:13+00:00", "bookmarked": false, "dead": null, "artist": "Pakistan Observer", "album": "Pakistan Observer", "user": null, "language": "en-US", "thumbnail": "https://pakobserver.net/wp-content/uploads/2022/05/favicon.png"}, {"source": "https://pakobserver.net/feed/", "title": "CWC2023: Australia set challenging 368 runs target for Pakistan", "description": "<img alt=\"\" class=\"webfeedsFeaturedVisual wp-post-image\" height=\"150\" src=\"https://pakobserver.net/wp-content/uploads/2023/10/SSA-150x150.jpg\" style=\"display: block; margin-bottom: 5px; clear: both;\" width=\"150\" />Australia set a challenging 368-run target for Pakistan in the 18th match of Cricket World Cup 2023 in Bengaluru on Friday evening. After being put in to bat first by skipper Babar Azam, Australia made a roaring start with a 259 runs-opening partnership between David Warner (163) and Mitchell Marsh (121). At this stage 400 [&#8230;]", "link": "https://pakobserver.net/cwc2023-australia-set-challenging-368-runs-target-for-pakistan/", "date_published": "2023-10-20T12:35:25+00:00", "bookmarked": false, "dead": null, "artist": "Pakistan Observer", "album": "Pakistan Observer", "user": null, "language": "en-US", "thumbnail": "https://pakobserver.net/wp-content/uploads/2022/05/favicon.png"}, {"source": "https://pakobserver.net/feed/", "title": "LDA removes encroachments from major market in Lahore", "description": "<img alt=\"\" class=\"webfeedsFeaturedVisual wp-post-image\" height=\"150\" src=\"https://pakobserver.net/wp-content/uploads/2023/09/LDA1-1-150x150.jpg\" style=\"display: block; margin-bottom: 5px; clear: both;\" width=\"150\" />Lahore Development Authority (LDA) on Friday removed temporary and permanent encroachments from Main Boulevard Shadman and adjoining roads. LDA teams removed ramps, boards, hoardings and generators from a private bank, pharmacy, food point and laboratory in commercial areas and encroachments from houses in the residential localities in Shadman. \u06a9\u0645\u0634\u0646\u0631 @commissionerlhr \u0648 \u0688\u06cc \u062c\u06cc \u0627\u06cc\u0644 \u0688\u06cc [&#8230;]", "link": "https://pakobserver.net/lda-removes-encroachments-from-major-market-in-lahore/", "date_published": "2023-10-20T11:52:23+00:00", "bookmarked": false, "dead": null, "artist": "Pakistan Observer", "album": "Pakistan Observer", "user": null, "language": "en-US", "thumbnail": "https://pakobserver.net/wp-content/uploads/2022/05/favicon.png"}, {"source": "https://pakobserver.net/feed/", "title": "How to apply for UAE driving license online in 2023? A step-by-step guide", "description": "<img alt=\"\" class=\"webfeedsFeaturedVisual wp-post-image\" height=\"150\" src=\"https://pakobserver.net/wp-content/uploads/2023/10/lead-uae-roads01_16e99337f4a_medium-150x150.jpg\" style=\"display: block; margin-bottom: 5px; clear: both;\" width=\"150\" />DUBAI &#8211; Driving in the UAE can be a unique experience, as the Gulf nation ranks among the top countries globally in the quality of roads. The Emirates is however known for being strict in enforcing traffic laws. The country of over 9 million people has stringent traffic regulations and imposes substantial fines and penalties [&#8230;]", "link": "https://pakobserver.net/how-to-apply-for-uae-driving-license-online-in-2023-a-step-by-step-guide/", "date_published": "2023-10-20T11:43:18+00:00", "bookmarked": false, "dead": null, "artist": "Pakistan Observer", "album": "Pakistan Observer", "user": null, "language": "en-US", "thumbnail": "https://pakobserver.net/wp-content/uploads/2022/05/favicon.png"}, {"source": "https://pakobserver.net/feed/", "title": "PCB adds five players to men\u2019s central contracts list", "description": "<img alt=\"\" class=\"webfeedsFeaturedVisual wp-post-image\" height=\"150\" src=\"https://pakobserver.net/wp-content/uploads/2023/10/CC-150x150.jpg\" style=\"display: block; margin-bottom: 5px; clear: both;\" width=\"150\" />LAHORE &#8211; After a thorough review, PCB has decided to name five additional players in the men\u2019s central contracts list bringing the total number of players offered contracts to 30. The three-year contracts deal announced\u00a0last month will run from 1 July 2023 to 30 June 2026. The previous 25-man list of players was finalised by [&#8230;]", "link": "https://pakobserver.net/pcb-adds-five-players-to-mens-central-contracts-list/", "date_published": "2023-10-20T11:26:51+00:00", "bookmarked": false, "dead": null, "artist": "Pakistan Observer", "album": "Pakistan Observer", "user": null, "language": "en-US", "thumbnail": "https://pakobserver.net/wp-content/uploads/2022/05/favicon.png"}, {"source": "https://pakobserver.net/feed/", "title": "PTI leader Kamran Bangash arrested from Peshawar", "description": "<img alt=\"\" class=\"webfeedsFeaturedVisual wp-post-image\" height=\"150\" src=\"https://pakobserver.net/wp-content/uploads/2023/10/6180d56decfd6-150x150.jpg\" style=\"display: block; margin-bottom: 5px; clear: both;\" width=\"150\" />PESHAWAR &#8211; Pakistan Tehreek-e-Insaf (PTI) leader and former minister Kamran Bangah has been arrested in Peshawar as police raided his house. Bangash after dodging several raids, was finally arrested as local cops held him from Peshawar\u2019s Chamkani area. The dissent leader is a close aide of former prime minister Imran Khan and provincial leaders and [&#8230;]", "link": "https://pakobserver.net/pti-leader-kamran-bangash-arrested-from-peshawar/", "date_published": "2023-10-20T11:13:02+00:00", "bookmarked": false, "dead": null, "artist": "Pakistan Observer", "album": "Pakistan Observer", "user": null, "language": "en-US", "thumbnail": "https://pakobserver.net/wp-content/uploads/2022/05/favicon.png"}, {"source": "https://pakobserver.net/feed/", "title": "Minimum bank statement for Schengen visit visa of Sweden from Pakistan", "description": "<img alt=\"\" class=\"webfeedsFeaturedVisual wp-post-image\" height=\"150\" src=\"https://pakobserver.net/wp-content/uploads/2023/10/visa-750x382-1-150x150.jpg\" style=\"display: block; margin-bottom: 5px; clear: both;\" width=\"150\" />LAHORE \u2013 If you are planning to travel to Sweden you may need a Schengen short term visa. This is a permit to travel to and stay for a maximum of 90 days. The Swedish Embassy is handling Schengen visa applications for citizens of Pakistan and Afghanistan and persons legally residing in Pakistan. Citizens and [&#8230;]", "link": "https://pakobserver.net/minimum-bank-statement-for-schengen-visit-visa-of-sweden-from-pakistan/", "date_published": "2023-10-20T10:25:35+00:00", "bookmarked": false, "dead": null, "artist": "Pakistan Observer", "album": "Pakistan Observer", "user": null, "language": "en-US", "thumbnail": "https://pakobserver.net/wp-content/uploads/2022/05/favicon.png"}, {"source": "https://pakobserver.net/feed/", "title": "PM Kakar offers Juma prayer at historic Urumqi mosque in China", "description": "<img alt=\"\" class=\"webfeedsFeaturedVisual wp-post-image\" height=\"150\" src=\"https://pakobserver.net/wp-content/uploads/2023/10/PM-Kakar-in-Urumqi-150x150.jpg\" style=\"display: block; margin-bottom: 5px; clear: both;\" width=\"150\" />URUMQI- Caretaker Prime Minister Anwaar-ul-Haq Kakar offered Juma prayer at a mosque in Urumqi city of XinJiang on Friday. Taking to X, the prime minster shared his video while sitting inside the mosque for Juma prayer. He wrote, \u201cI got an opportunity to offer Juma prayer at an historic mosque of Urumqi city of Xinjiang,\u201d. [&#8230;]", "link": "https://pakobserver.net/501043-2/", "date_published": "2023-10-20T10:17:45+00:00", "bookmarked": false, "dead": null, "artist": "Pakistan Observer", "album": "Pakistan Observer", "user": null, "language": "en-US", "thumbnail": "https://pakobserver.net/wp-content/uploads/2022/05/favicon.png"}, {"source": "https://pakobserver.net/feed/", "title": "PM Kakar offers Juma prayer at historic Urumqi mosque in China", "description": "<img alt=\"\" class=\"webfeedsFeaturedVisual wp-post-image\" height=\"150\" src=\"https://pakobserver.net/wp-content/uploads/2023/10/PM-Kakar-in-Urumqi-150x150.jpg\" style=\"display: block; margin-bottom: 5px; clear: both;\" width=\"150\" />URUMQI- Caretaker Prime Minister Anwaar-ul-Haq Kakar offered Juma prayer at a mosque in Urumqi city of XinJiang on Friday. Taking to X, the prime minster shared his video while sitting inside the mosque for Juma prayer. He wrote, \u201cI got an opportunity to offer Juma prayer at an historic mosque of Urumqi city of Xinjiang,\u201d. [&#8230;]", "link": "https://pakobserver.net/pm-kakar-offers-juma-prayer-at-historic-urumqi-mosque-in-china/", "date_published": "2023-10-20T10:17:45+00:00", "bookmarked": false, "dead": null, "artist": "Pakistan Observer", "album": "Pakistan Observer", "user": null, "language": "en-US", "thumbnail": "https://pakobserver.net/wp-content/uploads/2022/05/favicon.png"}, {"source": "https://pakobserver.net/feed/", "title": "Scattered rains predicted for Lahore, parts of Punjab", "description": "<img alt=\"\" class=\"webfeedsFeaturedVisual wp-post-image\" height=\"150\" src=\"https://pakobserver.net/wp-content/uploads/2023/08/Lahore1-150x150.jpg\" style=\"display: block; margin-bottom: 5px; clear: both;\" width=\"150\" />Pakistan Meteorological Department (PMD) has forecast partly cloudy weather with chances of scattered rains for Lahore and parts of Punjab during the weekend. According to the synoptic situation, a westerly wave is likely to approach the upper and central parts of Pakistan tomorrow. Under these conditions, dry weather is expected in most districts of the [&#8230;]", "link": "https://pakobserver.net/scattered-rains-predicted-for-lahore-parts-of-punjab/", "date_published": "2023-10-20T09:35:50+00:00", "bookmarked": false, "dead": null, "artist": "Pakistan Observer", "album": "Pakistan Observer", "user": null, "language": "en-US", "thumbnail": "https://pakobserver.net/wp-content/uploads/2022/05/favicon.png"}, {"source": "https://pakobserver.net/feed/", "title": "Rains likely in Peshawar, Khyber Pakhtunkhwa", "description": "<img alt=\"\" class=\"webfeedsFeaturedVisual wp-post-image\" height=\"150\" src=\"https://pakobserver.net/wp-content/uploads/2023/09/KPW-1-150x150.jpg\" style=\"display: block; margin-bottom: 5px; clear: both;\" width=\"150\" />Pakistan Meteorological Department (PMD) has predicted cloudy weather with chances of rains for Peshawar and parts of Khyber Pakhtunkhwa during the weekend. According to the synoptic situation, a westerly wave is likely to approach the upper and central parts of Pakistan tomorrow. Under these conditions, dry weather is expected in most parts of Khyber Pakhtunkhwa [&#8230;]", "link": "https://pakobserver.net/rains-likely-in-peshawar-khyber-pakhtunkhwa/", "date_published": "2023-10-20T09:16:59+00:00", "bookmarked": false, "dead": null, "artist": "Pakistan Observer", "album": "Pakistan Observer", "user": null, "language": "en-US", "thumbnail": "https://pakobserver.net/wp-content/uploads/2022/05/favicon.png"}, {"source": "https://pakobserver.net/feed/", "title": "Major facility launched for overseas Pakistani workers in Saudi Arabia, other countries", "description": "<img alt=\"\" class=\"webfeedsFeaturedVisual wp-post-image\" height=\"150\" src=\"https://pakobserver.net/wp-content/uploads/2023/10/sys-150x150.jpg\" style=\"display: block; margin-bottom: 5px; clear: both;\" width=\"150\" />ISLAMABAD \u2013 Special Assistant of Prime Minister for overseas Pakistanis Jawad Sohrab launched OPF web portal for recovery of dues of overseas Pakistani workers to facilitate Pakistani diaspora. This service expedites the disbursement of dues such as salary, death and disability compensation and other allowances of the workers. Addressing at the formal launch of web-based [&#8230;]", "link": "https://pakobserver.net/major-facility-launched-for-overseas-pakistani-workers-in-saudi-arabia-other-countries/", "date_published": "2023-10-20T09:04:07+00:00", "bookmarked": false, "dead": null, "artist": "Pakistan Observer", "album": "Pakistan Observer", "user": null, "language": "en-US", "thumbnail": "https://pakobserver.net/wp-content/uploads/2022/05/favicon.png"}, {"source": "https://pakobserver.net/feed/", "title": "Rains forecast for Islamabad, Rawalpindi and parts of Pakistan", "description": "<img alt=\"\" class=\"webfeedsFeaturedVisual wp-post-image\" height=\"150\" src=\"https://pakobserver.net/wp-content/uploads/2023/10/ISDW-150x150.jpg\" style=\"display: block; margin-bottom: 5px; clear: both;\" width=\"150\" />Pakistan Meteorological Department (PMD) has forecast partly cloudy weather with chances of rains for Islamabad, Rawalpindi and parts of Pakistan during the weekend. According to the synoptic situation, a westerly wave is likely to approach the upper and central parts of Pakistan tomorrow. Under these conditions, dry weather is expected in Islamabad, Rawalpindi and most [&#8230;]", "link": "https://pakobserver.net/rains-forecast-for-islamabad-rawalpindi-and-parts-of-pakistan/", "date_published": "2023-10-20T08:53:03+00:00", "bookmarked": false, "dead": null, "artist": "Pakistan Observer", "album": "Pakistan Observer", "user": null, "language": "en-US", "thumbnail": "https://pakobserver.net/wp-content/uploads/2022/05/favicon.png"}, {"source": "https://pakobserver.net/feed/", "title": "UAE residence permit renewal fee for Pakistan, Indian nationals October 2023", "description": "<img alt=\"\" class=\"webfeedsFeaturedVisual wp-post-image\" height=\"150\" src=\"https://pakobserver.net/wp-content/uploads/2023/10/download-1-150x150.jpg\" style=\"display: block; margin-bottom: 5px; clear: both;\" width=\"150\" />The UAE residence visa is a permit that is issued to foreign individuals, including Pakistanis and Indians, to live in this country for extended periods for work. The General Directorate of Residency and Foreigners Affairs, Dubai, provides an online service to renew a private sector employee&#8217;s residence permit under the same terms as when it [&#8230;]", "link": "https://pakobserver.net/uae-residence-permit-renewal-fee-for-pakistan-indian-nationals-october-2023/", "date_published": "2023-10-20T08:34:57+00:00", "bookmarked": false, "dead": null, "artist": "Pakistan Observer", "album": "Pakistan Observer", "user": null, "language": "en-US", "thumbnail": "https://pakobserver.net/wp-content/uploads/2022/05/favicon.png"}, {"source": "https://pakobserver.net/feed/", "title": "CWC2023: Pakistan chose to field first against Australia", "description": "<img alt=\"\" class=\"webfeedsFeaturedVisual wp-post-image\" height=\"150\" src=\"https://pakobserver.net/wp-content/uploads/2023/10/Toss-1-150x150.jpg\" style=\"display: block; margin-bottom: 5px; clear: both;\" width=\"150\" />BENGALURU &#8211; Skipper Babar Azam has won the toss and decided to bowl first in the 18th match of Cricket World Cup 2023 in Bengaluru on Friday. This is the Babar Azam-led side\u2019s fourth match in the tournament and they are placed fourth on the 10-team points table with two wins from three matches. They [&#8230;]", "link": "https://pakobserver.net/cwc2023-pakistan-chose-to-field-first-against-australia/", "date_published": "2023-10-20T08:10:25+00:00", "bookmarked": false, "dead": null, "artist": "Pakistan Observer", "album": "Pakistan Observer", "user": null, "language": "en-US", "thumbnail": "https://pakobserver.net/wp-content/uploads/2022/05/favicon.png"}, {"source": "https://pakobserver.net/feed/", "title": "Multi-nation air drills vital in pursuit of common aims: COAS", "description": "<img alt=\"\" class=\"webfeedsFeaturedVisual wp-post-image\" height=\"150\" src=\"https://pakobserver.net/wp-content/uploads/2023/10/COAS-150x150.png\" style=\"display: block; margin-bottom: 5px; clear: both;\" width=\"150\" />RAWALPINDI- Army Chief General Syed Asim Munir visited an operational air base of Pakistan Air Force to witness the on-going aerial exercise Indus Shield-2023. The Air Chiefs of T\u00fcrkiye, Azerbaijan and Hungary were also among the distinguished guests who witnessed PAF&#8217;s 14 nation mega air exercise. Addressing the exercise participants, Chief of Army Staff accentuated [&#8230;]", "link": "https://pakobserver.net/multi-nation-air-drills-vital-in-pursuit-of-common-aims-coas/", "date_published": "2023-10-20T08:02:55+00:00", "bookmarked": false, "dead": null, "artist": "Pakistan Observer", "album": "Pakistan Observer", "user": null, "language": "en-US", "thumbnail": "https://pakobserver.net/wp-content/uploads/2022/05/favicon.png"}, {"source": "https://pakobserver.net/feed/", "title": "Inzamam threatens to step down over selection matters", "description": "<img alt=\"\" class=\"webfeedsFeaturedVisual wp-post-image\" height=\"150\" src=\"https://pakobserver.net/wp-content/uploads/2023/10/Inzimam-150x150.png\" style=\"display: block; margin-bottom: 5px; clear: both;\" width=\"150\" />LAHORE- Inzamam-ul-Haq, the Chief Selector for the Pakistan Cricket Board (PCB), expressed concerns over selection matters and threatened to resign from his office, the sources privy to the development said on Friday. Inzamam is concerned about the matters related to selection of the players and the members of the squad. The sources privy to the [&#8230;]", "link": "https://pakobserver.net/inzamam-threatens-to-step-down-over-selection-matters/", "date_published": "2023-10-20T07:42:47+00:00", "bookmarked": false, "dead": null, "artist": "Pakistan Observer", "album": "Pakistan Observer", "user": null, "language": "en-US", "thumbnail": "https://pakobserver.net/wp-content/uploads/2022/05/favicon.png"}, {"source": "https://pakobserver.net/feed/", "title": "ICC World Cup 2023: X echoes with replacement of Shadab Khan", "description": "<img alt=\"\" class=\"webfeedsFeaturedVisual wp-post-image\" height=\"150\" src=\"https://pakobserver.net/wp-content/uploads/2023/10/Shadab-Khan-150x150.jpg\" style=\"display: block; margin-bottom: 5px; clear: both;\" width=\"150\" />LAHORE- Shadab Khan has become top trend after he has been replaced by Spinner Usama Mir in today\u2019s clash with Australia in Bengaluru. The fans and social media users are talking about Shadab Khan and making different comments regarding the decision of the team management at this moment. Both Pakistan and Australia will lock horns [&#8230;]", "link": "https://pakobserver.net/icc-world-cup-2023-x-echoes-with-replacement-of-shadab-khan/", "date_published": "2023-10-20T07:08:24+00:00", "bookmarked": false, "dead": null, "artist": "Pakistan Observer", "album": "Pakistan Observer", "user": null, "language": "en-US", "thumbnail": "https://pakobserver.net/wp-content/uploads/2022/05/favicon.png"}, {"source": "https://pakobserver.net/feed/", "title": "SC sets hearing date for civilian trials in military courts", "description": "<img alt=\"\" class=\"webfeedsFeaturedVisual wp-post-image\" height=\"150\" src=\"https://pakobserver.net/wp-content/uploads/2023/10/Supreme-Court-150x150.jpg\" style=\"display: block; margin-bottom: 5px; clear: both;\" width=\"150\" />ISLAMABAD-\u00a0 The Supreme Court of Pakistan has fixed a date for the hearing of a case pertaining to the trial of civilians in military courts. The development comes as a significant legal matter that has garnered attention due to its potential implications. A five-member bench, led by Justice Ijaz-ul-Ahsan, is slated to convene for the [&#8230;]", "link": "https://pakobserver.net/sc-sets-hearing-date-for-civilian-trials-in-military-courts/", "date_published": "2023-10-20T06:43:10+00:00", "bookmarked": false, "dead": null, "artist": "Pakistan Observer", "album": "Pakistan Observer", "user": null, "language": "en-US", "thumbnail": "https://pakobserver.net/wp-content/uploads/2022/05/favicon.png"}, {"source": "https://pakobserver.net/feed/", "title": "Update on Hajj 2024 price in Pakistan under govt scheme", "description": "<img alt=\"\" class=\"webfeedsFeaturedVisual wp-post-image\" height=\"150\" src=\"https://pakobserver.net/wp-content/uploads/2021/05/hajj-150x150.jpg\" style=\"display: block; margin-bottom: 5px; clear: both;\" width=\"150\" />ISLAMABAD \u2013 The Ministry of Religious Affairs has sent the Hajj Policy 2024 to the caretaker federal cabinet for approval. Muslims from across the world perform the rituals in Makkah and Madinah in Islamic month of Zilhaj every year. Reports said the government has decided to collect Rs1.1 per person under the government Hajj scheme. [&#8230;]", "link": "https://pakobserver.net/update-on-hajj-2024-price-in-pakistan-under-govt-scheme/", "date_published": "2023-10-20T06:07:26+00:00", "bookmarked": false, "dead": null, "artist": "Pakistan Observer", "album": "Pakistan Observer", "user": null, "language": "en-US", "thumbnail": "https://pakobserver.net/wp-content/uploads/2022/05/favicon.png"}, {"source": "https://pakobserver.net/feed/", "title": "Pakistan vs Australia World Cup match today: Match Time, venue, squads and live streaming details", "description": "<img alt=\"\" class=\"webfeedsFeaturedVisual wp-post-image\" height=\"150\" src=\"https://pakobserver.net/wp-content/uploads/2023/10/hy-150x150.jpg\" style=\"display: block; margin-bottom: 5px; clear: both;\" width=\"150\" />BENGALURU &#8211; Pakistan will take on Australia in a group stage match of the ICC Men&#8217;s World Cup 2023 in Bengaluru today (Friday), eyeing to make a comeback after India defeat. This is the Babar Azam-led side\u2019s fourth match in the tournament and they are placed fourth on the 10-team points table with two wins [&#8230;]", "link": "https://pakobserver.net/pakistan-vs-australia-world-cup-match-today-match-time-venue-squads-and-live-streaming-details/", "date_published": "2023-10-20T05:47:25+00:00", "bookmarked": false, "dead": null, "artist": "Pakistan Observer", "album": "Pakistan Observer", "user": null, "language": "en-US", "thumbnail": "https://pakobserver.net/wp-content/uploads/2022/05/favicon.png"}, {"source": "https://pakobserver.net/feed/", "title": "Atomic Energy Medical Center holds seminar on breast cancer in Karachi", "description": "<img alt=\"\" class=\"webfeedsFeaturedVisual wp-post-image\" height=\"150\" src=\"https://pakobserver.net/wp-content/uploads/2023/10/ac-150x150.jpg\" style=\"display: block; margin-bottom: 5px; clear: both;\" width=\"150\" />KARACHI &#8211; The month of October is considered as Breast Cancer Awareness month worldwide. All Atomic Energy Cancer Hospitals observe October as a month of creating awareness of the disease for the prevention, diagnosis, treatment and cure. Atomic Energy Medical Center- Karachi, pioneer cancer hospital of Pakistan Atomic Energy Commission organized a seminar on Breast [&#8230;]", "link": "https://pakobserver.net/atomic-energy-medical-center-holds-seminar-on-breast-cancer-in-karachi/", "date_published": "2023-10-20T05:35:07+00:00", "bookmarked": false, "dead": null, "artist": "Pakistan Observer", "album": "Pakistan Observer", "user": null, "language": "en-US", "thumbnail": "https://pakobserver.net/wp-content/uploads/2022/05/favicon.png"}, {"source": "https://pakobserver.net/feed/", "title": "Gold rate in Saudi Arabia today \u2013 20 October 2023", "description": "<img alt=\"\" class=\"webfeedsFeaturedVisual wp-post-image\" height=\"150\" src=\"https://pakobserver.net/wp-content/uploads/2023/10/gd-150x150.webp\" style=\"display: block; margin-bottom: 5px; clear: both;\" width=\"150\" />LAHORE \u2013 The price of per tola price 24-karat gold in Saudi Arabia on Thursday stands at 2,733 Saudi Riyal (SAR), according to forex.pk. Furthermore, the 10 grams of 24-k gold is being sold for SAR 2,345 in the kingdom while the per ounce gold price stands at SAR 7,294. Note: The gold price across [&#8230;]", "link": "https://pakobserver.net/gold-rate-in-saudi-arabia-today-20-october-2023/", "date_published": "2023-10-20T05:29:04+00:00", "bookmarked": false, "dead": null, "artist": "Pakistan Observer", "album": "Pakistan Observer", "user": null, "language": "en-US", "thumbnail": "https://pakobserver.net/wp-content/uploads/2022/05/favicon.png"}, {"source": "https://pakobserver.net/feed/", "title": "UK Pound to PKR rate today \u2013 20 October 2023", "description": "<img alt=\"\" class=\"webfeedsFeaturedVisual wp-post-image\" height=\"150\" src=\"https://pakobserver.net/wp-content/uploads/2023/09/pound-150x150.jpg\" style=\"display: block; margin-bottom: 5px; clear: both;\" width=\"150\" />KARACHI &#8211; The value of one UK Pound Sterling went up slightly to Rs341.9 in Pakistan with its selling rate standing at Rs345.3 on Thursday. GBP to PKR Rate \u2013 20 October 2023 Date\u00a0 Latest Exchange Rate CHANGE\u00a0 October 20, 2023 Rs. 341.9 30paisas October 19, 2023 Rs. 341.6 https://pakobserver.net/dirham-to-pak-rupee-rate-today-aed-to-pkr-28-september-2023/ &#160;", "link": "https://pakobserver.net/uk-pound-to-pkr-rate-today-20-october-2023/", "date_published": "2023-10-20T05:24:59+00:00", "bookmarked": false, "dead": null, "artist": "Pakistan Observer", "album": "Pakistan Observer", "user": null, "language": "en-US", "thumbnail": "https://pakobserver.net/wp-content/uploads/2022/05/favicon.png"}, {"source": "https://pakobserver.net/feed/", "title": "Saudi Riyal to PKR rate today \u2013 20 October 2023", "description": "<img alt=\"\" class=\"webfeedsFeaturedVisual wp-post-image\" height=\"150\" src=\"https://pakobserver.net/wp-content/uploads/2023/09/riyal-150x150.jpg\" style=\"display: block; margin-bottom: 5px; clear: both;\" width=\"150\" />KARACHI \u2013 Saudi Arabia Riyal rate in Pakistan stands at Rs73.7 while the selling rate is Rs74.4 on Thursday, according to forex.pk. SAR to PKR Rate \u2013 20 October 2023 Date\u00a0 Latest Exchange Rate CHANGE\u00a0 October 20, 2023 Rs. 73.7 80paisas October 19, 2023 Rs. 74.5 &#160; &#160;", "link": "https://pakobserver.net/saudi-riyal-to-pkr-rate-today-20-october-2023/", "date_published": "2023-10-20T05:21:35+00:00", "bookmarked": false, "dead": null, "artist": "Pakistan Observer", "album": "Pakistan Observer", "user": null, "language": "en-US", "thumbnail": "https://pakobserver.net/wp-content/uploads/2022/05/favicon.png"}, {"source": "https://pakobserver.net/feed/", "title": "Dirham to PKR rate today \u2013 20 October 2023", "description": "<img alt=\"\" class=\"webfeedsFeaturedVisual wp-post-image\" height=\"150\" src=\"https://pakobserver.net/wp-content/uploads/2023/09/dirham-150x150.jpg\" style=\"display: block; margin-bottom: 5px; clear: both;\" width=\"150\" />KARACHI \u2013 United Arab Emirates (UAE) Dirham buying rate went down in open market of Pakistan as it now stands at Rs77.15 on Friday while the selling rate is Rs77.9. AED to PKR Rate \u2013 20 October 2023 Date\u00a0 Latest Exchange Rate CHANGE\u00a0 October 20, 2023 Rs77.15 -35paisas source: forex.pk https://pakobserver.net/currency-exchange-rates-in-pakistan-today-october-13-2023/", "link": "https://pakobserver.net/dirham-to-pkr-rate-today-20-october-2023/", "date_published": "2023-10-20T05:18:46+00:00", "bookmarked": false, "dead": null, "artist": "Pakistan Observer", "album": "Pakistan Observer", "user": null, "language": "en-US", "thumbnail": "https://pakobserver.net/wp-content/uploads/2022/05/favicon.png"}, {"source": "https://pakobserver.net/feed/", "title": "Currency exchange rates in Pakistan today \u2013 October 20, 2023", "description": "<img alt=\"\" class=\"webfeedsFeaturedVisual wp-post-image\" height=\"150\" src=\"https://pakobserver.net/wp-content/uploads/2023/09/curreny-rate-today-15-1-150x150.jpg\" style=\"display: block; margin-bottom: 5px; clear: both;\" width=\"150\" />KARACHI \u2013 The exchange rate for one US Dollar against Pakistani Rupees was recorded at Rs 279.25 in the local and open market, with a selling rate of Rs 282 on Friday, October 20, 2023. Note: Exchange rates can vary based on the location and the Exchange Company or bank involved in the transaction. Below [&#8230;]", "link": "https://pakobserver.net/currency-exchange-rates-in-pakistan-today-october-20-2023/", "date_published": "2023-10-20T03:39:32+00:00", "bookmarked": false, "dead": null, "artist": "Pakistan Observer", "album": "Pakistan Observer", "user": null, "language": "en-US", "thumbnail": "https://pakobserver.net/wp-content/uploads/2022/05/favicon.png"}, {"source": "https://pakobserver.net/feed/", "title": "Gold rate in Pakistan today \u2013 20 October, 2023", "description": "<img alt=\"\" class=\"webfeedsFeaturedVisual wp-post-image\" height=\"150\" src=\"https://pakobserver.net/wp-content/uploads/2023/07/gold-rate-in-pakistan-today-24-March-2023-1-1024x576-4-150x150.jpg\" style=\"display: block; margin-bottom: 5px; clear: both;\" width=\"150\" />KARACHI \u2013 The gold rate in the country for a single tola of 24-karat is being traded at PKR 211,450 here on Friday, October 20, 2023. Similarly, the gold price for 24-karat was recorded at Rs 181,290 per 10g as per the bullion market. Gold Price in Pakistan\u2019s different cities.\u00a0Last Update: 8AM City Gold Silver [&#8230;]", "link": "https://pakobserver.net/gold-rate-in-pakistan-today-20-october-2023/", "date_published": "2023-10-20T03:35:06+00:00", "bookmarked": false, "dead": null, "artist": "Pakistan Observer", "album": "Pakistan Observer", "user": null, "language": "en-US", "thumbnail": "https://pakobserver.net/wp-content/uploads/2022/05/favicon.png"}]