[{"source": "https://www.nbcnews.com/feed", "title": "His wife was killed the day before their eviction. A decade later, he faced another foreclosure \u2014 and a murder charge.", "description": "When Nick Firkus\u2019 second wife discovered he was hiding their upcoming foreclosure, his first wife\u2019s death around the time of their eviction began to make sense.", "link": "https://www.nbcnews.com/news/us-news/nick-firkus-murder-conviction-foreclosure-rachel-firkus-heidi-rcna120385", "date_published": "2023-10-20T23:05:00+00:00", "bookmarked": false, "dead": null, "artist": "CNBC", "album": "CNBC", "user": null, "language": "en-US", "thumbnail": "https://media-cldnry.s-nbcnews.com/image/upload/t_fit_1500w/rockcms/2023-10/231020-dateline-heidi-firkus-lr-dba33c.jpg"}, {"source": "https://www.nbcnews.com/feed", "title": "4 charged in illegal sale of dinosaur bones  that were shipped to China", "description": "A U.S. grand jury in Utah returned a 13-count indictment charging 4 people with buying and selling more than $1 million in \u201cpaleontological resources,\u201d which includes dinosaur bones that were exported to China, authorities announced Thursday.", "link": "https://www.nbcnews.com/news/us-news/4-charged-illegal-sale-dinosaur-bones-shipped-china-rcna121488", "date_published": "2023-10-20T23:01:29+00:00", "bookmarked": false, "dead": null, "artist": "CNBC", "album": "CNBC", "user": null, "language": "en-US", "thumbnail": "https://media-cldnry.s-nbcnews.com/image/upload/t_fit_1500w/rockcms/2023-10/231020-utah-doj-blm-paleo-dinosaur-bones-cover-ac-458p-8dcb6d.jpg"}, {"source": "https://www.nbcnews.com/feed", "title": "Federal agents found more than two dozen minors working in Ohio poultry plant", "description": "Federal agents found more than two dozen minors illegally working inside a poultry plant in Kidron, Ohio, earlier this month, say local immigration advocates.", "link": "https://www.nbcnews.com/news/us-news/federal-agents-found-two-dozen-minors-working-ohio-poultry-plant-rcna121502", "date_published": "2023-10-20T22:51:52+00:00", "bookmarked": false, "dead": null, "artist": "CNBC", "album": "CNBC", "user": null, "language": "en-US", "thumbnail": "https://media-cldnry.s-nbcnews.com/image/upload/t_fit_1500w/rockcms/2023-10/231020-kidron-ohio-gerbers-poultry-plant-google-snip-ac-631p-49d7a2.jpg"}, {"source": "https://www.nbcnews.com/feed", "title": "Iran is not currently seeking direct war with United States, U.S. officials say", "description": "The U.S. intelligence community believes Iran is not currently seeking a direct war with the U.S. but is looking to ratchet up pressure on Israel and the U.S.", "link": "https://www.nbcnews.com/politics/national-security/iran-not-currently-seeking-direct-war-united-states-rcna121496", "date_published": "2023-10-20T22:16:02+00:00", "bookmarked": false, "dead": null, "artist": "CNBC", "album": "CNBC", "user": null, "language": "en-US", "thumbnail": "https://media-cldnry.s-nbcnews.com/image/upload/t_fit_1500w/rockcms/2023-10/231020-jacksonville-florida-uss-carney-2017-ac-553p-82413b.jpg"}, {"source": "https://www.nbcnews.com/feed", "title": "Spirit Airlines says it's canceling some flights so it can inspect planes", "description": "Spirit Airlines, flight cancelations, Spirit cancels flights", "link": "https://www.nbcnews.com/business/travel/spirit-airlines-canceled-flights-inspect-25-planes-rcna121477", "date_published": "2023-10-20T21:09:08+00:00", "bookmarked": false, "dead": null, "artist": "CNBC", "album": "CNBC", "user": null, "language": "en-US", "thumbnail": "https://media-cldnry.s-nbcnews.com/image/upload/t_fit_1500w/rockcms/2023-06/230601-spirit-airlines-jm-1036-cc95de.jpg"}, {"source": "https://www.nbcnews.com/feed", "title": "An artist and a recent H.S. grad: These are the two American hostages released by Hamas", "description": "Judith Raanan and daughter Natalie were staying with relatives in Israel when they were taken by Hamas militants storming kibbutz Nahal Oz on October 7.", "link": "https://www.nbcnews.com/news/us-news/judith-raanan-natalie-us-hamas-hostages-released-what-know-rcna121472", "date_published": "2023-10-20T21:05:18+00:00", "bookmarked": false, "dead": null, "artist": "CNBC", "album": "CNBC", "user": null, "language": "en-US", "thumbnail": "https://media-cldnry.s-nbcnews.com/image/upload/t_fit_1500w/rockcms/2023-10/231020-judith-natalee-raaman-jg-d2f396.jpg"}, {"source": "https://www.nbcnews.com/feed", "title": "Judge lets Trump co-defendant keep his attorney in classified docs case despite possible conflicts of interest", "description": "Walt Nauta\u2019s defense attorney, Stanley Woodward, had previously represented a key witness that the government intends to call at trial.", "link": "https://www.nbcnews.com/politics/donald-trump/judge-lets-trump-co-defendant-keep-attorney-classified-docs-case-possi-rcna121473", "date_published": "2023-10-20T21:01:28+00:00", "bookmarked": false, "dead": null, "artist": "CNBC", "album": "CNBC", "user": null, "language": "en-US", "thumbnail": "https://media-cldnry.s-nbcnews.com/image/upload/t_fit_1500w/rockcms/2023-06/230627-walt-nauta-mb-1309-2c6a76.jpg"}, {"source": "https://www.nbcnews.com/feed", "title": "The United States ranks 118th in the world for racial inclusion according to annual tally", "description": "The U.S. continues to underperform on an annual list that ranks inclusivity as experienced by marginalized groups in countries across the globe.", "link": "https://www.nbcnews.com/news/nbcblk/united-states-ranked-118th-world-racial-inclusion-according-annual-tal-rcna121421", "date_published": "2023-10-20T20:53:13+00:00", "bookmarked": false, "dead": null, "artist": "CNBC", "album": "CNBC", "user": null, "language": "en-US", "thumbnail": "https://media-cldnry.s-nbcnews.com/image/upload/t_fit_1500w/rockcms/2023-10/231020-inclusivityranking-main-ksp-8c8405.jpg"}, {"source": "https://www.nbcnews.com/feed", "title": "Supreme Court blocks restrictions on Biden administration efforts to remove contentious social media posts", "description": "The Supreme Court addresses curbs on Biden administration contacts with social media companies on Covid-19, the 2020 election and other problematic Content.", "link": "https://www.nbcnews.com/politics/supreme-court/supreme-court-blocks-biden-social-media-curbs-rcna105785", "date_published": "2023-10-20T20:19:18+00:00", "bookmarked": false, "dead": null, "artist": "CNBC", "album": "CNBC", "user": null, "language": "en-US", "thumbnail": "https://media-cldnry.s-nbcnews.com/image/upload/t_fit_1500w/rockcms/2023-09/230920-joe-biden-ew-243p-9e61db.jpg"}, {"source": "https://www.nbcnews.com/feed", "title": "Prosecutors in Sam Bankman-Fried trial compare defense argument to \u2018Dumb and Dumber\u2019", "description": "Prosecutors in the criminal trial against FTX co-founder Sam Bankman-Fried compared one of the defense\u2019s arguments to a scene in the 1994 film \u201cDumb and Dumber,\u201d in which actor Jim Carrey says IOUs are \u201cas good as money.\u201d", "link": "https://www.nbcnews.com/business/business-news/prosecutors-sam-bankman-fried-trial-compare-defense-argument-dumb-dumb-rcna121480", "date_published": "2023-10-20T20:13:47+00:00", "bookmarked": false, "dead": null, "artist": "CNBC", "album": "CNBC", "user": null, "language": "en-US", "thumbnail": "https://media-cldnry.s-nbcnews.com/image/upload/t_fit_1500w/rockcms/2023-10/231012-sam-bankman-fried-mjf-1655-ef7dd6.jpg"}, {"source": "https://www.nbcnews.com/feed", "title": "Former U.S. firearms investigator illegally trafficked guns to Mexico, government document alleges", "description": "Former ATF investigator Jose Luis Meneses admitted to buying firearm parts and trafficking them into Mexico, according to a letter to ATF by U.S. Senator Charles Grassley.", "link": "https://www.nbcnews.com/news/latino/former-us-firearms-investigator-illegally-trafficked-guns-mexico-gover-rcna121468", "date_published": "2023-10-20T20:13:19+00:00", "bookmarked": false, "dead": null, "artist": "CNBC", "album": "CNBC", "user": null, "language": "en-US", "thumbnail": "https://media-cldnry.s-nbcnews.com/image/upload/t_fit_1500w/rockcms/2022-04/220410-atf-agent-jm-1622-ba4640.jpg"}, {"source": "https://www.nbcnews.com/feed", "title": "In search of 10 billion missing snow crabs, scientists eye marine heat waves", "description": "About 10 billion snow crabs disappeared from Bering Sea waters between 2018 and 2021, forcing to shutter fisheries in Alaska last winter and threatening the state\u2019s economy.", "link": "https://www.nbcnews.com/science/environment/search-10-billion-missing-snow-crabs-scientists-eye-marine-heat-waves-rcna121449", "date_published": "2023-10-20T20:12:16+00:00", "bookmarked": false, "dead": null, "artist": "CNBC", "album": "CNBC", "user": null, "language": "en-US", "thumbnail": "https://media-cldnry.s-nbcnews.com/image/upload/t_fit_1500w/rockcms/2023-10/231020-Bering-Sea-snow-crab-NOAA-ew-306p-2a3b2f.jpg"}, {"source": "https://www.nbcnews.com/feed", "title": "YouTube demonitizes prominent creator Sssniperwolf\u2019s channel following accusations of doxxing fellow creator", "description": "YouTube on Friday said it was issuing a temporary monetization suspension to creator Alia Shelesh, known as SSSniperwolf on the platform, after allegations that she doxxed fellow creator Jack Douglass.", "link": "https://www.nbcnews.com/tech/jacksfilms-sssniperwolf-doxxing-allegations-youtube-response-rcna121297", "date_published": "2023-10-20T20:11:43+00:00", "bookmarked": false, "dead": null, "artist": "CNBC", "album": "CNBC", "user": null, "language": "en-US", "thumbnail": "https://media-cldnry.s-nbcnews.com/image/upload/t_fit_1500w/rockcms/2023-10/231019-JACKSFILMS-SSSniperfilms-2-up-split-ac-926p-01246d.jpg"}, {"source": "https://www.nbcnews.com/feed", "title": "University of Michigan pledges cooperation with NCAA over probe into sign-stealing allegations", "description": "University of Michigan\u2019 undefeated football team is being investigated by the NCAA over sign-stealing allegations. Coach Jim Harbaugh denied knowledge of such actions.", "link": "https://www.nbcnews.com/news/sports/ncaa-investigation-launched-michigan-football-team-sign-stealing-alleg-rcna121410", "date_published": "2023-10-20T20:08:13+00:00", "bookmarked": false, "dead": null, "artist": "CNBC", "album": "CNBC", "user": null, "language": "en-US", "thumbnail": "https://media-cldnry.s-nbcnews.com/image/upload/t_fit_1500w/rockcms/2023-10/231020-michigan-wolverines-se-1114a-7be7c9.jpg"}, {"source": "https://www.nbcnews.com/feed", "title": "Why co-washing can be a game changer for curly and coily hair", "description": "Co-washes combine the benefits of shampoo and conditioners together. Shop the best ones from brands like Oribe, Ouidad, Christophe Robin and more.", "link": "https://www.nbcnews.com/select/shopping/best-co-washes-rcna121423", "date_published": "2023-10-20T19:51:35+00:00", "bookmarked": false, "dead": null, "artist": "CNBC", "album": "CNBC", "user": null, "language": "en-US", "thumbnail": "https://media-cldnry.s-nbcnews.com/image/upload/t_fit_1500w/rockcms/2023-10/231019-co-washes-oo-social-fad280.jpg"}, {"source": "https://www.nbcnews.com/feed", "title": "Supreme Court rejects Missouri bid to implement law that limits state role in enforcing federal gun laws", "description": "The case reflects clashing interpretations of the right to bear arms under the Constitution\u2019s 2nd Amendment.", "link": "https://www.nbcnews.com/politics/supreme-court/supreme-court-rejects-missouri-bid-implement-novel-gun-law-rcna120192", "date_published": "2023-10-20T19:48:01+00:00", "bookmarked": false, "dead": null, "artist": "CNBC", "album": "CNBC", "user": null, "language": "en-US", "thumbnail": "https://media-cldnry.s-nbcnews.com/image/upload/t_fit_1500w/rockcms/2023-10/231012-missouri-guns-se-457p-7fc866.jpg"}, {"source": "https://www.nbcnews.com/feed", "title": "Vivek Ramaswamy wants the U.S. to have an Iron Dome. It's not so simple.", "description": "Vivek Ramaswamy said during a question-and-answer session Wednesday that he'd like the U.S. to mimic Israel's short-range missile defenses.", "link": "https://www.nbcnews.com/politics/2024-election/vivek-ramaswamy-wants-us-iron-dome-not-simple-rcna121369", "date_published": "2023-10-20T19:34:47+00:00", "bookmarked": false, "dead": null, "artist": "CNBC", "album": "CNBC", "user": null, "language": "en-US", "thumbnail": "https://media-cldnry.s-nbcnews.com/image/upload/t_fit_1500w/rockcms/2023-10/23020-Vivek-Ramaswamy-al-0819-f242e5.jpg"}, {"source": "https://www.nbcnews.com/feed", "title": "White House gives statement on release of two Americans held hostage by Hamas", "description": "NBC News' Gabe Gutierrez reports on a statement from the Biden administration after the release of two Americans held hostage by Hamas.", "link": "https://www.nbcnews.com/now/video/white-house-gives-statement-on-release-of-two-americans-held-hostage-by-hamas-196075589793", "date_published": "2023-10-20T19:34:36+00:00", "bookmarked": false, "dead": null, "artist": "CNBC", "album": "CNBC", "user": null, "language": "en-US", "thumbnail": "https://media-cldnry.s-nbcnews.com/image/upload/t_fit_1500w/mpx/2704722219/2023_10/1697830461884_now_daily_b_gutierrez_whitehouse_hostages_231020_1920x1080-xrbxod.jpg"}, {"source": "https://www.nbcnews.com/feed", "title": "Tennessee convict on the run after escaping from police transport van", "description": "A convict facing numerous sexual assault of minors and drug charges is currently on the run in Tennessee after he escaped by kicking out the back window of a transport van, authorities said.", "link": "https://www.nbcnews.com/news/us-news/tennessee-convict-run-escaping-police-transport-van-rcna121407", "date_published": "2023-10-20T19:31:59+00:00", "bookmarked": false, "dead": null, "artist": "CNBC", "album": "CNBC", "user": null, "language": "en-US", "thumbnail": "https://media-cldnry.s-nbcnews.com/image/upload/t_fit_1500w/rockcms/2023-10/231020-sean-williams-tennessee-prisoner-escape-se-103p-fadd1d.jpg"}, {"source": "https://www.nbcnews.com/feed", "title": "Michigan nursing student killed by ex-boyfriend who called his parents to confess before killing himself, police say", "description": "A 25-year-old nursing student was killed by her ex-boyfriend who allegedly called his parents to confess before killing himself, authorities in Michigan said.", "link": "https://www.nbcnews.com/news/us-news/michigan-nursing-student-killed-ex-boyfriend-called-parents-confess-ki-rcna121436", "date_published": "2023-10-20T19:20:36+00:00", "bookmarked": false, "dead": null, "artist": "CNBC", "album": "CNBC", "user": null, "language": "en-US", "thumbnail": "https://media-cldnry.s-nbcnews.com/image/upload/t_fit_1500w/rockcms/2023-10/231020-Gina-Bryant-al-1449-021da6.jpg"}, {"source": "https://www.nbcnews.com/feed", "title": "Hamas statement on hostage release cites 'humanitarian reasons'", "description": "Two American hostages have been released by Hamas, according to 3 people with knowledge of the matter. Hamas claimed they were releasing the American mother and daughter for \"humanitarian reasons\" and as a rebuke to Pres. Biden's condemnation of the group.", "link": "https://www.nbcnews.com/video/-hamas-statement-on-hostage-release-cites-humanitarian-reasons-196072517513", "date_published": "2023-10-20T18:38:11+00:00", "bookmarked": false, "dead": null, "artist": "CNBC", "album": "CNBC", "user": null, "language": "en-US", "thumbnail": "https://media-cldnry.s-nbcnews.com/image/upload/t_fit_1500w/mpx/2704722219/2023_10/1697827074246_nbc_hamas_rebukes_statements_231020_1920x1080-gjze21.jpg"}, {"source": "https://www.nbcnews.com/feed", "title": "London police offer new reward in cold case of body discovered in wine bar freezer after 9 years", "description": "Police in London sought help from the public on Friday to identify the person responsible for a man\u2019s death whose body was found inside a freezer at an empty pub after he had been missing for nearly a decade.", "link": "https://www.nbcnews.com/news/world/london-police-offer-new-reward-cold-case-body-discovered-wine-bar-free-rcna121457", "date_published": "2023-10-20T18:37:57+00:00", "bookmarked": false, "dead": null, "artist": "CNBC", "album": "CNBC", "user": null, "language": "en-US", "thumbnail": "https://media-cldnry.s-nbcnews.com/image/upload/t_fit_1500w/rockcms/2023-10/231020-2x1-met-police-Roy-Bigg-ew-216p-99544b.jpg"}, {"source": "https://www.nbcnews.com/feed", "title": "A new crop of GOP Senate candidates grapples with Trump-skeptical pasts", "description": "Republican Senate candidates are still struggling to reconcile their political brands with Donald Trump \u2014 and explain away past criticism of him.", "link": "https://www.nbcnews.com/politics/2024-election/new-crop-gop-senate-candidates-grapples-trump-skeptical-pasts-rcna121246", "date_published": "2023-10-20T18:05:05+00:00", "bookmarked": false, "dead": null, "artist": "CNBC", "album": "CNBC", "user": null, "language": "en-US", "thumbnail": "https://media-cldnry.s-nbcnews.com/image/upload/t_fit_1500w/rockcms/2023-10/231019-Frank-LaRose-al-1226-b4a72e.jpg"}, {"source": "https://www.nbcnews.com/feed", "title": "America's only Formula One driver is fighting for his future. He says he knows 'exactly' what he needs to do.", "description": "AUSTIN \u2014 Logan Sargeant is the only American driver in Formula One.", "link": "https://www.nbcnews.com/news/sports/americas-only-formula-one-driver-fighting-future-says-knows-exactly-ne-rcna121275", "date_published": "2023-10-20T17:15:54+00:00", "bookmarked": false, "dead": null, "artist": "CNBC", "album": "CNBC", "user": null, "language": "en-US", "thumbnail": "https://media-cldnry.s-nbcnews.com/image/upload/t_fit_1500w/rockcms/2023-10/231019-Logan-Sargeant-1-ew-228p-e0d511.jpg"}, {"source": "https://www.nbcnews.com/feed", "title": "Meet the Black woman who argued South Carolina\u2019s redistricting case before the Supreme Court", "description": "During Leah Aden\u2019s first oral arguments before the U.S.", "link": "https://www.nbcnews.com/news/nbcblk/meet-black-woman-argued-south-carolinas-redistricting-case-supreme-cou-rcna120788", "date_published": "2023-10-20T17:05:12+00:00", "bookmarked": false, "dead": null, "artist": "CNBC", "album": "CNBC", "user": null, "language": "en-US", "thumbnail": "https://media-cldnry.s-nbcnews.com/image/upload/t_fit_1500w/rockcms/2023-10/231017-leah-aden-jg-ef4cb8.jpg"}, {"source": "https://www.nbcnews.com/feed", "title": "Former Florida lawmaker who sponsored 'Don't Say Gay' sentenced to prison for Covid-19 relief fraud", "description": "The former Florida lawmaker who sponsored the controversial law critics call \u201cDon\u2019t Say Gay\u201d was sentenced to six months in federal prison.", "link": "https://www.nbcnews.com/nbc-out/out-news/former-florida-lawmaker-sponsored-dont-say-gay-sentenced-prison-covid-rcna121434", "date_published": "2023-10-20T16:44:20+00:00", "bookmarked": false, "dead": null, "artist": "CNBC", "album": "CNBC", "user": null, "language": "en-US", "thumbnail": "https://media-cldnry.s-nbcnews.com/image/upload/t_fit_1500w/rockcms/2023-10/231020-Joe-Harding-al-1240-968e9b.jpg"}, {"source": "https://www.nbcnews.com/feed", "title": "Georgia agrees to pay for gender-affirming care for public employees, settling a lawsuit", "description": "Georgia will start paying for gender-affirming care for state employees, public school teachers and former employees covered by a state health insurance plan.", "link": "https://www.nbcnews.com/nbc-out/out-news/georgia-agrees-pay-gender-affirming-care-public-employees-settling-law-rcna121395", "date_published": "2023-10-20T16:30:30+00:00", "bookmarked": false, "dead": null, "artist": "CNBC", "album": "CNBC", "user": null, "language": "en-US", "thumbnail": "https://media-cldnry.s-nbcnews.com/image/upload/t_fit_1500w/rockcms/2023-10/231020-transgender-flag-se-1216p-0a7243.jpg"}, {"source": "https://www.nbcnews.com/feed", "title": "Massive protests seen at U.S. embassies in several countries after Gaza hospital bombing", "description": "Thousands of people in Muslim countries and beyond held demonstrations Friday in solidarity with Palestinians in the Gaza Strip, calling for an end to Israel\u2019s blockade and airstrikes in the wake of a brutal incursion into southern Israel by fighters from the Hamas militant group that rules Gaza.", "link": "https://www.nbcnews.com/news/world/massive-protests-seen-us-embassies-several-countries-gaza-hospital-bom-rcna121412", "date_published": "2023-10-20T16:27:01+00:00", "bookmarked": false, "dead": null, "artist": "CNBC", "album": "CNBC", "user": null, "language": "en-US", "thumbnail": "https://media-cldnry.s-nbcnews.com/image/upload/t_fit_1500w/rockcms/2023-10/231020-pro-palestine-rally-egypt-al-1148-295a2a.jpg"}, {"source": "https://www.nbcnews.com/feed", "title": "Trump co-defendant Kenneth Chesebro strikes plea deal with Georgia prosecutors", "description": "Trump campaign legal adviser Kenneth Chesebro struck a deal with prosecutors from the Fulton County, Georgia, district attorney\u2019s office in its 2020 election interference case on Friday.", "link": "https://www.nbcnews.com/politics/donald-trump/trump-chesebro-plea-deal-georgia-trial-rcna121387", "date_published": "2023-10-20T16:24:44+00:00", "bookmarked": false, "dead": null, "artist": "CNBC", "album": "CNBC", "user": null, "language": "en-US", "thumbnail": "https://media-cldnry.s-nbcnews.com/image/upload/t_fit_1500w/rockcms/2023-10/231019-kenneth-Chesebro-ew-650p-c182b9.jpg"}, {"source": "https://www.nbcnews.com/feed", "title": "Israeli family fears child may spend his 9th birthday as a hostage of Hamas", "description": "The family of Ohad Munder-Zichri fear he has been taken hostage by Hamas and will spend his birthday in the hands of the militant group.", "link": "https://www.nbcnews.com/news/world/israel-hamas-war-hostages-family-missing-boy-birthday-rcna121284", "date_published": "2023-10-20T16:19:41+00:00", "bookmarked": false, "dead": null, "artist": "CNBC", "album": "CNBC", "user": null, "language": "en-US", "thumbnail": "https://media-cldnry.s-nbcnews.com/image/upload/t_fit_1500w/rockcms/2023-10/231020-Ohad-Munder-Zichri-Keren-Munder-mn-0525-9d7868.jpg"}, {"source": "https://www.nbcnews.com/feed", "title": "Jim Jordan fails on third vote for House speaker after losing more GOP support", "description": "WASHINGTON \u2014 A \u201chodgepodge\u201d of 25 entrenched GOP lawmakers on Friday blocked Rep.", "link": "https://www.nbcnews.com/politics/congress/jim-jordan-fails-third-vote-house-speaker-losing-gop-support-rcna121394", "date_published": "2023-10-20T16:07:08+00:00", "bookmarked": false, "dead": null, "artist": "CNBC", "album": "CNBC", "user": null, "language": "en-US", "thumbnail": "https://media-cldnry.s-nbcnews.com/image/upload/t_fit_1500w/rockcms/2023-10/231020-jim-jordan-al-1008-5258c2.jpg"}, {"source": "https://www.nbcnews.com/feed", "title": "The 7 best sales to shop right now", "description": "Get a headstart on holiday shopping with this week\u2019s sales from Lululemon, Away, Tatcha and more", "link": "https://www.nbcnews.com/select/shopping/weekly-sales-102023-rcna121418", "date_published": "2023-10-20T16:06:58+00:00", "bookmarked": false, "dead": null, "artist": "CNBC", "album": "CNBC", "user": null, "language": "en-US", "thumbnail": "https://media-cldnry.s-nbcnews.com/image/upload/t_fit_1500w/rockcms/2023-10/231020-weekly-sales-bd-main-301b33.jpg"}, {"source": "https://www.nbcnews.com/feed", "title": "How Ron DeSantis' super PAC is taking financial pressure off his campaign", "description": "Recent campaign finance reports illustrate how Ron DeSantis' super PAC has helped cover costs that otherwise might have drained his own campaign treasury.", "link": "https://www.nbcnews.com/politics/2024-election/ron-desantis-super-pac-taking-financial-pressure-campaign-rcna120160", "date_published": "2023-10-20T16:06:39+00:00", "bookmarked": false, "dead": null, "artist": "CNBC", "album": "CNBC", "user": null, "language": "en-US", "thumbnail": "https://media-cldnry.s-nbcnews.com/image/upload/t_fit_1500w/rockcms/2023-10/231016-ron-desantis-never-back-down-bus-ew-207p-46493d.jpg"}, {"source": "https://www.nbcnews.com/feed", "title": "White House seeks more aid for Israel and Ukraine in $105B funding request", "description": "The White House on Friday requested that Congress provide more than $105 billion in aid to Ukraine and Israel and other national security needs.", "link": "https://www.nbcnews.com/politics/white-house/white-house-supplemental-aid-israel-ukraine-105b-funding-request-rcna121388", "date_published": "2023-10-20T15:34:35+00:00", "bookmarked": false, "dead": null, "artist": "CNBC", "album": "CNBC", "user": null, "language": "en-US", "thumbnail": "https://media-cldnry.s-nbcnews.com/image/upload/t_fit_1500w/rockcms/2023-10/231020-biden-israel-kh-cf8b81.jpg"}, {"source": "https://www.nbcnews.com/feed", "title": "St. Louis football coach shot by parent during practice allegedly over non-starting position", "description": "A youth football team\u2019s season was canceled after the coach was shot multiple times allegedly by an angry parent who was upset his son was not a starting player, court documents state.", "link": "https://www.nbcnews.com/news/us-news/st-louis-youth-football-coach-shot-multiple-parent-practice-allegedly-rcna121383", "date_published": "2023-10-20T15:24:52+00:00", "bookmarked": false, "dead": null, "artist": "CNBC", "album": "CNBC", "user": null, "language": "en-US", "thumbnail": "https://media-cldnry.s-nbcnews.com/image/upload/MSNBC/Components/Media/NBC-promo-graphics/nbc-news.png"}, {"source": "https://www.nbcnews.com/feed", "title": "SAG-AFTRA issues new guidelines for 'strike-friendly' Halloween costumes", "description": "SAG-AFTRA told members to avoid wearing Halloween costumes that depict a television or film character. The organization said to stick to generalized character costumes.", "link": "https://www.nbcnews.com/pop-culture/pop-culture-news/sag-aftra-strike-halloween-costumes-characters-rcna121391", "date_published": "2023-10-20T15:23:15+00:00", "bookmarked": false, "dead": null, "artist": "CNBC", "album": "CNBC", "user": null, "language": "en-US", "thumbnail": "https://media-cldnry.s-nbcnews.com/image/upload/t_fit_1500w/rockcms/2023-09/230924-writers-strike-jm-1656-e82ae2.jpg"}, {"source": "https://www.nbcnews.com/feed", "title": "NYU law school journal discriminates against straight, white applicants, lawsuit alleges", "description": "A conservative legal group sued New York University on Thursday in federal court, claiming NYU School of Law\u2019s process in selecting students to work on its flagship academic publication gives preference to women and minorities in violation of U.S. law.", "link": "https://www.nbcnews.com/news/nbcblk/conservative-group-sues-nyu-claiming-law-journal-student-staffing-disc-rcna121406", "date_published": "2023-10-20T15:19:18+00:00", "bookmarked": false, "dead": null, "artist": "CNBC", "album": "CNBC", "user": null, "language": "en-US", "thumbnail": "https://media-cldnry.s-nbcnews.com/image/upload/t_fit_1500w/rockcms/2023-10/231011-nyu-campus-ew-646p-ffeee4.jpg"}, {"source": "https://www.nbcnews.com/feed", "title": "Marlon Wayans says he is being unfairly prosecuted after being racially targeted by gate agent", "description": "Actor and comedian Marlon Wayans says he is being unfairly prosecuted for disturbing the peace over a dispute with an airline employee who he alleges targeted him because of his race.", "link": "https://www.nbcnews.com/news/nbcblk/marlon-wayans-says-unfairly-prosecuted-racially-targeted-gate-agent-rcna121402", "date_published": "2023-10-20T14:57:07+00:00", "bookmarked": false, "dead": null, "artist": "CNBC", "album": "CNBC", "user": null, "language": "en-US", "thumbnail": "https://media-cldnry.s-nbcnews.com/image/upload/t_fit_1500w/rockcms/2023-10/231020-Marlon-Wayans-al-1046-33b7cd.jpg"}, {"source": "https://www.nbcnews.com/feed", "title": "Judge blocks California school district policy to notify parents if their child changes pronouns", "description": "Parts of a California school district policy that require staff to tell parents if their child asks to change their gender identification will remain halted.", "link": "https://www.nbcnews.com/nbc-out/out-news/judge-blocks-california-school-district-policy-notify-parents-child-ch-rcna121398", "date_published": "2023-10-20T14:50:19+00:00", "bookmarked": false, "dead": null, "artist": "CNBC", "album": "CNBC", "user": null, "language": "en-US", "thumbnail": "https://media-cldnry.s-nbcnews.com/image/upload/t_fit_1500w/rockcms/2023-10/231020-Chino-Valley-Unified-School-District-ew-1042a-50a719.jpg"}, {"source": "https://www.nbcnews.com/feed", "title": "Maryland circuit court judge killed in driveway of home, police say", "description": "A Maryland judge was found apparently shot in the driveway of his home Thursday evening and later died, officials say.", "link": "https://www.nbcnews.com/news/us-news/maryland-circuit-court-judge-killed-driveway-home-police-say-rcna121366", "date_published": "2023-10-20T11:57:35+00:00", "bookmarked": false, "dead": null, "artist": "CNBC", "album": "CNBC", "user": null, "language": "en-US", "thumbnail": "https://media-cldnry.s-nbcnews.com/image/upload/t_fit_1500w/rockcms/2023-10/231020-judge-killed-maryland-mn-0735-3c6700.jpg"}, {"source": "https://www.nbcnews.com/feed", "title": "House speaker fight and Pepperdine crash victims remembered: Morning Rundown", "description": "Israel-Hamas war, Jim Jordan, Patrick McHenry, Pepperdine University, Natalee Holloway, Indiana serial killer, Travis King, Britney Spears", "link": "https://www.nbcnews.com/news/morning-rundown-october-20-rcna121352", "date_published": "2023-10-20T11:24:39+00:00", "bookmarked": false, "dead": null, "artist": "CNBC", "album": "CNBC", "user": null, "language": "en-US", "thumbnail": "https://media-cldnry.s-nbcnews.com/image/upload/t_fit_1500w/rockcms/2023-10/231019-peyton-stewart-ac-739p-966f04.jpg"}, {"source": "https://www.nbcnews.com/feed", "title": "China is building up its nuclear arsenal faster than predicted, U.S. report says", "description": "A Pentagon report on China\u2019s military power says Beijing is exceeding previous projections of how quickly it is building up its nuclear weapons arsenal.", "link": "https://www.nbcnews.com/news/world/china-building-nuclear-weapons-arsenal-faster-rcna121349", "date_published": "2023-10-20T10:02:56+00:00", "bookmarked": false, "dead": null, "artist": "CNBC", "album": "CNBC", "user": null, "language": "en-US", "thumbnail": "https://media-cldnry.s-nbcnews.com/image/upload/t_fit_1500w/rockcms/2023-10/231020-china-xi-jinping-mn-0510-85bb52.jpg"}, {"source": "https://www.nbcnews.com/feed", "title": "Hamas attack evokes memories of the Holocaust for many Jews", "description": "When terrorists stormed into southern Israel and killed more than 1,000 people on Oct.", "link": "https://www.nbcnews.com/news/world/hamas-attack-evokes-memories-holocaust-many-jews-rcna120590", "date_published": "2023-10-20T10:00:00+00:00", "bookmarked": false, "dead": null, "artist": "CNBC", "album": "CNBC", "user": null, "language": "en-US", "thumbnail": "https://media-cldnry.s-nbcnews.com/image/upload/t_fit_1500w/rockcms/2023-10/231012-Kibbutz-Beeri-nova-festival-ew-323p-93dad6.jpg"}, {"source": "https://www.nbcnews.com/feed", "title": "Muslim members of Congress face spikes in death threats", "description": "Rep. Ilhan Omar, D-Minn., said she worries for her children\u2019s safety as her office is inundated with profanity-laced threats.", "link": "https://www.nbcnews.com/politics/congress/muslim-ilhan-omar-congress-spikes-death-threats-rcna121248", "date_published": "2023-10-20T09:00:00+00:00", "bookmarked": false, "dead": null, "artist": "CNBC", "album": "CNBC", "user": null, "language": "en-US", "thumbnail": "https://media-cldnry.s-nbcnews.com/image/upload/t_fit_1500w/rockcms/2023-10/231019-Ilhan-Omar-al-1255-e2d58d.jpg"}, {"source": "https://www.nbcnews.com/feed", "title": "Electric scooters, curling irons, desk magnets: Pediatricians warn products are injuring kids", "description": "Electric scooters, hair styling tools and tiny magnets found in desk toys are landing kids in the emergency room, according to a spate of new research.", "link": "https://www.nbcnews.com/health/kids-health/scooters-curling-irons-magnets-injuring-kids-doctors-warn-rcna120644", "date_published": "2023-10-20T05:01:00+00:00", "bookmarked": false, "dead": null, "artist": "CNBC", "album": "CNBC", "user": null, "language": "en-US", "thumbnail": "https://media-cldnry.s-nbcnews.com/image/upload/t_fit_1500w/rockcms/2023-10/231019-kid-injuries-jg-918d34.jpg"}, {"source": "https://www.nbcnews.com/feed", "title": "Britney Spears reflects on her 'traumatizing' conservatorship in upcoming memoir", "description": "In her upcoming memoir, Britney Spears is shedding new light onto what her life was like during her 13-year court-ordered conservatorship.", "link": "https://www.nbcnews.com/pop-culture/pop-culture-news/britney-spears-reflects-traumatizing-conservatorship-upcoming-memoir-rcna121320", "date_published": "2023-10-20T04:06:21+00:00", "bookmarked": false, "dead": null, "artist": "CNBC", "album": "CNBC", "user": null, "language": "en-US", "thumbnail": "https://media-cldnry.s-nbcnews.com/image/upload/t_fit_1500w/rockcms/2023-10/231019-britney-spears-ac-943p-cd04fa.jpg"}, {"source": "https://www.nbcnews.com/feed", "title": "Inside the White House's outreach to the family of the slain 6-year-old Palestinian American boy", "description": "President Joe Biden mentioned Wadea Al-Fayoume in his Oval Office speech Thursday night. Immediately afterward, he called the boy's family.", "link": "https://www.nbcnews.com/politics/white-house/biden-white-house-outreach-call-wadea-alfayoume-palestinian-boy-rcna121282", "date_published": "2023-10-20T01:23:07+00:00", "bookmarked": false, "dead": null, "artist": "CNBC", "album": "CNBC", "user": null, "language": "en-US", "thumbnail": "https://media-cldnry.s-nbcnews.com/image/upload/t_fit_1500w/rockcms/2023-10/231019-Wadea-Al-Fayoume-funeral-2-se-311p-805624.jpg"}, {"source": "https://www.nbcnews.com/feed", "title": "Hunter Biden special counsel David Weiss to testify before House committee", "description": "Weiss will sit for a closed-door interview on Nov. 7 with the House Judiciary Committee led by GOP chairman Jim Jordan of Ohio.", "link": "https://www.nbcnews.com/politics/justice-department/hunter-biden-special-counsel-david-weiss-testify-house-committee-rcna121328", "date_published": "2023-10-20T01:14:24+00:00", "bookmarked": false, "dead": null, "artist": "CNBC", "album": "CNBC", "user": null, "language": "en-US", "thumbnail": "https://media-cldnry.s-nbcnews.com/image/upload/t_fit_1500w/rockcms/2023-07/230703-David-Weiss-al-1036-a30cd6.jpg"}, {"source": "https://www.nbcnews.com/feed", "title": "How Biden\u2019s support for Israel could be received by Arab leaders", "description": "NBC's Kier Simmons reports on how President Joe Biden\u2019s show of support for Israel could be received by Arab leaders.", "link": "https://www.nbcnews.com/now/video/how-biden-s-support-for-israel-could-be-received-by-arab-leaders-196021317749", "date_published": "2023-10-20T01:00:10+00:00", "bookmarked": false, "dead": null, "artist": "CNBC", "album": "CNBC", "user": null, "language": "en-US", "thumbnail": "https://media-cldnry.s-nbcnews.com/image/upload/t_fit_1500w/mpx/2704722219/2023_10/1697763593491_now_staytuned_simmons_biden_231019_1920x1080-4f5gih.jpg"}, {"source": "https://www.nbcnews.com/feed", "title": "Biden reflects on why conflicts in Israel, Ukraine should matter to Americans", "description": "President Joe Biden announced that he is going to send an urgent security package request to Congress to help fund defense in Israel and Ukraine and why ending those conflicts should matter to people in the U.S.", "link": "https://www.nbcnews.com/video/biden-reflects-on-why-conflicts-in-israel-ukraine-should-matter-to-americans-196016709973", "date_published": "2023-10-20T00:39:56+00:00", "bookmarked": false, "dead": null, "artist": "CNBC", "album": "CNBC", "user": null, "language": "en-US", "thumbnail": "https://media-cldnry.s-nbcnews.com/image/upload/t_fit_1500w/mpx/2704722219/2023_10/1697762381254_nbc_spec_biden_remarks_israel_231018_1920x1080-tmli5o.jpg"}]