[{"source": "https://www.youtube.com/feeds/videos.xml?channel_id=UCSJPFQdZwrOutnmSFYtbstA", "title": "A Tale Of Two Snow Whites", "description": "So it turns out the Daily Wire is going to be releasing their own version of Snow White next year, starring Brett Cooper, in a deliberate middle-finger to Disney. Is it a parody or a legit movie? And could it possibly hope to challenge the House of Mouse?", "link": "https://www.youtube.com/watch?v=YAxkfMB9ggo", "date_published": "2023-10-20T16:45:01+00:00", "bookmarked": false, "dead": null, "artist": "The Critical Drinker", "album": "The Critical Drinker", "user": null, "language": "en-US", "thumbnail": "https://i2.ytimg.com/vi/YAxkfMB9ggo/hqdefault.jpg"}]