[{"source": "https://bgr.com/feed", "title": "Apple is probably done releasing new Macs and iPads this year", "description": "<p>There&#8217;s a very good chance that the new Apple Pencil is the final piece of hardware Apple will release this year. Rumors about new iPad &#8230;</p>\n<p>The post <a href=\"https://bgr.com/tech/apple-is-probably-done-releasing-new-macs-and-ipads-this-year/\">Apple is probably done releasing new Macs and iPads this year</a> appeared first on <a href=\"https://bgr.com\">BGR</a>.</p>", "link": "https://bgr.com/tech/apple-is-probably-done-releasing-new-macs-and-ipads-this-year/", "date_published": "2023-10-20T23:42:00+00:00", "bookmarked": false, "dead": null, "artist": "BGR", "album": "BGR", "user": null, "language": "en-US", "thumbnail": "https://bgr.com/wp-content/uploads/2023/06/apple-wwdc-2023-ios-17-reality-145.jpg?quality=82&strip=all"}, {"source": "https://bgr.com/feed", "title": "Concept imagines gptOS operating system powered by ChatGPT and DALL-E", "description": "<p>Well, we know that OpenAI isn&#8217;t making the next iPhone. But what about the next Windows? At the end of September, news broke that ex-Apple &#8230;</p>\n<p>The post <a href=\"https://bgr.com/tech/concept-imagines-gptos-operating-system-powered-by-chatgpt-and-dall-e/\">Concept imagines gptOS operating system powered by ChatGPT and DALL-E</a> appeared first on <a href=\"https://bgr.com\">BGR</a>.</p>", "link": "https://bgr.com/tech/concept-imagines-gptos-operating-system-powered-by-chatgpt-and-dall-e/", "date_published": "2023-10-20T22:09:00+00:00", "bookmarked": false, "dead": null, "artist": "BGR", "album": "BGR", "user": null, "language": "en-US", "thumbnail": "https://bgr.com/wp-content/uploads/2023/10/gptOS-concept.jpeg?quality=82&strip=all"}, {"source": "https://bgr.com/feed", "title": "Nintendo once again promises a smoother transition to Switch 2", "description": "<p>Much of Nintendo&#8217;s success has resulted from the company going against the grain, but there is one area where it desperately needs to catch up &#8230;</p>\n<p>The post <a href=\"https://bgr.com/entertainment/nintendo-once-again-promises-a-smoother-transition-to-switch-2/\">Nintendo once again promises a smoother transition to Switch 2</a> appeared first on <a href=\"https://bgr.com\">BGR</a>.</p>", "link": "https://bgr.com/entertainment/nintendo-once-again-promises-a-smoother-transition-to-switch-2/", "date_published": "2023-10-20T21:06:00+00:00", "bookmarked": false, "dead": null, "artist": "BGR", "album": "BGR", "user": null, "language": "en-US", "thumbnail": "https://bgr.com/wp-content/uploads/2019/05/nintendo-switch-online-special-offers.jpg?quality=82&strip=all"}, {"source": "https://bgr.com/feed", "title": "James Webb spots ultra-powerful jet stream on Jupiter", "description": "<p>The James Webb Space Telescope continues to reveal new things about our universe. It has given us new insight into the otherworldly beauty of galaxies &#8230;</p>\n<p>The post <a href=\"https://bgr.com/science/james-webb-spots-ultra-powerful-jet-stream-on-jupiter/\">James Webb spots ultra-powerful jet stream on Jupiter</a> appeared first on <a href=\"https://bgr.com\">BGR</a>.</p>", "link": "https://bgr.com/science/james-webb-spots-ultra-powerful-jet-stream-on-jupiter/", "date_published": "2023-10-20T20:03:00+00:00", "bookmarked": false, "dead": null, "artist": "BGR", "album": "BGR", "user": null, "language": "en-US", "thumbnail": "https://bgr.com/wp-content/uploads/2020/09/bgrpic-copy-24.jpg?quality=82&strip=all"}, {"source": "https://bgr.com/feed", "title": "iOS 18: Release date, AI, supported iPhones, and everything we know", "description": "<p>iOS 18 is Apple&#8216;s upcoming operating system for its iPhone models. Expected to be announced during the WWDC 2024 keynote, it&#8217;s heavily expected that Apple &#8230;</p>\n<p>The post <a href=\"https://bgr.com/guides/ios-18/\">iOS 18: Release date, AI, supported iPhones, and everything we know</a> appeared first on <a href=\"https://bgr.com\">BGR</a>.</p>", "link": "https://bgr.com/guides/ios-18/", "date_published": "2023-10-20T19:00:00+00:00", "bookmarked": false, "dead": null, "artist": "BGR", "album": "BGR", "user": null, "language": "en-US", "thumbnail": "https://bgr.com/wp-content/uploads/2023/08/beats-studio-buds-plus-review-bgr-2.jpg?quality=82&strip=all"}, {"source": "https://bgr.com/feed", "title": "iOS 17.1 RC 2 now available to developers as we wish Apple would fix this issue", "description": "<p>With\u00a0iOS 17.1\u00a0expected to be released next week, Apple is now seeding the Release Candidate version 2 of this upcoming operating system update. While we usually &#8230;</p>\n<p>The post <a href=\"https://bgr.com/tech/ios-17-1-rc-2-now-available-to-developers-as-we-wish-apple-fixed-this-issue/\">iOS 17.1 RC 2 now available to developers as we wish Apple would fix this issue</a> appeared first on <a href=\"https://bgr.com\">BGR</a>.</p>", "link": "https://bgr.com/tech/ios-17-1-rc-2-now-available-to-developers-as-we-wish-apple-fixed-this-issue/", "date_published": "2023-10-20T18:17:46+00:00", "bookmarked": false, "dead": null, "artist": "BGR", "album": "BGR", "user": null, "language": "en-US", "thumbnail": "https://bgr.com/wp-content/uploads/2023/10/ios-17-1-beta-developers-bgr.jpg?quality=82&strip=all"}, {"source": "https://bgr.com/feed", "title": "33 best cheap Apple deals under $100", "description": "<p>When people think of Apple deals, they often think of small discounts on big-ticket items like iPhones and MacBook Pro laptops. But you might not &#8230;</p>\n<p>The post <a href=\"https://bgr.com/deals/best-apple-deals-under-100/\">33 best cheap Apple deals under $100</a> appeared first on <a href=\"https://bgr.com\">BGR</a>.</p>", "link": "https://bgr.com/deals/best-apple-deals-under-100/", "date_published": "2023-10-20T17:57:59+00:00", "bookmarked": false, "dead": null, "artist": "BGR", "album": "BGR", "user": null, "language": "en-US", "thumbnail": "https://bgr.com/wp-content/uploads/2020/11/apple-silicon-macbook-event-1.jpg?quality=82&strip=all"}, {"source": "https://bgr.com/feed", "title": "Celebrate Halloween with these spooky iPhone and AirPods cases", "description": "<p>It&#8217;s that time of the year! Whether you prefer tricks or treats, you can celebrate Halloween with some spooky iPhone and AirPods cases. One of &#8230;</p>\n<p>The post <a href=\"https://bgr.com/tech/best-halloween-iphone-cases/\">Celebrate Halloween with these spooky iPhone and AirPods cases</a> appeared first on <a href=\"https://bgr.com\">BGR</a>.</p>", "link": "https://bgr.com/tech/best-halloween-iphone-cases/", "date_published": "2023-10-20T17:27:11+00:00", "bookmarked": false, "dead": null, "artist": "BGR", "album": "BGR", "user": null, "language": "en-US", "thumbnail": "https://bgr.com/wp-content/uploads/2023/10/casetify-halloween-iphone-cases-bgr.jpg?quality=82&strip=all"}, {"source": "https://bgr.com/feed", "title": "Apple GPT AI on the Vision Pro could be a game-changer", "description": "<p>I&#8217;ve made no secret of my interest in Apple&#8217;s Vision Pro. I can&#8217;t wait to try the spatial computer, and I&#8217;ll hopefully be able to &#8230;</p>\n<p>The post <a href=\"https://bgr.com/tech/apple-gpt-ai-on-the-vision-pro-could-be-a-game-changer/\">Apple GPT AI on the Vision Pro could be a game-changer</a> appeared first on <a href=\"https://bgr.com\">BGR</a>.</p>", "link": "https://bgr.com/tech/apple-gpt-ai-on-the-vision-pro-could-be-a-game-changer/", "date_published": "2023-10-20T17:00:00+00:00", "bookmarked": false, "dead": null, "artist": "BGR", "album": "BGR", "user": null, "language": "en-US", "thumbnail": "https://bgr.com/wp-content/uploads/2023/06/apple-wwdc-2023-ios-17-reality-230.jpg?quality=82&strip=all"}, {"source": "https://bgr.com/feed", "title": "Some iPhone 15 Pro Max models are still sold out a month after launch", "description": "<p>A month after Apple started selling the iPhone 15 series, getting your hands on these devices is still challenging, as delivery dates haven&#8217;t improved that &#8230;</p>\n<p>The post <a href=\"https://bgr.com/tech/some-iphone-15-pro-max-models-are-still-sold-out-a-month-after-launch/\">Some iPhone 15 Pro Max models are still sold out a month after launch</a> appeared first on <a href=\"https://bgr.com\">BGR</a>.</p>", "link": "https://bgr.com/tech/some-iphone-15-pro-max-models-are-still-sold-out-a-month-after-launch/", "date_published": "2023-10-20T16:08:04+00:00", "bookmarked": false, "dead": null, "artist": "BGR", "album": "BGR", "user": null, "language": "en-US", "thumbnail": "https://bgr.com/wp-content/uploads/2023/09/iphone-15-pro-max-1.jpg?quality=82&strip=all"}, {"source": "https://bgr.com/feed", "title": "LG\u2019s stunning A2 OLED TV is 50% off at Best Buy", "description": "<p>LG OLED TVs are some of the most beloved televisions in the world right now. They offer stunningly vivid colors and the deepest blacks you &#8230;</p>\n<p>The post <a href=\"https://bgr.com/deals/lgs-stunning-a2-oled-tv-is-50-off-at-best-buy/\">LG&#8217;s stunning A2 OLED TV is 50% off at Best Buy</a> appeared first on <a href=\"https://bgr.com\">BGR</a>.</p>", "link": "https://bgr.com/deals/lgs-stunning-a2-oled-tv-is-50-off-at-best-buy/", "date_published": "2023-10-20T16:03:00+00:00", "bookmarked": false, "dead": null, "artist": "BGR", "album": "BGR", "user": null, "language": "en-US", "thumbnail": "https://bgr.com/wp-content/uploads/2023/08/LG-A2-OLED-4K-Smart-TV.jpg?quality=82&strip=all"}, {"source": "https://bgr.com/feed", "title": "Deadpool 3 has been delayed, but Marvel might release a different movie in May 2024", "description": "<p>We&#8217;ve been discussing the Deadpool 3 release date since the actors went on strike in mid-July. We saw speculation that Marvel could afford a break &#8230;</p>\n<p>The post <a href=\"https://bgr.com/entertainment/deadpool-3-has-been-delayed-but-marvel-might-release-a-different-movie-in-may-2024/\">Deadpool 3 has been delayed, but Marvel might release a different movie in May 2024</a> appeared first on <a href=\"https://bgr.com\">BGR</a>.</p>", "link": "https://bgr.com/entertainment/deadpool-3-has-been-delayed-but-marvel-might-release-a-different-movie-in-may-2024/", "date_published": "2023-10-20T15:06:00+00:00", "bookmarked": false, "dead": null, "artist": "BGR", "album": "BGR", "user": null, "language": "en-US", "thumbnail": "https://bgr.com/wp-content/uploads/2022/09/deadpool-3-wolverine-update-lip-reading-video.jpg?quality=82&strip=all"}, {"source": "https://bgr.com/feed", "title": "Elon Musk says X is getting a more expensive new subscription with no ads", "description": "<p>Social media seems to be following the road that the streaming services have paved with X right at the forefront. When Elon Musk took over &#8230;</p>\n<p>The post <a href=\"https://bgr.com/business/elon-musk-says-x-is-getting-a-more-expensive-new-subscription-with-no-ads/\">Elon Musk says X is getting a more expensive new subscription with no ads</a> appeared first on <a href=\"https://bgr.com\">BGR</a>.</p>", "link": "https://bgr.com/business/elon-musk-says-x-is-getting-a-more-expensive-new-subscription-with-no-ads/", "date_published": "2023-10-20T14:29:55+00:00", "bookmarked": false, "dead": null, "artist": "BGR", "album": "BGR", "user": null, "language": "en-US", "thumbnail": "https://bgr.com/wp-content/uploads/2022/07/rsz_gettyimages-1229893385.jpg?quality=82&strip=all"}, {"source": "https://bgr.com/feed", "title": "Today\u2019s deals: $49 Dell Chromebook, 33% off Philips Hue bulbs, $210 Roomba i4 robot vacuum, more", "description": "<p>We&#8217;ve got one more roundup of daily deals for our readers this week, and it&#8217;s a doozy. You&#8217;ll find several renewed Chromebook models on sale &#8230;</p>\n<p>The post <a href=\"https://bgr.com/deals/todays-deals-49-dell-chromebook-33-off-philips-hue-bulbs-210-roomba-i4-robot-vacuum-more/\">Today&#8217;s deals: $49 Dell Chromebook, 33% off Philips Hue bulbs, $210 Roomba i4 robot vacuum, more</a> appeared first on <a href=\"https://bgr.com\">BGR</a>.</p>", "link": "https://bgr.com/deals/todays-deals-49-dell-chromebook-33-off-philips-hue-bulbs-210-roomba-i4-robot-vacuum-more/", "date_published": "2023-10-20T13:59:00+00:00", "bookmarked": false, "dead": null, "artist": "BGR", "album": "BGR", "user": null, "language": "en-US", "thumbnail": "https://bgr.com/wp-content/uploads/2023/04/BGR-Deals-Of-The-Day-2023-Friday.jpg?quality=82&strip=all"}, {"source": "https://bgr.com/feed", "title": "Here\u2019s every iPhone model Apple has ever released", "description": "<p>The iPhone has been part of our lives for quite some time now. Some people don&#8217;t even know a world where this device does not &#8230;</p>\n<p>The post <a href=\"https://bgr.com/guides/every-iphone-model-apple-has-ever-released/\">Here&#8217;s every iPhone model Apple has ever released</a> appeared first on <a href=\"https://bgr.com\">BGR</a>.</p>", "link": "https://bgr.com/guides/every-iphone-model-apple-has-ever-released/", "date_published": "2023-10-20T13:57:39+00:00", "bookmarked": false, "dead": null, "artist": "BGR", "album": "BGR", "user": null, "language": "en-US", "thumbnail": "https://bgr.com/wp-content/uploads/2019/01/steve_jobs_iphone_macword_2007_4x3.jpg?quality=82&strip=all"}, {"source": "https://bgr.com/feed", "title": "Toyota and Lexus jump on the NACS train, gaining access to Tesla Superchargers", "description": "<p>I know I&#8217;ve been reporting on all of the EV automakers that are jumping on the Tesla NACS train, but this is a big one. &#8230;</p>\n<p>The post <a href=\"https://bgr.com/tech/toyota-and-lexus-jump-on-the-nacs-train-gain-access-to-tesla-superchargers/\">Toyota and Lexus jump on the NACS train, gaining access to Tesla Superchargers</a> appeared first on <a href=\"https://bgr.com\">BGR</a>.</p>", "link": "https://bgr.com/tech/toyota-and-lexus-jump-on-the-nacs-train-gain-access-to-tesla-superchargers/", "date_published": "2023-10-20T13:26:38+00:00", "bookmarked": false, "dead": null, "artist": "BGR", "album": "BGR", "user": null, "language": "en-US", "thumbnail": "https://bgr.com/wp-content/uploads/2023/02/tesla-supercharger.jpeg?quality=82&strip=all"}, {"source": "https://bgr.com/feed", "title": "iPhone 16: Everything we know so far", "description": "<p>With the iPhone 15 now out, we can turn our attention to Apple&#8217;s upcoming iPhone 16. This new series is expected to be announced later &#8230;</p>\n<p>The post <a href=\"https://bgr.com/guides/iphone-16-everything-we-know/\">iPhone 16: Everything we know so far</a> appeared first on <a href=\"https://bgr.com\">BGR</a>.</p>", "link": "https://bgr.com/guides/iphone-16-everything-we-know/", "date_published": "2023-10-20T12:21:47+00:00", "bookmarked": false, "dead": null, "artist": "BGR", "album": "BGR", "user": null, "language": "en-US", "thumbnail": "https://bgr.com/wp-content/uploads/2022/09/apple-iphone-14-event-116.jpg?quality=82&strip=all"}, {"source": "https://bgr.com/feed", "title": "Apple Watch Ultra is under $600 renewed for the first time ever", "description": "<p>The Apple Watch Ultra is undoubtedly the most impressive smartwatch that Apple has ever made. At least, it was until Apple unveiled the new Apple &#8230;</p>\n<p>The post <a href=\"https://bgr.com/deals/apple-watch-ultra-is-under-650-renewed-for-the-first-time-ever/\">Apple Watch Ultra is under $600 renewed for the first time ever</a> appeared first on <a href=\"https://bgr.com\">BGR</a>.</p>", "link": "https://bgr.com/deals/apple-watch-ultra-is-under-650-renewed-for-the-first-time-ever/", "date_published": "2023-10-20T11:47:00+00:00", "bookmarked": false, "dead": null, "artist": "BGR", "album": "BGR", "user": null, "language": "en-US", "thumbnail": "https://bgr.com/wp-content/uploads/2023/05/Apple-Watch-Ultra.jpg?quality=82&strip=all"}, {"source": "https://bgr.com/feed", "title": "How to recover deleted photos on your iPhone", "description": "<p>The first thing I used to do to free storage on my previous iPhones was to head to the Photos app and start deleting pictures &#8230;</p>\n<p>The post <a href=\"https://bgr.com/tech/how-to-recover-deleted-photos-on-your-iphone/\">How to recover deleted photos on your iPhone</a> appeared first on <a href=\"https://bgr.com\">BGR</a>.</p>", "link": "https://bgr.com/tech/how-to-recover-deleted-photos-on-your-iphone/", "date_published": "2023-10-20T10:50:00+00:00", "bookmarked": false, "dead": null, "artist": "BGR", "album": "BGR", "user": null, "language": "en-US", "thumbnail": "https://bgr.com/wp-content/uploads/2023/09/iPhone-15-Pro-3.jpg?quality=82&strip=all"}, {"source": "https://bgr.com/feed", "title": "Loki season 1 almost had Tom Hiddleston play He Who Remains, but I\u2019m glad it was scrapped", "description": "<p>Loki season 2 episode 3 is now streaming on Disney Plus, and I&#8217;m dying to see where the story takes us next, considering what happened &#8230;</p>\n<p>The post <a href=\"https://bgr.com/entertainment/loki-season-1-almost-had-tom-hiddleston-play-he-who-remains-but-im-glad-it-was-scrapped/\">Loki season 1 almost had Tom Hiddleston play He Who Remains, but I\u2019m glad it was scrapped</a> appeared first on <a href=\"https://bgr.com\">BGR</a>.</p>", "link": "https://bgr.com/entertainment/loki-season-1-almost-had-tom-hiddleston-play-he-who-remains-but-im-glad-it-was-scrapped/", "date_published": "2023-10-20T01:26:00+00:00", "bookmarked": false, "dead": null, "artist": "BGR", "album": "BGR", "user": null, "language": "en-US", "thumbnail": "https://bgr.com/wp-content/uploads/2023/09/Loki-season-2.jpg?quality=82&strip=all"}, {"source": "https://bgr.com/feed", "title": "Troubling discovery suggests the Earth\u2019s core is leaking", "description": "<p>The Earth\u2019s core is leaking. At least, that seems to be the consensus of researchers behind a new study published Wednesday in the journal Nature. &#8230;</p>\n<p>The post <a href=\"https://bgr.com/science/troubling-discovery-suggests-the-earths-core-is-leaking/\">Troubling discovery suggests the Earth\u2019s core is leaking</a> appeared first on <a href=\"https://bgr.com\">BGR</a>.</p>", "link": "https://bgr.com/science/troubling-discovery-suggests-the-earths-core-is-leaking/", "date_published": "2023-10-20T00:33:00+00:00", "bookmarked": false, "dead": null, "artist": "BGR", "album": "BGR", "user": null, "language": "en-US", "thumbnail": "https://bgr.com/wp-content/uploads/2022/03/AdobeStock_206315781.jpeg?quality=82&strip=all"}]