[{"source": "https://tvn24.pl/wiadomosci-ze-swiata,2.xml", "title": "Kaczy\u0144ski tworzy \"projekt na dalsze dzia\u0142ania - i te ofensywne, i te defensywne\"", "description": "<img alt=\"Kaczy\u0144ski tworzy \" src=\"https://tvn24.pl/najnowsze/cdn-zdjecie-g6mrs8-jaroslaw-kaczynski-7402289/alternates/LANDSCAPE_1280\" />\n    Jaros\u0142aw Kaczy\u0144ski, prezes PiS, wicepremier powiedzia\u0142 w Spale, \u017ce po wyborach jego partia musi przeprowadzi\u0107 \"analiz\u0119 tego, co si\u0119 sta\u0142o\" i mie\u0107 projekt 'na dalsze dzia\u0142ania - i te ofensywne, i te defensywne\". - Mieli\u015bmy tu oczywi\u015bcie tak\u017ce do czynienia z szeregiem b\u0142\u0119d\u00f3w z naszej strony - przyzna\u0142. Doda\u0142, \u017ce w ci\u0105gu ostatnich kilku lat \"zmieni\u0142a si\u0119 tak\u017ce struktura elektoratu\".", "link": "https://tvn24.pl/wybory-parlamentarne-2023/wybory-parlamentarne-2023-jaroslaw-kaczynski-prezes-pis-z-naszej-strony-byl-szereg-bledow-7402287?source=rss", "date_published": "2023-10-20T20:47:37+00:00", "bookmarked": false, "dead": null, "artist": "TVN24 Ze \u015bwiata", "album": "TVN24 Ze \u015bwiata", "user": null, "language": "pl-PL", "thumbnail": null}, {"source": "https://tvn24.pl/wiadomosci-ze-swiata,2.xml", "title": "Joe Biden z or\u0119dziem do narodu. M\u00f3wi\u0142 o zagro\u017ceniu Rosji, Polsce, pa\u0144stwach ba\u0142tyckich, Ukrainie i terroryzmie", "description": "<img alt=\"Joe Biden z or\u0119dziem do narodu. M\u00f3wi\u0142 o zagro\u017ceniu Rosji, Polsce, pa\u0144stwach ba\u0142tyckich, Ukrainie i terroryzmie\" src=\"https://tvn24.pl/najnowsze/cdn-zdjecie-ce0hnq-prezydent-usa-joe-biden-7400370/alternates/LANDSCAPE_1280\" />\n    Prezydent USA Joe Biden w or\u0119dziu do narodu stwierdzi\u0142, \u017ce je\u015bli demokratyczna wsp\u00f3lnota mi\u0119dzynarodowa nie powstrzyma W\u0142adimira Putina, nie zatrzyma si\u0119 on na Ukrainie. - Putin ju\u017c zagrozi\u0142, \u017ce przypomni Polsce, \u017ce jej zachodnie ziemie s\u0105 \"darem\" od Rosji - powiedzia\u0142, wskazuj\u0105c te\u017c na s\u0142owa p\u0142yn\u0105ce z Kremla pod adresem Litwy, \u0141otwy i Estonii. Podkre\u015bli\u0142, \u017ce USA b\u0119d\u0105 broni\u0107 ka\u017cdej pi\u0119dzi ziemi NATO. Joe Biden zapowiedzia\u0142 r\u00f3wnocze\u015bnie, \u017ce w pi\u0105tek zwr\u00f3ci si\u0119 do Kongresu o znacz\u0105cy pakiet \u015brodk\u00f3w dla Ukrainy i Izraela.", "link": "https://tvn24.pl/swiat/joe-biden-w-oredziu-do-narodu-o-putinie-polsce-panstwach-baltyckich-ukrainie-izraelu-i-walce-z-terrorem-7400371?source=rss", "date_published": "2023-10-20T03:33:25+00:00", "bookmarked": false, "dead": null, "artist": "TVN24 Ze \u015bwiata", "album": "TVN24 Ze \u015bwiata", "user": null, "language": "pl-PL", "thumbnail": null}]