[{"source": "https://kotaku.com/rss", "title": "Spider-Man 2's New Web Wings Make It Feel Like A Proper Sequel", "description": "<img class=\"type:primaryImage\" src=\"https://i.kinja-img.com/image/upload/c_fit,q_80,w_636/a7a09380540a2480b3672bc159eca266.jpg\" /><p><a href=\"https://kotaku.com/spider-man-2-ps5-web-wings-open-world-traversal-1850946080\">Read more...</a></p>", "link": "https://kotaku.com/spider-man-2-ps5-web-wings-open-world-traversal-1850946080", "date_published": "2023-10-20T21:15:00+00:00", "bookmarked": false, "dead": null, "artist": "Kotaku", "album": "Kotaku", "user": null, "language": "en", "thumbnail": "https://i.kinja-img.com/image/upload/c_fit,q_80,w_636/a7a09380540a2480b3672bc159eca266.jpg"}, {"source": "https://kotaku.com/rss", "title": "One Setting You Should Change In Super Mario Bros. Wonder ASAP", "description": "<img class=\"type:primaryImage\" src=\"https://i.kinja-img.com/image/upload/c_fit,q_80,w_636/35b6cd61c6dddc877554949868c20dcf.jpg\" /><p>Super Mario Bros. Wonder, the highly anticipated 2D platformer, is finally out on Nintendo Switch. But before you get too ahead of yourself turning Mario and company into<a class=\"sc-1out364-0 dPMosf sc-145m8ut-0 lcFFec js_link\" href=\"https://kotaku.com/super-mario-bros-wonder-elephant-form-nintendo-switch-1850561192\"> giant elephants and whatnot</a>, you should mess around with some gameplay settings first\u2014especially the one that controls the Talking Flowers.</p><p><a href=\"https://kotaku.com/super-mario-bros-wonder-talking-flowers-setting-turn-of-1850946435\">Read more...</a></p>", "link": "https://kotaku.com/super-mario-bros-wonder-talking-flowers-setting-turn-of-1850946435", "date_published": "2023-10-20T20:00:00+00:00", "bookmarked": false, "dead": null, "artist": "Kotaku", "album": "Kotaku", "user": null, "language": "en", "thumbnail": "https://i.kinja-img.com/image/upload/c_fit,q_80,w_636/35b6cd61c6dddc877554949868c20dcf.jpg"}, {"source": "https://kotaku.com/rss", "title": "Report: Awful King Kong Game Was Made In A Year By Overworked Devs", "description": "<img class=\"type:primaryImage\" src=\"https://i.kinja-img.com/image/upload/c_fit,q_80,w_636/080a4f5c9c7efdcadd7e70246044cd40.jpg\" /><p><a class=\"sc-1out364-0 dPMosf sc-145m8ut-0 lcFFec js_link\" href=\"https://kotaku.com/skull-island-king-kong-worst-game-2023-gollum-switch-1850933945\">Skull Island: Rise of Kong</a> was released earlier this week and was quickly derided as one of the worst games of 2023. What happened? Well, a new report claims it was made by a small team of developers on a tight budget in just one year, putting the studio in a situation where making something good, both quickly and\u2026</p><p><a href=\"https://kotaku.com/king-kong-skull-island-bad-game-worst-2023-1850946332\">Read more...</a></p>", "link": "https://kotaku.com/king-kong-skull-island-bad-game-worst-2023-1850946332", "date_published": "2023-10-20T19:45:00+00:00", "bookmarked": false, "dead": null, "artist": "Kotaku", "album": "Kotaku", "user": null, "language": "en", "thumbnail": "https://i.kinja-img.com/image/upload/c_fit,q_80,w_636/080a4f5c9c7efdcadd7e70246044cd40.jpg"}, {"source": "https://kotaku.com/rss", "title": "What Each Edition Of Persona 3 Reload Will Get You", "description": "<img class=\"type:primaryImage\" src=\"https://i.kinja-img.com/image/upload/c_fit,q_80,w_636/5110a68d9d00474927f351c7aac299a5.jpg\" /><p>Persona 3 Reload, a full-fledged remake of Atlus Games\u2019 beloved 2006 role-playing game Persona 3, is set to release on February 2, 2024, for Xbox, PlayStation, and Windows. So take a deep breath and relax, you\u2019ve still got a bit of time to play through <a class=\"sc-1out364-0 dPMosf sc-145m8ut-0 lcFFec js_link\" href=\"https://kotaku.com/october-2023-games-alan-wake-spiderman-assassins-creed-1850888458\">October\u2019s busy fall releases</a> before hunkering down for an\u2026</p><p><a href=\"https://kotaku.com/persona-3-reload-preorder-bonuses-playstation-xbox-1850945846\">Read more...</a></p>", "link": "https://kotaku.com/persona-3-reload-preorder-bonuses-playstation-xbox-1850945846", "date_published": "2023-10-20T18:15:00+00:00", "bookmarked": false, "dead": null, "artist": "Kotaku", "album": "Kotaku", "user": null, "language": "en", "thumbnail": "https://i.kinja-img.com/image/upload/c_fit,q_80,w_636/5110a68d9d00474927f351c7aac299a5.jpg"}, {"source": "https://kotaku.com/rss", "title": "Is Peter Parker More Buff In Spider-Man 2? A Kotaku Investigation", "description": "<img class=\"type:primaryImage\" src=\"https://i.kinja-img.com/image/upload/c_fit,q_80,w_636/cb4a436e840d2c4c68ca061368672958.jpg\" /><p>Spider-Man 2, the highly anticipated sequel to Insomniac Games\u2019 blockbuster 2018 action-adventure game, is out today, October 20. And though there\u2019s plenty to be said about the <a class=\"sc-1out364-0 dPMosf sc-145m8ut-0 lcFFec js_link\" href=\"https://kotaku.com/spider-man-2-fast-travel-ps5-instant-1850938656\">impossibly fast fast-travel</a>, the <a class=\"sc-1out364-0 dPMosf sc-145m8ut-0 lcFFec js_link\" href=\"https://kotaku.com/spider-man-2-sandman-opening-ps5-villains-cutscenes-1850939620\">fantastic opening scene</a>, and <a class=\"sc-1out364-0 dPMosf sc-145m8ut-0 lcFFec js_link\" href=\"https://kotaku.com/spider-man-2-ps4-ps5-miles-morales-dlc-story-recap-1850935735\">the story thus far</a>, there\u2019s one thing that I can\u2019t get off my mind: Peter\u2026</p><p><a href=\"https://kotaku.com/spider-man-2-peter-parker-body-buff-butt-1850945435\">Read more...</a></p>", "link": "https://kotaku.com/spider-man-2-peter-parker-body-buff-butt-1850945435", "date_published": "2023-10-20T18:00:00+00:00", "bookmarked": false, "dead": null, "artist": "Kotaku", "album": "Kotaku", "user": null, "language": "en", "thumbnail": "https://i.kinja-img.com/image/upload/c_fit,q_80,w_636/cb4a436e840d2c4c68ca061368672958.jpg"}, {"source": "https://kotaku.com/rss", "title": "Let's Discuss Spider-Man 2\u2019s Post-Credits Scenes", "description": "<img class=\"type:primaryImage\" src=\"https://i.kinja-img.com/image/upload/c_fit,q_80,w_636/302f6dcf25c3c89fdc58c2c96a0e4b30.jpg\" /><p><a class=\"sc-1out364-0 dPMosf sc-145m8ut-0 lcFFec js_link\" href=\"https://kotaku.com/marvel-spider-man-2-review-ps5-venom-miles-morales-1850929271\">Marvel\u2019s Spider-Man 2</a> is out, and that means we can talk about the game\u2019s post-credits content and how the big PlayStation sequel seems to set up some very interesting, and very predictable, scenarios for future games and DLC. So uh, we\u2019re gonna do it.<br /></p><p><a href=\"https://kotaku.com/spider-man-2-post-credits-scene-who-cindy-moon-g-serum-1850945708\">Read more...</a></p>", "link": "https://kotaku.com/spider-man-2-post-credits-scene-who-cindy-moon-g-serum-1850945708", "date_published": "2023-10-20T17:46:00+00:00", "bookmarked": false, "dead": null, "artist": "Kotaku", "album": "Kotaku", "user": null, "language": "en", "thumbnail": "https://i.kinja-img.com/image/upload/c_fit,q_80,w_636/302f6dcf25c3c89fdc58c2c96a0e4b30.jpg"}, {"source": "https://kotaku.com/rss", "title": "Spider-Man 2 Dev Hints Insomniac Is Open To A Venom Spin-Off", "description": "<img class=\"type:primaryImage\" src=\"https://i.kinja-img.com/image/upload/c_fit,q_80,w_636/935f511a4ea384a1b9dc1436d82b71bf.jpg\" /><p>Happy Spider-Man 2 Day, everyone! (Sure, all your family on your mother\u2019s side are celebrating <a class=\"sc-1out364-0 dPMosf sc-145m8ut-0 lcFFec js_link\" href=\"https://kotaku.com/super-mario-bros-wonder-reviews-switch-1850937230\">Super Mario Bros. Wonder</a> Day, but that doesn\u2019t mean we can\u2019t all get along.) And what better way to celebrate the release of Insomniac\u2019s latest web-shooting action blockbuster than to demand they make another game for you?\u2026</p><p><a href=\"https://kotaku.com/spider-man-2-venom-spinoff-insomniac-1850944869\">Read more...</a></p>", "link": "https://kotaku.com/spider-man-2-venom-spinoff-insomniac-1850944869", "date_published": "2023-10-20T15:23:00+00:00", "bookmarked": false, "dead": null, "artist": "Kotaku", "album": "Kotaku", "user": null, "language": "en", "thumbnail": "https://i.kinja-img.com/image/upload/c_fit,q_80,w_636/935f511a4ea384a1b9dc1436d82b71bf.jpg"}, {"source": "https://kotaku.com/rss", "title": "Nintendo Accounts Will \u2018Ease\u2019 Transition To Next Console, Exec Says", "description": "<img class=\"type:primaryImage\" src=\"https://i.kinja-img.com/image/upload/c_fit,q_80,w_636/4dd7667971d8d2abbeaf540af6710818.jpg\" /><p>One of the biggest questions about Nintendo\u2019s next console is how it will treat everyone who\u2019s built up a massive library of games on the Switch. Nintendo of America President Doug Bowser isn\u2019t ready to <a class=\"sc-1out364-0 dPMosf sc-145m8ut-0 lcFFec js_link\" href=\"https://kotaku.com/nintendo-switch-2-youtube-reveal-release-date-price-1850937104\">spill the beans about the Switch 2 yet</a>, but he is teasing a smoother transition to the company\u2019s next console in a\u2026</p><p><a href=\"https://kotaku.com/switch-2-nintendo-account-backwards-compatibility-1850945091\">Read more...</a></p>", "link": "https://kotaku.com/switch-2-nintendo-account-backwards-compatibility-1850945091", "date_published": "2023-10-20T15:15:43+00:00", "bookmarked": false, "dead": null, "artist": "Kotaku", "album": "Kotaku", "user": null, "language": "en", "thumbnail": "https://i.kinja-img.com/image/upload/c_fit,q_80,w_636/4dd7667971d8d2abbeaf540af6710818.jpg"}, {"source": "https://kotaku.com/rss", "title": "Grab This Horror Game (And Its Sequel) For Free On PC Before It's Too Late", "description": "<img class=\"type:primaryImage\" src=\"https://i.kinja-img.com/image/upload/c_fit,q_80,w_636/cf2531dc052d8d86df36782d509f59e9.jpg\" /><p>Lookin\u2019 for some spooky games to play on PC for the Halloween season without having to spend any money? Well good news: survival horror titles The Evil Within and The Evil Within 2 are yours for the taking on the Epic Games Store. <a class=\"sc-1out364-0 dPMosf sc-145m8ut-0 lcFFec js_link\" href=\"https://store.epicgames.com/en-US/p/the-evil-within\" rel=\"noopener noreferrer\" target=\"_blank\">The original is currently free</a>, while the sequel will be available for costless download\u2026</p><p><a href=\"https://kotaku.com/evil-within-epic-games-free-halloween-1850944862\">Read more...</a></p>", "link": "https://kotaku.com/evil-within-epic-games-free-halloween-1850944862", "date_published": "2023-10-20T14:46:39+00:00", "bookmarked": false, "dead": null, "artist": "Kotaku", "album": "Kotaku", "user": null, "language": "en", "thumbnail": "https://i.kinja-img.com/image/upload/c_fit,q_80,w_636/cf2531dc052d8d86df36782d509f59e9.jpg"}, {"source": "https://kotaku.com/rss", "title": "Cyberpunk 2077 Is Finally Patching An Infuriating End-Game Bug", "description": "<img class=\"type:primaryImage\" src=\"https://i.kinja-img.com/image/upload/c_fit,q_80,w_636/fe693434e6aab389a8aa49e429d3662a.jpg\" /><p><a class=\"sc-1out364-0 dPMosf sc-145m8ut-0 lcFFec js_link\" href=\"https://kotaku.com/cyberpunk-2077-phantom-liberty-update-review-idris-elba-1850852291\">Phantom Liberty</a> marked a triumphant turn-around for Cyberpunk 2077, but <a class=\"sc-1out364-0 dPMosf sc-145m8ut-0 lcFFec js_link\" href=\"https://kotaku.com/cyberpunk-2077-phantom-liberty-2-01-patch-notes-ps5-1850902336\">more patches</a> are still on the way. CD Projekt Red announced another small update is coming to address some long-standing issues, including a frustrating bug for the Path of Glory ending that\u2019s been bedeviling players for years.</p><p><a href=\"https://kotaku.com/cyberpunk-2077-patch-notes-202-path-glory-1850944867\">Read more...</a></p>", "link": "https://kotaku.com/cyberpunk-2077-patch-notes-202-path-glory-1850944867", "date_published": "2023-10-20T14:17:00+00:00", "bookmarked": false, "dead": null, "artist": "Kotaku", "album": "Kotaku", "user": null, "language": "en", "thumbnail": "https://i.kinja-img.com/image/upload/c_fit,q_80,w_636/fe693434e6aab389a8aa49e429d3662a.jpg"}, {"source": "https://kotaku.com/rss", "title": "Kotaku\u2019s Weekend Guide: 7 Games Worth Staying Inside For", "description": "<img class=\"type:primaryImage\" src=\"https://i.kinja-img.com/image/upload/c_fit,q_80,w_636/06d6ff0c2ab5d5cb7e1ca64ba07845b9.jpg\" /><p>We are cruising through October, heading straight toward the cold of winter. Thankfully, the weather doesn\u2019t hate us yet, and instead is filled with a nice crispness that makes me want to at least consider opening a window while I stay inside and play video games. Maybe I\u2019ll just run out for my daily pumpkin spice\u2026</p><p><a href=\"https://kotaku.com/kotaku-games-to-play-mario-wonder-spiderman-halo-1850943291\">Read more...</a></p>", "link": "https://kotaku.com/kotaku-games-to-play-mario-wonder-spiderman-halo-1850943291", "date_published": "2023-10-20T14:13:00+00:00", "bookmarked": false, "dead": null, "artist": "Kotaku", "album": "Kotaku", "user": null, "language": "en", "thumbnail": "https://i.kinja-img.com/image/upload/c_fit,q_80,w_636/06d6ff0c2ab5d5cb7e1ca64ba07845b9.jpg"}, {"source": "https://kotaku.com/rss", "title": "Make Sure To Upgrade These Gadgets First In Spider-Man 2", "description": "<img class=\"type:primaryImage\" src=\"https://i.kinja-img.com/image/upload/c_fit,q_80,w_636/26b72890c0f91c1247b37510418b2085.jpg\" /><p><a class=\"sc-1out364-0 dPMosf sc-145m8ut-0 lcFFec js_link\" href=\"https://kotaku.com/marvel-spider-man-2-review-ps5-venom-miles-morales-1850929271\">Spider-Man 2</a> quickly gives you an overwhelming arsenal of skills and abilities to start playing with and upgrade. And then there\u2019s Spider-Man\u2019s quintet of gadgets, most of which prove extremely useful throughout the game. But when it comes to the gadgets, one of them is definitely worth prioritizing for upgrades above\u2026</p><p><a href=\"https://kotaku.com/spider-man-2-gadgets-upgrade-guide-ps5-1850939665\">Read more...</a></p>", "link": "https://kotaku.com/spider-man-2-gadgets-upgrade-guide-ps5-1850939665", "date_published": "2023-10-20T13:30:00+00:00", "bookmarked": false, "dead": null, "artist": "Kotaku", "album": "Kotaku", "user": null, "language": "en", "thumbnail": "https://i.kinja-img.com/image/upload/c_fit,q_80,w_636/26b72890c0f91c1247b37510418b2085.jpg"}, {"source": "https://kotaku.com/rss", "title": "Pok\u00e9mon TCG's Paradox Rift Contains The Best Cards Ever, If You Can Find Them", "description": "<img class=\"type:primaryImage\" src=\"https://i.kinja-img.com/image/upload/c_fit,q_80,w_636/bc433c5d7bf351531a430da46fd89cb9.jpg\" /><p>There certainly have been a lot of Pok\u00e9mon cards in 2023. A year that began with Sword & Shield\u2019s (SWSH) climactic celebration, Crown Zenith, has since featured four mainline sets from Scarlet & Violet, another celebration set with the enormous Pok\u00e9mon 151, various reprint specials like McDonald\u2019s, new cards for\u2026</p><p><a href=\"https://kotaku.com/pokemon-tcg-paradox-rift-151-best-cards-1850940776\">Read more...</a></p>", "link": "https://kotaku.com/pokemon-tcg-paradox-rift-151-best-cards-1850940776", "date_published": "2023-10-20T13:00:00+00:00", "bookmarked": false, "dead": null, "artist": "Kotaku", "album": "Kotaku", "user": null, "language": "en", "thumbnail": "https://i.kinja-img.com/image/upload/c_fit,q_80,w_636/bc433c5d7bf351531a430da46fd89cb9.jpg"}]