[{"source": "https://feeds.nbcnews.com/nbcnews/public/world", "title": "Blinken addresses release of Americans held hostage by Hamas", "description": "Secretary of State Antony Blinken held a press briefing to discuss the release of two Americans held hostage by Hamas, and assured the State Department would work to identify ten others still unaccounted for.", "link": "https://www.nbcnews.com/video/blinken-addresses-release-of-americans-held-hostage-by-hamas-196077637925", "date_published": "2023-10-20T20:13:37+00:00", "bookmarked": false, "dead": null, "artist": "NBC world", "album": "NBC world", "user": null, "language": "en-US", "thumbnail": "https://media-cldnry.s-nbcnews.com/image/upload/t_fit_1500w/mpx/2704722219/2023_10/1697832800559_nbc_spec_blinken_release_americans_231020_1920x1080-xgvkte.jpg"}, {"source": "https://feeds.nbcnews.com/nbcnews/public/world", "title": "Central America scrambles without international solution to record migration", "description": "Central American governments such as Panama and Costa Rica are scrambling amid a record number of migrants and the Biden administration's pressure to keep migration in check.", "link": "https://www.nbcnews.com/news/latino/central-america-scrambles-migration-crisis-international-rcna121464", "date_published": "2023-10-20T19:26:56+00:00", "bookmarked": false, "dead": null, "artist": "NBC world", "album": "NBC world", "user": null, "language": "en-US", "thumbnail": "https://media-cldnry.s-nbcnews.com/image/upload/t_fit_1500w/rockcms/2023-10/231020-honduras-migration-kh-cda6b3.jpg"}, {"source": "https://feeds.nbcnews.com/nbcnews/public/world", "title": "As Israel-Hamas war rages, a school blast shows Gazans have nowhere to run", "description": "Palestinians who fled to southern Gaza after Israel warned them to leave the north in order to battle Hamas say it is also unsafe.", "link": "https://www.nbcnews.com/news/world/israel-hamas-war-gaza-shool-blast-palestinians-khan-younis-rcna121181", "date_published": "2023-10-20T16:53:32+00:00", "bookmarked": false, "dead": null, "artist": "NBC world", "album": "NBC world", "user": null, "language": "en-US", "thumbnail": "https://media-cldnry.s-nbcnews.com/image/upload/t_fit_1500w/rockcms/2023-10/231019-khan-younis-gaza-mn-0930-853055.jpg"}, {"source": "https://feeds.nbcnews.com/nbcnews/public/world", "title": "Israeli airstrikes push Gaza\u2019s second largest hospital to the brink", "description": "As the fighting in the Israel-Hamas war rages on, Gaza journalist Akram Al-Sattari reports on the rising death toll and how hospitals in Gaza are struggling with the large numbers of injured civilians.", "link": "https://www.nbcnews.com/now/video/israeli-airstrikes-push-gaza-s-second-largest-hospital-to-the-brink-196051525973", "date_published": "2023-10-20T14:03:54+00:00", "bookmarked": false, "dead": null, "artist": "NBC world", "album": "NBC world", "user": null, "language": "en-US", "thumbnail": "https://media-cldnry.s-nbcnews.com/image/upload/t_fit_1500w/mpx/2704722219/2023_10/1697810620816_now_mnn_gaza_journalist_latest_231020_1920x1080-03l5sw.jpg"}, {"source": "https://feeds.nbcnews.com/nbcnews/public/world", "title": "U.N. chief expresses hope in Gaza aid and a peaceful solution at the Rafah crossing", "description": "United Nations Secretary-General Ant\u00f3nio Guterres spoke at the Egyptian side of the Rafah crossing with the Gaza Strip as he waited for aid to travel across the border. He expressed his gratitude to Egypt and hopes for a peaceful end to the war.", "link": "https://www.nbcnews.com/video/u-n-chief-expresses-hope-in-gaza-aid-and-a-peaceful-solution-196045381578", "date_published": "2023-10-20T12:15:53+00:00", "bookmarked": false, "dead": null, "artist": "NBC world", "album": "NBC world", "user": null, "language": "en-US", "thumbnail": "https://media-cldnry.s-nbcnews.com/image/upload/t_fit_1500w/mpx/2704722219/2023_10/1697804149009_f_mo_lon_ungsgaza_231020_1920x1080-9le9wc.jpg"}, {"source": "https://feeds.nbcnews.com/nbcnews/public/world", "title": "Gaza aid stuck at Rafah border crossing as Israeli bombardment continues", "description": "Humanitarian aid is still held up at the Rafah border crossing amid Israel\u2019s bombardments in southern Gaza. NBC News\u2019 Jay Gray reports on the latest aid situation and the purported Israeli airstrike on a Greek Orthodox church.", "link": "https://www.nbcnews.com/now/video/gaza-aid-stuck-at-rafah-border-crossing-as-israeli-bombardment-continues-196045893573", "date_published": "2023-10-20T12:07:50+00:00", "bookmarked": false, "dead": null, "artist": "NBC world", "album": "NBC world", "user": null, "language": "en-US", "thumbnail": "https://media-cldnry.s-nbcnews.com/image/upload/t_fit_1500w/mpx/2704722219/2023_10/1697803654736_now_mnn_gaza_latest_jay_gray_231020_1920x1080-2hr0vg.jpg"}, {"source": "https://feeds.nbcnews.com/nbcnews/public/world", "title": "Video shows aftermath of a deadly blast at an Orthodox church in Gaza City", "description": "A Greek Orthodox church in the Gaza Strip that was sheltering hundreds of displaced Palestinians was hit by a deadly explosion on Thursday night.", "link": "https://www.nbcnews.com/video/video-shows-aftermath-of-blast-at-orthodox-church-in-gaza-city-196044869832", "date_published": "2023-10-20T11:27:11+00:00", "bookmarked": false, "dead": null, "artist": "NBC world", "album": "NBC world", "user": null, "language": "en-US", "thumbnail": "https://media-cldnry.s-nbcnews.com/image/upload/t_fit_1500w/mpx/2704722219/2023_10/2023-PA_church-7lu3r8.jpg"}, {"source": "https://feeds.nbcnews.com/nbcnews/public/world", "title": "Video shows Israeli bombardment of what it says are 'terrorist targets' in the Gaza Strip", "description": "Israel on Friday released video of night attacks across Gaza, saying it hit over a hundred operational targets in the Gaza Strip.", "link": "https://www.nbcnews.com/video/video-shows-bombardment-of-terrorist-targets-in-gaza-196041285592", "date_published": "2023-10-20T09:13:27+00:00", "bookmarked": false, "dead": null, "artist": "NBC world", "album": "NBC world", "user": null, "language": "en-US", "thumbnail": "https://media-cldnry.s-nbcnews.com/image/upload/t_fit_1500w/mpx/2704722219/2023_10/ap_tz_gaza100s-ottexx.jpg"}, {"source": "https://feeds.nbcnews.com/nbcnews/public/world", "title": "Video shows militants' missile attacks on Israeli border installations, Lebanon's Hezbollah says", "description": "Lebanese militant group Hezbollah\u2019s media arm released a new video showing attacks along the border between Lebanon and Israel. It shows what the group claims is missiles striking several Israeli army positions on Wednesday.", "link": "https://www.nbcnews.com/video/video-said-to-show-hezbollah-missile-attack-on-israel-lebanon-border-196040261613", "date_published": "2023-10-20T08:33:45+00:00", "bookmarked": false, "dead": null, "artist": "NBC world", "album": "NBC world", "user": null, "language": "en-US", "thumbnail": "https://media-cldnry.s-nbcnews.com/image/upload/t_fit_1500w/mpx/2704722219/2023_10/LON-20231borD-4vrro6.jpg"}, {"source": "https://feeds.nbcnews.com/nbcnews/public/world", "title": "Travis King, U.S. soldier who ran into North Korea, is charged with desertion", "description": "A U.S. soldier who was released from North Korean custody last month after fleeing to the isolated Communist country from neighboring South Korea has been charged by the military with desertion and other counts, according to documents obtained by NBC News.", "link": "https://www.nbcnews.com/news/north-korea/travis-king-us-soldier-ran-north-korea-charged-desertion-rcna121339", "date_published": "2023-10-20T04:24:46+00:00", "bookmarked": false, "dead": null, "artist": "NBC world", "album": "NBC world", "user": null, "language": "en-US", "thumbnail": "https://media-cldnry.s-nbcnews.com/image/upload/t_fit_1500w/rockcms/2023-07/230724-travis-king-mn-1105-72b334.jpg"}, {"source": "https://feeds.nbcnews.com/nbcnews/public/world", "title": "Canada removes 41 diplomats from India after New Delhi threatens to revoke their immunity", "description": "Canada has recalled 41 of its diplomats from India after the Indian government said it would revoke their diplomatic immunity, the foreign minister said.", "link": "https://www.nbcnews.com/news/world/canada-removes-41-diplomats-india-rcna121343", "date_published": "2023-10-20T04:16:22+00:00", "bookmarked": false, "dead": null, "artist": "NBC world", "album": "NBC world", "user": null, "language": "en-US", "thumbnail": "https://media-cldnry.s-nbcnews.com/image/upload/t_fit_1500w/rockcms/2023-09/230919-hardeep-singh-nijjar-jm-1106-a5b6a4.jpg"}]