[{"source": "https://www.youtube.com/feeds/videos.xml?channel_id=UC0vBXGSyV14uvJ4hECDOl0Q", "title": "The Best Windows Feature You Don't Use", "description": "Learn more about the NexiGo Aurora Pro at: https://viraln.link/TQxAuroraPro\n\nLearn how Nearby Sharing can make it easy to move files between Windows PCs.\n\nLeave a reply with your requests for future episodes.\n\n\u25ba GET MERCH: https://lttstore.com\n\u25ba LTX 2023 TICKETS AVAILABLE NOW: https://lmg.gg/ltx23\n\u25ba GET EXCLUSIVE CONTENT ON FLOATPLANE: https://lmg.gg/lttfloatplane\n\u25ba SPONSORS, AFFILIATES, AND PARTNERS: https://lmg.gg/partners\n\nFOLLOW US ELSEWHERE\n---------------------------------------------------  \nTwitter: https://twitter.com/linustech\nFacebook: http://www.facebook.com/LinusTech\nInstagram: https://www.instagram.com/linustech\nTikTok: https://www.tiktok.com/@linustech\nTwitch: https://www.twitch.tv/linustech", "link": "https://www.youtube.com/watch?v=B5Bm2jqihaU", "date_published": "2023-10-20T19:41:22+00:00", "bookmarked": false, "dead": null, "artist": "Techquickie", "album": "Techquickie", "user": null, "language": "en-US", "thumbnail": "https://i3.ytimg.com/vi/B5Bm2jqihaU/hqdefault.jpg"}]