[{"source": "https://www.science.org/rss/news_current.xml", "title": "Women leaders at six top research universities urge more diversity in semiconductor workforce", "description": "New consortium aims to improve training in microelectronics to meet increased demand", "link": "https://www.science.org/content/article/women-leaders-six-top-research-universities-urge-more-diversity-semiconductor-workforce", "date_published": "2023-10-20T19:33:55.049877+00:00", "bookmarked": false, "dead": null, "artist": "Latest News from Science Magazine", "album": "Latest News from Science Magazine", "user": null, "language": "en-US", "thumbnail": "{'links': [{'rel': 'alternate', 'type': 'text/html'}]}"}]