[{"source": "https://www.money.pl/rss/rss.xml", "title": "Zamkni\u0119cie Morza Ba\u0142tyckiego dla rosyjskich statk\u00f3w. Pieskow odpowiada", "description": "<img src=\"https://i.wpimg.pl/308x/filerepo.grupawp.pl/api/v1/display/embed/316a2ead-6548-4c4c-bad2-ae132ae8c247\" width=\"308\" /> Dmitrij Pieskow, rzecznik rosyjskiego prezydenta W\u0142adimira Putina, twardo odpowiedzia\u0142 na sugesti\u0119 prezydenta \u0141otwy o mo\u017cliwo\u015bci zamkni\u0119cia Morza Ba\u0142tyckiego dla rosyjskich statk\u00f3w, je\u015bli udowodniony zostanie udzia\u0142 Moskwy w uszkodzeniu gazoci\u0105gu Balticconnector.", "link": "https://www.money.pl/gielda/zamkniecie-morza-baltyckiego-dla-rosyjskich-statkow-pieskow-odpowiada-6954305666742816a.html", "date_published": "2023-10-20T19:02:08+00:00", "bookmarked": false, "dead": null, "artist": "Money PL", "album": "Money PL", "user": null, "language": "pl-PL", "thumbnail": "https://static1.money.pl/i/wp-money.png"}, {"source": "https://www.money.pl/rss/rss.xml", "title": "\"Reakcja rz\u0105du by\u0142a op\u00f3\u017aniona\". Przed s\u0142u\u017cb\u0105 zdrowia stoi olbrzymie wyzwanie [OPINIA]", "description": "<img src=\"https://i.wpimg.pl/308x/filerepo.grupawp.pl/api/v1/display/embed/58b25e5f-bd34-4326-bde0-89b15103f78a\" width=\"308\" /> - Powyborcze emocje opadn\u0105 i zderzymy si\u0119 z problemami. Zar\u00f3wno tymi widocznymi od dawna, jak i ukrywanymi pod pudrowan\u0105 rzeczywisto\u015bci\u0105 - pisze Anna Rulkiewicz, prezeska grupy Lux Med dla money.pl.", "link": "https://www.money.pl/gospodarka/reakcja-rzadu-byla-opozniona-przed-sluzba-zdrowia-stoi-olbrzymie-wyzwanie-opinia-6954246890371584a.html", "date_published": "2023-10-20T17:16:10+00:00", "bookmarked": false, "dead": null, "artist": "Money PL", "album": "Money PL", "user": null, "language": "pl-PL", "thumbnail": "https://static1.money.pl/i/wp-money.png"}, {"source": "https://www.money.pl/rss/rss.xml", "title": "5,99 z\u0142 za litr paliwa na stacjach Orlen przechodzi do historii. Gorzka prognoza", "description": "<img src=\"https://i.wpimg.pl/308x/filerepo.grupawp.pl/api/v1/display/embed/aa1003cd-f09e-4802-a3f7-00c99933e7f7\" width=\"308\" /> Coraz trudniej znale\u017a\u0107 stacje, gdzie mo\u017cna zatankowa\u0107 w cenie poni\u017cej 6 z\u0142 za litr - zauwa\u017caj\u0105 analitycy z firmy e-petrol. Redakcja Money potwierdzi\u0142a te doniesienia w terenie. Co dalej? Ceny benzyny i oleju nap\u0119dowego wzrosn\u0105 do poziomu odpowiednio 6,20 i 6,30 z\u0142/l - prognozuj\u0105 analitycy Refleksu.", "link": "https://www.money.pl/pieniadze/5-99-zl-za-litr-paliwa-na-stacjach-orlen-przechodzi-do-historii-gorzka-prognoza-6954206111672864a.html", "date_published": "2023-10-20T16:12:23+00:00", "bookmarked": false, "dead": null, "artist": "Money PL", "album": "Money PL", "user": null, "language": "pl-PL", "thumbnail": "https://static1.money.pl/i/wp-money.png"}, {"source": "https://www.money.pl/rss/rss.xml", "title": "Uszkodzony gazoci\u0105g mi\u0119dzy Estoni\u0105 i Finlandi\u0105. Podejrzenie pada na chi\u0144ski statek", "description": "<img src=\"https://i.wpimg.pl/308x/filerepo.grupawp.pl/api/v1/display/embed/a1157c14-9a46-466d-b0e0-605604e488b0\" width=\"308\" /> W trakcie bada\u0144 podwodnych przeprowadzonych przy gazoci\u0105gu Balticconnector znaleziony zosta\u0142 \"ci\u0119\u017cki przedmiot\", kt\u00f3ry m\u00f3g\u0142 doprowadzi\u0107 do uszkodzenia ruroci\u0105gu przebiegaj\u0105cego przez Zatok\u0119 Fi\u0144sk\u0105 \u2013 przekaza\u0142a w pi\u0105tek fi\u0144ska policja, podkre\u015blaj\u0105c, \u017ce obecnie \u015bledztwo koncentruje si\u0119 na roli statku towarowego p\u0142ywaj\u0105cego pod bander\u0105 Hongkongu.", "link": "https://www.money.pl/gospodarka/uszkodzony-gazociag-miedzy-estonia-i-finlandia-podejrzenie-pada-na-chinski-statek-6954262165969408a.html", "date_published": "2023-10-20T16:05:09+00:00", "bookmarked": false, "dead": null, "artist": "Money PL", "album": "Money PL", "user": null, "language": "pl-PL", "thumbnail": "https://static1.money.pl/i/wp-money.png"}, {"source": "https://www.money.pl/rss/rss.xml", "title": "Koniec wa\u017cno\u015bci ustawy zamra\u017caj\u0105cej ceny pr\u0105du", "description": "<img src=\"https://i.wpimg.pl/308x/filerepo.grupawp.pl/api/v1/display/embed/de4b5259-6bef-471c-8eb3-21b2cfc61457\" width=\"308\" /> Co mog\u0105 zrobi\u0107 przedsi\u0119biorcy, \u017ceby unikn\u0105\u0107 znacz\u0105cego wzrostu koszt\u00f3w energii? W Polsce ustawa zamra\u017caj\u0105ca ceny pr\u0105du, wprowadzona w odpowiedzi na rosn\u0105ce koszty energii elektrycznej na rynku \u015bwiatowym, dobiega ko\u0144ca pod koniec roku 2023. Od tego momentu, przedsi\u0119biorcy staj\u0105 przed wyzwaniem znacz\u0105cego wzrostu koszt\u00f3w energii elektrycznej. Jak obra\u0107 w\u0142a\u015bciw\u0105 strategi\u0119, by pom\u00f3c swojej firmie unikn\u0105\u0107 drastycznego wp\u0142ywu cen na sw\u00f3j bud\u017cet?", "link": "https://www.money.pl/gielda/koniec-waznosci-ustawy-zamrazajacej-ceny-pradu-6954248980191744a.html", "date_published": "2023-10-20T15:11:27+00:00", "bookmarked": false, "dead": null, "artist": "Money PL", "album": "Money PL", "user": null, "language": "pl-PL", "thumbnail": "https://static1.money.pl/i/wp-money.png"}, {"source": "https://www.money.pl/rss/rss.xml", "title": "Ponad 2 mln z\u0142 z rezerwy bud\u017cetowej dla diecezji. Na to p\u00f3jd\u0105 pieni\u0105dze", "description": "<img src=\"https://i.wpimg.pl/308x/filerepo.grupawp.pl/api/v1/display/embed/dd492097-0ca3-4378-9a7d-e09aed5dedee\" width=\"308\" /> Diecezja zamojsko-lubaczowska dosta\u0142a 2,1 miliona z\u0142otych z rezerwy bud\u017cetowej na cykl 30 radiowych audycji o zadaniach realizowanych w zwi\u0105zku z ustaw\u0105 o dzia\u0142alno\u015bci po\u017cytku publicznego - informuje portal TVN24 i dodaje, \u017ce w audycjach wyst\u0119powa\u0142a wiceminister rodziny Anna Schmidt, kt\u00f3ra kandydowa\u0142a z tamtego okr\u0119gu.", "link": "https://www.money.pl/gospodarka/ponad-2-mln-zl-z-rezerwy-budzetowej-dla-diecezji-na-to-pojda-pieniadze-6954246619855392a.html", "date_published": "2023-10-20T15:01:53+00:00", "bookmarked": false, "dead": null, "artist": "Money PL", "album": "Money PL", "user": null, "language": "pl-PL", "thumbnail": "https://static1.money.pl/i/wp-money.png"}, {"source": "https://www.money.pl/rss/rss.xml", "title": "Bud\u017cetowy zegar tyka. Opozycja przyznaje: b\u0119dziemy zmuszeni pracowa\u0107 na projekcie PiS-u", "description": "<img src=\"https://i.wpimg.pl/308x/filerepo.grupawp.pl/api/v1/display/embed/2e323a25-6fb2-498d-9fc7-99a5905ef435\" width=\"308\" /> Ust\u0119puj\u0105cy rz\u0105d uruchomi\u0142 zegar, kt\u00f3rego odliczanie b\u0119dzie pobrzmiewa\u0107 w uszach polityk\u00f3w przejmuj\u0105cych w\u0142adz\u0119. Chodzi o ustaw\u0119 bud\u017cetow\u0105, kt\u00f3ra wp\u0142yn\u0119\u0142a do Sejmu we wrze\u015bniu. Nie do\u015b\u0107, \u017ce trafi ona do kosza, to nowy rz\u0105d b\u0119dzie mie\u0107 ma\u0142o czasu, by przed\u0142o\u017cy\u0107 w\u0142asn\u0105. Inaczej b\u0119d\u0105 przedterminowe wybory.", "link": "https://www.money.pl/gospodarka/budzetowy-zegar-tyka-opozycja-przyznaje-bedziemy-zmuszeni-pracowac-na-projekcie-pis-u-6953912842631680a.html", "date_published": "2023-10-20T13:55:43+00:00", "bookmarked": false, "dead": null, "artist": "Money PL", "album": "Money PL", "user": null, "language": "pl-PL", "thumbnail": "https://static1.money.pl/i/wp-money.png"}, {"source": "https://www.money.pl/rss/rss.xml", "title": "Coraz wi\u0119cej z\u0142ota w kraju. NBP pokaza\u0142 najnowsze dane", "description": "<img src=\"https://i.wpimg.pl/308x/filerepo.grupawp.pl/api/v1/display/embed/3324f163-f959-4fcb-8733-cfb67a869c2d\" width=\"308\" /> Narodowy Bank Polski we wrze\u015bniu tego roku zwi\u0119kszy\u0142 zasoby z\u0142ota do 10,729 mln uncji warto\u015bci 87 mld 746 mln z\u0142 - poinformowa\u0142 w pi\u0105tek NBP w informacji o p\u0142ynnych aktywach i pasywach w walutach obcych.", "link": "https://www.money.pl/gospodarka/coraz-wiecej-zlota-w-kraju-nbp-pokazal-najnowsze-dane-6954222317820416a.html", "date_published": "2023-10-20T13:23:00+00:00", "bookmarked": false, "dead": null, "artist": "Money PL", "album": "Money PL", "user": null, "language": "pl-PL", "thumbnail": "https://static1.money.pl/i/wp-money.png"}, {"source": "https://www.money.pl/rss/rss.xml", "title": "Stan polskich finans\u00f3w. \"Na rynkach jest nerwowo\"", "description": "<img src=\"https://i.wpimg.pl/308x/filerepo.grupawp.pl/api/v1/display/embed/75e7f700-f260-4da5-9c8c-538bed2f1eca\" width=\"308\" /> Na rynkach jest nerwowo i trzeba w spos\u00f3b odpowiedzialny wa\u017cy\u0107 ka\u017cde s\u0142owo \u2013 napisa\u0142 w pi\u0105tek w mediach spo\u0142eczno\u015bciowych prezes Polskiego Funduszu Rozwoju Pawe\u0142 Borys. - Nie mo\u017cna tworzy\u0107 wizji Armagedonu, a za chwil\u0119 wychodzi\u0107 do tych samych inwestor\u00f3w, \u017ceby kupili nasze obligacje \u2013 doda\u0142.", "link": "https://www.money.pl/gospodarka/stan-polskich-finansow-na-rynkach-jest-nerwowo-6954216281717248a.html", "date_published": "2023-10-20T12:58:34+00:00", "bookmarked": false, "dead": null, "artist": "Money PL", "album": "Money PL", "user": null, "language": "pl-PL", "thumbnail": "https://static1.money.pl/i/wp-money.png"}, {"source": "https://www.money.pl/rss/rss.xml", "title": "Czy rynek obroni si\u0119 przed polityk\u0105 i politykami? [OPINIA]", "description": "<img src=\"https://i.wpimg.pl/308x/filerepo.grupawp.pl/api/v1/display/embed/161cf84b-ca8e-4402-bcc5-2562011ee583\" width=\"308\" /> Warunki opodatkowania dzia\u0142alno\u015bci gospodarczej przesta\u0142y by\u0107 stabilne i przewidywalne. W\u0142a\u015bciwie ukszta\u0142towa\u0142o si\u0119 przekonanie, \u017ce nie obowi\u0105zuj\u0105 jakiekolwiek zasady i rz\u0105d mo\u017ce opodatkowa\u0107 co zechce pod jakimkolwiek pretekstem - pisze w obszernej analizie dla Money.pl Cezary Stypu\u0142kowski, prezes mBanku.", "link": "https://www.money.pl/banki/czy-rynek-obroni-sie-przed-polityka-i-politykami-opinia-6954212168301056a.html", "date_published": "2023-10-20T12:41:39+00:00", "bookmarked": false, "dead": null, "artist": "Money PL", "album": "Money PL", "user": null, "language": "pl-PL", "thumbnail": "https://static1.money.pl/i/wp-money.png"}, {"source": "https://www.money.pl/rss/rss.xml", "title": "Miliony od PARP tu\u017c przed wyborami. Beneficjentem sp\u00f3\u0142ka zwi\u0105zana z Obajtkiem", "description": "<img src=\"https://i.wpimg.pl/308x/filerepo.grupawp.pl/api/v1/display/embed/468cf285-da4d-483b-a5a5-4260cc19884b\" width=\"308\" /> Tu\u017c przed wyborami Polska Agencja Rozwoju Przedsi\u0119biorczo\u015bci przyzna\u0142a 28 mln z\u0142 sp\u00f3\u0142ce TT Plast. W jej w\u0142adzach jest bliska krewna Daniela Obajtka, a sam prezes Orlenu jest zwi\u0105zany biznesowo ze wsp\u00f3\u0142w\u0142a\u015bcicielem firmy - donosi \"Gazeta Wyborcza\".", "link": "https://www.money.pl/gospodarka/miliony-od-parp-tuz-przed-wyborami-beneficjentem-spolka-zwiazana-z-obajtkiem-6954206211406336a.html", "date_published": "2023-10-20T12:17:18+00:00", "bookmarked": false, "dead": null, "artist": "Money PL", "album": "Money PL", "user": null, "language": "pl-PL", "thumbnail": "https://static1.money.pl/i/wp-money.png"}, {"source": "https://www.money.pl/rss/rss.xml", "title": "Powstanie superministerstwo gospodarcze? Wiadomo, na czym si\u0119 skupi", "description": "<img src=\"https://i.wpimg.pl/308x/filerepo.grupawp.pl/api/v1/display/embed/049bf0e0-5aa3-442a-a8d0-da112902ac16\" width=\"308\" /> Jak donosi portal RMF24.pl, w rozmowach dotycz\u0105cych formowania nowego rz\u0105du pojawia si\u0119 temat utworzenia superresortu gospodarczego. W sumie powsta\u0107 maj\u0105 co najmniej dwa nowe ministerstwa.", "link": "https://www.money.pl/gospodarka/powstanie-superministerstwo-gospodarcze-wiadomo-na-czym-sie-skupi-6954176699189792a.html", "date_published": "2023-10-20T10:17:23+00:00", "bookmarked": false, "dead": null, "artist": "Money PL", "album": "Money PL", "user": null, "language": "pl-PL", "thumbnail": "https://static1.money.pl/i/wp-money.png"}, {"source": "https://www.money.pl/rss/rss.xml", "title": "Koniunktura wci\u0105\u017c na minusie. Nowe dane o gospodarce", "description": "<img src=\"https://i.wpimg.pl/308x/filerepo.grupawp.pl/api/v1/display/embed/30de0d59-b604-4d17-8ace-f2105dc5d942\" width=\"308\" /> W pa\u017adzierniku 2023 r. wska\u017anik og\u00f3lnego klimatu koniunktury gospodarczej w przetw\u00f3rstwie przemys\u0142owym (NSA) kszta\u0142tuje si\u0119 na poziomie -12,9 - informuje GUS. Wi\u0119kszo\u015b\u0107 wska\u017anik\u00f3w osi\u0105gn\u0119\u0142a warto\u015bci nieco ni\u017csze, albo zbli\u017cone do odnotowanych przed miesi\u0105cem.", "link": "https://www.money.pl/gospodarka/koniunktura-wciaz-na-minusie-nowe-dane-o-gospodarce-6954139645123104a.html", "date_published": "2023-10-20T09:11:04+00:00", "bookmarked": false, "dead": null, "artist": "Money PL", "album": "Money PL", "user": null, "language": "pl-PL", "thumbnail": "https://static1.money.pl/i/wp-money.png"}, {"source": "https://www.money.pl/rss/rss.xml", "title": "Polska wci\u0105\u017c na minusie, ale jest szansa na odbicie. Nowe dane o sprzeda\u017cy", "description": "<img src=\"https://i.wpimg.pl/308x/filerepo.grupawp.pl/api/v1/display/embed/d0fe749a-10cc-4639-bf19-baab07cb5d51\" width=\"308\" /> \"We wrze\u015bniu sprzeda\u017c detaliczna spad\u0142a tylko 0,3 proc. rok do roku w por\u00f3wnaniu z wynikiem -2,7 proc. r/r odnotowanym w sierpniu. Spadek inflacji i odbudowa p\u0142ac realnych robi\u0105 swoje\" - w taki spos\u00f3b eksperci ING komentuj\u0105 najnowsze dane GUS.", "link": "https://www.money.pl/pieniadze/polska-wciaz-na-minusie-ale-jest-szansa-na-odbicie-nowe-dane-o-sprzedazy-6954136744827424a.html", "date_published": "2023-10-20T08:24:00+00:00", "bookmarked": false, "dead": null, "artist": "Money PL", "album": "Money PL", "user": null, "language": "pl-PL", "thumbnail": "https://static1.money.pl/i/wp-money.png"}, {"source": "https://www.money.pl/rss/rss.xml", "title": "Kursy walut 20.10.2023. Pi\u0105tkowy kurs funta, euro, dolara i franka szwajcarskiego", "description": "<img src=\"https://i.wpimg.pl/308x/filerepo.grupawp.pl/api/v1/display/embed/f25df134-ca5f-469f-b693-7773e001842b\" width=\"308\" /> Kursy walut - 20.10.2023. W pi\u0105tek za jednego dolara (USD) zap\u0142acimy 4,21 z\u0142. Cena jednego funta szterlinga (GBP) to 5,11 z\u0142, a franka szwajcarskiego (CHF) 4,71 z\u0142. Z kolei euro (EUR) mo\u017cemy zakupi\u0107 za 4,45 z\u0142.", "link": "https://www.money.pl/pieniadze/kursy-walut-20-10-2023-piatkowy-kurs-funta-euro-dolara-i-franka-szwajcarskiego-6954102980454912a.html", "date_published": "2023-10-20T05:17:25+00:00", "bookmarked": false, "dead": null, "artist": "Money PL", "album": "Money PL", "user": null, "language": "pl-PL", "thumbnail": "https://static1.money.pl/i/wp-money.png"}, {"source": "https://www.money.pl/rss/rss.xml", "title": "Op\u0142aty, kt\u00f3re wzrosn\u0105 po wyborach. Cios w kieszenie Polak\u00f3w", "description": "<img src=\"https://i.wpimg.pl/308x/filerepo.grupawp.pl/api/v1/display/embed/0f664122-2bed-4845-be2c-0afe78e18e07\" width=\"308\" /> Niezale\u017cnie od tego, kto utworzy rz\u0105d, Polak\u00f3w czeka kilka podwy\u017cek op\u0142at, podatk\u00f3w i sk\u0142adek. Mowa mi\u0119dzy innymi o rachunkach za pr\u0105d czy sk\u0142adkach odprowadzanych do Zak\u0142adu Ubezpiecze\u0144 Spo\u0142ecznych. Jak donosi \"Fakt\", wszystko zale\u017cy od tego, czy rz\u0105d zd\u0105\u017cy zmieni\u0107 ustaw\u0119 bud\u017cetow\u0105.", "link": "https://www.money.pl/podatki/oplaty-ktore-wzrosna-po-wyborach-cios-w-kieszenie-polakow-6954097687476736a.html", "date_published": "2023-10-20T05:08:53+00:00", "bookmarked": false, "dead": null, "artist": "Money PL", "album": "Money PL", "user": null, "language": "pl-PL", "thumbnail": "https://static1.money.pl/i/wp-money.png"}, {"source": "https://www.money.pl/rss/rss.xml", "title": "Ile kosztuje dolar? Kurs dolara do z\u0142otego PLN/USD 20.10.2023", "description": "<img src=\"https://i.wpimg.pl/308x/filerepo.grupawp.pl/api/v1/display/embed/e0ba71a8-9c02-482d-85dd-ebac5362ee3b\" width=\"308\" /> Kurs dolara - 20.10.2023. W pi\u0105tek za jednego dolara (USD) trzeba zap\u0142aci\u0107 4.2063 z\u0142.", "link": "https://www.money.pl/pieniadze/ile-kosztuje-dolar-kurs-dolara-do-zlotego-pln-usd-20-10-2023-6954098781211136a.html", "date_published": "2023-10-20T05:00:24+00:00", "bookmarked": false, "dead": null, "artist": "Money PL", "album": "Money PL", "user": null, "language": "pl-PL", "thumbnail": "https://static1.money.pl/i/wp-money.png"}, {"source": "https://www.money.pl/rss/rss.xml", "title": "Ile kosztuje euro? Kurs euro do z\u0142otego PLN/EUR 20.10.2023", "description": "<img src=\"https://i.wpimg.pl/308x/filerepo.grupawp.pl/api/v1/display/embed/cf3a8300-d9c9-461f-9fbc-2f314332a28c\" width=\"308\" /> Kurs euro - 20.10.2023. W pi\u0105tek za jedno euro (EUR) trzeba zap\u0142aci\u0107 4.4482 z\u0142.", "link": "https://www.money.pl/pieniadze/ile-kosztuje-euro-kurs-euro-do-zlotego-pln-eur-20-10-2023-6954098781211168a.html", "date_published": "2023-10-20T05:00:24+00:00", "bookmarked": false, "dead": null, "artist": "Money PL", "album": "Money PL", "user": null, "language": "pl-PL", "thumbnail": "https://static1.money.pl/i/wp-money.png"}, {"source": "https://www.money.pl/rss/rss.xml", "title": "Ile kosztuje frank szwajcarski? Kurs franka do z\u0142otego PLN/CHF 20.10.2023", "description": "<img src=\"https://i.wpimg.pl/308x/filerepo.grupawp.pl/api/v1/display/embed/b1c04e3f-7bce-4c35-b03c-7a8d7b0adc65\" width=\"308\" /> Kurs franka szwajcarskiego - 20.10.2023. W pi\u0105tek za jednego franka (CHF) trzeba zap\u0142aci\u0107 4.7113 z\u0142.", "link": "https://www.money.pl/pieniadze/ile-kosztuje-frank-szwajcarski-kurs-franka-do-zlotego-pln-chf-20-10-2023-6954098780064288a.html", "date_published": "2023-10-20T05:00:24+00:00", "bookmarked": false, "dead": null, "artist": "Money PL", "album": "Money PL", "user": null, "language": "pl-PL", "thumbnail": "https://static1.money.pl/i/wp-money.png"}, {"source": "https://www.money.pl/rss/rss.xml", "title": "Ile kosztuje funt? Kurs funta do z\u0142otego PLN/GBP 20.10.2023", "description": "<img src=\"https://i.wpimg.pl/308x/filerepo.grupawp.pl/api/v1/display/embed/c374eefc-9e8b-424a-aaa7-91759b47d116\" width=\"308\" /> Kurs funta szterlinga - 20.10.2023. W pi\u0105tek za jednego funta brytyjskiego (GBP) trzeba zap\u0142aci\u0107 5.1045 z\u0142.", "link": "https://www.money.pl/pieniadze/ile-kosztuje-funt-kurs-funta-do-zlotego-pln-gbp-20-10-2023-6954098774084128a.html", "date_published": "2023-10-20T05:00:22+00:00", "bookmarked": false, "dead": null, "artist": "Money PL", "album": "Money PL", "user": null, "language": "pl-PL", "thumbnail": "https://static1.money.pl/i/wp-money.png"}]