[{"source": "https://www.youtube.com/feeds/videos.xml?channel_id=UCtMVHI3AJD4Qk4hcbZnI9ZQ", "title": "YouTube's Terrible Response...", "description": "Hello guys and gals, it's me Mutahar again! YouTube's responded to the SSSniperwolf situation and it equates to the flimsiest slap on the wrist and a complete lack of acknowledgement on the more serious of TOS violations she's seemed to have committed. Thanks for watching!\nLike, Comment and Subscribe for more videos!\n\nCheck out the newest episode of the podcast: https://youtu.be/RRGRrAMHvxQ", "link": "https://www.youtube.com/watch?v=hPfe56Ow0tE", "date_published": "2023-10-20T22:52:13+00:00", "bookmarked": false, "dead": null, "artist": "SomeOrdinaryGamers", "album": "SomeOrdinaryGamers", "user": null, "language": "en-US", "thumbnail": "https://i1.ytimg.com/vi/hPfe56Ow0tE/hqdefault.jpg"}]