[{"source": "https://japantoday.com/feed", "title": "For author Murakami, reading fiction helps us 'see through lies' in world divided by walls", "description": "For Japanese author Haruki Murakami, the bloody conflict in the Gaza Strip is a horrendous example of how our world is divided by walls, both physical and metaphorical.\u2026", "link": "https://japantoday.com/category/national/for-author-haruki-murakami-reading-fiction-helps-us-%27see-through-lies%27-in-a-world-divided-by-walls", "date_published": "2023-10-20T21:23:25+00:00", "bookmarked": false, "dead": null, "artist": "Japan Today", "album": "Japan Today", "user": null, "language": "en", "thumbnail": null}, {"source": "https://japantoday.com/feed", "title": "All Blacks crush Argentina 44-6 to reach fifth Rugby World Cup final", "description": "New Zealand bulldozed through Argentina 44-6 on Friday to reach the Rugby World Cup final for a record fifth time.\nThe All Blacks will bid for a record\u2026", "link": "https://japantoday.com/category/rugby-world-cup-2023/all-blacks-crush-argentina-44-6-to-reach-fifth-rugby-world-cup-final", "date_published": "2023-10-20T21:22:21+00:00", "bookmarked": false, "dead": null, "artist": "Japan Today", "album": "Japan Today", "user": null, "language": "en", "thumbnail": null}, {"source": "https://japantoday.com/feed", "title": "Japan's foreign minister to attend Cairo meeting on Middle East conflict", "description": "Japanese Foreign Minister Yoko Kamikawa said she would visit Egypt to attend an international conference on Saturday that will discuss ways of tackling humanitarian and safety issues stemming\u2026", "link": "https://japantoday.com/category/politics/japan%27s-foreign-minister-to-attend-cairo-meet-on-middle-east-conflict", "date_published": "2023-10-20T21:20:42+00:00", "bookmarked": false, "dead": null, "artist": "Japan Today", "album": "Japan Today", "user": null, "language": "en", "thumbnail": null}, {"source": "https://japantoday.com/feed", "title": "Kabuki actor Ennosuke admits to helping parents to commit suicide", "description": "Prominent kabuki actor Ichikawa Ennosuke admitted Friday to helping his parents to end their lives with sleeping drugs in May, in a suspected family suicide pact prior to\u2026", "link": "https://japantoday.com/category/crime/kabuki-actor-ennosuke-admits-to-aiding-parents-to-commit-suicide", "date_published": "2023-10-20T21:19:20+00:00", "bookmarked": false, "dead": null, "artist": "Japan Today", "album": "Japan Today", "user": null, "language": "en", "thumbnail": null}, {"source": "https://japantoday.com/feed", "title": "SDF plane carrying Japanese, S Koreans from Israel arrives in Tokyo", "description": "A Self-Defense Forces plane mainly carrying Japanese and South Korean nationals from Israel arrived in Tokyo on Saturday, as war rages on between the Middle East nation and\u2026", "link": "https://japantoday.com/category/national/sdf-plane-carrying-japanese-s.-koreans-from-israel-arrives-in-tokyo", "date_published": "2023-10-20T21:18:46+00:00", "bookmarked": false, "dead": null, "artist": "Japan Today", "album": "Japan Today", "user": null, "language": "en", "thumbnail": null}, {"source": "https://japantoday.com/feed", "title": "General Motors raises offer to autoworkers union ahead of UAW bargaining update", "description": "United Auto Workers President Shawn Fain is to update members Friday afternoon on progress in contract talks with Detroit's three automakers as General Motors increased its offer to\u2026", "link": "https://japantoday.com/category/business/uaw-chief-to-say-whether-auto-strikes-will-grow-from-the-34-000-workers-now-on-picket-lines", "date_published": "2023-10-20T21:17:18+00:00", "bookmarked": false, "dead": null, "artist": "Japan Today", "album": "Japan Today", "user": null, "language": "en", "thumbnail": null}, {"source": "https://japantoday.com/feed", "title": "Meta, Google quit tech summit over organizer's Israel remarks", "description": "Meta and Google have pulled out of the Web Summit, one of the tech sector's biggest annual events, after the organizer criticized Israel's actions following the Hamas attacks,\u2026", "link": "https://japantoday.com/category/tech/meta-google-quit-tech-summit-over-organizer%27s-israel-remarks", "date_published": "2023-10-20T21:16:00+00:00", "bookmarked": false, "dead": null, "artist": "Japan Today", "album": "Japan Today", "user": null, "language": "en", "thumbnail": null}, {"source": "https://japantoday.com/feed", "title": "Kishida asks ruling bloc to weigh income tax cut to fight inflation", "description": "Prime Minister Fumio Kishida asked senior ruling coalition executives on Friday to consider reducing income tax as a temporary measure to relieve households from the adverse effects of\u2026", "link": "https://japantoday.com/category/politics/japan-pm-asks-ruling-bloc-to-weigh-income-tax-cut-to-fight-inflation", "date_published": "2023-10-20T21:15:09+00:00", "bookmarked": false, "dead": null, "artist": "Japan Today", "album": "Japan Today", "user": null, "language": "en", "thumbnail": null}, {"source": "https://japantoday.com/feed", "title": "Japan to begin living support program for war zone evacuees in April", "description": "Japan's immigration agency said Friday that it will begin a program in April to help foreigners fleeing conflict zones such as war-hit Ukraine to adjust to living in\u2026", "link": "https://japantoday.com/category/national/japan-to-begin-living-support-program-for-ukraine-evacuees-in-april", "date_published": "2023-10-20T21:14:27+00:00", "bookmarked": false, "dead": null, "artist": "Japan Today", "album": "Japan Today", "user": null, "language": "en", "thumbnail": null}, {"source": "https://japantoday.com/feed", "title": "Warner, Marsh star as Australia down Pakistan at World Cup", "description": "Australia rode on punishing centuries from openers David Warner and Mitchell Marsh to beat Pakistan by 62 runs in their World Cup game in Bengaluru on Friday.\nAustralia's\u2026", "link": "https://japantoday.com/category/sports/warner-and-marsh-fire-australia-to-367-9-against-pakistan-in-world-cup", "date_published": "2023-10-20T21:13:49+00:00", "bookmarked": false, "dead": null, "artist": "Japan Today", "album": "Japan Today", "user": null, "language": "en", "thumbnail": null}, {"source": "https://japantoday.com/feed", "title": "Hossler beats gusting winds to lead Zozo Championship by 1 stroke", "description": "Beau Hossler shot a 5-under 65 to grab a one-shot lead after Friday's second round of the Zozo Championship, beating wind gusts that reached 37 mph (60 kph)\u2026", "link": "https://japantoday.com/category/sports/beau-hossler-beats-gusting-winds-in-japan-to-lead-the-zozo-championship-by-1-after-second-round", "date_published": "2023-10-20T21:13:26+00:00", "bookmarked": false, "dead": null, "artist": "Japan Today", "album": "Japan Today", "user": null, "language": "en", "thumbnail": null}, {"source": "https://japantoday.com/feed", "title": "Kaoru Mitoma signs new Brighton deal", "description": "Japan winger Kaoru Mitoma has signed a new contract with Brighton that will keep him at the Premier League club until 2027, ending speculation over his future.\nThe\u2026", "link": "https://japantoday.com/category/sports/kaoru-mitoma-signs-new-brighton-deal", "date_published": "2023-10-20T21:12:58+00:00", "bookmarked": false, "dead": null, "artist": "Japan Today", "album": "Japan Today", "user": null, "language": "en", "thumbnail": null}, {"source": "https://japantoday.com/feed", "title": "IOC hits back at Putin claim of 'ethnic discrimination' against Russia's potential Olympic athletes", "description": "The International Olympic Committee dismissed on Friday claims by Russian President Vladimir Putin of \u201cethnic discrimination\u201d against athletes who are excluded from international sport.\nThe IOC has advised\u2026", "link": "https://japantoday.com/category/sports/ioc-hits-back-at-putin-claim-of-ethnic-discrimination-against-russia%27s-potential-olympic-athletes", "date_published": "2023-10-20T21:12:37+00:00", "bookmarked": false, "dead": null, "artist": "Japan Today", "album": "Japan Today", "user": null, "language": "en", "thumbnail": null}, {"source": "https://japantoday.com/feed", "title": "Shelton shocked by success after moving into Japan Open semis", "description": "Rising tennis star Ben Shelton said Friday that his career has moved &quot;a lot faster than I would have thought&quot; after advancing to the semifinals of the Japan\u2026", "link": "https://japantoday.com/category/sports/shelton-shocked-by-success-after-moving-into-japan-open-semis", "date_published": "2023-10-20T21:11:15+00:00", "bookmarked": false, "dead": null, "artist": "Japan Today", "album": "Japan Today", "user": null, "language": "en", "thumbnail": null}, {"source": "https://japantoday.com/feed", "title": "Scholz says Germany needs to expand deportations of rejected asylum-seekers", "description": "Chancellor Olaf Scholz says Germany needs to start deporting \u201con a large scale\u201d migrants who don't have the right to stay in the country, adding to increasingly tough\u2026", "link": "https://japantoday.com/category/world/scholz-says-that-germany-needs-to-expand-deportations-of-rejected-asylum-seekers", "date_published": "2023-10-20T21:10:23+00:00", "bookmarked": false, "dead": null, "artist": "Japan Today", "album": "Japan Today", "user": null, "language": "en", "thumbnail": null}, {"source": "https://japantoday.com/feed", "title": "Belgian justice minister quits after 'monumental error' let Tunisian shooter slip through extradition net", "description": "Belgium\u2019s justice minister resigned on Friday over what he described as a \u201cmonumental error\u201d after it was discovered that Tunisia was seeking the extradition last year of an\u2026", "link": "https://japantoday.com/category/world/belgian-minister-quits-as-%27monumental-error%27-sees-tunisian-shooter-slip-through-extradition-net", "date_published": "2023-10-20T21:10:00+00:00", "bookmarked": false, "dead": null, "artist": "Japan Today", "album": "Japan Today", "user": null, "language": "en", "thumbnail": null}, {"source": "https://japantoday.com/feed", "title": "DeSantis to call Florida lawmakers back to Capitol to impose new sanctions on Iran", "description": "Presidential candidate and Republican Florida Gov. Ron DeSantis will bring lawmakers back to Tallahassee for a special session to impose additional sanctions on Iran, his office said Friday.\u2026", "link": "https://japantoday.com/category/world/desantis-will-call-florida-lawmakers-back-to-capitol-to-impose-new-sanctions-on-iran", "date_published": "2023-10-20T21:09:32+00:00", "bookmarked": false, "dead": null, "artist": "Japan Today", "album": "Japan Today", "user": null, "language": "en", "thumbnail": null}, {"source": "https://japantoday.com/feed", "title": "China ship is focus of pipeline damage probe, Finland says", "description": "An investigation into the damage to the Balticonnector gas pipeline is currently focused on the role of the Chinese NewNew Polar Bear container vessel, Finland's National Bureau of\u2026", "link": "https://japantoday.com/category/world/china-ship-is-focus-of-pipeline-damage-probe-finland-says2", "date_published": "2023-10-20T21:09:02+00:00", "bookmarked": false, "dead": null, "artist": "Japan Today", "album": "Japan Today", "user": null, "language": "en", "thumbnail": null}, {"source": "https://japantoday.com/feed", "title": "Ukraine repels new Russian onslaught on eastern front, Zelenskyy says", "description": "President Volodymyr Zelenskyy said on Friday Ukrainian forces had repelled a new Russian onslaught on the eastern town of Avdiivka and were holding their ground in heavy fighting.\u2026", "link": "https://japantoday.com/category/world/ukraine-repels-new-russian-onslaught-on-eastern-front-zelenskiy-says1", "date_published": "2023-10-20T21:08:41+00:00", "bookmarked": false, "dead": null, "artist": "Japan Today", "album": "Japan Today", "user": null, "language": "en", "thumbnail": null}, {"source": "https://japantoday.com/feed", "title": "Republicans drop Jordan's U.S. House speaker bid after third failed vote", "description": "Hardline conservative Republican Jim Jordan's quest to become speaker of the U.S. House of Representatives ended on Friday as his fellow Republicans revoked their support following a third,\u2026", "link": "https://japantoday.com/category/world/republicans-drop-jim-jordan%27s-us-house-speaker-bid-after-third-failed-vote1", "date_published": "2023-10-20T21:08:21+00:00", "bookmarked": false, "dead": null, "artist": "Japan Today", "album": "Japan Today", "user": null, "language": "en", "thumbnail": null}, {"source": "https://japantoday.com/feed", "title": "Hamas frees two American hostages as Israel ground offensive looms", "description": "Hamas on Friday freed an American woman and her teenage daughter it had held hostage in Gaza, Israel said, the first such release from among the roughly 200\u2026", "link": "https://japantoday.com/category/world/Hamas-frees-two-American-hostages-as-Israel-ground-offensive-looms", "date_published": "2023-10-20T21:07:54+00:00", "bookmarked": false, "dead": null, "artist": "Japan Today", "album": "Japan Today", "user": null, "language": "en", "thumbnail": null}, {"source": "https://japantoday.com/feed", "title": "White House asks Congress for $106 billion for Ukraine and Israel wars", "description": "The White House on Friday asked Congress for nearly $106 billion to fund ambitious plans for Ukraine, Israel and U.S. border security, but offered no strategy for securing\u2026", "link": "https://japantoday.com/category/world/white-house-asks-congress-for-106-billion-for-ukraine-and-israel-wars1", "date_published": "2023-10-20T21:07:31+00:00", "bookmarked": false, "dead": null, "artist": "Japan Today", "album": "Japan Today", "user": null, "language": "en", "thumbnail": null}, {"source": "https://japantoday.com/feed", "title": "England's Barista Tuilagi comes of age for semifinal", "description": "Ever since Manu Tuilagi made his England debut in 2011, the fleet-footed stocky centre has been considered a key part of their success.\nThat is when the 32-year-old\u2026", "link": "https://japantoday.com/category/rugby-world-cup-2023/barista-tuilagi-comes-of-age-for-rugby-world-cup-semi-final", "date_published": "2023-10-20T21:00:51+00:00", "bookmarked": false, "dead": null, "artist": "Japan Today", "album": "Japan Today", "user": null, "language": "en", "thumbnail": null}, {"source": "https://japantoday.com/feed", "title": "French authorities dealing with death threat to South Africa player at Rugby World Cup, say Boks", "description": "South Africa scrumhalf Cobus Reinach is &quot;in a good space\u201d after receiving a death threat on social media during the Rugby World Cup, assistant coach Mzwandile Stick said\u2026", "link": "https://japantoday.com/category/rugby-world-cup-2023/french-authorities-dealing-with-death-threat-to-south-africa-player-at-rugby-world-cup-say-boks", "date_published": "2023-10-20T21:00:16+00:00", "bookmarked": false, "dead": null, "artist": "Japan Today", "album": "Japan Today", "user": null, "language": "en", "thumbnail": null}, {"source": "https://japantoday.com/feed", "title": "Springboks braced for England showdown", "description": "For most rugby players the glory of getting your hands on the Webb Ellis cup would be motivation enough to lay your body on the line in a\u2026", "link": "https://japantoday.com/category/rugby-world-cup-2023/%27purpose-driven%27-springboks-braced-for-england-showdown", "date_published": "2023-10-20T20:59:36+00:00", "bookmarked": false, "dead": null, "artist": "Japan Today", "album": "Japan Today", "user": null, "language": "en", "thumbnail": null}, {"source": "https://japantoday.com/feed", "title": "Fuji cap", "description": "Photo taken from Fujiyoshida in Yamanashi Prefecture shows a cap cloud over the top of Mount Fuji on Friday.", "link": "https://japantoday.com/category/picture-of-the-day/fuji-cap", "date_published": "2023-10-20T20:16:23+00:00", "bookmarked": false, "dead": null, "artist": "Japan Today", "album": "Japan Today", "user": null, "language": "en", "thumbnail": null}, {"source": "https://japantoday.com/feed", "title": "Italy PM splits from partner after his sexist TV comments", "description": "Italian Prime Minister Giorgia Meloni said on Friday she had separated from her television journalist partner Andrea Giambruno, who has drawn criticism in recent weeks for sexist comments\u2026", "link": "https://japantoday.com/category/world/italy-pm-splits-from-partner-after-his-sexist-tv-comments1", "date_published": "2023-10-20T07:50:53+00:00", "bookmarked": false, "dead": null, "artist": "Japan Today", "album": "Japan Today", "user": null, "language": "en", "thumbnail": null}, {"source": "https://japantoday.com/feed", "title": "Empress Emerita Michiko turns 89", "description": "Empress Emerita Michiko celebrated her 89th birthday on Friday.\nIn the afternoon, she and her husband, Emperor Emeritus Akihito, who turns 90 on Dec 23, received a courtesy\u2026", "link": "https://japantoday.com/category/national/empress-emerita-michiko-turns-89", "date_published": "2023-10-20T07:36:39+00:00", "bookmarked": false, "dead": null, "artist": "Japan Today", "album": "Japan Today", "user": null, "language": "en", "thumbnail": null}, {"source": "https://japantoday.com/feed", "title": "5 women hurt by pepper spray after incident on train in Hyogo Prefecture", "description": "Five women were hurt by pepper spray after an incident aboard a train operating on the Hankyu Kobe Line in Hyogo Prefecture, on Thursday night.\nAccording to police\u2026", "link": "https://japantoday.com/category/crime/5-women-hurt-by-pepper-spray-after-incident-on-train-in-hyogo-prefecture", "date_published": "2023-10-20T07:32:47+00:00", "bookmarked": false, "dead": null, "artist": "Japan Today", "album": "Japan Today", "user": null, "language": "en", "thumbnail": null}, {"source": "https://japantoday.com/feed", "title": "Japan's extraordinary Diet session begins; economic package in focus", "description": "The Diet convened an extraordinary session on Friday, with Prime Minister Fumio Kishida's government aiming to ensure the passage of a planned supplementary budget to fund a new\u2026", "link": "https://japantoday.com/category/politics/japan%27s-extraordinary-diet-session-begins-economic-package-in-focus", "date_published": "2023-10-20T07:31:24+00:00", "bookmarked": false, "dead": null, "artist": "Japan Today", "album": "Japan Today", "user": null, "language": "en", "thumbnail": null}, {"source": "https://japantoday.com/feed", "title": "Japan's inflation slows to 2.8% in Sept as energy impact lessens", "description": "Japan's core consumer prices rose 2.8 percent in September, the slowest pace in about a year, amid the moderating effects of fuel price rises, though the increase was\u2026", "link": "https://japantoday.com/category/business/update2-japan%27s-inflation-slows-to-2.8-in-sept.-as-energy-impact-lessens", "date_published": "2023-10-20T07:30:19+00:00", "bookmarked": false, "dead": null, "artist": "Japan Today", "album": "Japan Today", "user": null, "language": "en", "thumbnail": null}, {"source": "https://japantoday.com/feed", "title": "Asian shares slip further as higher U.S. 10-year Treasury yield pressures Wall St", "description": "Asian shares retreated Friday as the prospect of a 5% yield on the 10-year U.S. Treasury for the first time since 2007 added to pressure on Wall Street.\u2026", "link": "https://japantoday.com/category/business/stock-market-today-asian-shares-slip-further-as-higher-us-10-year-treasury-yield-pressures-wall-st", "date_published": "2023-10-20T07:23:25+00:00", "bookmarked": false, "dead": null, "artist": "Japan Today", "album": "Japan Today", "user": null, "language": "en", "thumbnail": null}, {"source": "https://japantoday.com/feed", "title": "What's that bar band playing 'Jumpin' Jack Flash?' Oh, it's the Rolling Stones", "description": "Those miracles of modern science, the Rolling Stones, celebrated the release of their first album of original music in 18 years with a Manhattan club gig on Thursday.\u2026", "link": "https://japantoday.com/category/entertainment/what%27s-that-bar-band-playing-jumpin%27-jack-flash-oh-it%27s-the-rolling-stones%21", "date_published": "2023-10-20T06:16:20+00:00", "bookmarked": false, "dead": null, "artist": "Japan Today", "album": "Japan Today", "user": null, "language": "en", "thumbnail": null}, {"source": "https://japantoday.com/feed", "title": "U.S. Army charges Private Travis King with desertion over dash into North Korea", "description": "The U.S. Army has charged Private Travis King with crimes ranging from desertion for running into North Korea in July to assault against fellow soldiers and solicitation of\u2026", "link": "https://japantoday.com/category/world/exclusive-us-army-charges-private-travis-king-with-desertion-over-dash-into-north-korea1", "date_published": "2023-10-20T03:42:50+00:00", "bookmarked": false, "dead": null, "artist": "Japan Today", "album": "Japan Today", "user": null, "language": "en", "thumbnail": null}, {"source": "https://japantoday.com/feed", "title": "4 dead in central Washington shooting including gunman, police say", "description": "A 19-year-old man shot four people Thursday in central Washington state, killing three of them, and then killed himself, police said.\nToppenish Police Chief John Clary said in\u2026", "link": "https://japantoday.com/category/world/4-dead-in-central-washington-shooting-including-gunman-police-say", "date_published": "2023-10-20T03:36:04+00:00", "bookmarked": false, "dead": null, "artist": "Japan Today", "album": "Japan Today", "user": null, "language": "en", "thumbnail": null}]