[{"source": "https://www.bloomberg.com/politics/feeds/site.xml", "title": "EU Says Lack of US Clarity on Tariffs Sank Trade Announcement", "description": "A refusal by the US to clarify when it would remove punitive trade measures against the European Union is a key reason the transatlantic allies failed to reach an accord on steel trade this week that would have resolved a Trump-era dispute, according to the bloc\u2019s chief trade negotiator.", "link": "https://www.bloomberg.com/news/articles/2023-10-20/eu-says-lack-of-us-clarity-on-tariffs-sank-trade-announcement", "date_published": "2023-10-20T23:19:14+00:00", "bookmarked": false, "dead": null, "artist": "Bloomberg - politics", "album": "Bloomberg - politics", "user": null, "language": "en-US", "thumbnail": "https://assets.bwbx.io/images/users/iqjWHBFdfxIU/iWdMBsr_yXDo/v2/1200x-1.jpg"}, {"source": "https://www.bloomberg.com/politics/feeds/site.xml", "title": "Biden Says Hamas Attacked to Halt Israel-Saudi Normalization", "description": "US President Joe Biden said Hamas attacked Israel in part to stymie the Jewish state\u2019s efforts to normalize relations with Saudi Arabia, his most illuminating comments yet on the impetus for the crisis in the Middle East.", "link": "https://www.bloomberg.com/news/articles/2023-10-20/biden-says-hamas-attacked-to-halt-israel-saudi-normalization", "date_published": "2023-10-20T23:11:01+00:00", "bookmarked": false, "dead": null, "artist": "Bloomberg - politics", "album": "Bloomberg - politics", "user": null, "language": "en-US", "thumbnail": "https://assets.bwbx.io/images/users/iqjWHBFdfxIU/iglAbWquLptY/v0/1200x-1.jpg"}, {"source": "https://www.bloomberg.com/politics/feeds/site.xml", "title": "Fatal Attack in Brussels Prompts Resignation of Justice Minister", "description": "Belgian Justice Minister Vincent Van Quickenborne resigned after a Tunisian shot and killed two football fans in Brussels, saying a judicial lapse that allowed the man to stay in the country was an \u201cunforgivable\u201d error.", "link": "https://www.bloomberg.com/news/articles/2023-10-20/fatal-attack-in-brussels-prompts-resignation-of-justice-minister", "date_published": "2023-10-20T21:06:44+00:00", "bookmarked": false, "dead": null, "artist": "Bloomberg - politics", "album": "Bloomberg - politics", "user": null, "language": "en-US", "thumbnail": "https://assets.bwbx.io/images/users/iqjWHBFdfxIU/iGkbzOgnlGgQ/v1/1200x-1.jpg"}, {"source": "https://www.bloomberg.com/politics/feeds/site.xml", "title": "Republicans\u2019 House Speaker Drama Drags Into Another Week", "description": "This is Washington Edition, the newsletter about money, power and politics in the nation\u2019s capital. Today, congressional reporter Steven T. Dennis looks at what\u2019s ahead for House Republicans. Sign up here and follow us at @bpolitics. Email our editors here.", "link": "https://www.bloomberg.com/news/newsletters/2023-10-20/republicans-house-speaker-drama-drags-into-another-week", "date_published": "2023-10-20T20:34:46+00:00", "bookmarked": false, "dead": null, "artist": "Bloomberg - politics", "album": "Bloomberg - politics", "user": null, "language": "en-US", "thumbnail": "https://assets.bwbx.io/images/users/iqjWHBFdfxIU/iTXvt2.gFB_Q/v0/1200x-1.png"}, {"source": "https://www.bloomberg.com/politics/feeds/site.xml", "title": "US Supreme Court Allows White House Social Media Contacts for Now", "description": "The US Supreme Court let Biden administration officials communicate freely with social media companies while the justices review a case that centers on the federal government\u2019s efforts to combat online misinformation about Covid-19.", "link": "https://www.bloomberg.com/news/articles/2023-10-20/supreme-court-allows-white-house-social-media-contacts-for-now", "date_published": "2023-10-20T20:12:48+00:00", "bookmarked": false, "dead": null, "artist": "Bloomberg - politics", "album": "Bloomberg - politics", "user": null, "language": "en-US", "thumbnail": "https://assets.bwbx.io/images/users/iqjWHBFdfxIU/iBte2HtT9Z6U/v1/1200x-1.jpg"}, {"source": "https://www.bloomberg.com/politics/feeds/site.xml", "title": "US Supreme Court Leaves Missouri Gun-Rights Law on Hold for Now", "description": "The US Supreme Court refused to resurrect a Missouri law that would nullify a number of federal gun laws and regulations.", "link": "https://www.bloomberg.com/news/articles/2023-10-20/supreme-court-leaves-missouri-gun-rights-law-on-hold-for-now", "date_published": "2023-10-20T19:37:19+00:00", "bookmarked": false, "dead": null, "artist": "Bloomberg - politics", "album": "Bloomberg - politics", "user": null, "language": "en-US", "thumbnail": "https://assets.bwbx.io/images/users/iqjWHBFdfxIU/iWBKXcnSNORI/v1/1200x-1.jpg"}, {"source": "https://www.bloomberg.com/politics/feeds/site.xml", "title": "A New Field of Would-Be US House Speakers Takes Shape After Jim Jordan Fails", "description": "House Republicans have dispensed with Jim Jordan as their nominee for the US speakership and now several more are preparing to enter the fray.", "link": "https://www.bloomberg.com/news/articles/2023-10-20/new-field-of-would-be-us-house-speakers-takes-shape-after-jim-jordan-fails", "date_published": "2023-10-20T19:34:06+00:00", "bookmarked": false, "dead": null, "artist": "Bloomberg - politics", "album": "Bloomberg - politics", "user": null, "language": "en-US", "thumbnail": "https://assets.bwbx.io/images/users/iqjWHBFdfxIU/ik90yuT1j6_U/v1/1200x-1.jpg"}, {"source": "https://www.bloomberg.com/politics/feeds/site.xml", "title": "Why Pro-Dollar Politician Javier Milei Is Roiling Argentina Markets", "description": "Javier Milei, a free-marketeer and political outsider, has been leading the race for Argentina\u2019s Oct. 22 presidential election since pulling off a stunning victory in the August primary. Here\u2019s what you need to know about Milei &mdash; and why the election matters for the rest of the world.", "link": "https://www.bloomberg.com/news/articles/2023-10-20/why-pro-dollar-politician-javier-milei-is-roiling-argentina-markets", "date_published": "2023-10-20T18:51:16+00:00", "bookmarked": false, "dead": null, "artist": "Bloomberg - politics", "album": "Bloomberg - politics", "user": null, "language": "en-US", "thumbnail": "https://assets.bwbx.io/images/users/iqjWHBFdfxIU/i85nPWzfuvas/v4/1200x-1.jpg"}, {"source": "https://www.bloomberg.com/politics/feeds/site.xml", "title": "EU Is Preparing to Start Work on a New Russia Sanctions Package", "description": "The European Union will start consulting with member states in the coming days on a new sanctions package targeting Russia for its war against Ukraine, according to people familiar with the matter.", "link": "https://www.bloomberg.com/news/articles/2023-10-20/eu-is-preparing-to-start-work-on-a-new-russia-sanctions-package", "date_published": "2023-10-20T18:35:46+00:00", "bookmarked": false, "dead": null, "artist": "Bloomberg - politics", "album": "Bloomberg - politics", "user": null, "language": "en-US", "thumbnail": "https://assets.bwbx.io/images/users/iqjWHBFdfxIU/iK1IjO35N84g/v1/1200x-1.jpg"}, {"source": "https://www.bloomberg.com/politics/feeds/site.xml", "title": "Russia Works to Undermine Voter Confidence Worldwide, US Says", "description": "Russia is working globally to undermine public confidence in the integrity of democratic elections, expanding tactics it used in the 2020 American contest for the presidency, according to US intelligence agencies.", "link": "https://www.bloomberg.com/news/articles/2023-10-20/russia-works-to-undermine-voter-confidence-worldwide-us-says", "date_published": "2023-10-20T18:27:26+00:00", "bookmarked": false, "dead": null, "artist": "Bloomberg - politics", "album": "Bloomberg - politics", "user": null, "language": "en-US", "thumbnail": "https://assets.bwbx.io/images/users/iqjWHBFdfxIU/iCjLVdILFJnM/v1/1200x-1.jpg"}, {"source": "https://www.bloomberg.com/politics/feeds/site.xml", "title": "Trump Loyalist Jim Jordan Loses Republican House Speaker Nomination", "description": "Trump loyalist Jim Jordan lost the Republican nomination for US House speaker Friday after a secret ballot of GOP lawmakers.", "link": "https://www.bloomberg.com/news/articles/2023-10-20/trump-loyalist-jim-jordan-loses-gop-speaker-nomination", "date_published": "2023-10-20T18:02:50+00:00", "bookmarked": false, "dead": null, "artist": "Bloomberg - politics", "album": "Bloomberg - politics", "user": null, "language": "en-US", "thumbnail": "https://assets.bwbx.io/images/users/iqjWHBFdfxIU/iAUg4D6FQrlA/v1/1200x-1.jpg"}, {"source": "https://www.bloomberg.com/politics/feeds/site.xml", "title": "US Pressing Israel to Delay Gaza Invasion to Win Hostage Release", "description": "US and European governments have been putting pressure on Israel to delay its ground invasion of Gaza to buy time for secret talks underway via Qatar to win the release of hostages held by Hamas, according to people familiar with the efforts.", "link": "https://www.bloomberg.com/news/articles/2023-10-20/us-pressing-israel-to-delay-gaza-invasion-to-win-hostage-release", "date_published": "2023-10-20T17:17:33+00:00", "bookmarked": false, "dead": null, "artist": "Bloomberg - politics", "album": "Bloomberg - politics", "user": null, "language": "en-US", "thumbnail": "https://assets.bwbx.io/images/users/iqjWHBFdfxIU/iwd5tJ72qv5c/v1/1200x-1.jpg"}, {"source": "https://www.bloomberg.com/politics/feeds/site.xml", "title": "Hamas Says It Freed American Mother and Daughter Held Hostage", "description": "Hamas said it released an American mother and her daughter nearly two weeks after it seized more than 200 people in an attack on Israel that killed 1,400 people.", "link": "https://www.bloomberg.com/news/articles/2023-10-20/hamas-says-it-released-two-us-citizens-on-humanitarian-grounds", "date_published": "2023-10-20T17:15:12+00:00", "bookmarked": false, "dead": null, "artist": "Bloomberg - politics", "album": "Bloomberg - politics", "user": null, "language": "en-US", "thumbnail": "https://assets.bwbx.io/images/users/iqjWHBFdfxIU/itcYls0key30/v1/1200x-1.jpg"}, {"source": "https://www.bloomberg.com/politics/feeds/site.xml", "title": "AMLO Hits Back at Vulcan, Threatens to Use Environmental Decree", "description": "Mexico\u2019s president threatened to declare a disputed property owned by Vulcan Materials Co. an environmentally protected area, after failing to reach an agreement with the US construction firm.", "link": "https://www.bloomberg.com/news/articles/2023-10-20/amlo-hits-back-at-vulcan-threatens-to-use-environmental-decree", "date_published": "2023-10-20T16:54:21+00:00", "bookmarked": false, "dead": null, "artist": "Bloomberg - politics", "album": "Bloomberg - politics", "user": null, "language": "en-US", "thumbnail": "https://assets.bwbx.io/images/users/iqjWHBFdfxIU/iV4Yl7QE34m8/v0/1200x-1.jpg"}, {"source": "https://www.bloomberg.com/politics/feeds/site.xml", "title": "Trump Lawyer Chesebro Pleads Guilty in Georgia Election Case", "description": "Kenneth Chesebro, an attorney accused of playing a critical behind-the-scenes role in Donald Trump\u2019s efforts to overturn the 2020 election, has pleaded guilty in the criminal case in Fulton County, Georgia, against the former president and members of his inner circle.", "link": "https://www.bloomberg.com/news/articles/2023-10-20/trump-campaign-lawyer-chesebro-to-plead-guilty-in-election-case", "date_published": "2023-10-20T16:24:15+00:00", "bookmarked": false, "dead": null, "artist": "Bloomberg - politics", "album": "Bloomberg - politics", "user": null, "language": "en-US", "thumbnail": "https://assets.bwbx.io/images/users/iqjWHBFdfxIU/isLPFvqAxPHg/v1/1200x-1.jpg"}, {"source": "https://www.bloomberg.com/politics/feeds/site.xml", "title": "US Senators Arrive in Saudi Arabia While Fears of Wider War Grow", "description": "A bipartisan group of US senators arrived in Saudi Arabia as part of a trip through the region aimed at keeping Saudi-Israeli diplomacy on track and trying to prevent Israel\u2019s conflict with Hamas from spreading into a wider war.", "link": "https://www.bloomberg.com/news/articles/2023-10-20/us-senators-arrive-in-saudi-arabia-as-fears-of-wider-war-grow", "date_published": "2023-10-20T16:01:58+00:00", "bookmarked": false, "dead": null, "artist": "Bloomberg - politics", "album": "Bloomberg - politics", "user": null, "language": "en-US", "thumbnail": "https://assets.bwbx.io/images/users/iqjWHBFdfxIU/iSlP1CfKiITY/v1/1200x-1.jpg"}, {"source": "https://www.bloomberg.com/politics/feeds/site.xml", "title": "Mexico\u2019s Lawmakers Vote to Give Pemex an Even Bigger Tax Relief", "description": "Mexico\u2019s lower house of Congress voted to give Petroleos Mexicanos an even bigger tax reduction than that proposed by the government in the 2024 budget, potentially providing more relief to the indebted state-owned oil company.", "link": "https://www.bloomberg.com/news/articles/2023-10-20/mexico-s-lawmakers-vote-to-give-pemex-an-even-bigger-tax-relief", "date_published": "2023-10-20T15:41:31+00:00", "bookmarked": false, "dead": null, "artist": "Bloomberg - politics", "album": "Bloomberg - politics", "user": null, "language": "en-US", "thumbnail": "https://assets.bwbx.io/images/users/iqjWHBFdfxIU/iWsP_XSFDIOU/v0/1200x-1.jpg"}, {"source": "https://www.bloomberg.com/politics/feeds/site.xml", "title": "Mexico and China Seek to Stem Fentanyl\u2019s Deadly Cross-Pacific Flow", "description": "Mexico is in talks with China to stem the flow of fentanyl ingredients as the US pressures source countries to curb the opioid epidemic.", "link": "https://www.bloomberg.com/news/articles/2023-10-20/mexico-and-china-seek-to-stem-fentanyl-s-deadly-cross-pacific-flow", "date_published": "2023-10-20T15:22:52+00:00", "bookmarked": false, "dead": null, "artist": "Bloomberg - politics", "album": "Bloomberg - politics", "user": null, "language": "en-US", "thumbnail": "https://assets.bwbx.io/images/users/iqjWHBFdfxIU/i_esUh3eZBow/v3/1200x-1.jpg"}, {"source": "https://www.bloomberg.com/politics/feeds/site.xml", "title": "Biden Requests $106 Billion for Israel, Ukraine, Border", "description": "President Joe Biden unveiled a nearly $106 billion request for emergency funds to arm Israel and Ukraine and to reinforce the US-Mexico border, in hopes that a comprehensive package could help speed passage through the fractured political climate on Capitol Hill.", "link": "https://www.bloomberg.com/news/articles/2023-10-20/biden-requests-106-billion-for-israel-ukraine-border", "date_published": "2023-10-20T14:30:00+00:00", "bookmarked": false, "dead": null, "artist": "Bloomberg - politics", "album": "Bloomberg - politics", "user": null, "language": "en-US", "thumbnail": "https://assets.bwbx.io/images/users/iqjWHBFdfxIU/iBTmSum3Xbv4/v0/1200x-1.jpg"}, {"source": "https://www.bloomberg.com/politics/feeds/site.xml", "title": "Israel\u2019s Defense Minister Gives More Details on Plans for Gaza", "description": "Israel\u2019s defense minister gave more details about the country\u2019s military plans for Gaza on Friday, implying it has no intention of running the territory after its operations wind down.", "link": "https://www.bloomberg.com/news/articles/2023-10-20/israel-s-defense-minister-gives-more-details-on-plans-for-gaza", "date_published": "2023-10-20T14:29:51+00:00", "bookmarked": false, "dead": null, "artist": "Bloomberg - politics", "album": "Bloomberg - politics", "user": null, "language": "en-US", "thumbnail": "https://assets.bwbx.io/images/users/iqjWHBFdfxIU/iO4EtsR3gpUo/v0/1200x-1.jpg"}, {"source": "https://www.bloomberg.com/politics/feeds/site.xml", "title": "HSBC\u2019s Sale of Canada Unit to RBC Is Opposed by Conservative Leader", "description": "The leader of Canada\u2019s main opposition political party says the government should block HSBC Holdings Plc\u2019s sale of its local operations to Royal Bank of Canada.", "link": "https://www.bloomberg.com/news/articles/2023-10-20/hsbc-s-sale-of-canada-unit-to-rbc-is-opposed-by-conservative-leader", "date_published": "2023-10-20T14:16:04+00:00", "bookmarked": false, "dead": null, "artist": "Bloomberg - politics", "album": "Bloomberg - politics", "user": null, "language": "en-US", "thumbnail": "https://assets.bwbx.io/images/users/iqjWHBFdfxIU/iHAyXecv7l4A/v1/1200x-1.jpg"}, {"source": "https://www.bloomberg.com/politics/feeds/site.xml", "title": "Zimbabwe Calls By-Elections After Opposition Lawmakers Lose Seats", "description": "Zimbabwean President Emmerson Mnangagwa declared by-elections in nine constituencies that were controlled by lawmakers from the main opposition party who were stripped of their parliamentary seats.", "link": "https://www.bloomberg.com/news/articles/2023-10-20/zimbabwe-calls-by-elections-after-opposition-lawmakers-lose-seats", "date_published": "2023-10-20T13:49:39+00:00", "bookmarked": false, "dead": null, "artist": "Bloomberg - politics", "album": "Bloomberg - politics", "user": null, "language": "en-US", "thumbnail": "https://assets.bwbx.io/images/users/iqjWHBFdfxIU/igz5A50LGPqA/v1/1200x-1.jpg"}, {"source": "https://www.bloomberg.com/politics/feeds/site.xml", "title": "Who are Yemen\u2019s Houthis? Can They Strike Israel?", "description": "As the Israel-Hamas war escalates, there\u2019s growing concern that the conflict will spread across the region, drawing in more actors that are hostile to Israel. Those fears appeared to be borne out on Oct. 19, when the US military said one of its destroyers in the Red Sea had intercepted cruise missiles and drones launched toward Israel by Houthi rebels, who control Yemen\u2019s capital and the surrounding area.", "link": "https://www.bloomberg.com/news/articles/2023-10-20/who-are-yemen-s-houthis-can-they-strike-israel", "date_published": "2023-10-20T13:09:35+00:00", "bookmarked": false, "dead": null, "artist": "Bloomberg - politics", "album": "Bloomberg - politics", "user": null, "language": "en-US", "thumbnail": "https://assets.bwbx.io/images/users/iqjWHBFdfxIU/iZKlnkhEAtnQ/v1/1200x-1.jpg"}, {"source": "https://www.bloomberg.com/politics/feeds/site.xml", "title": "Jim Jordan Seeks Another House Speaker Vote Despite Fierce Opposition", "description": "Representative Jim Jordan tried to rally support for his bid to be House speaker early Friday despite entrenched opposition within his party, a group so riven by divisions that they have been unable to chose a leader for more than two weeks.", "link": "https://www.bloomberg.com/news/articles/2023-10-20/jordan-seeks-another-speaker-vote-despite-fierce-opposition", "date_published": "2023-10-20T12:12:02+00:00", "bookmarked": false, "dead": null, "artist": "Bloomberg - politics", "album": "Bloomberg - politics", "user": null, "language": "en-US", "thumbnail": "https://assets.bwbx.io/images/users/iqjWHBFdfxIU/iZGYVIC1sEco/v1/1200x-1.jpg"}, {"source": "https://www.bloomberg.com/politics/feeds/site.xml", "title": "Record Breakers: Labour's By-Election Landslide", "description": "<p>Get caught up on the day\u2019s political news</p>", "link": "https://www.bloomberg.com/news/articles/2023-10-20/labour-wins-big-keir-starmer-s-byelection-landslide", "date_published": "2023-10-20T11:58:23+00:00", "bookmarked": false, "dead": null, "artist": "Bloomberg - politics", "album": "Bloomberg - politics", "user": null, "language": "en-US", "thumbnail": "https://assets.bwbx.io/images/users/iqjWHBFdfxIU/i.UnjaheyHB8/v0/1200x-1.jpg"}, {"source": "https://www.bloomberg.com/politics/feeds/site.xml", "title": "Ukraine to Push Peace Formula at Meeting in Malta This Month", "description": "Ukraine will press forward with an effort to build support for a peace formula with the so-called Global South as Malta hosts a third gathering of senior officials to discuss the blueprint this month.", "link": "https://www.bloomberg.com/news/articles/2023-10-20/ukraine-to-push-peace-formula-at-meeting-in-malta-this-month", "date_published": "2023-10-20T11:57:23+00:00", "bookmarked": false, "dead": null, "artist": "Bloomberg - politics", "album": "Bloomberg - politics", "user": null, "language": "en-US", "thumbnail": "https://assets.bwbx.io/images/users/iqjWHBFdfxIU/izXgy6vxjo1U/v1/1200x-1.jpg"}, {"source": "https://www.bloomberg.com/politics/feeds/site.xml", "title": "Meloni Breakup Removes a Political Liability for Italian Leader", "description": "Italian Prime Minister Giorgia Meloni has announced her breakup with the father of her child, effectively ridding her of a political liability after he made a series of controversial remarks.", "link": "https://www.bloomberg.com/news/articles/2023-10-20/meloni-s-breakup-rids-her-of-a-political-liability-in-italy", "date_published": "2023-10-20T11:10:17+00:00", "bookmarked": false, "dead": null, "artist": "Bloomberg - politics", "album": "Bloomberg - politics", "user": null, "language": "en-US", "thumbnail": "https://assets.bwbx.io/images/users/iqjWHBFdfxIU/itafvKRdr98Q/v1/1200x-1.jpg"}, {"source": "https://www.bloomberg.com/politics/feeds/site.xml", "title": "Argentina\u2019s Dollar Craze Is About to Be Tested", "description": "Welcome to Balance of Power, bringing you the latest in global politics. If you haven\u2019t yet, sign up here.", "link": "https://www.bloomberg.com/news/newsletters/2023-10-20/argentina-s-dollar-craze-faces-big-test-in-sunday-s-election", "date_published": "2023-10-20T10:02:54+00:00", "bookmarked": false, "dead": null, "artist": "Bloomberg - politics", "album": "Bloomberg - politics", "user": null, "language": "en-US", "thumbnail": "https://assets.bwbx.io/images/users/iqjWHBFdfxIU/igXdPvkERhz4/v0/1200x-1.jpg"}, {"source": "https://www.bloomberg.com/politics/feeds/site.xml", "title": "Americans are Worried About Paying Their Bills. That\u2019s Helping Trump in Swing States", "description": "Voters in seven swing states are feeling the pain of rising prices for household essentials, according to a Bloomberg News and Morning Consult poll that points to trouble for President Joe Biden\u2019s effort to make the economy a centerpiece of his bid for a second term.", "link": "https://www.bloomberg.com/news/articles/2023-10-20/inflation-economy-lead-us-voters-to-trust-trump-more-than-biden-poll", "date_published": "2023-10-20T10:00:00+00:00", "bookmarked": false, "dead": null, "artist": "Bloomberg - politics", "album": "Bloomberg - politics", "user": null, "language": "en-US", "thumbnail": "https://assets.bwbx.io/images/users/iqjWHBFdfxIU/imgRdtu4ViHM/v4/1200x-1.jpg"}, {"source": "https://www.bloomberg.com/politics/feeds/site.xml", "title": "Death Threats, Intimidation Mar Speaker Race in Age of Extremism", "description": "Death threats and political intimidation have erupted from the struggle to decide the US House speaker, highlighting how extremism and enmity in the American electorate are deepening the political divide in Washington.", "link": "https://www.bloomberg.com/news/articles/2023-10-20/death-threats-intimidation-mar-speaker-race-in-age-of-extremism", "date_published": "2023-10-20T09:00:00+00:00", "bookmarked": false, "dead": null, "artist": "Bloomberg - politics", "album": "Bloomberg - politics", "user": null, "language": "en-US", "thumbnail": "https://assets.bwbx.io/images/users/iqjWHBFdfxIU/i2rPz5Sk7XmE/v1/1200x-1.jpg"}, {"source": "https://www.bloomberg.com/politics/feeds/site.xml", "title": "Niger\u2019s Ousted Leader Detained After Helicopter\u00a0Escape Foiled, Junta Says", "description": "Niger\u2019s ousted leader is being held in an undisclosed location after the nation\u2019s junta said it had foiled an attempt by Mohamed Bazoum to escape his Niamey residence.", "link": "https://www.bloomberg.com/news/articles/2023-10-20/niger-s-ousted-leader-detained-after-trying-to-escape-junta-says", "date_published": "2023-10-20T08:42:49+00:00", "bookmarked": false, "dead": null, "artist": "Bloomberg - politics", "album": "Bloomberg - politics", "user": null, "language": "en-US", "thumbnail": "https://assets.bwbx.io/images/users/iqjWHBFdfxIU/io9VdY1BxMsE/v1/1200x-1.jpg"}, {"source": "https://www.bloomberg.com/politics/feeds/site.xml", "title": "Saudi, UAE Leaders Hold Rare Talks as Israel-Hamas War Escalates", "description": "The leaders of Saudi Arabia and the United Arab Emirates met in Riyadh on Friday, indicating an effort by the two regional heavyweights to put differences to one side and confront the threat of the Israel-Hamas war becoming a wider conflict.", "link": "https://www.bloomberg.com/news/articles/2023-10-20/saudi-uae-leaders-hold-rare-talks-as-israel-hamas-war-escalates", "date_published": "2023-10-20T08:39:06+00:00", "bookmarked": false, "dead": null, "artist": "Bloomberg - politics", "album": "Bloomberg - politics", "user": null, "language": "en-US", "thumbnail": "https://assets.bwbx.io/images/users/iqjWHBFdfxIU/ikUZmRyA8Biw/v0/1200x-1.jpg"}, {"source": "https://www.bloomberg.com/politics/feeds/site.xml", "title": "NATO Should Weigh Halting Russian Baltic Shipping, Latvia Says", "description": "NATO should consider a halt to Russian shipping in the Baltic Sea if evidence emerges that the Kremlin is behind the damage to a pipeline connecting Finland and Estonia, Latvia\u2019s president said.", "link": "https://www.bloomberg.com/news/articles/2023-10-20/latvia-says-nato-should-close-baltic-if-russia-harmed-pipeline", "date_published": "2023-10-20T08:09:08+00:00", "bookmarked": false, "dead": null, "artist": "Bloomberg - politics", "album": "Bloomberg - politics", "user": null, "language": "en-US", "thumbnail": "https://assets.bwbx.io/images/users/iqjWHBFdfxIU/i9miqVWOdl94/v0/1200x-1.png"}, {"source": "https://www.bloomberg.com/politics/feeds/site.xml", "title": "Xi Urges Vietnam to \u2018Not Forget\u2019 Roots of Its China Friendship", "description": "Chinese President Xi Jinping urged Vietnam not to forget the roots of the friendship between the two Communist countries during a meeting with Vietnamese President Vo Van Thuong in Beijing.", "link": "https://www.bloomberg.com/news/articles/2023-10-20/xi-urges-vietnam-to-not-forget-roots-of-its-china-friendship", "date_published": "2023-10-20T08:06:46+00:00", "bookmarked": false, "dead": null, "artist": "Bloomberg - politics", "album": "Bloomberg - politics", "user": null, "language": "en-US", "thumbnail": "https://assets.bwbx.io/images/users/iqjWHBFdfxIU/iGj718lE4waU/v0/1200x-1.jpg"}, {"source": "https://www.bloomberg.com/politics/feeds/site.xml", "title": "Ukraine Recap: Zelenskiy, Biden Speak as US Leader Urges Funding", "description": "Ukrainian President Volodymyr Zelenskiy spoke with President Joe Biden on Thursday as the US leader made a rare Oval Office address to urge support for funding war efforts in Israel and Ukraine. Biden warned that Hamas and Russian President Vladimir Putin pose parallel threats to US democracy. Ukraine used US-provided ATACMS missiles for the first time this week to strike Russia-occupied airports on its territory.", "link": "https://www.bloomberg.com/news/articles/2023-10-20/russia-ukraine-latest-news-october-20-2023", "date_published": "2023-10-20T07:10:19+00:00", "bookmarked": false, "dead": null, "artist": "Bloomberg - politics", "album": "Bloomberg - politics", "user": null, "language": "en-US", "thumbnail": "https://assets.bwbx.io/images/users/iqjWHBFdfxIU/iA6Z5wGZ4w2U/v1/1200x-1.jpg"}, {"source": "https://www.bloomberg.com/politics/feeds/site.xml", "title": "Swiss Right-Wing Party Set to Cement Top Position in Election", "description": "A pedestrian walks past electoral posters on October 13, 2023 in Lausanne, ahead of the Swiss federal elections to elect a new Parliament. Switzerland's general election on October 22 is set to see the populist right make gains over European migration concerns and shatter Green dreams of getting into government. (Photo by Fabrice COFFRINI / AFP) (Photo by FABRICE COFFRINI/AFP via Getty Images)", "link": "https://www.bloomberg.com/news/articles/2023-10-20/swiss-right-wing-party-set-to-cement-top-position-in-election", "date_published": "2023-10-20T06:06:12+00:00", "bookmarked": false, "dead": null, "artist": "Bloomberg - politics", "album": "Bloomberg - politics", "user": null, "language": "en-US", "thumbnail": "https://assets.bwbx.io/images/users/iqjWHBFdfxIU/ieekueIRO2kw/v1/1200x-1.jpg"}, {"source": "https://www.bloomberg.com/politics/feeds/site.xml", "title": "Israel Latest: US Downs Missiles Targeting Israel From Yemen", "description": "The Pentagon said it\u2019s experiencing an increase in drone attacks on US military bases in Iraq and Syria, while an American destroyer shot down cruise missiles and drones launched by Iran-backed Houthi militants in Yemen that were fired toward Israel.", "link": "https://www.bloomberg.com/news/articles/2023-10-20/israel-latest-us-downs-missiles-targeting-israel-from-yemen", "date_published": "2023-10-20T05:30:04+00:00", "bookmarked": false, "dead": null, "artist": "Bloomberg - politics", "album": "Bloomberg - politics", "user": null, "language": "en-US", "thumbnail": "https://assets.bwbx.io/images/users/iqjWHBFdfxIU/iVmWPjTP8NMU/v1/1200x-1.jpg"}, {"source": "https://www.bloomberg.com/politics/feeds/site.xml", "title": "Australia Confirms Chinese Firm\u2019s Port Lease as Relations Thaw", "description": "Australia said that a Chinese firm can continue to lease the port of Darwin in the north of the country, the latest sign of the thaw in bilateral relations ahead of the expected visit to Beijing by Prime Minister Anthony Albanese.", "link": "https://www.bloomberg.com/news/articles/2023-10-20/australia-confirms-chinese-firm-s-port-lease-as-relations-thaw", "date_published": "2023-10-20T05:12:24+00:00", "bookmarked": false, "dead": null, "artist": "Bloomberg - politics", "album": "Bloomberg - politics", "user": null, "language": "en-US", "thumbnail": "https://assets.bwbx.io/images/users/iqjWHBFdfxIU/iwKRo5id.rU0/v1/1200x-1.jpg"}, {"source": "https://www.bloomberg.com/politics/feeds/site.xml", "title": "UK\u2019s Sunak Visits Egypt to Hold Talks on Israel-Hamas Conflict", "description": "UK Prime Minister Rishi Sunak will travel to Egypt on Friday as he urges leaders in the Middle East to avoid regional escalation of the Israel-Hamas conflict.", "link": "https://www.bloomberg.com/news/articles/2023-10-20/uk-s-sunak-visits-egypt-to-hold-talks-on-israel-hamas-conflict", "date_published": "2023-10-20T05:02:46+00:00", "bookmarked": false, "dead": null, "artist": "Bloomberg - politics", "album": "Bloomberg - politics", "user": null, "language": "en-US", "thumbnail": "https://assets.bwbx.io/images/users/iqjWHBFdfxIU/icJEnugjXyYI/v0/1200x-1.jpg"}, {"source": "https://www.bloomberg.com/politics/feeds/site.xml", "title": "Putin Visits Southern Army Headquarters After China Trip", "description": "President Vladimir Putin traveled to the headquarters of Russia\u2019s Southern Military District near the border with Ukraine, following his return from talks with Chinese leader Xi Jinping in Beijing.", "link": "https://www.bloomberg.com/news/articles/2023-10-20/putin-visits-southern-army-headquarters-after-china-trip", "date_published": "2023-10-20T04:24:29+00:00", "bookmarked": false, "dead": null, "artist": "Bloomberg - politics", "album": "Bloomberg - politics", "user": null, "language": "en-US", "thumbnail": "https://assets.bwbx.io/images/users/iqjWHBFdfxIU/ivt89hbJYI7o/v1/1200x-1.jpg"}, {"source": "https://www.bloomberg.com/politics/feeds/site.xml", "title": "Starmer\u2019s Labour Makes History, Takes Two Seats From Tories", "description": "The opposition Labour Party overturned huge Conservative majorities to win the parliamentary seats of Mid Bedfordshire and Tamworth, boosting leader Keir Starmer\u2019s hopes of becoming prime minister in a UK vote expected next year.", "link": "https://www.bloomberg.com/news/articles/2023-10-20/starmer-s-labour-overturns-large-tory-majority-to-take-tamworth", "date_published": "2023-10-20T01:57:27+00:00", "bookmarked": false, "dead": null, "artist": "Bloomberg - politics", "album": "Bloomberg - politics", "user": null, "language": "en-US", "thumbnail": "https://assets.bwbx.io/images/users/iqjWHBFdfxIU/iWe51MN0LxLY/v2/1200x-1.jpg"}, {"source": "https://www.bloomberg.com/politics/feeds/site.xml", "title": "India Pushes Back Against Russia Demands to Pay for Oil in Yuan", "description": "India is rejecting pressure from Russian oil suppliers to pay for crude imports in the Chinese currency as tensions between New Delhi and Beijing continue to simmer.", "link": "https://www.bloomberg.com/news/articles/2023-10-20/india-pushes-back-against-russia-demands-to-pay-for-oil-in-yuan", "date_published": "2023-10-20T01:45:37+00:00", "bookmarked": false, "dead": null, "artist": "Bloomberg - politics", "album": "Bloomberg - politics", "user": null, "language": "en-US", "thumbnail": "https://assets.bwbx.io/images/users/iqjWHBFdfxIU/i3ijI1BEtk3s/v1/1200x-1.jpg"}, {"source": "https://www.bloomberg.com/politics/feeds/site.xml", "title": "Trump Immunity Claim Slammed By Prosecutors in DC Election Case", "description": "US prosecutors pushed back on Donald Trump\u2019s claim of absolute immunity against charges that he conspired to obstruct the 2020 election, saying that the former president, like other high-ranking government officials, \u201cis not above the law.\u201d", "link": "https://www.bloomberg.com/news/articles/2023-10-20/trump-immunity-claim-slammed-by-prosecutors-in-dc-election-case", "date_published": "2023-10-20T00:45:07+00:00", "bookmarked": false, "dead": null, "artist": "Bloomberg - politics", "album": "Bloomberg - politics", "user": null, "language": "en-US", "thumbnail": "https://assets.bwbx.io/images/users/iqjWHBFdfxIU/iTgZAKePHOuE/v1/1200x-1.jpg"}, {"source": "https://www.bloomberg.com/politics/feeds/site.xml", "title": "Russia Seeks Regular Security Talks With North Korea, China", "description": "Russian Foreign Minister Sergei Lavrov called for regular trilateral security talks between North Korea, China and Russia to counteract what he characterized as a \u201cdangerous policy\u201d being pursued by the US, Japan and South Korea to tighten their joint defense posture in the region.", "link": "https://www.bloomberg.com/news/articles/2023-10-20/russia-seeks-regular-security-talks-with-north-korea-china", "date_published": "2023-10-20T00:32:35+00:00", "bookmarked": false, "dead": null, "artist": "Bloomberg - politics", "album": "Bloomberg - politics", "user": null, "language": "en-US", "thumbnail": "https://assets.bwbx.io/images/users/iqjWHBFdfxIU/iUKwAh9qkPIQ/v2/1200x-1.jpg"}, {"source": "https://www.bloomberg.com/politics/feeds/site.xml", "title": "Biden Casts Russia, Hamas as Parallel Threats to Democracy", "description": "President Joe Biden directly appealed to the American people to support funding for Israel and Ukraine\u2019s war efforts, warning that Hamas and Russian President Vladimir Putin pose parallel threats to US democracy.", "link": "https://www.bloomberg.com/news/articles/2023-10-20/biden-casts-russia-hamas-as-parallel-threats-to-democracy", "date_published": "2023-10-20T00:15:47+00:00", "bookmarked": false, "dead": null, "artist": "Bloomberg - politics", "album": "Bloomberg - politics", "user": null, "language": "en-US", "thumbnail": "https://assets.bwbx.io/images/users/iqjWHBFdfxIU/iqX8oq.zMWLA/v2/1200x-1.jpg"}, {"source": "https://www.bloomberg.com/politics/feeds/site.xml", "title": "China\u2019s Stance on Hamas a Key Point of Division, US Envoy Says", "description": "The US\u2019s top diplomat in China called on President Xi Jinping\u2019s government to denounce terrorism by Hamas, citing Beijing\u2019s stance toward the group as yet another challenge in fraught ties between the world\u2019s biggest economies.", "link": "https://www.bloomberg.com/news/articles/2023-10-20/china-s-stance-on-hamas-a-key-point-of-division-us-envoy-says", "date_published": "2023-10-20T00:00:22+00:00", "bookmarked": false, "dead": null, "artist": "Bloomberg - politics", "album": "Bloomberg - politics", "user": null, "language": "en-US", "thumbnail": "https://assets.bwbx.io/images/users/iqjWHBFdfxIU/iYesQmInHbKQ/v1/1200x-1.jpg"}]