[{"source": "https://www.youtube.com/feeds/videos.xml?channel_id=UCRG_N2uO405WO4P3Ruef9NA", "title": "Windows 12: What we know so far", "description": "Visit https://brilliant.org/TFC/ to get started learning STEM with a 30 day free trial, and the first 200 people will get 20% off their annual premium subscription - Sponsored by Brilliant.\n\n \u25ac\u25ac\u25ac\u25ac\u25ac\u25ac\u25ac\u25ac\u25ac\u25ac\u25ac\u25ac\u25ac\u25ac\u25ac\u25ac\u25ac\u25ac\u25ac\u25ac\u25ac\u25ac\u25ac\u25ac  \n \n\u25ba\u25ba\u25ba This video \u25c4\u25c4\u25c4  \n\nThis week we discuss what we know about Windows 12, including leaks about design, AI features, Snapdragon ARM chips, etc., Canon announced Nanoimprint Lithography, a breakthrough in chipmaking, and Xiaomi announced HyperOS to take on Huawei's HarmonyOS.\n\nEpisode 169\n \nThis video on Nebula: https://nebula.tv/videos/tfc-windows-12-what-we-know-so-far\n\n\u25ac\u25ac\u25ac\u25ac\u25ac\u25ac\u25ac\u25ac\u25ac\u25ac\u25ac\u25ac\u25ac\u25ac\u25ac\u25ac\u25ac\u25ac\u25ac\u25ac\u25ac\u25ac\u25ac\u25ac\n\n\u25ba\u25ba\u25ba TechAltar links \u25c4\u25c4\u25c4  \n \nSocial media:  \nhttps://mas.to/@techaltar\nhttps://bsky.app/profile/techaltar.bsky.social\nhttps://instagram.com/TechAltar \nhttps://discord.gg/npKQebe  \n \n\u25ac\u25ac\u25ac\u25ac\u25ac\u25ac\u25ac\u25ac\u25ac\u25ac\u25ac\u25ac\u25ac\u25ac\u25ac\u25ac\u25ac\u25ac\u25ac\u25ac\u25ac\u25ac\u25ac\u25ac\n \n\u25ba\u25ba\u25ba Attributions & Time stamps\u25c4\u25c4\u25c4\n \nWriting & Research: Tristan Rayner\nMusic by Edemski: https://soundcloud.com/edemski \n\n0:00 Intro\n0:20 Windows 12 leaks\n2:18 Chipmakin", "link": "https://www.youtube.com/watch?v=eMSVjMA1UdY", "date_published": "2023-10-20T15:06:25+00:00", "bookmarked": false, "dead": null, "artist": "Friday Checkout", "album": "Friday Checkout", "user": null, "language": "en-US", "thumbnail": "https://i2.ytimg.com/vi/eMSVjMA1UdY/hqdefault.jpg"}]