[{"source": "http://feeds.skynews.com/feeds/rss/world.xml", "title": "RTE has 'no plans' to bring back Ireland's biggest TV star after scandal over salary", "description": "Ireland's national broadcaster RTE says it has no plans to bring back star presenter Ryan Tubridy - after negotiations with the TV host broke down.", "link": "https://news.sky.com/story/ryan-tubridy-rte-has-no-plans-to-bring-back-tv-star-after-talks-break-down-12941976", "date_published": "2023-08-17T18:43:00+00:00", "persistent": false, "dead": false, "artist": null, "album": null, "user": null, "language": "en-US", "thumbnail": "https://e3.365dm.com/23/06/70x70/skynews-ryan-tubridy-ireland_6196982.jpg?20230623142606"}, {"source": "http://feeds.skynews.com/feeds/rss/world.xml", "title": "This star could become one of the most powerful magnets in the universe", "description": "Astronomers have uncovered a star that appears on course to become one of the strongest magnets in the universe.", "link": "https://news.sky.com/story/this-star-could-become-one-of-the-most-powerful-magnets-in-the-universe-12940005", "date_published": "2023-08-17T18:00:00+00:00", "persistent": false, "dead": false, "artist": null, "album": null, "user": null, "language": "en-US", "thumbnail": "https://e3.365dm.com/23/08/70x70/skynews-space-star_6250718.jpg?20230814160759"}, {"source": "http://feeds.skynews.com/feeds/rss/world.xml", "title": "Thousands evacuated as 'out of control' wildfire burns in Tenerife", "description": "Thousands of people have been evacuated in Tenerife as firefighters and the army struggle to contain an \"out of control\" wildfire.", "link": "https://news.sky.com/story/tenerife-wildfire-thousands-evacuated-as-firefighters-battle-out-of-control-blaze-12941891", "date_published": "2023-08-17T16:08:00+00:00", "persistent": false, "dead": false, "artist": null, "album": null, "user": null, "language": "en-US", "thumbnail": "https://e3.365dm.com/23/08/70x70/skynews-tenerife-spain-wildfire_6253798.jpg?20230817151026"}, {"source": "http://feeds.skynews.com/feeds/rss/world.xml", "title": "What is the 'Pi' COVID variant dubbed 'BA.6' &#8211; and should we be worried about it?", "description": "Another new Omicron variant has got scientists talking.", "link": "https://news.sky.com/story/what-is-the-pi-covid-variant-dubbed-ba6-8211-and-should-we-be-worried-about-it-12941809", "date_published": "2023-08-17T15:25:00+00:00", "persistent": false, "dead": false, "artist": null, "album": null, "user": null, "language": "en-US", "thumbnail": "https://e3.365dm.com/21/11/70x70/skynews-omicron-covid-coronavirus_5600173.jpg?20211216220838"}, {"source": "http://feeds.skynews.com/feeds/rss/world.xml", "title": "Flash flooding and landslides kill at least 72 in India's Himalayan region", "description": "At least 72 people have died in India's Himalayan region after days of torrential rain triggered landslides and flash floods.", "link": "https://news.sky.com/story/india-flooding-at-least-72-killed-after-torrential-rain-triggers-flash-floods-and-landslides-in-himalayan-region-12941799", "date_published": "2023-08-17T13:44:00+00:00", "persistent": false, "dead": false, "artist": null, "album": null, "user": null, "language": "en-US", "thumbnail": "https://e3.365dm.com/23/08/70x70/skynews-aftermath-india-landslide_6253952.jpg?20230817174319"}, {"source": "http://feeds.skynews.com/feeds/rss/world.xml", "title": "Fake 'beach closed' signs installed in Mallorca to keep tourists away from popular spots", "description": "Activists in Mallorca have put up fake signs warning of jellyfish and falling rocks to try to keep English-speaking tourists away from popular beaches.", "link": "https://news.sky.com/story/mallorca-fake-beach-closed-signs-installed-to-keep-tourists-away-from-popular-spots-12941770", "date_published": "2023-08-17T12:56:00+00:00", "persistent": false, "dead": false, "artist": null, "album": null, "user": null, "language": "en-US", "thumbnail": "https://e3.365dm.com/23/08/70x70/skynews-porto-cristo-mallorca_6253730.jpg?20230817141107"}, {"source": "http://feeds.skynews.com/feeds/rss/world.xml", "title": "Sweden 'averts planned attacks' as terror alert level raised to second highest after Koran burnings", "description": "Sweden's prime minister says planned attacks against his country have been averted as the security service raised the terror threat level to its second highest.", "link": "https://news.sky.com/story/sweden-averts-planned-attacks-as-terror-alert-level-raised-to-second-highest-after-koran-burnings-12941709", "date_published": "2023-08-17T11:26:00+00:00", "persistent": false, "dead": false, "artist": null, "album": null, "user": null, "language": "en-US", "thumbnail": "https://e3.365dm.com/23/08/70x70/skynews-ulf-kristersson-prime-minister_6253824.jpg?20230817154343"}, {"source": "http://feeds.skynews.com/feeds/rss/world.xml", "title": "Several dogs die after becoming trapped in flooded day care centre", "description": "The deaths of several dogs at a day care centre during a flash flood was an \"entirely preventable tragedy\", a grief-stricken pet owner has said.", "link": "https://news.sky.com/story/washington-dc-several-dogs-die-after-becoming-trapped-in-flooded-day-care-centre-12941579", "date_published": "2023-08-17T09:28:00+00:00", "persistent": false, "dead": false, "artist": null, "album": null, "user": null, "language": "en-US", "thumbnail": "https://e3.365dm.com/23/08/70x70/skynews-dog-daycare-floods_6253423.jpg?20230817093705"}, {"source": "http://feeds.skynews.com/feeds/rss/world.xml", "title": "'I buried my sister 54 days after she was killed': How mass graves haunt a once thriving capital", "description": "Once the thriving capital of West Darfur, al Geneina is now nearly deserted.", "link": "https://news.sky.com/story/i-buried-my-sister-54-days-after-she-was-killed-mass-graves-in-west-darfurs-capital-haunt-remaining-residents-12941508", "date_published": "2023-08-17T07:46:00+00:00", "persistent": false, "dead": false, "artist": null, "album": null, "user": null, "language": "en-US", "thumbnail": "https://e3.365dm.com/23/08/70x70/skynews-sudan-sky_6253640.png?20230817125826"}, {"source": "http://feeds.skynews.com/feeds/rss/world.xml", "title": "Pig kidney keeps working in human body for over a month", "description": "A genetically modified pig kidney transplanted into a brain-dead patient over a month ago is still working normally, researchers have found.", "link": "https://news.sky.com/story/pig-kidney-keeps-working-in-human-body-for-over-a-month-12941501", "date_published": "2023-08-17T07:34:00+00:00", "persistent": false, "dead": false, "artist": null, "album": null, "user": null, "language": "en-US", "thumbnail": "https://e3.365dm.com/23/08/70x70/skynews-kidney-transplant-pig_6253446.jpg?20230817095130"}, {"source": "http://feeds.skynews.com/feeds/rss/world.xml", "title": "World's longest rail tunnel will be closed for months after freight train derailed", "description": "The world's longest rail tunnel has closed for repairs after a freight train derailed - and it is not expected to open for months.", "link": "https://news.sky.com/story/gotthard-tunnel-in-switzerland-will-be-closed-for-months-after-freight-train-derailed-12941478", "date_published": "2023-08-17T06:26:00+00:00", "persistent": false, "dead": false, "artist": null, "album": null, "user": null, "language": "en-US", "thumbnail": "https://e3.365dm.com/23/08/70x70/skynews-gotthard-tunnel-switzerland_6253391.jpg?20230817090456"}, {"source": "http://feeds.skynews.com/feeds/rss/world.xml", "title": "Thousands urged to evacuate by road and air as wildfire nears Canada's most northern city", "description": "Thousands of people are being urged to leave a major city in Canada's Northwest Territories as a huge wildfire approaches.", "link": "https://news.sky.com/story/canada-wildfires-thousands-urged-to-evacuate-by-road-and-air-as-blaze-nears-countrys-most-northern-city-12941470", "date_published": "2023-08-17T05:41:00+00:00", "persistent": false, "dead": false, "artist": null, "album": null, "user": null, "language": "en-US", "thumbnail": "https://e3.365dm.com/23/08/70x70/skynews-canada-wildfires-northwest-territories_6253266.jpg?20230817070007"}, {"source": "http://feeds.skynews.com/feeds/rss/world.xml", "title": "At least 60 migrants feared dead off the coast of Cape Verde after boat capsizes", "description": "More than 60 people are feared dead after a boat carrying mostly Senegalese migrants capsized off the coast of Cape Verde in the Atlantic Ocean.", "link": "https://news.sky.com/story/at-least-60-migrants-feared-dead-off-the-coast-of-cape-verde-after-boat-capsizes-12941435", "date_published": "2023-08-17T01:40:00+00:00", "persistent": false, "dead": false, "artist": null, "album": null, "user": null, "language": "en-US", "thumbnail": "https://e3.365dm.com/23/08/70x70/skynews-cape-verde-migrants_6253233.jpg?20230817024126"}]