[{"source": "https://www.telegraph.co.uk/rss.xml", "title": "US businessman Gene Spector arrested for \u2018espionage\u2019 in Russia", "description": "", "link": "https://www.telegraph.co.uk/world-news/2023/08/17/us-businessman-gene-spector-arrested-espionage-russia/", "date_published": "2023-08-17T22:57:43+00:00", "persistent": false, "dead": false, "artist": null, "album": null, "user": null, "language": "en-UK", "thumbnail": null}, {"source": "https://www.telegraph.co.uk/rss.xml", "title": "Banks must offer cash within three miles of your home", "description": "", "link": "https://www.telegraph.co.uk/money/consumer-affairs/banks-face-fines-failure-to-provide-cash-three-miles-home/", "date_published": "2023-08-17T16:34:23+00:00", "persistent": false, "dead": false, "artist": null, "album": null, "user": null, "language": "en-UK", "thumbnail": null}, {"source": "https://www.telegraph.co.uk/rss.xml", "title": "Moment private jet crashes on highway in blaze of flame", "description": "", "link": "https://www.telegraph.co.uk/world-news/2023/08/17/kuala-lumpur-malaysia-private-jet-plane-crash/", "date_published": "2023-08-17T16:19:51+00:00", "persistent": false, "dead": false, "artist": null, "album": null, "user": null, "language": "en-UK", "thumbnail": null}, {"source": "https://www.telegraph.co.uk/rss.xml", "title": "Why fascism is behind the Spanish habit of eating so absurdly late", "description": "", "link": "https://www.telegraph.co.uk/travel/food-and-wine-holidays/why-spanish-eat-late-night-food-tradition/", "date_published": "2023-08-17T14:51:14+00:00", "persistent": false, "dead": false, "artist": null, "album": null, "user": null, "language": "en-UK", "thumbnail": null}, {"source": "https://www.telegraph.co.uk/rss.xml", "title": "\u2018Am I short-changing my lockdown child?\u2019", "description": "", "link": "https://www.telegraph.co.uk/money/consumer-affairs/moral-money-lockdown-child-investment-junior-isa-savings/", "date_published": "2023-08-17T14:19:26+00:00", "persistent": false, "dead": false, "artist": null, "album": null, "user": null, "language": "en-UK", "thumbnail": null}, {"source": "https://www.telegraph.co.uk/rss.xml", "title": "England announce team to face Ireland in Rugby World Cup warm-up \u2014 follow live", "description": "", "link": "https://www.telegraph.co.uk/rugby-union/2023/08/17/ireland-v-england-team-announcement-world-cup-warm-up-live/", "date_published": "2023-08-17T13:59:51+00:00", "persistent": false, "dead": false, "artist": null, "album": null, "user": null, "language": "en-UK", "thumbnail": null}, {"source": "https://www.telegraph.co.uk/rss.xml", "title": "Surge in Hong Kongers buying up British homes", "description": "", "link": "https://www.telegraph.co.uk/money/consumer-affairs/influx-hong-kongers-buy-up-british-homes/", "date_published": "2023-08-17T13:34:00+00:00", "persistent": false, "dead": false, "artist": null, "album": null, "user": null, "language": "en-UK", "thumbnail": null}, {"source": "https://www.telegraph.co.uk/rss.xml", "title": "Watch: Ukrainian troops test DIY attack drones in Donetsk", "description": "", "link": "https://www.telegraph.co.uk/world-news/2023/08/17/ukraine-russia-donetsk-drones-test-attack-video/", "date_published": "2023-08-17T13:15:00+00:00", "persistent": false, "dead": false, "artist": null, "album": null, "user": null, "language": "en-UK", "thumbnail": null}, {"source": "https://www.telegraph.co.uk/rss.xml", "title": "Birmingham\u2019s version of Ulez \u2018increasing delivery costs for businesses\u2019", "description": "", "link": "https://www.telegraph.co.uk/money/consumer-affairs/birminghams-version-of-ulez-increasing-delivery-costs-for-b/", "date_published": "2023-08-17T13:12:06+00:00", "persistent": false, "dead": false, "artist": null, "album": null, "user": null, "language": "en-UK", "thumbnail": null}, {"source": "https://www.telegraph.co.uk/rss.xml", "title": "Borrowing books from your children could trigger inheritance tax bill", "description": "", "link": "https://www.telegraph.co.uk/money/consumer-affairs/borrowing-books-from-children-could-trigger-inheritance-tax/", "date_published": "2023-08-17T12:26:33+00:00", "persistent": false, "dead": false, "artist": null, "album": null, "user": null, "language": "en-UK", "thumbnail": null}, {"source": "https://www.telegraph.co.uk/rss.xml", "title": "Men prefer office working \u2013 to get away from their wives", "description": "", "link": "https://www.telegraph.co.uk/money/consumer-affairs/men-prefer-office-working-to-get-away-from-their-wives/", "date_published": "2023-08-17T11:45:02+00:00", "persistent": false, "dead": false, "artist": null, "album": null, "user": null, "language": "en-UK", "thumbnail": null}, {"source": "https://www.telegraph.co.uk/rss.xml", "title": "Fresh hope in fight against cholera as scientists develop capsule vaccine", "description": "", "link": "https://www.telegraph.co.uk/global-health/science-and-disease/fight-against-cholera-as-scientists-develop-vaccine/", "date_published": "2023-08-17T11:10:00+00:00", "persistent": false, "dead": false, "artist": null, "album": null, "user": null, "language": "en-UK", "thumbnail": null}, {"source": "https://www.telegraph.co.uk/rss.xml", "title": "It is a truth universally acknowledged, that Sanditon remains TV's most comforting watch", "description": "", "link": "https://www.telegraph.co.uk/tv/2023/08/17/sanditon-series-3-itvx-review-comforting-austen-drama/", "date_published": "2023-08-17T10:52:43+00:00", "persistent": false, "dead": false, "artist": null, "album": null, "user": null, "language": "en-UK", "thumbnail": null}, {"source": "https://www.telegraph.co.uk/rss.xml", "title": "Woman charged with threatening to kill judge overseeing Donald Trump's election case", "description": "", "link": "https://www.telegraph.co.uk/world-news/2023/08/17/trump-supporter-threatened-kill-judge-tanya-chutkan-texas/", "date_published": "2023-08-17T10:25:21+00:00", "persistent": false, "dead": false, "artist": null, "album": null, "user": null, "language": "en-UK", "thumbnail": null}, {"source": "https://www.telegraph.co.uk/rss.xml", "title": "One in five men worldwide infected with potentially cancerous HPV, study estimates", "description": "", "link": "https://www.telegraph.co.uk/global-health/science-and-disease/men-hpv-one-five-cancer-cervical-infection-sti/", "date_published": "2023-08-17T09:38:45+00:00", "persistent": false, "dead": false, "artist": null, "album": null, "user": null, "language": "en-UK", "thumbnail": null}, {"source": "https://www.telegraph.co.uk/rss.xml", "title": "How to help your children pay for university", "description": "", "link": "https://www.telegraph.co.uk/money/consumer-affairs/how-help-children-pay-university-tuition-fees-living-costs/", "date_published": "2023-08-17T09:00:00+00:00", "persistent": false, "dead": false, "artist": null, "album": null, "user": null, "language": "en-UK", "thumbnail": null}, {"source": "https://www.telegraph.co.uk/rss.xml", "title": "\u2018Crash coming\u2019, says Big Short investor who called 2008 crisis", "description": "", "link": "https://www.telegraph.co.uk/investing/shares/michael-burry-big-short-stock-market-crash-wall-street/", "date_published": "2023-08-17T08:28:47+00:00", "persistent": false, "dead": false, "artist": null, "album": null, "user": null, "language": "en-UK", "thumbnail": null}, {"source": "https://www.telegraph.co.uk/rss.xml", "title": "A-level results: Advice for parents on supporting your child", "description": "", "link": "https://www.telegraph.co.uk/education-and-careers/2023/08/17/advice-tips-parents-a-level-results-day-how-support-child-university/", "date_published": "2023-08-17T07:17:17+00:00", "persistent": false, "dead": false, "artist": null, "album": null, "user": null, "language": "en-UK", "thumbnail": null}, {"source": "https://www.telegraph.co.uk/rss.xml", "title": "When is the 2023 Women's World Cup final: Everything you need to know", "description": "", "link": "https://www.telegraph.co.uk/football/2023/08/17/womens-world-cup-final-2023-england-spain-when-time-kick-off-watch-tv/", "date_published": "2023-08-17T06:33:29+00:00", "persistent": false, "dead": false, "artist": null, "album": null, "user": null, "language": "en-UK", "thumbnail": null}, {"source": "https://www.telegraph.co.uk/rss.xml", "title": "Ukraine-Russia war latest: 'No hope' of using F-16 fighter jets this year, says Ukraine", "description": "", "link": "https://www.telegraph.co.uk/world-news/2023/08/17/ukraine-russia-war-latest-reni-danube-port-drone-attack/", "date_published": "2023-08-17T06:27:44+00:00", "persistent": false, "dead": false, "artist": null, "album": null, "user": null, "language": "en-UK", "thumbnail": null}, {"source": "https://www.telegraph.co.uk/rss.xml", "title": "Bradley Cooper backed by Leonard Bernstein's children over 'Jewface' row", "description": "", "link": "https://www.telegraph.co.uk/world-news/2023/08/17/bradley-cooper-prosthetic-nose-leonard-bernstein-children/", "date_published": "2023-08-17T06:27:19+00:00", "persistent": false, "dead": false, "artist": null, "album": null, "user": null, "language": "en-UK", "thumbnail": null}, {"source": "https://www.telegraph.co.uk/rss.xml", "title": "How to help your child be a student landlord and earn \u00a36k a year at university", "description": "", "link": "https://www.telegraph.co.uk/money/consumer-affairs/student-landlord-how-become-earn-money-how-much/", "date_published": "2023-08-17T06:00:00+00:00", "persistent": false, "dead": false, "artist": null, "album": null, "user": null, "language": "en-UK", "thumbnail": null}, {"source": "https://www.telegraph.co.uk/rss.xml", "title": "\u2018How can I get a 4.5pc income from my pension whatever the market does?\u2019", "description": "", "link": "https://www.telegraph.co.uk/investing/funds/how-guarantee-45pc-income-pension-regardess-market/", "date_published": "2023-08-17T05:00:00+00:00", "persistent": false, "dead": false, "artist": null, "album": null, "user": null, "language": "en-UK", "thumbnail": null}, {"source": "https://www.telegraph.co.uk/rss.xml", "title": "US women\u2019s football coach Vlatko Andonovski set to resign after team\u2019s worst World Cup", "description": "", "link": "https://www.telegraph.co.uk/sport/2023/08/17/us-womens-football-coach-vlatko-andonovski-resigns/", "date_published": "2023-08-17T01:55:25+00:00", "persistent": false, "dead": false, "artist": null, "album": null, "user": null, "language": "en-UK", "thumbnail": null}]