[{"source": "https://feeds.feedburner.com/TheHackersNews", "title": "NoFilter Attack: Sneaky Privilege Escalation Method Bypasses Windows Security", "description": "A previously undetected attack method called\u00a0NoFilter\u00a0has been found to abuse the Windows Filtering Platform (WFP) to achieve privilege escalation in the Windows operating system.\n\"If an attacker has the ability to execute code with admin privilege and the target is to perform\u00a0LSASS Shtinkering, these privileges are not enough,\" Ron Ben Yizhak, a security researcher at Deep Instinct, told The", "link": "https://thehackernews.com/2023/08/nofilter-attack-sneaky-privilege.html", "date_published": "2023-08-17T16:15:00+00:00", "persistent": false, "dead": false, "artist": null, "album": null, "user": null, "language": "en-US", "thumbnail": null}, {"source": "https://feeds.feedburner.com/TheHackersNews", "title": "China-Linked Bronze Starlight Group Targeting Gambling Sector with Cobalt Strike Beacons", "description": "An ongoing cyber attack campaign originating from China is targeting the Southeast Asian gambling sector to deploy Cobalt Strike beacons on compromised systems.\u00a0\nCybersecurity firm SentinelOne said the tactics, techniques, and procedures point to the involvement of a threat actor tracked as\u00a0Bronze Starlight\u00a0(aka Emperor Dragonfly or Storm-0401), which has been linked to the use of\u00a0short-lived", "link": "https://thehackernews.com/2023/08/china-linked-bronze-starlight-group.html", "date_published": "2023-08-17T15:40:00+00:00", "persistent": false, "dead": false, "artist": null, "album": null, "user": null, "language": "en-US", "thumbnail": null}, {"source": "https://feeds.feedburner.com/TheHackersNews", "title": "New Apple iOS 16 Exploit Enables Stealthy Cellular Access Under Fake Airplane Mode", "description": "Cybersecurity researchers have documented a novel post-exploit persistence technique on iOS 16 that could be abused to fly under the radar and main access to an Apple device even when the victim believes it is offline.\nThe method \"tricks the victim into thinking their device's Airplane Mode works when in reality the attacker (following successful device exploit) has planted an artificial", "link": "https://thehackernews.com/2023/08/new-apple-ios-16-exploit-enables.html", "date_published": "2023-08-17T14:26:00+00:00", "persistent": false, "dead": false, "artist": null, "album": null, "user": null, "language": "en-US", "thumbnail": null}, {"source": "https://feeds.feedburner.com/TheHackersNews", "title": "New LABRAT Campaign Exploits GitLab Flaw for Cryptojacking and Proxyjacking Activities", "description": "A new, financially motivated operation dubbed\u00a0LABRAT\u00a0has been observed weaponizing a now-patched critical flaw in GitLab as part of a cryptojacking and proxyjacking campaign.\n\"The attacker utilized undetected signature-based tools, sophisticated and stealthy cross-platform malware, command-and-control (C2) tools which bypassed firewalls, and kernel-based rootkits to hide their presence,\" Sysdig", "link": "https://thehackernews.com/2023/08/new-labrat-campaign-exploits-gitlab.html", "date_published": "2023-08-17T14:26:00+00:00", "persistent": false, "dead": false, "artist": null, "album": null, "user": null, "language": "en-US", "thumbnail": null}, {"source": "https://feeds.feedburner.com/TheHackersNews", "title": "Why You Need Continuous Network Monitoring?", "description": "Changes in the way we work have had significant implications for cybersecurity, not least in network monitoring. Workers no longer sit safely side-by-side on a corporate network, dev teams constantly spin up and tear down systems, exposing services to the internet. Keeping track of these users, changes and services is difficult \u2013 internet-facing attack surfaces rarely stay the same for long.\nBut", "link": "https://thehackernews.com/2023/08/why-you-need-continuous-network.html", "date_published": "2023-08-17T11:18:00+00:00", "persistent": false, "dead": false, "artist": null, "album": null, "user": null, "language": "en-US", "thumbnail": null}, {"source": "https://feeds.feedburner.com/TheHackersNews", "title": "Russian Hackers Use Zulip Chat App for Covert C&C in Diplomatic Phishing Attacks", "description": "An ongoing campaign targeting ministries of foreign affairs of NATO-aligned countries points to the involvement of Russian threat actors.\nThe phishing attacks feature PDF documents with diplomatic lures, some of which are disguised as coming from Germany, to deliver a variant of a malware called\u00a0Duke, which has been attributed to\u00a0APT29\u00a0(aka BlueBravo, Cloaked Ursa, Cozy Bear, Iron Hemlock,", "link": "https://thehackernews.com/2023/08/russian-hackers-use-zulip-chat-app-for.html", "date_published": "2023-08-17T09:39:00+00:00", "persistent": false, "dead": false, "artist": null, "album": null, "user": null, "language": "en-US", "thumbnail": null}, {"source": "https://feeds.feedburner.com/TheHackersNews", "title": "CISA Adds Citrix ShareFile Flaw to KEV Catalog Due to In-the-Wild Attacks", "description": "The U.S. Cybersecurity and Infrastructure Security Agency (CISA) has added a critical security flaw in Citrix ShareFile storage zones controller to its Known Exploited Vulnerabilities (KEV) catalog, based on evidence of active in-the-wild exploitation.\nTracked as\u00a0CVE-2023-24489\u00a0(CVSS score: 9.8), the shortcoming has been described as an improper access control bug that, if successfully exploited", "link": "https://thehackernews.com/2023/08/cisa-adds-citrix-sharefile-flaw-to-kev.html", "date_published": "2023-08-17T05:10:00+00:00", "persistent": false, "dead": false, "artist": null, "album": null, "user": null, "language": "en-US", "thumbnail": null}]