[{"source": "http://www.aljazeera.com/xml/rss/all.xml", "title": "\u2018Meaningful work\u2019: Volunteers clean Ho Chi Minh City\u2019s fetid canals by hand", "description": "Vietnam&#039;s largest city is plagued by rubbish but eager young volunteers are doing their bit to clean up the environment.", "link": "https://www.aljazeera.com/news/2023/8/17/meaningful-work-volunteers-clean-ho-chi-minh-citys-fetid-canals-by-hand", "date_published": "2023-08-17T23:23:31+00:00", "persistent": false, "dead": false, "artist": null, "album": null, "user": null, "language": "en-US", "thumbnail": null}, {"source": "http://www.aljazeera.com/xml/rss/all.xml", "title": "Ecuador presidential candidates make final push to woo voters", "description": "Ahead of vote on Sunday, presidential hopefuls are promising improved security in country struggling with surging crime.", "link": "https://www.aljazeera.com/news/2023/8/17/ecuador-presidential-candidates-make-final-push-to-woo-voters", "date_published": "2023-08-17T22:14:36+00:00", "persistent": false, "dead": false, "artist": null, "album": null, "user": null, "language": "en-US", "thumbnail": null}, {"source": "http://www.aljazeera.com/xml/rss/all.xml", "title": "US escalates trade dispute with Mexico over genetically modified corn", "description": "Washington requests settlement panel under North American trade deal in push against Mexican curbs on corn imports.", "link": "https://www.aljazeera.com/news/2023/8/17/us-escalates-trade-dispute-with-mexico-over-genetically-modified-corn", "date_published": "2023-08-17T19:40:57+00:00", "persistent": false, "dead": false, "artist": null, "album": null, "user": null, "language": "en-US", "thumbnail": null}, {"source": "http://www.aljazeera.com/xml/rss/all.xml", "title": "Hurricane Hilary to dump heavy rain on Mexico, southwest US", "description": "The hurricane is expected to strengthen rapidly as it travels through the Pacific Ocean, meteorologists warn.", "link": "https://www.aljazeera.com/news/2023/8/17/hurricane-hilary-to-dump-heavy-rain-on-mexico-southwest-us", "date_published": "2023-08-17T19:29:33+00:00", "persistent": false, "dead": false, "artist": null, "album": null, "user": null, "language": "en-US", "thumbnail": null}, {"source": "http://www.aljazeera.com/xml/rss/all.xml", "title": "HRW, UN raise alarm over rape accusations against Sudan\u2019s RSF", "description": "New York-based Human Rights Watch says it documented 78 victims of rape between April 24 and June 26.", "link": "https://www.aljazeera.com/news/2023/8/17/hrw-un-raise-alarm-over-rape-accusations-against-sudans-rsf", "date_published": "2023-08-17T19:21:07+00:00", "persistent": false, "dead": false, "artist": null, "album": null, "user": null, "language": "en-US", "thumbnail": null}, {"source": "http://www.aljazeera.com/xml/rss/all.xml", "title": "What does Libya\u2019s political future hold?", "description": "Dozens of people killed in fighting between rival armed groups in Tripoli.", "link": "https://www.aljazeera.com/program/inside-story/2023/8/17/what-does-libyas-political-future-hold", "date_published": "2023-08-17T18:31:17+00:00", "persistent": false, "dead": false, "artist": null, "album": null, "user": null, "language": "en-US", "thumbnail": null}, {"source": "http://www.aljazeera.com/xml/rss/all.xml", "title": "Thousands flee as \u2018unprecedented\u2019 fires hit Canada\u2019s Northwest Territories", "description": "Officials say 20,000 residents of Yellowknife are leaving via land and air, but northern city not in &#039;immediate danger&#039;.", "link": "https://www.aljazeera.com/news/2023/8/17/thousands-flee-as-unprecedented-fires-hit-canadas-northwest-territories", "date_published": "2023-08-17T17:45:42+00:00", "persistent": false, "dead": false, "artist": null, "album": null, "user": null, "language": "en-US", "thumbnail": null}, {"source": "http://www.aljazeera.com/xml/rss/all.xml", "title": "After early World Cup exit, US women\u2019s team coach Andonovski steps down", "description": "The US team lost to Sweden in the World Cup&#039;s round of 16, a disappointing departure for a tournament favourite.", "link": "https://www.aljazeera.com/sports/2023/8/17/after-early-world-cup-exit-us-womens-team-coach-andonovski-steps-down", "date_published": "2023-08-17T17:35:12+00:00", "persistent": false, "dead": false, "artist": null, "album": null, "user": null, "language": "en-US", "thumbnail": null}, {"source": "http://www.aljazeera.com/xml/rss/all.xml", "title": "Iran FM in Saudi Arabia, says relations \u2018on the right track\u2019", "description": "Saudi Arabia&#039;s and Iran&#039;s foreign ministers meet as both counties seek to overcome past hostility and boost cooperation.", "link": "https://www.aljazeera.com/news/2023/8/17/iran-fm-in-saudi-arabia-says-relations-on-the-right-track", "date_published": "2023-08-17T17:10:51+00:00", "persistent": false, "dead": false, "artist": null, "album": null, "user": null, "language": "en-US", "thumbnail": null}, {"source": "http://www.aljazeera.com/xml/rss/all.xml", "title": "UK\u2019s Sunak, Saudi crown prince to meet \u2018at the earliest opportunity\u2019", "description": "Mohammed bin Salman has not visited Britain since March 2018 before the killing of Saudi journalist Jamal Khashoggi.", "link": "https://www.aljazeera.com/news/2023/8/17/uks-sunak-saudi-crown-prince-to-meet-at-the-earliest-opportunity", "date_published": "2023-08-17T16:56:51+00:00", "persistent": false, "dead": false, "artist": null, "album": null, "user": null, "language": "en-US", "thumbnail": null}, {"source": "http://www.aljazeera.com/xml/rss/all.xml", "title": "Ukraine: Ground Zero", "description": "People and Power investigates the toxic legacy of war on Ukraine\u2019s fragile environment.", "link": "https://www.aljazeera.com/program/people-power/2023/8/17/ukraine-ground-zero", "date_published": "2023-08-17T16:30:39+00:00", "persistent": false, "dead": false, "artist": null, "album": null, "user": null, "language": "en-US", "thumbnail": null}, {"source": "http://www.aljazeera.com/xml/rss/all.xml", "title": "Five key issues to look out for at first US Republican debate", "description": "Candidates will look to narrow former President Donald Trump&#039;s lead in race for 2024 Republican presidential nomination.", "link": "https://www.aljazeera.com/news/2023/8/17/five-key-issues-to-look-out-for-at-first-us-republican-debate", "date_published": "2023-08-17T16:25:34+00:00", "persistent": false, "dead": false, "artist": null, "album": null, "user": null, "language": "en-US", "thumbnail": null}, {"source": "http://www.aljazeera.com/xml/rss/all.xml", "title": "Messi, Haaland make shortlist for UEFA\u2019s best player award", "description": "The three-man shortlist also includes Kevin De Bruyne; Pep Guardiola is favourite for the men&#039;s coaching award.", "link": "https://www.aljazeera.com/sports/2023/8/17/messi-haaland-make-shortlist-for-uefas-best-player-award", "date_published": "2023-08-17T16:11:53+00:00", "persistent": false, "dead": false, "artist": null, "album": null, "user": null, "language": "en-US", "thumbnail": null}, {"source": "http://www.aljazeera.com/xml/rss/all.xml", "title": "\u2018He said he\u2019d surrender\u2019: A family in shock after Israeli raid kills son", "description": "Mustafa al-Kastoni, a commander of Al-Aqsa Martyrs Brigades, was killed after Israeli forces besieged his house.", "link": "https://www.aljazeera.com/news/2023/8/17/he-said-hed-surrender-family-in-shock-after-israeli-raid-kills-son", "date_published": "2023-08-17T15:52:19+00:00", "persistent": false, "dead": false, "artist": null, "album": null, "user": null, "language": "en-US", "thumbnail": null}, {"source": "http://www.aljazeera.com/xml/rss/all.xml", "title": "Pakistan election body to draw new boundaries as polls likely to be delayed", "description": "Pakistan&#039;s Election Commission says new constituencies would be finalised by December 14, according to state TV.", "link": "https://www.aljazeera.com/news/2023/8/17/pakistan-election-body-to-draw-new-boundaries-as-polls-likely-to-be-delayed", "date_published": "2023-08-17T15:38:00+00:00", "persistent": false, "dead": false, "artist": null, "album": null, "user": null, "language": "en-US", "thumbnail": null}, {"source": "http://www.aljazeera.com/xml/rss/all.xml", "title": "Ten killed after private jet crashes on a highway in Malaysia", "description": "Plane was heading from Langkawi island to Selangor&#039;s Sultan Abdul Aziz Shah Airport near Kuala Lumpur.", "link": "https://www.aljazeera.com/news/2023/8/17/ten-killed-after-private-jet-crashes-on-a-highway-in-malaysia", "date_published": "2023-08-17T15:20:34+00:00", "persistent": false, "dead": false, "artist": null, "album": null, "user": null, "language": "en-US", "thumbnail": null}, {"source": "http://www.aljazeera.com/xml/rss/all.xml", "title": "Two dozen Nigerian troops die in air crash and evacuation mission gone awry", "description": "A helicopter has crashed in the Nigerian state of Niger, killing more than two dozen officers, military authorities say.", "link": "https://www.aljazeera.com/news/2023/8/17/two-dozen-nigerian-troops-die-in-air-crash-as-evacuation-mission-goes-awry", "date_published": "2023-08-17T15:01:03+00:00", "persistent": false, "dead": false, "artist": null, "album": null, "user": null, "language": "en-US", "thumbnail": null}, {"source": "http://www.aljazeera.com/xml/rss/all.xml", "title": "Haitian gang leader warns potential foreign force against any abuses", "description": "Jimmy &#039;Barbecue&#039; Cherizier says Haitians will rise up against international force if human rights abuses committed.", "link": "https://www.aljazeera.com/news/2023/8/17/haitian-gang-leader-warns-potential-foreign-force-against-any-abuses", "date_published": "2023-08-17T14:59:20+00:00", "persistent": false, "dead": false, "artist": null, "album": null, "user": null, "language": "en-US", "thumbnail": null}, {"source": "http://www.aljazeera.com/xml/rss/all.xml", "title": "Hawaii\u2019s governor promises to prevent \u2018land grabs\u2019 after Maui wildfires", "description": "As US state assesses wide destruction, residents on Maui say they fear being pushed out in favour of wealthy visitors.", "link": "https://www.aljazeera.com/news/2023/8/17/hawaii-governor-promises-to-prevent-land-grabs-after-maui-wildfires", "date_published": "2023-08-17T13:42:48+00:00", "persistent": false, "dead": false, "artist": null, "album": null, "user": null, "language": "en-US", "thumbnail": null}, {"source": "http://www.aljazeera.com/xml/rss/all.xml", "title": "Middle East Roundup: The Rabaa massacre remembered", "description": "Ten years since the Rabaa massacre in Egypt, dozens killed in Libya- here\u2019s the Middle East this week.", "link": "https://www.aljazeera.com/news/2023/8/17/middle-east-roundup-the-rabaa-massacre-remembered", "date_published": "2023-08-17T13:33:35+00:00", "persistent": false, "dead": false, "artist": null, "album": null, "user": null, "language": "en-US", "thumbnail": null}, {"source": "http://www.aljazeera.com/xml/rss/all.xml", "title": "After backlash, NATO chief says only Ukraine can decide on talks to end war", "description": "Stoltenberg&#039;s chief of staff suggested earlier that Kyiv could give up land to Russia in return for NATO membership.", "link": "https://www.aljazeera.com/news/2023/8/17/nato-chief-says-ukraine-decides-on-negotiations-following-backlash", "date_published": "2023-08-17T13:23:18+00:00", "persistent": false, "dead": false, "artist": null, "album": null, "user": null, "language": "en-US", "thumbnail": null}, {"source": "http://www.aljazeera.com/xml/rss/all.xml", "title": "Spain Socialists win first parliamentary battle, securing speaker role", "description": "Francina Armengol&#039;s election augurs well for Pedro Sanchez&#039;s efforts to return as Spain&#039;s prime minister.", "link": "https://www.aljazeera.com/news/2023/8/17/spain-socialists-win-first-parliamentary-battle-securing-speaker-role", "date_published": "2023-08-17T13:12:41+00:00", "persistent": false, "dead": false, "artist": null, "album": null, "user": null, "language": "en-US", "thumbnail": null}, {"source": "http://www.aljazeera.com/xml/rss/all.xml", "title": "\u2018Captured the nation\u2019: Australia-England match breaks broadcast records", "description": "The Women&#039;s World Cup semifinal racked up 11.5 million viewers, Australian broadcaster Seven said.", "link": "https://www.aljazeera.com/news/2023/8/17/captured-the-nation-australia-england-match-breaks-broadcast-records", "date_published": "2023-08-17T13:10:49+00:00", "persistent": false, "dead": false, "artist": null, "album": null, "user": null, "language": "en-US", "thumbnail": null}, {"source": "http://www.aljazeera.com/xml/rss/all.xml", "title": "The New Greatness Case: Russian teenagers on trial", "description": "A Russian filmmaker follows the court case of a teenage girl who is accused of conspiring to overthrow the government.", "link": "https://www.aljazeera.com/program/witness/2023/8/17/the-new-greatness-case-russian-teenagers-on-trial", "date_published": "2023-08-17T13:04:00+00:00", "persistent": false, "dead": false, "artist": null, "album": null, "user": null, "language": "en-US", "thumbnail": null}, {"source": "http://www.aljazeera.com/xml/rss/all.xml", "title": "\u2018New milestone\u2019: Leaders of US, Japan and South Korea to meet at Camp David", "description": "Amid Japan-South Korea detente, summit presents chance to shore up trilateral alliance to counter China and North Korea.", "link": "https://www.aljazeera.com/news/2023/8/17/new-milestone-leaders-of-us-japan-and-south-korea-to-meet-at-camp-david", "date_published": "2023-08-17T12:53:41+00:00", "persistent": false, "dead": false, "artist": null, "album": null, "user": null, "language": "en-US", "thumbnail": null}, {"source": "http://www.aljazeera.com/xml/rss/all.xml", "title": "Rohingya refugees fled Myanmar only to \u2018live in fear\u2019 in India", "description": "In Nuh, the only Muslim-majority district in Haryana, Rohingya refugees live in fear of violence and detention.", "link": "https://www.aljazeera.com/news/2023/8/17/rohingya-refugees-fled-myanmar-only-to-live-in-fear-in-india", "date_published": "2023-08-17T12:44:18+00:00", "persistent": false, "dead": false, "artist": null, "album": null, "user": null, "language": "en-US", "thumbnail": null}, {"source": "http://www.aljazeera.com/xml/rss/all.xml", "title": "Most of West Africa ready to join standby force in Niger: ECOWAS", "description": "ECOWAS commissioner says all member states will join the force except those under military rule and Cape Verde.", "link": "https://www.aljazeera.com/news/2023/8/17/most-ecowas-members-ready-to-join-standby-force-in-niger-commissioner", "date_published": "2023-08-17T11:59:22+00:00", "persistent": false, "dead": false, "artist": null, "album": null, "user": null, "language": "en-US", "thumbnail": null}, {"source": "http://www.aljazeera.com/xml/rss/all.xml", "title": "Does artificial intelligence pose a risk to humans?", "description": "Jaan Tallinn, one of the co-founders of hit software like Skype and Kazaa, says AI poses an existential risk to humans.", "link": "https://www.aljazeera.com/program/the-bottom-line/2023/8/17/does-artificial-intelligence-pose-a-risk-to-humans", "date_published": "2023-08-17T11:46:50+00:00", "persistent": false, "dead": false, "artist": null, "album": null, "user": null, "language": "en-US", "thumbnail": null}, {"source": "http://www.aljazeera.com/xml/rss/all.xml", "title": "Liberia has suffered 20 years of \u2018negative peace\u2019. It\u2019s time for change", "description": "The root causes of Liberia&#039;s wars have remained unaddressed; the first step to changing that is rebuilding trust.", "link": "https://www.aljazeera.com/opinions/2023/8/17/liberia-has-suffered-20-years-of-negative-peace-its-time-for-change", "date_published": "2023-08-17T11:43:57+00:00", "persistent": false, "dead": false, "artist": null, "album": null, "user": null, "language": "en-US", "thumbnail": null}, {"source": "http://www.aljazeera.com/xml/rss/all.xml", "title": "Pakistan arrests 146 as it launches probe into church attacks", "description": "Some 6,000 police and troops deployed to control mob violence as Christian community reels in shock over attacks.", "link": "https://www.aljazeera.com/news/2023/8/17/pakistan-arrests-146-as-it-launches-probe-into-church-attacks", "date_published": "2023-08-17T11:42:24+00:00", "persistent": false, "dead": false, "artist": null, "album": null, "user": null, "language": "en-US", "thumbnail": null}, {"source": "http://www.aljazeera.com/xml/rss/all.xml", "title": "Amid Quran burnings, Sweden raises \u2018terror\u2019 threat", "description": "Sweden has faced international condemnation after a string of desecrations of the holy book by anti-Islam activists.", "link": "https://www.aljazeera.com/news/2023/8/17/amid-quran-burnings-sweden-raises-terror-threat", "date_published": "2023-08-17T11:28:46+00:00", "persistent": false, "dead": false, "artist": null, "album": null, "user": null, "language": "en-US", "thumbnail": null}, {"source": "http://www.aljazeera.com/xml/rss/all.xml", "title": "Indian moon lander module splits from propulsion section in key step", "description": "The lander module of the Chandrayaan-3 has successfully separated ahead of a planned moon landing slated for August 23.", "link": "https://www.aljazeera.com/news/2023/8/17/indian-lunar-lander-splits-from-propulsion-module-in-key-step", "date_published": "2023-08-17T11:06:59+00:00", "persistent": false, "dead": false, "artist": null, "album": null, "user": null, "language": "en-US", "thumbnail": null}, {"source": "http://www.aljazeera.com/xml/rss/all.xml", "title": "Ukraine\u2019s Kuleba promises to \u2018free Africa from Russia\u2019s grip\u2019", "description": "Foreign minister says Kyiv intends to conduct a diplomatic &#039;counteroffensive&#039; against Russia&#039;s efforts to woo Africa.", "link": "https://www.aljazeera.com/news/2023/8/17/ukraines-kuleba-promises-to-free-africa-from-russias-grip", "date_published": "2023-08-17T11:00:54+00:00", "persistent": false, "dead": false, "artist": null, "album": null, "user": null, "language": "en-US", "thumbnail": null}, {"source": "http://www.aljazeera.com/xml/rss/all.xml", "title": "US approves landmark missile defence deal between Israel and Germany", "description": "The $3.5bn deal will provide US-Israeli developed Arrow 3s, designed to shoot down targets above Earth&#039;s atmosphere.", "link": "https://www.aljazeera.com/news/2023/8/17/us-approves-landmark-missile-defence-deal-between-israel-and-germany", "date_published": "2023-08-17T10:57:06+00:00", "persistent": false, "dead": false, "artist": null, "album": null, "user": null, "language": "en-US", "thumbnail": null}, {"source": "http://www.aljazeera.com/xml/rss/all.xml", "title": "Heavy rain causes flight cancellations, floods in Germany", "description": "Parts of Germany see streets deluged and trees toppled as storm leads to dozens of flight cancellations in Frankfurt.", "link": "https://www.aljazeera.com/news/2023/8/17/heavy-rain-causes-flight-cancellations-floods-in-germany", "date_published": "2023-08-17T10:08:09+00:00", "persistent": false, "dead": false, "artist": null, "album": null, "user": null, "language": "en-US", "thumbnail": null}, {"source": "http://www.aljazeera.com/xml/rss/all.xml", "title": "Armenia, Azerbaijan clash over plight of people in Nagorno-Karabakh", "description": "At a UN Security Council meeting, Yerevan accuses Baku of starving the region dominated by ethnic Armenians.", "link": "https://www.aljazeera.com/news/2023/8/17/armenia-azerbaijan-clash-over-plight-of-people-in-nagorno-karabakh", "date_published": "2023-08-17T10:04:40+00:00", "persistent": false, "dead": false, "artist": null, "album": null, "user": null, "language": "en-US", "thumbnail": null}, {"source": "http://www.aljazeera.com/xml/rss/all.xml", "title": "South African play revives complex stories of women in apartheid era", "description": "Isidlamlilo is a one-woman play on untold angles of black-on-black violence in South African townships during apartheid.", "link": "https://www.aljazeera.com/features/2023/8/17/south-african-play-revives-complex-stories-of-women-in-apartheid-era", "date_published": "2023-08-17T10:01:52+00:00", "persistent": false, "dead": false, "artist": null, "album": null, "user": null, "language": "en-US", "thumbnail": null}, {"source": "http://www.aljazeera.com/xml/rss/all.xml", "title": "Inside Thailand\u2019s Child Sex Tourism Trade", "description": "101 East investigates Thailand\u2019s sex tourism trade and how vulnerable children are exploited.", "link": "https://www.aljazeera.com/program/101-east/2023/8/17/inside-thailands-child-sex-tourism-trade", "date_published": "2023-08-17T09:41:11+00:00", "persistent": false, "dead": false, "artist": null, "album": null, "user": null, "language": "en-US", "thumbnail": null}, {"source": "http://www.aljazeera.com/xml/rss/all.xml", "title": "Why did clashes break out in Libya\u2019s Tripoli?", "description": "Fighting between the 444 Brigade and the Special Deterrence Force has raged this week after months of relative peace.", "link": "https://www.aljazeera.com/news/2023/8/17/why-did-clashes-break-out-in-libyas-tripoli", "date_published": "2023-08-17T09:25:53+00:00", "persistent": false, "dead": false, "artist": null, "album": null, "user": null, "language": "en-US", "thumbnail": null}, {"source": "http://www.aljazeera.com/xml/rss/all.xml", "title": "\u2018We need power\u2019: Zimbabweans hope for end to blackouts as election nears", "description": "For many businesses in Zimbabwe where the economy is in free fall, electricity outages have been the norm for years.", "link": "https://www.aljazeera.com/features/2023/8/17/we-need-power-zimbabweans-hope-for-end-to-blackouts-as-election-nears", "date_published": "2023-08-17T09:07:54+00:00", "persistent": false, "dead": false, "artist": null, "album": null, "user": null, "language": "en-US", "thumbnail": null}, {"source": "http://www.aljazeera.com/xml/rss/all.xml", "title": "Taliban\u2019s ties with Pakistan fraying amid mounting security concerns", "description": "Two years since the Taliban took over Afghanistan, ties between the neighbours deteriorate amid rise in armed attacks.", "link": "https://www.aljazeera.com/news/2023/8/17/talibans-ties-with-pakistan-fraying-amid-mounting-security-concerns", "date_published": "2023-08-17T08:49:03+00:00", "persistent": false, "dead": false, "artist": null, "album": null, "user": null, "language": "en-US", "thumbnail": null}, {"source": "http://www.aljazeera.com/xml/rss/all.xml", "title": "French mistakes helped create Africa\u2019s coup belt", "description": "Across the Sahel, public anger against France has helped putschists gain legitimacy and Russia expand its influence.", "link": "https://www.aljazeera.com/opinions/2023/8/17/french-mistakes-helped-create-africas-coup-belt", "date_published": "2023-08-17T08:45:31+00:00", "persistent": false, "dead": false, "artist": null, "album": null, "user": null, "language": "en-US", "thumbnail": null}, {"source": "http://www.aljazeera.com/xml/rss/all.xml", "title": "Ukraine air force says no use of US-built F-16 fighter jets this year", "description": "Air force spokesperson Yuriy Ihnat says F-16 warplanes will not be part of Ukraine&#039;s defence during &#039;autumn and winter&#039;.", "link": "https://www.aljazeera.com/news/2023/8/17/ukraine-air-force-says-no-use-of-us-built-f-16-fighter-jets-this-year", "date_published": "2023-08-17T08:20:37+00:00", "persistent": false, "dead": false, "artist": null, "album": null, "user": null, "language": "en-US", "thumbnail": null}, {"source": "http://www.aljazeera.com/xml/rss/all.xml", "title": "Pakistan\u2019s Christian community reels from violent attacks", "description": "Churches and homes belonging to Christians attacked by Muslim mob in Punjab province following claims of blasphemy.", "link": "https://www.aljazeera.com/gallery/2023/8/17/photos-pakistans-christian-community-reels-from-violent-attacks", "date_published": "2023-08-17T08:14:45+00:00", "persistent": false, "dead": false, "artist": null, "album": null, "user": null, "language": "en-US", "thumbnail": null}, {"source": "http://www.aljazeera.com/xml/rss/all.xml", "title": "Spain battles \u2018out of control\u2019 wildfire on Tenerife", "description": "Last week, a heatwave in the Canary Islands left many areas bone dry, heightening the risk of wildfires.", "link": "https://www.aljazeera.com/gallery/2023/8/17/photos-spain-battles-out-of-control-wildfire-on-tenerife", "date_published": "2023-08-17T08:12:49+00:00", "persistent": false, "dead": false, "artist": null, "album": null, "user": null, "language": "en-US", "thumbnail": null}, {"source": "http://www.aljazeera.com/xml/rss/all.xml", "title": "North Korea could take military action around key summit: South Korea", "description": "Actions could include ICBM and spy satellite launch amid signs of activity at key launch sites.", "link": "https://www.aljazeera.com/news/2023/8/17/north-korea-could-take-military-action-around-key-summit-south-korea", "date_published": "2023-08-17T07:30:43+00:00", "persistent": false, "dead": false, "artist": null, "album": null, "user": null, "language": "en-US", "thumbnail": null}, {"source": "http://www.aljazeera.com/xml/rss/all.xml", "title": "Will Modi\u2019s Uniform Civil Code kill Indian \u2018secularism\u2019?", "description": "The Indian PM says common laws will help women, but many fear the proposal is an election weapon to target minorities.", "link": "https://www.aljazeera.com/features/2023/8/17/will-a-uniform-civil-code-end-indian-secularism", "date_published": "2023-08-17T05:06:21+00:00", "persistent": false, "dead": false, "artist": null, "album": null, "user": null, "language": "en-US", "thumbnail": null}, {"source": "http://www.aljazeera.com/xml/rss/all.xml", "title": "Singapore arrests 10, seizes $737m in assets in money laundering raids", "description": "Police say the group is suspected of involvement in organised crime activities &#039;including scams and online gambling&#039;.", "link": "https://www.aljazeera.com/news/2023/8/17/singapore-arrests-10-seizes-737m-in-assets-in-money-laundering-raids", "date_published": "2023-08-17T05:05:01+00:00", "persistent": false, "dead": false, "artist": null, "album": null, "user": null, "language": "en-US", "thumbnail": null}, {"source": "http://www.aljazeera.com/xml/rss/all.xml", "title": "Russian spacecraft reaches lunar orbit in preparation for moon landing", "description": "Russia\u2019s Luna-25 space probe enters lunar orbit in first Russian mission to the moon in almost 50 years.", "link": "https://www.aljazeera.com/news/2023/8/17/russian-spacecraft-reaches-lunar-orbit-in-preparation-for-moon-landing", "date_published": "2023-08-17T04:59:51+00:00", "persistent": false, "dead": false, "artist": null, "album": null, "user": null, "language": "en-US", "thumbnail": null}, {"source": "http://www.aljazeera.com/xml/rss/all.xml", "title": "Lithuania closes two border crossings with Belarus amid growing tensions", "description": "Lithuania temporarily shuts two of six checkpoints located on shared 680km border with Belarus over security concerns.", "link": "https://www.aljazeera.com/news/2023/8/17/lithuania-closes-two-border-crossings-with-belarus-amid-growing-tensions", "date_published": "2023-08-17T04:19:14+00:00", "persistent": false, "dead": false, "artist": null, "album": null, "user": null, "language": "en-US", "thumbnail": null}, {"source": "http://www.aljazeera.com/xml/rss/all.xml", "title": "China urged to tackle online racism targeting Black people", "description": "Human Rights Watch says racist tropes &#039;common&#039; across Chinese social media, and that platforms and government must act.", "link": "https://www.aljazeera.com/news/2023/8/17/china-urged-to-tackle-online-racism-targeting-black-people", "date_published": "2023-08-17T03:30:37+00:00", "persistent": false, "dead": false, "artist": null, "album": null, "user": null, "language": "en-US", "thumbnail": null}, {"source": "http://www.aljazeera.com/xml/rss/all.xml", "title": "Georgia prosecutor seeks March trial for Trump in election meddling case", "description": "Proposed date would have trial start a day before &#039;Super Tuesday&#039;, when over a dozen states hold Republican primaries.", "link": "https://www.aljazeera.com/news/2023/8/17/georgia-prosecutor-seeks-march-trial-for-trump-in-election-meddling-case", "date_published": "2023-08-17T03:16:47+00:00", "persistent": false, "dead": false, "artist": null, "album": null, "user": null, "language": "en-US", "thumbnail": null}, {"source": "http://www.aljazeera.com/xml/rss/all.xml", "title": "Huge wildfire forces evacuation of Canada\u2019s Northwest Territories capital", "description": "Residents of Northwest Territories capital, Yellowknife, told to evacuate city by noon on Friday as wildfire approaches.", "link": "https://www.aljazeera.com/news/2023/8/17/huge-wildfire-forces-evacuation-of-canadas-northwest-territories-capital", "date_published": "2023-08-17T03:16:05+00:00", "persistent": false, "dead": false, "artist": null, "album": null, "user": null, "language": "en-US", "thumbnail": null}, {"source": "http://www.aljazeera.com/xml/rss/all.xml", "title": "Manchester City score victory over Sevilla to win first UEFA Super Cup", "description": "Manchester City beat Sevilla in a 5-4 penalty shootout following game that ended in a 1-1 draw after regulation time.", "link": "https://www.aljazeera.com/news/2023/8/17/manchester-city-score-victory-over-sevilla-to-win-first-uefa-super-cup", "date_published": "2023-08-17T02:03:59+00:00", "persistent": false, "dead": false, "artist": null, "album": null, "user": null, "language": "en-US", "thumbnail": null}, {"source": "http://www.aljazeera.com/xml/rss/all.xml", "title": "Russia-Ukraine war: List of key events, day 540", "description": "As the war enters its 540th day, these are the main developments.", "link": "https://www.aljazeera.com/news/2023/8/17/russia-ukraine-war-list-of-key-events-day-540", "date_published": "2023-08-17T01:32:06+00:00", "persistent": false, "dead": false, "artist": null, "album": null, "user": null, "language": "en-US", "thumbnail": null}, {"source": "http://www.aljazeera.com/xml/rss/all.xml", "title": "Ukraine probes Kherson defences, advances in east and south", "description": "Ukrainian reconnaissance land on left bank of the Dnipro, probing Russian defences and suggesting a new front may open.", "link": "https://www.aljazeera.com/news/2023/8/17/ukraine-probes-kherson-defences-advances-in-east-and-south", "date_published": "2023-08-17T01:20:40+00:00", "persistent": false, "dead": false, "artist": null, "album": null, "user": null, "language": "en-US", "thumbnail": null}, {"source": "http://www.aljazeera.com/xml/rss/all.xml", "title": "Nicaragua seizes Catholic university accused of being \u2018centre of terrorism\u2019", "description": "Critics have accused the government of President Daniel Ortega of continuing its attacks on education and religion.", "link": "https://www.aljazeera.com/news/2023/8/17/nicaragua-seizes-catholic-university-accused-of-being-centre-of-terrorism", "date_published": "2023-08-17T01:10:20+00:00", "persistent": false, "dead": false, "artist": null, "album": null, "user": null, "language": "en-US", "thumbnail": null}]