[{"source": "https://www.youtube.com/feeds/videos.xml?channel_id=UCF9IOB2TExg3QIBupFtBDxg", "title": "Life insurers confirm excess young deaths", "description": "USA non-covid deaths in the younger age groups, 2020 \u2013 2021\nYears mostly complete\n\nhttps://www.soa.org/4a55a7/globalassets/assets/files/resources/research-report/2022/excess-death-us.pdf\n\nhttps://www.soa.org/49b504/globalassets/assets/files/resources/experience-studies/2022/group-life-covid-19-mortality-12-2022.pdf\n\nDeaths reported by the U.S. Centers for Disease Control and Prevention \n\nActual-to-expected ratios (A/E ratios) using 2015-2019\n\nApril to December 2020\n\nA/E of 122%\n\nFull year of 2020, 116.4%\n\n13.3% excess due to COVID,\n\nand 3.1% not COVID\n\nFull year of 2021\n\nCompleted at 117%\n \nIn both years, the age group with the highest A/E was ages 35-64\n\nDuring 2021, excess deaths were higher in all age groupings\n\n15 to 34 years, non-covid deaths were 21.4% higher\n\nDate through to March 2022\n\nExcess deaths,(all ages) 115.2% excluding covid\n\nOctober \u2013 December 2022\n\n35 to 44 years, 34% excess deaths\n\nNon covid deaths\n\nIf the main issue was lack of access to health care, why are excess deaths highest in 15 to 34 years?\n\nFollowed by 35 to 64 years?\n\n2022 Cause of Death Report \n\nhttps://www.soa.org/49667f/globalassets/assets/files/resources/research-report/2022/2022-cause-death-report.pdf\nCancer deaths, usually in the range of 102% to 105% of expected\n \nCardiovascular deaths, 4% higher than expected\n \nOther non-communicable deaths, 10% lower than expected\n \nDeaths from diabetes, as high as 30% more than expected\n \nDeaths ascribed to the nervous system, sometimes as high as 30% greater than expected\n\nRespiratory deaths, in line with expected\n\nNon-Medical Deaths\n \nDeaths by suicide, (excludes drug overdoses), were noticeably lower during the pandemic\n\nJump in death claims on insurance\n\nHigher non-covid deaths\n\nhttps://eu.usatoday.com/story/opinion/2023/08/11/more-americans-dying-than-before-pandemic-covid-deaths/70542423007/\n\nNZ\nhttps://www.stats.govt.nz/topics/births-and-deaths", "link": "https://www.youtube.com/watch?v=MyvkWVZ9zcQ", "date_published": "2023-08-17T15:30:06+00:00", "persistent": false, "dead": false, "artist": null, "album": null, "user": null, "language": "en-UK", "thumbnail": "https://i2.ytimg.com/vi/MyvkWVZ9zcQ/hqdefault.jpg"}]