[{"source": "https://ithardware.pl/feed", "title": "Blisko po\u0142owa Amerykan\u00f3w chce zakazu TikToka", "description": "<img src=\"https://ithardware.pl/artykuly/min/28836_1.jpg\" />            Wed\u0142ug najnowszego badania przeprowadzonego przez Reuters/Ipsos, blisko po\u0142owa doros\u0142ych obywateli Stan&oacute;w Zjednoczonych popiera wprowadzenie zakazu korzystania z chi\u0144skiej aplikacji spo\u0142eczno\u015bciowej TikTok. Ankieta jednocze\u015bnie pyta\u0142a...\n            <p>Pe\u0142na wersja strony <a href=\"https://ithardware.pl/aktualnosci/blisko_polowa_amerykanow_chce_zakazu_tiktoka-28836.html\">https://ithardware.pl/aktualnosci/blisko_polowa_amerykanow_chce_zakazu_tiktoka-28836.html</a></p>", "link": "https://ithardware.pl/aktualnosci/blisko_polowa_amerykanow_chce_zakazu_tiktoka-28836.html", "date_published": "2023-08-17T21:58:20+00:00", "persistent": false, "dead": false, "artist": null, "album": null, "user": null, "language": "pl-PL", "thumbnail": null}, {"source": "https://ithardware.pl/feed", "title": "Pierwszy patch do Baldur's Gate III b\u0119dzie zawiera\u0142 ponad 1000 poprawek", "description": "<img src=\"https://ithardware.pl/artykuly/min/28835_1.jpg\" />            Tw&oacute;rcy Baldur's Gate III przygotowuj\u0105&nbsp;si\u0119 do wydania&nbsp;pierwszego patcha i wygl\u0105da na to, \u017ce b\u0119dzie on&nbsp;ogromny.&nbsp;Dyrektor generalny Larian Studios, Swen Vincke, potwierdzi\u0142 harmonogrm na Twitterze, obiecuj\u0105c naprawi\u0107...\n            <p>Pe\u0142na wersja strony <a href=\"https://ithardware.pl/aktualnosci/pierwszy_patch_do_baldur_s_gate_iii_bedzie_zawieral_ponad_1000_poprawek-28835.html\">https://ithardware.pl/aktualnosci/pierwszy_patch_do_baldur_s_gate_iii_bedzie_zawieral_ponad_1000_poprawek-28835.html</a></p>", "link": "https://ithardware.pl/aktualnosci/pierwszy_patch_do_baldur_s_gate_iii_bedzie_zawieral_ponad_1000_poprawek-28835.html", "date_published": "2023-08-17T21:43:40+00:00", "persistent": false, "dead": false, "artist": null, "album": null, "user": null, "language": "pl-PL", "thumbnail": null}, {"source": "https://ithardware.pl/feed", "title": "Call of Duty: Modern Warfare 3 - Activision Blizzard ujawnia cen\u0119, edycje i szczeg\u00f3\u0142y gry", "description": "<img src=\"https://ithardware.pl/artykuly/min/28834_1.jpg\" />            Activision Blizzard ujawni\u0142 najwa\u017cniejsze informacje o Call of Duty: Modern Warfare 3 w tym list\u0119 map do trybu wieloosobowego, a tak\u017ce cen\u0119. Niestety za aktualizacj\u0119 do Modern Warfare 2 sprzedawan\u0105 jako oddzieln\u0105 gr\u0119 przyjdzie nam zap\u0142aci\u0107...\n            <p>Pe\u0142na wersja strony <a href=\"https://ithardware.pl/aktualnosci/call_of_duty_modern_warfare_3_activision_blizzard_ujawnia_cene_edycje_i_szczegoly_gry-28834.html\">https://ithardware.pl/aktualnosci/call_of_duty_modern_warfare_3_activision_blizzard_ujawnia_cene_edycje_i_szczegoly_gry-28834.html</a></p>", "link": "https://ithardware.pl/aktualnosci/call_of_duty_modern_warfare_3_activision_blizzard_ujawnia_cene_edycje_i_szczegoly_gry-28834.html", "date_published": "2023-08-17T19:50:00+00:00", "persistent": false, "dead": false, "artist": null, "album": null, "user": null, "language": "pl-PL", "thumbnail": null}, {"source": "https://ithardware.pl/feed", "title": "Windows 11 u\u0142atwi skasowanie domy\u015blnych aplikacji", "description": "<img src=\"https://ithardware.pl/artykuly/min/28833_1.jpg\" />            Microsoft u\u0142atwi usuwanie jeszcze wi\u0119kszej ilo\u015bci domy\u015blnie zainstalowanych program&oacute;w w Windowsie 11. S\u0105 osoby, kt&oacute;re denerwuje baza takich aplikacji, wi\u0119c firma z Redmond wysz\u0142a im naprzeciw. Stosowne udogodnienie jest ju\u017c obecne w...\n            <p>Pe\u0142na wersja strony <a href=\"https://ithardware.pl/aktualnosci/windows_11_ulatwi_skasowanie_domyslnych_aplikacji-28833.html\">https://ithardware.pl/aktualnosci/windows_11_ulatwi_skasowanie_domyslnych_aplikacji-28833.html</a></p>", "link": "https://ithardware.pl/aktualnosci/windows_11_ulatwi_skasowanie_domyslnych_aplikacji-28833.html", "date_published": "2023-08-17T18:30:00+00:00", "persistent": false, "dead": false, "artist": null, "album": null, "user": null, "language": "pl-PL", "thumbnail": null}, {"source": "https://ithardware.pl/feed", "title": "Ma\u0142y i szybki AOC 24G15N -  23,8-calowy monitor VA z od\u015bwie\u017caniem 180 Hz", "description": "<img src=\"https://ithardware.pl/artykuly/min/28832_1.jpg\" />            AOC zaprezentowa\u0142o sw&oacute;j najnowszy monitor dedykowany graczom, o nazwie AOC 24G15N. Nowe urz\u0105dzenie posiada panel VA, wysok\u0105 cz\u0119stotliwo\u015b\u0107&nbsp;od\u015bwie\u017cania oraz szybki czas&nbsp;reakcji.\n\nMonitor jest przeznaczony dla os&oacute;b,...\n            <p>Pe\u0142na wersja strony <a href=\"https://ithardware.pl/aktualnosci/aoc_24g15n_23_8_calowy_monitor_va_z_odswiezaniem_na_poziomie_180_hz-28832.html\">https://ithardware.pl/aktualnosci/aoc_24g15n_23_8_calowy_monitor_va_z_odswiezaniem_na_poziomie_180_hz-28832.html</a></p>", "link": "https://ithardware.pl/aktualnosci/aoc_24g15n_23_8_calowy_monitor_va_z_odswiezaniem_na_poziomie_180_hz-28832.html", "date_published": "2023-08-17T17:59:50+00:00", "persistent": false, "dead": false, "artist": null, "album": null, "user": null, "language": "pl-PL", "thumbnail": null}, {"source": "https://ithardware.pl/feed", "title": "Czy to ju\u017c gamingowy projektor? Samsung Freestyle Gen 2 z opcj\u0105 grania w chmurze", "description": "<img src=\"https://ithardware.pl/artykuly/min/28831_1.jpg\" />            Samsung przedstawi\u0142 sw&oacute;j nowy projektor z gamingowym akcentem. Urz\u0105dzenie mo\u017ce wy\u015bwietli\u0107 obraz o rozmiarze do 100 cali. Co najciekawsze, pozwala r&oacute;wnie\u017c na dost\u0119p do platform ze streamingiem gier. Sprz\u0119t dost\u0119pny jest ju\u017c w...\n            <p>Pe\u0142na wersja strony <a href=\"https://ithardware.pl/aktualnosci/czy_to_juz_gamingowy_projektor_samsung_freestyle_gen_2_z_opcja_grania_w_chmurze-28831.html\">https://ithardware.pl/aktualnosci/czy_to_juz_gamingowy_projektor_samsung_freestyle_gen_2_z_opcja_grania_w_chmurze-28831.html</a></p>", "link": "https://ithardware.pl/aktualnosci/czy_to_juz_gamingowy_projektor_samsung_freestyle_gen_2_z_opcja_grania_w_chmurze-28831.html", "date_published": "2023-08-17T17:49:10+00:00", "persistent": false, "dead": false, "artist": null, "album": null, "user": null, "language": "pl-PL", "thumbnail": null}, {"source": "https://ithardware.pl/feed", "title": "Baterie z p\u0142ynnym metalem ju\u017c w 2024 roku. S\u0105 tanie, niepalne i trwa\u0142e", "description": "<img src=\"https://ithardware.pl/artykuly/min/28830_1.jpg\" />            Ambri opracowuje alternatyw\u0119 dla obecnie stosowanych baterii litowych. W przypadku tej innowacji kluczowym elementem jest wykorzystanie p\u0142ynnego metalu oraz soli chlorkowo-wapniowej. Celem&nbsp;jest zapewnienie znacz\u0105co wyd\u0142u\u017conej trwa\u0142o\u015bci...\n            <p>Pe\u0142na wersja strony <a href=\"https://ithardware.pl/aktualnosci/baterie_z_plynnym_metalem_juz_w_2024_roku_sa_tanie_niepalne_i_trwale-28830.html\">https://ithardware.pl/aktualnosci/baterie_z_plynnym_metalem_juz_w_2024_roku_sa_tanie_niepalne_i_trwale-28830.html</a></p>", "link": "https://ithardware.pl/aktualnosci/baterie_z_plynnym_metalem_juz_w_2024_roku_sa_tanie_niepalne_i_trwale-28830.html", "date_published": "2023-08-17T17:09:40+00:00", "persistent": false, "dead": false, "artist": null, "album": null, "user": null, "language": "pl-PL", "thumbnail": null}, {"source": "https://ithardware.pl/feed", "title": "Google u\u0142atwia czytanie d\u0142ugich tre\u015bci. Wszystko dzi\u0119ki sztucznej inteligencji", "description": "<img src=\"https://ithardware.pl/artykuly/min/28828_1.jpg\" />            Google zdradzi\u0142 nowe informacje na temat technologii Search Generative Experience, kt&oacute;rej zadaniem jest pom&oacute;c u\u017cytkownikom w czytaniu d\u0142ugich artyku\u0142&oacute;w i innych tre\u015bci. Narz\u0119dzie potrafi tworzy\u0107 kluczowe punkty wynikaj\u0105ce z...\n            <p>Pe\u0142na wersja strony <a href=\"https://ithardware.pl/aktualnosci/google_ulatwia_czytanie_dlugich_tresci_wszystko_dzieki_sztucznej_inteligencji-28828.html\">https://ithardware.pl/aktualnosci/google_ulatwia_czytanie_dlugich_tresci_wszystko_dzieki_sztucznej_inteligencji-28828.html</a></p>", "link": "https://ithardware.pl/aktualnosci/google_ulatwia_czytanie_dlugich_tresci_wszystko_dzieki_sztucznej_inteligencji-28828.html", "date_published": "2023-08-17T16:08:20+00:00", "persistent": false, "dead": false, "artist": null, "album": null, "user": null, "language": "pl-PL", "thumbnail": null}, {"source": "https://ithardware.pl/feed", "title": "Ile sezon\u00f3w dostanie serial The Last of Us. Tw\u00f3rca podaje idealny numer", "description": "<img src=\"https://ithardware.pl/artykuly/min/28829_1.jpg\" />            Pierwszy sezon serialu The Last of Us odni&oacute;s\u0142 du\u017cy sukces i niebawem doczeka si\u0119 kontynuacji. Tymczasem showrunner Craig Mazin zasugerowa\u0142, ile jeszcze mo\u017ce potrwa\u0107 produkcja. Nie b\u0119dzie to tasiemiec, cho\u0107 otrzyma wi\u0119cej czasu ni\u017c...\n            <p>Pe\u0142na wersja strony <a href=\"https://ithardware.pl/aktualnosci/ile_sezonow_dostanie_serial_the_last_of_us_tworca_podaje_idealny_numer-28829.html\">https://ithardware.pl/aktualnosci/ile_sezonow_dostanie_serial_the_last_of_us_tworca_podaje_idealny_numer-28829.html</a></p>", "link": "https://ithardware.pl/aktualnosci/ile_sezonow_dostanie_serial_the_last_of_us_tworca_podaje_idealny_numer-28829.html", "date_published": "2023-08-17T15:50:22+00:00", "persistent": false, "dead": false, "artist": null, "album": null, "user": null, "language": "pl-PL", "thumbnail": null}, {"source": "https://ithardware.pl/feed", "title": "HP kontra pozew zbiorowy. Chodzi o blokowanie drukarek wielofunkcyjnych", "description": "<img src=\"https://ithardware.pl/artykuly/min/28827_1.jpg\" />            S\u0105d federalny postanowi\u0142, \u017ce HP b\u0119dzie musia\u0142o zmierzy\u0107 si\u0119 z pozwem zbiorowym dotycz\u0105cym ich drukarek wielofunkcyjnych. W oskar\u017ceniu chodzi o wy\u0142\u0105czanie niekt&oacute;rych mo\u017cliwo\u015bci urz\u0105dze\u0144,&nbsp;takich jak na przyk\u0142ad skanowanie, gdy...\n            <p>Pe\u0142na wersja strony <a href=\"https://ithardware.pl/aktualnosci/hp_kontra_pozew_zbiorowy_chodzi_o_blokowanie_drukarek_wielofunkcyjnych-28827.html\">https://ithardware.pl/aktualnosci/hp_kontra_pozew_zbiorowy_chodzi_o_blokowanie_drukarek_wielofunkcyjnych-28827.html</a></p>", "link": "https://ithardware.pl/aktualnosci/hp_kontra_pozew_zbiorowy_chodzi_o_blokowanie_drukarek_wielofunkcyjnych-28827.html", "date_published": "2023-08-17T14:20:30+00:00", "persistent": false, "dead": false, "artist": null, "album": null, "user": null, "language": "pl-PL", "thumbnail": null}, {"source": "https://ithardware.pl/feed", "title": "Test Endorfy Thock Onyx White. Wielki powr\u00f3t bia\u0142ej edycji po d\u0142ugiej przerwie", "description": "<img src=\"https://ithardware.pl/artykuly/min/28808_1.jpg\" />            Marki Endorfy chyba nikomu z was nie musz\u0119 przedstawia\u0107, gdy\u017c ka\u017cdy z nas powinien j\u0105 w mniejszym b\u0105d\u017a wi\u0119kszym stopniu kojarzy\u0107. Ju\u017c niebawem stuknie pierwszy rok od jej powstania, czyli moment, w kt&oacute;rym to wygaszono Silentium PC oraz...\n            <p>Pe\u0142na wersja strony <a href=\"https://ithardware.pl/testyirecenzje/endorfy_thock_onyx_white_test_recenzja-28808.html\">https://ithardware.pl/testyirecenzje/endorfy_thock_onyx_white_test_recenzja-28808.html</a></p>", "link": "https://ithardware.pl/testyirecenzje/endorfy_thock_onyx_white_test_recenzja-28808.html", "date_published": "2023-08-17T13:23:40+00:00", "persistent": false, "dead": false, "artist": null, "album": null, "user": null, "language": "pl-PL", "thumbnail": null}, {"source": "https://ithardware.pl/feed", "title": "440 MP sensor od Samsunga? Firma podobno planuje 3 nowe jednostki", "description": "<img src=\"https://ithardware.pl/artykuly/min/28826_1.jpg\" />            Jeden ze znanych leakster&oacute;w, Revegnus, zdradzi\u0142, \u017ce Samsung rozpocznie masow\u0105 produkcj\u0119 3 nowych sensor&oacute;w ISOCELL w przysz\u0142ym roku. Jeden z nich ma by\u0107 jednostk\u0105 cechuj\u0105c\u0105 si\u0119 rozdzielczo\u015bci\u0105 200 MP. To jednak nie jest maksimum,...\n            <p>Pe\u0142na wersja strony <a href=\"https://ithardware.pl/aktualnosci/440_mp_sensor_od_samsunga_firma_podobno_planuje_3_nowe_jednostki-28826.html\">https://ithardware.pl/aktualnosci/440_mp_sensor_od_samsunga_firma_podobno_planuje_3_nowe_jednostki-28826.html</a></p>", "link": "https://ithardware.pl/aktualnosci/440_mp_sensor_od_samsunga_firma_podobno_planuje_3_nowe_jednostki-28826.html", "date_published": "2023-08-17T12:01:20+00:00", "persistent": false, "dead": false, "artist": null, "album": null, "user": null, "language": "pl-PL", "thumbnail": null}, {"source": "https://ithardware.pl/feed", "title": "Nowy Jork zakaza\u0142 TikToka. Pracownicy maj\u0105 30 dni na usuni\u0119cie aplikacji", "description": "<img src=\"https://ithardware.pl/artykuly/min/28824_1.jpg\" />            Miasto Nowy Jork musia\u0142o uzna\u0107, \u017ce TikTok stanowi realne zagro\u017cenie. W\u0142adze zakaza\u0142y tej aplikacji na urz\u0105dzeniach nale\u017c\u0105cych do miasta. Oznacza to, \u017ce pracownicy korzystaj\u0105cych ze s\u0142u\u017cbowych telefon&oacute;w&nbsp;b\u0119d\u0105 musieli pozby\u0107 si\u0119...\n            <p>Pe\u0142na wersja strony <a href=\"https://ithardware.pl/aktualnosci/nowy_jork_zakazal_tiktoka_pracownicy_maja_30_dni_na_usuniecie_aplikacji-28824.html\">https://ithardware.pl/aktualnosci/nowy_jork_zakazal_tiktoka_pracownicy_maja_30_dni_na_usuniecie_aplikacji-28824.html</a></p>", "link": "https://ithardware.pl/aktualnosci/nowy_jork_zakazal_tiktoka_pracownicy_maja_30_dni_na_usuniecie_aplikacji-28824.html", "date_published": "2023-08-17T11:03:50+00:00", "persistent": false, "dead": false, "artist": null, "album": null, "user": null, "language": "pl-PL", "thumbnail": null}, {"source": "https://ithardware.pl/feed", "title": "AMD Ryzen 5 7500F pojawi\u0142 si\u0119 w sprzeda\u017cy w USA i w Europie", "description": "<img src=\"https://ithardware.pl/artykuly/min/28821_1.jpg\" />            Kiedy AMD wypu\u015bci\u0142o w zesz\u0142ym miesi\u0105cu sze\u015bciordzeniowy procesor Ryzen 5 7500F, ten zapowiadany by\u0142 jako produkt na wy\u0142\u0105czno\u015b\u0107 dla Chin i poza Pa\u0144stwem \u015arodka dost\u0119pny mia\u0142 by\u0107 tylko w gotowych komputerach. Wygl\u0105da na to, \u017ce te...\n            <p>Pe\u0142na wersja strony <a href=\"https://ithardware.pl/aktualnosci/amd_ryzen_5_7500f_pojawil_sie_w_sprzedazy_w_usa_i_w_europie-28821.html\">https://ithardware.pl/aktualnosci/amd_ryzen_5_7500f_pojawil_sie_w_sprzedazy_w_usa_i_w_europie-28821.html</a></p>", "link": "https://ithardware.pl/aktualnosci/amd_ryzen_5_7500f_pojawil_sie_w_sprzedazy_w_usa_i_w_europie-28821.html", "date_published": "2023-08-17T10:28:01+00:00", "persistent": false, "dead": false, "artist": null, "album": null, "user": null, "language": "pl-PL", "thumbnail": null}, {"source": "https://ithardware.pl/feed", "title": "Steam wprowadza zmiany, kt\u00f3re mog\u0105 spowodowa\u0107 wzrosty cen w niekt\u00f3rych krajach", "description": "<img src=\"https://ithardware.pl/artykuly/min/28820_1.jpg\" />            Valve zaktualizowa\u0142o polityk\u0119 minimalnych cen na platformie Steam dla niekt&oacute;rych walut innych ni\u017c USD, co mo\u017ce mie\u0107 wp\u0142yw na tych, kt&oacute;rzy sprzedaj\u0105 gry i rozszerzenia za mniej ni\u017c r&oacute;wnowarto\u015b\u0107 5 USD.&nbsp;\n\nFirma...\n            <p>Pe\u0142na wersja strony <a href=\"https://ithardware.pl/aktualnosci/steam_wprowadza_zmiany_ktore_moga_spowodowac_wzrosty_cen_w_niektorych_krajach-28820.html\">https://ithardware.pl/aktualnosci/steam_wprowadza_zmiany_ktore_moga_spowodowac_wzrosty_cen_w_niektorych_krajach-28820.html</a></p>", "link": "https://ithardware.pl/aktualnosci/steam_wprowadza_zmiany_ktore_moga_spowodowac_wzrosty_cen_w_niektorych_krajach-28820.html", "date_published": "2023-08-17T10:19:01+00:00", "persistent": false, "dead": false, "artist": null, "album": null, "user": null, "language": "pl-PL", "thumbnail": null}, {"source": "https://ithardware.pl/feed", "title": "Tak wygl\u0105da Lenovo Legion Go. Kolejny handheld rzuci wyzwanie Steam Deckowi", "description": "<img src=\"https://ithardware.pl/artykuly/min/28823_1.jpg\" />            Na pocz\u0105tku sierpnia pisali\u015bmy, \u017ce Lenovo to kolejny du\u017cy producent, kt&oacute;ry chce rzuci\u0107 wyzwanie Valve i jego Steam Deckowi i teraz WindowsReport opublikowa\u0142o pierwsze rendery urz\u0105dzenia, prezentuj\u0105c nadchodz\u0105cy handheld w ca\u0142ej...\n            <p>Pe\u0142na wersja strony <a href=\"https://ithardware.pl/aktualnosci/tak_wyglada_lenovo_legion_go_kolejny_handheld_rzuci_wyzwanie_steam_deckowi-28823.html\">https://ithardware.pl/aktualnosci/tak_wyglada_lenovo_legion_go_kolejny_handheld_rzuci_wyzwanie_steam_deckowi-28823.html</a></p>", "link": "https://ithardware.pl/aktualnosci/tak_wyglada_lenovo_legion_go_kolejny_handheld_rzuci_wyzwanie_steam_deckowi-28823.html", "date_published": "2023-08-17T09:36:33+00:00", "persistent": false, "dead": false, "artist": null, "album": null, "user": null, "language": "pl-PL", "thumbnail": null}, {"source": "https://ithardware.pl/feed", "title": "\u0141atka dla luki Inception w procesorach AMD powoduje spadki wydajno\u015bci nawet o 54%", "description": "<img src=\"https://ithardware.pl/artykuly/min/28819_1.jpg\" />            W ubieg\u0142ym tygodniu pojawi\u0142a si\u0119 wiadomo\u015b\u0107 o luce w procesorach AMD o nazwie Inception i wygl\u0105da na to, \u017ce jej za\u0142atanie potrafi bardzo mocno wp\u0142ywa\u0107 na wydajno\u015b\u0107 CPU w niekt&oacute;rych zastosowaniach.&nbsp;\n\nAMD nie wypu\u015bci\u0142o jeszcze...\n            <p>Pe\u0142na wersja strony <a href=\"https://ithardware.pl/aktualnosci/latka_dla_luki_inception_w_procesorach_cpu_powoduje_spadki_wydajnosci_nawet_o_54-28819.html\">https://ithardware.pl/aktualnosci/latka_dla_luki_inception_w_procesorach_cpu_powoduje_spadki_wydajnosci_nawet_o_54-28819.html</a></p>", "link": "https://ithardware.pl/aktualnosci/latka_dla_luki_inception_w_procesorach_cpu_powoduje_spadki_wydajnosci_nawet_o_54-28819.html", "date_published": "2023-08-17T09:00:20+00:00", "persistent": false, "dead": false, "artist": null, "album": null, "user": null, "language": "pl-PL", "thumbnail": null}, {"source": "https://ithardware.pl/feed", "title": "AMD Ryzen Threadripper PRO 7995WX z 96 rdzeniami potwierdzony. CPU przetestowane w benchmarku", "description": "<img src=\"https://ithardware.pl/artykuly/min/28818_1.jpg\" />            Wszystko wskazuje na to, \u017ce AMD szykuje si\u0119 w\u0142a\u015bnie do wypuszczenia nowych procesor&oacute;w z segmentu HEDT, kt&oacute;re oferowa\u0107 b\u0119d\u0105 jeszcze wi\u0119cej rdzeni i wy\u017csze cz\u0119stotliwo\u015bci taktowania.&nbsp;\n\nRyzen&nbsp;Threadripper PRO...\n            <p>Pe\u0142na wersja strony <a href=\"https://ithardware.pl/aktualnosci/amd_ryzen_threadripper_pro_7995wx_z_96_rdzeniami_potwierdzony_cpu_przetestowane_w_benchmarku-28818.html\">https://ithardware.pl/aktualnosci/amd_ryzen_threadripper_pro_7995wx_z_96_rdzeniami_potwierdzony_cpu_przetestowane_w_benchmarku-28818.html</a></p>", "link": "https://ithardware.pl/aktualnosci/amd_ryzen_threadripper_pro_7995wx_z_96_rdzeniami_potwierdzony_cpu_przetestowane_w_benchmarku-28818.html", "date_published": "2023-08-17T08:49:00+00:00", "persistent": false, "dead": false, "artist": null, "album": null, "user": null, "language": "pl-PL", "thumbnail": null}, {"source": "https://ithardware.pl/feed", "title": "Jeden z najwi\u0119kszych technologicznych kana\u0142\u00f3w oskar\u017cany o nierzetelno\u015b\u0107, kradzie\u017c i molestowanie", "description": "<img src=\"https://ithardware.pl/artykuly/min/28822_1.jpg\" />            Youtubowe imperium Linusa Sebastiana (Linus Media Group) w YouTube prze\u017cywa obecnie bardzo powa\u017cny kryzys, a wszystko za spraw\u0105 pojawiaj\u0105cych si\u0119 oskar\u017ce\u0144 o kradzie\u017c, uchybienia w etyce zawodowej, a ostatnio nawet molestowanie. Firma wstrzyma\u0142a...\n            <p>Pe\u0142na wersja strony <a href=\"https://ithardware.pl/aktualnosci/jeden_z_najwiekszych_technologicznych_kanalow_oskarazany_o_nierzetelnosc_kradziez_i_molestowanie-28822.html\">https://ithardware.pl/aktualnosci/jeden_z_najwiekszych_technologicznych_kanalow_oskarazany_o_nierzetelnosc_kradziez_i_molestowanie-28822.html</a></p>", "link": "https://ithardware.pl/aktualnosci/jeden_z_najwiekszych_technologicznych_kanalow_oskarazany_o_nierzetelnosc_kradziez_i_molestowanie-28822.html", "date_published": "2023-08-17T07:41:06+00:00", "persistent": false, "dead": false, "artist": null, "album": null, "user": null, "language": "pl-PL", "thumbnail": null}, {"source": "https://ithardware.pl/feed", "title": "AMD potiwerdza du\u017ce og\u0142oszenia na Gamescom. Czego si\u0119 spodziewa\u0107?", "description": "<img src=\"https://ithardware.pl/artykuly/min/28817_1.jpg\" />            Scott Herkelman, starszy wiceprezes i dyrektor generalny dzia\u0142u General Manager Graphics Business Unit w AMD, potwierdzi\u0142 w\u0142a\u015bnie, \u017ce jego firma og\u0142osi nowe produkty na targach Gamescom. Bior\u0105c pod uwag\u0119 ostatnie przecieki, spodziewamy si\u0119...\n            <p>Pe\u0142na wersja strony <a href=\"https://ithardware.pl/aktualnosci/amd_potiwerdza_duze_ogloszenia_na_gamescom_czego_sie_spodziewac-28817.html\">https://ithardware.pl/aktualnosci/amd_potiwerdza_duze_ogloszenia_na_gamescom_czego_sie_spodziewac-28817.html</a></p>", "link": "https://ithardware.pl/aktualnosci/amd_potiwerdza_duze_ogloszenia_na_gamescom_czego_sie_spodziewac-28817.html", "date_published": "2023-08-17T07:03:13+00:00", "persistent": false, "dead": false, "artist": null, "album": null, "user": null, "language": "pl-PL", "thumbnail": null}, {"source": "https://ithardware.pl/feed", "title": "Intel rezygnuje z du\u017cego przej\u0119cia. Chiny zablokowa\u0142y plan ameryka\u0144skiego giganta", "description": "<img src=\"https://ithardware.pl/artykuly/min/28816_1.jpg\" />            Przej\u0119cie przez Intel izraelskiego producenta chip&oacute;w specjalnych Tower Semiconductor za 5,4 miliarda dolar&oacute;w zosta\u0142o odwo\u0142ane, poniewa\u017c gigant z Santa Clara nie uzyska\u0142 na czas zgody organ&oacute;w regulacyjnych z Chin. To k\u0142adzie...\n            <p>Pe\u0142na wersja strony <a href=\"https://ithardware.pl/aktualnosci/intel_rezygnuje_z_duzego_przejecia_chiny_zablokowaly_plan_amerykanskiego_giganta-28816.html\">https://ithardware.pl/aktualnosci/intel_rezygnuje_z_duzego_przejecia_chiny_zablokowaly_plan_amerykanskiego_giganta-28816.html</a></p>", "link": "https://ithardware.pl/aktualnosci/intel_rezygnuje_z_duzego_przejecia_chiny_zablokowaly_plan_amerykanskiego_giganta-28816.html", "date_published": "2023-08-17T06:16:26+00:00", "persistent": false, "dead": false, "artist": null, "album": null, "user": null, "language": "pl-PL", "thumbnail": null}]