[{"source": "https://www.cnet.com/rss/all/", "title": "Mortgage Rates Surge Past 7%... Again. What This Means for Homebuyers     - CNET", "description": "Mortgage rates hit their highest level in more than two decades, making it even harder for prospective buyers.", "link": "https://www.cnet.com/personal-finance/mortgages/mortgage-rates-surge-past-7-again-what-this-means-for-homebuyers/#ftag=CADf328eec", "date_published": "2023-08-17T21:28:00+00:00", "persistent": false, "dead": false, "artist": null, "album": null, "user": null, "language": "en-US", "thumbnail": "https://www.cnet.com/a/img/resize/e565522607a09ca66447a7bb65b820fbf035f850/hub/2023/08/17/08de7b86-b6cd-4dbc-8ce8-5a18996c7e2e/gettyimages-1405638906.jpg?auto=webp&width=300"}, {"source": "https://www.cnet.com/rss/all/", "title": "No, Your Screen Isn't Dirty, That's Just the New X App Logo     - CNET", "description": "The bird logo is gone, and the new app logo just looks unwell.", "link": "https://www.cnet.com/tech/services-and-software/no-your-screen-isnt-dirty-thats-just-the-new-x-app-logo/#ftag=CADf328eec", "date_published": "2023-08-17T19:18:00+00:00", "persistent": false, "dead": false, "artist": null, "album": null, "user": null, "language": "en-US", "thumbnail": "https://www.cnet.com/a/img/resize/fd9f3e5b131b6de03f97eb4d90974236f43bac9b/hub/2023/08/17/141cb1da-334c-40ee-b656-6925ab127985/x-logo.jpg?auto=webp&width=300"}, {"source": "https://www.cnet.com/rss/all/", "title": "No, Your Screen Isn't Dirty, That's Just the New X App Logo     - CNET", "description": "The bird logo is gone, and the new app logo just looks unwell.", "link": "https://www.cnet.com/tech/services-and-software/no-your-screen-isnt-dirty-thats-the-new-x-app-logo/#ftag=CADf328eec", "date_published": "2023-08-17T19:18:00+00:00", "persistent": false, "dead": false, "artist": null, "album": null, "user": null, "language": "en-US", "thumbnail": "https://www.cnet.com/a/img/resize/fd9f3e5b131b6de03f97eb4d90974236f43bac9b/hub/2023/08/17/141cb1da-334c-40ee-b656-6925ab127985/x-logo.jpg?auto=webp&width=300"}, {"source": "https://www.cnet.com/rss/all/", "title": "Pick the Perfect Glasses for Your Face: Shape, Skin Tone and More     - CNET", "description": "Picking out new glasses is hard, and choice overload is a thing. Here's how to pick the ideal frames for your face.", "link": "https://www.cnet.com/health/personal-care/pick-the-perfect-glasses-for-your-face-shape-skin-tone-and-more/#ftag=CADf328eec", "date_published": "2023-08-17T18:34:48+00:00", "persistent": false, "dead": false, "artist": null, "album": null, "user": null, "language": "en-US", "thumbnail": "https://www.cnet.com/a/img/resize/b5e3906c79fdff14a39cbd2533898a992d2eec9a/hub/2022/06/22/731e6cc5-96c7-4120-a2ef-e9bcda35a8e1/gettyimages-1306196833.jpg?auto=webp&width=300"}, {"source": "https://www.cnet.com/rss/all/", "title": "Build a Kingdom One Puzzle at a Time in This Apple Arcade Game     - CNET", "description": "You can play this game and many others on Apple's subscription gaming service.", "link": "https://www.cnet.com/tech/gaming/build-a-kingdom-one-puzzle-at-a-time-in-this-apple-arcade-game/#ftag=CADf328eec", "date_published": "2023-08-17T18:05:00+00:00", "persistent": false, "dead": false, "artist": null, "album": null, "user": null, "language": "en-US", "thumbnail": "https://www.cnet.com/a/img/resize/73e6256bc8027d906f9af7ecf765d6865d3a4bfd/hub/2023/08/01/5f9e5b92-2c9a-482f-938b-aa931f65481f/kingdoms-merge-build-key-art.png?auto=webp&width=300"}, {"source": "https://www.cnet.com/rss/all/", "title": "Over 1.5M Dehumidifiers Recalled for Fire Hazards: Check Your Model Number     - CNET", "description": "The recalled dehumidifiers were sold under brands including GE, Kenmore and SoleusAir.", "link": "https://www.cnet.com/news/over-1-5m-dehumidifiers-recalled-for-fire-hazards-check-your-model-number/#ftag=CADf328eec", "date_published": "2023-08-17T17:34:02+00:00", "persistent": false, "dead": false, "artist": null, "album": null, "user": null, "language": "en-US", "thumbnail": "https://www.cnet.com/a/img/resize/6810b9a60fe15425365042ef3a31174d93527d32/hub/2023/08/17/f221b8b0-8a77-492b-842c-80fe38106e2c/new-project.jpg?auto=webp&width=300"}, {"source": "https://www.cnet.com/rss/all/", "title": "Grab LG's Latest High-End C3 OLED TV for Over $650 Off at Amazon     - CNET", "description": "This is the latest generation of LG's top-rated C Series, and you can snag the 65-inch model for $1,947 right now.", "link": "https://www.cnet.com/deals/grab-lgs-latest-high-end-c3-oled-tv-for-over-650-off-at-amazon/#ftag=CADf328eec", "date_published": "2023-08-17T16:56:13+00:00", "persistent": false, "dead": false, "artist": null, "album": null, "user": null, "language": "en-US", "thumbnail": "https://www.cnet.com/a/img/resize/9961f822ed472bb82ec3ed5de9942b3032feea2c/hub/2023/06/23/31bd705b-d348-4538-8c26-adb261b37828/01-bg-3-1.jpg?auto=webp&width=300"}, {"source": "https://www.cnet.com/rss/all/", "title": "DreamCloud Premier Mattress Review video     - CNET", "description": "Owen Poole, a certified sleep science coach, reviews DreamCloud's midtier Premier mattress. Owen explains the construction, firmness and feel of the bed. He also gives his verdict on who might be interested in the Premier mattress.", "link": "https://www.cnet.com/videos/dreamcloud-premier-mattress-review/#ftag=CADf328eec", "date_published": "2023-08-17T16:30:03+00:00", "persistent": false, "dead": false, "artist": null, "album": null, "user": null, "language": "en-US", "thumbnail": "https://www.cnet.com/a/img/resize/4b6b86ea8e1334e04af7c42d213a9fe47d43d120/hub/2023/08/15/3621cab3-2b85-4c5d-bece-cbdb8df7d155/dreamcloud-premier-mattress-cms.jpg?auto=webp&width=300"}, {"source": "https://www.cnet.com/rss/all/", "title": "All-Electric 2024 ZDX Type S Is the Most Powerful Acura SUV Ever     - CNET", "description": "The 325-mile Acura ZDX A-Spec hits the road next year alongside a 500-hp Type S model.", "link": "https://www.cnet.com/roadshow/news/all-electric-2024-zdx-a-spec-type-s-debut/#ftag=CADf328eec", "date_published": "2023-08-17T16:00:08+00:00", "persistent": false, "dead": false, "artist": null, "album": null, "user": null, "language": "en-US", "thumbnail": "https://www.cnet.com/a/img/resize/ff84663eb4c9f1b7588b5a1465621e68589d93c2/hub/2023/08/17/2ce59e43-b953-4703-88d3-d6e3bddfbcda/04-2024-acura-zdx-type-s.jpg?auto=webp&width=300"}, {"source": "https://www.cnet.com/rss/all/", "title": "Upgrade Your Kitchen With This $50 Bella Pro Series Air Fryer (Save $90)     - CNET", "description": "This Best Buy bargain is only available today.", "link": "https://www.cnet.com/deals/upgrade-your-kitchen-with-this-50-bella-pro-series-air-fryer-90-off/#ftag=CADf328eec", "date_published": "2023-08-17T15:12:00+00:00", "persistent": false, "dead": false, "artist": null, "album": null, "user": null, "language": "en-US", "thumbnail": "https://www.cnet.com/a/img/resize/60a9e899e9df184983b4f60b0c4338e8c6850782/hub/2023/08/17/db7c9cf3-cf6b-4f12-b24c-74dc3e64c52f/bella-pro-series-8-quart-digital-air-fryer.jpg?auto=webp&width=300"}, {"source": "https://www.cnet.com/rss/all/", "title": "Razer BlackWidow V4 75% Review: Hot-Swappable Switches From a Familiar Brand     - CNET", "description": "Its included Orange switches feel great for typing, and flipping them out for something zippier for gaming is super easy.", "link": "https://www.cnet.com/tech/computing/razer-blackwidow-v4-75-review-hot-swappable-switches-from-a-familiar-brand/#ftag=CADf328eec", "date_published": "2023-08-17T15:00:03+00:00", "persistent": false, "dead": false, "artist": null, "album": null, "user": null, "language": "en-US", "thumbnail": "https://www.cnet.com/a/img/resize/ad30d16fa8ca331aa4e12211a8012ca8d7606b33/hub/2023/08/17/e9a3a5b5-3084-4f9f-9289-9133f767b29b/razer-blackwidow-v4-75-gaming-keyboard-4338.jpg?auto=webp&width=300"}, {"source": "https://www.cnet.com/rss/all/", "title": "Back to College: 4 Tips for Selecting a Student Credit Card     - CNET", "description": "College is a time of firsts, but it's important to make informed decisions -- especially about your first credit card.", "link": "https://www.cnet.com/personal-finance/credit-cards/back-to-college-4-tips-for-selecting-a-student-credit-card/#ftag=CADf328eec", "date_published": "2023-08-17T15:00:00+00:00", "persistent": false, "dead": false, "artist": null, "album": null, "user": null, "language": "en-US", "thumbnail": "https://www.cnet.com/a/img/resize/3047690c6016179aa9f680a14f27b0cb3ac1898b/hub/2023/08/17/4fca958d-12d0-4cd0-92e8-168faaf88d5b/gettyimages-1152693202.jpg?auto=webp&width=300"}, {"source": "https://www.cnet.com/rss/all/", "title": "Brighten Up Your Home With Up to $60 Off Govee Smart Lighting and Much More     - CNET", "description": "Amazon is offering deals on a huge selection of Govee smart home products, including lights, plugs, fans, heaters and other appliances.", "link": "https://www.cnet.com/deals/brighten-up-your-home-with-up-to-60-off-govee-smart-lighting-and-much-more/#ftag=CADf328eec", "date_published": "2023-08-17T14:14:37+00:00", "persistent": false, "dead": false, "artist": null, "album": null, "user": null, "language": "en-US", "thumbnail": "https://www.cnet.com/a/img/resize/277ba0930f20beb39c08e3ee5a040a120e8b9819/hub/2023/08/17/3b44df90-58aa-495a-830d-df2a62ecb4be/govee-hex-panels.jpg?auto=webp&width=300"}, {"source": "https://www.cnet.com/rss/all/", "title": "Deal of the Day: Snag Up to $100 In Extra Savings When You Buy a Lenovo PC     - CNET", "description": "You can grab a ton of discounted tech during the buy more, save more event at Lenovo right now.", "link": "https://www.cnet.com/deals/deal-of-the-day-snag-up-to-100-in-extra-savings-when-you-buy-a-lenovo-pc/#ftag=CADf328eec", "date_published": "2023-08-17T14:01:00+00:00", "persistent": false, "dead": false, "artist": null, "album": null, "user": null, "language": "en-US", "thumbnail": "https://www.cnet.com/a/img/resize/23dc80c431f757e59aee0d7044f15c19a83594ac/hub/2023/08/10/90812f36-1e37-46d9-a82e-9dfafc6c58ec/05-bg-11.jpg?auto=webp&width=300"}, {"source": "https://www.cnet.com/rss/all/", "title": "BMO CD and Savings Rates for August 2023     - CNET", "description": "The eighth-largest bank in North America offers competitive rates for some of its CDs and savings accounts under its US subsidiary.", "link": "https://www.cnet.com/personal-finance/banking/bmo-cd-and-savings-rates/#ftag=CADf328eec", "date_published": "2023-08-17T14:00:00+00:00", "persistent": false, "dead": false, "artist": null, "album": null, "user": null, "language": "en-US", "thumbnail": "https://www.cnet.com/a/img/resize/9a5cbcf105063b79e0992978ab5ef7d00a1060a6/hub/2023/08/17/51f9214b-abfb-49ed-bd91-4309fe6487f6/screen-shot-2022-11-04-at-3-10-27-pm.jpg?auto=webp&width=300"}, {"source": "https://www.cnet.com/rss/all/", "title": "Make Your Window Air Conditioner Last Longer With These Easy Tips     - CNET", "description": "Summer is here, and it's brutally hot outside. Here's how to keep your window AC unit in optimal condition.", "link": "https://www.cnet.com/home/kitchen-and-household/make-your-window-air-conditioner-last-longer-with-these-easy-tips/#ftag=CADf328eec", "date_published": "2023-08-17T13:05:03+00:00", "persistent": false, "dead": false, "artist": null, "album": null, "user": null, "language": "en-US", "thumbnail": "https://www.cnet.com/a/img/resize/338a25a91ee58eaee2e5d7fcecd295843b64af57/hub/2021/03/30/c42d92e1-b301-465b-9f0e-30e165f3faf4/gettyimages-525397795.jpg?auto=webp&width=300"}, {"source": "https://www.cnet.com/rss/all/", "title": "Best Solar Shingles of August 2023     - CNET", "description": "Solar shingles offer a different look from traditional solar panels. CNET ranks the best.", "link": "https://www.cnet.com/home/energy-and-utilities/best-solar-shingles/#ftag=CADf328eec", "date_published": "2023-08-17T13:00:03+00:00", "persistent": false, "dead": false, "artist": null, "album": null, "user": null, "language": "en-US", "thumbnail": "https://www.cnet.com/a/img/resize/d53aadd7c271cf4270d887263f9c74c7e173017c/hub/2023/08/16/1b4ad126-d7da-44f6-9231-bbf785e21b32/gettyimages-169946573.jpg?auto=webp&width=300"}, {"source": "https://www.cnet.com/rss/all/", "title": "Why You Should Buy a Cordless Vacuum Cleaner in 2023: 6 Obvious Reasons     - CNET", "description": "Check out all the convenience of going cordless.", "link": "https://www.cnet.com/home/kitchen-and-household/why-you-should-buy-a-cordless-vacuum-cleaner-in-2023-6-obvious-reasons/#ftag=CADf328eec", "date_published": "2023-08-17T12:30:04+00:00", "persistent": false, "dead": false, "artist": null, "album": null, "user": null, "language": "en-US", "thumbnail": "https://www.cnet.com/a/img/resize/d75529a7954720834e189c916faff09f2de8faa2/hub/2023/05/11/473ea1b3-6893-4ebd-8e3f-0a3ac7d6cc23/gettyimages-1361742888.jpg?auto=webp&width=300"}, {"source": "https://www.cnet.com/rss/all/", "title": "'Jujutsu Kaisen' Season 2: How to Stream the Shibuya Incident Arc From Anywhere     - CNET", "description": "After going on a brief hiatus, the anime series will return to screens this month.", "link": "https://www.cnet.com/tech/services-and-software/jujutsu-kaisen-season-2-how-to-stream-shibuya-incident-arc-from-anywhere/#ftag=CADf328eec", "date_published": "2023-08-17T12:15:07+00:00", "persistent": false, "dead": false, "artist": null, "album": null, "user": null, "language": "en-US", "thumbnail": "https://www.cnet.com/a/img/resize/67817da593ad7de916b1ec7dac46e3c595372179/hub/2023/07/05/b8503974-3baa-4311-bfa1-5e5b747c83ad/jujutsu-kaisen-season-2.jpg?auto=webp&width=300"}, {"source": "https://www.cnet.com/rss/all/", "title": "Netflix vs. Disney Plus: How to Pick Which Streaming Service Is Best for You     - CNET", "description": "Exploring the differences between the platforms can help you decide if you only need one.", "link": "https://www.cnet.com/tech/services-and-software/netflix-vs-disney-plus-how-to-pick-which-streaming-service-is-best-for-you/#ftag=CADf328eec", "date_published": "2023-08-17T12:15:04+00:00", "persistent": false, "dead": false, "artist": null, "album": null, "user": null, "language": "en-US", "thumbnail": "https://www.cnet.com/a/img/resize/1bbc1e829658804588afee2b61f439df6a009e67/hub/2023/08/15/bff52134-3a01-4c2d-b85a-5ac6b93413ac/netflix-disney-plus-logos-11.jpg?auto=webp&width=300"}, {"source": "https://www.cnet.com/rss/all/", "title": "Mortgage Refinance Rates for August 17, 2023: Rates Tick Higher     - CNET", "description": "Multiple key refinance rates trended upward this week. If you're shopping for the best refinance rate, now's a good time to assess your options.", "link": "https://www.cnet.com/personal-finance/mortgages/mortgage-refinance-rates-for-august-17-2023-rates-tick-higher/#ftag=CADf328eec", "date_published": "2023-08-17T12:00:12+00:00", "persistent": false, "dead": false, "artist": null, "album": null, "user": null, "language": "en-US", "thumbnail": "https://www.cnet.com/a/img/resize/d16caec0d0c513260137162b65db656e3b54f8d8/hub/2021/01/27/56563b94-a010-4ded-b94e-f5852e0c498e/009-cnet-finance-mortgage-signage.jpg?auto=webp&width=300"}, {"source": "https://www.cnet.com/rss/all/", "title": "How I Used a Kill A Watt Meter to Hack How My Home Uses Energy     - CNET", "description": "Odds are that your devices are wasting more energy and costing you more money than you're aware. A simple tool can help find the offenders in your outlets.", "link": "https://www.cnet.com/how-to/how-i-used-a-kill-a-watt-meter-to-hack-how-my-home-uses-energy/#ftag=CADf328eec", "date_published": "2023-08-17T12:00:07+00:00", "persistent": false, "dead": false, "artist": null, "album": null, "user": null, "language": "en-US", "thumbnail": "https://www.cnet.com/a/img/resize/692c9616d784793b3f9f9082bd75ae9e2fa5f77c/hub/2023/08/16/d56e6032-74cd-45e3-9502-5ffa8d4b69bb/gettyimages-1339264309.jpg?auto=webp&width=300"}, {"source": "https://www.cnet.com/rss/all/", "title": "Mortgage Interest Rates for August 17, 2023: Rates Move Up     - CNET", "description": "This week, a handful of major mortgage rates crept higher. As interest rates surge, it's getting more expensive to buy a house.", "link": "https://www.cnet.com/personal-finance/mortgages/mortgage-interest-rates-for-august-17-2023-rates-move-up/#ftag=CADf328eec", "date_published": "2023-08-17T12:00:06+00:00", "persistent": false, "dead": false, "artist": null, "album": null, "user": null, "language": "en-US", "thumbnail": "https://www.cnet.com/a/img/resize/9516e9ea20a7068bac2cd23e64d17f6c591a9e99/hub/2021/01/27/771c4695-c0a2-489f-9e1f-ed372f9a1025/011-cnet-finance-mortgage-signage.jpg?auto=webp&width=300"}, {"source": "https://www.cnet.com/rss/all/", "title": "Windows Copilot Preview: How to Manage Your PC With the AI Assistant video     - CNET", "description": "Check out five useful things you can do with Windows Copilot in Windows 11 that make finding your way around your PC much easier and faster.", "link": "https://www.cnet.com/videos/windows-copilot-preview-how-to-manage-your-pc-with-the-ai-assistant/#ftag=CADf328eec", "date_published": "2023-08-17T12:00:03+00:00", "persistent": false, "dead": false, "artist": null, "album": null, "user": null, "language": "en-US", "thumbnail": "https://www.cnet.com/a/img/resize/0b3e084c733adb98a7ce05f688a6f7a0cce28575/hub/2023/08/17/cfed4a0b-7e3b-487b-a749-ff3a1e4d20d8/copilot-clean.jpg?auto=webp&width=300"}, {"source": "https://www.cnet.com/rss/all/", "title": "Best Internet Providers in Georgia     - CNET", "description": "Be a peach and read CNET\u2019s guide to the broadband providers available throughout Georgia, including affordable plans, rural internet options and more.", "link": "https://www.cnet.com/home/internet/best-internet-providers-in-georgia/#ftag=CADf328eec", "date_published": "2023-08-17T12:00:00+00:00", "persistent": false, "dead": false, "artist": null, "album": null, "user": null, "language": "en-US", "thumbnail": "https://www.cnet.com/a/img/resize/8f8c9ed08f003239efec9b48febbacb95d2a7aa3/hub/2023/08/15/4cb886ff-6c65-4986-8ed3-9daeea9854f8/georgia-gettyimages-1133594583.jpg?auto=webp&width=300"}, {"source": "https://www.cnet.com/rss/all/", "title": "'Fast X': Release Date and How to Stream From Anywhere     - CNET", "description": "Everybody shows up for this family versus crime lord actionfest.", "link": "https://www.cnet.com/tech/services-and-software/fast-x-release-date-and-how-to-stream-from-anywhere/#ftag=CADf328eec", "date_published": "2023-08-17T11:15:04+00:00", "persistent": false, "dead": false, "artist": null, "album": null, "user": null, "language": "en-US", "thumbnail": "https://www.cnet.com/a/img/resize/f1a48ce0a39f53dcf5c44fd79e4963b8575ba2a3/hub/2023/08/16/23d96691-7b64-4113-81f8-71f8430f9aff/fast-x-peacock.jpg?auto=webp&width=300"}, {"source": "https://www.cnet.com/rss/all/", "title": "VPN Obfuscation: What It Is and Why You Might Need It     - CNET", "description": "VPN obfuscation is crucial if you need or want an extra layer of privacy.", "link": "https://www.cnet.com/tech/services-and-software/vpn-obfuscation-what-it-is-and-why-you-might-need-it/#ftag=CADf328eec", "date_published": "2023-08-17T11:00:00+00:00", "persistent": false, "dead": false, "artist": null, "album": null, "user": null, "language": "en-US", "thumbnail": "https://www.cnet.com/a/img/resize/533567c2dda05ab3fe28c9394238607917b5160b/hub/2023/08/15/09f0a2e3-4ee9-44ca-a91c-4dafaf4a68bf/gettyimages-1345224671.jpg?auto=webp&width=300"}, {"source": "https://www.cnet.com/rss/all/", "title": "Is It Worth Waiting for Solar Panel Prices to Fall More?     - CNET", "description": "Prices will probably keep dropping, but that's not the only thing to consider when timing your solar purchase.", "link": "https://www.cnet.com/home/energy-and-utilities/should-you-wait-to-buy-solar-panels/#ftag=CADf328eec", "date_published": "2023-08-17T10:11:47+00:00", "persistent": false, "dead": false, "artist": null, "album": null, "user": null, "language": "en-US", "thumbnail": "https://www.cnet.com/a/img/resize/01dd513f1a0c3077f62de1e97ffba3b6d890cc17/hub/2023/08/16/102880b8-ae93-4c3d-b0d1-b1c5d681a06b/gettyimages-1566475738.jpg?auto=webp&width=300"}]