[{"source": "https://wydarzenia.interia.pl/swiat/feed", "title": "Incydent na wie\u017cy Eiffla. Interweniowa\u0142a policja", "description": "<p><a href=\"https://wydarzenia.interia.pl/zagranica/news-incydent-na-wiezy-eiffla-interweniowala-policja,nId,6969025\"><img align=\"left\" alt=\"Incydent na wie\u017cy Eiffla. Interweniowa\u0142a policja\" src=\"https://i.iplsc.com/incydent-na-wiezy-eiffla-interweniowala-policja/0007ILWB4MS46I56-C321.jpg\" /></a>Policja aresztowa\u0142a w czwartek rano m\u0119\u017cczyzn\u0119, kt\u00f3ry wspi\u0105\u0142 si\u0119 na Wie\u017c\u0119 Eiffla i skoczy\u0142 z niej na spadochronie. Jak informuj\u0105 lokalne media, skoczkowi uda\u0142o si\u0119 dolecie\u0107 do pobliskiego stadionu.  </p><br clear=\"all\" />", "link": "https://wydarzenia.interia.pl/zagranica/news-incydent-na-wiezy-eiffla-interweniowala-policja,nId,6969025", "date_published": "2023-08-17T16:16:39+00:00", "persistent": false, "dead": false, "artist": null, "album": null, "user": null, "language": "pl-PL", "thumbnail": null}]