[{"source": "https://feeds.a.dj.com/rss/RSSWorldNews.xml", "title": "Australia Shares Shaping for Opening Drop", "description": "Australia\u2019s S&amp;P/ASX 200 looks set to drop at the open after U.S. equities extended their August losses.", "link": "https://www.wsj.com/articles/australia-shares-shaping-for-opening-drop-f76ab5f4", "date_published": "2023-08-17T23:42:00+00:00", "persistent": false, "dead": false, "artist": null, "album": null, "user": null, "language": "en-US", "thumbnail": null}, {"source": "https://feeds.a.dj.com/rss/RSSWorldNews.xml", "title": "Hurricane Hilary Intensifies, With Heavy Rains Expected to Hit Southern California", "description": "Hilary, which became a Category 2 storm Thursday, is forecast to peak as a major hurricane near Mexico\u2019s Baja Peninsula on Saturday.", "link": "https://www.wsj.com/articles/hurricane-hilary-intensifies-with-heavy-rains-expected-to-hit-southern-california-4853b747", "date_published": "2023-08-17T23:36:00+00:00", "persistent": false, "dead": false, "artist": null, "album": null, "user": null, "language": "en-US", "thumbnail": null}, {"source": "https://feeds.a.dj.com/rss/RSSWorldNews.xml", "title": "Colombian Prosecutors to Charge 60 People With Graft Tied to Odebrecht", "description": "The allegations against former Colombian officials and Brazilian executives are latest fallout from a sprawling Latin American bribery scandal.", "link": "https://www.wsj.com/articles/colombian-prosecutors-to-charge-60-people-with-graft-tied-to-odebrecht-building-scandal-54cf4909", "date_published": "2023-08-17T23:15:00+00:00", "persistent": false, "dead": false, "artist": null, "album": null, "user": null, "language": "en-US", "thumbnail": null}, {"source": "https://feeds.a.dj.com/rss/RSSWorldNews.xml", "title": "China Evergrande Seeks U.S. Court Approval for $19 Billion Debt Restructuring", "description": "The company clinched a restructuring deal with a group of its foreign bondholders this spring and is seeking court approval for a global deal.", "link": "https://www.wsj.com/articles/china-evergrande-seeks-u-s-court-approval-for-19-billion-debt-restructuring-8689262e", "date_published": "2023-08-17T22:53:00+00:00", "persistent": false, "dead": false, "artist": null, "album": null, "user": null, "language": "en-US", "thumbnail": null}, {"source": "https://feeds.a.dj.com/rss/RSSWorldNews.xml", "title": "Culling the Republican Presidential Herd", "description": "The only way to give Donald Trump a real challenge is to consolidate the field early.", "link": "https://www.wsj.com/articles/donald-trump-republican-presidential-debate-gop-primary-2024-ron-desantis-tim-scott-chris-christie-nikki-haley-a146883f", "date_published": "2023-08-17T22:49:00+00:00", "persistent": false, "dead": false, "artist": null, "album": null, "user": null, "language": "en-US", "thumbnail": null}, {"source": "https://feeds.a.dj.com/rss/RSSWorldNews.xml", "title": "The State Covid Medicaid Scam", "description": "The Biden Administration quietly admits that the scare over lost post-pandemic insurance coverage was phony.", "link": "https://www.wsj.com/articles/biden-administration-health-and-human-services-medicaid-insurance-coverage-pandemic-emergency-f1d170b8", "date_published": "2023-08-17T22:47:00+00:00", "persistent": false, "dead": false, "artist": null, "album": null, "user": null, "language": "en-US", "thumbnail": null}, {"source": "https://feeds.a.dj.com/rss/RSSWorldNews.xml", "title": "A Transgender Victory for Parents in North Carolina", "description": "The Legislature overrides the Governor\u2019s veto of three bills protecting minors and parental consent.", "link": "https://www.wsj.com/articles/north-carolina-transgender-parental-consent-bill-veto-override-roy-cooper-a8970a1a", "date_published": "2023-08-17T22:45:00+00:00", "persistent": false, "dead": false, "artist": null, "album": null, "user": null, "language": "en-US", "thumbnail": null}, {"source": "https://feeds.a.dj.com/rss/RSSWorldNews.xml", "title": "Katherine Tai Wakes Up on GMO Corn Protectionism", "description": "The U.S. trade rep finally calls out Mexico for violating the USMCA trade deal.", "link": "https://www.wsj.com/articles/mexico-trade-protectionism-usmca-gmo-corn-amlo-katherine-tai-167ff02", "date_published": "2023-08-17T22:42:00+00:00", "persistent": false, "dead": false, "artist": null, "album": null, "user": null, "language": "en-US", "thumbnail": null}, {"source": "https://feeds.a.dj.com/rss/RSSWorldNews.xml", "title": "Foreign Aid Isn't Charity", "description": "Its purpose is to support the national interest, not to make Americans feel good about themselves.", "link": "https://www.wsj.com/articles/conservative-foreign-aid-deficit-budget-debt-corruption-terrorism-misuse-abortion-progressive-73ea8a27", "date_published": "2023-08-17T22:41:00+00:00", "persistent": false, "dead": false, "artist": null, "album": null, "user": null, "language": "en-US", "thumbnail": null}, {"source": "https://feeds.a.dj.com/rss/RSSWorldNews.xml", "title": "The EPA Defies the Supreme Court", "description": "The agency imposes a \u2018suite\u2019 of climate policies and doesn\u2019t even try to hide its own lawlessness.", "link": "https://www.wsj.com/articles/epa-environmental-protection-supreme-court-regulation-unconstitutional-climate-change-administrative-state-biden-42f31ce3", "date_published": "2023-08-17T22:41:00+00:00", "persistent": false, "dead": false, "artist": null, "album": null, "user": null, "language": "en-US", "thumbnail": null}, {"source": "https://feeds.a.dj.com/rss/RSSWorldNews.xml", "title": "J.D. Vance: Meet the New IRS, Same as the Old IRS", "description": "Even with $80 billion in new funding and 87,000 new agents, the agency is as dysfunctional as ever.", "link": "https://www.wsj.com/articles/irs-new-funding-covid-pandemic-federal-policy-law-ppp-werfel-erc-employee-retention-credit-3eef45b2", "date_published": "2023-08-17T22:40:00+00:00", "persistent": false, "dead": false, "artist": null, "album": null, "user": null, "language": "en-US", "thumbnail": null}, {"source": "https://feeds.a.dj.com/rss/RSSWorldNews.xml", "title": "Did the U.S. Really Oust Pakistan's Imran Khan?", "description": "It\u2019s an intriguing tale that likely plays well with the former prime miniter\u2019s supporters, but the evidence is laughably thin.", "link": "https://www.wsj.com/articles/did-the-u-s-really-oust-pakistans-imran-khan-prime-minister-asia-politics-coup-military-b04f617b", "date_published": "2023-08-17T22:36:00+00:00", "persistent": false, "dead": false, "artist": null, "album": null, "user": null, "language": "en-US", "thumbnail": null}, {"source": "https://feeds.a.dj.com/rss/RSSWorldNews.xml", "title": "'Never Enough' Review: How to Give Your Kid a Life", "description": "A childhood spent sprinting toward high grades, admission to elite schools and other rewards may, in the end, not be rewarding at all.", "link": "https://www.wsj.com/articles/never-enough-review-how-to-give-your-kid-a-life-f6cde35d", "date_published": "2023-08-17T22:33:00+00:00", "persistent": false, "dead": false, "artist": null, "album": null, "user": null, "language": "en-US", "thumbnail": null}, {"source": "https://feeds.a.dj.com/rss/RSSWorldNews.xml", "title": "Why Is Medicare Saving Paying for Teslas?", "description": "Climate change now takes priority over medical care in health policy.", "link": "https://www.wsj.com/articles/why-is-medicare-savings-paying-for-teslas-climate-change-health-care-inflation-reduction-act-1fa5de8c", "date_published": "2023-08-17T22:33:00+00:00", "persistent": false, "dead": false, "artist": null, "album": null, "user": null, "language": "en-US", "thumbnail": null}, {"source": "https://feeds.a.dj.com/rss/RSSWorldNews.xml", "title": "Notable & Quotable: The Trump Campaign and Ron Filipkowski", "description": "\u2018His tweets have sparked cable news segments and online battles with political operatives.\u2019", "link": "https://www.wsj.com/articles/notable-quotable-ron-filipkowski-gop-election-tweets-politics-social-media-2024-6529c149", "date_published": "2023-08-17T22:31:00+00:00", "persistent": false, "dead": false, "artist": null, "album": null, "user": null, "language": "en-US", "thumbnail": null}, {"source": "https://feeds.a.dj.com/rss/RSSWorldNews.xml", "title": "Brides Are Saying Yes to the Dresses---All of Them", "description": "A showstopping gown has long been the wedding standard. But the new norm for brides is three dresses, boutiques and stylists say.", "link": "https://www.wsj.com/articles/brides-are-saying-yes-to-the-dressesall-of-them-4c7f5108", "date_published": "2023-08-17T22:26:00+00:00", "persistent": false, "dead": false, "artist": null, "album": null, "user": null, "language": "en-US", "thumbnail": null}, {"source": "https://feeds.a.dj.com/rss/RSSWorldNews.xml", "title": "Brighthouse Financial Says Some Policyholders' Data Were Stolen", "description": "The data included Social Security numbers, birthdays and zip codes, the company said.", "link": "https://www.wsj.com/articles/brighthouse-financial-says-some-policyholders-data-were-stolen-cae9803c", "date_published": "2023-08-17T22:01:00+00:00", "persistent": false, "dead": false, "artist": null, "album": null, "user": null, "language": "en-US", "thumbnail": null}, {"source": "https://feeds.a.dj.com/rss/RSSWorldNews.xml", "title": "'The Adults' Review: Michael Cera in an Artful Family Drama", "description": "The actor plays an aloof man who returns to his hometown and begrudgingly reunites with his siblings in this film from Dustin Guy Defa.", "link": "https://www.wsj.com/articles/the-adults-review-michael-cera-in-an-artful-family-drama-525db62f", "date_published": "2023-08-17T21:50:00+00:00", "persistent": false, "dead": false, "artist": null, "album": null, "user": null, "language": "en-US", "thumbnail": null}, {"source": "https://feeds.a.dj.com/rss/RSSWorldNews.xml", "title": "'Uncle Vanya' Review: Chekhov by Candlelight", "description": "David Cromer and Marin Ireland star in this intimate New York production of the classic play.", "link": "https://www.wsj.com/articles/uncle-vanya-review-chekhov-by-candlelight-9a468a25", "date_published": "2023-08-17T21:47:00+00:00", "persistent": false, "dead": false, "artist": null, "album": null, "user": null, "language": "en-US", "thumbnail": null}, {"source": "https://feeds.a.dj.com/rss/RSSWorldNews.xml", "title": "'Leonard Bernstein's Kaddish Symphony' Review: Prayerful Music on PBS", "description": "Marin Alsop conducts the Chicago Symphony Orchestra in this moving performance, recorded last summer, of the composer\u2019s third symphony.", "link": "https://www.wsj.com/articles/leonard-bernsteins-kaddish-symphony-review-prayerful-music-on-pbs-670f8f84", "date_published": "2023-08-17T21:44:00+00:00", "persistent": false, "dead": false, "artist": null, "album": null, "user": null, "language": "en-US", "thumbnail": null}, {"source": "https://feeds.a.dj.com/rss/RSSWorldNews.xml", "title": "U.K. to Put Magnifying Glass on Crypto Transfers", "description": "The country\u2019s financial regulator laid out guidance for applying rules for traditional money transfers to those involving digital assets.", "link": "https://www.wsj.com/articles/u-k-to-put-magnifying-glass-on-crypto-transfers-f8bb8e7b", "date_published": "2023-08-17T21:33:00+00:00", "persistent": false, "dead": false, "artist": null, "album": null, "user": null, "language": "en-US", "thumbnail": null}, {"source": "https://feeds.a.dj.com/rss/RSSWorldNews.xml", "title": "'Strays' Review: Will Ferrell's Feral Comedy", "description": "The actor voices a border terrier who joins a canine crew\u2014featuring the voices of Jamie Foxx, Isla Fisher and Randall Park\u2014in a funny, foul-mouthed film.", "link": "https://www.wsj.com/articles/strays-review-will-ferrell-feral-comedy-jamie-foxx-319a45aa", "date_published": "2023-08-17T21:29:00+00:00", "persistent": false, "dead": false, "artist": null, "album": null, "user": null, "language": "en-US", "thumbnail": null}, {"source": "https://feeds.a.dj.com/rss/RSSWorldNews.xml", "title": "'Blue Beetle' Review: DC's Creepy-Crawly Crusader", "description": "The franchise brings another bug-inspired superhero to screen, in a film starring Xolo Maridue\u00f1a and Susan Sarandon.", "link": "https://www.wsj.com/articles/blue-beetle-review-dcs-creepy-crawly-crusader-e972561e", "date_published": "2023-08-17T21:28:00+00:00", "persistent": false, "dead": false, "artist": null, "album": null, "user": null, "language": "en-US", "thumbnail": null}, {"source": "https://feeds.a.dj.com/rss/RSSWorldNews.xml", "title": "'The Monkey King' Review: Netflix's Frenetic Animated Fable", "description": "A film fuses ancient folklore and nonstop action in its tale of a rural peasant girl and the chaos unleashed by a self-proclaimed king.", "link": "https://www.wsj.com/articles/the-monkey-king-review-netflixs-frenetic-animated-fable-5340b921", "date_published": "2023-08-17T21:21:00+00:00", "persistent": false, "dead": false, "artist": null, "album": null, "user": null, "language": "en-US", "thumbnail": null}, {"source": "https://feeds.a.dj.com/rss/RSSWorldNews.xml", "title": "ESG Roundup: Market Talk", "description": "Find insight on SNC-Lavalin, Vitesco Technologies, Meyer Burge and more in the latest Market Talks covering ESG Impact Investing.", "link": "https://www.wsj.com/articles/esg-roundup-market-talk-cc462e12", "date_published": "2023-08-17T21:14:00+00:00", "persistent": false, "dead": false, "artist": null, "album": null, "user": null, "language": "en-US", "thumbnail": null}, {"source": "https://feeds.a.dj.com/rss/RSSWorldNews.xml", "title": "Couple Who Sold Malibu Mansion to Beyonc\u00e9 and Jay-Z Pick Up Beverly Hills Pad for $20.1 Million", "description": "Bill and Maria Bell bought the John Elgin Woolf-designed home from Comcast CEO Brian Roberts and his wife, Aileen Roberts", "link": "https://www.wsj.com/articles/couple-who-sold-malibu-mansion-to-beyonce-and-jay-z-pick-up-beverly-hills-pad-for-20-1-million-7ec5a85e", "date_published": "2023-08-17T20:52:00+00:00", "persistent": false, "dead": false, "artist": null, "album": null, "user": null, "language": "en-US", "thumbnail": null}, {"source": "https://feeds.a.dj.com/rss/RSSWorldNews.xml", "title": "Treasury Yield Hits 15-Year High", "description": "S&amp;P 500 falls a third day, extending an August stock slide.", "link": "https://www.wsj.com/articles/global-stocks-markets-dow-news-08-17-2023-f51b72d9", "date_published": "2023-08-17T20:36:00+00:00", "persistent": false, "dead": false, "artist": null, "album": null, "user": null, "language": "en-US", "thumbnail": null}, {"source": "https://feeds.a.dj.com/rss/RSSWorldNews.xml", "title": "Bankrupt Trucker Yellow Taps Estes Express for $1.3 Billion Real-Estate Sale", "description": "The real-estate deal with Estes is likely enough to cover funds Yellow borrowed from government and private lenders before bankruptcy.", "link": "https://www.wsj.com/articles/bankrupt-trucker-yellow-taps-estes-express-for-1-3-billion-real-estate-sale-97d819f3", "date_published": "2023-08-17T20:35:00+00:00", "persistent": false, "dead": false, "artist": null, "album": null, "user": null, "language": "en-US", "thumbnail": null}, {"source": "https://feeds.a.dj.com/rss/RSSWorldNews.xml", "title": "'Racketeering': Illicit Schemes With a Noisy Backdrop", "description": "The term for the key new charge against Donald Trump may have originated with petty thieves who used loud disturbances to distract their victims", "link": "https://www.wsj.com/articles/racketeering-illicit-schemes-with-a-noisy-backdrop-6d5acc48", "date_published": "2023-08-17T20:14:00+00:00", "persistent": false, "dead": false, "artist": null, "album": null, "user": null, "language": "en-US", "thumbnail": null}, {"source": "https://feeds.a.dj.com/rss/RSSWorldNews.xml", "title": "Fox News Preps for First Republican Debate, With or Without Trump", "description": "The front-runner has hinted he won\u2019t attend the Aug. 23 event in Milwaukee, but moderators Martha MacCallum and Bret Baier are ready should he change his mind.", "link": "https://www.wsj.com/articles/fox-news-republican-gop-debate-donald-trump-9177b7dd", "date_published": "2023-08-17T20:10:00+00:00", "persistent": false, "dead": false, "artist": null, "album": null, "user": null, "language": "en-US", "thumbnail": null}, {"source": "https://feeds.a.dj.com/rss/RSSWorldNews.xml", "title": "Tie Game (Friday Crossword, August 18)", "description": "", "link": "https://www.wsj.com/articles/tie-game-friday-crossword-august-18-9ab41443", "date_published": "2023-08-17T20:01:00+00:00", "persistent": false, "dead": false, "artist": null, "album": null, "user": null, "language": "en-US", "thumbnail": null}, {"source": "https://feeds.a.dj.com/rss/RSSWorldNews.xml", "title": "Lahaina Worries About Real-Estate Speculators After Fire Destruction", "description": "Maui already faced a shortage of affordable housing.", "link": "https://www.wsj.com/articles/lahaina-worries-about-real-estate-speculators-after-fire-destruction-e8ab0f79", "date_published": "2023-08-17T19:36:00+00:00", "persistent": false, "dead": false, "artist": null, "album": null, "user": null, "language": "en-US", "thumbnail": null}, {"source": "https://feeds.a.dj.com/rss/RSSWorldNews.xml", "title": "Grill Your Dinner, Then Grill Your Dessert. 3 Recipes to Make Now.", "description": "Sweets deserve a turn on the grill grate, too, for sensational flavor and that striking stripey char. Top grill chefs share their tips and simple summer recipes.", "link": "https://www.wsj.com/articles/grill-your-dinner-then-grill-your-dessert-3-recipes-to-make-now-ff53aca0", "date_published": "2023-08-17T18:31:00+00:00", "persistent": false, "dead": false, "artist": null, "album": null, "user": null, "language": "en-US", "thumbnail": null}, {"source": "https://feeds.a.dj.com/rss/RSSWorldNews.xml", "title": "EV Startup Worth More Than GM, Ford Had Troubled U.S. Rollout", "description": "Vietnamese electric-car company VinFast has flip-flopped on strategy and recalled vehicles.", "link": "https://www.wsj.com/articles/ev-startup-vinfast-worth-more-ford-gm-troubled-us-rollout-72629e2d", "date_published": "2023-08-17T18:24:00+00:00", "persistent": false, "dead": false, "artist": null, "album": null, "user": null, "language": "en-US", "thumbnail": null}, {"source": "https://feeds.a.dj.com/rss/RSSWorldNews.xml", "title": "A Rare Look Into the Finances of Musk's Secretive SpaceX", "description": "Rocket company and satellite operator narrowed its loss to $559 million in 2022. Costs increased, but revenues rose faster.", "link": "https://www.wsj.com/articles/behind-the-curtain-of-elon-musks-secretive-spacex-revenue-growth-and-rising-costs-2c828e2b", "date_published": "2023-08-17T18:05:00+00:00", "persistent": false, "dead": false, "artist": null, "album": null, "user": null, "language": "en-US", "thumbnail": null}, {"source": "https://feeds.a.dj.com/rss/RSSWorldNews.xml", "title": "How to Pack an Entire, Comfortable Campsite Into a Backpack", "description": "Ten lightweight, compressible and collapsible essentials for your next outdoor adventure", "link": "https://www.wsj.com/articles/how-to-pack-an-entire-comfortable-campsite-into-a-backpack-eb559d2b", "date_published": "2023-08-17T18:00:00+00:00", "persistent": false, "dead": false, "artist": null, "album": null, "user": null, "language": "en-US", "thumbnail": null}, {"source": "https://feeds.a.dj.com/rss/RSSWorldNews.xml", "title": "What the Bible Says About Reparations for Slavery", "description": "The fathers\u2019 iniquities are visited on the children, but only for\u00a0a limited time.", "link": "https://www.wsj.com/articles/bible-reparations-fairness-equality-equity-anti-racism-slavery-california-american-history-c5510c47", "date_published": "2023-08-17T17:41:00+00:00", "persistent": false, "dead": false, "artist": null, "album": null, "user": null, "language": "en-US", "thumbnail": null}, {"source": "https://feeds.a.dj.com/rss/RSSWorldNews.xml", "title": "Is Joe Biden Electable?", "description": "Democrats bet it all on a weak horse in the 2024 presidential race, sure that his opponent is even weaker.", "link": "https://www.wsj.com/articles/is-joe-biden-electable-democrats-election-2024-president-campaign-candidate-gop-indictment-trump-31e02e62", "date_published": "2023-08-17T17:40:00+00:00", "persistent": false, "dead": false, "artist": null, "album": null, "user": null, "language": "en-US", "thumbnail": null}, {"source": "https://feeds.a.dj.com/rss/RSSWorldNews.xml", "title": "2024 Ford Mustang Dark Horse: An Audacious Display of Power", "description": "With the Chevy Camaro and Dodge Challenger slated to end production, Ford Mustang has emerged the winner of the pony-car wars. And the motorsport-tuned, V8-powered Dark Horse, writes Dan Neil, is Mustang\u2019s attempt to future-proof the brand.", "link": "https://www.wsj.com/articles/2024-ford-mustang-dark-horse-review-an-audacious-display-of-power-2b8ff89e", "date_published": "2023-08-17T17:30:00+00:00", "persistent": false, "dead": false, "artist": null, "album": null, "user": null, "language": "en-US", "thumbnail": null}, {"source": "https://feeds.a.dj.com/rss/RSSWorldNews.xml", "title": "Russia, U.S. Have Effective Prisoner-Swap Channel, Russian Ambassador Says", "description": "Moscow\u2019s ambassador to the U.S. was asked about Russia\u2019s appetite for prisoner exchanges after The Wall Street Journal reported that Russia has shown scant interest in prisoner swaps for dozens of its citizens in U.S. prisons.", "link": "https://www.wsj.com/articles/russia-u-s-have-effective-prisoner-swap-channel-russian-ambassador-says-102d380d", "date_published": "2023-08-17T17:04:00+00:00", "persistent": false, "dead": false, "artist": null, "album": null, "user": null, "language": "en-US", "thumbnail": null}, {"source": "https://feeds.a.dj.com/rss/RSSWorldNews.xml", "title": "Match Group and Background-Checking Nonprofit End Safety Partnership", "description": "After a news report that sex offenders were using its dating apps, the company funded a nonprofit tool meant to protect users. Now that tool is shutting down.", "link": "https://www.wsj.com/articles/tinder-match-group-background-checks-nonprofit-end-46779f8b", "date_published": "2023-08-17T16:42:00+00:00", "persistent": false, "dead": false, "artist": null, "album": null, "user": null, "language": "en-US", "thumbnail": null}, {"source": "https://feeds.a.dj.com/rss/RSSWorldNews.xml", "title": "'Barbie' Rolls Out in Saudi Arabia, but Gets Banned in Other Muslim Countries", "description": "Censor boards and authorities in Kuwait, Lebanon and Algeria say the movie contains objectionable content, but not all conservative Muslim countries are pushing back.", "link": "https://www.wsj.com/articles/barbie-rolls-out-in-saudi-arabia-with-pink-abayas-slushies-and-eclairs-but-gets-banned-in-other-muslim-countries-8b8a7621", "date_published": "2023-08-17T16:23:00+00:00", "persistent": false, "dead": false, "artist": null, "album": null, "user": null, "language": "en-US", "thumbnail": null}, {"source": "https://feeds.a.dj.com/rss/RSSWorldNews.xml", "title": "Higher Interest Rates and Sluggish Economy Fuel European Bankruptcies", "description": "EU insolvencies surge to the highest level since 2015, nudged by the end of pandemic-era aid.", "link": "https://www.wsj.com/articles/higher-interest-rates-and-sluggish-economy-fuel-european-bankruptcies-8ae2e14f", "date_published": "2023-08-17T16:19:00+00:00", "persistent": false, "dead": false, "artist": null, "album": null, "user": null, "language": "en-US", "thumbnail": null}, {"source": "https://feeds.a.dj.com/rss/RSSWorldNews.xml", "title": "Texas Woman Charged Over Death Threat to Trump Judge", "description": "Tanya Chutkan is the federal judge assigned to Trump\u2019s election subversion case.", "link": "https://www.wsj.com/articles/texas-woman-charged-over-death-threat-to-judge-in-trump-federal-criminal-case-219f8ee1", "date_published": "2023-08-17T16:18:00+00:00", "persistent": false, "dead": false, "artist": null, "album": null, "user": null, "language": "en-US", "thumbnail": null}, {"source": "https://feeds.a.dj.com/rss/RSSWorldNews.xml", "title": "The Story Told by Ripples in the Sand", "description": "Somehow, orderly patterns emerge from the chaos of ocean waves", "link": "https://www.wsj.com/articles/the-story-told-by-ripples-in-the-sand-750dcc4b", "date_published": "2023-08-17T16:06:00+00:00", "persistent": false, "dead": false, "artist": null, "album": null, "user": null, "language": "en-US", "thumbnail": null}, {"source": "https://feeds.a.dj.com/rss/RSSWorldNews.xml", "title": "Mortgage Rates Hit 7.09%, Highest in More Than 20 Years", "description": "Interest rates have hit housing hard: Would-be buyers are locked out, and would-be sellers are staying put.", "link": "https://www.wsj.com/articles/mortgage-rates-2023-us-higher-seven-percent-c92d684a", "date_published": "2023-08-17T16:00:00+00:00", "persistent": false, "dead": false, "artist": null, "album": null, "user": null, "language": "en-US", "thumbnail": null}, {"source": "https://feeds.a.dj.com/rss/RSSWorldNews.xml", "title": "Canadian Wildfires Force Evacuation of Far North", "description": "Fires burn 10 miles west of Yellowknife, the capital of the Northwest Territories, as officials warn they could reach the city this weekend.", "link": "https://www.wsj.com/articles/canadian-wildfires-force-evacuation-of-far-north-ed0af025", "date_published": "2023-08-17T15:42:00+00:00", "persistent": false, "dead": false, "artist": null, "album": null, "user": null, "language": "en-US", "thumbnail": null}, {"source": "https://feeds.a.dj.com/rss/RSSWorldNews.xml", "title": "America's Obsession With Weight-Loss Drugs Is Affecting the Economy of Denmark", "description": "Huge sales of Ozempic and Wegovy have driven up Novo Nordisk\u2019s sales and market cap, leading to lower interest rates in its home country.", "link": "https://www.wsj.com/articles/americas-obsession-with-weight-loss-drugs-is-affecting-the-economy-of-denmark-22797e5c", "date_published": "2023-08-17T15:36:00+00:00", "persistent": false, "dead": false, "artist": null, "album": null, "user": null, "language": "en-US", "thumbnail": null}, {"source": "https://feeds.a.dj.com/rss/RSSWorldNews.xml", "title": "Third-Party Cyber Risk Management Primer: Aug 2023 Update", "description": "This primer aims to help cybersecurity and risk professionals take their third-party cyber risk management program to the next level and reduce risk.", "link": "https://www.wsj.com/articles/third-party-cyber-risk-management-primer-aug-2023-update-797c7377", "date_published": "2023-08-17T15:35:00+00:00", "persistent": false, "dead": false, "artist": null, "album": null, "user": null, "language": "en-US", "thumbnail": null}, {"source": "https://feeds.a.dj.com/rss/RSSWorldNews.xml", "title": "Bestselling Books Week Ended August 12", "description": "With data from Circana BookScan", "link": "https://www.wsj.com/articles/bestselling-books-week-ended-august-12-136e354", "date_published": "2023-08-17T15:30:00+00:00", "persistent": false, "dead": false, "artist": null, "album": null, "user": null, "language": "en-US", "thumbnail": null}, {"source": "https://feeds.a.dj.com/rss/RSSWorldNews.xml", "title": "DEI Dies in the Desert", "description": "Arizona chooses academic freedom over ideological conformity.", "link": "https://www.wsj.com/articles/dei-dies-in-the-desert-84168eeb", "date_published": "2023-08-17T15:09:00+00:00", "persistent": false, "dead": false, "artist": null, "album": null, "user": null, "language": "en-US", "thumbnail": null}, {"source": "https://feeds.a.dj.com/rss/RSSWorldNews.xml", "title": "Congratulations on Your Consulting Job. Now Take a Gap Year.", "description": "Consulting firms are delaying start dates for college recruits as business slows, leaving many recent graduates scrambling for part-time work and other ways to spend their time.", "link": "https://www.wsj.com/articles/congratulations-on-your-consulting-job-now-take-a-gap-year-e724582b", "date_published": "2023-08-17T15:00:00+00:00", "persistent": false, "dead": false, "artist": null, "album": null, "user": null, "language": "en-US", "thumbnail": null}, {"source": "https://feeds.a.dj.com/rss/RSSWorldNews.xml", "title": "Supply-Chain Sustainability Benefits Investors, Study Finds", "description": "New search says companies that pay attention to the ESG practices of their suppliers tend to generate better stock-market returns over time.", "link": "https://www.wsj.com/articles/supply-chain-sustainability-investor-benefits-afc1a84d", "date_published": "2023-08-17T15:00:00+00:00", "persistent": false, "dead": false, "artist": null, "album": null, "user": null, "language": "en-US", "thumbnail": null}, {"source": "https://feeds.a.dj.com/rss/RSSWorldNews.xml", "title": "Companies Increasingly Fear Backlash Over Their AI Work", "description": "Until now businesses have assumed that leveraging cutting-edge technology was inherently a good thing. That\u2019s no longer the case.", "link": "https://www.wsj.com/articles/companies-increasingly-fear-backlash-over-their-ai-work-53aff47c", "date_published": "2023-08-17T14:54:00+00:00", "persistent": false, "dead": false, "artist": null, "album": null, "user": null, "language": "en-US", "thumbnail": null}, {"source": "https://feeds.a.dj.com/rss/RSSWorldNews.xml", "title": "Diane Sawyer Lists Longtime Martha's Vineyard Home for $24 Million", "description": "The veteran news anchor bought the prestigious estate known as Chip Chop with her late husband for $5.3 million in 1995.", "link": "https://www.wsj.com/articles/diane-sawyer-lists-marthas-vineyard-home-for-24-million-43171e58", "date_published": "2023-08-17T14:51:00+00:00", "persistent": false, "dead": false, "artist": null, "album": null, "user": null, "language": "en-US", "thumbnail": null}, {"source": "https://feeds.a.dj.com/rss/RSSWorldNews.xml", "title": "EU Is Set to Hit Winter Gas-Storage Targets Months Early", "description": "Despite the buildup, the bloc\u2019s energy security remains fragile after Russia cut supplies over the Ukraine war.", "link": "https://www.wsj.com/articles/eu-is-set-to-hit-winter-gas-storage-targets-months-early-311bda3a", "date_published": "2023-08-17T14:43:00+00:00", "persistent": false, "dead": false, "artist": null, "album": null, "user": null, "language": "en-US", "thumbnail": null}, {"source": "https://feeds.a.dj.com/rss/RSSWorldNews.xml", "title": "U.S. Leading Economic Index Declined Again in July", "description": "The Conference Board \u2018s Leading Economic Index fell 0.4% in July, marking the 16th straight month of declines and indicating a continued uncertain economic outlook.", "link": "https://www.wsj.com/articles/u-s-leading-economic-index-declined-again-in-july-833689b7", "date_published": "2023-08-17T14:35:00+00:00", "persistent": false, "dead": false, "artist": null, "album": null, "user": null, "language": "en-US", "thumbnail": null}, {"source": "https://feeds.a.dj.com/rss/RSSWorldNews.xml", "title": "Hawaiian Electric Knew of Threat, but Waited Years to Act", "description": "Four years ago, the utility said it needed to do more to prevent its power lines from emitting sparks. It made little progress, focusing on a shift to clean energy.", "link": "https://www.wsj.com/articles/hawaiian-electric-knew-of-threat-but-waited-years-to-act-5b0b3074", "date_published": "2023-08-17T14:28:00+00:00", "persistent": false, "dead": false, "artist": null, "album": null, "user": null, "language": "en-US", "thumbnail": null}, {"source": "https://feeds.a.dj.com/rss/RSSWorldNews.xml", "title": "The Rising, Rising Tuition at State Colleges", "description": "They can set the price they want, knowing that students can always take out loans from Uncle Sam.", "link": "https://www.wsj.com/articles/state-college-tuition-spending-ou-penn-state-936b529a", "date_published": "2023-08-17T14:22:00+00:00", "persistent": false, "dead": false, "artist": null, "album": null, "user": null, "language": "en-US", "thumbnail": null}, {"source": "https://feeds.a.dj.com/rss/RSSWorldNews.xml", "title": "The Real Horatio Alger and 'The Life of Julia'", "description": "Why is Alger remembered in America for espousing a message he never espoused?", "link": "https://www.wsj.com/articles/horatio-alger-life-of-julia-rags-to-riches-1e4f9eeb", "date_published": "2023-08-17T14:21:00+00:00", "persistent": false, "dead": false, "artist": null, "album": null, "user": null, "language": "en-US", "thumbnail": null}, {"source": "https://feeds.a.dj.com/rss/RSSWorldNews.xml", "title": "Energy Is a Political Good in America", "description": "It is \u2018systematically and persistently allocated on grounds other than economic efficiency.\u2019", "link": "https://www.wsj.com/articles/energy-politics-market-oil-green-8fd37b24", "date_published": "2023-08-17T14:19:00+00:00", "persistent": false, "dead": false, "artist": null, "album": null, "user": null, "language": "en-US", "thumbnail": null}, {"source": "https://feeds.a.dj.com/rss/RSSWorldNews.xml", "title": "The 'Fiercely Non-Partisan' Group Targeting the Court", "description": "Fix the Court works with hyperpartisan Democrats to smear justices.", "link": "https://www.wsj.com/articles/fix-the-court-arabella-advisors-dark-money-justices-ac5d7ff", "date_published": "2023-08-17T14:18:00+00:00", "persistent": false, "dead": false, "artist": null, "album": null, "user": null, "language": "en-US", "thumbnail": null}, {"source": "https://feeds.a.dj.com/rss/RSSWorldNews.xml", "title": "EV Startup VinFast Opens Lower, Following Big Debut", "description": "The Vietnamese company, which went public this week, is worth more on paper than Ford and GM.", "link": "https://www.wsj.com/articles/ev-startup-vinfast-opens-lower-following-big-debut-72629e2d", "date_published": "2023-08-17T14:16:00+00:00", "persistent": false, "dead": false, "artist": null, "album": null, "user": null, "language": "en-US", "thumbnail": null}, {"source": "https://feeds.a.dj.com/rss/RSSWorldNews.xml", "title": "Lost Amid the Covid Lockdowns", "description": "When cancer screenings are postponed, people suffer.", "link": "https://www.wsj.com/articles/covid-lockdown-cancer-screening-d2f73e1", "date_published": "2023-08-17T14:16:00+00:00", "persistent": false, "dead": false, "artist": null, "album": null, "user": null, "language": "en-US", "thumbnail": null}, {"source": "https://feeds.a.dj.com/rss/RSSWorldNews.xml", "title": "Our Tech Geniuses . . . Aren't", "description": "The Elon Musk-Mark Zuckerberg cage fight brings a Will Rogers line to mind.", "link": "https://www.wsj.com/articles/elon-musk-mark-zuckerberg-cage-fight-1d30fc71", "date_published": "2023-08-17T14:15:00+00:00", "persistent": false, "dead": false, "artist": null, "album": null, "user": null, "language": "en-US", "thumbnail": null}, {"source": "https://feeds.a.dj.com/rss/RSSWorldNews.xml", "title": "Houses of Worship Shouldn't Mirror the Class Divide", "description": "Well-educated and well-to-do Americans are more likely to attend religious services, but there are ways to make congregations more diverse and democratic.", "link": "https://www.wsj.com/articles/houses-of-worship-shouldnt-mirror-the-class-divide-39df0615", "date_published": "2023-08-17T14:04:00+00:00", "persistent": false, "dead": false, "artist": null, "album": null, "user": null, "language": "en-US", "thumbnail": null}, {"source": "https://feeds.a.dj.com/rss/RSSWorldNews.xml", "title": "Brazil Pins Hopes on Vaccine to Fight Crack Epidemic", "description": "The world\u2019s second-largest consumer of cocaine bets on a long-shot bid to develop a commercially viable vaccine to treat drug addiction.", "link": "https://www.wsj.com/articles/brazil-pins-hopes-on-vaccine-to-fight-crack-epidemic-e6f93b7f", "date_published": "2023-08-17T14:00:00+00:00", "persistent": false, "dead": false, "artist": null, "album": null, "user": null, "language": "en-US", "thumbnail": null}, {"source": "https://feeds.a.dj.com/rss/RSSWorldNews.xml", "title": "Number Puzzles (Saturday, August 19th)", "description": "", "link": "https://www.wsj.com/articles/number-puzzles-saturday-august-19th-ab217bdf", "date_published": "2023-08-17T14:00:00+00:00", "persistent": false, "dead": false, "artist": null, "album": null, "user": null, "language": "en-US", "thumbnail": null}, {"source": "https://feeds.a.dj.com/rss/RSSWorldNews.xml", "title": "Water Cannons and Lasers: South China Sea Standoff Around World War II-Era Ship Heats Up", "description": "To assert its claim to a reef, the Philippines ran BRP Sierra Madre aground 2\u00bd decades ago and keeps a few marines garrisoned there. China objects.", "link": "https://www.wsj.com/articles/water-cannons-and-lasers-south-china-sea-standoff-around-world-war-ii-era-ship-heats-up-6d24d8d0", "date_published": "2023-08-17T14:00:00+00:00", "persistent": false, "dead": false, "artist": null, "album": null, "user": null, "language": "en-US", "thumbnail": null}, {"source": "https://feeds.a.dj.com/rss/RSSWorldNews.xml", "title": "Why ESG Ratings Are All Over the Map", "description": "Requiring all companies to disclose a uniform set of ESG data would make it easier for investors to compare funds and companies.", "link": "https://www.wsj.com/articles/esg-ratings-f569f60e", "date_published": "2023-08-17T14:00:00+00:00", "persistent": false, "dead": false, "artist": null, "album": null, "user": null, "language": "en-US", "thumbnail": null}, {"source": "https://feeds.a.dj.com/rss/RSSWorldNews.xml", "title": "The Election Workers Caught in the Middle of Trump's 2020 Falsehoods", "description": "Ruby Freeman and Shaye Moss helped count votes in Georgia, opening them up to harassment.", "link": "https://www.wsj.com/articles/the-election-workers-caught-in-the-middle-of-trumps-2020-falsehoods-5c830f83", "date_published": "2023-08-17T13:38:00+00:00", "persistent": false, "dead": false, "artist": null, "album": null, "user": null, "language": "en-US", "thumbnail": null}, {"source": "https://feeds.a.dj.com/rss/RSSWorldNews.xml", "title": "Cargo Ship Defies Renewed Blockade to Sail Out of Ukraine's Odesa", "description": "A cargo ship became the first civilian vessel to safely travel from Odesa to the southern Black Sea, defying a Russian blockade of Ukraine\u2019s largest ports and setting a possible precedent for future shipments", "link": "https://www.wsj.com/articles/cargo-ship-defies-renewed-russian-blockade-to-sail-out-of-ukraines-odesa-1e3821a3", "date_published": "2023-08-17T13:24:00+00:00", "persistent": false, "dead": false, "artist": null, "album": null, "user": null, "language": "en-US", "thumbnail": null}, {"source": "https://feeds.a.dj.com/rss/RSSWorldNews.xml", "title": "Too Many Vacant Lots, Not Enough Housing: The U.S. Real-Estate Puzzle", "description": "In Chicago, Pittsburgh and Detroit neighborhoods where houses are surrounded by empty lots, authorities are starting to bulldoze obstacles to development.", "link": "https://www.wsj.com/articles/too-many-vacant-lots-not-enough-housing-the-u-s-real-estate-puzzle-8a17e2e1", "date_published": "2023-08-17T13:19:00+00:00", "persistent": false, "dead": false, "artist": null, "album": null, "user": null, "language": "en-US", "thumbnail": null}, {"source": "https://feeds.a.dj.com/rss/RSSWorldNews.xml", "title": "The Morning Risk Report", "description": "A former Allianz executive loses bid to toss fraud charges, and Elon Musk withheld Twitter data to \u2018cozy up\u2019 to Donald Trump, judge suggests. Also, Neogen says Iran sanctions probe concluded without a fine.", "link": "https://createsend.com/t/d-711B691D9D3913482540EF23F30FEDED", "date_published": "2023-08-17T13:17:00+00:00", "persistent": false, "dead": false, "artist": null, "album": null, "user": null, "language": "en-US", "thumbnail": null}, {"source": "https://feeds.a.dj.com/rss/RSSWorldNews.xml", "title": "Latin American Central Banks Take Lead in Cutting Rates as Inflation Cools", "description": "Recalling past hyperinflation, officials in the region raised rates before the Federal Reserve acted.", "link": "https://www.wsj.com/articles/latin-american-central-banks-take-lead-in-cutting-rates-as-inflation-cools-53c4815b", "date_published": "2023-08-17T13:00:00+00:00", "persistent": false, "dead": false, "artist": null, "album": null, "user": null, "language": "en-US", "thumbnail": null}, {"source": "https://feeds.a.dj.com/rss/RSSWorldNews.xml", "title": "More States Threaten to Hold Back Third-Graders Who Can't Read", "description": "In the race to fix a nationwide reading crisis that worsened during the pandemic, more states are using reading tests and laws requiring students to repeat third grade to improve literacy.", "link": "https://www.wsj.com/articles/more-states-threaten-to-hold-back-third-graders-who-cant-read-19f9765", "date_published": "2023-08-17T13:00:00+00:00", "persistent": false, "dead": false, "artist": null, "album": null, "user": null, "language": "en-US", "thumbnail": null}, {"source": "https://feeds.a.dj.com/rss/RSSWorldNews.xml", "title": "Trump Indicted. DeSantis Struggling. Is This Tim Scott's Moment?", "description": "The South Carolina senator\u2019s numbers have ticked up, with recent polling in Iowa putting him in third place behind Trump and DeSantis.", "link": "https://www.wsj.com/articles/tim-scott-trump-desantis-iowa-gop-2024-f5e9ab4b", "date_published": "2023-08-17T13:00:00+00:00", "persistent": false, "dead": false, "artist": null, "album": null, "user": null, "language": "en-US", "thumbnail": null}, {"source": "https://feeds.a.dj.com/rss/RSSWorldNews.xml", "title": "More Than 60 Feared Dead as Migrant Boat Is Found Adrift After More Than a Month", "description": "Migrant deaths surged this year as smugglers try increasingly dangerous routes to reach Europe.", "link": "https://www.wsj.com/articles/more-than-60-feared-dead-as-migrant-boat-is-found-adrift-after-more-than-a-month-9dea883", "date_published": "2023-08-17T12:40:00+00:00", "persistent": false, "dead": false, "artist": null, "album": null, "user": null, "language": "en-US", "thumbnail": null}, {"source": "https://feeds.a.dj.com/rss/RSSWorldNews.xml", "title": "Natural Gas Falls Ahead of Data", "description": "Natural gas prices were lower ahead of EIA storage data.", "link": "https://www.wsj.com/articles/natural-gas-prices-slip-further-ahead-of-eia-storage-data-2ce9fb0c", "date_published": "2023-08-17T12:37:00+00:00", "persistent": false, "dead": false, "artist": null, "album": null, "user": null, "language": "en-US", "thumbnail": null}, {"source": "https://feeds.a.dj.com/rss/RSSWorldNews.xml", "title": "Basic Materials Roundup: Market Talk", "description": "The latest Market Talks covering Basic Materials.", "link": "https://www.wsj.com/articles/basic-materials-roundup-market-talk-380872aa", "date_published": "2023-08-17T12:13:00+00:00", "persistent": false, "dead": false, "artist": null, "album": null, "user": null, "language": "en-US", "thumbnail": null}, {"source": "https://feeds.a.dj.com/rss/RSSWorldNews.xml", "title": "The England World Cup Coach Who Used to Be a Tar Heel", "description": "Sarina Wiegman spent her whole soccer career in the Netherlands before turning England into world-beaters\u2014except for one life-changing semester at the University of North Carolina.", "link": "https://www.wsj.com/articles/england-spain-womens-world-cup-sarina-wiegman-coach-north-carolina-ee539c7e", "date_published": "2023-08-17T12:11:00+00:00", "persistent": false, "dead": false, "artist": null, "album": null, "user": null, "language": "en-US", "thumbnail": null}, {"source": "https://feeds.a.dj.com/rss/RSSWorldNews.xml", "title": "Tesla Cuts Prices in China as Price-War Truce Fails", "description": "The EV maker looks to maximize sales volume even if it means lower profit margins, as it faces fierce competition from Chinese rivals.", "link": "https://www.wsj.com/articles/tesla-cuts-prices-in-china-as-price-war-truce-fails-60af6d4d", "date_published": "2023-08-17T12:10:00+00:00", "persistent": false, "dead": false, "artist": null, "album": null, "user": null, "language": "en-US", "thumbnail": null}, {"source": "https://feeds.a.dj.com/rss/RSSWorldNews.xml", "title": "Auto & Transport Roundup: Market Talk", "description": "The latest Market Talks covering the Auto and Transport sector.", "link": "https://www.wsj.com/articles/auto-transport-roundup-market-talk-7d3920be", "date_published": "2023-08-17T12:09:00+00:00", "persistent": false, "dead": false, "artist": null, "album": null, "user": null, "language": "en-US", "thumbnail": null}, {"source": "https://feeds.a.dj.com/rss/RSSWorldNews.xml", "title": "Energy & Utilities Roundup: Market Talk", "description": "The latest Market Talks covering Energy and Utilities.", "link": "https://www.wsj.com/articles/energy-utilities-roundup-market-talk-d939c1d0", "date_published": "2023-08-17T12:02:00+00:00", "persistent": false, "dead": false, "artist": null, "album": null, "user": null, "language": "en-US", "thumbnail": null}, {"source": "https://feeds.a.dj.com/rss/RSSWorldNews.xml", "title": "Child-Care Prices Are Rising at Nearly Twice the Overall Inflation Rate", "description": "Providers are boosting tuition as their costs rise and federal aid ends, straining some families\u2019 finances.", "link": "https://www.wsj.com/articles/child-care-prices-are-rising-at-nearly-twice-the-overall-inflation-rate-2c279c61", "date_published": "2023-08-17T12:00:00+00:00", "persistent": false, "dead": false, "artist": null, "album": null, "user": null, "language": "en-US", "thumbnail": null}, {"source": "https://feeds.a.dj.com/rss/RSSWorldNews.xml", "title": "Microsoft Struggles to Gain on Google Despite Its Head Start in AI Search", "description": "The new Bing with an AI chatbot is called \u201ccute, but not a game changer.\u201d", "link": "https://www.wsj.com/articles/microsoft-bing-search-artificial-intelligence-google-competition-6e51ec04", "date_published": "2023-08-17T12:00:00+00:00", "persistent": false, "dead": false, "artist": null, "album": null, "user": null, "language": "en-US", "thumbnail": null}, {"source": "https://feeds.a.dj.com/rss/RSSWorldNews.xml", "title": "Tech, Media & Telecom Roundup: Market Talk", "description": "Telstra, Chegg and more in the latest Market Talks covering Technology, Media and Telecom.", "link": "https://www.wsj.com/articles/tech-media-telecom-roundup-market-talk-bda4a4c", "date_published": "2023-08-17T11:58:00+00:00", "persistent": false, "dead": false, "artist": null, "album": null, "user": null, "language": "en-US", "thumbnail": null}, {"source": "https://feeds.a.dj.com/rss/RSSWorldNews.xml", "title": "Financial Services Roundup: Market Talk", "description": "NIB, ASX and more in the latest Market Talks covering Financial Services.", "link": "https://www.wsj.com/articles/financial-services-roundup-market-talk-1c1af33f", "date_published": "2023-08-17T11:54:00+00:00", "persistent": false, "dead": false, "artist": null, "album": null, "user": null, "language": "en-US", "thumbnail": null}, {"source": "https://feeds.a.dj.com/rss/RSSWorldNews.xml", "title": "Today's Logistics Report: Hiking Shipping Rates; Battery-Driven Africa Investment; Power-Hungry AI", "description": "", "link": "https://createsend.com/t/d-6A0225DE9ED5C61E2540EF23F30FEDED", "date_published": "2023-08-17T11:48:00+00:00", "persistent": false, "dead": false, "artist": null, "album": null, "user": null, "language": "en-US", "thumbnail": null}, {"source": "https://feeds.a.dj.com/rss/RSSWorldNews.xml", "title": "Walmart's Sales and Profits Rise, Fueled by Consumers Looking for Deals", "description": "The country\u2019s largest retailer by revenue lifted its outlook amid its strong first-half performance.", "link": "https://www.wsj.com/articles/walmart-wmt-q2-earnings-report-2024-1aa8e9f", "date_published": "2023-08-17T11:48:00+00:00", "persistent": false, "dead": false, "artist": null, "album": null, "user": null, "language": "en-US", "thumbnail": null}, {"source": "https://feeds.a.dj.com/rss/RSSWorldNews.xml", "title": "The Curious Case of Mark Meadows, Told Through Two Indictments", "description": "Meadows is seeking to move the charges in Georgia to federal court claiming he was working in his official capacity.", "link": "https://www.wsj.com/articles/the-curious-case-of-mark-meadows-told-through-two-indictments-d50ed19", "date_published": "2023-08-17T11:39:00+00:00", "persistent": false, "dead": false, "artist": null, "album": null, "user": null, "language": "en-US", "thumbnail": null}, {"source": "https://feeds.a.dj.com/rss/RSSWorldNews.xml", "title": "China's Central Bank Pledges More Support as Domestic Demand Weakens, Risks Elevate", "description": "The PBOC said it would step up support for the economy as domestic demand weakened, businesses struggled and risks in key areas increased.", "link": "https://www.wsj.com/articles/chinas-central-bank-pledges-more-support-as-domestic-demand-weakens-risks-elevate-6e74e57f", "date_published": "2023-08-17T11:23:00+00:00", "persistent": false, "dead": false, "artist": null, "album": null, "user": null, "language": "en-US", "thumbnail": null}, {"source": "https://feeds.a.dj.com/rss/RSSWorldNews.xml", "title": "A Big Health Insurer Is Ripping Up the Playbook on Drug Pricing", "description": "Blue Shield of California says it aims to save millions on drug costs as it drops CVS Caremark as a pharmacy-benefit manager.", "link": "https://www.wsj.com/articles/a-big-health-insurer-is-ripping-up-the-playbook-on-drug-pricing-ec152227", "date_published": "2023-08-17T11:00:00+00:00", "persistent": false, "dead": false, "artist": null, "album": null, "user": null, "language": "en-US", "thumbnail": null}, {"source": "https://feeds.a.dj.com/rss/RSSWorldNews.xml", "title": "New Treatment for Bladder Cancer Offers This Biotech a Second Chance", "description": "UroGen hopes to have success with a new treatment after its first drug was a commercial flop.", "link": "https://www.wsj.com/articles/new-treatment-for-bladder-cancer-offers-this-biotech-a-second-chance-b11a9368", "date_published": "2023-08-17T11:00:00+00:00", "persistent": false, "dead": false, "artist": null, "album": null, "user": null, "language": "en-US", "thumbnail": null}, {"source": "https://feeds.a.dj.com/rss/RSSWorldNews.xml", "title": "This Tomato Sauce Is Delicious. It's Also Worth Billions of Dollars.", "description": "Campbell Soup is splurging for the company behind Rao\u2019s. What is the brand\u2019s secret sauce?", "link": "https://www.wsj.com/articles/raos-sauce-campbells-soup-84a68dde", "date_published": "2023-08-17T11:00:00+00:00", "persistent": false, "dead": false, "artist": null, "album": null, "user": null, "language": "en-US", "thumbnail": null}, {"source": "https://feeds.a.dj.com/rss/RSSWorldNews.xml", "title": "Bilibili Books Net Loss, Cuts Revenue Forecast", "description": "Chinese video-sharing company Bilibili booked a wider-than-expected net loss in the second quarter and cut its revenue forecast for 2023 due partly to weaker game revenue.", "link": "https://www.wsj.com/articles/bilibili-books-second-quarter-net-loss-cuts-revenue-forecast-for-2023-1ab55d11", "date_published": "2023-08-17T10:51:00+00:00", "persistent": false, "dead": false, "artist": null, "album": null, "user": null, "language": "en-US", "thumbnail": null}, {"source": "https://feeds.a.dj.com/rss/RSSWorldNews.xml", "title": "Israel Sells Missiles to Germany as Ukraine War Fuels Demand for Weapons", "description": "The deal highlights how the Ukraine war has created demand for weapons in Europe and fueled a boom for the Israeli arms industry.", "link": "https://www.wsj.com/articles/israel-sells-missiles-to-germany-as-ukraine-war-fuels-demand-for-weapons-b32b685d", "date_published": "2023-08-17T10:49:00+00:00", "persistent": false, "dead": false, "artist": null, "album": null, "user": null, "language": "en-US", "thumbnail": null}, {"source": "https://feeds.a.dj.com/rss/RSSWorldNews.xml", "title": "KKR Taps Clean Energy Experts to Mine Climate Investment's Middle Ground", "description": "The asset manager\u2019s new climate-investment strategy has a different risk-return profile than that of traditional infrastructure assets, the firm said.", "link": "https://www.wsj.com/articles/kkr-taps-clean-energy-experts-to-mine-climate-investments-middle-ground-6a4f54df", "date_published": "2023-08-17T10:30:00+00:00", "persistent": false, "dead": false, "artist": null, "album": null, "user": null, "language": "en-US", "thumbnail": null}, {"source": "https://feeds.a.dj.com/rss/RSSWorldNews.xml", "title": "Fernando Valenzuela Is Forever", "description": "A chat with the Los Angeles Dodgers legend about \u201cFernandomania,\u201d that brilliant 1981 season, and finally getting his number retired.", "link": "https://www.wsj.com/articles/fernando-valenzuela-los-angeles-dodgers-27487c41", "date_published": "2023-08-17T10:00:00+00:00", "persistent": false, "dead": false, "artist": null, "album": null, "user": null, "language": "en-US", "thumbnail": null}, {"source": "https://feeds.a.dj.com/rss/RSSWorldNews.xml", "title": "Intel Shows Why Global Chip M&A Is Off the Table", "description": "China has limited options to strike back in silicon war\u2014but withholding deal approval is a big one.", "link": "https://www.wsj.com/articles/intel-shows-why-global-chip-m-a-is-off-the-table-175ccc5f", "date_published": "2023-08-17T10:00:00+00:00", "persistent": false, "dead": false, "artist": null, "album": null, "user": null, "language": "en-US", "thumbnail": null}, {"source": "https://feeds.a.dj.com/rss/RSSWorldNews.xml", "title": "Neurological Devices Attract Investors Despite Cautious Venture Market", "description": "Startups are advancing devices to treat Alzheimer\u2019s, pain, tinnitus and other conditions.", "link": "https://www.wsj.com/articles/neurological-devices-attract-investors-despite-cautious-venture-market-404e84f2", "date_published": "2023-08-17T10:00:00+00:00", "persistent": false, "dead": false, "artist": null, "album": null, "user": null, "language": "en-US", "thumbnail": null}, {"source": "https://feeds.a.dj.com/rss/RSSWorldNews.xml", "title": "U.S. Plans New Tariffs on Food-Can Metal From China, Germany and Canada", "description": "The levies, announced in response to dumping allegations, could raise prices for canned foods, an industry group says.", "link": "https://www.wsj.com/articles/u-s-plans-new-tariffs-on-food-can-metal-from-china-germany-and-canada-2939092a", "date_published": "2023-08-17T10:00:00+00:00", "persistent": false, "dead": false, "artist": null, "album": null, "user": null, "language": "en-US", "thumbnail": null}, {"source": "https://feeds.a.dj.com/rss/RSSWorldNews.xml", "title": "Treasury Yields Keep Pushing Higher", "description": "Treasury yields advanced in early trading, as prices fell. Stock futures were up slightly.", "link": "https://www.wsj.com/articles/treasury-yields-keep-pushing-higher-5a4243af", "date_published": "2023-08-17T09:58:00+00:00", "persistent": false, "dead": false, "artist": null, "album": null, "user": null, "language": "en-US", "thumbnail": null}, {"source": "https://feeds.a.dj.com/rss/RSSWorldNews.xml", "title": "This Gen-Z Lemonade Might Sour", "description": "Insurtech venture Lemonade has gained a foothold among young urban renters, but executives may be getting too financially creative in flattering the numbers of an unproven business model.", "link": "https://www.wsj.com/articles/this-gen-z-lemonade-might-sour-47b12bd5", "date_published": "2023-08-17T09:52:00+00:00", "persistent": false, "dead": false, "artist": null, "album": null, "user": null, "language": "en-US", "thumbnail": null}, {"source": "https://feeds.a.dj.com/rss/RSSWorldNews.xml", "title": "Is Reclining Your Airplane Seat Upright Behavior or Downright Rude?", "description": "Etiquette around tipping back has fliers on edge; \u2018You\u2019re not the chair-lean-back police\u2019", "link": "https://www.wsj.com/articles/airplane-seat-reclining-etiquette-c342157f", "date_published": "2023-08-17T09:30:00+00:00", "persistent": false, "dead": false, "artist": null, "album": null, "user": null, "language": "en-US", "thumbnail": null}, {"source": "https://feeds.a.dj.com/rss/RSSWorldNews.xml", "title": "Too Many Vacant Lots, Not Enough Housing: The U.S. Real-Estate Puzzle", "description": "In Chicago, Pittsburgh and Detroit neighborhoods where houses are surrounded by empty lots, authorities are starting to bulldoze obstacles to development.", "link": "https://www.wsj.com/articles/too-many-vacant-lots-not-enough-housing-the-u-s-real-estate-puzzle-2aa19733", "date_published": "2023-08-17T09:30:00+00:00", "persistent": false, "dead": false, "artist": null, "album": null, "user": null, "language": "en-US", "thumbnail": null}, {"source": "https://feeds.a.dj.com/rss/RSSWorldNews.xml", "title": "U.S. Auditing Watchdog Tries to Remake Itself, But It Isn't Easy", "description": "Chair Erica Williams has tried to set the troubled PCAOB on a new course. The ambitious shift has been marked by policy divisions and onerous work demands, but also a bounce in morale.", "link": "https://www.wsj.com/articles/u-s-auditing-watchdog-tries-to-remake-itself-but-it-isnt-easy-1f5911c8", "date_published": "2023-08-17T09:30:00+00:00", "persistent": false, "dead": false, "artist": null, "album": null, "user": null, "language": "en-US", "thumbnail": null}, {"source": "https://feeds.a.dj.com/rss/RSSWorldNews.xml", "title": "In China, Bidding Wars for Lithium Top Out at 1,300 Times the Starting Price", "description": "Chinese companies are rushing to develop domestic lithium mines to lessen reliance on overseas sources.", "link": "https://www.wsj.com/articles/in-china-bidding-wars-for-lithium-top-out-at-1-300-times-the-starting-price-5fc65393", "date_published": "2023-08-17T08:47:00+00:00", "persistent": false, "dead": false, "artist": null, "album": null, "user": null, "language": "en-US", "thumbnail": null}, {"source": "https://feeds.a.dj.com/rss/RSSWorldNews.xml", "title": "Norges Bank Tightens Policy Again", "description": "Norway\u2019s central bank lifted its key policy rate by 25 basis points to 4%, and said another increase is likely next month as inflation remains above target.", "link": "https://www.wsj.com/articles/norway-central-bank-lifts-key-rate-to-4-0-sees-further-hike-in-september-b9816da", "date_published": "2023-08-17T08:23:00+00:00", "persistent": false, "dead": false, "artist": null, "album": null, "user": null, "language": "en-US", "thumbnail": null}, {"source": "https://feeds.a.dj.com/rss/RSSWorldNews.xml", "title": "Philippines Central Bank Holds Rate Steady as Inflation Moderates", "description": "The Philippine central bank maintained its benchmark interest rate, as domestic inflation has moderated lately.", "link": "https://www.wsj.com/articles/philippines-central-bank-holds-rate-steady-as-inflation-moderates-be4e3419", "date_published": "2023-08-17T07:09:00+00:00", "persistent": false, "dead": false, "artist": null, "album": null, "user": null, "language": "en-US", "thumbnail": null}, {"source": "https://feeds.a.dj.com/rss/RSSWorldNews.xml", "title": "Plant-Based Plastics Gain Favor as Companies Pursue Sustainability Goals", "description": "Bioplastic production is growing at a record clip amid strong demand from fashion and food-packaging companies, in particular.", "link": "https://www.wsj.com/articles/plant-based-plastics-gain-favor-as-companies-pursue-sustainability-goals-b0ea7dd8", "date_published": "2023-08-17T07:00:00+00:00", "persistent": false, "dead": false, "artist": null, "album": null, "user": null, "language": "en-US", "thumbnail": null}, {"source": "https://feeds.a.dj.com/rss/RSSWorldNews.xml", "title": "Standard Bank Earnings Rise by More Than a Third", "description": "Standard Bank posted a 35% increase in headline earnings to ZAR21.2 billion in the first half, attributing the rise to growth in its three banking businesses.", "link": "https://www.wsj.com/articles/standard-bank-group-net-profit-rose-on-net-interest-income-growth-e339d9d8", "date_published": "2023-08-17T06:49:00+00:00", "persistent": false, "dead": false, "artist": null, "album": null, "user": null, "language": "en-US", "thumbnail": null}, {"source": "https://feeds.a.dj.com/rss/RSSWorldNews.xml", "title": "BAE Systems Targets Ball Unit in U.S. Expansion", "description": "BAE Systems has agreed to buy Ball\u2019s aerospace business for $5.6 billion in cash and targeted closing the deal in the first half of 2024.", "link": "https://www.wsj.com/articles/bae-systems-agrees-to-buy-balls-aerospace-unit-for-5-55-bln-13414dac", "date_published": "2023-08-17T06:48:00+00:00", "persistent": false, "dead": false, "artist": null, "album": null, "user": null, "language": "en-US", "thumbnail": null}, {"source": "https://feeds.a.dj.com/rss/RSSWorldNews.xml", "title": "Eurozone Bond Yields Rise as Investors Expect High Policy Rates for Long", "description": "Eurozone government bond yields were trading higher as investors bank on high-for-longer monetary policy rates in developed markets.", "link": "https://www.wsj.com/articles/eurozone-bond-yields-rise-as-investors-expect-high-policy-rates-for-long-a5a7ced", "date_published": "2023-08-17T06:33:00+00:00", "persistent": false, "dead": false, "artist": null, "album": null, "user": null, "language": "en-US", "thumbnail": null}, {"source": "https://feeds.a.dj.com/rss/RSSWorldNews.xml", "title": "ASX Has Solid IPO Pipeline, But Waiting for Right Market Conditions, CEO Says", "description": "Australia\u2019s primary securities exchange ASX said it has a pipeline of potential IPOs that it could activate under the right economic conditions.", "link": "https://www.wsj.com/articles/asx-has-solid-ipo-pipeline-but-waiting-for-right-market-conditions-ceo-says-3684c7b1", "date_published": "2023-08-17T06:11:00+00:00", "persistent": false, "dead": false, "artist": null, "album": null, "user": null, "language": "en-US", "thumbnail": null}, {"source": "https://feeds.a.dj.com/rss/RSSWorldNews.xml", "title": "Aegon Reports Improved Profits, Capital Generation", "description": "Aegon said its operating result rose to \u20ac818 million for the first half of 2023, with an above-forecast 13% rise in capital generation on business growth and improved claims.", "link": "https://www.wsj.com/articles/aegon-swings-to-net-loss-beats-view-on-operating-capital-generation-c61bebe8", "date_published": "2023-08-17T05:45:00+00:00", "persistent": false, "dead": false, "artist": null, "album": null, "user": null, "language": "en-US", "thumbnail": null}, {"source": "https://feeds.a.dj.com/rss/RSSWorldNews.xml", "title": "Gold Fields Profits Fall on Lower Output", "description": "Gold Fields reported a drop in earnings per share for the half year to 51 cents, in line with guidance it provided earlier this month, as lower volumes sold and higher operating costs were only partially offset by stronger prices.", "link": "https://www.wsj.com/articles/gold-fields-earnings-slipped-on-lower-gold-equivalent-productions-cfo-to-retire-a807ea3f", "date_published": "2023-08-17T05:36:00+00:00", "persistent": false, "dead": false, "artist": null, "album": null, "user": null, "language": "en-US", "thumbnail": null}, {"source": "https://feeds.a.dj.com/rss/RSSWorldNews.xml", "title": "Lenovo Group's First-Quarter Profit Declined 66%", "description": "Lenovo Group\u2019s net profit fell 66% in its first quarter, weighed by its business in intelligent devices and infrastructure solutions.", "link": "https://www.wsj.com/articles/lenovo-groups-first-quarter-profit-declined-66-972c8877", "date_published": "2023-08-17T04:39:00+00:00", "persistent": false, "dead": false, "artist": null, "album": null, "user": null, "language": "en-US", "thumbnail": null}, {"source": "https://feeds.a.dj.com/rss/RSSWorldNews.xml", "title": "Why There Hasn't Been a Recession --- Yet", "description": "A year ago a majority of economists expected a recession. So where\u2019d it go? WSJ explains the four main economic factors that have kept a recession at bay, at least so far.", "link": "https://www.wsj.com/articles/why-there-hasnt-been-a-recession-yet-92f9e421", "date_published": "2023-08-17T04:05:00+00:00", "persistent": false, "dead": false, "artist": null, "album": null, "user": null, "language": "en-US", "thumbnail": null}, {"source": "https://feeds.a.dj.com/rss/RSSWorldNews.xml", "title": "A cost-cutting drive by Google's parent, Alphabet, is intensifying for a group of its businesses including Verily Life Sciences.", "description": "A cost-cutting drive by Google\u2019s parent, Alphabet, is intensifying for a group of its businesses including Verily Life Sciences.", "link": "https://www.wsj.com/tech/alphabets-verily-plans-cost-cuts-amid-pressure-on-other-bets-to-rein-in-spending-fe7b3fa", "date_published": "2023-08-17T04:01:00+00:00", "persistent": false, "dead": false, "artist": null, "album": null, "user": null, "language": "en-US", "thumbnail": null}, {"source": "https://feeds.a.dj.com/rss/RSSWorldNews.xml", "title": "Stock Market Rally Makes More 401(k) Savers Millionaires", "description": "The average retirement saver with a seven-figure balance is 59 years old.", "link": "https://www.wsj.com/articles/stock-market-rally-makes-more-401-k-savers-millionaires-30040838", "date_published": "2023-08-17T04:01:00+00:00", "persistent": false, "dead": false, "artist": null, "album": null, "user": null, "language": "en-US", "thumbnail": null}, {"source": "https://feeds.a.dj.com/rss/RSSWorldNews.xml", "title": "Pepper...and Salt", "description": "Pepper...and Salt", "link": "https://www.wsj.com/articles/pepper-and-salt-a20a6dd9", "date_published": "2023-08-17T04:00:00+00:00", "persistent": false, "dead": false, "artist": null, "album": null, "user": null, "language": "en-US", "thumbnail": null}, {"source": "https://feeds.a.dj.com/rss/RSSWorldNews.xml", "title": "Alphabet's Verily Plans Cost Cuts Amid Pressure on Other Bets to Rein In Spending", "description": "Google\u2019s parent is focusing on turning companies that are developing ambitious technology into commercial successes.", "link": "https://www.wsj.com/articles/alphabets-verily-plans-cost-cuts-amid-pressure-on-other-bets-to-rein-in-spending-fe7b3fa", "date_published": "2023-08-17T03:26:00+00:00", "persistent": false, "dead": false, "artist": null, "album": null, "user": null, "language": "en-US", "thumbnail": null}, {"source": "https://feeds.a.dj.com/rss/RSSWorldNews.xml", "title": "What's News: Business & Finance", "description": "What\u2019s News: Business &amp; Finance", "link": "https://www.wsj.com/articles/whats-news-business-finance-f743c975", "date_published": "2023-08-17T03:21:51.412259+00:00", "persistent": false, "dead": false, "artist": null, "album": null, "user": null, "language": "en-US", "thumbnail": null}, {"source": "https://feeds.a.dj.com/rss/RSSWorldNews.xml", "title": "What's News: World-Wide", "description": "What\u2019s News: World-Wide", "link": "https://www.wsj.com/articles/whats-news-world-wide-77dab33c", "date_published": "2023-08-17T03:21:51.409788+00:00", "persistent": false, "dead": false, "artist": null, "album": null, "user": null, "language": "en-US", "thumbnail": null}, {"source": "https://feeds.a.dj.com/rss/RSSWorldNews.xml", "title": "Already Time to Hit the Brakes on VinFast", "description": "A wild debut for the Vietnamese electric-vehicle maker has put it ahead of most established automakers in terms of market value.", "link": "https://www.wsj.com/articles/already-time-to-hit-the-brakes-on-vinfast-265dc69f", "date_published": "2023-08-17T03:00:00+00:00", "persistent": false, "dead": false, "artist": null, "album": null, "user": null, "language": "en-US", "thumbnail": null}, {"source": "https://feeds.a.dj.com/rss/RSSWorldNews.xml", "title": "Microchips in the Parmigiano and Other Ways Europeans Are Fighting Fake Food", "description": "Parmesan producers are among those seeking ways to their protect billion-dollar markets.", "link": "https://www.wsj.com/articles/microchips-in-the-parmigiano-and-other-ways-europeans-are-fighting-fake-food-3c719f9c", "date_published": "2023-08-17T03:00:00+00:00", "persistent": false, "dead": false, "artist": null, "album": null, "user": null, "language": "en-US", "thumbnail": null}, {"source": "https://feeds.a.dj.com/rss/RSSWorldNews.xml", "title": "Russia's War-Torn Economy Hits Its Speed Limit", "description": "Economists see this week\u2019s currency gyrations not as the beginning of a financial crisis but rather as a symptom of the Kremlin\u2019s sclerotic economic prospects.", "link": "https://www.wsj.com/articles/russias-war-torn-economy-hits-its-speed-limit-3c807f26", "date_published": "2023-08-17T03:00:00+00:00", "persistent": false, "dead": false, "artist": null, "album": null, "user": null, "language": "en-US", "thumbnail": null}, {"source": "https://feeds.a.dj.com/rss/RSSWorldNews.xml", "title": "An appeals panel ruled that the FDA improperly expanded access to the abortion pill mifepristone over the past seven years but left in place the drug's original approval, teeing up the issue for review by the Supreme Court.", "description": "An appeals panel ruled that the FDA improperly expanded access to the abortion pill mifepristone over the past seven years but left in place the drug\u2019s original approval, teeing up the issue for review by the Supreme Court.", "link": "https://www.wsj.com/health/pharma/appeals-panel-rules-fda-improperly-expanded-access-to-abortion-pill-4ffbd3b8", "date_published": "2023-08-17T02:53:00+00:00", "persistent": false, "dead": false, "artist": null, "album": null, "user": null, "language": "en-US", "thumbnail": null}, {"source": "https://feeds.a.dj.com/rss/RSSWorldNews.xml", "title": "Fulton County District Attorney Fani Willis requested that Trump and 18 other defendants go to trial March 4, on charges they conspired to overturn the former president's 2020 election loss in Georgia.", "description": "Fulton County District Attorney Fani Willis requested that Trump and 18 other defendants go to trial March 4, on charges they conspired to overturn the former president\u2019s 2020 election loss in Georgia.", "link": "https://www.wsj.com/us-news/law/fani-willis-seeks-march-2024-trial-date-for-donald-trump-other-defendants-fab215d8", "date_published": "2023-08-17T02:53:00+00:00", "persistent": false, "dead": false, "artist": null, "album": null, "user": null, "language": "en-US", "thumbnail": null}, {"source": "https://feeds.a.dj.com/rss/RSSWorldNews.xml", "title": "Officials fear that many of the as-yet-unidentified victims of the Maui fires are children at home on the day of the disaster.", "description": "Officials fear that many of the as-yet-unidentified victims of the Maui fires are children at home on the day of the disaster.", "link": "https://www.wsj.com/us-news/maui-lahaina-hawaii-wildfire-76ecdbb7", "date_published": "2023-08-17T02:53:00+00:00", "persistent": false, "dead": false, "artist": null, "album": null, "user": null, "language": "en-US", "thumbnail": null}, {"source": "https://feeds.a.dj.com/rss/RSSWorldNews.xml", "title": "Most Fed officials backed an increase in interest rates last month but some saw rising risks that they might raise rates too high, underscoring growing caution about further increases, minutes show.", "description": "Most Fed officials backed an increase in interest rates last month but some saw rising risks that they might raise rates too high, underscoring growing caution about further increases, minutes show.", "link": "https://www.wsj.com/economy/central-banking/some-fed-officials-are-turning-cautious-about-raising-rates-too-high-5b998ef6", "date_published": "2023-08-17T02:46:00+00:00", "persistent": false, "dead": false, "artist": null, "album": null, "user": null, "language": "en-US", "thumbnail": null}, {"source": "https://feeds.a.dj.com/rss/RSSWorldNews.xml", "title": "Stocks fell, with the S&P 500, Nasdaq and Dow industrials retreating 0.8%, 1.1% and 0.5%, respectively.", "description": "Stocks fell, with the S&amp;P 500, Nasdaq and Dow industrials retreating 0.8%, 1.1% and 0.5%, respectively.", "link": "https://www.wsj.com/finance/stocks/global-stocks-markets-dow-news-08-16-2023-1d2c088c", "date_published": "2023-08-17T02:46:00+00:00", "persistent": false, "dead": false, "artist": null, "album": null, "user": null, "language": "en-US", "thumbnail": null}, {"source": "https://feeds.a.dj.com/rss/RSSWorldNews.xml", "title": "The yield on the 10-year U.S. Treasury note hit a 15-year high, threatening steeper costs for many borrowers and raising concern on Wall Street about the potential fallout in the stock, bond and housing markets.", "description": "The yield on the 10-year U.S. Treasury note hit a 15-year high, threatening steeper costs for many borrowers and raising concern on Wall Street about the potential fallout in the stock, bond and housing markets.", "link": "https://www.wsj.com/finance/investing/bond-yield-hits-highest-since-2008-adding-pressure-to-borrowing-costs-7fef63a6", "date_published": "2023-08-17T02:46:00+00:00", "persistent": false, "dead": false, "artist": null, "album": null, "user": null, "language": "en-US", "thumbnail": null}, {"source": "https://feeds.a.dj.com/rss/RSSWorldNews.xml", "title": "Vietnam's VinFast Auto became the latest electric-car startup to soar to an outsize valuation after completing a nontraditional stock offering that on paper put it ahead of GM and Ford.", "description": "Vietnam\u2019s VinFast Auto became the latest electric-car startup to soar to an outsize valuation after completing a nontraditional stock offering that on paper put it ahead of GM and Ford.", "link": "https://www.wsj.com/business/autos/ev-startup-vinfasts-stock-rally-pushes-value-higher-than-gm-ford-c9dac0e6", "date_published": "2023-08-17T02:46:00+00:00", "persistent": false, "dead": false, "artist": null, "album": null, "user": null, "language": "en-US", "thumbnail": null}, {"source": "https://feeds.a.dj.com/rss/RSSWorldNews.xml", "title": "China Demands U.S. Lift Steel, Aluminum Tariffs After WTO Ruling", "description": "China wants the U.S. to lift tariffs imposed on its steel and aluminum products after the World Trade Organization ruled in favor of Washington against Beijing in the nations\u2019 tariff dispute.", "link": "https://www.wsj.com/articles/china-demands-u-s-lift-steel-aluminum-tariffs-after-wto-ruling-a513bb01", "date_published": "2023-08-17T02:44:00+00:00", "persistent": false, "dead": false, "artist": null, "album": null, "user": null, "language": "en-US", "thumbnail": null}, {"source": "https://feeds.a.dj.com/rss/RSSWorldNews.xml", "title": "Rise in Australian Unemployment Strengthens Case for RBA to Sit Pat", "description": "Australia\u2019s unemployment rate rose sharply in July, adding to a growing list of data signals that suggest the peak in interest rates has been reached.", "link": "https://www.wsj.com/articles/rise-in-australian-unemployment-strengthens-case-for-rba-to-sit-pat-af84c7ff", "date_published": "2023-08-17T02:17:00+00:00", "persistent": false, "dead": false, "artist": null, "album": null, "user": null, "language": "en-US", "thumbnail": null}, {"source": "https://feeds.a.dj.com/rss/RSSWorldNews.xml", "title": "Most Asian Currencies Weaken Amid Higher Treasury Yields", "description": "Most Asian currencies weakened against USD in the morning regional session amid higher Treasury yields, which boost the allure of U.S. fixed-income assets and demand for the greenback.", "link": "https://www.wsj.com/articles/most-asian-currencies-weaken-amid-higher-treasury-yields-3b25c1b", "date_published": "2023-08-17T01:58:00+00:00", "persistent": false, "dead": false, "artist": null, "album": null, "user": null, "language": "en-US", "thumbnail": null}, {"source": "https://feeds.a.dj.com/rss/RSSWorldNews.xml", "title": "China Evergrande's Losses Sharply Narrowed in 2022", "description": "China Evergrande Group, the world\u2019s most indebted developer, narrowed its losses significantly in 2022 as it clawed its way back to the business of selling properties and reined in costs.", "link": "https://www.wsj.com/articles/china-evergrandes-losses-sharply-narrowed-in-2022-242409e0", "date_published": "2023-08-17T01:44:00+00:00", "persistent": false, "dead": false, "artist": null, "album": null, "user": null, "language": "en-US", "thumbnail": null}, {"source": "https://feeds.a.dj.com/rss/RSSWorldNews.xml", "title": "More &raquo;", "description": "Hawaiian Electric knew that wildfires were a rising threat. It still waited years to act.", "link": "https://www.wsj.com/articles/more-amp-raquo-1cc4339e", "date_published": "2023-08-17T01:04:00+00:00", "persistent": false, "dead": false, "artist": null, "album": null, "user": null, "language": "en-US", "thumbnail": null}, {"source": "https://feeds.a.dj.com/rss/RSSWorldNews.xml", "title": "Utility Knew Wildfires Were Threat, but Waited Years to Act", "description": "Four years ago, the utility said it needed to do more to prevent its power lines from emitting sparks. It made little progress, focusing on a shift to clean energy.", "link": "https://www.wsj.com/articles/utility-knew-wildfires-were-threat-but-waited-years-to-act-76a58269", "date_published": "2023-08-17T01:01:00+00:00", "persistent": false, "dead": false, "artist": null, "album": null, "user": null, "language": "en-US", "thumbnail": null}, {"source": "https://feeds.a.dj.com/rss/RSSWorldNews.xml", "title": "A Real-Estate Power Couple Faces a Major Test: Selling Their Own $38 Million Spec Mansion", "description": "Branden and Rayni Williams are no strangers to big property deals. But the brokers-turned-builders are facing challenges as they prepare to list Stanley 2, a James Bond-inspired mansion in the Hollywood Hills.", "link": "https://www.wsj.com/articles/branden-rayni-williams-hollywood-hills-spec-mansion-630f1f0f", "date_published": "2023-08-17T01:00:00+00:00", "persistent": false, "dead": false, "artist": null, "album": null, "user": null, "language": "en-US", "thumbnail": null}, {"source": "https://feeds.a.dj.com/rss/RSSWorldNews.xml", "title": "Their Baseball-Card and Barbie Collections Are Their Emergency Funds", "description": "Cash-strapped collectors are capitalizing on robust demand for collectibles.", "link": "https://www.wsj.com/articles/collectibles-market-investment-sales-money-29aacd43", "date_published": "2023-08-17T01:00:00+00:00", "persistent": false, "dead": false, "artist": null, "album": null, "user": null, "language": "en-US", "thumbnail": null}, {"source": "https://feeds.a.dj.com/rss/RSSWorldNews.xml", "title": "Oil Futures Fall Amid USD Strength", "description": "Oil futures fell in the early morning Asian session amid dollar strength, which makes USD-denominated oil more expensive for holders of other currencies.", "link": "https://www.wsj.com/articles/oil-futures-fall-amid-usd-strength-c1fcaaed", "date_published": "2023-08-17T00:57:00+00:00", "persistent": false, "dead": false, "artist": null, "album": null, "user": null, "language": "en-US", "thumbnail": null}, {"source": "https://feeds.a.dj.com/rss/RSSWorldNews.xml", "title": "Gold Steady; May Stage Technical Rebound", "description": "Gold was steady in the early morning Asian session, and may be supported by a potential technical rebound after prices fell for an eight straight session on Wednesday,", "link": "https://www.wsj.com/articles/gold-steady-may-stage-technical-rebound-2ff2cbc1", "date_published": "2023-08-17T00:44:00+00:00", "persistent": false, "dead": false, "artist": null, "album": null, "user": null, "language": "en-US", "thumbnail": null}, {"source": "https://feeds.a.dj.com/rss/RSSWorldNews.xml", "title": "Ortega Regime Seizes Catholic University in Nicaragua", "description": "The government took over the Jesuit university after a court labeled it a \u201ccenter of terrorism.\u201d", "link": "https://www.wsj.com/articles/ortega-regime-seizes-catholic-university-in-nicaragua-572d912c", "date_published": "2023-08-17T00:36:00+00:00", "persistent": false, "dead": false, "artist": null, "album": null, "user": null, "language": "en-US", "thumbnail": null}, {"source": "https://feeds.a.dj.com/rss/RSSWorldNews.xml", "title": "Japan Exports Decline for First Time in Over Two Years", "description": "Japan\u2019s exports fell in July for the first time in 29 months, data from the Ministry of Finance showed.", "link": "https://www.wsj.com/articles/japan-exports-decline-for-first-time-in-over-two-years-a7b2bd75", "date_published": "2023-08-17T00:34:00+00:00", "persistent": false, "dead": false, "artist": null, "album": null, "user": null, "language": "en-US", "thumbnail": null}, {"source": "https://feeds.a.dj.com/rss/RSSWorldNews.xml", "title": "Vlatko Andonovski Steps Down as U.S. Women's Soccer Coach", "description": "The move comes days after the No. 1-ranked U.S. lost in the World Cup Round of 16, its lowest-ever finish in a major tournament.", "link": "https://www.wsj.com/articles/vlatko-andonovski-us-womens-coach-world-cup-19600ab1", "date_published": "2023-08-17T00:25:00+00:00", "persistent": false, "dead": false, "artist": null, "album": null, "user": null, "language": "en-US", "thumbnail": null}, {"source": "https://feeds.a.dj.com/rss/RSSWorldNews.xml", "title": "Paramount Drops Plans to Sell BET Stake", "description": "The entertainment conglomerate concluded a sale wouldn\u2019t result in any meaningful deleveraging of its balance sheet.", "link": "https://www.wsj.com/articles/paramount-drops-plans-to-sell-bet-stake-5911a133", "date_published": "2023-08-17T00:18:00+00:00", "persistent": false, "dead": false, "artist": null, "album": null, "user": null, "language": "en-US", "thumbnail": null}]