[{"source": "https://theintercept.com/feed/?lang=en", "title": "In Trump\u2019s Georgia Indictment, a Tale of Two Election Workers", "description": "<p>Ruby Freeman resisted Trump, while Misty Hampton embraced him. </p>\n<p>The post <a href=\"https://theintercept.com/2023/08/17/trump-indictment-georgia-election/\" rel=\"nofollow\">In Trump\u2019s Georgia Indictment, a Tale of Two Election Workers</a> appeared first on <a href=\"https://theintercept.com\" rel=\"nofollow\">The Intercept</a>.</p>", "link": "https://theintercept.com/2023/08/17/trump-indictment-georgia-election/", "date_published": "2023-08-17T18:09:01+00:00", "persistent": false, "dead": false, "artist": null, "album": null, "user": null, "language": "en-US", "thumbnail": "https://theintercept.com/wp-content/uploads/2023/08/GettyImages-1246044387.jpg?w=440&h=440&crop=1"}]