[{"source": "https://www.youtube.com/feeds/videos.xml?channel_id=UCQSpnDG3YsFNf5-qHocF-WQ", "title": "Best Tech Deals: Amazon Prime Day 2023", "description": "Amazon Links (Affiliate):\n\u2022 30 Day Free Trial: https://amzn.to/43kU6NE\n\u2022 Students 6 Month Trial: https://amzn.to/43izWUp\n\n\u25bc Amazon Devices \u25bc\n\u2022 Amazon Echo Pop: https://amzn.to/46MXaFo\n\u2022 Echo Dot 5th Gen: https://amzn.to/3DsEywZ\n\u2022 Ring Video Doorbell Pro 2: https://amzn.to/3D5Bcjf\n\u2022 Kindle Paperwhite: https://amzn.to/3O9XYww\n\u2022 Kindle Signature: https://amzn.to/3D6O34y\n\u2022 Kindle Oasis: https://amzn.to/3ObsFld\n\u2022 Kindle Scribe: https://amzn.to/43gMoEl\n\n\u25bc Cool Tech Deals \u25bc\n\u2022 Elgato Stream Deck Mk2: https://amzn.to/44HEDrR\n\u2022 Stream Deck Plus: https://amzn.to/3XUzVoD\n\u2022 Samsung 990 Pro SSD 2TB: https://amzn.to/3NMIayu\n\u2022 Crucial P3 Plus SSD 4TB: https://amzn.to/3NMkSsv\n\u2022 Samsung T7 Portable SSD 4TB: https://amzn.to/3XOSkDf\n\u2022 Antlion Modmic Wireless Mic: https://amzn.to/44HaXuW\n\u2022 UGREEN 100W Charger: https://amzn.to/44GiMBf\n\u2022 TP-Link 8-Port 2.5 Gigabit Switch: https://amzn.to/3XQDtbE\n\u2022 TP-Link AXE5400 Mesh Router: https://amzn.to/3XMXbow\n\u2022 ScreenBeam MoCA 2.5 Adapters: https://amzn.to/44jcYxD\n\u2022 Philips Hue Kit with Hub and Dimmer:  https://amzn.to/3NNI35F\n\u2022 Philips Hue Kit With Hub: https://amzn.to/3DeiJRi\n\u2022 Philips Hue 60W Bulbs - 3 Pack: https://amzn.to/3JUO9QJ\n\u2022 Philips Hue Website: https://www.philips-hue.com/en-us\n\u2022 Logitech G502 X Wireless Mouse: https://amzn.to/44iaKi8\n\u2022 Logitech G502 Black Wired Mouse: https://amzn.to/46LKJtq\n\u2022 LEVOIT Air Purifier: https://amzn.to/3NLYOhx\n\u2022 Oral-B Geniux X Electric Toothbrush: https://amzn.to/44FsDqV\n\n\u25bc Higher Ticket Items \u25bc\n\u2022 Roborock S7 Max Ultra Robot Vacuum: https://amzn.to/3POu4iN\n\u2022 Samsung G85SB OLED Gaming Monitor: https://amzn.to/3rga0LO\n\u2022 LG \u200e27GR95QE-B OLED Gaming Monitor: https://amzn.to/3JSOV0D\n\u2022 Alienware AW3423DW OLED Gaming Monitor: https://amzn.to/3O9c8hv\n\n\u25bc Various Random Deals \u25bc\n\u2022 Energizer 32 AA Batteries: https://amzn.to/46HTfJP\n\u2022 Sandisk 512GB Extreme pro SD Card: https://amzn.to/44og1Vu\n\u2022 Knipex Pliers Set: https://amzn.to/43kJBdk\n\u2022 Dewalt Oscillating Tool Kit: https://amzn.to/3pL0gca\n\u2022 Bosch Laser Measure: https://amzn.to/3JSisYa\n\nNote: The links above are Amazon affiliate links, which means I'll probably get a small (usually ~1-2%) commission that helps support the channel if you decide to buy the item. The commission does not come out of your pocket, but rather from Amazon's.\n\n\u25bc Time Stamps: \u25bc\n0:00 - Intro & Info\n0:29 - Essential Tips\n1:11 - Onto the Deals\n1:22 - Amazon Devices\n2:33 - Cool Tech Deals\n6:49 - Higher Ticket Deals\n7:28 - Random Deals", "link": "https://www.youtube.com/watch?v=cfLC-yMV9n0", "date_published": "2023-07-11T22:13:24+00:00", "persistent": false, "dead": false, "artist": null, "album": null, "user": null, "language": "en-US", "thumbnail": "https://i4.ytimg.com/vi/cfLC-yMV9n0/hqdefault.jpg"}]