[{"source": "https://feeds.nbcnews.com/nbcnews/public/world", "title": "'Diplomatic dud': Critics say promise of future NATO membership for Ukraine falls short", "description": "Ukraine argues that it won\u2019t be safe from Russia's aggression until it\u2019s a member of NATO, an alliance whose bedrock commitment is the mutual defense of all its members.", "link": "https://www.nbcnews.com/politics/white-house/diplomatic-dud-critics-say-promise-future-nato-membership-ukraine-fall-rcna93749", "date_published": "2023-07-11T21:59:15+00:00", "persistent": false, "dead": false, "artist": null, "album": null, "user": null, "language": "en-US", "thumbnail": "https://media-cldnry.s-nbcnews.com/image/upload/rockcms/2023-07/230711-volodymyr-zelenskyy-joe-biden-jm-1711-963474.jpg"}, {"source": "https://feeds.nbcnews.com/nbcnews/public/world", "title": "A record 87 out LGBTQ athletes will compete in the Women's World Cup", "description": "The Women's World Cup will see at least 87 out LGBTQ athletes compete this year, including the United States' Megan Rapinoe and Brazil's Marta.", "link": "https://www.nbcnews.com/nbc-out/out-news/2023-womens-world-cup-record-87-lgbtq-athletes-will-compete-rcna93727", "date_published": "2023-07-11T21:37:52+00:00", "persistent": false, "dead": false, "artist": null, "album": null, "user": null, "language": "en-US", "thumbnail": "https://media-cldnry.s-nbcnews.com/image/upload/rockcms/2023-07/230711-megan-rapinoe-jm-1542-4429d2.jpg"}, {"source": "https://feeds.nbcnews.com/nbcnews/public/world", "title": "In Cuba, there's little change two years after historic protests", "description": "Two years after historic protests against Cuba's communist-run government rocked the island and led to mass arrests and prison sentences, there's little change.", "link": "https://www.nbcnews.com/news/latino/cuba-historic-protests-little-change-activists-push-rcna93650", "date_published": "2023-07-11T21:22:03+00:00", "persistent": false, "dead": false, "artist": null, "album": null, "user": null, "language": "en-US", "thumbnail": "https://media-cldnry.s-nbcnews.com/image/upload/rockcms/2022-07/220708-cuba-protest-anniversary-se-518p-c1164a.jpg"}, {"source": "https://feeds.nbcnews.com/nbcnews/public/world", "title": "\u2018Is that too much to ask?\u2019: Zelenskyy\u2019s membership plea ahead of NATO summit", "description": "Speaking to a crowd in Vilnius, Ukrainian President Volodymyr Zelenskyy urged NATO leaders to make \u201cthe decisions that we deserve, all of us, every soldier, every citizen, every mother, every child expects.\u201d", "link": "https://www.nbcnews.com/video/zelenskyy-pushes-for-ukraine-membership-ahead-of-vilnius-nato-summit-187612229667", "date_published": "2023-07-11T20:07:22+00:00", "persistent": false, "dead": false, "artist": null, "album": null, "user": null, "language": "en-US", "thumbnail": "https://media-cldnry.s-nbcnews.com/image/upload/mpx/2704722219/2023_07/f_mo_lon_zelenskyy_230711-qv8t3c.jpg"}, {"source": "https://feeds.nbcnews.com/nbcnews/public/world", "title": "Nicaragua police jail another Catholic priest in latest crackdown on clergy", "description": "Nicaraguan police detained Catholic priest Fernando Zamora, the latest cleric to be targeted in a deepening crackdown on clergy.", "link": "https://www.nbcnews.com/news/latino/nicaragua-jailed-priest-fernando-zamora-clergy-crackdown-ortega-rcna93664", "date_published": "2023-07-11T17:25:35+00:00", "persistent": false, "dead": false, "artist": null, "album": null, "user": null, "language": "en-US", "thumbnail": "https://media-cldnry.s-nbcnews.com/image/upload/rockcms/2023-07/230711-Nicaragua-Religion-ew-1230p-d09616.jpg"}, {"source": "https://feeds.nbcnews.com/nbcnews/public/world", "title": "NATO chief offers Ukraine \u2018a clear path towards its membership\u2019", "description": "\u201cWe will issue an invitation for Ukraine to join NATO when allies agree and conditions are met,\u201d said the alliance\u2019s secretary-general Jens Stoltenberg.", "link": "https://www.nbcnews.com/video/nato-chief-jens-stoltenberg-outlines-plan-for-ukraine-membership-187595845557", "date_published": "2023-07-11T17:13:45+00:00", "persistent": false, "dead": false, "artist": null, "album": null, "user": null, "language": "en-US", "thumbnail": "https://media-cldnry.s-nbcnews.com/image/upload/mpx/2704722219/2023_07/f_mo_lon_stoltenberg_230711-bes33d.jpg"}, {"source": "https://feeds.nbcnews.com/nbcnews/public/world", "title": "Olympic champion Caster Semenya wins appeal against testosterone rules in human rights court", "description": "Champion runner Caster Semenya won a potentially landmark legal victory on Tuesday when the European Court of Human Rights decided she was discriminated against by sports rules that force her to medically reduce her natural hormone levels to compete in major competitions.", "link": "https://www.nbcnews.com/nbc-out/out-news/olympic-champion-caster-semenya-wins-appeal-testosterone-rules-human-r-rcna93663", "date_published": "2023-07-11T16:39:24+00:00", "persistent": false, "dead": false, "artist": null, "album": null, "user": null, "language": "en-US", "thumbnail": "https://media-cldnry.s-nbcnews.com/image/upload/rockcms/2023-07/230711-Caster-Semenya-al-1154-48f40f.jpg"}, {"source": "https://feeds.nbcnews.com/nbcnews/public/world", "title": "Biden meets with Turkish President Erdo\u011fan at the NATO summit", "description": "President Biden held a bilateral meeting with Turkish President Recep Tayyip Erdo\u011fan during the NATO summit in Vilnius, Lithuania. During the meeting, Biden thanked Erdogan for his leadership and efforts to make NATO \u201ceven stronger.\u201d", "link": "https://www.nbcnews.com/video/biden-meets-with-turkish-president-erdo-an-at-the-nato-summit-187580485892", "date_published": "2023-07-11T15:56:53+00:00", "persistent": false, "dead": false, "artist": null, "album": null, "user": null, "language": "en-US", "thumbnail": "https://media-cldnry.s-nbcnews.com/image/upload/mpx/2704722219/2023_07/1689091007441_f_mo_lon_biden_erdogan_nato_230711_1920x1080-l2ufzb.jpg"}, {"source": "https://feeds.nbcnews.com/nbcnews/public/world", "title": "Nearly one-sixth of Ecuador's prison inmates haven't been sentenced", "description": "Nearly a sixth of Ecuador's prison inmates haven't been sentenced, according to a national census study, as Pres. Guillermo Lasso urged a speedier judicial system.", "link": "https://www.nbcnews.com/news/latino/ecuador-prison-inmates-not-sentenced-overcrowding-rcna93618", "date_published": "2023-07-11T13:42:27+00:00", "persistent": false, "dead": false, "artist": null, "album": null, "user": null, "language": "en-US", "thumbnail": "https://media-cldnry.s-nbcnews.com/image/upload/rockcms/2023-07/230711-ecuador-prison-mn-0935-5771b0.jpg"}, {"source": "https://feeds.nbcnews.com/nbcnews/public/world", "title": "World leaders meet to discuss Ukraine\u2019s NATO membership bid", "description": "President Biden is in Lithuania with leaders from other NATO member states, who gathering for a two-day summit that could have major implications on the war in Ukraine, including when they could become a member of the alliance. NBC News\u2019 Ali Arouzi reports from Vilnius, Lithuania.", "link": "https://www.nbcnews.com/now/video/nato-meets-to-discuss-ukraine-s-membership-bid-187523653555", "date_published": "2023-07-11T11:50:09+00:00", "persistent": false, "dead": false, "artist": null, "album": null, "user": null, "language": "en-US", "thumbnail": "https://media-cldnry.s-nbcnews.com/image/upload/mpx/2704722219/2023_07/1689076194744_now_mnn_arouzi_nato_ukraine_230711_1920x1080-se3y8v.jpg"}, {"source": "https://feeds.nbcnews.com/nbcnews/public/world", "title": "At least 5 dead after helicopter carrying foreign tourists crashes near Mount Everest", "description": "At least five people were killed after a helicopter carrying tourists crashed near Mount Everest in Nepal, and one other person on the aircraft was still missing.", "link": "https://www.nbcnews.com/news/world/mount-everest-helicopter-crash-kills-5-rcna93592", "date_published": "2023-07-11T10:58:36+00:00", "persistent": false, "dead": false, "artist": null, "album": null, "user": null, "language": "en-US", "thumbnail": "https://media-cldnry.s-nbcnews.com/image/upload/rockcms/2021-09/210927-mount-everest-mn-1335-20d902.jpg"}, {"source": "https://feeds.nbcnews.com/nbcnews/public/world", "title": "Israelis block major highways in nationwide protests of government\u2019s plan to overhaul judiciary", "description": "Protesters blocked highways leading to Jerusalem, Haifa and Tel Aviv at the start of countrywide demonstrations against the government\u2019s planned judicial overhaul.", "link": "https://www.nbcnews.com/news/world/israelis-block-highways-protest-governments-judicial-overhaul-rcna93590", "date_published": "2023-07-11T10:57:07+00:00", "persistent": false, "dead": false, "artist": null, "album": null, "user": null, "language": "en-US", "thumbnail": "https://media-cldnry.s-nbcnews.com/image/upload/rockcms/2023-07/230711-israel-protests-mb-0828-2dac77.jpg"}, {"source": "https://feeds.nbcnews.com/nbcnews/public/world", "title": "President Biden says Putin's NATO strategy is wrong", "description": "During brief comments alongside NATO chief Jens Stoltenberg, President Joe Biden said that Putin's ambition to break NATO was wrong and would not succeed.", "link": "https://www.nbcnews.com/video/president-biden-says-putin-s-nato-strategy-is-wrong-187506245925", "date_published": "2023-07-11T10:26:20+00:00", "persistent": false, "dead": false, "artist": null, "album": null, "user": null, "language": "en-US", "thumbnail": "https://media-cldnry.s-nbcnews.com/image/upload/mpx/2704722219/2023_07/1689071177063_f_mo_lon_bidenjens_230711_1920x1080-avpog5.jpg"}, {"source": "https://feeds.nbcnews.com/nbcnews/public/world", "title": "Israelis stage 'day of disruption' over judicial reforms", "description": "Israelis blocked streets and main junctions across the country hours after lawmakers had given initial approval to a bill limiting some of the country's supreme court power.", "link": "https://www.nbcnews.com/video/israelis-stage-day-of-disruption-over-judicial-reforms-187504197815", "date_published": "2023-07-11T10:13:48+00:00", "persistent": false, "dead": false, "artist": null, "album": null, "user": null, "language": "en-US", "thumbnail": "https://media-cldnry.s-nbcnews.com/image/upload/mpx/2704722219/2023_07/israel_33NK7WE-q186o3.jpg"}, {"source": "https://feeds.nbcnews.com/nbcnews/public/world", "title": "Video shows new volcanic eruption near Iceland's capital", "description": "A volcano erupted on the Reykjanes peninsula in southwest Iceland, near to the capital Reykjavik, following intense earthquake activity in the area.", "link": "https://www.nbcnews.com/video/volcano-erupts-close-to-reykjavik-iceland-187496005669", "date_published": "2023-07-11T09:15:14+00:00", "persistent": false, "dead": false, "artist": null, "album": null, "user": null, "language": "en-US", "thumbnail": "https://media-cldnry.s-nbcnews.com/image/upload/mpx/2704722219/2023_07/icelnd-adbezl.jpg"}, {"source": "https://feeds.nbcnews.com/nbcnews/public/world", "title": "President Biden meets the Lithuanian president ahead of NATO summit", "description": "President Joe Biden used his meeting with President Gitanas Naus\u0117da of Lithuania to reaffirm U.S. commitment to NATO ahead of the alliance's summit in Vilnius.", "link": "https://www.nbcnews.com/video/president-biden-meets-with-lithuanian-president-ahead-of-nato-summit-187483717608", "date_published": "2023-07-11T08:12:14+00:00", "persistent": false, "dead": false, "artist": null, "album": null, "user": null, "language": "en-US", "thumbnail": "https://media-cldnry.s-nbcnews.com/image/upload/mpx/2704722219/2023_07/1689063127564_f_mo_lon_bidbilat_230711_1920x1080-m4tt4z.jpg"}, {"source": "https://feeds.nbcnews.com/nbcnews/public/world", "title": "Solomon Islands leader visits Beijing, highlighting U.S.-China rivalry in South Pacific", "description": "Leaders of the Solomon Islands and China promised to expand relations that have fueled unease in Washington about Beijing\u2019s influence in the South Pacific.", "link": "https://www.nbcnews.com/news/world/china-solomon-islands-partnership-rcna93582", "date_published": "2023-07-11T04:16:53+00:00", "persistent": false, "dead": false, "artist": null, "album": null, "user": null, "language": "en-US", "thumbnail": "https://media-cldnry.s-nbcnews.com/image/upload/rockcms/2023-07/230710-sogavare-li-qiang-ac-1159p-1b4e41.jpg"}, {"source": "https://feeds.nbcnews.com/nbcnews/public/world", "title": "Supporters gather worldwide demanding change in Haiti", "description": "Thousands of protesters gathered around the world demanding change for Haiti amid escalating violence in the nation. In recent years, around two hundred gangs have taken over parts of the country displacing residents and forcing businesses to close. NBC News' Priscilla Thompson reports.", "link": "https://www.nbcnews.com/now/video/supporters-gather-worldwide-demanding-change-in-haiti-187426885890", "date_published": "2023-07-11T03:22:56+00:00", "persistent": false, "dead": false, "artist": null, "album": null, "user": null, "language": "en-US", "thumbnail": "https://media-cldnry.s-nbcnews.com/image/upload/mpx/2704722219/2023_07/1689045761522_now_topstory_haiti_protest_230710_1920x1080-4t2162.jpg"}, {"source": "https://feeds.nbcnews.com/nbcnews/public/world", "title": "Floods kill at least 15 in India; Pakistan on alert as waters are diverted", "description": "Schools in New Delhi were closed after monsoon rains battered the city and caused landslides and flash floods in northern India, killing at least 15 people.", "link": "https://www.nbcnews.com/news/world/india-pakistan-floods-rcna93575", "date_published": "2023-07-11T02:53:57+00:00", "persistent": false, "dead": false, "artist": null, "album": null, "user": null, "language": "en-US", "thumbnail": "https://media-cldnry.s-nbcnews.com/image/upload/rockcms/2023-07/230710-Himachal-Pradesh-India-river-beas-flooding-ac-1045p-66fc44.jpg"}]