[{"source": "https://www.youtube.com/feeds/videos.xml?channel_id=UCswH8ovgUp5Bdg-0_JTYFNw", "title": "\u201cYOU JUST LIED!\u201d Elon Musk Just DESTROYED The BBC!", "description": "Visit\u00a0https://www.fieldofgreens.com\u00a0and use my promo code BRAND for 15% off.\n\nAs the FBI arrests a 21-year-old suspected of leaking US classified documents, what did the Pentagon papers reveal, why did the press spend more time calling for his arrest, and is Elon Musk right about news networks being \u201cstate-affiliated media\u201d? \n\nReferences\nhttps://responsiblestatecraft.org/2023/04/10/pentagon-leak-reinforces-what-already-know-us-nato-in-it-to-win/\nhttps://news.antiwar.com/2023/04/12/leaked-document-says-us-doesnt-expect-russia-ukraine-peace-talks-in-2023/\nhttps://www.wired.com/story/leaked-pentagon-documents-ukraine-discord/\nhttps://twitter.com/mtracey/status/1646614285995343876\nhttps://www.theguardian.com/media/2023/apr/12/npr-leaves-twitter-elon-musk-state-media\nhttps://caitlinjohnstone.com/2023/04/14/the-us-could-use-some-separation-of-media-and-state/\n--------------------------------------------------------------------------------------------------------------------------\nWATCH me LIVE weekdays on Rumble: https://bit.ly/russellbrand-rumble\nJoin Russell Brand Connected over on Locals: https://bit.ly/russellbrand-connected-community\nCome COMMUNITY 2023 - https://www.russellbrand.com/community-2023/\nNEW MERCH! https://stuff.russellbrand.com/\nKeep up to date, Join my mailing list - https://www.russellbrand.com/join-the-community/", "link": "https://www.youtube.com/watch?v=fRDrU8dsxmk", "date_published": "2023-04-17 17:43:56+00:00", "persistent": false, "user": null, "language": "en-US"}, {"source": "https://www.youtube.com/feeds/videos.xml?channel_id=UCswH8ovgUp5Bdg-0_JTYFNw", "title": "\u201cYou Just Lied!\u201d Elon\u2019s Rant & Pentagon Papers BOMBSHELL #109 Stay Free With Russell Brand PREVIEW", "description": "Join us here for a PREVIEW of our daily one-hour RUMBLE show.\nTo continue watching the show in full, join me live and exclusively over on RUMBLE:\nhttps://bit.ly/stayfree-109-pentagon-papers\n\nWith Guest Michael Shellenberger (@shellenberger), Journalist for the Twitter Files and author of \u2018San Fransicko: Why Progressives Ruin Cities\u2019.\n\n--------------------------------------------------------------------------------------------------------------------------\n\nFOLLOW and WATCH me LIVE weekdays on Rumble https://rumble.com/russellbrand\n5:00PM BST | 12:00 PM EDT | 9:00AM PDT\n\nGet My New Stand Up Special 'Brandemic' NOW https://rumble.com/v2d09w8-brandemic.html\n\nJoin The STAY FREE Community: https://russellbrand.locals.com/\n\nCome to My Festival COMMUNITY - https://www.russellbrand.com/community-2023/\n\nNEW MERCH! https://stuff.russellbrand.com/", "link": "https://www.youtube.com/watch?v=TAhMTzrd3Uc", "date_published": "2023-04-17 15:44:55+00:00", "persistent": false, "user": null, "language": "en-US"}]