[{"source": "https://www.youtube.com/feeds/videos.xml?channel_id=UCSJPFQdZwrOutnmSFYtbstA", "title": "The Super Mario Bros. Movie - A Game Changer", "description": "Mario Bros. The Movie is poised to be the first videogame adaptation to hit over $1 Billion, at a time when Star Wars and superhero movies are struggling. Let's find out why its been so successful.", "link": "https://www.youtube.com/watch?v=pw-THtE42aM", "date_published": "2023-04-17 17:00:33+00:00", "persistent": false, "user": null, "language": "en-US"}]