[{"source": "http://wiadomosci.gazeta.pl/pub/rss/wiadomosci_kraj.htm", "title": "Nie \u017cyje Maria Kiszczak. \u017bona Czes\u0142awa Kiszczaka mia\u0142a 89 lat", "description": "<img align=\"left\" hspace=\"4\" src=\"https://bi.im-g.pl/im/96/4c/1c/z29672086M,Czeslaw-i-Maria-Kiszczak.jpg\" vspace=\"2\" />Maria Kiszczak zmar\u0142a w poniedzia\u0142ek 17 kwietnia w wieku 89 lat. By\u0142a \u017con\u0105 Czes\u0142awa Kiszczaka, d\u0142ugoletniego szefa MSWiA w okresie PRL. Informacj\u0119 o jej \u015bmierci przekaza\u0142a c\u00f3rka Ewa.", "link": "https://wiadomosci.gazeta.pl/wiadomosci/7,114883,29672070,nie-zyje-maria-kiszczak-zona-szefa-sluzb-komunistycznych-odeszla.html?utm_source=RSS&utm_medium=RSS&utm_campaign=10663636", "date_published": "2023-04-17 20:54:00+00:00", "persistent": false, "user": null, "language": "pl-PL"}, {"source": "http://wiadomosci.gazeta.pl/pub/rss/wiadomosci_kraj.htm", "title": "\u015amier\u0107 \u017co\u0142nierza na terenie bazy w Radomiu. Prokuratura wszcz\u0119\u0142a dochodzenie", "description": "<img align=\"left\" hspace=\"4\" src=\"https://bi.im-g.pl/im/50/bf/13/z20706128M,Wojsko--Zdjecie-ilustracyjne.jpg\" vspace=\"2\" />Trwa wyja\u015bnianie okoliczno\u015bci \u015bmierci \u017co\u0142nierza, kt\u00f3rego cia\u0142o znaleziono w jednym z kontener\u00f3w mieszkalnych na terenie 42. Bazy Lotnictwa Szkolnego w Radomiu. Dochodzenie wszcz\u0105\u0142 Wydzia\u0142 ds. Wojskowych Prokuratury Rejonowej Warszawa-Ursyn\u00f3w.", "link": "https://wiadomosci.gazeta.pl/wiadomosci/7,114883,29672005,smierc-zolnierza-na-terenie-bazy-w-radomiu-prokuratura-wszczela.html?utm_source=RSS&utm_medium=RSS&utm_campaign=10663636", "date_published": "2023-04-17 19:45:00+00:00", "persistent": false, "user": null, "language": "pl-PL"}, {"source": "http://wiadomosci.gazeta.pl/pub/rss/wiadomosci_kraj.htm", "title": "Odliczyli do trzech i zacz\u0119li mordowa\u0107. Kamil poder\u017cn\u0105\u0142 mamie gard\u0142o, Zuzanna walczy\u0142a z jego ojcem", "description": "<img align=\"left\" hspace=\"4\" src=\"https://bi.im-g.pl/im/ba/41/1c/z29629370M,Kamil-N--i-Zuzanna-M---dom-w-Rakowiskach.jpg\" vspace=\"2\" />To mia\u0142a by\u0107 zbrodnia jak z ameryka\u0144skiego filmu. Kamil i Zuzanna zaplanowali ka\u017cdy szczeg\u00f3\u0142. Ubrali si\u0119 nawet w stroje z \"American Psycho\", by nada\u0107 temu morderstwu wi\u0119ksze znaczenie. Nie przewidzieli jednak, \u017ce rodzice b\u0119d\u0105 walczy\u0107 o swoje \u017cycie i broni\u0107 si\u0119 przed ciosami syna.", "link": "https://wiadomosci.gazeta.pl/wiadomosci/7,114883,29625355,odliczyli-do-trzech-i-zaczeli-mordowac-kamil-poderznal-mamie.html?utm_source=RSS&utm_medium=RSS&utm_campaign=10663636", "date_published": "2023-04-17 17:03:00+00:00", "persistent": false, "user": null, "language": "pl-PL"}, {"source": "http://wiadomosci.gazeta.pl/pub/rss/wiadomosci_kraj.htm", "title": "Zmiany w kierownictwie CBA i ABW. Mateusz Morawiecki powo\u0142a\u0142 dw\u00f3ch nowych wiceszef\u00f3w", "description": "<img align=\"left\" hspace=\"4\" src=\"https://bi.im-g.pl/im/f1/4b/1c/z29671153M,Mateusz-Morawiecki.jpg\" vspace=\"2\" />Biuro Ministra Koordynatora S\u0142u\u017cb Specjalnych przekaza\u0142o, \u017ce w poniedzia\u0142ek Mateusz Morawiecki odwo\u0142a\u0142 Bogdana Sakowicza z funkcji zast\u0119pcy szefa Centralnego Biura Antykorupcyjnego. Jego stanowisko zajmie teraz Marcin Stec. Premier powo\u0142a\u0142 tak\u017ce Rados\u0142awa \u017bebrowskiego na wiceszefa Agencji Bezpiecze\u0144stwa Wewn\u0119trznego.", "link": "https://wiadomosci.gazeta.pl/wiadomosci/7,114883,29671095,zmiany-w-kierownictwie-cba-i-abw-mateusz-morawiecki-powolal.html?utm_source=RSS&utm_medium=RSS&utm_campaign=10663636", "date_published": "2023-04-17 16:32:00+00:00", "persistent": false, "user": null, "language": "pl-PL"}, {"source": "http://wiadomosci.gazeta.pl/pub/rss/wiadomosci_kraj.htm", "title": "Nie \u017cyje m\u0119\u017cczyzna, kt\u00f3ry podpali\u0142 si\u0119 przed krakowskim konsulatem Ukrainy", "description": "<img align=\"left\" hspace=\"4\" src=\"https://bi.im-g.pl/im/5e/4b/1c/z29671262M.jpg\" vspace=\"2\" />63-letni obywatel Ukrainy podpali\u0142 si\u0119 przed konsulatem generalnym Ukrainy w Krakowie w ubieg\u0142y czwartek. O \u015bmierci m\u0119\u017cczyzny poinformowa\u0142a rzeczniczka szpitala, w kt\u00f3rym by\u0142 hospitalizowany.", "link": "https://wiadomosci.gazeta.pl/wiadomosci/7,114883,29671258,nie-zyje-mezczyzna-ktory-podpalil-sie-przed-krakowskim-konsulatem.html?utm_source=RSS&utm_medium=RSS&utm_campaign=10663636", "date_published": "2023-04-17 15:13:00+00:00", "persistent": false, "user": null, "language": "pl-PL"}, {"source": "http://wiadomosci.gazeta.pl/pub/rss/wiadomosci_kraj.htm", "title": "Tajemnica \u015bmierci trzech m\u0119\u017cczyzn i psa w Unis\u0142awiu rozwik\u0142ana. S\u0105 wyniki sekcji zw\u0142ok", "description": "<img align=\"left\" hspace=\"4\" src=\"https://bi.im-g.pl/im/3c/41/1c/z29627964M,Strazacy--zdjecie-ilustracyjne-.jpg\" vspace=\"2\" />S\u0105 wst\u0119pne wyniki sekcji zw\u0142ok trzech m\u0119\u017cczyzn, kt\u00f3rych cia\u0142a znaleziono w domu jednorodzinnym w Unis\u0142awiu w wojew\u00f3dztwie kujawsko-pomorskim. Urz\u0105dzenia pomiarowe stra\u017cak\u00f3w nie wykry\u0142y tlenku w\u0119gla w pomieszczeniach. Jednak pierwsze wyniki sekcji zw\u0142ok wskazuj\u0105, \u017ce to w\u0142a\u015bnie zatrucie czadem spowodowa\u0142o \u015bmier\u0107 m\u0119\u017cczyzn.", "link": "https://wiadomosci.gazeta.pl/wiadomosci/7,114883,29670386,tajemnica-smierci-trzech-mezczyzn-i-psa-w-unislawiu-rozwiklana.html?utm_source=RSS&utm_medium=RSS&utm_campaign=10663636", "date_published": "2023-04-17 12:55:00+00:00", "persistent": false, "user": null, "language": "pl-PL"}, {"source": "http://wiadomosci.gazeta.pl/pub/rss/wiadomosci_kraj.htm", "title": "Dolno\u015bl\u0105skie. Atak no\u017cownika w Legnicy. Zabi\u0142 matk\u0119 i rani\u0142 jej c\u00f3rk\u0119", "description": "<img align=\"left\" hspace=\"4\" src=\"https://bi.im-g.pl/im/e5/4b/1c/z29670629M,Dolnoslaskie--Atak-nozownika-w-Legnicy--Zabil-matk.jpg\" vspace=\"2\" />Dramatyczne sceny w jednym z dom\u00f3w w Legnicy. Do \u015brodka wtargn\u0105\u0142 m\u0119\u017cczyzna, kt\u00f3ry no\u017cem zaatakowa\u0142 37-letni\u0105 kobiet\u0119, rani\u0142 jej 14-letni\u0105 c\u00f3rk\u0119, po czym uciek\u0142. Kobieta zmar\u0142a przed przyjazdem na miejsce policji i pogotowia ratunkowego. Napastnika z\u0142apano, jeszcze w poniedzia\u0142ek mo\u017ce us\u0142ysze\u0107 zarzut zab\u00f3jstwa.", "link": "https://wiadomosci.gazeta.pl/wiadomosci/7,114883,29670159,dolnoslaskie-atak-nozownika-w-legnicy-zabil-matke-i-ranil.html?utm_source=RSS&utm_medium=RSS&utm_campaign=10663636", "date_published": "2023-04-17 12:18:00+00:00", "persistent": false, "user": null, "language": "pl-PL"}, {"source": "http://wiadomosci.gazeta.pl/pub/rss/wiadomosci_kraj.htm", "title": "Maj\u00f3wka 2023. Pi\u0119\u0107 dni wolnych od pracy, nawet dziesi\u0119\u0107 od lekcji [HARMONOGRAM]", "description": "<img align=\"left\" hspace=\"4\" src=\"https://bi.im-g.pl/im/2d/30/1c/z29559085M,Majowka--zdjecie-ilustracyjne-.jpg\" vspace=\"2\" />Maj\u00f3wka w tym roku rozpocznie si\u0119 ju\u017c 29 kwietnia. Tegoroczny kalendarz szczeg\u00f3lnie korzystny jest dla uczni\u00f3w ni\u017cszych szk\u00f3\u0142 \u015brednich. Ich wolne mo\u017ce potrwa\u0107 nawet dziesi\u0119\u0107 dni.", "link": "https://wiadomosci.gazeta.pl/wiadomosci/7,114883,29669904,majowka-2023-piec-dni-wolnych-od-pracy-nawet-dziesiec-od-lekcji.html?utm_source=RSS&utm_medium=RSS&utm_campaign=10663636", "date_published": "2023-04-17 12:13:00+00:00", "persistent": false, "user": null, "language": "pl-PL"}, {"source": "http://wiadomosci.gazeta.pl/pub/rss/wiadomosci_kraj.htm", "title": "Kaczy\u0144ski sk\u0142ada zawiadomienie do prokuratury w sprawie katastrofy smole\u0144skiej. \"Odlecia\u0142 jak Antoni\"", "description": "<img align=\"left\" hspace=\"4\" src=\"https://bi.im-g.pl/im/ea/4b/1c/z29669866M,Obchody-13--rocznicy-katastrofy-smolenskiej.jpg\" vspace=\"2\" />Prezes PiS Jaros\u0142aw Kaczy\u0144ski zapowiedzia\u0142 z\u0142o\u017cenie zawiadomienia do prokuratury o przest\u0119pstwie zamordowania prezydenta RP. Mowa tu o katastrofie smole\u0144skiej i \u015bmierci Lecha Kaczy\u0144skiego. \"Nieustaj\u0105ce danse macabre\", \"Prezes PiS si\u0119 jeszcze nie nata\u0144czy\u0142 na trumnach\" - komentuj\u0105 politycy.", "link": "https://wiadomosci.gazeta.pl/wiadomosci/7,114883,29669722,kaczynski-sklada-zawiadomienie-do-prokuratury-w-sprawie-katastrofy.html?utm_source=RSS&utm_medium=RSS&utm_campaign=10663636", "date_published": "2023-04-17 12:06:00+00:00", "persistent": false, "user": null, "language": "pl-PL"}, {"source": "http://wiadomosci.gazeta.pl/pub/rss/wiadomosci_kraj.htm", "title": "Pogoda na kwiecie\u0144 i maj. IMGW: Idzie fala ciep\u0142a. A w maju nawet 30 stopni C.", "description": "<img align=\"left\" hspace=\"4\" src=\"https://bi.im-g.pl/im/b8/4b/1c/z29668536M,Prognoza-dlugoterminowa-na-kwiecien-i-maj.jpg\" vspace=\"2\" />Kwiecie\u0144 plecie\u0144 wci\u0105\u017c przeplata. Najnowsze prognozy wskazuj\u0105 jednak na ocieplenie, a zbli\u017caj\u0105cy si\u0119 maj, zdaniem klimatolog\u00f3w, mo\u017ce przynie\u015b\u0107 nam temperatur\u0119 nawet 30 st. C. \"Mo\u017cna ju\u017c zmienia\u0107 opony na letnie\" - radz\u0105 eksperci.", "link": "https://wiadomosci.gazeta.pl/wiadomosci/7,114883,29668491,pogoda-na-kwiecien-i-maj-imgw-idzie-fala-ciepla-a-w-maju.html?utm_source=RSS&utm_medium=RSS&utm_campaign=10663636", "date_published": "2023-04-17 07:44:00+00:00", "persistent": false, "user": null, "language": "pl-PL"}, {"source": "http://wiadomosci.gazeta.pl/pub/rss/wiadomosci_kraj.htm", "title": "Alert RCB dla Warszawy. \u0106wiczenia antyterrorystyczne policji", "description": "<img align=\"left\" hspace=\"4\" src=\"https://bi.im-g.pl/im/15/4b/1c/z29668629M,Alert-RCB-dla-Warszawy--Cwiczenia-antyterrorystycz.jpg\" vspace=\"2\" />W poniedzia\u0142ek w Warszawie zaplanowano \u0107wiczenia antyterrorystyczne. Rz\u0105dowe Centrum Bezpiecze\u0144stwa ostrzega mieszka\u0144c\u00f3w stolicy przed dzia\u0142aniami, wysy\u0142aj\u0105c SMS-a z alertem. Trzeba przygotowa\u0107 si\u0119 na utrudnienia w komunikacji i stosowa\u0107 si\u0119 do polece\u0144 s\u0142u\u017cb.", "link": "https://wiadomosci.gazeta.pl/wiadomosci/7,114883,29668572,alert-rcb-dla-warszawy-cwiczenia-antyterrorystyczne-policji.html?utm_source=RSS&utm_medium=RSS&utm_campaign=10663636", "date_published": "2023-04-17 06:25:00+00:00", "persistent": false, "user": null, "language": "pl-PL"}, {"source": "http://wiadomosci.gazeta.pl/pub/rss/wiadomosci_kraj.htm", "title": "Kwalifikacja wojskowa rusza. Wezwanie dostanie blisko 230 tys. Polak\u00f3w", "description": "<img align=\"left\" hspace=\"4\" src=\"https://bi.im-g.pl/im/01/e2/1b/z29238785M,Wojsko-Polskie--zdjecie-ilustracyjne-.jpg\" vspace=\"2\" />Kwalifikacja wojskowa ruszy\u0142a. Do 21 lipca przed komisjami w ca\u0142ym kraju stanie 230 tysi\u0119cy os\u00f3b - dziewi\u0119tnastolatk\u00f3w zdolnych do podj\u0119cia s\u0142u\u017cby w armii w razie wybuchu wojny. Resort obrony przypomina, \u017ce jest to konstytucyjny obowi\u0105zek.", "link": "https://wiadomosci.gazeta.pl/wiadomosci/7,114883,29668476,kwalifikacja-wojskowa-rusza-wezwanie-dostanie-blisko-230-tys.html?utm_source=RSS&utm_medium=RSS&utm_campaign=10663636", "date_published": "2023-04-17 06:04:00+00:00", "persistent": false, "user": null, "language": "pl-PL"}, {"source": "http://wiadomosci.gazeta.pl/pub/rss/wiadomosci_kraj.htm", "title": "Katastrofalne wyniki badania stanu psychicznego m\u0142odzie\u017cy. 40 proc. uczni\u00f3w my\u015bla\u0142o o samob\u00f3jstwie", "description": "<img align=\"left\" hspace=\"4\" src=\"https://bi.im-g.pl/im/56/4b/1c/z29668438M,Mlode-glowy--Otwarcie-o-zdrowiu-psychicznym.jpg\" vspace=\"2\" />Fundacja UNAWEZA w ramach projektu M\u0142ode G\u0142owy opublikowa\u0142a raport z badania dotycz\u0105cego m.in. tanu psychicznego dzieci i m\u0142odzie\u017cy w wieku 10-19 lat. To pierwsze tego typu badanie na tak\u0105 skal\u0119, udzia\u0142 w nim wzi\u0119\u0142o ponad 180 tys. uczni\u00f3w z ca\u0142ej Polski. Wnioski z raportu s\u0105 dramatyczne - prawie po\u0142owa uczni\u00f3w ma skrajnie nisk\u0105 samoocen\u0119, stres dnia codziennego przerasta ponad 80 proc. badanych, co trzecie dziecko nie ma ch\u0119ci do \u017cycia, a 8,8 proc. dzieci w Polsce deklaruje, \u017ce podj\u0119\u0142o pr\u00f3b\u0119 samob\u00f3jcz\u0105.", "link": "https://wiadomosci.gazeta.pl/wiadomosci/7,114883,29668386,katastrofalne-wyniki-badania-stanu-psychicznego-mlodziezy-40.html?utm_source=RSS&utm_medium=RSS&utm_campaign=10663636", "date_published": "2023-04-17 05:00:00+00:00", "persistent": false, "user": null, "language": "pl-PL"}]