[{"source": "https://www.lemonde.fr/en/rss/une.xml", "title": "Airbus and Air France acquitted in the Rio-Paris crash trial after thirteen years of proceedings", "description": "The criminal responsibility of the two companies on trial at the Criminal Court of Paris for involuntary manslaughter were acquitted, despite several 'faults' having been committed.", "link": "https://www.lemonde.fr/en/france/article/2023/04/18/airbus-and-air-france-acquitted-in-the-rio-paris-crash-trial-after-thirteen-years-of-proceedings_6023281_7.html", "date_published": "2023-04-17 23:44:39+00:00", "persistent": false, "user": null, "language": "en-US"}, {"source": "https://www.lemonde.fr/en/rss/une.xml", "title": "United States condemns Brazil's 'parroting' of Russian and Chinese propaganda", "description": "Lula said Saturday during a visit to Beijing, where he met Chinese leader Xi Jinping, that 'the United States needs to stop encouraging war [in Ukraine].'", "link": "https://www.lemonde.fr/en/united-states/article/2023/04/18/united-states-condemns-brazil-s-parroting-of-russian-and-chinese-propaganda_6023277_133.html", "date_published": "2023-04-17 22:54:33+00:00", "persistent": false, "user": null, "language": "en-US"}, {"source": "https://www.lemonde.fr/en/rss/une.xml", "title": "East Africa on edge as regional powers set out to contain conflict in Sudan", "description": "Diplomatic mediation efforts have been initiated by many East African and Gulf countries with direct interests in Sudan.", "link": "https://www.lemonde.fr/en/international/article/2023/04/18/east-africa-on-edge-as-regional-powers-set-out-to-contain-conflict-in-sudan_6023271_4.html", "date_published": "2023-04-17 22:17:29+00:00", "persistent": false, "user": null, "language": "en-US"}, {"source": "https://www.lemonde.fr/en/rss/une.xml", "title": "EU ambassador to Sudan 'assaulted' in his home amidst violence in Khartoum", "description": "Fighting between the Sudanese army and a rival paramilitary faction has killed around 200 people and wounded 1,800 after three days of urban warfare.", "link": "https://www.lemonde.fr/en/european-union/article/2023/04/17/eu-ambassador-to-sudan-assaulted-in-his-home-amidst-violence-in-khartoum_6023269_156.html", "date_published": "2023-04-17 21:55:54+00:00", "persistent": false, "user": null, "language": "en-US"}, {"source": "https://www.lemonde.fr/en/rss/une.xml", "title": "Canadian public broadcaster CBC 'pausing' Twitter over 'government-funded' label", "description": "National Public Radio (NPR) in the United States similarly quit Twitter last Wednesday over the same label.", "link": "https://www.lemonde.fr/en/pixels/article/2023/04/17/canadian-public-broadcaster-cbc-pausing-twitter-over-government-funded-label_6023266_13.html", "date_published": "2023-04-17 21:14:46+00:00", "persistent": false, "user": null, "language": "en-US"}, {"source": "https://www.lemonde.fr/en/rss/une.xml", "title": "Tunisia: Opposition party leader Rached Ghannouchi arrested", "description": "Ghannouchi, chief of the Ennahdha party and former the speaker of Tunisia's parliament, is one of the main political opponents of Tunisian president Kais Said.", "link": "https://www.lemonde.fr/en/le-monde-africa/article/2023/04/17/tunisia-opposition-party-leader-rached-ghannouchi-arrested_6023264_124.html", "date_published": "2023-04-17 20:42:59+00:00", "persistent": false, "user": null, "language": "en-US"}, {"source": "https://www.lemonde.fr/en/rss/une.xml", "title": "French pension reform: Macron calls for 100 days of action 'at the service of France'", "description": "In his first comments since signing the reform into law at the weekend, Macron defended the reform as 'necessary' and insisted 'doing nothing' was not a solution.", "link": "https://www.lemonde.fr/en/french-pension-reform/article/2023/04/17/french-pension-reform-macron-calls-for-100-days-of-action-at-the-service-of-france_6023257_234.html", "date_published": "2023-04-17 18:56:02+00:00", "persistent": false, "user": null, "language": "en-US"}, {"source": "https://www.lemonde.fr/en/rss/une.xml", "title": "Lula's China visit illustrates the ambitions and limitations of the BRICS alliance", "description": "Brazil says it is ready to increase its trade with China in yuan and supports China's peace plan for the conflict in Ukraine, the details of which remain unclear.", "link": "https://www.lemonde.fr/en/international/article/2023/04/17/lula-s-china-visit-illustrates-the-ambitions-and-limitations-of-the-brics-alliance_6023252_4.html", "date_published": "2023-04-17 17:30:41+00:00", "persistent": false, "user": null, "language": "en-US"}, {"source": "https://www.lemonde.fr/en/rss/une.xml", "title": "Sweden stages biggest war games in 25 years", "description": "The Nordic country gathered 26,000 soldiers from 14 nations as its bid to join NATO remains blocked.", "link": "https://www.lemonde.fr/en/europe/article/2023/04/17/sweden-stages-biggest-war-games-in-25-years_6023244_143.html", "date_published": "2023-04-17 16:17:48+00:00", "persistent": false, "user": null, "language": "en-US"}, {"source": "https://www.lemonde.fr/en/rss/une.xml", "title": "'Succession' season 4: The King is dead, the kinglets survive", "description": "'Succession' final season (Episode 4/10). Every week, 'Le Monde' reviews the trials and tribulations of the Roy family and its media empire.", "link": "https://www.lemonde.fr/en/culture/article/2023/04/17/succession-season-4-the-king-is-dead-the-kinglets-survive_6023243_30.html", "date_published": "2023-04-17 16:01:08+00:00", "persistent": false, "user": null, "language": "en-US"}, {"source": "https://www.lemonde.fr/en/rss/une.xml", "title": "Edouard Morena: 'The ultra-rich have a vested interest in shaping climate policies'", "description": "In an interview, the lecturer in political science at the University of London Institute in Paris discusses the climate influence networks of 'philanthropic' billionaires.", "link": "https://www.lemonde.fr/en/opinion/article/2023/04/17/edouard-morena-the-ultra-rich-have-a-vested-interest-in-shaping-climate-policies_6023238_23.html", "date_published": "2023-04-17 15:23:39+00:00", "persistent": false, "user": null, "language": "en-US"}, {"source": "https://www.lemonde.fr/en/rss/une.xml", "title": "Banks continue to provide substantial financing to the fossil fuel sector", "description": "According to the annual 'Banking on Climate Chaos' report by NGOs, the top 60 global banks provided $673 billion in financing to coal, oil and gas producers in 2022.", "link": "https://www.lemonde.fr/en/environment/article/2023/04/17/banks-continue-to-provide-substantial-financing-to-the-fossil-fuel-sector_6023235_114.html", "date_published": "2023-04-17 15:16:15+00:00", "persistent": false, "user": null, "language": "en-US"}, {"source": "https://www.lemonde.fr/en/rss/une.xml", "title": "'We are friends, not America's lackeys': Christoph Blocher, the populist who wants Switzerland to expand its neutrality", "description": "Blocher's sovereignist party, the SVP, is on a roll as the October federal elections approach.", "link": "https://www.lemonde.fr/en/international/article/2023/04/17/we-are-friends-not-america-s-lackeys-christoph-blocher-the-populist-who-wants-switzerland-to-expand-its-neutrality_6023227_4.html", "date_published": "2023-04-17 14:12:26+00:00", "persistent": false, "user": null, "language": "en-US"}, {"source": "https://www.lemonde.fr/en/rss/une.xml", "title": "Obsolete rail network hinders Germany's train push", "description": "Faced with a flood of fresh credits, Germany's problem is less about money than about its ability to plan and carry out work while maintaining traffic at its current level.", "link": "https://www.lemonde.fr/en/germany/article/2023/04/17/obsolete-rail-network-hinders-germany-s-train-push_6023221_146.html", "date_published": "2023-04-17 13:35:25+00:00", "persistent": false, "user": null, "language": "en-US"}, {"source": "https://www.lemonde.fr/en/rss/une.xml", "title": "Air France and Airbus acquitted over 2009 Rio-Paris crash", "description": "Victims' families were visibly stunned as the presiding judge read out the decision, a devastating defeat for those who fought for 13 years to see the case reach court.", "link": "https://www.lemonde.fr/en/economy/article/2023/04/17/air-france-and-airbus-acquitted-over-2009-rio-paris-crash_6023218_19.html", "date_published": "2023-04-17 12:51:42+00:00", "persistent": false, "user": null, "language": "en-US"}, {"source": "https://www.lemonde.fr/en/rss/une.xml", "title": "G7 countries promise to end plastic pollution by 2040", "description": "The commitment announced on Sunday precedes a round of negotiations on a future international treaty to fight this exploding pollution, scheduled for the end of May in Paris.", "link": "https://www.lemonde.fr/en/international/article/2023/04/17/g7-countries-promise-to-end-plastic-pollution-by-2040_6023215_4.html", "date_published": "2023-04-17 12:44:13+00:00", "persistent": false, "user": null, "language": "en-US"}, {"source": "https://www.lemonde.fr/en/rss/une.xml", "title": "Macron hopes address to nation will repair ties with the French", "description": "The French president will speak on Monday evening about the meaning of work and of sharing wealth, two themes he believes are at the heart of the anger triggered by the pension reform.", "link": "https://www.lemonde.fr/en/politics/article/2023/04/17/macron-hopes-address-to-nation-will-repair-ties-with-the-french_6023208_5.html", "date_published": "2023-04-17 10:46:32+00:00", "persistent": false, "user": null, "language": "en-US"}, {"source": "https://www.lemonde.fr/en/rss/une.xml", "title": "Paris 2024: Is France capable of being among the top five medal winners?", "description": "The objective for the Olympic Games host country is both political and sporting. But the optimizing of athletic performance is accompanied by highly contested budget decisions.", "link": "https://www.lemonde.fr/en/sports/article/2023/04/17/paris-2024-is-france-capable-of-being-among-the-top-five-medal-winners_6023205_9.html", "date_published": "2023-04-17 10:45:09+00:00", "persistent": false, "user": null, "language": "en-US"}, {"source": "https://www.lemonde.fr/en/rss/une.xml", "title": "French pension reform: Unions slam Macron's 'contempt' and 'radicalization'", "description": "The speedy enactment of the pension reform in the early hours of Saturday shocked unions. They are now hoping for a 'tsunami' during Labor Day demonstrations.", "link": "https://www.lemonde.fr/en/france/article/2023/04/17/french-pension-reform-unions-slam-macron-s-contempt-and-radicalization_6023198_7.html", "date_published": "2023-04-17 10:18:03+00:00", "persistent": false, "user": null, "language": "en-US"}, {"source": "https://www.lemonde.fr/en/rss/une.xml", "title": "'Civil liberties in France are in danger,' says Human Rights League head", "description": "Patrick Baudouin, the president of the Human Rights League, responds to accusations made by Prime Minister Elisabeth Borne and Interior Minister G\u00e9rald Darmanin against the century-old NGO.", "link": "https://www.lemonde.fr/en/france/article/2023/04/17/civil-liberties-in-france-are-in-danger-says-human-rights-league-head_6023195_7.html", "date_published": "2023-04-17 10:15:12+00:00", "persistent": false, "user": null, "language": "en-US"}, {"source": "https://www.lemonde.fr/en/rss/une.xml", "title": "Russian court sentences Putin critic Kara-Murza to 25 years in jail", "description": "Vladimir Kara-Murza, a longtime opponent to the Russian president, was found guilty of treason and other charges over his criticism of the war in Ukraine.", "link": "https://www.lemonde.fr/en/international/article/2023/04/17/russian-court-sentences-putin-critic-kara-murza-to-25-years-in-jail_6023194_4.html", "date_published": "2023-04-17 09:59:14+00:00", "persistent": false, "user": null, "language": "en-US"}, {"source": "https://www.lemonde.fr/en/rss/une.xml", "title": "French wildfire under control after ravaging more than 900 hectares", "description": "The Minister of the Interior described it as an 'ecological disaster' and called on the French to be particularly vigilant.", "link": "https://www.lemonde.fr/en/environment/article/2023/04/17/french-wildfire-under-control-after-ravaging-more-than-900-hectares_6023193_114.html", "date_published": "2023-04-17 09:57:18+00:00", "persistent": false, "user": null, "language": "en-US"}, {"source": "https://www.lemonde.fr/en/rss/une.xml", "title": "Two rival generals plunge Sudan into deadly chaos", "description": "Violent fighting has been taking place since Saturday in Khartoum and in other Sudanese cities between forces of General Al-Burhan, head of the army, and fighters of a large paramilitary militia headed by General 'Hemetti.'", "link": "https://www.lemonde.fr/en/international/article/2023/04/17/two-rival-generals-plunge-sudan-into-deadly-chaos_6023191_4.html", "date_published": "2023-04-17 09:02:00+00:00", "persistent": false, "user": null, "language": "en-US"}, {"source": "https://www.lemonde.fr/en/rss/une.xml", "title": "1930s famine in Ukraine: 'It's time to officially recognize reporter Gareth Jones' role as a whistleblower'", "description": "The Welsh journalist tried to bring the man-made famine caused by Stalin in Ukraine in the 1930s to public attention, but his work was treated with contempt by the rest of the profession.", "link": "https://www.lemonde.fr/en/opinion/article/2023/04/17/1930s-famine-in-ukraine-it-s-time-to-officially-recognize-reporter-gareth-jones-role-as-a-whistleblower_6023183_23.html", "date_published": "2023-04-17 08:25:23+00:00", "persistent": false, "user": null, "language": "en-US"}, {"source": "https://www.lemonde.fr/en/rss/une.xml", "title": "Macron to address France, hoping to turn pensions page", "description": "The French president's speech comes as he has just signed into law the controversial reform raising the retirment age.", "link": "https://www.lemonde.fr/en/politics/article/2023/04/17/macron-to-address-france-hoping-to-turn-pensions-page_6023177_5.html", "date_published": "2023-04-17 07:32:37+00:00", "persistent": false, "user": null, "language": "en-US"}, {"source": "https://www.lemonde.fr/en/rss/une.xml", "title": "US warship sails through Taiwan Strait", "description": "The US Navy's 7th Fleet said the Arleigh Burke-class guided-missile destroyer USS Milius conducted a 'routine Taiwan Strait transit' just days after China ended its latest war games around the island.", "link": "https://www.lemonde.fr/en/international/article/2023/04/17/us-warship-sails-through-taiwan-strait_6023175_4.html", "date_published": "2023-04-17 05:43:25+00:00", "persistent": false, "user": null, "language": "en-US"}, {"source": "https://www.lemonde.fr/en/rss/une.xml", "title": "Climate change: How can Paris adapt to 50\u00b0C heat waves?", "description": "A fact-finding mission makes 85 recommendations to prevent the French capital from becoming uninhabitable for part of the year.", "link": "https://www.lemonde.fr/en/environment/article/2023/04/17/climate-change-how-can-paris-adapt-to-50-c-heat-waves_6023167_114.html", "date_published": "2023-04-17 03:30:03+00:00", "persistent": false, "user": null, "language": "en-US"}, {"source": "https://www.lemonde.fr/en/rss/une.xml", "title": "Private jet travel in sharp decline", "description": "Threatened with restrictions and surcharges, business aviation has seen a 10% drop in activity in the last six months compared to the same period a year earlier.", "link": "https://www.lemonde.fr/en/economy/article/2023/04/17/private-jet-travel-in-sharp-decline_6023166_19.html", "date_published": "2023-04-17 03:29:48+00:00", "persistent": false, "user": null, "language": "en-US"}, {"source": "https://www.lemonde.fr/en/rss/une.xml", "title": "Dominique M\u00e9da: 'Co-determination appears to be the most reasonable solution to the work crisis'", "description": "Changing work organizations involves sharing corporate governance with employees, argues the sociologist.", "link": "https://www.lemonde.fr/en/opinion/article/2023/04/17/dominique-meda-co-determination-appears-to-be-the-most-reasonable-solution-to-the-work-crisis_6023164_23.html", "date_published": "2023-04-17 02:29:30+00:00", "persistent": false, "user": null, "language": "en-US"}, {"source": "https://www.lemonde.fr/en/rss/une.xml", "title": "Not even horses are spared from the Polish government's excesses", "description": "Government-owned Janow Podlaski stud farm, known worldwide for the quality of its breeding stock and its auctions, is fighting against the politicization of its management.", "link": "https://www.lemonde.fr/en/international/article/2023/04/17/not-even-horses-are-spared-from-the-polish-government-s-excesses_6023163_4.html", "date_published": "2023-04-17 02:00:08+00:00", "persistent": false, "user": null, "language": "en-US"}, {"source": "https://www.lemonde.fr/en/rss/une.xml", "title": "American jazz piano great Ahmad Jamal dies at 92", "description": "The Pittsburgh native's 'less-is-more' dynamic helped draw a large audience to jazz.", "link": "https://www.lemonde.fr/en/culture/article/2023/04/17/american-jazz-piano-great-ahmad-jamal-dies-at-92_6023158_30.html", "date_published": "2023-04-17 01:45:35+00:00", "persistent": false, "user": null, "language": "en-US"}, {"source": "https://www.lemonde.fr/en/rss/une.xml", "title": "Four dead, 28 injured in Alabama teen birthday party shooting", "description": "The shooting happened at a dance studio approximately 100 kilometers northeast of Montgomery. Most of the victims are teenagers.", "link": "https://www.lemonde.fr/en/international/article/2023/04/17/four-dead-28-injured-in-alabama-teen-birthday-party-shooting_6023154_4.html", "date_published": "2023-04-17 01:02:00+00:00", "persistent": false, "user": null, "language": "en-US"}]