[{"source": "https://feeds.npr.org/1001/rss.xml", "title": "Florida Gov. Ron DeSantis is uninjured after being involved in a car crash", "description": "The Republican presidential candidate and his campaign team were traveling to an event in Chattanooga, Tenn., when traffic backed up, causing a four-car crash.", "link": "https://www.npr.org/2023/07/25/1190085166/ron-desantis-car-crash", "date_published": "2023-07-25T22:37:58+00:00", "persistent": false, "dead": false, "artist": null, "album": null, "user": null, "language": "en-US", "thumbnail": null}, {"source": "https://feeds.npr.org/1001/rss.xml", "title": "Phoenix melts in a record streak of days over 110 degrees. And it's not over yet", "description": "Tuesday marks 26 consecutive days in Phoenix, Az. with a temperature over 110 degrees, and it doesn't look like it will let up any time soon.", "link": "https://www.npr.org/2023/07/25/1190062275/phoenix-heat-record-temperatures-forecast-arizona", "date_published": "2023-07-25T21:46:44+00:00", "persistent": false, "dead": false, "artist": null, "album": null, "user": null, "language": "en-US", "thumbnail": null}, {"source": "https://feeds.npr.org/1001/rss.xml", "title": "Biden's dog, Commander, has been biting Secret Service agents", "description": "The conservative group Judicial Watch obtained Secret Service emails complaining about Commander being aggressive. One bite sent an agent to the hospital.", "link": "https://www.npr.org/2023/07/25/1189957208/biden-dog-commander-bites-secret-service-agents", "date_published": "2023-07-25T19:36:05+00:00", "persistent": false, "dead": false, "artist": null, "album": null, "user": null, "language": "en-US", "thumbnail": null}, {"source": "https://feeds.npr.org/1001/rss.xml", "title": "Speaker McCarthy says the House may launch an impeachment inquiry of President Biden", "description": "The House speaker says Republicans may launch an impeachment inquiry into President Biden. House GOP members have been investigating allegations of financial misconduct related to his son, Hunter.", "link": "https://www.npr.org/2023/07/25/1190048336/biden-impeachment-mccarthy-hunter", "date_published": "2023-07-25T19:33:53+00:00", "persistent": false, "dead": false, "artist": null, "album": null, "user": null, "language": "en-US", "thumbnail": null}, {"source": "https://feeds.npr.org/1001/rss.xml", "title": "Marine veteran Trevor Reed was wounded fighting in Ukraine", "description": "The U.S. Marine veteran was freed from Russian prison in a prisoner swap last year. Now he has sustained an injury while fighting in Ukraine, the State Department said.", "link": "https://www.npr.org/2023/07/25/1190032230/marine-veteran-trevor-reed-injured-fighting-in-ukraine", "date_published": "2023-07-25T19:32:39+00:00", "persistent": false, "dead": false, "artist": null, "album": null, "user": null, "language": "en-US", "thumbnail": null}, {"source": "https://feeds.npr.org/1001/rss.xml", "title": "Ammon Bundy ordered to pay $50 million. But will the hospital ever see the money?", "description": "A jury as ordered Ammon Bundy and an associate to pay more than $50 million in damages to Idaho's largest hospital after armed protests last year led to a security lockdown.", "link": "https://www.npr.org/2023/07/25/1189953918/ammon-bundy-ordered-to-pay-50-million-but-will-the-hospital-ever-see-the-money", "date_published": "2023-07-25T18:17:48+00:00", "persistent": false, "dead": false, "artist": null, "album": null, "user": null, "language": "en-US", "thumbnail": null}, {"source": "https://feeds.npr.org/1001/rss.xml", "title": "A political gap in excess deaths widened after COVID-19 vaccines arrived, study says", "description": "After vaccines became widely available in 2021, \"the excess death rate among Republican voters was 43% higher than the excess death rate among Democratic voters,\" Yale researchers say.", "link": "https://www.npr.org/2023/07/25/1189939229/covid-deaths-democrats-republicans-gap-study", "date_published": "2023-07-25T18:17:40+00:00", "persistent": false, "dead": false, "artist": null, "album": null, "user": null, "language": "en-US", "thumbnail": null}, {"source": "https://feeds.npr.org/1001/rss.xml", "title": "TikTok's new text post format is similar to, but not the same as, Threads and Twitter", "description": "The new publishing option, which was announced Monday, will allow content creators to combine written content with music, stickers and hashtags.", "link": "https://www.npr.org/2023/07/25/1189919701/tiktok-new-text-post-format-twitter-threads", "date_published": "2023-07-25T17:57:42+00:00", "persistent": false, "dead": false, "artist": null, "album": null, "user": null, "language": "en-US", "thumbnail": null}, {"source": "https://feeds.npr.org/1001/rss.xml", "title": "Judge blocks Biden administration's new rules for asylum-seekers at the border", "description": "U.S. District Judge Jon Tigar blocked a similar policy during the Trump administration, and immigrant advocates had urged him to do the same in this case.", "link": "https://www.npr.org/2023/07/25/1189794196/asylum-border-migrants-judge-cbpone-justice-department", "date_published": "2023-07-25T17:19:00+00:00", "persistent": false, "dead": false, "artist": null, "album": null, "user": null, "language": "en-US", "thumbnail": null}, {"source": "https://feeds.npr.org/1001/rss.xml", "title": "UPS union calls off strike threat after securing pay raises for workers", "description": "A tentative agreement between UPS and the Teamsters has averted a potential strike at the company. The deal will secure pay raises for part-time workers.", "link": "https://www.npr.org/2023/07/25/1189956641/ups-union-calls-off-strike-threat-after-securing-pay-raises-for-workers", "date_published": "2023-07-25T16:48:43+00:00", "persistent": false, "dead": false, "artist": null, "album": null, "user": null, "language": "en-US", "thumbnail": null}, {"source": "https://feeds.npr.org/1001/rss.xml", "title": "Bronny James, LeBron's oldest son, suffered cardiac arrest during practice", "description": "The incoming freshman at the University of Southern California was at basketball practice Monday when he suffered a cardiac arrest, according to multiple media reports.", "link": "https://www.npr.org/2023/07/25/1189961400/bronny-james-lebrons-son-cardiac-arrest-practice-usc", "date_published": "2023-07-25T16:44:59+00:00", "persistent": false, "dead": false, "artist": null, "album": null, "user": null, "language": "en-US", "thumbnail": null}, {"source": "https://feeds.npr.org/1001/rss.xml", "title": "A former pastor is charged with murdering an 8-year-old girl nearly 50 years ago", "description": "David Zandstra, 83, has been charged with criminal homicide, first-degree murder and other crimes. Investigators say he admitted to killing Gretchen Harrington in 1975.", "link": "https://www.npr.org/2023/07/25/1189942785/former-pastor-david-zandstra-murder-8-year-old-gretchen-harrington-pennsylvania", "date_published": "2023-07-25T16:36:21+00:00", "persistent": false, "dead": false, "artist": null, "album": null, "user": null, "language": "en-US", "thumbnail": null}, {"source": "https://feeds.npr.org/1001/rss.xml", "title": "China has replaced its foreign minister, absent from public for a month", "description": "China is removing its foreign minister, Qin Gang, and reappointing his predecessor, veteran diplomat Wang Yi, to fill the position.", "link": "https://www.npr.org/2023/07/25/1189915255/china-foreign-minister-replace-qin-gang-wang-yi", "date_published": "2023-07-25T13:36:28+00:00", "persistent": false, "dead": false, "artist": null, "album": null, "user": null, "language": "en-US", "thumbnail": null}, {"source": "https://feeds.npr.org/1001/rss.xml", "title": "Obamas' personal chef dies while paddleboarding in Martha's Vineyard", "description": "The body of Tarfari Campbell, 45, was recovered Monday after a two-day search in Edgartown Great Pond, near a home owned by the former president and first lady.", "link": "https://www.npr.org/2023/07/25/1189911880/obama-chef-drown-marthas-vineyard", "date_published": "2023-07-25T12:39:22+00:00", "persistent": false, "dead": false, "artist": null, "album": null, "user": null, "language": "en-US", "thumbnail": null}, {"source": "https://feeds.npr.org/1001/rss.xml", "title": "Up First briefing: Climate worsens heat waves; Israel protests; Emmett Till monument", "description": "A study finds climate change is making heat waves worse. Protests erupted in Israel after the government passed a law to weaken its judiciary. Biden will designate a national monument for Emmett Till.", "link": "https://www.npr.org/2023/07/25/1189907825/up-first-briefing-climate-worsens-heat-waves-israel-protests-emmett-till-monumen", "date_published": "2023-07-25T12:02:11+00:00", "persistent": false, "dead": false, "artist": null, "album": null, "user": null, "language": "en-US", "thumbnail": null}, {"source": "https://feeds.npr.org/1001/rss.xml", "title": "Kurtis Blow breaks hip-hop nationally with his 1980 debut", "description": "Hip-hop is celebrating its 50th anniversary this year. Commentator Kiana Fitzgerald is looking back at the albums that changed the game.", "link": "https://www.npr.org/2023/07/25/1189060953/kurtis-blow-1980-album-hip-hop-game-changers", "date_published": "2023-07-25T11:38:53+00:00", "persistent": false, "dead": false, "artist": null, "album": null, "user": null, "language": "en-US", "thumbnail": null}, {"source": "https://feeds.npr.org/1001/rss.xml", "title": "When illness or death leave craft projects unfinished, these strangers step in to help", "description": "It can be heartbreaking to let go of a hand-made rug or sweater that a loved one didn't quite finish. A group of volunteer knitters, quilters and other crafters offer some closure.", "link": "https://www.npr.org/sections/health-shots/2023/07/25/1189872837/when-illness-or-death-leave-craft-projects-unfinished-these-strangers-step-in-to", "date_published": "2023-07-25T11:00:39+00:00", "persistent": false, "dead": false, "artist": null, "album": null, "user": null, "language": "en-US", "thumbnail": null}, {"source": "https://feeds.npr.org/1001/rss.xml", "title": "U.S., European heat waves 'virtually impossible' without climate change, new study finds", "description": "Punishing heat waves have gripped America, Asia and Europe this July. A new study finds human-caused climate change is a major reason why.", "link": "https://www.npr.org/2023/07/25/1189837347/u-s-european-heat-waves-virtually-impossible-without-climate-change-new-study-fi", "date_published": "2023-07-25T09:30:38+00:00", "persistent": false, "dead": false, "artist": null, "album": null, "user": null, "language": "en-US", "thumbnail": null}, {"source": "https://feeds.npr.org/1001/rss.xml", "title": "Congregations leave United Methodist Church over defiance of LGBTQ bans", "description": "The largest mainline Protestant denomination in the U.S. is shrinking due to disputes over LGBTQ+ clergy and same-sex marriage. About 20% of United Methodist congregations have left in recent years.", "link": "https://www.npr.org/2023/07/25/1189315875/congregations-leave-united-methodist-church-over-defiance-of-lgbtq-bans", "date_published": "2023-07-25T09:00:38+00:00", "persistent": false, "dead": false, "artist": null, "album": null, "user": null, "language": "en-US", "thumbnail": null}, {"source": "https://feeds.npr.org/1001/rss.xml", "title": "In 'Someone Who Isn't Me,' Geoff Rickly recounts the struggles of some other singer", "description": "Rickly's first book is a solid and promising literary debut. He's a natural, albeit a germinal one. He is best known as a singer and songwriter of the rock band Thursday.", "link": "https://www.npr.org/2023/07/25/1189278437/someone-who-isnt-me-review-geoff-rickly", "date_published": "2023-07-25T09:00:38+00:00", "persistent": false, "dead": false, "artist": null, "album": null, "user": null, "language": "en-US", "thumbnail": null}, {"source": "https://feeds.npr.org/1001/rss.xml", "title": "Netflix's pop-up eatery serves up an alternate reality as Hollywood grinds to a halt", "description": "The new restaurant runs on star power from the streaming giant's unscripted programs. Dining there feels surreal, as striking writers and actors have brought the movie and TV industry to a standstill.", "link": "https://www.npr.org/2023/07/25/1188357627/netflix-bites-pop-up-restaurant-hollywood-strike", "date_published": "2023-07-25T09:00:37+00:00", "persistent": false, "dead": false, "artist": null, "album": null, "user": null, "language": "en-US", "thumbnail": null}, {"source": "https://feeds.npr.org/1001/rss.xml", "title": "Wildfires across Algeria have killed at least 2 dozen people", "description": "Wildfires across Algeria have killed 25 people, including 10 soldiers trying to get the flames under control in the face of high winds and scorching summer temperatures, government ministries said.", "link": "https://www.npr.org/2023/07/25/1189900643/wildfires-algeria-kill-dozens", "date_published": "2023-07-25T07:19:03+00:00", "persistent": false, "dead": false, "artist": null, "album": null, "user": null, "language": "en-US", "thumbnail": null}, {"source": "https://feeds.npr.org/1001/rss.xml", "title": "An American becomes the youngest to debut in the Women's World Cup \u2014 for South Korea", "description": "Casey Phair of New Jersey, 16, came in late in the second half for South Korea in its match against Colombia to make her World Cup debut.", "link": "https://www.npr.org/2023/07/25/1189899320/an-american-becomes-the-youngest-to-debut-in-the-womens-world-cup-for-south-kore", "date_published": "2023-07-25T05:45:53+00:00", "persistent": false, "dead": false, "artist": null, "album": null, "user": null, "language": "en-US", "thumbnail": null}, {"source": "https://feeds.npr.org/1001/rss.xml", "title": "A former Northwestern volleyball player is suing the university over alleged hazing", "description": "The former volleyball player is the first female athlete from the university to sue over recent hazing. It's the latest lawsuit over alleged hazing in the school's athletic programs.", "link": "https://www.npr.org/2023/07/24/1189846350/northwestern-hazing-volleyball-lawsuit-football", "date_published": "2023-07-25T00:11:32+00:00", "persistent": false, "dead": false, "artist": null, "album": null, "user": null, "language": "en-US", "thumbnail": null}]