[{"source": "https://www.youtube.com/feeds/videos.xml?channel_id=UCLRlryMfL8ffxzrtqv0_k_w", "title": "The Exorcist: Believer Trailer (2023)", "description": "Official The Exorcist: Believer Movie Trailer 2023 | Subscribe \u27a4 https://abo.yt/ki | Ellen Burstyn Movie Trailer | Cinema: 13 Oct 2023 | More https://KinoCheck.com/movie/tbx/the-exorcist-believer-2023\nThe father of a possessed child seeks out the aid of Chris MacNeil, whose daughter Regan survived a similar possession in the 1970s.\n\nThe Exorcist: Believer rent/buy \u27a4 https://amzo.in/se/The-Exorcist-Believer\nMost popular movies right now \u27a4 https://amzo.in/bestsellermovies\nMost wanted movies of all time \u27a4 https://amzo.in/wishlistmovies\n\nThe Exorcist: Believer (2023) is the new horror movie starring Ellen Burstyn, Linda Blair and Leslie Odom Jr.. The script was written by Danny McBride, Scott Teems & Peter Sattler..\n\nNote | #TheExorcistBeliever #Trailer courtesy of Universal Pictures. | All Rights Reserved. | https://amzo.in are affiliate-links. That add no additional cost to you, but will support our work through a small commission. | #KinoCheck\u00ae", "link": "https://www.youtube.com/watch?v=TkPILz6MFrw", "date_published": "2023-07-25T15:11:48+00:00", "persistent": false, "dead": false, "artist": null, "album": null, "user": null, "language": "en-US", "thumbnail": "https://i1.ytimg.com/vi/TkPILz6MFrw/hqdefault.jpg"}, {"source": "https://www.youtube.com/feeds/videos.xml?channel_id=UCLRlryMfL8ffxzrtqv0_k_w", "title": "Sound of Freedom Trailer (2023)", "description": "Official Sound of Freedom Movie Trailer 2023 | Subscribe \u27a4 https://abo.yt/ki | Jim Caviezel Movie Trailer | Cinema: 4 Jul 2023 | More https://KinoCheck.com/movie/1z0/sound-of-freedom-2023\nThe story of Tim Ballard, a former US government agent, who quits his job in order to devote his life to rescuing children from global sex traffickers.\n\nSound of Freedom rent/buy \u27a4 https://amzo.in/se/Sound-of-Freedom\nMost popular movies right now \u27a4 https://amzo.in/bestsellermovies\nMost wanted movies of all time \u27a4 https://amzo.in/wishlistmovies\n\nSound of Freedom (2023) is the new drama starring Jim Caviezel, Mira Sorvino and Bill Camp.\n\nNote | #SoundOfFreedom #Trailer courtesy of Angel Studios. | All Rights Reserved. | https://amzo.in are affiliate-links. That add no additional cost to you, but will support our work through a small commission. | #KinoCheck\u00ae", "link": "https://www.youtube.com/watch?v=oIha-8aIzRY", "date_published": "2023-07-25T13:06:57+00:00", "persistent": false, "dead": false, "artist": null, "album": null, "user": null, "language": "en-US", "thumbnail": "https://i4.ytimg.com/vi/oIha-8aIzRY/hqdefault.jpg"}]