[{"source": "http://www.pcgamer.com/rss", "title": "Our favorite spy-themed extraction shooter is having a free weekend to launch its second season", "description": "Deceive Inc will be free to play from July 27-30, and it's on sale too.", "link": "https://www.pcgamer.com/our-favorite-spy-themed-extraction-shooter-is-having-a-free-weekend-to-launch-its-second-season", "date_published": "2023-07-25T22:48:15+00:00", "persistent": false, "dead": false, "artist": null, "album": null, "user": null, "language": "en-US", "thumbnail": null}, {"source": "http://www.pcgamer.com/rss", "title": "Starfield persuasion guide: Talking your way out of a space jam", "description": "Everything we know so far about Starfield's dialogue system, persuasion, speech challenges, and how they work.", "link": "https://www.pcgamer.com/starfield-dialogue-persuasion-guide", "date_published": "2023-07-25T22:39:42+00:00", "persistent": false, "dead": false, "artist": null, "album": null, "user": null, "language": "en-US", "thumbnail": null}, {"source": "http://www.pcgamer.com/rss", "title": "The protagonist of this ultra-bleak horror game fights with sadness and gets upgrades by having an avoidant personality", "description": "Unholy is as sullen as it is janky.", "link": "https://www.pcgamer.com/unholy-game-impressions", "date_published": "2023-07-25T22:11:01+00:00", "persistent": false, "dead": false, "artist": null, "album": null, "user": null, "language": "en-US", "thumbnail": null}, {"source": "http://www.pcgamer.com/rss", "title": "A year and a half later and the Steam Deck's trackpads are finally being copied in a new handheld PC", "description": "The Ayaneo Kun is the big boi handheld gaming PC, with a chonky battery, and an 8.4-inch 1600p screen for \"semi-mobile scenarios.\"", "link": "https://www.pcgamer.com/a-year-and-a-half-later-and-the-steam-decks-trackpads-are-finally-being-copied-in-a-new-handheld-pc", "date_published": "2023-07-25T21:34:58+00:00", "persistent": false, "dead": false, "artist": null, "album": null, "user": null, "language": "en-US", "thumbnail": null}, {"source": "http://www.pcgamer.com/rss", "title": "Sorry, Doom dreamers: John Carmack wishes John Romero 'the best' but they're not working on a secret new project together", "description": "Carmack said Romero's new autobiography reminds him of the glory days when they were \"the 3D game hackers.\"", "link": "https://www.pcgamer.com/sorry-doom-dreamers-john-carmack-wishes-john-romero-the-best-but-theyre-not-working-on-a-secret-new-project-together", "date_published": "2023-07-25T21:17:53+00:00", "persistent": false, "dead": false, "artist": null, "album": null, "user": null, "language": "en-US", "thumbnail": null}, {"source": "http://www.pcgamer.com/rss", "title": "ESRB says proposed age verification scan is misunderstood: It doesn't 'confirm the identity of users' and is unrelated to videogame age ratings", "description": "The ESRB's proposed Privacy-Protective Facial Age Estimation system came to light yesterday through an FTC filing.", "link": "https://www.pcgamer.com/esrb-says-proposed-age-verification-scan-is-misunderstood-it-doesnt-confirm-the-identity-of-users-and-is-unrelated-to-videogame-age-ratings", "date_published": "2023-07-25T20:26:40+00:00", "persistent": false, "dead": false, "artist": null, "album": null, "user": null, "language": "en-US", "thumbnail": null}, {"source": "http://www.pcgamer.com/rss", "title": "Dave the Diver was inspired by a real oceanside seafood restaurant\u2026 and Metal Gear Solid", "description": "Game Director Jaeho Hwang tells us what games influenced Dave the Diver, which include Mystery Dungeon and Yakuza.", "link": "https://www.pcgamer.com/dave-the-diver-was-inspired-by-a-real-oceanside-seafood-restaurant-and-metal-gear-solid", "date_published": "2023-07-25T19:58:05+00:00", "persistent": false, "dead": false, "artist": null, "album": null, "user": null, "language": "en-US", "thumbnail": null}, {"source": "http://www.pcgamer.com/rss", "title": "The best thing about Diablo 4 is that it has stopped me from playing Destiny 2", "description": "The only thing that can break the spell of one live service looter is another live service looter.", "link": "https://www.pcgamer.com/the-best-thing-about-diablo-4-is-that-it-has-stopped-me-from-playing-destiny-2", "date_published": "2023-07-25T19:50:40+00:00", "persistent": false, "dead": false, "artist": null, "album": null, "user": null, "language": "en-US", "thumbnail": null}, {"source": "http://www.pcgamer.com/rss", "title": "Every Baldur's Gate 3 romance option: who you can pursue", "description": "Unlock a romance with any of the main origin characters and some of your other party members, too.", "link": "https://www.pcgamer.com/baldurs-gate-3-romance-options-guide", "date_published": "2023-07-25T17:53:22+00:00", "persistent": false, "dead": false, "artist": null, "album": null, "user": null, "language": "en-US", "thumbnail": null}, {"source": "http://www.pcgamer.com/rss", "title": "Armored Core 6 has a 120 fps option, a FromSoftware first on PC", "description": "Glorious mechs, glorious frames.", "link": "https://www.pcgamer.com/armored-core-6-has-a-120-fps-option-a-fromsoftware-first-on-pc", "date_published": "2023-07-25T17:18:21+00:00", "persistent": false, "dead": false, "artist": null, "album": null, "user": null, "language": "en-US", "thumbnail": null}, {"source": "http://www.pcgamer.com/rss", "title": "This fan-made UE5 remake of The Simpsons: Hit & Run looks incredible, and we'll never, ever get to play it", "description": "D'oh!", "link": "https://www.pcgamer.com/this-fan-made-ue5-remake-of-the-simpsons-hit-and-run-looks-incredible-and-well-never-ever-get-to-play-it", "date_published": "2023-07-25T16:30:29+00:00", "persistent": false, "dead": false, "artist": null, "album": null, "user": null, "language": "en-US", "thumbnail": null}, {"source": "http://www.pcgamer.com/rss", "title": "FromSoftware made Elden Ring and Armored Core 6 with a staff of just 300 developers", "description": "The maker of last year's biggest game remains modestly sized by triple-A standards.", "link": "https://www.pcgamer.com/fromsoftware-made-elden-ring-and-armored-core-6-with-a-staff-of-just-300-developers", "date_published": "2023-07-25T16:30:10+00:00", "persistent": false, "dead": false, "artist": null, "album": null, "user": null, "language": "en-US", "thumbnail": null}, {"source": "http://www.pcgamer.com/rss", "title": "Drop Lord of the Rings Dwarvish ENTR", "description": "Sturdy and gorgeously decorated, but a pretty basic feature set under all that finery.", "link": "https://www.pcgamer.com/drop-lord-of-the-rings-dwarvish-entr", "date_published": "2023-07-25T16:26:58+00:00", "persistent": false, "dead": false, "artist": null, "album": null, "user": null, "language": "en-US", "thumbnail": null}, {"source": "http://www.pcgamer.com/rss", "title": "Starfield's surprise anime series features battling mechs and fans are hoping they'll be playable in the game", "description": "The Settled Systems \u2013 A Starfield Animated Anthology is a series of three animated shorts that sets the mood for Bethesda's upcoming RPG.", "link": "https://www.pcgamer.com/starfields-surprise-anime-series-features-battling-mechs-and-fans-are-hoping-theyll-be-playable-in-the-game", "date_published": "2023-07-25T16:23:48+00:00", "persistent": false, "dead": false, "artist": null, "album": null, "user": null, "language": "en-US", "thumbnail": null}, {"source": "http://www.pcgamer.com/rss", "title": "The Banished Vault trapped me in a logistics nightmare and made me hate space, but I still really want to like it", "description": "Is this a turn-based space survival game or maths homework?", "link": "https://www.pcgamer.com/the-banished-vault-trapped-me-in-a-logistics-nightmare-and-made-me-hate-space-but-i-still-really-want-to-like-it", "date_published": "2023-07-25T16:00:54+00:00", "persistent": false, "dead": false, "artist": null, "album": null, "user": null, "language": "en-US", "thumbnail": null}, {"source": "http://www.pcgamer.com/rss", "title": "How to complete A Prayer for Salvation in Diablo 4", "description": "Help Cormond collect three mysterious objects from across Hawezar.", "link": "https://www.pcgamer.com/diablo-4-prayer-for-salvation-item-locations", "date_published": "2023-07-25T15:56:31+00:00", "persistent": false, "dead": false, "artist": null, "album": null, "user": null, "language": "en-US", "thumbnail": null}, {"source": "http://www.pcgamer.com/rss", "title": "Charisma reigns supreme in D&D\u2014the golden child Paladin might just be the most popular class in Baldur's Gate 3", "description": "A fan poll saw all four charisma-based classes hitting the top of the charts.", "link": "https://www.pcgamer.com/charisma-reigns-supreme-in-danddthe-golden-child-paladin-might-just-be-the-most-popular-class-in-baldurs-gate-3", "date_published": "2023-07-25T15:41:37+00:00", "persistent": false, "dead": false, "artist": null, "album": null, "user": null, "language": "en-US", "thumbnail": null}, {"source": "http://www.pcgamer.com/rss", "title": "Armored Core 6 is even more like classic Armored Core than I thought", "description": "Short missions, tons of customization and a lock-on system that straddles the old and the new.", "link": "https://www.pcgamer.com/armored-core-6-is-even-more-like-classic-armored-core-than-i-thought", "date_published": "2023-07-25T15:01:37+00:00", "persistent": false, "dead": false, "artist": null, "album": null, "user": null, "language": "en-US", "thumbnail": null}, {"source": "http://www.pcgamer.com/rss", "title": "Armored Core 6 will have 1v1 duels and 3v3 multiplayer that's like a 'mecha festival with metal flying everywhere'", "description": "Despite focusing on singleplayer, FromSoftware still gave Armored Core PvP a bit of love.", "link": "https://www.pcgamer.com/armored-core-6-pvp-multiplayer-1v1-3v3-details", "date_published": "2023-07-25T15:00:15+00:00", "persistent": false, "dead": false, "artist": null, "album": null, "user": null, "language": "en-US", "thumbnail": null}, {"source": "http://www.pcgamer.com/rss", "title": "Armored Core 6 isn't Robot Souls, or Elden Mech, and now I'm fine with that", "description": "FromSoftware's imminent mech fighter is its own unique, glorious thing.", "link": "https://www.pcgamer.com/armored-core-6-isnt-robot-souls-or-elden-mech-and-now-im-fine-with-that", "date_published": "2023-07-25T15:00:01+00:00", "persistent": false, "dead": false, "artist": null, "album": null, "user": null, "language": "en-US", "thumbnail": null}, {"source": "http://www.pcgamer.com/rss", "title": "Where to find the laser crystal in The Expanse", "description": "Surely this will come in handy in later episodes.", "link": "https://www.pcgamer.com/the-expanse-laser-crystal-location", "date_published": "2023-07-25T14:35:09+00:00", "persistent": false, "dead": false, "artist": null, "album": null, "user": null, "language": "en-US", "thumbnail": null}, {"source": "http://www.pcgamer.com/rss", "title": "Why does it seem like PC ports are getting worse?", "description": "Developers tell us it isn't a PC port problem, it's a videogame development problem. Here's why b0rked releases keep happening.", "link": "https://www.pcgamer.com/why-pc-ports-seem-to-be-getting-worse", "date_published": "2023-07-25T14:34:48+00:00", "persistent": false, "dead": false, "artist": null, "album": null, "user": null, "language": "en-US", "thumbnail": null}, {"source": "http://www.pcgamer.com/rss", "title": "Call of Duty devs get cheeky after Modern Warfare 3 leaks via an energy drink promotion", "description": "War makes Monsters of us all.", "link": "https://www.pcgamer.com/call-of-duty-devs-get-cheeky-after-modern-warfare-3-leaks-via-an-energy-drink-promotion", "date_published": "2023-07-25T14:20:25+00:00", "persistent": false, "dead": false, "artist": null, "album": null, "user": null, "language": "en-US", "thumbnail": null}, {"source": "http://www.pcgamer.com/rss", "title": "The Expanse proves that Telltale is back, baby, and recapturing some of that Walking Dead magic", "description": "It's like Telltale never went away.", "link": "https://www.pcgamer.com/the-expanse-proves-that-telltale-is-back-baby-and-recapturing-some-of-that-walking-dead-magic", "date_published": "2023-07-25T14:00:00+00:00", "persistent": false, "dead": false, "artist": null, "album": null, "user": null, "language": "en-US", "thumbnail": null}, {"source": "http://www.pcgamer.com/rss", "title": "Nerfs aside, one of Diablo 4's strongest Necro builds is even better this season", "description": "Bid farewell to Bone Spear and say hello to Infinimist.", "link": "https://www.pcgamer.com/nerfs-aside-one-of-diablo-4s-strongest-necro-builds-is-even-better-this-season", "date_published": "2023-07-25T12:37:47+00:00", "persistent": false, "dead": false, "artist": null, "album": null, "user": null, "language": "en-US", "thumbnail": null}, {"source": "http://www.pcgamer.com/rss", "title": "Yoshi-P speaks out on Final Fantasy 16 toxicity: 'There's a lot of people who just yell at you'", "description": "A recent documentary went into the Final Fantasy 16 producer's life, work, and the difficulty in facing overly personal criticism.", "link": "https://www.pcgamer.com/yoshi-p-speaks-out-on-final-fantasy-16-toxicity-theres-a-lot-of-people-who-just-yell-at-you", "date_published": "2023-07-25T11:59:51+00:00", "persistent": false, "dead": false, "artist": null, "album": null, "user": null, "language": "en-US", "thumbnail": null}, {"source": "http://www.pcgamer.com/rss", "title": "AMD's Zen 2 chips have a security bug that's getting patched between now and 2024", "description": "Zenbleed shouldn't be left exposed for long, so you best keep an eye out for an upcoming AGESA fix for affected chips.", "link": "https://www.pcgamer.com/amds-zen-2-chips-have-a-security-bug-thats-getting-patched-between-now-and-2024", "date_published": "2023-07-25T11:56:02+00:00", "persistent": false, "dead": false, "artist": null, "album": null, "user": null, "language": "en-US", "thumbnail": null}, {"source": "http://www.pcgamer.com/rss", "title": "Remnant 2 review", "description": "This looter shooter sequel makes subverting expectations a habit.", "link": "https://www.pcgamer.com/remnant-2-review", "date_published": "2023-07-25T11:26:07+00:00", "persistent": false, "dead": false, "artist": null, "album": null, "user": null, "language": "en-US", "thumbnail": null}, {"source": "http://www.pcgamer.com/rss", "title": "Cableless GPUs are a new step in graphics card evolution", "description": "Asus' innovative cable-free graphics cards going into mass production before the end of the year.", "link": "https://www.pcgamer.com/cableless-gpus-are-a-new-step-in-graphics-card-evolution", "date_published": "2023-07-25T11:17:23+00:00", "persistent": false, "dead": false, "artist": null, "album": null, "user": null, "language": "en-US", "thumbnail": null}, {"source": "http://www.pcgamer.com/rss", "title": "Your Diablo 4 stash is tiny because a bigger one would fry your PC: 'This isn't a storage concern, it's a performance concern'", "description": "Unless you have a PC capable of loading in other players' infinite stashes, I guess.", "link": "https://www.pcgamer.com/your-diablo-4-stash-is-tiny-because-a-bigger-one-would-fry-your-pc-this-isnt-a-storage-concern-its-a-performance-concern", "date_published": "2023-07-25T11:03:10+00:00", "persistent": false, "dead": false, "artist": null, "album": null, "user": null, "language": "en-US", "thumbnail": null}, {"source": "http://www.pcgamer.com/rss", "title": "After 200 hours and 44 pages of speculation, one Starfield fan thinks they've found all there is to know about the game's abilities", "description": "When Todd Howard is silent, the detectives come out to play.", "link": "https://www.pcgamer.com/after-200-hours-and-44-pages-of-speculation-one-starfield-fan-thinks-theyve-found-all-there-is-to-know-about-the-games-abilities", "date_published": "2023-07-25T10:53:28+00:00", "persistent": false, "dead": false, "artist": null, "album": null, "user": null, "language": "en-US", "thumbnail": null}, {"source": "http://www.pcgamer.com/rss", "title": "You can vote to get this massive song made with Counter Strike gunshots into CS:GO", "description": "Made by music maker Vengent with little more than in-game samples.", "link": "https://www.pcgamer.com/you-can-vote-to-get-this-massive-song-made-with-counter-strike-gunshots-into-csgo", "date_published": "2023-07-25T10:04:07+00:00", "persistent": false, "dead": false, "artist": null, "album": null, "user": null, "language": "en-US", "thumbnail": null}, {"source": "http://www.pcgamer.com/rss", "title": "AMD's RX 7900 GRE is coming to China, but what's under the hood?", "description": "The Golden Rabbit Edition is coming.", "link": "https://www.pcgamer.com/amds-rx-7900-gre-is-coming-to-china-but-whats-under-the-hood", "date_published": "2023-07-25T09:51:12+00:00", "persistent": false, "dead": false, "artist": null, "album": null, "user": null, "language": "en-US", "thumbnail": null}, {"source": "http://www.pcgamer.com/rss", "title": "Today's Wordle hint and answer #766: Tuesday, July 25", "description": "Trouble solving today's Wordle? Here's the help you need.", "link": "https://www.pcgamer.com/wordle-answer-today-hint-766-july-25", "date_published": "2023-07-25T03:10:43+00:00", "persistent": false, "dead": false, "artist": null, "album": null, "user": null, "language": "en-US", "thumbnail": null}, {"source": "http://www.pcgamer.com/rss", "title": "AMD 3D V-Cache CPUs are coming to laptops, and they'll contend for the gaming crown", "description": "It's about time!", "link": "https://www.pcgamer.com/amd-3d-v-cache-cpus-are-coming-to-laptops-and-theyll-contend-for-the-gaming-crown", "date_published": "2023-07-25T01:43:37+00:00", "persistent": false, "dead": false, "artist": null, "album": null, "user": null, "language": "en-US", "thumbnail": null}, {"source": "http://www.pcgamer.com/rss", "title": "One of Dave The Diver's boss monsters may return in a future update", "description": "One of the undersea bosses you defeat slips away, but it may someday return to fight you again.", "link": "https://www.pcgamer.com/one-of-dave-the-divers-boss-monsters-may-return-in-a-future-update", "date_published": "2023-07-25T00:04:56+00:00", "persistent": false, "dead": false, "artist": null, "album": null, "user": null, "language": "en-US", "thumbnail": null}]