[{"source": "https://tvn24.pl/najwazniejsze.xml", "title": "\"Bardzo niepokoj\u0105ce\" wie\u015bci w sprawie Poczobuta. \"Od 6 lipca Andrzej po prostu znikn\u0105\u0142\"", "description": "<img alt=\"\" src=\"https://tvn24.pl/najnowsze/cdn-zdjecie-kh5mr-andrzej-poczobut-7140639/alternates/LANDSCAPE_1280\" />\n    Przekaza\u0142 wiceprezes Zwi\u0105zku Polak\u00f3w na Bia\u0142orusi Marek Zaniewski.", "link": "https://tvn24.pl/polska/andrzej-poczobut-marek-zaniewski-wiceprezes-zwiazku-polakow-na-bialorusi-przekazal-nowe-informacje-w-sprawie-dziennikarza-i-aktywisty-polskiej-mniejszosci-7258382?source=rss", "date_published": "2023-07-25T20:11:40+00:00", "persistent": false, "dead": false, "artist": null, "album": null, "user": null, "language": "pl-PL", "thumbnail": null}, {"source": "https://tvn24.pl/najwazniejsze.xml", "title": "Tr\u0105ba powietrzna na Podkarpaciu. Wiatr zrywa\u0142 dachy", "description": "<img alt=\"Tr\u0105ba powietrzna na Podkarpaciu. Wiatr zrywa\u0142 dachy\" src=\"https://tvn24.pl/najnowsze/cdn-zdjecie-8pyqg4-traba-drv-7258465/alternates/LANDSCAPE_1280\" />\n    Niebezpiecznie by\u0142o w r\u00f3\u017cnych cz\u0119\u015bciach wojew\u00f3dztwa.", "link": "https://tvn24.pl/tvnmeteo/polska/podkarpacie-traba-powietrzna-wiatr-zrywal-dachy-7258422?source=rss", "date_published": "2023-07-25T20:03:08+00:00", "persistent": false, "dead": false, "artist": null, "album": null, "user": null, "language": "pl-PL", "thumbnail": null}, {"source": "https://tvn24.pl/najwazniejsze.xml", "title": "Ludzkie szcz\u0105tki tu\u017c pod oknami, \"na wsp\u00f3\u0142czesnym, pi\u0119knym osiedlu\"", "description": "<img alt=\"Ludzkie szcz\u0105tki tu\u017c pod oknami, \" src=\"https://tvn24.pl/tvnwarszawa/najnowsze/cdn-zdjecie-2wvyl5-specjalisci-ipn-odkryli-na-terenie-dawnego-aresztu-kolejne-szczatki-ludzkie-7258401/alternates/LANDSCAPE_1280\" />\n    Ofiary stalinowskich zbrodni.", "link": "https://tvn24.pl/tvnwarszawa/praga-polnoc/warszawa-badacze-odkryli-szczatki-ludzkie-na-terenie-dawnego-wiezienia-toledo-na-pradze-7258391?source=rss", "date_published": "2023-07-25T19:58:38+00:00", "persistent": false, "dead": false, "artist": null, "album": null, "user": null, "language": "pl-PL", "thumbnail": null}, {"source": "https://tvn24.pl/najwazniejsze.xml", "title": "Ludzie uciekali przed \u015bcian\u0105 ognia. Nie \u017cyj\u0105 34 osoby", "description": "<img alt=\"Ludzie uciekali przed \u015bcian\u0105 ognia. Nie \u017cyj\u0105 34 osoby\" src=\"https://tvn24.pl/tvnmeteo/najnowsze/cdn-zdjecie-s1hdbq-pozary-w-algierii-7258212/alternates/LANDSCAPE_1280\" />\n    Po\u017cary trawi\u0105 Algieri\u0119.", "link": "https://tvn24.pl/tvnmeteo/swiat/ludzie-uciekali-przed-sciana-ognia-nie-zyja-34-osoby-7258188?source=rss", "date_published": "2023-07-25T19:02:21+00:00", "persistent": false, "dead": false, "artist": null, "album": null, "user": null, "language": "pl-PL", "thumbnail": null}, {"source": "https://tvn24.pl/najwazniejsze.xml", "title": "Morawska-Stanecka: sprawa pani Joanny nie powinna by\u0107 oboj\u0119tna dla \u017cadnego obywatela", "description": "<img alt=\"Morawska-Stanecka: sprawa pani Joanny nie powinna by\u0107 oboj\u0119tna dla \u017cadnego obywatela\" src=\"https://tvn24.pl/najnowsze/cdn-zdjecie-thkidp-25-1930-fpf-cl-0046-7258298/alternates/LANDSCAPE_1280\" />\n    Gabriela Morawska-Stanecka i Monika Wielichowska w \"Faktach po Faktach\".", "link": "https://tvn24.pl/polska/sprawa-pani-joanny-morawska-stanecka-nie-powinna-byc-obojetna-dla-zadnego-obywatela-7258204?source=rss", "date_published": "2023-07-25T18:58:39+00:00", "persistent": false, "dead": false, "artist": null, "album": null, "user": null, "language": "pl-PL", "thumbnail": null}, {"source": "https://tvn24.pl/najwazniejsze.xml", "title": "Kolejni rezerwi\u015bci chc\u0105 wstrzymania s\u0142u\u017cby. Minister o \"przy\u0142o\u017ceniu pistoletu do g\u0142owy rz\u0105du\"", "description": "<img alt=\"Kolejni rezerwi\u015bci chc\u0105 wstrzymania s\u0142u\u017cby. Minister o \" src=\"https://tvn24.pl/najnowsze/cdn-zdjecie-hivjg1-izraelska-armia-6899345/alternates/LANDSCAPE_1280\" />\n    Rz\u0105d Izraela forsuje kontrowersyjn\u0105 reform\u0119 s\u0105downictwa.", "link": "https://tvn24.pl/polska/izrael-parlament-poparl-ustawe-o-zmianach-w-sadownictwie-protestuja-rezerwisci-i-lekarze-7258318?source=rss", "date_published": "2023-07-25T18:46:27+00:00", "persistent": false, "dead": false, "artist": null, "album": null, "user": null, "language": "pl-PL", "thumbnail": null}, {"source": "https://tvn24.pl/najwazniejsze.xml", "title": "Pakt senacki to \"kwestia kilku najbli\u017cszych dni\"", "description": "<img alt=\"Pakt senacki to \" src=\"https://fakty.tvn24.pl/najnowsze/cdn-zdjecie-ar0ea1-kkz-7258342/alternates/LANDSCAPE_1280\" />\n    Liderzy opozycji - jak zapewniaj\u0105 - zbli\u017caj\u0105 si\u0119 do ko\u0144ca ustale\u0144 w sprawie kandydat\u00f3w do Senatu. W\u015br\u00f3d nich mo\u017ce by\u0107 wielu samorz\u0105dowc\u00f3w.", "link": "https://fakty.tvn24.pl/zobacz-fakty/pakt-senacki-to-kwestia-kilku-najblizszych-dni-ma-byc-duzo-kandydatow-sposrod-samorzadowcow-7258340?source=rss", "date_published": "2023-07-25T18:43:00+00:00", "persistent": false, "dead": false, "artist": null, "album": null, "user": null, "language": "pl-PL", "thumbnail": null}, {"source": "https://tvn24.pl/najwazniejsze.xml", "title": "\"Bezpiecze\u0144stwo Polski jest zagwarantowane\"", "description": "<img alt=\"\" src=\"https://tvn24.pl/najnowsze/cdn-zdjecie-uytzru-marcin-wrona-w-rozmowie-z-ambasadorem-usa-przy-obwe-michaelem-carpenterem-7258260/alternates/LANDSCAPE_1280\" />\n    Michael Carpenter, ambasador USA przy OBWE, w rozmowie z korespondentem \"Fakt\u00f3w\" TVN.", "link": "https://tvn24.pl/polska/alaksandr-lukaszenka-o-grupie-wagnera-i-polsce-ambasador-usa-przy-obwe-michael-carpenter-bezpieczenstwo-polski-jest-zagwarantowane-7258238?source=rss", "date_published": "2023-07-25T18:30:26+00:00", "persistent": false, "dead": false, "artist": null, "album": null, "user": null, "language": "pl-PL", "thumbnail": null}, {"source": "https://tvn24.pl/najwazniejsze.xml", "title": "Wiatr \u0142ama\u0142 drzewa, konary przygniata\u0142y samochody. Sze\u015b\u0107 os\u00f3b rannych", "description": "<img alt=\"Wiatr \u0142ama\u0142 drzewa, konary przygniata\u0142y samochody. Sze\u015b\u0107 os\u00f3b rannych\" src=\"https://tvn24.pl/tvnmeteo/najnowsze/cdn-zdjecie-7r2zyo-po-burzach-w-berlinie-7258088/alternates/LANDSCAPE_1280\" />\n    Nawa\u0142nice przesz\u0142y przez wschodnie Niemcy.", "link": "https://tvn24.pl/tvnmeteo/swiat/niemcy-wiatr-lamal-drzewa-konary-przygniataly-samochody-szesc-osob-rannych-7258065?source=rss", "date_published": "2023-07-25T17:58:53+00:00", "persistent": false, "dead": false, "artist": null, "album": null, "user": null, "language": "pl-PL", "thumbnail": null}, {"source": "https://tvn24.pl/najwazniejsze.xml", "title": "Po\u017cary na Rodos. Jest o\u015bwiadczenie polskiego przewo\u017anika", "description": "<img alt=\"Po\u017cary na Rodos. Jest o\u015bwiadczenie polskiego przewo\u017anika\" src=\"https://tvn24.pl/najnowsze/cdn-zdjecie-s0pdce-rodos-7256728/alternates/LANDSCAPE_1280\" />\n    \"Sytuacja jest skomplikowana\".", "link": "https://tvn24.pl/biznes/ze-swiata/grecja-pozary-na-rodos-enter-air-zapewnia-ze-stara-sie-jak-najszybciej-sprowadzic-polakow-7258205?source=rss", "date_published": "2023-07-25T17:46:04+00:00", "persistent": false, "dead": false, "artist": null, "album": null, "user": null, "language": "pl-PL", "thumbnail": null}, {"source": "https://tvn24.pl/najwazniejsze.xml", "title": "Rossmann wycofuje parti\u0119 produktu", "description": "<img alt=\"Rossmann wycofuje parti\u0119 produktu\" src=\"https://tvn24.pl/najnowsze/cdn-zdjecie-qqbpe7-30-osobowa-grupa-spladrowala-sklep-policja-szuka-swiadkow-6846092/alternates/LANDSCAPE_1280\" />\n    Ostrze\u017cenie GIS.", "link": "https://tvn24.pl/biznes/z-kraju/rossmann-wycofuje-chipsy-warzywne-ostrzezenie-gis-7258162?source=rss", "date_published": "2023-07-25T17:21:43+00:00", "persistent": false, "dead": false, "artist": null, "album": null, "user": null, "language": "pl-PL", "thumbnail": null}, {"source": "https://tvn24.pl/najwazniejsze.xml", "title": "Dobre przetarcie \u015awi\u0105tek w Warszawie. Rywalka postawi\u0142a si\u0119", "description": "<img alt=\"Dobre przetarcie \u015awi\u0105tek w Warszawie. Rywalka postawi\u0142a si\u0119\" src=\"https://tvn24.pl/najnowsze/cdn-zdjecie-875cne-swiatek-w-meczu-1-7258207/alternates/LANDSCAPE_1280\" />\n    Liderka \u015bwiatowego rankingu po rocznej przerwie zaprezentowa\u0142a si\u0119 przed sto\u0142eczn\u0105 widowni\u0105.", "link": "https://eurosport.tvn24.pl/tenis/wta-warszawa/2023/iga-swiatek-nigina-abduraimowa-wynik-meczu-i-relacja-tenis_sto9717118/story.shtml?source=rss", "date_published": "2023-07-25T17:19:00+00:00", "persistent": false, "dead": false, "artist": null, "album": null, "user": null, "language": "pl-PL", "thumbnail": null}, {"source": "https://tvn24.pl/najwazniejsze.xml", "title": "Ostrze\u017cenie z Londynu: Rosja mo\u017ce atakowa\u0107 cywilne statki", "description": "<img alt=\"Ostrze\u017cenie z Londynu: Rosja mo\u017ce atakowa\u0107 cywilne statki \" src=\"https://tvn24.pl/najnowsze/cdn-zdjecie-bpjzv4-port-w-odessie-na-zdjeciu-z-29-grudnia-2022-roku-7258163/alternates/LANDSCAPE_1280\" />\n    Nasze informacje wskazuj\u0105 r\u00f3wnie\u017c, \u017ce Rosja rozmie\u015bci\u0142a dodatkowe miny morskie na podej\u015bciach do ukrai\u0144skich port\u00f3w - przekaza\u0142a Barbara Woodward.", "link": "https://tvn24.pl/swiat/umowa-zbozowa-morze-czarne-rosja-grozi-statkom-plynacych-do-ukrainy-brytyjska-ambasador-przy-onz-o-dzialaniach-rosjan-7258137?source=rss", "date_published": "2023-07-25T17:11:24+00:00", "persistent": false, "dead": false, "artist": null, "album": null, "user": null, "language": "pl-PL", "thumbnail": null}, {"source": "https://tvn24.pl/najwazniejsze.xml", "title": "Ciastko chronione prawem. \"To s\u0142odki symbol Warszawy\"", "description": "<img alt=\"Ciastko chronione prawem. \" src=\"https://tvn24.pl/tvnwarszawa/najnowsze/cdn-zdjecie-sahn24-wuzetka-na-trasie-w-z-7258068/alternates/LANDSCAPE_1280\" />\n    W sobot\u0119 rozdadz\u0105 tysi\u0105c wuzetek.", "link": "https://tvn24.pl/tvnwarszawa/najnowsze/warszawa-wuzetka-na-liscie-produktow-tradycyjnych-beda-rozdawac-wuzetki-gdzie-kiedy-7258067?source=rss", "date_published": "2023-07-25T17:10:29+00:00", "persistent": false, "dead": false, "artist": null, "album": null, "user": null, "language": "pl-PL", "thumbnail": null}, {"source": "https://tvn24.pl/najwazniejsze.xml", "title": "Demonstracje solidarno\u015bciowe z pani\u0105 Joann\u0105", "description": "<img alt=\"Demonstracje solidarno\u015bciowe z pani\u0105 Joann\u0105\" src=\"https://tvn24.pl/najnowsze/cdn-zdjecie-m0ybi7-pani-joanna-podczas-manifestacji-w-krakowie-7258131/alternates/LANDSCAPE_1280\" />\n    G\u0142\u00f3wny protest zorganizowano w Krakowie.", "link": "https://tvn24.pl/polska/sprawa-pani-joanny-demonstracje-solidarnosciowe-w-wielu-miastach-polski-miedzy-innymi-krakowie-7257976?source=rss", "date_published": "2023-07-25T16:58:46+00:00", "persistent": false, "dead": false, "artist": null, "album": null, "user": null, "language": "pl-PL", "thumbnail": null}, {"source": "https://tvn24.pl/najwazniejsze.xml", "title": "Za\u0142amanie pogody, trzy fale ulew. \"Sytuacja mo\u017ce by\u0107 bardzo niebezpieczna\"", "description": "<img alt=\"Za\u0142amanie pogody, trzy fale ulew. \" src=\"https://tvn24.pl/tvnmeteo/najnowsze/cdn-zdjecie-raw10c-pogoda-7258070/alternates/LANDSCAPE_1280\" />\n    Prognoza pogody na najbli\u017csze dni.", "link": "https://tvn24.pl/tvnmeteo/pogoda/zalamanie-pogody-ulewy-w-polsce-mozliwe-podtopienia-sytuacja-moze-byc-bardzo-niebezpieczna-pogoda-na-5-dni-7258009?source=rss", "date_published": "2023-07-25T16:09:47+00:00", "persistent": false, "dead": false, "artist": null, "album": null, "user": null, "language": "pl-PL", "thumbnail": null}, {"source": "https://tvn24.pl/najwazniejsze.xml", "title": "\u015awi\u0105tek ju\u017c w akcji. Pierwszy mecz w Warszawie", "description": "<img alt=\"\u015awi\u0105tek ju\u017c w akcji. Pierwszy mecz w Warszawie\" src=\"https://tvn24.pl/najnowsze/cdn-zdjecie-oojulw-iga-swiatek-7257951/alternates/LANDSCAPE_1280\" />\n    Relacja i wynik na \u017cywo w eurosport.pl.", "link": "https://eurosport.tvn24.pl/tenis/wta-warszawa/2023/live-iga-swiatek-nigina-abduraimova_mtc1455122/live.shtml?source=rss", "date_published": "2023-07-25T16:04:00+00:00", "persistent": false, "dead": false, "artist": null, "album": null, "user": null, "language": "pl-PL", "thumbnail": null}, {"source": "https://tvn24.pl/najwazniejsze.xml", "title": "Dramat podczas treningu. Syn LeBrona Jamesa dozna\u0142 zawa\u0142u serca", "description": "<img alt=\"Dramat podczas treningu. Syn LeBrona Jamesa dozna\u0142 zawa\u0142u serca\" src=\"https://tvn24.pl/najnowsze/cdn-zdjecie-k5rigs-bronny-james-to-syn-lebrona-jamesa-7258092/alternates/LANDSCAPE_1280\" />\n    Niepokoj\u0105ce wie\u015bci nadesz\u0142y ze Stan\u00f3w Zjednoczonych.", "link": "https://eurosport.tvn24.pl/koszykowka/nba/2022-2023/bronny-james-syn-lebrona-jamesa-doznal-zawalu-serca-na-treningu_sto9716963/story.shtml?source=rss", "date_published": "2023-07-25T16:00:53+00:00", "persistent": false, "dead": false, "artist": null, "album": null, "user": null, "language": "pl-PL", "thumbnail": null}, {"source": "https://tvn24.pl/najwazniejsze.xml", "title": "Rok wi\u0119zienia w zawieszeniu dla ginekologa za przyj\u0119cie pieni\u0119dzy i pomoc w aborcji", "description": "<img alt=\"Rok wi\u0119zienia w zawieszeniu dla ginekologa za przyj\u0119cie pieni\u0119dzy i pomoc w aborcji\" src=\"https://tvn24.pl/najnowsze/cdn-zdjecie-tzfgwf-shutterstock_513397180-7258037/alternates/LANDSCAPE_1280\" />\n    Do zabiegu ostatecznie nie dosz\u0142o.", "link": "https://tvn24.pl/polska/radom-rok-wiezienia-w-zawieszeniu-dla-ginekologa-za-przyjecie-pieniedzy-i-pomoc-w-aborcji-do-zabiegu-nie-doszlo-7258030?source=rss", "date_published": "2023-07-25T15:43:38+00:00", "persistent": false, "dead": false, "artist": null, "album": null, "user": null, "language": "pl-PL", "thumbnail": null}, {"source": "https://tvn24.pl/najwazniejsze.xml", "title": "Sejm nie planuje szybkiego uzupe\u0142nienia sk\u0142adu komisji ds. pedofilii. \"Nie wiem, jak to skomentowa\u0107\"", "description": "<img alt=\"Sejm nie planuje szybkiego uzupe\u0142nienia sk\u0142adu komisji ds. pedofilii. \" src=\"https://tvn24.pl/najnowsze/cdn-zdjecie-l4o4uw-sejm-7222847/alternates/LANDSCAPE_1280\" />\n    B\u0142a\u017cej Kmieciak odni\u00f3s\u0142 si\u0119 do s\u0142\u00f3w szefa sejmowej komisji sprawiedliwo\u015bci Marka Asta.", "link": "https://tvn24.pl/polska/komisja-do-spraw-pedofilii-marek-ast-uzupelnienie-skladu-komisji-raczej-w-kolejnej-kadencji-sejmu-blazej-kmieciak-nie-wiem-jak-to-skomentowac-7257996?source=rss", "date_published": "2023-07-25T15:42:14+00:00", "persistent": false, "dead": false, "artist": null, "album": null, "user": null, "language": "pl-PL", "thumbnail": null}, {"source": "https://tvn24.pl/najwazniejsze.xml", "title": "Rosyjski my\u015bliwiec uszkodzi\u0142 ameryka\u0144skiego drona. Nagranie", "description": "<img alt=\"Rosyjski my\u015bliwiec uszkodzi\u0142 ameryka\u0144skiego drona. Nagranie\" src=\"https://tvn24.pl/najnowsze/cdn-zdjecie-18ewux-usa-sily-powietrzne-rosyjski-mysliwiec-uszkodzil-amerykanskiego-drona-nad-syria-7257958/alternates/LANDSCAPE_1280\" />\n    Mimo uszkodze\u0144 pilotom uda\u0142o si\u0119 \u015bci\u0105gn\u0105\u0107 maszyn\u0119 do bazy.", "link": "https://tvn24.pl/swiat/sily-powietrzne-usa-rosyjski-mysliwiec-uszkodzil-amerykanskiego-drona-opublikowano-nagranie-7257972?source=rss", "date_published": "2023-07-25T15:07:44+00:00", "persistent": false, "dead": false, "artist": null, "album": null, "user": null, "language": "pl-PL", "thumbnail": null}, {"source": "https://tvn24.pl/najwazniejsze.xml", "title": "Delegacje Chin i Rosji jad\u0105 do Korei P\u00f3\u0142nocnej", "description": "<img alt=\"Delegacje Chin i Rosji jad\u0105 do Korei P\u00f3\u0142nocnej\" src=\"https://tvn24.pl/najnowsze/cdn-zdjecie-yp3vtj-kim-dzong-un-7257876/alternates/LANDSCAPE_1280\" />\n    \"W historycznym momencie\".", "link": "https://tvn24.pl/swiat/korea-polnocna-wizyta-delegacji-chin-i-rosji-z-okazji-70-rocznicy-wojny-koreanskiej-7257540?source=rss", "date_published": "2023-07-25T15:03:46+00:00", "persistent": false, "dead": false, "artist": null, "album": null, "user": null, "language": "pl-PL", "thumbnail": null}, {"source": "https://tvn24.pl/najwazniejsze.xml", "title": "Po skandalu m\u00f3wi\u0142 o niej ca\u0142y tenisowy \u015bwiat", "description": "<img alt=\"Po skandalu m\u00f3wi\u0142 o niej ca\u0142y tenisowy \u015bwiat\" src=\"https://tvn24.pl/najnowsze/cdn-zdjecie-4129zr-shuai-zhang-odpadla-w-pierwszej-rundzie-7258001/alternates/LANDSCAPE_1280\" />\n    Chinka przegra\u0142a w Warszawie.", "link": "https://eurosport.tvn24.pl/tenis/wta-warszawa/2023/shuai-zhang-tereza-martincova-wynik-meczu-i-relacja-tenis_sto9716923/story.shtml?source=rss", "date_published": "2023-07-25T14:59:50+00:00", "persistent": false, "dead": false, "artist": null, "album": null, "user": null, "language": "pl-PL", "thumbnail": null}, {"source": "https://tvn24.pl/najwazniejsze.xml", "title": "\"Jak oni tak ratuj\u0105, to niech zajm\u0105 si\u0119 ju\u017c wystrzeliwaniem z granatnik\u00f3w i ci\u0119ciem konfetti\"", "description": "<img alt=\"\" src=\"https://tvn24.pl/najnowsze/cdn-zdjecie-eypgm0-8-kijowska-0019-7246039/alternates/LANDSCAPE_1280\" />\n    Komentarze opozycji.", "link": "https://tvn24.pl/polska/sprawa-pani-joanny-szef-mswia-broni-interwencji-policji-komentarze-opozycji-7257584?source=rss", "date_published": "2023-07-25T14:40:39+00:00", "persistent": false, "dead": false, "artist": null, "album": null, "user": null, "language": "pl-PL", "thumbnail": null}, {"source": "https://tvn24.pl/najwazniejsze.xml", "title": "Zastanawiaj\u0105ce zachowanie norweskiej gwiazdy", "description": "<img alt=\"Zastanawiaj\u0105ce zachowanie norweskiej gwiazdy\" src=\"https://tvn24.pl/najnowsze/cdn-zdjecie-bg5wjk-ada-hegerberg-7257954/alternates/LANDSCAPE_1280\" />\n    Znikn\u0119\u0142a z boiska tu\u017c przed meczem.", "link": "https://eurosport.tvn24.pl/pilka-nozna/mistrzostwa-swiata-kobiet/2023/zastanawiajace-zachowanie-norweskiej-gwiazdy.-zniknela-z-boiska-tuz-przed-meczem_sto9716746/story.shtml?source=rss", "date_published": "2023-07-25T14:24:00+00:00", "persistent": false, "dead": false, "artist": null, "album": null, "user": null, "language": "pl-PL", "thumbnail": null}, {"source": "https://tvn24.pl/najwazniejsze.xml", "title": "Rok marze\u0144. Warner Bros. Discovery \u015bwi\u0119tuje specjalnymi programami", "description": "<img alt=\"Rok marze\u0144. Warner Bros. Discovery \u015bwi\u0119tuje specjalnymi programami\" src=\"https://tvn24.pl/najnowsze/cdn-zdjecie-3s0m13-rok-do-igrzysk-w-paryzu-7257953/alternates/LANDSCAPE_1280\" />\n    W \u015brod\u0119 26 lipca WBD uczci rok do igrzysk specjalnymi programami na czele z wyj\u0105tkowym dokumentem \"Paris, La Vie Sportive\".", "link": "https://eurosport.tvn24.pl/igrzyska/olympic-games-2024/2024/rok-marzen-warner-bros.-discovery-swietuje-rok-do-igrzysk-w-paryzu-specjalnymi-programami_sto9716887/story.shtml?source=rss", "date_published": "2023-07-25T14:21:41+00:00", "persistent": false, "dead": false, "artist": null, "album": null, "user": null, "language": "pl-PL", "thumbnail": null}, {"source": "https://tvn24.pl/najwazniejsze.xml", "title": "Poca\u0142owa\u0142 na scenie basist\u0119. Odwo\u0142ano festiwal, zesp\u00f3\u0142 z zakazem koncertowania", "description": "<img alt=\"Poca\u0142owa\u0142 na scenie basist\u0119. Odwo\u0142ano festiwal, zesp\u00f3\u0142 z zakazem koncertowania\" src=\"https://tvn24.pl/najnowsze/cdn-zdjecie-rzlwcy-zespol-the-1975-7255811/alternates/LANDSCAPE_1280\" />\n    W\u0142adze o \"bardzo lekcewa\u017c\u0105cym\" zachowaniu.", "link": "https://tvn24.pl/swiat/malezja-zespol-the-1975-z-zakazem-koncertow-matty-healy-pocalowal-na-scenie-basiste-7255776?source=rss", "date_published": "2023-07-25T14:07:52+00:00", "persistent": false, "dead": false, "artist": null, "album": null, "user": null, "language": "pl-PL", "thumbnail": null}, {"source": "https://tvn24.pl/najwazniejsze.xml", "title": "Prokuratura wszczyna \u015bledztwo, WIO\u015a potwierdza ska\u017cenie", "description": "<img alt=\"Prokuratura wszczyna \u015bledztwo, WIO\u015a potwierdza ska\u017cenie\" src=\"https://tvn24.pl/polska/cdn-zdjecie-iskc62-zielona-gora-pozar-7254866/alternates/LANDSCAPE_1280\" />\n    Ekspert: gleba zanieczyszczona na kilka metr\u00f3w w g\u0142\u0105b.", "link": "https://tvn24.pl/poznan/pozar-skladowiska-w-przylepie-prokuratura-wszczyna-sledztwo-wios-potwierdza-skazenie-7257836?source=rss", "date_published": "2023-07-25T14:03:48+00:00", "persistent": false, "dead": false, "artist": null, "album": null, "user": null, "language": "pl-PL", "thumbnail": null}, {"source": "https://tvn24.pl/najwazniejsze.xml", "title": "Koniec z u\u017cytkowaniem wieczystym. Jest podpis prezydenta", "description": "<img alt=\"Koniec z u\u017cytkowaniem wieczystym. Jest podpis prezydenta\" src=\"https://tvn24.pl/najnowsze/cdn-zdjecie-k6frx1-nieruchomosci-mieszkania-deweloper-deweloperzy-kredyt-hipoteczny-budowa-7192354/alternates/LANDSCAPE_1280\" />\n    Poinformowa\u0142a Kancelaria Prezydenta RP.", "link": "https://tvn24.pl/biznes/nieruchomosci/likwidacja-uzytkowania-wieczystego-prezydent-andrzej-duda-podpisal-ustawe-7257897?source=rss", "date_published": "2023-07-25T14:01:56+00:00", "persistent": false, "dead": false, "artist": null, "album": null, "user": null, "language": "pl-PL", "thumbnail": null}, {"source": "https://tvn24.pl/najwazniejsze.xml", "title": "By\u0142 \"wschodz\u0105c\u0105 gwiazd\u0105\", nagle znik\u0142", "description": "<img alt=\"By\u0142 \" src=\"https://tvn24.pl/najnowsze/cdn-zdjecie-g4sfa3-byly-minister-spraw-zagranicznych-chin-qin-gang-7257732/alternates/LANDSCAPE_1280\" />\n    Zagadka dymisji szefa chi\u0144skiego MSZ.", "link": "https://tvn24.pl/swiat/chiny-minister-spraw-zagranicznych-qin-gang-dymisja-miesiac-po-tajemniczym-zniknieciu-7257655?source=rss", "date_published": "2023-07-25T13:32:22+00:00", "persistent": false, "dead": false, "artist": null, "album": null, "user": null, "language": "pl-PL", "thumbnail": null}, {"source": "https://tvn24.pl/najwazniejsze.xml", "title": "Tak wygl\u0105da\u0142y dzisiaj gazety w Izraelu", "description": "<img alt=\"Tak wygl\u0105da\u0142y dzisiaj gazety w Izraelu \" src=\"https://tvn24.pl/najnowsze/cdn-zdjecie-62qulj-czolowe-izraelskie-gazety-mialy-dzis-czarna-pierwsza-strone-7257811/alternates/LANDSCAPE_1280\" />\n    Odpowied\u017a na poniedzia\u0142kow\u0105 decyzj\u0119 izraelskiego parlamentu.", "link": "https://tvn24.pl/swiat/izrael-czarne-plansze-na-pierwszych-stronach-izraelskich-gazet-7257396?source=rss", "date_published": "2023-07-25T13:31:36+00:00", "persistent": false, "dead": false, "artist": null, "album": null, "user": null, "language": "pl-PL", "thumbnail": null}, {"source": "https://tvn24.pl/najwazniejsze.xml", "title": "To najcz\u0119\u015bciej wyszukiwana torebka. Jej cena przyprawia o zawr\u00f3t g\u0142owy", "description": "<img alt=\"To najcz\u0119\u015bciej wyszukiwana torebka. Jej cena przyprawia o zawr\u00f3t g\u0142owy\" src=\"https://tvn24.pl/najnowsze/cdn-zdjecie-64y54a-shutterstock_2334966263-7257541/alternates/LANDSCAPE_1280\" />\n    Zaprojektowana na cze\u015b\u0107 artystki.", "link": "https://tvn24.pl/biznes/ze-swiata/hermes-birkin-najczesciej-wyszukiwana-torebka-na-swiecie-7257453?source=rss", "date_published": "2023-07-25T13:29:49+00:00", "persistent": false, "dead": false, "artist": null, "album": null, "user": null, "language": "pl-PL", "thumbnail": null}, {"source": "https://tvn24.pl/najwazniejsze.xml", "title": "Tragiczny wypadek na budowie, nie \u017cyje przygnieciony przez \u015bcian\u0119 17-latek", "description": "<img alt=\"Tragiczny wypadek na budowie, nie \u017cyje przygnieciony przez \u015bcian\u0119 17-latek\" src=\"https://tvn24.pl/najnowsze/cdn-zdjecie-xf5g1f-tragiczny-wypadek-na-budowie-nie-zyje-17-latek-7257756/alternates/LANDSCAPE_1280\" />\n    Do dramatu dosz\u0142o w centrum Lublina.", "link": "https://tvn24.pl/bialystok/lublin-tragiczny-wypadek-na-budowie-nie-zyje-17-latek-7257743?source=rss", "date_published": "2023-07-25T13:17:49+00:00", "persistent": false, "dead": false, "artist": null, "album": null, "user": null, "language": "pl-PL", "thumbnail": null}, {"source": "https://tvn24.pl/najwazniejsze.xml", "title": "Politycy PiS: ub\u00f3stwo \"uda\u0142o si\u0119 zlikwidowa\u0107\", \"praktycznie znikn\u0119\u0142o\". Nie, nie znikn\u0119\u0142o", "description": "<img alt=\"Politycy PiS: ub\u00f3stwo \" src=\"https://tvn24.pl/najnowsze/cdn-zdjecie-uge72t-kowalczyk-ubostwo-dzieki-rzadowi-pis-praktycznie-zniknelo-nie-nie-zniknelo-7257680/alternates/LANDSCAPE_1280\" />\n    W Polsce wci\u0105\u017c miliony ludzi \u017cyj\u0105 w ub\u00f3stwie.", "link": "https://konkret24.tvn24.pl/polska/politycy-pis-ubostwo-udalo-sie-zlikwidowac-praktycznie-zniknelo-nie-nie-zniknelo-st7255078?source=rss", "date_published": "2023-07-25T13:12:43+00:00", "persistent": false, "dead": false, "artist": null, "album": null, "user": null, "language": "pl-PL", "thumbnail": null}, {"source": "https://tvn24.pl/najwazniejsze.xml", "title": "W Chorwacji czerwony alert, we W\u0142oszech w nawa\u0142nicach zgin\u0119\u0142y dwie osoby", "description": "<img alt=\"W Chorwacji czerwony alert, we W\u0142oszech w nawa\u0142nicach zgin\u0119\u0142y dwie osoby\" src=\"https://tvn24.pl/tvnmeteo/najnowsze/cdn-zdjecie-erab0q-meteo-7257738/alternates/LANDSCAPE_1280\" />\n    Po\u0142udniu Europy zagra\u017caj\u0105 nie tylko po\u017cary.", "link": "https://tvn24.pl/tvnmeteo/swiat/chorwacja-wlochy-burze-nawalnice-czerwony-alert-przed-burzami-we-wloszech-dwie-ofiary-smiertelne-7257527?source=rss", "date_published": "2023-07-25T13:09:37+00:00", "persistent": false, "dead": false, "artist": null, "album": null, "user": null, "language": "pl-PL", "thumbnail": null}, {"source": "https://tvn24.pl/najwazniejsze.xml", "title": "Kibice Puszczy poszli \u015bladem Japo\u0144czyk\u00f3w", "description": "<img alt=\"Kibice Puszczy poszli \u015bladem Japo\u0144czyk\u00f3w\" src=\"https://tvn24.pl/najnowsze/cdn-zdjecie-jc2yv6-kibice-puszczy-niepolomice-po-meczu-z-widzewem-7257805/alternates/LANDSCAPE_1280\" />\n    Po ich wizycie na meczu nie ma \u015bladu", "link": "https://eurosport.tvn24.pl/pilka-nozna/pko-bp-ekstraklasa/2023-2024/kibice-puszczy-niepolomice-posprzatali-swoj-sektor-po-meczu-z-widzewa-lodz_sto9716584/story.shtml?source=rss", "date_published": "2023-07-25T13:05:12+00:00", "persistent": false, "dead": false, "artist": null, "album": null, "user": null, "language": "pl-PL", "thumbnail": null}, {"source": "https://tvn24.pl/najwazniejsze.xml", "title": "Samolot gasz\u0105cy po\u017cary rozbi\u0142 si\u0119 w Grecji", "description": "<img alt=\"Samolot gasz\u0105cy po\u017cary rozbi\u0142 si\u0119 w Grecji\" src=\"https://tvn24.pl/najnowsze/cdn-zdjecie-1rwdd5-pozary-w-grecji-7257727/alternates/LANDSCAPE_1280\" />\n    W okolicach miejscowo\u015bci Platanistos na wyspie Eubea.", "link": "https://tvn24.pl/swiat/grecja-pozary-samolot-gasniczy-rozbil-sie-w-miescie-platanistos-7257716?source=rss", "date_published": "2023-07-25T12:49:16+00:00", "persistent": false, "dead": false, "artist": null, "album": null, "user": null, "language": "pl-PL", "thumbnail": null}, {"source": "https://tvn24.pl/najwazniejsze.xml", "title": "Samolot gasz\u0105cy po\u017cary rozbi\u0142 si\u0119 w Grecji. Piloci nie prze\u017cyli", "description": "<img alt=\"Samolot gasz\u0105cy po\u017cary rozbi\u0142 si\u0119 w Grecji. Piloci nie prze\u017cyli\" src=\"https://tvn24.pl/najnowsze/cdn-zdjecie-yixdvg-2023-07-25t135043z_1_lwd979225072023rp1_rtrwnev_c_9792-europe-weather-greece-wildfire-crash-0008-7257912/alternates/LANDSCAPE_1280\" />\n    Do katastrofy dosz\u0142o w okolicach miejscowo\u015bci Platanistos na wyspie Eubea.", "link": "https://tvn24.pl/swiat/grecja-pozary-samolot-gasniczy-rozbil-sie-w-miescie-platanistos-piloci-nie-zyja-7257716?source=rss", "date_published": "2023-07-25T12:49:16+00:00", "persistent": false, "dead": false, "artist": null, "album": null, "user": null, "language": "pl-PL", "thumbnail": null}, {"source": "https://tvn24.pl/najwazniejsze.xml", "title": "\"Dyktatura? Tak, poprosz\u0119!\" Czy Europejczykom znudzi\u0142a si\u0119 demokracja?", "description": "<img alt=\"\" src=\"https://tvn24.pl/najnowsze/cdn-zdjecie-38jzy1-gettyimages-1523345761-7257180/alternates/LANDSCAPE_1280\" />\n    Winston Churchill, premier, kt\u00f3ry przeprowadzi\u0142 Wielk\u0105 Brytani\u0119 przez wojenn\u0105 zawieruch\u0119, mia\u0142 kiedy\u015b stwierdzi\u0107 z charakterystycznym dla siebie przek\u0105sem, \u017ce demokracja jest najgorszym z mo\u017cliwych ustroj\u00f3w, ale dotychczas nie wynaleziono lepszego. W Europie coraz odwa\u017cniej podnosz\u0105 g\u0142ow\u0119 ci, kt\u00f3rzy z demokracj\u0105 chcieliby wzi\u0105\u0107 rozw\u00f3d, a kolejne raporty organizacji mi\u0119dzynarodowych alarmuj\u0105 o post\u0119puj\u0105cej erozji system\u00f3w demokratycznych i dalszym przesuwaniu granic w politycznej rywalizacji. Czy europejska demokracja jest w odwrocie?", "link": "https://tvn24.pl/premium/populizm-w-europie-dyktatura-tak-poprosze-czy-europejczykom-znudzila-sie-demokracja-7257242?source=rss", "date_published": "2023-07-25T12:38:25+00:00", "persistent": false, "dead": false, "artist": null, "album": null, "user": null, "language": "pl-PL", "thumbnail": null}, {"source": "https://tvn24.pl/najwazniejsze.xml", "title": "Nielegalne wysypisko odpad\u00f3w p\u0142on\u0119\u0142o ju\u017c cztery razy. Dzier\u017cawca terenu nie istnieje", "description": "<img alt=\"Nielegalne wysypisko odpad\u00f3w p\u0142on\u0119\u0142o ju\u017c cztery razy. Dzier\u017cawca terenu nie istnieje\" src=\"https://tvn24.pl/najnowsze/cdn-zdjecie-w4k6xi-nielegalne-wysypisko-odpadow-niebezpiecznych-w-sosnowcu-7257497/alternates/LANDSCAPE_1280\" />\n    Odpady s\u0105 w Sosnowcu, ale na terenie nale\u017c\u0105cym do Skarbu Pa\u0144stwa i dzier\u017cawionym przez prywatn\u0105 firm\u0119, z kt\u00f3r\u0105 nie ma kontaktu.", "link": "https://tvn24.pl/katowice/sosnowiec-nielegalne-wysypisko-odpadow-niebezpiecznych-plonelo-juz-cztery-razy-7257602?source=rss", "date_published": "2023-07-25T12:26:47+00:00", "persistent": false, "dead": false, "artist": null, "album": null, "user": null, "language": "pl-PL", "thumbnail": null}, {"source": "https://tvn24.pl/najwazniejsze.xml", "title": "Saudyjska dru\u017cyna Ronaldo zatrzyma\u0142a PSG", "description": "<img alt=\"Saudyjska dru\u017cyna Ronaldo zatrzyma\u0142a PSG\" src=\"https://tvn24.pl/najnowsze/cdn-zdjecie-q6svb1-psg-mierzylo-sie-towarzysko-z-al-nassr-7257710/alternates/LANDSCAPE_1280\" />\n    Mistrzowie Francji PSG tylko zremisowali bezbramkowo z Al-Nassr w meczu towarzyskim w japo\u0144skiej Osace. W\u015br\u00f3d pary\u017can zabrak\u0142o Kyliana Mbappe, kt\u00f3ry ju\u017c wkr\u00f3tce mo\u017ce przenie\u015b\u0107 si\u0119 do Arabii Saudyjskiej.", "link": "https://eurosport.tvn24.pl/pilka-nozna/psg-al-nassr-wynik-meczu-i-relacja_sto9716798/story.shtml?source=rss", "date_published": "2023-07-25T12:23:17+00:00", "persistent": false, "dead": false, "artist": null, "album": null, "user": null, "language": "pl-PL", "thumbnail": null}, {"source": "https://tvn24.pl/najwazniejsze.xml", "title": "Agnieszka Holland, Ma\u0142gorzata Szumowska i Micha\u0142 Englert z szans\u0105 na Z\u0142otego Lwa w Wenecji", "description": "<img alt=\"Agnieszka Holland, Ma\u0142gorzata Szumowska i Micha\u0142 Englert z szans\u0105 na Z\u0142otego Lwa w Wenecji\" src=\"https://tvn24.pl/najnowsze/cdn-zdjecie-jxdaye-kadr-z-filmu-zielona-granica-agnieszki-holland-7257651/alternates/LANDSCAPE_1280\" />\n    80. Mi\u0119dzynarodowy Festiwal Filmowy w Wenecji rozpocznie si\u0119 30 sierpnia.", "link": "https://tvn24.pl/kultura-i-styl/wenecja-2023-filmy-agnieszki-holland-malgorzaty-szumowskiej-michala-englerta-romana-polanskiego-w-oficjalnej-selekcj-7257516?source=rss", "date_published": "2023-07-25T12:19:25+00:00", "persistent": false, "dead": false, "artist": null, "album": null, "user": null, "language": "pl-PL", "thumbnail": null}, {"source": "https://tvn24.pl/najwazniejsze.xml", "title": "Ukradli setki luksusowych samochod\u00f3w. Policjanci odzyskali siedem", "description": "<img alt=\"Ukradli setki luksusowych samochod\u00f3w. Policjanci odzyskali siedem\" src=\"https://tvn24.pl/najnowsze/cdn-zdjecie-tjayrm-zatrzymanie-oskarzonych-o-kradziez-luksusowych-aut-7257596/alternates/LANDSCAPE_1280\" />\n    Dziewi\u0119\u0107 kolejnych os\u00f3b stanie przed s\u0105dem. W sumie w proceder zamieszanych by\u0142o 27 os\u00f3b.", "link": "https://tvn24.pl/katowice/katowice-ukradli-setki-luksusowych-samochodow-policjanci-odzyskali-siedem-7257492?source=rss", "date_published": "2023-07-25T12:08:51+00:00", "persistent": false, "dead": false, "artist": null, "album": null, "user": null, "language": "pl-PL", "thumbnail": null}, {"source": "https://tvn24.pl/najwazniejsze.xml", "title": "Setki tajemniczych paczek odbierane w ca\u0142ym kraju. W\u0142adze prosz\u0105 o pomoc", "description": "<img alt=\"Setki tajemniczych paczek odbierane w ca\u0142ym kraju. W\u0142adze prosz\u0105 o pomoc\" src=\"https://tvn24.pl/najnowsze/cdn-zdjecie-4kc297-seul-korea-poludniowa-6798843/alternates/LANDSCAPE_1280\" />\n    Podejrzane przesy\u0142ki nadawane s\u0105 z zagranicy.", "link": "https://tvn24.pl/swiat/korea-poludniowa-setki-tajemniczych-paczek-w-calym-kraju-chiny-pomagaja-w-sledztwie-7257343?source=rss", "date_published": "2023-07-25T12:03:32+00:00", "persistent": false, "dead": false, "artist": null, "album": null, "user": null, "language": "pl-PL", "thumbnail": null}, {"source": "https://tvn24.pl/najwazniejsze.xml", "title": "Emocje wok\u00f3\u0142 nowej p\u0142acy minimalnej. \"Dla wielu b\u0119dzie to ci\u0119\u017car nie do\u00a0ud\u017awigni\u0119cia\"", "description": "<img alt=\"Emocje wok\u00f3\u0142 nowej p\u0142acy minimalnej. \" src=\"https://tvn24.pl/najnowsze/cdn-zdjecie-8f2se4-shutterstock_702079657-7257653/alternates/LANDSCAPE_1280\" />\n    Jest stanowisko organizacji pracodawc\u00f3w.", "link": "https://tvn24.pl/biznes/dlafirm/placa-minimalna-2024-zwiazek-przedsiebiorcow-i-pracodawcow-chce-regionalizacji-minimalnych-wynagrodzen-jest-stanowisko-zpp-7257403?source=rss", "date_published": "2023-07-25T11:55:19+00:00", "persistent": false, "dead": false, "artist": null, "album": null, "user": null, "language": "pl-PL", "thumbnail": null}, {"source": "https://tvn24.pl/najwazniejsze.xml", "title": "Trzy kobiety w fiacie, jedna w ci\u0105\u017cy. Nie mia\u0142y szans. Nagranie monitoringu", "description": "<img alt=\"Trzy kobiety w fiacie, jedna w ci\u0105\u017cy. Nie mia\u0142y szans. Nagranie monitoringu\" src=\"https://tvn24.pl/najnowsze/cdn-zdjecie-txop7m-wypadek-7257684/alternates/LANDSCAPE_1280\" />\n    Test wykaza\u0142, \u017ce kierowca by\u0142 pod wp\u0142ywem narkotyk\u00f3w. B\u0119d\u0105 przeprowadzone dodatkowe badania.", "link": "https://tvn24.pl/pomorze/dobrzejewice-czolowe-zderzenie-pod-toruniem-nie-zyje-69-letnia-pasazerka-7257503?source=rss", "date_published": "2023-07-25T11:48:17+00:00", "persistent": false, "dead": false, "artist": null, "album": null, "user": null, "language": "pl-PL", "thumbnail": null}, {"source": "https://tvn24.pl/najwazniejsze.xml", "title": "\"Tak poprowadzi\u0142a go nawigacja\"", "description": "<img alt=\"\" src=\"https://tvn24.pl/najnowsze/cdn-zdjecie-9k6j0w-kierowca-tlumaczyl-policjantom-ze-tak-poprowadzila-go-nawigacja-7257561/alternates/LANDSCAPE_1280\" />\n    Kierowca zosta\u0142 ukarany mandatem karnym w wysoko\u015bci 1500 z\u0142otych.", "link": "https://tvn24.pl/bialystok/pulawy-samochod-zawiesil-sie-na-torach-kierowca-tlumaczyl-ze-tak-poprowadzila-go-nawigacja-7257542?source=rss", "date_published": "2023-07-25T11:35:28+00:00", "persistent": false, "dead": false, "artist": null, "album": null, "user": null, "language": "pl-PL", "thumbnail": null}, {"source": "https://tvn24.pl/najwazniejsze.xml", "title": "Co si\u0119 dzieje na Sycylii? \"Naprawd\u0119 dramatyczny moment\"", "description": "<img alt=\"Co si\u0119 dzieje na Sycylii? \" src=\"https://tvn24.pl/tvnmeteo/najnowsze/cdn-zdjecie-128ywg-pozary-w-rejonie-palermo-7258031/alternates/LANDSCAPE_1280\" />\n    Ewakuowano oko\u0142o 1500 mieszka\u0144c\u00f3w.", "link": "https://tvn24.pl/tvnmeteo/swiat/wlochy-coraz-wiecej-pozarow-na-sycylii-to-naprawde-dramatyczny-moment-7257205?source=rss", "date_published": "2023-07-25T11:26:19+00:00", "persistent": false, "dead": false, "artist": null, "album": null, "user": null, "language": "pl-PL", "thumbnail": null}, {"source": "https://tvn24.pl/najwazniejsze.xml", "title": "Po\u017cary na Sycylii. Ewakuacje mieszka\u0144c\u00f3w, sirocco utrudnia walk\u0119 z \u017cywio\u0142em", "description": "<img alt=\"Po\u017cary na Sycylii. Ewakuacje mieszka\u0144c\u00f3w, sirocco utrudnia walk\u0119 z \u017cywio\u0142em\" src=\"https://tvn24.pl/tvnmeteo/najnowsze/cdn-zdjecie-aaq40w-pozary-na-sycylii-7257538/alternates/LANDSCAPE_1280\" />\n    Na wyspie temperatura si\u0119ga\u0142a 47 stopni.", "link": "https://tvn24.pl/tvnmeteo/swiat/pozary-na-sycylii-ewakuacje-mieszkancow-sirocco-utrudnia-walke-z-zywiolem-7257205?source=rss", "date_published": "2023-07-25T11:26:19+00:00", "persistent": false, "dead": false, "artist": null, "album": null, "user": null, "language": "pl-PL", "thumbnail": null}, {"source": "https://tvn24.pl/najwazniejsze.xml", "title": "Mi\u0119dzy Bukaresztem a Wilnem", "description": "<img alt=\"Mi\u0119dzy Bukaresztem a Wilnem\u00a0\" src=\"https://tvn24.pl/najnowsze/cdn-zdjecie-b7x9i4-maciej-wierzynski-4598975/alternates/LANDSCAPE_1280\" />\n    Felieton Macieja Wierzy\u0144skiego.", "link": "https://tvn24.pl/opinie/felieton-macieja-wierzynskiego-miedzy-bukaresztem-a-wilnem-7257325?source=rss", "date_published": "2023-07-25T11:18:00+00:00", "persistent": false, "dead": false, "artist": null, "album": null, "user": null, "language": "pl-PL", "thumbnail": null}, {"source": "https://tvn24.pl/najwazniejsze.xml", "title": "By\u0142y kucharz Bia\u0142ego Domu uton\u0105\u0142 w stawie. Policja prowadzi \u015bledztwo", "description": "<img alt=\"By\u0142y kucharz Bia\u0142ego Domu uton\u0105\u0142 w stawie. Policja prowadzi \u015bledztwo \" src=\"https://tvn24.pl/najnowsze/cdn-zdjecie-bcp87f-edgartown-wyspa-marthas-vineyard-usa-massachusets-shutterstock_1152161891-7257378/alternates/LANDSCAPE_1280\" />\n    Michelle i Barack Obamowie wydali o\u015bwiadczenie.", "link": "https://tvn24.pl/swiat/usa-byly-kucharz-bialego-domu-utonal-w-stawie-policja-prowadzi-sledztwo-7257304?source=rss", "date_published": "2023-07-25T11:16:13+00:00", "persistent": false, "dead": false, "artist": null, "album": null, "user": null, "language": "pl-PL", "thumbnail": null}, {"source": "https://tvn24.pl/najwazniejsze.xml", "title": "Namierzyli transport nielegalnych, niebezpiecznych odpad\u00f3w. Pi\u0119\u0107 os\u00f3b zatrzymanych", "description": "<img alt=\"Namierzyli transport nielegalnych, niebezpiecznych odpad\u00f3w. Pi\u0119\u0107 os\u00f3b zatrzymanych\" src=\"https://konkret24.tvn24.pl/najnowsze/cdn-zdjecie-17qgl-niebezpieczne-odpady-zalegaja-na-nielegalnych-wysypiskach-w-wielu-miejscach-w-polsce-7257530/alternates/LANDSCAPE_1280\" />\n    W gminie Wo\u0142\u00f3w (woj. dolno\u015bl\u0105skie)", "link": "https://tvn24.pl/wroclaw/wolow-woj-dolnoslaskie-namierzyli-transport-nielegalnych-niebezpiecznych-odpadow-piec-osob-zatrzymanych-7257345?source=rss", "date_published": "2023-07-25T11:12:42+00:00", "persistent": false, "dead": false, "artist": null, "album": null, "user": null, "language": "pl-PL", "thumbnail": null}, {"source": "https://tvn24.pl/najwazniejsze.xml", "title": "Trofeum warte prawie 180 tysi\u0119cy z\u0142otych zniszczone", "description": "<img alt=\"Trofeum warte prawie 180 tysi\u0119cy z\u0142otych zniszczone\" src=\"https://tvn24.pl/najnowsze/cdn-zdjecie-a91yfp-max-verstappen-broni-tytulu-mistrza-swiata-7257520/alternates/LANDSCAPE_1280\" />\n    Wystarczy\u0142a chwila nieuwagi.", "link": "https://eurosport.tvn24.pl/formula-1/grand-prix-formuly-1-ile-kosztowal-zniszczony-puchar-maksa-verstappena_sto9716534/story.shtml?source=rss", "date_published": "2023-07-25T10:55:00+00:00", "persistent": false, "dead": false, "artist": null, "album": null, "user": null, "language": "pl-PL", "thumbnail": null}, {"source": "https://tvn24.pl/najwazniejsze.xml", "title": "\"\u015amieci masowo sprowadzane\". Import odpad\u00f3w do Polski za rz\u0105d\u00f3w PO-PSL i PiS", "description": "<img alt=\"\" src=\"https://tvn24.pl/najnowsze/cdn-zdjecie-8a9qrb-smieciowa-konfrontacja-7256503/alternates/LANDSCAPE_1280\" />\n    Zar\u00f3wno za rz\u0105d\u00f3w PO-PSL, jak i Zjednoczonej Prawicy import odpad\u00f3w r\u00f3s\u0142. Ale trzeba uwa\u017ca\u0107 z por\u00f3wnywaniem danych.", "link": "https://konkret24.tvn24.pl/polska/smieci-masowo-sprowadzane-import-odpadow-do-polski-za-rzadow-po-psl-i-pis-st7256313?source=rss", "date_published": "2023-07-25T10:25:07+00:00", "persistent": false, "dead": false, "artist": null, "album": null, "user": null, "language": "pl-PL", "thumbnail": null}, {"source": "https://tvn24.pl/najwazniejsze.xml", "title": "Wiceminister zak\u0142\u00f3ci\u0142 konferencj\u0119 opozycji. Pchn\u0105\u0142 pos\u0142a KO", "description": "<img alt=\"Wiceminister zak\u0142\u00f3ci\u0142 konferencj\u0119 opozycji. Pchn\u0105\u0142 pos\u0142a KO\" src=\"https://tvn24.pl/najnowsze/cdn-zdjecie-htu8r9-wiceminister-jacek-ozdoba-popycha-posla-jana-grabca-7257146/alternates/LANDSCAPE_1280\" />\n    \"Pan bierze pieni\u0105dze za to, \u017ceby odpowiada\u0107 na pytania mieszka\u0144c\u00f3w (...), a nie zakrzykiwa\u0107 konferencje opozycji\".", "link": "https://tvn24.pl/polska/wybory-parlamentarne-2023-wiceminister-jacek-ozdoba-pchnal-posla-jana-grabca-zaklocal-konferencje-ko-w-wolominie-7257187?source=rss", "date_published": "2023-07-25T10:11:35+00:00", "persistent": false, "dead": false, "artist": null, "album": null, "user": null, "language": "pl-PL", "thumbnail": null}, {"source": "https://tvn24.pl/najwazniejsze.xml", "title": "Spada liczba ludno\u015bci w Polsce", "description": "<img alt=\"Spada liczba ludno\u015bci w Polsce\" src=\"https://tvn24.pl/najnowsze/cdn-zdjecie-97uum5-warszawa-park-konoplytska-shutterstock2155021477-1-5782702/alternates/LANDSCAPE_1280\" />\n    Wst\u0119pne dane na koniec czerwca 2023 roku.", "link": "https://tvn24.pl/biznes/z-kraju/polska-liczba-ludnosci-polski-spadla-gus-podal-wstepne-dane-na-koniec-czerwca-2023-7257344?source=rss", "date_published": "2023-07-25T10:05:48+00:00", "persistent": false, "dead": false, "artist": null, "album": null, "user": null, "language": "pl-PL", "thumbnail": null}, {"source": "https://tvn24.pl/najwazniejsze.xml", "title": "\"Ziemia wr\u0119cz czarna, spopielona\". Reporterka TVN24 na Rodos", "description": "<img alt=\"\" src=\"https://tvn24.pl/tvnmeteo/najnowsze/cdn-zdjecie-tksl9d-skutki-pozaru-w-lardos-7257320/alternates/LANDSCAPE_1280\" />\n    Po\u017cary w Grecji.", "link": "https://tvn24.pl/tvnmeteo/swiat/grecja-rodos-spustoszone-przez-pozary-na-miejscu-reporterka-tvn24-7257361?source=rss", "date_published": "2023-07-25T10:02:06+00:00", "persistent": false, "dead": false, "artist": null, "album": null, "user": null, "language": "pl-PL", "thumbnail": null}, {"source": "https://tvn24.pl/najwazniejsze.xml", "title": "W Chinach rozgorza\u0142a dyskusja o \"Barbie\"", "description": "<img alt=\"W Chinach rozgorza\u0142a dyskusja o \" src=\"https://tvn24.pl/najnowsze/cdn-zdjecie-nj6x0r-barbie-w-rez-grety-gerwig-7246115/alternates/LANDSCAPE_1280\" />\n    \"Kobiety maj\u0105 za du\u017c\u0105 w\u0142adz\u0119, czego jeszcze chc\u0105?\"", "link": "https://tvn24.pl/kultura-i-styl/barbie-wywolala-dyskusje-w-chinach-kobiety-maja-za-duza-wladze-czego-jeszcze-chca-7257165?source=rss", "date_published": "2023-07-25T09:57:15+00:00", "persistent": false, "dead": false, "artist": null, "album": null, "user": null, "language": "pl-PL", "thumbnail": null}, {"source": "https://tvn24.pl/najwazniejsze.xml", "title": "\"Jeste\u015bmy blisko rozwi\u0105zania tej przera\u017caj\u0105cej zbrodni\"", "description": "<img alt=\"\" src=\"https://tvn24.pl/najnowsze/cdn-zdjecie-wavdyf-shutterstock_1608799387-7257382/alternates/LANDSCAPE_1280\" />\n    Aresztowanie w zwi\u0105zku ze spraw\u0105 morderstwa popularnej radnej Rio de Janeiro.", "link": "https://tvn24.pl/swiat/brazylia-aresztowany-kolejny-podejrzany-w-zwiazku-ze-sprawa-morderstwa-radnej-marielle-franco-7256868?source=rss", "date_published": "2023-07-25T09:52:12+00:00", "persistent": false, "dead": false, "artist": null, "album": null, "user": null, "language": "pl-PL", "thumbnail": null}, {"source": "https://tvn24.pl/najwazniejsze.xml", "title": "Gwiazdy NBA zg\u0142aszaj\u0105 si\u0119 do Arabii zamiast Mbappe. \"Mo\u017cecie wzi\u0105\u0107 mnie, wygl\u0105dam jak on\"", "description": "<img alt=\"Gwiazdy NBA zg\u0142aszaj\u0105 si\u0119 do Arabii zamiast Mbappe. \" src=\"https://tvn24.pl/najnowsze/cdn-zdjecie-bf1w5g-kylian-mbappe-przeniesie-sie-do-arabii-saudyjskiej-7257385/alternates/LANDSCAPE_1280\" />\n    Karuzeli transferowej towarzyszy karuzela u\u015bmiechu.", "link": "https://eurosport.tvn24.pl/pilka-nozna/lebron-james-giannis-antetokounmpo-i-draymond-green-zareagowali-na-oferte-al-hilal-dla-kyliana-mbapp_sto9716486/story.shtml?source=rss", "date_published": "2023-07-25T09:45:00+00:00", "persistent": false, "dead": false, "artist": null, "album": null, "user": null, "language": "pl-PL", "thumbnail": null}, {"source": "https://tvn24.pl/najwazniejsze.xml", "title": "Co \u0142\u0105czy po\u017cary w Grecji z dzikami na osiedlach?", "description": "<img alt=\"Co \u0142\u0105czy po\u017cary w Grecji z dzikami na osiedlach?\" src=\"https://tvn24.pl/najnowsze/cdn-zdjecie-13ksje-karpaty-7256558/alternates/LANDSCAPE_1280\" />\n     \"Cz\u0142owiek wchodzi z zabudow\u0105 w natur\u0119\".", "link": "https://tvn24.pl/krakow/pozary-w-grecji-i-dziki-na-polskich-osiedlach-maja-wspolny-mianownik-to-agresywna-rozbudowa-miast-artykul-polskiego-naukowca-opublikowany-w-nature-7256454?source=rss", "date_published": "2023-07-25T09:41:02+00:00", "persistent": false, "dead": false, "artist": null, "album": null, "user": null, "language": "pl-PL", "thumbnail": null}, {"source": "https://tvn24.pl/najwazniejsze.xml", "title": "M\u0119\u017cczyzna wpad\u0142 do zbiornika na deszcz\u00f3wk\u0119. Nie \u017cyje", "description": "<img alt=\"M\u0119\u017cczyzna wpad\u0142 do zbiornika na deszcz\u00f3wk\u0119. Nie \u017cyje\" src=\"https://tvn24.pl/najnowsze/cdn-zdjecie-ocb0to-mezczyzna-wpadl-do-zbiornika-na-deszczowke-nie-zyje-7257159/alternates/LANDSCAPE_1280\" />\n    Do tragedii dosz\u0142o w Tomaszowie Mazowieckim.", "link": "https://tvn24.pl/lodz/tomaszow-mazowiecki-mezczyzna-wpadl-do-zbiornika-na-deszczowke-nie-zyje-7257206?source=rss", "date_published": "2023-07-25T09:13:50+00:00", "persistent": false, "dead": false, "artist": null, "album": null, "user": null, "language": "pl-PL", "thumbnail": null}, {"source": "https://tvn24.pl/najwazniejsze.xml", "title": "\"Tutaj uczymy si\u0119 bardzo oszcz\u0119dnie operowa\u0107 wod\u0105\"", "description": "<img alt=\"\" src=\"https://tvn24.pl/najnowsze/cdn-zdjecie-q5e25x-polscy-strazacy-w-grecji-7255003/alternates/LANDSCAPE_1280\" />\n    \u017bar lej\u0105cy si\u0119 z nieba, brak wody, szybko rozprzestrzeniaj\u0105cy si\u0119 ogie\u0144 - z tym mierz\u0105 si\u0119 polscy stra\u017cacy w Grecji.", "link": "https://tvn24.pl/tvnmeteo/swiat/grecja-polscy-strazacy-pomagaja-gasic-pozary-tutaj-uczymy-sie-bardzo-oszczednie-operowac-woda-7257195?source=rss", "date_published": "2023-07-25T09:10:30+00:00", "persistent": false, "dead": false, "artist": null, "album": null, "user": null, "language": "pl-PL", "thumbnail": null}, {"source": "https://tvn24.pl/najwazniejsze.xml", "title": "\"Bardzo przykra sytuacja\". Kuria po zatrzymaniu ksi\u0119dza", "description": "<img alt=\"\" src=\"https://tvn24.pl/najnowsze/cdn-zdjecie-2xxtkm-kuria-lowicka-o-przykrej-wiadomosci-7257213/alternates/LANDSCAPE_1280\" />\n    Media: chodzi o narkotyki.", "link": "https://tvn24.pl/lodz/sochaczew-ksiadz-piotr-s-aresztowany-diecezja-lowicka-w-komunikacie-o-bardzo-przykrej-sytuacji-7257270?source=rss", "date_published": "2023-07-25T08:57:09+00:00", "persistent": false, "dead": false, "artist": null, "album": null, "user": null, "language": "pl-PL", "thumbnail": null}, {"source": "https://tvn24.pl/najwazniejsze.xml", "title": "\"Bardzo przykra sytuacja\". Kuria potwierdza aresztowanie ksi\u0119dza", "description": "<img alt=\"\" src=\"https://tvn24.pl/najnowsze/cdn-zdjecie-2xxtkm-kuria-lowicka-o-przykrej-wiadomosci-7257213/alternates/LANDSCAPE_1280\" />\n    Prokuratura przekazuje,\u00a0\u017ce chodzi o udzielanie narkotyk\u00f3w.", "link": "https://tvn24.pl/lodz/sochaczew-zyrardow-ksiadz-piotr-s-aresztowany-diecezja-lowicka-w-komunikacie-o-bardzo-przykrej-sytuacji-7257270?source=rss", "date_published": "2023-07-25T08:57:09+00:00", "persistent": false, "dead": false, "artist": null, "album": null, "user": null, "language": "pl-PL", "thumbnail": null}, {"source": "https://tvn24.pl/najwazniejsze.xml", "title": "\"Istnieje 100 proc. szans, \u017ce Twitter zostanie przez kogo\u015b pozwany\"", "description": "<img alt=\"\" src=\"https://tvn24.pl/biznes/najnowsze/cdn-zdjecie-sncec8-pracownicy-usuwaja-litery-z-pionowego-znaku-twittera-na-siedzibie-firmy-w-san-francisco-w-kalifornii-7257297/alternates/LANDSCAPE_1280\" />\n    Prawnicy nie maj\u0105 w\u0105tpliwo\u015bci.", "link": "https://tvn24.pl/biznes/najnowsze/elon-musk-zmienia-nazwe-twittera-na-x-za-co-groza-mu-pozwy-7256971?source=rss", "date_published": "2023-07-25T08:56:29+00:00", "persistent": false, "dead": false, "artist": null, "album": null, "user": null, "language": "pl-PL", "thumbnail": null}, {"source": "https://tvn24.pl/najwazniejsze.xml", "title": "Xi Jinping: Zach\u00f3d s\u0142abnie, Wsch\u00f3d przybiera na sile", "description": "<img alt=\"Xi Jinping: Zach\u00f3d s\u0142abnie, Wsch\u00f3d przybiera na sile\" src=\"https://tvn24.pl/najnowsze/cdn-zdjecie-7em2av-xi-jinping-7163494/alternates/LANDSCAPE_1280\" />\n    Z ujawnionych dokument\u00f3w wynika, \u017ce w grudniu 2020 roku prezydent Chin wzywa\u0142 wojsko do przygotowania si\u0119 do wojny.", "link": "https://tvn24.pl/swiat/chiny-xi-jinping-w-2020-roku-wzywal-wojsko-do-przygotowania-sie-do-wojny-7256863?source=rss", "date_published": "2023-07-25T08:53:28+00:00", "persistent": false, "dead": false, "artist": null, "album": null, "user": null, "language": "pl-PL", "thumbnail": null}, {"source": "https://tvn24.pl/najwazniejsze.xml", "title": "Alert RCB dla cz\u0119\u015bci kraju. \"Je\u015bli mo\u017cesz, zosta\u0144 w domu\"", "description": "<img alt=\"Alert RCB dla cz\u0119\u015bci kraju. \" src=\"https://tvn24.pl/tvnmeteo/najnowsze/cdn-zdjecie-4s5bic-rcb-burze-7257250/alternates/LANDSCAPE_1280\" />\n    Eksperci ostrzegaj\u0105 przed burzami z gradem i silnym wiatrem.", "link": "https://tvn24.pl/tvnmeteo/pogoda/alert-rcb-burze-z-gradem-silny-wiatr-wtorek-2507-rzadowe-centrum-bezpieczenstwa-ostrzega-jesli-mozesz-zostan-w-domu-7257210?source=rss", "date_published": "2023-07-25T08:40:46+00:00", "persistent": false, "dead": false, "artist": null, "album": null, "user": null, "language": "pl-PL", "thumbnail": null}, {"source": "https://tvn24.pl/najwazniejsze.xml", "title": "Ci\u0119\u017ckie chwile Polak\u00f3w na lotnisku", "description": "W Grecji trwa najwi\u0119ksza w historii akcja ewakuacyjna.", "link": "https://tvn24.pl/swiat/brak-dostepu-do-bagazy-i-lekow-ciezkie-chwile-polakow-na-lotnisku-na-rodos-7257157?source=rss", "date_published": "2023-07-25T08:40:35+00:00", "persistent": false, "dead": false, "artist": null, "album": null, "user": null, "language": "pl-PL", "thumbnail": null}, {"source": "https://tvn24.pl/najwazniejsze.xml", "title": "Biurowiec w Warszawie za ponad \u0107wier\u0107 miliarda z\u0142otych. Jest umowa sprzeda\u017cy", "description": "<img alt=\"Biurowiec w Warszawie za ponad \u0107wier\u0107 miliarda z\u0142otych. Jest umowa sprzeda\u017cy\" src=\"https://tvn24.pl/biznes/najnowsze/cdn-zdjecie-90no7b-warta-tower-7257162/alternates/LANDSCAPE_1280\" />\n    \"Du\u017cy sukces z uwagi na perturbacje na rynku biurowym\".", "link": "https://tvn24.pl/biznes/nieruchomosci/warszawa-warta-tower-globalworth-sprzedaje-biurowiec-podano-kwote-7257143?source=rss", "date_published": "2023-07-25T08:35:11+00:00", "persistent": false, "dead": false, "artist": null, "album": null, "user": null, "language": "pl-PL", "thumbnail": null}, {"source": "https://tvn24.pl/najwazniejsze.xml", "title": "Tego ryzyka nie nale\u017cy podejmowa\u0107. \"Konsekwencje mog\u0105 by\u0107 naprawd\u0119 du\u017ce\"", "description": "<img alt=\"Tego ryzyka nie nale\u017cy podejmowa\u0107. \" src=\"https://tvn24.pl/najnowsze/cdn-zdjecie-ysxz0x-wypadek-nie-zdarza-sie-nam-odc-4-z-cyklu-7-zyc-7257194/alternates/LANDSCAPE_1280\" />\n    Dzi\u015b Dzie\u0144 Bezpiecznego Kierowcy.", "link": "https://tvn24.pl/go/programy,7/7-zyc-odcinki,629253/odcinek-4,S00E04,629251?source=rss", "date_published": "2023-07-25T08:22:49+00:00", "persistent": false, "dead": false, "artist": null, "album": null, "user": null, "language": "pl-PL", "thumbnail": null}, {"source": "https://tvn24.pl/najwazniejsze.xml", "title": "S\u0105 nowe dane o bezrobociu w Polsce", "description": "<img alt=\"S\u0105 nowe dane o bezrobociu w Polsce\" src=\"https://tvn24.pl/biznes/najnowsze/cdn-zdjecie-yzgdza-bezrobocie-urzad-pracy-5129728/alternates/LANDSCAPE_1280\" />\n    Najgorsza sytuacja w wojew\u00f3dztwie podkarpackim.", "link": "https://tvn24.pl/biznes/z-kraju/bezrobocie-w-polsce-czerwiec-2023-gus-podal-nowe-dane-7257181?source=rss", "date_published": "2023-07-25T08:10:44+00:00", "persistent": false, "dead": false, "artist": null, "album": null, "user": null, "language": "pl-PL", "thumbnail": null}, {"source": "https://tvn24.pl/najwazniejsze.xml", "title": "W \u015brodku pi\u0119\u0107 m\u0142odych os\u00f3b", "description": "<img alt=\"W \u015brodku pi\u0119\u0107 m\u0142odych os\u00f3b\" src=\"https://tvn24.pl/najnowsze/cdn-zdjecie-pzuuq8-piec-osob-trafilo-do-szpitala-7257125/alternates/LANDSCAPE_1280\" />\n    Kierowca by\u0142 trze\u017awy. Do wypadku dosz\u0142o w Lesznie.", "link": "https://tvn24.pl/poznan/leszno-na-ulicy-krasinskiego-auto-uderzylo-w-drzewo-ucierpialo-piec-mlodych-osob-wszyscy-maja-od-17-do-19-lat-7257153?source=rss", "date_published": "2023-07-25T08:04:50+00:00", "persistent": false, "dead": false, "artist": null, "album": null, "user": null, "language": "pl-PL", "thumbnail": null}, {"source": "https://tvn24.pl/najwazniejsze.xml", "title": "Jecha\u0142a z otwartymi drzwiami. My\u015bla\u0142a, \u017ce zepsu\u0142o jej si\u0119 lusterko", "description": "<img alt=\"Jecha\u0142a z otwartymi drzwiami. My\u015bla\u0142a, \u017ce zepsu\u0142o jej si\u0119 lusterko \" src=\"https://tvn24.pl/najnowsze/cdn-zdjecie-bp96r-jechala-z-otwartymi-drzwiami-myslala-ze-zepsulo-sie-jej-luterko-7257112/alternates/LANDSCAPE_1280\" />\n    Kobieta zosta\u0142a ukarana mandatem i punktami karnymi.", "link": "https://tvn24.pl/bialystok/gora-pulawska-jechala-z-otwartymi-drzwiami-myslala-ze-zepsulo-jej-sie-lusterko-7257111?source=rss", "date_published": "2023-07-25T08:03:18+00:00", "persistent": false, "dead": false, "artist": null, "album": null, "user": null, "language": "pl-PL", "thumbnail": null}, {"source": "https://tvn24.pl/najwazniejsze.xml", "title": "Jest decyzja w sprawie wyst\u0119pu Jokicia w mistrzostwach \u015bwiata", "description": "<img alt=\"Jest decyzja w sprawie wyst\u0119pu Jokicia w mistrzostwach \u015bwiata\" src=\"https://tvn24.pl/najnowsze/cdn-zdjecie-dxz7kx-jokic-w-zeszlym-roku-gral-w-mistrzostwach-europy-7257126/alternates/LANDSCAPE_1280\" />\n    To najlepszy koszykarz minionego sezonu NBA i mistrz tej ligi w barwach Denver Nuggets.", "link": "https://eurosport.tvn24.pl/koszykowka/world-cup/2023/mistrzostwa-swiata-2023.-nikola-jokic-podjal-decyzje-w-sprawie-wystepu.-czy-zagra-koszykowka_sto9716260/story.shtml?source=rss", "date_published": "2023-07-25T07:32:50+00:00", "persistent": false, "dead": false, "artist": null, "album": null, "user": null, "language": "pl-PL", "thumbnail": null}, {"source": "https://tvn24.pl/najwazniejsze.xml", "title": "Piotr Jaco\u0144 poleca ksi\u0105\u017cki na wakacje. To tytu\u0142y, kt\u00f3re \"daj\u0105 do my\u015blenia\"", "description": "<img alt=\"Piotr Jaco\u0144 poleca ksi\u0105\u017cki na wakacje. To tytu\u0142y, kt\u00f3re \" src=\"https://tvn24.pl/najnowsze/cdn-zdjecie-1sthdi-piot-jacon-7257093/alternates/LANDSCAPE_1280\" />\n    - Moje wybory czytelnicze cz\u0119sto kr\u0119c\u0105 si\u0119 wok\u00f3\u0142 bohater\u00f3w i bohaterek zapraszanych do programu - m\u00f3wi Piotr Jaco\u0144, autor cyklu \"Bez polityki\" w TVN24 GO.", "link": "https://tvn24.pl/kultura-i-styl/piotr-jacon-poleca-ksiazki-na-wakacje-to-tytuly-ktore-daja-do-myslenia-7255772?source=rss", "date_published": "2023-07-25T07:30:28+00:00", "persistent": false, "dead": false, "artist": null, "album": null, "user": null, "language": "pl-PL", "thumbnail": null}, {"source": "https://tvn24.pl/najwazniejsze.xml", "title": "Johnny Depp mia\u0142 zemdle\u0107 w hotelowym pokoju. Media o powodzie odwo\u0142ania koncert\u00f3w Hollywood Vampires", "description": "<img alt=\"Johnny Depp mia\u0142 zemdle\u0107 w hotelowym pokoju. Media o powodzie odwo\u0142ania koncert\u00f3w Hollywood Vampires \" src=\"https://tvn24.pl/najnowsze/cdn-zdjecie-bzf095-johnny-depp-na-scenie-7257024/alternates/LANDSCAPE_1280\" />\n    Informacj\u0119 poda\u0142 w\u0119gierski portal Daily News Hungary.", "link": "https://tvn24.pl/kultura-i-styl/johnny-depp-mial-zemdlec-w-hotelowym-pokoju-media-o-powodzie-odwolania-koncertow-hollywood-vampires-7257000?source=rss", "date_published": "2023-07-25T07:08:12+00:00", "persistent": false, "dead": false, "artist": null, "album": null, "user": null, "language": "pl-PL", "thumbnail": null}, {"source": "https://tvn24.pl/najwazniejsze.xml", "title": "Awaria urz\u0105dze\u0144 sterowania ruchem kolejowym. Op\u00f3\u017anione poci\u0105gi", "description": "<img alt=\"Awaria urz\u0105dze\u0144 sterowania ruchem kolejowym. Op\u00f3\u017anione poci\u0105gi\" src=\"https://tvn24.pl/tvnwarszawa/najnowsze/cdn-zdjecie-ttdf4l-tory-kolejowe-5785405/alternates/LANDSCAPE_1280\" />\n    Informuje Szybka Kolej Miejska.", "link": "https://tvn24.pl/tvnwarszawa/najnowsze/warszawa-awaria-urzadzen-sterowania-ruchem-kolejowym-opoznione-pociagi-7257017?source=rss", "date_published": "2023-07-25T07:02:38+00:00", "persistent": false, "dead": false, "artist": null, "album": null, "user": null, "language": "pl-PL", "thumbnail": null}, {"source": "https://tvn24.pl/najwazniejsze.xml", "title": "Smr\u00f3d, strach o wod\u0119 i prusaki. Od lat mieszkaj\u0105 po s\u0105siedzku z gigantyczn\u0105 ha\u0142d\u0105 \u015bmieci", "description": "Eksperci i urz\u0119dnicy ostrzegaj\u0105, \u017ce i na tym sk\u0142adowisku mo\u017ce wybuchn\u0105\u0107\u00a0po\u017car.", "link": "https://tvn24.pl/poznan/sarbia-woj-wielkopolskie-od-lat-mieszkaja-po-sasiedzku-z-gigantycznym-nielegalnym-skladowiskiem-smieci-7256992?source=rss", "date_published": "2023-07-25T06:58:03+00:00", "persistent": false, "dead": false, "artist": null, "album": null, "user": null, "language": "pl-PL", "thumbnail": null}, {"source": "https://tvn24.pl/najwazniejsze.xml", "title": "Nawa\u0142nica. Woda po kolana", "description": "<img alt=\"Nawa\u0142nica. Woda po kolana\" src=\"https://tvn24.pl/tvnmeteo/najnowsze/cdn-zdjecie-lbtwyf-ulewa-w-gorzowie-wielkopolskim-7256944/alternates/LANDSCAPE_1280\" />\n    Mn\u00f3stwo dr\u00f3g zosta\u0142o zalanych w Gorzowie Wielkopolskim.", "link": "https://tvn24.pl/tvnmeteo/polska/woda-po-kolana-kilkadziesiat-interwencji-przez-gorzow-wielkopolski-przeszla-nawalnica-7256985?source=rss", "date_published": "2023-07-25T06:53:53+00:00", "persistent": false, "dead": false, "artist": null, "album": null, "user": null, "language": "pl-PL", "thumbnail": null}, {"source": "https://tvn24.pl/najwazniejsze.xml", "title": "Departament Stanu USA komentuje s\u0142owa \u0141ukaszenki i Putina o Polsce", "description": "<img alt=\"Departament Stanu USA komentuje s\u0142owa \u0141ukaszenki i Putina o Polsce\" src=\"https://tvn24.pl/najnowsze/cdn-zdjecie-gtkm9j-putin-lukaszenka-7167868/alternates/LANDSCAPE_1280\" />\n    Matthew Miller odni\u00f3s\u0142 si\u0119 m.in. do sugestii bia\u0142oruskiego dyktatora o \"wycieczce\" wagnerowc\u00f3w do Polski.", "link": "https://tvn24.pl/swiat/alaksandr-lukaszenka-i-wladimir-putin-o-polsce-departament-stanu-usa-komentuje-7256869?source=rss", "date_published": "2023-07-25T06:34:01+00:00", "persistent": false, "dead": false, "artist": null, "album": null, "user": null, "language": "pl-PL", "thumbnail": null}, {"source": "https://tvn24.pl/najwazniejsze.xml", "title": "Tak zwana czternasta emerytura w 2023 roku. Wiemy, kiedy zostanie wyp\u0142acona", "description": "<img alt=\"Tak zwana czternasta emerytura w 2023 roku. Wiemy, kiedy zostanie wyp\u0142acona\" src=\"https://tvn24.pl/najnowsze/cdn-zdjecie-riyt0m-emerytura-emeryt-emerytka-shutterstock1341384812s-5664702/alternates/LANDSCAPE_1280\" />\n    Zapowied\u017a premiera.", "link": "https://tvn24.pl/biznes/z-kraju/czternasta-emerytura-w-2023-r-premier-mateusz-morawiecki-zapowiedzial-termin-wyplaty-czternastek-na-przelom-sierpnia-i-wrzesnia-7256984?source=rss", "date_published": "2023-07-25T06:27:50+00:00", "persistent": false, "dead": false, "artist": null, "album": null, "user": null, "language": "pl-PL", "thumbnail": null}, {"source": "https://tvn24.pl/najwazniejsze.xml", "title": "Borussia Dortmund kupi\u0142a pomocnika Bayernu Monachium", "description": "<img alt=\"Borussia Dortmund kupi\u0142a pomocnika Bayernu Monachium\" src=\"https://tvn24.pl/najnowsze/cdn-zdjecie-7l6d06-marcel-sabitzer-gra-w-reprezentacji-austrii-7256998/alternates/LANDSCAPE_1280\" />\n    Marcel Sabitzer przeni\u00f3s\u0142 si\u0119 z Bayernu Monachium do Borussii Dortmund. 29-letni pomocnik, wed\u0142ug r\u00f3\u017cnych \u017ar\u00f3de\u0142, mia\u0142 kosztowa\u0107 15-19 milion\u00f3w euro.", "link": "https://eurosport.tvn24.pl/pilka-nozna/bundesliga/2023-2024/transfery.-marcel-sabitzer-przechodzi-z-bayernu-monachium-do-borussii-dortmund_sto9716426/story.shtml?source=rss", "date_published": "2023-07-25T06:26:07+00:00", "persistent": false, "dead": false, "artist": null, "album": null, "user": null, "language": "pl-PL", "thumbnail": null}, {"source": "https://tvn24.pl/najwazniejsze.xml", "title": "Po uderzeniu w bariery auto dachowa\u0142o, kierowca uciek\u0142", "description": "<img alt=\"Po uderzeniu w bariery auto dachowa\u0142o, kierowca uciek\u0142\" src=\"https://tvn24.pl/tvnwarszawa/najnowsze/cdn-zdjecie-af1wsu-zdarzenie-z-udzialem-pijanego-kierowcy-7256962/alternates/LANDSCAPE_1280\" />\n    \"Mia\u0142 ponad p\u00f3\u0142tora promila\".", "link": "https://tvn24.pl/tvnwarszawa/najnowsze/warszawa-uderzyl-w-bariery-i-uciekl-zdarzenie-z-udzialem-pijanego-kierowcy-7256932?source=rss", "date_published": "2023-07-25T06:23:25+00:00", "persistent": false, "dead": false, "artist": null, "album": null, "user": null, "language": "pl-PL", "thumbnail": null}, {"source": "https://tvn24.pl/najwazniejsze.xml", "title": "S\u0105siedzi wyburzyli \u015bcian\u0119 i ukradli im sypialni\u0119", "description": "<img alt=\"S\u0105siedzi wyburzyli \u015bcian\u0119 i ukradli im sypialni\u0119\" src=\"https://tvn24.pl/najnowsze/cdn-zdjecie-m19xia-olbia-na-sardynii-zdjecie-pogladowe-7256936/alternates/LANDSCAPE_1280\" />\n    Dochodzenie na Sardynii.", "link": "https://tvn24.pl/swiat/wlochy-sardynia-kradziez-sypialni-trwa-dochodzenie-7256911?source=rss", "date_published": "2023-07-25T06:13:13+00:00", "persistent": false, "dead": false, "artist": null, "album": null, "user": null, "language": "pl-PL", "thumbnail": null}, {"source": "https://tvn24.pl/najwazniejsze.xml", "title": "45 lat temu urodzi\u0142o si\u0119 pierwsze dziecko pocz\u0119te metod\u0105 in vitro. Jakie by\u0142y dalsze losy Louise Brown", "description": "<img alt=\"45 lat temu urodzi\u0142o si\u0119 pierwsze dziecko pocz\u0119te metod\u0105 in vitro. Jakie by\u0142y dalsze losy Louise Brown \" src=\"https://tvn24.pl/najnowsze/cdn-zdjecie-odw0l3-to-byl-news-29-05-2023-7255977/alternates/LANDSCAPE_1280\" />\n    \"Dorasta\u0142a w centrum debaty o etyce zabiegu, b\u0119d\u0105c jednocze\u015bnie \u015bwiate\u0142kiem nadziei dla milion\u00f3w bezdzietnych par na ca\u0142ym \u015bwiecie\".", "link": "https://tvn24.pl/swiat/louise-brown-45-lat-temu-urodzilo-sie-pierwsze-dziecko-poczete-metoda-in-vitro-jakie-byly-jego-dalsze-losy-7218409?source=rss", "date_published": "2023-07-25T06:10:29+00:00", "persistent": false, "dead": false, "artist": null, "album": null, "user": null, "language": "pl-PL", "thumbnail": null}, {"source": "https://tvn24.pl/najwazniejsze.xml", "title": "Ile w karierze zarobi\u0142a \u015awi\u0105tek? Do Radwa\u0144skiej troch\u0119 jeszcze brakuje", "description": "<img alt=\"Ile w karierze zarobi\u0142a \u015awi\u0105tek? Do Radwa\u0144skiej troch\u0119 jeszcze brakuje\" src=\"https://tvn24.pl/najnowsze/cdn-zdjecie-u91isx-iga-swiatek-ostatnio-po-raz-trzeci-wygrala-roland-garros-7177447/alternates/LANDSCAPE_1280\" />\n    Iga \u015awi\u0105tek coraz bli\u017cej magicznej granicy.", "link": "https://eurosport.tvn24.pl/tenis/ile-zarobila-na-korcie-iga-swiatek_sto9716414/story.shtml?source=rss", "date_published": "2023-07-25T06:01:28+00:00", "persistent": false, "dead": false, "artist": null, "album": null, "user": null, "language": "pl-PL", "thumbnail": null}, {"source": "https://tvn24.pl/najwazniejsze.xml", "title": "\"Czasami trzeba po\u015bwi\u0119ci\u0107 swoje ojczyzny lokalne\"", "description": "<img alt=\"\" src=\"https://tvn24.pl/najnowsze/cdn-zdjecie-10zo2r-jacek-karnowski-7256916/alternates/LANDSCAPE_1280\" />\n    Jacek Karnowski w \"Jeden na jeden\".", "link": "https://tvn24.pl/polska/wybory-parlamentarne-2023-jacek-karnowski-wystartuje-do-sejmu-7256930?source=rss", "date_published": "2023-07-25T05:58:20+00:00", "persistent": false, "dead": false, "artist": null, "album": null, "user": null, "language": "pl-PL", "thumbnail": null}, {"source": "https://tvn24.pl/najwazniejsze.xml", "title": "Dwa leki wycofane z obrotu powodu zanieczyszcze\u0144", "description": "<img alt=\"Dwa leki wycofane z obrotu powodu zanieczyszcze\u0144\" src=\"https://tvn24.pl/najnowsze/cdn-zdjecie-hqypr0-shutterstock_756231364-7256946/alternates/LANDSCAPE_1280\" />\n    Informuje GIF.", "link": "https://tvn24.pl/biznes/z-kraju/gif-wycofuje-dwa-leki-tresuvi-oraz-andepin-z-obrotu-z-powodu-zanieczyszczen-7256927?source=rss", "date_published": "2023-07-25T05:58:07+00:00", "persistent": false, "dead": false, "artist": null, "album": null, "user": null, "language": "pl-PL", "thumbnail": null}, {"source": "https://tvn24.pl/najwazniejsze.xml", "title": "Zmiany dla klient\u00f3w du\u017cego banku", "description": "<img alt=\"Zmiany dla klient\u00f3w du\u017cego banku\" src=\"https://tvn24.pl/najnowsze/cdn-zdjecie-cesw8x-komputer-laptop-5786682/alternates/LANDSCAPE_1280\" />\n     \"Podyktowane s\u0105 rosn\u0105c\u0105 inflacj\u0105\".", "link": "https://tvn24.pl/biznes/pieniadze/credit-agricole-nowy-cennik-od-wrzesnia-2023-zmiany-dla-posiadaczy-flagowego-konta-dla-ciebie-7256898?source=rss", "date_published": "2023-07-25T05:45:22+00:00", "persistent": false, "dead": false, "artist": null, "album": null, "user": null, "language": "pl-PL", "thumbnail": null}, {"source": "https://tvn24.pl/najwazniejsze.xml", "title": "\"To\u017csamo\u015b\u0107 u\u015bmiechni\u0119tego klienta nie jest jasna\". Ale do Rosji trafi\u0142y kamizelki kuloodporne i he\u0142my", "description": "<img alt=\"\" src=\"https://tvn24.pl/biznes/najnowsze/cdn-zdjecie-d8zj4e-transport-z-chin-4226793/alternates/LANDSCAPE_1280\" />\n    Politico: Chiny wysy\u0142aj\u0105 do Rosji sprz\u0119t, kt\u00f3ry jest wykorzystywany do wyposa\u017cania rosyjskiej armii.", "link": "https://tvn24.pl/swiat/politico-do-rosji-trafia-z-chin-sprzet-podwojnego-zastosowania-korzysta-rosyjska-armia-7256860?source=rss", "date_published": "2023-07-25T05:27:09+00:00", "persistent": false, "dead": false, "artist": null, "album": null, "user": null, "language": "pl-PL", "thumbnail": null}, {"source": "https://tvn24.pl/najwazniejsze.xml", "title": "Nie dojdzie do wyczekiwanego powrotu. \"Bardzo przez to cierpi\u0119\"", "description": "<img alt=\"Nie dojdzie do wyczekiwanego powrotu. \" src=\"https://tvn24.pl/najnowsze/cdn-zdjecie-z7q4le-iga-baugmart-witan-7256900/alternates/LANDSCAPE_1280\" />\n    Wielki pech medalistki z Tokio Igi Baumgart-Witan.", "link": "https://eurosport.tvn24.pl/lekkoatletyka/iga-baugmart-witan-kontuzjowana.-w-tym-sezonie-nie-wroci-do-biegania_sto9716404/story.shtml?source=rss", "date_published": "2023-07-25T05:00:00+00:00", "persistent": false, "dead": false, "artist": null, "album": null, "user": null, "language": "pl-PL", "thumbnail": null}, {"source": "https://tvn24.pl/najwazniejsze.xml", "title": "Prezydent Inowroc\u0142awia o \u015brodkach z KPO: Potrzebujemy, wo\u0142amy i prosimy o te pieni\u0105dze", "description": "<img alt=\"Prezydent Inowroc\u0142awia o \u015brodkach z KPO: Potrzebujemy, wo\u0142amy i prosimy o te pieni\u0105dze\" src=\"https://tvn24.pl/najnowsze/cdn-zdjecie-9qnuu3-shutterstock_2143041003-7256895/alternates/LANDSCAPE_1280\" />\n     \"Co z KPO?\" codziennie na antenie TVN24 BiS o godzinie 17:00.", "link": "https://tvn24.pl/biznes/z-kraju/kpo-brak-pieniedzy-wstrzymuje-wiele-inwestycji-w-inowroclawiu-gosc-tvn24-bis-prezydent-inowroclawia-ryszard-brejza-7256890?source=rss", "date_published": "2023-07-25T04:42:43+00:00", "persistent": false, "dead": false, "artist": null, "album": null, "user": null, "language": "pl-PL", "thumbnail": null}, {"source": "https://tvn24.pl/najwazniejsze.xml", "title": "Pierwszego dnia pracy uratowa\u0142a pi\u0119\u0107 os\u00f3b", "description": "<img alt=\"Pierwszego dnia pracy uratowa\u0142a pi\u0119\u0107 os\u00f3b\" src=\"https://tvn24.pl/najnowsze/cdn-zdjecie-82g7bl-sabaudia-7256881/alternates/LANDSCAPE_1280\" />\n    19-latka patrolowa\u0142a jedn\u0105 z w\u0142oskich pla\u017c.", "link": "https://tvn24.pl/swiat/wlochy-ratowniczka-pierwszego-dnia-pracy-uratowala-piec-osob-na-plazy-w-sabaudii-7256877?source=rss", "date_published": "2023-07-25T04:37:20+00:00", "persistent": false, "dead": false, "artist": null, "album": null, "user": null, "language": "pl-PL", "thumbnail": null}, {"source": "https://tvn24.pl/najwazniejsze.xml", "title": "\"Je\u015bli ma w sobie borelie, to na pewno nam je przeka\u017ce\"", "description": "<img alt=\"\" src=\"https://tvn24.pl/toteraz/cdn-zdjecie-vc9n9z-fakty-i-mity-o-kleszczach-7178030/alternates/LANDSCAPE_1280\" />\n    Sezon w pe\u0142ni, wi\u0119c warto wiedzie\u0107, co robi\u0107 po kontakcie z kleszczami.", "link": "https://tvn24.pl/polska/jak-reagowac-na-ukaszenie-kleszcza-7256846?source=rss", "date_published": "2023-07-25T04:33:00+00:00", "persistent": false, "dead": false, "artist": null, "album": null, "user": null, "language": "pl-PL", "thumbnail": null}, {"source": "https://tvn24.pl/najwazniejsze.xml", "title": "Atak hakerski na \"Polityk\u0119\". \"Kilkukrotnie silniejszy od poprzedniego\"", "description": "<img alt=\"Atak hakerski na \" src=\"https://tvn24.pl/najnowsze/cdn-zdjecie-w9qh92-polityka-7256891/alternates/LANDSCAPE_1280\" />\n    Poinformowa\u0142a redakcja.", "link": "https://tvn24.pl/biznes/z-kraju/tygodnik-polityka-atak-hakerski-na-serwis-internetowy-polityki-7256879?source=rss", "date_published": "2023-07-25T04:29:40+00:00", "persistent": false, "dead": false, "artist": null, "album": null, "user": null, "language": "pl-PL", "thumbnail": null}, {"source": "https://tvn24.pl/najwazniejsze.xml", "title": "W tych miejscach pogoda b\u0119dzie zagro\u017ceniem dla \u017cycia i zdrowia. Alerty IMGW", "description": "<img alt=\"W tych miejscach pogoda b\u0119dzie zagro\u017ceniem dla \u017cycia i zdrowia. Alerty IMGW\" src=\"https://tvn24.pl/najnowsze/cdn-zdjecie-kubair-burze-piorun-7198458/alternates/LANDSCAPE_1280\" />\n    Sprawd\u017a, gdzie pogoda b\u0119dzie niebezpieczna.", "link": "https://tvn24.pl/tvnmeteo/pogoda/alerty-imgw-burze-w-polsce-w-tych-miejscach-pogoda-bedzie-zagrozeniem-dla-zycia-i-zdrowia-pogoda-na-wtorek-2507-7256880?source=rss", "date_published": "2023-07-25T04:29:31+00:00", "persistent": false, "dead": false, "artist": null, "album": null, "user": null, "language": "pl-PL", "thumbnail": null}, {"source": "https://tvn24.pl/najwazniejsze.xml", "title": "\"Na zabawie dla dzieci wida\u0107 by\u0142o popi\u00f3\u0142\"", "description": "<img alt=\"\" src=\"https://tvn24.pl/najnowsze/cdn-zdjecie-vlg7j5-zdjecia-z-ogarnietego-pozarami-rodos-7256610/alternates/LANDSCAPE_1280\" />\n    Dzieci przebywaj\u0105ce w punkcie pomocowym opowiedzia\u0142y o ewakuacji na Rodos.", "link": "https://tvn24.pl/swiat/grecja-rodos-pozary-i-ewakuacja-polakow-rozmowa-reporterki-tvn24-z-dziecmi-w-punkcie-pomocowym-7256857?source=rss", "date_published": "2023-07-25T04:19:23+00:00", "persistent": false, "dead": false, "artist": null, "album": null, "user": null, "language": "pl-PL", "thumbnail": null}, {"source": "https://tvn24.pl/najwazniejsze.xml", "title": "Kryzys zdrowotny w Barcelonie za\u017cegnany", "description": "<img alt=\"Kryzys zdrowotny w Barcelonie za\u017cegnany\" src=\"https://tvn24.pl/najnowsze/cdn-zdjecie-j516il-pilkarze-barcelony-wrocili-do-treningow-7256883/alternates/LANDSCAPE_1280\" />\n     Pi\u0142karze wr\u00f3cili do trening\u00f3w.", "link": "https://eurosport.tvn24.pl/pilka-nozna/barcelona-wznowila-treningi-kryzys-zdrowotny-zazegnany_sto9716330/story.shtml?source=rss", "date_published": "2023-07-25T04:14:00+00:00", "persistent": false, "dead": false, "artist": null, "album": null, "user": null, "language": "pl-PL", "thumbnail": null}, {"source": "https://tvn24.pl/najwazniejsze.xml", "title": "Orban nazwa\u0142 S\u0142owacj\u0119 \"oderwanym terytorium\". Ambasador wezwany do wyja\u015bnie\u0144", "description": "<img alt=\"Orban nazwa\u0142 S\u0142owacj\u0119 \" src=\"https://tvn24.pl/najnowsze/cdn-zdjecie-xccpbv-viktor-orban-7193652/alternates/LANDSCAPE_1280\" />\n    Orban uczestniczy\u0142 w 32. letniej szkole W\u0119gr\u00f3w, kt\u00f3r\u0105 zorganizowano w rumu\u0144skiej Baile Tuszade.", "link": "https://tvn24.pl/swiat/wegry-viktor-orban-nazwal-slowacje-oderwanym-terytorium-bratyslawa-komentuje-i-wzywa-ambasadora-do-msz-7256864?source=rss", "date_published": "2023-07-25T04:08:43+00:00", "persistent": false, "dead": false, "artist": null, "album": null, "user": null, "language": "pl-PL", "thumbnail": null}, {"source": "https://tvn24.pl/najwazniejsze.xml", "title": "Skandal w policji, po\u017cary, samoch\u00f3d wjecha\u0142 w ludzi", "description": "<img alt=\"Skandal w policji, po\u017cary, samoch\u00f3d wjecha\u0142 w ludzi\" src=\"https://tvn24.pl/najnowsze/cdn-zdjecie-6jud8f-grecja-7256878/alternates/LANDSCAPE_1280\" />\n    Sze\u015b\u0107 rzeczy, kt\u00f3re warto wiedzie\u0107 25 lipca.", "link": "https://tvn24.pl/swiat/szesc-rzeczy-ktore-warto-wiedziec-25-lipca-7256870?source=rss", "date_published": "2023-07-25T03:58:20+00:00", "persistent": false, "dead": false, "artist": null, "album": null, "user": null, "language": "pl-PL", "thumbnail": null}, {"source": "https://tvn24.pl/najwazniejsze.xml", "title": "Ostatnie godziny w Ukrainie i wok\u00f3\u0142 niej. Co si\u0119 wydarzy\u0142o", "description": "<img alt=\"Ostatnie godziny w Ukrainie i wok\u00f3\u0142 niej. Co si\u0119 wydarzy\u0142o\" src=\"https://tvn24.pl/najnowsze/cdn-zdjecie-r97ik6-ukrainski-zolnierz-w-obwodzie-donieckim-7255247/alternates/LANDSCAPE_1280\" />\n    Rosyjska pe\u0142noskalowa inwazja na Ukrain\u0119 trwa od 517 dni.", "link": "https://tvn24.pl/swiat/ukraina-walczy-najwazniejsze-wydarzenia-ostatnich-godzin-7256871?source=rss", "date_published": "2023-07-25T03:35:26+00:00", "persistent": false, "dead": false, "artist": null, "album": null, "user": null, "language": "pl-PL", "thumbnail": null}, {"source": "https://tvn24.pl/najwazniejsze.xml", "title": "Dusz\u0105cy dym, porzucone walizki. Cz\u0119\u015b\u0107 Polak\u00f3w w kraju. Opowiadaj\u0105 o ucieczce przed ogniem", "description": "<img alt=\"Dusz\u0105cy dym, porzucone walizki. Cz\u0119\u015b\u0107 Polak\u00f3w w kraju. Opowiadaj\u0105 o ucieczce przed ogniem\" src=\"https://tvn24.pl/najnowsze/cdn-zdjecie-acjvg5-narodowa-sluzba-meteorologiczna-grecji-ostrzega-przed-kolejna-fala-upalow-7256875/alternates/LANDSCAPE_1280\" />\n    Tury\u015bci ewakuowani z wyspy Rodos wyl\u0105dowali na Ok\u0119ciu.", "link": "https://tvn24.pl/swiat/pozary-w-grecji-turysci-z-rodos-opowiadaja-o-ucieczce-przed-pozarami-7256876?source=rss", "date_published": "2023-07-25T03:25:20+00:00", "persistent": false, "dead": false, "artist": null, "album": null, "user": null, "language": "pl-PL", "thumbnail": null}, {"source": "https://tvn24.pl/najwazniejsze.xml", "title": "Niespokojna noc w Kijowie", "description": "<img alt=\"Niespokojna noc w Kijowie\" src=\"https://tvn24.pl/najnowsze/cdn-zdjecie-3brxmu-kijow-ukraina-7219148/alternates/LANDSCAPE_1280\" />\n    W tvn24.pl relacjonujemy wydarzenia z i wok\u00f3\u0142 Ukrainy.", "link": "https://tvn24.pl/swiat/wojna-w-ukrainie-relacja-na-zywo-wtorek-25-lipca-2023-7256872?source=rss", "date_published": "2023-07-25T03:17:01+00:00", "persistent": false, "dead": false, "artist": null, "album": null, "user": null, "language": "pl-PL", "thumbnail": null}]