[{"source": "https://www.bankier.pl/rss/wiadomosci.xml", "title": "Dow Jones wyd\u0142u\u017ca wzrostow\u0105 seri\u0119. S&P500 poprawi\u0142 szczyt hossy", "description": "<p><img align=\"left\" alt=\"\" class=\"webfeedsFeaturedVisual\" height=\"560\" src=\"http://galeria.bankier.pl/p/4/0/1f0e32e37b972a-948-567-0-67-1000-599.jpg\" style=\"display: block; margin-bottom: 5px; clear: both;\" width=\"945\" />Najlepiej spisa\u0142 si\u0119 Nasdaq, ale to Dow Jones wyd\u0142u\u017cy\u0142\nwzrostow\u0105 seri\u0119, a S&amp;P500 zameldowa\u0142 si\u0119 z nowym tegorocznym maksimum.</p>", "link": "https://www.bankier.pl/wiadomosc/Dow-Jones-wydluza-wzrostowa-serie-S-P500-poprawil-szczyt-hossy-8584742.html?utm_source=RSS&utm_medium=RSS&utm_campaign=Wiadomosci", "date_published": "2023-07-25T21:05:00+00:00", "persistent": false, "dead": false, "artist": null, "album": null, "user": null, "language": "pl-PL", "thumbnail": null}, {"source": "https://www.bankier.pl/rss/wiadomosci.xml", "title": "800+ od czerwca? Komisja senacka za poprawk\u0105 do bud\u017cetu na 2023 rok", "description": "<p><img align=\"left\" alt=\"\" class=\"webfeedsFeaturedVisual\" height=\"560\" src=\"http://galeria.bankier.pl/p/a/3/303b69e45d1b7b-948-568-52-172-2947-1768.jpg\" style=\"display: block; margin-bottom: 5px; clear: both;\" width=\"945\" />Senacka Komisja Bud\u017cetu i Finans\u00f3w Publicznych zaproponowa\u0142a we wtorek, aby \u015bwiadczenie 500+ zosta\u0142o zwi\u0119kszone o 300 z\u0142 z moc\u0105 od czerwca 2023 r. Odpowiedni\u0105 poprawk\u0119 zg\u0142oszono do nowelizacji ustawy bud\u017cetowej na 2023 r.</p>", "link": "https://www.bankier.pl/wiadomosc/800-od-czerwca-Komisja-senacka-za-poprawka-do-budzetu-na-2023-rok-8584709.html?utm_source=RSS&utm_medium=RSS&utm_campaign=Wiadomosci", "date_published": "2023-07-25T18:56:00+00:00", "persistent": false, "dead": false, "artist": null, "album": null, "user": null, "language": "pl-PL", "thumbnail": null}, {"source": "https://www.bankier.pl/rss/wiadomosci.xml", "title": "USA og\u0142osi\u0142y kolejny pakiet pomocy dla Ukrainy. \u0141\u0105cznie przekaza\u0142y ju\u017c 43 mld dol.", "description": "<p><img align=\"left\" alt=\"\" class=\"webfeedsFeaturedVisual\" height=\"560\" src=\"http://galeria.bankier.pl/p/9/7/ef423ef6a05251-948-568-0-269-4000-2399.jpg\" style=\"display: block; margin-bottom: 5px; clear: both;\" width=\"945\" />USA og\u0142osi\u0142y we wtorek kolejny pakiet pomocy wojskowej dla Ukrainy, warty \u0142\u0105cznie 400 mln dolar\u00f3w. W transzy znalaz\u0142o si\u0119 15 r\u00f3\u017cnych rodzaj\u00f3w uzbrojenia, w tym m.in. dodatkowa amunicja do system\u00f3w Patriot, NASAMS, HIMARS, 32 wozy opancerzone Stryker oraz mini drony Black Hornet.</p>", "link": "https://www.bankier.pl/wiadomosc/USA-oglosily-kolejny-pakiet-pomocy-dla-Ukrainy-Lacznie-przekazaly-juz-43-mld-dol-8584706.html?utm_source=RSS&utm_medium=RSS&utm_campaign=Wiadomosci", "date_published": "2023-07-25T18:43:00+00:00", "persistent": false, "dead": false, "artist": null, "album": null, "user": null, "language": "pl-PL", "thumbnail": null}, {"source": "https://www.bankier.pl/rss/wiadomosci.xml", "title": "Danin\u0119 od nadzwyczajnych zysk\u00f3w z produkcji w\u0119gla zap\u0142aci tylko JSW? Jest poprawka do ustawy", "description": "<p><img align=\"left\" alt=\"\" class=\"webfeedsFeaturedVisual\" height=\"560\" src=\"http://galeria.bankier.pl/p/7/0/a39406a4c4551d-948-568-0-53-1773-1063.jpg\" style=\"display: block; margin-bottom: 5px; clear: both;\" width=\"945\" />Senacka komisja gospodarki przyj\u0119\u0142a we wtorek \npoprawk\u0119 do ustawy o ochronie odbiorc\u00f3w energii ograniczaj\u0105c\u0105 do JSW \ngrono p\u0142atnik\u00f3w sk\u0142adki solidarno\u015bciowej od ekstra zysk\u00f3w z produkcji \nw\u0119gla i koksu w 2022 r.</p>", "link": "https://www.bankier.pl/wiadomosc/Danine-od-nadzwyczajnych-zyskow-z-produkcji-wegla-zaplaci-tylko-JSW-Jest-poprawka-do-ustawy-8584672.html?utm_source=RSS&utm_medium=RSS&utm_campaign=Wiadomosci", "date_published": "2023-07-25T17:35:00+00:00", "persistent": false, "dead": false, "artist": null, "album": null, "user": null, "language": "pl-PL", "thumbnail": null}, {"source": "https://www.bankier.pl/rss/wiadomosci.xml", "title": "Orange Polska pokaza\u0142o wyniki. Zysk lekko poni\u017cej oczekiwa\u0144", "description": "<p><img align=\"left\" alt=\"\" class=\"webfeedsFeaturedVisual\" height=\"560\" src=\"http://galeria.bankier.pl/p/d/4/0ae23a2997544e-948-568-0-51-1475-884.jpg\" style=\"display: block; margin-bottom: 5px; clear: both;\" width=\"945\" />Orange Polska wypracowa\u0142 w drugim kwartale 2023 roku 823 mln z\u0142 EBITDA po uwzgl\u0119dnieniu koszt\u00f3w leasingu, o 3,1 proc. wi\u0119cej ni\u017c przed rokiem - poda\u0142a sp\u00f3\u0142ka w raporcie. Analitycy ankietowani przez PAP Biznes prognozowali, \u017ce sp\u00f3\u0142ka osi\u0105gnie wynik na poziomie 806,1 mln z\u0142.</p>", "link": "https://www.bankier.pl/wiadomosc/Orange-Polska-mial-w-II-kw-823-mln-zl-EBITDAaL-zgodnie-z-konsensusem-8584628.html?utm_source=RSS&utm_medium=RSS&utm_campaign=Wiadomosci", "date_published": "2023-07-25T16:02:05.429441+00:00", "persistent": false, "dead": false, "artist": null, "album": null, "user": null, "language": "pl-PL", "thumbnail": null}, {"source": "https://www.bankier.pl/rss/wiadomosci.xml", "title": "Bogdanka obni\u017cy\u0142a cel produkcyjny w\u0119gla handlowego na 2023 rok", "description": "<p><img align=\"left\" alt=\"\" class=\"webfeedsFeaturedVisual\" height=\"560\" src=\"http://galeria.bankier.pl/p/9/a/68af0e402c6c56-948-568-0-67-3000-1799.jpg\" style=\"display: block; margin-bottom: 5px; clear: both;\" width=\"945\" />Bogdanka obni\u017cy\u0142a cel produkcyjny na 2023 rok do oko\u0142o 7 mln ton w\u0119gla handlowego - poinformowa\u0142a sp\u00f3\u0142ka w komunikacie.</p>", "link": "https://www.bankier.pl/wiadomosc/Bogdanka-obnizyla-cel-produkcyjny-na-2023-rok-do-okolo-7-mln-ton-wegla-handlowego-8584622.html?utm_source=RSS&utm_medium=RSS&utm_campaign=Wiadomosci", "date_published": "2023-07-25T16:02:05.426744+00:00", "persistent": false, "dead": false, "artist": null, "album": null, "user": null, "language": "pl-PL", "thumbnail": null}, {"source": "https://www.bankier.pl/rss/wiadomosci.xml", "title": "Ukraina przygotowuje pierwszy przetarg na rozminowywanie kraju przez firmy prywatne", "description": "<p><img align=\"left\" alt=\"\" class=\"webfeedsFeaturedVisual\" height=\"560\" src=\"http://galeria.bankier.pl/p/7/5/faacd01ea92c7c-948-568-85-185-1915-1148.jpg\" style=\"display: block; margin-bottom: 5px; clear: both;\" width=\"945\" />Rz\u0105d Ukrainy przygotowuje pierwszy przetarg na rozminowywanie kraju; w\u0142adze chc\u0105 zaanga\u017cowa\u0107 w proces firmy prywatne - poinformowa\u0142 we wtorek portal Ukrainska Prawda.</p>", "link": "https://www.bankier.pl/wiadomosc/Ukraina-przygotowuje-pierwszy-przetarg-na-rozminowywanie-kraju-przez-firmy-prywatne-8584591.html?utm_source=RSS&utm_medium=RSS&utm_campaign=Wiadomosci", "date_published": "2023-07-25T16:02:05.422265+00:00", "persistent": false, "dead": false, "artist": null, "album": null, "user": null, "language": "pl-PL", "thumbnail": null}, {"source": "https://www.bankier.pl/rss/wiadomosci.xml", "title": "Zn\u00f3w rekordy hossy na GPW. Nowy szczyt WIG20 pod przyw\u00f3dztwem KGHM-u", "description": "<p><img align=\"left\" alt=\"\" class=\"webfeedsFeaturedVisual\" height=\"560\" src=\"http://galeria.bankier.pl/p/c/5/0fe5c770009cdb-948-568-10-10-3564-2138.jpg\" style=\"display: block; margin-bottom: 5px; clear: both;\" width=\"945\" />WIG20 poprawi\u0142 dotychczasowy rekord hossy i na mniej ni\u017c 1 proc. zbli\u017cy\u0142 si\u0119 do poziomu 2200 pkt., gdzie by\u0142 notowany przed wybuchem wojny w Ukrainie. Rekordy hossy poprawi\u0142y tak\u017ce WIG i mWIG40.</p>", "link": "https://www.bankier.pl/wiadomosc/Znow-rekordy-hossy-na-GPW-Nowy-szczyt-WIG20-pod-przywodztwem-KGHM-u-8584595.html?utm_source=RSS&utm_medium=RSS&utm_campaign=Wiadomosci", "date_published": "2023-07-25T16:02:05.394663+00:00", "persistent": false, "dead": false, "artist": null, "album": null, "user": null, "language": "pl-PL", "thumbnail": null}, {"source": "https://www.bankier.pl/rss/wiadomosci.xml", "title": "\"Priorytetem polityki mieszkaniowej powinien by\u0107 rozw\u00f3j wszystkich form najmu\"", "description": "<p><img align=\"left\" alt=\"\" class=\"webfeedsFeaturedVisual\" height=\"560\" src=\"http://galeria.bankier.pl/p/b/b/dfad4e834fcb71-948-568-0-0-3264-1958.jpg\" style=\"display: block; margin-bottom: 5px; clear: both;\" width=\"945\" />Priorytetem polityki mieszkaniowej na najbli\u017csze lata powinno by\u0107 r\u00f3wnoczesne rozwijanie wszystkich form najmu, czyli najmu rozproszonego, komunalnego i socjalnego, najmu TBS/SIM i najmu profesjonalnego - wynika z raportu \"Dekada rynku PRS w Polsce\" Polityki Insight i PFR Nieruchomo\u015bci.</p>", "link": "https://www.bankier.pl/wiadomosc/Priorytetem-polityki-mieszkaniowej-powinien-byc-rozwoj-wszystkich-form-najmu-8584588.html?utm_source=RSS&utm_medium=RSS&utm_campaign=Wiadomosci", "date_published": "2023-07-25T16:00:00+00:00", "persistent": false, "dead": false, "artist": null, "album": null, "user": null, "language": "pl-PL", "thumbnail": null}, {"source": "https://www.bankier.pl/rss/wiadomosci.xml", "title": "Polacy od doby koczuj\u0105 na lotnisku w Rodos. Nie wiedz\u0105, kiedy wr\u00f3c\u0105", "description": "<p><img align=\"left\" alt=\"\" class=\"webfeedsFeaturedVisual\" height=\"560\" src=\"http://galeria.bankier.pl/p/1/8/88bb9a4189b1fb-948-568-80-130-3920-2351.jpg\" style=\"display: block; margin-bottom: 5px; clear: both;\" width=\"945\" />Od doby na lotnisku w Rodos koczuj\u0105 tury\u015bci, kt\u00f3rzy w poniedzia\u0142ek zako\u0144czyli wakacje i po po\u0142udniu mieli odlecie\u0107 do kraju. \"Do Polski przewieziono osoby, kt\u00f3re ewakuowano z innych miast, a o tych, kt\u00f3rzy planowo mieli powr\u00f3ci\u0107 do kraju zapomniano\" - powiedzia\u0142a PAP pani Agnieszka, kt\u00f3ra od doby koczuje na lotnisku z nastoletnim synem.</p>", "link": "https://www.bankier.pl/wiadomosc/Polacy-od-doby-koczuja-na-lotnisku-w-Rodos-Nie-wiedza-kiedy-wroca-8584562.html?utm_source=RSS&utm_medium=RSS&utm_campaign=Wiadomosci", "date_published": "2023-07-25T14:57:01.123589+00:00", "persistent": false, "dead": false, "artist": null, "album": null, "user": null, "language": "pl-PL", "thumbnail": null}, {"source": "https://www.bankier.pl/rss/wiadomosci.xml", "title": "EC B\u0119dzin ma nowego prezesa", "description": "<p><img align=\"left\" alt=\"\" class=\"webfeedsFeaturedVisual\" height=\"560\" src=\"http://galeria.bankier.pl/p/f/f/895132f30529cb-948-568-3-18-1146-687.png\" style=\"display: block; margin-bottom: 5px; clear: both;\" width=\"945\" />Rada nadzorcza Elektrociep\u0142owni B\u0119dzin powo\u0142a\u0142a na funkcje prezesa zarz\u0105du Marcina Chodkowskiego, dotychczasowego wiceprezesa ds. korporacyjnych - poinformowano w komunikacie. Chodkowski jest zwi\u0105zany ze sp\u00f3\u0142k\u0105 od stycznia 2023 r.</p>", "link": "https://www.bankier.pl/wiadomosc/Rada-nadzorcza-EC-Bedzin-powolala-Marcina-Chodkowskiego-na-prezesa-zarzadu-8584523.html?utm_source=RSS&utm_medium=RSS&utm_campaign=Wiadomosci", "date_published": "2023-07-25T14:56:00+00:00", "persistent": false, "dead": false, "artist": null, "album": null, "user": null, "language": "pl-PL", "thumbnail": null}, {"source": "https://www.bankier.pl/rss/wiadomosci.xml", "title": "Po\u017cary w Grecji. Na Krecie zakazane s\u0105 grille, ogniska i lampiony", "description": "<p><img align=\"left\" alt=\"\" class=\"webfeedsFeaturedVisual\" height=\"560\" src=\"http://galeria.bankier.pl/p/c/a/e33360a4953a85-945-560-0-82-1732-1039.jpg\" style=\"display: block; margin-bottom: 5px; clear: both;\" width=\"945\" />W zwi\u0105zku z zagro\u017ceniem po\u017carowym na Krecie czasowo zosta\u0142y zakazane grille, ogniska, lampiony, a tak\u017ce jakiekolwiek wykorzystanie ognia w lasach, na polach, \u0142\u0105kach i w pasiekach. Najwy\u017cszy, pi\u0105ty stopie\u0144 stanu alarmowego obowi\u0105zuje na wschodzie wyspy, w Heraklionie, Retimno  i Lasiti. W po\u0142o\u017conej na zachodzie Chanii wprowadzono ni\u017cszy, czwarty stopie\u0144.</p>", "link": "https://www.bankier.pl/wiadomosc/Pozary-w-Grecji-Na-Krecie-zakazane-sa-grille-ogniska-i-lampiony-8584519.html?utm_source=RSS&utm_medium=RSS&utm_campaign=Wiadomosci", "date_published": "2023-07-25T14:53:00+00:00", "persistent": false, "dead": false, "artist": null, "album": null, "user": null, "language": "pl-PL", "thumbnail": null}, {"source": "https://www.bankier.pl/rss/wiadomosci.xml", "title": "Kt\u00f3rym politykom ufamy najbardziej, a kt\u00f3rym najmniej? Jest nowy sonda\u017c CBOS", "description": "<p><img align=\"left\" alt=\"\" class=\"webfeedsFeaturedVisual\" height=\"560\" src=\"http://galeria.bankier.pl/p/2/c/0195463ba1832b-948-568-0-0-3286-1972.jpg\" style=\"display: block; margin-bottom: 5px; clear: both;\" width=\"945\" />Prezydent Andrzej Duda, prezydent Warszawy Rafa\u0142 Trzaskowski, prezes PSL W\u0142adys\u0142aw Kosiniak-Kamysz to liderzy lipcowego rankingu zaufania polityk\u00f3w. Najwi\u0119ksz\u0105 nieufno\u015b\u0107 ankietowani wyra\u017caj\u0105 wobec: Jaros\u0142awa Kaczy\u0144skiego, Zbigniewa Ziobry i Donalda Tuska.</p>", "link": "https://www.bankier.pl/wiadomosc/Ktorym-politykom-ufamy-najbardziej-a-ktorym-najmniej-Jest-nowy-sondaz-CBOS-8584512.html?utm_source=RSS&utm_medium=RSS&utm_campaign=Wiadomosci", "date_published": "2023-07-25T14:46:00+00:00", "persistent": false, "dead": false, "artist": null, "album": null, "user": null, "language": "pl-PL", "thumbnail": null}, {"source": "https://www.bankier.pl/rss/wiadomosci.xml", "title": "Tysi\u0105ce tajemniczych przesy\u0142ek z zagranicy budz\u0105 niepok\u00f3j w Korei Po\u0142udniowej", "description": "<p><img align=\"left\" alt=\"\" class=\"webfeedsFeaturedVisual\" height=\"560\" src=\"http://galeria.bankier.pl/p/3/2/2ec096f205b1d1-948-568-0-116-1730-1038.jpg\" style=\"display: block; margin-bottom: 5px; clear: both;\" width=\"945\" />Tajemnicze paczki wysy\u0142ane z zagranicy wzbudzaj\u0105 od czwartku strach i niepok\u00f3j w Korei Po\u0142udniowej. Policja odebra\u0142a przesz\u0142o 2 tys. zg\u0142osze\u0144 dotycz\u0105cych podejrzanych paczek. W czwartek media poinformowa\u0142y o hospitalizacji trzech os\u00f3b, kt\u00f3re otworzy\u0142y przesy\u0142ki z Tajwanu - informuje agencja Yonhap. Dotychczas nie znaleziono materia\u0142\u00f3w niebezpiecznych, a w\u0142adze m\u00f3wi\u0105, \u017ce sprawa nie ma zwi\u0105zku z terroryzmem.</p>", "link": "https://www.bankier.pl/wiadomosc/Tysiace-tajemniczych-przesylek-z-zagranicy-budza-niepokoj-w-Korei-Poludniowej-8584508.html?utm_source=RSS&utm_medium=RSS&utm_campaign=Wiadomosci", "date_published": "2023-07-25T14:44:00+00:00", "persistent": false, "dead": false, "artist": null, "album": null, "user": null, "language": "pl-PL", "thumbnail": null}, {"source": "https://www.bankier.pl/rss/wiadomosci.xml", "title": "Chorwacja walczy z kilkoma niebezpicznymi \u017cywio\u0142ami jednocze\u015bnie", "description": "<p><img align=\"left\" alt=\"\" class=\"webfeedsFeaturedVisual\" height=\"560\" src=\"http://galeria.bankier.pl/p/a/e/0eb3a1257f66eb-948-568-0-335-3195-1916.jpg\" style=\"display: block; margin-bottom: 5px; clear: both;\" width=\"945\" />W kilku regionach Chorwacji og\u0142oszono czerwony alert pogodowy z powodu nadchodz\u0105cych burz; w nocy z poniedzia\u0142ku na wtorek wybuch\u0142 po\u017car, kt\u00f3ry zbli\u017ca\u0142 si\u0119 do po\u0142o\u017conego na po\u0142udniu kraju Dubrownika, lecz sytuacj\u0119 uda\u0142o si\u0119 opanowa\u0107 - poinformowa\u0142 portal thedubrovniktimes.com.</p>", "link": "https://www.bankier.pl/wiadomosc/Chorwacja-walczy-z-kilkoma-niebezpicznymi-zywiolami-jednoczesnie-8584493.html?utm_source=RSS&utm_medium=RSS&utm_campaign=Wiadomosci", "date_published": "2023-07-25T14:29:00+00:00", "persistent": false, "dead": false, "artist": null, "album": null, "user": null, "language": "pl-PL", "thumbnail": null}, {"source": "https://www.bankier.pl/rss/wiadomosci.xml", "title": "Te kraje s\u0105 przeciwne przed\u0142u\u017ceniu zakazu eksportu ukrai\u0144skiego zbo\u017ca, m.in. do Polski", "description": "<p><img align=\"left\" alt=\"\" class=\"webfeedsFeaturedVisual\" height=\"560\" src=\"http://galeria.bankier.pl/p/a/9/8df1e998a58495-948-568-53-0-1811-1086.jpg\" style=\"display: block; margin-bottom: 5px; clear: both;\" width=\"945\" />Francja i Niemcy sprzeciwiaj\u0105 si\u0119 przed\u0142u\u017ceniu zakazu eksportu ukrai\u0144skiej pszenicy, kukurydzy, rzepaku i s\u0142onecznika do 5 kraj\u00f3w, w tym Polski po 15 wrze\u015bnia. \"Niedopuszczalne jest, aby niekt\u00f3re pa\u0144stwa cz\u0142onkowskie uchyla\u0142y obowi\u0105zuj\u0105ce traktaty\" \u2013 powiedzia\u0142 we wtorek niemiecki minister rolnictwa Cem Oezdemir. Polska, W\u0119gry, S\u0142owacja, Bu\u0142garia, Rumunia chc\u0105 przed\u0142u\u017cenia. W poniedzia\u0142ek ambasador Polski przy UE Andrzej Sado\u015b informowa\u0142 w Brukseli, \u017ce europejscy rolnicy nie maj\u0105 szans na uczciw\u0105 konkurencj\u0119 i nie mo\u017cna dopu\u015bci\u0107 do tego, by zbankrutowali.</p>", "link": "https://www.bankier.pl/wiadomosc/Te-kraje-sa-przeciwne-przedluzeniu-zakazu-eksportu-ukrainskiego-zboza-m-in-do-Polski-8584487.html?utm_source=RSS&utm_medium=RSS&utm_campaign=Wiadomosci", "date_published": "2023-07-25T14:21:00+00:00", "persistent": false, "dead": false, "artist": null, "album": null, "user": null, "language": "pl-PL", "thumbnail": null}, {"source": "https://www.bankier.pl/rss/wiadomosci.xml", "title": "MFW zweryfikowa\u0142 swoje prognozy dynamiki PKB Polski", "description": "<p><img align=\"left\" alt=\"\" class=\"webfeedsFeaturedVisual\" height=\"560\" src=\"http://galeria.bankier.pl/p/3/e/414a08a8c3961e-948-568-0-40-2000-1199.jpg\" style=\"display: block; margin-bottom: 5px; clear: both;\" width=\"945\" />Mi\u0119dzynarodowy Fundusz Walutowy podwy\u017cszy\u0142 prognoz\u0119 dynamiki PKB Polski w 2023 r. do 1,2 proc. z 0,3 proc., a na 2024 r. obni\u017cy\u0142 do 2,2 proc. z 2,4 proc. - wynika z bazy danych najnowszej wersji cyklicznego raportu MFW World Economic Outlook.</p>", "link": "https://www.bankier.pl/wiadomosc/MFW-zweryfikowal-swoje-prognozy-dynamiki-PKB-Polski-8584482.html?utm_source=RSS&utm_medium=RSS&utm_campaign=Wiadomosci", "date_published": "2023-07-25T14:12:00+00:00", "persistent": false, "dead": false, "artist": null, "album": null, "user": null, "language": "pl-PL", "thumbnail": null}, {"source": "https://www.bankier.pl/rss/wiadomosci.xml", "title": "Tajne mieszkania dla ludzi PiS - ci\u0105g dalszy. TDT zamierza pozwa\u0107 pos\u0142\u00f3w KO", "description": "<p><img align=\"left\" alt=\"\" class=\"webfeedsFeaturedVisual\" height=\"560\" src=\"http://galeria.bankier.pl/p/8/0/d76800f6ef70cc-760-455-840-176-760-455.jpg\" style=\"display: block; margin-bottom: 5px; clear: both;\" width=\"945\" />Transportowy Doz\u00f3r Techniczny (TDT) zamierza pozwa\u0107 pos\u0142\u00f3w Micha\u0142a Szczerb\u0119 i Dariusza Jo\u0144skiego. Chodzi o spraw\u0119 pokoi w siedzibie TDT, kt\u00f3re zdaniem polityk\u00f3w KO mia\u0142y by\u0107 wynajmowane prominentnym dzia\u0142aczom PiS.</p>", "link": "https://www.bankier.pl/wiadomosc/Tajne-mieszkania-dla-ludzi-PiS-ciag-dalszy-TDT-zamierza-pozwac-poslow-KO-8584470.html?utm_source=RSS&utm_medium=RSS&utm_campaign=Wiadomosci", "date_published": "2023-07-25T13:51:58.257340+00:00", "persistent": false, "dead": false, "artist": null, "album": null, "user": null, "language": "pl-PL", "thumbnail": null}, {"source": "https://www.bankier.pl/rss/wiadomosci.xml", "title": "Minister Bortniczuk: Jeste\u015bmy gotowi u\u017cy\u0107 do ewakuacji polskich turyst\u00f3w samolot\u00f3w rz\u0105dowych", "description": "<p><img align=\"left\" alt=\"\" class=\"webfeedsFeaturedVisual\" height=\"560\" src=\"http://galeria.bankier.pl/p/d/5/67c5548d4c7313-948-568-20-70-3980-2387.jpg\" style=\"display: block; margin-bottom: 5px; clear: both;\" width=\"945\" />Na dzi\u015b biura nie zg\u0142osi\u0142y potrzeby interwencji MSiT w proces organizacji powrotu polskich turyst\u00f3w do kraju. Je\u017celi taka potrzeba nast\u0105pi, jeste\u015bmy gotowi u\u017cy\u0107 do tego procesu samolot\u00f3w pozostaj\u0105cych w dyspozycji rz\u0105du RP - napisa\u0142 we wtorek na Twitterze minister sportu i turystyki Kamil Bortniczuk.</p>", "link": "https://www.bankier.pl/wiadomosc/Minister-Bortniczuk-Jestesmy-gotowi-uzyc-do-ewakuacji-polskich-turystow-samolotow-rzadowych-8584425.html?utm_source=RSS&utm_medium=RSS&utm_campaign=Wiadomosci", "date_published": "2023-07-25T12:46:55.210491+00:00", "persistent": false, "dead": false, "artist": null, "album": null, "user": null, "language": "pl-PL", "thumbnail": null}, {"source": "https://www.bankier.pl/rss/wiadomosci.xml", "title": "Miliardy dla Ukrainy. Komisja Europejska wyp\u0142aci\u0142a kolejn\u0105 transz\u0119 pomocy", "description": "<p><img align=\"left\" alt=\"\" class=\"webfeedsFeaturedVisual\" height=\"560\" src=\"http://galeria.bankier.pl/p/1/4/3f6dcbbbc8e958-948-568-0-180-4000-2399.jpg\" style=\"display: block; margin-bottom: 5px; clear: both;\" width=\"945\" />Komisja Europejska wyp\u0142aci\u0142a we wtorek sz\u00f3st\u0105 transz\u0119 w wysoko\u015bci 1,5 mld euro w ramach pakietu unijnej pomocy makrofinansowej dla Ukrainy o warto\u015bci do 18 mld euro.</p>", "link": "https://www.bankier.pl/wiadomosc/Miliardy-dla-Ukrainy-Komisja-Europejska-wyplacila-kolejna-transze-pomocy-8584396.html?utm_source=RSS&utm_medium=RSS&utm_campaign=Wiadomosci", "date_published": "2023-07-25T12:35:00+00:00", "persistent": false, "dead": false, "artist": null, "album": null, "user": null, "language": "pl-PL", "thumbnail": null}, {"source": "https://www.bankier.pl/rss/wiadomosci.xml", "title": "Efektywno\u015b\u0107 energetyczna - trzeba b\u0119dzie ograniczy\u0107 zu\u017cycie m.in. pr\u0105du. UE przyj\u0119\u0142a dyrektyw\u0119", "description": "<p><img align=\"left\" alt=\"\" class=\"webfeedsFeaturedVisual\" height=\"560\" src=\"http://galeria.bankier.pl/p/e/8/aaeb31b14a569c-948-568-33-0-2602-1561.jpg\" style=\"display: block; margin-bottom: 5px; clear: both;\" width=\"945\" />Unia Europejska chce zmniejszy\u0107 zu\u017cycie energii ko\u0144cowej na szczeblu UE o 11,7 proc. w 2030 r. Aby osi\u0105gn\u0105\u0107 ten cel, pa\u0144stwa cz\u0142onkowskie b\u0119d\u0105 mog\u0142y skorzysta\u0107 z elastycznych rozwi\u0105za\u0144. We wtorek przyj\u0119to w tej sprawie nowe przepisy.</p>", "link": "https://www.bankier.pl/wiadomosc/Efektywnosc-energetyczna-UE-przyjela-dyrektywe-ktora-ma-ograniczyc-zuzycie-energii-8584382.html?utm_source=RSS&utm_medium=RSS&utm_campaign=Wiadomosci", "date_published": "2023-07-25T12:22:00+00:00", "persistent": false, "dead": false, "artist": null, "album": null, "user": null, "language": "pl-PL", "thumbnail": null}, {"source": "https://www.bankier.pl/rss/wiadomosci.xml", "title": "O krok bli\u017cej do KPO? Prezydent podpisa\u0142 ustaw\u0119 b\u0119d\u0105c\u0105 kamieniem milowym", "description": "<p><img align=\"left\" alt=\"\" class=\"webfeedsFeaturedVisual\" height=\"560\" src=\"http://galeria.bankier.pl/p/e/2/496ae5af9be4c5-948-568-0-70-4000-2399.jpg\" style=\"display: block; margin-bottom: 5px; clear: both;\" width=\"945\" />Prezydent Andrzej Duda podpisa\u0142 nowel\u0119 ustawy o planowaniu i zagospodarowaniu przestrzennym, kt\u00f3rej celem jest uproszczenie, ujednolicenie i przyspieszenie procedury planistycznej - poinformowa\u0142a we wtorek Kancelaria Prezydenta RP.</p>", "link": "https://www.bankier.pl/wiadomosc/Ustawa-ws-planowania-i-zagospodarowania-przestrzennego-z-podpisem-prezydenta-8584364.html?utm_source=RSS&utm_medium=RSS&utm_campaign=Wiadomosci", "date_published": "2023-07-25T11:41:57.798651+00:00", "persistent": false, "dead": false, "artist": null, "album": null, "user": null, "language": "pl-PL", "thumbnail": null}, {"source": "https://www.bankier.pl/rss/wiadomosci.xml", "title": "KNF nie pozwoli refinansowa\u0107 niekt\u00f3rych kredyt\u00f3w, by obni\u017cy\u0107 raty? Nadz\u00f3r zabra\u0142 g\u0142os", "description": "<p><img align=\"left\" alt=\"\" class=\"webfeedsFeaturedVisual\" height=\"560\" src=\"http://galeria.bankier.pl/p/c/1/8b39199260ac6d-948-568-0-12-2525-1514.jpg\" style=\"display: block; margin-bottom: 5px; clear: both;\" width=\"945\" />UKNF w swoim stanowisku z czerwca nie odbiera kredytobiorcom mo\u017cliwo\u015bci zrefinansowania kredyt\u00f3w mieszkaniowych zaci\u0105gni\u0119tych na okresowo sta\u0142\u0105 stop\u0119 procentow\u0105 w celu obni\u017cenia koszt\u00f3w takich kredyt\u00f3w w perspektywie potencjalnej obni\u017cki st\u00f3p procentowych NBP \u2013 poinformowa\u0142 PAP Biznes Jacek Jastrz\u0119bski, przewodnicz\u0105cy Komisji Nadzoru Finansowego.</p>", "link": "https://www.bankier.pl/wiadomosc/KNF-nie-pozwoli-refinansowac-niektorych-kredytow-by-obnizyc-raty-Nadzor-zabral-glos-8584365.html?utm_source=RSS&utm_medium=RSS&utm_campaign=Wiadomosci", "date_published": "2023-07-25T11:41:57.779451+00:00", "persistent": false, "dead": false, "artist": null, "album": null, "user": null, "language": "pl-PL", "thumbnail": null}, {"source": "https://www.bankier.pl/rss/wiadomosci.xml", "title": "Koniec podatku PCC (ale nie dla wszystkich) i u\u017cytkowania wieczystego. Prezydent podpisa\u0142 ustaw\u0119", "description": "<p><img align=\"left\" alt=\"\" class=\"webfeedsFeaturedVisual\" height=\"560\" src=\"http://galeria.bankier.pl/p/6/b/9d9d099c078338-948-568-0-129-1991-1194.jpg\" style=\"display: block; margin-bottom: 5px; clear: both;\" width=\"945\" />Prezydent Andrzej Duda podpisa\u0142 ustaw\u0119 ws. likwidacji u\u017cytkowania wieczystego, kt\u00f3ra umo\u017cliwi firmom, osobom fizycznym i sp\u00f3\u0142dzielniom mieszkaniowym wykup grunt\u00f3w. Regulacja przewiduje te\u017c, \u017ce nabycie pierwszego mieszkania b\u0119dzie zwolnione z PCC - poda\u0142a we wtorek Kancelaria Prezydenta RP.</p>", "link": "https://www.bankier.pl/wiadomosc/Koniec-podatku-PCC-i-uzytkowania-wieczystego-Prezydent-podpisal-ustawe-8584377.html?utm_source=RSS&utm_medium=RSS&utm_campaign=Wiadomosci", "date_published": "2023-07-25T11:41:57.771911+00:00", "persistent": false, "dead": false, "artist": null, "album": null, "user": null, "language": "pl-PL", "thumbnail": null}, {"source": "https://www.bankier.pl/rss/wiadomosci.xml", "title": "Millennium: ryzyko recesji oddali\u0142o si\u0119, najciekawszym aktywem obligacje skarbowe", "description": "<p><img align=\"left\" alt=\"\" class=\"webfeedsFeaturedVisual\" height=\"560\" src=\"http://galeria.bankier.pl/p/b/f/f5fcbba097d34c-948-567-0-67-1000-599.jpg\" style=\"display: block; margin-bottom: 5px; clear: both;\" width=\"945\" />Ryzyko globalnej silnej recesji oddali\u0142o si\u0119, a rynki rozwini\u0119te do\u015b\u0107 sprawnie radz\u0105 sobie z inflacj\u0105. Zdaniem zarz\u0105dzaj\u0105cych Millennium TFI, wraz z mo\u017cliwymi w nowym roku obni\u017ckami st\u00f3p proc. na \u015bwiecie b\u0119dzie ros\u0142a atrakcyjno\u015b\u0107 obligacji skarbowych, kt\u00f3re oferuj\u0105 najlepszy stosunek zysku do ryzyka.</p>", "link": "https://www.bankier.pl/wiadomosc/Millennium-ryzyko-recesji-oddalilo-sie-najciekawszym-aktywem-obligacje-skarbowe-8584336.html?utm_source=RSS&utm_medium=RSS&utm_campaign=Wiadomosci", "date_published": "2023-07-25T11:32:00+00:00", "persistent": false, "dead": false, "artist": null, "album": null, "user": null, "language": "pl-PL", "thumbnail": null}, {"source": "https://www.bankier.pl/rss/wiadomosci.xml", "title": "Spotify podnosi ceny za abonamenty. Pierwszy raz od ponad dekady", "description": "<p><img align=\"left\" alt=\"\" class=\"webfeedsFeaturedVisual\" height=\"560\" src=\"http://galeria.bankier.pl/p/b/1/ec3984c4a0c259-948-567-0-0-1000-599.jpg\" style=\"display: block; margin-bottom: 5px; clear: both;\" width=\"945\" />Znana platforma streamingowa Spotify zapowiedzia\u0142a podwy\u017cki cen za abonamenty. Na razie na wy\u017csze ceny musz\u0105 przygotowa\u0107 si\u0119 klienci ze Stan\u00f3w Zjednoczonych i wielu innych kraj\u00f3w na \u015bwiecie. W Polsce mo\u017cemy na ten moment odetchn\u0105\u0107 z ulg\u0105, poniewa\u017c omin\u0119\u0142y nas te podwy\u017cki.\u00a0\n</p>", "link": "https://www.bankier.pl/wiadomosc/Spotify-podnosi-ceny-za-abonamenty-Pierwszy-raz-od-ponad-dekady-8584307.html?utm_source=RSS&utm_medium=RSS&utm_campaign=Wiadomosci", "date_published": "2023-07-25T11:30:00+00:00", "persistent": false, "dead": false, "artist": null, "album": null, "user": null, "language": "pl-PL", "thumbnail": null}, {"source": "https://www.bankier.pl/rss/wiadomosci.xml", "title": "U\u017cytkownicy Steama na celowniku cyberprzest\u0119pc\u00f3w. NASK ostrzega", "description": "<p><img align=\"left\" alt=\"\" class=\"webfeedsFeaturedVisual\" height=\"560\" src=\"http://galeria.bankier.pl/p/7/8/66359c91aa62f7-945-560-139-96-1603-961.jpg\" style=\"display: block; margin-bottom: 5px; clear: both;\" width=\"945\" />NASK ostrzega przed oszustami, kt\u00f3rzy wy\u0142udzaj\u0105 dane do serwisu Steam. U\u017cywaj\u0105 do tego fa\u0142szywego panelu logowania -\u00a0oszu\u015bci dok\u0142adnie dopracowali stron\u0119 - podkre\u015blono.</p>", "link": "https://www.bankier.pl/wiadomosc/Uzytkownicy-Steama-na-celowniku-cyberprzestepcow-NASK-ostrzega-8584300.html?utm_source=RSS&utm_medium=RSS&utm_campaign=Wiadomosci", "date_published": "2023-07-25T10:36:57.155409+00:00", "persistent": false, "dead": false, "artist": null, "album": null, "user": null, "language": "pl-PL", "thumbnail": null}, {"source": "https://www.bankier.pl/rss/wiadomosci.xml", "title": "Stopa bezrobocia w d\u00f3\u0142. Nowe dane GUS", "description": "<p><img align=\"left\" alt=\"\" class=\"webfeedsFeaturedVisual\" height=\"560\" src=\"http://galeria.bankier.pl/p/6/b/c24ca871167ae3-945-560-0-0-1400-839.jpg\" style=\"display: block; margin-bottom: 5px; clear: both;\" width=\"945\" />Stopa bezrobocia w czerwcu 2023 r. wynios\u0142a 5,0 proc. wobec 5,1 proc. miesi\u0105c wcze\u015bniej - poda\u0142 G\u0142\u00f3wny Urz\u0105d Statystyczny.</p>", "link": "https://www.bankier.pl/wiadomosc/Stopa-bezrobocia-w-czerwcu-w-dol-Nowe-dane-GUS-8584232.html?utm_source=RSS&utm_medium=RSS&utm_campaign=Wiadomosci", "date_published": "2023-07-25T10:36:57.148190+00:00", "persistent": false, "dead": false, "artist": null, "album": null, "user": null, "language": "pl-PL", "thumbnail": null}, {"source": "https://www.bankier.pl/rss/wiadomosci.xml", "title": "Prawdziwa plaga. Na cudz\u0105 to\u017csamo\u015b\u0107 pr\u00f3bowano wy\u0142udzi\u0107 \u0142\u0105cznie 50 mln z\u0142", "description": "<p><img align=\"left\" alt=\"\" class=\"webfeedsFeaturedVisual\" height=\"560\" src=\"http://galeria.bankier.pl/p/e/7/f964bd52856c6e-948-567-15-50-985-590.jpg\" style=\"display: block; margin-bottom: 5px; clear: both;\" width=\"945\" />Zwi\u0105zek Bank\u00f3w Polskich poda\u0142 nowe statystyki dotycz\u0105ce pr\u00f3b wy\u0142udze\u0144 kredyt\u00f3w na skradzion\u0105 to\u017csamo\u015b\u0107. W II kwartale 2023 r. z\u0142odzieje pr\u00f3bowali w ten spos\u00f3b ukra\u015b\u0107 \u0142\u0105cznie ponad 50 mln z\u0142. Odnotowano ponad 2,1 tys. pr\u00f3b wy\u0142udze\u0144.</p>", "link": "https://www.bankier.pl/wiadomosc/Prawdziwa-plaga-Na-cudza-tozsamosc-probowano-wyludzic-lacznie-50-mln-zl-8584301.html?utm_source=RSS&utm_medium=RSS&utm_campaign=Wiadomosci", "date_published": "2023-07-25T10:36:57.121978+00:00", "persistent": false, "dead": false, "artist": null, "album": null, "user": null, "language": "pl-PL", "thumbnail": null}, {"source": "https://www.bankier.pl/rss/wiadomosci.xml", "title": "\"Bezpieczny kredyt 2 proc.\" wkr\u00f3tce w kolejnych 6 bankach. ZBP ujawnia liczb\u0119 wniosk\u00f3w", "description": "<p><img align=\"left\" alt=\"\" class=\"webfeedsFeaturedVisual\" height=\"560\" src=\"http://galeria.bankier.pl/p/0/7/9df31436f4770b-948-568-0-0-992-595.jpg\" style=\"display: block; margin-bottom: 5px; clear: both;\" width=\"945\" />Wkr\u00f3tce \"Bezpieczny Kredyt 2 proc.\" b\u0119dzie dost\u0119ny w kolejnych 6 bankach - poinformowa\u0142a na konferencji wiceprezes ZBP Agnieszka Wachnicka. Doda\u0142a, \u017ce w ramach programu\u00a0 z\u0142o\u017cono 11495 wniosk\u00f3w, zawarto 223 umowy z klientami i za\u0142o\u017cono 370 kont mieszkaniowych.</p>", "link": "https://www.bankier.pl/wiadomosc/Bezpieczny-kredyt-2-proc-wkrotce-w-kolejnych-6-bankach-ZBP-ujawnia-liczbe-wnioskow-8584296.html?utm_source=RSS&utm_medium=RSS&utm_campaign=Wiadomosci", "date_published": "2023-07-25T10:28:00+00:00", "persistent": false, "dead": false, "artist": null, "album": null, "user": null, "language": "pl-PL", "thumbnail": null}, {"source": "https://www.bankier.pl/rss/wiadomosci.xml", "title": "Tydzie\u0144 po\u017car\u00f3w w Grecji. Najgorsza sytuacja wci\u0105\u017c na Rodos", "description": "<p><img align=\"left\" alt=\"\" class=\"webfeedsFeaturedVisual\" height=\"560\" src=\"http://galeria.bankier.pl/p/d/8/cc0dc540b3c2e1-948-568-15-7-2985-1790.jpg\" style=\"display: block; margin-bottom: 5px; clear: both;\" width=\"945\" />Ju\u017c tydzie\u0144 trwa walka stra\u017cak\u00f3w z po\u017carami pustosz\u0105cymi kilka rejon\u00f3w Grecji - napisa\u0142 we wtorek grecki portal ekhatimerini.com. Najgorsza sytuacja wci\u0105\u017c jest na Rodos - trwa ewakuacja turyst\u00f3w, a operatorzy odwo\u0142uj\u0105 wycieczki - dodano.</p>", "link": "https://www.bankier.pl/wiadomosc/Tydzien-pozarow-w-Grecji-Najgorsza-sytuacja-wciaz-na-Rodos-8584290.html?utm_source=RSS&utm_medium=RSS&utm_campaign=Wiadomosci", "date_published": "2023-07-25T10:16:00+00:00", "persistent": false, "dead": false, "artist": null, "album": null, "user": null, "language": "pl-PL", "thumbnail": null}, {"source": "https://www.bankier.pl/rss/wiadomosci.xml", "title": "Brytyjskie biura podr\u00f3\u017cy nadal wysy\u0142aj\u0105 turyst\u00f3w na Rodos. Zni\u017cki na pobyt w nadpalonych hotelach", "description": "<p><img align=\"left\" alt=\"\" class=\"webfeedsFeaturedVisual\" height=\"560\" src=\"http://galeria.bankier.pl/p/1/a/947351bfff7873-948-568-20-220-3980-2387.jpg\" style=\"display: block; margin-bottom: 5px; clear: both;\" width=\"945\" />Niekt\u00f3re linie lotnicze i biura turystyczne nadal wysy\u0142aj\u0105 na Rodos kolejnych turyst\u00f3w, a nawet oferuj\u0105 zni\u017cki na pobyt w uszkodzonych przez ogie\u0144 hotelach - pisze we wtorek brytyjski dziennik \"i\". Od tygodnia w Grecji szalej\u0105 po\u017cary i trwa ewakuacja turyst\u00f3w z Rodos.</p>", "link": "https://www.bankier.pl/wiadomosc/Brytyjskie-biura-podrozy-nadal-wysylaja-turystow-na-Rodos-Znizki-na-pobyt-w-nadpalonych-hotelach-8584281.html?utm_source=RSS&utm_medium=RSS&utm_campaign=Wiadomosci", "date_published": "2023-07-25T10:00:00+00:00", "persistent": false, "dead": false, "artist": null, "album": null, "user": null, "language": "pl-PL", "thumbnail": null}, {"source": "https://www.bankier.pl/rss/wiadomosci.xml", "title": "Sycylia p\u0142onie. Powodem rekordowe upa\u0142y - temperatury si\u0119gaj\u0105 47 stopni", "description": "<p><img align=\"left\" alt=\"\" class=\"webfeedsFeaturedVisual\" height=\"560\" src=\"http://galeria.bankier.pl/p/e/5/c92a09fd3f976e-948-568-0-124-3840-2303.jpg\" style=\"display: block; margin-bottom: 5px; clear: both;\" width=\"945\" />Ponad 50 po\u017car\u00f3w trawi Sycyli\u0119 - poinformowa\u0142a we wtorek Ansa. Najtrudniejsza sytuacja panuje w rejonie Palermo. Gaszenie ognia przez \u015bmig\u0142owce utrudnia silny wiatr- scirocco. Na wyspie utrzymuj\u0105 si\u0119 rekordowe upa\u0142y, si\u0119gaj\u0105ce 47 stopni.</p>", "link": "https://www.bankier.pl/wiadomosc/Sycylia-plonie-Powodem-rekordowe-upaly-temperatury-siegaja-47-stopni-8584267.html?utm_source=RSS&utm_medium=RSS&utm_campaign=Wiadomosci", "date_published": "2023-07-25T09:31:48.536062+00:00", "persistent": false, "dead": false, "artist": null, "album": null, "user": null, "language": "pl-PL", "thumbnail": null}, {"source": "https://www.bankier.pl/rss/wiadomosci.xml", "title": "Zmowa cenowa na rynku malin? UOKiK przedstawia wyniki kontroli", "description": "<p><img align=\"left\" alt=\"\" class=\"webfeedsFeaturedVisual\" height=\"560\" src=\"http://galeria.bankier.pl/p/6/c/961f5d8313cc8a-948-568-0-243-4242-2545.jpg\" style=\"display: block; margin-bottom: 5px; clear: both;\" width=\"945\" />Brak jest podstaw do twierdze\u0144, \u017ce trudna sytuacja na rynku malin mo\u017ce by\u0107 wynikiem zmowy cenowej skup\u00f3w lub przetw\u00f3rc\u00f3w - wskaza\u0142 we wtorek Urz\u0105d Ochrony Konkurencji i Konsument\u00f3w. Wcze\u015bniej przeprowadzi\u0142 kontrol\u0119 w blisko 60 skupach i u pi\u0119ciu najwi\u0119kszych przetw\u00f3rc\u00f3w.</p>", "link": "https://www.bankier.pl/wiadomosc/Zmowa-cenowa-na-rynku-malin-UOKiK-przedstawia-wyniki-kontroli-8584282.html?utm_source=RSS&utm_medium=RSS&utm_campaign=Wiadomosci", "date_published": "2023-07-25T09:31:48.515495+00:00", "persistent": false, "dead": false, "artist": null, "album": null, "user": null, "language": "pl-PL", "thumbnail": null}, {"source": "https://www.bankier.pl/rss/wiadomosci.xml", "title": "DeGiro ukarane w Holandii. Inwestor wygra\u0142 z brokerem, po pieni\u0105dze mog\u0105 zg\u0142osi\u0107 si\u0119 kolejni", "description": "<p><img align=\"left\" alt=\"\" class=\"webfeedsFeaturedVisual\" height=\"560\" src=\"http://galeria.bankier.pl/p/3/d/cf5a717928965c-948-568-0-49-1785-1070.jpg\" style=\"display: block; margin-bottom: 5px; clear: both;\" width=\"945\" />Holenderski regulator ukara\u0142 DeGiro. Broker musi zap\u0142aci\u0107 klientowi 31 500 euro odszkodowania, za kierowanie jego zlece\u0144 do strony trzeciej i oszukiwanie go co do sposobu ich realizacji. Werdykt mo\u017ce uruchomi\u0107 lawin\u0119 podobnych spraw.</p>", "link": "https://www.bankier.pl/wiadomosc/DeGiro-ukarane-w-Holandii-moga-ruszyc-kolejne-sprawy-8584228.html?utm_source=RSS&utm_medium=RSS&utm_campaign=Wiadomosci", "date_published": "2023-07-25T09:30:00+00:00", "persistent": false, "dead": false, "artist": null, "album": null, "user": null, "language": "pl-PL", "thumbnail": null}, {"source": "https://www.bankier.pl/rss/wiadomosci.xml", "title": "Chromecast naruszy\u0142 patenty? W grze setki milion\u00f3w odszkodowania od Google'a", "description": "<p><img align=\"left\" alt=\"\" class=\"webfeedsFeaturedVisual\" height=\"560\" src=\"http://galeria.bankier.pl/p/5/5/c915ff1c4fc49d-948-568-148-157-3351-2010.jpg\" style=\"display: block; margin-bottom: 5px; clear: both;\" width=\"945\" />Technologia zdalnego przesy\u0142ania obrazu z telefonu na telewizor, kt\u00f3r\u0105 z powodzeniem wykorzystuje Google w popularnym urz\u0105dzeniu Chromecast narusza niekt\u00f3re patenty firmy Touchstream Technologies \u2013 orzek\u0142 s\u0105d w Teksasie. Jak donosi Reuters, Google zosta\u0142 zobowi\u0105zany do zap\u0142aty wielomilionowego odszkodowania. Gigant z Mountain View zapowiada odwo\u0142anie.</p>", "link": "https://www.bankier.pl/wiadomosc/Chromecast-naruszyl-patenty-W-grze-setki-milionow-odszkodowania-od-Google-a-8584249.html?utm_source=RSS&utm_medium=RSS&utm_campaign=Wiadomosci", "date_published": "2023-07-25T09:20:00+00:00", "persistent": false, "dead": false, "artist": null, "album": null, "user": null, "language": "pl-PL", "thumbnail": null}, {"source": "https://www.bankier.pl/rss/wiadomosci.xml", "title": "Liczba ludno\u015bci Polski znowu w d\u00f3\u0142. Jakby znikn\u0119\u0142o miasto wielko\u015bci Rybnika", "description": "<p><img align=\"left\" alt=\"\" class=\"webfeedsFeaturedVisual\" height=\"560\" src=\"http://galeria.bankier.pl/p/7/6/3b27113c6b769a-948-567-0-32-1000-599.jpg\" style=\"display: block; margin-bottom: 5px; clear: both;\" width=\"945\" />Liczba ludno\u015bci Polski na koniec czerwca spad\u0142a rdr o 130 tys. do 37,698 mln os\u00f3b - poda\u0142 GUS.</p>", "link": "https://www.bankier.pl/wiadomosc/W-czerwcu-spadla-liczba-ludnosci-Polski-Nowe-dane-GUS-8584242.html?utm_source=RSS&utm_medium=RSS&utm_campaign=Wiadomosci", "date_published": "2023-07-25T09:04:00+00:00", "persistent": false, "dead": false, "artist": null, "album": null, "user": null, "language": "pl-PL", "thumbnail": null}, {"source": "https://www.bankier.pl/rss/wiadomosci.xml", "title": "Ukraina nie odpu\u015bci. \"B\u0119dziemy nadal atakowa\u0107 okupowany Krym\"", "description": "<p><img align=\"left\" alt=\"\" class=\"webfeedsFeaturedVisual\" height=\"560\" src=\"http://galeria.bankier.pl/p/9/e/ac053909be8691-948-568-0-110-4000-2399.jpg\" style=\"display: block; margin-bottom: 5px; clear: both;\" width=\"945\" />B\u0119dziemy nadal atakowa\u0107 okupowany Krym i most, kt\u00f3ry \u0142\u0105czy p\u00f3\u0142wysep z Rosj\u0105 - powiedzia\u0142 ukrai\u0144ski minister obrony O\u0142eksij Reznikow w wywiadzie opublikowanym we wtorek przez CNN. Jak si\u0119 okazuje, sztab zak\u0142ada\u0142, \u017ce ukrai\u0144ska kontrofensywa p\u00f3jdzie szybciej ni\u017c ma to miejsce.</p>", "link": "https://www.bankier.pl/wiadomosc/Ukraina-nie-odpusci-Bedziemy-nadal-atakowac-okupowany-Krym-8584219.html?utm_source=RSS&utm_medium=RSS&utm_campaign=Wiadomosci", "date_published": "2023-07-25T08:26:47.155937+00:00", "persistent": false, "dead": false, "artist": null, "album": null, "user": null, "language": "pl-PL", "thumbnail": null}, {"source": "https://www.bankier.pl/rss/wiadomosci.xml", "title": "Zaporoska Elektrownia Atomowa zaminowana. Najnowsze dane MAEA", "description": "<p><img align=\"left\" alt=\"\" class=\"webfeedsFeaturedVisual\" height=\"560\" src=\"http://galeria.bankier.pl/p/4/b/557ba5d6f6d278-948-568-0-35-1280-767.jpg\" style=\"display: block; margin-bottom: 5px; clear: both;\" width=\"945\" />Eksperci Mi\u0119dzynarodowej Agencji Energii Atomowej (MAEA) zaobserwowali kierunkowe miny przeciwpiechotne na obrze\u017cach ukrai\u0144skiej Zaporoskiej Elektrowni J\u0105drowej - poinformowa\u0142 we wtorek dyrektor generalny MAEA Rafael Grossi na stronie internetowej kierowanej przez siebie organizacji.</p>", "link": "https://www.bankier.pl/wiadomosc/Zaporoska-Elektrownia-Atomowa-zaminowana-Najnowsze-dane-MAEA-8584253.html?utm_source=RSS&utm_medium=RSS&utm_campaign=Wiadomosci", "date_published": "2023-07-25T08:26:47.153614+00:00", "persistent": false, "dead": false, "artist": null, "album": null, "user": null, "language": "pl-PL", "thumbnail": null}, {"source": "https://www.bankier.pl/rss/wiadomosci.xml", "title": "Z\u0142oty czeka na bankier\u00f3w. Kurs euro w trendzie bocznym", "description": "<p><img align=\"left\" alt=\"\" class=\"webfeedsFeaturedVisual\" height=\"560\" src=\"http://galeria.bankier.pl/p/e/0/22a87b3dda74c6-948-568-202-288-4069-2441.jpg\" style=\"display: block; margin-bottom: 5px; clear: both;\" width=\"945\" />Przed posiedzeniami najwa\u017cniejszych bank\u00f3w centralnych\n\u015bwiata kurs euro do z\u0142otego utrzymuje si\u0119 w lokalnym trendzie bocznym.</p>", "link": "https://www.bankier.pl/wiadomosc/Zloty-czeka-na-bankierow-Kurs-euro-w-trendzie-bocznym-8584220.html?utm_source=RSS&utm_medium=RSS&utm_campaign=Wiadomosci", "date_published": "2023-07-25T08:26:47.141339+00:00", "persistent": false, "dead": false, "artist": null, "album": null, "user": null, "language": "pl-PL", "thumbnail": null}, {"source": "https://www.bankier.pl/rss/wiadomosci.xml", "title": "Rz\u0105d blokuje rosyjski kapita\u0142. Tymczasowy zarz\u0105d przymusowy w 2 sp\u00f3\u0142kach", "description": "<p><img align=\"left\" alt=\"\" class=\"webfeedsFeaturedVisual\" height=\"560\" src=\"http://galeria.bankier.pl/p/3/e/43d7dd7825d9b1-948-568-0-123-4500-2699.jpg\" style=\"display: block; margin-bottom: 5px; clear: both;\" width=\"945\" />Podj\u0119to kolejn\u0105 decyzj\u0119 o wprowadzeniu tymczasowego przymusowego zarz\u0105du w sp\u00f3\u0142kach powi\u0105zanych z Rosjanami: Boerner Insulation i Boerner Service - poinformowa\u0142 minister rozwoju i technologii Waldemar Buda. Nie zatrzymujemy si\u0119 w blokowaniu rosyjskiego kapita\u0142u - doda\u0142.</p>", "link": "https://www.bankier.pl/wiadomosc/Rzad-blokuje-rosyjski-kapital-Tymczasowy-zarzad-przymusowy-w-2-spolkach-Boerner-8584234.html?utm_source=RSS&utm_medium=RSS&utm_campaign=Wiadomosci", "date_published": "2023-07-25T08:26:47.134028+00:00", "persistent": false, "dead": false, "artist": null, "album": null, "user": null, "language": "pl-PL", "thumbnail": null}, {"source": "https://www.bankier.pl/rss/wiadomosci.xml", "title": "Wyciek\u0142y zarobki pracownik\u00f3w Google. Ogromne dysproporcje w wynagrodzeniach", "description": "<p><img align=\"left\" alt=\"\" class=\"webfeedsFeaturedVisual\" height=\"560\" src=\"http://galeria.bankier.pl/p/6/4/b57fb27ba58111-948-568-0-0-4000-2399.jpg\" style=\"display: block; margin-bottom: 5px; clear: both;\" width=\"945\" />\nAmeryka\u0144ski magazyn Business Insider opublikowa\u0142 struktur\u0119 wynagrodze\u0144 w Google za 2022 rok. \u015arednie wynagrodzenie w grupie technologicznej wynios\u0142o 280 tys. dolar\u00f3w. Jest to jednak niepe\u0142ny obraz sytuacji, poniewa\u017c dane pochodz\u0105 z ankiety, kt\u00f3r\u0105 dobrowolnie wype\u0142niali pracownicy ze Stan\u00f3w Zjednoczonych.\n\n</p>", "link": "https://www.bankier.pl/wiadomosc/Wyciekly-zarobki-pracownikow-Google-Ogromne-dysproporcje-w-wynagrodzeniach-8584218.html?utm_source=RSS&utm_medium=RSS&utm_campaign=Wiadomosci", "date_published": "2023-07-25T08:26:47.127238+00:00", "persistent": false, "dead": false, "artist": null, "album": null, "user": null, "language": "pl-PL", "thumbnail": null}, {"source": "https://www.bankier.pl/rss/wiadomosci.xml", "title": "Orange wy\u0142\u0105czy sie\u0107 3G. Kiedy i co zrobi konkurencja?", "description": "<p><img align=\"left\" alt=\"\" class=\"webfeedsFeaturedVisual\" height=\"560\" src=\"http://galeria.bankier.pl/p/9/4/22ba2cc077a9e9-948-568-0-40-1613-967.jpg\" style=\"display: block; margin-bottom: 5px; clear: both;\" width=\"945\" />Orange Polska planuje rozpocz\u0105\u0107 wy\u0142\u0105czanie sieci 3G w II po\u0142owie wrze\u015bnia - poda\u0142 na blogu Urz\u0105d Komunikacji Elektronicznej.</p>", "link": "https://www.bankier.pl/wiadomosc/Orange-Polska-planuje-rozpoczac-wylaczanie-sieci-3G-w-II-polowie-IX-UKE-8584215.html?utm_source=RSS&utm_medium=RSS&utm_campaign=Wiadomosci", "date_published": "2023-07-25T08:26:00+00:00", "persistent": false, "dead": false, "artist": null, "album": null, "user": null, "language": "pl-PL", "thumbnail": null}, {"source": "https://www.bankier.pl/rss/wiadomosci.xml", "title": "Frankowe \u017cniwa Votum. IV kw. zapowiada rekordow\u0105 liczb\u0119 wyrok\u00f3w", "description": "<p><img align=\"left\" alt=\"\" class=\"webfeedsFeaturedVisual\" height=\"560\" src=\"http://galeria.bankier.pl/p/e/2/db1895bc0c41bf-945-560-0-219-4000-2399.jpg\" style=\"display: block; margin-bottom: 5px; clear: both;\" width=\"945\" />Liczba zapad\u0142ych wyrok\u00f3w s\u0105dowych w sprawach frankowych w pierwszym p\u00f3\u0142roczu 2023 r. wzros\u0142a do co najmniej 8,1 tys. z 4 tys. rok wcze\u015bniej. Ostatni kwarta\u0142 2023 roku zapowiada si\u0119 pod tym wzgl\u0119dem rekordowo - ocenia radca prawny Wojciech Bochenek z Bochenek i Wsp\u00f3lnicy Kancelaria Radc\u00f3w Prawnych.</p>", "link": "https://www.bankier.pl/wiadomosc/Liczba-wyrokow-dot-CHF-wzrosla-w-I-pol-23-do-co-najmniej-8-1-tys-IV-kw-zapowiada-sie-rekordowo-Votum-8584206.html?utm_source=RSS&utm_medium=RSS&utm_campaign=Wiadomosci", "date_published": "2023-07-25T08:06:00+00:00", "persistent": false, "dead": false, "artist": null, "album": null, "user": null, "language": "pl-PL", "thumbnail": null}, {"source": "https://www.bankier.pl/rss/wiadomosci.xml", "title": "500 tys. z\u0142 dla ofiary siostry Bernadetty. Zap\u0142aci\u0107 maj\u0105 by\u0142a dyrektorka, zakon i PZU", "description": "<p><img align=\"left\" alt=\"\" class=\"webfeedsFeaturedVisual\" height=\"560\" src=\"http://galeria.bankier.pl/p/0/1/1a381fa1b9a4b6-948-568-0-0-3888-2332.jpg\" style=\"display: block; margin-bottom: 5px; clear: both;\" width=\"945\" />S\u0105d uzna\u0142, \u017ce by\u0142y wychowanek o\u015brodka opieku\u0144czego w Zabrzu prowadzonego przez siostry boromeuszki otrzyma p\u00f3\u0142 miliona z\u0142otych zado\u015b\u0107uczynienia. To odszkodowanie za to, \u017ce m\u0119\u017cczyzna podczas pobytu w o\u015brodku jako dziecko by\u0142 bity i gwa\u0142cony. Takie informacje podaje portal oko.press, kt\u00f3ry dodaje, \u017ce zap\u0142aci\u0107 maj\u0105 siostra Bernadetta, siostry boromeuszki, a tak\u017ce ich ubezpieczyciel, kt\u00f3rym jest PZU.\n</p>", "link": "https://www.bankier.pl/wiadomosc/500-tys-zl-dla-ofiary-siostry-Bernadetty-Zaplacic-maja-byla-dyrektorka-zakon-i-PZU-8584200.html?utm_source=RSS&utm_medium=RSS&utm_campaign=Wiadomosci", "date_published": "2023-07-25T08:00:00+00:00", "persistent": false, "dead": false, "artist": null, "album": null, "user": null, "language": "pl-PL", "thumbnail": null}, {"source": "https://www.bankier.pl/rss/wiadomosci.xml", "title": "Wy\u017csze zarobki ci\u0105gle powodem do zmiany pracy", "description": "<p><img align=\"left\" alt=\"\" class=\"webfeedsFeaturedVisual\" height=\"560\" src=\"http://galeria.bankier.pl/p/f/a/f0052ddfcc26bc-948-568-0-1020-3000-1799.jpg\" style=\"display: block; margin-bottom: 5px; clear: both;\" width=\"945\" />Spo\u015br\u00f3d badanych w Polsce pracownik\u00f3w, 20 proc. zmieni\u0142o prac\u0119 g\u0142\u00f3wnie z powodu zarobk\u00f3w - wynika z cyklicznego badania firmy Randstad, przeprowadzonego w maju i czerwcu. Spada natomiast odsetek respondent\u00f3w, kt\u00f3rzy w og\u00f3le nie bior\u0105 pod uwag\u0119 zmiany pracodawcy - dodano.</p>", "link": "https://www.bankier.pl/wiadomosc/Wyzsze-zarobki-ciagle-powodem-do-zmiany-pracy-8584189.html?utm_source=RSS&utm_medium=RSS&utm_campaign=Wiadomosci", "date_published": "2023-07-25T07:21:44.749719+00:00", "persistent": false, "dead": false, "artist": null, "album": null, "user": null, "language": "pl-PL", "thumbnail": null}, {"source": "https://www.bankier.pl/rss/wiadomosci.xml", "title": "Pekin wspiera ceny ropy. Jest najdro\u017csza od 3 miesi\u0119cy", "description": "<p><img align=\"left\" alt=\"\" class=\"webfeedsFeaturedVisual\" height=\"560\" src=\"http://galeria.bankier.pl/p/a/3/66c6aa1505e505-945-560-0-3-1500-899.jpg\" style=\"display: block; margin-bottom: 5px; clear: both;\" width=\"945\" />Ceny ropy na gie\u0142dzie paliw w Nowym Jorku rosn\u0105 po doniesieniach z Pekinu w sprawie stymulowania gospodarki Chin - podaj\u0105 maklerzy.</p>", "link": "https://www.bankier.pl/wiadomosc/Pekin-wspiera-ceny-ropy-Jest-najdrozsza-od-3-miesiecy-8584188.html?utm_source=RSS&utm_medium=RSS&utm_campaign=Wiadomosci", "date_published": "2023-07-25T07:21:44.742328+00:00", "persistent": false, "dead": false, "artist": null, "album": null, "user": null, "language": "pl-PL", "thumbnail": null}, {"source": "https://www.bankier.pl/rss/wiadomosci.xml", "title": "Proboszcz+. Rz\u0105d zbudowa\u0142 mechanizm dofinansowa\u0144 niczym drugi Fundusz Ko\u015bcielny", "description": "<p><img align=\"left\" alt=\"\" class=\"webfeedsFeaturedVisual\" height=\"560\" src=\"http://galeria.bankier.pl/p/f/0/bf9ae91753598c-948-568-31-306-4190-2514.jpg\" style=\"display: block; margin-bottom: 5px; clear: both;\" width=\"945\" />Kolejny rz\u0105dowy program budzi kontrowersje. Nab\u00f3r w \nkonkursie dla gmin na odnow\u0119 zabytk\u00f3w zdominowa\u0142y obiekty sakralne i \nko\u015bcielne. Mo\u017cna je te\u017c dotowa\u0107 poprzez Fundusz Ko\u015bcielny, ale tam \nwarunki dofinansowania s\u0105 du\u017co mniej atrakcyjne - informuje \"DGP\".</p>", "link": "https://www.bankier.pl/wiadomosc/Proboszcz-Rzad-zbudowal-mechanizm-dofinansowan-niczym-drugi-Fundusz-Koscielny-8584167.html?utm_source=RSS&utm_medium=RSS&utm_campaign=Wiadomosci", "date_published": "2023-07-25T07:15:00+00:00", "persistent": false, "dead": false, "artist": null, "album": null, "user": null, "language": "pl-PL", "thumbnail": null}, {"source": "https://www.bankier.pl/rss/wiadomosci.xml", "title": "14. emerytura. Premier Morawiecki poda\u0142 termin wyp\u0142at", "description": "<p><img align=\"left\" alt=\"\" class=\"webfeedsFeaturedVisual\" height=\"560\" src=\"http://galeria.bankier.pl/p/d/4/22cd2b479373e5-948-567-10-5-990-593.jpg\" style=\"display: block; margin-bottom: 5px; clear: both;\" width=\"945\" />14. emerytura b\u0119dzie wyp\u0142acona na prze\u0142omie sierpnia i wrze\u015bnia - poinformowa\u0142 premier Mateusz Morawiecki, cytowany w komunikacie.</p>", "link": "https://www.bankier.pl/wiadomosc/14-emerytura-Premier-Morawiecki-podal-termin-wyplat-8584173.html?utm_source=RSS&utm_medium=RSS&utm_campaign=Wiadomosci", "date_published": "2023-07-25T07:06:00+00:00", "persistent": false, "dead": false, "artist": null, "album": null, "user": null, "language": "pl-PL", "thumbnail": null}, {"source": "https://www.bankier.pl/rss/wiadomosci.xml", "title": "Przez Bu\u0142gari\u0119 do Grecji? Nowy pomys\u0142 na eksport ukrai\u0144skiego zbo\u017ca", "description": "<p><img align=\"left\" alt=\"\" class=\"webfeedsFeaturedVisual\" height=\"560\" src=\"http://galeria.bankier.pl/p/6/f/a640f9a90b035a-948-568-0-70-995-597.jpg\" style=\"display: block; margin-bottom: 5px; clear: both;\" width=\"945\" />Bu\u0142garski premier Niko\u0142aj Nenkow przyzna\u0142 po poniedzia\u0142kowej wizycie w Grecji, \u017ce z premierem Kyriakosem Micotakisem omawia\u0142 mo\u017cliwo\u015b\u0107 przewozu ukrai\u0144skiego zbo\u017ca poci\u0105gami przez Bu\u0142gari\u0119 do greckich port\u00f3w.</p>", "link": "https://www.bankier.pl/wiadomosc/Przez-Bulgarie-do-Grecji-Nowy-pomysl-na-eksport-ukrainskiego-zboza-8584159.html?utm_source=RSS&utm_medium=RSS&utm_campaign=Wiadomosci", "date_published": "2023-07-25T06:15:00+00:00", "persistent": false, "dead": false, "artist": null, "album": null, "user": null, "language": "pl-PL", "thumbnail": null}, {"source": "https://www.bankier.pl/rss/wiadomosci.xml", "title": "Program lojalno\u015bciowy MOL idzie jak burza. Ma ju\u017c 100 tys. u\u017cytkownik\u00f3w", "description": "<p><img align=\"left\" alt=\"\" class=\"webfeedsFeaturedVisual\" height=\"560\" src=\"http://galeria.bankier.pl/p/0/5/fc7c93d575d6a1-948-568-0-54-1994-1196.jpg\" style=\"display: block; margin-bottom: 5px; clear: both;\" width=\"945\" />W programie lojalno\u015bciowym MOL w ciagu pi\u0119ciu dni od jego uruchomienia zarejestrowa\u0142o si\u0119 w Polsce 100 tys. u\u017cytkownik\u00f3w - poinformowa\u0142 MOL w komunikacie prasowym.</p>", "link": "https://www.bankier.pl/wiadomosc/MOL-Polska-pozyskal-100-tys-uzytkownikow-programu-lojalnosciowego-8584153.html?utm_source=RSS&utm_medium=RSS&utm_campaign=Wiadomosci", "date_published": "2023-07-25T06:08:00+00:00", "persistent": false, "dead": false, "artist": null, "album": null, "user": null, "language": "pl-PL", "thumbnail": null}, {"source": "https://www.bankier.pl/rss/wiadomosci.xml", "title": "Chiny zbroj\u0105 Rosj\u0119? Dostarczy\u0142y m.in. setki tysi\u0119cy kamizelek kuloodpornych", "description": "<p><img align=\"left\" alt=\"\" class=\"webfeedsFeaturedVisual\" height=\"560\" src=\"http://galeria.bankier.pl/p/8/3/d25789267d12ee-948-568-55-110-1945-1166.jpg\" style=\"display: block; margin-bottom: 5px; clear: both;\" width=\"945\" />Wsch\u00f3d wbrew Zachodowi wspieraj\u0105 rosyjsk\u0105 inwazj\u0119 na Ukrain\u0119. Firmy w Rosji importuj\u0105 setki tysi\u0119cy kamizelek kuloodpornych, he\u0142m\u00f3w, a tak\u017ce znaczne ilo\u015bci celownik\u00f3w termowizyjnych i dron\u00f3w z Chin - podaje portal Politico. Sprz\u0119t jest sprowadzany jako dobra cywilnego przeznaczenia, cho\u0107 jego faktyczne przeznaczenie jest oczywiste.</p>", "link": "https://www.bankier.pl/wiadomosc/Chiny-zbroja-Rosje-Dostarczyly-m-in-setki-tysiecy-kamizelek-kuloodpornych-8584147.html?utm_source=RSS&utm_medium=RSS&utm_campaign=Wiadomosci", "date_published": "2023-07-25T06:04:00+00:00", "persistent": false, "dead": false, "artist": null, "album": null, "user": null, "language": "pl-PL", "thumbnail": null}, {"source": "https://www.bankier.pl/rss/wiadomosci.xml", "title": "Pieni\u0105dze nie dla zwierz\u0105t tylko dla partii Szymona Ho\u0142owni? Wp\u0142yn\u0119\u0142o zawiadomienie do prokuratury", "description": "<p><img align=\"left\" alt=\"\" class=\"webfeedsFeaturedVisual\" height=\"560\" src=\"http://galeria.bankier.pl/p/a/d/ea495d07f41837-948-568-8-0-1161-696.jpg\" style=\"display: block; margin-bottom: 5px; clear: both;\" width=\"945\" />Dwie organizacje uwa\u017caj\u0105, \u017ce stowarzyszenie Szymona Ho\u0142owni sprzeniewierzy\u0142o \u015brodki na pomoc dla czworonog\u00f3w z Ukrainy - ustali\u0142a \"Rzeczpospolita\"</p>", "link": "https://www.bankier.pl/wiadomosc/Polska-2050-sprzeniewierzyla-dotacje-od-wojewody-Wplynelo-zawiadomienie-do-prokuratury-8584137.html?utm_source=RSS&utm_medium=RSS&utm_campaign=Wiadomosci", "date_published": "2023-07-25T05:44:00+00:00", "persistent": false, "dead": false, "artist": null, "album": null, "user": null, "language": "pl-PL", "thumbnail": null}, {"source": "https://www.bankier.pl/rss/wiadomosci.xml", "title": "Rosjanie \"szturmuj\u0105\" Turcj\u0119. Du\u017cy wzrost migracji", "description": "<p><img align=\"left\" alt=\"\" class=\"webfeedsFeaturedVisual\" height=\"560\" src=\"http://galeria.bankier.pl/p/f/7/de781ddfd7b29b-945-560-0-580-2000-1199.jpg\" style=\"display: block; margin-bottom: 5px; clear: both;\" width=\"945\" />W 2022 roku Rosjanie byli najliczniejszym narodem imigruj\u0105cym do Turcji. Og\u00f3\u0142em za\u015b, w ubieg\u0142ym roku odnotowano wzrost emigracji z Turcji o 62 proc. w por\u00f3wnaniu z rokiem poprzednim - wynika z opublikowanych danych Tureckiego Instytutu Statystycznego (TUIK).</p>", "link": "https://www.bankier.pl/wiadomosc/Rosjanie-szturmuja-Turcje-Duzy-wzrost-migracji-8584127.html?utm_source=RSS&utm_medium=RSS&utm_campaign=Wiadomosci", "date_published": "2023-07-25T05:13:00+00:00", "persistent": false, "dead": false, "artist": null, "album": null, "user": null, "language": "pl-PL", "thumbnail": null}, {"source": "https://www.bankier.pl/rss/wiadomosci.xml", "title": "Kosztowne papierosy. Bud\u017cet pa\u0144stwa traci 4 razy wi\u0119cej ni\u017c zyskuje z akcyzy", "description": "<p><img align=\"left\" alt=\"\" class=\"webfeedsFeaturedVisual\" height=\"560\" src=\"http://galeria.bankier.pl/p/d/f/7c957e317db805-945-560-0-0-1739-1043.jpg\" style=\"display: block; margin-bottom: 5px; clear: both;\" width=\"945\" />Palenie okazuje si\u0119 bardzo kosztowne. I nie chodzi tylko o kwesti\u0119 leczenia, ale tak\u017ce koszty zwolnie\u0144 lekarskich, z kt\u00f3rych palacze korzystaj\u0105 cz\u0119\u015bciej i d\u0142u\u017cej ni\u017c osoby niepal\u0105ce - pisze we wtorek \"Rzeczpospolita\". Papierosy pali dzi\u015b \u015brednio co trzeci Polak - dodano.</p>", "link": "https://www.bankier.pl/wiadomosc/Kosztowne-papierosy-Budzet-panstwa-traci-4-razy-wiecej-niz-zyskuje-z-akcyzy-8584134.html?utm_source=RSS&utm_medium=RSS&utm_campaign=Wiadomosci", "date_published": "2023-07-25T05:11:45.612963+00:00", "persistent": false, "dead": false, "artist": null, "album": null, "user": null, "language": "pl-PL", "thumbnail": null}, {"source": "https://www.bankier.pl/rss/wiadomosci.xml", "title": "Polski freelancer nie narzeka na zarobki. \u015arednie stawki wzros\u0142y prawie o 25 proc. rdr", "description": "<p><img align=\"left\" alt=\"\" class=\"webfeedsFeaturedVisual\" height=\"560\" src=\"http://galeria.bankier.pl/p/a/0/92fd8981bebd18-948-568-0-84-2400-1439.jpg\" style=\"display: block; margin-bottom: 5px; clear: both;\" width=\"945\" />Najbardziej uros\u0142y zarobki freelancer\u00f3w zajmuj\u0105cych si\u0119 animacj\u0105, a zmala\u0142y specjalist\u00f3w od programowania i tworzenia sklep\u00f3w internetowych - wynika z raportu \"Stawki freelancer\u00f3w \u2013 w kt\u00f3rych bran\u017cach w I po\u0142owie 2023 r. wzros\u0142y najbardziej?\". Dodano, \u017ce \u015bredni ich wzrost to ok. 25 proc. rdr.</p>", "link": "https://www.bankier.pl/wiadomosc/Polski-freelancer-nie-narzeka-Srednie-stawki-wzrosly-prawie-o-25-proc-rdr-8584120.html?utm_source=RSS&utm_medium=RSS&utm_campaign=Wiadomosci", "date_published": "2023-07-25T05:01:00+00:00", "persistent": false, "dead": false, "artist": null, "album": null, "user": null, "language": "pl-PL", "thumbnail": null}, {"source": "https://www.bankier.pl/rss/wiadomosci.xml", "title": "Praca i podr\u00f3\u017ce, czyli przyjemne z po\u017cytecznym, ale nie dla wszystkich. Firmy niezbyt przychylne workation", "description": "<p><img align=\"left\" alt=\"\" class=\"webfeedsFeaturedVisual\" height=\"560\" src=\"http://galeria.bankier.pl/p/9/f/51932f134ba5c0-948-568-0-169-2506-1503.jpg\" style=\"display: block; margin-bottom: 5px; clear: both;\" width=\"945\" />A\u017c 4 na 10 szef\u00f3w nie zgadza si\u0119 na\n\u0142\u0105czenie pracy z wakacjami, a prawie po\u0142owa pracodawc\u00f3w nie ma regulaminu\ndotycz\u0105cego workation \u2013 wynika z badania, jakie przeprowadzi\u0142a firma doradztwa\npersonalnego HRK.</p>", "link": "https://www.bankier.pl/wiadomosc/Firmy-niechetne-workation-Polowa-nie-wie-jak-to-zorganizowac-8583951.html?utm_source=RSS&utm_medium=RSS&utm_campaign=Wiadomosci", "date_published": "2023-07-25T04:06:43.306566+00:00", "persistent": false, "dead": false, "artist": null, "album": null, "user": null, "language": "pl-PL", "thumbnail": null}, {"source": "https://www.bankier.pl/rss/wiadomosci.xml", "title": "Ranking lokat rocznych. \u201eSzcz\u0119\u015bliwa si\u00f3demka\u201d w czterech bankach", "description": "<p><img align=\"left\" alt=\"\" class=\"webfeedsFeaturedVisual\" height=\"560\" src=\"http://galeria.bankier.pl/p/8/e/77618910c89a06-948-568-0-82-3008-1804.jpg\" style=\"display: block; margin-bottom: 5px; clear: both;\" width=\"945\" />7,50 proc. w skali roku to najlepszy wynik lipca na lokatach rocznych. Lider tabeli oczekuje otwarcia konta osobistego i wp\u0142aty min. 10 000 z\u0142. Pierwsz\u0105 tr\u00f3jk\u0119 uzupe\u0142niaj\u0105 propozycje na 7,10 i 7 proc. w skali roku.</p>", "link": "https://www.bankier.pl/wiadomosc/Najlepsze-lokaty-bankowe-na-12-miesiecy-lipiec-2023-Ranking-Bankier-pl-8583749.html?utm_source=RSS&utm_medium=RSS&utm_campaign=Wiadomosci", "date_published": "2023-07-25T04:06:43.303781+00:00", "persistent": false, "dead": false, "artist": null, "album": null, "user": null, "language": "pl-PL", "thumbnail": null}, {"source": "https://www.bankier.pl/rss/wiadomosci.xml", "title": "Deweloperzy ch\u0119tnie dziel\u0105 si\u0119 zyskami. Mieszkani\u00f3wka dalej wyp\u0142aca spore dywidendy", "description": "<p><img align=\"left\" alt=\"\" class=\"webfeedsFeaturedVisual\" height=\"560\" src=\"http://galeria.bankier.pl/p/a/f/b4217ba7512441-948-568-53-0-1809-1085.jpg\" style=\"display: block; margin-bottom: 5px; clear: both;\" width=\"945\" />Indeks gie\u0142dowych deweloper\u00f3w notuje rekordy,\nsprzeda\u017c mieszka\u0144 ro\u015bnie, a na dodatek bran\u017cowe sp\u00f3\u0142ki dalej dziel\u0105 si\u0119 zyskami,\nwyp\u0142acaj\u0105c akcjonariuszom sowite dywidendy. W niekt\u00f3rych przypadkach na ten cel przeznaczony zosta\u0142 prawie ca\u0142y zysk. </p>", "link": "https://www.bankier.pl/wiadomosc/Deweloperzy-chetnie-dziela-sie-zyskami-Mieszkaniowka-dalej-placi-spore-dywidendy-8583803.html?utm_source=RSS&utm_medium=RSS&utm_campaign=Wiadomosci", "date_published": "2023-07-25T04:06:43.300988+00:00", "persistent": false, "dead": false, "artist": null, "album": null, "user": null, "language": "pl-PL", "thumbnail": null}, {"source": "https://www.bankier.pl/rss/wiadomosci.xml", "title": "Doch\u00f3d podstawowy za bycie cz\u0142owiekiem. Kryptowaluta tw\u00f3rcy ChatGPT zadebiutowa\u0142a na gie\u0142dach - kurs wystrzeli\u0142", "description": "<p><img align=\"left\" alt=\"\" class=\"webfeedsFeaturedVisual\" height=\"560\" src=\"http://galeria.bankier.pl/p/d/6/78d71b911b65d3-948-568-10-260-3990-2393.jpg\" style=\"display: block; margin-bottom: 5px; clear: both;\" width=\"945\" />Worldcoin - kryptowaluta dyrektora sp\u00f3\u0142ki OpenAI, \nzadebiutowa\u0142a na gie\u0142dach, a jej kurs eksplodowa\u0142. Projekt maj\u0105cy na \nsztandarach prywatno\u015b\u0107 i demokracj\u0119 ma zapewni\u0107 doch\u00f3d podstawowy \n\"zweryfikowanym ludziom\", ale wzbudza przy tym du\u017ce kontrowersje.</p>", "link": "https://www.bankier.pl/wiadomosc/Woldcoin-kryptowaluta-tworcy-ChatGPT-juz-na-gieldach-8583847.html?utm_source=RSS&utm_medium=RSS&utm_campaign=Wiadomosci", "date_published": "2023-07-25T04:06:43.298027+00:00", "persistent": false, "dead": false, "artist": null, "album": null, "user": null, "language": "pl-PL", "thumbnail": null}]