[{"source": "https://www.youtube.com/feeds/videos.xml?channel_id=UCH4BNI0-FOK2dMXoFtViWHw", "title": "The Truth About Butterfly Metamorphosis (It's VERY WEIRD)", "description": "Check out @crashcourse Botany! https://www.youtube.com/watch?v=2th5lAd-77A \n\u2193\u2193\u2193 More info and sources below \u2193\u2193\u2193\n\nDoes any other creature on Earth undergo a life transformation as dramatic as the butterfly? I think not. Unfortunately, children's books about very hungry caterpillars skip all the COOL and WEIRD and GROSS stuff that happens along the way. It's time to dig into all the mind-blowing biology behind metamorphosis!\n\nFilmed on location at the California Academy of Sciences\n\n0:00 We were lied to as kids\n1:48 Metamorphosis is more common than you think\n3:36 It starts with an egg\n4:46 Eat/Poop/Grow\n6:05 Busting the biggest butterfly myth of all\n7:23 Time to take your skin off\n8:40 Inside the \"sack of magic\"\n11:08 Metamorphosis,\u2026\u00a0metamorphosis everywhere\n11:55 Why do butterflies do this?\n13:42 Sign up for our Patreon!\n\nHigh fives to all our Brain Trust Patrons:\n\nHolly, Brett, and Ashe Bullion\nJaap Westera\nMillennial Glacier\nMehdi Damou\nBarbora Bei\nBurt Humburg\ndani bowman\nDavid Johnston\nBaerbel Winkler\nRobert Young\nEric Meer\nDustin\nKaren Haskell\n\nJoin us on Patreon! \nhttps://patreon.com/itsokaytobesmart\n\nTwitter \nhttp://www.twitter.com/DrJoeHanson\nhttp://www.twitter.com/okaytobesmart \n\nInstagram \nhttp://www.instagram.com/DrJoeHanson \nhttp://www.instagram.com/okaytobesmart \n\nMerch\nhttps://store.dftba.com/collections/its-okay-to-be-smart\n\nFacebook\nhttps://www.facebook.com/itsokaytobesmartpbs/", "link": "https://www.youtube.com/watch?v=4RaCURU6A2o", "date_published": "2023-07-25T15:53:18+00:00", "persistent": false, "dead": false, "artist": null, "album": null, "user": null, "language": "en-US", "thumbnail": "https://i1.ytimg.com/vi/4RaCURU6A2o/hqdefault.jpg"}]