[{"source": "https://www.youtube.com/feeds/videos.xml?channel_id=UCAKcSON6PSG_JkTbXh2WdIg", "title": "Amythyst Kiah \u2013 Empire of Love (live for The Current)", "description": "Amythyst Kiah and her band visited The Current studio for a session with Radio Heartland\u2019s Mike Pengra. Kiah played a couple of songs from her album, \"Wary + Strange,\" and also treated us to a radio debut of this new song, \u201cEmpire of Love.\u201d \n\nMusicians\nAmythyst Kiah \u2013 vocals, guitar\nChris Collier \u2013 guitar, vocals\nAustin Drewry \u2013 drums\nEmma Lambiase \u2013 bass, vocals\n\nCredits\nGuest \u2013\u00a0@AmythystKiah \nHost \u2013\u00a0Mike Pengra\nProducer \u2013\u00a0Derrick Stevens\nVideo Editor \u2013\u00a0Evan Clark\nCamera Operators \u2013\u00a0Christian Ankrum; Micah Kopecky\nAudio \u2013 Eric Xu Romani\nGraphics \u2013\u00a0Natalia Toledo\nDigital Producer \u2013\u00a0Luke Taylor\n\nYou rely on The Current to keep you connected to the music you love, and we rely on you to power this station. Everything you find here is only possible because of listener support. Give now at: http://www.support.mpr.org/youtube  \n\nSubscribe to our channel:\nhttp://www.youtube.com/user/893TheCurrent?sub_confirmation=1  \n\nLike/Follow:\nhttps://www.facebook.com/TheCurrent/  \nhttps://twitter.com/TheCurrent  \nhttps://www.instagram.com/thecurrent/\nhttps://www.tiktok.com/@thecurrent.org\n\n#amythystkiah #rounderrecords @rounderrecords", "link": "https://www.youtube.com/watch?v=dg4b-Kv5_R0", "date_published": "2023-07-25T02:00:24+00:00", "persistent": false, "dead": false, "artist": null, "album": null, "user": null, "language": "en-US", "thumbnail": "https://i1.ytimg.com/vi/dg4b-Kv5_R0/hqdefault.jpg"}]