[{"source": "http://feeds.abcnews.com/abcnews/topstories", "title": "Triple-digit ocean temps in Florida could be a global record", "description": "The ocean temperature off the coast of South Florida reached triple digits, which could be a global record, according to experts.", "link": "https://abcnews.go.com/US/preliminary-ocean-temperature-1011-degrees-recorded-off-coast/story?id=101646005", "date_published": "2023-07-25T20:41:25+00:00", "persistent": false, "dead": false, "artist": null, "album": null, "user": null, "language": "en-US", "thumbnail": "https://s.abcnews.com/images/US/cocoa-beach-boat-usa-ps-230725_1690314060288_hpMain_4x3t_384.jpg"}, {"source": "http://feeds.abcnews.com/abcnews/topstories", "title": "Ex-Tennessee officer sues after department rescinds job offer because he has HIV", "description": "A former Memphis police officer of the year is suing the Nashville Police Department for rescinding a job offer after the department learned he has HIV", "link": "https://abcnews.go.com/US/wireStory/former-tennessee-police-officer-sues-after-department-rescinds-101646234", "date_published": "2023-07-25T20:21:52+00:00", "persistent": false, "dead": false, "artist": null, "album": null, "user": null, "language": "en-US", "thumbnail": "https://s.abcnews.com/images/US/abc_news_default_2000x2000_update_4x3t_384.jpg"}, {"source": "http://feeds.abcnews.com/abcnews/topstories", "title": "3 found dead in car at gas station identified as Marines stationed nearby", "description": "Three men who were found dead over the weekend at a North Carolina gas station have been identified as Marine lance corporals from Camp Lejeune", "link": "https://abcnews.go.com/US/wireStory/3-found-dead-car-north-carolina-gas-station-101646103", "date_published": "2023-07-25T19:52:02+00:00", "persistent": false, "dead": false, "artist": null, "album": null, "user": null, "language": "en-US", "thumbnail": "https://s.abcnews.com/images/US/wirestory_59a38e43facf7bce0aa9ed1e7f9cf2c6_1x1_384.jpg"}, {"source": "http://feeds.abcnews.com/abcnews/topstories", "title": "Canadian search teams find body of a child who died in Nova Scotia flooding", "description": "Canadian police say the body of a child who went missing when the province of Nova Scotia was hit with extreme flooding has been recovered", "link": "https://abcnews.go.com/International/wireStory/canadian-search-teams-find-body-child-died-flooding-101645909", "date_published": "2023-07-25T19:26:01+00:00", "persistent": false, "dead": false, "artist": null, "album": null, "user": null, "language": "en-US", "thumbnail": "https://s.abcnews.com/images/US/abc_news_default_2000x2000_update_4x3t_384.jpg"}, {"source": "http://feeds.abcnews.com/abcnews/topstories", "title": "Pete Davidson to do 50 hours community service after crash into Beverly Hills house", "description": "Pete Davidson will perform 50 hours of community service to resolve a reckless driving charge for crashing into a Beverly Hills home", "link": "https://abcnews.go.com/Entertainment/wireStory/pete-davidson-50-hours-community-service-after-charge-101644924", "date_published": "2023-07-25T19:22:47+00:00", "persistent": false, "dead": false, "artist": null, "album": null, "user": null, "language": "en-US", "thumbnail": "https://s.abcnews.com/images/Entertainment/wirestory_522fe4c775dc6e2b55bb0fdfec43af3d_4x3_384.jpg"}, {"source": "http://feeds.abcnews.com/abcnews/topstories", "title": "Johnny Lujack, Heisman winner who led Notre Dame to 3 national titles, dies at 98", "description": "Johnny Lujack, the Heisman Trophy winner who led Notre Dame to three national championships in the 1940s, died in Florida following a brief illness", "link": "https://abcnews.go.com/Sports/wireStory/johnny-lujack-1947-heisman-winner-led-notre-dame-101643335", "date_published": "2023-07-25T18:47:03+00:00", "persistent": false, "dead": false, "artist": null, "album": null, "user": null, "language": "en-US", "thumbnail": "https://s.abcnews.com/images/Sports/wirestory_e1d99721074aaeddc83fd6a9b8423eee_4x3_384.jpg"}, {"source": "http://feeds.abcnews.com/abcnews/topstories", "title": "Lyle Lovett band member spots noose in Montana. Police investigating it as hate crime", "description": "Police in Montana's largest city are investigating a possible hate crime after a musician who performs with Lyle Lovett and His Large Band found a noose on a downtown light pole", "link": "https://abcnews.go.com/US/wireStory/lyle-lovett-band-member-spotted-noose-montana-police-101643133", "date_published": "2023-07-25T18:35:07+00:00", "persistent": false, "dead": false, "artist": null, "album": null, "user": null, "language": "en-US", "thumbnail": "https://s.abcnews.com/images/US/abc_news_default_2000x2000_update_4x3t_384.jpg"}, {"source": "http://feeds.abcnews.com/abcnews/topstories", "title": "Biden honors Emmett Till and his mother with new national monument", "description": "President Joe Biden honors Emmett Till and his mother Mamie Till-Mobley in a new national monument that spans several locations in Mississippi and Illinois.", "link": "https://abcnews.go.com/US/biden-honors-emmett-till-mother-new-national-monument/story?id=101630559", "date_published": "2023-07-25T17:58:52+00:00", "persistent": false, "dead": false, "artist": null, "album": null, "user": null, "language": "en-US", "thumbnail": "https://s.abcnews.com/images/US/biden-signs-till-gty-ps-230725_1690303585423_hpMain_4x3t_384.jpg"}, {"source": "http://feeds.abcnews.com/abcnews/topstories", "title": "American freed from Russia in prisoner swap hurt while fighting in Ukraine", "description": "Trevor Reed, has been injured while fighting in Ukraine, according to an official.", "link": "https://abcnews.go.com/International/trevor-reed-american-freed-russia-prisoner-swap-hurt/story?id=101641167", "date_published": "2023-07-25T17:46:04+00:00", "persistent": false, "dead": false, "artist": null, "album": null, "user": null, "language": "en-US", "thumbnail": "https://s.abcnews.com/images/US/reed-intv-abc-ps-220728_1659041375531_hpMain_4x3t_384.jpg"}, {"source": "http://feeds.abcnews.com/abcnews/topstories", "title": "Mega Millions jackpot grows to $820M ahead of Tuesday's drawing", "description": "The Mega Millions jackpot has ballooned to an estimated $820 million ahead of Tuesday night's drawing, marking the eighth-largest top prize in U.S. lotto history.", "link": "https://abcnews.go.com/US/mega-millions-jackpot-grows-820m-ahead-tuesdays-drawing/story?id=101638196", "date_published": "2023-07-25T16:44:33+00:00", "persistent": false, "dead": false, "artist": null, "album": null, "user": null, "language": "en-US", "thumbnail": "https://s.abcnews.com/images/US/mega-millions-lottory-ap-moe-003-230725_1690298884443_hpMain_4x3t_384.jpg"}, {"source": "http://feeds.abcnews.com/abcnews/topstories", "title": "UPS and Teamsters union reach agreement, avert strike", "description": "UPS and Teamsters faced a July 31 deadline.", "link": "https://abcnews.go.com/US/ups-teamsters-union-reach-agreement-avert-strike/story?id=101639266", "date_published": "2023-07-25T16:36:31+00:00", "persistent": false, "dead": false, "artist": null, "album": null, "user": null, "language": "en-US", "thumbnail": "https://s.abcnews.com/images/US/ups-strike-ap-jef-230725_1690301479961_hpMain_4x3t_384.jpg"}, {"source": "http://feeds.abcnews.com/abcnews/topstories", "title": "Judge to weigh Hunter Biden plea deal that enflamed critics", "description": "President Joe Biden's son Hunter Biden will appear in a courtroom Wednesday to formally agree to the plea deal he negotiated last month with federal prosecutors.", "link": "https://abcnews.go.com/US/judge-weigh-hunter-biden-plea-deal-enflamed-critics/story?id=101618340", "date_published": "2023-07-25T16:28:04+00:00", "persistent": false, "dead": false, "artist": null, "album": null, "user": null, "language": "en-US", "thumbnail": "https://s.abcnews.com/images/US/hunter-biden-file-01-ap-jef-230724_1690238637111_hpMain_4x3t_384.jpg"}, {"source": "http://feeds.abcnews.com/abcnews/topstories", "title": "Family desperate for answers after 39-year-old woman vanishes", "description": "Allisha Watts has been missing since July 16 and her family is worried about her safety, the Charlotte-Mecklenburg police said.", "link": "https://abcnews.go.com/US/family-desperate-answers-after-39-year-woman-vanishes/story?id=101630557", "date_published": "2023-07-25T16:13:26+00:00", "persistent": false, "dead": false, "artist": null, "album": null, "user": null, "language": "en-US", "thumbnail": "https://s.abcnews.com/images/US/missing-person-ht-ml-230725_1690289886320_hpMain_v5x2_4x3t_384.jpg"}, {"source": "http://feeds.abcnews.com/abcnews/topstories", "title": "North Korea stonewalls US on status of detained soldier", "description": "Private Travis King\u2019s state -- and what North Korea might want for him -- remains a mystery a week after his detention.", "link": "https://abcnews.go.com/International/north-korea-stonewalls-us-status-detained-soldier/story?id=101606528", "date_published": "2023-07-25T15:30:27+00:00", "persistent": false, "dead": false, "artist": null, "album": null, "user": null, "language": "en-US", "thumbnail": "https://s.abcnews.com/images/US/travis-ht-lv-230718_1689729005249_hpMain_4x3t_384.jpg"}, {"source": "http://feeds.abcnews.com/abcnews/topstories", "title": "Judge says she won't change ruling letting NFL coach's racial discrimination claims proceed to trial", "description": "NFL Coach Brian Flores claims he and other Black coaches face discrimination.", "link": "https://abcnews.go.com/Sports/wireStory/judge-change-ruling-letting-nfl-coachs-racial-discrimination-101635893", "date_published": "2023-07-25T15:26:26+00:00", "persistent": false, "dead": false, "artist": null, "album": null, "user": null, "language": "en-US", "thumbnail": "https://s.abcnews.com/images/Sports/wirestory_fffc99d7a9806598d49202c4a6eddb8e_4x3_384.jpg"}, {"source": "http://feeds.abcnews.com/abcnews/topstories", "title": "Cases of tick-borne illnesses are on the rise. Some experts believe climate change is the cause", "description": "Many tick-borne illnesses are becoming more prevalent.", "link": "https://abcnews.go.com/Health/wireStory/cases-tick-borne-illnesses-rise-experts-climate-change-101637057", "date_published": "2023-07-25T15:23:04+00:00", "persistent": false, "dead": false, "artist": null, "album": null, "user": null, "language": "en-US", "thumbnail": "https://s.abcnews.com/images/Health/wirestory_9887411f93f775635227966484b35f44_4x3_384.jpg"}, {"source": "http://feeds.abcnews.com/abcnews/topstories", "title": "DeSantis uninjured in car crash while heading to event: Campaign", "description": "Florida Gov. Ron DeSantis was in a car crash on Tuesday morning in Tennessee on the way to an event in Chattanooga, his campaign said.", "link": "https://abcnews.go.com/Politics/desantis-car-crash-heading-event-tennessee-uninjured-campaign/story?id=101632029", "date_published": "2023-07-25T15:17:52+00:00", "persistent": false, "dead": false, "artist": null, "album": null, "user": null, "language": "en-US", "thumbnail": "https://s.abcnews.com/images/Politics/DeSantis-1-ap-er-230724_1690216468666_hpMain_4x3t_384.jpg"}, {"source": "http://feeds.abcnews.com/abcnews/topstories", "title": "3 workers drown in drainage system at a waste disposal company in Germany", "description": "Police say three workers at a waste disposal and recycling company in southern Germany have died, apparently drowning in a drainage system", "link": "https://abcnews.go.com/International/wireStory/3-workers-drown-drainage-system-waste-disposal-company-101635983", "date_published": "2023-07-25T15:10:48+00:00", "persistent": false, "dead": false, "artist": null, "album": null, "user": null, "language": "en-US", "thumbnail": "https://s.abcnews.com/images/US/abc_news_default_2000x2000_update_4x3t_384.jpg"}, {"source": "http://feeds.abcnews.com/abcnews/topstories", "title": "Bronny James, LeBron's son, suffers cardiac arrest during workout", "description": "Bronny James is an incoming freshman at USC.", "link": "https://abcnews.go.com/Sports/bronny-james-lebrons-son-suffers-cardiac-arrest-workout/story?id=101635526", "date_published": "2023-07-25T14:47:57+00:00", "persistent": false, "dead": false, "artist": null, "album": null, "user": null, "language": "en-US", "thumbnail": "https://s.abcnews.com/images/Sports/bronny-james-file-ap-ml-230725_1690295829326_hpMain_4x3t_384.jpg"}, {"source": "http://feeds.abcnews.com/abcnews/topstories", "title": "Trader Joe's recalls 2 types of cookies that may contain rocks", "description": "Trader Joe's has issued a recall of its Almond Windmill Cookies and Trader Joe's Dark Chocolate Chunk and Almond Cookies due to possible contamination of rocks.", "link": "https://abcnews.go.com/GMA/Food/trader-joes-recalls-cookies-rocks/story?id=101630485", "date_published": "2023-07-25T14:42:41+00:00", "persistent": false, "dead": false, "artist": null, "album": null, "user": null, "language": "en-US", "thumbnail": "https://s.abcnews.com/images/GMA/trader-joes-ht-bb-230725_1690290846243_hpMain_4x3t_384.jpg"}, {"source": "http://feeds.abcnews.com/abcnews/topstories", "title": "Boy, 10, fires shot at police called to scene after youth opens fire inside home", "description": "Police say a 10-year-old boy fired a shot at Chicago police officers during a standoff with officers called to the scene after the youth opened fire inside a home", "link": "https://abcnews.go.com/US/wireStory/chicago-boy-10-fires-shot-police-officers-called-101633900", "date_published": "2023-07-25T14:37:35+00:00", "persistent": false, "dead": false, "artist": null, "album": null, "user": null, "language": "en-US", "thumbnail": "https://s.abcnews.com/images/US/abc_news_default_2000x2000_update_4x3t_384.jpg"}, {"source": "http://feeds.abcnews.com/abcnews/topstories", "title": "Russian lawmakers extend age limit for compulsory military draft", "description": "The Russian parliament&rsquo;s lower house has approved a bill extending the upper age limit for the compulsory military draft from 27 to 30, a move that appears to be part of efforts by the Kremlin to expand the military during the fighting in Ukraine", "link": "https://abcnews.go.com/International/wireStory/russian-lawmakers-extend-age-limit-compulsory-military-draft-101632298", "date_published": "2023-07-25T14:35:31+00:00", "persistent": false, "dead": false, "artist": null, "album": null, "user": null, "language": "en-US", "thumbnail": "https://s.abcnews.com/images/US/abc_news_default_2000x2000_update_4x3t_384.jpg"}, {"source": "http://feeds.abcnews.com/abcnews/topstories", "title": "Mega Millions jackpot is the 8th largest in the US at $820 million", "description": "Lottery players now have a shot at a Mega Millions jackpot worth an estimated $820 million, days after someone hit a Powerball prize that topped $1 billion", "link": "https://abcnews.go.com/US/wireStory/820-million-lottery-jackpot-8th-largest-us-101632025", "date_published": "2023-07-25T14:06:25+00:00", "persistent": false, "dead": false, "artist": null, "album": null, "user": null, "language": "en-US", "thumbnail": "https://s.abcnews.com/images/US/wirestory_4fbb55ee3c2e7ad72808a9c503d8b9e5_4x3_384.jpg"}, {"source": "http://feeds.abcnews.com/abcnews/topstories", "title": "Police seek suspects after luxury cars stolen from dealership in broad daylight", "description": "Toronto police are seeking help from the public to identify three suspects who allegedly stole luxury vehicles from a car dealership", "link": "https://abcnews.go.com/International/wireStory/toronto-police-seek-suspects-after-luxury-cars-stolen-101632171", "date_published": "2023-07-25T14:04:02+00:00", "persistent": false, "dead": false, "artist": null, "album": null, "user": null, "language": "en-US", "thumbnail": "https://s.abcnews.com/images/US/abc_news_default_2000x2000_update_4x3t_384.jpg"}, {"source": "http://feeds.abcnews.com/abcnews/topstories", "title": "Singer Tori Kelly being treated for multiple blood clots after collapsing", "description": "Singer Tori Kelly is in the hospital being treated for multiple blood clots after collapsing while out with friends Sunday night.", "link": "https://abcnews.go.com/GMA/Culture/singer-tori-kelly-treated-multiple-blood-clots-collapsing/story?id=101631647", "date_published": "2023-07-25T13:35:08+00:00", "persistent": false, "dead": false, "artist": null, "album": null, "user": null, "language": "en-US", "thumbnail": "https://s.abcnews.com/images/GMA/tori-kelly1-file-gty-ml-230725_1690290884056_hpMain_4x3t_384.jpg"}, {"source": "http://feeds.abcnews.com/abcnews/topstories", "title": "China removes outspoken foreign minister and replaces him with predecessor", "description": "China has removed the country's outspoken foreign minister, Qin Gang, from office and replaced him with his predecessor, Wang Yi", "link": "https://abcnews.go.com/International/wireStory/china-removes-outspoken-foreign-minister-qin-gang-replaces-101629020", "date_published": "2023-07-25T13:26:38+00:00", "persistent": false, "dead": false, "artist": null, "album": null, "user": null, "language": "en-US", "thumbnail": "https://s.abcnews.com/images/International/wirestory_e59c0621930e9b73fdb2570e86d2ec64_3x2_384.jpg"}, {"source": "http://feeds.abcnews.com/abcnews/topstories", "title": "Russian fighter jet damages US Reaper drone with flare over Syria: Officials", "description": "A Russian fighter jet fired flares directly at an American MQ-9 Reaper drone over Syria on Sunday, damaging its propeller, according to U.S. Air Forces Central", "link": "https://abcnews.go.com/International/russian-fighter-jet-damages-us-reaper-drone-flares/story?id=101620956", "date_published": "2023-07-25T12:27:12+00:00", "persistent": false, "dead": false, "artist": null, "album": null, "user": null, "language": "en-US", "thumbnail": "https://s.abcnews.com/images/International/airforce-ht-ml-230725_1690287067026_hpMain_4x3t_384.jpg"}, {"source": "http://feeds.abcnews.com/abcnews/topstories", "title": "Dozens dead, hundreds evacuated as wildfires rage in Algeria", "description": "At least 34 people have died and thousands more have been forced to evacuate as authorities battle raging wildfires in Algeria, Algeria\u2019s Interior Ministry announced.", "link": "https://abcnews.go.com/ABCNews/International/dozens-dead-hundreds-evacuated-wildfires-rage-algeria/story?id=101628035", "date_published": "2023-07-25T12:22:27+00:00", "persistent": false, "dead": false, "artist": null, "album": null, "user": null, "language": "en-US", "thumbnail": "https://s.abcnews.com/images/International/algeria-fire1-rt-ml-230725_1690283983070_hpMain_4x3t_384.jpg"}, {"source": "http://feeds.abcnews.com/abcnews/topstories", "title": "US heat wave stretches into Midwest, heading for Northeast: Latest forecast", "description": "A relentless heat wave that has had a swath of the southwestern United States in its chokehold is stretching into the Midwest on its way to the Northeast this week.", "link": "https://abcnews.go.com/US/us-heat-wave-latest-forecast/story?id=101624604", "date_published": "2023-07-25T12:18:56+00:00", "persistent": false, "dead": false, "artist": null, "album": null, "user": null, "language": "en-US", "thumbnail": "https://s.abcnews.com/images/US/heat2-gty-ml-230725_1690285972988_hpMain_4x3t_384.jpg"}, {"source": "http://feeds.abcnews.com/abcnews/topstories", "title": "Israeli doctors walk off the job, more strikes threatened after divisive law passes", "description": "Thousands of Israeli doctors walked out of work, labor leaders threatened a general strike and senior justices rushed home from a trip abroad", "link": "https://abcnews.go.com/International/wireStory/israeli-doctors-walk-off-job-strikes-threatened-after-101629190", "date_published": "2023-07-25T11:50:12+00:00", "persistent": false, "dead": false, "artist": null, "album": null, "user": null, "language": "en-US", "thumbnail": "https://s.abcnews.com/images/International/wirestory_c0d243bf2b135df608b21ef0c4c1192c_4x3_384.jpg"}, {"source": "http://feeds.abcnews.com/abcnews/topstories", "title": "77 people are injured, 5 critically, after 2 buses collide at a S. African university", "description": "Police and transport authorities say two buses collided at the entrance to a South African university, injuring at least 77 people, two of them seriously", "link": "https://abcnews.go.com/International/wireStory/77-people-injured-5-critically-after-2-buses-101626762", "date_published": "2023-07-25T11:34:09+00:00", "persistent": false, "dead": false, "artist": null, "album": null, "user": null, "language": "en-US", "thumbnail": "https://s.abcnews.com/images/International/wirestory_42e13645d2d782a9098811c14ec32fc1_4x3_384.jpg"}, {"source": "http://feeds.abcnews.com/abcnews/topstories", "title": "EU ministers meet to discuss vital Ukraine grain exports after Russia nixed deal", "description": "European Union agriculture ministers are meeting to discuss ways of moving grain vital to global food security out of Ukraine after Russia halted a deal that allowed the exports", "link": "https://abcnews.go.com/International/wireStory/eu-agriculture-ministers-meet-discuss-vital-ukraine-grain-101625836", "date_published": "2023-07-25T10:22:19+00:00", "persistent": false, "dead": false, "artist": null, "album": null, "user": null, "language": "en-US", "thumbnail": "https://s.abcnews.com/images/International/wirestory_49fd3c52f9c90b97ac3d3e90b247c1d6_4x3_384.jpg"}, {"source": "http://feeds.abcnews.com/abcnews/topstories", "title": "Jury to deliver verdict over Brussels militant attacks that killed 32", "description": "A jury is expected to render its verdict Tuesday over Belgium&rsquo;s deadliest peacetime attack", "link": "https://abcnews.go.com/International/wireStory/jury-deliver-verdict-brussels-terrorist-attacks-killed-32-101625835", "date_published": "2023-07-25T09:18:10+00:00", "persistent": false, "dead": false, "artist": null, "album": null, "user": null, "language": "en-US", "thumbnail": "https://s.abcnews.com/images/International/wirestory_479c91207b54b2c01f58026082d671c3_4x3_384.jpg"}, {"source": "http://feeds.abcnews.com/abcnews/topstories", "title": "Anger grows in Odesa after Russian bombardment hits beloved historic sites", "description": "In just a week, Russia has fired dozens of missiles and drones at the Odesa region of Ukraine, hitting the historic city center that had been largely spared since the beginning of the war", "link": "https://abcnews.go.com/International/wireStory/anger-grows-ukraines-port-city-odesa-after-russian-101624856", "date_published": "2023-07-25T09:00:17+00:00", "persistent": false, "dead": false, "artist": null, "album": null, "user": null, "language": "en-US", "thumbnail": "https://s.abcnews.com/images/International/wirestory_055bd34b40ba271e89084fda83c34fb0_4x3_384.jpg"}, {"source": "http://feeds.abcnews.com/abcnews/topstories", "title": "Weather off the coast of Acapulco hinders efforts to find missing Baltimore man", "description": "Weather conditions are keeping the Mexican Navy from approaching the capsized sailboat of a missing U.S. citizen.", "link": "https://abcnews.go.com/International/weather-off-coast-acapulco-hinders-efforts-find-missing/story?id=101623238", "date_published": "2023-07-25T07:28:34+00:00", "persistent": false, "dead": false, "artist": null, "album": null, "user": null, "language": "en-US", "thumbnail": "https://s.abcnews.com/images/International/mexico-n_hpMain_20230725-031926_4x3t_384.jpg"}, {"source": "http://feeds.abcnews.com/abcnews/topstories", "title": "Strong typhoon blows closer to northern Philippines, forcing evacuations", "description": "A powerful typhoon is blowing closer to the northern Philippines, forcing thousands of evacuations and a halt to sea travel ahead of torrential rains and tidal surges near 10 feet", "link": "https://abcnews.go.com/International/wireStory/strong-typhoon-blows-closer-northern-philippines-forcing-evacuations-101622339", "date_published": "2023-07-25T05:10:25+00:00", "persistent": false, "dead": false, "artist": null, "album": null, "user": null, "language": "en-US", "thumbnail": "https://s.abcnews.com/images/International/wirestory_de7bd986c984b9ccff3c8ddd34c2f01b_4x3_384.jpg"}, {"source": "http://feeds.abcnews.com/abcnews/topstories", "title": "Current heat waves in North America, Europe 'impossible' without climate change", "description": "The dangerous heat waves currently plaguing the North American and European continents would be \"virtually impossible\" without human-caused climate change.", "link": "https://abcnews.go.com/US/heat-waves-north-america-europe-virtually-impossible-without-climate-change/story?id=101606947", "date_published": "2023-07-25T05:02:42+00:00", "persistent": false, "dead": false, "artist": null, "album": null, "user": null, "language": "en-US", "thumbnail": "https://s.abcnews.com/images/US/italy-fountain-heat-ap-ps-230424_1690224387262_hpMain_4x3t_384.jpg"}, {"source": "http://feeds.abcnews.com/abcnews/topstories", "title": "WATCH:  Lightning flashes over Arizona rainbow", "description": "A spectacular sight was seen over southern Arizona: A bolt of lightning flashed across the sky at the same time as a rainbow.", "link": "https://abcnews.go.com/US/video/lightning-flashes-arizona-rainbow-101622093", "date_published": "2023-07-25T03:26:39+00:00", "persistent": false, "dead": false, "artist": null, "album": null, "user": null, "language": "en-US", "thumbnail": "https://s.abcnews.com/images/US/230724_abc_social_rainbow_lightning2_hpMain_4x3_384.jpg"}, {"source": "http://feeds.abcnews.com/abcnews/topstories", "title": "Human remains found in 3 separate suitcases in Florida, police say", "description": "Human remains were found inside three separate suitcases in Florida, according to law enforcement officials seeking information related to the gruesome discovery.", "link": "https://abcnews.go.com/US/human-remains-found-3-separate-suitcases-florida-police/story?id=101615110", "date_published": "2023-07-25T00:56:31+00:00", "persistent": false, "dead": false, "artist": null, "album": null, "user": null, "language": "en-US", "thumbnail": "https://s.abcnews.com/images/US/delray-suitcase-2-ht-bb-230724_1690235353112_hpMain_4x3t_384.jpg"}]