[{"source": "http://www.aljazeera.com/xml/rss/all.xml", "title": "US Education Dept opens probe into Harvard\u2019s legacy admissions", "description": "A complaint earlier this month triggered the investigation, which will consider whether the practice is discriminatory.", "link": "https://www.aljazeera.com/news/2023/7/25/us-education-dept-opens-probe-into-harvards-legacy-admissions", "date_published": "2023-07-25T23:25:46+00:00", "persistent": false, "dead": false, "artist": null, "album": null, "user": null, "language": "en-US", "thumbnail": null}, {"source": "http://www.aljazeera.com/xml/rss/all.xml", "title": "Mexican armed forces facilitated Ayotzinapa disappearances: Panel", "description": "An independent investigatory panel says security forces obstructed their efforts to investigate human rights scandal.", "link": "https://www.aljazeera.com/news/2023/7/25/mexican-armed-forces-facilitated-ayotzinapa-disappearances-panel", "date_published": "2023-07-25T21:56:31+00:00", "persistent": false, "dead": false, "artist": null, "album": null, "user": null, "language": "en-US", "thumbnail": null}, {"source": "http://www.aljazeera.com/xml/rss/all.xml", "title": "Photos: Wildfires ravage Greece, Italy as Mediterranean swelters", "description": "High temperatures and parched ground have sparked wildfires in countries on both sides of the Mediterranean.", "link": "https://www.aljazeera.com/gallery/2023/7/25/photos-wildfires-ravage-greece-italy-as-mediterranean-swelters", "date_published": "2023-07-25T21:10:10+00:00", "persistent": false, "dead": false, "artist": null, "album": null, "user": null, "language": "en-US", "thumbnail": null}, {"source": "http://www.aljazeera.com/xml/rss/all.xml", "title": "Al Jazeera slams naming of its journalists on Egypt \u2018terror\u2019 list", "description": "Al Jazeera Media Network denounces the Egyptian move to reinstate a number of its journalists on &#039;terror&#039; list.", "link": "https://www.aljazeera.com/news/2023/7/25/al-jazeera-slams-naming-of-its-journalists-on-egypt-terror-list", "date_published": "2023-07-25T20:57:18+00:00", "persistent": false, "dead": false, "artist": null, "album": null, "user": null, "language": "en-US", "thumbnail": null}, {"source": "http://www.aljazeera.com/xml/rss/all.xml", "title": "UK warns Russia may begin targeting civilian ships in Black Sea", "description": "UK ambassador to the UN says the &#039;Russian military may expand their targeting of Ukrainian grain facilities further&#039;.", "link": "https://www.aljazeera.com/news/2023/7/25/uk-warns-russia-may-begin-targeting-civilian-ships-in-black-sea", "date_published": "2023-07-25T20:49:07+00:00", "persistent": false, "dead": false, "artist": null, "album": null, "user": null, "language": "en-US", "thumbnail": null}, {"source": "http://www.aljazeera.com/xml/rss/all.xml", "title": "Guatemala voters voice uncertainty ahead of presidential run-off", "description": "Observers fear interference in the final leg of the presidential race, as prosecutors target one of the leading parties.", "link": "https://www.aljazeera.com/news/2023/7/25/guatemala-voters-voice-uncertainty-ahead-of-presidential-run-off", "date_published": "2023-07-25T20:24:08+00:00", "persistent": false, "dead": false, "artist": null, "album": null, "user": null, "language": "en-US", "thumbnail": null}, {"source": "http://www.aljazeera.com/xml/rss/all.xml", "title": "Kenya\u2019s Ruto offers to meet leader of opposition protests", "description": "Opposition leader Raila Odinga has accused police of using violence against demonstrators.", "link": "https://www.aljazeera.com/news/2023/7/25/kenyas-ruto-offers-to-meet-leader-of-opposition-protests", "date_published": "2023-07-25T19:54:37+00:00", "persistent": false, "dead": false, "artist": null, "album": null, "user": null, "language": "en-US", "thumbnail": null}, {"source": "http://www.aljazeera.com/xml/rss/all.xml", "title": "Internet ban partially lifted in India\u2019s violence-hit Manipur", "description": "State lifts ban on wired broadband internet but social media websites, VPNS and mobile hotspots remain inaccessible.", "link": "https://www.aljazeera.com/news/2023/7/25/internet-ban-partially-lifted-in-indias-violence-hit-manipur", "date_published": "2023-07-25T19:43:43+00:00", "persistent": false, "dead": false, "artist": null, "album": null, "user": null, "language": "en-US", "thumbnail": null}, {"source": "http://www.aljazeera.com/xml/rss/all.xml", "title": "US judge blocks Biden\u2019s \u2018asylum ban\u2019 at Mexico border", "description": "Rights groups hail the ruling as a &#039;victory&#039; but note it will have little immediate effect at the US-Mexico border.", "link": "https://www.aljazeera.com/news/2023/7/25/us-judge-blocks-bidens-asylum-ban-at-mexico-border", "date_published": "2023-07-25T19:34:11+00:00", "persistent": false, "dead": false, "artist": null, "album": null, "user": null, "language": "en-US", "thumbnail": null}, {"source": "http://www.aljazeera.com/xml/rss/all.xml", "title": "Is Israel being torn apart by law that weakens the Supreme Court?", "description": "Months of mass demonstrations fail to stop the far-right government from limiting the judiciary&#039;s independence.", "link": "https://www.aljazeera.com/program/inside-story/2023/7/25/is-israel-being-torn-apart-by-law-that-weakens-the-supreme-court", "date_published": "2023-07-25T19:31:03+00:00", "persistent": false, "dead": false, "artist": null, "album": null, "user": null, "language": "en-US", "thumbnail": null}, {"source": "http://www.aljazeera.com/xml/rss/all.xml", "title": "Belgian court convicts suspects over role in 2016 Brussels attack", "description": "Six men have been convicted for two coordinated attacks claimed by ISIL that shook Belgium&#039;s capital.", "link": "https://www.aljazeera.com/news/2023/7/25/belgian-court-convicts-suspects-over-role-in-2016-brussels-attack", "date_published": "2023-07-25T18:58:12+00:00", "persistent": false, "dead": false, "artist": null, "album": null, "user": null, "language": "en-US", "thumbnail": null}, {"source": "http://www.aljazeera.com/xml/rss/all.xml", "title": "Photos: Monument cements Emmett Till case as \u2018an American story\u2019", "description": "The Black teenager&#039;s killing in Mississippi in 1955 helped propel the US civil rights movement.", "link": "https://www.aljazeera.com/gallery/2023/7/25/photos-monument-cements-emmett-till-case-as-an-american-story", "date_published": "2023-07-25T18:44:13+00:00", "persistent": false, "dead": false, "artist": null, "album": null, "user": null, "language": "en-US", "thumbnail": null}, {"source": "http://www.aljazeera.com/xml/rss/all.xml", "title": "Indian captain Harmanpreet Kaur handed two-match ban for outburst", "description": "Kaur was reprimanded for smashing the wickets after her dismissal and terming the umpiring &#039;pathetic&#039;.", "link": "https://www.aljazeera.com/news/2023/7/25/indian-captain-harmanpreet-kaur-handed-two-match-ban-for-outburst", "date_published": "2023-07-25T18:04:33+00:00", "persistent": false, "dead": false, "artist": null, "album": null, "user": null, "language": "en-US", "thumbnail": null}, {"source": "http://www.aljazeera.com/xml/rss/all.xml", "title": "Ecuador declares state of emergency in prisons amid fatal attacks", "description": "President Guillermo Lasso orders military and police to take control of Ecuador&#039;s prison system after wave of violence.", "link": "https://www.aljazeera.com/news/2023/7/25/ecuador-declares-state-of-emergency-in-prisons-amid-fatal-attacks", "date_published": "2023-07-25T18:02:27+00:00", "persistent": false, "dead": false, "artist": null, "album": null, "user": null, "language": "en-US", "thumbnail": null}, {"source": "http://www.aljazeera.com/xml/rss/all.xml", "title": "Wang Yi replaces Qin Gang as Chinese FM: What to know", "description": "Qin Gang&#039;s removal is seen as an &#039;enormous shock&#039; as the Chinese government reappoints Wang Yi to the post he once held.", "link": "https://www.aljazeera.com/news/2023/7/25/wang-yi-replaces-qin-gang-as-chinese-foreign-minister-what-to-know", "date_published": "2023-07-25T18:00:40+00:00", "persistent": false, "dead": false, "artist": null, "album": null, "user": null, "language": "en-US", "thumbnail": null}, {"source": "http://www.aljazeera.com/xml/rss/all.xml", "title": "What\u2019s next for Israel after Netanyahu\u2019s judicial overhaul bill?", "description": "The new law limiting the powers of the judiciary is not irreversible, but the path ahead is uncertain.", "link": "https://www.aljazeera.com/news/2023/7/25/whats-next-for-israel-after-netanyahus-judicial-overhaul-bill", "date_published": "2023-07-25T16:53:33+00:00", "persistent": false, "dead": false, "artist": null, "album": null, "user": null, "language": "en-US", "thumbnail": null}, {"source": "http://www.aljazeera.com/xml/rss/all.xml", "title": "Biden honours Emmett Till, his mother with US national monument", "description": "The 1955 lynching of Till, a Black teen, and his mother&#039;s subsequent activism helped propel US civil rights movement.", "link": "https://www.aljazeera.com/news/2023/7/25/biden-honours-emmett-till-his-mother-with-us-national-monument", "date_published": "2023-07-25T16:47:44+00:00", "persistent": false, "dead": false, "artist": null, "album": null, "user": null, "language": "en-US", "thumbnail": null}, {"source": "http://www.aljazeera.com/xml/rss/all.xml", "title": "Will Egypt\u2019s asset sale get it out of its economic hole?", "description": "Egypt is privatising - but is it enough to please the IMF and get more funding from the international financial body?", "link": "https://www.aljazeera.com/economy/2023/7/25/will-egypts-asset-sale-get-it-out-of-its-economic-hole", "date_published": "2023-07-25T15:57:37+00:00", "persistent": false, "dead": false, "artist": null, "album": null, "user": null, "language": "en-US", "thumbnail": null}, {"source": "http://www.aljazeera.com/xml/rss/all.xml", "title": "Qurans burned outside Egyptian, Turkish embassies in Denmark", "description": "The anti-Islam demonstration in Copenhagen comes after a string of Quran burnings in Sweden and Denmark in recent weeks.", "link": "https://www.aljazeera.com/news/2023/7/25/qurans-burned-outside-egyptian-turkish-embassies-in-denmark", "date_published": "2023-07-25T15:19:21+00:00", "persistent": false, "dead": false, "artist": null, "album": null, "user": null, "language": "en-US", "thumbnail": null}, {"source": "http://www.aljazeera.com/xml/rss/all.xml", "title": "Tunisia protest marks two years since president\u2019s power grab", "description": "Opposition has kept up its demonstrations against what it calls a &#039;coup&#039; against Tunisia&#039;s democracy.", "link": "https://www.aljazeera.com/news/2023/7/25/tunisia-protest-marks-two-years-since-presidents-power-grab", "date_published": "2023-07-25T15:09:05+00:00", "persistent": false, "dead": false, "artist": null, "album": null, "user": null, "language": "en-US", "thumbnail": null}, {"source": "http://www.aljazeera.com/xml/rss/all.xml", "title": "DR Congo intensifies street security ahead of Francophone Games", "description": "The 10-day Jeux de la Francophonie had been pushed back from 2021 to bring infrastructure up to international standards.", "link": "https://www.aljazeera.com/news/2023/7/25/dr-congo-intensifies-street-security-ahead-of-francophone-games", "date_published": "2023-07-25T14:42:34+00:00", "persistent": false, "dead": false, "artist": null, "album": null, "user": null, "language": "en-US", "thumbnail": null}, {"source": "http://www.aljazeera.com/xml/rss/all.xml", "title": "UN starts moving oil from Yemen tanker in bid to stop disaster", "description": "The supertanker, with more than a million barrels of oil, has been deteriorating since 2015.", "link": "https://www.aljazeera.com/news/2023/7/25/un-starts-moving-oil-from-yemen-tanker-in-bid-to-stop-disaster", "date_published": "2023-07-25T14:08:28+00:00", "persistent": false, "dead": false, "artist": null, "album": null, "user": null, "language": "en-US", "thumbnail": null}, {"source": "http://www.aljazeera.com/xml/rss/all.xml", "title": "US says Russian aircraft struck its drone with flare over Syria", "description": "Incident is latest in a series of recent encounters involving Russian fighter jets and US drones flying over Syria.", "link": "https://www.aljazeera.com/news/2023/7/25/us-says-russian-aircraft-struck-its-drone-with-flare-over-syria", "date_published": "2023-07-25T14:00:31+00:00", "persistent": false, "dead": false, "artist": null, "album": null, "user": null, "language": "en-US", "thumbnail": null}, {"source": "http://www.aljazeera.com/xml/rss/all.xml", "title": "Firefighting plane crashes in Greece as wildfires rage", "description": "Search and rescue operation under way after plane with two airmen on board crashes on island of Evia.", "link": "https://www.aljazeera.com/news/2023/7/25/plane-fighting-wildfires-in-greece-crashes", "date_published": "2023-07-25T13:55:32+00:00", "persistent": false, "dead": false, "artist": null, "album": null, "user": null, "language": "en-US", "thumbnail": null}, {"source": "http://www.aljazeera.com/xml/rss/all.xml", "title": "A traumatised father battles Russia on Ukraine\u2019s front line", "description": "Losses in east Ukraine are felt by soldiers and civilians alike. For many, nothing remains of their homes but memories.", "link": "https://www.aljazeera.com/news/2023/7/25/reporters-notebook-a-traumatised-father-on-ukraines-front-line", "date_published": "2023-07-25T13:26:18+00:00", "persistent": false, "dead": false, "artist": null, "album": null, "user": null, "language": "en-US", "thumbnail": null}, {"source": "http://www.aljazeera.com/xml/rss/all.xml", "title": "Peru\u2019s cocaine trade overruns remote Indigenous territory", "description": "As coca production surges, Indigenous communities in Peru fear addiction and violence are encroaching on their lands.", "link": "https://www.aljazeera.com/news/2023/7/25/perus-cocaine-trade-overruns-remote-indigenous-territory", "date_published": "2023-07-25T13:09:26+00:00", "persistent": false, "dead": false, "artist": null, "album": null, "user": null, "language": "en-US", "thumbnail": null}, {"source": "http://www.aljazeera.com/xml/rss/all.xml", "title": "Suspended Nigerian central bank governor denies firearm charges", "description": "The central bank chief, Nigeria&#039;s longest-serving, has been suspended since June 10 and in state custody.", "link": "https://www.aljazeera.com/economy/2023/7/25/suspended-nigerian-central-bank-governor-denies-firearm-charges", "date_published": "2023-07-25T12:37:57+00:00", "persistent": false, "dead": false, "artist": null, "album": null, "user": null, "language": "en-US", "thumbnail": null}, {"source": "http://www.aljazeera.com/xml/rss/all.xml", "title": "Ruto unmasked: Breaking the rules of Kenya\u2019s game of thrones", "description": "President Ruto seems unwilling to respect the red lines that keep Kenya functioning amid chronic intra-elite fighting.", "link": "https://www.aljazeera.com/opinions/2023/7/25/ruto-unmasked-breaking-the-rules-of-kenyas-game-of-thrones", "date_published": "2023-07-25T12:04:29+00:00", "persistent": false, "dead": false, "artist": null, "album": null, "user": null, "language": "en-US", "thumbnail": null}, {"source": "http://www.aljazeera.com/xml/rss/all.xml", "title": "One dead in perilous boat journey to reach Spain from Africa", "description": "The Spanish coastguard reports the death as it saved 84 others, a day after a similar fatal incident near Senegal.", "link": "https://www.aljazeera.com/news/2023/7/25/spain-rescues-boat-with-84-people-one-dead", "date_published": "2023-07-25T11:58:47+00:00", "persistent": false, "dead": false, "artist": null, "album": null, "user": null, "language": "en-US", "thumbnail": null}, {"source": "http://www.aljazeera.com/xml/rss/all.xml", "title": "Which players have signed for the Saudi Pro League?", "description": "The exodus of big-name footballers making the move from European leagues to Saudi Arabia shows no sign of abating.", "link": "https://www.aljazeera.com/news/2023/7/25/which-players-have-signed-for-the-saudi-pro-league", "date_published": "2023-07-25T11:37:29+00:00", "persistent": false, "dead": false, "artist": null, "album": null, "user": null, "language": "en-US", "thumbnail": null}, {"source": "http://www.aljazeera.com/xml/rss/all.xml", "title": "China\u2019s Foreign Minister Qin Gang removed from office", "description": "Announcement by state media comes a month after Qin Gang&#039;s last public appearance.", "link": "https://www.aljazeera.com/news/2023/7/25/chinas-foreign-minister-qin-gang-removed-from-office", "date_published": "2023-07-25T11:27:15+00:00", "persistent": false, "dead": false, "artist": null, "album": null, "user": null, "language": "en-US", "thumbnail": null}, {"source": "http://www.aljazeera.com/xml/rss/all.xml", "title": "China, Philippines and Taiwan brace for Super Typhoon Doksuri", "description": "Currently packing top wind speeds of 223kmph, Doksuri will make landfall on the Chinese mainland on Friday.", "link": "https://www.aljazeera.com/news/2023/7/25/china-philippines-and-taiwan-brace-for-super-typhoon-doksuri", "date_published": "2023-07-25T11:05:31+00:00", "persistent": false, "dead": false, "artist": null, "album": null, "user": null, "language": "en-US", "thumbnail": null}, {"source": "http://www.aljazeera.com/xml/rss/all.xml", "title": "Russia\u2019s Shoigu to join Chinese officials in North Korea visit", "description": "Moscow and Beijing are set to participate in the 70th anniversary of North Korea&#039;s Victory Day.", "link": "https://www.aljazeera.com/news/2023/7/25/russias-shoigu-to-join-chinese-officials-in-north-korea-visit", "date_published": "2023-07-25T10:34:03+00:00", "persistent": false, "dead": false, "artist": null, "album": null, "user": null, "language": "en-US", "thumbnail": null}, {"source": "http://www.aljazeera.com/xml/rss/all.xml", "title": "Wildfire closes Sicily airport; storms kill two in northern Italy", "description": "Car and train traffic also disrupted due to fire near Palermo&#039;s airport as trees fall and buildings damaged in Milan.", "link": "https://www.aljazeera.com/news/2023/7/25/wildfire-closes-sicily-airport-storms-kill-two-in-northern-italy", "date_published": "2023-07-25T09:57:11+00:00", "persistent": false, "dead": false, "artist": null, "album": null, "user": null, "language": "en-US", "thumbnail": null}, {"source": "http://www.aljazeera.com/xml/rss/all.xml", "title": "The choir helping people reclaim the voices they lost to cancer", "description": "In the UK, people who underwent life-saving surgery to remove their voice boxes sing songs of hope and survival.", "link": "https://www.aljazeera.com/features/2023/7/25/the-choir-helping-people-reclaim-the-voices-they-lost-to-cancer", "date_published": "2023-07-25T09:35:12+00:00", "persistent": false, "dead": false, "artist": null, "album": null, "user": null, "language": "en-US", "thumbnail": null}, {"source": "http://www.aljazeera.com/xml/rss/all.xml", "title": "Southern Turkey rocked by magnitude 5.5 earthquake", "description": "The earthquake comes five months after a magnitude 7.8 quake devastated parts of Turkey and Syria.", "link": "https://www.aljazeera.com/news/2023/7/25/southern-turkey-rocked-by-5-5-magnitude-earthquake", "date_published": "2023-07-25T09:01:16+00:00", "persistent": false, "dead": false, "artist": null, "album": null, "user": null, "language": "en-US", "thumbnail": null}, {"source": "http://www.aljazeera.com/xml/rss/all.xml", "title": "India women\u2019s cricket captain slammed for \u2018deplorable\u2019 behaviour", "description": "Harmanpreet Kaur is being criticised after she smashed the stumps and took a verbal swipe at umpires in Bangladesh.", "link": "https://www.aljazeera.com/news/2023/7/25/india-womens-cricket-captain-slammed-for-deplorable-behaviour", "date_published": "2023-07-25T08:46:19+00:00", "persistent": false, "dead": false, "artist": null, "album": null, "user": null, "language": "en-US", "thumbnail": null}, {"source": "http://www.aljazeera.com/xml/rss/all.xml", "title": "Deadly wildfires raging across Algeria", "description": "Wildfires, some spread by strong winds, moved across forests and agricultural areas in 16 regions causing 97 blazes.", "link": "https://www.aljazeera.com/gallery/2023/7/25/deadly-wildfires-raging-across-algeria", "date_published": "2023-07-25T08:30:54+00:00", "persistent": false, "dead": false, "artist": null, "album": null, "user": null, "language": "en-US", "thumbnail": null}, {"source": "http://www.aljazeera.com/xml/rss/all.xml", "title": "Philippines shock New Zealand for first Women\u2019s World Cup win", "description": "Sarina Bolden scores Philippines&#039; historic match-winner from their first shot on goal in a 1-0 win.", "link": "https://www.aljazeera.com/sports/2023/7/25/philippines-shock-new-zealand-1-0-womens-world-cup", "date_published": "2023-07-25T08:05:38+00:00", "persistent": false, "dead": false, "artist": null, "album": null, "user": null, "language": "en-US", "thumbnail": null}, {"source": "http://www.aljazeera.com/xml/rss/all.xml", "title": "Three Palestinians killed by Israeli forces in occupied West Bank", "description": "The occupied West Bank is currently experiencing a period of increasing violence, marked by repeated Israeli raids.", "link": "https://www.aljazeera.com/news/2023/7/25/three-palestinians-killed-by-israeli-forces-in-occupied-west-bank-2", "date_published": "2023-07-25T07:36:21+00:00", "persistent": false, "dead": false, "artist": null, "album": null, "user": null, "language": "en-US", "thumbnail": null}, {"source": "http://www.aljazeera.com/xml/rss/all.xml", "title": "S&P lowers Bangladesh\u2019s outlook to negative on liquidity risks", "description": "Ratings agency says it expects the country&#039;s economy to expand up to 6.4 percent annually between 2024 and 2026.", "link": "https://www.aljazeera.com/news/2023/7/25/sp-lowers-bangladeshs-outlook-to-negative-on-liquidity-risks", "date_published": "2023-07-25T07:10:49+00:00", "persistent": false, "dead": false, "artist": null, "album": null, "user": null, "language": "en-US", "thumbnail": null}, {"source": "http://www.aljazeera.com/xml/rss/all.xml", "title": "JPMorgan ignored Epstein\u2019s \u2018nymphettes,\u2019 US Virgin Islands says", "description": "JPMorgan says US Virgin Islands was also to blame for allowing Epstein&#039;s sexual abuse of young women and girls.", "link": "https://www.aljazeera.com/economy/2023/7/25/jpmorgan-ignored-epsteins-nymphettes-us-virgin-islands-says", "date_published": "2023-07-25T06:51:24+00:00", "persistent": false, "dead": false, "artist": null, "album": null, "user": null, "language": "en-US", "thumbnail": null}, {"source": "http://www.aljazeera.com/xml/rss/all.xml", "title": "Binance, CEO Zhao to seek dismissal of US watchdog\u2019s complaint", "description": "Commodity Futures Trading Commission is suing crypto exchange for allegedly operating &#039;sham&#039; compliance program.", "link": "https://www.aljazeera.com/economy/2023/7/25/binance-ceo-zhao-to-seek-dismissal-of-us-watchdogs-complaint", "date_published": "2023-07-25T06:39:10+00:00", "persistent": false, "dead": false, "artist": null, "album": null, "user": null, "language": "en-US", "thumbnail": null}, {"source": "http://www.aljazeera.com/xml/rss/all.xml", "title": "Guess who\u2019s holding Trump accountable? Regular American jurors", "description": "Benjamin Franklin famously said the US was a republic &#039;if you can keep it&#039;. Everyday Americans are doing just that.", "link": "https://www.aljazeera.com/opinions/2023/7/25/guess-whos-holding-trump-accountable-regular-american-jurors", "date_published": "2023-07-25T06:15:37+00:00", "persistent": false, "dead": false, "artist": null, "album": null, "user": null, "language": "en-US", "thumbnail": null}, {"source": "http://www.aljazeera.com/xml/rss/all.xml", "title": "Sirens blare in Kyiv as Ukrainian forces down Russian drones", "description": "Officials say Russia launched Iranian-made Shahed drones in its sixth attack this month on the Ukrainian capital.", "link": "https://www.aljazeera.com/news/2023/7/25/sirens-blare-in-kyiv-as-ukrainian-forces-down-russian-drones", "date_published": "2023-07-25T05:06:03+00:00", "persistent": false, "dead": false, "artist": null, "album": null, "user": null, "language": "en-US", "thumbnail": null}, {"source": "http://www.aljazeera.com/xml/rss/all.xml", "title": "Philippines mulls unlicensed nurses as low pay fuels brain drain", "description": "Exodus of nurses due to poor working conditions has prompted Manila to propose hiring unlicensed graduates.", "link": "https://www.aljazeera.com/economy/2023/7/25/philippines-mulls-unlicensed-nurses-as-low-pay-fuels-brain-drain", "date_published": "2023-07-25T04:54:28+00:00", "persistent": false, "dead": false, "artist": null, "album": null, "user": null, "language": "en-US", "thumbnail": null}, {"source": "http://www.aljazeera.com/xml/rss/all.xml", "title": "\u2018We are at war\u2019: More evacuations as Greece battles wildfires", "description": "Prime minister says Greece is at war and faces several difficult days before high temperatures are forecast to ease.", "link": "https://www.aljazeera.com/news/2023/7/25/we-are-at-war-more-evacuations-as-greece-battles-wildfires", "date_published": "2023-07-25T04:39:36+00:00", "persistent": false, "dead": false, "artist": null, "album": null, "user": null, "language": "en-US", "thumbnail": null}, {"source": "http://www.aljazeera.com/xml/rss/all.xml", "title": "India police arrest 74 Rohingya refugees in latest crackdown", "description": "The refugees were living in six districts of Uttar Pradesh state &#039;after crossing the border illegally&#039;, police said.", "link": "https://www.aljazeera.com/news/2023/7/25/india-police-arrest-seventy-four-rohingya-in-latest-crackdown-on-refugees", "date_published": "2023-07-25T04:22:44+00:00", "persistent": false, "dead": false, "artist": null, "album": null, "user": null, "language": "en-US", "thumbnail": null}, {"source": "http://www.aljazeera.com/xml/rss/all.xml", "title": "Tall claims, modest gains as Philippines\u2019s Marcos marks 1st year", "description": "Analysts say Marcos&#039;s rhetorical deftness has helped buoy his administration&#039;s lacklustre performance in public&#039;s eyes.", "link": "https://www.aljazeera.com/news/2023/7/25/tall-claims-modest-gains-as-philippiness-marcos-marks-first-year", "date_published": "2023-07-25T02:10:13+00:00", "persistent": false, "dead": false, "artist": null, "album": null, "user": null, "language": "en-US", "thumbnail": null}, {"source": "http://www.aljazeera.com/xml/rss/all.xml", "title": "Barack Obama\u2019s personal chef found dead in Martha\u2019s Vineyard lake", "description": "Obama family say they are heartbroken over death of &#039;warm, fun, extraordinarily kind&#039; chef Tafari Campbell.", "link": "https://www.aljazeera.com/news/2023/7/25/barack-obamas-personal-chef-found-dead-in-marthas-vineyard-lake", "date_published": "2023-07-25T01:02:04+00:00", "persistent": false, "dead": false, "artist": null, "album": null, "user": null, "language": "en-US", "thumbnail": null}, {"source": "http://www.aljazeera.com/xml/rss/all.xml", "title": "Russia-Ukraine war: List of key events, day 517", "description": "These are the main developments as the Russian invasion of Ukraine enters its 517th day.", "link": "https://www.aljazeera.com/news/2023/7/25/russia-ukraine-war-list-of-key-events-day-517", "date_published": "2023-07-25T00:37:47+00:00", "persistent": false, "dead": false, "artist": null, "album": null, "user": null, "language": "en-US", "thumbnail": null}, {"source": "http://www.aljazeera.com/xml/rss/all.xml", "title": "Ecuador announces state of emergency after mayor shot to death", "description": "The country is also contending with violence within its prison system as deadly clashes erupt between gangs.", "link": "https://www.aljazeera.com/news/2023/7/25/ecuador-announces-state-of-emergency-after-mayor-shot-to-death", "date_published": "2023-07-25T00:18:01+00:00", "persistent": false, "dead": false, "artist": null, "album": null, "user": null, "language": "en-US", "thumbnail": null}]