[{"source": "https://tvn24.pl/wiadomosci-ze-swiata,2.xml", "title": "\"Ogie\u0144 by\u0142 niezwykle pot\u0119\u017cny\". Po\u017cary w znanym tureckim kurorcie", "description": "<img alt=\"\" src=\"https://tvn24.pl/tvnmeteo/najnowsze/cdn-zdjecie-dz7btm-turcja-7257891/alternates/LANDSCAPE_1280\" />\n    W tureckim kurorcie Kemer w prowincji Antalya wybuch\u0142y po\u017cary. Z \u017cywio\u0142em walczy ponad 200 stra\u017cak\u00f3w. W akcji gaszenia bior\u0105 udzia\u0142 samoloty i \u015bmig\u0142owce ga\u015bnicze. Na Kontakt 24 otrzymujemy materia\u0142y przedstawiaj\u0105ce sytuacj\u0119 w tym kraju.", "link": "https://tvn24.pl/tvnmeteo/swiat/pozary-w-turcji-antalya-kemer-ogien-byl-niezwykle-potezny-7257613?source=rss", "date_published": "2023-07-25T13:57:08+00:00", "persistent": false, "dead": false, "artist": null, "album": null, "user": null, "language": "pl-PL", "thumbnail": null}]