[{"source": "https://thehill.com/news/feed/", "title": "Biden designates monument honoring Emmett Till", "description": "Welcome to The Hill's Energy &#038; Environment newsletter {beacon} Energy &#038; Environment Energy &#038; Environment &#8202; The Big Story  Biden designates national monument for Emmett Till, Till's mother President Biden on Tuesday designated a new national monument honoring Emmett Till, a 14-year-old whose brutal murder helped to invigorate the civil rights movement. \u00a9 AP Photo/File The...", "link": "https://thehill.com/newsletters/energy-environment/4119523-biden-designates-monument-honoring-emmett-till/", "date_published": "2023-07-25T23:22:02+00:00", "persistent": false, "dead": false, "artist": null, "album": null, "user": null, "language": "en-US", "thumbnail": null}, {"source": "https://thehill.com/news/feed/", "title": "Tuberville signals he won\u2019t release holds on military promotions before August recess", "description": "Alabama Sen. Tommy Tuberville (R-Ala.), who is holding up more than 280 senior military promotions over the Pentagon\u2019s abortion policies, said Tuesday he\u2019s not likely to change his position before the Senate departs for a five-week August recess. \u201cNo, I\u2019m not going to change my mind,\u201d Tuberville told \u201cThe Hill on NewsNation\u201d when asked whether...", "link": "https://thehill.com/policy/healthcare/4119538-tuberville-signals-he-wont-release-holds-on-military-promotions-before-august-recess/", "date_published": "2023-07-25T23:07:18+00:00", "persistent": false, "dead": false, "artist": null, "album": null, "user": null, "language": "en-US", "thumbnail": null}, {"source": "https://thehill.com/news/feed/", "title": "More say violence could be necessary to restore Trump to White House: survey", "description": "A recent survey shows increasing support for the use of violence to restore former President Trump to the White House. The report, titled \"Dangers to Democracy\" and released by the Chicago Project on Security Threats (CPST) earlier this month, found that 7 percent of Americans from April 6 to June 26 agree that \"the use...", "link": "https://thehill.com/homenews/campaign/4119386-more-say-violence-could-be-necessary-to-restore-trump-to-white-house-survey/", "date_published": "2023-07-25T22:48:27+00:00", "persistent": false, "dead": false, "artist": null, "album": null, "user": null, "language": "en-US", "thumbnail": null}, {"source": "https://thehill.com/news/feed/", "title": "Ohio to vote on abortion ballot measure", "description": "Welcome to The Hill's Health Care newsletter {beacon} Health Care Health Care &#8202; The Big Story  Abortion access to be on Ohio ballot this year Ohio will vote on abortion rights in November, after the Secretary of State certified that enough signatures had been gathered to qualify a proposed constitutional amendment for the ballot.  \u00a9...", "link": "https://thehill.com/newsletters/health-care/4119461-ohio-to-vote-on-abortion-ballot-measure/", "date_published": "2023-07-25T22:40:21+00:00", "persistent": false, "dead": false, "artist": null, "album": null, "user": null, "language": "en-US", "thumbnail": null}, {"source": "https://thehill.com/news/feed/", "title": "How the search for UFOs went mainstream: A tale in 5 moves", "description": "For many Americans, the news that Congress was holding hearings about a possible secret UFO program was a stark surprise. The hearings on Wednesday appear to inject a dose of science fiction into the usual business of Congress \u2014 as well as a note of bipartisanship that, for the contentious House Oversight Committee, is almost as remarkable as...", "link": "https://thehill.com/policy/defense/4119435-how-the-search-for-ufos-went-mainstream-a-tale-in-5-moves/", "date_published": "2023-07-25T22:33:09+00:00", "persistent": false, "dead": false, "artist": null, "album": null, "user": null, "language": "en-US", "thumbnail": null}, {"source": "https://thehill.com/news/feed/", "title": "Elon Musk connects Bronny James cardiac arrest to COVID vaccine", "description": "Elon Musk came under heavy criticism after he tweeted about a possible connection between the COVID-19 vaccine and the cardiac arrest suffered on Tuesday by Bronny James, the son of NBA star LeBron James. The billionaire tech mogul, who has previously come under criticism for spreading misinformation on Twitter over COVID-19 vaccines, responded to a...", "link": "https://thehill.com/policy/healthcare/4119186-musk-bronny-james-cardiac-arrest-covid-vaccine/", "date_published": "2023-07-25T22:32:59+00:00", "persistent": false, "dead": false, "artist": null, "album": null, "user": null, "language": "en-US", "thumbnail": null}, {"source": "https://thehill.com/news/feed/", "title": "Are we alone? House hearing seeks extraterrestrial explanations", "description": "As the House prepares to hear from a UFO whistleblower who claims the U.S. is concealing evidence of nonhuman craft, the question looms over members of Congress: Are we alone? Many members insist they have not seriously considered the question or are keeping their concern focused on national security risks from not knowing the cause...", "link": "https://thehill.com/homenews/house/4119408-are-we-alone-house-hearing-seeks-extraterrestrial-explanations/", "date_published": "2023-07-25T22:27:05+00:00", "persistent": false, "dead": false, "artist": null, "album": null, "user": null, "language": "en-US", "thumbnail": null}, {"source": "https://thehill.com/news/feed/", "title": "Manchin and Tuberville unveil bill making sweeping changes to college sports", "description": "Sens. Joe Manchin (D-W.Va.) and Tommy Tuberville (R-Ala.) on Tuesday unveiled legislation that would establish a national standard for the handling of college athletes' name, image and likeness (NIL), two years after the Supreme Court decided the NCAA\u2019s rules restricting certain student-athlete compensation were illegal. The \u201cProtecting Athletes, Schools and Sports Act\u201d would require that...", "link": "https://thehill.com/homenews/senate/4119412-manchin-and-tuberville-unveil-bill-making-sweeping-changes-to-college-sports/", "date_published": "2023-07-25T22:26:34+00:00", "persistent": false, "dead": false, "artist": null, "album": null, "user": null, "language": "en-US", "thumbnail": null}, {"source": "https://thehill.com/news/feed/", "title": "Former US Marine injured in Ukraine", "description": "Welcome to The Hill's Defense &#038; NatSec newsletter {beacon} View Online Defense &#038;National Security Defense &#038;National Security &#8202; The Big Story  Ex-US Marine Trevor Reed injured fighting in Ukraine Reed was previously detained in Russia for nearly three years before being released in a prisoner swap between the U.S. and Russia last year. \u00a9 Getty...", "link": "https://thehill.com/newsletters/defense-national-security/4119445-former-us-marine-injured-in-ukraine/", "date_published": "2023-07-25T22:25:40+00:00", "persistent": false, "dead": false, "artist": null, "album": null, "user": null, "language": "en-US", "thumbnail": null}, {"source": "https://thehill.com/news/feed/", "title": "Man who misused donations solicited for Trump agenda sentenced to prison", "description": "A Colorado man was sentenced Tuesday to 63 months in prison for his role in a scheme that misused donations solicited for former President Trump\u2019s border wall agenda. Prosecutors said Timothy Shea and two founders participated in an online fundraising scheme and stole hundreds of thousands of dollars of donations raised for a campaign called,...", "link": "https://thehill.com/regulation/court-battles/4119158-man-who-misused-donations-solicited-for-trump-agenda-sentenced-to-prison/", "date_published": "2023-07-25T22:08:51+00:00", "persistent": false, "dead": false, "artist": null, "album": null, "user": null, "language": "en-US", "thumbnail": null}, {"source": "https://thehill.com/news/feed/", "title": "GOP lawmaker slams 'war pimps at the Pentagon' ahead of UFO hearing", "description": "Rep. Tim Burchett (R-Tenn.) slammed the Pentagon on the eve of a UFO-focused hearing slated to be held by a House Oversight subcommittee on Wednesday. Fox News\u2019s Martha MacCallum asked Burchett what people should expect from the hearing, where three witnesses will address the Oversight Subcommittee on National Security, the Border and Foreign Affairs. MacCallum...", "link": "https://thehill.com/homenews/house/4119366-gop-lawmaker-slams-war-pimps-at-the-pentagon-ahead-of-ufo-hearing/", "date_published": "2023-07-25T22:08:10+00:00", "persistent": false, "dead": false, "artist": null, "album": null, "user": null, "language": "en-US", "thumbnail": null}, {"source": "https://thehill.com/news/feed/", "title": "GOP sets date for Zuckerberg contempt vote", "description": "Welcome to The Hill's Technology newsletter {beacon} Technology Technology \u200a The Big Story  GOP tees up Zuckerberg contempt vote  The GOP-led House Judiciary Committee is moving forward with plans to consider recommending that the House hold Meta CEO Mark Zuckerberg in contempt of Congress. \u00a9 Greg Nash GOP members of the panel have accused Meta of not...", "link": "https://thehill.com/newsletters/technology/4119414-gop-sets-date-for-zuckerberg-contempt-vote/", "date_published": "2023-07-25T22:08:00+00:00", "persistent": false, "dead": false, "artist": null, "album": null, "user": null, "language": "en-US", "thumbnail": null}, {"source": "https://thehill.com/news/feed/", "title": "DeSantis slashes campaign staff amid reset", "description": "{beacon}    Evening Report Tuesday, July 25 \u00a0 \u00a9  AP DeSantis slashes campaign staff amid reset Florida Gov. Ron DeSantis\u2019s presidential campaign laid off 38 staff members in a move to reset the campaign and revive poll numbers.   \u201cFollowing a top-to-bottom review of our organization, we have taken additional, aggressive steps to streamline operations...", "link": "https://thehill.com/newsletters/evening-report/4119375-desantis-slashes-campaign-staff-amid-reset/", "date_published": "2023-07-25T21:57:07+00:00", "persistent": false, "dead": false, "artist": null, "album": null, "user": null, "language": "en-US", "thumbnail": null}, {"source": "https://thehill.com/news/feed/", "title": "These five American women will appear on new quarters in 2024", "description": "The U.S. Mint has announced five new women who will be circulated on quarters in 2024 as part of the third year of the American Women Quarters Program.\u00a0 The circulation is part of a larger effort to raise awareness about the Smithsonian National Women\u2019s History Museum, which was approved by Congress alongside the National Museum...", "link": "https://thehill.com/homenews/4119326-these-five-american-women-will-appear-on-new-quarters-in-2024/", "date_published": "2023-07-25T21:45:18+00:00", "persistent": false, "dead": false, "artist": null, "album": null, "user": null, "language": "en-US", "thumbnail": null}, {"source": "https://thehill.com/news/feed/", "title": "Three Marines found dead at gas station in North Carolina", "description": "Three U.S. Marines were found dead Sunday inside a car at a gas station in North Carolina, police and military officials say. The Marines were found at the Speedway gas station in the town of Hampstead in Pender County. The Pender County Sheriff\u2019s Office said officers responded to a missing persons call at the gas...", "link": "https://thehill.com/policy/defense/4119106-three-marines-found-dead-at-gas-station-in-north-carolina/", "date_published": "2023-07-25T21:33:15+00:00", "persistent": false, "dead": false, "artist": null, "album": null, "user": null, "language": "en-US", "thumbnail": null}, {"source": "https://thehill.com/news/feed/", "title": "Salmonella outbreak affecting multiple states linked to ground beef: CDC", "description": "Nearly half of those who became ill required hospitalization.", "link": "https://thehill.com/policy/healthcare/4119272-salmonella-outbreak-affecting-multiple-states-linked-to-ground-beef-cdc/", "date_published": "2023-07-25T21:25:00+00:00", "persistent": false, "dead": false, "artist": null, "album": null, "user": null, "language": "en-US", "thumbnail": null}, {"source": "https://thehill.com/news/feed/", "title": "Whitest-ever paint could help keep the world cooler, researchers say", "description": "The whitest-ever paint aims to boost the cooling of buildings and tackle climate change.", "link": "https://thehill.com/policy/equilibrium-sustainability/4118965-whitest-ever-paint-could-help-keep-the-world-cooler-researchers-say/", "date_published": "2023-07-25T21:19:41+00:00", "persistent": false, "dead": false, "artist": null, "album": null, "user": null, "language": "en-US", "thumbnail": null}, {"source": "https://thehill.com/news/feed/", "title": "Tuesday marks biggest one-day gas price increase in a year", "description": "National gas prices rose by 4 cents on Tuesday to $3.64, the highest single-day increase since last June, according to AAA. But gas now is much cheaper than it was a year ago, when the national price average topped $5 per gallon for the first time in early June 2022.  Those soaring prices were used...", "link": "https://thehill.com/policy/energy-environment/4119031-tuesday-marks-biggest-one-day-gas-price-increase-in-a-year/", "date_published": "2023-07-25T21:14:43+00:00", "persistent": false, "dead": false, "artist": null, "album": null, "user": null, "language": "en-US", "thumbnail": null}, {"source": "https://thehill.com/news/feed/", "title": "Grassley faces criticism over release of FBI document", "description": "Sen. Chuck Grassley (R-Iowa) is in the political spotlight as Democrats and critics attack him for releasing a lightly-redacted document detailing unfounded allegations of Biden family corruption and bribery and conservatives praise his move in the name of transparency.  The eight-term senator has had a storied career, particularly on investigative matters, where he has long...", "link": "https://thehill.com/homenews/senate/4119251-grassley-faces-criticism-over-release-of-fbi-document/", "date_published": "2023-07-25T21:05:27+00:00", "persistent": false, "dead": false, "artist": null, "album": null, "user": null, "language": "en-US", "thumbnail": null}, {"source": "https://thehill.com/news/feed/", "title": "Elon Musk's Twitter rebrand is off to a rocky start", "description": "Elon Musk\u2019s rebranding of Twitter is off to a rocky start. On Sunday, the eccentric billionaire announced the rebrand of the company formerly known as Twitter \u2014 which he purchased in October for $44 billion \u2014 to X. But the switch has been caught up in more hurdles for Musk and the changing platform.\u00a0 Musk...", "link": "https://thehill.com/policy/technology/4119077-twitter-rebrand-x-elon-musk/", "date_published": "2023-07-25T20:46:31+00:00", "persistent": false, "dead": false, "artist": null, "album": null, "user": null, "language": "en-US", "thumbnail": null}, {"source": "https://thehill.com/news/feed/", "title": "Former NYPD detective running for George Santos seat in Congress", "description": "Retired New York Police Department detective Mike Sapraicone on Tuesday announced a 2024 primary challenge to U.S. Rep. George Santos (R-N.Y.), who is running for a second term despite awaiting trial on more than a dozen criminal charges and having little support from his own political party. In a statement announcing his campaign for New...", "link": "https://thehill.com/blogs/blog-briefing-room/news/4119050-former-nypd-detective-running-for-george-santos-seat-in-congress/", "date_published": "2023-07-25T19:56:21+00:00", "persistent": false, "dead": false, "artist": null, "album": null, "user": null, "language": "en-US", "thumbnail": null}, {"source": "https://thehill.com/news/feed/", "title": "Jordan, GOP-led panel take steps to hold Zuckerberg in contempt", "description": "The GOP-led House Judiciary Committee is moving forward with plans to consider recommending that the House hold Meta CEO Mark Zuckerberg in contempt of Congress. GOP members of the panel have accused Meta of not cooperating with its investigation into the company\u2019s content moderation practices. The committee announced Tuesday that it is slated to consider...", "link": "https://thehill.com/policy/technology/4119103-jordan-gop-led-panel-takes-steps-to-hold-zuckerberg-in-contempt/", "date_published": "2023-07-25T19:56:11+00:00", "persistent": false, "dead": false, "artist": null, "album": null, "user": null, "language": "en-US", "thumbnail": null}, {"source": "https://thehill.com/news/feed/", "title": "Harvard's legacy admissions facing federal civil rights investigation", "description": "The U.S. Department of Education has opened an investigation into Harvard University's legacy admissions process. The group Lawyers for Civil Rights Boston told The Hill the Department of Justice notified them of the investigation. The group filed a complaint at the beginning of the month on behalf of New England Black and Latino organizations under...", "link": "https://thehill.com/homenews/education/4119046-biden-education-officials-open-civil-rights-probe-into-harvards-legacy-admissions/", "date_published": "2023-07-25T19:41:10+00:00", "persistent": false, "dead": false, "artist": null, "album": null, "user": null, "language": "en-US", "thumbnail": null}, {"source": "https://thehill.com/news/feed/", "title": "White House condemns Fox host Gutfeld\u2019s Holocaust comments", "description": "The White House is blasting a popular Fox News host for his commentary on the Holocaust this week. During an episode Monday of the network's top-watched table talk program \"The Five,\" the panel discussed the state of Florida's new controversial standards for teaching Black history, which direct teachers to include instruction on \u201chow slaves developed...", "link": "https://thehill.com/homenews/media/4118997-white-house-condemns-fox-hosts-holocaust-comments/", "date_published": "2023-07-25T19:28:51+00:00", "persistent": false, "dead": false, "artist": null, "album": null, "user": null, "language": "en-US", "thumbnail": null}, {"source": "https://thehill.com/news/feed/", "title": "White House to nominate former NSA, CIA official as next national cyber director", "description": "President Biden will nominate Harry Coker to be the country\u2019s next national cyber director and replace Chris Inglis, who resigned earlier this year, the White House announced Tuesday. Coker, a national security expert, has more than four decades of experience in public service. He served in the U.S. Navy for 20 years before moving to...", "link": "https://thehill.com/policy/cybersecurity/4118996-white-house-to-nominate-former-nsa-cia-official-as-next-national-cyber-director/", "date_published": "2023-07-25T19:27:24+00:00", "persistent": false, "dead": false, "artist": null, "album": null, "user": null, "language": "en-US", "thumbnail": null}, {"source": "https://thehill.com/news/feed/", "title": "DeSantis campaign hit by further shake-up", "description": "Welcome to The Hill's Campaign newsletter {beacon} Campaign Report Campaign Report The Big Story  DeSantis cuts one-third of campaign staff Florida Gov. Ron DeSantis (R) has cut a significant portion of his campaign staff, the latest sign that the 2024 presidential candidate is making moves to reset.   \u00a9 AP Photo/Matt Rourke The campaign has cut...", "link": "https://thehill.com/newsletters/campaign-report/4118941-desantis-campaign-hit-by-further-shake-up/", "date_published": "2023-07-25T19:26:51+00:00", "persistent": false, "dead": false, "artist": null, "album": null, "user": null, "language": "en-US", "thumbnail": null}, {"source": "https://thehill.com/news/feed/", "title": "Ohio abortion ballot measure meets signature requirement for November", "description": "Ohio announced Tuesday that abortion rights advocates have met the signature requirement to place a measure on the Nov. 7 ballot that would codify abortion rights in the state constitution. Ohio Secretary of State Frank LaRose (R) certified petitioners received a total of 495,938 valid signatures, exceeding the required minimum of 413,446 signatures \u2014 equal...", "link": "https://thehill.com/policy/healthcare/4118805-ohio-abortion-ballot-measure-meets-signature-requirement-for-november/", "date_published": "2023-07-25T19:04:42+00:00", "persistent": false, "dead": false, "artist": null, "album": null, "user": null, "language": "en-US", "thumbnail": null}, {"source": "https://thehill.com/news/feed/", "title": "Defense authorization bill takes important steps to fight China\u2019s growing influence", "description": "Only seven months ago, a Chinese Communist Party (CCP) spy balloon traversed the United States, gripped the attention of the nation. Since then, the American people have become increasingly aware of CCP espionage infiltrating every industry. From higher education to social media to intellectual property theft, the CCP collects huge amounts of data to spy...", "link": "https://thehill.com/opinion/congress-blog/4118512-defense-authorization-bill-takes-important-steps-to-fight-chinas-growing-influence/", "date_published": "2023-07-25T19:00:00+00:00", "persistent": false, "dead": false, "artist": null, "album": null, "user": null, "language": "en-US", "thumbnail": null}, {"source": "https://thehill.com/news/feed/", "title": "Texas Democrat goes on 'thirst strike' for heat rule to protect workers", "description": "Rep. Greg Casar (D-Texas) is holding an all-day \u201cthirst strike\u201d on the steps of the Capitol on Tuesday to call for a federal heat rule to protect workers amid recent record-breaking heat across the country. The Texas Democrat will not drink, eat or take a break \u201cuntil nurses require him to stop,\u201d his office said...", "link": "https://thehill.com/homenews/house/4118884-texas-democrat-goes-on-thirst-strike-for-heat-rule-to-protect-workers/", "date_published": "2023-07-25T18:53:51+00:00", "persistent": false, "dead": false, "artist": null, "album": null, "user": null, "language": "en-US", "thumbnail": null}, {"source": "https://thehill.com/news/feed/", "title": "Billionaire Leon Black's $158M payment to Jeffrey Epstein sparks Senate investigation", "description": "The Senate Committee on Finance announced Tuesday that it is conducting an investigation into billionaire and former chairman and CEO of Apollo Global Management Leon Black\u2019s financial ties with disgraced financier Jeffrey Epstein.  The investigation\u2019s findings allegedly include a \u201ctransaction Epstein devised to help Black avoid more than $1 billion in federal taxes raises.\u201d The...", "link": "https://thehill.com/homenews/senate/4118792-billionaire-leon-blacks-158m-payment-to-jeffrey-epstein-sparks-senate-investigation/", "date_published": "2023-07-25T18:50:37+00:00", "persistent": false, "dead": false, "artist": null, "album": null, "user": null, "language": "en-US", "thumbnail": null}, {"source": "https://thehill.com/news/feed/", "title": "Great job, Mr. President! Time to retire.", "description": "The best thing Biden can now do is to retire after completing his term, allowing a new generation of leaders to take up the Democratic Party\u2019s banner.", "link": "https://thehill.com/opinion/white-house/4116699-great-job-mr-president-time-to-retire/", "date_published": "2023-07-25T18:30:00+00:00", "persistent": false, "dead": false, "artist": null, "album": null, "user": null, "language": "en-US", "thumbnail": null}, {"source": "https://thehill.com/news/feed/", "title": "Former Marine Trevor Reed injured fighting in Ukraine", "description": "Trevor Reed, the former U.S. Marine who was held in Russia for three years before being released in a prisoner swap in April 2022, has been injured while fighting in Ukraine, the State Department confirmed Tuesday.  \u201cWe are aware that Trevor Reed was injured while participating in fighting in Ukraine,\u201d State Department deputy spokesperson Vedant Patel told...", "link": "https://thehill.com/policy/defense/4118875-former-marine-trevor-reed-injured-fighting-in-ukraine/", "date_published": "2023-07-25T18:25:47+00:00", "persistent": false, "dead": false, "artist": null, "album": null, "user": null, "language": "en-US", "thumbnail": null}, {"source": "https://thehill.com/news/feed/", "title": "UN begins extracting oil from tanker, mitigating risk of environmental catastrophe", "description": "The United Nations announced Tuesday morning that it began operations to remove oil from a deteriorating supertanker, the first step toward preventing a natural disaster from unfolding in the Red Sea.  \u201cIn the absence of anyone else willing or able to perform this task, the United Nations stepped up and assumed the risk to conduct...", "link": "https://thehill.com/policy/international/4118790-un-begins-extracting-oil-from-tanker-mitigating-risk-of-environmental-catastrophe/", "date_published": "2023-07-25T18:18:29+00:00", "persistent": false, "dead": false, "artist": null, "album": null, "user": null, "language": "en-US", "thumbnail": null}, {"source": "https://thehill.com/news/feed/", "title": "Voters appeal New York redistricting ruling that favored Democrats", "description": "A group of voters on Tuesday appealed a state court decision that favored New York Democrats in a legal battle over the state\u2019s congressional map. A state appeals court earlier this month\u00a0ordered the New York\u2019s bipartisan Independent Redistricting Commission (IRC) to submit a new map, which would replace the existing one implemented by a court-appointed...", "link": "https://thehill.com/regulation/court-battles/4118839-voters-appeal-new-york-redistricting-ruling-that-favored-democrats/", "date_published": "2023-07-25T18:15:16+00:00", "persistent": false, "dead": false, "artist": null, "album": null, "user": null, "language": "en-US", "thumbnail": null}, {"source": "https://thehill.com/news/feed/", "title": "Harris to hold Iowa event on abortion opposite GOP gathering featuring Trump, DeSantis", "description": "Vice President Harris will head to Iowa on Friday to highlight the effects of the state's recently signed abortion ban, setting up a split-screen as top GOP presidential candidates are set to speak in Iowa the same night. Harris will travel to Des Moines to host a conversation with health care providers, patients, local leaders...", "link": "https://thehill.com/homenews/administration/4118811-harris-to-hold-iowa-event-on-abortion-opposite-gop-gathering-featuring-trump-desantis/", "date_published": "2023-07-25T18:13:37+00:00", "persistent": false, "dead": false, "artist": null, "album": null, "user": null, "language": "en-US", "thumbnail": null}, {"source": "https://thehill.com/news/feed/", "title": "DeSantis cuts one-third of campaign staff amid effort to reset", "description": "Florida Gov. Ron DeSantis's presidential campaign laid off 38 staff members as the campaign seeks to revamp itself amid stagnant poll numbers.  \u201cFollowing a top-to-bottom review of our organization, we have taken additional, aggressive steps to streamline operations and put Ron DeSantis in the strongest position to win this primary and defeat Joe Biden. Governor...", "link": "https://thehill.com/homenews/campaign/4118832-desantis-cuts-one-third-of-campaign-staff-amid-effort-to-reset/", "date_published": "2023-07-25T18:12:20+00:00", "persistent": false, "dead": false, "artist": null, "album": null, "user": null, "language": "en-US", "thumbnail": null}, {"source": "https://thehill.com/news/feed/", "title": "Federal court blocks Biden rule limiting asylum", "description": "A federal judge on Tuesday blocked a new Biden administration rule that limited access to asylum, issuing a decision that will take effect in two weeks. The ruling from a federal judge in California is a major loss for the Biden administration, which imposed new restrictions on asylum seekers, including that they must first seek...", "link": "https://thehill.com/policy/national-security/4118842-federal-court-blocks-biden-rule-limiting-asylum/", "date_published": "2023-07-25T18:12:05+00:00", "persistent": false, "dead": false, "artist": null, "album": null, "user": null, "language": "en-US", "thumbnail": null}, {"source": "https://thehill.com/news/feed/", "title": "App-based firms: Worker-classification regulation should wait on confirmed Labor secretary", "description": "A trade group representing app-based tech firms is urging President Biden to not finalize worker-classification regulation until a permanent Labor secretary is confirmed. The group, Flex, has opposed Acting Labor Secretary Julie Su\u2019s nomination to the permanent role. Flex argued in a letter to Biden that Senate\u2019s \u201clack of support\u201d for Su is due to...", "link": "https://thehill.com/homenews/administration/4118622-app-based-firms-worker-classification-regulation-should-wait-on-confirmed-labor-secretary/", "date_published": "2023-07-25T18:03:47+00:00", "persistent": false, "dead": false, "artist": null, "album": null, "user": null, "language": "en-US", "thumbnail": null}, {"source": "https://thehill.com/news/feed/", "title": "Reaganomics versus Bidenomics", "description": "The problem with Bidenomics is not what it has or has not accomplished but the fact it is conceptually flawed.", "link": "https://thehill.com/opinion/finance/4116438-reaganomics-versus-bidenomics/", "date_published": "2023-07-25T18:00:00+00:00", "persistent": false, "dead": false, "artist": null, "album": null, "user": null, "language": "en-US", "thumbnail": null}, {"source": "https://thehill.com/news/feed/", "title": "Watch live: Biden gives remarks on expanding mental health care access", "description": "President Biden is slated to deliver remarks Tuesday on expanding mental health care access. The White House announced new proposed rules focused on bolstering mental health. Under the rules, health plans would be required to make changes if they are found to be providing \u201cinadequate access\u201d to mental health services, based on whether they meet...", "link": "https://thehill.com/video/4118644-watch-live-biden-gives-remarks-on-expanding-mental-health-care-access/", "date_published": "2023-07-25T18:00:00+00:00", "persistent": false, "dead": false, "artist": null, "album": null, "user": null, "language": "en-US", "thumbnail": null}, {"source": "https://thehill.com/news/feed/", "title": "Watch live: Senate Judiciary subcommittee holds hearing on AI regulation", "description": "The Senate Judiciary Subcommittee on Privacy, Technology and the Law is slated to hold a hearing this afternoon titled \u201cOversight of A.I.: Principles for Regulation.\u201d Witnesses scheduled to testify include Stuart Russell, professor of computer science at University of California, Berkley; Yoshua Bengio, founder of Mila-Quebec AI Institute; and Dario Amodei, CEO of Anthropic.\u00a0 Last...", "link": "https://thehill.com/video/4118393-watch-live-senate-judiciary-subcommittee-holds-hearing-on-ai-regulation/", "date_published": "2023-07-25T18:00:00+00:00", "persistent": false, "dead": false, "artist": null, "album": null, "user": null, "language": "en-US", "thumbnail": null}, {"source": "https://thehill.com/news/feed/", "title": "Lee, Pressley, Garcia push for gender-neutral language in US legal code", "description": "House Democrats Tuesday introduced legislation to make the nation\u2019s legal code more inclusive to women, nonbinary, intersex and gender-nonconforming Americans by replacing masculine generics with gender-neutral language. The \u201cEquality in Our Laws\u201d Act, introduced Tuesday by Reps. Summer Lee (D-Pa.), Ayanna Pressley (D-Mass.) and Robert Garcia (D-Calif.), has been endorsed by the Equal Rights Amendment...", "link": "https://thehill.com/homenews/house/4118694-house-dems-push-for-gender-neutral-language-in-us-legal-code/", "date_published": "2023-07-25T17:43:23+00:00", "persistent": false, "dead": false, "artist": null, "album": null, "user": null, "language": "en-US", "thumbnail": null}, {"source": "https://thehill.com/news/feed/", "title": "A clean-energy future may depend on seabed mining", "description": "Unlike land-based mining, which often involves extreme destruction and pollution of thousands of acres, seabed mining simply involves vacuuming up mineral-rich nodules, which sit unattached to the ocean floor.", "link": "https://thehill.com/opinion/energy-environment/4115073-a-clean-energy-future-may-depend-on-seabed-mining/", "date_published": "2023-07-25T17:30:00+00:00", "persistent": false, "dead": false, "artist": null, "album": null, "user": null, "language": "en-US", "thumbnail": null}, {"source": "https://thehill.com/news/feed/", "title": "Pfizer: Some drug shortages possible due to tornado damage", "description": "More than 30 drugs could experience supply chain disruptions due to the tornado that damaged Pfizer's plant in North Carolina, the company warned hospitals. In a letter sent to its hospital customers last Friday, Pfizer said it identified about 65 formulations of those drugs that could experience \u201ccontinued or new supply disruptions in the near-term.\"...", "link": "https://thehill.com/policy/healthcare/4118717-pfizer-some-drug-shortages-possible-due-to-tornado-damage/", "date_published": "2023-07-25T17:21:29+00:00", "persistent": false, "dead": false, "artist": null, "album": null, "user": null, "language": "en-US", "thumbnail": null}, {"source": "https://thehill.com/news/feed/", "title": "Resolution to censure Marjorie Taylor Greene brought by House Democrat", "description": "Freshman Rep. Becca Balint (D-Vt.) is leading a resolution to censure Rep. Marjorie Taylor Greene (R-Ga.) over her controversial comments and actions, with the most recent being the Georgia Republican displaying censored sexual images of the president\u2019s son Hunter Biden in a hearing last week. The\u00a0resolution introduced Tuesday is a laundry list of around 40...", "link": "https://thehill.com/homenews/house/4118710-resolution-to-censure-marjorie-taylor-greene-brought-by-house-democrat/", "date_published": "2023-07-25T17:19:44+00:00", "persistent": false, "dead": false, "artist": null, "album": null, "user": null, "language": "en-US", "thumbnail": null}, {"source": "https://thehill.com/news/feed/", "title": "Biden designates new national monument to honor Emmett Till, Mamie Till-Mobley", "description": "President Biden on Tuesday signed a proclamation creating a national monument in honor of Mamie Till Mobley and her son Emmett Till, the 14-year-old whose brutal killing in Mississippi helped galvanize the civil rights movement. The monument, spread over three sites in Illinois and Mississippi, will tell the story of Till\u2019s murder in 1955, and...", "link": "https://thehill.com/homenews/race-politics/4118682-biden-designates-new-national-monument-to-honor-emmett-till-mamie-till-mobley/", "date_published": "2023-07-25T17:12:59+00:00", "persistent": false, "dead": false, "artist": null, "album": null, "user": null, "language": "en-US", "thumbnail": null}, {"source": "https://thehill.com/news/feed/", "title": "The Hill's 12:30 Report \u2014 McCarthy threatens Biden impeachment inquiry", "description": "{beacon} 12:30 REPORT TALK OF THE MORNING McCarthy threatens Biden impeachment inquiry: \u00a9  Associated Press Speaker Kevin McCarthy (R-Calif.) says he expects the House GOP investigations into the foreign business activities of President Biden\u2019s family to rise to the level of an impeachment inquiry.   It's the House leader's strongest threat to date, amid conservative-led...", "link": "https://thehill.com/newsletters/1230-report/4118621-the-hills-1230-report-mccarthy-threatens-biden-impeachment-inquiry/", "date_published": "2023-07-25T17:12:47+00:00", "persistent": false, "dead": false, "artist": null, "album": null, "user": null, "language": "en-US", "thumbnail": null}, {"source": "https://thehill.com/news/feed/", "title": "Climate change may have siphoned a Lake Mead-sized sip of water from the Colorado River Basin", "description": "Scientists are holding human-induced climate change responsible for the Colorado River Basin\u2019s loss of more than 10 trillion gallons of water \u2014 or about the entire storage capacity of Lake Mead \u2014 over the past two decades. Without the impacts of anthropogenic warming, drought conditions would not likely have depleted reservoir levels low enough to...", "link": "https://thehill.com/policy/equilibrium-sustainability/4118695-climate-change-may-have-siphoned-a-lake-mead-sized-sip-of-water-from-the-colorado-river-basin/", "date_published": "2023-07-25T17:11:34+00:00", "persistent": false, "dead": false, "artist": null, "album": null, "user": null, "language": "en-US", "thumbnail": null}, {"source": "https://thehill.com/news/feed/", "title": "Atlantic Ocean currents system could collapse this century from climate change: study", "description": "A major Atlantic current could collapse by midcentury as a result of climate change, prompting extreme cold in Europe and sea level rise along the eastern coast of the U.S., according to a study published Tuesday in the journal Nature Communications. Researchers from the University of Copenhagen\u2019s Niels Bohr Institute used statistical modeling and over...", "link": "https://thehill.com/policy/energy-environment/4118630-atlantic-ocean-currents-system-collapse-climate-change/", "date_published": "2023-07-25T17:08:20+00:00", "persistent": false, "dead": false, "artist": null, "album": null, "user": null, "language": "en-US", "thumbnail": null}, {"source": "https://thehill.com/news/feed/", "title": "DOJ proposes rule to improve online accessibility for people with disabilities", "description": "The Department of Justice is proposing a new rule aimed at improving access to state and local public services online for people with disabilities, the White House announced on Tuesday.\u00a0 The proposed rule would establish technical standards \u2014 like captioning videos, adding text descriptions to images and making navigation more accessible \u2014 for state and local...", "link": "https://thehill.com/homenews/administration/4118523-doj-proposes-rule-to-improve-online-accessibility-for-people-with-disabilities/", "date_published": "2023-07-25T17:00:00+00:00", "persistent": false, "dead": false, "artist": null, "album": null, "user": null, "language": "en-US", "thumbnail": null}, {"source": "https://thehill.com/news/feed/", "title": "How Kerry\u2019s energy accelerator can help to supercharge green investments", "description": "Using the carbon markets it is designed to catalyze can augment the impact of the Bridgetown currency proposal to provide a powerful new tool to raise the private capital we need to meet our global climate goals.", "link": "https://thehill.com/opinion/energy-environment/4116244-how-kerrys-energy-accelerator-can-help-to-supercharge-green-investments/", "date_published": "2023-07-25T17:00:00+00:00", "persistent": false, "dead": false, "artist": null, "album": null, "user": null, "language": "en-US", "thumbnail": null}, {"source": "https://thehill.com/news/feed/", "title": "United Nations inspectors find mines around major nuclear plant in Ukraine", "description": "Inspectors with a United Nations nuclear monitoring agency found several mines around the Zaporizhizhia nuclear power plant in Ukraine, which is under Russian control. The International Atomic Energy Agency (IAEA) Director General Rafael Grossi said his team saw \"some mines\" in a buffer zone between the site\u2019s internal and external perimeter barriers and at other...", "link": "https://thehill.com/policy/international/4118216-united-nations-inspectors-find-mines-around-major-nuclear-plant-in-ukraine/", "date_published": "2023-07-25T16:36:52+00:00", "persistent": false, "dead": false, "artist": null, "album": null, "user": null, "language": "en-US", "thumbnail": null}, {"source": "https://thehill.com/news/feed/", "title": "Watch live: White House holds press briefing", "description": "White House press secretary Karine Jean-Pierre is slated to hold a press briefing Tuesday afternoon. The briefing comes as the\u00a0Biden\u00a0administration on Tuesday announced new proposed rules focused on bolstering mental health. Under the rules, health plans would be required to make changes if they are found to be providing \u201cinadequate access\u201d to mental health services,...", "link": "https://thehill.com/homenews/4118057-watch-live-white-house-holds-press-briefing/", "date_published": "2023-07-25T16:30:00+00:00", "persistent": false, "dead": false, "artist": null, "album": null, "user": null, "language": "en-US", "thumbnail": null}, {"source": "https://thehill.com/news/feed/", "title": "What\u2019s in a trial date?", "description": "To say that Judge Aileen Cannon is proceeding at a snail\u2019s pace is to dishonor the snail.", "link": "https://thehill.com/opinion/judiciary/4116834-whats-in-a-trial-date/", "date_published": "2023-07-25T16:30:00+00:00", "persistent": false, "dead": false, "artist": null, "album": null, "user": null, "language": "en-US", "thumbnail": null}, {"source": "https://thehill.com/news/feed/", "title": "Gaetz introduces legislation to end 'unqualified' birthright citizenship", "description": "Rep. Matt Gaetz (R-Fla.) introduced a bill Tuesday that would end \u201cunqualified\u201d birthright citizenship for children whose parents are not themselves U.S. citizens. The legislation, titled the \u201cEnd Birthright Citizenship Fraud Act of 2023,\u201d would amend the Immigration and Nationality Act \u201cto reflect the original intent of the 14th Amendment\u2019s \u2018subject to the jurisdiction thereof,\u2019...", "link": "https://thehill.com/policy/national-security/4118478-gaetz-introduces-legislation-to-end-unqualified-birthright-citizenship/", "date_published": "2023-07-25T16:28:51+00:00", "persistent": false, "dead": false, "artist": null, "album": null, "user": null, "language": "en-US", "thumbnail": null}, {"source": "https://thehill.com/news/feed/", "title": "Watch live: Biden signs proclamation to establish Emmett Till National Monument", "description": "President Biden will sign a proclamation on Tuesday to establish a national monument honoring Emmett Till, the Black 14-year-old whose lynching in 1955 galvanized the Civil Rights Movement. Watch live here.", "link": "https://thehill.com/blogs/blog-briefing-room/4118569-watch-live-biden-signs-proclamation-to-establish-emmett-till-national-monument/", "date_published": "2023-07-25T16:27:46+00:00", "persistent": false, "dead": false, "artist": null, "album": null, "user": null, "language": "en-US", "thumbnail": null}, {"source": "https://thehill.com/news/feed/", "title": "Democrats reintroducing measure to eliminate costs of government IDs", "description": "A group of Democrat lawmakers have reintroduced a measure that would eliminate the cost barrier to obtaining government IDs, which they hope will help address poverty and unemployment for many Americans. Rep. Sean Casten (D-Ill.), backed by the organization Project ID Action Fund, reintroduced HR8821 on Tuesday, along with Reps. Cori Bush (D-Mo.), Rashida Tlaib...", "link": "https://thehill.com/homenews/house/4118477-democrats-reintroducing-measure-to-eliminate-costs-of-government-ids/", "date_published": "2023-07-25T16:21:42+00:00", "persistent": false, "dead": false, "artist": null, "album": null, "user": null, "language": "en-US", "thumbnail": null}, {"source": "https://thehill.com/news/feed/", "title": "Christie: Trump has 'proven he didn't know how to get things done'", "description": "Former New Jersey Gov. Chris Christie (R) argued against a second term for former President Trump on Tuesday, saying his rival for the Republican nomination has \u201cproven he didn\u2019t know how to get things done\u201d as president. \u201cThe Trump agenda is not worth anything to Republicans if Trump\u2019s the one trying to execute it because...", "link": "https://thehill.com/homenews/campaign/4118447-christie-trump-has-proven-he-didnt-know-how-to-get-things-done/", "date_published": "2023-07-25T16:10:56+00:00", "persistent": false, "dead": false, "artist": null, "album": null, "user": null, "language": "en-US", "thumbnail": null}, {"source": "https://thehill.com/news/feed/", "title": "UPS, Teamsters announce tentative deal days before contract was set to expire", "description": "UPS and the International Brotherhood of Teamsters announced Wednesday a tentative collective bargaining agreement \u2014 just days before their current contract was set to lapse. \u201cTogether we reached a win-win-win agreement on the issues that are important to Teamsters leadership, our employees and to UPS and our customers,\u201d UPS CEO Carol Tom\u00e9 said in a...", "link": "https://thehill.com/business/4118498-ups-teamsters-announce-tentative-deal-days-before-contract-was-set-to-expire/", "date_published": "2023-07-25T16:02:48+00:00", "persistent": false, "dead": false, "artist": null, "album": null, "user": null, "language": "en-US", "thumbnail": null}, {"source": "https://thehill.com/news/feed/", "title": "Is the Supreme Court giving favorable treatment to religion?", "description": "Have religious zealots coopted the Supreme Court? The left seems to think so.", "link": "https://thehill.com/opinion/judiciary/4116342-is-the-supreme-court-giving-favorable-treatment-to-religion/", "date_published": "2023-07-25T16:00:00+00:00", "persistent": false, "dead": false, "artist": null, "album": null, "user": null, "language": "en-US", "thumbnail": null}, {"source": "https://thehill.com/news/feed/", "title": "IMF raises global economic growth expectations to 3 percent", "description": "The International Monetary Fund has raised its global economic growth forecast for 2023 to 3 percent from 2.8 percent, the organization announced Tuesday. That\u2019s a slight decrease from 2022\u2019s 3.4 percent economic growth, but shows improvement over previous expectations. The U.S. economy is expected to grow by 1.8 percent in 2023 \u2014 above the average...", "link": "https://thehill.com/business/4118047-imf-raises-global-economic-growth-expectations-to-3-percent/", "date_published": "2023-07-25T15:44:08+00:00", "persistent": false, "dead": false, "artist": null, "album": null, "user": null, "language": "en-US", "thumbnail": null}, {"source": "https://thehill.com/news/feed/", "title": "The misguided push to weaken nuclear safety standards is gaining steam", "description": "The NRC is facing a coordinated, massive push by the industry to drastically weaken its safety and security regulations and speed up the implementation of its back-to-the-1950s dystopian vision.", "link": "https://thehill.com/opinion/energy-environment/4116386-the-misguided-push-to-weaken-nuclear-safety-standards-is-gaining-steam/", "date_published": "2023-07-25T15:30:00+00:00", "persistent": false, "dead": false, "artist": null, "album": null, "user": null, "language": "en-US", "thumbnail": null}, {"source": "https://thehill.com/news/feed/", "title": "Biden dog Commander bit multiple Secret Service officers: report", "description": "Commander, the Bidens\u2019 German shepherd, has reportedly been involved in several aggressive incidents that injured Secret Service officers \u2014 with emails obtained by a conservative legal activist group describing encounters similar to those that got another Biden dog booted from the White House. The emails released Tuesday\u00a0by Judicial Watch, which it said were obtained following...", "link": "https://thehill.com/blogs/in-the-know/4118311-biden-dog-commander-bit-multiple-secret-service-officers-report/", "date_published": "2023-07-25T15:21:23+00:00", "persistent": false, "dead": false, "artist": null, "album": null, "user": null, "language": "en-US", "thumbnail": null}, {"source": "https://thehill.com/news/feed/", "title": "'Barbenheimer' nets combined $235 million during opening weekend", "description": "A pair of highly-anticipated summer films enjoyed blockbuster success at the box office over the weekend. \"Barbie\" and \"Oppenheimer,\" both of which have earned critical acclaim and become viral sensations online, have earned a combined $235 million in ticket sales since Friday, according to recent Comscore data. \"Barbie\" raked in a reported $155 Million during...", "link": "https://thehill.com/homenews/media/4118295-barbenheimer-nets-combined-235-million-during-opening-weekend/", "date_published": "2023-07-25T15:16:52+00:00", "persistent": false, "dead": false, "artist": null, "album": null, "user": null, "language": "en-US", "thumbnail": null}, {"source": "https://thehill.com/news/feed/", "title": "Protests intensify in Israel after judicial reform passes", "description": "Protesters poured onto Israel's streets and clashed with police on Monday night after lawmakers approved a key part of a controversial judicial reform bill that critics say could undermine the country's democracy. Hundreds of thousands of protesters took the streets overnight to oppose the new law, burning tires, launching fireworks and waving the flag of...", "link": "https://thehill.com/policy/international/4118118-protests-intensify-in-israel-after-judicial-reform-passes/", "date_published": "2023-07-25T15:13:34+00:00", "persistent": false, "dead": false, "artist": null, "album": null, "user": null, "language": "en-US", "thumbnail": null}, {"source": "https://thehill.com/news/feed/", "title": "LeBron James' son, Bronny, suffers cardiac arrest: reports", "description": "LeBron James' son, LeBron \u201cBronny\u201d James Jr., is recovering after he suffered a cardiac arrest, according to a family spokesperson.", "link": "https://thehill.com/blogs/in-the-know/in-the-know/4118307-lebron-james-son-bronny-suffers-cardiac-arrest-reports/", "date_published": "2023-07-25T15:11:30+00:00", "persistent": false, "dead": false, "artist": null, "album": null, "user": null, "language": "en-US", "thumbnail": null}, {"source": "https://thehill.com/news/feed/", "title": "Air National Guard will play a key role in rebuilding US air power", "description": "The Air National Guard provides an avenue to help rebuild fighter capacity within existing budgets \u2014 if we fully leverage it.", "link": "https://thehill.com/opinion/national-security/4109944-air-national-guard-will-play-a-key-role-in-rebuilding-us-air-power/", "date_published": "2023-07-25T15:00:00+00:00", "persistent": false, "dead": false, "artist": null, "album": null, "user": null, "language": "en-US", "thumbnail": null}, {"source": "https://thehill.com/news/feed/", "title": "US drone damaged by flares from Russian fighter jet over Syria", "description": "A U.S. drone was damaged by flares from a Russian fighter jet over Syria on Sunday in the latest of a series of confrontations by Russian aircraft in the region. The Russian jet flew \u201cdangerously close\u201d to the U.S. MQ-9 drone, harassing it and deploying flares from just a few meters overhead, Lt. Gen. Alexus...", "link": "https://thehill.com/policy/defense/4118207-us-drone-damaged-by-flares-from-russian-fighter-jet-over-syria/", "date_published": "2023-07-25T14:59:41+00:00", "persistent": false, "dead": false, "artist": null, "album": null, "user": null, "language": "en-US", "thumbnail": null}, {"source": "https://thehill.com/news/feed/", "title": "Female Democratic lawmakers team up with VoteVets to knock Tuberville hold on military promotions", "description": "Four female Democratic lawmakers slammed Sen. Tommy Tuberville (R-Ala.) for holding up some 250 military nominees in protest to a Defense Department abortion policy, accusing the Republican senator of using \"women servicemembers as political pawns\" in a culture war. Reps. Mikie Sherrill (N.J.), Chrissy Houlahan (Pa.), Elissa Slotkin (Mich.) and Abigail Spanberger (Va.) joined the...", "link": "https://thehill.com/policy/defense/4118121-female-democratic-lawmakers-against-tuberville-holds-on-military-promotions/", "date_published": "2023-07-25T14:52:10+00:00", "persistent": false, "dead": false, "artist": null, "album": null, "user": null, "language": "en-US", "thumbnail": null}, {"source": "https://thehill.com/news/feed/", "title": "July heat waves would have been 'virtually impossible' without climate change: research", "description": "Without climate change, the heat waves impacting the U.S.-Mexico region and Southern Europe this month would have been \u201cvirtually\u201d impossible, according to new research.\u00a0 The research, from the World Weather Attribution initiative, also found that heat impacting China would have been \u201cabout a 1 in 250 year event.\u201d At the start of July, heat waves hit...", "link": "https://thehill.com/policy/energy-environment/4118180-july-heat-waves-would-have-been-virtually-impossible-without-climate-change-research/", "date_published": "2023-07-25T14:45:11+00:00", "persistent": false, "dead": false, "artist": null, "album": null, "user": null, "language": "en-US", "thumbnail": null}, {"source": "https://thehill.com/news/feed/", "title": "More than a third of rural Americans skip needed care because of cost: study", "description": "More than one third of Americans living in rural areas skipped medical care they needed due to the costs, according to a new study. The Commonwealth Fund\u2019s 2020 International Health Policy Survey found that 36 percent of rural Americans did not get the care they needed due to costs, which is more than double the...", "link": "https://thehill.com/policy/healthcare/4118228-more-than-a-third-of-rural-americans-skip-needed-care-because-of-cost-study/", "date_published": "2023-07-25T14:45:02+00:00", "persistent": false, "dead": false, "artist": null, "album": null, "user": null, "language": "en-US", "thumbnail": null}, {"source": "https://thehill.com/news/feed/", "title": "Pro-Burgum group planning $1.4M ad push to promote presidential campaign", "description": "A super PAC supporting North Dakota Gov. Doug Burgum\u2019s (R) presidential run is planning a $1.4 million advertising push to promote his campaign.  Best of America PAC said in a release on Tuesday that it is launching a national television and radio ad campaign that will start airing on Wednesday. The ads highlight Burgum\u2019s record...", "link": "https://thehill.com/homenews/campaign/4118181-pro-burgum-group-planning-1-4m-ad-push-to-promote-presidential-campaign/", "date_published": "2023-07-25T14:36:27+00:00", "persistent": false, "dead": false, "artist": null, "album": null, "user": null, "language": "en-US", "thumbnail": null}, {"source": "https://thehill.com/news/feed/", "title": "Number of children receiving free summer lunches down by almost 45 percent: research", "description": "The number of U.S. children who received free summer lunches on an average day in July 2022 dropped considerably compared to the previous year, according to a report released by the Food Research &#38; Action Center (FRAC).\u00a0 On an average day in last July, almost 3 million children received a free lunch through the federal...", "link": "https://thehill.com/homenews/education/4118169-number-of-children-receiving-free-summer-lunches-down-by-almost-45-percent-research/", "date_published": "2023-07-25T14:33:06+00:00", "persistent": false, "dead": false, "artist": null, "album": null, "user": null, "language": "en-US", "thumbnail": null}, {"source": "https://thehill.com/news/feed/", "title": "UFOs are not the only potential threat in American skies", "description": "There\u2019s evidence that some of what\u2019s being reported as UAPs are actually U.S. military aircraft.", "link": "https://thehill.com/opinion/national-security/4117220-ufos-are-not-the-only-potential-threat-in-american-skies/", "date_published": "2023-07-25T14:30:00+00:00", "persistent": false, "dead": false, "artist": null, "album": null, "user": null, "language": "en-US", "thumbnail": null}, {"source": "https://thehill.com/news/feed/", "title": "Russia warns of 'tough retaliatory measures' after drone strikes on Moscow, Crimea", "description": "Russia is warning of \u201ctough retaliatory measures\u201d against Ukraine following drone strikes in Moscow and Crimea early Monday morning. \u00a0 According to the Russian Foreign Ministry, two Ukrainian unmanned combat aerial vehicles attempted to attack facilities early Monday morning in Moscow but were stopped by radio-electronic warfare systems. No casualties were reported, though two nonresidential...", "link": "https://thehill.com/policy/international/4118103-russia-warns-of-tough-retaliatory-measures-after-drone-strikes-on-moscow-crimea/", "date_published": "2023-07-25T14:22:13+00:00", "persistent": false, "dead": false, "artist": null, "album": null, "user": null, "language": "en-US", "thumbnail": null}, {"source": "https://thehill.com/news/feed/", "title": "Burgum's campaign says he's qualified for first GOP debate", "description": "North Dakota Gov. Doug Burgum's (R) campaign announced on Tuesday that the governor has qualified for the first GOP presidential debate next month in Milwaukee. Candidates must meet several donor and polling thresholds established by the Republican National Committee (RNC) in order to qualify for the Aug. 23 debate. Contenders must have at least 40,000...", "link": "https://thehill.com/homenews/campaign/4118113-burgums-campaign-says-hes-qualified-for-first-gop-debate/", "date_published": "2023-07-25T14:00:11+00:00", "persistent": false, "dead": false, "artist": null, "album": null, "user": null, "language": "en-US", "thumbnail": null}, {"source": "https://thehill.com/news/feed/", "title": "After 50 years and 100 trips to China, Kissinger should visit democratic Taiwan", "description": "Centenarian Henry Kissinger demonstrated his remarkable physical and intellectual vigor when he met in Beijing last week with Xi Jinping.", "link": "https://thehill.com/opinion/international/4116258-50-years-later-kissingers-legacy-in-china-endures/", "date_published": "2023-07-25T14:00:00+00:00", "persistent": false, "dead": false, "artist": null, "album": null, "user": null, "language": "en-US", "thumbnail": null}, {"source": "https://thehill.com/news/feed/", "title": "Chinese foreign minister ousted in shakeup", "description": "Chinese Foreign Affairs Minister Qin Gang was removed from his post Tuesday and replaced by his predecessor, fueling speculation of personal rivalries within the Chinese Communist Party, according to The Associated Press. Qin has served as foreign minister since the end of December, but has not made any public appearances since late June. The party...", "link": "https://thehill.com/policy/international/4117990-chinese-foreign-minister-ousted-in-shakeup/", "date_published": "2023-07-25T13:55:50+00:00", "persistent": false, "dead": false, "artist": null, "album": null, "user": null, "language": "en-US", "thumbnail": null}, {"source": "https://thehill.com/news/feed/", "title": "Yevgeny Prigozhin only lives twice", "description": "Like his James Bond movie doppelg\u00e4nger Ernst Stavro Blofeld, Yevgeny Prigozhin is the man who will not go away.", "link": "https://thehill.com/opinion/national-security/4118051-yevgeny-prigozhin-only-lives-twice/", "date_published": "2023-07-25T13:47:31+00:00", "persistent": false, "dead": false, "artist": null, "album": null, "user": null, "language": "en-US", "thumbnail": null}, {"source": "https://thehill.com/news/feed/", "title": "Harris calls on Hispanic leaders in Chicago to unite against 'extremist' policies", "description": "Vice President Harris used an appearance at a Latino conference in Chicago to urge Hispanic leaders to unite against extremism, bashing GOP-led states for actions on immigration, reproductive rights and book bans. Harris said at the UnidosUS 2023 Annual Conference that \"extremist so-called leaders have a blueprint to attack hard-won freedoms and rights and to...", "link": "https://thehill.com/homenews/administration/4118061-harris-calls-on-hispanic-leaders-in-chicago-to-unite-against-extremism/", "date_published": "2023-07-25T13:40:09+00:00", "persistent": false, "dead": false, "artist": null, "album": null, "user": null, "language": "en-US", "thumbnail": null}, {"source": "https://thehill.com/news/feed/", "title": "DeSantis, aides involved in car accident while traveling to campaign event", "description": "Republican presidential candidate Ron DeSantis's campaign said the Florida governor and some members of his team were involved in a car accident while en route to a campaign event on Tuesday.  DeSantis and his team were uninjured, according to his campaign.  \"This morning, the governor was in a car accident while traveling to an event...", "link": "https://thehill.com/homenews/campaign/4118071-desantis-aides-involved-in-car-accident-while-traveling-to-campaign-event/", "date_published": "2023-07-25T13:31:00+00:00", "persistent": false, "dead": false, "artist": null, "album": null, "user": null, "language": "en-US", "thumbnail": null}, {"source": "https://thehill.com/news/feed/", "title": "The Supreme Court\u2019s excuses for ethics violations insult our intelligence", "description": "Their excuses were all remarkably flimsy, almost beyond belief.", "link": "https://thehill.com/opinion/judiciary/4115995-the-supreme-courts-excuses-for-ethics-violations-insult-our-intelligence/", "date_published": "2023-07-25T13:30:00+00:00", "persistent": false, "dead": false, "artist": null, "album": null, "user": null, "language": "en-US", "thumbnail": null}, {"source": "https://thehill.com/news/feed/", "title": "Musk explains Twitter rebranding, vows to add features", "description": "Twitter owner Elon Musk explained the rebrand of the social media platform to \u201cX\u201d on Monday, saying the original name no longer made sense as he has continued to add new features.\u00a0 \u201cThis is not simply a company renaming itself, but doing the same thing,\u201d Musk\u00a0wrote\u00a0in response to another user, who included Twitter among a...", "link": "https://thehill.com/policy/technology/4118017-musk-explains-twitter-rebranding/", "date_published": "2023-07-25T13:27:32+00:00", "persistent": false, "dead": false, "artist": null, "album": null, "user": null, "language": "en-US", "thumbnail": null}, {"source": "https://thehill.com/news/feed/", "title": "Ruth Bader Ginsburg\u2019s \u2018Pegasus\u2019 collar to be auctioned", "description": "One of Ruth Bader Ginsburg\u2019s famed collars, which the late Supreme Court justice\u2019s family once described as one of her favorites, is going up for auction. The Potomack Company recently announced that it would accept bids for Ginsburg\u2019s collar, dubbed The Pegasus, as part of an auction beginning Sept. 20. \u201cThe Pegasus limited edition silver metallic bib...", "link": "https://thehill.com/blogs/in-the-know/4118027-ruth-bader-ginsburgs-pegasus-collar-to-be-auctioned/", "date_published": "2023-07-25T13:09:13+00:00", "persistent": false, "dead": false, "artist": null, "album": null, "user": null, "language": "en-US", "thumbnail": null}, {"source": "https://thehill.com/news/feed/", "title": "How the administration\u2019s cyber strategy falls short", "description": "The NCS Implementation Plan is a strategic blueprint, yet it is vague, creating a dissonance between intention and operation.", "link": "https://thehill.com/opinion/cybersecurity/4116018-how-the-administrations-cyber-strategy-falls-short/", "date_published": "2023-07-25T13:00:00+00:00", "persistent": false, "dead": false, "artist": null, "album": null, "user": null, "language": "en-US", "thumbnail": null}, {"source": "https://thehill.com/news/feed/", "title": "Canadian wildfire smoke again blanketing Midwest", "description": "The air quality in the Midwest is once again a target of wildfires in Canada, as thick smoke from the north combines with a heat wave in the region. The National Weather Service has issued air quality alerts for much of the Upper Midwest due to the smoke. Chicago is experiencing the sixth worst air...", "link": "https://thehill.com/policy/energy-environment/4117979-canadian-wildfire-smoke-again-blanketing-midwest/", "date_published": "2023-07-25T12:56:15+00:00", "persistent": false, "dead": false, "artist": null, "album": null, "user": null, "language": "en-US", "thumbnail": null}, {"source": "https://thehill.com/news/feed/", "title": "The ripple effect: A new wave in digital asset regulation", "description": "For two and a half years, Securities and Exchange Commission (SEC) Chairman Gary Gensler has told anyone who will listen that SEC has crypto covered. He consistently opines almost all digital assets, barring Bitcoin, are securities. In his view, any sale of such digital assets constitutes a securities offering and existing securities laws sufficiently regulate...", "link": "https://thehill.com/opinion/congress-blog/4117714-the-ripple-effect-a-new-wave-in-digital-asset-regulation/", "date_published": "2023-07-25T12:45:00+00:00", "persistent": false, "dead": false, "artist": null, "album": null, "user": null, "language": "en-US", "thumbnail": null}, {"source": "https://thehill.com/news/feed/", "title": "Florida Supreme Court reprimands judge in Parkland school shooting trial", "description": "The Florida Supreme Court on Monday publicly reprimanded the state judge who oversaw the Parkland shooter\u2019s penalty trial last year, finding she engaged in improper conduct. Circuit Judge Elizabeth Scherer admitted to violating Florida's code of judicial conduct and agreed to the public reprimand after a Florida Judicial Qualifications Commission investigation found she gave the...", "link": "https://thehill.com/regulation/court-battles/4117964-florida-supreme-court-reprimands-judge-in-parkland-school-shooting-trial/", "date_published": "2023-07-25T12:43:11+00:00", "persistent": false, "dead": false, "artist": null, "album": null, "user": null, "language": "en-US", "thumbnail": null}, {"source": "https://thehill.com/news/feed/", "title": "Time running out to file for $725M Facebook settlement: How to claim your payment", "description": "Facebook users (and ex-Facebook users) have one month left to claim their piece of a massive $725 million class action lawsuit settlement announced earlier this year.", "link": "https://thehill.com/homenews/nexstar_media_wire/4116626-time-running-out-to-file-for-725m-facebook-settlement-how-to-claim-your-payment/", "date_published": "2023-07-25T12:43:00+00:00", "persistent": false, "dead": false, "artist": null, "album": null, "user": null, "language": "en-US", "thumbnail": null}, {"source": "https://thehill.com/news/feed/", "title": "Hunter Biden prosecutor willing to testify before Congress", "description": "The prosecutor who led the investigation into President Biden's son, Hunter Biden, is willing to testify this fall, the Justice Department (DOJ) said in a letter to House Judiciary Committee Chairman Jim Jordan (R-Ohio) on Monday. The DOJ offered to make U.S. Attorney for Delaware David Weiss available on several dates in September and October...", "link": "https://thehill.com/homenews/house/4117939-hunter-biden-prosecutor-willing-to-testify-before-congress/", "date_published": "2023-07-25T12:40:35+00:00", "persistent": false, "dead": false, "artist": null, "album": null, "user": null, "language": "en-US", "thumbnail": null}, {"source": "https://thehill.com/news/feed/", "title": "The stakes are far too high to allow gambling on U.S. elections", "description": "In this shaky political moment, the last thing our country needs is for democracy to be undermined further by allowing gambling on elections.", "link": "https://thehill.com/opinion/campaign/4116097-the-stakes-are-far-too-high-to-allow-gambling-on-u-s-elections/", "date_published": "2023-07-25T12:30:00+00:00", "persistent": false, "dead": false, "artist": null, "album": null, "user": null, "language": "en-US", "thumbnail": null}, {"source": "https://thehill.com/news/feed/", "title": "The Ukraine war offers a chance to solve Moldova's Transnistria problem", "description": "The time is ripe for decisive action.", "link": "https://thehill.com/opinion/international/4115248-the-ukraine-war-offers-a-chance-to-solve-moldovas-transnistria-problem/", "date_published": "2023-07-25T12:00:00+00:00", "persistent": false, "dead": false, "artist": null, "album": null, "user": null, "language": "en-US", "thumbnail": null}, {"source": "https://thehill.com/news/feed/", "title": "Kellyanne Conway suggests Trump may participate in GOP debate", "description": "Former Trump adviser Kellyanne Conway suggested on Monday that the former president may participate in the first Republican presidential primary debate next month but will likely \u201ckeep everybody in suspense\u201d in the lead-up. \u201cIf I were you, I would keep that center podium warm because maybe he\u2019ll make the announcement the day of,\u201d Conway said...", "link": "https://thehill.com/homenews/campaign/4117891-kellyanne-conway-suggests-trump-may-debate/", "date_published": "2023-07-25T11:52:33+00:00", "persistent": false, "dead": false, "artist": null, "album": null, "user": null, "language": "en-US", "thumbnail": null}, {"source": "https://thehill.com/news/feed/", "title": "Biden should take a cognitive test \u2014 and release the results", "description": "Dismissing voters\u2019 concerns only feeds the notion that the president has something to hide.", "link": "https://thehill.com/opinion/white-house/4117291-biden-should-take-a-cognitive-test-and-release-the-results/", "date_published": "2023-07-25T11:45:00+00:00", "persistent": false, "dead": false, "artist": null, "album": null, "user": null, "language": "en-US", "thumbnail": null}, {"source": "https://thehill.com/news/feed/", "title": "How to expose Russian colonialism to the 'Global South'", "description": "Russia's\u00a0colonial exploitation was among the worst of any European nation, disguised at various times as Tsarist civilization, Christian Orthodox messianism, Communist liberation, and Russian greatness.", "link": "https://thehill.com/opinion/international/4115163-how-to-expose-russian-colonialism-to-the-global-south/", "date_published": "2023-07-25T11:30:00+00:00", "persistent": false, "dead": false, "artist": null, "album": null, "user": null, "language": "en-US", "thumbnail": null}, {"source": "https://thehill.com/news/feed/", "title": "Press: Can\u2019t we all just agree that slavery was wrong?", "description": "For me, this is personal. Debating issues is a national sport. I\u2019ve spent most of my life at it: on my high school and college debate teams, as co-host of CNN\u2019s \u201cCrossfire,\u201d on national radio and TV shows, and around countless Thanksgiving dinner tables.    Political debate is part of who we are as Americans. And the livelier the debate the better, on almost any...", "link": "https://thehill.com/opinion/4117510-press-cant-we-all-just-agree-that-slavery-was-wrong/", "date_published": "2023-07-25T11:00:00+00:00", "persistent": false, "dead": false, "artist": null, "album": null, "user": null, "language": "en-US", "thumbnail": null}, {"source": "https://thehill.com/news/feed/", "title": "Large amount of marijuana washes up on Florida beach", "description": "\"Before anyone starts thinking about coming out and turning this discovery into your own treasure hunt, we would advise against it,\" police said.", "link": "https://thehill.com/homenews/state-watch/4117454-large-amount-of-marijuana-washes-up-on-florida-beach/", "date_published": "2023-07-25T10:54:25+00:00", "persistent": false, "dead": false, "artist": null, "album": null, "user": null, "language": "en-US", "thumbnail": null}, {"source": "https://thehill.com/news/feed/", "title": "Mega Millions jackpot hits $820 million: How much the winner will actually get", "description": "While the advertised prize is $820 million, here's how much you'd actually walk away with if you win.", "link": "https://thehill.com/blogs/blog-briefing-room/4117308-mega-millions-jackpot-hits-820-million-how-much-the-winner-will-actually-get/", "date_published": "2023-07-25T10:53:14+00:00", "persistent": false, "dead": false, "artist": null, "album": null, "user": null, "language": "en-US", "thumbnail": null}, {"source": "https://thehill.com/news/feed/", "title": "'Mystery company' buys nearly $1 billion of land near Air Force base", "description": "A group called \"Flannery Associates\" has invested more than $800 million on almost 54 thousand acres of land surrounding the Travis Air Force base.", "link": "https://thehill.com/homenews/state-watch/4116906-mystery-company-buys-nearly-1-billion-of-land-near-air-force-base/", "date_published": "2023-07-25T10:52:09+00:00", "persistent": false, "dead": false, "artist": null, "album": null, "user": null, "language": "en-US", "thumbnail": null}, {"source": "https://thehill.com/news/feed/", "title": "The Hill\u2019s Morning Report \u2014\u00a0Biden, Harris hit themes of race, rights, economy", "description": "Editor\u2019s note: The Hill\u2019s\u00a0Morning\u00a0Report\u00a0is our daily newsletter that dives deep into Washington\u2019s agenda. To subscribe,\u00a0click here\u00a0or fill out the box below. As Congress prepares to head home at the end of the week for its August recess, the White House is ready to step into the spotlight.\u00a0 Lawmakers will end their session with major spending...", "link": "https://thehill.com/homenews/morning-report/4117821-the-hills-morning-report-biden-harris-hit-themes-of-race-rights-economy/", "date_published": "2023-07-25T10:41:23+00:00", "persistent": false, "dead": false, "artist": null, "album": null, "user": null, "language": "en-US", "thumbnail": null}, {"source": "https://thehill.com/news/feed/", "title": "Bottom Line: PhRMA fights patent waiver expansion for COVID treatments", "description": "Pharmaceuticals \u200bPharmaceutical Research and Manufacturers of America (PhRMA) hired Altrius Group to lobby on a proposal to expand the World Trade Organization waiver on certain intellectual property protections for COVID-19 vaccines to include additional COVID-19 treatments. The pharmaceutical industry trade group called the proposed waiver expansion \u201charmful and unnecessary,\u201d saying it could threaten innovation, jobs...", "link": "https://thehill.com/lobbying/4115812-bottom-line-phrma-fights-wto-intellectual-property-waiver-expansion-for-covid-treatments/", "date_published": "2023-07-25T10:00:00+00:00", "persistent": false, "dead": false, "artist": null, "album": null, "user": null, "language": "en-US", "thumbnail": null}, {"source": "https://thehill.com/news/feed/", "title": "Harris leans into traditional VP attack dog role", "description": "When Tennessee Republicans moved to expel state Democratic lawmakers who protested at the state capitol over gun violence, the White House sent Vice President Harris to Nashville to call out GOP tactics. And when Florida passed controversial new educational guidelines for how issues like slavery be taught in schools, it was Harris who was quickly...", "link": "https://thehill.com/homenews/administration/4116874-harris-leans-into-traditional-vp-attack-dog-role/", "date_published": "2023-07-25T10:00:00+00:00", "persistent": false, "dead": false, "artist": null, "album": null, "user": null, "language": "en-US", "thumbnail": null}, {"source": "https://thehill.com/news/feed/", "title": "The Memo: Culture-war battles fail to deliver for DeSantis", "description": "Florida Gov. Ron DeSantis (R) keeps pressing his case on culture war issues \u2014 even though his efforts so far haven\u2019t helped him rise above a modest ceiling of support in the presidential race. That, in turn, poses the question as to whether former President Trump already has a lock on most of the conservative...", "link": "https://thehill.com/homenews/campaign/4116964-the-memo-culture-war-battles-fail-to-deliver-for-desantis/", "date_published": "2023-07-25T10:00:00+00:00", "persistent": false, "dead": false, "artist": null, "album": null, "user": null, "language": "en-US", "thumbnail": null}, {"source": "https://thehill.com/news/feed/", "title": "Trump anxiety among GOP senators grows as indictments appear to help him", "description": "Republican senators who don\u2019t want to see President Donald Trump as their party's nominee are feeling increasingly anxious that Special Counsel Jack Smith is actually helping Trump's presidential campaign through his dogged pursuit of the former president.\u00a0 The fear another round of federal charges against Trump will only further boost his fundraising and poll numbers,...", "link": "https://thehill.com/homenews/senate/4117138-trump-anxiety-among-gop-senators-grows-as-indictments-appear-to-help-him/", "date_published": "2023-07-25T10:00:00+00:00", "persistent": false, "dead": false, "artist": null, "album": null, "user": null, "language": "en-US", "thumbnail": null}, {"source": "https://thehill.com/news/feed/", "title": "What needs to happen to fix the housing market? Experts have some suggestions", "description": "Homebuyers are staying on the sidelines as housing prices hit record levels and homebuilding and rental supply isn't keeping up with the demand. Home prices neared their all-time high last month, eclipsing $400,000 for only the third time on record. Rising prices, mortgage rates push monthly payments to all-time high: report This is due largely to...", "link": "https://thehill.com/business/4116318-what-needs-to-happen-to-fix-the-housing-market-experts-have-some-suggestions/", "date_published": "2023-07-25T10:00:00+00:00", "persistent": false, "dead": false, "artist": null, "album": null, "user": null, "language": "en-US", "thumbnail": null}, {"source": "https://thehill.com/news/feed/", "title": "White House puts insurance companies on alert for mental health care", "description": "The Biden administration on Tuesday announced new proposed rules to reinforce legislation requiring insurance companies to cover mental health benefits to the same degree as medical and surgical benefits, with an administration official citing the stark lack of access Americans have to mental health care. The Mental Health Parity and Addiction Equity Act (MHPAEA), passed...", "link": "https://thehill.com/policy/healthcare/4117197-white-house-puts-insurance-companies-on-alert-for-mental-health-care/", "date_published": "2023-07-25T09:53:00+00:00", "persistent": false, "dead": false, "artist": null, "album": null, "user": null, "language": "en-US", "thumbnail": null}, {"source": "https://thehill.com/news/feed/", "title": "Most voters oppose LGBTQ, abortion-related measures in House defense bill", "description": "Republican-led amendments to an annual military spending bill that threaten reproductive and LGBTQ rights are largely unpopular among voters, regardless of their political affiliation, according to new report from Data for Progress, a progressive think tank and polling firm. House Republicans this month packed a number of controversial amendments into the must-pass National Defense Authorization...", "link": "https://thehill.com/homenews/lgbtq/4117097-most-voters-oppose-lgbtq-abortion-related-measures-in-house-defense-bill/", "date_published": "2023-07-25T09:30:00+00:00", "persistent": false, "dead": false, "artist": null, "album": null, "user": null, "language": "en-US", "thumbnail": null}, {"source": "https://thehill.com/news/feed/", "title": "Keeping contentious nuclear plant open could cost Californians $45B: report", "description": "Extending operations of the Diablo Canyon nuclear power plant through 2045 could cost California ratepayers as much as $45 billion, a new report has found. The state\u2019s biggest utility, Pacific Gas and Electric (PG&#38;E), is currently in the process of seeking a license renewal that could enable the aging facility to run for another 20...", "link": "https://thehill.com/policy/equilibrium-sustainability/4117145-keeping-contentious-nuclear-plant-open-could-cost-californians-45b-report/", "date_published": "2023-07-25T04:01:00+00:00", "persistent": false, "dead": false, "artist": null, "album": null, "user": null, "language": "en-US", "thumbnail": null}, {"source": "https://thehill.com/news/feed/", "title": "Former pastor arrested in 1975 murder case investigating death of young girl", "description": "A former pastor was arrested after he confessed to the kidnapping and murdering of an 8-year-old girl who attended a Bible camp hosted by the man's church in Pennsylvania nearly 50 years ago, officials said Monday. David Zandstra, 83, of Marietta, Georgia has been charged with criminal homicide, murder of the first, second and third degree,...", "link": "https://thehill.com/homenews/4117518-former-pastor-arrested-in-1975-murder-case-investigating-death-of-young-girl/", "date_published": "2023-07-25T03:24:23+00:00", "persistent": false, "dead": false, "artist": null, "album": null, "user": null, "language": "en-US", "thumbnail": null}, {"source": "https://thehill.com/news/feed/", "title": "Jan. 6 defendant in flagpole police beating case sentenced to 4 years in prison", "description": "A man was sentenced on Monday to a more than four years in prison for beating a police officer with a flagpole during the Jan 6, 2021 attack on the Capitol. In a news release, the Department of Justice (DOJ) said that Peter Francis Stager of Conway, Arkansas was sentenced after pleading guilty to a...", "link": "https://thehill.com/homenews/state-watch/4117571-jan-6-defendant-in-flagpole-police-beating-case-sentenced-to-4-years-in-prison/", "date_published": "2023-07-25T03:18:59+00:00", "persistent": false, "dead": false, "artist": null, "album": null, "user": null, "language": "en-US", "thumbnail": null}, {"source": "https://thehill.com/news/feed/", "title": "McCarthy: Biden probes 'rising to the level of impeachment inquiry'", "description": "House Speaker Kevin McCarthy (R-Calif.) said that he expects the House GOP\u2019s investigations into the foreign business activities of President Biden\u2019s family to rise to the level of an impeachment inquiry  \u201cWhen Biden was running for office, he told the public he has never talked about business. He said his family has never received a...", "link": "https://thehill.com/homenews/4117556-mccarthy-biden-probes-rising-to-the-level-of-impeachment-inquiry/", "date_published": "2023-07-25T02:56:15+00:00", "persistent": false, "dead": false, "artist": null, "album": null, "user": null, "language": "en-US", "thumbnail": null}, {"source": "https://thehill.com/news/feed/", "title": "Elon Musk says tweets are to be called 'X's' now", "description": "Twitter owner Elon Musk said on Monday that tweets are expected to be called \u201cX\u2019s,\u201d becoming one of the latest changes to happen to the social media platform.  Musk responded to a tweet from a user who asked, \u201cSo now that Twitter has been rebranded to X, what are tweets called now?\u201d \u201cx\u2019s,\u201d Musk replied....", "link": "https://thehill.com/policy/technology/4117517-elon-musk-says-tweets-are-to-be-called-xs-now/", "date_published": "2023-07-25T02:33:39+00:00", "persistent": false, "dead": false, "artist": null, "album": null, "user": null, "language": "en-US", "thumbnail": null}, {"source": "https://thehill.com/news/feed/", "title": "Major New Mexico wildfire was caused by Forest Service burn, agency finds", "description": "The U.S. Forest Service said Monday that the Cerro Pelado Fire which burned over 60 square miles in Sandoval County, New Mexico last year was caused by the agency's own prescribed burn. The investigation found the wildfire in April of 2022 started from an \"escaped\" prescribed burn where piles were ignited earlier in February. The...", "link": "https://thehill.com/policy/energy-environment/4117357-major-new-mexico-wildfire-was-caused-by-forest-service-burn-agency-finds/", "date_published": "2023-07-25T01:28:05+00:00", "persistent": false, "dead": false, "artist": null, "album": null, "user": null, "language": "en-US", "thumbnail": null}, {"source": "https://thehill.com/news/feed/", "title": "Unsold Yeezys rack up orders as Adidas pivots from $2 billion a year partnership", "description": "The first batch of Yeezy shoes released since Adidas severed its partnership with the rapper formerly known as\u00a0Kanye West\u00a0have been a win for the company, racking up around $565 million in sales, the Financial Times reported. Ye, as West is currently known, initially partnered with Adidas in 2015, with Yeezys generating an estimated $2 billion...", "link": "https://thehill.com/homenews/4117281-unsold-yeezys-rack-up-orders-as-adidas-pivots-from-2-billion-a-year-partnership/", "date_published": "2023-07-25T00:45:06+00:00", "persistent": false, "dead": false, "artist": null, "album": null, "user": null, "language": "en-US", "thumbnail": null}, {"source": "https://thehill.com/news/feed/", "title": "Club for Growth walks back from plan to support Rosendale in Montana Senate race", "description": "The Club for Growth on Monday indicated that it is walking back from its plan to support Rep. Matt Rosendale (R-Mont.) in the Montana Senate race and said that it has not decided whether to back him amid interest in the candidacy of former Navy Seal officer Tim Sheehy, who they consider an \u201cimpressive candidate.\u201d  David McIntosh, the head of...", "link": "https://thehill.com/homenews/campaign/4117401-club-for-growth-walks-back-from-plan-to-support-rosendale-in-montana-senate-race/", "date_published": "2023-07-25T00:44:42+00:00", "persistent": false, "dead": false, "artist": null, "album": null, "user": null, "language": "en-US", "thumbnail": null}, {"source": "https://thehill.com/news/feed/", "title": "Trump and DeSantis debut dueling military policies", "description": "Florida Gov. Ron DeSantis\u2019s presidential campaign and former President Trump this week rolled out dueling plans for the U.S. military, with both light on details and heavy on gripes over Biden administration efforts.\u00a0 While DeSantis\u2019s proposal took aim at diversity, equity and inclusion (DEI) initiatives within the Pentagon, recruiting woes and policies impacting transgender service...", "link": "https://thehill.com/homenews/4117338-trump-and-desantis-debut-dueling-military-policies/", "date_published": "2023-07-25T00:27:55+00:00", "persistent": false, "dead": false, "artist": null, "album": null, "user": null, "language": "en-US", "thumbnail": null}, {"source": "https://thehill.com/news/feed/", "title": "FedEx pilots' deal talks with company falter", "description": "Unionized FedEx pilots rejected a tentative agreement with the company on Monday as talks between the union and company falter. The Air Line Pilots Association (ALPA) said Monday that FedEx pilots rejected the agreement with the company by a vote of 57 percent to 43 percent, but did not specify why the deal was rejected....", "link": "https://thehill.com/business/4117283-fedex-pilots-deal-talks-with-company-falter/", "date_published": "2023-07-25T00:18:57+00:00", "persistent": false, "dead": false, "artist": null, "album": null, "user": null, "language": "en-US", "thumbnail": null}]