{"entries": [{"source": "https://www.ft.com/world?format=rss", "link": "https://www.ft.com/content/1377df71-4f36-49b3-9467-2ed5ee0a9a49", "title": "Hunt to defy Tory critics by rejecting calls for tax cuts", "date_published": "2023-01-26 23:29:12+00:00", "description": "UK chancellor to stress in speech to tech investors that cutting inflation remains his priority", "persistent": false, "language": "en-US", "user": null}, {"source": "https://www.ft.com/world?format=rss", "link": "https://www.ft.com/content/a0b7e0cd-6351-4438-a891-bd6771145b0f", "title": "Live news: US panel recommends Covid jab standardisation to tackle dominant variants", "date_published": "2023-01-26 22:34:08+00:00", "description": "", "persistent": false, "language": "en-US", "user": null}, {"source": "https://www.ft.com/world?format=rss", "link": "https://www.ft.com/content/c6670a50-1579-471f-a4a2-9314ed01afb1", "title": "FirstFT: Hong Kong citizens facing Chinese repression can remain in US", "date_published": "2023-01-26 21:44:25+00:00", "description": "Also in today\u2019s newsletter, Tesla shares jump and BoJ policy change would have \u2018meaningful spillover\u2019 effects", "persistent": false, "language": "en-US", "user": null}, {"source": "https://www.ft.com/world?format=rss", "link": "https://www.ft.com/content/461eb3ab-5d7b-49c5-ac25-a5e06c97cf47", "title": "Investors pour money into emerging markets at near-record rate", "date_published": "2023-01-26 21:00:46+00:00", "description": "More than $1bn has flowed into stocks and bonds every day this week in strong start to 2023", "persistent": false, "language": "en-US", "user": null}, {"source": "https://www.ft.com/world?format=rss", "link": "https://www.ft.com/content/618bfe59-a1f9-4fc1-b128-acb564eacfe3", "title": "Worsening VAT registration cliff edge prompts calls for UK reform", "date_published": "2023-01-26 20:00:46+00:00", "description": "Data show number of SMEs holding back growth to avoid tax has increased in recent years", "persistent": false, "language": "en-US", "user": null}, {"source": "https://www.ft.com/world?format=rss", "link": "https://www.ft.com/content/63682089-9d1a-4419-ae14-fa966370ee34", "title": "Tories told to focus on \u2018narrow path\u2019 to election victory", "date_published": "2023-01-26 19:49:53+00:00", "description": "Strategy guru Isaac Levido briefs Rishi Sunak\u2019s cabinet on plan for defying 20-point poll deficit and beating Labour", "persistent": false, "language": "en-US", "user": null}, {"source": "https://www.ft.com/world?format=rss", "link": "https://www.ft.com/content/15c3630a-b31a-425a-935b-e07d180a8b58", "title": "Nearly \u00a315bn wasted on Covid PPE, says UK spending watchdog", "date_published": "2023-01-26 19:32:12+00:00", "description": "Health department failed to complete an \u2018effective stock count\u2019 of pandemic medical items, report finds", "persistent": false, "language": "en-US", "user": null}, {"source": "https://www.ft.com/world?format=rss", "link": "https://www.ft.com/content/9d1c15f4-9b1c-466d-96e7-fb52e9e71ca3", "title": "Small UK companies fear \u2018brutal\u2019 year as ministers scale back energy subsidies", "date_published": "2023-01-26 19:00:46+00:00", "description": "SMEs claim lack of support from suppliers has left them more exposed to soaring gas and electricity costs", "persistent": false, "language": "en-US", "user": null}, {"source": "https://www.ft.com/world?format=rss", "link": "https://www.ft.com/content/fddbcd29-d406-4bdd-89a9-9ac6db003e92", "title": "Biden to allow Hong Kong citizens facing Chinese repression to remain in US", "date_published": "2023-01-26 18:28:22+00:00", "description": "Decision to extend programme follows pressure from progressive lawmakers and human rights groups", "persistent": false, "language": "en-US", "user": null}, {"source": "https://www.ft.com/world?format=rss", "link": "https://www.ft.com/content/c2158644-fc7a-4864-a68e-097433fc3e20", "title": "UK taxpayer faces losses after companies backed by Future Fund fail", "date_published": "2023-01-26 18:27:33+00:00", "description": "Scheme issued 1,190 companies with convertible loans worth \u00a31.14bn during coronavirus pandemic", "persistent": false, "language": "en-US", "user": null}, {"source": "https://www.ft.com/world?format=rss", "link": "https://www.ft.com/content/dda4ab82-0af2-482e-80eb-a2980978e94c", "title": "South African Reserve Bank cuts forecasts after blackouts hit economy", "date_published": "2023-01-26 18:10:46+00:00", "description": "Rate-setters slow pace of policy tightening as growth outlook weakens", "persistent": false, "language": "en-US", "user": null}, {"source": "https://www.ft.com/world?format=rss", "link": "https://www.ft.com/content/bae1d751-f032-4662-a346-873c91740472", "title": "Russia bans largest independent news website Meduza", "date_published": "2023-01-26 18:06:48+00:00", "description": "Kremlin increases censorship of Ukraine war coverage with declaration of media group as \u2018undesirable organisation\u2019", "persistent": false, "language": "en-US", "user": null}, {"source": "https://www.ft.com/world?format=rss", "link": "https://www.ft.com/content/ea0e4301-bfb4-432a-9512-fb4a9d1e768b", "title": "Israeli forces stage deadly raid on West Bank refugee camp", "date_published": "2023-01-26 18:02:22+00:00", "description": "Nine people including an elderly woman killed during Jenin shootout, say Palestinian officials", "persistent": false, "language": "en-US", "user": null}, {"source": "https://www.ft.com/world?format=rss", "link": "https://www.ft.com/content/a4323f72-6a7a-4d71-a9b1-cb79977faf93", "title": "China\u2019s renewed embrace of the private sector", "date_published": "2023-01-26 17:57:16+00:00", "description": "Beijing has more work ahead to rebuild the trust of investors and business", "persistent": false, "language": "en-US", "user": null}, {"source": "https://www.ft.com/world?format=rss", "link": "https://www.ft.com/content/84e98e21-0c89-486b-8ec9-b4c56c8af129", "title": "US dollar hits reverse gear as Fed cedes rate-rise \u2018driver\u2019s seat\u2019", "date_published": "2023-01-26 17:56:11+00:00", "description": "Focus has shifted to the European Central Bank and Bank of Japan after last year\u2019s big increase in US borrowing costs", "persistent": false, "language": "en-US", "user": null}, {"source": "https://www.ft.com/world?format=rss", "link": "https://www.ft.com/content/99ac07c6-7b1e-4e27-a18f-bf80fc502cec", "title": "US designates Wagner a \u2018transnational criminal organisation\u2019", "date_published": "2023-01-26 17:10:47+00:00", "description": "International pressure grows to crack down on Russian paramilitary group", "persistent": false, "language": "en-US", "user": null}, {"source": "https://www.ft.com/world?format=rss", "link": "https://www.ft.com/content/704a1f1f-ac5e-49c2-99e2-4c28f030c0df", "title": "3i: market discounts toppy valuation for European retail investment", "date_published": "2023-01-26 17:05:14+00:00", "description": "Shares in UK listed group increase 9% on Thursday", "persistent": false, "language": "en-US", "user": null}, {"source": "https://www.ft.com/world?format=rss", "link": "https://www.ft.com/content/4a1faf26-0a6e-4b8d-b167-c5aae528eb60", "title": "How the new fund leaves universities feeling short-changed", "date_published": "2023-01-26 17:01:46+00:00", "description": "Plus, Eurotunnel warns Brexit is hitting its business", "persistent": false, "language": "en-US", "user": null}, {"source": "https://www.ft.com/world?format=rss", "link": "https://www.ft.com/content/b087d1f2-e04f-415e-a62f-6a40046893dd", "title": "Asda puts 300 jobs at risk and 4,000 face pay cuts", "date_published": "2023-01-26 16:51:47+00:00", "description": "Supermarket announces changes to night shifts, in-store Post Office shops and pharmacies", "persistent": false, "language": "en-US", "user": null}, {"source": "https://www.ft.com/world?format=rss", "link": "https://www.ft.com/content/44289101-b03f-4c84-b50b-0e6969b0a17a", "title": "The Fed finds itself in a nasty hole", "date_published": "2023-01-26 16:48:53+00:00", "description": "America\u2019s central bank should have been quicker to tackle the risks of its post-crisis policies", "persistent": false, "language": "en-US", "user": null}, {"source": "https://www.ft.com/world?format=rss", "link": "https://www.ft.com/content/d06c0b3d-1af2-4a96-b607-f5c9db92b76d", "title": "Shell reviews UK and EU household energy supply businesses", "date_published": "2023-01-26 16:20:50+00:00", "description": "Oil and gas major cites \u2018tough market conditions\u2019 as it considers withdrawal from retail sector", "persistent": false, "language": "en-US", "user": null}, {"source": "https://www.ft.com/world?format=rss", "link": "https://www.ft.com/content/0e158590-4388-4e4f-966f-3cf795a9183a", "title": "Smile, you\u2019re on USD", "date_published": "2023-01-26 16:20:29+00:00", "description": "StanChart gets cheeky", "persistent": false, "language": "en-US", "user": null}, {"source": "https://www.ft.com/world?format=rss", "link": "https://www.ft.com/content/96b0125d-6a93-46ba-aee8-ac5ed83eea95", "title": "UK food and toiletries face scrutiny over \u2018green\u2019 claims", "date_published": "2023-01-26 15:15:38+00:00", "description": "Competition watchdog to look into potential greenwashing in sale of household essentials", "persistent": false, "language": "en-US", "user": null}, {"source": "https://www.ft.com/world?format=rss", "link": "https://www.ft.com/content/da33add9-897d-478a-8cd5-3b426ed13066", "title": "Pressure mounts on Nadhim Zahawi over his tax affairs", "date_published": "2023-01-26 15:13:25+00:00", "description": "HMRC head says people do not pay penalties for innocent errors in their tax affairs", "persistent": false, "language": "en-US", "user": null}, {"source": "https://www.ft.com/world?format=rss", "link": "https://www.ft.com/content/b9495003-c630-4ee4-83aa-e9c144c92f39", "title": "UK productivity in 2022 barely higher than in 2019", "date_published": "2023-01-26 15:10:23+00:00", "description": "Output per hour worked just 1.6% above the average of three years earlier, according to official data", "persistent": false, "language": "en-US", "user": null}, {"source": "https://www.ft.com/world?format=rss", "link": "https://www.ft.com/content/8c68dc3d-c28b-48ca-92b9-6c0b6b907fdd", "title": "Royal Mail takes \u00a3200mn hit from postal strikes", "date_published": "2023-01-26 13:19:38+00:00", "description": "Company continues to grapple with fallout from cyber attack", "persistent": false, "language": "en-US", "user": null}, {"source": "https://www.ft.com/world?format=rss", "link": "https://www.ft.com/content/49892685-47fb-425f-8b4b-99d84065cf6a", "title": "Smartphones: better kit could depress long-term growth", "date_published": "2023-01-26 12:35:41+00:00", "description": "Extended ownership and less consumer Fomo is bad news for the entire sector", "persistent": false, "language": "en-US", "user": null}, {"source": "https://www.ft.com/world?format=rss", "link": "https://www.ft.com/content/d168f8ed-7412-471c-a162-b9511cb95fd0", "title": "Turkey unveils foreign currency scheme to prop up lira", "date_published": "2023-01-26 12:24:28+00:00", "description": "President Recep Tayyip Erdo\u011fan under pressure to turn around the economy ahead of a general election set for May", "persistent": false, "language": "en-US", "user": null}, {"source": "https://www.ft.com/world?format=rss", "link": "https://www.ft.com/content/ac69bf86-5834-4a91-904d-537e1f636b60", "title": "Foxtons warns of tough start to 2023 as economic conditions tighten", "date_published": "2023-01-26 12:05:53+00:00", "description": "Estate agent says it will report better than expected profits for last year", "persistent": false, "language": "en-US", "user": null}, {"source": "https://www.ft.com/world?format=rss", "link": "https://www.ft.com/content/04d9c265-b4cd-4cd5-ab83-593fd37d8790", "title": "Advocates for friendshoring have not reckoned with digital trade", "date_published": "2023-01-26 11:43:45+00:00", "description": "Determining whether bytes originated in a \u2018friendly country\u2019 is painstaking work", "persistent": false, "language": "en-US", "user": null}, {"source": "https://www.ft.com/world?format=rss", "link": "https://www.ft.com/content/715854a4-eebe-4249-8c39-d0e9229c100a", "title": "Kyiv rocked by explosions as Russian barrage targets cities across Ukraine", "date_published": "2023-01-26 11:25:23+00:00", "description": "Strikes hit Unesco-listed port city of Odesa a day after Germany and US agree to send tanks", "persistent": false, "language": "en-US", "user": null}, {"source": "https://www.ft.com/world?format=rss", "link": "https://www.ft.com/content/0bf3708d-20fe-4700-8702-bd0f6ef5591e", "title": "Europe cannot afford to engage in tit-for-tat with the US", "date_published": "2023-01-26 11:19:34+00:00", "description": "We should not allow our response to the Inflation Reduction Act to threaten functioning markets and fair competition", "persistent": false, "language": "en-US", "user": null}, {"source": "https://www.ft.com/world?format=rss", "link": "https://www.ft.com/content/ea1cd074-c912-4dd7-9977-72ac41da0a52", "title": "Transatlantic \u2018growing pains\u2019: How Scholz made Biden shift on tanks for Ukraine", "date_published": "2023-01-26 11:06:35+00:00", "description": "German chancellor\u2019s insistence \u2018not to go it alone\u2019 forced a policy U-turn in Washington", "persistent": false, "language": "en-US", "user": null}, {"source": "https://www.ft.com/world?format=rss", "link": "https://www.ft.com/content/74b99987-74b7-48cd-8edd-9fa1b6da3fcf", "title": "Norway\u2019s exodus of billionaires", "date_published": "2023-01-26 10:45:17+00:00", "description": "Making sense of the world\u2019s least important migration crisis", "persistent": false, "language": "en-US", "user": null}, {"source": "https://www.ft.com/world?format=rss", "link": "https://www.ft.com/content/11e4e53e-d4b0-4de3-b4eb-28c97b52b0a1", "title": "Toyota chief Akio Toyoda to step down as carmaker wages EV battle", "date_published": "2023-01-26 10:28:01+00:00", "description": "Koji Sato, head of company\u2019s luxury Lexus unit, to take over", "persistent": false, "language": "en-US", "user": null}, {"source": "https://www.ft.com/world?format=rss", "link": "https://www.ft.com/content/701df8c0-aa92-4082-8c30-1060918ee25c", "title": "IMF warns of market impact of abrupt BoJ policy change", "date_published": "2023-01-26 10:00:31+00:00", "description": "Fund points to \u2018significant upside risks\u2019 to inflation and calls for flexible approach to controlling bond yields", "persistent": false, "language": "en-US", "user": null}, {"source": "https://www.ft.com/world?format=rss", "link": "https://www.ft.com/content/29e6a376-c45e-4fd2-802e-c160b58fa37c", "title": "Why Trussonomics was doomed: Tories cannot stomach spending cuts", "date_published": "2023-01-26 09:30:17+00:00", "description": "Sunak presides over a Conservative party incapable of uniting over fiscal policy, but his fear of arguments has not helped", "persistent": false, "language": "en-US", "user": null}, {"source": "https://www.ft.com/world?format=rss", "link": "https://www.ft.com/content/bae5919d-f8eb-4b40-87b4-9f8e769615d2", "title": "Philippines records strongest economic growth in 45 years", "date_published": "2023-01-26 08:38:53+00:00", "description": "Lifting of pandemic restrictions buoys south-east Asian country set to enjoy China \u2018boon\u2019", "persistent": false, "language": "en-US", "user": null}, {"source": "https://www.ft.com/world?format=rss", "link": "https://www.ft.com/content/7f575ae9-bf45-411a-8e0e-37ad86b66a17", "title": "How the Ukraine tank approval reignited the fighter jet debate", "date_published": "2023-01-26 06:00:17+00:00", "description": "Also in this newsletter: Increase agricultural spending or risk running out of food, Europe warned", "persistent": false, "language": "en-US", "user": null}, {"source": "https://www.ft.com/world?format=rss", "link": "https://www.ft.com/content/08790630-8d8d-41c6-8523-837fb7ff5aeb", "title": "Tesla sees a bumpy road ahead", "date_published": "2023-01-26 05:00:45+00:00", "description": "The pace of US economic growth is set to have slowed in the final quarter of 2022", "persistent": false, "language": "en-US", "user": null}, {"source": "https://www.ft.com/world?format=rss", "link": "https://www.ft.com/content/c53267fd-75af-4471-9d17-463222caa131", "title": "Philippines caught in the line of fire", "date_published": "2023-01-26 05:00:41+00:00", "description": "Ferdinand Marcos Jr on how he handles the threat posed by US-China tensions", "persistent": false, "language": "en-US", "user": null}, {"source": "https://www.ft.com/world?format=rss", "link": "https://www.ft.com/content/6d43e8be-9b93-4430-b4d7-fe74fafe2835", "title": "How Biden\u2019s climate law is charging US green spending and provoking Europe", "date_published": "2023-01-26 05:00:18+00:00", "description": "The Inflation Reduction Act has stoked domestic climate and business optimism and put Europe on the back foot", "persistent": false, "language": "en-US", "user": null}, {"source": "https://www.ft.com/world?format=rss", "link": "https://www.ft.com/content/b5b9fe7f-7169-4ae6-a97b-cd98fe346ffe", "title": "Lack of clinical academics threatens NHS research and teaching, say peers", "date_published": "2023-01-26 05:00:18+00:00", "description": "Shortage of doctors with university posts is putting health service on \u2018dangerous precipice\u2019", "persistent": false, "language": "en-US", "user": null}, {"source": "https://www.ft.com/world?format=rss", "link": "https://www.ft.com/content/e157d9c2-8386-48ee-820e-93696d90a6d7", "title": "Svein Tore Holsether: Europe needs \u2018green\u2019 fertiliser as Putin weaponises food", "date_published": "2023-01-26 05:00:18+00:00", "description": "Chief executive of Yara says hydrogen holds the key to cutting emissions, hunger and our reliance on Russia", "persistent": false, "language": "en-US", "user": null}, {"source": "https://www.ft.com/world?format=rss", "link": "https://www.ft.com/content/179a4641-2de1-4180-91d6-1e9613117466", "title": "The end of Chinese lockdowns and the reopening of trade", "date_published": "2023-01-26 05:00:18+00:00", "description": "Risks of disruption to ports and shipping are outweighed by a boost to global demand", "persistent": false, "language": "en-US", "user": null}, {"source": "https://www.ft.com/world?format=rss", "link": "https://www.ft.com/content/3bbd5d97-47f7-4a51-9614-d7f0eddaa348", "title": "The forever labour shortage", "date_published": "2023-01-26 05:00:18+00:00", "description": "Two views on wages, ageing and inflation", "persistent": false, "language": "en-US", "user": null}, {"source": "https://www.ft.com/world?format=rss", "link": "https://www.ft.com/content/fbba8bba-b96b-498e-884c-fdd7be1b102f", "title": "US economic growth set to have slowed in fourth quarter of 2022", "date_published": "2023-01-26 05:00:18+00:00", "description": "Expected lower GDP figures come as Federal Reserve\u2019s aggressive tightening campaign weighs on activity", "persistent": false, "language": "en-US", "user": null}, {"source": "https://www.ft.com/world?format=rss", "link": "https://www.ft.com/content/cedf68a5-8d0f-4270-a7b8-960223d6698e", "title": "Ex-UK chancellor Hammond to chair crypto exchange Copper", "date_published": "2023-01-26 04:00:17+00:00", "description": "Warning that Britain is falling behind EU rivals as financial centre for digital assets", "persistent": false, "language": "en-US", "user": null}, {"source": "https://www.ft.com/world?format=rss", "link": "https://www.ft.com/content/560319d3-df5c-476c-9005-8f4bea09eac9", "title": "Pakistan\u2019s economy nears collapse as foreign currency reserves plunge", "date_published": "2023-01-26 00:30:17+00:00", "description": "Authorities cut imports to conserve dwindling funds and businesses struggle to stay afloat", "persistent": false, "language": "en-US", "user": null}, {"source": "https://www.ft.com/world?format=rss", "link": "https://www.ft.com/content/efaab2ba-31f0-47c9-b56d-b4af08c63e98", "title": "Home Office urged to stop using \u2018unlawful\u2019 hotels for child refugees", "date_published": "2023-01-26 00:05:36+00:00", "description": "More than 100 charities want the practice ended after hundreds of minors go missing", "persistent": false, "language": "en-US", "user": null}, {"source": "https://www.ft.com/world?format=rss", "link": "https://www.ft.com/content/97eacb37-58e7-4b9a-ab1e-b1ba2ba9c427", "title": "British car production falls to lowest level since 1950s", "date_published": "2023-01-26 00:05:19+00:00", "description": "Factory closures and supply chain shortages blamed for 10% drop in vehicle output", "persistent": false, "language": "en-US", "user": null}, {"source": "https://www.ft.com/world?format=rss", "link": "https://www.ft.com/content/d127a2a9-325b-4c60-a0ff-cd1182a2432d", "title": "Farmers are caught in England\u2019s post-Brexit identity crisis", "date_published": "2023-01-26 00:01:17+00:00", "description": "Finances are in peril, with new funding to replace EU-style subsidies still at an early stage of development", "persistent": false, "language": "en-US", "user": null}, {"source": "https://www.ft.com/world?format=rss", "link": "https://www.ft.com/content/bdcbac7e-2754-4a10-bf4f-80534e9d1190", "title": "\u2018No margin for error\u2019: Bank of Japan\u2019s next chief faces daunting challenge", "date_published": "2023-01-26 00:01:17+00:00", "description": "Haruhiko Kuroda\u2019s successor must steer economy towards interest rate normalisation", "persistent": false, "language": "en-US", "user": null}], "source": {"url": "https://www.ft.com/world?format=rss", "title": "Financial Times World"}}