{"entries": [{"source": "https://reclaimthenet.org/feed/", "link": "https://reclaimthenet.org/questions-linger-as-apple-introduces-end-to-end-encryption-for-icloud/", "title": "Questions linger as Apple introduces end-to-end encryption for iCloud", "date_published": "2023-01-26 20:13:41+00:00", "description": "<a href=\"https://reclaimthenet.org/questions-linger-as-apple-introduces-end-to-end-encryption-for-icloud/\" rel=\"nofollow\" title=\"Questions linger as Apple introduces end-to-end encryption for iCloud\"><img alt=\"\" class=\"webfeedsFeaturedVisual wp-post-image\" height=\"864\" src=\"https://reclaimthenet.org/wp-content/uploads/2023/01/apple-ic.jpg\" style=\"display: block; margin: auto; margin-bottom: 15px;\" width=\"1536\" /></a><p>\ud83d\udee1</p>\n<p>The post <a href=\"https://reclaimthenet.org/questions-linger-as-apple-introduces-end-to-end-encryption-for-icloud/\" rel=\"nofollow\">Questions linger as Apple introduces end-to-end encryption for iCloud</a> appeared first on <a href=\"https://reclaimthenet.org\" rel=\"nofollow\">Reclaim The Net</a>.</p>", "persistent": false, "language": "en-US", "user": null}, {"source": "https://reclaimthenet.org/feed/", "link": "https://reclaimthenet.org/germany-secretly-met-with-us-big-tech-to-censor-speech/", "title": "German government secretly met with US Big Tech to censor speech", "date_published": "2023-01-26 19:53:42+00:00", "description": "<a href=\"https://reclaimthenet.org/germany-secretly-met-with-us-big-tech-to-censor-speech/\" rel=\"nofollow\" title=\"German government secretly met with US Big Tech to censor speech\"><img alt=\"\" class=\"webfeedsFeaturedVisual wp-post-image\" height=\"864\" src=\"https://reclaimthenet.org/wp-content/uploads/2023/01/angela-a.jpg\" style=\"display: block; margin: auto; margin-bottom: 15px;\" width=\"1536\" /></a><p>Lawmakers want to know whether it was a violation of the German Constitution.</p>\n<p>The post <a href=\"https://reclaimthenet.org/germany-secretly-met-with-us-big-tech-to-censor-speech/\" rel=\"nofollow\">German government secretly met with US Big Tech to censor speech</a> appeared first on <a href=\"https://reclaimthenet.org\" rel=\"nofollow\">Reclaim The Net</a>.</p>", "persistent": false, "language": "en-US", "user": null}, {"source": "https://reclaimthenet.org/feed/", "link": "https://reclaimthenet.org/adam-curry-plugs-grapheneos-on-joe-rogan/", "title": "Adam Curry plugs GrapheneOS on Joe Rogan", "date_published": "2023-01-26 19:29:13+00:00", "description": "<a href=\"https://reclaimthenet.org/adam-curry-plugs-grapheneos-on-joe-rogan/\" rel=\"nofollow\" title=\"Adam Curry plugs GrapheneOS on Joe Rogan\"><img alt=\"\" class=\"webfeedsFeaturedVisual wp-post-image\" height=\"864\" src=\"https://reclaimthenet.org/wp-content/uploads/2023/01/curry.jpg\" style=\"display: block; margin: auto; margin-bottom: 15px;\" width=\"1536\" /></a><p>Support for the privacy-focussed mobile OS.</p>\n<p>The post <a href=\"https://reclaimthenet.org/adam-curry-plugs-grapheneos-on-joe-rogan/\" rel=\"nofollow\">Adam Curry plugs GrapheneOS on Joe Rogan</a> appeared first on <a href=\"https://reclaimthenet.org\" rel=\"nofollow\">Reclaim The Net</a>.</p>", "persistent": false, "language": "en-US", "user": null}, {"source": "https://reclaimthenet.org/feed/", "link": "https://reclaimthenet.org/new-york-to-hire-a-digitla-id-officer/", "title": "New York to hire a \u201cChief Customer Experience Officer\u201d to oversee digital ID plans", "date_published": "2023-01-26 19:01:57+00:00", "description": "<a href=\"https://reclaimthenet.org/new-york-to-hire-a-digitla-id-officer/\" rel=\"nofollow\" title=\"New York to hire a &#8220;Chief Customer Experience Officer&#8221; to oversee digital ID plans\"><img alt=\"\" class=\"webfeedsFeaturedVisual wp-post-image\" height=\"864\" src=\"https://reclaimthenet.org/wp-content/uploads/2023/01/hochul-1.jpg\" style=\"display: block; margin: auto; margin-bottom: 15px;\" width=\"1536\" /></a><p>For access to services and more.</p>\n<p>The post <a href=\"https://reclaimthenet.org/new-york-to-hire-a-digitla-id-officer/\" rel=\"nofollow\">New York to hire a &#8220;Chief Customer Experience Officer&#8221; to oversee digital ID plans</a> appeared first on <a href=\"https://reclaimthenet.org\" rel=\"nofollow\">Reclaim The Net</a>.</p>", "persistent": false, "language": "en-US", "user": null}, {"source": "https://reclaimthenet.org/feed/", "link": "https://reclaimthenet.org/dan-miller-pennsylvania-digital-id/", "title": "State representative hints at digital ID push", "date_published": "2023-01-26 18:19:08+00:00", "description": "<a href=\"https://reclaimthenet.org/dan-miller-pennsylvania-digital-id/\" rel=\"nofollow\" title=\"State representative hints at digital ID push\"><img alt=\"\" class=\"webfeedsFeaturedVisual wp-post-image\" height=\"864\" src=\"https://reclaimthenet.org/wp-content/uploads/2023/01/rep-miller.jpg\" style=\"display: block; margin: auto; margin-bottom: 15px;\" width=\"1536\" /></a><p>Another state putting it on the agenda.</p>\n<p>The post <a href=\"https://reclaimthenet.org/dan-miller-pennsylvania-digital-id/\" rel=\"nofollow\">State representative hints at digital ID push</a> appeared first on <a href=\"https://reclaimthenet.org\" rel=\"nofollow\">Reclaim The Net</a>.</p>", "persistent": false, "language": "en-US", "user": null}, {"source": "https://reclaimthenet.org/feed/", "link": "https://reclaimthenet.org/whistleblower-twitter-employees-access-all-users-accounts/", "title": "Whistleblower alleges Twitter employees still have access to all users\u2019 accounts, even after major hack", "date_published": "2023-01-26 16:16:04+00:00", "description": "<a href=\"https://reclaimthenet.org/whistleblower-twitter-employees-access-all-users-accounts/\" rel=\"nofollow\" title=\"Whistleblower alleges Twitter employees still have access to all users&#8217; accounts, even after major hack\"><img alt=\"\" class=\"webfeedsFeaturedVisual wp-post-image\" height=\"864\" src=\"https://reclaimthenet.org/wp-content/uploads/2023/01/twitter-23.jpg\" style=\"display: block; margin: auto; margin-bottom: 15px;\" width=\"1536\" /></a><p>A newly-filed FTC complaint.</p>\n<p>The post <a href=\"https://reclaimthenet.org/whistleblower-twitter-employees-access-all-users-accounts/\" rel=\"nofollow\">Whistleblower alleges Twitter employees still have access to all users&#8217; accounts, even after major hack</a> appeared first on <a href=\"https://reclaimthenet.org\" rel=\"nofollow\">Reclaim The Net</a>.</p>", "persistent": false, "language": "en-US", "user": null}, {"source": "https://reclaimthenet.org/feed/", "link": "https://reclaimthenet.org/judge-blocks-californias-medical-misinformation-law/", "title": "Judge calls California\u2019s medical misinformation law \u201cnonsense,\u201d blocks it", "date_published": "2023-01-26 02:42:21+00:00", "description": "<a href=\"https://reclaimthenet.org/judge-blocks-californias-medical-misinformation-law/\" rel=\"nofollow\" title=\"Judge calls California&#8217;s medical misinformation law &#8220;nonsense,&#8221; blocks it\"><img alt=\"\" class=\"webfeedsFeaturedVisual wp-post-image\" height=\"864\" src=\"https://reclaimthenet.org/wp-content/uploads/2023/01/calif-misin-law.jpg\" style=\"display: block; margin: auto; margin-bottom: 15px;\" width=\"1536\" /></a><p>On First Amendment grounds.</p>\n<p>The post <a href=\"https://reclaimthenet.org/judge-blocks-californias-medical-misinformation-law/\" rel=\"nofollow\">Judge calls California&#8217;s medical misinformation law &#8220;nonsense,&#8221; blocks it</a> appeared first on <a href=\"https://reclaimthenet.org\" rel=\"nofollow\">Reclaim The Net</a>.</p>", "persistent": false, "language": "en-US", "user": null}], "source": {"url": "https://reclaimthenet.org/feed/", "title": "Reclaim The Net"}}