{"entries": [{"source": "http://www.zdnet.com/news/rss.xml", "link": "https://www.zdnet.com/home-and-office/work-life/what-is-firefox-nightly-and-should-you-be-using-it/#ftag=RSSbaffb68", "title": "What is Firefox Nightly and should you be using it?", "date_published": "2023-01-26 20:59:30+00:00", "description": "If you're looking to get the newest (sometimes experimental) features in your browser, Firefox Nightly might be what you need.", "persistent": false, "language": "en-US", "user": null}, {"source": "http://www.zdnet.com/news/rss.xml", "link": "https://www.zdnet.com/article/australia-singapore-firms-amongst-most-likely-to-halt-digital-transformation-due-to-cyberwarfare-risks/#ftag=RSSbaffb68", "title": "Australia, Singapore firms amongst most likely to halt digital transformation due to cyberwarfare risks", "date_published": "2023-01-26 20:48:51+00:00", "description": "Organisations in Australia, the US, and Singapore are amongst the top most likely to stall their digital transformation initiatives due to cyberwarfare threats, above the global average of 55%.", "persistent": false, "language": "en-US", "user": null}, {"source": "http://www.zdnet.com/news/rss.xml", "link": "https://www.zdnet.com/article/earth-will-have-its-closest-encounter-with-an-asteroid-this-week/#ftag=RSSbaffb68", "title": "Earth will have a close encounter with an asteroid this week", "date_published": "2023-01-26 20:29:00+00:00", "description": "NASA predicts that the asteroid will make one of the closest approaches by a known near-Earth object ever recorded. However, it poses no harm to mankind.", "persistent": false, "language": "en-US", "user": null}, {"source": "http://www.zdnet.com/news/rss.xml", "link": "https://www.zdnet.com/home-and-office/home-entertainment/peacock-subscription-deal-coupon-promo-code/#ftag=RSSbaffb68", "title": "Get a year of Peacock for only $30", "date_published": "2023-01-26 20:22:00+00:00", "description": "Ready to catch up on all-things Pawnee? This deal can have you laughing with Knope in no time. See special code.", "persistent": false, "language": "en-US", "user": null}, {"source": "http://www.zdnet.com/news/rss.xml", "link": "https://www.zdnet.com/home-and-office/kitchen-household/best-indoor-garden/#ftag=RSSbaffb68", "title": "The 5 best indoor gardens of 2023", "date_published": "2023-01-26 20:07:00+00:00", "description": "Growing your own herbs is easier than ever. The best indoor gardens have autonomous watering and automatic light modes so you can easily grow your own garden.", "persistent": false, "language": "en-US", "user": null}, {"source": "http://www.zdnet.com/news/rss.xml", "link": "https://www.zdnet.com/article/bowers-wilkins-pi7-s2-are-the-best-wireless-earbuds-ive-heard-but-theres-a-catch/#ftag=RSSbaffb68", "title": "Bowers & Wilkins' Pi7 S2 are music to my ears, but there's a catch", "date_published": "2023-01-26 19:49:33+00:00", "description": "Improved connectivity, longer battery life, and some of the best audio output I've heard still don't make the Pi7 S2 an impulse buy, for reasons beyond my control.", "persistent": false, "language": "en-US", "user": null}, {"source": "http://www.zdnet.com/news/rss.xml", "link": "https://www.zdnet.com/article/doj-takes-down-ransomware-group-with-a-21st-century-cyber-stakeout/#ftag=RSSbaffb68", "title": "DOJ takes down ransomware group with a '21st century cyber stakeout'", "date_published": "2023-01-26 18:56:03+00:00", "description": "Authorities have disrupted the Hive ransomware group by infiltrating its computer networks and capturing its decryption keys, saving victims over $100 million in ransom payments.", "persistent": false, "language": "en-US", "user": null}, {"source": "http://www.zdnet.com/news/rss.xml", "link": "https://www.zdnet.com/article/i-tried-to-charge-my-tesla-with-ankers-powerhouse-767-heres-what-happened/#ftag=RSSbaffb68", "title": "I tried to charge my Tesla with Anker's PowerHouse 767. Here\u2019s what happened", "date_published": "2023-01-26 18:48:00+00:00", "description": "Is it possible to charge a Tesla with Anker's latest PowerHouse power station? Yes! Should you? That's debatable, but it didn't stop us from trying.", "persistent": false, "language": "en-US", "user": null}, {"source": "http://www.zdnet.com/news/rss.xml", "link": "https://www.zdnet.com/home-and-office/home-entertainment/razers-edge-gaming-handheld-now-available-in-wi-fi-and-5g-flavors/#ftag=RSSbaffb68", "title": "Razer's Edge Gaming handheld now available in Wi-Fi and 5G flavors", "date_published": "2023-01-26 18:14:09+00:00", "description": "The company's long-teased, Android-based portable console is now available, and we finally know how much the 5G version exclusive to Verizon Warless will cost.", "persistent": false, "language": "en-US", "user": null}, {"source": "http://www.zdnet.com/news/rss.xml", "link": "https://www.zdnet.com/article/how-to-take-a-screenshot-on-android/#ftag=RSSbaffb68", "title": "How to take a screenshot on Android", "date_published": "2023-01-26 18:02:33+00:00", "description": "Taking a screenshot on your Android phone is a convenient way to keep information handy. Here's everything you need to know.", "persistent": false, "language": "en-US", "user": null}, {"source": "http://www.zdnet.com/news/rss.xml", "link": "https://www.zdnet.com/article/how-to-cool-your-raspberry-pi/#ftag=RSSbaffb68", "title": "How to cool your Raspberry Pi (and should you?)", "date_published": "2023-01-26 17:46:37+00:00", "description": "Does your Raspberry Pi need additional cooling?", "persistent": false, "language": "en-US", "user": null}, {"source": "http://www.zdnet.com/news/rss.xml", "link": "https://www.zdnet.com/article/3-security-gadgets-i-never-leave-home-without/#ftag=RSSbaffb68", "title": "3 security gadgets I never leave home without", "date_published": "2023-01-26 17:43:50+00:00", "description": "These gadgets give you a huge advantage over the hackers.", "persistent": false, "language": "en-US", "user": null}, {"source": "http://www.zdnet.com/news/rss.xml", "link": "https://www.zdnet.com/home-and-office/work-life/how-to-add-multiple-keyboards-to-the-gmail-web-app/#ftag=RSSbaffb68", "title": "How to add multiple keyboards to the Gmail web app", "date_published": "2023-01-26 17:40:22+00:00", "description": "If you need to use different languages for different email recipients, Gmail has you covered with the Input Tools option.", "persistent": false, "language": "en-US", "user": null}, {"source": "http://www.zdnet.com/news/rss.xml", "link": "https://www.zdnet.com/article/singapore-to-tag-unregistered-sms-senders-as-likely-scam/#ftag=RSSbaffb68", "title": "Singapore to tag unregistered SMS senders as 'likely scam'", "date_published": "2023-01-26 17:13:59+00:00", "description": "Businesses not registered with the Singapore SMS Sender ID Registry by January 31 will have their messages labelled as \"Likely-SCAM\", as the country rolls out more measures to combat online scams.", "persistent": false, "language": "en-US", "user": null}, {"source": "http://www.zdnet.com/news/rss.xml", "link": "https://www.zdnet.com/article/how-to-change-your-username-in-windows-11/#ftag=RSSbaffb68", "title": "How to change your username in Windows 11", "date_published": "2023-01-26 15:51:38+00:00", "description": "You can change the name for a local account and also for a Microsoft account through Windows 11.", "persistent": false, "language": "en-US", "user": null}, {"source": "http://www.zdnet.com/news/rss.xml", "link": "https://www.zdnet.com/article/how-to-pair-bose-bluetooth-headphones-to-any-device/#ftag=RSSbaffb68", "title": "How to pair Bose Bluetooth headphones to any device", "date_published": "2023-01-26 14:30:17+00:00", "description": "Skip the pairing frustration like you would a bad '90s pop ballad: Here's how to successfully pair your Bose headphones with everything from an iPhone to a Windows PC.", "persistent": false, "language": "en-US", "user": null}, {"source": "http://www.zdnet.com/news/rss.xml", "link": "https://www.zdnet.com/article/nsa-and-cisa-alert-this-phishing-scam-could-give-hackers-control-of-your-pc/#ftag=RSSbaffb68", "title": "NSA and CISA alert: This phishing scam could give hackers control of your PC", "date_published": "2023-01-26 13:21:10+00:00", "description": "Cyber criminals are convincing people to install legitimate remote monitoring software - which they use to steal money from victims.", "persistent": false, "language": "en-US", "user": null}, {"source": "http://www.zdnet.com/news/rss.xml", "link": "https://www.zdnet.com/article/chatgpt-can-write-code-now-researchers-say-its-good-at-fixing-bugs-too/#ftag=RSSbaffb68", "title": "ChatGPT can write code. Now researchers say it's good at fixing bugs too", "date_published": "2023-01-26 13:19:00+00:00", "description": "A developer's new best friend? ChatGPT is up with the best when it comes to automatically debugging code. But whether it saves developers' time or creates more work remains to be seen.", "persistent": false, "language": "en-US", "user": null}, {"source": "http://www.zdnet.com/news/rss.xml", "link": "https://www.zdnet.com/article/how-to-trade-in-your-old-devices-for-amazon-gift-cards/#ftag=RSSbaffb68", "title": "How to trade in your old devices for Amazon gift cards", "date_published": "2023-01-26 13:17:00+00:00", "description": "Here's a simple way to jumpstart your spring decluttering and get paid for it.", "persistent": false, "language": "en-US", "user": null}, {"source": "http://www.zdnet.com/news/rss.xml", "link": "https://www.zdnet.com/article/the-developer-role-is-changing-radically-and-these-figures-show-how/#ftag=RSSbaffb68", "title": "The developer role is changing radically, and these figures show how", "date_published": "2023-01-26 13:08:34+00:00", "description": "Data from Github suggests there are now more developers than ever. Here's what has changed.", "persistent": false, "language": "en-US", "user": null}, {"source": "http://www.zdnet.com/news/rss.xml", "link": "https://www.zdnet.com/home-and-office/work-life/microsoft-is-testing-this-neat-split-screen-tabs-feature-for-its-edge-browser/#ftag=RSSbaffb68", "title": "Microsoft is testing this neat split-screen tabs feature for its Edge browser", "date_published": "2023-01-26 10:54:29+00:00", "description": "Microsoft could soon give users a handy way to compare the content of two tabs in its Edge browser.", "persistent": false, "language": "en-US", "user": null}], "source": {"url": "http://www.zdnet.com/news/rss.xml", "title": "ZDNET"}}