{"entries": [{"source": "http://wiadomosci.gazeta.pl/pub/rss/wiadomosci_kraj.htm", "link": "https://wiadomosci.gazeta.pl/wiadomosci/7,114883,29402095,zaginiecie-iwony-wieczorek-sledczy-wciaz-draza-to-moze-pojsc.html?utm_source=RSS&utm_medium=RSS&utm_campaign=10663636", "title": "Zagini\u0119cie Iwony Wieczorek. \u015aledczy wci\u0105\u017c dr\u0105\u017c\u0105. \"To mo\u017ce p\u00f3j\u015b\u0107 w z\u0142ym kierunku\"", "date_published": "2023-01-26 20:48:00+00:00", "description": "<img align=\"left\" hspace=\"4\" src=\"https://bi.im-g.pl/im/7e/dc/1b/z29215870M,Iwona-Wieczorek.jpg\" vspace=\"2\" />O sprawie Iwony Wieczorek od ponad dekady m\u00f3wi ca\u0142a Polska. W ostatnim czasie \u015bledczy zintensyfikowali dzia\u0142ania, dostarczaj\u0105c opinii publicznej materia\u0142 do snucia domys\u0142\u00f3w. - Chyba b\u0142\u0105dz\u0105 po omacku - komentuje w Onecie Marta Bilska. - Ca\u0142y czas nie ma ani jednego dowodu, kt\u00f3ry pom\u00f3g\u0142by nam wskaza\u0107 sprawc\u0119 albo rozwi\u0105zanie - m\u00f3wi \"Faktowi\" Miko\u0142aj Podolski. Dziennikarze s\u0105 zgodni, \u017ce dochodzenie \"mo\u017ce p\u00f3j\u015b\u0107 w z\u0142ym kierunku\".", "persistent": false, "language": "pl-PL", "user": null}, {"source": "http://wiadomosci.gazeta.pl/pub/rss/wiadomosci_kraj.htm", "link": "https://wiadomosci.gazeta.pl/wiadomosci/7,114883,29402046,olkusz.html?utm_source=RSS&utm_medium=RSS&utm_campaign=10663636", "title": "Olkusz. Zakaz wst\u0119pu do las\u00f3w do marca. Powodem niebezpieczne zapadliska", "date_published": "2023-01-26 20:16:00+00:00", "description": "<img align=\"left\" hspace=\"4\" src=\"https://bi.im-g.pl/im/14/0a/1c/z29402132M,Zapadliska-na-terenie-Olkusza-i-okolic.jpg\" vspace=\"2\" />Nadle\u015bnictwo Olkusz w zwi\u0105zku z niebezpiecznymi zapadliskami powstaj\u0105cymi na terenie powiatu olkuskiego wprowadzi\u0142o zakaz wst\u0119pu do las\u00f3w. Ma on obowi\u0105zywa\u0107 do ko\u0144ca marca 2023 roku, jednak w zwi\u0105zku z nadal wyst\u0119puj\u0105cym zagro\u017ceniem nadle\u015bnictwo planuje przed\u0142u\u017cy\u0107 okres obowi\u0105zywania zakazu - informuje \"Gazeta Krakowska\".", "persistent": false, "language": "pl-PL", "user": null}, {"source": "http://wiadomosci.gazeta.pl/pub/rss/wiadomosci_kraj.htm", "link": "https://wiadomosci.gazeta.pl/wiadomosci/7,114883,29402096,pomorskie-bezwzgledne-wiezienie-za-zabicie-i-odciecie-glowy.html?utm_source=RSS&utm_medium=RSS&utm_campaign=10663636", "title": "Pomorskie. Bezwzgl\u0119dne wi\u0119zienie za zabicie i odci\u0119cie g\u0142owy \u017cubra. K\u0142usownik twierdzi\u0142, \u017ce si\u0119 pomyli\u0142", "date_published": "2023-01-26 19:30:00+00:00", "description": "<img align=\"left\" hspace=\"4\" src=\"https://bi.im-g.pl/im/d6/fc/1b/z29346518M.jpg\" vspace=\"2\" />17 miesi\u0119cy bezwzgl\u0119dnego wi\u0119zienia dla k\u0142usownika, kt\u00f3ry zabi\u0142 \u017cubra w miejscowo\u015bci D\u0105br\u00f3wno w wojew\u00f3dztwie pomorskim, a nast\u0119pnie ze wsp\u00f3lnikiem odci\u0105\u0142 mu g\u0142ow\u0119. S\u0105d nie przyj\u0105\u0142 t\u0142umaczenia, \u017ce m\u0119\u017cczyzna rzekomo pomyli\u0142 \u017cubra z dzikiem. Wyrok zapad\u0142 ponad trzy lata po zabiciu zwierz\u0119cia - podaje \"Gazeta Wyborcza\".", "persistent": false, "language": "pl-PL", "user": null}, {"source": "http://wiadomosci.gazeta.pl/pub/rss/wiadomosci_kraj.htm", "link": "https://wiadomosci.gazeta.pl/wiadomosci/7,114883,29401786,tatry-skandaliczne-zachowanie-turystow-wezwali-pomoc-zostawili.html?utm_source=RSS&utm_medium=RSS&utm_campaign=10663636", "title": "Tatry. Skandaliczne zachowanie turyst\u00f3w. Wezwali pomoc, zostawili koleg\u0119 na szlaku i ok\u0142amali toprowc\u00f3w", "date_published": "2023-01-26 18:21:00+00:00", "description": "<img align=\"left\" hspace=\"4\" src=\"https://bi.im-g.pl/im/e4/0a/1c/z29401828M,Smiglowiec-TOPR--zdjecie-ilustrujace-.jpg\" vspace=\"2\" />TOPR poinformowa\u0142o w swoich mediach spo\u0142eczno\u015bciowych o skandalicznym zachowaniu trzech turyst\u00f3w. Ci w \u015brod\u0119 25 stycznia poprosili telefonicznie o ewakuacj\u0119 \u015bmig\u0142owcem, kt\u00f3ra nie mog\u0142a odby\u0107 si\u0119 z powodu warunk\u00f3w pogodowych. Dw\u00f3jka z nich pozostawi\u0142a wi\u0119c na szlaku swojego koleg\u0119, a kiedy w drodze na d\u00f3\u0142 spotkali spiesz\u0105cych z ratunkiem toprowc\u00f3w, ok\u0142amali ich, twierdz\u0105c, \u017ce \"nie wiedz\u0105 nic o osobach potrzebuj\u0105cych pomocy\".", "persistent": false, "language": "pl-PL", "user": null}, {"source": "http://wiadomosci.gazeta.pl/pub/rss/wiadomosci_kraj.htm", "link": "https://wiadomosci.gazeta.pl/wiadomosci/7,114883,29401531,podlasie-zgwalconej-14-latce-odmowiono-legalnej-aborcji-ginekolog.html?utm_source=RSS&utm_medium=RSS&utm_campaign=10663636", "title": "Podlasie. Zgwa\u0142conej 14-latce odm\u00f3wiono legalnej aborcji. Ginekolog: To zwyk\u0142e ku***stwo", "date_published": "2023-01-26 18:09:00+00:00", "description": "<img align=\"left\" hspace=\"4\" src=\"https://bi.im-g.pl/im/34/95/1a/z27874100M,Federa-do-ginekologow-i-ginekolozek--Promujcie-poz.jpg\" vspace=\"2\" />Lekarze odm\u00f3wili legalnej aborcji zgwa\u0142conej 14-latce z niepe\u0142nosprawno\u015bci\u0105 intelektualn\u0105. Pow\u00f3d? Klauzula sumienia. Dziewczynce pomog\u0142y aktywistki. Zabieg przerwania ci\u0105\u017cy przeprowadzono w Warszawie. - To ju\u017c nie jest kwestia bycia lekarzem, ale bycia cz\u0142owiekiem. Je\u015bli kto\u015b odmawia pomocy w takiej sytuacji, to powinien zastanowi\u0107 si\u0119 nad swoim cz\u0142owiecze\u0144stwem - komentuje w rozmowie z Gazeta.pl dr Maciej W. Socha, ordynator oddzia\u0142u po\u0142o\u017cniczo-ginekologicznego.", "persistent": false, "language": "pl-PL", "user": null}, {"source": "http://wiadomosci.gazeta.pl/pub/rss/wiadomosci_kraj.htm", "link": "https://wiadomosci.gazeta.pl/wiadomosci/7,114883,29401650,polsat-zakonczyl-wspolprace-z-dorota-bawolek-media-spekuluja.html?utm_source=RSS&utm_medium=RSS&utm_campaign=10663636", "title": "Dorota Bawo\u0142ek nie pracuje ju\u017c w Polsacie. By\u0142o o niej g\u0142o\u015bno za spraw\u0105 Tuska. Media: Podpad\u0142a Solorzowi", "date_published": "2023-01-26 17:31:00+00:00", "description": "<img align=\"left\" hspace=\"4\" src=\"https://bi.im-g.pl/im/f5/0a/1c/z29401845M,Dorota-Bawolek-i-Donald-Tusk--zdj--ilustracyjne-.jpg\" vspace=\"2\" />Polsat po 15 latach zako\u0144czy\u0142 wsp\u00f3\u0142prac\u0119 z dziennikark\u0105 Dorot\u0105 Bawo\u0142ek, co potwierdzi\u0142 rzecznik prasowy telewizji w rozmowie z Wirtualnymi Mediami. Nie poda\u0142 jednak powodu takiej decyzji. Tym samym stacja zosta\u0142a bez sta\u0142ego korespondenta w Brukseli. Niedawno o Bawo\u0142ek by\u0142o g\u0142o\u015bno za spraw\u0105 zarzut\u00f3w TVP, i\u017c \"przeszkodzi\u0142a\" ekipie stacji w uzyskaniu komentarza od Donalda Tuska.", "persistent": false, "language": "pl-PL", "user": null}, {"source": "http://wiadomosci.gazeta.pl/pub/rss/wiadomosci_kraj.htm", "link": "https://wiadomosci.gazeta.pl/wiadomosci/7,114883,29401330,zabierzow-wlasciciel-zakopanego-psa-odnaleziony-kochamy-tego.html?utm_source=RSS&utm_medium=RSS&utm_campaign=10663636", "title": "Zabierz\u00f3w. Policja: Pies nie zosta\u0142 zakopany \u017cywcem. Odnaleziono jego w\u0142a\u015bciciela", "date_published": "2023-01-26 17:10:00+00:00", "description": "<img align=\"left\" hspace=\"4\" src=\"https://bi.im-g.pl/im/f8/0a/1c/z29401592M,Wlasciciel-zakopanego-psa-odnaleziony.jpg\" vspace=\"2\" />Ma\u0142opolska policja poinformowa\u0142a o zg\u0142oszeniu si\u0119 na komisariat w\u0142a\u015bciciela psa, kt\u00f3ry 23 stycznia zosta\u0142 wykopany z ziemi. Psa odnale\u017ali robotnicy podczas pracy kopark\u0105 na terenie wsi Zabierz\u00f3w (woj. ma\u0142opolskie). Funkcjonariusze podkre\u015blaj\u0105, \u017ce pies nie zosta\u0142 \"zakopany \u017cywcem\", a by\u0142 to jedynie nieszcz\u0119\u015bliwy wypadek, a zwierz\u0119 ugrz\u0119z\u0142o w b\u0142ocie.", "persistent": false, "language": "pl-PL", "user": null}, {"source": "http://wiadomosci.gazeta.pl/pub/rss/wiadomosci_kraj.htm", "link": "https://wiadomosci.gazeta.pl/wiadomosci/7,114883,29401563,podhale-mezczyzna-usilowal-zabic-niemowle-prokuratura-podaje.html?utm_source=RSS&utm_medium=RSS&utm_campaign=10663636", "title": "Podhale. M\u0119\u017cczyzna usi\u0142owa\u0142 zabi\u0107 niemowl\u0119. Prokuratura podaje szczeg\u00f3\u0142y", "date_published": "2023-01-26 16:12:00+00:00", "description": "<img align=\"left\" hspace=\"4\" src=\"https://bi.im-g.pl/im/78/0a/1c/z29401720M,Policja-na-Podhalu.jpg\" vspace=\"2\" />29-latek, kt\u00f3ry pr\u00f3bowa\u0142 zabi\u0107 czteromiesi\u0119czne dziecko, trafi\u0142 do aresztu. Policja zatrzyma\u0142a m\u0119\u017cczyzn\u0119 i poinformowa\u0142, \u017ce napastnik u\u017cy\u0142 przedmiotu przypominaj\u0105cego \u015brubokr\u0119t, a \u017cycie dziecka uratowa\u0142a natychmiastowa reakcja mamy i pomoc lekarzy.", "persistent": false, "language": "pl-PL", "user": null}, {"source": "http://wiadomosci.gazeta.pl/pub/rss/wiadomosci_kraj.htm", "link": "https://wiadomosci.gazeta.pl/wiadomosci/7,114883,29400739,agata-mlynarska-w-porannej-rozmowie-gazeta-pl-juz-w-piatek.html?utm_source=RSS&utm_medium=RSS&utm_campaign=10663636", "title": "Agata M\u0142ynarska w Porannej Rozmowie Gazeta.pl - ju\u017c w pi\u0105tek", "date_published": "2023-01-26 15:26:00+00:00", "description": "<img align=\"left\" hspace=\"4\" src=\"https://bi.im-g.pl/im/df/0a/1c/z29401567M,Agata-Mlynarska-goscinia-Porannej-Rozmowy-Gazeta-p.jpg\" vspace=\"2\" />31. Fina\u0142 Wielkiej Orkiestry \u015awi\u0105tecznej Pomocy ju\u017c w niedziel\u0119, a w naszym studiu go\u015bci Agata M\u0142ynarska, kt\u00f3ra by\u0142a przy narodzinach WO\u015aP. Wielu z nas pami\u0119ta jeszcze, jak wsp\u00f3\u0142prowadzi\u0142a pierwszy fina\u0142 - w mi\u0119towej koszuli i krawacie. Jak wspomina go sama M\u0142ynarska?", "persistent": false, "language": "pl-PL", "user": null}, {"source": "http://wiadomosci.gazeta.pl/pub/rss/wiadomosci_kraj.htm", "link": "https://wiadomosci.gazeta.pl/wiadomosci/7,114883,29399709,komendat-rozkazal-mi-czynnosc-seksualna-gdy-to-zglosilam-probowano.html?utm_source=RSS&utm_medium=RSS&utm_campaign=10663636", "title": "Komendant rozkaza\u0142 mi czynno\u015b\u0107 seksualn\u0105. Gdy to zg\u0142osi\u0142am, pr\u00f3bowano mnie zniszczy\u0107", "date_published": "2023-01-26 14:51:00+00:00", "description": "<img align=\"left\" hspace=\"4\" src=\"https://bi.im-g.pl/im/59/09/1c/z29399897M,Sylwia-Szary-spotkala-sie-z-mobbingiem-i-molestowa.jpg\" vspace=\"2\" />Policjantka Sylwia Szary ze S\u0142ubic zg\u0142osi\u0142a dzia\u0142ania mobbingowe i molestowanie seksualne, a zaraz potem rozpocz\u0119to wobec niej szereg dzia\u0142a\u0144 odwetowych. - Pr\u00f3bowano mnie zniszczy\u0107 - wspomina funkcjonariuszka. - Przeciwko mnie dzia\u0142a\u0142 ca\u0142y aparat w\u0142adzy za publiczne pieni\u0105dze - zaznacza.", "persistent": false, "language": "pl-PL", "user": null}, {"source": "http://wiadomosci.gazeta.pl/pub/rss/wiadomosci_kraj.htm", "link": "https://wiadomosci.gazeta.pl/wiadomosci/7,114883,29400685,poznan-wlamal-sie-do-domu-na-rympal-i-od-razu-ruszyl-na-pietro.html?utm_source=RSS&utm_medium=RSS&utm_campaign=10663636", "title": "Pozna\u0144. Z\u0142odziej kaskader w\u0142ama\u0142 si\u0119 na rympa\u0142. Do domu wszed\u0142 razem z drzwiami", "date_published": "2023-01-26 14:37:00+00:00", "description": "<img align=\"left\" hspace=\"4\" src=\"https://bi.im-g.pl/im/80/09/1c/z29400960M,Zlodziej-wlamal-sie-do-domu-w-Poznaniu.jpg\" vspace=\"2\" />Z\u0142odziej w\u0142ama\u0142 si\u0119 do jednego z dom\u00f3w w dzielnicy Grunwald w Poznaniu na rympa\u0142 - wywa\u017cy\u0142 ca\u0142e drzwi balkonowe. W\u0142amywacz by\u0142 przekonany, \u017ce w domu nikogo nie ma. Przep\u0142oszy\u0142 go s\u0105siad.", "persistent": false, "language": "pl-PL", "user": null}, {"source": "http://wiadomosci.gazeta.pl/pub/rss/wiadomosci_kraj.htm", "link": "https://wiadomosci.gazeta.pl/wiadomosci/7,114883,29398879,pies-poszukiwany-od-tygodnia-ugrzazl-w-studzience-kanalizacyjnej.html?utm_source=RSS&utm_medium=RSS&utm_campaign=10663636", "title": "K\u0142odzino. Pies poszukiwany od tygodnia ugrz\u0105z\u0142 w studzience. \"Patrzy\u0142 wzrokiem b\u0142agaj\u0105cym o pomoc\"", "date_published": "2023-01-26 12:27:00+00:00", "description": "<img align=\"left\" hspace=\"4\" src=\"https://bi.im-g.pl/im/4c/09/1c/z29400396M,Klodzino--Pies-ugrzazl-w-studzience-kanalizacyjnej.jpg\" vspace=\"2\" />Pies Robin, kt\u00f3ry uciek\u0142 z gospodarstwa w miejscowo\u015bci Rosiny, zosta\u0142 po tygodniu odnaleziony. Na zwierz\u0119 uwi\u0119zione w studzience kanalizacyjnej natrafili tury\u015bci zwiedzaj\u0105cy ruiny pa\u0142acu w K\u0142odzinie. W\u0142a\u015bciciel psa, kt\u00f3ry ju\u017c straci\u0142 nadziej\u0119, \u017ce Robin si\u0119 odnajdzie, by\u0142 wzruszony.", "persistent": false, "language": "pl-PL", "user": null}, {"source": "http://wiadomosci.gazeta.pl/pub/rss/wiadomosci_kraj.htm", "link": "https://wiadomosci.gazeta.pl/wiadomosci/7,114883,29399933,podkarpacie-byly-proboszcz-z-domostawy-uslyszal-zarzuty-chodzi.html?utm_source=RSS&utm_medium=RSS&utm_campaign=10663636", "title": "Podkarpacie. By\u0142y proboszcz z Domostawy us\u0142ysza\u0142 zarzuty. Chodzi o przyw\u0142aszczenie 450 tys. z\u0142", "date_published": "2023-01-26 12:01:00+00:00", "description": "<img align=\"left\" hspace=\"4\" src=\"https://bi.im-g.pl/im/57/7c/1b/z28823383M.jpg\" vspace=\"2\" />By\u0142emu proboszczowi z Domostawy (woj. podkarpackie) postawiono zarzut przyw\u0142aszczenia mienia. Chodzi o 450 tys. z\u0142, kt\u00f3re wed\u0142ug prokuratury nale\u017ca\u0142y do parafii. Duchowny twierdzi, \u017ce by\u0142y to jego prywatne \u015brodki.", "persistent": false, "language": "pl-PL", "user": null}, {"source": "http://wiadomosci.gazeta.pl/pub/rss/wiadomosci_kraj.htm", "link": "https://wiadomosci.gazeta.pl/wiadomosci/7,114883,29399387,wielkopolska-w-oczyszczalni-sciekow-znaleziono-plod-dziecka.html?utm_source=RSS&utm_medium=RSS&utm_campaign=10663636", "title": "Wielkopolska. W oczyszczalni \u015bciek\u00f3w znaleziono p\u0142\u00f3d dziecka", "date_published": "2023-01-26 10:36:00+00:00", "description": "<img align=\"left\" hspace=\"4\" src=\"https://bi.im-g.pl/im/c1/00/1c/z29360577M,Policja--zdjecie-ilustracyjne-.jpg\" vspace=\"2\" />W oczyszczalni \u015bciek\u00f3w w miejscowo\u015bci Okonek (woj. wielkopolskie) znaleziono p\u0142\u00f3d dziecka. Informacje te przekaza\u0142o RMF FM. Na miejscu pracuj\u0105 s\u0142u\u017cby.", "persistent": false, "language": "pl-PL", "user": null}, {"source": "http://wiadomosci.gazeta.pl/pub/rss/wiadomosci_kraj.htm", "link": "https://wiadomosci.gazeta.pl/wiadomosci/7,114883,29398627,minsk-mazowiecki-pacjenci-ewakuowani-z-sor-u-mieli-skarzyc.html?utm_source=RSS&utm_medium=RSS&utm_campaign=10663636", "title": "Mi\u0144sk Mazowiecki. Pacjenci ewakuowani z SOR-u. Mieli skar\u017cy\u0107 si\u0119 na pieczenie oczu i sw\u0119dzenie", "date_published": "2023-01-26 06:21:00+00:00", "description": "<img align=\"left\" hspace=\"4\" src=\"https://bi.im-g.pl/im/69/94/1a/z27873129M,Straz-pozarna---zdjecie-ilustracyjne.jpg\" vspace=\"2\" />Na SOR-ze szpitala w Mi\u0144sku Mazowieckim dosz\u0142o do ewakuacji. Podejrzewano, \u017ce na oddziale mo\u017ce znajdowa\u0107 si\u0119 substancja chemiczna, kt\u00f3ra \u017ale wp\u0142ywa na znajduj\u0105ce si\u0119 tam osoby. Pacjenci mieli skar\u017cy\u0107 si\u0119 bowiem na sw\u0119dzenie sk\u00f3ry i pieczenie oczu.", "persistent": false, "language": "pl-PL", "user": null}, {"source": "http://wiadomosci.gazeta.pl/pub/rss/wiadomosci_kraj.htm", "link": "https://wiadomosci.gazeta.pl/wiadomosci/7,114883,29398385,pit-2022-komu-skarbowka-zwroci-ponad-3000-zl-waznych-kilka.html?utm_source=RSS&utm_medium=RSS&utm_campaign=10663636", "title": "PIT 2022. Komu skarb\u00f3wka zwr\u00f3ci ponad 3000 z\u0142? Wa\u017cnych kilka czynnik\u00f3w", "date_published": "2023-01-26 06:00:00+00:00", "description": "<img align=\"left\" hspace=\"4\" src=\"https://bi.im-g.pl/im/42/12/1b/z28387650M,PIT--zdjecie-ilustracyjne-.jpg\" vspace=\"2\" />IKZE (Indywidualne Konto Zabezpieczenia Emerytalnego) wi\u0105\u017ce si\u0119 z dodatkowymi przywilejami, o czym warto pami\u0119ta\u0107 przy sk\u0142adaniu deklaracji podatkowej za 2022 rok. Wp\u0142aty mo\u017cna odliczy\u0107 od podstawy opodatkowania.", "persistent": false, "language": "pl-PL", "user": null}, {"source": "http://wiadomosci.gazeta.pl/pub/rss/wiadomosci_kraj.htm", "link": "https://wiadomosci.gazeta.pl/wiadomosci/7,114883,29398187,koleda-wpadki-z-wizyt-ksiezy-prosze-zabrac-to-grzeszne-zwierze.html?utm_source=RSS&utm_medium=RSS&utm_campaign=10663636", "title": "Kol\u0119da. Wpadki z wizyt ksi\u0119\u017cy. \"Prosz\u0119 zabra\u0107 to grzeszne zwierz\u0119\", \"a buzi?\"", "date_published": "2023-01-26 05:45:00+00:00", "description": "<img align=\"left\" hspace=\"4\" src=\"https://bi.im-g.pl/im/29/01/1c/z29366569M,Koleda--zdjecie-ilustracyjne-.jpg\" vspace=\"2\" />Czasem co\u015b si\u0119 zgubi i trzeba kombinowa\u0107, innym razem pies \"nagrzeszy\" i zdenerwuje ksi\u0119dza - przebieg kol\u0119dy w mo\u017ce wymkn\u0105\u0107 si\u0119 spod kontroli. Internauci wspominaj\u0105, co zabawnego spotka\u0142o ich podczas domowej wizyty duszpasterskiej.", "persistent": false, "language": "pl-PL", "user": null}, {"source": "http://wiadomosci.gazeta.pl/pub/rss/wiadomosci_kraj.htm", "link": "https://wiadomosci.gazeta.pl/wiadomosci/7,114883,29398056,pogoda-na-luty-2023-synoptycy-zapowiadaja-powrot-zimy-czekaja.html?utm_source=RSS&utm_medium=RSS&utm_campaign=10663636", "title": "Pogoda d\u0142ugoterminowa - luty 2023. Rozpadnie si\u0119 wir polarny, wr\u00f3ci zima. Burze \u015bnie\u017cne i siarczysty mr\u00f3z", "date_published": "2023-01-26 05:00:00+00:00", "description": "<img align=\"left\" hspace=\"4\" src=\"https://bi.im-g.pl/im/90/09/1c/z29398160M,Zima--zdjecie-ilustrujace-.jpg\" vspace=\"2\" />Synoptycy opublikowali pierwsze d\u0142ugoterminowe prognozy pogody na luty 2023. Ma by\u0107 on nieco cieplejszy ni\u017c w ubieg\u0142ych latach, jednak zdaniem specjalist\u00f3w nie wyklucza to pojawienia si\u0119 burz \u015bnie\u017cnych i du\u017cych mroz\u00f3w. Wed\u0142ug prognoz mo\u017cemy spodziewa\u0107 si\u0119 kolejnego ataku zimy.", "persistent": false, "language": "pl-PL", "user": null}], "source": {"url": "http://wiadomosci.gazeta.pl/pub/rss/wiadomosci_kraj.htm", "title": "wiadomo\u015bci.gazeta.pl"}}