{"entries": [{"source": "https://feeds.nbcnews.com/nbcnews/public/world", "link": "https://www.nbcnews.com/now/video/u-s-officials-say-isis-leader-10-isis-fighters-killed-in-raid-161884229697", "title": "U.S. officials say ISIS leader, 10 ISIS fighters killed in raid", "date_published": "2023-01-26 22:51:52+00:00", "description": "Two senior officials say a U.S. assault operation in Somalia killed a top ISIS leader along with 10 other ISIS fighters and reportedly left no civilians killed or wounded. NBC\u2019s Courtney Kube has the latest details.", "persistent": false, "language": "en-US", "user": null}, {"source": "https://feeds.nbcnews.com/nbcnews/public/world", "link": "https://www.nbcnews.com/video/ancient-egyptian-treasures-unveiled-after-giza-tombs-excavation-161883717732", "title": "Ancient Egyptian treasures unveiled after Giza tombs excavation", "date_published": "2023-01-26 22:40:48+00:00", "description": "Egypt presented statues and other artefacts unearthed during a year-long dig at the Saqarra Necropolis in Giza. The objects date back to the fifth and sixth dynasties of the Old Kingdom, a period roughly between 2500 B.C and 2100 B.C.", "persistent": false, "language": "en-US", "user": null}, {"source": "https://feeds.nbcnews.com/nbcnews/public/world", "link": "https://www.nbcnews.com/news/world/us-military-raid-somalia-kills-isis-leader-10-isis-fighters-rcna67742", "title": "U.S. military raid in northern Somalia kills a senior ISIS leader and 10 ISIS fighters", "date_published": "2023-01-26 22:25:34+00:00", "description": "On Wednesday night a U.S. military operation in northern Somalia killed a senior ISIS leader and 10 other ISIS fighters, according to two senior U.S. officials.", "persistent": false, "language": "en-US", "user": null}, {"source": "https://feeds.nbcnews.com/nbcnews/public/world", "link": "https://www.nbcnews.com/news/world/afghanistan-malnutrition-rates-record-high-united-nations-food-agency-rcna67701", "title": "Afghan malnutrition rates at record high, U.N. food agency says", "date_published": "2023-01-26 18:38:15+00:00", "description": "Malnutrition rates in Afghanistan are at record highs \u2014 with half the country enduring severe hunger year-round \u2014 a spokesman for the U.N.'s World Food Program said.", "persistent": false, "language": "en-US", "user": null}, {"source": "https://feeds.nbcnews.com/nbcnews/public/world", "link": "https://www.nbcnews.com/news/world/prussian-bones-attic-belgium-battle-of-waterloo-napoleon-bonaparte-rcna67582", "title": "'I have Prussians in my attic': Surprise revelation leads to rare Battle of Waterloo discovery", "date_published": "2023-01-26 17:40:02+00:00", "description": "When the elderly man approached after Bernard Wilkin had given a speech on battlefield bones, it's safe to say that Wilkin was not expecting the man's opening gambit.", "persistent": false, "language": "en-US", "user": null}, {"source": "https://feeds.nbcnews.com/nbcnews/public/world", "link": "https://www.nbcnews.com/news/world/ukraine-tanks-russia-invasion-what-next-leopards-abrams-rcna67583", "title": "Ukraine has been promised dozens of tanks to fight Russia. Now what?", "date_published": "2023-01-26 17:04:03+00:00", "description": "The U.S. and German decision to send tanks to Ukraine may not move it any closer to a decisive victory, military analysts have warned.", "persistent": false, "language": "en-US", "user": null}, {"source": "https://feeds.nbcnews.com/nbcnews/public/world", "link": "https://www.nbcnews.com/news/us-news/chinese-engineer-sentenced-8-years-us-prison-spying-rcna67576", "title": "Chinese engineer sentenced to 8 years in U.S. prison for spying", "date_published": "2023-01-26 15:17:58+00:00", "description": "A former Chicago graduate student in electrical engineering was sentenced Wednesday to eight years in prison for spying for the Chinese government.", "persistent": false, "language": "en-US", "user": null}, {"source": "https://feeds.nbcnews.com/nbcnews/public/world", "link": "https://www.nbcnews.com/video/israeli-forces-kill-at-least-nine-during-west-bank-raid-161838149692", "title": "Israeli forces kill at least nine during West Bank raid", "date_published": "2023-01-26 13:36:54+00:00", "description": "Israeli forces killed at least nine Palestinians, including an elderly woman, and wounded several others during a daytime raid in the occupied West Bank, Palestinian health officials said. Israel says the operation was targeting members of the Palestinian Islamic Jihad, a militia group suspected of planning multiple attacks against Israelis.", "persistent": false, "language": "en-US", "user": null}, {"source": "https://feeds.nbcnews.com/nbcnews/public/world", "link": "https://www.nbcnews.com/video/ukrainians-shelter-in-metro-station-as-russian-missiles-target-kyiv-161835077524", "title": "Ukrainians shelter in metro station as Russian missiles target Kyiv", "date_published": "2023-01-26 12:09:35+00:00", "description": "Russia launched a barrage of missiles towards Ukraine, forcing people in Kyiv to take shelter in underground metro stations. Kyiv's military administration said more than 15 missiles fired at the Ukrainian capital had been shot down but urged people to remain in shelters.", "persistent": false, "language": "en-US", "user": null}, {"source": "https://feeds.nbcnews.com/nbcnews/public/world", "link": "https://www.nbcnews.com/news/world/germany-arrests-2nd-suspect-russia-spying-case-rcna67584", "title": "Germany arrests 2nd suspect in Russia spying case", "date_published": "2023-01-26 11:47:10+00:00", "description": "German authorities said Thursday that they have arrested a second person in connection with a high-profile espionage case that embarrassed Germany\u2019s foreign intelligence agency.", "persistent": false, "language": "en-US", "user": null}, {"source": "https://feeds.nbcnews.com/nbcnews/public/world", "link": "https://www.nbcnews.com/video/spanish-police-investigate-church-attack-as-possible-terror-act-161833029781", "title": "Spanish police investigate church attack as possible terror act", "date_published": "2023-01-26 10:42:49+00:00", "description": "A machete-wielding man killed a sexton and injured a priest at two Catholic churches in southern Spain before being arrested, Spain\u2019s interior ministry said. Spanish authorities did not identify the suspect but said they are investigating the attacks as a possible act of terrorism.", "persistent": false, "language": "en-US", "user": null}, {"source": "https://feeds.nbcnews.com/nbcnews/public/world", "link": "https://www.nbcnews.com/news/world/1-dead-spanish-church-machete-attacks-terror-link-probed-rcna67581", "title": "1 dead in Spanish church machete attacks, terror link probed", "date_published": "2023-01-26 10:15:49+00:00", "description": "A machete-wielding man killed a sexton and injured a priest at two Catholic churches in the city of Algeciras on Wednesday before being arrested, Spain\u2019s interior ministry said.", "persistent": false, "language": "en-US", "user": null}, {"source": "https://feeds.nbcnews.com/nbcnews/public/world", "link": "https://www.nbcnews.com/news/world/djokovics-father-seen-posing-fans-carrying-russian-flags-rcna67579", "title": "Djokovic\u2019s father seen posing with fans carrying Russian flags", "date_published": "2023-01-26 10:05:21+00:00", "description": "Australian Open organizers have issued a reminder  about their policy on \u201cinappropriate flags\u201d after a video emerged showing Novak Djokovic\u2019s father posing for pictures with fans holding Russian flags.", "persistent": false, "language": "en-US", "user": null}, {"source": "https://feeds.nbcnews.com/nbcnews/public/world", "link": "https://www.nbcnews.com/news/world/palestinians-israeli-troops-kill-9-west-bank-raid-rcna67578", "title": "Palestinians say Israeli troops kill 9 in West Bank raid", "date_published": "2023-01-26 09:30:36+00:00", "description": "Israeli forces killed at least nine Palestinians and wounded several others during a raid in a flashpoint area of the occupied West Bank on Thursday, Palestinian health officials said.", "persistent": false, "language": "en-US", "user": null}, {"source": "https://feeds.nbcnews.com/nbcnews/public/world", "link": "https://www.nbcnews.com/news/world/china-says-covid-deaths-severe-cases-fallen-70-percent-rcna67577", "title": "China says Covid deaths and severe cases have fallen over 70% since peak", "date_published": "2023-01-26 09:08:14+00:00", "description": "China says severe Covid-19 cases are down 72% from a peak early this month, while daily Covid deaths in hospitals have dropped 79% from their peak.", "persistent": false, "language": "en-US", "user": null}, {"source": "https://feeds.nbcnews.com/nbcnews/public/world", "link": "https://www.nbcnews.com/news/world/myanmar-opium-production-military-rule-rcna67575", "title": "Opium production is surging in Myanmar under military rule, U.N. says", "date_published": "2023-01-26 08:56:12+00:00", "description": "The production of opium in Myanmar has flourished under military rule, the U.N. said Thursday, with the cultivation of poppies up by a third in the past year.", "persistent": false, "language": "en-US", "user": null}, {"source": "https://feeds.nbcnews.com/nbcnews/public/world", "link": "https://www.nbcnews.com/news/world/russia-ukraine-war-corruption-scandal-officials-zelenskyy-government-rcna67376", "title": "War with Russia rages as Ukraine\u2019s government confronts an old enemy: Corruption", "date_published": "2023-01-26 04:30:00+00:00", "description": "KHARKIV, Ukraine \u2014 A cellphone video shared widely on social media shows a woman jumping up and down as she unwraps a gift.", "persistent": false, "language": "en-US", "user": null}, {"source": "https://feeds.nbcnews.com/nbcnews/public/world", "link": "https://www.nbcnews.com/news/world/north-korea-pyongyang-lockdown-respiratory-illness-rcna67572", "title": "North Korea locks down capital city over \u2018respiratory illness\u2019", "date_published": "2023-01-26 04:15:22+00:00", "description": "Authorities in the North Korean capital, Pyongyang, have ordered a five-day lockdown due to rising cases of an unspecified respiratory illness.", "persistent": false, "language": "en-US", "user": null}, {"source": "https://feeds.nbcnews.com/nbcnews/public/world", "link": "https://www.nbcnews.com/nightly-news/video/biden-announces-u-s-will-send-31-tanks-to-ukraine-161811013610", "title": "Biden announces U.S. will send 31 tanks to Ukraine", "date_published": "2023-01-26 00:18:34+00:00", "description": "President Biden announced today that the U.S. will send 31 powerful Abrams tanks to Ukraine. NBC News\u2019 Kristen Welker on how lawmakers are responding and what this could mean for the ongoing conflict.", "persistent": false, "language": "en-US", "user": null}], "source": {"url": "https://feeds.nbcnews.com/nbcnews/public/world", "title": "NBC world"}}