{"entries": [{"source": "https://www.androidauthority.com/feed/", "link": "https://www.androidauthority.com/pixel-tablet-pro-3272485/", "title": "Leak reveals new details about the Pro version of the Pixel Tablet", "date_published": "2023-01-26 22:52:02+00:00", "description": "Google may have canceled one in favor of the other.", "persistent": false, "language": "en-US", "user": null}, {"source": "https://www.androidauthority.com/feed/", "link": "https://www.androidauthority.com/chrome-android-incognito-3272389/", "title": "Google adds new Chrome for Android feature to lock your Incognito tabs", "date_published": "2023-01-26 21:00:23+00:00", "description": "Google revealed it's rolling out a new feature that will allow Android users to lock their Incognito tabs.", "persistent": false, "language": "en-US", "user": null}, {"source": "https://www.androidauthority.com/feed/", "link": "https://www.androidauthority.com/what-is-google-material-you-3272386/", "title": "What is Material You? Google\u2019s design language explained", "date_published": "2023-01-26 20:30:13+00:00", "description": "Google's Material You is a reboot of Material Design, with an emphasis on user personalization.", "persistent": false, "language": "en-US", "user": null}, {"source": "https://www.androidauthority.com/feed/", "link": "https://www.androidauthority.com/samsung-snapdragon-chips-3272292/", "title": "Samsung will use Snapdragon for the Galaxy S23 and other flagships globally", "date_published": "2023-01-26 18:04:11+00:00", "description": "Samsung plans to use Qualcomm's Snapdragon 8 Gen 2 chip in all global models of the Galaxy S23.", "persistent": false, "language": "en-US", "user": null}, {"source": "https://www.androidauthority.com/feed/", "link": "https://www.androidauthority.com/free-youtube-tv-shows-3270576/", "title": "Don\u2019t pay! Free streaming content is everywhere: Best free shows on YouTube", "date_published": "2023-01-26 17:39:11+00:00", "description": "From sci-fi to crime dramas to superhero shows, there's lots of series to watch on YouTube.", "persistent": false, "language": "en-US", "user": null}, {"source": "https://www.androidauthority.com/feed/", "link": "https://www.androidauthority.com/gorilla-glass-victus-2-3272236/", "title": "Galaxy S23 series to be the first phone to use Gorilla Glass Victus 2", "date_published": "2023-01-26 16:16:47+00:00", "description": "Gorilla Glass Victus 2 launched in November 2022.", "persistent": false, "language": "en-US", "user": null}, {"source": "https://www.androidauthority.com/feed/", "link": "https://www.androidauthority.com/best-movies-and-tv-shows-on-tubi-3271595/", "title": "Here are the best free movies and TV shows on Tubi", "date_published": "2023-01-26 14:49:24+00:00", "description": "Check out the variety of films and series on this free service.", "persistent": false, "language": "en-US", "user": null}, {"source": "https://www.androidauthority.com/feed/", "link": "https://www.androidauthority.com/better-performance-battery-life-smartphones-poll-results-3272086/", "title": "You told us: Better performance or battery life? This wasn\u2019t close at all.", "date_published": "2023-01-26 11:58:25+00:00", "description": "Polled readers want longer battery life from 2023's smartphones.", "persistent": false, "language": "en-US", "user": null}, {"source": "https://www.androidauthority.com/feed/", "link": "https://www.androidauthority.com/tcl-ion-x-3272056/", "title": "Miss a removable battery, microSD slot, and 3.5mm port? This phone is for you.", "date_published": "2023-01-26 09:04:11+00:00", "description": "The TCL Ion X has a weak processor, mediocre screen, and just 3GB of RAM. But it still stands out from other phones.", "persistent": false, "language": "en-US", "user": null}, {"source": "https://www.androidauthority.com/feed/", "link": "https://www.androidauthority.com/daily-authority-january-26-2023-3272034/", "title": "Daily Authority: \ud83d\udcf1 Big changes coming for Android in India", "date_published": "2023-01-26 08:20:08+00:00", "description": "Other notable stories include everything announced at Xbox Developer Direct, cartoons as 80s sitcoms, and more.", "persistent": false, "language": "en-US", "user": null}, {"source": "https://www.androidauthority.com/feed/", "link": "https://www.androidauthority.com/oneplus-pad-oneplus-11-3271510/", "title": "The long-awaited OnePlus Pad could debut alongside OnePlus 11", "date_published": "2023-01-26 06:48:31+00:00", "description": "A tablet could join two phones, a TV, a pair of earbuds, and a keyboard on the day.", "persistent": false, "language": "en-US", "user": null}, {"source": "https://www.androidauthority.com/feed/", "link": "https://www.androidauthority.com/samsung-storage-sale-3271953/", "title": "Save up to 48% on Samsung storage drives in this flash sale", "date_published": "2023-01-26 00:24:43+00:00", "description": "Save as much as $200 on Samsung devices for both internal and external memory storage.", "persistent": false, "language": "en-US", "user": null}], "source": {"url": "https://www.androidauthority.com/feed/", "title": "Android Authority"}}