{"entries": [{"source": "https://www.theguardian.com/world/rss", "link": "https://www.theguardian.com/world/2023/jan/26/sandi-toksvig-laments-untenable-church-of-england-stance-on-gay-marriage", "title": "Sandi Toksvig laments \u2018untenable\u2019 C of E stance on gay marriage", "date_published": "2023-01-26 22:47:35+00:00", "description": "<p>Comedian says she asked archbishop of Canterbury to come out as gay ally but was told progress would be \u2018glacial\u2019</p><p>Sandi Toksvig has said the Church of England\u2019s position on same-sex marriage is \u201cuntenable\u201d after a meeting with the archbishop of Canterbury.</p><p>The comedian met Justin Welby after she expressed her dismay last year that he had reaffirmed the church\u2019s 1998 declaration that gay sex is a sin.</p> <a href=\"https://www.theguardian.com/world/2023/jan/26/sandi-toksvig-laments-untenable-church-of-england-stance-on-gay-marriage\">Continue reading...</a>", "persistent": false, "language": "en-US", "user": null}, {"source": "https://www.theguardian.com/world/rss", "link": "https://www.theguardian.com/politics/2023/jan/26/focus-on-nhs-and-inflation-to-keep-poll-hopes-alive-sunak-tells-ministers", "title": "Focus on NHS and inflation to keep poll hopes alive, Sunak tells ministers", "date_published": "2023-01-26 21:48:53+00:00", "description": "<p>Cabinet told about bleak outlook for governing party at next general elections at Chequers awayday</p><p>The Conservatives must \u201crelentlessly focus\u201d on inflation and the NHS if they are to have a chance at the next election, cabinet ministers have been told.</p><p>Rishi Sunak gathered ministers at his country retreat Chequers on Thursday for a midday political cabinet \u2013 where a number of ministers gave presentations on the government\u2019s key priorities and took a fresh look at the strategy for the next election.</p> <a href=\"https://www.theguardian.com/politics/2023/jan/26/focus-on-nhs-and-inflation-to-keep-poll-hopes-alive-sunak-tells-ministers\">Continue reading...</a>", "persistent": false, "language": "en-US", "user": null}, {"source": "https://www.theguardian.com/world/rss", "link": "https://www.theguardian.com/australia-news/live/2023/jan/27/australia-news-live-invasion-day-rallies-intensify-voice-debate-adani-hits-back-at-bogus-report", "title": "Australia news live: Invasion Day rallies intensify voice debate; Adani hits back at \u2018bogus\u2019 report", "date_published": "2023-01-26 20:46:52+00:00", "description": "<p>The growing no campaign presence at rallies yesterday will increase focus on the referendum; Indian company tries to reassure investors about finances. Follow the day\u2019s news, live</p><ul><li>Get our <a href=\"https://www.theguardian.com/australia-news/2022/oct/29/email-newsletters-guardian-australia-best-daily-news-emails-newsletter-free-sign-up-inbox-subscribe-headlines?CMP=cvau_sfl\">morning and afternoon news emails</a>, <a href=\"https://www.theguardian.com/technology/ng-interactive/2018/may/15/the-guardian-app?CMP=cvau_sfl\">free app</a> or <a href=\"https://www.theguardian.com/australia-news/series/full-story?CMP=cvau_sfl\">daily news podcast</a></li></ul><p><strong>West Sydney prison guards to strike again</strong></p><p>Prison officers at one of the most dangerous maximum security jails in NSW will strike for two days, demanding an improvement in safety conditions, <strong>AAP</strong> reports. </p><p><em>We know of prison officers being king-hit from behind, having shivs held to their throats, being punched in the face, and having faeces thrown on them</em></p><p><em>The business model of MTC is to make their money from their own prison officers.</em></p> <a href=\"https://www.theguardian.com/australia-news/live/2023/jan/27/australia-news-live-invasion-day-rallies-intensify-voice-debate-adani-hits-back-at-bogus-report\">Continue reading...</a>", "persistent": false, "language": "en-US", "user": null}, {"source": "https://www.theguardian.com/world/rss", "link": "https://www.theguardian.com/fashion/2023/jan/26/law-has-lagged-behind-trends-towards-casual-dressing-for-too-long", "title": "Law has lagged behind trends towards casual dressing for too long", "date_published": "2023-01-26 19:35:38+00:00", "description": "<p>But \u2018ban on excessive displays of skin\u2019 feels subjective and hats rule is currently unfashionable</p><ul><li><a href=\"https://www.theguardian.com/uk-news/2023/jan/26/more-like-annabels-london-law-firm-seeks-to-redress-dress-code\">\u2018More like Annabel\u2019s\u2019: London law firm seeks to redress dress code</a></li></ul><p>News that the head of law firm Vardags has instructed staff to ditch the suits and channel Annabel\u2019s, the exclusive Mayfair nightclub, when selecting their outfits has raised some eyebrows.</p><p>But transferring the dress code of a members club to a workplace has some sense behind it. As with Annabel\u2019s, hotpants or dirty trainers would probably not feature in most people\u2019s idea of a professional outfit, and \u201csmart, elegant attire\u201d \u2013 the aim of the dress code for the Mayfair club \u2013 works as an overarching rule of thumb for work too.</p> <a href=\"https://www.theguardian.com/fashion/2023/jan/26/law-has-lagged-behind-trends-towards-casual-dressing-for-too-long\">Continue reading...</a>", "persistent": false, "language": "en-US", "user": null}, {"source": "https://www.theguardian.com/world/rss", "link": "https://www.theguardian.com/uk-news/2023/jan/26/nadhim-zahawi-allows-hmrc-to-share-his-tax-information-with-inquiry", "title": "Nadhim Zahawi allows HMRC to share his tax information with inquiry", "date_published": "2023-01-26 19:33:46+00:00", "description": "<p>Move comes as chief executive of HMRC increases pressure by saying there are \u2018no penalties for innocent errors\u2019 </p><p>Nadhim Zahawi has offered to share his tax information with an inquiry into his financial affairs, as the head of HMRC added further pressure on the Tory chair by saying there were \u201cno penalties for innocent errors\u201d, </p><p>Zahawi wrote to Jim Harra, the chief executive of HMRC, on Wednesday night authorising him to pass on any relevant information from his records to Laurie Magnus, Rishi Sunak\u2019s ethics adviser, a source said.</p> <a href=\"https://www.theguardian.com/uk-news/2023/jan/26/nadhim-zahawi-allows-hmrc-to-share-his-tax-information-with-inquiry\">Continue reading...</a>", "persistent": false, "language": "en-US", "user": null}, {"source": "https://www.theguardian.com/world/rss", "link": "https://www.theguardian.com/uk-news/2023/jan/26/sir-jeremy-fleming-to-stand-down-as-director-of-gchq", "title": "Sir Jeremy Fleming to stand down as director of GCHQ", "date_published": "2023-01-26 18:46:10+00:00", "description": "<p>Head of UK\u2019s intelligence, cyber and security agency to leave in summer afte nearly six years in role</p><p>The director of GCHQ is set to stand down after almost six years in the role.</p><p>Sir Jeremy Fleming will end his tenure in the summer after facing challenges such as the Salisbury nerve agent attack and the potential involvement of Huawei in the UK\u2019s 5G network.</p> <a href=\"https://www.theguardian.com/uk-news/2023/jan/26/sir-jeremy-fleming-to-stand-down-as-director-of-gchq\">Continue reading...</a>", "persistent": false, "language": "en-US", "user": null}, {"source": "https://www.theguardian.com/world/rss", "link": "https://www.theguardian.com/society/2023/jan/26/law-officials-reviewing-five-year-sentence-of-rapist-sean-robinson", "title": "Law officials reviewing five-year sentence of rapist Sean Robinson", "date_published": "2023-01-26 18:43:57+00:00", "description": "<p>Robinson forced a woman to have sex with him under threat of killing the man with whom she was on a first date</p><p>The government\u2019s top law officials are reviewing a jail sentence handed to a man who forced a woman to have sex with him to save the life of a man with whom she was on a first date.</p><p>Downing Street said on Thursday <a href=\"https://www.thetimes.co.uk/article/woman-raped-to-save-first-date-partner-w89p0mvzb\">the case of Sean Robinson</a> had been referred to the attorney general\u2019s office under the unduly lenient sentencing scheme after Robinson was given a five-year jail term for the attack.</p> <a href=\"https://www.theguardian.com/society/2023/jan/26/law-officials-reviewing-five-year-sentence-of-rapist-sean-robinson\">Continue reading...</a>", "persistent": false, "language": "en-US", "user": null}, {"source": "https://www.theguardian.com/world/rss", "link": "https://www.theguardian.com/us-news/2023/jan/26/memphis-police-tyre-nichols-death-what-we-know", "title": "Tyre Nichols: what we know about his death after Memphis police encounter", "date_published": "2023-01-26 17:47:13+00:00", "description": "<p>City on edge as police department is poised to release video of the deadly encounter after a traffic stop</p><p>Tyre Nichols, a 29-year-old Black man, <a href=\"https://www.theguardian.com/us-news/2023/jan/26/tyre-nichols-death-memphis-police-killing\">died</a> on 10 January, several days after an encounter with Memphis, Tennessee, police officers during a traffic stop near his mother\u2019s house.</p><p>According to Nichols\u2019s family and their attorneys, an <a href=\"https://www.nytimes.com/2023/01/26/us/memphis-tyre-nichols-video-traffic-stop.html\">independent autopsy revealed</a> he had \u201csuffered extensive bleeding caused by a severe beating\u201d. The Memphis police department is investigating the deadly encounter, as are state and federal authorities.</p> <a href=\"https://www.theguardian.com/us-news/2023/jan/26/memphis-police-tyre-nichols-death-what-we-know\">Continue reading...</a>", "persistent": false, "language": "en-US", "user": null}, {"source": "https://www.theguardian.com/world/rss", "link": "https://www.theguardian.com/uk-news/2023/jan/26/troops-may-be-called-into-northern-ireland-if-firefighters-strike", "title": "Troops may be called into Northern Ireland if firefighters strike", "date_published": "2023-01-26 17:46:14+00:00", "description": "<p>Exclusive: Fire service chief says he will ask MoD for help if unions do not cover \u2018high-risk calls\u2019 </p><p>Hundreds of troops could return to Northern Ireland as cover for striking firefighters, the Guardian can disclose.</p><p>The head of the region\u2019s fire service has said the army will be formally requested to provide cover unless unions agree to do so for \u201chigh risk calls\u201d. The Fire Brigades Union (FBU) has refused to do so without an increased pay offer.</p> <a href=\"https://www.theguardian.com/uk-news/2023/jan/26/troops-may-be-called-into-northern-ireland-if-firefighters-strike\">Continue reading...</a>", "persistent": false, "language": "en-US", "user": null}, {"source": "https://www.theguardian.com/world/rss", "link": "https://www.theguardian.com/us-news/2023/jan/26/trump-facebook-return-reaction-democrats", "title": "Trump\u2019s return to Facebook feared to \u2018fan the flames of hatred that led to insurrection\u2019", "date_published": "2023-01-26 16:50:55+00:00", "description": "<p>Democrats and liberal groups deplored decision to revoke ban on former president who incited insurrection but ACLU defends move</p><p>Donald Trump\u2019s <a href=\"https://www.theguardian.com/us-news/2023/jan/26/donald-trump-truth-social-posts-bode-ill-return-facebook\">return to Facebook and Instagram</a> will \u201cfan the flames of hatred and division\u201d, a Democratic congresswoman said, amid liberal outrage after parent company Meta announced its decision to lift a ban on the former US president imposed after the January 6 Capitol attack.</p><p>Jan Schakowsky, of Illinois, said: \u201cReinstating former president Trump\u2019s Facebook and Instagram accounts will only fan the flames of hatred and division that led to an insurrection.\u201d</p> <a href=\"https://www.theguardian.com/us-news/2023/jan/26/trump-facebook-return-reaction-democrats\">Continue reading...</a>", "persistent": false, "language": "en-US", "user": null}, {"source": "https://www.theguardian.com/world/rss", "link": "https://www.theguardian.com/us-news/2023/jan/26/albert-ian-schweitzer-hawaii-freed-dana-ireland-murder", "title": "Wrongfully imprisoned Hawaiian man freed after over 20 years behind bars", "date_published": "2023-01-26 16:09:44+00:00", "description": "<p>Albert \u2018Ian\u2019 Schweitzer was convicted for the 1991 murder of Dana Ireland, a white female tourist</p><p>A native Hawaiian man who was wrongfully imprisoned for killing a white female tourist in 1991 has finally been freed after spending more than 20 years behind bars.</p><p>On Tuesday, Hawaii\u2019s circuit court judge Peter Kubota ordered 51-year old Albert \u201cIan\u201d Schweitzer to be \u201creleased from his shackles immediately\u201d following additional <a href=\"https://innocenceproject.org/wp-content/uploads/2023/01/Joint-Stipulated-Facts.pdf\">evidence</a> presented by Schweitzer\u2019s attorneys in a new petition filed on Monday.</p> <a href=\"https://www.theguardian.com/us-news/2023/jan/26/albert-ian-schweitzer-hawaii-freed-dana-ireland-murder\">Continue reading...</a>", "persistent": false, "language": "en-US", "user": null}, {"source": "https://www.theguardian.com/world/rss", "link": "https://www.theguardian.com/environment/2023/jan/27/food-feed-and-fuel-global-seaweed-industry-could-reduce-land-needed-for-farming-by-110m-hectares-study-finds", "title": "Food, feed and fuel: global seaweed industry could reduce land needed for farming by 110m hectares, study finds", "date_published": "2023-01-26 16:00:26+00:00", "description": "<p>Scientists identify parts of ocean suitable for seaweed cultivation and suggest it could constitute 10% of human diet to reduce impact of agriculture</p><p>An area of ocean almost the size of Australia could support commercial seaweed farming around the world, providing food for humans, feed supplements for cattle, and alternative fuels, according to new research.</p><p>Seaweed farming is a nascent industry globally but the research says if it could grow to constitute 10% of human diets by 2050 it could reduce the amount of land needed for food by 110m hectares (272 acres) \u2013 an area twice the size of France.</p> <a href=\"https://www.theguardian.com/environment/2023/jan/27/food-feed-and-fuel-global-seaweed-industry-could-reduce-land-needed-for-farming-by-110m-hectares-study-finds\">Continue reading...</a>", "persistent": false, "language": "en-US", "user": null}, {"source": "https://www.theguardian.com/world/rss", "link": "https://www.theguardian.com/world/2023/jan/26/danes-furious-over-plan-to-abolish-public-holiday-to-fund-defence-budget", "title": "Danes \u2018furious\u2019 over plan to abolish public holiday to fund defence budget", "date_published": "2023-01-26 15:51:08+00:00", "description": "<p>Union leader says cancelling religious holiday dating from 1600s is \u2018a threat to the Danish model\u2019</p><p>The Danish government\u2019s plan to abolish a public holiday to help fund the defence budget amid the war in Ukraine is putting <a href=\"https://www.theguardian.com/world/denmark\">Denmark</a>\u2019s cherished welfare model at risk, the country\u2019s biggest trade union confederation has warned.</p><p>\u201cIt\u2019s a big threat to the Danish model\u201d, said Lizette Risgaard, the head of the FH confederation, which has 1.3 million members in a country of 5.9 million inhabitants.</p> <a href=\"https://www.theguardian.com/world/2023/jan/26/danes-furious-over-plan-to-abolish-public-holiday-to-fund-defence-budget\">Continue reading...</a>", "persistent": false, "language": "en-US", "user": null}, {"source": "https://www.theguardian.com/world/rss", "link": "https://www.theguardian.com/uk-news/2023/jan/26/euston-memorial-relatives-shooting-trauma", "title": "\u2018They are being overlooked\u2019: Euston memorial relatives speak of trauma after shooting", "date_published": "2023-01-26 15:41:56+00:00", "description": "<p>Mother and daughter say their relatives were deprived of \u2018special day\u2019 and stereotyped as Colombians</p><p>Darcy Diaz had never really planned an event before. But when her aunt and cousin died within a month of each other, she was desperate to put together a memorial service in honour of the people they were. She paid close attention to every detail, from the music they chose to the poems that were read out.</p><p>On the day of the service, earlier this month, she awoke feeling nervous, yet hopeful. \u201cI remember waking up and thinking that finally after today I can start to properly grieve,\u201d Diaz says. \u201cIt was a day for closure.\u201d</p> <a href=\"https://www.theguardian.com/uk-news/2023/jan/26/euston-memorial-relatives-shooting-trauma\">Continue reading...</a>", "persistent": false, "language": "en-US", "user": null}, {"source": "https://www.theguardian.com/world/rss", "link": "https://www.theguardian.com/us-news/2023/jan/26/florida-woman-holocaust-survivor-scam-fraud", "title": "US woman accused of defrauding Holocaust survivor, 87, of $2.8m savings", "date_published": "2023-01-26 14:52:41+00:00", "description": "<p>Peaches Stergo, 36, allegedly met victim on dating site and deceived him into paying 62 checks over four years</p><p>A Florida woman is accused of defrauding an 87-year-old Holocaust survivor out of his $2.8m life savings in a romance scam lasting years.</p><p>Peaches Stergo, 36, of Championsgate, south of Orlando, was arrested on Wednesday and charged with one count of wire fraud, <a href=\"https://www.justice.gov/usao-sdny/pr/florida-woman-arrested-defrauding-holocaust-survivor-28-million-connection-romance-scam\">said the US attorney\u2019s office for southern New York</a>.</p> <a href=\"https://www.theguardian.com/us-news/2023/jan/26/florida-woman-holocaust-survivor-scam-fraud\">Continue reading...</a>", "persistent": false, "language": "en-US", "user": null}, {"source": "https://www.theguardian.com/world/rss", "link": "https://www.theguardian.com/media/2023/jan/27/accc-to-crack-down-on-misleading-influencer-endorsements-across-social-media", "title": "ACCC to crack down on misleading influencer endorsements across social media", "date_published": "2023-01-26 14:00:23+00:00", "description": "<p>Consumer watchdog received over 150 tip-offs about influencers who reportedly failed to disclose affiliations with products they were promoting</p><ul><li><a href=\"https://www.theguardian.com/australia-news/series/australian-news-live/latest\">Follow our Australia news live blog for the latest updates</a></li><li>Get our <a href=\"https://www.theguardian.com/australia-news/2022/oct/29/email-newsletters-guardian-australia-best-daily-news-emails-newsletter-free-sign-up-inbox-subscribe-headlines?CMP=cvau_sfl\">morning and afternoon news emails</a>, <a href=\"https://www.theguardian.com/technology/ng-interactive/2018/may/15/the-guardian-app?CMP=cvau_sfl\">free app</a> or <a href=\"https://www.theguardian.com/australia-news/series/full-story?CMP=cvau_sfl\">daily news podcast</a></li></ul><p> Australia\u2019s consumer watchdog is taking a close look at more than 100 social media influencers after receiving tip offs that they might not be disclosing sponsored content.</p><p>The Australian Competition and Consumer Commission (ACCC) said it received more than 150 tip-offs after <a href=\"https://www.theguardian.com/australia-news/2023/jan/20/consumer-watchdog-calls-on-public-to-report-social-media-influencers-failing-to-disclose-posts-as-ads\">its call-out on Facebook last week</a>, most of them about influencers in beauty, lifestyle, parenting and fashion who tipsters believed had failed to disclose their affiliation with the product or company they were promoting.</p><p><strong><a href=\"https://www.theguardian.com/australia-news/2022/oct/29/email-newsletters-guardian-australia-best-daily-news-emails-newsletter-free-sign-up-inbox-subscribe-headlines?CMP=copyembed\">Sign up for Guardian Australia\u2019s free morning and afternoon email newsletters for your daily news roundup</a></strong></p> <a href=\"https://www.theguardian.com/media/2023/jan/27/accc-to-crack-down-on-misleading-influencer-endorsements-across-social-media\">Continue reading...</a>", "persistent": false, "language": "en-US", "user": null}, {"source": "https://www.theguardian.com/world/rss", "link": "https://www.theguardian.com/australia-news/2023/jan/27/labor-flags-law-reforms-to-stop-cases-involving-national-security-being-cloaked-in-secrecy", "title": "Labor flags law reforms to stop cases involving national security being cloaked in secrecy", "date_published": "2023-01-26 14:00:23+00:00", "description": "<p>Bernard Collaery welcomes proposed changes as attorney general recognises importance of open justice and public interest</p><ul><li><a href=\"https://www.theguardian.com/australia-news/series/australian-news-live/latest\">Follow our Australia news live blog for the latest updates</a></li><li>Get our <a href=\"https://www.theguardian.com/australia-news/2022/oct/29/email-newsletters-guardian-australia-best-daily-news-emails-newsletter-free-sign-up-inbox-subscribe-headlines?CMP=cvau_sfl\">morning and afternoon news emails</a>, <a href=\"https://www.theguardian.com/technology/ng-interactive/2018/may/15/the-guardian-app?CMP=cvau_sfl\">free app</a> or <a href=\"https://www.theguardian.com/australia-news/series/full-story?CMP=cvau_sfl\">daily news podcast</a></li></ul><p>The federal government has flagged amendments to national security laws to ensure that the near total secrecy that hid the prosecution and imprisonment of a former Australian intelligence officer cannot happen again.</p><p>The former government faced persistent criticism of its use of the National Security Information (NSI) Act to enforce extreme secrecy in cases of clear public interest, including the prosecutions of <a href=\"https://www.theguardian.com/australia-news/2022/jan/31/open-justice-v-secrecy-what-is-the-case-against-witness-k-lawyer-bernard-collaery-all-about\">Bernard Collaery, Witness K</a> and the former military lawyer David McBride.</p><p><strong><a href=\"https://www.theguardian.com/australia-news/2022/oct/29/email-newsletters-guardian-australia-best-daily-news-emails-newsletter-free-sign-up-inbox-subscribe-headlines?CMP=copyembed\">Sign up for Guardian Australia\u2019s free morning and afternoon</a></strong><a href=\"https://www.theguardian.com/australia-news/2022/oct/29/email-newsletters-guardian-australia-best-daily-news-emails-newsletter-free-sign-up-inbox-subscribe-headlines?CMP=copyembed\"> </a><strong><a href=\"https://www.theguardian.com/australia-news/2022/oct/29/email-newsletters-guardian-australia-best-daily-news-emails-newsletter-free-sign-up-inbox-subscribe-headlines?CMP=copyembed\">email newsletters for your daily news roundup</a></strong></p> <a href=\"https://www.theguardian.com/australia-news/2023/jan/27/labor-flags-law-reforms-to-stop-cases-involving-national-security-being-cloaked-in-secrecy\">Continue reading...</a>", "persistent": false, "language": "en-US", "user": null}, {"source": "https://www.theguardian.com/world/rss", "link": "https://www.theguardian.com/australia-news/2023/jan/27/lidia-thorpe-joined-anti-voice-coalition-senators-to-push-for-inquiry-into-indigenous-bodies", "title": "Lidia Thorpe joined anti-voice Coalition senators to push for inquiry into Indigenous bodies", "date_published": "2023-01-26 14:00:23+00:00", "description": "<p>The Greens senator blames an \u2018administrative error\u2019 for the move in November before being forced to withdraw by Adam Bandt</p><ul><li><a href=\"https://www.theguardian.com/australia-news/series/australian-news-live/latest\">Follow our Australia news live blog for the latest updates</a></li><li>Get our <a href=\"https://www.theguardian.com/australia-news/2022/oct/29/email-newsletters-guardian-australia-best-daily-news-emails-newsletter-free-sign-up-inbox-subscribe-headlines?CMP=cvau_sfl\">morning and afternoon news emails</a>, <a href=\"https://www.theguardian.com/technology/ng-interactive/2018/may/15/the-guardian-app?CMP=cvau_sfl\">free app</a> or <a href=\"https://www.theguardian.com/australia-news/series/full-story?CMP=cvau_sfl\">daily news podcast</a></li></ul><p>The Greens senator Lidia Thorpe put her name to the establishment of an inquiry into Indigenous bodies pushed by some of the Coalition\u2019s most strident opponents of the voice, before being forced to withdraw by the Greens leader, Adam Bandt.</p><p>Thorpe has blamed an \u201cadministrative error\u201d for the move in November, when she briefly teamed up with the Nationals\u2019 Jacinta Nampijinpa Price and Liberal James McGrath, among others, to ask the Senate for a year-long inquiry, which would run throughout the voice referendum debate.</p><p><strong><a href=\"https://www.theguardian.com/australia-news/2022/oct/29/email-newsletters-guardian-australia-best-daily-news-emails-newsletter-free-sign-up-inbox-subscribe-headlines?CMP=copyembed\">Sign up for Guardian Australia\u2019s free morning and afternoon</a></strong><a href=\"https://www.theguardian.com/australia-news/2022/oct/29/email-newsletters-guardian-australia-best-daily-news-emails-newsletter-free-sign-up-inbox-subscribe-headlines?CMP=copyembed\"> </a><strong><a href=\"https://www.theguardian.com/australia-news/2022/oct/29/email-newsletters-guardian-australia-best-daily-news-emails-newsletter-free-sign-up-inbox-subscribe-headlines?CMP=copyembed\">email newsletters for your daily news roundup</a></strong></p> <a href=\"https://www.theguardian.com/australia-news/2023/jan/27/lidia-thorpe-joined-anti-voice-coalition-senators-to-push-for-inquiry-into-indigenous-bodies\">Continue reading...</a>", "persistent": false, "language": "en-US", "user": null}, {"source": "https://www.theguardian.com/world/rss", "link": "https://www.theguardian.com/us-news/2023/jan/26/tyre-nichols-death-memphis-police-killing", "title": "Tyre Nichols\u2019s death after police encounter was \u2018failing of basic humanity\u2019, says Memphis chief", "date_published": "2023-01-26 13:58:32+00:00", "description": "<p>Memphis police chief says January traffic stop that preceded man\u2019s death was \u2018heinous, reckless, and inhumane\u2019</p><p>The police chief of Memphis, Tennessee has described the circumstances surrounding the death of Tyre Nichols, a Black man who died three days after a 7 January encounter with police, \u201cheinous, reckless, and inhumane\u201d.</p><p>\u201cAside from being your chief of police, I am a citizen of this community, we share; I am a mother, I am a caring human being who wants the best for all of us; this is not just a professional failing,\u201d CJ Davis said in <a href=\"https://www.youtube.com/watch?v=jpD2FDjBBr8\">a video statement released on YouTube</a>.</p> <a href=\"https://www.theguardian.com/us-news/2023/jan/26/tyre-nichols-death-memphis-police-killing\">Continue reading...</a>", "persistent": false, "language": "en-US", "user": null}, {"source": "https://www.theguardian.com/world/rss", "link": "https://www.theguardian.com/us-news/2023/jan/26/adam-schiff-mike-pompeo-failed-trump-lackey-classified-records", "title": "Schiff calls Mike Pompeo \u2018failed Trump lackey\u2019 after classified records claim", "date_published": "2023-01-26 13:13:11+00:00", "description": "<p>Democratic congressman pushes back after former CIA chief and secretary of state accuses him of leaking classified information</p><p>Mike Pompeo is a \u201cfailed lackey of the Trump administration\u201d, a spokesperson for Adam Schiff said on Wednesday, after the former CIA director and secretary of state accused the Democratic congressman of <a href=\"https://www.theguardian.com/us-news/2023/jan/26/democrats-kevin-mccarthy-george-santos-classified-data\">leaking classified information</a>.</p><p>\u201cThis is another patently false and defamatory statement from Mike Pompeo,\u201d the spokesperson <a href=\"https://thehill.com/blogs/blog-briefing-room/3830797-pompeo-accuses-schiff-of-leaking-classified-information/\">told the Hill</a>. \u201cWhile we understand that Adam Schiff is a favorite target for the failed lackeys of the Trump administration running for president, reputable news outlets shouldn\u2019t repeat these falsehoods.\u201d</p> <a href=\"https://www.theguardian.com/us-news/2023/jan/26/adam-schiff-mike-pompeo-failed-trump-lackey-classified-records\">Continue reading...</a>", "persistent": false, "language": "en-US", "user": null}, {"source": "https://www.theguardian.com/world/rss", "link": "https://www.theguardian.com/business/2023/jan/26/scotland-rethink-university-personal-care-pledges-spending", "title": "Scotland may have to rethink free university places pledge, analysis shows", "date_published": "2023-01-26 12:24:51+00:00", "description": "<p>IFS says if Holyrood\u2019s health and climate policies remain in place other public spending will also suffer</p><p><a href=\"https://www.theguardian.com/uk/scotland\">The Scottish government</a> could be forced to reconsider spending pledges to provide free university places and free personal care for older people in light of a squeeze on payments from the UK Treasury over the next two years, according to analysis by the Institute for Fiscal Studies.</p><p>The thinktank said the Scottish National party administration would face \u201cdifficult trade-offs\u201d if it pursued plans to increase health spending and meet net zero climate targets from a budget adjusted for inflation that is on course to shrink.</p> <a href=\"https://www.theguardian.com/business/2023/jan/26/scotland-rethink-university-personal-care-pledges-spending\">Continue reading...</a>", "persistent": false, "language": "en-US", "user": null}, {"source": "https://www.theguardian.com/world/rss", "link": "https://www.theguardian.com/us-news/2023/jan/26/first-thing-russia-retaliates-with-mass-missile-attack-on-ukraine-after-tanks-promise", "title": "Russia retaliates with mass missile attack on Ukraine after tanks promise | First Thing", "date_published": "2023-01-26 11:15:42+00:00", "description": "<p>Sending tanks is seen as growing \u2018direct involvement in the conflict\u2019 from US and Nato, Kremlin says. Plus, how did America\u2019s eggs get absurdly expensive?</p><p>Good morning.</p><p>Huge explosions shook Kyiv and sirens sounded across Ukraine on Thursday morning during <a href=\"https://www.theguardian.com/world/2023/jan/26/ukraine-mass-missile-attack-kyiv-day-after-tanks-promise\">a mass missile attack</a> 24 hours after commitments were made by the US and Germany to send advanced battle tanks. There were reports of at least one person killed in the capital, Kyiv.</p><p><strong>What has Volodymyr Zelenskiy said?</strong> In his nightly address, the Ukraine president praised the commitments and urged allies to provide large quantities of tanks quickly. He said: \u201cThe key thing now is speed and volume. The speed of training of our military, the speed of supplying tanks to Ukraine and the volume of tank support.\u201d</p><p><strong>What else is happening?</strong> Here\u2019s <a href=\"https://www.theguardian.com/world/2023/jan/26/russia-ukraine-war-at-a-glance-what-we-know-on-day-337-of-the-invasion\">what we know on day 337</a> of the invasion.</p><p><strong>Doesn\u2019t California have the strictest gun laws?</strong> Yes. In 1989, it became the first state in the nation to ban military-style assault weapons. The state\u2019s per-capita gun homicide rate is lower than the US average. But even California\u2019s Democratic supermajority, which has continued to pass a wide range of new gun regulations, can only do so much in a country where gun rights are fiercely protected.</p> <a href=\"https://www.theguardian.com/us-news/2023/jan/26/first-thing-russia-retaliates-with-mass-missile-attack-on-ukraine-after-tanks-promise\">Continue reading...</a>", "persistent": false, "language": "en-US", "user": null}, {"source": "https://www.theguardian.com/world/rss", "link": "https://www.theguardian.com/politics/2023/jan/26/hmrc-boss-tells-mps-innocent-errors-dont-attract-penalties-after-nadhim-zahawi-tax-row", "title": "HMRC boss tells MPs \u2018innocent errors\u2019 aren\u2019t penalised after Zahawi tax row", "date_published": "2023-01-26 11:10:37+00:00", "description": "<p>Jim Harra says his officials will help with ethics inquiry \u2018in any way we can\u2019</p><p>The chief executive of HM Revenue and Customs has told the public accounts committee that there are \u201cno penalties for innocent errors\u201d in an individual\u2019s tax affairs.</p><p>Jim Harra has told MPs that officials would help \u201cin any way we possibly can\u201d with the inquiry by the prime minister\u2019s ethics adviser into <a href=\"https://www.theguardian.com/uk-news/2023/jan/26/treasury-was-aware-investigation-nadhim-zahawi-finances-sources-claim\">Nadhim Zahawi\u2019s tax affairs</a>.</p> <a href=\"https://www.theguardian.com/politics/2023/jan/26/hmrc-boss-tells-mps-innocent-errors-dont-attract-penalties-after-nadhim-zahawi-tax-row\">Continue reading...</a>", "persistent": false, "language": "en-US", "user": null}, {"source": "https://www.theguardian.com/world/rss", "link": "https://www.theguardian.com/us-news/2023/jan/26/marijuana-cannabis-new-york-roland-conner", "title": "New Yorker jailed during \u2018war on drugs\u2019 becomes cannabis pioneer", "date_published": "2023-01-26 11:00:07+00:00", "description": "<p>Roland Conner, 50, opens pop-up marijuana shop in Greenwich Village, only second legal dispensary in the state</p><p>As a New York City teenager, 50-year old Roland Conner found himself harshly punished for only minor offenses related to marijuana.</p><p>A 1991 arrest resulted in a months-long incarceration, as America\u2019s flawed \u201c<a href=\"https://www.theguardian.com/world/2016/apr/19/war-on-drugs-statistics-systematic-policy-failure-united-nations\">war on drugs</a>\u201d had an <a href=\"https://www.theguardian.com/commentisfree/2017/apr/17/war-drugs-racist-donald-trump-embracing-open-arms\">unfairly disproportionate</a> impact on Black and brown youth.</p> <a href=\"https://www.theguardian.com/us-news/2023/jan/26/marijuana-cannabis-new-york-roland-conner\">Continue reading...</a>", "persistent": false, "language": "en-US", "user": null}, {"source": "https://www.theguardian.com/world/rss", "link": "https://www.theguardian.com/us-news/2023/jan/26/arizona-elections-director-conchise-county-lisa-marra", "title": "Arizona: elections director in county that refused to certify results quits", "date_published": "2023-01-26 11:00:06+00:00", "description": "<p>Lisa Marra, who worked in Republican Cochise county, condemns \u2018physically and emotionally threatening\u2019 work environment</p><p>The elections director of a rural Republican Arizona county that refused to certify the state\u2019s 2022 elections has resigned.</p><p>The Washington Post <a href=\"https://www.washingtonpost.com/politics/2023/01/24/biden-democrats-white-house-debt-limit/#link-52HZQDCWQBFYHFYFKFF7ZEVBOI\">reported</a> that Lisa Marra, the appointed elections director in Cochise county, will leave the role. The county has not yet confirmed the resignation to the Guardian. Marra could not be reached for comment on Wednesday.</p> <a href=\"https://www.theguardian.com/us-news/2023/jan/26/arizona-elections-director-conchise-county-lisa-marra\">Continue reading...</a>", "persistent": false, "language": "en-US", "user": null}, {"source": "https://www.theguardian.com/world/rss", "link": "https://www.theguardian.com/australia-news/2023/jan/26/australian-hospitality-giant-accused-of-going-to-shocking-lengths-to-avoid-paying-casuals-penalty-rates", "title": "Australian hospitality giant accused of going to \u2018shocking\u2019 lengths to avoid paying casuals penalty rates", "date_published": "2023-01-26 10:01:51+00:00", "description": "<p>Pub chain Mantle Group under under pressure to \u2018negotiate a fair dinkum EBA\u2019  after \u2018zombie\u2019 deal replaced by \u2018another substandard agreement\u2019, union says</p><ul><li>Get our <a href=\"https://www.theguardian.com/australia-news/2022/oct/29/email-newsletters-guardian-australia-best-daily-news-emails-newsletter-free-sign-up-inbox-subscribe-headlines?CMP=cvau_sfl\">morning and afternoon news emails</a>, <a href=\"https://www.theguardian.com/technology/ng-interactive/2018/may/15/the-guardian-app?CMP=cvau_sfl\">free app</a> or <a href=\"https://www.theguardian.com/australia-news/series/full-story?CMP=cvau_sfl\">daily news podcast</a></li></ul><p>A hospitality giant is facing calls to negotiate with its workers after pushing staff towards a new workplace deal that could let it avoid paying penalty rates.</p><p>The Queensland-based Mantle Group Hospitality has legally avoided paying its casuals weekend and public holiday rates through a so-called \u201czombie\u201d agreement first signed in 1999. </p><p><strong><a href=\"https://www.theguardian.com/australia-news/2022/oct/29/email-newsletters-guardian-australia-best-daily-news-emails-newsletter-free-sign-up-inbox-subscribe-headlines?CMP=copyembed\">Sign up for Guardian Australia\u2019s free morning and afternoon</a></strong><a href=\"https://www.theguardian.com/australia-news/2022/oct/29/email-newsletters-guardian-australia-best-daily-news-emails-newsletter-free-sign-up-inbox-subscribe-headlines?CMP=copyembed\"> </a><strong><a href=\"https://www.theguardian.com/australia-news/2022/oct/29/email-newsletters-guardian-australia-best-daily-news-emails-newsletter-free-sign-up-inbox-subscribe-headlines?CMP=copyembed\">email newsletters for your daily news roundup</a></strong></p> <a href=\"https://www.theguardian.com/australia-news/2023/jan/26/australian-hospitality-giant-accused-of-going-to-shocking-lengths-to-avoid-paying-casuals-penalty-rates\">Continue reading...</a>", "persistent": false, "language": "en-US", "user": null}, {"source": "https://www.theguardian.com/world/rss", "link": "https://www.theguardian.com/world/2023/jan/26/ukraine-mass-missile-attack-kyiv-day-after-tanks-promise", "title": "Ukraine under mass missile attack a day after west\u2019s promise of tanks", "date_published": "2023-01-26 08:55:31+00:00", "description": "<p>Explosions and air raid sirens as one official says air defences shot down 15 cruise missiles heading to Kyiv</p><ul><li><a href=\"https://www.theguardian.com/world/live/2023/jan/26/russia-ukraine-war-live-key-thing-now-is-speed-and-volume-says-zelenskiy-as-allies-commit-to-tanks\">Russia-Ukraine war \u2013 latest news updates</a></li></ul><p>Huge explosions shook Kyiv and raid sirens sounded across Ukraine on Thursday morning during a mass missile attack 24 hours after commitments were made by the US and Germany to send advanced battle tanks. There were reports of at least one person killed.</p><p>A total of 30 missiles were said to be heading towards targets in the war-torn country after Ukraine\u2019s air defences shot down 24 Iranian-made Shahad \u201ckamikaze\u201d drones overnight.</p> <a href=\"https://www.theguardian.com/world/2023/jan/26/ukraine-mass-missile-attack-kyiv-day-after-tanks-promise\">Continue reading...</a>", "persistent": false, "language": "en-US", "user": null}, {"source": "https://www.theguardian.com/world/rss", "link": "https://www.theguardian.com/australia-news/2023/jan/26/boy-struck-by-lightning-at-beach-near-wollongong", "title": "Boy struck by lightning at beach near Wollongong", "date_published": "2023-01-26 08:05:39+00:00", "description": "<p>Paramedics administered CPR to 10-year-old, as Bureau of Meteorology issues severe thunderstorm warning for eastern NSW</p><ul><li><a href=\"https://www.theguardian.com/australia-news/series/australian-news-live/latest\">Follow our Australia news live blog for the latest updates</a></li><li>Get our <a href=\"https://www.theguardian.com/australia-news/2022/oct/29/email-newsletters-guardian-australia-best-daily-news-emails-newsletter-free-sign-up-inbox-subscribe-headlines?CMP=cvau_sfl\">morning and afternoon news emails</a>, <a href=\"https://www.theguardian.com/technology/ng-interactive/2018/may/15/the-guardian-app?CMP=cvau_sfl\">free app</a> or <a href=\"https://www.theguardian.com/australia-news/series/full-story?CMP=cvau_sfl\">daily news podcast</a></li></ul><p>A 10-year-old boy was struck by lightning at a beach near Wollongong on Thursday.</p><p>New South Wales Ambulance said the accident happened at Barrack Point near Wollongong after a storm cell hit the area on Thursday evening.</p> <a href=\"https://www.theguardian.com/australia-news/2023/jan/26/boy-struck-by-lightning-at-beach-near-wollongong\">Continue reading...</a>", "persistent": false, "language": "en-US", "user": null}, {"source": "https://www.theguardian.com/world/rss", "link": "https://www.theguardian.com/australia-news/2023/jan/26/adanis-queensland-coalmine-cited-in-us-investors-claims-of-biggest-con-in-corporate-history", "title": "Adani\u2019s Queensland coalmine cited in US investor\u2019s claims of \u2018biggest con in corporate history\u2019", "date_published": "2023-01-26 07:19:55+00:00", "description": "<p>Scathing allegations, which company rejects as \u2018baseless\u2019, will hamper access to Wall Street but surging coal price will ease burden, experts say</p><ul><li><a href=\"https://www.theguardian.com/australia-news/live/2023/jan/26/australia-news-live-invasion-day-protests-under-way-pro-russian-tennis-fans-quizzed-by-police\">Follow our Australia news live blog for the latest updates</a></li><li>Get our <a href=\"https://www.theguardian.com/australia-news/2022/oct/29/email-newsletters-guardian-australia-best-daily-news-emails-newsletter-free-sign-up-inbox-subscribe-headlines?CMP=cvau_sfl\">morning and afternoon news emails</a>, <a href=\"https://www.theguardian.com/technology/ng-interactive/2018/may/15/the-guardian-app?CMP=cvau_sfl\">free app</a> or <a href=\"https://www.theguardian.com/australia-news/series/full-story?CMP=cvau_sfl\">daily news podcast</a></li></ul><p>The ability of Adani Group to raise money will be curbed after scathing allegations in a report by an activist US short-seller, although surging coal prices that underpin the Indian conglomerate\u2019s contentious Queensland operations will help alleviate some pressure, analysts say.</p><p>Adani, which operates the Carmichael coal and rail project via its rebranded subsidiary Bravus, is the target of US investment firm Hindenburg Research, which alleges the company has engaged in a \u201cbrazen stock manipulation and accounting fraud scheme\u201d.</p><p>A private company called Carmichael Rail and Port Singapore Holdings with ties to Adani paid A$147m for unspecified \u201cwork in progress\u201d assets from the Australian operations, without a detailed description.</p><p>The same private company paid A$155m for the right to use the rail facilities at the Queensland operation.</p><p>The private Carmichael company also received A$100m from an Adani subsidiary to pay off debt.</p><p><strong><a href=\"https://www.theguardian.com/australia-news/2022/oct/29/email-newsletters-guardian-australia-best-daily-news-emails-newsletter-free-sign-up-inbox-subscribe-headlines?CMP=copyembed\">Sign up for Guardian Australia\u2019s free morning and afternoon</a></strong><a href=\"https://www.theguardian.com/australia-news/2022/oct/29/email-newsletters-guardian-australia-best-daily-news-emails-newsletter-free-sign-up-inbox-subscribe-headlines?CMP=copyembed\"> </a><strong><a href=\"https://www.theguardian.com/australia-news/2022/oct/29/email-newsletters-guardian-australia-best-daily-news-emails-newsletter-free-sign-up-inbox-subscribe-headlines?CMP=copyembed\">email newsletters for your daily news roundup</a></strong></p> <a href=\"https://www.theguardian.com/australia-news/2023/jan/26/adanis-queensland-coalmine-cited-in-us-investors-claims-of-biggest-con-in-corporate-history\">Continue reading...</a>", "persistent": false, "language": "en-US", "user": null}, {"source": "https://www.theguardian.com/world/rss", "link": "https://www.theguardian.com/australia-news/2023/jan/26/nothing-to-celebrate-invasion-day-rallies-draw-thousands-but-participants-divided-on-voice", "title": "\u2018Nothing to celebrate\u2019: Invasion Day rallies draw thousands but participants divided on voice", "date_published": "2023-01-26 06:08:34+00:00", "description": "<p>Attendees at the Sydney rally say the strong opposition to the voice to parliament by organisers was shaping how they will vote</p><ul><li><a href=\"https://www.theguardian.com/australia-news/live/2023/jan/26/australia-news-live-invasion-day-protests-under-way-pro-russian-tennis-fans-quizzed-by-police\">Follow our Australia news live blog for the latest updates</a></li></ul><p>Get our <a href=\"https://www.theguardian.com/australia-news/2022/oct/29/email-newsletters-guardian-australia-best-daily-news-emails-newsletter-free-sign-up-inbox-subscribe-headlines?CMP=cvau_sfl\">morning and afternoon news emails</a>, <a href=\"https://www.theguardian.com/technology/ng-interactive/2018/may/15/the-guardian-app?CMP=cvau_sfl\">free app</a> or <a href=\"https://www.theguardian.com/australia-news/series/full-story?CMP=cvau_sfl\">daily news podcast</a></p><p>Thousands of people attended Invasion Day rallies across Australia on Thursday, where First Nations speakers called for action on deaths in custody, and end to the removal of Aboriginal children and \u2013 in many locations \u2013 made a case against an Indigenous voice to parliament being enacted before a treaty.</p><p>The referendum on a constitutionally enshrined First Nations advisory body, as first proposed in the Uluru statement from the heart, is due to be held later this year and was a prominent topic at Thursday\u2019s events, which are held each year to mourn and protest Indigenous dispossession on what is officially Australia\u2019s national day.</p> <a href=\"https://www.theguardian.com/australia-news/2023/jan/26/nothing-to-celebrate-invasion-day-rallies-draw-thousands-but-participants-divided-on-voice\">Continue reading...</a>", "persistent": false, "language": "en-US", "user": null}, {"source": "https://www.theguardian.com/world/rss", "link": "https://www.theguardian.com/media/2023/jan/26/netflix-crackdown-on-password-sharing-to-begin-in-coming-months", "title": "Netflix crackdown on password sharing to begin in coming months", "date_published": "2023-01-26 03:12:08+00:00", "description": "<p>Sharing accounts across multiple households likely to attract additional fee as streaming giant looks to recoup subscriber losses</p><p>Streaming giant Netflix will begin its crackdown on password sharing in the first quarter of this year, after the release of its <a href=\"https://s22.q4cdn.com/959853165/files/doc_financials/2022/q4/FINAL-Q4-22-Shareholder-Letter.pdf\">company earnings report</a> to shareholders last week.</p><p>The practice of sharing passwords with people outside the subscriber\u2019s household will become more complex and is likely to involve an additional fee to share a single subscription across multiple locations.</p> <a href=\"https://www.theguardian.com/media/2023/jan/26/netflix-crackdown-on-password-sharing-to-begin-in-coming-months\">Continue reading...</a>", "persistent": false, "language": "en-US", "user": null}, {"source": "https://www.theguardian.com/world/rss", "link": "https://www.theguardian.com/australia-news/2023/jan/26/nsw-fugitive-arrested-after-being-found-in-hull-of-yacht-in-darwin-marina", "title": "NSW fugitive arrested after being found in hull of yacht in Darwin marina", "date_published": "2023-01-26 02:04:07+00:00", "description": "<p>Arrest of 32-year-old, reportedly Mark Horne, ends a nationwide manhunt that started last October </p><ul><li><a href=\"https://www.theguardian.com/australia-news/live/2023/jan/26/australia-news-live-invasion-day-protests-under-way-pro-russian-tennis-fans-quizzed-by-police\">Follow our Australia news live blog for the latest updates</a></li><li>Get our <a href=\"https://www.theguardian.com/australia-news/2022/oct/29/email-newsletters-guardian-australia-best-daily-news-emails-newsletter-free-sign-up-inbox-subscribe-headlines?CMP=cvau_sfl\">morning and afternoon news emails</a>, <a href=\"https://www.theguardian.com/technology/ng-interactive/2018/may/15/the-guardian-app?CMP=cvau_sfl\">free app</a> or <a href=\"https://www.theguardian.com/australia-news/series/full-story?CMP=cvau_sfl\">daily news podcast</a></li></ul><p>One of New South Wales\u2019s most-wanted men has been found hiding in the hull of a yacht in Darwin.</p><p>Northern Territory police arrested the 32-year-old as the vessel attempted to sail out of Cullen Bay Marina on Wednesday afternoon.</p> <a href=\"https://www.theguardian.com/australia-news/2023/jan/26/nsw-fugitive-arrested-after-being-found-in-hull-of-yacht-in-darwin-marina\">Continue reading...</a>", "persistent": false, "language": "en-US", "user": null}, {"source": "https://www.theguardian.com/world/rss", "link": "https://www.theguardian.com/australia-news/2023/jan/26/senior-australian-of-the-year-tom-calma-lidia-thorpe-indigenous-voice-to-parliament", "title": "Senior Australian of the year Tom Calma \u2018disappointed\u2019 at Lidia Thorpe\u2019s intentions to oppose voice", "date_published": "2023-01-26 00:52:26+00:00", "description": "<p>Co-chair of Indigenous voice to parliament co-design group says proposed body is \u2018first step\u2019 to First Nations contributions to policymaking</p><ul><li><a href=\"https://www.theguardian.com/australia-news/live/2023/jan/26/australia-news-live-invasion-day-protests-under-way-pro-russian-tennis-fans-quizzed-by-police\">Follow our Australia news live blog for the latest updates</a></li><li>Get our <a href=\"https://www.theguardian.com/australia-news/2022/oct/29/email-newsletters-guardian-australia-best-daily-news-emails-newsletter-free-sign-up-inbox-subscribe-headlines?CMP=cvau_sfl\">morning and afternoon news emails</a>, <a href=\"https://www.theguardian.com/technology/ng-interactive/2018/may/15/the-guardian-app?CMP=cvau_sfl\">free app</a> or <a href=\"https://www.theguardian.com/australia-news/series/full-story?CMP=cvau_sfl\">daily news podcast</a></li></ul><p>The newly minted senior Australian of the year and co-chair of the Indigenous voice co-design group, Tom Calma, says he feels \u201ca bit offended\u201d by Greens senator Lidia Thorpe\u2019s decision to telegraph opposition to the advisory body.</p><p>Calma told the ABC on Thursday establishing the voice to parliament was a critical step in maintaining progress on a range of fronts, so he was \u201cdisappointed\u201d Thorpe had signalled that <a href=\"https://www.theguardian.com/australia-news/2023/jan/25/my-door-is-open-anthony-albanese-challenges-political-foes-to-contribute-to-voice-legislation\">she would oppose the reform</a> unless Labor provided \u201cguarantees\u201d that First Nations sovereignty would not be not ceded.</p><p><strong><a href=\"https://www.theguardian.com/australia-news/2022/oct/29/email-newsletters-guardian-australia-best-daily-news-emails-newsletter-free-sign-up-inbox-subscribe-headlines?CMP=copyembed\">Sign up for Guardian Australia\u2019s free morning and afternoon email newsletters for your daily news roundup</a></strong></p> <a href=\"https://www.theguardian.com/australia-news/2023/jan/26/senior-australian-of-the-year-tom-calma-lidia-thorpe-indigenous-voice-to-parliament\">Continue reading...</a>", "persistent": false, "language": "en-US", "user": null}, {"source": "https://www.theguardian.com/world/rss", "link": "https://www.theguardian.com/environment/2023/jan/26/new-farm-subsidies-regime-could-be-great-for-nature-properly-funded", "title": "New farm subsidies regime could be great for nature \u2013 if properly funded", "date_published": "2023-01-26 00:01:44+00:00", "description": "<p>Environmentalists are giving England\u2019s newly announced post-Brexit subsidies system a cautious welcome</p><ul><li><a href=\"https://www.theguardian.com/environment/2023/jan/26/details-long-awaited-farming-subsidies-overhaul-england-revealed\">Details of long-awaited farm subsidies overhaul in England revealed</a></li></ul><p>Farmers in England have waited six years to find out what they will be paid by the government to do <a href=\"https://www.theguardian.com/environment/2022/sep/24/brexit-bonus-farmers-poised-to-scrap\">after Brexit</a>, and now they have been given <a href=\"https://www.theguardian.com/environment/2023/jan/26/details-long-awaited-farming-subsidies-overhaul-england-revealed\">something resembling an answer</a>.</p><p>When the UK left the EU, one of the few almost universally agreed benefits was that the farming system could be reformed, leaving behind the hated common agricultural policy that paid farmers for the amount of land they managed. </p> <a href=\"https://www.theguardian.com/environment/2023/jan/26/new-farm-subsidies-regime-could-be-great-for-nature-properly-funded\">Continue reading...</a>", "persistent": false, "language": "en-US", "user": null}], "source": {"url": "https://www.theguardian.com/world/rss", "title": "The Guardian - World"}}