{"entries": [{"source": "http://www.aljazeera.com/xml/rss/all.xml", "link": "https://www.aljazeera.com/news/2023/1/26/california-storms-give-state-much-needed-boost-in-water-supply", "title": "California storms give state much-needed boost in water supply", "date_published": "2023-01-26 23:09:59+00:00", "description": "A series of atmospheric rivers covered the parched state with an estimated 121 trillion litres of water.", "persistent": false, "language": "en-US", "user": null}, {"source": "http://www.aljazeera.com/xml/rss/all.xml", "link": "https://www.aljazeera.com/news/2023/1/26/new-york-city-bike-path-attacker-convicted-for-2017-rampage", "title": "New York City bike path attacker convicted for 2017 rampage", "date_published": "2023-01-26 23:03:18+00:00", "description": "Sayfullo Saipov, who killed eight people after driving a truck down a busy New York City bike path, faces death penalty.", "persistent": false, "language": "en-US", "user": null}, {"source": "http://www.aljazeera.com/xml/rss/all.xml", "link": "https://www.aljazeera.com/news/2023/1/26/us-census-could-get-mena-category-after-new-recommendations", "title": "US Census could get MENA category after new recommendations", "date_published": "2023-01-26 22:57:45+00:00", "description": "US government panel recommends adding box on Census to count people from the Middle East and North Africa region.", "persistent": false, "language": "en-US", "user": null}, {"source": "http://www.aljazeera.com/xml/rss/all.xml", "link": "https://www.aljazeera.com/economy/2023/1/26/a-us-state-asked-fbi-for-evidence-to-ban-tiktok-it-declined", "title": "A US state asked for evidence to ban TikTok. The FBI offered none", "date_published": "2023-01-26 20:49:21+00:00", "description": "Emails show officials in the state of Connecticut opted not to ban the Chinese-owned app after consulting with the FBI.", "persistent": false, "language": "en-US", "user": null}, {"source": "http://www.aljazeera.com/xml/rss/all.xml", "link": "https://www.aljazeera.com/news/2023/1/26/russia-nato-war-involvement-growing-with-arms-to-ukraine", "title": "Russia: NATO war involvement \u2018growing\u2019 with arms to Ukraine", "date_published": "2023-01-26 20:36:47+00:00", "description": "War experts are divided on how effective Germany\u2019s Leopard 2 and American Abrams tanks will be against Russian forces.", "persistent": false, "language": "en-US", "user": null}, {"source": "http://www.aljazeera.com/xml/rss/all.xml", "link": "https://www.aljazeera.com/economy/2023/1/26/us-economy-posts-strong-growth-in-q4-but-underlying-weakness", "title": "US economy posts strong growth in Q4 but underlying weakness", "date_published": "2023-01-26 20:28:12+00:00", "description": "Most economists expect a recession by the second half of the year, though a short, mild one compared to previous ones.", "persistent": false, "language": "en-US", "user": null}, {"source": "http://www.aljazeera.com/xml/rss/all.xml", "link": "https://www.aljazeera.com/news/2023/1/26/tensions-soar-in-haitis-capital-after-police-officers-killed", "title": "Tensions soar in Haiti\u2019s capital after police officers killed", "date_published": "2023-01-26 20:20:30+00:00", "description": "Protesters erect burning barricades in Port-au-Prince as anger bubbles over following recent killings by Haitian gangs.", "persistent": false, "language": "en-US", "user": null}, {"source": "http://www.aljazeera.com/xml/rss/all.xml", "link": "https://www.aljazeera.com/news/2023/1/26/us-officers-involved-in-tyre-nicholss-death-face-murder-charges", "title": "US officers involved in Tyre Nichols\u2019s death face murder charges", "date_published": "2023-01-26 20:13:50+00:00", "description": "Family says Nichols was beaten for three minutes by officers during traffic stop before dying in hospital days later.", "persistent": false, "language": "en-US", "user": null}, {"source": "http://www.aljazeera.com/xml/rss/all.xml", "link": "https://www.aljazeera.com/news/2023/1/26/peru-increasingly-isolated-as-protedeath-toll-climbs", "title": "Peru pulls ambassador from Honduras amid regional criticism", "date_published": "2023-01-26 20:01:51+00:00", "description": "Peru has struggled with diplomatic isolation as left-wing governments criticise its crackdown on protesters.", "persistent": false, "language": "en-US", "user": null}, {"source": "http://www.aljazeera.com/xml/rss/all.xml", "link": "https://www.aljazeera.com/program/inside-story/2023/1/26/how-will-us-and-german-tanks-help-ukraine", "title": "How will US and German tanks help Ukraine?", "date_published": "2023-01-26 19:25:22+00:00", "description": "Berlin and Washington are sending Leopard II and M1 Abrams models to Kyiv to support its fight against Russia.", "persistent": false, "language": "en-US", "user": null}, {"source": "http://www.aljazeera.com/xml/rss/all.xml", "link": "https://www.aljazeera.com/news/2023/1/26/appalled-dozens-of-democrats-slam-bidens-border-policies", "title": "\u2018Appalled\u2019: Dozens of Democrats slam Biden\u2019s border policies", "date_published": "2023-01-26 19:14:12+00:00", "description": "New US restrictions on asylum &#039;will not solve&#039; challenge at country&#039;s border with Mexico, Democratic legislators say.", "persistent": false, "language": "en-US", "user": null}, {"source": "http://www.aljazeera.com/xml/rss/all.xml", "link": "https://www.aljazeera.com/economy/2023/1/26/what-is-the-us-debt-ceiling-why-congress-cannot-delay-a-decision", "title": "What is the US debt ceiling & why Congress cannot delay decision?", "date_published": "2023-01-26 18:46:29+00:00", "description": "A default by the US government could have catastrophic effects on both domestic and global economies.", "persistent": false, "language": "en-US", "user": null}, {"source": "http://www.aljazeera.com/xml/rss/all.xml", "link": "https://www.aljazeera.com/news/2023/1/26/fresh-us-sanctions-target-russias-wagner-mercenary-group", "title": "Fresh US sanctions target Russia\u2019s Wagner mercenary group", "date_published": "2023-01-26 18:25:08+00:00", "description": "Washington says Moscow is relying on Wagner Group in Ukraine war amid biting Western sanctions and battlefield setbacks.", "persistent": false, "language": "en-US", "user": null}, {"source": "http://www.aljazeera.com/xml/rss/all.xml", "link": "https://www.aljazeera.com/gallery/2023/1/26/photos-afghans-battle-cold-weather-and-snow-hundreds-dead", "title": "Photos: More than 150 dead as Afghans battle cold wave", "date_published": "2023-01-26 18:07:20+00:00", "description": "Afghanistan is facing its worst winter in more than a decade amid an unprecedented humanitarian crisis.", "persistent": false, "language": "en-US", "user": null}, {"source": "http://www.aljazeera.com/xml/rss/all.xml", "link": "https://www.aljazeera.com/news/2023/1/26/asteroid-will-miss-earth-in-one-of-closest-approaches-ever-nasa", "title": "Asteroid will miss Earth in one of closest approaches ever: NASA", "date_published": "2023-01-26 18:05:38+00:00", "description": "Scientists say a truck-sized asteroid is expected to pass Earth on Thursday, within the orbit of broadcast satellites.", "persistent": false, "language": "en-US", "user": null}, {"source": "http://www.aljazeera.com/xml/rss/all.xml", "link": "https://www.aljazeera.com/news/2023/1/26/vinicius-jr-demands-punishment-against-racist-effigy-act", "title": "Real Madrid\u2019s Vinicius Jr demands punishment over hanged effigy", "date_published": "2023-01-26 17:38:26+00:00", "description": "Effigy of the winger hanged from a bridge near the club&#039;s training ground before Real&#039;s meeting with rival Atletico.", "persistent": false, "language": "en-US", "user": null}, {"source": "http://www.aljazeera.com/xml/rss/all.xml", "link": "https://www.aljazeera.com/news/2023/1/26/pakistan-rupee-plunges-imf-visit", "title": "Pakistan\u2019s rupee plunges as IMF says mission to visit next week", "date_published": "2023-01-26 17:35:18+00:00", "description": "Pakistan is seeking $1.1bn from the fund, part of its $6bn bailout package, to avoid default.", "persistent": false, "language": "en-US", "user": null}, {"source": "http://www.aljazeera.com/xml/rss/all.xml", "link": "https://www.aljazeera.com/news/2023/1/26/russia-labels-news-outlet-meduza-undesirable-organisation", "title": "Russia labels news outlet Meduza an \u2018undesirable organisation\u2019", "date_published": "2023-01-26 17:30:33+00:00", "description": "Authorities allege Latvia-based publication threatens Russia&#039;s constitutional system and security.", "persistent": false, "language": "en-US", "user": null}, {"source": "http://www.aljazeera.com/xml/rss/all.xml", "link": "https://www.aljazeera.com/economy/2023/1/26/us-shuts-down-major-ransomware-network-hive", "title": "US shuts down major ransomware network Hive", "date_published": "2023-01-26 17:12:40+00:00", "description": "US officials say Hive ransomware network extorted more than $100m from victims in more than 80 countries.", "persistent": false, "language": "en-US", "user": null}, {"source": "http://www.aljazeera.com/xml/rss/all.xml", "link": "https://www.aljazeera.com/news/2023/1/26/thousands-of-cubans-left-scrambling-after-new-us-asylum-policy", "title": "Thousands of Cubans left scrambling after new US asylum policy", "date_published": "2023-01-26 16:23:07+00:00", "description": "A new policy under the Biden administration to restrict border crossings creates hurdles for Cuban asylum seekers.", "persistent": false, "language": "en-US", "user": null}, {"source": "http://www.aljazeera.com/xml/rss/all.xml", "link": "https://www.aljazeera.com/news/2023/1/26/blinken-to-head-to-middle-east-amid-israeli-palestinian-tensions", "title": "Blinken to head to Middle East amid Israeli-Palestinian tensions", "date_published": "2023-01-26 16:22:11+00:00", "description": "Washington says US secretary of state will stress &#039;upholding the historic status quo&#039; of the holy sites in Jerusalem.", "persistent": false, "language": "en-US", "user": null}, {"source": "http://www.aljazeera.com/xml/rss/all.xml", "link": "https://www.aljazeera.com/news/2023/1/26/canada-appoints-first-representative-to-fight-islamophobia", "title": "Canada appoints first representative to fight Islamophobia", "date_published": "2023-01-26 16:07:26+00:00", "description": "Advocacy group welcomes appointment of Amira Elghawaby to advisory role as &#039;historic moment for Muslims in Canada&#039;.", "persistent": false, "language": "en-US", "user": null}, {"source": "http://www.aljazeera.com/xml/rss/all.xml", "link": "https://www.aljazeera.com/news/2023/1/26/trans-rapist-will-not-serve-time-in-womens-jail-sturgeon", "title": "Transgender rapist will not serve time in women\u2019s jail: Sturgeon", "date_published": "2023-01-26 15:34:49+00:00", "description": "Scotland&#039;s first minister says a trans woman convicted of raping two women will not serve a sentence in Cornton Vale.", "persistent": false, "language": "en-US", "user": null}, {"source": "http://www.aljazeera.com/xml/rss/all.xml", "link": "https://www.aljazeera.com/sports/2023/1/26/pakistani-cricket-star-babar-azam-named-player-of-the-year", "title": "Pakistani cricket star Babar Azam named player of the year", "date_published": "2023-01-26 15:23:34+00:00", "description": "He was the only batter in international cricket who managed to cross more than 2,500 runs in all formats last year.", "persistent": false, "language": "en-US", "user": null}, {"source": "http://www.aljazeera.com/xml/rss/all.xml", "link": "https://www.aljazeera.com/news/2023/1/26/scottish-gender-reform-bill-sparks-independence-talks", "title": "UK gender battle stirs talk of independence in Scotland", "date_published": "2023-01-26 15:16:08+00:00", "description": "Scots voted to stay in the union nine years ago, but a new cultural conflict with London has restarted a heated debate.", "persistent": false, "language": "en-US", "user": null}, {"source": "http://www.aljazeera.com/xml/rss/all.xml", "link": "https://www.aljazeera.com/news/2023/1/26/india-invite-for-pak-fm-to-attend-sco-summit", "title": "India invites Pakistan foreign minister to attend SCO summit", "date_published": "2023-01-26 15:14:10+00:00", "description": "Pakistan yet to accept the invite but experts say it will not lead to thaw in ties as it is a multilateral summit.", "persistent": false, "language": "en-US", "user": null}, {"source": "http://www.aljazeera.com/xml/rss/all.xml", "link": "https://www.aljazeera.com/program/the-bottom-line/2023/1/26/why-is-the-us-worried-about-israels-new-government", "title": "Why is the US worried about Israel\u2019s new government?", "date_published": "2023-01-26 14:54:17+00:00", "description": "President Joe Biden is sending his top diplomats to meet with Israeli officials in quick succession.", "persistent": false, "language": "en-US", "user": null}, {"source": "http://www.aljazeera.com/xml/rss/all.xml", "link": "https://www.aljazeera.com/opinions/2023/1/26/letter-from-a-mass-grave-in-mexico", "title": "Letter from a mass grave in Mexico", "date_published": "2023-01-26 14:07:45+00:00", "description": "Earlier this month, I visited an unmarked grave for those who died in Mexico&#039;s US-backed war on asylum seekers.", "persistent": false, "language": "en-US", "user": null}, {"source": "http://www.aljazeera.com/xml/rss/all.xml", "link": "https://www.aljazeera.com/news/2023/1/26/families-of-beirut-port-blast-outraged-by-infighting-over-probe", "title": "Families of Beirut port blast outraged by infighting over inquiry", "date_published": "2023-01-26 14:05:31+00:00", "description": "Dozens protest in Lebanese capital against the public prosecutor&#039;s attempt to stop a judge from continuing his probe.", "persistent": false, "language": "en-US", "user": null}, {"source": "http://www.aljazeera.com/xml/rss/all.xml", "link": "https://www.aljazeera.com/news/2023/1/26/pakistan-poll-panel-announces-april-elections-in-two-provinces", "title": "Pakistan poll panel announces April elections in two provinces", "date_published": "2023-01-26 13:56:55+00:00", "description": "Assemblies in Punjab and Khyber Pakhtunkhwa were dissolved this month as part of PTI bid to force early national polls.", "persistent": false, "language": "en-US", "user": null}, {"source": "http://www.aljazeera.com/xml/rss/all.xml", "link": "https://www.aljazeera.com/news/2023/1/26/turkish-court-rejects-delay-to-pro-kurdish-party-closure-trial", "title": "Turkish court rejects delay in case over pro-Kurdish HDP closure", "date_published": "2023-01-26 13:52:00+00:00", "description": "Constitutional Court declines request by HDP to delay a ruling that could lead to the party being shut down.", "persistent": false, "language": "en-US", "user": null}, {"source": "http://www.aljazeera.com/xml/rss/all.xml", "link": "https://www.aljazeera.com/news/2023/1/26/ethiopias-pm-abiy-ahmed-in-sudan-on-first-visit-since-coup", "title": "Ethiopia\u2019s PM Abiy Ahmed in Sudan on first visit since 2021 coup", "date_published": "2023-01-26 13:41:15+00:00", "description": "Abiy last visited Sudan in August 2020, during the transitional government of former Prime Minister Abdalla Hamdok.", "persistent": false, "language": "en-US", "user": null}, {"source": "http://www.aljazeera.com/xml/rss/all.xml", "link": "https://www.aljazeera.com/news/2023/1/26/middle-east-round-up-turkey-sweden-nato-and-the-quran", "title": "Middle East round-up: Turkey, Sweden, NATO and the Quran", "date_published": "2023-01-26 13:38:31+00:00", "description": "Here\u2019s a round-up of Al Jazeera\u2019s Middle East coverage this week.", "persistent": false, "language": "en-US", "user": null}, {"source": "http://www.aljazeera.com/xml/rss/all.xml", "link": "https://www.aljazeera.com/news/2023/1/26/ukraine-rocked-by-rush-hour-missile-strike", "title": "Ukraine wakes up to deadly attacks after securing battle tanks", "date_published": "2023-01-26 13:24:14+00:00", "description": "At least one man killed in Kyiv, its mayor says, a day after Russia warned Western tank deliveries signal an escalation.", "persistent": false, "language": "en-US", "user": null}, {"source": "http://www.aljazeera.com/xml/rss/all.xml", "link": "https://www.aljazeera.com/news/2023/1/26/south-sudans-displaced-hope-popes-visit-will-bring-peace", "title": "South Sudan\u2019s displaced hope pope\u2019s visit will bring peace", "date_published": "2023-01-26 13:22:01+00:00", "description": "There are 2.2 million internally displaced people in South Sudan as a civil war that began in 2013 continues to simmer.", "persistent": false, "language": "en-US", "user": null}, {"source": "http://www.aljazeera.com/xml/rss/all.xml", "link": "https://www.aljazeera.com/news/2023/1/26/ukraine-corruption-scandal-battle-tanks", "title": "Fighting on two fronts: Zelenskyy battles corruption and Russia", "date_published": "2023-01-26 12:53:11+00:00", "description": "Ukraine restarts the war on graft, and Western nations promise battle tanks. Could the two events be linked?", "persistent": false, "language": "en-US", "user": null}, {"source": "http://www.aljazeera.com/xml/rss/all.xml", "link": "https://www.aljazeera.com/gallery/2023/1/26/photos-israeli-troops-kill-nine-palestinians-in-jenin-raid", "title": "Photos: Israeli troops kill nine Palestinians in Jenin raid", "date_published": "2023-01-26 11:59:48+00:00", "description": "Elderly woman among dead in latest raid targeting Jenin refugee camp in occupied West Bank.", "persistent": false, "language": "en-US", "user": null}, {"source": "http://www.aljazeera.com/xml/rss/all.xml", "link": "https://www.aljazeera.com/news/2023/1/26/n-korea-and-south-korea-violated-armistice-with-drone-flights-un", "title": "North and South Korea violated armistice with drones: UN Command", "date_published": "2023-01-26 11:24:56+00:00", "description": "Flying drones into each other&#039;s airspace violated an armistice that ended fighting in the 1950-1953 Korean War, UN says.", "persistent": false, "language": "en-US", "user": null}, {"source": "http://www.aljazeera.com/xml/rss/all.xml", "link": "https://www.aljazeera.com/sports/2023/1/26/snooker-match-fixing-chinese-players-suspended", "title": "Match-fixing scandal threatens to turn snooker\u2019s boom into bust", "date_published": "2023-01-26 11:09:07+00:00", "description": "Concerns grow over the influence of organised crime in snooker, as gangs seek to exploit vulnerabilities in the sport.", "persistent": false, "language": "en-US", "user": null}, {"source": "http://www.aljazeera.com/xml/rss/all.xml", "link": "https://www.aljazeera.com/gallery/2023/1/26/photos-india-74th-republic-day-celebrations", "title": "India\u2019s 74th Republic Day celebrations", "date_published": "2023-01-26 10:42:13+00:00", "description": "Tens of thousands gather to watch the celebrations on a newly-revamped ceremonial boulevard in New Delhi.", "persistent": false, "language": "en-US", "user": null}, {"source": "http://www.aljazeera.com/xml/rss/all.xml", "link": "https://www.aljazeera.com/news/2023/1/26/bahrain-crown-prince-qatars-emir-phone-call", "title": "Bahrain crown prince and Qatar emir discuss \u2018differences\u2019 in call", "date_published": "2023-01-26 10:10:56+00:00", "description": "Leaders agreed the countries will continue to communicate to achieve common goals, BNA state news agency reports.", "persistent": false, "language": "en-US", "user": null}, {"source": "http://www.aljazeera.com/xml/rss/all.xml", "link": "https://www.aljazeera.com/news/2023/1/26/myanmar-women-target-of-online-abuse-by-pro-military-social-media", "title": "Myanmar women target of online abuse by pro-military social media", "date_published": "2023-01-26 09:58:34+00:00", "description": "Women threatened for expressing views opposing military rule with their online abusers calling for off-line punishment.", "persistent": false, "language": "en-US", "user": null}, {"source": "http://www.aljazeera.com/xml/rss/all.xml", "link": "https://www.aljazeera.com/news/2023/1/26/yemen-and-lebanon-landmarks-added-to-unesco-endangered-list", "title": "Yemen and Lebanon landmarks added to UNESCO endangered list", "date_published": "2023-01-26 09:56:15+00:00", "description": "Landmarks of ancient kingdom of Saba and Rachid Karami International Fair inscribed to list of sites in danger.", "persistent": false, "language": "en-US", "user": null}, {"source": "http://www.aljazeera.com/xml/rss/all.xml", "link": "https://www.aljazeera.com/program/101-east/2023/1/26/resurrecting-australias-extinct-tasmanian-tiger", "title": "Resurrecting Australia\u2019s Extinct Tasmanian Tiger", "date_published": "2023-01-26 09:37:01+00:00", "description": "101 East meets the scientists trying to bring the Tasmanian tiger back to life.", "persistent": false, "language": "en-US", "user": null}, {"source": "http://www.aljazeera.com/xml/rss/all.xml", "link": "https://www.aljazeera.com/news/2023/1/26/why-israeli-raids-killed-many-palestinians-this-year-explainer", "title": "Israel raids: Why are so many Palestinians being killed?", "date_published": "2023-01-26 09:28:34+00:00", "description": "Al Jazeera breaks down the reason for the increase in the number of Palestinians killed by Israel in recent months.", "persistent": false, "language": "en-US", "user": null}, {"source": "http://www.aljazeera.com/xml/rss/all.xml", "link": "https://www.aljazeera.com/news/2023/1/26/india-celebrates-74th-republic-day", "title": "India celebrates Republic Day, Egyptian leader attends parade", "date_published": "2023-01-26 09:18:16+00:00", "description": "India marks its 74th Republic Day with a ceremonial parade; Egypt&#039;s Abdel Fattah el-Sisi attends as a guest of honour.", "persistent": false, "language": "en-US", "user": null}, {"source": "http://www.aljazeera.com/xml/rss/all.xml", "link": "https://www.aljazeera.com/gallery/2023/1/26/photos-south-korea-capital-region-weathers-snowstorm", "title": "South Korea\u2019s capital weathers snowstorm as cold spell bites", "date_published": "2023-01-26 09:14:35+00:00", "description": "Morning temperatures in Seoul and nearby regions fell to about minus 10 degrees Celsius (14 degrees Fahrenheit).", "persistent": false, "language": "en-US", "user": null}, {"source": "http://www.aljazeera.com/xml/rss/all.xml", "link": "https://www.aljazeera.com/news/2023/1/26/mali-court-sentences-man-to-death-over-u-n-peacekeeper-deaths", "title": "Mali court sentences man to death over UN peacekeeper deaths", "date_published": "2023-01-26 09:06:14+00:00", "description": "The peacekeeping mission has recorded 281 deaths of its soldiers since it became operational in Mali in 2013.", "persistent": false, "language": "en-US", "user": null}, {"source": "http://www.aljazeera.com/xml/rss/all.xml", "link": "https://www.aljazeera.com/news/2023/1/26/beirut-port-blast-judge-will-face-challenges-and-risks-lawyers", "title": "Lebanese judge at the centre of Beirut blast inquiry showdown", "date_published": "2023-01-26 08:47:40+00:00", "description": "Judge Tarek Bitar has faced intense opposition from Lebanon&#039;s establishment since resuming the investigation on Monday.", "persistent": false, "language": "en-US", "user": null}, {"source": "http://www.aljazeera.com/xml/rss/all.xml", "link": "https://www.aljazeera.com/sports/2023/1/26/australian-open-tennis-djokovic-father-pro-russian-flags", "title": "Djokovic\u2019s father poses with tennis fans waving pro-Russia flags", "date_published": "2023-01-26 08:13:10+00:00", "description": "The video emerged as police removed four people from the Australian Open tournament for displaying Russian flags.", "persistent": false, "language": "en-US", "user": null}, {"source": "http://www.aljazeera.com/xml/rss/all.xml", "link": "https://www.aljazeera.com/news/2023/1/26/kenyan-court-convicts-venezuelan-diplomat-of-murdering-ambassador", "title": "Kenyan court convicts Venezuelan diplomat of murdering ambassador", "date_published": "2023-01-26 08:12:26+00:00", "description": "Dwight Sagaray found guilty of killing Olga Fonseca, Venezuela&#039;s envoy in Nairobi, in 2012 over a power struggle.", "persistent": false, "language": "en-US", "user": null}, {"source": "http://www.aljazeera.com/xml/rss/all.xml", "link": "https://www.aljazeera.com/news/2023/1/26/israeli-raid-kills-three-palestinians-in-jenin-fighting", "title": "Israeli raid kills four Palestinians, including elderly woman", "date_published": "2023-01-26 07:49:12+00:00", "description": "Israeli forces fought with Palestinian fighters in the occupied West Bank city of Jenin.", "persistent": false, "language": "en-US", "user": null}, {"source": "http://www.aljazeera.com/xml/rss/all.xml", "link": "https://www.aljazeera.com/news/2023/1/26/man-kills-official-in-machete-attack-on-two-churches-in-spain", "title": "Man kills official in machete attack on two churches in Spain", "date_published": "2023-01-26 07:46:21+00:00", "description": "Prosecutors are investigating the attacks at two Catholic churches in Algeciras as a possible &#039;act of terrorism&#039;.", "persistent": false, "language": "en-US", "user": null}, {"source": "http://www.aljazeera.com/xml/rss/all.xml", "link": "https://www.aljazeera.com/economy/2023/1/26/indonesia-law-under-scrutiny-after-lion-air-crash-charity-scam", "title": "Indonesia\u2019s charity laws in spotlight after Lion Air crash scam", "date_published": "2023-01-26 07:17:08+00:00", "description": "Three charity workers have been given prison terms for misappropriating $7.8m from a victims&#039; fund set up by Boeing.", "persistent": false, "language": "en-US", "user": null}, {"source": "http://www.aljazeera.com/xml/rss/all.xml", "link": "https://www.aljazeera.com/news/2023/1/26/france-agrees-to-withdraw-troops-from-burkina-faso-within-a-month", "title": "France agrees to withdraw troops from Burkina Faso within a month", "date_published": "2023-01-26 06:47:10+00:00", "description": "The move comes after the Sahel country&#039;s military rulers demanded that Paris withdraw its forces.", "persistent": false, "language": "en-US", "user": null}, {"source": "http://www.aljazeera.com/xml/rss/all.xml", "link": "https://www.aljazeera.com/economy/2023/1/26/philippine-economy-grows-at-fastest-pace-in-40-years", "title": "Philippine economy grows at fastest pace in 40 years", "date_published": "2023-01-26 06:32:06+00:00", "description": "Analysts warn global slowdown and soaring inflation point to a difficult year ahead for the Southeast Asian economy.", "persistent": false, "language": "en-US", "user": null}, {"source": "http://www.aljazeera.com/xml/rss/all.xml", "link": "https://www.aljazeera.com/news/2023/1/26/russia-ukraine-war-list-of-key-events-day-337", "title": "Russia-Ukraine war: List of key events, day 337", "date_published": "2023-01-26 06:15:43+00:00", "description": "As the Russia-Ukraine war enters its 337th day, we take a look at the main developments.", "persistent": false, "language": "en-US", "user": null}, {"source": "http://www.aljazeera.com/xml/rss/all.xml", "link": "https://www.aljazeera.com/news/2023/1/26/thousands-protest-invasion-as-australia-marks-national-day", "title": "Thousands protest \u2018invasion\u2019 on divisive Australia holiday", "date_published": "2023-01-26 05:35:46+00:00", "description": "Australians rally in support of Indigenous rights on the anniversary of the day the British colonial fleet arrived.", "persistent": false, "language": "en-US", "user": null}, {"source": "http://www.aljazeera.com/xml/rss/all.xml", "link": "https://www.aljazeera.com/news/2023/1/26/plunging-temperatures-heavy-snow-across-northeast-asia", "title": "Northeast Asia battles severe cold snap and heavy snow", "date_published": "2023-01-26 05:10:42+00:00", "description": "The Korean Peninsula, Japan and China see temperatures plunge to levels not seen in a decade as snow hampers travel.", "persistent": false, "language": "en-US", "user": null}, {"source": "http://www.aljazeera.com/xml/rss/all.xml", "link": "https://www.aljazeera.com/news/2023/1/26/surveillance-concerns-as-india-issues-new-digital-ids-in-kashmir", "title": "Surveillance concerns as India issues new digital IDs in Kashmir", "date_published": "2023-01-26 05:09:40+00:00", "description": "In Indian-administered Kashmir, some see the new family IDs as part of campaign to exert greater control over residents.", "persistent": false, "language": "en-US", "user": null}, {"source": "http://www.aljazeera.com/xml/rss/all.xml", "link": "https://www.aljazeera.com/economy/2023/1/26/south-korean-economy-shrinks-first-time-2020", "title": "South Korean economy shrinks for first time since 2020", "date_published": "2023-01-26 04:47:20+00:00", "description": "Sagging exports and private consumption see Asia&#039;s fourth-largest economy contract for first time in 2-1/2 years.", "persistent": false, "language": "en-US", "user": null}, {"source": "http://www.aljazeera.com/xml/rss/all.xml", "link": "https://www.aljazeera.com/news/2023/1/26/lawmakers-submit-motion-to-impeach-peru-president-dina-boluarte", "title": "Lawmakers submit motion to impeach Peru President Dina Boluarte", "date_published": "2023-01-26 04:25:02+00:00", "description": "Move underlines severe polarisation of a country, which has had six presidents in six years.", "persistent": false, "language": "en-US", "user": null}, {"source": "http://www.aljazeera.com/xml/rss/all.xml", "link": "https://www.aljazeera.com/news/2023/1/26/opium-cultivation-surges-since-myanmar-military-seized-power-un", "title": "Opium cultivation surges since Myanmar military seized power: UN", "date_published": "2023-01-26 04:03:04+00:00", "description": "Opium poppy was cultivated on more than 40,000 hectares in Myanmar last year, a 33% increase compared with 2021.", "persistent": false, "language": "en-US", "user": null}, {"source": "http://www.aljazeera.com/xml/rss/all.xml", "link": "https://www.aljazeera.com/news/2023/1/26/unesco-designates-odesa-as-world-heritage-site-amid-war-threats", "title": "UNESCO designates Odesa as World Heritage site amid war threats", "date_published": "2023-01-26 02:28:02+00:00", "description": "The decision is designed to protect the &#039;outstanding universal value&#039; of the historic Black Sea port.", "persistent": false, "language": "en-US", "user": null}, {"source": "http://www.aljazeera.com/xml/rss/all.xml", "link": "https://www.aljazeera.com/opinions/2023/1/26/rohingya-are-drowning-at-sea-asias-leaders-are-to-blame", "title": "Rohingya are drowning at sea. Asia\u2019s leaders are to blame", "date_published": "2023-01-26 01:53:43+00:00", "description": "Leaders from Southeast and South Asia are acting both illegally and immorally by not helping Rohingya &quot;boat people&quot;.", "persistent": false, "language": "en-US", "user": null}, {"source": "http://www.aljazeera.com/xml/rss/all.xml", "link": "https://www.aljazeera.com/news/2023/1/26/most-dangerous-drug-trafficker-in-the-world-pleads-guilty-in-us", "title": "Former Colombian drug-trafficking magnate pleads guilty in US", "date_published": "2023-01-26 00:37:16+00:00", "description": "Dairo Antonio Usuga David, or &#039;Otoniel&#039;, was leader of the Gulf Clan, one of Colombia&#039;s largest paramilitary groups.", "persistent": false, "language": "en-US", "user": null}, {"source": "http://www.aljazeera.com/xml/rss/all.xml", "link": "https://www.aljazeera.com/news/2023/1/26/trump-to-return-to-meta-platform-facebook-after-two-year-ban", "title": "Trump to return to Meta platform Facebook after two-year ban", "date_published": "2023-01-26 00:20:26+00:00", "description": "The US social media giant has called the suspension &#039;extraordinary decision taken in extraordinary circumstances&#039;.", "persistent": false, "language": "en-US", "user": null}], "source": {"url": "http://www.aljazeera.com/xml/rss/all.xml", "title": "Aljazeera"}}