{"entries": [{"source": "https://www.cnbc.com/id/100727362/device/rss/rss.html", "link": "https://www.cnbc.com/2023/01/26/lvmh-sees-chinese-luxury-shoppers-returning-boosting-2023-sales.html", "title": "Luxury retailer LVMH is optimistic as it sees Chinese shoppers and tourists returning", "date_published": "2023-01-26 22:08:57+00:00", "description": "LVMH's cautious optimism echoes positive comments earlier this month from Burberry and Swatch.", "persistent": false, "language": "en-US", "user": null}, {"source": "https://www.cnbc.com/id/100727362/device/rss/rss.html", "link": "https://www.cnbc.com/2023/01/26/intel-intc-earnings-q4-2022.html", "title": "Intel shares drop on weak quarterly results and expectations for another quarter of losses", "date_published": "2023-01-26 21:49:12+00:00", "description": "Intel called for a loss in the first quarter, while analysts had expected income. The chipmaker is dealing with a sharper-than-expected PC market contraction.", "persistent": false, "language": "en-US", "user": null}, {"source": "https://www.cnbc.com/id/100727362/device/rss/rss.html", "link": "https://www.cnbc.com/2023/01/26/wynn-is-set-for-a-comeback-as-gamblers-return-to-macao-.html", "title": "We agree with Wells Fargo that Wynn is set for a comeback as gamblers return to Macao", "date_published": "2023-01-26 21:31:38+00:00", "description": "Wells Fargo on Thursday raised earnings estimates for Club holding Wynn Resorts' (WYNN) operations in Macao, China.", "persistent": false, "language": "en-US", "user": null}, {"source": "https://www.cnbc.com/id/100727362/device/rss/rss.html", "link": "https://www.cnbc.com/2023/01/26/how-to-find-a-job-in-the-one-tech-market-that-is-not-seeing-layoffs.html", "title": "How to find a job in the one tech market that is not seeing layoffs: Cybersecurity", "date_published": "2023-01-26 19:34:58+00:00", "description": "The demand for cybersecurity workers remains high even as tech companies lay off thousands of employees, with a gap in open positions of over 700,000.", "persistent": false, "language": "en-US", "user": null}, {"source": "https://www.cnbc.com/id/100727362/device/rss/rss.html", "link": "https://www.cnbc.com/2023/01/26/audi-new-ev-suv-augmented-reality-pickup-truck.html", "title": "Audi's new EV is a luxury SUV with augmented reality that doubles as a pickup", "date_published": "2023-01-26 18:30:01+00:00", "description": "Audi's new concept vehicle is an all-electric luxury SUV that uses augmented reality glasses and can double as a small pickup truck.", "persistent": false, "language": "en-US", "user": null}, {"source": "https://www.cnbc.com/id/100727362/device/rss/rss.html", "link": "https://www.cnbc.com/2023/01/26/stripe-tells-employees-it-will-decide-on-an-ipo-within-the-next-year-.html", "title": "Stripe tells employees it will decide on an IPO within the next year", "date_published": "2023-01-26 17:52:54+00:00", "description": "Amid a dormant IPO market, Stripe will make a decision on its plans to go public within the next year, according to people familiar with the matter.", "persistent": false, "language": "en-US", "user": null}, {"source": "https://www.cnbc.com/id/100727362/device/rss/rss.html", "link": "https://www.cnbc.com/2023/01/26/daily-practices-to-lengthen-your-healthspan.html", "title": "6 daily practices this 82-year-old triathlete and neurosurgeon uses to lengthen his healthspan", "date_published": "2023-01-26 17:30:13+00:00", "description": "Looking to add more years to your life? Consider these six practices that an 82-year-old triathlete and neurosurgeon does daily.", "persistent": false, "language": "en-US", "user": null}, {"source": "https://www.cnbc.com/id/100727362/device/rss/rss.html", "link": "https://www.cnbc.com/2023/01/26/covid-fda-has-not-found-stroke-risk-for-seniors-who-received-pfizer-booster.html", "title": "FDA has not observed stroke risk among seniors who received Pfizer booster after extensive review", "date_published": "2023-01-26 17:27:21+00:00", "description": "Preliminary CDC data indicated a possible stroke risk following simultaneous administration of the Pfizer Covid booster and the flu vaccine.", "persistent": false, "language": "en-US", "user": null}, {"source": "https://www.cnbc.com/id/100727362/device/rss/rss.html", "link": "https://www.cnbc.com/2023/01/26/skinamarink-viral-horror-box-office.html", "title": "How 'Skinamarink' made $1.5 million on a $15,000 budget", "date_published": "2023-01-26 17:01:19+00:00", "description": "\"Skinamarink,\" the indie horror film directed by Kyle Edward Ball, has become an unlikely viral hit at movie theaters.", "persistent": false, "language": "en-US", "user": null}, {"source": "https://www.cnbc.com/id/100727362/device/rss/rss.html", "link": "https://www.cnbc.com/2023/01/26/treasury-imposes-sanctions-against-russian-paramilitary-firm-wagner-group.html", "title": "Treasury imposes sanctions against Russian paramilitary firm Wagner Group", "date_published": "2023-01-26 15:32:17+00:00", "description": "", "persistent": false, "language": "en-US", "user": null}, {"source": "https://www.cnbc.com/id/100727362/device/rss/rss.html", "link": "https://www.cnbc.com/2023/01/26/gdp-q4-2022-us-gdp-rose-2point9percent-in-the-fourth-quarter-more-than-expected-even-as-recession-fears-loom.html", "title": "U.S. GDP rose 2.9% in the fourth quarter, more than expected even as recession fears loom", "date_published": "2023-01-26 14:13:00+00:00", "description": "Gross domestic product was expected to rise 2.8% at an annualized pace in the fourth quarter, according to Dow Jones estimates.", "persistent": false, "language": "en-US", "user": null}, {"source": "https://www.cnbc.com/id/100727362/device/rss/rss.html", "link": "https://www.cnbc.com/2023/01/26/elon-musk-says-a-chinese-automaker-will-likely-be-second-to-tesla.html", "title": "Elon Musk says a Chinese automaker will likely be second to Tesla: 'They work the smartest'", "date_published": "2023-01-26 13:22:38+00:00", "description": "Tesla has a number of challengers in China, including a slew of start-ups such as Nio, Xpeng and Li Auto. Tesla's biggest rival in China right now is BYD.", "persistent": false, "language": "en-US", "user": null}, {"source": "https://www.cnbc.com/id/100727362/device/rss/rss.html", "link": "https://www.cnbc.com/2023/01/26/ukraine-aims-for-f-16-fighter-jets-after-winning-battle-for-tanks.html", "title": "'We will get F-16s': Ukraine aims for NATO's fighter jets after winning battle for Western tanks", "date_published": "2023-01-26 13:18:08+00:00", "description": "Kyiv appears confident that, as with Western tanks, it will eventually be given F-16s too.", "persistent": false, "language": "en-US", "user": null}, {"source": "https://www.cnbc.com/id/100727362/device/rss/rss.html", "link": "https://www.cnbc.com/2023/01/26/comcast-cmcsa-4q22-earnings.html", "title": "Comcast beats expectations even as broadband growth slows, Peacock racks up losses", "date_published": "2023-01-26 13:12:15+00:00", "description": "Comcast reported fourth quarter earnings before the bell, beating analyst expectations.", "persistent": false, "language": "en-US", "user": null}, {"source": "https://www.cnbc.com/id/100727362/device/rss/rss.html", "link": "https://www.cnbc.com/2023/01/26/apple-retains-top-smartphone-spot-as-global-shipments-fall-to-2013-low.html", "title": "Smartphone shipments plunge to a low not seen since 2013 \u2014 their largest ever decline", "date_published": "2023-01-26 09:16:25+00:00", "description": "Apple maintained its position as the top smartphone maker in the world, shipping 72.3 million iPhones in the fourth quarter, down 14.9% year on year, IDC said.", "persistent": false, "language": "en-US", "user": null}, {"source": "https://www.cnbc.com/id/100727362/device/rss/rss.html", "link": "https://www.cnbc.com/2023/01/26/sap-to-cut-3000-roles-explore-sale-of-qualtrics-stake.html", "title": "SAP to cut 3,000 roles, explore sale of Qualtrics stake", "date_published": "2023-01-26 08:08:25+00:00", "description": "SAP became the latest tech giant to announce significant layoffs, with plans to cut up to 3,000 jobs, or about 2.5% of its workforce.", "persistent": false, "language": "en-US", "user": null}, {"source": "https://www.cnbc.com/id/100727362/device/rss/rss.html", "link": "https://www.cnbc.com/2023/01/26/toyota-ceo-and-president-akio-toyoda-to-step-down-.html", "title": "Toyota CEO and President Akio Toyoda to step down", "date_published": "2023-01-26 07:48:19+00:00", "description": "Toyoda, 66, is the grandson of the carmaker's founder and has served as chief executive since June 2009.", "persistent": false, "language": "en-US", "user": null}, {"source": "https://www.cnbc.com/id/100727362/device/rss/rss.html", "link": "https://www.cnbc.com/2023/01/26/russia-south-africa-and-a-redesigned-global-order.html", "title": "Russia, South Africa and a 'redesigned global order': The Kremlin's hearts and minds machine is steaming ahead", "date_published": "2023-01-26 06:56:22+00:00", "description": "Russia and South Africa vowed this week to strengthen bilateral ties and will embark on a joint military exercise next month, coinciding with the anniversary of the invasion of Ukraine.", "persistent": false, "language": "en-US", "user": null}, {"source": "https://www.cnbc.com/id/100727362/device/rss/rss.html", "link": "https://www.cnbc.com/2023/01/26/ecb-said-itll-stay-the-course-on-rate-hikes-but-its-not-clear-for-how-long.html", "title": "The ECB says it'll 'stay the course' on rate hikes. But it's not clear for how long", "date_published": "2023-01-26 06:36:25+00:00", "description": "ECB's Lagarde has said \"we will stay the course to ensure the timely return of inflation\" but market watchers are asking for how long.", "persistent": false, "language": "en-US", "user": null}, {"source": "https://www.cnbc.com/id/100727362/device/rss/rss.html", "link": "https://www.cnbc.com/2023/01/26/the-top-10-jobs-on-the-rise-in-the-uk-according-to-linkedin.html", "title": "Hiring might be slowing in the UK \u2014 but these 10 jobs are growing, LinkedIn says", "date_published": "2023-01-26 06:18:33+00:00", "description": "Jobs relating to sustainability, data and company growth are growing in the U.K., data from LinkedIn shows.", "persistent": false, "language": "en-US", "user": null}, {"source": "https://www.cnbc.com/id/100727362/device/rss/rss.html", "link": "https://www.cnbc.com/2023/01/26/russia-ukraine-war-norways-soaring-oil-and-gas-profits-stokes-debate.html", "title": "Norway\u2019s fossil fuel bonanza stokes impassioned debate about how best to spend its \u2018war profits\u2019", "date_published": "2023-01-26 06:17:44+00:00", "description": "Norway's skyrocketing oil and gas wealth is expected to climb to new heights this year, igniting an impassioned debate about international justice.", "persistent": false, "language": "en-US", "user": null}, {"source": "https://www.cnbc.com/id/100727362/device/rss/rss.html", "link": "https://www.cnbc.com/2023/01/26/bank-of-japan-showed-no-sign-of-a-hawkish-shift-in-january-meeting.html", "title": "Bank of Japan showed no sign of making a hawkish shift in its January meeting", "date_published": "2023-01-26 05:37:28+00:00", "description": "The Bank of Japan emphasized the need to maintain its current monetary policy, according to the Summary of Opinions from its last meeting, published Thursday.", "persistent": false, "language": "en-US", "user": null}, {"source": "https://www.cnbc.com/id/100727362/device/rss/rss.html", "link": "https://www.cnbc.com/2023/01/26/south-koreas-economy-growth-expected-from-china.html", "title": "South Korea's economy shrank for the first time in two years, but growth is expected from China\u2019s reopening", "date_published": "2023-01-26 04:28:17+00:00", "description": "South Korea's economy saw the first quarterly contraction since the second quarter of 2020, according to advance estimates released by the central bank.", "persistent": false, "language": "en-US", "user": null}, {"source": "https://www.cnbc.com/id/100727362/device/rss/rss.html", "link": "https://www.cnbc.com/2023/01/25/is-rage-applying-the-new-quiet-quitting-heres-what-experts-say.html", "title": "'Rage applying' isn't new \u2014 but is it effective? Here's what workplace experts say", "date_published": "2023-01-26 03:37:48+00:00", "description": "\"It's always good to have a clear sense of your value in the market, to constantly be ... gaining competitive intelligence,\" said a human resources specialist.", "persistent": false, "language": "en-US", "user": null}, {"source": "https://www.cnbc.com/id/100727362/device/rss/rss.html", "link": "https://www.cnbc.com/2023/01/26/chinese-to-buy-insurance-after-covid-reveals-health-system-shortfalls.html", "title": "China's Covid wave drives up consumer interest in insurance after health system shortfalls", "date_published": "2023-01-26 01:58:42+00:00", "description": "More than 60% of non-policyholders now plan to buy health insurance, according to an Oliver Wyman survey of Chinese consumers in December.", "persistent": false, "language": "en-US", "user": null}], "source": {"url": "https://www.cnbc.com/id/100727362/device/rss/rss.html", "title": "CNBC"}}