{"entries": [{"source": "https://businessinsider.com.pl/.feed", "link": "https://businessinsider.com.pl/wiadomosci/wojna-w-ukrainie-usa-nalozyly-sankcje-na-grupe-wagnera/7zkyczr", "title": "USA na\u0142o\u017cy\u0142y sankcje na Grup\u0119 Wagnera", "date_published": "2023-01-26 20:50:15+00:00", "description": "Administracja USA na\u0142o\u017cy\u0142a dodatkowe sankcje na Grup\u0119 Wagnera i rosyjski sektor zbrojeniowy. \"Sankcje ogranicz\u0105 mo\u017cliwo\u015bci Putina, by zbroi\u0107 i wyposa\u017ca\u0107 swoj\u0105 machin\u0119 wojenn\u0105\" \u2014 ocenia sekretarz skarbu Janet Yellen. Restrykcjami obj\u0119te zosta\u0142y m.in. firmy wsp\u00f3\u0142pracuj\u0105ce z Grup\u0105 Wagnera.", "persistent": false, "language": "en-US", "user": null}, {"source": "https://businessinsider.com.pl/.feed", "link": "https://businessinsider.com.pl/rozwoj-osobisty/kariera/brak-snu-a-wydajnosc-w-pracy-bezsennosc-a-praca/cgf31n4", "title": "Nie dosypiasz? B\u0119dziesz zaskoczony, jak bardzo wp\u0142ywa to na twoj\u0105 prac\u0119", "date_published": "2023-01-26 20:30:00+00:00", "description": "Problemy ze snem to we wsp\u00f3\u0142czesnym \u015bwiecie powa\u017cny problem, kt\u00f3ry - jak alarmuje O\u015brodek Medycyny Snu Instytutu Psychiatrii i Neurologii w Warszawie - \"zagra\u017ca zdrowiu i jako\u015bci \u017cycia 45 proc. \u015bwiatowej populacji\". Nie mo\u017cna ich bagatelizowa\u0107. Jeszcze w 2015 roku - a wi\u0119c na d\u0142ugo przed pandemi\u0105 COVID-19 - TNS opublikowa\u0142 badanie \"Sen Polak\u00f3w\", z kt\u00f3rego wynika\u0142o, \u017ce dla 14 proc. Polak\u00f3w sen to luksus, na kt\u00f3ry nie mog\u0105 sobie pozwoli\u0107. Z kolei 46 proc. z nas przyznawa\u0142o w\u00f3wczas, \u017ce rzadko lub bardzo rzadko \u015bpi dobrze.", "persistent": false, "language": "en-US", "user": null}, {"source": "https://businessinsider.com.pl/.feed", "link": "https://businessinsider.com.pl/rozwoj-osobisty/kariera/po-czym-poznac-zlego-managera-najpopularniejsze-bledy-popelniane-przez-szefow/bvtyvs6", "title": "9 oznak tego, \u017ce kiepski z ciebie manager. Nawet je\u015bli my\u015blisz, \u017ce jest inaczej", "date_published": "2023-01-26 20:28:00+00:00", "description": "To, \u017ce kto\u015b pe\u0142ni funkcj\u0119 managera, nie znaczy jeszcze, \u017ce wie, jak nim by\u0107. W\u0142a\u015bciwie prowadzony nadz\u00f3r nad zespo\u0142em przes\u0105dza o tym, czy lider nadaje si\u0119 na to stanowisko. A z\u0142ych manager\u00f3w jest mn\u00f3stwo w \u015bwiecie biznesu.", "persistent": false, "language": "en-US", "user": null}, {"source": "https://businessinsider.com.pl/.feed", "link": "https://businessinsider.com.pl/twoje-pieniadze/praca/zwolnienia-w-google-przykra-niespodzianka-przed-wejsciem-do-pracy/0t7j0xq", "title": "Tak zwalnia Google. Przykra niespodzianka przed wej\u015bciem do pracy", "date_published": "2023-01-26 20:21:28+00:00", "description": "Byli pracownicy Google nie wiedzieli, \u017ce zostali zwolnieni, dop\u00f3ki ich przepustki nie przesta\u0142y dzia\u0142a\u0107.", "persistent": false, "language": "en-US", "user": null}, {"source": "https://businessinsider.com.pl/.feed", "link": "https://businessinsider.com.pl/gospodarka/pomoc-dla-ukrainy-mfw-szykuje-pakiet-wart-miliardy-dolarow/lvtw1rj", "title": "MFW szykuje pakiet pomocowy dla Ukrainy. Nawet 16 mld dol.", "date_published": "2023-01-26 19:48:27+00:00", "description": "Mi\u0119dzynarodowy Fundusz Walutowy mo\u017ce wdro\u017cy\u0107 wieloletni pakiet pomocowy dla Ukrainy o warto\u015bci nawet 16 mld dol. \u2014 ustali\u0142 Bloomberg.", "persistent": false, "language": "en-US", "user": null}, {"source": "https://businessinsider.com.pl/.feed", "link": "https://businessinsider.com.pl/gospodarka/ustawa-budzetowa-2023-r-sejm-odrzucil-poprawki-senatu/e94r8k6", "title": "Ustawa bud\u017cetowa 2023 r. Sejm zdecydowa\u0142", "date_published": "2023-01-26 19:24:48+00:00", "description": "Sejm odrzuci\u0142 w czwartek wszystkie poprawki Senatu do bud\u017cetu na 2023 r. Ustawa bud\u017cetowa trafi teraz do podpisu prezydenta.", "persistent": false, "language": "en-US", "user": null}, {"source": "https://businessinsider.com.pl/.feed", "link": "https://businessinsider.com.pl/twoje-pieniadze/koniec-z-drastycznymi-podwyzkami-cen-ciepla-sejm-zdecydowal/5bejh1s", "title": "Koniec z drastycznymi podwy\u017ckami cen ciep\u0142a. Sejm zdecydowa\u0142", "date_published": "2023-01-26 18:52:25+00:00", "description": "Sejm uchwali\u0142 w czwartek nowelizacj\u0119 ustawy wprowadzaj\u0105c\u0105 mechanizm ograniczenia wzrostu cen dla odbiorc\u00f3w ciep\u0142a do 40 proc. Teraz ustawa trafi do dalszych prac w Senacie.", "persistent": false, "language": "en-US", "user": null}, {"source": "https://businessinsider.com.pl/.feed", "link": "https://businessinsider.com.pl/twoje-pieniadze/skladka-zdrowotna-w-2023-r-dla-przedsiebiorcy-zasady-ogolne-i-karta-podatkowa/r38lqg2", "title": "Sk\u0142adka zdrowotna 2023 dla przedsi\u0119biorcy. ZUS poda\u0142 kwoty", "date_published": "2023-01-26 18:49:40+00:00", "description": "ZUS poda\u0142, ile wyniesie w 2023 r. minimalna sk\u0142adka na ubezpieczenie zdrowotne dla przedsi\u0119biorc\u00f3w na zasadach og\u00f3lnych lub stosuj\u0105cy kart\u0119 podatkow\u0105. Jak\u0105 sk\u0142adk\u0119 przedsi\u0119biorcy musz\u0105 zap\u0142aci\u0107 w styczniu, a jak\u0105 w lutym? Czy jej wysoko\u015b\u0107 wzro\u015bnie w po\u0142owie roku, wraz z podwy\u017ck\u0105 p\u0142acy minimalnej?", "persistent": false, "language": "en-US", "user": null}, {"source": "https://businessinsider.com.pl/.feed", "link": "https://businessinsider.com.pl/wiadomosci/dzieki-chatgpt-napisal-artykul-do-gazety-o-wartosci-600-dol-w-zaledwie-30-sekund/nk09wdl", "title": "Dzi\u0119ki ChatGPT napisa\u0142 artyku\u0142 o warto\u015bci 600 dol. w zaledwie 30 sekund", "date_published": "2023-01-26 18:45:48+00:00", "description": "Freelancer zajmuj\u0105cy si\u0119 tworzeniem tekstem opowiada, jak jego pierwotne rozbawienie aplikacj\u0105 ChatGPT stworzon\u0105 przez Open AI zamieni\u0142o si\u0119 w \"zgroz\u0119\", gdy bot wyprodukowa\u0142 niemal gotowy artyku\u0142 marketingowy w zaledwie 30 sekund.", "persistent": false, "language": "en-US", "user": null}, {"source": "https://businessinsider.com.pl/.feed", "link": "https://businessinsider.com.pl/firmy/podwyzki-w-2023-r-w-kghm-beda-rekordowe/n61e52j", "title": "KGHM daje rekordowe podwy\u017cki. Firma porozumia\u0142a si\u0119 ze zwi\u0105zkowcami", "date_published": "2023-01-26 18:15:34+00:00", "description": "P\u0142ace zasadnicze w KGHM wzrosn\u0105 o 13,2 proc. Przewidywana jest r\u00f3wnie\u017c jednorazowa nagroda dla pracownik\u00f3w \u2014 poinformowa\u0142a w czwartek sp\u00f3\u0142ka.", "persistent": false, "language": "en-US", "user": null}, {"source": "https://businessinsider.com.pl/.feed", "link": "https://businessinsider.com.pl/twoje-pieniadze/wspoldzielenie-konta-netflix-zmienia-regulamin/pqnchbg", "title": "Netflix zmienia zasady. \"Zosta\u0142o mniej ni\u017c 10 tygodni\"", "date_published": "2023-01-26 17:43:07+00:00", "description": "Zosta\u0142o mniej ni\u017c 10 tygodni, aby pozwoli\u0107 mamie, bratu lub komukolwiek spoza domu u\u017cywa\u0107 twojego konta na Netflix. Potem trzeba b\u0119dzie zap\u0142aci\u0107.", "persistent": false, "language": "en-US", "user": null}, {"source": "https://businessinsider.com.pl/.feed", "link": "https://businessinsider.com.pl/twoje-pieniadze/gornicy-zapowiadaja-protest-w-warszawie-beda-pikietowac-pod-resortem-sasina/ld5lph8", "title": "G\u00f3rnicy z JSW jad\u0105 protestowa\u0107 do Warszawy. Zwi\u0105zkowcy podali dat\u0119", "date_published": "2023-01-26 17:27:10+00:00", "description": "Zwi\u0105zkowcy z Jastrz\u0119bskiej Sp\u00f3\u0142ki W\u0119glowej (JSW), domagaj\u0105cy si\u0119 25-proc. podwy\u017cki wynagrodze\u0144 pracownik\u00f3w sp\u00f3\u0142ki, rozpocz\u0119li przygotowania do zaplanowanej na 10 lutego manifestacji w Warszawie. Zwi\u0105zkowe biura rozpocz\u0119\u0142y zapisy ch\u0119tnych na udzia\u0142 w pikiecie przed siedzib\u0105 MAP.", "persistent": false, "language": "en-US", "user": null}, {"source": "https://businessinsider.com.pl/.feed", "link": "https://businessinsider.com.pl/wiadomosci/chce-odwrocic-proces-starzenia-45-latek-rozpoczal-eksperyment-wart-2-mln-dol/ztsdc62", "title": "Chce zn\u00f3w mie\u0107 cia\u0142o 18-latka. 45-latek poddaje si\u0119 eksperymentowi za 2 mln dol", "date_published": "2023-01-26 16:59:21+00:00", "description": "45-letni za\u0142o\u017cyciel i dyrektor firmy biotechnologicznej cofn\u0105\u0142 sw\u00f3j wiek biologiczny o co najmniej pi\u0119\u0107 lat dzi\u0119ki rygorystycznemu programowi medycznemu, kt\u00f3ry mo\u017ce kosztowa\u0107 nawet 2 mln dol. rocznie, jak donosi Bloomberg.", "persistent": false, "language": "en-US", "user": null}, {"source": "https://businessinsider.com.pl/.feed", "link": "https://businessinsider.com.pl/gielda/wiadomosci/wojna-w-ukrainie-to-wielki-biznes-tyle-urosly-najwieksze-koncerny-zbrojeniowe/wc3exnn", "title": "Wojenny biznes si\u0119 rozkr\u0119ca. Najwi\u0119ksze koncerny zbrojeniowe uros\u0142y o 100 mld dol.", "date_published": "2023-01-26 16:04:05+00:00", "description": "Niemiecki producent czo\u0142g\u00f3w Leopard w rok zwi\u0119kszy\u0142 rynkow\u0105 warto\u015b\u0107 swojego biznesu o 150 proc., co daje 6 mld euro. Kwotowo podobny wzrost zaliczy\u0142 ameryka\u0144ski producent abrams\u00f3w, a prawie trzykrotnie wi\u0119kszy skok zanotowa\u0142 producent samolot\u00f3w F-16. Lista beneficjent\u00f3w eskalacji konflikt\u00f3w jest d\u0142uga. Sprawdzili\u015bmy te\u017c, czy mog\u0105 na tym zarobi\u0107 osoby postronne.", "persistent": false, "language": "en-US", "user": null}, {"source": "https://businessinsider.com.pl/.feed", "link": "https://businessinsider.com.pl/sport/linette-przegrala-z-sabalenka-w-australian-open-tyle-zarobila/5451mk1", "title": "Australian Open. Ile Magda Linette zarobi\u0142a za udzia\u0142 w p\u00f3\u0142finale?", "date_published": "2023-01-26 15:54:56+00:00", "description": "Magda Linette przegra\u0142a w czwartek w p\u00f3\u0142finale Australian Open, jednak doj\u015bcie do tego etapu to dla 30-letniej poznanianki ogromny sukces, r\u00f3wnie\u017c finansowy. Ile zarobi\u0142a za udzia\u0142 w p\u00f3\u0142finale?", "persistent": false, "language": "en-US", "user": null}, {"source": "https://businessinsider.com.pl/.feed", "link": "https://businessinsider.com.pl/biznes/pis-chce-wiekszej-odleglosci-wiatrakow-od-domow-poprawke-zglosil-posel-suski/wfkmwlt", "title": "PiS chce wi\u0119kszej odleg\u0142o\u015bci wiatrak\u00f3w od dom\u00f3w. \"Poprawka napisana na kolanie\"", "date_published": "2023-01-26 15:36:39+00:00", "description": "Minimalna odleg\u0142o\u015b\u0107 farm wiatrowych od dom\u00f3w mieszkalnych ma si\u0119ga\u0107 700 m \u2014 tak\u0105 poprawk\u0119 do projektu ustawy zg\u0142osi\u0142y w czwartek sejmowe komisje energii, klimatu i aktyw\u00f3w oraz samorz\u0105du i polityki regionalnej. Poprzednia propozycja pozwala\u0142a na budow\u0119 trubin w odleg\u0142o\u015bci 500 m. Odblokowanie inwestycji w energetyk\u0119 wiatrow\u0105 na l\u0105dzie jest jednym z warunk\u00f3w do wyp\u0142aty Polsce pieni\u0119dzy z Krajowego Planu Odbudowy. \u2014 PiS chce wype\u0142ni\u0107 kamie\u0144 milowy, ale tak naprawd\u0119 nie chce wiatrak\u00f3w w Polsce \u2014 komentuj\u0105 politycy opozycji.", "persistent": false, "language": "en-US", "user": null}, {"source": "https://businessinsider.com.pl/.feed", "link": "https://businessinsider.com.pl/gospodarka/najnowsze-prognozy-dotyczace-inflacji-pkb-i-stop-procentowych-w-polsce/xh3j085", "title": "To b\u0119dzie rok wysokiej inflacji i s\u0142abszego wzrostu gospodarczego", "date_published": "2023-01-26 15:26:23+00:00", "description": "PKB wzro\u015bnie w Polsce o 0,5 proc. w 2023 r., przyspieszaj\u0105c w kolejnych latach do 2,3 proc. w 2024 r. i 3,4 proc. w 2025 r. \u2014 wynika raportu EY. W scenariuszu bazowym w Polsce zostan\u0105 utrzymane stopy procentowe na obecnym poziomie w 2023 r. Inflacja w sw\u00f3j szczyt osi\u0105gnie w lutym, prawdopodobnie nieco poni\u017cej 20proc. rok do roku.", "persistent": false, "language": "en-US", "user": null}, {"source": "https://businessinsider.com.pl/.feed", "link": "https://businessinsider.com.pl/wiadomosci/rosja-kolejna-zagadkowa-smierc-biznesmena-mial-zasnac-z-papierosem/04tl165", "title": "Rosja. Nie \u017cyje kolejny biznesmen zwi\u0105zany z przemys\u0142em zbrojeniowym", "date_published": "2023-01-26 15:02:59+00:00", "description": "W po\u017carze w Moskwie w elitarnej dzielnicy zgin\u0105\u0142 Dmitrij Pawoczka, wysoki rang\u0105 menad\u017cer zwi\u0105zany m.in. z Roskosmosem i \u0141ukoil. To kolejna zagadkowa \u015bmier\u0107 osoby powi\u0105zanej z przemys\u0142em zbrojeniowym \u2014 podaj\u0105 media. Nikt poza menad\u017cerem nie ucierpia\u0142 w po\u017carze.", "persistent": false, "language": "en-US", "user": null}, {"source": "https://businessinsider.com.pl/.feed", "link": "https://businessinsider.com.pl/finanse/makroekonomia/gospodarka-usa-traci-impet-ale-trudno-doszukiwac-sie-recesji-dane-o-pkb-za-iv-kwartal/6t20csv", "title": "Ameryka\u0144ska gospodarka hamuje, ale w nowych danych trudno doszukiwa\u0107 si\u0119 recesji", "date_published": "2023-01-26 14:44:51+00:00", "description": "Wprawdzie ostatnie odczyty ze Stan\u00f3w Zjednoczonych wskazywa\u0142y na mniejsz\u0105 konsumpcj\u0119 i produkcj\u0119 przemys\u0142ow\u0105, to dane o PKB w ca\u0142ym IV kwartale 2022 r. nie sugeruj\u0105 nadej\u015bcia recesji w najwi\u0119kszej gospodarce \u015bwiata.", "persistent": false, "language": "en-US", "user": null}, {"source": "https://businessinsider.com.pl/.feed", "link": "https://businessinsider.com.pl/biznes/jest-zgoda-ke-na-pomoc-publiczna-dla-branzy-turystycznej-przy-granicy-z-bialorusia/zwpysg3", "title": "Bran\u017ca turystyczna przy granicy z Bia\u0142orusi\u0105 dostanie wsparcie. KE da\u0142a zielone \u015bwiat\u0142o", "date_published": "2023-01-26 14:09:57+00:00", "description": "Komisja Europejska zatwierdzi\u0142a w czwartek polski program pomocy publicznej dla sektora turystycznego o warto\u015bci 21 mln euro. Ma on na celu zrekompensowanie przedsi\u0119biorstwom dzia\u0142aj\u0105cym w sektorze turystyki strat poniesionych w wyniku \u015brodk\u00f3w ograniczaj\u0105cych przyj\u0119tych przez Polsk\u0119 w odpowiedzi na instrumentalizacj\u0119 migrant\u00f3w przez w\u0142adze bia\u0142oruskie na zewn\u0119trznej granicy UE.", "persistent": false, "language": "en-US", "user": null}, {"source": "https://businessinsider.com.pl/.feed", "link": "https://businessinsider.com.pl/finanse/jest-decyzja-tsue-we-frankowej-sprawie-polaczenia-postepowan-nie-bedzie/nrcvmze", "title": "Trybuna\u0142 Sprawiedliwo\u015bci zdecydowa\u0142 w polskiej sprawie frankowej. \u0141\u0105czenia post\u0119powa\u0144 nie b\u0119dzie", "date_published": "2023-01-26 13:53:32+00:00", "description": "Trybuna\u0142 Sprawiedliwo\u015bci Unii Europejskiej zdecydowa\u0142, \u017ce nie po\u0142\u0105czy obu polskich spraw frankowych dotycz\u0105cych op\u0142aty za korzystanie z kapita\u0142u. To oznacza, \u017ce najprawdopodobniej opinia rzecznika generalnego TSUE zostanie przedstawiona zgodnie z planem, czyli 12 lutego. Pozostaje jednak w\u0105tpliwo\u015b\u0107, czy w wyroku, spodziewanym jesieni\u0105, luksemburski trybuna\u0142 w pe\u0142ni odpowie na pytania dotycz\u0105ce sposobu rozlicze\u0144 obu stron.", "persistent": false, "language": "en-US", "user": null}, {"source": "https://businessinsider.com.pl/.feed", "link": "https://businessinsider.com.pl/wiadomosci/obowiazkowy-pobor-do-wojska-w-tym-kraju-kobiety-pojda-w-kamasze/hnc1mde", "title": "Kobiety w kamasze. Kolejny kraj wprowadzi obowi\u0105zkowy pob\u00f3r", "date_published": "2023-01-26 13:50:35+00:00", "description": "Dania d\u0105\u017cy do znacznego zwi\u0119kszenia liczebno\u015bci swoich si\u0142 zbrojnych i planuje obowi\u0105zkowy pob\u00f3r do wojska dla kobiet \u2014 podaje Bloomberg.", "persistent": false, "language": "en-US", "user": null}, {"source": "https://businessinsider.com.pl/.feed", "link": "https://businessinsider.com.pl/biznes/przed-nami-pierwsza-niedziela-handlowa-w-2023-r-sprawdz-co-przygotowaly-sieci/fldm7h8", "title": "Zbli\u017ca si\u0119 pierwsza w tym roku niedziela handlowa. Sklepy szykuj\u0105 oferty", "date_published": "2023-01-26 13:46:52+00:00", "description": "W 2023 r. czeka nas siedem niedziel handlowych. Pierwsza z nich przypadnie 29 stycznia. Sieci handlowe ju\u017c informuj\u0105 o przygotowanych na ten dzie\u0144 promocjach, ale te\u017c o wyj\u0105tkowych godzinach otwarcia swoich sklep\u00f3w.", "persistent": false, "language": "en-US", "user": null}, {"source": "https://businessinsider.com.pl/.feed", "link": "https://businessinsider.com.pl/technologie/ktory-smartwatch-polara-kupic-przeglad-zegarkow-sportowych/3j70gnh", "title": "Kt\u00f3ry smartwatch Polara kupi\u0107? Przegl\u0105d zegark\u00f3w sportowych", "date_published": "2023-01-26 13:23:00+00:00", "description": "Polar ma w swojej ofercie sporo ciekawych zegark\u00f3w sportowych. U\u017cytkownicy chwal\u0105 je nie tylko za funkcjonalno\u015b\u0107 i design, ale doceniaj\u0105 r\u00f3wnie\u017c ca\u0142y system Polara oraz aplikacj\u0119 mobiln\u0105. Sprawd\u017a, kt\u00f3ry smartwatch b\u0119dzie idealny dla ciebie.", "persistent": false, "language": "en-US", "user": null}, {"source": "https://businessinsider.com.pl/.feed", "link": "https://businessinsider.com.pl/biznes/140-lat-i-wystarczy-provident-financial-porzuca-nazwe/7whl688", "title": "S\u0142ynna brytyjska firma zmienia nazw\u0119. Po 140 latach", "date_published": "2023-01-26 12:52:57+00:00", "description": "S\u0142ynna brytyjska firma finansowa wyspecjalizowana w udzielaniu kredyt\u00f3w wysokiego ryzyka Provident Financial zmieni swoj\u0105 nazw\u0119 po 140 latach \u2014 donosi \"Financial Times\". Decyzja o porzuceniu legendarnej ju\u017c nazwy to efekt zmiany modelu biznesowego firmy.", "persistent": false, "language": "en-US", "user": null}, {"source": "https://businessinsider.com.pl/.feed", "link": "https://businessinsider.com.pl/twoje-pieniadze/waloryzacja-rent-i-emerytur-minister-podala-szczegoly/ry9skgw", "title": "Waloryzacja rent i emerytur. Minister poda\u0142a szczeg\u00f3\u0142y", "date_published": "2023-01-26 12:41:47+00:00", "description": "Wszystko wskazuje na to, \u017ce waloryzacja rent i emerytur b\u0119dzie na poziomie 14,8 proc. \u2014 przekaza\u0142a w czwartek minister rodziny i polityki spo\u0142ecznej Marlena Mal\u0105g. Prezes ZUS prof. Gertruda U\u015bci\u0144ska poinformowa\u0142a, \u017ce koszt tegorocznej waloryzacji przekroczy 40 mld z\u0142.", "persistent": false, "language": "en-US", "user": null}, {"source": "https://businessinsider.com.pl/.feed", "link": "https://businessinsider.com.pl/gospodarka/rolnikow-czeka-trudny-rok-upadnie-wiele-rodzinnych-gospodarstw/zftqs00", "title": "Rolnik\u00f3w czeka trudny rok. Upadnie wiele rodzinnych gospodarstw", "date_published": "2023-01-26 12:39:23+00:00", "description": "Ten rok mo\u017ce by\u0107 bardzo trudny dla rolnik\u00f3w, z uwagi na rosn\u0105ce koszty produkcji, s\u0142abn\u0105ce zyski, w tym niskie ceny skupu, a tak\u017ce wyd\u0142u\u017caj\u0105ce si\u0119 zatory p\u0142atnicze. Eksperci prognozuj\u0105, \u017ce wiosn\u0105 przyb\u0119dzie d\u0142u\u017cnik\u00f3w w tym sektorze, a najgorzej b\u0119dzie w po\u0142owie roku.", "persistent": false, "language": "en-US", "user": null}, {"source": "https://businessinsider.com.pl/.feed", "link": "https://businessinsider.com.pl/technologie/motoryzacja/rewolucja-kadrowa-na-szczycie-toyoty-akio-toyoda-rezygnuje-ze-stanowiska/xp94znn", "title": "Rewolucja kadrowa na szczycie Toyoty. Akio Toyoda rezygnuje", "date_published": "2023-01-26 12:22:21+00:00", "description": "Akio Toyoda, wnuk za\u0142o\u017cyciela firmy, kt\u00f3ra dzi\u015b znana jest pod mark\u0105 Toyota, przestanie formalnie szefowa\u0107 koncernowi. Nowym prezesem Koji Sato, kt\u00f3ry z firm\u0105 zwi\u0105zany jest od 30 lat.", "persistent": false, "language": "en-US", "user": null}, {"source": "https://businessinsider.com.pl/.feed", "link": "https://businessinsider.com.pl/technologie/motoryzacja/rewolucja-kadrowa-toyoty-nazwisko-zalozyciela-firmy-znika-szczytu-koncernu/xp94znn", "title": "Rewolucja kadrowa na szczycie Toyoty. Akio Toyoda rezygnuje", "date_published": "2023-01-26 12:22:21+00:00", "description": "Akio Toyoda, wnuk za\u0142o\u017cyciela firmy, kt\u00f3ra dzi\u015b znana jest pod mark\u0105 Toyota, przestanie formalnie szefowa\u0107 koncernowi. Nowym prezesem Koji Sato, kt\u00f3ry z firm\u0105 zwi\u0105zany jest od 30 lat.", "persistent": false, "language": "en-US", "user": null}, {"source": "https://businessinsider.com.pl/.feed", "link": "https://businessinsider.com.pl/technologie/najpopularniejsze-piekarniki-do-zabudowy-sprawdz-obiektywny-ranking/xkn3ksv", "title": "Najpopularniejsze piekarniki do zabudowy \u2014 sprawd\u017a obiektywny ranking", "date_published": "2023-01-26 12:10:00+00:00", "description": "W najnowszym rankingu popularno\u015bci piekarnik\u00f3w do zabudowy nast\u0105pi\u0142o kilka przetasowa\u0144. W\u015br\u00f3d najlepszej pi\u0105tki s\u0105 jednak \u015bwietne urz\u0105dzenia, kt\u00f3re bez obaw mo\u017cna kupi\u0107 do w\u0142asnej kuchni. Dane pochodz\u0105 z por\u00f3wnywarki cen Sk\u0105piec.pl.", "persistent": false, "language": "en-US", "user": null}, {"source": "https://businessinsider.com.pl/.feed", "link": "https://businessinsider.com.pl/twoje-pieniadze/wazny-termin-w-sprawie-500-plus-minister-malag-przypomina/qwjh822", "title": "Wa\u017cny termin w sprawie 500 plus. Minister przypomina", "date_published": "2023-01-26 12:07:32+00:00", "description": "Od 1 lutego rusza nab\u00f3r wniosk\u00f3w na nowy okres \u015bwiadczeniowy programu Rodzina 500 plus. Ka\u017cdego miesi\u0105ca z programu korzysta oko\u0142o 7 mln dzieci \u2013 powiedzia\u0142a w czwartek minister rodziny Marlena Mal\u0105g.", "persistent": false, "language": "en-US", "user": null}, {"source": "https://businessinsider.com.pl/.feed", "link": "https://businessinsider.com.pl/finanse/o-hipoteki-w-2023-r-wciaz-bedzie-trudno-bik-prognozuje-spadek-sprzedazy/bl0knl2", "title": "Z\u0142owieszcze prognozy dla rynku hipotek. O kredyt nadal b\u0119dzie bardzo trudno", "date_published": "2023-01-26 11:56:06+00:00", "description": "Wzrost inflacji i st\u00f3p procentowych oraz zaostrzone wymogi regulacyjne przy jednoczesnych dalszych zwy\u017ckach cen mieszka\u0144 spowodowa\u0142y, \u017ce zdolno\u015b\u0107 kredytowa Polak\u00f3w w 2022 r. mocno spad\u0142a. Prognozy Biura Informacji Kredytowej wskazuj\u0105, \u017ce w tym roku lepiej nie b\u0119dzie.", "persistent": false, "language": "en-US", "user": null}, {"source": "https://businessinsider.com.pl/.feed", "link": "https://businessinsider.com.pl/gospodarka/szef-brytyjskiej-komisji-obrony-w-polsce-powinna-powstac-wielka-fabryka-broni-dla/2qdcbzq", "title": "Szef brytyjskiej komisji obrony: w Polsce powinna powsta\u0107 wielka fabryka broni dla Ukrainy", "date_published": "2023-01-26 11:50:29+00:00", "description": "Aby pom\u00f3c Ukrainie wygra\u0107 wojn\u0119, w Polsce musi powsta\u0107 ogromna fabryka broni, bo obecny model darowizn jest w d\u0142u\u017cszej perspektywie nie do utrzymania \u2014 powiedzia\u0142 w czwartek szef komisji obrony w brytyjskiej Izbie Gmin Tobias Ellwood.", "persistent": false, "language": "en-US", "user": null}, {"source": "https://businessinsider.com.pl/.feed", "link": "https://businessinsider.com.pl/twoje-pieniadze/elitarnie-jak-na-nartach-za-skipassy-trzeba-placic-setkami/w4s1hg9", "title": "Narty coraz bardziej elitarne. Tak dro\u017cej\u0105 skipassy", "date_published": "2023-01-26 11:30:15+00:00", "description": "Wyjazd na ferie w g\u00f3ry nigdy nie by\u0142 spraw\u0105 tani\u0105 i dro\u017ca\u0142 w zasadzie co roku. Obecna sytuacja gospodarczo-polityczna wywindowa\u0142a jednak ceny ekstremalnie. Doskonale wida\u0107 to po biletach wst\u0119pu na stoki.", "persistent": false, "language": "en-US", "user": null}, {"source": "https://businessinsider.com.pl/.feed", "link": "https://businessinsider.com.pl/finanse/bankowcy-bronia-wibor-ich-zdaniem-jest-uczciwie-wyznaczana-stawka/vtfhjjd", "title": "Bankowcy bior\u0105 WIBOR w obron\u0119. Ich zdaniem jest uczciwie wyznaczan\u0105 stawk\u0105", "date_published": "2023-01-26 11:09:19+00:00", "description": "Wska\u017anik referencyjny WIBOR, stosowany do wyznaczania m.in. oprocentowania zdecydowanej wi\u0119kszo\u015bci hipotek, jest wyliczany rzetelnie i wiarygodnie, nie dochodzi\u0142o do manipulacji tym wska\u017anikiem \u2014 ocenia w swoim stanowisku Zwi\u0105zek Bank\u00f3w Polskich. Zdaniem ZBP oczekiwanie, \u017ce s\u0105dy b\u0119d\u0105 usuwa\u0107 z umowy ten wska\u017anik, jest nierealistyczne.", "persistent": false, "language": "en-US", "user": null}, {"source": "https://businessinsider.com.pl/.feed", "link": "https://businessinsider.com.pl/twoje-pieniadze/rynkowy-rollercoaster-podsumowanie-rynku-nieruchomosci-i-kredytow-hipotecznych-w-2022/50hb4xy", "title": "Rynkowy rollercoaster \u2013 podsumowanie rynku nieruchomo\u015bci i kredyt\u00f3w hipotecznych w 2022 r.", "date_published": "2023-01-26 11:00:00+00:00", "description": "Rosn\u0105ce koszty zobowi\u0105za\u0144 kredytowych i niepewno\u015b\u0107 wywo\u0142ana trudn\u0105 do przewidzenia og\u00f3ln\u0105 sytuacj\u0105 gospodarcz\u0105 skutecznie sparali\u017cowa\u0142y popyt na kredyty hipoteczne. K\u0142opoty z uzyskaniem finansowania na zakup nieruchomo\u015bci prze\u0142o\u017cy\u0142y si\u0119 na spadek zainteresowania mieszkaniami. Ofert sprzeda\u017cowych na rynku nieruchomo\u015bci przybywa, a poszukuj\u0105cych jak na lekarstwo. Otwieraj\u0105 si\u0119 za to perspektywy przed inwestorami z got\u00f3wk\u0105. Jak wygl\u0105da sytuacja na rynku kredytowym? Jakich zmian spodziewa\u0107 si\u0119 na rynku mieszkaniowym? W jaki spos\u00f3b obie bran\u017ce wspieraj\u0105 si\u0119 w obliczu kryzysu? I dlaczego dopiero teraz kredytobiorcy doceniaj\u0105 wsparcie ekspert\u00f3w kredytowych?", "persistent": false, "language": "en-US", "user": null}, {"source": "https://businessinsider.com.pl/.feed", "link": "https://businessinsider.com.pl/technologie/kolejni-technologiczni-giganci-zwalniaja-ibm-i-sap-oglosily-swoje-plany/ysdkwhh", "title": "Kolejni technologiczni giganci zwalniaj\u0105. Wielkie ci\u0119cie trwa w najlepsze", "date_published": "2023-01-26 10:54:00+00:00", "description": "Niemiecki SAP i ameryka\u0144ski IBM do\u0142\u0105czy\u0142y do grona firm technologicznych, kt\u00f3re b\u0119d\u0105 zwalnia\u0107. Z prac\u0105 w SAP po\u017cegna si\u0119 do 3 tys. pracownik\u00f3w. W IBM zwolnienia si\u0119gn\u0105 niemal 4 tys. os\u00f3b.", "persistent": false, "language": "en-US", "user": null}, {"source": "https://businessinsider.com.pl/.feed", "link": "https://businessinsider.com.pl/finanse/makroekonomia/polskie-inwestycje-w-ukrainie-wystrzela-najnowsze-prognozy-pie/320e5mg", "title": "Polskie inwestycje w Ukrainie mog\u0105 skokowo wzrosn\u0105\u0107. Oto najnowsze prognozy", "date_published": "2023-01-26 10:40:33+00:00", "description": "Polskie inwestycje bezpo\u015brednie (BIZ) w Ukrainie mog\u0105 wzrosn\u0105\u0107 do 30 mld dolar\u00f3w w najbli\u017cszych pi\u0119ciu latach lat \u2014 wynika z szacunk\u00f3w Polskiego Instytutu Ekonomicznego (PIE). To by\u0142by kilkukrotny wzrost w por\u00f3wnaniu do ostatniego roku sprzed wybuchu wojny.", "persistent": false, "language": "en-US", "user": null}, {"source": "https://businessinsider.com.pl/.feed", "link": "https://businessinsider.com.pl/twoje-pieniadze/praca/tyle-czasu-polacy-oszczedzaja-na-pracy-zdalnej-wiadomo-jak-go-wykorzystuja/7c77x6t", "title": "Tyle czasu Polacy oszcz\u0119dzaj\u0105 na pracy zdalnej. Wiadomo, jak go wykorzystuj\u0105", "date_published": "2023-01-26 10:38:21+00:00", "description": "Polak pracuj\u0105cy zdalnie oszcz\u0119dza na doje\u017adzie do pracy mniej ni\u017c \u015brednia dla badanych pa\u0144stw. Du\u017ca cz\u0119\u015b\u0107 os\u00f3b zaoszcz\u0119dzony czas i tak po\u015bwi\u0119ca na prac\u0119.", "persistent": false, "language": "en-US", "user": null}, {"source": "https://businessinsider.com.pl/.feed", "link": "https://businessinsider.com.pl/wiadomosci/rzad-chce-szybko-dzialac-w-sprawie-kpo-nie-bedzie-czekal-na-prezydenta/deblgfy", "title": "Rz\u0105d chce szybko dzia\u0142a\u0107 w sprawie KPO. Nie b\u0119dzie czeka\u0142 na prezydenta", "date_published": "2023-01-26 10:02:02+00:00", "description": "Wniosek w sprawie KPO zostanie z\u0142o\u017cony do Komisji Europejskiej przed przekazaniem noweli ustawy o S\u0105dzie Najwy\u017cszym do prezydenta \u2014 powiedzia\u0142 premier Mateusz Morawiecki.", "persistent": false, "language": "en-US", "user": null}, {"source": "https://businessinsider.com.pl/.feed", "link": "https://businessinsider.com.pl/wiadomosci/in-business-jaroslaw-krolewski-prezes-synerise-o-sztucznej-inteligencji-i/xs2nme8", "title": "Sztuczna inteligencja przejmuje stery. Zwolnienia i ci\u0119cia wynagrodze\u0144 na rynku IT", "date_published": "2023-01-26 10:00:00+00:00", "description": "Zwolnienia i ci\u0119cia wynagrodze\u0144 na rynku IT, Chat GPT zmieniaj\u0105cy \u015bwiat i przysz\u0142o\u015b\u0107 sztucznej inteligencji. Mi\u0119dzy innymi o tym w najnowszym odcinku In Business z prezesem Synerise Jaros\u0142awem Kr\u00f3lewskim rozmawia\u0142 Miko\u0142aj Kunica.", "persistent": false, "language": "en-US", "user": null}, {"source": "https://businessinsider.com.pl/.feed", "link": "https://businessinsider.com.pl/gielda/wiadomosci/tak-wakacje-kredytowe-obciazaja-wyniki-bankow-najnowsze-dane/tfllgg6", "title": "Wakacje kredytowe. Tak obci\u0105\u017caj\u0105 wyniki bank\u00f3w", "date_published": "2023-01-26 09:51:17+00:00", "description": "Analitycy biur maklerskich podsumowuj\u0105 koszty, jakie z powodu wakacji kredytowych na lata 2022-2023 zanotuj\u0105 polskie banki. Za\u0142o\u017cone przez instytucje wska\u017aniki partycypacji mocno r\u00f3\u017cni\u0105 si\u0119 mi\u0119dzy sob\u0105.", "persistent": false, "language": "en-US", "user": null}, {"source": "https://businessinsider.com.pl/.feed", "link": "https://businessinsider.com.pl/finanse/nie-dostal-kredytu-bo-jest-otyly-bank-zabiera-glos/g091pdw", "title": "Nie dosta\u0142 kredytu, bo jest oty\u0142y. Bank zabiera g\u0142os", "date_published": "2023-01-26 09:44:15+00:00", "description": "Serwis Subiektywnie o Finansach opisa\u0142 histori\u0119 m\u0119\u017cczyzny, kt\u00f3ry nie dosta\u0142 kredytu przez swoj\u0105 oty\u0142o\u015b\u0107. Brzmi absurdalnie, a jednak. Wszystko przez odmow\u0119 obowi\u0105zkowego ubezpieczenia.", "persistent": false, "language": "en-US", "user": null}, {"source": "https://businessinsider.com.pl/.feed", "link": "https://businessinsider.com.pl/wiadomosci/kontrowersyjna-poprawka-w-ustawie-wiatrakowej/ytdmzdb", "title": "Kontrowersyjna poprawka w ustawie wiatrakowej", "date_published": "2023-01-26 08:36:31+00:00", "description": "Do projektu nowelizacji ustawy wiatrakowej Solidarna chce wpisa\u0107 poprawk\u0119, kt\u00f3ra m\u00f3wi, \u017ce w ka\u017cdym miejscu, w kt\u00f3rym maj\u0105 stan\u0105\u0107 wiatraki, powinno odby\u0107 si\u0119 referendum w\u015br\u00f3d mieszka\u0144c\u00f3w. Samorz\u0105dy poprawk\u0119 krytykuj\u0105, rz\u0105d jest \"otwarty na r\u00f3\u017cne korekty\".", "persistent": false, "language": "en-US", "user": null}, {"source": "https://businessinsider.com.pl/.feed", "link": "https://businessinsider.com.pl/wiadomosci/zielone-swiatlo-dla-przekazania-f-16-ukraincom-producent-zabral-glos/7qsvnsn", "title": "Zielone \u015bwiat\u0142o dla przekazania F-16 Ukrai\u0144com. Producent zabra\u0142 g\u0142os", "date_published": "2023-01-26 08:35:01+00:00", "description": "Lockheed Martin powiedzia\u0142, \u017ce jest gotowy zaspokoi\u0107 popyt na swoje samoloty F-16 \u2014 podaje \"Financial Times\". To reakcja na doniesienia, \u017ce niekt\u00f3re kraje wznawiaj\u0105 starania o dostarczenie my\u015bliwc\u00f3w do Kijowa.", "persistent": false, "language": "en-US", "user": null}, {"source": "https://businessinsider.com.pl/.feed", "link": "https://businessinsider.com.pl/finanse/makroekonomia/o-powaznej-dezinflacji-nie-ma-mowy-to-haslo-jest-przereklamowane/6tzjt9n", "title": "O powa\u017cnej dezinflacji nie ma mowy. To has\u0142o jest przereklamowane - pisze cz\u0142onkini RPP", "date_published": "2023-01-26 08:23:04+00:00", "description": "Has\u0142o \"dezinflacja\" wydaje si\u0119 nieco przereklamowane. \u015arednioroczna inflacja w 2022 roku wynios\u0142a oko\u0142o 14,3 proc., podczas gdy prognozy na 2023 r., nawet te bardziej optymistyczne, wskazuj\u0105 na \u015brednioroczn\u0105 inflacj\u0119 na poziomie 11-12 proc. \u2014 uwa\u017ca prof. Joanna Tyrowicz, cz\u0142onkini Rady Polityki Pieni\u0119\u017cnej. Zwraca uwag\u0119, \u017ce problemem jest rosn\u0105ca inflacja bazowa.", "persistent": false, "language": "en-US", "user": null}, {"source": "https://businessinsider.com.pl/.feed", "link": "https://businessinsider.com.pl/finanse/prezes-zbp-ostro-o-przedluzaniu-wakacji-kredytowych/vh61njw", "title": "Prezes ZBP ostro o przed\u0142u\u017caniu wakacji kredytowych", "date_published": "2023-01-26 08:20:05+00:00", "description": "Przed\u0142u\u017canie powszechnych wakacji kredytowych by\u0142oby skrajn\u0105 nieodpowiedzialno\u015bci\u0105 \u2014 ocenia prezes Zwi\u0105zku Bank\u00f3w Polski Krzysztof Pietraszkiewicz. Wskazuje, \u017ce mechanizm ten spowodowa\u0142 ograniczenie zdolno\u015bci finansowania rozwoju gospodarki o ponad 300 mld z\u0142.", "persistent": false, "language": "en-US", "user": null}, {"source": "https://businessinsider.com.pl/.feed", "link": "https://businessinsider.com.pl/wiadomosci/najslabszy-miesiac-od-ii-wojny-swiatowej-demograficzny-problem-polski-przebija-czarny/j596t14", "title": "\"Najs\u0142abszy miesi\u0105c od II wojny \u015bwiatowej\". Demograficzny problem Polski przebija czarny scenariusz", "date_published": "2023-01-26 08:19:38+00:00", "description": "Polska zmaga si\u0119 z kryzysem demograficznym i na razie t\u0119 walk\u0119 przegrywa. Jak zauwa\u017ca ekonomista Rafa\u0142 Mundry, w listopadzie liczba narodzin by\u0142a rekordowo niska.", "persistent": false, "language": "en-US", "user": null}, {"source": "https://businessinsider.com.pl/.feed", "link": "https://businessinsider.com.pl/gielda/kursy-walut/kurs-euro-eurpln-notowania-walut-26-stycznia-2023/gdgws68", "title": "Kurs euro 26 stycznia powy\u017cej 4,7", "date_published": "2023-01-26 08:04:35+00:00", "description": "Kurs euro powy\u017cej 4,7. W czwartek rano 26 stycznia 2022 r. kurs EUR/PLN wynosi\u0142 4,7209 z\u0142.", "persistent": false, "language": "en-US", "user": null}, {"source": "https://businessinsider.com.pl/.feed", "link": "https://businessinsider.com.pl/gielda/kursy-walut/kurs-dolara-usdpln-notowania-walut-25-stycznia-2023/ef8gt9h", "title": "Kurs dolara 26 stycznia powy\u017cej 4,3", "date_published": "2023-01-26 08:03:12+00:00", "description": "Kurs dolara powy\u017cej 4,3. W czwartek rano 26 stycznia 2022 r. kurs USD/PLN wynosi 4,3231.", "persistent": false, "language": "en-US", "user": null}, {"source": "https://businessinsider.com.pl/.feed", "link": "https://businessinsider.com.pl/gielda/kursy-walut/kurs-franka-frank-szwajcarski-chfpln-26-stycznia-2023/g3ebsh2", "title": "Kurs franka 26 stycznia powy\u017cej 4,7", "date_published": "2023-01-26 08:01:18+00:00", "description": "Frank szwajcarski powy\u017cej 4,7. W czwartek rano 26 stycznia 2022 r. kurs tej waluty wobec polskiego z\u0142otego wynosi 4,7134.", "persistent": false, "language": "en-US", "user": null}, {"source": "https://businessinsider.com.pl/.feed", "link": "https://businessinsider.com.pl/twoje-pieniadze/kilometrowki-do-zmiany-stawki-dopiero-co-wzrosly-a-juz-szykuje-sie-kolejna-nowosc/1z1tqz2", "title": "Kilometr\u00f3wki do zmiany. Stawki dopiero co wzros\u0142y, a ju\u017c szykuje si\u0119 kolejna nowo\u015b\u0107", "date_published": "2023-01-26 07:21:36+00:00", "description": "W styczniu po 15 latach zmieni\u0142y si\u0119 stawki tzw. kilometr\u00f3wek, czyli zwrotu koszt\u00f3w u\u017cywania do cel\u00f3w s\u0142u\u017cbowych pojazd\u00f3w nieb\u0119d\u0105cych w\u0142asno\u015bci\u0105 pracodawcy. Tymczasem rz\u0105d ju\u017c pracuje nad kolejn\u0105 nowo\u015bci\u0105.", "persistent": false, "language": "en-US", "user": null}, {"source": "https://businessinsider.com.pl/.feed", "link": "https://businessinsider.com.pl/wiadomosci/polskie-uzdrowiska-bezprawnie-pobieraja-oplaty-za-czyste-powietrze/fc9xs8z", "title": "Polskie uzdrowiska bezprawnie pobieraj\u0105 op\u0142aty za czyste powietrze", "date_published": "2023-01-26 07:02:40+00:00", "description": "Kilkadziesi\u0105t\u202fzanieczyszczonych\u202fkurort\u00f3w\u202fg\u00f3rskich i\u202fuzdrowisk z Ma\u0142opolski i Dolnego \u015al\u0105ska\u202fbezprawnie\u202fpobiera tzw. op\u0142aty\u202fklimatyczne od\u202fodwiedzaj\u0105cych. Stan powietrza w tych miejscowo\u015bciach dalece przekracza normy czysto\u015bci \u2014 informuje portalsamorzadowy.pl powo\u0142uj\u0105c si\u0119 na dane z najnowszego raportu Fundacji ClientEarth.", "persistent": false, "language": "en-US", "user": null}, {"source": "https://businessinsider.com.pl/.feed", "link": "https://businessinsider.com.pl/finanse/milionowe-nagrody-w-ministerstwie-finansow-resort-tlumaczy-ze-to-nie-za-polski-lad/86vjxee", "title": "Milionowe nagrody w Ministerstwie Finans\u00f3w. Resort t\u0142umaczy, \u017ce to nie za Polski \u0141ad", "date_published": "2023-01-26 06:43:57+00:00", "description": "64 mln z\u0142 w ramach nagr\u00f3d wyp\u0142acono pracownikom Ministerstwa Finans\u00f3w w 2022 r. Ministerstwo Finans\u00f3w w 2022 r. Resort przekonuje, \u017ce nagrody nie maj\u0105 ni\u0107 wsp\u00f3lnego z Polskim \u0141adem, co sugerowa\u0142 jeden z portali.", "persistent": false, "language": "en-US", "user": null}, {"source": "https://businessinsider.com.pl/.feed", "link": "https://businessinsider.com.pl/wiadomosci/kazdy-czwartoklasista-z-wlasnym-laptopem-sa-szczegoly-programu/lesj371", "title": "Ka\u017cdy czwartoklasista z w\u0142asnym laptopem. S\u0105 szczeg\u00f3\u0142y programu", "date_published": "2023-01-26 06:21:49+00:00", "description": "Ka\u017cde dziecko, kt\u00f3re b\u0119dzie sz\u0142o do IV klasy od nowego roku szkolnego 2023/2024, b\u0119dzie mia\u0142o sw\u00f3j komputer do u\u017cycia w szkole i po szkole \u2014 powiedzia\u0142 \"DGP\" sekretarz stanu w KPRM, pe\u0142nomocnik rz\u0105du ds. cyberbezpiecze\u0144stwa Janusz Cieszy\u0144ski.", "persistent": false, "language": "en-US", "user": null}, {"source": "https://businessinsider.com.pl/.feed", "link": "https://businessinsider.com.pl/firmy/gdzie-sie-podzialy-tamte-lumpeksy-w-polsce-ubywa-second-handow/85el9nl", "title": "Gdzie si\u0119 podzia\u0142y tamte lumpeksy? W Polsce ubywa second-hand\u00f3w", "date_published": "2023-01-26 06:09:04+00:00", "description": "Sklepy z u\u017cywan\u0105 odzie\u017c\u0105 znikaj\u0105 z polskich miast i miasteczek. W 2022 r. prawie 600 takich lokali zawiesi\u0142o lub zako\u0144czy\u0142o dzia\u0142alno\u015b\u0107.", "persistent": false, "language": "en-US", "user": null}, {"source": "https://businessinsider.com.pl/.feed", "link": "https://businessinsider.com.pl/wiadomosci/wiatr-zmian-w-pkp-intercity-teraz-planuje-wprowadzic-program-lojalnosciowy/wplbc9d", "title": "Wiatr zmian w PKP Intercity. Teraz planuje wprowadzi\u0107 program lojalno\u015bciowy", "date_published": "2023-01-26 05:59:56+00:00", "description": "PKP Intercity planuje przygotowa\u0107 program lojalno\u015bciowy dla podr\u00f3\u017cnych. Ma to zrobi\u0107 w\u0142asnymi si\u0142ami \u2014 poinformowa\u0142 cz\u0142onek zarz\u0105du kolejowej sp\u00f3\u0142ki Tomasz Gontarz. Wcze\u015bniej sp\u00f3\u0142ka my\u015bla\u0142a, aby og\u0142osi\u0107 przetarg na wyb\u00f3r dostawcy systemu obs\u0142uguj\u0105cego program lojalno\u015bciowy.", "persistent": false, "language": "en-US", "user": null}, {"source": "https://businessinsider.com.pl/.feed", "link": "https://businessinsider.com.pl/finanse/handel/napoje-energetyczne-kupia-tylko-dorosli-jest-pomysl/8d0lk7g", "title": "Napoje energetyczne kupi\u0105 tylko doro\u015bli? Jest pomys\u0142", "date_published": "2023-01-26 05:45:26+00:00", "description": "Pos\u0142owie pytaj\u0105 Ministerstwo Zdrowia, na jakim etapie s\u0105 prace nad ustaw\u0105 zakazuj\u0105c\u0105 sprzeda\u017cy napoj\u00f3w energetycznych osobom poni\u017cej 16. lat \u2014 pisz\u0105 wiadomoscihandlowe.pl.", "persistent": false, "language": "en-US", "user": null}, {"source": "https://businessinsider.com.pl/.feed", "link": "https://businessinsider.com.pl/gospodarka/piec-najciekawszych-wydarzen-w-gospodarce-teraz-26012023/380ynt7", "title": "Wakacje kredytowe mog\u0105 by\u0107 d\u0142u\u017csze \u2014 nikt tego nie m\u00f3wi oficjalnie, ale gie\u0142da i tak wpad\u0142a w pop\u0142och", "date_published": "2023-01-26 05:45:18+00:00", "description": "Widmo wyd\u0142u\u017conych wakacji kredytowych przerazi\u0142o inwestor\u00f3w gie\u0142dowych i wzbudzi\u0142o obawy o to, jak mo\u017ce wygl\u0105da\u0107 udzielanie kredyt\u00f3w hipotecznych w przysz\u0142o\u015bci. Stopa bezrobocia lekko uros\u0142a, za to zam\u00f3wienia w fabrykach malej\u0105. Kanada jako pierwsza w\u015br\u00f3d rozwini\u0119tych gospodarek og\u0142osi\u0142a koniec podwy\u017cek st\u00f3p, a Tesla pokaza\u0142a najlepsze wyniki finansowe w swojej historii. Oto pi\u0119\u0107 najciekawszych wydarze\u0144 w gospodarce teraz.", "persistent": false, "language": "en-US", "user": null}, {"source": "https://businessinsider.com.pl/.feed", "link": "https://businessinsider.com.pl/prawo/praca/urlopy-i-umowy-na-okres-probny-co-zmieni-sie-w-kodeksie-pracy/fes825g", "title": "Sejm zaczyna rewolucj\u0119 w Kodeksie pracy. Urlopy i okres pr\u00f3bny do poprawki?", "date_published": "2023-01-26 05:30:29+00:00", "description": "Pracownicy zyskaj\u0105 wreszcie dodatkowe urlopy, w tym te opieku\u0144cze oraz lepsz\u0105 ochron\u0119 przed zwolnieniem. Sejm zaczyna prace nad sp\u00f3\u017anion\u0105, bardzo szerok\u0105 nowelizacj\u0105 Kodeksu pracy, kt\u00f3ra wdra\u017ca unijn\u0105 dyrektyw\u0119, m.in. o work-life balance. Zdaniem pracodawc\u00f3w i zwi\u0105zkowc\u00f3w pos\u0142owie powinni poprawi\u0107 przepisy, w tym np. dotycz\u0105ce um\u00f3w na okres pr\u00f3bny.", "persistent": false, "language": "en-US", "user": null}, {"source": "https://businessinsider.com.pl/.feed", "link": "https://businessinsider.com.pl/biznes/na-rynku-wegla-trwa-hossa-a-do-kopaln-i-tak-dokladamy/rqfp7x2", "title": "Na rynku w\u0119gla trwa hossa, a do kopal\u0144 i tak dok\u0142adamy", "date_published": "2023-01-26 05:22:24+00:00", "description": "Polskie kopalnie zarobi\u0142y w minionym roku krocie, ale i tak si\u0119gn\u0119\u0142y po pomoc publiczn\u0105 od pa\u0144stwa w wysoko\u015bci 1,6 mld z\u0142. Cel: redukcja zdolno\u015bci produkcyjnych. Tymczasem sp\u00f3\u0142ki w\u0119glowe pracowa\u0142y na pe\u0142nych obrotach, by zape\u0142ni\u0107 luk\u0119 na rynku po rosyjskim w\u0119glu i m\u00f3wi\u0105 wprost, \u017ce zamierzaj\u0105 inwestowa\u0107 w zwi\u0119kszenie wydobycia. Co wi\u0119cej, program pomocy dla g\u00f3rnictwa wci\u0105\u017c nie uzyska\u0142 akceptacji Komisji Europejskiej, cho\u0107 wniosek w tej sprawie trafi\u0142 do Brukseli w marcu 2022 r. \u2014 Dotychczasowy dialog nie wskazuje na brak zrozumienia ze strony KE \u2014 przekonuje resort aktyw\u00f3w pa\u0144stwowych.", "persistent": false, "language": "en-US", "user": null}, {"source": "https://businessinsider.com.pl/.feed", "link": "https://businessinsider.com.pl/media/internet/facebook-pozwala-na-powrot-donalda-trumpa/h0lnsrc", "title": "Facebook pozwala na powr\u00f3t Donalda Trumpa", "date_published": "2023-01-26 05:20:37+00:00", "description": "W najbli\u017cszych tygodniach by\u0142y prezydent USA Donald Trump b\u0119dzie m\u00f3g\u0142 powr\u00f3ci\u0107 na Facebooka \u2014 poinformowa\u0142 w \u015brod\u0119 w\u0142a\u015bciciel tego serwisu spo\u0142eczno\u015bciowego, firma Meta Platforms.", "persistent": false, "language": "en-US", "user": null}, {"source": "https://businessinsider.com.pl/.feed", "link": "https://businessinsider.com.pl/finanse/specfundusz-sie-kurczy-ale-miliardy-nadal-plyna-poza-budzetem-najwiecej-do-kprm/qtkxvgq", "title": "Specfundusz si\u0119 kurczy, ale miliardy nadal p\u0142yn\u0105 poza bud\u017cetem. Najwi\u0119cej do KPRM [TYLKO U NAS]", "date_published": "2023-01-26 05:11:15+00:00", "description": "Fundusz Przeciwdzia\u0142ania COVID-19 b\u0119dzie mia\u0142 do wydania w tym roku 25 mld z\u0142. To znacznie mniejsza kwota ni\u017c zosta\u0142a rozdysponowana w ubieg\u0142ym roku i dow\u00f3d, \u017ce specjalny wehiku\u0142 finansowy powo\u0142any przez rz\u0105d w pandemii zaczyna si\u0119 kurczy\u0107. To za\u015b daje nadziej\u0119, \u017ce deficyt ca\u0142ego sektora finans\u00f3w publicznych tak\u017ce b\u0119dzie mniejszy, ni\u017c przewiduje minister finans\u00f3w. Pieni\u0105dze z Funduszu ju\u017c nie id\u0105 na walk\u0119 z pandemi\u0105, ale na programy inwestycyjne i ograniczanie skutk\u00f3w kryzysu energetycznego.", "persistent": false, "language": "en-US", "user": null}, {"source": "https://businessinsider.com.pl/.feed", "link": "https://businessinsider.com.pl/firmy/na-jajach-zbudowali-imperium-teraz-uderza-w-nich-kryzys-i-ptasia-grypa/96g71yg", "title": "Na produkcji jajek zbudowali w Polsce imperium. Nie maj\u0105 dobrych wiadomo\u015bci [TYLKO U NAS]", "date_published": "2023-01-26 05:00:00+00:00", "description": "\u2014 To kryzys o wymiarze \u015bwiatowym \u2014 przyznaje w rozmowie z Business Insider Barbara Wo\u017aniak, pe\u0142nomocnik zarz\u0105du Ferm Drobiu Wo\u017aniak, firmy b\u0119d\u0105cej najwi\u0119kszym w Polsce i drugim w Europie dostawc\u0105 jaj. Nie ma z\u0142udze\u0144, \u017ce kryzys obejmuje r\u00f3wnie\u017c Polsk\u0119. Podaje dane \u015bwiadcz\u0105ce o tym, \u017ce rodzime fermy kurcz\u0105 si\u0119 w oczach i wskazuje, jakie b\u0119d\u0105 tego konsekwencje dla zwyk\u0142ych Polak\u00f3w.", "persistent": false, "language": "en-US", "user": null}], "source": {"url": "https://businessinsider.com.pl/.feed", "title": "Business insider"}}