[{"source": "https://www.wirtualnemedia.pl/rss/wm_internet.xml", "title": "Ruszy\u0142y castingi do drugiego sezonu show \u201eSquid Game: Wyzwanie\u201d Netfliksa", "description": "Fina\u0142 pierwszej edycji \u201eSquid Game: Wyzwanie\u201d odb\u0119dzie si\u0119 6 grudnia na Netfliksie, a ju\u017c teraz mo\u017cna zg\u0142asza\u0107 si\u0119 na casingi do drugiego sezonu programu.", "link": "https://www.wirtualnemedia.pl/artykul/drugi-sezon-squid-game-wyzwanie-netflix-jak-wziac-udzial", "date_published": "2023-12-01T11:22:25.663831+00:00", "permanent": false, "bookmarked": false, "dead": false, "artist": "Wirtualne Media - Internet", "album": "Wirtualne Media - Internet", "user": null, "language": "pl-PL", "thumbnail": null, "age": null, "page_rating_contents": 0, "page_rating_votes": 0, "page_rating_visits": 0, "page_rating": 0, "tags": [], "comments": [], "vote": 0}, {"source": "https://www.wirtualnemedia.pl/rss/wm_internet.xml", "title": "Dziennikarz odchodzi z portalu Wesz\u0142o. \"Zmieniam bran\u017c\u0119, ale nie znikn\u0119 z medi\u00f3w\"", "description": "Dziennikarz Pawe\u0142 O\u017c\u00f3g poinformowa\u0142 w czwartek na portalu X/Twitter, \u017ce rozstaje si\u0119 z redakcj\u0105 Wesz\u0142o. - Teraz nieco zmieniam priorytety, r\u00f3wnie\u017c bran\u017c\u0119, ale nie znikn\u0119 zupe\u0142nie ze \u015bwiata medi\u00f3w - napisa\u0142 O\u017c\u00f3g.", "link": "https://www.wirtualnemedia.pl/artykul/weszlo-pawel-ozog-krzysztof-stanowski-odejscie-dziennikarz", "date_published": "2023-12-01T11:22:25.663291+00:00", "permanent": false, "bookmarked": false, "dead": false, "artist": "Wirtualne Media - Internet", "album": "Wirtualne Media - Internet", "user": null, "language": "pl-PL", "thumbnail": null, "age": null, "page_rating_contents": 0, "page_rating_votes": 0, "page_rating_visits": 0, "page_rating": 0, "tags": [], "comments": [], "vote": 0}, {"source": "https://www.wirtualnemedia.pl/rss/wm_internet.xml", "title": "Elon Musk: Bojkot reklamodawc\u00f3w zabije platform\u0119 X", "description": "Bojkot reklamodawc\u00f3w mo\u017ce zabi\u0107 firm\u0119 - powiedzia\u0142 w \u015brod\u0119 w\u0142a\u015bciciel platformy X Elon Musk w wywiadzie na konferencji \"New York Timesa\". Jednocze\u015bnie w niecenzuralnych s\u0142owach powiedzia\u0142 reklamodawcom, kt\u00f3rzy go \"szanta\u017cuj\u0105\", by odeszli. Przyzna\u0142 jednocze\u015bnie, \u017ce b\u0142\u0119dem by\u0142o zamieszczenie wpisu popieraj\u0105cego antysemickie teorie.", "link": "https://www.wirtualnemedia.pl/artykul/elon-musk-bojkot-reklamodawcow-zabij-platforma-x-twiiter", "date_published": "2023-12-01T11:22:25.662785+00:00", "permanent": false, "bookmarked": false, "dead": false, "artist": "Wirtualne Media - Internet", "album": "Wirtualne Media - Internet", "user": null, "language": "pl-PL", "thumbnail": null, "age": null, "page_rating_contents": 0, "page_rating_votes": 0, "page_rating_visits": 0, "page_rating": 0, "tags": [], "comments": [], "vote": 0}, {"source": "https://www.wirtualnemedia.pl/rss/wm_internet.xml", "title": "TVN24 najbardziej opiniotw\u00f3rczym medium w Polsce. Wirtualnemedia.pl by\u0142y cytowane 1302 razy", "description": "Stacja TVN24 po raz pierwszy w tym roku zosta\u0142a liderem rankingu Najbardziej opiniotw\u00f3rcze media w Polsce, przygotowywanego przez Instytut Monitorowania Medi\u00f3w. W pa\u017adzierniku na drugim miejscu plasuje si\u0119 RMF FM, trzeci\u0105 pozycj\u0119 zajmuje \u201eRzeczpospolita\u201d. W czo\u0142\u00f3wce medi\u00f3w internetowych s\u0105 Wirtualnemedia.pl.", "link": "https://www.wirtualnemedia.pl/artykul/tvn24-najbardziej-opiniotworczym-medium-w-polsce-wirtualnemedia-pl", "date_published": "2023-12-01T11:22:25.662235+00:00", "permanent": false, "bookmarked": false, "dead": false, "artist": "Wirtualne Media - Internet", "album": "Wirtualne Media - Internet", "user": null, "language": "pl-PL", "thumbnail": null, "age": null, "page_rating_contents": 0, "page_rating_votes": 0, "page_rating_visits": 0, "page_rating": 0, "tags": [], "comments": [], "vote": 0}, {"source": "https://www.wirtualnemedia.pl/rss/wm_internet.xml", "title": "Krzysztof Gonciarz: Do\u015bwiadczy\u0142em piek\u0142a. Znany youtuber z\u0142o\u017cy\u0142 zawiadomienie o stalkingu", "description": "Znany youtuber Krzysztof Gonciarz przerwa\u0142 milczenie po tym, jak kilka m\u0142odych kobiet w mediach spo\u0142eczno\u015bciowych zarzuci\u0142o mu poni\u017canie i krzywdz\u0105ce zachowania, kt\u00f3re do kt\u00f3rych mia\u0142o doj\u015b\u0107 z powodu jego na\u0142ogu narkotykowego. Influencer ze szczeg\u00f3\u0142ami opowiedzia\u0142 o swojej znajomo\u015bci z oskar\u017caj\u0105c\u0105 go kobiet\u0105 i zarzuci\u0142 jej stalking. O\u015bwiadczy\u0142 tak\u017ce, \u017ce z\u0142o\u017cy\u0142 na policji zawiadomienie o uporczywym n\u0119kaniu go przez Dari\u0119 D\u0105browsk\u0105.", "link": "https://www.wirtualnemedia.pl/artykul/krzysztof-gonciarz-afera-daria-dabrowska", "date_published": "2023-12-01T11:22:25.661659+00:00", "permanent": false, "bookmarked": false, "dead": false, "artist": "Wirtualne Media - Internet", "album": "Wirtualne Media - Internet", "user": null, "language": "pl-PL", "thumbnail": null, "age": null, "page_rating_contents": 0, "page_rating_votes": 0, "page_rating_visits": 0, "page_rating": 0, "tags": [], "comments": [], "vote": 0}, {"source": "https://www.wirtualnemedia.pl/rss/wm_internet.xml", "title": "Zmiany w regulaminie Pilot WP. \u201eWprowadzenie ca\u0142o\u015bciowej odp\u0142atno\u015bci za us\u0142ugi telewizyjne\u201d", "description": "Subskrybenci serwisu streamingowego Pilot WP otrzymali na e-maile informacje o nowym regulaminie. Wejdzie on w \u017cycie 26 grudnia. Osoby, kt\u00f3re dalej b\u0119d\u0105 korzysta\u0142y z us\u0142ug, automatycznie go zaakceptuj\u0105. Pozosta\u0142e mog\u0105 z\u0142o\u017cy\u0107 o\u015bwiadczenie o odst\u0105pieniu od umowy.", "link": "https://www.wirtualnemedia.pl/artykul/pilot-wp-serwisy-streamingowe-regulamin-zmiany-pakiety-kanaly-telewizyjne-odplatnosc-podwyzki-ceny-fast", "date_published": "2023-12-01T11:22:25.660632+00:00", "permanent": false, "bookmarked": false, "dead": false, "artist": "Wirtualne Media - Internet", "album": "Wirtualne Media - Internet", "user": null, "language": "pl-PL", "thumbnail": null, "age": null, "page_rating_contents": 0, "page_rating_votes": 0, "page_rating_visits": 0, "page_rating": 0, "tags": [], "comments": [], "vote": 0}, {"source": "https://www.wirtualnemedia.pl/rss/wm_internet.xml", "title": "Hakerzy za\u017c\u0105dali kilkuset tysi\u0119cy dolar\u00f3w okupu od firmy Alab. Wykradli dane jej pacjent\u00f3w", "description": "Warszawska Prokuratura Regionalna wszcz\u0119\u0142a \u015bledztwo w sprawie haker\u00f3w, kt\u00f3rzy wykradli dane pacjent\u00f3w Alab Laboratoria. \u015aledztwo obejmuje r\u00f3wnie\u017c w\u0105tek dotycz\u0105cy \u017c\u0105dania okupu. Jak nieoficjalnie ustali\u0142a PAP, szanta\u017cy\u015bci za\u017c\u0105dali od firmy kilkuset tysi\u0119cy dolar\u00f3w.", "link": "https://www.wirtualnemedia.pl/artykul/hakerzy-wykradli-dane-pacjenci-alab-laboratoria-okup-pesel", "date_published": "2023-12-01T11:22:25.660103+00:00", "permanent": false, "bookmarked": false, "dead": false, "artist": "Wirtualne Media - Internet", "album": "Wirtualne Media - Internet", "user": null, "language": "pl-PL", "thumbnail": null, "age": null, "page_rating_contents": 0, "page_rating_votes": 0, "page_rating_visits": 0, "page_rating": 0, "tags": [], "comments": [], "vote": 0}, {"source": "https://www.wirtualnemedia.pl/rss/wm_internet.xml", "title": "Mariusz Max Kolonko przegra\u0142 w s\u0105dzie z Wykopem. Nie dostanie 200 tys. z\u0142", "description": "S\u0105d oddali\u0142 pozew skierowany przez Mariusza Maxa Kolonk\u0119 przeciw sp\u00f3\u0142ce zarz\u0105dzaj\u0105cej serwisem spo\u0142eczno\u015bciowym Wykop. By\u0142y dziennikarz zarzuci\u0142 jej nielegalne kopiowanie jego nagra\u0144 oraz \u201eoczernianie, szkalowanie, zorganizowany trolling\u201d, domaga\u0142 si\u0119 za to 200 tys. z\u0142. - Max Kolonko nie wyja\u015bni\u0142, na czym mia\u0142oby polega\u0107 naruszenie jego d\u00f3br osobistych b\u0105d\u017a praw autorskich przez operatora serwisu Wykop.pl - podkre\u015bla szef serwisu Micha\u0142 Bia\u0142ek.", "link": "https://www.wirtualnemedia.pl/artykul/mariusz-max-kolonko-przegral-wykop-pl", "date_published": "2023-12-01T11:22:25.659490+00:00", "permanent": false, "bookmarked": false, "dead": false, "artist": "Wirtualne Media - Internet", "album": "Wirtualne Media - Internet", "user": null, "language": "pl-PL", "thumbnail": null, "age": null, "page_rating_contents": 0, "page_rating_votes": 0, "page_rating_visits": 0, "page_rating": 0, "tags": [], "comments": [], "vote": 0}]