[{"source": "https://www.youtube.com/feeds/videos.xml?channel_id=UCcyq283he07B7_KUX07mmtA", "title": "This lab transforms horse plasma into #antivenom, ensuring it's safe for human use. #snakebite", "description": "", "link": "https://www.youtube.com/watch?v=nMVkfyyStCA", "date_published": "2023-12-01T19:59:15+00:00", "permanent": false, "bookmarked": false, "dead": false, "artist": "InsiderBusiness", "album": "InsiderBusiness", "user": null, "language": "en-US", "thumbnail": "https://i3.ytimg.com/vi/nMVkfyyStCA/hqdefault.jpg", "age": null, "page_rating_contents": 0, "page_rating_votes": 0, "page_rating_visits": 0, "page_rating": 0, "tags": [], "comments": [], "vote": 0}, {"source": "https://www.youtube.com/feeds/videos.xml?channel_id=UCcyq283he07B7_KUX07mmtA", "title": "Did you know that mace and nutmeg come from the same fruit? #mace #indianspices #spices", "description": "------------------------------------------------------\n\nBusiness Insider tells you all you need to know about business, finance, tech, retail, and more.\n\nVisit our homepage for the top stories of the day: https://www.businessinsider.com\nInsider Business on Facebook: https://www.facebook.com/businessinsider\nInsider Business on Instagram: https://www.instagram.com/insiderbusiness\nInsider Business on Twitter: https://www.twitter.com/businessinsider\nInsider Business on Snapchat: https://www.snapchat.com/discover/Business_Insider/5319643143\nInsider Business on TikTok: https://www.tiktok.com/@businessinsider", "link": "https://www.youtube.com/watch?v=APtp1Mp3gt4", "date_published": "2023-12-01T18:00:05+00:00", "permanent": false, "bookmarked": false, "dead": false, "artist": "InsiderBusiness", "album": "InsiderBusiness", "user": null, "language": "en-US", "thumbnail": "https://i2.ytimg.com/vi/APtp1Mp3gt4/hqdefault.jpg", "age": null, "page_rating_contents": 0, "page_rating_votes": 0, "page_rating_visits": 0, "page_rating": 0, "tags": [], "comments": [], "vote": 0}, {"source": "https://www.youtube.com/feeds/videos.xml?channel_id=UCcyq283he07B7_KUX07mmtA", "title": "We uncovered the stories behind some of the world's most #expensive foods. #maplesyrup #sake", "description": "", "link": "https://www.youtube.com/watch?v=StfYexobjig", "date_published": "2023-12-01T16:46:37+00:00", "permanent": false, "bookmarked": false, "dead": false, "artist": "InsiderBusiness", "album": "InsiderBusiness", "user": null, "language": "en-US", "thumbnail": "https://i4.ytimg.com/vi/StfYexobjig/hqdefault.jpg", "age": null, "page_rating_contents": 0, "page_rating_votes": 0, "page_rating_visits": 0, "page_rating": 0, "tags": [], "comments": [], "vote": 0}]