[{"source": "https://lifehacker.com/rss", "title": "28 of the Best Non-Christmas Christmas Movies (That Aren't \u2018Die Hard\u2019) You Can Stream Now", "description": "Oh, your favorite Christmas movie is actually 'Die Hard'? Never heard that one before.", "link": "https://lifehacker.com/entertainment/best-nontraditional-christmas-movies", "date_published": "2023-12-01T23:00:00+00:00", "permanent": false, "bookmarked": false, "dead": false, "artist": "Lifehacker", "album": "Lifehacker", "user": null, "language": "en-US", "thumbnail": "https://lifehacker.com/imagery/articles/01HFYE047XG58NX5FX5QRCCTVG/hero-image.png", "age": null, "page_rating_contents": 0, "page_rating_votes": 0, "page_rating_visits": 0, "page_rating": 0, "tags": [], "comments": [], "vote": 0}, {"source": "https://lifehacker.com/rss", "title": "How to Download All Your Media From Google Photos", "description": "If not all of your photos and videos are transferring, they're probably in the cloud.", "link": "https://lifehacker.com/tech/transfer-photos-videos-google-cloud", "date_published": "2023-12-01T22:30:00+00:00", "permanent": false, "bookmarked": false, "dead": false, "artist": "Lifehacker", "album": "Lifehacker", "user": null, "language": "en-US", "thumbnail": "https://lifehacker.com/imagery/articles/01HGKHDDF6RK96XA5HXDFF74TG/hero-image.png", "age": null, "page_rating_contents": 0, "page_rating_votes": 0, "page_rating_visits": 0, "page_rating": 0, "tags": [], "comments": [], "vote": 0}, {"source": "https://lifehacker.com/rss", "title": "The Secret to Becoming a Runner Is a Good Routine", "description": "Become the type of person who does't think twice before lacing up their shoes.", "link": "https://lifehacker.com/health/how-to-start-running-routine", "date_published": "2023-12-01T22:00:00+00:00", "permanent": false, "bookmarked": false, "dead": false, "artist": "Lifehacker", "album": "Lifehacker", "user": null, "language": "en-US", "thumbnail": "https://lifehacker.com/imagery/articles/01HGKCHA2VX8XAGQX931BZ0AQ4/hero-image.png", "age": null, "page_rating_contents": 0, "page_rating_votes": 0, "page_rating_visits": 0, "page_rating": 0, "tags": [], "comments": [], "vote": 0}, {"source": "https://lifehacker.com/rss", "title": "Five of the Best Programs for Tracking Your Time", "description": "Here's what to use if you really want to know how much time you spend working.", "link": "https://lifehacker.com/work/best-programs-for-tracking-your-time", "date_published": "2023-12-01T21:30:17+00:00", "permanent": false, "bookmarked": false, "dead": false, "artist": "Lifehacker", "album": "Lifehacker", "user": null, "language": "en-US", "thumbnail": "https://lifehacker.com/imagery/articles/01HGKHEABKAR87KRC512GN14Q9/hero-image.png", "age": null, "page_rating_contents": 0, "page_rating_votes": 0, "page_rating_visits": 0, "page_rating": 0, "tags": [], "comments": [], "vote": 0}, {"source": "https://lifehacker.com/rss", "title": "There\u2019s a Hidden Filter in Your Shower Head and It\u2019s Probably Filthy", "description": "Don't expect strong water pressure if it's clogged.", "link": "https://lifehacker.com/home/clean-shower-head-filter", "date_published": "2023-12-01T21:00:00+00:00", "permanent": false, "bookmarked": false, "dead": false, "artist": "Lifehacker", "album": "Lifehacker", "user": null, "language": "en-US", "thumbnail": "https://lifehacker.com/imagery/articles/01HGH7T6SEFR9ZT6H8C3J8TKVF/hero-image.png", "age": null, "page_rating_contents": 0, "page_rating_votes": 0, "page_rating_visits": 0, "page_rating": 0, "tags": [], "comments": [], "vote": 0}, {"source": "https://lifehacker.com/rss", "title": "How to Keep Your Tool Batteries From Dying in Cold Weather", "description": "You'll need to insulate your tool batteries from the cold to keep them running even when the temperature drops.", "link": "https://lifehacker.com/home/tool-batteries-cold-weather", "date_published": "2023-12-01T20:30:00+00:00", "permanent": false, "bookmarked": false, "dead": false, "artist": "Lifehacker", "album": "Lifehacker", "user": null, "language": "en-US", "thumbnail": "https://lifehacker.com/imagery/articles/01HGH4MT6K4AZ9MP3W06K5FV0N/hero-image.jpg", "age": null, "page_rating_contents": 0, "page_rating_votes": 0, "page_rating_visits": 0, "page_rating": 0, "tags": [], "comments": [], "vote": 0}, {"source": "https://lifehacker.com/rss", "title": "Paramount+ With Showtime Is Going to Cost You More", "description": "Paramount Plus and Showtime have merged, and the combined service is unsurprisingly more expensive.", "link": "https://lifehacker.com/entertainment/how-much-is-paramount-plus-with-showtime", "date_published": "2023-12-01T20:00:00+00:00", "permanent": false, "bookmarked": false, "dead": false, "artist": "Lifehacker", "album": "Lifehacker", "user": null, "language": "en-US", "thumbnail": "https://lifehacker.com/imagery/articles/01HGK1AJK8MPJT0361RDJ72V02/hero-image.webp", "age": null, "page_rating_contents": 0, "page_rating_votes": 0, "page_rating_visits": 0, "page_rating": 0, "tags": [], "comments": [], "vote": 0}, {"source": "https://lifehacker.com/rss", "title": "The Out-of-Touch Adults' Guide to Kid Culture: Who Is Gail Lewis, Internet Hero?", "description": "On TikTok, you don't need to be an athlete or actor to be considered a national hero.", "link": "https://lifehacker.com/entertainment/who-is-gail-lewis-internet-hero", "date_published": "2023-12-01T19:30:00+00:00", "permanent": false, "bookmarked": false, "dead": false, "artist": "Lifehacker", "album": "Lifehacker", "user": null, "language": "en-US", "thumbnail": "https://lifehacker.com/imagery/articles/01HGK7PEMGFRED7806CR518D44/hero-image.png", "age": null, "page_rating_contents": 0, "page_rating_votes": 0, "page_rating_visits": 0, "page_rating": 0, "tags": [], "comments": [], "vote": 0}, {"source": "https://lifehacker.com/rss", "title": "You Should Swaddle Your Electric Hot Water Heater in an Insulating Blanket", "description": "Why is there a naked tank of hot water in your cold basement?", "link": "https://lifehacker.com/home/insulate-your-water-heater-for-energy-efficiency", "date_published": "2023-12-01T19:00:17+00:00", "permanent": false, "bookmarked": false, "dead": false, "artist": "Lifehacker", "album": "Lifehacker", "user": null, "language": "en-US", "thumbnail": "https://lifehacker.com/imagery/articles/01HGHWETVS2MGRTBBE3QX01KA4/hero-image.jpg", "age": null, "page_rating_contents": 0, "page_rating_votes": 0, "page_rating_visits": 0, "page_rating": 0, "tags": [], "comments": [], "vote": 0}, {"source": "https://lifehacker.com/rss", "title": "Use \u2018Secret Codes\u2019 to Hide Your Private WhatsApp Chats", "description": "Your secrets are safe with WhatsApp.", "link": "https://lifehacker.com/tech/whats-app-secret-code-locked-chats", "date_published": "2023-12-01T18:30:31+00:00", "permanent": false, "bookmarked": false, "dead": false, "artist": "Lifehacker", "album": "Lifehacker", "user": null, "language": "en-US", "thumbnail": "https://lifehacker.com/imagery/articles/01HGK8MYGQ8W46SD6E9N7WE07Y/hero-image.png", "age": null, "page_rating_contents": 0, "page_rating_votes": 0, "page_rating_visits": 0, "page_rating": 0, "tags": [], "comments": [], "vote": 0}, {"source": "https://lifehacker.com/rss", "title": "How Fast You Need to Walk to Get Real Health Benefits", "description": "New research says 2.5 miles per hour is the magic number, but why?", "link": "https://lifehacker.com/health/how-fast-you-should-be-walking", "date_published": "2023-12-01T18:00:00+00:00", "permanent": false, "bookmarked": false, "dead": false, "artist": "Lifehacker", "album": "Lifehacker", "user": null, "language": "en-US", "thumbnail": "https://lifehacker.com/imagery/articles/01HGK74WQX7R84009531880RSV/hero-image.jpg", "age": null, "page_rating_contents": 0, "page_rating_votes": 0, "page_rating_visits": 0, "page_rating": 0, "tags": [], "comments": [], "vote": 0}, {"source": "https://lifehacker.com/rss", "title": "Why Using Your Wet Vac to Clear Snow Is a Bad Idea", "description": "If someone suggests using your wet vac to clear snow away from your house, ignore them.", "link": "https://lifehacker.com/home/using-wet-vac-to-clear-snow", "date_published": "2023-12-01T17:30:00+00:00", "permanent": false, "bookmarked": false, "dead": false, "artist": "Lifehacker", "album": "Lifehacker", "user": null, "language": "en-US", "thumbnail": "https://lifehacker.com/imagery/articles/01HGK622Q4DH2VFJ0MDW7PB5M8/hero-image.jpg", "age": null, "page_rating_contents": 0, "page_rating_votes": 0, "page_rating_visits": 0, "page_rating": 0, "tags": [], "comments": [], "vote": 0}, {"source": "https://lifehacker.com/rss", "title": "The Best Chrome Extensions to Check Your Grammar", "description": "When you want your reports and emails to sound smart, but you need a little help, turn to these extensions.", "link": "https://lifehacker.com/work/the-best-grammar-checking-chrome-extensions", "date_published": "2023-12-01T17:00:00+00:00", "permanent": false, "bookmarked": false, "dead": false, "artist": "Lifehacker", "album": "Lifehacker", "user": null, "language": "en-US", "thumbnail": "https://lifehacker.com/imagery/articles/01HGK4AY5MSKNADH1M2NMZP6SB/hero-image.png", "age": null, "page_rating_contents": 0, "page_rating_votes": 0, "page_rating_visits": 0, "page_rating": 0, "tags": [], "comments": [], "vote": 0}, {"source": "https://lifehacker.com/rss", "title": "Cheese-Stuffed Biscuit Balls Are the Finest Comfort Food", "description": "Holiday parties can keep their fancy appetizers. Here's one for sitting around in your sweats.", "link": "https://lifehacker.com/food-drink/cheese-stuffed-biscuit-ball-recipe", "date_published": "2023-12-01T16:30:00+00:00", "permanent": false, "bookmarked": false, "dead": false, "artist": "Lifehacker", "album": "Lifehacker", "user": null, "language": "en-US", "thumbnail": "https://lifehacker.com/imagery/articles/01HGK1H15YR86XVZVW5FT7DT1W/hero-image.jpg", "age": null, "page_rating_contents": 0, "page_rating_votes": 0, "page_rating_visits": 0, "page_rating": 0, "tags": [], "comments": [], "vote": 0}, {"source": "https://lifehacker.com/rss", "title": "Here\u2019s How Much the Different Disney+ Plans Will Cost You", "description": "Heard about the recent price hikes for streaming services like Disney+? Wondering how much it costs now? We've got your answers.", "link": "https://lifehacker.com/entertainment/disney-plus-plans", "date_published": "2023-12-01T16:00:00+00:00", "permanent": false, "bookmarked": false, "dead": false, "artist": "Lifehacker", "album": "Lifehacker", "user": null, "language": "en-US", "thumbnail": "https://lifehacker.com/imagery/articles/01HGJ21525GZT211D3FEDK4EDF/hero-image.jpg", "age": null, "page_rating_contents": 0, "page_rating_votes": 0, "page_rating_visits": 0, "page_rating": 0, "tags": [], "comments": [], "vote": 0}, {"source": "https://lifehacker.com/rss", "title": "20 of the Most Unintentionally Funny Movies Ever", "description": "These movies aim for serious, scary, or sad and miss,  but hit a bullseye in hilarious.", "link": "https://lifehacker.com/entertainment/best-unintentionally-funny-movies-streaming", "date_published": "2023-12-01T15:30:14+00:00", "permanent": false, "bookmarked": false, "dead": false, "artist": "Lifehacker", "album": "Lifehacker", "user": null, "language": "en-US", "thumbnail": "https://lifehacker.com/imagery/articles/01HGGJ3BE0ACXW4349D5AHR2BK/hero-image.png", "age": null, "page_rating_contents": 0, "page_rating_votes": 0, "page_rating_visits": 0, "page_rating": 0, "tags": [], "comments": [], "vote": 0}, {"source": "https://lifehacker.com/rss", "title": "How to Wipe Your Mac Without Reinstalling the OS", "description": "Apple lets you wipe your Mac without completely reinstalling the macOS, just like your iPhone.", "link": "https://lifehacker.com/how-to-wipe-your-mac-without-reinstalling-the-os-1847943585", "date_published": "2023-12-01T15:00:00+00:00", "permanent": false, "bookmarked": false, "dead": false, "artist": "Lifehacker", "album": "Lifehacker", "user": null, "language": "en-US", "thumbnail": "https://lifehacker.com/imagery/articles/01HF2GKN5YQ4TTF7J89VX33T3B/hero-image.jpg", "age": null, "page_rating_contents": 0, "page_rating_votes": 0, "page_rating_visits": 0, "page_rating": 0, "tags": [], "comments": [], "vote": 0}, {"source": "https://lifehacker.com/rss", "title": "Move Some Serious Snow With These Tools That Don't Need a Power Source", "description": "Don't settle for a plain old shovel to dig out from under a winter storm: these ingenious tools don't need a power source (except for you).", "link": "https://lifehacker.com/home/snow-removal-tools", "date_published": "2023-12-01T14:30:00+00:00", "permanent": false, "bookmarked": false, "dead": false, "artist": "Lifehacker", "album": "Lifehacker", "user": null, "language": "en-US", "thumbnail": "https://lifehacker.com/imagery/articles/01HGH1CKJC5Y02HHFRYBHBDX9F/hero-image.jpg", "age": null, "page_rating_contents": 0, "page_rating_votes": 0, "page_rating_visits": 0, "page_rating": 0, "tags": [], "comments": [], "vote": 0}, {"source": "https://lifehacker.com/rss", "title": "You Can Still Harvest These Vegetables After a Frost", "description": "In fact, some of them will be even tastier.", "link": "https://lifehacker.com/home/vegetables-that-withstand-frost", "date_published": "2023-12-01T14:00:00+00:00", "permanent": false, "bookmarked": false, "dead": false, "artist": "Lifehacker", "album": "Lifehacker", "user": null, "language": "en-US", "thumbnail": "https://lifehacker.com/imagery/articles/01HGH0W831FR3QQCS9SWPZ8PC1/hero-image.jpg", "age": null, "page_rating_contents": 0, "page_rating_votes": 0, "page_rating_visits": 0, "page_rating": 0, "tags": [], "comments": [], "vote": 0}, {"source": "https://lifehacker.com/rss", "title": "How to Make Extra Crispy Red Flannel Latkes", "description": "While not straying too far from the original, a little color makes these latkes a little sweeter and earthier.", "link": "https://lifehacker.com/food-drink/crispy-red-flannel-latkes-recipe", "date_published": "2023-12-01T13:30:00+00:00", "permanent": false, "bookmarked": false, "dead": false, "artist": "Lifehacker", "album": "Lifehacker", "user": null, "language": "en-US", "thumbnail": "https://lifehacker.com/imagery/articles/01HGH24TFVJC6Q2AXYX36AACHC/hero-image.jpg", "age": null, "page_rating_contents": 0, "page_rating_votes": 0, "page_rating_visits": 0, "page_rating": 0, "tags": [], "comments": [], "vote": 0}, {"source": "https://lifehacker.com/rss", "title": "How to Handle an Unexpected Financial Windfall", "description": "Without proper planning, you might turn a blessing into a curse.", "link": "https://lifehacker.com/how-to-handle-an-unexpected-financial-windfall-1846001701", "date_published": "2023-12-01T13:00:00+00:00", "permanent": false, "bookmarked": false, "dead": false, "artist": "Lifehacker", "album": "Lifehacker", "user": null, "language": "en-US", "thumbnail": "https://lifehacker.com/imagery/articles/01HF2HFMHZ54VKCXT4KAW8VR0X/hero-image.jpg", "age": null, "page_rating_contents": 0, "page_rating_votes": 0, "page_rating_visits": 0, "page_rating": 0, "tags": [], "comments": [], "vote": 0}, {"source": "https://lifehacker.com/rss", "title": "Today's NYT Connections Hints (and Answer) for Friday, December 1, 2023", "description": "Here are some hints to help you win NYT Connections #173.", "link": "https://lifehacker.com/entertainment/nyt-connections-answer-today-december-1-2023", "date_published": "2023-12-01T02:00:00+00:00", "permanent": false, "bookmarked": false, "dead": false, "artist": "Lifehacker", "album": "Lifehacker", "user": null, "language": "en-US", "thumbnail": "https://lifehacker.com/imagery/articles/01HGGZ0AV9P11H8G1VFMSF493H/hero-image.jpg", "age": null, "page_rating_contents": 0, "page_rating_votes": 0, "page_rating_visits": 0, "page_rating": 0, "tags": [], "comments": [], "vote": 0}, {"source": "https://lifehacker.com/rss", "title": "You Can Now Play PC VR Games on Your Meta Quest Headset With Steam Link", "description": "You can now easily stream Steam Link to your Meta Quest headset.", "link": "https://lifehacker.com/tech/how-to-use-steam-link-on-your-meta-quest-headset", "date_published": "2023-12-01T00:30:00+00:00", "permanent": false, "bookmarked": false, "dead": false, "artist": "Lifehacker", "album": "Lifehacker", "user": null, "language": "en-US", "thumbnail": "https://lifehacker.com/imagery/articles/01HGGZBP8585ZQNX4W3B0GCP2X/hero-image.jpg", "age": null, "page_rating_contents": 0, "page_rating_votes": 0, "page_rating_visits": 0, "page_rating": 0, "tags": [], "comments": [], "vote": 0}, {"source": "https://lifehacker.com/rss", "title": "How to Make a Collaborative Playlist on Spotify", "description": "It's easy for you and your friends to create playlists of all your favorite songs.", "link": "https://lifehacker.com/tech/how-to-make-a-collaborative-playlist-on-spotify", "date_published": "2023-12-01T00:00:00+00:00", "permanent": false, "bookmarked": false, "dead": false, "artist": "Lifehacker", "album": "Lifehacker", "user": null, "language": "en-US", "thumbnail": "https://lifehacker.com/imagery/articles/01HGH1WDFG3T3EHKARY25CWS0X/hero-image.png", "age": null, "page_rating_contents": 0, "page_rating_votes": 0, "page_rating_visits": 0, "page_rating": 0, "tags": [], "comments": [], "vote": 0}]