[{"source": "https://www.science.org/rss/news_current.xml", "title": "Ancient redwoods recover from fire by sprouting 1000-year-old buds", "description": "After a devastating conflagration, trees regrow using energy stored long ago", "link": "https://www.science.org/content/article/ancient-redwoods-recover-fire-sprouting-1000-year-old-buds", "date_published": "2023-12-01T23:32:41.275250+00:00", "permanent": false, "bookmarked": false, "dead": false, "artist": "Latest News from Science Magazine", "album": "Latest News from Science Magazine", "user": null, "language": "en-US", "thumbnail": "{'links': [{'rel': 'alternate', 'type': 'text/html'}]}", "age": null, "page_rating_contents": 0, "page_rating_votes": 0, "page_rating_visits": 0, "page_rating": 0, "tags": [], "comments": [], "vote": 0}, {"source": "https://www.science.org/rss/news_current.xml", "title": "Shock election win by the far right worries academics in the Netherlands", "description": "If Geert Wilder\u2019s party can form government, it could restrict international students and scrap key climate policies", "link": "https://www.science.org/content/article/shock-election-win-far-right-worries-academics-netherlands", "date_published": "2023-12-01T16:26:28.456747+00:00", "permanent": false, "bookmarked": false, "dead": false, "artist": "Latest News from Science Magazine", "album": "Latest News from Science Magazine", "user": null, "language": "en-US", "thumbnail": "{'links': [{'rel': 'alternate', 'type': 'text/html'}]}", "age": null, "page_rating_contents": 0, "page_rating_votes": 0, "page_rating_visits": 0, "page_rating": 0, "tags": [], "comments": [], "vote": 0}, {"source": "https://www.science.org/rss/news_current.xml", "title": "NIH puts hold on $30 million trial of potential stroke drug", "description": "Agency will investigate safety and misconduct concerns before study begins", "link": "https://www.science.org/content/article/nih-puts-hold-30-million-trial-potential-stroke-drug", "date_published": "2023-12-01T14:34:06.645758+00:00", "permanent": false, "bookmarked": false, "dead": false, "artist": "Latest News from Science Magazine", "album": "Latest News from Science Magazine", "user": null, "language": "en-US", "thumbnail": "{'links': [{'rel': 'alternate', 'type': 'text/html'}]}", "age": null, "page_rating_contents": 0, "page_rating_votes": 0, "page_rating_visits": 0, "page_rating": 0, "tags": [], "comments": [], "vote": 0}, {"source": "https://www.science.org/rss/news_current.xml", "title": "UK Biobank releases half a million whole-genome sequences for biomedical research", "description": "The release more than doubles the size of an earlier data set and will help reveal new links between DNA, health, and disease, geneticists say", "link": "https://www.science.org/content/article/uk-biobank-releases-half-million-whole-genome-sequences-biomedical-research", "date_published": "2023-12-01T09:54:17.197057+00:00", "permanent": false, "bookmarked": false, "dead": false, "artist": "Latest News from Science Magazine", "album": "Latest News from Science Magazine", "user": null, "language": "en-US", "thumbnail": "{'links': [{'rel': 'alternate', 'type': 'text/html'}]}", "age": null, "page_rating_contents": 0, "page_rating_votes": 0, "page_rating_visits": 0, "page_rating": 0, "tags": [], "comments": [], "vote": 0}, {"source": "https://www.science.org/rss/news_current.xml", "title": "Amid Congo\u2019s deadliest mpox outbreak, a new worry: virus has become sexually transmissible", "description": "A related viral strain caused a global mpox outbreak in men who have sex with men", "link": "https://www.science.org/content/article/congos-deadliest-mpox-outbreak-new-worry-virus-has-become-sexually-transmissible", "date_published": "2023-12-01T09:54:17.196921+00:00", "permanent": false, "bookmarked": false, "dead": false, "artist": "Latest News from Science Magazine", "album": "Latest News from Science Magazine", "user": null, "language": "en-US", "thumbnail": "{'links': [{'rel': 'alternate', 'type': 'text/html'}]}", "age": null, "page_rating_contents": 0, "page_rating_votes": 0, "page_rating_visits": 0, "page_rating": 0, "tags": [], "comments": [], "vote": 0}, {"source": "https://www.science.org/rss/news_current.xml", "title": "Climate crisis sparks effort to coax oceans to suck up carbon dioxide", "description": "Approach that effectively adds antacids to seawater could grow into a multibillion-dollar industry", "link": "https://www.science.org/content/article/climate-crisis-sparks-effort-coax-oceans-suck-carbon-dioxide", "date_published": "2023-12-01T09:54:17.196786+00:00", "permanent": false, "bookmarked": false, "dead": false, "artist": "Latest News from Science Magazine", "album": "Latest News from Science Magazine", "user": null, "language": "en-US", "thumbnail": "{'links': [{'rel': 'alternate', 'type': 'text/html'}]}", "age": null, "page_rating_contents": 0, "page_rating_votes": 0, "page_rating_visits": 0, "page_rating": 0, "tags": [], "comments": [], "vote": 0}, {"source": "https://www.science.org/rss/news_current.xml", "title": "World\u2019s oldest forts upend idea that farming alone led to complex societies", "description": "In remote Siberia, hunter-gatherers built complex defenses 8000 years ago", "link": "https://www.science.org/content/article/world-s-oldest-forts-upend-idea-farming-alone-led-complex-societies", "date_published": "2023-12-01T09:54:17.196648+00:00", "permanent": false, "bookmarked": false, "dead": false, "artist": "Latest News from Science Magazine", "album": "Latest News from Science Magazine", "user": null, "language": "en-US", "thumbnail": "{'links': [{'rel': 'alternate', 'type': 'text/html'}]}", "age": null, "page_rating_contents": 0, "page_rating_votes": 0, "page_rating_visits": 0, "page_rating": 0, "tags": [], "comments": [], "vote": 0}, {"source": "https://www.science.org/rss/news_current.xml", "title": "News at a glance: Lower pay for disabled Ph.D.s, more U.K. genomes, and quitting antismoking rules", "description": "The latest in science and policy", "link": "https://www.science.org/content/article/news-glance-lower-pay-disabled-ph-d-s-more-u-k-genomes-and-quitting-anti-smoking-rules", "date_published": "2023-12-01T09:54:17.196507+00:00", "permanent": false, "bookmarked": false, "dead": false, "artist": "Latest News from Science Magazine", "album": "Latest News from Science Magazine", "user": null, "language": "en-US", "thumbnail": "{'links': [{'rel': 'alternate', 'type': 'text/html'}]}", "age": null, "page_rating_contents": 0, "page_rating_votes": 0, "page_rating_visits": 0, "page_rating": 0, "tags": [], "comments": [], "vote": 0}, {"source": "https://www.science.org/rss/news_current.xml", "title": "Scientists thought they understood maize\u2019s origins. They were missing something big", "description": "Genes from a long-lost wild relative may have sparked the invention of agriculture in the Americas", "link": "https://www.science.org/content/article/scientists-thought-they-understood-maizes-origins-they-were-missing-something-big", "date_published": "2023-12-01T09:54:17.196372+00:00", "permanent": false, "bookmarked": false, "dead": false, "artist": "Latest News from Science Magazine", "album": "Latest News from Science Magazine", "user": null, "language": "en-US", "thumbnail": "{'links': [{'rel': 'alternate', 'type': 'text/html'}]}", "age": null, "page_rating_contents": 0, "page_rating_votes": 0, "page_rating_visits": 0, "page_rating": 0, "tags": [], "comments": [], "vote": 0}, {"source": "https://www.science.org/rss/news_current.xml", "title": "Tiny \u2018anthrobots\u2019 built from human cells could help heal the body", "description": "Self-propelled organoids repair nerve tissue in lab, could one day ferret out disease or deliver drugs", "link": "https://www.science.org/content/article/tiny-anthrobots-built-human-cells-could-help-heal-body", "date_published": "2023-12-01T09:54:17.196235+00:00", "permanent": false, "bookmarked": false, "dead": false, "artist": "Latest News from Science Magazine", "album": "Latest News from Science Magazine", "user": null, "language": "en-US", "thumbnail": "{'links': [{'rel': 'alternate', 'type': 'text/html'}]}", "age": null, "page_rating_contents": 0, "page_rating_votes": 0, "page_rating_visits": 0, "page_rating": 0, "tags": [], "comments": [], "vote": 0}, {"source": "https://www.science.org/rss/news_current.xml", "title": "This Antarctic penguin sleeps 11 hours a day\u2014a few seconds at a time", "description": "\u201cMicrosleep\u201d may help nesting birds rest and watch over eggs in a noisy, chaotic environment", "link": "https://www.science.org/content/article/antarctic-penguin-sleeps-11-hours-day-few-seconds-time", "date_published": "2023-12-01T09:54:17.196094+00:00", "permanent": false, "bookmarked": false, "dead": false, "artist": "Latest News from Science Magazine", "album": "Latest News from Science Magazine", "user": null, "language": "en-US", "thumbnail": "{'links': [{'rel': 'alternate', 'type': 'text/html'}]}", "age": null, "page_rating_contents": 0, "page_rating_votes": 0, "page_rating_visits": 0, "page_rating": 0, "tags": [], "comments": [], "vote": 0}, {"source": "https://www.science.org/rss/news_current.xml", "title": "\u2018Toxic bait\u2019 from Indian pitcher plants lures hungry insects to their doom", "description": "Nectar produced on and around the traps is laced with a neurotoxin that may drug ants in addition to drawing them in", "link": "https://www.science.org/content/article/toxic-bait-indian-pitcher-plants-lures-hungry-insects-their-doom", "date_published": "2023-12-01T09:54:17.195951+00:00", "permanent": false, "bookmarked": false, "dead": false, "artist": "Latest News from Science Magazine", "album": "Latest News from Science Magazine", "user": null, "language": "en-US", "thumbnail": "{'links': [{'rel': 'alternate', 'type': 'text/html'}]}", "age": null, "page_rating_contents": 0, "page_rating_votes": 0, "page_rating_visits": 0, "page_rating": 0, "tags": [], "comments": [], "vote": 0}, {"source": "https://www.science.org/rss/news_current.xml", "title": "\u2018Wherever we\u2019ve looked, we see destruction.\u2019 The Ukraine war\u2019s impact on buried archaeological sites", "description": "<cite>Science</cite> talks with archaeologists surveying damage on the ground", "link": "https://www.science.org/content/article/wherever-we-ve-looked-we-see-destruction-ukraine-war-s-impact-buried-archaeological", "date_published": "2023-12-01T09:54:17.195769+00:00", "permanent": false, "bookmarked": false, "dead": false, "artist": "Latest News from Science Magazine", "album": "Latest News from Science Magazine", "user": null, "language": "en-US", "thumbnail": "{'links': [{'rel': 'alternate', 'type': 'text/html'}]}", "age": null, "page_rating_contents": 0, "page_rating_votes": 0, "page_rating_visits": 0, "page_rating": 0, "tags": [], "comments": [], "vote": 0}]