[{"source": "https://www.youtube.com/feeds/videos.xml?channel_id=UCwSv086EAByBY-Z7y-QR_cQ", "title": "Ustawa Wiatrakowa. Zapisy umo\u017cliwiaj\u0105 wyw\u0142aszczenie pod farmy wiatrowe!", "description": "", "link": "https://www.youtube.com/watch?v=bdxqvg_Uk9Q", "date_published": "2023-12-01T22:14:25+00:00", "permanent": false, "bookmarked": false, "dead": false, "artist": "Uszi", "album": "Uszi", "user": null, "language": "pl-PL", "thumbnail": "https://i3.ytimg.com/vi/bdxqvg_Uk9Q/hqdefault.jpg", "age": null, "page_rating_contents": 0, "page_rating_votes": 0, "page_rating_visits": 0, "page_rating": 0, "tags": [], "comments": [], "vote": 0}, {"source": "https://www.youtube.com/feeds/videos.xml?channel_id=UCwSv086EAByBY-Z7y-QR_cQ", "title": "Apel do ukrai\u0144skich Patriot\u00f3w w Europie!", "description": "\ud83d\udcfa Zapraszam do ogl\u0105dania\n\n\u2b07\ufe0fRozwi\u0144 opis\u2b07\ufe0f\n------------------------------------------------------------\n\ud83d\udc24 Twitter - https://bit.ly/460WBXe\n\ud83c\udfae Tatusiek - https://bit.ly/3CTyeOG\n------------------------------------------------------------\n\u2709\ufe0f Ludzie listy pisz\u0105 \n\ud83d\udd8a\ufe0f uszi@protonmail.com\n------------------------------------------------------------\n\ud83d\udc7a Niecenzuralne i agresywne komentarze zostan\u0105 usuni\u0119te.  Jak ju\u017c musisz zakl\u0105\u0107 dawaj znaki (&*%@%).\n------------------------------------------------------------\n\ud83d\udcb2 Donate/ Darowizna\nPLN / SMS / Blik: http://bit.ly/3bsXtJj\n-------------------------------------------------------------\n\u2705 \u0179r\u00f3d\u0142a:\n1. \n2. https://tinyurl.com/mx24er9k\n3. https://tinyurl.com/3xdvx9pf\n---------------------------------------------------------------\n\ud83c\udfb4 Wykorzystano grafik\u0119 ze strony:\nnieznana - je\u017celi znasz \u017ar\u00f3d\u0142o napisz w komentarzu\n---------------------------------------------------------------\n\ud83d\udca1 Tagi: #ukraina #transport #polityka\n-------------------------------------------", "link": "https://www.youtube.com/watch?v=U_BHKpe6lOk", "date_published": "2023-12-01T16:53:54+00:00", "permanent": false, "bookmarked": false, "dead": false, "artist": "Uszi", "album": "Uszi", "user": null, "language": "pl-PL", "thumbnail": "https://i2.ytimg.com/vi/U_BHKpe6lOk/hqdefault.jpg", "age": null, "page_rating_contents": 0, "page_rating_votes": 0, "page_rating_visits": 0, "page_rating": 0, "tags": [], "comments": [], "vote": 0}]