[{"source": "https://www.arabnews.com/rss.xml", "title": "Saudi clothing project helps Palestinian refugees", "description": "AMMAN: The Saudi aid agency KSrelief on Friday distributed shopping vouchers to more than 3,000 Palestinian refugees in Jordan.\n\n\tThe coupons will allow them to purchase winter clothing at designated stores located in refugee camps throughout the Aqaba and Maan governorates.\n\n\tThe initiative is part of the second phase of the center\u2019s winter clothing distribution project for 2023, a joint scheme with the Jordan Hashemite Charity Organization.", "link": "https://www.arabnews.com/node/2418766/saudi-arabia", "date_published": "2023-12-01T21:26:31.751066+00:00", "permanent": false, "bookmarked": false, "dead": false, "artist": "Middle East - ArabNews", "album": "Middle East - ArabNews", "user": null, "language": "en", "thumbnail": null, "age": null, "page_rating_contents": 0, "page_rating_votes": 0, "page_rating_visits": 0, "page_rating": 0, "tags": [], "comments": [], "vote": 0}, {"source": "https://www.arabnews.com/rss.xml", "title": "Palestinian Red Crescent official thanks Saudi Arabia for humanitarian aid in Gaza", "description": "GAZA: Executive Director of Palestinian Red Crescent Bashar Murad thanked the Kingdom of Saudi Arabia for providing humanitarian aid to the people of Gaza.\n\n\tSaudi\u2019s aid agency KSrelief provided food and medical aid to displaced and wounded Palestinians in Gaza.\n\n\tMurad said the aid was sent to the most impacted areas in Gaza and medical supplies provided by the Kingdom were given to the health ministry and hospitals in the area.\u00a0\n\n\tAs of Friday, over 24 Saudi aid planes arrived in Gaza through the Rafah crossing.", "link": "https://www.arabnews.com/node/2418436/saudi-arabia", "date_published": "2023-12-01T09:12:48+00:00", "permanent": false, "bookmarked": false, "dead": false, "artist": "Middle East - ArabNews", "album": "Middle East - ArabNews", "user": null, "language": "en", "thumbnail": null, "age": null, "page_rating_contents": 0, "page_rating_votes": 0, "page_rating_visits": 0, "page_rating": 0, "tags": [], "comments": [], "vote": 0}, {"source": "https://www.arabnews.com/rss.xml", "title": "Homeless Hilal shock Esperance in CAF Champions League", "description": "JOHANNESBURG: Homeless Sudanese club Al Hilal shocked Tunisian giants Esperance 3-1 on Friday in a CAF Champions League second-round Group C match in Tanzania.\n\tAfter Yassine Meriah conceded an eighth-minute own goal, captain Mohamed Abdelrahman converted a 15th-minute penalty to give the Omdurman outfit a two-goal half-time lead.\n\tGambian Kebba Sowe halved the deficit in the Indian Ocean port city of Dar es Salaam on 59 minutes before Senegalese Pape N\u2019Diaye restored the two-goal advantage 12 minutes from time.", "link": "https://www.arabnews.com/node/2418756/football", "date_published": "2023-12-01T08:12:58+00:00", "permanent": false, "bookmarked": false, "dead": false, "artist": "Middle East - ArabNews", "album": "Middle East - ArabNews", "user": null, "language": "en", "thumbnail": null, "age": null, "page_rating_contents": 0, "page_rating_votes": 0, "page_rating_visits": 0, "page_rating": 0, "tags": [], "comments": [], "vote": 0}, {"source": "https://www.arabnews.com/rss.xml", "title": "Renewed Gaza combat thrusts Palestinians between mortal danger and mass displacement", "description": "LONDON: A weeklong humanitarian pause in Gaza provided some respite for Palestinians in the beleaguered enclave. But the situation remains overwhelmingly bleak and, after the resumption of combat on Friday, potentially catastrophic.\n\n\tUS Secretary of State Antony Blinken told Israel on Thursday it must account for the safety of Palestinian civilians before resuming any military operations in Gaza, where the temporary truce allowed the exchange of captives held by Hamas for Palestinians imprisoned in Israel.", "link": "https://www.arabnews.com/node/2418746/middle-east", "date_published": "2023-12-01T08:12:58+00:00", "permanent": false, "bookmarked": false, "dead": false, "artist": "Middle East - ArabNews", "album": "Middle East - ArabNews", "user": null, "language": "en", "thumbnail": null, "age": null, "page_rating_contents": 0, "page_rating_votes": 0, "page_rating_visits": 0, "page_rating": 0, "tags": [], "comments": [], "vote": 0}, {"source": "https://www.arabnews.com/rss.xml", "title": "24th Saudi relief plane heads to Gaza Strip", "description": "RIYADH: The 24th Saudi relief plane, operated by the Riyadh-based King Salman Humanitarian Aid and Relief Center (KSrelief), arrived in Egypt on Friday carrying 31 tons of aid, including food and shelter materials, the official SPA news agency reported.\n\tThe assistance, which was dispatched on Thursday, is to be transported to the Palestinian people in the Gaza Strip.\n\tThe aid efforts are in keeping with Saudi Arabia\u2019s historic role in supporting the Palestinian people in times of crisis, the SPA statement said.", "link": "https://www.arabnews.com/node/2418741/saudi-arabia", "date_published": "2023-12-01T08:12:54+00:00", "permanent": false, "bookmarked": false, "dead": false, "artist": "Middle East - ArabNews", "album": "Middle East - ArabNews", "user": null, "language": "en", "thumbnail": null, "age": null, "page_rating_contents": 0, "page_rating_votes": 0, "page_rating_visits": 0, "page_rating": 0, "tags": [], "comments": [], "vote": 0}, {"source": "https://www.arabnews.com/rss.xml", "title": "Israeli military issues Gaza evacuation zone map", "description": "JERUSALEM: The Israeli military has published a map of what it called \u201cevacuation zones\u201d in the Gaza Strip, after international demands to create safe areas where civilians can shelter from devastating bombardments.\n\tA truce pausing fighting between Israel and Hamas in the Palestinian territory expired on Friday, and hostilities resumed immediately, with Israeli forces bombarding several areas.\n\tThe map, which is in Arabic and zoomable on the military\u2019s website, divides the Gaza Strip into hundreds of numbered sectors.", "link": "https://www.arabnews.com/node/2418751/middle-east", "date_published": "2023-12-01T08:12:51+00:00", "permanent": false, "bookmarked": false, "dead": false, "artist": "Middle East - ArabNews", "album": "Middle East - ArabNews", "user": null, "language": "en", "thumbnail": null, "age": null, "page_rating_contents": 0, "page_rating_votes": 0, "page_rating_visits": 0, "page_rating": 0, "tags": [], "comments": [], "vote": 0}, {"source": "https://www.arabnews.com/rss.xml", "title": "UN Security Council votes to shut down Sudan political mission", "description": "NEW YORK: At the request of Sudanese authorities, the UN Security Council on Friday ended the world body\u2019s political mission in the African country ravaged by more than seven months of fighting between two rival generals.\n\n\tTaking note of a letter from Khartoum demanding an immediate end to the UN Integrated Transition Assistance Mission in Sudan (UNITAMS), the Security Council adopted a resolution terminating its mandate as of Sunday.\n\n\tFourteen of the council\u2019s 15 members adopted the resolution, while Russia abstained.", "link": "https://www.arabnews.com/node/2418761/middle-east", "date_published": "2023-12-01T08:12:46+00:00", "permanent": false, "bookmarked": false, "dead": false, "artist": "Middle East - ArabNews", "album": "Middle East - ArabNews", "user": null, "language": "en", "thumbnail": null, "age": null, "page_rating_contents": 0, "page_rating_votes": 0, "page_rating_visits": 0, "page_rating": 0, "tags": [], "comments": [], "vote": 0}, {"source": "https://www.arabnews.com/rss.xml", "title": "World Tennis League unveils player roster for season 2 in Abu Dhabi", "description": "ABU DHABI: Meteora World Tennis League officials have revealed a stellar line-up for the second season of the competition, confirming the final 10 players and the teams they will represent in the UAE capital Abu Dhabi.\n\n\tMen\u2019s world No. 9 Hubert Hurkacz, Taylor Fritz (No. 10), and Casper Ruud (No. 11), are the latest names to be announced for the tournament, taking place at Yas Island\u2019s Etihad Arena from Dec. 21 to 24. Grigor Dimitrov (No. 14) and Frances Tiafoe (No. 16) will also play.", "link": "https://www.arabnews.com/node/2418391/tennis", "date_published": "2023-12-01T08:12:44+00:00", "permanent": false, "bookmarked": false, "dead": false, "artist": "Middle East - ArabNews", "album": "Middle East - ArabNews", "user": null, "language": "en", "thumbnail": null, "age": null, "page_rating_contents": 0, "page_rating_votes": 0, "page_rating_visits": 0, "page_rating": 0, "tags": [], "comments": [], "vote": 0}, {"source": "https://www.arabnews.com/rss.xml", "title": "US \u2018ready to impose visa ban on violent Israeli settlers\u2019", "description": "DUBAI: The US is preparing to impose a visa ban on Israeli settlers involved in violence against Palestinians in the occupied West Bank, a senior US State Department official said on Friday.\n\tUS Secretary of State Antony Blinken informed Israeli Prime Minister Benjamin Netanyahu when they met in Jerusalem that Washington was readying the sanctions, the source said.\n\tHe added that the visa ban could be imposed as early as next week, without disclosing the number of affected individuals.", "link": "https://www.arabnews.com/node/2418721/middle-east", "date_published": "2023-12-01T08:12:42+00:00", "permanent": false, "bookmarked": false, "dead": false, "artist": "Middle East - ArabNews", "album": "Middle East - ArabNews", "user": null, "language": "en", "thumbnail": null, "age": null, "page_rating_contents": 0, "page_rating_votes": 0, "page_rating_visits": 0, "page_rating": 0, "tags": [], "comments": [], "vote": 0}, {"source": "https://www.arabnews.com/rss.xml", "title": "Team New Zealand dominate for second day at\u00a0America\u2019s Cup Jeddah Preliminary Regatta", "description": "JEDDAH:\u00a0Defending America\u2019s Cup champions Emirates Team New Zealand extended their lead in the Preliminary Regatta event in Jeddah on Friday.\n\n\tThe New Zealanders finished the day with 49 points, which was enough to secure their place in tomorrow\u2019s\u00a0match race final.\n\n\tIn the first race, the Italians, Luna Rossa Prada Pirelli were\u00a0able to sail higher upwind and tack their boat faster to grab\u00a0first place.", "link": "https://www.arabnews.com/node/2418731/sport", "date_published": "2023-12-01T08:12:30+00:00", "permanent": false, "bookmarked": false, "dead": false, "artist": "Middle East - ArabNews", "album": "Middle East - ArabNews", "user": null, "language": "en", "thumbnail": null, "age": null, "page_rating_contents": 0, "page_rating_votes": 0, "page_rating_visits": 0, "page_rating": 0, "tags": [], "comments": [], "vote": 0}, {"source": "https://www.arabnews.com/rss.xml", "title": "Postecoglou\u2019s bravery makes football better, says Guardiola", "description": "MANCHESTER, United Kingdom: Manchester City manager Pep Guardiola hailed Tottenham boss Ange Postecoglou\u2019s attacking approach as a blessing for the Premier League ahead of the first meeting between the pair in England on Sunday.\n\tPostecoglou\u2019s stunning start to his reign took Spurs to the top of the table, but Tottenham have since suffered three consecutive defeats to slip to fifth.\n\tThe Australian has drawn criticism for his refusal to adopt a more conservative style, even while Spurs are without a number of key players through injury and suspension.", "link": "https://www.arabnews.com/node/2418726/football", "date_published": "2023-12-01T08:12:13+00:00", "permanent": false, "bookmarked": false, "dead": false, "artist": "Middle East - ArabNews", "album": "Middle East - ArabNews", "user": null, "language": "en", "thumbnail": null, "age": null, "page_rating_contents": 0, "page_rating_votes": 0, "page_rating_visits": 0, "page_rating": 0, "tags": [], "comments": [], "vote": 0}, {"source": "https://www.arabnews.com/rss.xml", "title": "Gaza war makes environmental threats even more severe: Jordan king", "description": "DUBAI: Jordan\u2019s king said on Friday that war was making the threats from climate change even worse in the Gaza Strip.\n\tKing Abdullah II told the UN\u2019s COP28 climate talks in Dubai that \u201cwe cannot talk about climate change in isolation from the humanitarian tragedies unfolding around us.\u201d\n\tHe said: \u201cIn Gaza, over 1.7 million Palestinians have been displaced from their homes. Tens of thousands have been injured or killed in a region already on the front lines of climate change.\u201d", "link": "https://www.arabnews.com/node/2418736/middle-east", "date_published": "2023-12-01T08:12:02+00:00", "permanent": false, "bookmarked": false, "dead": false, "artist": "Middle East - ArabNews", "album": "Middle East - ArabNews", "user": null, "language": "en", "thumbnail": null, "age": null, "page_rating_contents": 0, "page_rating_votes": 0, "page_rating_visits": 0, "page_rating": 0, "tags": [], "comments": [], "vote": 0}, {"source": "https://www.arabnews.com/rss.xml", "title": "Pakistan\u2019s top court begins hearing challenge to expulsion of Afghans", "description": "ISLAMABAD: Pakistan\u2019s Supreme Court began hearings on Friday on a petition by rights activists seeking to halt deportation of Afghan refugees, a lawyer said, as authorities are combing refugee settlements in an effort to find and send home thousands.\n\tMore than 370,000 Afghans have fled Pakistan since Oct. 1, after Pakistan vowed to expel more than a million undocumented refugees, mostly Afghans, amid a row with Kabul over charges that it harbors anti-Pakistan militants.", "link": "https://www.arabnews.com/node/2418381/world", "date_published": "2023-12-01T07:12:57+00:00", "permanent": false, "bookmarked": false, "dead": false, "artist": "Middle East - ArabNews", "album": "Middle East - ArabNews", "user": null, "language": "en", "thumbnail": null, "age": null, "page_rating_contents": 0, "page_rating_votes": 0, "page_rating_visits": 0, "page_rating": 0, "tags": [], "comments": [], "vote": 0}, {"source": "https://www.arabnews.com/rss.xml", "title": "Israel dismissed advance warning of Hamas attack: NYT", "description": "NEW YORK: Israeli officials had intelligence that Palestinian militant group Hamas was preparing a wide-ranging attack before its October 7 assault but dismissed the reports, The New York Times reported Thursday.\n\tThe newspaper said a document obtained by Israeli authorities \u201coutlined, point by point, exactly the kind of devastating invasion that led to the deaths of about 1,200 people.\u201d", "link": "https://www.arabnews.com/node/2418376/middle-east", "date_published": "2023-12-01T06:12:41+00:00", "permanent": false, "bookmarked": false, "dead": false, "artist": "Middle East - ArabNews", "album": "Middle East - ArabNews", "user": null, "language": "en", "thumbnail": null, "age": null, "page_rating_contents": 0, "page_rating_votes": 0, "page_rating_visits": 0, "page_rating": 0, "tags": [], "comments": [], "vote": 0}, {"source": "https://www.arabnews.com/rss.xml", "title": "McIntosh topples Ledecky in US Open 400m freestyle", "description": "WASHINGTON: Canadian teen Summer McIntosh clocked a meet-record 3min 59.42sec to win the 400m freestyle at the US Open ahead of American distance great Katie Ledecky.\n\n\tMcIntosh, a four-time world champion, handed Ledecky her first defeat in the event in a US pool in 11 years, seven-time Olympic gold medalist Ledecky taking second in 4:02.38.", "link": "https://www.arabnews.com/node/2418366/sport", "date_published": "2023-12-01T06:12:30+00:00", "permanent": false, "bookmarked": false, "dead": false, "artist": "Middle East - ArabNews", "album": "Middle East - ArabNews", "user": null, "language": "en", "thumbnail": null, "age": null, "page_rating_contents": 0, "page_rating_votes": 0, "page_rating_visits": 0, "page_rating": 0, "tags": [], "comments": [], "vote": 0}, {"source": "https://www.arabnews.com/rss.xml", "title": "World leaders take centerstage in high-level COP28 event", "description": "DUBAI: More than 130 world leaders take centerstage as they address the United Nations climate conference in Dubai over the next two days to deliver national statements.\n\n\tExpected to give their national statements include UAE President Sheikh Mohamed Bin Zayed Al-Nahyan, Egyptian President Abdel Fattah El-Sisi, Jordan\u2019s King Abdullah, Qatar\u2019s ruler Sheikh Tamim bin Hamad Al-Thani, Palestinian President Mahmoud Abbas and Turkish President Recep Tayyip Erdogan.", "link": "https://www.arabnews.com/node/2418361/business-economy", "date_published": "2023-12-01T06:12:25+00:00", "permanent": false, "bookmarked": false, "dead": false, "artist": "Middle East - ArabNews", "album": "Middle East - ArabNews", "user": null, "language": "en", "thumbnail": null, "age": null, "page_rating_contents": 0, "page_rating_votes": 0, "page_rating_visits": 0, "page_rating": 0, "tags": [], "comments": [], "vote": 0}, {"source": "https://www.arabnews.com/rss.xml", "title": "Israel resumes combat as truce expires, accuses Hamas of violation", "description": "GAZA/TEL AVIV: Israel\u2019s military said it had resumed combat against Hamas in Gaza on Friday after accusing the Palestinian militant group of violating a seven-day temporary truce by firing toward Israeli territory.\n\tThe seven-day pause, which began on Nov. 24 and was extended twice, had allowed for the exchange of dozens of hostages held in Gaza for hundreds of Palestinian prisoners and facilitated the entry of humanitarian aid into the shattered coastal strip.", "link": "https://www.arabnews.com/node/2418351/middle-east", "date_published": "2023-12-01T05:12:53+00:00", "permanent": false, "bookmarked": false, "dead": false, "artist": "Middle East - ArabNews", "album": "Middle East - ArabNews", "user": null, "language": "en", "thumbnail": null, "age": null, "page_rating_contents": 0, "page_rating_votes": 0, "page_rating_visits": 0, "page_rating": 0, "tags": [], "comments": [], "vote": 0}, {"source": "https://www.arabnews.com/rss.xml", "title": "Thunder rally to beat Lakers, Bulls stun Bucks in overtime", "description": "LOS ANGELES: Shai Gilgeous-Alexander scored 33 points to propel the Oklahoma City Thunder to a 113-110 NBA victory over LeBron James and the weary Los Angeles Lakers on Thursday.\n\n\tGilgeous-Alexander connected on 11 of 18 shots from the field and made all 10 of his free throws.\n\n\tJalen Williams scored 21 points and rookie center Chet Holmgren added 18 for the Thunder, who had seven players score in double figures.", "link": "https://www.arabnews.com/node/2418356/sport", "date_published": "2023-12-01T05:12:50+00:00", "permanent": false, "bookmarked": false, "dead": false, "artist": "Middle East - ArabNews", "album": "Middle East - ArabNews", "user": null, "language": "en", "thumbnail": null, "age": null, "page_rating_contents": 0, "page_rating_votes": 0, "page_rating_visits": 0, "page_rating": 0, "tags": [], "comments": [], "vote": 0}, {"source": "https://www.arabnews.com/rss.xml", "title": "Amjad Al-Rasheed on \u2018Inshallah A Boy\u2019 and the future of Arab cinema", "description": "DUBAI: It\u2019s been more than six months since Jordanian filmmaker Amjad Al-Rasheed took the stage to accept the Rail d'Or at the 2023 Cannes Film Festival, and the world still can\u2019t stop talking about his first feature, \u201cInshallah a Boy.\u201d\u00a0\u00a0\n\n\tFilled with pointed criticism of modern Jordanian society, the film has become an early favorite for a 2024 Academy Award nomination, bolstered by big wins at festivals across the world. Now, at the third edition of the Red Sea Film Festival, the film is finally set to premiere in the region.", "link": "https://www.arabnews.com/node/2418341/lifestyle", "date_published": "2023-12-01T05:12:48+00:00", "permanent": false, "bookmarked": false, "dead": false, "artist": "Middle East - ArabNews", "album": "Middle East - ArabNews", "user": null, "language": "en", "thumbnail": null, "age": null, "page_rating_contents": 0, "page_rating_votes": 0, "page_rating_visits": 0, "page_rating": 0, "tags": [], "comments": [], "vote": 0}, {"source": "https://www.arabnews.com/rss.xml", "title": "Arsenal plot long stay at Premier League summit", "description": "LONDON: Arsenal are back on top of the Premier League with ambitions to stay there as they host Wolves this weekend while champions Manchester City play faltering Tottenham.\n\n\tNewcastle take on Manchester United in a clash of two teams with high ambitions of their own while Chelsea face Brighton, still searching for consistency.\n\n\tAFP Sport picks out three talking points ahead of the action.\n\n\tArsenal\u2019s last-gasp 1-0 win at Brentford last week, which took them back to the top of table, was their fifth Premier League victory by a single goal this season.", "link": "https://www.arabnews.com/node/2418346/sport", "date_published": "2023-12-01T05:12:21+00:00", "permanent": false, "bookmarked": false, "dead": false, "artist": "Middle East - ArabNews", "album": "Middle East - ArabNews", "user": null, "language": "en", "thumbnail": null, "age": null, "page_rating_contents": 0, "page_rating_votes": 0, "page_rating_visits": 0, "page_rating": 0, "tags": [], "comments": [], "vote": 0}, {"source": "https://www.arabnews.com/rss.xml", "title": "Visitors to compose their own symphony of lights at Noor Riyadh 2023", "description": "RIYADH:\u00a0From Nov. 30 to Dec. 16, Noor Riyadh, the largest annual light art festival in the world, returns for its third edition, boasting 120 large-scale works from 100 contemporary artists from over 35 countries.\n\n\tThe festival lets every visitor follow the map to glowing artworks within each location, with pieces spread not just across Riyadh, but throughout the landscapes of the five main festival hubs: King Abdullah Financial District, Salam Park, Wadi Hanifa, Wadi Namar, and Jax District.", "link": "https://www.arabnews.com/node/2418576/lifestyle", "date_published": "2023-12-01T02:12:54+00:00", "permanent": false, "bookmarked": false, "dead": false, "artist": "Middle East - ArabNews", "album": "Middle East - ArabNews", "user": null, "language": "en", "thumbnail": null, "age": null, "page_rating_contents": 0, "page_rating_votes": 0, "page_rating_visits": 0, "page_rating": 0, "tags": [], "comments": [], "vote": 0}, {"source": "https://www.arabnews.com/rss.xml", "title": "Everton appeal against 10-point Premier League penalty", "description": "LIVERPOOL: Everton submitted their appeal on Friday against a 10-point deduction handed down by the Premier League for breaches of financial sustainability rules.\n\tThe Toffees have reacted furiously after being hit with the toughest sporting sanction in Premier League history for breaching loss-making limits in the 2021/22 season.\n\tClubs in the English top flight are allowed to lose a maximum \u00a3105 million ($130 million) over a three-year period after allowable deductions are removed.", "link": "https://www.arabnews.com/node/2418571/football", "date_published": "2023-12-01T02:12:46+00:00", "permanent": false, "bookmarked": false, "dead": false, "artist": "Middle East - ArabNews", "album": "Middle East - ArabNews", "user": null, "language": "en", "thumbnail": null, "age": null, "page_rating_contents": 0, "page_rating_votes": 0, "page_rating_visits": 0, "page_rating": 0, "tags": [], "comments": [], "vote": 0}, {"source": "https://www.arabnews.com/rss.xml", "title": "Hamas says offered to hand over remains of hostage baby, family", "description": "JERUSALEM: Hamas on Friday said it had offered to hand over the bodies of a mother and her two sons \u2014 one of them a baby \u2014 in talks to extend a now-expired truce.\n\tShiri Bibas, her 10-month-old son Kfir and his four-year-old brother Ariel, along with their father Yarden, have become emblematic of the October 7 attacks due to the age of baby Kfir.", "link": "https://www.arabnews.com/node/2418586/middle-east", "date_published": "2023-12-01T02:12:20+00:00", "permanent": false, "bookmarked": false, "dead": false, "artist": "Middle East - ArabNews", "album": "Middle East - ArabNews", "user": null, "language": "en", "thumbnail": null, "age": null, "page_rating_contents": 0, "page_rating_votes": 0, "page_rating_visits": 0, "page_rating": 0, "tags": [], "comments": [], "vote": 0}, {"source": "https://www.arabnews.com/rss.xml", "title": "Emmanuel Macron joins global leaders in unveiling ambitious climate strategies at COP28", "description": "DUBAI: Global leaders have stressed the need to\u00a0actively identify\u00a0climate challenge priorities and establishing goals on the second day of COP28 in Dubai.\u00a0\u00a0\n\n\tDuring the High-Level Segment National Statements, France\u2019s President Emmanuel Macron underscored the urgency of phasing out fossil fuels as the world\u2019s top priority.\u00a0\u00a0\n\n\t\u201cEmerging countries must phase out carbon, which is our biggest fight. If there\u2019s a top priority, it\u2019s for emerging countries to phase out carbon,\u201d he stated.", "link": "https://www.arabnews.com/node/2418581/business-economy", "date_published": "2023-12-01T02:12:16+00:00", "permanent": false, "bookmarked": false, "dead": false, "artist": "Middle East - ArabNews", "album": "Middle East - ArabNews", "user": null, "language": "en", "thumbnail": null, "age": null, "page_rating_contents": 0, "page_rating_votes": 0, "page_rating_visits": 0, "page_rating": 0, "tags": [], "comments": [], "vote": 0}, {"source": "https://www.arabnews.com/rss.xml", "title": "World leaders address climate change achievements and challenges at COP28", "description": "DUBAI: World leaders have spoken of the urgent need for collective action to combat climate change on the second day of the UN Climate Change Conference in Dubai.\u00a0\n\n\tThe UAE\u2019s Vice President Mansour bin Zayed Al-Nahyan showcased the nation\u2019s leadership, pledging carbon neutrality by 2050 and a substantial investment in renewables.\u00a0\n\n\tHe said: \u201cWe were the first to pledge to achieve carbon neutrality by 2050. We have allocated $163 billion\u00a0for expansion of renewables and to transition towards renewable energies.\u201d", "link": "https://www.arabnews.com/node/2418546/business-economy", "date_published": "2023-12-01T01:12:54+00:00", "permanent": false, "bookmarked": false, "dead": false, "artist": "Middle East - ArabNews", "album": "Middle East - ArabNews", "user": null, "language": "en", "thumbnail": null, "age": null, "page_rating_contents": 0, "page_rating_votes": 0, "page_rating_visits": 0, "page_rating": 0, "tags": [], "comments": [], "vote": 0}, {"source": "https://www.arabnews.com/rss.xml", "title": "Nadal confirms Brisbane return ahead of Australian Open", "description": "PARIS: Spanish tennis great Rafael Nadal, absent from the courts for almost a year with a hip injury, announced Friday that he would return to competition in Brisbane next month ahead of the Australian Open.\n\t\u201cHello everyone, after a year away from competition, it\u2019s time to come back. It will be in Brisbane the first week of January. I\u2019ll see you there,\u201d the 22-time Grand Slam winner said in a post on social media.\n\tFormer world number one Nadal has not played since his defeat in the second round of the Australian Open last January, a tournament he won in 2009 and 2022.", "link": "https://www.arabnews.com/node/2418541/tennis", "date_published": "2023-12-01T01:12:52+00:00", "permanent": false, "bookmarked": false, "dead": false, "artist": "Middle East - ArabNews", "album": "Middle East - ArabNews", "user": null, "language": "en", "thumbnail": null, "age": null, "page_rating_contents": 0, "page_rating_votes": 0, "page_rating_visits": 0, "page_rating": 0, "tags": [], "comments": [], "vote": 0}, {"source": "https://www.arabnews.com/rss.xml", "title": "\u200b\u200bUN official urges strategic plans for climate-vulnerable nations at COP28", "description": "DUBAI: In discussions about the\u00a0impact of global warming, it is crucial to consider the\u00a0financial capabilities and burdens \u2013 especially for vulnerable nations in recovery, a top UN official has emphasized.\u00a0\u00a0\n\n\tDuring a panel conversation on day two of the UN\u2019s climate change conference in Dubai, the organization\u2019s\u00a0Assistant Secretary-General and Special Representative of the Secretary-General for Disaster Risk Reduction Mami Mizutori\u00a0highlighted the importance of this aspect.", "link": "https://www.arabnews.com/node/2418551/business-economy", "date_published": "2023-12-01T01:12:52+00:00", "permanent": false, "bookmarked": false, "dead": false, "artist": "Middle East - ArabNews", "album": "Middle East - ArabNews", "user": null, "language": "en", "thumbnail": null, "age": null, "page_rating_contents": 0, "page_rating_votes": 0, "page_rating_visits": 0, "page_rating": 0, "tags": [], "comments": [], "vote": 0}, {"source": "https://www.arabnews.com/rss.xml", "title": "Sheikh Mohamed bin Zayed Al-Nahyan, King Charles III open COP28 Business and Philanthropy Climate Forum", "description": "For the first time at the UN Framework Convention on Climate Change\u2019s Conference of the Parties (COP), the COP28 Presidency of the UAE has launched the inaugural COP28 Business and Philanthropy Climate Forum, convening more than 1,000 CEOs and philanthropists from over 80 countries. The forum is being held alongside the World Climate Action Summit.\u00a0\n\n\tHosted by the COP28 Presidency and the Sustainable Markets Initiative, the forum launched today with a high-level reception in the presence of Sheikh Mohamed bin Zayed Al-Nahyan, president of the UAE, and King Charles III.", "link": "https://www.arabnews.com/node/2418531/corporate-news", "date_published": "2023-12-01T01:12:47+00:00", "permanent": false, "bookmarked": false, "dead": false, "artist": "Middle East - ArabNews", "album": "Middle East - ArabNews", "user": null, "language": "en", "thumbnail": null, "age": null, "page_rating_contents": 0, "page_rating_votes": 0, "page_rating_visits": 0, "page_rating": 0, "tags": [], "comments": [], "vote": 0}, {"source": "https://www.arabnews.com/rss.xml", "title": "Turkiye\u2019s Erdogan offers to host UN climate talks in 2026", "description": "DUBAI: Turkish President Recep Tayyip offered Friday to host the United Nations COP31 climate conference in 2026.\n\tErdogan\u2019s announcement at this year\u2019s gathering in Dubai puts Turkiye in the race against Australia, which announced its candidacy earlier this year.\n\t\u201cWe have announced our candidacy to host the 31st United Nations Climate Change Conference, to be held in 2026,\u201d Erdogan said.\n\t\u201cI am certain that you, esteemed friends, will provide the essential support in this regard.\u201d", "link": "https://www.arabnews.com/node/2418566/business-economy", "date_published": "2023-12-01T01:12:38+00:00", "permanent": false, "bookmarked": false, "dead": false, "artist": "Middle East - ArabNews", "album": "Middle East - ArabNews", "user": null, "language": "en", "thumbnail": null, "age": null, "page_rating_contents": 0, "page_rating_votes": 0, "page_rating_visits": 0, "page_rating": 0, "tags": [], "comments": [], "vote": 0}, {"source": "https://www.arabnews.com/rss.xml", "title": "US to press for extending Gaza truce: White House", "description": "WASHINGTON: The United States will continue to press for extending a truce in Gaza, the White House said Friday, as intense fighting erupted once again in the Israel-Hamas war.\n\t\u201cWe continue to work with Israel, Egypt, and Qatar on efforts to extend the humanitarian pause in Gaza,\u201d a White House National Security Council spokesperson said.\n\tUnder the truce which lasted a week, Hamas militants released 80 Israeli hostages in exchange for 240 Palestinian prisoners. More humanitarian aid was also delivered into war-devastated Gaza.", "link": "https://www.arabnews.com/node/2418561/world", "date_published": "2023-12-01T01:12:21+00:00", "permanent": false, "bookmarked": false, "dead": false, "artist": "Middle East - ArabNews", "album": "Middle East - ArabNews", "user": null, "language": "en", "thumbnail": null, "age": null, "page_rating_contents": 0, "page_rating_votes": 0, "page_rating_visits": 0, "page_rating": 0, "tags": [], "comments": [], "vote": 0}]