[{"source": "https://www.channelnewsasia.com/api/v1/rss-outbound-feed?_format=xml", "title": "Her grandfather made jewellery for Southeast Asian royalty. She now leads her family\u2019s jewellery business in a modern era", "description": "Medhanie Sena, the third-generation leader of H Sena Jewellery, reflects on what it means to modernise a 104-year-old heritage jewellery business and carry the torch of her family's legacy.", "link": "https://www.channelnewsasia.com/people/medhanie-sena-h-sena-singapore-heritage-jeweller-3953236", "date_published": "2023-12-01T22:56:44+00:00", "permanent": false, "bookmarked": false, "dead": false, "artist": "Channel Asia Latest News", "album": "Channel Asia Latest News", "user": null, "language": "en", "thumbnail": "https://onecms-res.cloudinary.com/image/upload/s--dfEWuK4O--/c_crop,h_843,w_1500,x_0,y_87/c_fill,h_900,w_1600/fl_relative,g_south_east,l_mediacorp:cna:watermark:2021-08:cna,w_0.1/f_auto,q_auto/v1/mediacorp/cna/image/2023/11/29/hero_medhanie_sena_h_sena_jewellery.jpg?itok=olh6XYqf", "age": null, "page_rating_contents": 0, "page_rating_votes": 0, "page_rating_visits": 0, "page_rating": 0, "tags": [], "comments": [], "vote": 0}, {"source": "https://www.channelnewsasia.com/api/v1/rss-outbound-feed?_format=xml", "title": "Juve go top with late Gatti winner at Monza", "description": "", "link": "https://www.channelnewsasia.com/sport/juve-go-top-late-gatti-winner-monza-3960706", "date_published": "2023-12-01T22:10:14+00:00", "permanent": false, "bookmarked": false, "dead": false, "artist": "Channel Asia Latest News", "album": "Channel Asia Latest News", "user": null, "language": "en", "thumbnail": "{}", "age": null, "page_rating_contents": 0, "page_rating_votes": 0, "page_rating_visits": 0, "page_rating": 0, "tags": [], "comments": [], "vote": 0}, {"source": "https://www.channelnewsasia.com/api/v1/rss-outbound-feed?_format=xml", "title": "IN FOCUS: Singapore could create an entire island to protect its coastline. What's next?", "description": "The planned \"Long Island\" reclamation project is the latest weapon in the low-lying nation's arsenal, as it braces for the potentially devastating impact of rising sea levels.", "link": "https://www.channelnewsasia.com/singapore/rising-sea-levels-low-lying-vulnerable-coastal-protection-long-island-3955651", "date_published": "2023-12-01T22:10:07+00:00", "permanent": false, "bookmarked": false, "dead": false, "artist": "Channel Asia Latest News", "album": "Channel Asia Latest News", "user": null, "language": "en", "thumbnail": "https://onecms-res.cloudinary.com/image/upload/s--n0fXiJd_--/c_fill,h_900,w_1600/f_auto,q_auto/v1/mediacorp/cna/image/2023/12/01/maplongisland.gif?itok=WeWlI2L-", "age": null, "page_rating_contents": 0, "page_rating_votes": 0, "page_rating_visits": 0, "page_rating": 0, "tags": [], "comments": [], "vote": 0}, {"source": "https://www.channelnewsasia.com/api/v1/rss-outbound-feed?_format=xml", "title": "England roar back to beat Netherlands 3-2 and keep Paris dreams alive", "description": "", "link": "https://www.channelnewsasia.com/sport/england-roar-back-beat-netherlands-3-2-and-keep-paris-dreams-alive-3960691", "date_published": "2023-12-01T22:04:12+00:00", "permanent": false, "bookmarked": false, "dead": false, "artist": "Channel Asia Latest News", "album": "Channel Asia Latest News", "user": null, "language": "en", "thumbnail": "{}", "age": null, "page_rating_contents": 0, "page_rating_votes": 0, "page_rating_visits": 0, "page_rating": 0, "tags": [], "comments": [], "vote": 0}, {"source": "https://www.channelnewsasia.com/api/v1/rss-outbound-feed?_format=xml", "title": "A deep dive into COE prices in Singapore: Does the system need an update?", "description": "Should certificates of entitlement (COE) for cars be longer than 10 years? Why can\u2019t we have additional buyers\u2019 stamp duty for cars or create car categories based on needs? We take suggestions from the public on refining the COE system to the experts.", "link": "https://www.channelnewsasia.com/singapore/deep-dive-coe-prices-singapore-does-system-need-update-3936056", "date_published": "2023-12-01T22:00:00+00:00", "permanent": false, "bookmarked": false, "dead": false, "artist": "Channel Asia Latest News", "album": "Channel Asia Latest News", "user": null, "language": "en", "thumbnail": "https://onecms-res.cloudinary.com/image/upload/s--jYgySn4n--/c_fill,h_900,w_1600/f_auto,q_auto/v1/mediacorp/cna/image/2023/11/21/COE%20hero%20-%20desktop.gif?itok=qKJkcxBV", "age": null, "page_rating_contents": 0, "page_rating_votes": 0, "page_rating_visits": 0, "page_rating": 0, "tags": [], "comments": [], "vote": 0}, {"source": "https://www.channelnewsasia.com/api/v1/rss-outbound-feed?_format=xml", "title": "As Israel-Hamas war resumes, Southeast Asian cyber warriors engage in cyber-bullying, doxxing against critics, govts", "description": "An analyst says such actions give netizens a sense of purpose and a means of \u201ctaking action\u201d but suggests other forms of activism could be more effective.", "link": "https://www.channelnewsasia.com/asia/malaysia-indonesia-singapore-netizens-social-media-israel-hamas-war-palestinians-3958491", "date_published": "2023-12-01T22:00:00+00:00", "permanent": false, "bookmarked": false, "dead": false, "artist": "Channel Asia Latest News", "album": "Channel Asia Latest News", "user": null, "language": "en", "thumbnail": "https://onecms-res.cloudinary.com/image/upload/s--J_oogqqE--/c_crop,h_823,w_1463,x_1,y_176/c_fill,h_900,w_1600/f_auto,q_auto/v1/mediacorp/cna/image/2023/12/01/social%20media.jpg?itok=wWQCkRUZ", "age": null, "page_rating_contents": 0, "page_rating_votes": 0, "page_rating_visits": 0, "page_rating": 0, "tags": [], "comments": [], "vote": 0}, {"source": "https://www.channelnewsasia.com/api/v1/rss-outbound-feed?_format=xml", "title": "COP28: Landmark loss and damage deal no guarantee of help for Asia\u2019s most vulnerable", "description": "Wealthy nations have pledged hundreds of millions in financial assistance to the poorest countries. But those who need it are wary about big promises made about loss and damage at the United Nations-led talks.", "link": "https://www.channelnewsasia.com/sustainability/cop28-loss-and-damage-fund-southeast-asia-wary-questions-indigenous-vulnerable-3960236", "date_published": "2023-12-01T22:00:00+00:00", "permanent": false, "bookmarked": false, "dead": false, "artist": "Channel Asia Latest News", "album": "Channel Asia Latest News", "user": null, "language": "en", "thumbnail": "https://onecms-res.cloudinary.com/image/upload/s--eGPFPr-C--/c_fill,h_900,w_1600/fl_relative,g_south_east,l_one-cms:core:watermark:ap_data-1,w_0.1/f_auto,q_auto/v1/one-cms/core/south_asia_floods_photo_gallery_11918.jpg?itok=M6ivSk-v", "age": null, "page_rating_contents": 0, "page_rating_votes": 0, "page_rating_visits": 0, "page_rating": 0, "tags": [], "comments": [], "vote": 0}, {"source": "https://www.channelnewsasia.com/api/v1/rss-outbound-feed?_format=xml", "title": "Commentary: ChatGPT turns 1 - its success says as much about humans as technology", "description": "With 2024 shaping up to be a historic year for elections around the world, there are lessons for everyone as the AI chatbot heads into its second year, says a Drexel University information science researcher.", "link": "https://www.channelnewsasia.com/commentary/chatgpt-ai-openai-future-dangerous-potential-tech-3958981", "date_published": "2023-12-01T22:00:00+00:00", "permanent": false, "bookmarked": false, "dead": false, "artist": "Channel Asia Latest News", "album": "Channel Asia Latest News", "user": null, "language": "en", "thumbnail": "https://onecms-res.cloudinary.com/image/upload/s--9xccsG2n--/c_fill,h_900,w_1600/fl_relative,g_south_east,l_mediacorp:cna:watermark:2023-11:afp_watermark_14112023,w_0.1/f_auto,q_auto/v1/one-cms/core/8ac703807c82b3c2ac2ece117d5b0007be032b79.jpg?itok=NLwq-BdE", "age": null, "page_rating_contents": 0, "page_rating_votes": 0, "page_rating_visits": 0, "page_rating": 0, "tags": [], "comments": [], "vote": 0}, {"source": "https://www.channelnewsasia.com/api/v1/rss-outbound-feed?_format=xml", "title": "Commentary: How old is too old for your profile pic?", "description": "Are we so used to people looking glossier and younger in their profile photos that we expect to be let down when meeting them in person? The Financial Times\u2019 Rebecca Rose considers whether to update a seven-year-old photo.", "link": "https://www.channelnewsasia.com/commentary/profile-photo-social-media-dating-work-app-how-often-update-3959081", "date_published": "2023-12-01T22:00:00+00:00", "permanent": false, "bookmarked": false, "dead": false, "artist": "Channel Asia Latest News", "album": "Channel Asia Latest News", "user": null, "language": "en", "thumbnail": "https://onecms-res.cloudinary.com/image/upload/s--Qec0-LNU--/c_crop,h_1193,w_2121,x_1,y_190/c_fill,h_900,w_1600/f_auto,q_auto/v1/mediacorp/cna/image/2022/12/19/istock-1302277413.jpg?itok=gwoTZjrS", "age": null, "page_rating_contents": 0, "page_rating_votes": 0, "page_rating_visits": 0, "page_rating": 0, "tags": [], "comments": [], "vote": 0}, {"source": "https://www.channelnewsasia.com/api/v1/rss-outbound-feed?_format=xml", "title": "Commentary: How will Henry Kissinger be remembered in Southeast Asia?", "description": "Former US secretary of state Henry Kissinger was a flawed man, but his impact on Southeast Asia, especially during the region\u2019s formative post-colonial years, is indisputable, says NTU\u2019s Joseph Chinyong Liow.", "link": "https://www.channelnewsasia.com/commentary/henry-kissinger-us-southeast-asia-vietnam-war-china-lee-kuan-yew-3958936", "date_published": "2023-12-01T22:00:00+00:00", "permanent": false, "bookmarked": false, "dead": false, "artist": "Channel Asia Latest News", "album": "Channel Asia Latest News", "user": null, "language": "en", "thumbnail": "https://onecms-res.cloudinary.com/image/upload/s--lDBbsNX2--/c_fill,h_900,w_1600/fl_relative,g_south_east,l_one-cms:core:watermark:ap_data-1,w_0.1/f_auto,q_auto/v1/one-cms/core/kissinger-100th_birthday_75484.jpg?itok=2omiIxxA", "age": null, "page_rating_contents": 0, "page_rating_votes": 0, "page_rating_visits": 0, "page_rating": 0, "tags": [], "comments": [], "vote": 0}, {"source": "https://www.channelnewsasia.com/api/v1/rss-outbound-feed?_format=xml", "title": "Sinclair welcome at Wrexham, says Reynolds", "description": "", "link": "https://www.channelnewsasia.com/sport/sinclair-welcome-wrexham-says-reynolds-3960671", "date_published": "2023-12-01T21:47:21+00:00", "permanent": false, "bookmarked": false, "dead": false, "artist": "Channel Asia Latest News", "album": "Channel Asia Latest News", "user": null, "language": "en", "thumbnail": "https://onecms-res.cloudinary.com/image/upload/s--z8dskdj0--/c_fill,h_900,w_1600/fl_relative,g_south_east,l_one-cms:core:watermark:reuters,w_0.1/f_auto,q_auto/v1/one-cms/core/2023-12-01t214721z_2_lynxmpejb01sa_rtroptp_3_soccer-sinclair-reynolds.jpg?itok=ARGe0b6Y", "age": null, "page_rating_contents": 0, "page_rating_votes": 0, "page_rating_visits": 0, "page_rating": 0, "tags": [], "comments": [], "vote": 0}, {"source": "https://www.channelnewsasia.com/api/v1/rss-outbound-feed?_format=xml", "title": "Five senators ask Biden to impose China travel ban after respiratory illness cases", "description": "", "link": "https://www.channelnewsasia.com/asia/china-respiratory-illness-cases-uptick-prompts-us-lawmakers-travel-ban-3960036", "date_published": "2023-12-01T21:29:28+00:00", "permanent": false, "bookmarked": false, "dead": false, "artist": "Channel Asia Latest News", "album": "Channel Asia Latest News", "user": null, "language": "en", "thumbnail": "https://onecms-res.cloudinary.com/image/upload/s--OzNqZgT5--/c_fill,h_900,w_1600/fl_relative,g_south_east,l_mediacorp:cna:watermark:2023-11:afp_watermark_14112023,w_0.1/f_auto,q_auto/v1/one-cms/core/eb2b7431efd08651b00b37dc6b5800d6b0187f16.jpg?itok=nV3xh-z7", "age": null, "page_rating_contents": 0, "page_rating_votes": 0, "page_rating_visits": 0, "page_rating": 0, "tags": [], "comments": [], "vote": 0}, {"source": "https://www.channelnewsasia.com/api/v1/rss-outbound-feed?_format=xml", "title": "Messi focused on Copa America title defence, not long-term Argentina future", "description": "", "link": "https://www.channelnewsasia.com/sport/messi-focused-copa-america-title-defence-not-long-term-argentina-future-3960551", "date_published": "2023-12-01T20:42:30+00:00", "permanent": false, "bookmarked": false, "dead": false, "artist": "Channel Asia Latest News", "album": "Channel Asia Latest News", "user": null, "language": "en", "thumbnail": "https://onecms-res.cloudinary.com/image/upload/s--8NWu91Qz--/c_fill,h_900,w_1600/fl_relative,g_south_east,l_one-cms:core:watermark:reuters,w_0.1/f_auto,q_auto/v1/one-cms/core/2023-12-01t204230z_1_lynxmpejb01r5_rtroptp_3_soccer-argentina-messi.jpg?itok=_kS9CY1Z", "age": null, "page_rating_contents": 0, "page_rating_votes": 0, "page_rating_visits": 0, "page_rating": 0, "tags": [], "comments": [], "vote": 0}, {"source": "https://www.channelnewsasia.com/api/v1/rss-outbound-feed?_format=xml", "title": "Ukraine conducts new attack on Russian railway deep in Siberia: Source", "description": "", "link": "https://www.channelnewsasia.com/world/ukraine-conducts-new-attack-russian-railway-deep-siberia-source-3959951", "date_published": "2023-12-01T20:19:34+00:00", "permanent": false, "bookmarked": false, "dead": false, "artist": "Channel Asia Latest News", "album": "Channel Asia Latest News", "user": null, "language": "en", "thumbnail": "https://onecms-res.cloudinary.com/image/upload/s--DOooME6v--/c_fill,h_900,w_1600/fl_relative,g_south_east,l_one-cms:core:watermark:reuters,w_0.1/f_auto,q_auto/v1/one-cms/core/2023-12-01t153117z_1_lynxmpejb01jj_rtroptp_3_ukraine-crisis-russia-railway.jpg?itok=Nc3BnFvt", "age": null, "page_rating_contents": 0, "page_rating_votes": 0, "page_rating_visits": 0, "page_rating": 0, "tags": [], "comments": [], "vote": 0}, {"source": "https://www.channelnewsasia.com/api/v1/rss-outbound-feed?_format=xml", "title": "Amazon signs up SpaceX's Falcon 9 launches for Kuiper satellites", "description": "", "link": "https://www.channelnewsasia.com/business/amazon-signs-spacexs-falcon-9-launches-kuiper-satellites-3960466", "date_published": "2023-12-01T19:48:14+00:00", "permanent": false, "bookmarked": false, "dead": false, "artist": "Channel Asia Latest News", "album": "Channel Asia Latest News", "user": null, "language": "en", "thumbnail": "https://onecms-res.cloudinary.com/image/upload/s--aqvD44WZ--/c_fill,h_900,w_1600/fl_relative,g_south_east,l_one-cms:core:watermark:reuters,w_0.1/f_auto,q_auto/v1/one-cms/core/2023-12-01t194814z_1_lynxmpejb01qd_rtroptp_3_space-exploration-crew-7.jpg?itok=YhYMCL8P", "age": null, "page_rating_contents": 0, "page_rating_votes": 0, "page_rating_visits": 0, "page_rating": 0, "tags": [], "comments": [], "vote": 0}, {"source": "https://www.channelnewsasia.com/api/v1/rss-outbound-feed?_format=xml", "title": "Amazon to use Falcon 9 rockets of SpaceX for Project Kuiper", "description": "", "link": "https://www.channelnewsasia.com/business/amazon-use-falcon-9-rockets-spacex-project-kuiper-3960466", "date_published": "2023-12-01T19:48:14+00:00", "permanent": false, "bookmarked": false, "dead": false, "artist": "Channel Asia Latest News", "album": "Channel Asia Latest News", "user": null, "language": "en", "thumbnail": "https://onecms-res.cloudinary.com/image/upload/s--aqvD44WZ--/c_fill,h_900,w_1600/fl_relative,g_south_east,l_one-cms:core:watermark:reuters,w_0.1/f_auto,q_auto/v1/one-cms/core/2023-12-01t194814z_1_lynxmpejb01qd_rtroptp_3_space-exploration-crew-7.jpg?itok=YhYMCL8P", "age": null, "page_rating_contents": 0, "page_rating_votes": 0, "page_rating_visits": 0, "page_rating": 0, "tags": [], "comments": [], "vote": 0}, {"source": "https://www.channelnewsasia.com/api/v1/rss-outbound-feed?_format=xml", "title": "Lawyer of fugitive Wirecard executive called to testify in court", "description": "", "link": "https://www.channelnewsasia.com/business/lawyer-fugitive-wirecard-executive-called-testify-court-3960421", "date_published": "2023-12-01T19:29:21+00:00", "permanent": false, "bookmarked": false, "dead": false, "artist": "Channel Asia Latest News", "album": "Channel Asia Latest News", "user": null, "language": "en", "thumbnail": "https://onecms-res.cloudinary.com/image/upload/s--_pnz6PFi--/c_fill,h_900,w_1600/fl_relative,g_south_east,l_one-cms:core:watermark:reuters,w_0.1/f_auto,q_auto/v1/one-cms/core/2023-12-01t192921z_1_lynxmpejb01q1_rtroptp_3_wirecard-accounts-trial.jpg?itok=t4VRTjLX", "age": null, "page_rating_contents": 0, "page_rating_votes": 0, "page_rating_visits": 0, "page_rating": 0, "tags": [], "comments": [], "vote": 0}, {"source": "https://www.channelnewsasia.com/api/v1/rss-outbound-feed?_format=xml", "title": "OpenAI delays custom GPT store's launch- Axios", "description": "", "link": "https://www.channelnewsasia.com/business/openai-delays-custom-gpt-stores-launch-axios-3960406", "date_published": "2023-12-01T19:21:25+00:00", "permanent": false, "bookmarked": false, "dead": false, "artist": "Channel Asia Latest News", "album": "Channel Asia Latest News", "user": null, "language": "en", "thumbnail": "https://onecms-res.cloudinary.com/image/upload/s--yegsQHPI--/c_fill,h_900,w_1600/fl_relative,g_south_east,l_one-cms:core:watermark:reuters,w_0.1/f_auto,q_auto/v1/one-cms/core/2023-12-01t192125z_1_lynxmpejb01ps_rtroptp_3_openai-chatgpt.jpg?itok=pfb-_jwe", "age": null, "page_rating_contents": 0, "page_rating_votes": 0, "page_rating_visits": 0, "page_rating": 0, "tags": [], "comments": [], "vote": 0}, {"source": "https://www.channelnewsasia.com/api/v1/rss-outbound-feed?_format=xml", "title": "OpenAI delays launch of custom GPT store to early 2024", "description": "", "link": "https://www.channelnewsasia.com/business/openai-delays-launch-custom-gpt-store-early-2024-3960406", "date_published": "2023-12-01T19:21:25+00:00", "permanent": false, "bookmarked": false, "dead": false, "artist": "Channel Asia Latest News", "album": "Channel Asia Latest News", "user": null, "language": "en", "thumbnail": "https://onecms-res.cloudinary.com/image/upload/s--4CTVWCXq--/c_fill,h_900,w_1600/fl_relative,g_south_east,l_one-cms:core:watermark:reuters,w_0.1/f_auto,q_auto/v1/one-cms/core/2023-12-01t194420z_2_lynxmpejb01ps_rtroptp_3_openai-chatgpt.jpg?itok=iLBShlOD", "age": null, "page_rating_contents": 0, "page_rating_votes": 0, "page_rating_visits": 0, "page_rating": 0, "tags": [], "comments": [], "vote": 0}, {"source": "https://www.channelnewsasia.com/api/v1/rss-outbound-feed?_format=xml", "title": "TikTok asks EU court to suspend EU gatekeeper label until its ruling", "description": "", "link": "https://www.channelnewsasia.com/business/tiktok-asks-eu-court-suspend-eu-gatekeeper-label-until-its-ruling-3960356", "date_published": "2023-12-01T18:46:03+00:00", "permanent": false, "bookmarked": false, "dead": false, "artist": "Channel Asia Latest News", "album": "Channel Asia Latest News", "user": null, "language": "en", "thumbnail": "https://onecms-res.cloudinary.com/image/upload/s--tGxT-FER--/c_fill,h_900,w_1600/fl_relative,g_south_east,l_one-cms:core:watermark:reuters,w_0.1/f_auto,q_auto/v1/one-cms/core/2023-12-01t184603z_1_lynxmpejb01p0_rtroptp_3_eu-tech-tiktok.jpg?itok=HFyOcuP1", "age": null, "page_rating_contents": 0, "page_rating_votes": 0, "page_rating_visits": 0, "page_rating": 0, "tags": [], "comments": [], "vote": 0}, {"source": "https://www.channelnewsasia.com/api/v1/rss-outbound-feed?_format=xml", "title": "Worldline weighs asset sales to shore up investor confidence -sources", "description": "", "link": "https://www.channelnewsasia.com/business/worldline-weighs-asset-sales-shore-investor-confidence-sources-3960281", "date_published": "2023-12-01T18:00:36+00:00", "permanent": false, "bookmarked": false, "dead": false, "artist": "Channel Asia Latest News", "album": "Channel Asia Latest News", "user": null, "language": "en", "thumbnail": "https://onecms-res.cloudinary.com/image/upload/s--8yclNCsM--/c_fill,h_900,w_1600/fl_relative,g_south_east,l_one-cms:core:watermark:reuters,w_0.1/f_auto,q_auto/v1/one-cms/core/2023-12-01t180036z_1_lynxmpejb01nv_rtroptp_3_worldline-m-a-credit-agricole.jpg?itok=yNV7_660", "age": null, "page_rating_contents": 0, "page_rating_votes": 0, "page_rating_visits": 0, "page_rating": 0, "tags": [], "comments": [], "vote": 0}, {"source": "https://www.channelnewsasia.com/api/v1/rss-outbound-feed?_format=xml", "title": "Klopp calls on Liverpool forwards to share workload in gruelling schedule", "description": "", "link": "https://www.channelnewsasia.com/sport/klopp-calls-liverpool-forwards-share-workload-gruelling-schedule-3960286", "date_published": "2023-12-01T18:00:00+00:00", "permanent": false, "bookmarked": false, "dead": false, "artist": "Channel Asia Latest News", "album": "Channel Asia Latest News", "user": null, "language": "en", "thumbnail": "https://onecms-res.cloudinary.com/image/upload/s--Svdelba6--/c_fill,h_900,w_1600/fl_relative,g_south_east,l_one-cms:core:watermark:reuters,w_0.1/f_auto,q_auto/v1/one-cms/core/2023-12-01t180000z_1_lynxmpejb01nt_rtroptp_3_soccer-europa-liv-lin-preview.jpg?itok=L4_zRKam", "age": null, "page_rating_contents": 0, "page_rating_votes": 0, "page_rating_visits": 0, "page_rating": 0, "tags": [], "comments": [], "vote": 0}, {"source": "https://www.channelnewsasia.com/api/v1/rss-outbound-feed?_format=xml", "title": "Walmart says it is not advertising on social platform X", "description": "", "link": "https://www.channelnewsasia.com/business/walmart-says-it-not-advertising-social-platform-x-3960181", "date_published": "2023-12-01T17:23:43+00:00", "permanent": false, "bookmarked": false, "dead": false, "artist": "Channel Asia Latest News", "album": "Channel Asia Latest News", "user": null, "language": "en", "thumbnail": "https://onecms-res.cloudinary.com/image/upload/s--ylQK62iR--/c_fill,h_900,w_1600/fl_relative,g_south_east,l_one-cms:core:watermark:reuters,w_0.1/f_auto,q_auto/v1/one-cms/core/2023-12-01t172343z_1_lynxmpejb01n4_rtroptp_3_walmart-suppliers-india-china.jpg?itok=wIToXxKX", "age": null, "page_rating_contents": 0, "page_rating_votes": 0, "page_rating_visits": 0, "page_rating": 0, "tags": [], "comments": [], "vote": 0}, {"source": "https://www.channelnewsasia.com/api/v1/rss-outbound-feed?_format=xml", "title": "Taylor's putter drop immortalised in Canadian Open logo", "description": "", "link": "https://www.channelnewsasia.com/sport/taylors-putter-drop-immortalised-canadian-open-logo-3960161", "date_published": "2023-12-01T17:11:28+00:00", "permanent": false, "bookmarked": false, "dead": false, "artist": "Channel Asia Latest News", "album": "Channel Asia Latest News", "user": null, "language": "en", "thumbnail": "https://onecms-res.cloudinary.com/image/upload/s--a8zNne9w--/c_fill,h_900,w_1600/fl_relative,g_south_east,l_one-cms:core:watermark:reuters,w_0.1/f_auto,q_auto/v1/one-cms/core/2023-12-01t171128z_1_lynxmpejb01mv_rtroptp_3_golf-open.jpg?itok=kqeJWJj1", "age": null, "page_rating_contents": 0, "page_rating_votes": 0, "page_rating_visits": 0, "page_rating": 0, "tags": [], "comments": [], "vote": 0}, {"source": "https://www.channelnewsasia.com/api/v1/rss-outbound-feed?_format=xml", "title": "Sargeant stays at Williams to complete 2024 F1 grid", "description": "", "link": "https://www.channelnewsasia.com/sport/sargeant-stays-williams-complete-2024-f1-grid-3960146", "date_published": "2023-12-01T17:08:17+00:00", "permanent": false, "bookmarked": false, "dead": false, "artist": "Channel Asia Latest News", "album": "Channel Asia Latest News", "user": null, "language": "en", "thumbnail": "https://onecms-res.cloudinary.com/image/upload/s--Xwq1tvza--/c_fill,h_900,w_1600/fl_relative,g_south_east,l_one-cms:core:watermark:reuters,w_0.1/f_auto,q_auto/v1/one-cms/core/2023-12-01t170817z_1_lynxmpejb01mq_rtroptp_3_motor-f1-abudhabi.jpg?itok=fcaW5OpM", "age": null, "page_rating_contents": 0, "page_rating_votes": 0, "page_rating_visits": 0, "page_rating": 0, "tags": [], "comments": [], "vote": 0}, {"source": "https://www.channelnewsasia.com/api/v1/rss-outbound-feed?_format=xml", "title": "Williams confirms Sargeant for 2024 F1 season", "description": "", "link": "https://www.channelnewsasia.com/sport/williams-confirms-sargeant-2024-f1-season-3960146", "date_published": "2023-12-01T17:08:17+00:00", "permanent": false, "bookmarked": false, "dead": false, "artist": "Channel Asia Latest News", "album": "Channel Asia Latest News", "user": null, "language": "en", "thumbnail": "https://onecms-res.cloudinary.com/image/upload/s--Xwq1tvza--/c_fill,h_900,w_1600/fl_relative,g_south_east,l_one-cms:core:watermark:reuters,w_0.1/f_auto,q_auto/v1/one-cms/core/2023-12-01t170817z_1_lynxmpejb01mq_rtroptp_3_motor-f1-abudhabi.jpg?itok=fcaW5OpM", "age": null, "page_rating_contents": 0, "page_rating_votes": 0, "page_rating_visits": 0, "page_rating": 0, "tags": [], "comments": [], "vote": 0}, {"source": "https://www.channelnewsasia.com/api/v1/rss-outbound-feed?_format=xml", "title": "First woman on the US Supreme Court, retired Justice Sandra Day O\u2019Connor dies at 93", "description": "", "link": "https://www.channelnewsasia.com/world/first-woman-us-supreme-court-justice-sandra-day-oconnor-dies-age-93-3959881", "date_published": "2023-12-01T17:07:52+00:00", "permanent": false, "bookmarked": false, "dead": false, "artist": "Channel Asia Latest News", "album": "Channel Asia Latest News", "user": null, "language": "en", "thumbnail": "https://onecms-res.cloudinary.com/image/upload/s--fmbB2iHs--/c_fill,h_900,w_1600/fl_relative,g_south_east,l_one-cms:core:watermark:ap_data-1,w_0.1/f_auto,q_auto/v1/one-cms/core/title_ix_timeline_75027.jpg?itok=f9X_pFdP", "age": null, "page_rating_contents": 0, "page_rating_votes": 0, "page_rating_visits": 0, "page_rating": 0, "tags": [], "comments": [], "vote": 0}, {"source": "https://www.channelnewsasia.com/api/v1/rss-outbound-feed?_format=xml", "title": "Triathlon-Olympic champ Blummenfelt says sub-29 minute 10km needed for Paris gold", "description": "", "link": "https://www.channelnewsasia.com/sport/triathlon-olympic-champ-blummenfelt-says-sub-29-minute-10km-needed-paris-gold-3960151", "date_published": "2023-12-01T17:06:31+00:00", "permanent": false, "bookmarked": false, "dead": false, "artist": "Channel Asia Latest News", "album": "Channel Asia Latest News", "user": null, "language": "en", "thumbnail": "https://onecms-res.cloudinary.com/image/upload/s--ORULZh7U--/c_fill,h_900,w_1600/fl_relative,g_south_east,l_one-cms:core:watermark:reuters,w_0.1/f_auto,q_auto/v1/one-cms/core/2023-12-01t170631z_1_lynxmpejb01mm_rtroptp_3_olympics-2020-tri-m-olympic-medal.jpg?itok=X3UXJ5A5", "age": null, "page_rating_contents": 0, "page_rating_votes": 0, "page_rating_visits": 0, "page_rating": 0, "tags": [], "comments": [], "vote": 0}, {"source": "https://www.channelnewsasia.com/api/v1/rss-outbound-feed?_format=xml", "title": "GM believes many of its EVs will qualify for tax credits in 2024", "description": "", "link": "https://www.channelnewsasia.com/business/gm-believes-many-its-evs-will-qualify-tax-credits-2024-3960111", "date_published": "2023-12-01T16:42:56+00:00", "permanent": false, "bookmarked": false, "dead": false, "artist": "Channel Asia Latest News", "album": "Channel Asia Latest News", "user": null, "language": "en", "thumbnail": "https://onecms-res.cloudinary.com/image/upload/s--wUl5K7q0--/c_fill,h_900,w_1600/fl_relative,g_south_east,l_one-cms:core:watermark:reuters,w_0.1/f_auto,q_auto/v1/one-cms/core/2023-12-01t164256z_1_lynxmpejb01lu_rtroptp_3_usa-autos-china.jpg?itok=hpxdda2P", "age": null, "page_rating_contents": 0, "page_rating_votes": 0, "page_rating_visits": 0, "page_rating": 0, "tags": [], "comments": [], "vote": 0}, {"source": "https://www.channelnewsasia.com/api/v1/rss-outbound-feed?_format=xml", "title": "Arsenal's Havertz hitting his stride, says manager Arteta", "description": "", "link": "https://www.channelnewsasia.com/sport/arsenals-havertz-hitting-his-stride-says-manager-arteta-3960116", "date_published": "2023-12-01T16:42:29+00:00", "permanent": false, "bookmarked": false, "dead": false, "artist": "Channel Asia Latest News", "album": "Channel Asia Latest News", "user": null, "language": "en", "thumbnail": "{}", "age": null, "page_rating_contents": 0, "page_rating_votes": 0, "page_rating_visits": 0, "page_rating": 0, "tags": [], "comments": [], "vote": 0}, {"source": "https://www.channelnewsasia.com/api/v1/rss-outbound-feed?_format=xml", "title": "Indicted Republican lawmaker George Santos expelled from US Congress", "description": "", "link": "https://www.channelnewsasia.com/world/indicted-republican-george-santos-expelled-congress-new-york-representative-3959211", "date_published": "2023-12-01T16:41:58+00:00", "permanent": false, "bookmarked": false, "dead": false, "artist": "Channel Asia Latest News", "album": "Channel Asia Latest News", "user": null, "language": "en", "thumbnail": "https://onecms-res.cloudinary.com/image/upload/s--Dh92WTTY--/c_fill,h_900,w_1600/fl_relative,g_south_east,l_one-cms:core:watermark:ap_data-1,w_0.1/f_auto,q_auto/v1/one-cms/core/congress_santos_28100.jpg?itok=bijRwPU-", "age": null, "page_rating_contents": 0, "page_rating_votes": 0, "page_rating_visits": 0, "page_rating": 0, "tags": [], "comments": [], "vote": 0}, {"source": "https://www.channelnewsasia.com/api/v1/rss-outbound-feed?_format=xml", "title": "Tottenham expect Bentancur to be out for around two months", "description": "", "link": "https://www.channelnewsasia.com/sport/tottenham-expect-bentancur-be-out-around-two-months-3960061", "date_published": "2023-12-01T16:13:01+00:00", "permanent": false, "bookmarked": false, "dead": false, "artist": "Channel Asia Latest News", "album": "Channel Asia Latest News", "user": null, "language": "en", "thumbnail": "https://onecms-res.cloudinary.com/image/upload/s--3HVwOGHP--/c_fill,h_900,w_1600/fl_relative,g_south_east,l_one-cms:core:watermark:reuters,w_0.1/f_auto,q_auto/v1/one-cms/core/2023-12-01t161301z_1_lynxmpejb01kx_rtroptp_3_soccer-england-tot-ava-report.jpg?itok=vGZUuOwx", "age": null, "page_rating_contents": 0, "page_rating_votes": 0, "page_rating_visits": 0, "page_rating": 0, "tags": [], "comments": [], "vote": 0}, {"source": "https://www.channelnewsasia.com/api/v1/rss-outbound-feed?_format=xml", "title": "Astronomers surprised to find planet 'too massive\u00a0for its star'", "description": "", "link": "https://www.channelnewsasia.com/business/astronomers-surprised-find-planet-too-massive-its-star-3959966", "date_published": "2023-12-01T15:34:10+00:00", "permanent": false, "bookmarked": false, "dead": false, "artist": "Channel Asia Latest News", "album": "Channel Asia Latest News", "user": null, "language": "en", "thumbnail": "{}", "age": null, "page_rating_contents": 0, "page_rating_votes": 0, "page_rating_visits": 0, "page_rating": 0, "tags": [], "comments": [], "vote": 0}, {"source": "https://www.channelnewsasia.com/api/v1/rss-outbound-feed?_format=xml", "title": "World Bank to operate 'loss and damage' climate fund", "description": "", "link": "https://www.channelnewsasia.com/sustainability/world-bank-operate-loss-and-damage-climate-fund-3959841", "date_published": "2023-12-01T15:19:28+00:00", "permanent": false, "bookmarked": false, "dead": false, "artist": "Channel Asia Latest News", "album": "Channel Asia Latest News", "user": null, "language": "en", "thumbnail": "https://onecms-res.cloudinary.com/image/upload/s--FCbgAvmg--/c_crop,h_561,w_999,x_1,y_4/c_fill,h_900,w_1600/fl_relative,g_south_east,l_one-cms:core:watermark:ap_data-1,w_0.1/f_auto,q_auto/v1/one-cms/core/global_climate_finance_54180.jpg?itok=yDTfMnQu", "age": null, "page_rating_contents": 0, "page_rating_votes": 0, "page_rating_visits": 0, "page_rating": 0, "tags": [], "comments": [], "vote": 0}, {"source": "https://www.channelnewsasia.com/api/v1/rss-outbound-feed?_format=xml", "title": "Ten Hag urges Man Utd to 'rise to the occasion' against Newcastle", "description": "", "link": "https://www.channelnewsasia.com/sport/ten-hag-urges-man-utd-rise-occasion-against-newcastle-3959926", "date_published": "2023-12-01T15:15:00+00:00", "permanent": false, "bookmarked": false, "dead": false, "artist": "Channel Asia Latest News", "album": "Channel Asia Latest News", "user": null, "language": "en", "thumbnail": "https://onecms-res.cloudinary.com/image/upload/s---j6VTbwn--/c_fill,h_900,w_1600/fl_relative,g_south_east,l_one-cms:core:watermark:reuters,w_0.1/f_auto,q_auto/v1/one-cms/core/2023-12-01t151500z_1_lynxmpejb01ix_rtroptp_3_soccer-champions-gal-mun-report.jpg?itok=EjubTm2Z", "age": null, "page_rating_contents": 0, "page_rating_votes": 0, "page_rating_visits": 0, "page_rating": 0, "tags": [], "comments": [], "vote": 0}, {"source": "https://www.channelnewsasia.com/api/v1/rss-outbound-feed?_format=xml", "title": "IOC's Bach praises Paris preparations after athletes' village visit", "description": "", "link": "https://www.channelnewsasia.com/sport/iocs-bach-praises-paris-preparations-after-athletes-village-visit-3959901", "date_published": "2023-12-01T15:05:49+00:00", "permanent": false, "bookmarked": false, "dead": false, "artist": "Channel Asia Latest News", "album": "Channel Asia Latest News", "user": null, "language": "en", "thumbnail": "https://onecms-res.cloudinary.com/image/upload/s--cZRl5tVP--/c_fill,h_900,w_1600/fl_relative,g_south_east,l_one-cms:core:watermark:reuters,w_0.1/f_auto,q_auto/v1/one-cms/core/2023-12-01t150549z_1_lynxmpejb01il_rtroptp_3_olympics-ioc.jpg?itok=7kqvHwkw", "age": null, "page_rating_contents": 0, "page_rating_votes": 0, "page_rating_visits": 0, "page_rating": 0, "tags": [], "comments": [], "vote": 0}, {"source": "https://www.channelnewsasia.com/api/v1/rss-outbound-feed?_format=xml", "title": "Israel knew about Hamas attack over a year in advance: Report", "description": "", "link": "https://www.channelnewsasia.com/world/israel-knew-about-hamas-attacks-year-advance-new-york-times-report-3959711", "date_published": "2023-12-01T15:02:52+00:00", "permanent": false, "bookmarked": false, "dead": false, "artist": "Channel Asia Latest News", "album": "Channel Asia Latest News", "user": null, "language": "en", "thumbnail": "https://onecms-res.cloudinary.com/image/upload/s--lhi24Imk--/c_crop,h_450,w_800,x_0,y_58/c_fill,h_900,w_1600/fl_relative,g_south_east,l_one-cms:core:watermark:reuters,w_0.1/f_auto,q_auto/v1/one-cms/core/2023-12-01t091612z_1_lynxmpejb016m_rtroptp_3_israel-palestinians-gaza.jpg?itok=GfS1duce", "age": null, "page_rating_contents": 0, "page_rating_votes": 0, "page_rating_visits": 0, "page_rating": 0, "tags": [], "comments": [], "vote": 0}, {"source": "https://www.channelnewsasia.com/api/v1/rss-outbound-feed?_format=xml", "title": "Pakistan reports annual inflation of 29.2% in November", "description": "", "link": "https://www.channelnewsasia.com/business/pakistan-reports-annual-inflation-292-november-3959886", "date_published": "2023-12-01T15:01:51+00:00", "permanent": false, "bookmarked": false, "dead": false, "artist": "Channel Asia Latest News", "album": "Channel Asia Latest News", "user": null, "language": "en", "thumbnail": "https://onecms-res.cloudinary.com/image/upload/s--NWHwFhZA--/c_fill,h_900,w_1600/fl_relative,g_south_east,l_one-cms:core:watermark:reuters,w_0.1/f_auto,q_auto/v1/one-cms/core/2023-12-01t150151z_1_lynxmpejb01ii_rtroptp_3_pakistan-economy-budget.jpg?itok=PdB9WAf2", "age": null, "page_rating_contents": 0, "page_rating_votes": 0, "page_rating_visits": 0, "page_rating": 0, "tags": [], "comments": [], "vote": 0}, {"source": "https://www.channelnewsasia.com/api/v1/rss-outbound-feed?_format=xml", "title": "Singapore women\u2019s floorball team set sights on top-8 finish at World Championships", "description": "Ranked 13th in the world, the team hopes to ride on the momentum from the SEA Games in Cambodia, where they clinched their third straight gold medal.", "link": "https://www.channelnewsasia.com/singapore/singapore-women-floorball-world-championships-sports-hub-3959476", "date_published": "2023-12-01T15:01:00+00:00", "permanent": false, "bookmarked": false, "dead": false, "artist": "Channel Asia Latest News", "album": "Channel Asia Latest News", "user": null, "language": "en", "thumbnail": "https://onecms-res.cloudinary.com/image/upload/s--9oNeQFMS--/c_fill,h_900,w_1600/fl_relative,g_south_east,l_mediacorp:cna:watermark:2021-08:cna,w_0.1/f_auto,q_auto/v1/mediacorp/cna/image/2023/12/01/womens_floorball_singapore.jpg?itok=FLX9pN28", "age": null, "page_rating_contents": 0, "page_rating_votes": 0, "page_rating_visits": 0, "page_rating": 0, "tags": [], "comments": [], "vote": 0}, {"source": "https://www.channelnewsasia.com/api/v1/rss-outbound-feed?_format=xml", "title": "Santos banned for faking age, stripped of 2012 World Junior Championships gold", "description": "", "link": "https://www.channelnewsasia.com/sport/santos-banned-faking-age-stripped-2012-world-junior-championships-gold-3959861", "date_published": "2023-12-01T14:57:38+00:00", "permanent": false, "bookmarked": false, "dead": false, "artist": "Channel Asia Latest News", "album": "Channel Asia Latest News", "user": null, "language": "en", "thumbnail": "https://onecms-res.cloudinary.com/image/upload/s--t9ktLfVf--/c_fill,h_900,w_1600/fl_relative,g_south_east,l_one-cms:core:watermark:reuters,w_0.1/f_auto,q_auto/v1/one-cms/core/2023-12-01t145738z_1_lynxmpejb01ie_rtroptp_3_athletics-diamond.jpg?itok=Ue2D4j9U", "age": null, "page_rating_contents": 0, "page_rating_votes": 0, "page_rating_visits": 0, "page_rating": 0, "tags": [], "comments": [], "vote": 0}, {"source": "https://www.channelnewsasia.com/api/v1/rss-outbound-feed?_format=xml", "title": "Postecoglou makes football a better place, says Guardiola", "description": "", "link": "https://www.channelnewsasia.com/sport/postecoglou-makes-football-better-place-says-guardiola-3959806", "date_published": "2023-12-01T14:41:52+00:00", "permanent": false, "bookmarked": false, "dead": false, "artist": "Channel Asia Latest News", "album": "Channel Asia Latest News", "user": null, "language": "en", "thumbnail": "{}", "age": null, "page_rating_contents": 0, "page_rating_votes": 0, "page_rating_visits": 0, "page_rating": 0, "tags": [], "comments": [], "vote": 0}, {"source": "https://www.channelnewsasia.com/api/v1/rss-outbound-feed?_format=xml", "title": "Tesla falls on long wait for Cybertruck payoff, hefty price tag", "description": "", "link": "https://www.channelnewsasia.com/business/tesla-falls-long-wait-cybertruck-payoff-hefty-price-tag-3959736", "date_published": "2023-12-01T14:27:52+00:00", "permanent": false, "bookmarked": false, "dead": false, "artist": "Channel Asia Latest News", "album": "Channel Asia Latest News", "user": null, "language": "en", "thumbnail": "https://onecms-res.cloudinary.com/image/upload/s--OzO2qJjJ--/c_fill,h_900,w_1600/fl_relative,g_south_east,l_one-cms:core:watermark:reuters,w_0.1/f_auto,q_auto/v1/one-cms/core/2023-12-01t142752z_1_lynxmpejb01hd_rtroptp_3_totw-ev-brands.jpg?itok=EyQwklJ-", "age": null, "page_rating_contents": 0, "page_rating_votes": 0, "page_rating_visits": 0, "page_rating": 0, "tags": [], "comments": [], "vote": 0}, {"source": "https://www.channelnewsasia.com/api/v1/rss-outbound-feed?_format=xml", "title": "EU wants to know how Meta tackles child sex abuse", "description": "", "link": "https://www.channelnewsasia.com/world/eu-meta-instagram-child-sexual-abuse-online-3959636", "date_published": "2023-12-01T14:24:21+00:00", "permanent": false, "bookmarked": false, "dead": false, "artist": "Channel Asia Latest News", "album": "Channel Asia Latest News", "user": null, "language": "en", "thumbnail": "https://onecms-res.cloudinary.com/image/upload/s--3QQJ5R9C--/c_crop,h_450,w_800,x_0,y_39/c_fill,h_900,w_1600/fl_relative,g_south_east,l_one-cms:core:watermark:reuters,w_0.1/f_auto,q_auto/v1/one-cms/core/2023-11-15t181620z_3_lynxmpejae0t8_rtroptp_3_meta-platforms-dataprotection.jpg?itok=GJREG3Tj", "age": null, "page_rating_contents": 0, "page_rating_votes": 0, "page_rating_visits": 0, "page_rating": 0, "tags": [], "comments": [], "vote": 0}, {"source": "https://www.channelnewsasia.com/api/v1/rss-outbound-feed?_format=xml", "title": "Crypto stocks set to start December on a high note as bitcoin hits near 19-month high", "description": "", "link": "https://www.channelnewsasia.com/business/crypto-stocks-set-start-december-high-note-bitcoin-hits-near-19-month-high-3959686", "date_published": "2023-12-01T14:12:37+00:00", "permanent": false, "bookmarked": false, "dead": false, "artist": "Channel Asia Latest News", "album": "Channel Asia Latest News", "user": null, "language": "en", "thumbnail": "https://onecms-res.cloudinary.com/image/upload/s--J9Yq4ByP--/c_fill,h_900,w_1600/fl_relative,g_south_east,l_one-cms:core:watermark:reuters,w_0.1/f_auto,q_auto/v1/one-cms/core/2023-12-01t141237z_1_lynxmpejb01go_rtroptp_3_fintech-crypto.jpg?itok=FKhgS4S3", "age": null, "page_rating_contents": 0, "page_rating_votes": 0, "page_rating_visits": 0, "page_rating": 0, "tags": [], "comments": [], "vote": 0}, {"source": "https://www.channelnewsasia.com/api/v1/rss-outbound-feed?_format=xml", "title": "Beyond the presence of leaders at COP28, action and commitments are needed: Former UN climate chief", "description": "Although there has been progress in the fight against climate change since the Paris Agreement was adopted, \u201cscience is telling us that we are not yet there, where we need to be\u201d, says Ms Patricia Espinosa.", "link": "https://www.channelnewsasia.com/sustainability/cop28-climate-change-united-nations-dubai-patricia-espinosa-mark-howden-loss-damage-3959376", "date_published": "2023-12-01T13:53:00+00:00", "permanent": false, "bookmarked": false, "dead": false, "artist": "Channel Asia Latest News", "album": "Channel Asia Latest News", "user": null, "language": "en", "thumbnail": "https://onecms-res.cloudinary.com/image/upload/s--6OL-MVVg--/c_fill,h_900,w_1600/fl_relative,g_south_east,l_mediacorp:cna:watermark:2023-11:afp_watermark_14112023,w_0.1/f_auto,q_auto/v1/one-cms/core/fd60fc52769496434f16e081c405bc1d6d030d79.jpg?itok=XVkYYHZl", "age": null, "page_rating_contents": 0, "page_rating_votes": 0, "page_rating_visits": 0, "page_rating": 0, "tags": [], "comments": [], "vote": 0}, {"source": "https://www.channelnewsasia.com/api/v1/rss-outbound-feed?_format=xml", "title": "US to limit Chinese firms, battery parts from winning EV tax credits", "description": "", "link": "https://www.channelnewsasia.com/business/us-limit-chinese-firms-battery-parts-winning-ev-tax-credits-3959666", "date_published": "2023-12-01T13:51:58+00:00", "permanent": false, "bookmarked": false, "dead": false, "artist": "Channel Asia Latest News", "album": "Channel Asia Latest News", "user": null, "language": "en", "thumbnail": "https://onecms-res.cloudinary.com/image/upload/s--Luh2de5Z--/c_fill,h_900,w_1600/fl_relative,g_south_east,l_one-cms:core:watermark:reuters,w_0.1/f_auto,q_auto/v1/one-cms/core/2023-12-01t135158z_1_lynxmpejb01g7_rtroptp_3_usa-autos-china.jpg?itok=7bAmeW8P", "age": null, "page_rating_contents": 0, "page_rating_votes": 0, "page_rating_visits": 0, "page_rating": 0, "tags": [], "comments": [], "vote": 0}, {"source": "https://www.channelnewsasia.com/api/v1/rss-outbound-feed?_format=xml", "title": "Netflix, Viacom18 among streaming firms set to oppose India broadcasting bill-sources", "description": "", "link": "https://www.channelnewsasia.com/business/netflix-viacom18-among-streaming-firms-set-oppose-india-broadcasting-bill-sources-3959646", "date_published": "2023-12-01T13:47:25+00:00", "permanent": false, "bookmarked": false, "dead": false, "artist": "Channel Asia Latest News", "album": "Channel Asia Latest News", "user": null, "language": "en", "thumbnail": "https://onecms-res.cloudinary.com/image/upload/s--YM48wYGs--/c_fill,h_900,w_1600/fl_relative,g_south_east,l_one-cms:core:watermark:reuters,w_0.1/f_auto,q_auto/v1/one-cms/core/2023-12-01t134725z_1_lynxmpejb01g3_rtroptp_3_india-streaming-content-law.jpg?itok=D9sglDwK", "age": null, "page_rating_contents": 0, "page_rating_votes": 0, "page_rating_visits": 0, "page_rating": 0, "tags": [], "comments": [], "vote": 0}, {"source": "https://www.channelnewsasia.com/api/v1/rss-outbound-feed?_format=xml", "title": "Pochettino hoping tough love can help young Chelsea team", "description": "", "link": "https://www.channelnewsasia.com/sport/pochettino-hoping-tough-love-can-help-young-chelsea-team-3959626", "date_published": "2023-12-01T13:38:51+00:00", "permanent": false, "bookmarked": false, "dead": false, "artist": "Channel Asia Latest News", "album": "Channel Asia Latest News", "user": null, "language": "en", "thumbnail": "https://onecms-res.cloudinary.com/image/upload/s--FneoA-8D--/c_fill,h_900,w_1600/fl_relative,g_south_east,l_one-cms:core:watermark:reuters,w_0.1/f_auto,q_auto/v1/one-cms/core/2023-12-01t133851z_1_lynxmpejb01fz_rtroptp_3_soccer-england-tot-che-report.jpg?itok=TrLdQVN0", "age": null, "page_rating_contents": 0, "page_rating_votes": 0, "page_rating_visits": 0, "page_rating": 0, "tags": [], "comments": [], "vote": 0}, {"source": "https://www.channelnewsasia.com/api/v1/rss-outbound-feed?_format=xml", "title": "US to impose visa bans soon on Israeli extremist settlers for West Bank violence", "description": "", "link": "https://www.channelnewsasia.com/world/us-impose-visa-bans-soon-israeli-extremist-settlers-west-bank-violence-3959191", "date_published": "2023-12-01T13:32:00+00:00", "permanent": false, "bookmarked": false, "dead": false, "artist": "Channel Asia Latest News", "album": "Channel Asia Latest News", "user": null, "language": "en", "thumbnail": "https://onecms-res.cloudinary.com/image/upload/s--pPvhMD-L--/c_fill,h_900,w_1600/fl_relative,g_south_east,l_one-cms:core:watermark:reuters,w_0.1/f_auto,q_auto/v1/one-cms/core/2023-12-01t103923z_1_lynxmpejb0195_rtroptp_3_usa-election-biden-backup.jpg?itok=EzW7CZkN", "age": null, "page_rating_contents": 0, "page_rating_votes": 0, "page_rating_visits": 0, "page_rating": 0, "tags": [], "comments": [], "vote": 0}, {"source": "https://www.channelnewsasia.com/api/v1/rss-outbound-feed?_format=xml", "title": "UN flags 127 major climate-warming methane plumes this year", "description": "", "link": "https://www.channelnewsasia.com/sustainability/un-flags-127-major-climate-warming-methane-plumes-year-3959106", "date_published": "2023-12-01T13:11:54+00:00", "permanent": false, "bookmarked": false, "dead": false, "artist": "Channel Asia Latest News", "album": "Channel Asia Latest News", "user": null, "language": "en", "thumbnail": "https://onecms-res.cloudinary.com/image/upload/s--pyAgbtyD--/c_fill,h_900,w_1600/fl_relative,g_south_east,l_one-cms:core:watermark:reuters,w_0.1/f_auto,q_auto/v1/one-cms/core/2023-12-01t100426z_1_lynxmpejb0183_rtroptp_3_climate-un-methane-report.jpg?itok=-TAf0-j1", "age": null, "page_rating_contents": 0, "page_rating_votes": 0, "page_rating_visits": 0, "page_rating": 0, "tags": [], "comments": [], "vote": 0}, {"source": "https://www.channelnewsasia.com/api/v1/rss-outbound-feed?_format=xml", "title": "Sri Lanka bondholders raise concerns over debt deal transparency", "description": "", "link": "https://www.channelnewsasia.com/business/sri-lanka-bondholders-raise-concerns-over-debt-deal-transparency-3959591", "date_published": "2023-12-01T13:11:04+00:00", "permanent": false, "bookmarked": false, "dead": false, "artist": "Channel Asia Latest News", "album": "Channel Asia Latest News", "user": null, "language": "en", "thumbnail": "https://onecms-res.cloudinary.com/image/upload/s--7rPTMzzD--/c_fill,h_900,w_1600/fl_relative,g_south_east,l_one-cms:core:watermark:reuters,w_0.1/f_auto,q_auto/v1/one-cms/core/2023-12-01t131104z_1_lynxmpejb01fg_rtroptp_3_sri-lanka-crisis.jpg?itok=4tUDbdQL", "age": null, "page_rating_contents": 0, "page_rating_votes": 0, "page_rating_visits": 0, "page_rating": 0, "tags": [], "comments": [], "vote": 0}, {"source": "https://www.channelnewsasia.com/api/v1/rss-outbound-feed?_format=xml", "title": "Everton lodge appeal against Premier League points deduction", "description": "", "link": "https://www.channelnewsasia.com/sport/everton-lodge-appeal-against-premier-league-points-deduction-3959546", "date_published": "2023-12-01T12:58:18+00:00", "permanent": false, "bookmarked": false, "dead": false, "artist": "Channel Asia Latest News", "album": "Channel Asia Latest News", "user": null, "language": "en", "thumbnail": "https://onecms-res.cloudinary.com/image/upload/s--JPLyakiB--/c_fill,h_900,w_1600/fl_relative,g_south_east,l_one-cms:core:watermark:reuters,w_0.1/f_auto,q_auto/v1/one-cms/core/2023-12-01t131228z_1_lynxmpejb01fm_rtroptp_3_soccer-england-eve.jpg?itok=YUAch801", "age": null, "page_rating_contents": 0, "page_rating_votes": 0, "page_rating_visits": 0, "page_rating": 0, "tags": [], "comments": [], "vote": 0}, {"source": "https://www.channelnewsasia.com/api/v1/rss-outbound-feed?_format=xml", "title": "Pfizer drops plan to study twice-daily obesity pill in late-stage studies", "description": "", "link": "https://www.channelnewsasia.com/business/pfizer-drop-human-study-weight-loss-drug-danuglipron-3959346", "date_published": "2023-12-01T12:58:10+00:00", "permanent": false, "bookmarked": false, "dead": false, "artist": "Channel Asia Latest News", "album": "Channel Asia Latest News", "user": null, "language": "en", "thumbnail": "https://onecms-res.cloudinary.com/image/upload/s--49QEQi2T--/c_crop,h_450,w_800,x_0,y_0/c_fill,h_900,w_1600/fl_relative,g_south_east,l_one-cms:core:watermark:reuters,w_0.1/f_auto,q_auto/v1/one-cms/core/2023-12-01t122327z_2_lynxmpejb01c4_rtroptp_3_health-obesity-pfizer-study.jpg?itok=wRD4k3S7", "age": null, "page_rating_contents": 0, "page_rating_votes": 0, "page_rating_visits": 0, "page_rating": 0, "tags": [], "comments": [], "vote": 0}, {"source": "https://www.channelnewsasia.com/api/v1/rss-outbound-feed?_format=xml", "title": "Copper miners, Chinese smelters agree first drop in fees in 3 years", "description": "", "link": "https://www.channelnewsasia.com/business/copper-miners-chinese-smelters-agree-first-drop-fees-3-years-3959556", "date_published": "2023-12-01T12:57:06+00:00", "permanent": false, "bookmarked": false, "dead": false, "artist": "Channel Asia Latest News", "album": "Channel Asia Latest News", "user": null, "language": "en", "thumbnail": "https://onecms-res.cloudinary.com/image/upload/s--78VFFg_u--/c_fill,h_900,w_1600/fl_relative,g_south_east,l_one-cms:core:watermark:reuters,w_0.1/f_auto,q_auto/v1/one-cms/core/2023-12-01t125706z_1_lynxmpejb01f2_rtroptp_3_freeport-mcmoran-results.jpg?itok=nMKj70fB", "age": null, "page_rating_contents": 0, "page_rating_votes": 0, "page_rating_visits": 0, "page_rating": 0, "tags": [], "comments": [], "vote": 0}, {"source": "https://www.channelnewsasia.com/api/v1/rss-outbound-feed?_format=xml", "title": "Axiata Group exits Nepal operations with Ncell Axiata stake sale", "description": "", "link": "https://www.channelnewsasia.com/business/axiata-group-exits-nepal-operations-ncell-axiata-stake-sale-3959536", "date_published": "2023-12-01T12:51:09+00:00", "permanent": false, "bookmarked": false, "dead": false, "artist": "Channel Asia Latest News", "album": "Channel Asia Latest News", "user": null, "language": "en", "thumbnail": "https://onecms-res.cloudinary.com/image/upload/s--9adPHlob--/c_fill,h_900,w_1600/fl_relative,g_south_east,l_one-cms:core:watermark:reuters,w_0.1/f_auto,q_auto/v1/one-cms/core/2023-12-01t125109z_1_lynxmpejb01eu_rtroptp_3_axiata-group-stake-mitsui.jpg?itok=HtLimtX8", "age": null, "page_rating_contents": 0, "page_rating_votes": 0, "page_rating_visits": 0, "page_rating": 0, "tags": [], "comments": [], "vote": 0}, {"source": "https://www.channelnewsasia.com/api/v1/rss-outbound-feed?_format=xml", "title": "Alibaba dips on MS downgrade as PDD grabs spot of most valuable Chinese e-commerce firm", "description": "", "link": "https://www.channelnewsasia.com/business/alibaba-dips-ms-downgrade-pdd-grabs-spot-most-valuable-chinese-e-commerce-firm-3959491", "date_published": "2023-12-01T12:45:49+00:00", "permanent": false, "bookmarked": false, "dead": false, "artist": "Channel Asia Latest News", "album": "Channel Asia Latest News", "user": null, "language": "en", "thumbnail": "https://onecms-res.cloudinary.com/image/upload/s--raVqeZFx--/c_fill,h_900,w_1600/fl_relative,g_south_east,l_one-cms:core:watermark:reuters,w_0.1/f_auto,q_auto/v1/one-cms/core/2023-12-01t124549z_1_lynxmpejb01em_rtroptp_3_usa-stocks-alibaba.jpg?itok=0fdJYG1g", "age": null, "page_rating_contents": 0, "page_rating_votes": 0, "page_rating_visits": 0, "page_rating": 0, "tags": [], "comments": [], "vote": 0}, {"source": "https://www.channelnewsasia.com/api/v1/rss-outbound-feed?_format=xml", "title": "Japan utilities call for bigger strategic buffer LNG", "description": "", "link": "https://www.channelnewsasia.com/business/japan-utilities-call-bigger-strategic-buffer-lng-3959496", "date_published": "2023-12-01T12:45:04+00:00", "permanent": false, "bookmarked": false, "dead": false, "artist": "Channel Asia Latest News", "album": "Channel Asia Latest News", "user": null, "language": "en", "thumbnail": "https://onecms-res.cloudinary.com/image/upload/s--ckMPL_tv--/c_fill,h_900,w_1600/fl_relative,g_south_east,l_one-cms:core:watermark:reuters,w_0.1/f_auto,q_auto/v1/one-cms/core/2023-12-01t124504z_1_lynxmpejb01el_rtroptp_3_japan-companies-poll.jpg?itok=GBuZTJfK", "age": null, "page_rating_contents": 0, "page_rating_votes": 0, "page_rating_visits": 0, "page_rating": 0, "tags": [], "comments": [], "vote": 0}, {"source": "https://www.channelnewsasia.com/api/v1/rss-outbound-feed?_format=xml", "title": "Generative AI a stumbling block in EU legislation talks -sources", "description": "", "link": "https://www.channelnewsasia.com/business/generative-ai-stumbling-block-eu-legislation-talks-sources-3959451", "date_published": "2023-12-01T12:29:57+00:00", "permanent": false, "bookmarked": false, "dead": false, "artist": "Channel Asia Latest News", "album": "Channel Asia Latest News", "user": null, "language": "en", "thumbnail": "{}", "age": null, "page_rating_contents": 0, "page_rating_votes": 0, "page_rating_visits": 0, "page_rating": 0, "tags": [], "comments": [], "vote": 0}, {"source": "https://www.channelnewsasia.com/api/v1/rss-outbound-feed?_format=xml", "title": "Nadal to make tour return at Brisbane International", "description": "", "link": "https://www.channelnewsasia.com/sport/nadal-make-tour-return-brisbane-international-3959441", "date_published": "2023-12-01T12:27:20+00:00", "permanent": false, "bookmarked": false, "dead": false, "artist": "Channel Asia Latest News", "album": "Channel Asia Latest News", "user": null, "language": "en", "thumbnail": "https://onecms-res.cloudinary.com/image/upload/s--7VbdcuZu--/c_fill,h_900,w_1600/fl_relative,g_south_east,l_one-cms:core:watermark:reuters,w_0.1/f_auto,q_auto/v1/one-cms/core/2023-12-01t122720z_1_lynxmpejb01dp_rtroptp_3_soccer-spain-mad-soc-report.jpg?itok=LGiHGxmd", "age": null, "page_rating_contents": 0, "page_rating_votes": 0, "page_rating_visits": 0, "page_rating": 0, "tags": [], "comments": [], "vote": 0}, {"source": "https://www.channelnewsasia.com/api/v1/rss-outbound-feed?_format=xml", "title": "What's at stake in Russia's assault on Ukraine's Avdiivka?", "description": "", "link": "https://www.channelnewsasia.com/world/whats-stake-russias-assault-ukraines-avdiivka-3959091", "date_published": "2023-12-01T12:26:32+00:00", "permanent": false, "bookmarked": false, "dead": false, "artist": "Channel Asia Latest News", "album": "Channel Asia Latest News", "user": null, "language": "en", "thumbnail": "https://onecms-res.cloudinary.com/image/upload/s--28GDWI6d--/c_fill,h_900,w_1600/fl_relative,g_south_east,l_one-cms:core:watermark:reuters,w_0.1/f_auto,q_auto/v1/one-cms/core/2023-12-01t100252z_1_lynxmpejb017v_rtroptp_3_ukraine-crisis-russia-avdiivka.jpg?itok=iTkUY1ln", "age": null, "page_rating_contents": 0, "page_rating_votes": 0, "page_rating_visits": 0, "page_rating": 0, "tags": [], "comments": [], "vote": 0}, {"source": "https://www.channelnewsasia.com/api/v1/rss-outbound-feed?_format=xml", "title": "China's BYD offers subsidies, discount for some models in December", "description": "", "link": "https://www.channelnewsasia.com/business/chinas-byd-offers-subsidies-discount-some-models-december-3959426", "date_published": "2023-12-01T12:23:01+00:00", "permanent": false, "bookmarked": false, "dead": false, "artist": "Channel Asia Latest News", "album": "Channel Asia Latest News", "user": null, "language": "en", "thumbnail": "https://onecms-res.cloudinary.com/image/upload/s--LRKubKay--/c_fill,h_900,w_1600/fl_relative,g_south_east,l_one-cms:core:watermark:reuters,w_0.1/f_auto,q_auto/v1/one-cms/core/2023-12-01t122607z_2_lynxmpejb01dk_rtroptp_3_autoshow-shanghai.jpg?itok=E9TsvoHR", "age": null, "page_rating_contents": 0, "page_rating_votes": 0, "page_rating_visits": 0, "page_rating": 0, "tags": [], "comments": [], "vote": 0}, {"source": "https://www.channelnewsasia.com/api/v1/rss-outbound-feed?_format=xml", "title": "Apple, Paramount discuss bundling their streaming services - WSJ", "description": "", "link": "https://www.channelnewsasia.com/business/apple-paramount-discuss-bundling-their-streaming-services-wsj-3959411", "date_published": "2023-12-01T12:16:04+00:00", "permanent": false, "bookmarked": false, "dead": false, "artist": "Channel Asia Latest News", "album": "Channel Asia Latest News", "user": null, "language": "en", "thumbnail": "https://onecms-res.cloudinary.com/image/upload/s--LMdnuK_x--/c_fill,h_900,w_1600/fl_relative,g_south_east,l_one-cms:core:watermark:reuters,w_0.1/f_auto,q_auto/v1/one-cms/core/2023-12-01t121952z_1_lynxmpejb01dc_rtroptp_3_apple-paramount-global-streaming.jpg?itok=HHwnuZRK", "age": null, "page_rating_contents": 0, "page_rating_votes": 0, "page_rating_visits": 0, "page_rating": 0, "tags": [], "comments": [], "vote": 0}, {"source": "https://www.channelnewsasia.com/api/v1/rss-outbound-feed?_format=xml", "title": "UN deplores 'catastrophic' resumption of Gaza fighting", "description": "", "link": "https://www.channelnewsasia.com/world/un-deplores-catastrophic-resumption-gaza-fighting-3959216", "date_published": "2023-12-01T12:13:44+00:00", "permanent": false, "bookmarked": false, "dead": false, "artist": "Channel Asia Latest News", "album": "Channel Asia Latest News", "user": null, "language": "en", "thumbnail": "https://onecms-res.cloudinary.com/image/upload/s--QDLyjIR1--/c_crop,h_432,w_768,x_0,y_56/c_fill,h_900,w_1600/fl_relative,g_south_east,l_mediacorp:cna:watermark:2023-11:afp_watermark_14112023,w_0.1/f_auto,q_auto/v1/one-cms/core/4bcc4748575410ca05e43ae75d35e059cda8e795.jpg?itok=wPDM3yGy", "age": null, "page_rating_contents": 0, "page_rating_votes": 0, "page_rating_visits": 0, "page_rating": 0, "tags": [], "comments": [], "vote": 0}, {"source": "https://www.channelnewsasia.com/api/v1/rss-outbound-feed?_format=xml", "title": "Fisker scales back production to divert cash for working capital", "description": "", "link": "https://www.channelnewsasia.com/business/fisker-scales-back-production-divert-cash-working-capital-3959396", "date_published": "2023-12-01T12:10:40+00:00", "permanent": false, "bookmarked": false, "dead": false, "artist": "Channel Asia Latest News", "album": "Channel Asia Latest News", "user": null, "language": "en", "thumbnail": "https://onecms-res.cloudinary.com/image/upload/s--o2XknHiN--/c_fill,h_900,w_1600/fl_relative,g_south_east,l_one-cms:core:watermark:reuters,w_0.1/f_auto,q_auto/v1/one-cms/core/2023-12-01t121040z_1_lynxmpejb01cw_rtroptp_3_autoshow-paris.jpg?itok=wPK4Afoh", "age": null, "page_rating_contents": 0, "page_rating_votes": 0, "page_rating_visits": 0, "page_rating": 0, "tags": [], "comments": [], "vote": 0}, {"source": "https://www.channelnewsasia.com/api/v1/rss-outbound-feed?_format=xml", "title": "Wilders vote win confirmed, coalition talks tricky", "description": "", "link": "https://www.channelnewsasia.com/world/wilders-vote-win-confirmed-coalition-talks-tricky-3959041", "date_published": "2023-12-01T12:03:38+00:00", "permanent": false, "bookmarked": false, "dead": false, "artist": "Channel Asia Latest News", "album": "Channel Asia Latest News", "user": null, "language": "en", "thumbnail": "https://onecms-res.cloudinary.com/image/upload/s--iMDVeJ99--/c_fill,h_900,w_1600/fl_relative,g_south_east,l_mediacorp:cna:watermark:2023-11:afp_watermark_14112023,w_0.1/f_auto,q_auto/v1/one-cms/core/e84b1a59068d1bce50bff87819ebc5bc86c6ec19.jpg?itok=ordXK_Ig", "age": null, "page_rating_contents": 0, "page_rating_votes": 0, "page_rating_visits": 0, "page_rating": 0, "tags": [], "comments": [], "vote": 0}, {"source": "https://www.channelnewsasia.com/api/v1/rss-outbound-feed?_format=xml", "title": "Pakistan's top court begins hearing challenge to expulsion of Afghans", "description": "", "link": "https://www.channelnewsasia.com/asia/pakistan-supreme-court-hearings-afghan-refugee-deportation-3958806", "date_published": "2023-12-01T11:57:53+00:00", "permanent": false, "bookmarked": false, "dead": false, "artist": "Channel Asia Latest News", "album": "Channel Asia Latest News", "user": null, "language": "en", "thumbnail": "https://onecms-res.cloudinary.com/image/upload/s--BO3aFg2u--/c_fill,h_900,w_1600/fl_relative,g_south_east,l_one-cms:core:watermark:reuters,w_0.1/f_auto,q_auto/v1/one-cms/core/2023-12-01t074402z_2_lynxmpejb014s_rtroptp_3_migration-pakistan-afghanistan.jpg?itok=810ESuMi", "age": null, "page_rating_contents": 0, "page_rating_votes": 0, "page_rating_visits": 0, "page_rating": 0, "tags": [], "comments": [], "vote": 0}, {"source": "https://www.channelnewsasia.com/api/v1/rss-outbound-feed?_format=xml", "title": "Trailblazer Elon Musk pushes a profane new frontier", "description": "", "link": "https://www.channelnewsasia.com/business/trailblazer-elon-musk-pushes-profane-new-frontier-3958186", "date_published": "2023-12-01T11:42:45+00:00", "permanent": false, "bookmarked": false, "dead": false, "artist": "Channel Asia Latest News", "album": "Channel Asia Latest News", "user": null, "language": "en", "thumbnail": "https://onecms-res.cloudinary.com/image/upload/s--laanooKY--/c_fill,h_900,w_1600/fl_relative,g_south_east,l_one-cms:core:watermark:reuters,w_0.1/f_auto,q_auto/v1/one-cms/core/2023-12-01t020411z_3_lynxmpejat0x6_rtroptp_3_twitter-musk.jpg?itok=XD9Kohq3", "age": null, "page_rating_contents": 0, "page_rating_votes": 0, "page_rating_visits": 0, "page_rating": 0, "tags": [], "comments": [], "vote": 0}, {"source": "https://www.channelnewsasia.com/api/v1/rss-outbound-feed?_format=xml", "title": "Gas leak detected at 2024 Olympic Village site, says police", "description": "", "link": "https://www.channelnewsasia.com/sport/gas-leak-detected-2024-olympic-village-site-says-police-3959321", "date_published": "2023-12-01T11:39:22+00:00", "permanent": false, "bookmarked": false, "dead": false, "artist": "Channel Asia Latest News", "album": "Channel Asia Latest News", "user": null, "language": "en", "thumbnail": "https://onecms-res.cloudinary.com/image/upload/s--ifbuL7Tb--/c_fill,h_900,w_1600/fl_relative,g_south_east,l_one-cms:core:watermark:reuters,w_0.1/f_auto,q_auto/v1/one-cms/core/2023-12-01t121028z_2_lynxmpejb01bx_rtroptp_3_olympics-2024-village.jpg?itok=NmHBIwvy", "age": null, "page_rating_contents": 0, "page_rating_votes": 0, "page_rating_visits": 0, "page_rating": 0, "tags": [], "comments": [], "vote": 0}, {"source": "https://www.channelnewsasia.com/api/v1/rss-outbound-feed?_format=xml", "title": "Global rate hike cycle peters out in November, EM cuts outstrip hikes", "description": "", "link": "https://www.channelnewsasia.com/business/global-rate-hike-cycle-peters-out-november-em-cuts-outstrip-hikes-3959266", "date_published": "2023-12-01T11:21:01+00:00", "permanent": false, "bookmarked": false, "dead": false, "artist": "Channel Asia Latest News", "album": "Channel Asia Latest News", "user": null, "language": "en", "thumbnail": "https://onecms-res.cloudinary.com/image/upload/s--KZOWK6gA--/c_fill,h_900,w_1600/fl_relative,g_south_east,l_one-cms:core:watermark:reuters,w_0.1/f_auto,q_auto/v1/one-cms/core/2023-12-01t112101z_1_lynxmpejb01b5_rtroptp_3_global-markets-view-asia.jpg?itok=StlXjdnz", "age": null, "page_rating_contents": 0, "page_rating_votes": 0, "page_rating_visits": 0, "page_rating": 0, "tags": [], "comments": [], "vote": 0}, {"source": "https://www.channelnewsasia.com/api/v1/rss-outbound-feed?_format=xml", "title": "Aviation sector needs to align economic goals with environmental responsibilities: Experts", "description": "As the frequency and intensity of extreme weather events increase, disruption to flights is expected to rise.", "link": "https://www.channelnewsasia.com/sustainability/aviation-travel-climate-change-weather-turbulence-3959161", "date_published": "2023-12-01T11:19:19+00:00", "permanent": false, "bookmarked": false, "dead": false, "artist": "Channel Asia Latest News", "album": "Channel Asia Latest News", "user": null, "language": "en", "thumbnail": "https://onecms-res.cloudinary.com/image/upload/s--MbbxcJi5--/c_fill,h_900,w_1600/f_auto,q_auto/v1/mediacorp/cna/image/2023/12/01/screenshot_2407.png?itok=6kQRr0VP", "age": null, "page_rating_contents": 0, "page_rating_votes": 0, "page_rating_visits": 0, "page_rating": 0, "tags": [], "comments": [], "vote": 0}, {"source": "https://www.channelnewsasia.com/api/v1/rss-outbound-feed?_format=xml", "title": "Police arrest 46 after clashes at Europa Conference League game", "description": "", "link": "https://www.channelnewsasia.com/sport/police-arrest-46-after-clashes-europa-conference-league-game-3959246", "date_published": "2023-12-01T11:09:32+00:00", "permanent": false, "bookmarked": false, "dead": false, "artist": "Channel Asia Latest News", "album": "Channel Asia Latest News", "user": null, "language": "en", "thumbnail": "https://onecms-res.cloudinary.com/image/upload/s--do0lxliY--/c_fill,h_900,w_1600/fl_relative,g_south_east,l_one-cms:core:watermark:reuters,w_0.1/f_auto,q_auto/v1/one-cms/core/2023-12-01t110932z_1_lynxmpejb01al_rtroptp_3_soccer-europaconf-ava-war-report.jpg?itok=Uv6tWrhj", "age": null, "page_rating_contents": 0, "page_rating_votes": 0, "page_rating_visits": 0, "page_rating": 0, "tags": [], "comments": [], "vote": 0}, {"source": "https://www.channelnewsasia.com/api/v1/rss-outbound-feed?_format=xml", "title": "Russia assumes Western sanctions will last for many years: Kremlin", "description": "", "link": "https://www.channelnewsasia.com/world/russia-assumes-western-sanctions-will-last-many-years-kremlin-3959166", "date_published": "2023-12-01T11:08:40+00:00", "permanent": false, "bookmarked": false, "dead": false, "artist": "Channel Asia Latest News", "album": "Channel Asia Latest News", "user": null, "language": "en", "thumbnail": "https://onecms-res.cloudinary.com/image/upload/s--WjjDWuOy--/c_crop,h_450,w_800,x_0,y_42/c_fill,h_900,w_1600/fl_relative,g_south_east,l_one-cms:core:watermark:reuters,w_0.1/f_auto,q_auto/v1/one-cms/core/2023-12-01t102644z_1_lynxmpejb018i_rtroptp_3_ukraine-crisis-russia-prigozhin.jpg?itok=af9K1p4W", "age": null, "page_rating_contents": 0, "page_rating_votes": 0, "page_rating_visits": 0, "page_rating": 0, "tags": [], "comments": [], "vote": 0}, {"source": "https://www.channelnewsasia.com/api/v1/rss-outbound-feed?_format=xml", "title": "COVID-19 shrinks life expectancy in South Korea for first time since 1970", "description": "", "link": "https://www.channelnewsasia.com/asia/covid-19-shrinks-life-expectancy-south-korea-first-time-1970-3958891", "date_published": "2023-12-01T10:58:00+00:00", "permanent": false, "bookmarked": false, "dead": false, "artist": "Channel Asia Latest News", "album": "Channel Asia Latest News", "user": null, "language": "en", "thumbnail": "{}", "age": null, "page_rating_contents": 0, "page_rating_votes": 0, "page_rating_visits": 0, "page_rating": 0, "tags": [], "comments": [], "vote": 0}, {"source": "https://www.channelnewsasia.com/api/v1/rss-outbound-feed?_format=xml", "title": "Snooker-O'Sullivan 'not bothered' after reaching UK Championship quarters", "description": "", "link": "https://www.channelnewsasia.com/sport/snooker-osullivan-not-bothered-after-reaching-uk-championship-quarters-3959201", "date_published": "2023-12-01T10:55:33+00:00", "permanent": false, "bookmarked": false, "dead": false, "artist": "Channel Asia Latest News", "album": "Channel Asia Latest News", "user": null, "language": "en", "thumbnail": "https://onecms-res.cloudinary.com/image/upload/s--AQwr3RZx--/c_fill,h_900,w_1600/fl_relative,g_south_east,l_one-cms:core:watermark:reuters,w_0.1/f_auto,q_auto/v1/one-cms/core/2023-12-01t105533z_1_lynxmpejb019n_rtroptp_3_snooker.jpg?itok=6cWDapnR", "age": null, "page_rating_contents": 0, "page_rating_votes": 0, "page_rating_visits": 0, "page_rating": 0, "tags": [], "comments": [], "vote": 0}, {"source": "https://www.channelnewsasia.com/api/v1/rss-outbound-feed?_format=xml", "title": "Kremlin critic Alexei Navalny says he has been handed new criminal charges", "description": "", "link": "https://www.channelnewsasia.com/world/kremlin-critic-alexei-navalny-says-he-has-been-handed-new-criminal-charges-3958871", "date_published": "2023-12-01T10:51:11+00:00", "permanent": false, "bookmarked": false, "dead": false, "artist": "Channel Asia Latest News", "album": "Channel Asia Latest News", "user": null, "language": "en", "thumbnail": "https://onecms-res.cloudinary.com/image/upload/s--uBWUknrL--/c_fill,h_900,w_1600/fl_relative,g_south_east,l_one-cms:core:watermark:reuters,w_0.1/f_auto,q_auto/v1/one-cms/core/2023-12-01t082343z_1_lynxmpejb015b_rtroptp_3_russia-politics-navalny.jpg?itok=2dIIDhGx", "age": null, "page_rating_contents": 0, "page_rating_votes": 0, "page_rating_visits": 0, "page_rating": 0, "tags": [], "comments": [], "vote": 0}, {"source": "https://www.channelnewsasia.com/api/v1/rss-outbound-feed?_format=xml", "title": "FIFA's agent fee cap breaches British competition law: FA Tribunal", "description": "", "link": "https://www.channelnewsasia.com/sport/fifas-agent-fee-cap-breaches-british-competition-law-fa-tribunal-3959196", "date_published": "2023-12-01T10:43:40+00:00", "permanent": false, "bookmarked": false, "dead": false, "artist": "Channel Asia Latest News", "album": "Channel Asia Latest News", "user": null, "language": "en", "thumbnail": "https://onecms-res.cloudinary.com/image/upload/s--Tgd1Ul2O--/c_fill,h_900,w_1600/fl_relative,g_south_east,l_one-cms:core:watermark:reuters,w_0.1/f_auto,q_auto/v1/one-cms/core/2023-12-01t104340z_1_lynxmpejb019d_rtroptp_3_health-coronavirus-soccer-fifa.jpg?itok=WbYJP-0D", "age": null, "page_rating_contents": 0, "page_rating_votes": 0, "page_rating_visits": 0, "page_rating": 0, "tags": [], "comments": [], "vote": 0}, {"source": "https://www.channelnewsasia.com/api/v1/rss-outbound-feed?_format=xml", "title": "Wet weather to continue with thundery showers over first two weeks of December: Met Service", "description": "", "link": "https://www.channelnewsasia.com/singapore/weather-forecast-thundery-showers-rain-first-two-weeks-december-2023-3959101", "date_published": "2023-12-01T10:36:00+00:00", "permanent": false, "bookmarked": false, "dead": false, "artist": "Channel Asia Latest News", "album": "Channel Asia Latest News", "user": null, "language": "en", "thumbnail": "https://onecms-res.cloudinary.com/image/upload/s--DRC7U3qT--/c_crop,h_1125,w_2000,x_0,y_129/c_fill,h_900,w_1600/fl_relative,g_south_east,l_mediacorp:cna:watermark:2021-08:cna,w_0.1/f_auto,q_auto/v1/mediacorp/cna/image/2021-09/person-in-the-rain-in-singapore-file-photo-data.jpg?itok=iWoUAs0o", "age": null, "page_rating_contents": 0, "page_rating_votes": 0, "page_rating_visits": 0, "page_rating": 0, "tags": [], "comments": [], "vote": 0}, {"source": "https://www.channelnewsasia.com/api/v1/rss-outbound-feed?_format=xml", "title": "COP28: UAE president announces US$30 billion fund to bridge climate finance gap", "description": "", "link": "https://www.channelnewsasia.com/sustainability/cop28-uae-president-announces-us30-billion-fund-bridge-climate-finance-gap-3958886", "date_published": "2023-12-01T10:35:57+00:00", "permanent": false, "bookmarked": false, "dead": false, "artist": "Channel Asia Latest News", "album": "Channel Asia Latest News", "user": null, "language": "en", "thumbnail": "https://onecms-res.cloudinary.com/image/upload/s--PInkVbql--/c_fill,h_900,w_1600/fl_relative,g_south_east,l_one-cms:core:watermark:reuters,w_0.1/f_auto,q_auto/v1/one-cms/core/2023-12-01t082455z_1_lynxmpejb015c_rtroptp_3_climate-un-summit-family-photo.jpg?itok=zXqgYKWS", "age": null, "page_rating_contents": 0, "page_rating_votes": 0, "page_rating_visits": 0, "page_rating": 0, "tags": [], "comments": [], "vote": 0}, {"source": "https://www.channelnewsasia.com/api/v1/rss-outbound-feed?_format=xml", "title": "UN chief says ending fossil fuel use is only way to save burning planet", "description": "", "link": "https://www.channelnewsasia.com/sustainability/un-chief-says-ending-fossil-fuel-use-only-way-save-burning-planet-3958901", "date_published": "2023-12-01T10:31:23+00:00", "permanent": false, "bookmarked": false, "dead": false, "artist": "Channel Asia Latest News", "album": "Channel Asia Latest News", "user": null, "language": "en", "thumbnail": "https://onecms-res.cloudinary.com/image/upload/s--tlhhkq0e--/c_crop,h_448,w_797,x_3,y_84/c_fill,h_900,w_1600/fl_relative,g_south_east,l_one-cms:core:watermark:reuters,w_0.1/f_auto,q_auto/v1/one-cms/core/2023-12-01t083244z_1_lynxmpejb015m_rtroptp_3_israel-palestinians-un.jpg?itok=DpbNgdsr", "age": null, "page_rating_contents": 0, "page_rating_votes": 0, "page_rating_visits": 0, "page_rating": 0, "tags": [], "comments": [], "vote": 0}, {"source": "https://www.channelnewsasia.com/api/v1/rss-outbound-feed?_format=xml", "title": "Toyota partially halts output at Tianjin plant in China - Jiji", "description": "", "link": "https://www.channelnewsasia.com/business/toyota-partially-halts-output-tianjin-plant-china-jiji-3959116", "date_published": "2023-12-01T10:12:52+00:00", "permanent": false, "bookmarked": false, "dead": false, "artist": "Channel Asia Latest News", "album": "Channel Asia Latest News", "user": null, "language": "en", "thumbnail": "https://onecms-res.cloudinary.com/image/upload/s--8Ct9cXVY--/c_fill,h_900,w_1600/fl_relative,g_south_east,l_one-cms:core:watermark:reuters,w_0.1/f_auto,q_auto/v1/one-cms/core/2023-12-01t101252z_1_lynxmpejb018b_rtroptp_3_toyota-china.jpg?itok=4Jbz2Pv1", "age": null, "page_rating_contents": 0, "page_rating_votes": 0, "page_rating_visits": 0, "page_rating": 0, "tags": [], "comments": [], "vote": 0}, {"source": "https://www.channelnewsasia.com/api/v1/rss-outbound-feed?_format=xml", "title": "New HIV infections among Singapore residents up 10% after hitting two-decade low", "description": "In 2022, Singapore saw the lowest number of\u00a0newly diagnosed HIV cases since 1998.", "link": "https://www.channelnewsasia.com/singapore/singapore-newly-diagnosed-hiv-cases-residents-january-october-2023-3958911", "date_published": "2023-12-01T10:07:00+00:00", "permanent": false, "bookmarked": false, "dead": false, "artist": "Channel Asia Latest News", "album": "Channel Asia Latest News", "user": null, "language": "en", "thumbnail": "https://onecms-res.cloudinary.com/image/upload/s--Z-XXjyEx--/c_fill,h_900,w_1600/f_auto,q_auto/draw-blood-hiv-test---690116.jpg?itok=-3rdu-Bz", "age": null, "page_rating_contents": 0, "page_rating_votes": 0, "page_rating_visits": 0, "page_rating": 0, "tags": [], "comments": [], "vote": 0}, {"source": "https://www.channelnewsasia.com/api/v1/rss-outbound-feed?_format=xml", "title": "\u2018No amount of money can replace it\u2019: Parents demand answers after Cordlife mishandles children\u2019s cord blood", "description": "While some Cordlife customers have received emails from the company informing them of the mishap, they have yet to get clarity on whether their children\u2019s cord blood units are among those affected.", "link": "https://www.channelnewsasia.com/singapore/cordlife-cord-blood-parents-upset-moh-investigation-3958866", "date_published": "2023-12-01T10:05:00+00:00", "permanent": false, "bookmarked": false, "dead": false, "artist": "Channel Asia Latest News", "album": "Channel Asia Latest News", "user": null, "language": "en", "thumbnail": "https://onecms-res.cloudinary.com/image/upload/s--faxvpBlA--/c_fill,h_900,w_1600/f_auto,q_auto/v1/mediacorp/cna/image/2023/12/01/istock-1476570256.jpg?itok=Z_0UNkjV", "age": null, "page_rating_contents": 0, "page_rating_votes": 0, "page_rating_visits": 0, "page_rating": 0, "tags": [], "comments": [], "vote": 0}, {"source": "https://www.channelnewsasia.com/api/v1/rss-outbound-feed?_format=xml", "title": "Tech giants lead surge in global mega-caps as inflation eases", "description": "", "link": "https://www.channelnewsasia.com/business/tech-giants-lead-surge-global-mega-caps-inflation-eases-3959071", "date_published": "2023-12-01T09:50:03+00:00", "permanent": false, "bookmarked": false, "dead": false, "artist": "Channel Asia Latest News", "album": "Channel Asia Latest News", "user": null, "language": "en", "thumbnail": "https://onecms-res.cloudinary.com/image/upload/s--vmgN8nWE--/c_fill,h_900,w_1600/fl_relative,g_south_east,l_one-cms:core:watermark:reuters,w_0.1/f_auto,q_auto/v1/one-cms/core/2023-12-01t095003z_2_lynxmpejb017k_rtroptp_3_apple-results.jpg?itok=cxjG-TR-", "age": null, "page_rating_contents": 0, "page_rating_votes": 0, "page_rating_visits": 0, "page_rating": 0, "tags": [], "comments": [], "vote": 0}, {"source": "https://www.channelnewsasia.com/api/v1/rss-outbound-feed?_format=xml", "title": "Philippines installing monitoring station in disputed South China Sea", "description": "", "link": "https://www.channelnewsasia.com/asia/philippines-coast-guard-station-south-china-sea-monitoring-chinese-vessels-3959051", "date_published": "2023-12-01T09:49:00+00:00", "permanent": false, "bookmarked": false, "dead": false, "artist": "Channel Asia Latest News", "album": "Channel Asia Latest News", "user": null, "language": "en", "thumbnail": "https://onecms-res.cloudinary.com/image/upload/s--6Z4dVZrc--/c_crop,h_450,w_800,x_0,y_0/c_fill,h_900,w_1600/fl_relative,g_south_east,l_one-cms:core:watermark:reuters,w_0.1/f_auto,q_auto/v1/one-cms/core/2023-08-31t095816z_1_lynxmpej7u0e1_rtroptp_3_southchinasea-philippines.jpg?itok=SODaWfII", "age": null, "page_rating_contents": 0, "page_rating_votes": 0, "page_rating_visits": 0, "page_rating": 0, "tags": [], "comments": [], "vote": 0}, {"source": "https://www.channelnewsasia.com/api/v1/rss-outbound-feed?_format=xml", "title": "Apple device owners advised to immediately update software: SingCERT", "description": "", "link": "https://www.channelnewsasia.com/singapore/iphone-apple-security-software-patch-ipad-macbook-3959036", "date_published": "2023-12-01T09:48:13+00:00", "permanent": false, "bookmarked": false, "dead": false, "artist": "Channel Asia Latest News", "album": "Channel Asia Latest News", "user": null, "language": "en", "thumbnail": "https://onecms-res.cloudinary.com/image/upload/s--osn_dhXE--/c_crop,h_704,w_1253,x_1,y_59/c_fill,h_900,w_1600/f_auto,q_auto/v1/mediacorp/cna/image/2023/12/01/istock-1426145821.jpg?itok=YdEXu9-Q", "age": null, "page_rating_contents": 0, "page_rating_votes": 0, "page_rating_visits": 0, "page_rating": 0, "tags": [], "comments": [], "vote": 0}, {"source": "https://www.channelnewsasia.com/api/v1/rss-outbound-feed?_format=xml", "title": "IHH Healthcare seeks acquisitions in Indonesia, Vietnam; eyes turnaround in China", "description": "", "link": "https://www.channelnewsasia.com/business/ihh-healthcare-seeks-acquisitions-indonesia-vietnam-eyes-turnaround-china-3959066", "date_published": "2023-12-01T09:41:14+00:00", "permanent": false, "bookmarked": false, "dead": false, "artist": "Channel Asia Latest News", "album": "Channel Asia Latest News", "user": null, "language": "en", "thumbnail": "https://onecms-res.cloudinary.com/image/upload/s--AvO4UdsL--/c_fill,h_900,w_1600/fl_relative,g_south_east,l_one-cms:core:watermark:reuters,w_0.1/f_auto,q_auto/v1/one-cms/core/2023-12-01t094114z_1_lynxmpejb017b_rtroptp_3_ihh-ipo-singapore.jpg?itok=5ctgPWi5", "age": null, "page_rating_contents": 0, "page_rating_votes": 0, "page_rating_visits": 0, "page_rating": 0, "tags": [], "comments": [], "vote": 0}, {"source": "https://www.channelnewsasia.com/api/v1/rss-outbound-feed?_format=xml", "title": "A week-long truce, over 100 hostages freed: The fragile Israel-Hamas deal that collapsed", "description": "By the end of the seven-day truce, a total of 105 hostages had been released by Hamas in return for 240 Palestinians.", "link": "https://www.channelnewsasia.com/world/israel-hamas-truce-expire-fragile-deal-hostages-aid-3958771", "date_published": "2023-12-01T09:24:54+00:00", "permanent": false, "bookmarked": false, "dead": false, "artist": "Channel Asia Latest News", "album": "Channel Asia Latest News", "user": null, "language": "en", "thumbnail": "https://onecms-res.cloudinary.com/image/upload/s--Oa_8dWdf--/c_fill,h_900,w_1600/f_auto,q_auto/v1/mediacorp/cna/image/2023/12/01/israel_palestinians_52299.png?itok=gN5NNND8", "age": null, "page_rating_contents": 0, "page_rating_votes": 0, "page_rating_visits": 0, "page_rating": 0, "tags": [], "comments": [], "vote": 0}, {"source": "https://www.channelnewsasia.com/api/v1/rss-outbound-feed?_format=xml", "title": "Smith Street revamp: Chinatown businesses look to preserve culture, experts warn against gentrification", "description": "A row of 13 shophouses along Smith Street in Chinatown is up for tender to appoint a single master tenant, as part of plans to rejuvenate the historic conservation area, and drive greater footfall while maintaining the precinct's culture and heritage.", "link": "https://www.channelnewsasia.com/singapore/smith-street-revamp-chinatown-businesses-look-preserve-culture-experts-warn-against-gentrification-3958941", "date_published": "2023-12-01T09:15:07+00:00", "permanent": false, "bookmarked": false, "dead": false, "artist": "Channel Asia Latest News", "album": "Channel Asia Latest News", "user": null, "language": "en", "thumbnail": "https://onecms-res.cloudinary.com/image/upload/s--cx9ekLeH--/c_fill,h_900,w_1600/fl_relative,g_south_east,l_mediacorp:cna:watermark:2021-08:cna,w_0.1/f_auto,q_auto/v1/mediacorp/cna/image/2023/12/01/screenshot_1084.png?itok=6q8ASjfM", "age": null, "page_rating_contents": 0, "page_rating_votes": 0, "page_rating_visits": 0, "page_rating": 0, "tags": [], "comments": [], "vote": 0}, {"source": "https://www.channelnewsasia.com/api/v1/rss-outbound-feed?_format=xml", "title": "Ethereum blockchain produced equivalent of Honduras' annual emissions before upgrade - study", "description": "", "link": "https://www.channelnewsasia.com/business/ethereum-blockchain-produced-equivalent-honduras-annual-emissions-upgrade-study-3959001", "date_published": "2023-12-01T09:09:15+00:00", "permanent": false, "bookmarked": false, "dead": false, "artist": "Channel Asia Latest News", "album": "Channel Asia Latest News", "user": null, "language": "en", "thumbnail": "https://onecms-res.cloudinary.com/image/upload/s--_bCl-C_b--/c_fill,h_900,w_1600/fl_relative,g_south_east,l_one-cms:core:watermark:reuters,w_0.1/f_auto,q_auto/v1/one-cms/core/2023-12-01t090915z_1_lynxmpejb016i_rtroptp_3_fintech-crypto.jpg?itok=Gm1DkVLM", "age": null, "page_rating_contents": 0, "page_rating_votes": 0, "page_rating_visits": 0, "page_rating": 0, "tags": [], "comments": [], "vote": 0}, {"source": "https://www.channelnewsasia.com/api/v1/rss-outbound-feed?_format=xml", "title": "South Korea set to launch first spy satellite with SpaceX", "description": "", "link": "https://www.channelnewsasia.com/asia/south-korea-first-military-spy-satellite-spacex-falcon-9-rocket-3958921", "date_published": "2023-12-01T09:07:31+00:00", "permanent": false, "bookmarked": false, "dead": false, "artist": "Channel Asia Latest News", "album": "Channel Asia Latest News", "user": null, "language": "en", "thumbnail": "https://onecms-res.cloudinary.com/image/upload/s--uyS0o1d6--/c_fill,h_900,w_1600/f_auto,q_auto/v1/mediacorp/cna/image/2023/12/01/incollage_save_121.jpg?itok=zdz2zf-z", "age": null, "page_rating_contents": 0, "page_rating_votes": 0, "page_rating_visits": 0, "page_rating": 0, "tags": [], "comments": [], "vote": 0}, {"source": "https://www.channelnewsasia.com/api/v1/rss-outbound-feed?_format=xml", "title": "Kyrgios thanks 'big supporter' Murray for noticing signs of self-harm", "description": "", "link": "https://www.channelnewsasia.com/sport/kyrgios-thanks-big-supporter-murray-noticing-signs-self-harm-3958996", "date_published": "2023-12-01T09:05:45+00:00", "permanent": false, "bookmarked": false, "dead": false, "artist": "Channel Asia Latest News", "album": "Channel Asia Latest News", "user": null, "language": "en", "thumbnail": "{}", "age": null, "page_rating_contents": 0, "page_rating_votes": 0, "page_rating_visits": 0, "page_rating": 0, "tags": [], "comments": [], "vote": 0}, {"source": "https://www.channelnewsasia.com/api/v1/rss-outbound-feed?_format=xml", "title": "COP28: Why energy efficiency matters so much", "description": "", "link": "https://www.channelnewsasia.com/sustainability/cop28-why-energy-efficiency-matters-so-much-climate-change-3958906", "date_published": "2023-12-01T08:58:00+00:00", "permanent": false, "bookmarked": false, "dead": false, "artist": "Channel Asia Latest News", "album": "Channel Asia Latest News", "user": null, "language": "en", "thumbnail": "https://onecms-res.cloudinary.com/image/upload/s--AuAzfuLf--/c_fill,h_900,w_1600/fl_relative,g_south_east,l_mediacorp:cna:watermark:2023-11:afp_watermark_14112023,w_0.1/f_auto,q_auto/v1/one-cms/core/537f2d0f39879c7b2153de931c243b6253587475.jpg?itok=owXpsOVN", "age": null, "page_rating_contents": 0, "page_rating_votes": 0, "page_rating_visits": 0, "page_rating": 0, "tags": [], "comments": [], "vote": 0}, {"source": "https://www.channelnewsasia.com/api/v1/rss-outbound-feed?_format=xml", "title": "BOJ survey highlights strong bond market strains from ultra-easy policy", "description": "", "link": "https://www.channelnewsasia.com/business/boj-survey-highlights-strong-bond-market-strains-ultra-easy-policy-3958961", "date_published": "2023-12-01T08:50:41+00:00", "permanent": false, "bookmarked": false, "dead": false, "artist": "Channel Asia Latest News", "album": "Channel Asia Latest News", "user": null, "language": "en", "thumbnail": "https://onecms-res.cloudinary.com/image/upload/s--nxfVEScI--/c_fill,h_900,w_1600/fl_relative,g_south_east,l_one-cms:core:watermark:reuters,w_0.1/f_auto,q_auto/v1/one-cms/core/2023-12-01t085041z_1_lynxmpejb0160_rtroptp_3_japan-economy-boj.jpg?itok=lOS6xnsF", "age": null, "page_rating_contents": 0, "page_rating_votes": 0, "page_rating_visits": 0, "page_rating": 0, "tags": [], "comments": [], "vote": 0}]