[{"source": "https://www.reddit.com/r/3Dprinting/.rss", "title": "Anyone else living in Excel?", "description": "<table> <tr><td> <a href=\"https://www.reddit.com/r/3Dprinting/comments/188lyyq/anyone_else_living_in_excel/\"> <img alt=\"Anyone else living in Excel?\" src=\"https://preview.redd.it/4tj7x8nowq3c1.jpg?width=640&amp;crop=smart&amp;auto=webp&amp;s=04330fcf86888f0d0c586dbd5cd0cbbd5babce14\" title=\"Anyone else living in Excel?\" /> </a> </td><td> &#32; submitted by &#32; <a href=\"https://www.reddit.com/user/GoodAsh\"> /u/GoodAsh </a> <br /> <span><a href=\"https://i.redd.it/4tj7x8nowq3c1.jpg\">[link]</a></span> &#32; <span><a href=\"https://www.reddit.com/r/3Dprinting/comments/188lyyq/anyone_else_living_in_excel/\">[comments]</a></span> </td></tr></table>", "link": "https://www.reddit.com/r/3Dprinting/comments/188lyyq/anyone_else_living_in_excel", "date_published": "2023-12-01T20:45:47+00:00", "permanent": false, "bookmarked": false, "dead": false, "artist": "3D Printing", "album": "3D Printing", "user": null, "language": "en", "thumbnail": "https://preview.redd.it/4tj7x8nowq3c1.jpg?width=640&crop=smart&auto=webp&s=04330fcf86888f0d0c586dbd5cd0cbbd5babce14", "age": null, "page_rating_contents": 0, "page_rating_votes": 0, "page_rating_visits": 0, "page_rating": 0, "tags": [], "comments": [], "vote": 0}, {"source": "https://www.reddit.com/r/3Dprinting/.rss", "title": "Girlfriend wanted to buy a $20 custom ornament from Etsy. Made this for pennies instead and gave me an opportunity to try lithophanes!", "description": "<table> <tr><td> <a href=\"https://www.reddit.com/r/3Dprinting/comments/188konj/girlfriend_wanted_to_buy_a_20_custom_ornament/\"> <img alt=\"Girlfriend wanted to buy a $20 custom ornament from Etsy. Made this for pennies instead and gave me an opportunity to try lithophanes!\" src=\"https://preview.redd.it/jeb2f6knmq3c1.jpg?width=640&amp;crop=smart&amp;auto=webp&amp;s=8d9a93e5dc1b8cf3d5b32ab26298e8b6b77dead6\" title=\"Girlfriend wanted to buy a $20 custom ornament from Etsy. Made this for pennies instead and gave me an opportunity to try lithophanes!\" /> </a> </td><td> &#32; submitted by &#32; <a href=\"https://www.reddit.com/user/TheGreatCH\"> /u/TheGreatCH </a> <br /> <span><a href=\"https://i.redd.it/jeb2f6knmq3c1.jpg\">[link]</a></span> &#32; <span><a href=\"https://www.reddit.com/r/3Dprinting/comments/188konj/girlfriend_wanted_to_buy_a_20_custom_ornament/\">[comments]</a></span> </td></tr></table>", "link": "https://www.reddit.com/r/3Dprinting/comments/188konj/girlfriend_wanted_to_buy_a_20_custom_ornament", "date_published": "2023-12-01T19:49:36+00:00", "permanent": false, "bookmarked": false, "dead": false, "artist": "3D Printing", "album": "3D Printing", "user": null, "language": "en", "thumbnail": "https://preview.redd.it/jeb2f6knmq3c1.jpg?width=640&crop=smart&auto=webp&s=8d9a93e5dc1b8cf3d5b32ab26298e8b6b77dead6", "age": null, "page_rating_contents": 0, "page_rating_votes": 0, "page_rating_visits": 0, "page_rating": 0, "tags": [], "comments": [], "vote": 0}, {"source": "https://www.reddit.com/r/3Dprinting/.rss", "title": "Trophy Truck V4 finally completed", "description": "<table> <tr><td> <a href=\"https://www.reddit.com/r/3Dprinting/comments/188k6ib/trophy_truck_v4_finally_completed/\"> <img alt=\"Trophy Truck V4 finally completed\" src=\"https://b.thumbs.redditmedia.com/sAM6uF-Fgr2rf2AJYRQJCV7YG8SIXRgz2c3TZ9_qQKE.jpg\" title=\"Trophy Truck V4 finally completed\" /> </a> </td><td> <!-- SC_OFF --><div class=\"md\"><p>2950g in 2x4 mode, can\u2019t wait to let it rip in the snow tomorrow.</p> </div><!-- SC_ON --> &#32; submitted by &#32; <a href=\"https://www.reddit.com/user/ger_daytona\"> /u/ger_daytona </a> <br /> <span><a href=\"https://www.reddit.com/gallery/188k6ib\">[link]</a></span> &#32; <span><a href=\"https://www.reddit.com/r/3Dprinting/comments/188k6ib/trophy_truck_v4_finally_completed/\">[comments]</a></span> </td></tr></table>", "link": "https://www.reddit.com/r/3Dprinting/comments/188k6ib/trophy_truck_v4_finally_completed", "date_published": "2023-12-01T19:27:17+00:00", "permanent": false, "bookmarked": false, "dead": false, "artist": "3D Printing", "album": "3D Printing", "user": null, "language": "en", "thumbnail": "https://b.thumbs.redditmedia.com/sAM6uF-Fgr2rf2AJYRQJCV7YG8SIXRgz2c3TZ9_qQKE.jpg", "age": null, "page_rating_contents": 0, "page_rating_votes": 0, "page_rating_visits": 0, "page_rating": 0, "tags": [], "comments": [], "vote": 0}, {"source": "https://www.reddit.com/r/3Dprinting/.rss", "title": "What can I do with all this extra filament? I don\u2019t want to waste it all. I\u2019d be happy with doing anything with it.", "description": "<table> <tr><td> <a href=\"https://www.reddit.com/r/3Dprinting/comments/188jxk0/what_can_i_do_with_all_this_extra_filament_i_dont/\"> <img alt=\"What can I do with all this extra filament? I don\u2019t want to waste it all. I\u2019d be happy with doing anything with it.\" src=\"https://preview.redd.it/3ow8ghcogq3c1.jpg?width=640&amp;crop=smart&amp;auto=webp&amp;s=96a687f9c181c1f29758af29d72167a82a3d504e\" title=\"What can I do with all this extra filament? I don\u2019t want to waste it all. I\u2019d be happy with doing anything with it.\" /> </a> </td><td> &#32; submitted by &#32; <a href=\"https://www.reddit.com/user/Darth_Jack920\"> /u/Darth_Jack920 </a> <br /> <span><a href=\"https://i.redd.it/3ow8ghcogq3c1.jpg\">[link]</a></span> &#32; <span><a href=\"https://www.reddit.com/r/3Dprinting/comments/188jxk0/what_can_i_do_with_all_this_extra_filament_i_dont/\">[comments]</a></span> </td></tr></table>", "link": "https://www.reddit.com/r/3Dprinting/comments/188jxk0/what_can_i_do_with_all_this_extra_filament_i_dont", "date_published": "2023-12-01T19:16:10+00:00", "permanent": false, "bookmarked": false, "dead": false, "artist": "3D Printing", "album": "3D Printing", "user": null, "language": "en", "thumbnail": "https://preview.redd.it/3ow8ghcogq3c1.jpg?width=640&crop=smart&auto=webp&s=96a687f9c181c1f29758af29d72167a82a3d504e", "age": null, "page_rating_contents": 0, "page_rating_votes": 0, "page_rating_visits": 0, "page_rating": 0, "tags": [], "comments": [], "vote": 0}, {"source": "https://www.reddit.com/r/3Dprinting/.rss", "title": "Mini handheld marble run tower powered by $1 retractable key-ring lanyard", "description": "<table> <tr><td> <a href=\"https://www.reddit.com/r/3Dprinting/comments/188jj7d/mini_handheld_marble_run_tower_powered_by_1/\"> <img alt=\"Mini handheld marble run tower powered by $1 retractable key-ring lanyard\" src=\"https://external-preview.redd.it/dWNyd3FocmtkcTNjMU-Ku7EdB92sKw_1f3c94vAonzmn5TkOaVKhXTDjnr_p.png?width=640&amp;crop=smart&amp;auto=webp&amp;s=04228520489850ca2f07d1fdd0fe7c7536ea653e\" title=\"Mini handheld marble run tower powered by $1 retractable key-ring lanyard\" /> </a> </td><td> &#32; submitted by &#32; <a href=\"https://www.reddit.com/user/hrrsnmb\"> /u/hrrsnmb </a> <br /> <span><a href=\"https://v.redd.it/435kpbmccq3c1\">[link]</a></span> &#32; <span><a href=\"https://www.reddit.com/r/3Dprinting/comments/188jj7d/mini_handheld_marble_run_tower_powered_by_1/\">[comments]</a></span> </td></tr></table>", "link": "https://www.reddit.com/r/3Dprinting/comments/188jj7d/mini_handheld_marble_run_tower_powered_by_1", "date_published": "2023-12-01T18:58:40+00:00", "permanent": false, "bookmarked": false, "dead": false, "artist": "3D Printing", "album": "3D Printing", "user": null, "language": "en", "thumbnail": "https://external-preview.redd.it/dWNyd3FocmtkcTNjMU-Ku7EdB92sKw_1f3c94vAonzmn5TkOaVKhXTDjnr_p.png?width=640&crop=smart&auto=webp&s=04228520489850ca2f07d1fdd0fe7c7536ea653e", "age": null, "page_rating_contents": 0, "page_rating_votes": 0, "page_rating_visits": 0, "page_rating": 0, "tags": [], "comments": [], "vote": 0}, {"source": "https://www.reddit.com/r/3Dprinting/.rss", "title": "Office has a \"bring your own ornament for the company tree\" tradition", "description": "<!-- SC_OFF --><div class=\"md\"><p>What's the dumbest thing I can 3d print thats not NSFW. I did a buff baluga with a Santa hat last year and a weird emoji guy the previous year. I'm drawing a blank though.</p> <p>I can easily modify a model to add a string or wire so it can be an ormanent, post your suggestions below</p> </div><!-- SC_ON --> &#32; submitted by &#32; <a href=\"https://www.reddit.com/user/BolaSquirrel\"> /u/BolaSquirrel </a> <br /> <span><a href=\"https://www.reddit.com/r/3Dprinting/comments/188iiwv/office_has_a_bring_your_own_ornament_for_the/\">[link]</a></span> &#32; <span><a href=\"https://www.reddit.com/r/3Dprinting/comments/188iiwv/office_has_a_bring_your_own_ornament_for_the/\">[comments]</a></span>", "link": "https://www.reddit.com/r/3Dprinting/comments/188iiwv/office_has_a_bring_your_own_ornament_for_the", "date_published": "2023-12-01T18:15:26+00:00", "permanent": false, "bookmarked": false, "dead": false, "artist": "3D Printing", "album": "3D Printing", "user": null, "language": "en", "thumbnail": null, "age": null, "page_rating_contents": 0, "page_rating_votes": 0, "page_rating_visits": 0, "page_rating": 0, "tags": [], "comments": [], "vote": 0}, {"source": "https://www.reddit.com/r/3Dprinting/.rss", "title": "Printed and painted a dragon egg for a friend!", "description": "<table> <tr><td> <a href=\"https://www.reddit.com/r/3Dprinting/comments/188ihh3/printed_and_painted_a_dragon_egg_for_a_friend/\"> <img alt=\"Printed and painted a dragon egg for a friend!\" src=\"https://preview.redd.it/4mlnby2k5q3c1.jpg?width=640&amp;crop=smart&amp;auto=webp&amp;s=7441735215fbf2847fdae1b47c350c5e399d0ab0\" title=\"Printed and painted a dragon egg for a friend!\" /> </a> </td><td> &#32; submitted by &#32; <a href=\"https://www.reddit.com/user/user183739\"> /u/user183739 </a> <br /> <span><a href=\"https://i.redd.it/4mlnby2k5q3c1.jpg\">[link]</a></span> &#32; <span><a href=\"https://www.reddit.com/r/3Dprinting/comments/188ihh3/printed_and_painted_a_dragon_egg_for_a_friend/\">[comments]</a></span> </td></tr></table>", "link": "https://www.reddit.com/r/3Dprinting/comments/188ihh3/printed_and_painted_a_dragon_egg_for_a_friend", "date_published": "2023-12-01T18:13:46+00:00", "permanent": false, "bookmarked": false, "dead": false, "artist": "3D Printing", "album": "3D Printing", "user": null, "language": "en", "thumbnail": "https://preview.redd.it/4mlnby2k5q3c1.jpg?width=640&crop=smart&auto=webp&s=7441735215fbf2847fdae1b47c350c5e399d0ab0", "age": null, "page_rating_contents": 0, "page_rating_votes": 0, "page_rating_visits": 0, "page_rating": 0, "tags": [], "comments": [], "vote": 0}, {"source": "https://www.reddit.com/r/3Dprinting/.rss", "title": "Newest Print off of the Prusa XL", "description": "<table> <tr><td> <a href=\"https://www.reddit.com/r/3Dprinting/comments/188hgjk/newest_print_off_of_the_prusa_xl/\"> <img alt=\"Newest Print off of the Prusa XL\" src=\"https://b.thumbs.redditmedia.com/UNfAnRRTqIXNrMYxWsgcn6T4DN12ZP16Oxc-AbSffYY.jpg\" title=\"Newest Print off of the Prusa XL\" /> </a> </td><td> <!-- SC_OFF --><div class=\"md\"><p><a href=\"https://www.thingiverse.com/thing:5803095\">https://www.thingiverse.com/thing:5803095</a></p> </div><!-- SC_ON --> &#32; submitted by &#32; <a href=\"https://www.reddit.com/user/GannonMakerspace\"> /u/GannonMakerspace </a> <br /> <span><a href=\"https://www.reddit.com/gallery/188hgjk\">[link]</a></span> &#32; <span><a href=\"https://www.reddit.com/r/3Dprinting/comments/188hgjk/newest_print_off_of_the_prusa_xl/\">[comments]</a></span> </td></tr></table>", "link": "https://www.reddit.com/r/3Dprinting/comments/188hgjk/newest_print_off_of_the_prusa_xl", "date_published": "2023-12-01T17:30:13+00:00", "permanent": false, "bookmarked": false, "dead": false, "artist": "3D Printing", "album": "3D Printing", "user": null, "language": "en", "thumbnail": "https://b.thumbs.redditmedia.com/UNfAnRRTqIXNrMYxWsgcn6T4DN12ZP16Oxc-AbSffYY.jpg", "age": null, "page_rating_contents": 0, "page_rating_votes": 0, "page_rating_visits": 0, "page_rating": 0, "tags": [], "comments": [], "vote": 0}, {"source": "https://www.reddit.com/r/3Dprinting/.rss", "title": "My first 3D design", "description": "<table> <tr><td> <a href=\"https://www.reddit.com/r/3Dprinting/comments/188hddd/my_first_3d_design/\"> <img alt=\"My first 3D design\" src=\"https://preview.redd.it/hivabpp4xp3c1.jpeg?width=640&amp;crop=smart&amp;auto=webp&amp;s=76735d8579fc06b8713fce59a12edcd64bcbcb0d\" title=\"My first 3D design\" /> </a> </td><td> <!-- SC_OFF --><div class=\"md\"><p>A month ago purchased my 3D printer without any knowledge and today I can say that I successfully print my first 3D design entirely made by me. I know it\u2019s pretty simple but I\u2019m proud of it</p> </div><!-- SC_ON --> &#32; submitted by &#32; <a href=\"https://www.reddit.com/user/nituos\"> /u/nituos </a> <br /> <span><a href=\"https://i.redd.it/hivabpp4xp3c1.jpeg\">[link]</a></span> &#32; <span><a href=\"https://www.reddit.com/r/3Dprinting/comments/188hddd/my_first_3d_design/\">[comments]</a></span> </td></tr></table>", "link": "https://www.reddit.com/r/3Dprinting/comments/188hddd/my_first_3d_design", "date_published": "2023-12-01T17:26:31+00:00", "permanent": false, "bookmarked": false, "dead": false, "artist": "3D Printing", "album": "3D Printing", "user": null, "language": "en", "thumbnail": "https://preview.redd.it/hivabpp4xp3c1.jpeg?width=640&crop=smart&auto=webp&s=76735d8579fc06b8713fce59a12edcd64bcbcb0d", "age": null, "page_rating_contents": 0, "page_rating_votes": 0, "page_rating_visits": 0, "page_rating": 0, "tags": [], "comments": [], "vote": 0}, {"source": "https://www.reddit.com/r/3Dprinting/.rss", "title": "Pro Tip: Your filament spools work great for storing your Christmas lights", "description": "<table> <tr><td> <a href=\"https://www.reddit.com/r/3Dprinting/comments/188ga60/pro_tip_your_filament_spools_work_great_for/\"> <img alt=\"Pro Tip: Your filament spools work great for storing your Christmas lights\" src=\"https://preview.redd.it/30icf4cvop3c1.jpg?width=640&amp;crop=smart&amp;auto=webp&amp;s=47e4eb74c90f8827d52c1f1677e7414d93c595c6\" title=\"Pro Tip: Your filament spools work great for storing your Christmas lights\" /> </a> </td><td> &#32; submitted by &#32; <a href=\"https://www.reddit.com/user/KyxeMusic\"> /u/KyxeMusic </a> <br /> <span><a href=\"https://i.redd.it/30icf4cvop3c1.jpg\">[link]</a></span> &#32; <span><a href=\"https://www.reddit.com/r/3Dprinting/comments/188ga60/pro_tip_your_filament_spools_work_great_for/\">[comments]</a></span> </td></tr></table>", "link": "https://www.reddit.com/r/3Dprinting/comments/188ga60/pro_tip_your_filament_spools_work_great_for", "date_published": "2023-12-01T16:40:13+00:00", "permanent": false, "bookmarked": false, "dead": false, "artist": "3D Printing", "album": "3D Printing", "user": null, "language": "en", "thumbnail": "https://preview.redd.it/30icf4cvop3c1.jpg?width=640&crop=smart&auto=webp&s=47e4eb74c90f8827d52c1f1677e7414d93c595c6", "age": null, "page_rating_contents": 0, "page_rating_votes": 0, "page_rating_visits": 0, "page_rating": 0, "tags": [], "comments": [], "vote": 0}, {"source": "https://www.reddit.com/r/3Dprinting/.rss", "title": "Finally done!", "description": "<table> <tr><td> <a href=\"https://www.reddit.com/r/3Dprinting/comments/188g3de/finally_done/\"> <img alt=\"Finally done!\" src=\"https://preview.redd.it/jqnw0ycenp3c1.jpg?width=640&amp;crop=smart&amp;auto=webp&amp;s=366a6aface0d6b71b022e6043feecad5027eafbb\" title=\"Finally done!\" /> </a> </td><td> <!-- SC_OFF --><div class=\"md\"><p>Now I just need to seal the gaps, sand, and paint!</p> </div><!-- SC_ON --> &#32; submitted by &#32; <a href=\"https://www.reddit.com/user/vsckf8l\"> /u/vsckf8l </a> <br /> <span><a href=\"https://i.redd.it/jqnw0ycenp3c1.jpg\">[link]</a></span> &#32; <span><a href=\"https://www.reddit.com/r/3Dprinting/comments/188g3de/finally_done/\">[comments]</a></span> </td></tr></table>", "link": "https://www.reddit.com/r/3Dprinting/comments/188g3de/finally_done", "date_published": "2023-12-01T16:31:59+00:00", "permanent": false, "bookmarked": false, "dead": false, "artist": "3D Printing", "album": "3D Printing", "user": null, "language": "en", "thumbnail": "https://preview.redd.it/jqnw0ycenp3c1.jpg?width=640&crop=smart&auto=webp&s=366a6aface0d6b71b022e6043feecad5027eafbb", "age": null, "page_rating_contents": 0, "page_rating_votes": 0, "page_rating_visits": 0, "page_rating": 0, "tags": [], "comments": [], "vote": 0}, {"source": "https://www.reddit.com/r/3Dprinting/.rss", "title": "What causes this?", "description": "<table> <tr><td> <a href=\"https://www.reddit.com/r/3Dprinting/comments/188fwz8/what_causes_this/\"> <img alt=\"What causes this?\" src=\"https://preview.redd.it/qtyqh5g0mp3c1.jpg?width=640&amp;crop=smart&amp;auto=webp&amp;s=ba86558f2015d563249e41424bf7049c9e387212\" title=\"What causes this?\" /> </a> </td><td> &#32; submitted by &#32; <a href=\"https://www.reddit.com/user/GamingDaan2000\"> /u/GamingDaan2000 </a> <br /> <span><a href=\"https://i.redd.it/qtyqh5g0mp3c1.jpg\">[link]</a></span> &#32; <span><a href=\"https://www.reddit.com/r/3Dprinting/comments/188fwz8/what_causes_this/\">[comments]</a></span> </td></tr></table>", "link": "https://www.reddit.com/r/3Dprinting/comments/188fwz8/what_causes_this", "date_published": "2023-12-01T16:24:11+00:00", "permanent": false, "bookmarked": false, "dead": false, "artist": "3D Printing", "album": "3D Printing", "user": null, "language": "en", "thumbnail": "https://preview.redd.it/qtyqh5g0mp3c1.jpg?width=640&crop=smart&auto=webp&s=ba86558f2015d563249e41424bf7049c9e387212", "age": null, "page_rating_contents": 0, "page_rating_votes": 0, "page_rating_visits": 0, "page_rating": 0, "tags": [], "comments": [], "vote": 0}, {"source": "https://www.reddit.com/r/3Dprinting/.rss", "title": "ULTIMAKER!!! YOU WERE SUPPOSED TO DESTROY THE SHITTY FILAMENT BRANDS, NOT JOIN THEM!", "description": "<table> <tr><td> <a href=\"https://www.reddit.com/r/3Dprinting/comments/188fjk5/ultimaker_you_were_supposed_to_destroy_the_shitty/\"> <img alt=\"ULTIMAKER!!! YOU WERE SUPPOSED TO DESTROY THE SHITTY FILAMENT BRANDS, NOT JOIN THEM!\" src=\"https://preview.redd.it/41ltp5h4jp3c1.jpg?width=640&amp;crop=smart&amp;auto=webp&amp;s=bc55214870d77bd1fde7d8086cc24fe7aa04bef9\" title=\"ULTIMAKER!!! YOU WERE SUPPOSED TO DESTROY THE SHITTY FILAMENT BRANDS, NOT JOIN THEM!\" /> </a> </td><td> <!-- SC_OFF --><div class=\"md\"><p>Jesus what a tangled mess</p> </div><!-- SC_ON --> &#32; submitted by &#32; <a href=\"https://www.reddit.com/user/oj_denni\"> /u/oj_denni </a> <br /> <span><a href=\"https://i.redd.it/41ltp5h4jp3c1.jpg\">[link]</a></span> &#32; <span><a href=\"https://www.reddit.com/r/3Dprinting/comments/188fjk5/ultimaker_you_were_supposed_to_destroy_the_shitty/\">[comments]</a></span> </td></tr></table>", "link": "https://www.reddit.com/r/3Dprinting/comments/188fjk5/ultimaker_you_were_supposed_to_destroy_the_shitty", "date_published": "2023-12-01T16:08:00+00:00", "permanent": false, "bookmarked": false, "dead": false, "artist": "3D Printing", "album": "3D Printing", "user": null, "language": "en", "thumbnail": "https://preview.redd.it/41ltp5h4jp3c1.jpg?width=640&crop=smart&auto=webp&s=bc55214870d77bd1fde7d8086cc24fe7aa04bef9", "age": null, "page_rating_contents": 0, "page_rating_votes": 0, "page_rating_visits": 0, "page_rating": 0, "tags": [], "comments": [], "vote": 0}, {"source": "https://www.reddit.com/r/3Dprinting/.rss", "title": "First complete print!", "description": "<table> <tr><td> <a href=\"https://www.reddit.com/r/3Dprinting/comments/188f0m5/first_complete_print/\"> <img alt=\"First complete print!\" src=\"https://preview.redd.it/548pceu5fp3c1.png?width=640&amp;crop=smart&amp;auto=webp&amp;s=eb253c558a2b980dc8b1fcfbcea1d71362782039\" title=\"First complete print!\" /> </a> </td><td> <!-- SC_OFF --><div class=\"md\"><p>I finally have a completed print from my Ender 3 as of last night!! I've had my printer for a while now but was having major troubles with the BL Touch and at one point the nozzle dug into and then dragged across the print bed. I'm currently working on my senior project for college and with the help of my husband and lots of caffeine....we figured out how to get everything working! We replaced the print bed with a glass one after we could verify the nozzle wouldn't dig into it anymore. I definitely feel excited and inspired now to keep printing. Any tips or tricks anyone has are greatly appreciated!</p> </div><!-- SC_ON --> &#32; submitte", "link": "https://www.reddit.com/r/3Dprinting/comments/188f0m5/first_complete_print", "date_published": "2023-12-01T15:45:49+00:00", "permanent": false, "bookmarked": false, "dead": false, "artist": "3D Printing", "album": "3D Printing", "user": null, "language": "en", "thumbnail": "https://preview.redd.it/548pceu5fp3c1.png?width=640&crop=smart&auto=webp&s=eb253c558a2b980dc8b1fcfbcea1d71362782039", "age": null, "page_rating_contents": 0, "page_rating_votes": 0, "page_rating_visits": 0, "page_rating": 0, "tags": [], "comments": [], "vote": 0}, {"source": "https://www.reddit.com/r/3Dprinting/.rss", "title": "Warcraft rumble blizzard effect", "description": "<table> <tr><td> <a href=\"https://www.reddit.com/r/3Dprinting/comments/188eyui/warcraft_rumble_blizzard_effect/\"> <img alt=\"Warcraft rumble blizzard effect\" src=\"https://b.thumbs.redditmedia.com/DQHDFeZ28woZfxlxEjV7r9ki_MmuE-mUuKBGZGfSSBA.jpg\" title=\"Warcraft rumble blizzard effect\" /> </a> </td><td> <!-- SC_OFF --><div class=\"md\"><p>Printed the pre-supported file with creality Halot-Mage using anycubic water washable clear resin. Exposure time was 2.5 sec which is a little high I think but under 2 resulted in support failure. </p> <p>Really excited to be painting these with alcohol inks! </p> <p>I\u2019m still very much a noob as this is only my fourth print and I could definitely fine tune it more but the success made me so happy!</p> </div><!-- SC_ON --> &#32; submitted by &#32; <a href=\"https://www.reddit.com/user/Stueckchen01\"> /u/Stueckchen01 </a> <br /> <span><a href=\"https://www.reddit.com/gallery/188eyui\">[link]</a></span> &#32; <span><a href=\"https://www.reddit.com/r/3Dprinting/", "link": "https://www.reddit.com/r/3Dprinting/comments/188eyui/warcraft_rumble_blizzard_effect", "date_published": "2023-12-01T15:43:43+00:00", "permanent": false, "bookmarked": false, "dead": false, "artist": "3D Printing", "album": "3D Printing", "user": null, "language": "en", "thumbnail": "https://b.thumbs.redditmedia.com/DQHDFeZ28woZfxlxEjV7r9ki_MmuE-mUuKBGZGfSSBA.jpg", "age": null, "page_rating_contents": 0, "page_rating_votes": 0, "page_rating_visits": 0, "page_rating": 0, "tags": [], "comments": [], "vote": 0}, {"source": "https://www.reddit.com/r/3Dprinting/.rss", "title": "Designed a Speaker mount to get them of the Desk", "description": "<table> <tr><td> <a href=\"https://www.reddit.com/r/3Dprinting/comments/188e980/designed_a_speaker_mount_to_get_them_of_the_desk/\"> <img alt=\"Designed a Speaker mount to get them of the Desk\" src=\"https://b.thumbs.redditmedia.com/ckTQ68O9_2Og1gLRObkFDByx8KRKTdy2ZkGqNRDJIso.jpg\" title=\"Designed a Speaker mount to get them of the Desk\" /> </a> </td><td> &#32; submitted by &#32; <a href=\"https://www.reddit.com/user/Professional-Kiwi812\"> /u/Professional-Kiwi812 </a> <br /> <span><a href=\"https://www.reddit.com/gallery/187utli\">[link]</a></span> &#32; <span><a href=\"https://www.reddit.com/r/3Dprinting/comments/188e980/designed_a_speaker_mount_to_get_them_of_the_desk/\">[comments]</a></span> </td></tr></table>", "link": "https://www.reddit.com/r/3Dprinting/comments/188e980/designed_a_speaker_mount_to_get_them_of_the_desk", "date_published": "2023-12-01T15:12:46+00:00", "permanent": false, "bookmarked": false, "dead": false, "artist": "3D Printing", "album": "3D Printing", "user": null, "language": "en", "thumbnail": "https://b.thumbs.redditmedia.com/ckTQ68O9_2Og1gLRObkFDByx8KRKTdy2ZkGqNRDJIso.jpg", "age": null, "page_rating_contents": 0, "page_rating_votes": 0, "page_rating_visits": 0, "page_rating": 0, "tags": [], "comments": [], "vote": 0}, {"source": "https://www.reddit.com/r/3Dprinting/.rss", "title": "My Reindeer Phone Stand", "description": "<table> <tr><td> <a href=\"https://www.reddit.com/r/3Dprinting/comments/188dz4n/my_reindeer_phone_stand/\"> <img alt=\"My Reindeer Phone Stand\" src=\"https://b.thumbs.redditmedia.com/I84w9UcAx3q5ZTypOt8cjcBLTYJq9c2FMxg5xRIScZk.jpg\" title=\"My Reindeer Phone Stand\" /> </a> </td><td> &#32; submitted by &#32; <a href=\"https://www.reddit.com/user/AvengerC47\"> /u/AvengerC47 </a> <br /> <span><a href=\"https://www.printables.com/model/665963-reindeer-phone-stand\">[link]</a></span> &#32; <span><a href=\"https://www.reddit.com/r/3Dprinting/comments/188dz4n/my_reindeer_phone_stand/\">[comments]</a></span> </td></tr></table>", "link": "https://www.reddit.com/r/3Dprinting/comments/188dz4n/my_reindeer_phone_stand", "date_published": "2023-12-01T15:00:56+00:00", "permanent": false, "bookmarked": false, "dead": false, "artist": "3D Printing", "album": "3D Printing", "user": null, "language": "en", "thumbnail": "https://b.thumbs.redditmedia.com/I84w9UcAx3q5ZTypOt8cjcBLTYJq9c2FMxg5xRIScZk.jpg", "age": null, "page_rating_contents": 0, "page_rating_votes": 0, "page_rating_visits": 0, "page_rating": 0, "tags": [], "comments": [], "vote": 0}, {"source": "https://www.reddit.com/r/3Dprinting/.rss", "title": "how do you melt your extra pla down?", "description": "<!-- SC_OFF --><div class=\"md\"><p>Got a bucket full of scraps and I have seen some cool things out there to do when i melt it down. I am having a hard time figuring out a safe way to melt it down. What are some ways people out here have done it? </p> </div><!-- SC_ON --> &#32; submitted by &#32; <a href=\"https://www.reddit.com/user/Gilamonster21\"> /u/Gilamonster21 </a> <br /> <span><a href=\"https://www.reddit.com/r/3Dprinting/comments/188dvwv/how_do_you_melt_your_extra_pla_down/\">[link]</a></span> &#32; <span><a href=\"https://www.reddit.com/r/3Dprinting/comments/188dvwv/how_do_you_melt_your_extra_pla_down/\">[comments]</a></span>", "link": "https://www.reddit.com/r/3Dprinting/comments/188dvwv/how_do_you_melt_your_extra_pla_down", "date_published": "2023-12-01T14:57:15+00:00", "permanent": false, "bookmarked": false, "dead": false, "artist": "3D Printing", "album": "3D Printing", "user": null, "language": "en", "thumbnail": null, "age": null, "page_rating_contents": 0, "page_rating_votes": 0, "page_rating_visits": 0, "page_rating": 0, "tags": [], "comments": [], "vote": 0}, {"source": "https://www.reddit.com/r/3Dprinting/.rss", "title": "Is it possible to make money as part time job or hobby with 3d printers? Doing simple designs not done yet? I am learning blender :)", "description": "&#32; submitted by &#32; <a href=\"https://www.reddit.com/user/West_Application_760\"> /u/West_Application_760 </a> <br /> <span><a href=\"https://www.reddit.com/r/3Dprinting/comments/188bpib/is_it_possible_to_make_money_as_part_time_job_or/\">[link]</a></span> &#32; <span><a href=\"https://www.reddit.com/r/3Dprinting/comments/188bpib/is_it_possible_to_make_money_as_part_time_job_or/\">[comments]</a></span>", "link": "https://www.reddit.com/r/3Dprinting/comments/188bpib/is_it_possible_to_make_money_as_part_time_job_or", "date_published": "2023-12-01T13:21:00+00:00", "permanent": false, "bookmarked": false, "dead": false, "artist": "3D Printing", "album": "3D Printing", "user": null, "language": "en", "thumbnail": null, "age": null, "page_rating_contents": 0, "page_rating_votes": 0, "page_rating_visits": 0, "page_rating": 0, "tags": [], "comments": [], "vote": 0}, {"source": "https://www.reddit.com/r/3Dprinting/.rss", "title": "\ud83e\udd16 BrailleBot - A Low Cost 3D Printed Braille Trainer l.", "description": "<table> <tr><td> <a href=\"https://www.reddit.com/r/3Dprinting/comments/188bb5e/braillebot_a_low_cost_3d_printed_braille_trainer_l/\"> <img alt=\" \ud83e\udd16 BrailleBot - A Low Cost 3D Printed Braille Trainer l.\" src=\"https://external-preview.redd.it/NTBqOXZzOHprbzNjMdQzzCtgiW8kzQyDfDJ4hS5A_JA1kA7nvSRMV72nNmbj.png?width=640&amp;crop=smart&amp;auto=webp&amp;s=37eb1eeeacbff8229279a9d157190f3a764cdfa4\" title=\" \ud83e\udd16 BrailleBot - A Low Cost 3D Printed Braille Trainer l.\" /> </a> </td><td> <!-- SC_OFF --><div class=\"md\"><p>BrailleBot is a DIY Braille language trainer designed to make learning accessible and engaging, especially for children who are visually impaired. Powered by DFRobot's Romeo ESP32 board, it features six tactile dots controlled by small servo motors, creating a hands-on experience for mastering the Braille alphabet. \ud83c\udd70\ufe0f\ud83d\udd20</p> <p>But there's more to it! BrailleBot incorporates an audio system to enhance the learning journey. The parts are meticulously designed in Fusion 360 and brought to ", "link": "https://www.reddit.com/r/3Dprinting/comments/188bb5e/braillebot_a_low_cost_3d_printed_braille_trainer_l", "date_published": "2023-12-01T13:00:43+00:00", "permanent": false, "bookmarked": false, "dead": false, "artist": "3D Printing", "album": "3D Printing", "user": null, "language": "en", "thumbnail": "https://external-preview.redd.it/NTBqOXZzOHprbzNjMdQzzCtgiW8kzQyDfDJ4hS5A_JA1kA7nvSRMV72nNmbj.png?width=640&crop=smart&auto=webp&s=37eb1eeeacbff8229279a9d157190f3a764cdfa4", "age": null, "page_rating_contents": 0, "page_rating_votes": 0, "page_rating_visits": 0, "page_rating": 0, "tags": [], "comments": [], "vote": 0}, {"source": "https://www.reddit.com/r/3Dprinting/.rss", "title": "What could go wrong while flexing the strength of the build...", "description": "<table> <tr><td> <a href=\"https://www.reddit.com/r/3Dprinting/comments/188azat/what_could_go_wrong_while_flexing_the_strength_of/\"> <img alt=\"What could go wrong while flexing the strength of the build...\" src=\"https://external-preview.redd.it/Y2JoYTZvcGlpbzNjMdyJlXNQIYistlMHRvCX-AAKL2rQC0LW_N_o5YIzP6dy.png?width=320&amp;crop=smart&amp;auto=webp&amp;s=0756fe8817ee0e39d6f7795a06de4fcd185752b3\" title=\"What could go wrong while flexing the strength of the build...\" /> </a> </td><td> &#32; submitted by &#32; <a href=\"https://www.reddit.com/user/Dababoom\"> /u/Dababoom </a> <br /> <span><a href=\"https://v.redd.it/i1o7fes8io3c1\">[link]</a></span> &#32; <span><a href=\"https://www.reddit.com/r/3Dprinting/comments/188azat/what_could_go_wrong_while_flexing_the_strength_of/\">[comments]</a></span> </td></tr></table>", "link": "https://www.reddit.com/r/3Dprinting/comments/188azat/what_could_go_wrong_while_flexing_the_strength_of", "date_published": "2023-12-01T12:42:49+00:00", "permanent": false, "bookmarked": false, "dead": false, "artist": "3D Printing", "album": "3D Printing", "user": null, "language": "en", "thumbnail": "https://external-preview.redd.it/Y2JoYTZvcGlpbzNjMdyJlXNQIYistlMHRvCX-AAKL2rQC0LW_N_o5YIzP6dy.png?width=320&crop=smart&auto=webp&s=0756fe8817ee0e39d6f7795a06de4fcd185752b3", "age": null, "page_rating_contents": 0, "page_rating_votes": 0, "page_rating_visits": 0, "page_rating": 0, "tags": [], "comments": [], "vote": 0}, {"source": "https://www.reddit.com/r/3Dprinting/.rss", "title": "Mechanical Darth Vader print with extendable lightsaber, sound and LEDs", "description": "<table> <tr><td> <a href=\"https://www.reddit.com/r/3Dprinting/comments/188av9q/mechanical_darth_vader_print_with_extendable/\"> <img alt=\"Mechanical Darth Vader print with extendable lightsaber, sound and LEDs\" src=\"https://external-preview.redd.it/dmQ1MW1jc2RobzNjMXaiNmifrRh9mJLC5FR4ofgsQqT81rdip53ttCCT-kes.png?width=140&amp;height=140&amp;crop=140:140,smart&amp;format=jpg&amp;v=enabled&amp;lthumb=true&amp;s=c9bbdda118bd9214dab80158328f49909894cdcd\" title=\"Mechanical Darth Vader print with extendable lightsaber, sound and LEDs\" /> </a> </td><td> &#32; submitted by &#32; <a href=\"https://www.reddit.com/user/FwieFabri\"> /u/FwieFabri </a> <br /> <span><a href=\"https://v.redd.it/1nenmju2ho3c1\">[link]</a></span> &#32; <span><a href=\"https://www.reddit.com/r/3Dprinting/comments/188av9q/mechanical_darth_vader_print_with_extendable/\">[comments]</a></span> </td></tr></table>", "link": "https://www.reddit.com/r/3Dprinting/comments/188av9q/mechanical_darth_vader_print_with_extendable", "date_published": "2023-12-01T12:36:57+00:00", "permanent": false, "bookmarked": false, "dead": false, "artist": "3D Printing", "album": "3D Printing", "user": null, "language": "en", "thumbnail": "https://external-preview.redd.it/dmQ1MW1jc2RobzNjMXaiNmifrRh9mJLC5FR4ofgsQqT81rdip53ttCCT-kes.png?width=140&height=140&crop=140:140,smart&format=jpg&v=enabled&lthumb=true&s=c9bbdda118bd9214dab80158328f49909894cdcd", "age": null, "page_rating_contents": 0, "page_rating_votes": 0, "page_rating_visits": 0, "page_rating": 0, "tags": [], "comments": [], "vote": 0}, {"source": "https://www.reddit.com/r/3Dprinting/.rss", "title": "Why is there a mark on my print bed and it seems to be on everything I print on it lol check the printer covers I printed", "description": "<table> <tr><td> <a href=\"https://www.reddit.com/r/3Dprinting/comments/188aqgx/why_is_there_a_mark_on_my_print_bed_and_it_seems/\"> <img alt=\"Why is there a mark on my print bed and it seems to be on everything I print on it lol check the printer covers I printed\" src=\"https://preview.redd.it/0b1q6645go3c1.jpg?width=640&amp;crop=smart&amp;auto=webp&amp;s=69a09e7fb48672a3e80b6465fd513823d7b0bdf7\" title=\"Why is there a mark on my print bed and it seems to be on everything I print on it lol check the printer covers I printed\" /> </a> </td><td> &#32; submitted by &#32; <a href=\"https://www.reddit.com/user/quattrotom\"> /u/quattrotom </a> <br /> <span><a href=\"https://i.redd.it/0b1q6645go3c1.jpg\">[link]</a></span> &#32; <span><a href=\"https://www.reddit.com/r/3Dprinting/comments/188aqgx/why_is_there_a_mark_on_my_print_bed_and_it_seems/\">[comments]</a></span> </td></tr></table>", "link": "https://www.reddit.com/r/3Dprinting/comments/188aqgx/why_is_there_a_mark_on_my_print_bed_and_it_seems", "date_published": "2023-12-01T12:30:03+00:00", "permanent": false, "bookmarked": false, "dead": false, "artist": "3D Printing", "album": "3D Printing", "user": null, "language": "en", "thumbnail": "https://preview.redd.it/0b1q6645go3c1.jpg?width=640&crop=smart&auto=webp&s=69a09e7fb48672a3e80b6465fd513823d7b0bdf7", "age": null, "page_rating_contents": 0, "page_rating_votes": 0, "page_rating_visits": 0, "page_rating": 0, "tags": [], "comments": [], "vote": 0}, {"source": "https://www.reddit.com/r/3Dprinting/.rss", "title": "My first perfect print :)", "description": "<table> <tr><td> <a href=\"https://www.reddit.com/r/3Dprinting/comments/188ahlm/my_first_perfect_print/\"> <img alt=\"My first perfect print :)\" src=\"https://preview.redd.it/iupm55jsdo3c1.jpg?width=640&amp;crop=smart&amp;auto=webp&amp;s=ef7b3fdafb08b522bbb0597bdf99b81f289b486c\" title=\"My first perfect print :)\" /> </a> </td><td> &#32; submitted by &#32; <a href=\"https://www.reddit.com/user/Ok-Counter6459\"> /u/Ok-Counter6459 </a> <br /> <span><a href=\"https://i.redd.it/iupm55jsdo3c1.jpg\">[link]</a></span> &#32; <span><a href=\"https://www.reddit.com/r/3Dprinting/comments/188ahlm/my_first_perfect_print/\">[comments]</a></span> </td></tr></table>", "link": "https://www.reddit.com/r/3Dprinting/comments/188ahlm/my_first_perfect_print", "date_published": "2023-12-01T12:16:21+00:00", "permanent": false, "bookmarked": false, "dead": false, "artist": "3D Printing", "album": "3D Printing", "user": null, "language": "en", "thumbnail": "https://preview.redd.it/iupm55jsdo3c1.jpg?width=640&crop=smart&auto=webp&s=ef7b3fdafb08b522bbb0597bdf99b81f289b486c", "age": null, "page_rating_contents": 0, "page_rating_votes": 0, "page_rating_visits": 0, "page_rating": 0, "tags": [], "comments": [], "vote": 0}, {"source": "https://www.reddit.com/r/3Dprinting/.rss", "title": "Any idea what this screeching could be? Happens every print. No signs on the finished part. (More info in comments)", "description": "<table> <tr><td> <a href=\"https://www.reddit.com/r/3Dprinting/comments/188ah5n/any_idea_what_this_screeching_could_be_happens/\"> <img alt=\"Any idea what this screeching could be? Happens every print. No signs on the finished part. (More info in comments)\" src=\"https://external-preview.redd.it/NDIyNzI0aW9kbzNjMSSGWSm0HMwGkEFKbPysdq6NK2SsMtcKNg9Ss46C8QL6.png?width=640&amp;crop=smart&amp;auto=webp&amp;s=912276d1f6ffd9997cfdd6b5d62f94adacee8370\" title=\"Any idea what this screeching could be? Happens every print. No signs on the finished part. (More info in comments)\" /> </a> </td><td> &#32; submitted by &#32; <a href=\"https://www.reddit.com/user/TheRealOqueo\"> /u/TheRealOqueo </a> <br /> <span><a href=\"https://v.redd.it/xxiciyfedo3c1\">[link]</a></span> &#32; <span><a href=\"https://www.reddit.com/r/3Dprinting/comments/188ah5n/any_idea_what_this_screeching_could_be_happens/\">[comments]</a></span> </td></tr></table>", "link": "https://www.reddit.com/r/3Dprinting/comments/188ah5n/any_idea_what_this_screeching_could_be_happens", "date_published": "2023-12-01T12:15:44+00:00", "permanent": false, "bookmarked": false, "dead": false, "artist": "3D Printing", "album": "3D Printing", "user": null, "language": "en", "thumbnail": "https://external-preview.redd.it/NDIyNzI0aW9kbzNjMSSGWSm0HMwGkEFKbPysdq6NK2SsMtcKNg9Ss46C8QL6.png?width=640&crop=smart&auto=webp&s=912276d1f6ffd9997cfdd6b5d62f94adacee8370", "age": null, "page_rating_contents": 0, "page_rating_votes": 0, "page_rating_visits": 0, "page_rating": 0, "tags": [], "comments": [], "vote": 0}, {"source": "https://www.reddit.com/r/3Dprinting/.rss", "title": "Since my CR-10S Pro V2 crapped out, I bought a Neptune Max. This is the first print out of the box", "description": "&#32; submitted by &#32; <a href=\"https://www.reddit.com/user/QualityCucumber\"> /u/QualityCucumber </a> <br /> <span><a href=\"https://i.redd.it/nay6opuz9o3c1.jpeg\">[link]</a></span> &#32; <span><a href=\"https://www.reddit.com/r/3Dprinting/comments/188a3cj/since_my_cr10s_pro_v2_crapped_out_i_bought_a/\">[comments]</a></span>", "link": "https://www.reddit.com/r/3Dprinting/comments/188a3cj/since_my_cr10s_pro_v2_crapped_out_i_bought_a", "date_published": "2023-12-01T11:55:12+00:00", "permanent": false, "bookmarked": false, "dead": false, "artist": "3D Printing", "album": "3D Printing", "user": null, "language": "en", "thumbnail": null, "age": null, "page_rating_contents": 0, "page_rating_votes": 0, "page_rating_visits": 0, "page_rating": 0, "tags": [], "comments": [], "vote": 0}, {"source": "https://www.reddit.com/r/3Dprinting/.rss", "title": "What's going on here", "description": "<table> <tr><td> <a href=\"https://www.reddit.com/r/3Dprinting/comments/1889tob/whats_going_on_here/\"> <img alt=\"What's going on here\" src=\"https://b.thumbs.redditmedia.com/XQRN9EV7zHqOSuhd0QEh2-ohlIznk5nyiI2BBBF3i7w.jpg\" title=\"What's going on here\" /> </a> </td><td> <!-- SC_OFF --><div class=\"md\"><p>I was loaned an ender 5 pro the other day, did a few prints and there's some weird indents that are along <em>some</em> of the layer lines.</p> </div><!-- SC_ON --> &#32; submitted by &#32; <a href=\"https://www.reddit.com/user/Johnny_Thunder314\"> /u/Johnny_Thunder314 </a> <br /> <span><a href=\"https://www.reddit.com/gallery/1889tob\">[link]</a></span> &#32; <span><a href=\"https://www.reddit.com/r/3Dprinting/comments/1889tob/whats_going_on_here/\">[comments]</a></span> </td></tr></table>", "link": "https://www.reddit.com/r/3Dprinting/comments/1889tob/whats_going_on_here", "date_published": "2023-12-01T11:39:56+00:00", "permanent": false, "bookmarked": false, "dead": false, "artist": "3D Printing", "album": "3D Printing", "user": null, "language": "en", "thumbnail": "https://b.thumbs.redditmedia.com/XQRN9EV7zHqOSuhd0QEh2-ohlIznk5nyiI2BBBF3i7w.jpg", "age": null, "page_rating_contents": 0, "page_rating_votes": 0, "page_rating_visits": 0, "page_rating": 0, "tags": [], "comments": [], "vote": 0}, {"source": "https://www.reddit.com/r/3Dprinting/.rss", "title": "My new primitive ABS printing technique :)", "description": "<table> <tr><td> <a href=\"https://www.reddit.com/r/3Dprinting/comments/18899uz/my_new_primitive_abs_printing_technique/\"> <img alt=\"My new primitive ABS printing technique :)\" src=\"https://b.thumbs.redditmedia.com/Q8IcB4mhrcfFLADnMJvNS8v5K8RcyxXBMYT6KcbUtSI.jpg\" title=\"My new primitive ABS printing technique :)\" /> </a> </td><td> <!-- SC_OFF --><div class=\"md\"><p>I started to build a voron 2.4 so i have to print abs bu i couldnt till today. Today, i find a new primitive technique. </p> <p>1 Melt some ABS in pure aceton. 2 Deploy it on a glass surface. 3 Dry it 4 Pull up from the surface, it will be an abs film. 5 stick film on the table 6 print on it.</p> </div><!-- SC_ON --> &#32; submitted by &#32; <a href=\"https://www.reddit.com/user/donquijiote\"> /u/donquijiote </a> <br /> <span><a href=\"https://www.reddit.com/gallery/18899uz\">[link]</a></span> &#32; <span><a href=\"https://www.reddit.com/r/3Dprinting/comments/18899uz/my_new_primitive_abs_printing_technique/\">[comments]</a></span>", "link": "https://www.reddit.com/r/3Dprinting/comments/18899uz/my_new_primitive_abs_printing_technique", "date_published": "2023-12-01T11:07:05+00:00", "permanent": false, "bookmarked": false, "dead": false, "artist": "3D Printing", "album": "3D Printing", "user": null, "language": "en", "thumbnail": "https://b.thumbs.redditmedia.com/Q8IcB4mhrcfFLADnMJvNS8v5K8RcyxXBMYT6KcbUtSI.jpg", "age": null, "page_rating_contents": 0, "page_rating_votes": 0, "page_rating_visits": 0, "page_rating": 0, "tags": [], "comments": [], "vote": 0}, {"source": "https://www.reddit.com/r/3Dprinting/.rss", "title": "A useful tool for communicating with stupid people.", "description": "<table> <tr><td> <a href=\"https://www.reddit.com/r/3Dprinting/comments/1887um9/a_useful_tool_for_communicating_with_stupid_people/\"> <img alt=\"A useful tool for communicating with stupid people.\" src=\"https://preview.redd.it/6vyvcpsmkn3c1.gif?width=320&amp;crop=smart&amp;s=ae85a0c5b5f814db0d80e78ec1717fe034a02913\" title=\"A useful tool for communicating with stupid people.\" /> </a> </td><td> <!-- SC_OFF --><div class=\"md\"><p>First layer printed in one colour, and the subsequent layers printed with a background colour. <a href=\"https://makerworld.com/models/79864#profileId-84753\">https://makerworld.com/models/79864#profileId-84753</a></p> </div><!-- SC_ON --> &#32; submitted by &#32; <a href=\"https://www.reddit.com/user/downvote_quota\"> /u/downvote_quota </a> <br /> <span><a href=\"https://i.redd.it/6vyvcpsmkn3c1.gif\">[link]</a></span> &#32; <span><a href=\"https://www.reddit.com/r/3Dprinting/comments/1887um9/a_useful_tool_for_communicating_with_stupid_people/\">[comments]</a></span> </td", "link": "https://www.reddit.com/r/3Dprinting/comments/1887um9/a_useful_tool_for_communicating_with_stupid_people", "date_published": "2023-12-01T09:33:03+00:00", "permanent": false, "bookmarked": false, "dead": false, "artist": "3D Printing", "album": "3D Printing", "user": null, "language": "en", "thumbnail": "https://preview.redd.it/6vyvcpsmkn3c1.gif?width=320&crop=smart&s=ae85a0c5b5f814db0d80e78ec1717fe034a02913", "age": null, "page_rating_contents": 0, "page_rating_votes": 0, "page_rating_visits": 0, "page_rating": 0, "tags": [], "comments": [], "vote": 0}, {"source": "https://www.reddit.com/r/3Dprinting/.rss", "title": "3d printer looks like this after a year, I've already tried to clean it, are the black spots ok, or should I try to clean them (could they be toxic?)", "description": "<table> <tr><td> <a href=\"https://www.reddit.com/r/3Dprinting/comments/1887awe/3d_printer_looks_like_this_after_a_year_ive/\"> <img alt=\"3d printer looks like this after a year, I've already tried to clean it, are the black spots ok, or should I try to clean them (could they be toxic?)\" src=\"https://a.thumbs.redditmedia.com/CuQ9_ycAk-sjxlVFiJGYKQEISjTdCuKI_1ePj2RGKh8.jpg\" title=\"3d printer looks like this after a year, I've already tried to clean it, are the black spots ok, or should I try to clean them (could they be toxic?)\" /> </a> </td><td> &#32; submitted by &#32; <a href=\"https://www.reddit.com/user/jeto2m123\"> /u/jeto2m123 </a> <br /> <span><a href=\"https://www.reddit.com/gallery/1887awe\">[link]</a></span> &#32; <span><a href=\"https://www.reddit.com/r/3Dprinting/comments/1887awe/3d_printer_looks_like_this_after_a_year_ive/\">[comments]</a></span> </td></tr></table>", "link": "https://www.reddit.com/r/3Dprinting/comments/1887awe/3d_printer_looks_like_this_after_a_year_ive", "date_published": "2023-12-01T08:53:43+00:00", "permanent": false, "bookmarked": false, "dead": false, "artist": "3D Printing", "album": "3D Printing", "user": null, "language": "en", "thumbnail": "https://a.thumbs.redditmedia.com/CuQ9_ycAk-sjxlVFiJGYKQEISjTdCuKI_1ePj2RGKh8.jpg", "age": null, "page_rating_contents": 0, "page_rating_votes": 0, "page_rating_visits": 0, "page_rating": 0, "tags": [], "comments": [], "vote": 0}, {"source": "https://www.reddit.com/r/3Dprinting/.rss", "title": "This Time of the Year again .. Merry advent to All of you", "description": "<table> <tr><td> <a href=\"https://www.reddit.com/r/3Dprinting/comments/18878vs/this_time_of_the_year_again_merry_advent_to_all/\"> <img alt=\"This Time of the Year again .. Merry advent to All of you\" src=\"https://a.thumbs.redditmedia.com/5q76erKBP8tz8fCWaK4UTsOeAawKEVD3TAO_fJeL7G4.jpg\" title=\"This Time of the Year again .. Merry advent to All of you\" /> </a> </td><td> &#32; submitted by &#32; <a href=\"https://www.reddit.com/user/throwaway21316\"> /u/throwaway21316 </a> <br /> <span><a href=\"https://www.reddit.com/gallery/18878vs\">[link]</a></span> &#32; <span><a href=\"https://www.reddit.com/r/3Dprinting/comments/18878vs/this_time_of_the_year_again_merry_advent_to_all/\">[comments]</a></span> </td></tr></table>", "link": "https://www.reddit.com/r/3Dprinting/comments/18878vs/this_time_of_the_year_again_merry_advent_to_all", "date_published": "2023-12-01T08:49:36+00:00", "permanent": false, "bookmarked": false, "dead": false, "artist": "3D Printing", "album": "3D Printing", "user": null, "language": "en", "thumbnail": "https://a.thumbs.redditmedia.com/5q76erKBP8tz8fCWaK4UTsOeAawKEVD3TAO_fJeL7G4.jpg", "age": null, "page_rating_contents": 0, "page_rating_votes": 0, "page_rating_visits": 0, "page_rating": 0, "tags": [], "comments": [], "vote": 0}, {"source": "https://www.reddit.com/r/3Dprinting/.rss", "title": "Topology Optimization + (Design for Additive Manufacturing) OR (Design for CNC)", "description": "<table> <tr><td> <a href=\"https://www.reddit.com/r/3Dprinting/comments/18877vb/topology_optimization_design_for_additive/\"> <img alt=\"Topology Optimization + (Design for Additive Manufacturing) OR (Design for CNC)\" src=\"https://external-preview.redd.it/M25yMXgwbzJjbjNjMSmawlHscgPO2EesHipdS3V4xv5zhl2BKEtFwDIjqIOq.png?width=140&amp;height=78&amp;crop=140:78,smart&amp;format=jpg&amp;v=enabled&amp;lthumb=true&amp;s=efa74ef80a641a2731cedb129788f6e79aedb59e\" title=\"Topology Optimization + (Design for Additive Manufacturing) OR (Design for CNC)\" /> </a> </td><td> &#32; submitted by &#32; <a href=\"https://www.reddit.com/user/3DPrintingBootcamp\"> /u/3DPrintingBootcamp </a> <br /> <span><a href=\"https://v.redd.it/5nt2c4kx9n3c1\">[link]</a></span> &#32; <span><a href=\"https://www.reddit.com/r/3Dprinting/comments/18877vb/topology_optimization_design_for_additive/\">[comments]</a></span> </td></tr></table>", "link": "https://www.reddit.com/r/3Dprinting/comments/18877vb/topology_optimization_design_for_additive", "date_published": "2023-12-01T08:47:31+00:00", "permanent": false, "bookmarked": false, "dead": false, "artist": "3D Printing", "album": "3D Printing", "user": null, "language": "en", "thumbnail": "https://external-preview.redd.it/M25yMXgwbzJjbjNjMSmawlHscgPO2EesHipdS3V4xv5zhl2BKEtFwDIjqIOq.png?width=140&height=78&crop=140:78,smart&format=jpg&v=enabled&lthumb=true&s=efa74ef80a641a2731cedb129788f6e79aedb59e", "age": null, "page_rating_contents": 0, "page_rating_votes": 0, "page_rating_visits": 0, "page_rating": 0, "tags": [], "comments": [], "vote": 0}, {"source": "https://www.reddit.com/r/3Dprinting/.rss", "title": "I was tired of the cable clutter on my desk, so I made this \u201corganizer\u201d", "description": "<table> <tr><td> <a href=\"https://www.reddit.com/r/3Dprinting/comments/1886rtg/i_was_tired_of_the_cable_clutter_on_my_desk_so_i/\"> <img alt=\"I was tired of the cable clutter on my desk, so I made this \u201corganizer\u201d\" src=\"https://b.thumbs.redditmedia.com/fM0DHN6H-0xz16fK9YYyIf_HJuc6F_Pb6Kbb4O4rumA.jpg\" title=\"I was tired of the cable clutter on my desk, so I made this \u201corganizer\u201d\" /> </a> </td><td> &#32; submitted by &#32; <a href=\"https://www.reddit.com/user/minozemstan\"> /u/minozemstan </a> <br /> <span><a href=\"https://www.reddit.com/gallery/1886rtg\">[link]</a></span> &#32; <span><a href=\"https://www.reddit.com/r/3Dprinting/comments/1886rtg/i_was_tired_of_the_cable_clutter_on_my_desk_so_i/\">[comments]</a></span> </td></tr></table>", "link": "https://www.reddit.com/r/3Dprinting/comments/1886rtg/i_was_tired_of_the_cable_clutter_on_my_desk_so_i", "date_published": "2023-12-01T08:16:34+00:00", "permanent": false, "bookmarked": false, "dead": false, "artist": "3D Printing", "album": "3D Printing", "user": null, "language": "en", "thumbnail": "https://b.thumbs.redditmedia.com/fM0DHN6H-0xz16fK9YYyIf_HJuc6F_Pb6Kbb4O4rumA.jpg", "age": null, "page_rating_contents": 0, "page_rating_votes": 0, "page_rating_visits": 0, "page_rating": 0, "tags": [], "comments": [], "vote": 0}, {"source": "https://www.reddit.com/r/3Dprinting/.rss", "title": "How F'd am I", "description": "<table> <tr><td> <a href=\"https://www.reddit.com/r/3Dprinting/comments/1886mpn/how_fd_am_i/\"> <img alt=\"How F'd am I\" src=\"https://b.thumbs.redditmedia.com/L4o9D24L74-rB5ceqBm79l6Yn5MPJUDoogeOtgok09g.jpg\" title=\"How F'd am I\" /> </a> </td><td> <!-- SC_OFF --><div class=\"md\"><p>I've had a resin printer for a while but I just started filament printing. Test print went fine so I left it overnight working on a project I've had. Print failed, but it must have kept spewing out the filament and eventually it just got stuck all over itself. Since this was overnight, it did this for hours until it couldn't anymore before I woke up and checked on it.</p> <p>This is literally my 2nd print on it. I know I'm probably a dumbass and there's 1000 things I did wrong, but I can't get the filament off the head, it's hardened like cement. Is there any chance or trick to getting this stuff off? Or should I cut my loss and start calling the company and see if the warranty will cover a replacement?</p> <p>", "link": "https://www.reddit.com/r/3Dprinting/comments/1886mpn/how_fd_am_i", "date_published": "2023-12-01T08:06:55+00:00", "permanent": false, "bookmarked": false, "dead": false, "artist": "3D Printing", "album": "3D Printing", "user": null, "language": "en", "thumbnail": "https://b.thumbs.redditmedia.com/L4o9D24L74-rB5ceqBm79l6Yn5MPJUDoogeOtgok09g.jpg", "age": null, "page_rating_contents": 0, "page_rating_votes": 0, "page_rating_visits": 0, "page_rating": 0, "tags": [], "comments": [], "vote": 0}, {"source": "https://www.reddit.com/r/3Dprinting/.rss", "title": "I might have a little free time on my hands right now...", "description": "<table> <tr><td> <a href=\"https://www.reddit.com/r/3Dprinting/comments/18865qa/i_might_have_a_little_free_time_on_my_hands_right/\"> <img alt=\"I might have a little free time on my hands right now...\" src=\"https://preview.redd.it/tpf8o6mkzm3c1.png?width=640&amp;crop=smart&amp;auto=webp&amp;s=5604b8b6676baf6cb410bf571ed42d91f9468c01\" title=\"I might have a little free time on my hands right now...\" /> </a> </td><td> &#32; submitted by &#32; <a href=\"https://www.reddit.com/user/abashedwardrobe55\"> /u/abashedwardrobe55 </a> <br /> <span><a href=\"https://i.redd.it/tpf8o6mkzm3c1.png\">[link]</a></span> &#32; <span><a href=\"https://www.reddit.com/r/3Dprinting/comments/18865qa/i_might_have_a_little_free_time_on_my_hands_right/\">[comments]</a></span> </td></tr></table>", "link": "https://www.reddit.com/r/3Dprinting/comments/18865qa/i_might_have_a_little_free_time_on_my_hands_right", "date_published": "2023-12-01T07:35:09+00:00", "permanent": false, "bookmarked": false, "dead": false, "artist": "3D Printing", "album": "3D Printing", "user": null, "language": "en", "thumbnail": "https://preview.redd.it/tpf8o6mkzm3c1.png?width=640&crop=smart&auto=webp&s=5604b8b6676baf6cb410bf571ed42d91f9468c01", "age": null, "page_rating_contents": 0, "page_rating_votes": 0, "page_rating_visits": 0, "page_rating": 0, "tags": [], "comments": [], "vote": 0}, {"source": "https://www.reddit.com/r/3Dprinting/.rss", "title": "Purchase Advice Megathread - December 2023", "description": "<!-- SC_OFF --><div class=\"md\"><p>Welcome back to another purchase megathread!</p> <p>This thread is meant to conglomerate purchase advice for both newcomers and people looking for additional machines. Keeping this discussion to one thread means less searching should anyone have questions that may already have been answered here, as well as more visibility to inquiries in general, as comments made here will be visible for the entire month stuck to the top of the sub, and then added to the Purchase Advice Collection (Reddit Collections are still broken on mobile view, enable &quot;view in desktop mode&quot;).</p> <p><strong>Please be sure to skim through this thread</strong> for posts with similar requirements to your own first, as recommendations relevant to your situation may have already been posted, and may even include answers to follow up questions you might have wished to ask. </p> <p>If you are new to 3D printing, and are unsure of what to ask, try to include the following in ", "link": "https://www.reddit.com/r/3Dprinting/comments/1883j9e/purchase_advice_megathread_december_2023", "date_published": "2023-12-01T05:01:40+00:00", "permanent": false, "bookmarked": false, "dead": false, "artist": "3D Printing", "album": "3D Printing", "user": null, "language": "en", "thumbnail": null, "age": null, "page_rating_contents": 0, "page_rating_votes": 0, "page_rating_visits": 0, "page_rating": 0, "tags": [], "comments": [], "vote": 0}, {"source": "https://www.reddit.com/r/3Dprinting/.rss", "title": "That\u2019s new", "description": "<table> <tr><td> <a href=\"https://www.reddit.com/r/3Dprinting/comments/1880qii/thats_new/\"> <img alt=\"That\u2019s new\" src=\"https://preview.redd.it/10n8h22iil3c1.jpg?width=640&amp;crop=smart&amp;auto=webp&amp;s=9d3cec37c7223233303d4f06db2246ff0f711b9b\" title=\"That\u2019s new\" /> </a> </td><td> <!-- SC_OFF --><div class=\"md\"><p>Silicone sock fell off and stick to the half-completed print lol</p> </div><!-- SC_ON --> &#32; submitted by &#32; <a href=\"https://www.reddit.com/user/Yams_Yams_\"> /u/Yams_Yams_ </a> <br /> <span><a href=\"https://i.redd.it/10n8h22iil3c1.jpg\">[link]</a></span> &#32; <span><a href=\"https://www.reddit.com/r/3Dprinting/comments/1880qii/thats_new/\">[comments]</a></span> </td></tr></table>", "link": "https://www.reddit.com/r/3Dprinting/comments/1880qii/thats_new", "date_published": "2023-12-01T02:37:23+00:00", "permanent": false, "bookmarked": false, "dead": false, "artist": "3D Printing", "album": "3D Printing", "user": null, "language": "en", "thumbnail": "https://preview.redd.it/10n8h22iil3c1.jpg?width=640&crop=smart&auto=webp&s=9d3cec37c7223233303d4f06db2246ff0f711b9b", "age": null, "page_rating_contents": 0, "page_rating_votes": 0, "page_rating_visits": 0, "page_rating": 0, "tags": [], "comments": [], "vote": 0}, {"source": "https://www.reddit.com/r/3Dprinting/.rss", "title": "Safe to say I got my Ender 3 dialed in", "description": "<table> <tr><td> <a href=\"https://www.reddit.com/r/3Dprinting/comments/18808we/safe_to_say_i_got_my_ender_3_dialed_in/\"> <img alt=\"Safe to say I got my Ender 3 dialed in\" src=\"https://external-preview.redd.it/MzV6Y3E4cDllbDNjMRii9XY7U-yWco4VrTazlQAZYWfpNUZTQZ7mO2x2inVV.png?width=640&amp;crop=smart&amp;auto=webp&amp;s=c028946acd9def3037e250c462267b1ee96085fa\" title=\"Safe to say I got my Ender 3 dialed in\" /> </a> </td><td> &#32; submitted by &#32; <a href=\"https://www.reddit.com/user/cheeseburgeraddict\"> /u/cheeseburgeraddict </a> <br /> <span><a href=\"https://v.redd.it/8fdsft9ael3c1\">[link]</a></span> &#32; <span><a href=\"https://www.reddit.com/r/3Dprinting/comments/18808we/safe_to_say_i_got_my_ender_3_dialed_in/\">[comments]</a></span> </td></tr></table>", "link": "https://www.reddit.com/r/3Dprinting/comments/18808we/safe_to_say_i_got_my_ender_3_dialed_in", "date_published": "2023-12-01T02:13:57+00:00", "permanent": false, "bookmarked": false, "dead": false, "artist": "3D Printing", "album": "3D Printing", "user": null, "language": "en", "thumbnail": "https://external-preview.redd.it/MzV6Y3E4cDllbDNjMRii9XY7U-yWco4VrTazlQAZYWfpNUZTQZ7mO2x2inVV.png?width=640&crop=smart&auto=webp&s=c028946acd9def3037e250c462267b1ee96085fa", "age": null, "page_rating_contents": 0, "page_rating_votes": 0, "page_rating_visits": 0, "page_rating": 0, "tags": [], "comments": [], "vote": 0}, {"source": "https://www.reddit.com/r/3Dprinting/.rss", "title": "My favorite make so far!", "description": "<table> <tr><td> <a href=\"https://www.reddit.com/r/3Dprinting/comments/18802rz/my_favorite_make_so_far/\"> <img alt=\"My favorite make so far!\" src=\"https://preview.redd.it/jynnux9scl3c1.jpg?width=640&amp;crop=smart&amp;auto=webp&amp;s=da7de9ef5d87e25e0c8a671c5e5f33ec14f02b08\" title=\"My favorite make so far!\" /> </a> </td><td> <!-- SC_OFF --><div class=\"md\"><p>I started printing 1-2 years ago, so it\u2019s not perfect by any means\u2026 but I\u2019m a big fan of the looks.</p> </div><!-- SC_ON --> &#32; submitted by &#32; <a href=\"https://www.reddit.com/user/AGS-001\"> /u/AGS-001 </a> <br /> <span><a href=\"https://i.redd.it/jynnux9scl3c1.jpg\">[link]</a></span> &#32; <span><a href=\"https://www.reddit.com/r/3Dprinting/comments/18802rz/my_favorite_make_so_far/\">[comments]</a></span> </td></tr></table>", "link": "https://www.reddit.com/r/3Dprinting/comments/18802rz/my_favorite_make_so_far", "date_published": "2023-12-01T02:05:45+00:00", "permanent": false, "bookmarked": false, "dead": false, "artist": "3D Printing", "album": "3D Printing", "user": null, "language": "en", "thumbnail": "https://preview.redd.it/jynnux9scl3c1.jpg?width=640&crop=smart&auto=webp&s=da7de9ef5d87e25e0c8a671c5e5f33ec14f02b08", "age": null, "page_rating_contents": 0, "page_rating_votes": 0, "page_rating_visits": 0, "page_rating": 0, "tags": [], "comments": [], "vote": 0}, {"source": "https://www.reddit.com/r/3Dprinting/.rss", "title": "Filament Spool Lamp", "description": "<table> <tr><td> <a href=\"https://www.reddit.com/r/3Dprinting/comments/18801gd/filament_spool_lamp/\"> <img alt=\"Filament Spool Lamp\" src=\"https://b.thumbs.redditmedia.com/b5xYRx71rp-Ert1A1CpNpewoSz-YeyZMIK_qxvMYFdU.jpg\" title=\"Filament Spool Lamp\" /> </a> </td><td> &#32; submitted by &#32; <a href=\"https://www.reddit.com/user/Turtletech_Creations\"> /u/Turtletech_Creations </a> <br /> <span><a href=\"https://makerworld.com/en/models/78777#profileId-83081\">[link]</a></span> &#32; <span><a href=\"https://www.reddit.com/r/3Dprinting/comments/18801gd/filament_spool_lamp/\">[comments]</a></span> </td></tr></table>", "link": "https://www.reddit.com/r/3Dprinting/comments/18801gd/filament_spool_lamp", "date_published": "2023-12-01T02:04:05+00:00", "permanent": false, "bookmarked": false, "dead": false, "artist": "3D Printing", "album": "3D Printing", "user": null, "language": "en", "thumbnail": "https://b.thumbs.redditmedia.com/b5xYRx71rp-Ert1A1CpNpewoSz-YeyZMIK_qxvMYFdU.jpg", "age": null, "page_rating_contents": 0, "page_rating_votes": 0, "page_rating_visits": 0, "page_rating": 0, "tags": [], "comments": [], "vote": 0}]