[{"source": "https://theintercept.com/feed/?lang=en", "title": "Krystal Ball and Ryan Grim on the Squad", "description": "<p>Ryan Grim and Krystal Ball discuss his new book, \u201cThe Squad: AOC and the Hope of a Political Revolution.\u201d</p>\n<p>The post <a href=\"https://theintercept.com/2023/12/01/deconstructed-podcast-the-squad-aoc-book/\" rel=\"nofollow\">Krystal Ball and Ryan Grim on the Squad</a> appeared first on <a href=\"https://theintercept.com\" rel=\"nofollow\">The Intercept</a>.</p>", "link": "https://theintercept.com/2023/12/01/deconstructed-podcast-the-squad-aoc-book", "date_published": "2023-12-01T11:00:00+00:00", "permanent": false, "bookmarked": false, "dead": false, "artist": "The Intercept", "album": "The Intercept", "user": null, "language": "en-US", "thumbnail": null, "age": null, "page_rating_contents": 0, "page_rating_votes": 0, "page_rating_visits": 0, "page_rating": 0, "tags": [], "comments": [], "vote": 0}]