[{"source": "http://www.zdnet.com/news/rss.xml", "title": "'Data is the new wine': How enterprises can navigate data architecture innovation for long-term maturation and success", "description": "The amount of data in the world continues to rapidly expand, creating new challenges for organizations on how to both manage and organize it effectively.", "link": "https://www.zdnet.com/article/data-is-the-new-wine-how-enterprises-can-navigate-data-architecture-innovation-for-long-term-maturation-and-success/#ftag=RSSbaffb68", "date_published": "2023-12-01T22:00:00+00:00", "permanent": false, "bookmarked": false, "dead": false, "artist": "ZDNET", "album": "ZDNET", "user": null, "language": "en-US", "thumbnail": "https://www.zdnet.com/a/fly/bundles/zdnetcore/images/logos/zdnet-144x144.png", "age": null, "page_rating_contents": 0, "page_rating_votes": 0, "page_rating_visits": 0, "page_rating": 0, "tags": [], "comments": [], "vote": 0}, {"source": "http://www.zdnet.com/news/rss.xml", "title": "This new Android feature lets you make calls without speaking - but it's limited for now", "description": "Details are still a little sparse, but Google's new feature is a huge leap for accessibility.", "link": "https://www.zdnet.com/article/this-new-android-feature-lets-you-make-calls-without-speaking-but-its-limited-for-now/#ftag=RSSbaffb68", "date_published": "2023-12-01T21:53:38+00:00", "permanent": false, "bookmarked": false, "dead": false, "artist": "ZDNET", "album": "ZDNET", "user": null, "language": "en-US", "thumbnail": "https://www.zdnet.com/a/fly/bundles/zdnetcore/images/logos/zdnet-144x144.png", "age": null, "page_rating_contents": 0, "page_rating_votes": 0, "page_rating_visits": 0, "page_rating": 0, "tags": [], "comments": [], "vote": 0}, {"source": "http://www.zdnet.com/news/rss.xml", "title": "This $69 Android tablet is a sign you should stop overpaying for fancier ones", "description": "For most users, most of the time, high-powered iPads are just money wasted. With so many great alternatives for so much less, here's one especially amazing tablet deal.", "link": "https://www.zdnet.com/article/this-69-android-tablet-is-a-sign-you-should-stop-overpaying-for-fancier-ones/#ftag=RSSbaffb68", "date_published": "2023-12-01T21:33:00+00:00", "permanent": false, "bookmarked": false, "dead": false, "artist": "ZDNET", "album": "ZDNET", "user": null, "language": "en-US", "thumbnail": "https://www.zdnet.com/a/fly/bundles/zdnetcore/images/logos/zdnet-144x144.png", "age": null, "page_rating_contents": 0, "page_rating_votes": 0, "page_rating_visits": 0, "page_rating": 0, "tags": [], "comments": [], "vote": 0}, {"source": "http://www.zdnet.com/news/rss.xml", "title": "2023 was a big year for AI: The top countries using it and which AI tools they prefer", "description": "AI use varies from country to country, and this new study dives deep into the technology's immense growth worldwide.", "link": "https://www.zdnet.com/article/2023-was-a-big-year-for-ai-the-top-countries-using-ai-and-the-tools-they-prefer/#ftag=RSSbaffb68", "date_published": "2023-12-01T21:22:06+00:00", "permanent": false, "bookmarked": false, "dead": false, "artist": "ZDNET", "album": "ZDNET", "user": null, "language": "en-US", "thumbnail": "https://www.zdnet.com/a/fly/bundles/zdnetcore/images/logos/zdnet-144x144.png", "age": null, "page_rating_contents": 0, "page_rating_votes": 0, "page_rating_visits": 0, "page_rating": 0, "tags": [], "comments": [], "vote": 0}, {"source": "http://www.zdnet.com/news/rss.xml", "title": "This faux AI chatbot will judge your music taste and make you laugh (hopefully)", "description": "If you were proud of your Spotify Wrapped results, you might feel differently after this site roasts your streaming choices.", "link": "https://www.zdnet.com/article/this-faux-ai-chatbot-will-judge-your-music-taste-and-make-you-laugh-hopefully/#ftag=RSSbaffb68", "date_published": "2023-12-01T21:06:11+00:00", "permanent": false, "bookmarked": false, "dead": false, "artist": "ZDNET", "album": "ZDNET", "user": null, "language": "en-US", "thumbnail": "https://www.zdnet.com/a/fly/bundles/zdnetcore/images/logos/zdnet-144x144.png", "age": null, "page_rating_contents": 0, "page_rating_votes": 0, "page_rating_visits": 0, "page_rating": 0, "tags": [], "comments": [], "vote": 0}, {"source": "http://www.zdnet.com/news/rss.xml", "title": "This Anker USB-C power bank solved my biggest problem with portable chargers", "description": "Anker's Nano Power Bank made charging my iPhone or Android effortless thanks to a clever form factor.", "link": "https://www.zdnet.com/article/this-anker-usb-c-power-bank-solved-my-biggest-problem-with-portable-chargers/#ftag=RSSbaffb68", "date_published": "2023-12-01T20:43:00+00:00", "permanent": false, "bookmarked": false, "dead": false, "artist": "ZDNET", "album": "ZDNET", "user": null, "language": "en-US", "thumbnail": "https://www.zdnet.com/a/fly/bundles/zdnetcore/images/logos/zdnet-144x144.png", "age": null, "page_rating_contents": 0, "page_rating_votes": 0, "page_rating_visits": 0, "page_rating": 0, "tags": [], "comments": [], "vote": 0}, {"source": "http://www.zdnet.com/news/rss.xml", "title": "6 ways to be a great mentor at work (and how it helps you too)", "description": "Passing on your knowledge is important for people who are climbing the career ladder, and it can provide big benefits to the rest of the business - and you.", "link": "https://www.zdnet.com/home-and-office/work-life/6-ways-to-be-a-great-mentor-to-other-professionals-and-how-it-helps-you-too/#ftag=RSSbaffb68", "date_published": "2023-12-01T20:27:05+00:00", "permanent": false, "bookmarked": false, "dead": false, "artist": "ZDNET", "album": "ZDNET", "user": null, "language": "en-US", "thumbnail": "https://www.zdnet.com/a/fly/bundles/zdnetcore/images/logos/zdnet-144x144.png", "age": null, "page_rating_contents": 0, "page_rating_votes": 0, "page_rating_visits": 0, "page_rating": 0, "tags": [], "comments": [], "vote": 0}, {"source": "http://www.zdnet.com/news/rss.xml", "title": "All iPhone 16 models could get improved Action button", "description": "The Action button is Apple's new thing, first appearing on the Apple Watch Ultra, then the iPhone 15 Pro and Pro Max. But the entire iPhone 16 line could be getting this upgrade.", "link": "https://www.zdnet.com/article/all-iphone-16-models-could-get-improved-action-button/#ftag=RSSbaffb68", "date_published": "2023-12-01T18:46:36+00:00", "permanent": false, "bookmarked": false, "dead": false, "artist": "ZDNET", "album": "ZDNET", "user": null, "language": "en-US", "thumbnail": "https://www.zdnet.com/a/fly/bundles/zdnetcore/images/logos/zdnet-144x144.png", "age": null, "page_rating_contents": 0, "page_rating_votes": 0, "page_rating_visits": 0, "page_rating": 0, "tags": [], "comments": [], "vote": 0}, {"source": "http://www.zdnet.com/news/rss.xml", "title": "Every iPhone 16 model next year may be getting the iPhone 15 Pro's hottest feature", "description": "The Action button is Apple's new thing, first appearing on the Apple Watch Ultra, then the iPhone 15 Pro and Pro Max. But the entire iPhone 16 line could be getting this upgrade.", "link": "https://www.zdnet.com/article/every-iphone-16-model-next-year-may-be-getting-the-iphone-15-pros-hottest-feature/#ftag=RSSbaffb68", "date_published": "2023-12-01T18:46:00+00:00", "permanent": false, "bookmarked": false, "dead": false, "artist": "ZDNET", "album": "ZDNET", "user": null, "language": "en-US", "thumbnail": "https://www.zdnet.com/a/fly/bundles/zdnetcore/images/logos/zdnet-144x144.png", "age": null, "page_rating_contents": 0, "page_rating_votes": 0, "page_rating_visits": 0, "page_rating": 0, "tags": [], "comments": [], "vote": 0}, {"source": "http://www.zdnet.com/news/rss.xml", "title": "This $2,500 robot lawn mower is so impressive my neighbors come to watch it mow", "description": "The Husqvarna Automower 430X can mow your lawn automatically. But for the price, you'll want to take note of a few drawbacks.", "link": "https://www.zdnet.com/home-and-office/smart-home/this-2500-robot-lawn-mower-is-so-impressive-my-neighbors-come-to-watch-it-mow/#ftag=RSSbaffb68", "date_published": "2023-12-01T18:44:08+00:00", "permanent": false, "bookmarked": false, "dead": false, "artist": "ZDNET", "album": "ZDNET", "user": null, "language": "en-US", "thumbnail": "https://www.zdnet.com/a/fly/bundles/zdnetcore/images/logos/zdnet-144x144.png", "age": null, "page_rating_contents": 0, "page_rating_votes": 0, "page_rating_visits": 0, "page_rating": 0, "tags": [], "comments": [], "vote": 0}, {"source": "http://www.zdnet.com/news/rss.xml", "title": "The 70 best deals from Best Buy's 3-day holiday sale: Apple devices, TVs, laptops, more", "description": "Best Buy is having a major holiday sale this weekend. ZDNET experts found the best deals to shop for ahead of the holidays.", "link": "https://www.zdnet.com/home-and-office/best-buy-holiday-deals-2023/#ftag=RSSbaffb68", "date_published": "2023-12-01T18:23:31+00:00", "permanent": false, "bookmarked": false, "dead": false, "artist": "ZDNET", "album": "ZDNET", "user": null, "language": "en-US", "thumbnail": "https://www.zdnet.com/a/fly/bundles/zdnetcore/images/logos/zdnet-144x144.png", "age": null, "page_rating_contents": 0, "page_rating_votes": 0, "page_rating_visits": 0, "page_rating": 0, "tags": [], "comments": [], "vote": 0}, {"source": "http://www.zdnet.com/news/rss.xml", "title": "Make your WhatsApp chats even more private with a secret code. Here's how", "description": "Don't want someone seeing your WhatsApp conversation? Now you can protect it with a password.", "link": "https://www.zdnet.com/article/make-your-whatsapp-chats-even-more-private-with-a-secret-code-heres-how/#ftag=RSSbaffb68", "date_published": "2023-12-01T18:19:17+00:00", "permanent": false, "bookmarked": false, "dead": false, "artist": "ZDNET", "album": "ZDNET", "user": null, "language": "en-US", "thumbnail": "https://www.zdnet.com/a/fly/bundles/zdnetcore/images/logos/zdnet-144x144.png", "age": null, "page_rating_contents": 0, "page_rating_votes": 0, "page_rating_visits": 0, "page_rating": 0, "tags": [], "comments": [], "vote": 0}, {"source": "http://www.zdnet.com/news/rss.xml", "title": "These fantastic XR glasses gave my MacBook a 120-inch screen to work with", "description": "Viture's One XR glasses are a clever and portable way to work and play.", "link": "https://www.zdnet.com/article/these-fantastic-xr-glasses-gave-my-macbook-a-120-inch-screen-to-work-with/#ftag=RSSbaffb68", "date_published": "2023-12-01T17:48:00+00:00", "permanent": false, "bookmarked": false, "dead": false, "artist": "ZDNET", "album": "ZDNET", "user": null, "language": "en-US", "thumbnail": "https://www.zdnet.com/a/fly/bundles/zdnetcore/images/logos/zdnet-144x144.png", "age": null, "page_rating_contents": 0, "page_rating_votes": 0, "page_rating_visits": 0, "page_rating": 0, "tags": [], "comments": [], "vote": 0}, {"source": "http://www.zdnet.com/news/rss.xml", "title": "Best Buy is selling Apple's 15-inch MacBook Air for $200 off, and I highly recommend it", "description": "Instead of pushing users upmarket, Apple created arguably the best laptop for most people at a relatively accessible price.", "link": "https://www.zdnet.com/article/best-buy-is-selling-apples-15-inch-macbook-air-for-200-off-and-i-highly-recommend-it/#ftag=RSSbaffb68", "date_published": "2023-12-01T17:39:00+00:00", "permanent": false, "bookmarked": false, "dead": false, "artist": "ZDNET", "album": "ZDNET", "user": null, "language": "en-US", "thumbnail": "https://www.zdnet.com/a/fly/bundles/zdnetcore/images/logos/zdnet-144x144.png", "age": null, "page_rating_contents": 0, "page_rating_votes": 0, "page_rating_visits": 0, "page_rating": 0, "tags": [], "comments": [], "vote": 0}, {"source": "http://www.zdnet.com/news/rss.xml", "title": "This Samsung phone is the one most people should buy (and it's not a flagship)", "description": "It's not Ultra-premium (or even a Plus size), but the Galaxy A54 delivers where it matters most.", "link": "https://www.zdnet.com/article/this-samsung-phone-is-the-one-most-people-should-buy-and-its-not-a-flagship/#ftag=RSSbaffb68", "date_published": "2023-12-01T17:28:00+00:00", "permanent": false, "bookmarked": false, "dead": false, "artist": "ZDNET", "album": "ZDNET", "user": null, "language": "en-US", "thumbnail": "https://www.zdnet.com/a/fly/bundles/zdnetcore/images/logos/zdnet-144x144.png", "age": null, "page_rating_contents": 0, "page_rating_votes": 0, "page_rating_visits": 0, "page_rating": 0, "tags": [], "comments": [], "vote": 0}, {"source": "http://www.zdnet.com/news/rss.xml", "title": "Why I recommend the Sonos Era 100 to most people this holiday season", "description": "The Era 100 builds on the successes of the Sonos One with improved audio quality and touch controls, and one connectivity feature users have been asking for.", "link": "https://www.zdnet.com/home-and-office/home-entertainment/why-i-recommend-the-sonos-era-100-to-most-people-this-holiday-season/#ftag=RSSbaffb68", "date_published": "2023-12-01T17:15:00+00:00", "permanent": false, "bookmarked": false, "dead": false, "artist": "ZDNET", "album": "ZDNET", "user": null, "language": "en-US", "thumbnail": "https://www.zdnet.com/a/fly/bundles/zdnetcore/images/logos/zdnet-144x144.png", "age": null, "page_rating_contents": 0, "page_rating_votes": 0, "page_rating_visits": 0, "page_rating": 0, "tags": [], "comments": [], "vote": 0}, {"source": "http://www.zdnet.com/news/rss.xml", "title": "Upgrade to Windows 11 Pro for the all-time-low price of $23: Last chance", "description": "Don't miss the chance to upgrade your PC to Windows 11 Pro now for the lowest price ever, and get advanced security features and better performance.", "link": "https://www.zdnet.com/article/upgrade-to-windows-11-pro-for-the-all-time-low-price-of-23-last-chance/#ftag=RSSbaffb68", "date_published": "2023-12-01T17:00:23+00:00", "permanent": false, "bookmarked": false, "dead": false, "artist": "ZDNET", "album": "ZDNET", "user": null, "language": "en-US", "thumbnail": "https://www.zdnet.com/a/fly/bundles/zdnetcore/images/logos/zdnet-144x144.png", "age": null, "page_rating_contents": 0, "page_rating_votes": 0, "page_rating_visits": 0, "page_rating": 0, "tags": [], "comments": [], "vote": 0}, {"source": "http://www.zdnet.com/news/rss.xml", "title": "Don't overpay for noise-canceling headphones when this $60 pair sounds this amazing", "description": "The Monoprice BT-600ANC headphones are a reliable and great-sounding pair of headphones with a price tag that will make you feel like you're not paying enough.", "link": "https://www.zdnet.com/article/dont-overpay-for-noise-canceling-headphones-when-this-60-pair-sounds-this-amazing/#ftag=RSSbaffb68", "date_published": "2023-12-01T16:27:00+00:00", "permanent": false, "bookmarked": false, "dead": false, "artist": "ZDNET", "album": "ZDNET", "user": null, "language": "en-US", "thumbnail": "https://www.zdnet.com/a/fly/bundles/zdnetcore/images/logos/zdnet-144x144.png", "age": null, "page_rating_contents": 0, "page_rating_votes": 0, "page_rating_visits": 0, "page_rating": 0, "tags": [], "comments": [], "vote": 0}, {"source": "http://www.zdnet.com/news/rss.xml", "title": "Don't overpay for noise-cancelling headphones when this $60 pair sounds this amazing", "description": "The Monoprice BT-600ANC headphones are a reliable and great-sounding pair of headphones with a price tag that will make you feel like you're not paying enough.", "link": "https://www.zdnet.com/article/dont-overpay-for-noise-cancelling-headphones-when-this-60-pair-sounds-this-amazing/#ftag=RSSbaffb68", "date_published": "2023-12-01T16:27:00+00:00", "permanent": false, "bookmarked": false, "dead": false, "artist": "ZDNET", "album": "ZDNET", "user": null, "language": "en-US", "thumbnail": "https://www.zdnet.com/a/fly/bundles/zdnetcore/images/logos/zdnet-144x144.png", "age": null, "page_rating_contents": 0, "page_rating_votes": 0, "page_rating_visits": 0, "page_rating": 0, "tags": [], "comments": [], "vote": 0}, {"source": "http://www.zdnet.com/news/rss.xml", "title": "I challenge you to find a more rugged Android tablet than this", "description": "If your work environment is tough on devices, you need to check out this brute of a tablet.", "link": "https://www.zdnet.com/article/i-challenge-you-to-find-a-more-rugged-android-tablet-than-this/#ftag=RSSbaffb68", "date_published": "2023-12-01T16:25:00+00:00", "permanent": false, "bookmarked": false, "dead": false, "artist": "ZDNET", "album": "ZDNET", "user": null, "language": "en-US", "thumbnail": "https://www.zdnet.com/a/fly/bundles/zdnetcore/images/logos/zdnet-144x144.png", "age": null, "page_rating_contents": 0, "page_rating_votes": 0, "page_rating_visits": 0, "page_rating": 0, "tags": [], "comments": [], "vote": 0}, {"source": "http://www.zdnet.com/news/rss.xml", "title": "Think you can spot a fake AI-generated news story? Take this quiz to find out", "description": "Some 47% of people surveyed by Netskope believed that a fake AI-created news story was real. Can you do better?", "link": "https://www.zdnet.com/article/think-you-can-spot-a-fake-ai-generated-news-story-take-this-quiz-to-find-out/#ftag=RSSbaffb68", "date_published": "2023-12-01T16:21:49+00:00", "permanent": false, "bookmarked": false, "dead": false, "artist": "ZDNET", "album": "ZDNET", "user": null, "language": "en-US", "thumbnail": "https://www.zdnet.com/a/fly/bundles/zdnetcore/images/logos/zdnet-144x144.png", "age": null, "page_rating_contents": 0, "page_rating_votes": 0, "page_rating_visits": 0, "page_rating": 0, "tags": [], "comments": [], "vote": 0}, {"source": "http://www.zdnet.com/news/rss.xml", "title": "Become a Sam's Club member for just $20 ahead of the holidays: Last chance", "description": "Buy a one-year Sam's Club membership at a big discount right now, and save on everything from groceries to gadgets.", "link": "https://www.zdnet.com/home-and-office/home-entertainment/become-a-sams-club-member-for-just-20-ahead-of-the-holidays-last-chance/#ftag=RSSbaffb68", "date_published": "2023-12-01T16:15:16+00:00", "permanent": false, "bookmarked": false, "dead": false, "artist": "ZDNET", "album": "ZDNET", "user": null, "language": "en-US", "thumbnail": "https://www.zdnet.com/a/fly/bundles/zdnetcore/images/logos/zdnet-144x144.png", "age": null, "page_rating_contents": 0, "page_rating_votes": 0, "page_rating_visits": 0, "page_rating": 0, "tags": [], "comments": [], "vote": 0}, {"source": "http://www.zdnet.com/news/rss.xml", "title": "iOS 17.1.2: A seemingly boring iPhone update you need to install now", "description": "There are no new features baked into iOS 17.1.2, but it's still vital that you install it as soon as possible.", "link": "https://www.zdnet.com/article/ios-17-1-2-a-boring-iphone-update-you-need-to-install-now/#ftag=RSSbaffb68", "date_published": "2023-12-01T15:11:00+00:00", "permanent": false, "bookmarked": false, "dead": false, "artist": "ZDNET", "album": "ZDNET", "user": null, "language": "en-US", "thumbnail": "https://www.zdnet.com/a/fly/bundles/zdnetcore/images/logos/zdnet-144x144.png", "age": null, "page_rating_contents": 0, "page_rating_votes": 0, "page_rating_visits": 0, "page_rating": 0, "tags": [], "comments": [], "vote": 0}, {"source": "http://www.zdnet.com/news/rss.xml", "title": "Generative AI can save marketing professionals 5 hours per week, research says", "description": "Generative AI adoption in marketing reveals promising productivity gains for the future. Marketers estimate generative AI can save them the equivalent of over a month per year, making room for more meaningful work.", "link": "https://www.zdnet.com/article/generative-ai-can-save-marketing-professionals-5-hours-per-week-research-says/#ftag=RSSbaffb68", "date_published": "2023-12-01T15:00:00+00:00", "permanent": false, "bookmarked": false, "dead": false, "artist": "ZDNET", "album": "ZDNET", "user": null, "language": "en-US", "thumbnail": "https://www.zdnet.com/a/fly/bundles/zdnetcore/images/logos/zdnet-144x144.png", "age": null, "page_rating_contents": 0, "page_rating_votes": 0, "page_rating_visits": 0, "page_rating": 0, "tags": [], "comments": [], "vote": 0}, {"source": "http://www.zdnet.com/news/rss.xml", "title": "How to group apps together in MacOS Launchpad (and why you should)", "description": "The MacOS Launchpad is your friend when searching for and launching apps, but it can get cluttered. Here's a handy tip to help make it a more efficient tool.", "link": "https://www.zdnet.com/article/how-to-group-apps-together-in-macos-launchpad-and-why-you-should/#ftag=RSSbaffb68", "date_published": "2023-12-01T13:04:13+00:00", "permanent": false, "bookmarked": false, "dead": false, "artist": "ZDNET", "album": "ZDNET", "user": null, "language": "en-US", "thumbnail": "https://www.zdnet.com/a/fly/bundles/zdnetcore/images/logos/zdnet-144x144.png", "age": null, "page_rating_contents": 0, "page_rating_votes": 0, "page_rating_visits": 0, "page_rating": 0, "tags": [], "comments": [], "vote": 0}, {"source": "http://www.zdnet.com/news/rss.xml", "title": "What is Copilot (formerly Bing Chat)? Here's everything you need to know", "description": "Microsoft's AI chatbot has proved to be a worthy ChatGPT rival, even earning it a spot as ZDNET's best chatbot.", "link": "https://www.zdnet.com/article/what-is-the-new-bing-heres-everything-you-need-to-know/#ftag=RSSbaffb68", "date_published": "2023-12-01T10:42:00+00:00", "permanent": false, "bookmarked": false, "dead": false, "artist": "ZDNET", "album": "ZDNET", "user": null, "language": "en-US", "thumbnail": "https://www.zdnet.com/a/fly/bundles/zdnetcore/images/logos/zdnet-144x144.png", "age": null, "page_rating_contents": 0, "page_rating_votes": 0, "page_rating_visits": 0, "page_rating": 0, "tags": [], "comments": [], "vote": 0}, {"source": "http://www.zdnet.com/news/rss.xml", "title": "What is Copilot (formerly Bing Chat)? Here's everything you need to know", "description": "Microsoft's AI chatbot has proved to be a worthy ChatGPT rival, even earning it a spot as ZDNET's best chatbot.", "link": "https://www.zdnet.com/article/what-is-copilot-formerly-bing-chat-heres-everything-you-need-to-know/#ftag=RSSbaffb68", "date_published": "2023-12-01T10:42:00+00:00", "permanent": false, "bookmarked": false, "dead": false, "artist": "ZDNET", "album": "ZDNET", "user": null, "language": "en-US", "thumbnail": "https://www.zdnet.com/a/fly/bundles/zdnetcore/images/logos/zdnet-144x144.png", "age": null, "page_rating_contents": 0, "page_rating_votes": 0, "page_rating_visits": 0, "page_rating": 0, "tags": [], "comments": [], "vote": 0}, {"source": "http://www.zdnet.com/news/rss.xml", "title": "Tropical datacenter now up and running in Singapore", "description": "Touted as the world's first datacenter testbed for tropical climates, the facility aims to demonstrate several key outcomes, including up to a 40% reduction in energy and water consumption.", "link": "https://www.zdnet.com/article/tropical-data-center-now-up-and-running-in-singapore/#ftag=RSSbaffb68", "date_published": "2023-12-01T09:39:19+00:00", "permanent": false, "bookmarked": false, "dead": false, "artist": "ZDNET", "album": "ZDNET", "user": null, "language": "en-US", "thumbnail": "https://www.zdnet.com/a/fly/bundles/zdnetcore/images/logos/zdnet-144x144.png", "age": null, "page_rating_contents": 0, "page_rating_votes": 0, "page_rating_visits": 0, "page_rating": 0, "tags": [], "comments": [], "vote": 0}, {"source": "http://www.zdnet.com/news/rss.xml", "title": "This high-capacity 140W power bank is my go-to for work and travel", "description": "Looking for a high-power power bank? You can still get the best 140W, 3-port laptop-grade power bank that I've tested for less than $150.", "link": "https://www.zdnet.com/home-and-office/baseus-140w-power-bank/#ftag=RSSbaffb68", "date_published": "2023-12-01T08:28:00+00:00", "permanent": false, "bookmarked": false, "dead": false, "artist": "ZDNET", "album": "ZDNET", "user": null, "language": "en-US", "thumbnail": "https://www.zdnet.com/a/fly/bundles/zdnetcore/images/logos/zdnet-144x144.png", "age": null, "page_rating_contents": 0, "page_rating_votes": 0, "page_rating_visits": 0, "page_rating": 0, "tags": [], "comments": [], "vote": 0}, {"source": "http://www.zdnet.com/news/rss.xml", "title": "This 16-port dream dock belongs on every creative pro's desk", "description": "Does Satechi's Thunderbolt 4 Multimedia Pro dock live up to the hype? Yes, yes it does.", "link": "https://www.zdnet.com/home-and-office/smart-office/this-16-port-dream-dock-belongs-on-every-creative-pros-desk/#ftag=RSSbaffb68", "date_published": "2023-12-01T01:00:00+00:00", "permanent": false, "bookmarked": false, "dead": false, "artist": "ZDNET", "album": "ZDNET", "user": null, "language": "en-US", "thumbnail": "https://www.zdnet.com/a/fly/bundles/zdnetcore/images/logos/zdnet-144x144.png", "age": null, "page_rating_contents": 0, "page_rating_votes": 0, "page_rating_visits": 0, "page_rating": 0, "tags": [], "comments": [], "vote": 0}, {"source": "http://www.zdnet.com/news/rss.xml", "title": "I found the most comprehensive GPS sports watch for fitness tracking, and it's not made by Garmin", "description": "Key hardware improvements give the new Polar Vantage V3 smartwatch some much-needed flare, but the performance tracking will be the most appealing to enthusiasts.", "link": "https://www.zdnet.com/article/i-found-the-most-comprehensive-gps-sports-watch-for-fitness-tracking-and-its-not-made-by-garmin/#ftag=RSSbaffb68", "date_published": "2023-12-01T00:09:00+00:00", "permanent": false, "bookmarked": false, "dead": false, "artist": "ZDNET", "album": "ZDNET", "user": null, "language": "en-US", "thumbnail": "https://www.zdnet.com/a/fly/bundles/zdnetcore/images/logos/zdnet-144x144.png", "age": null, "page_rating_contents": 0, "page_rating_votes": 0, "page_rating_visits": 0, "page_rating": 0, "tags": [], "comments": [], "vote": 0}]