[{"source": "https://www.youtube.com/feeds/videos.xml?channel_id=UCi8e0iOVk1fEOogdfu4YgfA", "title": "Godzilla Minus One Final Trailer (2023)", "description": "Check out the official trailer for Godzilla Minus One directed by Takashi Yamazaki! \n\n\u25ba Buy Tickets on Fandango: https://www.fandango.com/godzilla-minus-one-2023-233115/movie-overview?cmp=Trailers_YouTube_Desc\n\nSubscribe to the channel and click the bell icon to be notified of all the hottest trailers: http://bit.ly/2CNniBy \n\nUS Release Date: December 1, 2023\nDirector: Takashi Yamazaki\nSynopsis: Set in a post-war Japan, Godzilla Minus One will once again show us a Godzilla that is a terrifying and overwhelming force\n\n\u25ba Learn more: https://www.rottentomatoes.com/m/godzilla_minus_one?cmp=Trailers_YouTube_Desc \n\nWatch More:  \n\u25ba Rotten Tomatoes Originals: http://bit.ly/2D3sipV    \n\u25ba Fresh New Clips: https://bit.ly/3mJePrv    \n\u25ba Hot New Trailers: http://bit.ly/2qThrsF   \n\u25ba New TV This Week: https://bit.ly/3Or3I2w   \n \nRotten Tomatoes TRAILERS delivers hot new trailers, exclusive content, and first looks for all the best upcoming movies. Be the first to see everything coming to theaters an", "link": "https://www.youtube.com/watch?v=q9BzuUtAKsE", "date_published": "2023-12-01T21:18:18+00:00", "permanent": false, "bookmarked": false, "dead": false, "artist": "Rotten Tomatoes Trailers", "album": "Rotten Tomatoes Trailers", "user": null, "language": "en-US", "thumbnail": "https://i2.ytimg.com/vi/q9BzuUtAKsE/hqdefault.jpg", "age": null, "page_rating_contents": 0, "page_rating_votes": 0, "page_rating_visits": 0, "page_rating": 0, "tags": [], "comments": [], "vote": 0}, {"source": "https://www.youtube.com/feeds/videos.xml?channel_id=UCi8e0iOVk1fEOogdfu4YgfA", "title": "The Iron Claw Exclusive Spot - Challengers (2023)", "description": "Check out an Exclusive Spot for The Iron Claw starring Zac Efron! Tickets on sale now!\n\n\u25ba Buy Tickets on Fandango: https://www.fandango.com/the-iron-claw-2023-233863/movie-overview?cmp=Trailers_YouTube_Desc\n\nSubscribe to the channel and click the bell icon to be notified of all the hottest trailers: http://bit.ly/2CNniBy \n\n\u25ba Shop Rotten Tomatoes: http://bit.ly/3KvCU1M\n\nUS Release Date: December 22, 2023\nStarring: Zac Efron, Jeremy Allen White, Harris Dickinson\nDirector: Sean Durkin\nSynopsis: The true story of the inseparable Von Erich brothers, who made history in the intensely competitive world of professional wrestling in the early 1980s. Through tragedy and triumph, under the shadow of their domineering father and coach, the brothers seek larger-than-life immortality on the biggest stage in sports.\n\n\u25ba Learn more: https://www.rottentomatoes.com/m/the_iron_claw_2023?cmp=Trailers_YouTube_Desc \n\nWatch More:  \n\u25ba Rotten Tomatoes Originals: http://bit.ly/2D3sipV    \n\u25ba Fresh New Clips: ht", "link": "https://www.youtube.com/watch?v=yup3BAthmhg", "date_published": "2023-12-01T16:00:45+00:00", "permanent": false, "bookmarked": false, "dead": false, "artist": "Rotten Tomatoes Trailers", "album": "Rotten Tomatoes Trailers", "user": null, "language": "en-US", "thumbnail": "https://i2.ytimg.com/vi/yup3BAthmhg/hqdefault.jpg", "age": null, "page_rating_contents": 0, "page_rating_votes": 0, "page_rating_visits": 0, "page_rating": 0, "tags": [], "comments": [], "vote": 0}, {"source": "https://www.youtube.com/feeds/videos.xml?channel_id=UCi8e0iOVk1fEOogdfu4YgfA", "title": "Furiosa: A Mad Max Saga Trailer #1 (2024)", "description": "Check out the Official Trailer for Furiosa starring Anya Taylor-Joy! \n\n\u25ba Buy Tickets on Fandango: https://www.fandango.com/furiosa-2024-234402/movie-overview?cmp=Trailers_YouTube_Desc\n\nSubscribe to the channel and click the bell icon to be notified of all the hottest trailers: http://bit.ly/2CNniBy \n\n\u25ba Shop Rotten Tomatoes: http://bit.ly/3KvCU1M\n\nUS Release Date: May 24, 2024\nStarring: Anya Taylor-Joy, Chris Hemsworth, Tom Burke\nDirector: George Miller\nSynopsis: Snatched from the Green Place of Many Mothers, young Furiosa finds herself caught in the crossfire between two tyrannical warlords.\n\n\u25ba Learn more: https://www.rottentomatoes.com/m/furiosa?cmp=Trailers_YouTube_Desc \n\nWatch More:  \n\u25ba Rotten Tomatoes Originals: http://bit.ly/2D3sipV    \n\u25ba Fresh New Clips: https://bit.ly/3mJePrv    \n\u25ba Hot New Trailers: http://bit.ly/2qThrsF   \n\u25ba New TV This Week: https://bit.ly/3Or3I2w   \n \nRotten Tomatoes TRAILERS delivers hot new trailers, exclusive content, and first looks for all the best upc", "link": "https://www.youtube.com/watch?v=U0tgO_WCJr0", "date_published": "2023-12-01T00:07:54+00:00", "permanent": false, "bookmarked": false, "dead": false, "artist": "Rotten Tomatoes Trailers", "album": "Rotten Tomatoes Trailers", "user": null, "language": "en-US", "thumbnail": "https://i2.ytimg.com/vi/U0tgO_WCJr0/hqdefault.jpg", "age": null, "page_rating_contents": 0, "page_rating_votes": 0, "page_rating_visits": 0, "page_rating": 0, "tags": [], "comments": [], "vote": 0}]