[{"source": "https://www.gulf-insider.com/feed", "title": "Watch: German President Left Waiting in Hot Sun, Ignored on Arrival in Qatar", "description": "<p>Russian President Vladimir Putin this week mocked Germany, saying it is getting pushed around by outside powers and increasingly lacks sovereignty. Putin said Wednesday according to an English translation in\u00a0state media, &#8220;The Germans swallow all this because\u2026 they lack sovereignty. And some government leaders apparently lack sufficient professional skills to make adequate and professional decisions. &#8230;</p>\n<p>The post <a href=\"https://www.gulf-insider.com/watch-german-president-left-waiting-in-hot-sun-ignored-on-arrival-in-qatar/\">Watch: German President Left Waiting in Hot Sun, Ignored on Arrival in Qatar</a> appeared first on <a href=\"https://www.gulf-insider.com\">Gulf Insider</a>.</p>", "link": "https://www.gulf-insider.com/watch-german-president-left-waiting-in-hot-sun-ignored-on-arrival-in-qatar", "date_published": "2023-12-01T14:22:20+00:00", "permanent": false, "bookmarked": false, "dead": false, "artist": "Gulf Insider", "album": "Gulf Insider", "user": null, "language": "en-US", "thumbnail": "https://www.gulf-insider.com/wp-content/uploads/2017/02/cropped-favicon-1-32x32.jpg", "age": null, "page_rating_contents": 0, "page_rating_votes": 0, "page_rating_visits": 0, "page_rating": 0, "tags": [], "comments": [], "vote": 0}, {"source": "https://www.gulf-insider.com/feed", "title": "Saudi: Traveler With Fake Identity Arrested at Jeddah Airport", "description": "<p>A traveler with fake identity was arrested by immigration officials at King Abdulaziz International Airport in Jeddah. Saudi Arabia&#8217;s General Directorate of Passports (Jawazat) announced on Thursday. The Jawazat stated that the traveler holds Pakistani nationality, and he was coming to Saudi Arabia with the intention of staying in the country illegally. It said the &#8230;</p>\n<p>The post <a href=\"https://www.gulf-insider.com/saudi-traveler-with-fake-identity-arrested-at-jeddah-airport/\">Saudi: Traveler With Fake Identity Arrested at Jeddah Airport</a> appeared first on <a href=\"https://www.gulf-insider.com\">Gulf Insider</a>.</p>", "link": "https://www.gulf-insider.com/saudi-traveler-with-fake-identity-arrested-at-jeddah-airport", "date_published": "2023-12-01T09:09:10+00:00", "permanent": false, "bookmarked": false, "dead": false, "artist": "Gulf Insider", "album": "Gulf Insider", "user": null, "language": "en-US", "thumbnail": "https://www.gulf-insider.com/wp-content/uploads/2017/02/cropped-favicon-1-32x32.jpg", "age": null, "page_rating_contents": 0, "page_rating_votes": 0, "page_rating_visits": 0, "page_rating": 0, "tags": [], "comments": [], "vote": 0}, {"source": "https://www.gulf-insider.com/feed", "title": "Kuwait: Customs Seizes 2,183 Bottles of Alcohol", "description": "<p>Shuwaikh Port customs inspectors managed to seize approximately 2,183 bottles of alcohol, hidden in a large generator arriving from one of the Gulf countries through Port Customs. \u201cA large electric generator coming from one of the Gulf countries arrived at Shuwaikh Port Customs, but the customs inspectors of the northern ports and Failaka Island &#8211; &#8230;</p>\n<p>The post <a href=\"https://www.gulf-insider.com/kuwait-customs-seizes-2183-bottles-of-alcohol/\">Kuwait: Customs Seizes 2,183 Bottles of Alcohol</a> appeared first on <a href=\"https://www.gulf-insider.com\">Gulf Insider</a>.</p>", "link": "https://www.gulf-insider.com/kuwait-customs-seizes-2183-bottles-of-alcohol", "date_published": "2023-12-01T09:06:23+00:00", "permanent": false, "bookmarked": false, "dead": false, "artist": "Gulf Insider", "album": "Gulf Insider", "user": null, "language": "en-US", "thumbnail": "https://www.gulf-insider.com/wp-content/uploads/2017/02/cropped-favicon-1-32x32.jpg", "age": null, "page_rating_contents": 0, "page_rating_votes": 0, "page_rating_visits": 0, "page_rating": 0, "tags": [], "comments": [], "vote": 0}, {"source": "https://www.gulf-insider.com/feed", "title": "113 Companies Booked for \u2018Fake Emiratisation\u2019 in UAE", "description": "<p>The Ministry of Human Resources and Emiratisation (MOHRE) has referred 113 private companies to the Public Prosecution for violating Emiratisation decisions. At least 98 private companies were involved in appointing citizens on \u2018fake Emiratisation\u2019 posts, and 15 other companies were found involved in circumventing Emiratisation targets. The total number of companies violating the Emiratisation decisions &#8230;</p>\n<p>The post <a href=\"https://www.gulf-insider.com/113-companies-booked-for-fake-emiratisation-in-uae/\">113 Companies Booked for \u2018Fake Emiratisation\u2019 in UAE</a> appeared first on <a href=\"https://www.gulf-insider.com\">Gulf Insider</a>.</p>", "link": "https://www.gulf-insider.com/113-companies-booked-for-fake-emiratisation-in-uae", "date_published": "2023-12-01T09:00:56+00:00", "permanent": false, "bookmarked": false, "dead": false, "artist": "Gulf Insider", "album": "Gulf Insider", "user": null, "language": "en-US", "thumbnail": "https://www.gulf-insider.com/wp-content/uploads/2017/02/cropped-favicon-1-32x32.jpg", "age": null, "page_rating_contents": 0, "page_rating_votes": 0, "page_rating_visits": 0, "page_rating": 0, "tags": [], "comments": [], "vote": 0}, {"source": "https://www.gulf-insider.com/feed", "title": "Free Parking in Dubai on Union Day: RTA Announces Service Timings", "description": "<p>The Roads and Transport Authority (RTA) announced the working hours for all services during the 52nd Union Day holiday. The change in business hours relate to customer happiness centres, paid parking zones, public buses, Dubai Metro and Tram, marine transport means, and service provider centers (technical inspection of vehicles). Public Parking Public parking will be &#8230;</p>\n<p>The post <a href=\"https://www.gulf-insider.com/free-parking-in-dubai-on-union-day-rta-announces-service-timings/\">Free Parking in Dubai on Union Day: RTA Announces Service Timings</a> appeared first on <a href=\"https://www.gulf-insider.com\">Gulf Insider</a>.</p>", "link": "https://www.gulf-insider.com/free-parking-in-dubai-on-union-day-rta-announces-service-timings", "date_published": "2023-12-01T08:55:07+00:00", "permanent": false, "bookmarked": false, "dead": false, "artist": "Gulf Insider", "album": "Gulf Insider", "user": null, "language": "en-US", "thumbnail": "https://www.gulf-insider.com/wp-content/uploads/2017/02/cropped-favicon-1-32x32.jpg", "age": null, "page_rating_contents": 0, "page_rating_votes": 0, "page_rating_visits": 0, "page_rating": 0, "tags": [], "comments": [], "vote": 0}, {"source": "https://www.gulf-insider.com/feed", "title": "UAE Pet Taxi: Rise in Pet Ownership Fuels Demand for Furry-Friendly Cabs in Dubai, Abu Dhabi", "description": "<p>The demand for pet taxis in the UAE is growing due to an increase in pet ownership and\u00a0pet-friendly establishments, fuelled by the region\u2019s increased population growth as well as the expansion of the pet community, pet taxi startup Chauf-fur\u2019s co-founder Nader Moursi. Pet taxis, which cater to necessities like vet visits and daycare trips as &#8230;</p>\n<p>The post <a href=\"https://www.gulf-insider.com/uae-pet-taxi-rise-in-pet-ownership-fuels-demand-for-furry-friendly-cabs-in-dubai-abu-dhabi/\">UAE Pet Taxi: Rise in Pet Ownership Fuels Demand for Furry-Friendly Cabs in Dubai, Abu Dhabi</a> appeared first on <a href=\"https://www.gulf-insider.com\">Gulf Insider</a>.</p>", "link": "https://www.gulf-insider.com/uae-pet-taxi-rise-in-pet-ownership-fuels-demand-for-furry-friendly-cabs-in-dubai-abu-dhabi", "date_published": "2023-12-01T08:46:46+00:00", "permanent": false, "bookmarked": false, "dead": false, "artist": "Gulf Insider", "album": "Gulf Insider", "user": null, "language": "en-US", "thumbnail": "https://www.gulf-insider.com/wp-content/uploads/2017/02/cropped-favicon-1-32x32.jpg", "age": null, "page_rating_contents": 0, "page_rating_votes": 0, "page_rating_visits": 0, "page_rating": 0, "tags": [], "comments": [], "vote": 0}, {"source": "https://www.gulf-insider.com/feed", "title": "Vistara to Launch Direct Flight Service to Doha From Mumbai", "description": "<p>Indian full service airline Vistara\u00a0announced plans to launch a direct flight service to Doha from India\u2019s commercial capital Mumbai. The new service is slated to commence on December 15, the airline said in a media statement. The carrier said it will operate four flights in a week between Doha and Mumbai, using its A321neo aircraft. &#8230;</p>\n<p>The post <a href=\"https://www.gulf-insider.com/vistara-to-launch-direct-flight-service-to-doha-from-mumbai/\">Vistara to Launch Direct Flight Service to Doha From Mumbai</a> appeared first on <a href=\"https://www.gulf-insider.com\">Gulf Insider</a>.</p>", "link": "https://www.gulf-insider.com/vistara-to-launch-direct-flight-service-to-doha-from-mumbai", "date_published": "2023-12-01T08:36:10+00:00", "permanent": false, "bookmarked": false, "dead": false, "artist": "Gulf Insider", "album": "Gulf Insider", "user": null, "language": "en-US", "thumbnail": "https://www.gulf-insider.com/wp-content/uploads/2017/02/cropped-favicon-1-32x32.jpg", "age": null, "page_rating_contents": 0, "page_rating_votes": 0, "page_rating_visits": 0, "page_rating": 0, "tags": [], "comments": [], "vote": 0}, {"source": "https://www.gulf-insider.com/feed", "title": "EVs Have 80% More Problems Than Traditional Gas Vehicles, Consumer Reports Finds", "description": "<p>A new report from Consumer Reports found that electric vehicles have almost 80% more problems and are &#8220;generally less reliable&#8221; than conventional internal combustion engine cars.\u00a0 Even worse than electric vehicles were plug-in hybrid electric vehicles, which were found to have 150% more issues than traditional ICE vehicles.&#160;Ordinary hybrids are the best of the breed, &#8230;</p>\n<p>The post <a href=\"https://www.gulf-insider.com/evs-have-80-more-problems-than-traditional-gas-vehicles-consumer-reports-finds/\">EVs Have 80% More Problems Than Traditional Gas Vehicles, Consumer Reports Finds</a> appeared first on <a href=\"https://www.gulf-insider.com\">Gulf Insider</a>.</p>", "link": "https://www.gulf-insider.com/evs-have-80-more-problems-than-traditional-gas-vehicles-consumer-reports-finds", "date_published": "2023-12-01T07:47:37+00:00", "permanent": false, "bookmarked": false, "dead": false, "artist": "Gulf Insider", "album": "Gulf Insider", "user": null, "language": "en-US", "thumbnail": "https://www.gulf-insider.com/wp-content/uploads/2017/02/cropped-favicon-1-32x32.jpg", "age": null, "page_rating_contents": 0, "page_rating_votes": 0, "page_rating_visits": 0, "page_rating": 0, "tags": [], "comments": [], "vote": 0}, {"source": "https://www.gulf-insider.com/feed", "title": "US: In Last-Minute Optics Rescue, VP Harris to Attend COP28 Climate Summit in Dubai", "description": "<p>The\u00a0White House announced\u00a0on Nov 29 that Ms. Harris, along with &#8220;dozens of senior U.S. officials representing more than 20 U.S. departments and agencies&#8221; will be headed to the 28th Conference of the Parties to the UN Framework Convention on Climate Change, or COP28, being held in the United Arab Emirates&#8217; capital. In a Wednesday afternoon &#8230;</p>\n<p>The post <a href=\"https://www.gulf-insider.com/in-last-minute-optics-rescue-vp-harris-to-attend-cop28-climate-summit-in-dubai/\">US: In Last-Minute Optics Rescue, VP Harris to Attend COP28 Climate Summit in Dubai</a> appeared first on <a href=\"https://www.gulf-insider.com\">Gulf Insider</a>.</p>", "link": "https://www.gulf-insider.com/in-last-minute-optics-rescue-vp-harris-to-attend-cop28-climate-summit-in-dubai", "date_published": "2023-12-01T06:52:02+00:00", "permanent": false, "bookmarked": false, "dead": false, "artist": "Gulf Insider", "album": "Gulf Insider", "user": null, "language": "en-US", "thumbnail": "https://www.gulf-insider.com/wp-content/uploads/2017/02/cropped-favicon-1-32x32.jpg", "age": null, "page_rating_contents": 0, "page_rating_votes": 0, "page_rating_visits": 0, "page_rating": 0, "tags": [], "comments": [], "vote": 0}, {"source": "https://www.gulf-insider.com/feed", "title": "How Much Caffeine Is Too Much Caffeine?", "description": "<p>A little boost from a morning cup of coffee may be a welcome stimulant on a busy day and even offer health benefits for some people, but how much caffeine is too much? The answer varies from person to person, but overall, experts say it\u2019s safe for a healthy person to consume about 400 milligrams &#8230;</p>\n<p>The post <a href=\"https://www.gulf-insider.com/how-much-caffeine-is-too-much-caffeine/\">How Much Caffeine Is Too Much Caffeine?</a> appeared first on <a href=\"https://www.gulf-insider.com\">Gulf Insider</a>.</p>", "link": "https://www.gulf-insider.com/how-much-caffeine-is-too-much-caffeine", "date_published": "2023-12-01T06:31:00+00:00", "permanent": false, "bookmarked": false, "dead": false, "artist": "Gulf Insider", "album": "Gulf Insider", "user": null, "language": "en-US", "thumbnail": "https://www.gulf-insider.com/wp-content/uploads/2017/02/cropped-favicon-1-32x32.jpg", "age": null, "page_rating_contents": 0, "page_rating_votes": 0, "page_rating_visits": 0, "page_rating": 0, "tags": [], "comments": [], "vote": 0}, {"source": "https://www.gulf-insider.com/feed", "title": "Hardline Minister Threatens to Collapse Israel\u2019s Coalition Govt if Gaza War Stops", "description": "<p>The international community has seen the ongoing temporary truce and accompanying hostage/prisoner swap in Gaza as a good and welcome development. The UN and even regional Arab countries have urged for the ceasefire to become permanent, but\u00a0hardliners in the Israeli government are growing impatient\u00a0concerning Israel&#8217;s stated aim of wiping out Hamas. National Security Minister\u00a0Itamar Ben-Gvir &#8230;</p>\n<p>The post <a href=\"https://www.gulf-insider.com/hardline-minister-threatens-to-collapse-israels-coalition-govt-if-gaza-war-stops/\">Hardline Minister Threatens to Collapse Israel\u2019s Coalition Govt if Gaza War Stops</a> appeared first on <a href=\"https://www.gulf-insider.com\">Gulf Insider</a>.</p>", "link": "https://www.gulf-insider.com/hardline-minister-threatens-to-collapse-israels-coalition-govt-if-gaza-war-stops", "date_published": "2023-12-01T06:22:31+00:00", "permanent": false, "bookmarked": false, "dead": false, "artist": "Gulf Insider", "album": "Gulf Insider", "user": null, "language": "en-US", "thumbnail": "https://www.gulf-insider.com/wp-content/uploads/2017/02/cropped-favicon-1-32x32.jpg", "age": null, "page_rating_contents": 0, "page_rating_votes": 0, "page_rating_visits": 0, "page_rating": 0, "tags": [], "comments": [], "vote": 0}]