[{"source": "https://allafrica.com/tools/headlines/rdf/africa/headlines.rdf", "title": "Africa: Ex-President Ellen Johnson Sirleaf Calls On Africans to Retrospect On the Africa's Legacy On Global Architectures of Intellectualism", "description": "[FrontPageAfrica] Monrovia -- Former Liberian President and Nobel Peace Laureate, Ellen Johnson Sirleaf, has called on Africans to introspect Africa's legacy on the global architectures of intellectualism and redefine the continent's role shaping a new tragetory.", "link": "https://allafrica.com/stories/202312010425.html", "date_published": "2023-12-01T15:19:07+00:00", "permanent": false, "bookmarked": false, "dead": false, "artist": "All Africa", "album": "All Africa", "user": null, "language": "en", "thumbnail": "https://cdn02.allafrica.com/static/images/structure/aa-logo-rgba-119x45.png", "age": null, "page_rating_contents": 0, "page_rating_votes": 0, "page_rating_visits": 0, "page_rating": 0, "tags": [], "comments": [], "vote": 0}, {"source": "https://allafrica.com/tools/headlines/rdf/africa/headlines.rdf", "title": "Africa: Who Is Helping Africa's Development Ascent? a Spotlight On China's Belt and Road Initiative", "description": "[Ghanaian Times] Visualise a modern highway active with trade, not just spanning a single nation but stretching and winding across continents, over rugged mountains, through cities, and across oceans. This is perhaps the most straightforward illustration to describe the vision of China's Belt and Road Initiative (BRI), a grand strategy unveiled by the Chinese government in 2013 to boost infrastructure and trade links from China to Europe and Africa.", "link": "https://allafrica.com/stories/202312010192.html", "date_published": "2023-12-01T10:15:29+00:00", "permanent": false, "bookmarked": false, "dead": false, "artist": "All Africa", "album": "All Africa", "user": null, "language": "en", "thumbnail": "https://cdn02.allafrica.com/static/images/structure/aa-logo-rgba-119x45.png", "age": null, "page_rating_contents": 0, "page_rating_votes": 0, "page_rating_visits": 0, "page_rating": 0, "tags": [], "comments": [], "vote": 0}, {"source": "https://allafrica.com/tools/headlines/rdf/africa/headlines.rdf", "title": "Africa: 'Echoing the Voice of Africa' Book Launched in Accra", "description": "[Ghanaian Times] \"Echoing the Voice of Africa\" a book documenting the inspirational speeches of the King of Morocco, His Majesty King Mohammed VI, on his vision for the sustainable development of Africa, peace and security, was on Saturday launched in Accra.", "link": "https://allafrica.com/stories/202312010187.html", "date_published": "2023-12-01T10:15:25+00:00", "permanent": false, "bookmarked": false, "dead": false, "artist": "All Africa", "album": "All Africa", "user": null, "language": "en", "thumbnail": "https://cdn02.allafrica.com/static/images/structure/aa-logo-rgba-119x45.png", "age": null, "page_rating_contents": 0, "page_rating_votes": 0, "page_rating_visits": 0, "page_rating": 0, "tags": [], "comments": [], "vote": 0}, {"source": "https://allafrica.com/tools/headlines/rdf/africa/headlines.rdf", "title": "Africa: Bumper TotalEnergies CAF Confederation Cup Action Lined up for Sunday", "description": "[CAF] Match Day 2 of the TotalEnergies CAF Confederation Cup resumes on Sunday, 03 December in another Sunday dose of African club football across the continent.", "link": "https://allafrica.com/stories/202312010067.html", "date_published": "2023-12-01T08:23:14+00:00", "permanent": false, "bookmarked": false, "dead": false, "artist": "All Africa", "album": "All Africa", "user": null, "language": "en", "thumbnail": "https://cdn02.allafrica.com/static/images/structure/aa-logo-rgba-119x45.png", "age": null, "page_rating_contents": 0, "page_rating_votes": 0, "page_rating_visits": 0, "page_rating": 0, "tags": [], "comments": [], "vote": 0}, {"source": "https://allafrica.com/tools/headlines/rdf/africa/headlines.rdf", "title": "Africa: OPEC Agrees On Additional Oil Production Cut", "description": "[Premium Times] OPEC disclosed this at its 36th OPEC and non-OPEC ministerial meeting", "link": "https://allafrica.com/stories/202312010050.html", "date_published": "2023-12-01T06:52:43+00:00", "permanent": false, "bookmarked": false, "dead": false, "artist": "All Africa", "album": "All Africa", "user": null, "language": "en", "thumbnail": "https://cdn02.allafrica.com/static/images/structure/aa-logo-rgba-119x45.png", "age": null, "page_rating_contents": 0, "page_rating_votes": 0, "page_rating_visits": 0, "page_rating": 0, "tags": [], "comments": [], "vote": 0}, {"source": "https://allafrica.com/tools/headlines/rdf/africa/headlines.rdf", "title": "Africa: New Research Shows Urgent Need to Remove Barriers to HIV Prevention and Treatment", "description": "[Frontline Aids] A new set of HIV Prevention &#x26; Accountability reports developed by Frontline AIDS and community partners in India and nine countries in Africa show that while governments have made important progress in reducing the number of people newly acquiring HIV, most are still not investing enough in HIV prevention.", "link": "https://allafrica.com/stories/202312010049.html", "date_published": "2023-12-01T06:52:03+00:00", "permanent": false, "bookmarked": false, "dead": false, "artist": "All Africa", "album": "All Africa", "user": null, "language": "en", "thumbnail": "https://cdn02.allafrica.com/static/images/structure/aa-logo-rgba-119x45.png", "age": null, "page_rating_contents": 0, "page_rating_votes": 0, "page_rating_visits": 0, "page_rating": 0, "tags": [], "comments": [], "vote": 0}, {"source": "https://allafrica.com/tools/headlines/rdf/africa/headlines.rdf", "title": "Africa: 18 Tanzanian Firms Access AfCFTA", "description": "[Daily News] Eighteen Tanzanian companies have managed to access and sell products to the African Continental Free Trade Area (AfCFTA) market in this financial year.", "link": "https://allafrica.com/stories/202312010034.html", "date_published": "2023-12-01T06:43:21+00:00", "permanent": false, "bookmarked": false, "dead": false, "artist": "All Africa", "album": "All Africa", "user": null, "language": "en", "thumbnail": "https://cdn02.allafrica.com/static/images/structure/aa-logo-rgba-119x45.png", "age": null, "page_rating_contents": 0, "page_rating_votes": 0, "page_rating_visits": 0, "page_rating": 0, "tags": [], "comments": [], "vote": 0}, {"source": "https://allafrica.com/tools/headlines/rdf/africa/headlines.rdf", "title": "Africa: Climate Change Risks Upending Global Fight Against Malaria - WHO", "description": "[UN News] Climate change and its impacts, particularly extreme weather and heatwaves, pose a \"substantial risk\" to progress being made to fight malaria, the UN World Health Organization (WHO) said on Thursday.", "link": "https://allafrica.com/stories/202312010004.html", "date_published": "2023-12-01T04:45:53+00:00", "permanent": false, "bookmarked": false, "dead": false, "artist": "All Africa", "album": "All Africa", "user": null, "language": "en", "thumbnail": "https://cdn02.allafrica.com/static/images/structure/aa-logo-rgba-119x45.png", "age": null, "page_rating_contents": 0, "page_rating_votes": 0, "page_rating_visits": 0, "page_rating": 0, "tags": [], "comments": [], "vote": 0}, {"source": "https://allafrica.com/tools/headlines/rdf/africa/headlines.rdf", "title": "Africa: COP28 - How 7 Policies Could Help Save a Billion Lives By 2100", "description": "[The Conversation Africa] In a recent review of more than 180 peer-reviewed articles -- which I conducted with fellow researcher Richard Parncutt -- we found that a scientific consensus has formed around the so-called 1,000-ton rule.", "link": "https://allafrica.com/stories/202312010003.html", "date_published": "2023-12-01T04:42:29+00:00", "permanent": false, "bookmarked": false, "dead": false, "artist": "All Africa", "album": "All Africa", "user": null, "language": "en", "thumbnail": "https://cdn02.allafrica.com/static/images/structure/aa-logo-rgba-119x45.png", "age": null, "page_rating_contents": 0, "page_rating_votes": 0, "page_rating_visits": 0, "page_rating": 0, "tags": [], "comments": [], "vote": 0}, {"source": "https://allafrica.com/tools/headlines/rdf/africa/headlines.rdf", "title": "Africa: World Aids Day - What Impact Has 20 Years of U.S. Funding Had On HIV/Aids", "description": "[Thomson Reuters Foundation] Toronto -- In the 20 years since U.S. President George W. Bush launched the world's biggest investment to fight HIV/AIDS, the fund has had a \"dramatic and life-saving impact\", UNAIDS U.S. liaison office director Vinay Saldhana told Openly.", "link": "https://allafrica.com/stories/202312010002.html", "date_published": "2023-12-01T04:41:04+00:00", "permanent": false, "bookmarked": false, "dead": false, "artist": "All Africa", "album": "All Africa", "user": null, "language": "en", "thumbnail": "https://cdn02.allafrica.com/static/images/structure/aa-logo-rgba-119x45.png", "age": null, "page_rating_contents": 0, "page_rating_votes": 0, "page_rating_visits": 0, "page_rating": 0, "tags": [], "comments": [], "vote": 0}]