[{"source": "https://www.youtube.com/feeds/videos.xml?channel_id=UCswH8ovgUp5Bdg-0_JTYFNw", "title": "Elon's \"F*CK YOURSELF\" Rallying Cry - What It REALLY Means", "description": "At the New York Times' DealBook Summit Elon Musk slammed advertisers that have left X\n\nSupport Me Directly HERE: https://rb.rumble.com\n\nWATCH me LIVE weekdays on Rumble: https://bit.ly/russellbrand-rumble", "link": "https://www.youtube.com/watch?v=XKwkKQJYkMI", "date_published": "2023-12-01T18:19:03+00:00", "permanent": false, "bookmarked": false, "dead": false, "artist": "Russel Brand", "album": "Russel Brand", "user": null, "language": "en-US", "thumbnail": "https://i1.ytimg.com/vi/XKwkKQJYkMI/hqdefault.jpg", "age": null, "page_rating_contents": 0, "page_rating_votes": 0, "page_rating_visits": 0, "page_rating": 0, "tags": [], "comments": [], "vote": 0}]