[{"source": "https://www.youtube.com/feeds/videos.xml?channel_id=UCRlICXvO4XR4HMeEB9JjDlA", "title": "Oppenheimer's Famous Bombs Could Have Been Even Bigger", "description": "Thoughty2 Patreon & Discord: https://www.patreon.com/thoughty2\nThoughty2 Audiobook: https://geni.us/t2audio\nThoughty2 Book: https://geni.us/t2book\n\nFollow Thoughty2\nTikTok: https://www.tiktok.com/@realthoughty2\nFacebook: https://facebook.com/thoughty2\nInstagram: https://instagram.com/thoughty2\nWebsite: http://thoughty2.com\n\nAbout Thoughty2\nThoughty2 (Arran) is a British YouTuber and gatekeeper of useless facts. Thoughty2 creates mind-blowing factual videos about science, tech, history, opinion and just about everything else.\n#Thoughty2", "link": "https://www.youtube.com/watch?v=P19-bOr9odM", "date_published": "2023-12-01T19:00:19+00:00", "permanent": false, "bookmarked": false, "dead": false, "artist": "Thoughty2", "album": "Thoughty2", "user": null, "language": "en-US", "thumbnail": "https://i1.ytimg.com/vi/P19-bOr9odM/hqdefault.jpg", "age": null, "page_rating_contents": 0, "page_rating_votes": 0, "page_rating_visits": 0, "page_rating": 0, "tags": [], "comments": [], "vote": 0}]