[{"source": "https://www.polsatnews.pl/rss/swiat.xml", "title": "Rosja. W\u0142adimir Putin zwi\u0119kszy\u0142 liczebno\u015b\u0107 armii. Obowi\u0105zuje nowy dekret", "description": "Prezydent Rosji W\u0142adimir Putin podpisa\u0142 dekret zwi\u0119kszaj\u0105cy liczebno\u015b\u0107 rosyjskiej armii. Resort obrony zastrzega, \u017ce wi\u0119cej \u017co\u0142nierzy nie oznacza jednak powszechnego poboru do wojska, ale przeciwnicy Kremla m\u00f3wi\u0105 o ukrytej mobilizacji.", "link": "https://www.polsatnews.pl/wiadomosc/2023-12-01/rosja-wladimir-putin-zwiekszyl-liczebnosc-armii-obowiazuje-nowy-dekret", "date_published": "2023-12-01T20:25:00+00:00", "permanent": false, "bookmarked": false, "dead": false, "artist": "Polsat News", "album": "Polsat News", "user": null, "language": "pl-PL", "thumbnail": null, "age": null, "page_rating_contents": 0, "page_rating_votes": 0, "page_rating_visits": 0, "page_rating": 0, "tags": [], "comments": [], "vote": 0}, {"source": "https://www.polsatnews.pl/rss/swiat.xml", "title": "Afganistan. Talibowie ustanowili ambasadora w pierwszym kraju. Chodzi o \u015bwiatowe mocarstwo", "description": "Talibowie, kt\u00f3rzy przej\u0119li w\u0142adz\u0119 w Afganistanie, po dw\u00f3ch latach swoich rz\u0105d\u00f3w wyznaczyli ambasadora w pierwszym kraju. To stanowisko obj\u0105\u0142 w Chinach by\u0142 rzecznik administracji Bilal Karimi. Dyplomatyczne zacie\u015bnianie wi\u0119zi mi\u0119dzy tymi pa\u0144stwami rozpocz\u0119\u0142o si\u0119 ju\u017c wcze\u015bniej.", "link": "https://www.polsatnews.pl/wiadomosc/2023-12-01/afganistan-talibowie-ustanowili-ambasadora-w-pierwszym-kraju-chodzi-o-swiatowe-mocarstwo", "date_published": "2023-12-01T16:44:00+00:00", "permanent": false, "bookmarked": false, "dead": false, "artist": "Polsat News", "album": "Polsat News", "user": null, "language": "pl-PL", "thumbnail": null, "age": null, "page_rating_contents": 0, "page_rating_votes": 0, "page_rating_visits": 0, "page_rating": 0, "tags": [], "comments": [], "vote": 0}, {"source": "https://www.polsatnews.pl/rss/swiat.xml", "title": "COP28. Andrzej Duda: Stabilna energia z atomu jest niezb\u0119dna", "description": "- Stabilna energia z atomu jest niezb\u0119dna w du\u017cym i uprzemys\u0142owionym kraju, jakim jest Polska. We\u017amiemy udzia\u0142 w deklaracji o potrojeniu energii z atomu na \u015bwiecie do 2050 roku - powiedzia\u0142 prezydent Andrzej Duda podczas konferencji COP28 w Dubaju. Wskazywa\u0142, \u017ce Polska przechodzi obecnie transformacj\u0119 energetyczn\u0105.", "link": "https://www.polsatnews.pl/wiadomosc/2023-12-01/cop28-prezydent-duda-stabilna-energia-z-atomu-jest-niezbedna-w-takim-kraju-jak-polska", "date_published": "2023-12-01T15:07:00+00:00", "permanent": false, "bookmarked": false, "dead": false, "artist": "Polsat News", "album": "Polsat News", "user": null, "language": "pl-PL", "thumbnail": null, "age": null, "page_rating_contents": 0, "page_rating_votes": 0, "page_rating_visits": 0, "page_rating": 0, "tags": [], "comments": [], "vote": 0}, {"source": "https://www.polsatnews.pl/rss/swiat.xml", "title": "Uganda. Siedemdziesi\u0119ciolatka urodzi\u0142a bli\u017ani\u0119ta. \"Osi\u0105gn\u0119li\u015bmy co\u015b niezwyk\u0142ego\"", "description": "Siedemdziesi\u0119cioletnia kobieta z Ugandy urodzi\u0142a bli\u017aniaki. Jak poda\u0142 szpital, do narodzin dosz\u0142o w wyniku zap\u0142odnienia in vitro. To jedna z najstarszych kobiet na \u015bwiecie, kt\u00f3re doczeka\u0142y si\u0119 potomstwa.", "link": "https://www.polsatnews.pl/wiadomosc/2023-12-01/uganda-siedemdziesieciolatka-urodzila-bliznieta", "date_published": "2023-12-01T14:58:00+00:00", "permanent": false, "bookmarked": false, "dead": false, "artist": "Polsat News", "album": "Polsat News", "user": null, "language": "pl-PL", "thumbnail": null, "age": null, "page_rating_contents": 0, "page_rating_votes": 0, "page_rating_visits": 0, "page_rating": 0, "tags": [], "comments": [], "vote": 0}, {"source": "https://www.polsatnews.pl/rss/swiat.xml", "title": "Hiszpania. \u015amig\u0142owiec rozbi\u0142 si\u0119 na \u015brodku autostrady w Madrycie. Do szpitala trafi\u0142y trzy osoby", "description": "Na autostradzie w Madrycie rozbi\u0142 si\u0119 \u015bmig\u0142owiec z dwiema osobami na pok\u0142adzie. Maszyna uderzy\u0142a w samoch\u00f3d, kt\u00f3rym podr\u00f3\u017cowa\u0142a jedna osoba. Miejsce wypadku zabezpiecza kilkudziesi\u0119ciu funkcjonariuszy s\u0142u\u017cb ratunkowych.", "link": "https://www.polsatnews.pl/wiadomosc/2023-12-01/hiszpania-smiglowiec-rozbil-sie-na-srodku-autostrady-w-madrycie-do-szpitala-trafily-trzy-osoby", "date_published": "2023-12-01T14:28:00+00:00", "permanent": false, "bookmarked": false, "dead": false, "artist": "Polsat News", "album": "Polsat News", "user": null, "language": "pl-PL", "thumbnail": null, "age": null, "page_rating_contents": 0, "page_rating_votes": 0, "page_rating_visits": 0, "page_rating": 0, "tags": [], "comments": [], "vote": 0}, {"source": "https://www.polsatnews.pl/rss/swiat.xml", "title": "USA. Nowe sankcje na Kore\u0119 P\u00f3\u0142nocn\u0105. To reakcja na wystrzelenie satelity szpiegowskiego", "description": "Cztery pa\u0144stwa na\u0142o\u017cy\u0142y wsp\u00f3lne sankcje na przedstawicieli Korei P\u00f3\u0142nocnej. To reakcja na wystrzelenie przez re\u017cim Kim Dzong Una satelity szpiegowskiego.", "link": "https://www.polsatnews.pl/wiadomosc/2023-12-01/usa-nowe-sankcje-na-koree-polnocna-to-reakcja-na-wystrzelenie-satelity-szpiegowskiego", "date_published": "2023-12-01T14:21:00+00:00", "permanent": false, "bookmarked": false, "dead": false, "artist": "Polsat News", "album": "Polsat News", "user": null, "language": "pl-PL", "thumbnail": null, "age": null, "page_rating_contents": 0, "page_rating_votes": 0, "page_rating_visits": 0, "page_rating": 0, "tags": [], "comments": [], "vote": 0}, {"source": "https://www.polsatnews.pl/rss/swiat.xml", "title": "Dieta wega\u0144ska sprzyja zdrowiu. Eksperci maj\u0105 nowe wyniki bada\u0144", "description": "Dieta wega\u0144ska sprzyja utracie cholesterolu i masy cia\u0142a. Takie wnioski przedstawili naukowcy, kt\u00f3rzy przeprowadzili badanie na bli\u017aniakach. Jedna osoba z rodze\u0144stwa spo\u017cywa\u0142a produkty wy\u0142\u0105cznie pochodzenia ro\u015blinnego, a druga jad\u0142a bez ogranicze\u0144. Rezultaty by\u0142y widoczne ju\u017c po o\u015bmiu tygodniach.", "link": "https://www.polsatnews.pl/wiadomosc/2023-12-01/dieta-weganska-sprzyja-zdrowiu-eksperci-maja-nowe-wyniki-badan", "date_published": "2023-12-01T14:10:00+00:00", "permanent": false, "bookmarked": false, "dead": false, "artist": "Polsat News", "album": "Polsat News", "user": null, "language": "pl-PL", "thumbnail": null, "age": null, "page_rating_contents": 0, "page_rating_votes": 0, "page_rating_visits": 0, "page_rating": 0, "tags": [], "comments": [], "vote": 0}, {"source": "https://www.polsatnews.pl/rss/swiat.xml", "title": "Szczyt COP28. Odm\u00f3wili wsp\u00f3lnego zdj\u0119cia z jednym przyw\u00f3dc\u0105. Bunt Polski, \u0141otwy i Litwy", "description": "Przedstawiciele pa\u0144stw Polski, \u0141otwy i Litwy odm\u00f3wili wykonania wsp\u00f3lnego zdj\u0119cia podczas szczytu klimatycznego. Powodem ich decyzji by\u0142a obecno\u015b\u0107 przyw\u00f3dcy Bia\u0142orusi Alaksandra \u0141ukaszenki na fotografii. - By\u0142oby hipokryzj\u0105 - m\u00f3wi\u0142 prezydent Litwy Gitanas Nauseda", "link": "https://www.polsatnews.pl/wiadomosc/2023-12-01/szczyt-cop28-odmowili-wspolnego-zdjecia-z-jednym-przywodca-bunt-polski-lotwy-i-litwy", "date_published": "2023-12-01T13:09:00+00:00", "permanent": false, "bookmarked": false, "dead": false, "artist": "Polsat News", "album": "Polsat News", "user": null, "language": "pl-PL", "thumbnail": null, "age": null, "page_rating_contents": 0, "page_rating_votes": 0, "page_rating_visits": 0, "page_rating": 0, "tags": [], "comments": [], "vote": 0}, {"source": "https://www.polsatnews.pl/rss/swiat.xml", "title": "Miasto w Europie najdro\u017cszym miejscem do \u017cycia na \u015bwiecie w 2023 roku", "description": "Opublikowano najnowszy ranking dotycz\u0105cy koszt\u00f3w \u017cycia na \u015bwiecie. Analitycy przeanalizowali dane z 173 miast i wskazali, gdzie by\u0142o najdro\u017cej, a gdzie najtaniej w 2023 roku. W pierwszej dziesi\u0105tce znalaz\u0142y si\u0119 cztery europejskie miasta.", "link": "https://www.polsatnews.pl/wiadomosc/2023-11-30/miasto-w-europie-najdrozszym-miejscem-do-zycia-na-swiecie", "date_published": "2023-12-01T12:47:00+00:00", "permanent": false, "bookmarked": false, "dead": false, "artist": "Polsat News", "album": "Polsat News", "user": null, "language": "pl-PL", "thumbnail": null, "age": null, "page_rating_contents": 0, "page_rating_votes": 0, "page_rating_visits": 0, "page_rating": 0, "tags": [], "comments": [], "vote": 0}, {"source": "https://www.polsatnews.pl/rss/swiat.xml", "title": "Niemcy. Podejrzany w sprawie Madeleine McCann stanie przed s\u0105dem", "description": "Po latach wraca temat zagini\u0119cia Madeleine McCann, a dok\u0142adnie podejrzanego w jej sprawie Christiana B. M\u0119\u017cczyzna stanie przed wymiarem sprawiedliwo\u015bci, jednak odpowie za inne, ci\u0105\u017c\u0105ce za nim zarzuty. Akt oskar\u017cenia licz\u0105cy ponad 100 stron dotyczy m.in. wykorzystywania dzieci.", "link": "https://www.polsatnews.pl/wiadomosc/2023-12-01/zaginiecie-madeleine-mccann-niemiec-stanie-przed-sadem", "date_published": "2023-12-01T11:40:00+00:00", "permanent": false, "bookmarked": false, "dead": false, "artist": "Polsat News", "album": "Polsat News", "user": null, "language": "pl-PL", "thumbnail": null, "age": null, "page_rating_contents": 0, "page_rating_votes": 0, "page_rating_visits": 0, "page_rating": 0, "tags": [], "comments": [], "vote": 0}, {"source": "https://www.polsatnews.pl/rss/swiat.xml", "title": "Birmingham. Zamieszki przed meczem Legii. 39 os\u00f3b zatrzymanych", "description": "39 os\u00f3b aresztowanych, czterech rannych policjant\u00f3w - to wed\u0142ug stacji BBC efekt zamieszek, do jakich dosz\u0142o w Birmingham z udzia\u0142em kibic\u00f3w Legii Warszawa przed meczem pi\u0142karskiej Ligi Konferencji Europy z Aston Vill\u0105. Powodem by\u0142a niewystarczaj\u0105ca - jak twierdz\u0105 - liczba bilet\u00f3w dla lojalnych kibic\u00f3w z Polski. Ostatecznie fani Legii nie zostali wpuszczeni na trybuny.", "link": "https://www.polsatnews.pl/wiadomosc/2023-12-01/birmingham-zamieszki-przed-meczem-legii-39-osob-zatrzymanych", "date_published": "2023-12-01T09:10:00+00:00", "permanent": false, "bookmarked": false, "dead": false, "artist": "Polsat News", "album": "Polsat News", "user": null, "language": "pl-PL", "thumbnail": null, "age": null, "page_rating_contents": 0, "page_rating_votes": 0, "page_rating_visits": 0, "page_rating": 0, "tags": [], "comments": [], "vote": 0}, {"source": "https://www.polsatnews.pl/rss/swiat.xml", "title": "Koniec rozejmu w Strefie Gazy. Zn\u00f3w s\u0142ycha\u0107 strza\u0142y", "description": "Wygas\u0142 tymczasowy rozejm mi\u0119dzy Izraelem a bojownikami Hamasu. Zawieszenie broni trwa\u0142o siedem dni i by\u0142o dwukrotnie przed\u0142u\u017cane. W tym czasie dosz\u0142o do wymiany zak\u0142adnik\u00f3w i udzielenia pomocy humanitarnej na terenach najbardziej dotkni\u0119tych wojn\u0105, gdzie wcze\u015bniej nie by\u0142o to mo\u017cliwe ze wzgl\u0119du na ostrza\u0142y i wymian\u0119 ognia.", "link": "https://www.polsatnews.pl/wiadomosc/2023-12-01/koniec-rozejmu-w-strefie-gazy-znow-slychac-strzaly", "date_published": "2023-12-01T06:24:00+00:00", "permanent": false, "bookmarked": false, "dead": false, "artist": "Polsat News", "album": "Polsat News", "user": null, "language": "pl-PL", "thumbnail": null, "age": null, "page_rating_contents": 0, "page_rating_votes": 0, "page_rating_visits": 0, "page_rating": 0, "tags": [], "comments": [], "vote": 0}]