[{"source": "https://forsal.pl/.feed", "title": "Robotyczni policjanci rozpocz\u0119li patrol na lotnisku w Singapurze", "description": "<img align=\"right\" hspace=\"5\" src=\"https://ocdn.eu/pulscms-transforms/1/K33ktkuTURBXy8wMGYxYTgxYi1iNDUzLTRlNDQtYTY1OC03ODE5Yzg4ZDI3MDIuanBlZ5GTBc0BHcyg\" />Do patrolowania lotniska Changi w Singapurze - po pi\u0119ciu latach bada\u0144 i pr\u00f3b - skierowano dwa policyjne roboty - poda\u0142a w niedziel\u0119 telewizja CNN.", "link": "https://forsal.pl/lifestyle/technologie/artykuly/8735854,robotyczni-policjanci-rozpoczeli-patrol-na-lotnisku-w-singapurze.html", "date_published": "2023-06-18 20:11:19+00:00", "persistent": false, "user": null, "language": "pl-PL"}, {"source": "https://forsal.pl/.feed", "title": "Podwy\u017cki w bud\u017cet\u00f3wce, legalna aborcja, darmowa antykoncepcja, \u015bwieckie pa\u0144stwo. Lewica przedstawia swoje rekomendacje i \"Raport o Stanie Pa\u0144stwa\"", "description": "<img align=\"right\" hspace=\"5\" src=\"https://ocdn.eu/pulscms-transforms/1/5M-ktkuTURBXy84Nzc5NGIxZS1iZTgzLTQ4MDQtODMwMi05ZTdkYTYzZDRkMzguanBlZ5GTBc0BHcyg\" />Politycy Lewicy zaprezentowali w niedziel\u0119 w Warszawie &quot;Raport o Stanie Pa\u0144stwa&quot;. Wskazali w nim b\u0142\u0119dy i zaniechania rz\u0105dz\u0105cych oraz m\u00f3wili o swoich rekomendacjach. Lewica chce m.in. podwy\u017cek w bud\u017cet\u00f3wce, legalnej aborcji do 12 tyg., darmowej antykoncepcji oraz \u015bwieckiego pa\u0144stwa. Zapowiedziano tak\u017ce m.in. 35-godzinny tydzie\u0144 pracy.", "link": "https://forsal.pl/gospodarka/polityka/artykuly/8735584,podwyzki-w-budzetowce-legalna-aborcja-darmowa-antykoncepcja-swiecki.html", "date_published": "2023-06-18 16:56:03+00:00", "persistent": false, "user": null, "language": "pl-PL"}, {"source": "https://forsal.pl/.feed", "title": "W Wielkiej Brytanii instytucje nie b\u0119d\u0105 mog\u0142y bojkotowa\u0107 izraelskich towar\u00f3w", "description": "<img align=\"right\" hspace=\"5\" src=\"https://ocdn.eu/pulscms-transforms/1/c_zktkuTURBXy80NWFlNzljZS0yODdhLTRiNmUtYTU0Ni1jYzIxMTA4MzdkMzkuanBlZ5GTBc0BHcyg\" />Brytyjski rz\u0105d przedstawi w poniedzia\u0142ek projekt ustawy zakazuj\u0105cej wszystkim organom publicznym prowadzenia w\u0142asnych kampanii bojkotu lub zniech\u0119cania do inwestycji w innych krajach i terytoriach, w tym w Izraelu \u2013 zapowiedzia\u0142 w niedziel\u0119 minister ds. wyr\u00f3wnywania szans i spo\u0142eczno\u015bci Michael Gove.", "link": "https://forsal.pl/swiat/aktualnosci/artykuly/8735581,w-wielkiej-brytanii-instytucje-nie-beda-mogly-bojkotowac-izraelskich-t.html", "date_published": "2023-06-18 16:47:49+00:00", "persistent": false, "user": null, "language": "pl-PL"}, {"source": "https://forsal.pl/.feed", "title": "Koronawirus w Polsce: 3 zaka\u017cenia, nie by\u0142o przypadk\u00f3w \u015bmiertelnych [DANE Z 18.06]", "description": "<img align=\"right\" hspace=\"5\" src=\"https://ocdn.eu/pulscms-transforms/1/3QYktkuTURBXy9lNjE1ZGFlZC02OTg5LTQzNzItOTg5OS1jZWEzOWVhODg4OWYuanBlZ5GTBc0BHcyg\" />Minionej doby badania potwierdzi\u0142y 3 zaka\u017cenia koronawirusem w tym w ponowne. Z powodu COVID-19 nie zmar\u0142 \u017caden pacjent \u2013 poinformowano w niedziel\u0119 na stronach rz\u0105dowych. Wykonano 865 test\u00f3w w kierunku SARS-CoV-2. W ostatnim tygodniu (od 8 do 14 czerwca) by\u0142o o ponad 30 proc. zaka\u017ce\u0144 mniej ni\u017c tydzie\u0144 wcze\u015bniej.", "link": "https://forsal.pl/artykuly/1458115,koronawirus-w-polsce-3-zakazenia-nie-bylo-przypadkow-smiertelnych-d.html", "date_published": "2023-06-18 15:26:55+00:00", "persistent": false, "user": null, "language": "pl-PL"}, {"source": "https://forsal.pl/.feed", "title": "AI, ekologia i podatki. Im wi\u0119cej automatyzacji, tym wi\u0119ksza degradacja planety [FELIETON]", "description": "<img align=\"right\" hspace=\"5\" src=\"https://ocdn.eu/pulscms-transforms/1/f2YktkuTURBXy8yODM0NGFkMC1iOTBiLTQwNGQtODNiMS00NjQ5ODg0Y2FjZmQuanBlZ5GTBc0BHcyg\" />\u015awiat martwi si\u0119 teraz rozwojem sztucznej inteligencji (AI). To najnowsze wcielenie powracaj\u0105cej obawy przed skutkami robotyzacji oraz automatyzacji. W\u015br\u00f3d zagro\u017ce\u0144 wymienia si\u0119 masowe bezrobocie, bunt maszyn, zag\u0142ad\u0119 rasy ludzkiej\u2026 Ale w tym zestawie dy\u017curnych obaw zapomina si\u0119 zwykle o jednej rzeczy. Jest ni\u0105 ekologia. A w\u0142a\u015bciwie prosty fakt, \u017ce im wi\u0119cej automatyzacji, tym wi\u0119ksza degradacja planety oraz jej zasob\u00f3w naturalnych.", "link": "https://forsal.pl/biznes/ekologia/artykuly/8734719,ai-ekologia-i-podatki-im-wiecej-automatyzacji-tym-wieksza-degradacj.html", "date_published": "2023-06-18 14:03:00+00:00", "persistent": false, "user": null, "language": "pl-PL"}, {"source": "https://forsal.pl/.feed", "title": "Trump uwielbia zdobywa\u0107 trofea. Kobiety, znajomo\u015bci, sekrety pa\u0144stwowe...", "description": "<img align=\"right\" hspace=\"5\" src=\"https://ocdn.eu/pulscms-transforms/1/qTVktkuTURBXy80ZTQyNjZiYi1mNTVlLTQ5YWUtOGUyYi0wZGMwZDZkYWVkMWMuanBlZ5GTBc0BHcyg\" />Wsp\u00f3\u0142pracownicy Trumpa m\u00f3wili, \u017ce ich szef uwielbia zdobywa\u0107 trofea, \u017ceby potem si\u0119 z nimi obnosi\u0107. Mog\u0142y to by\u0107 kobiety, celebryckie znajomo\u015bci, ok\u0142adki czasopism. Albo sekrety pa\u0144stwowe.", "link": "https://forsal.pl/swiat/usa/artykuly/8734691,trump-uwielbia-zdobywac-trofea-kobiety-znajomosci-sekrety-panstwowe.html", "date_published": "2023-06-18 14:02:21+00:00", "persistent": false, "user": null, "language": "pl-PL"}, {"source": "https://forsal.pl/.feed", "title": "W Belgii i Francji firmy obni\u017caj\u0105 ceny na skutek interwencji rz\u0105d\u00f3w. Holandia nie p\u00f3jdzie w t\u0119 stron\u0119", "description": "<img align=\"right\" hspace=\"5\" src=\"https://ocdn.eu/pulscms-transforms/1/bzuktkuTURBXy9iMTE0N2Y5ZC04OTZhLTRkMzItYWYyMC04YzhlN2M1ZTE0NWMuanBlZ5GTBc0BHcyg\" />Holandia nie zamierza i\u015b\u0107 w \u015blady Belgii i Francji i nie b\u0119dzie interweniowa\u0107 w sprawie wysokich cen artyku\u0142\u00f3w spo\u017cywczych w supermarketach - poinformowa\u0142 w niedziel\u0119 portal NU, cytuj\u0105c rozmow\u0119 z holendersk\u0105 minister gospodarki Micky Adriaansens.", "link": "https://forsal.pl/gospodarka/aktualnosci/artykuly/8735504,w-belgii-i-francji-firmy-obnizaja-ceny-na-skutek-interwencji-rzadow-h.html", "date_published": "2023-06-18 10:42:05+00:00", "persistent": false, "user": null, "language": "pl-PL"}, {"source": "https://forsal.pl/.feed", "title": "Francja nie chce, \u017ceby Brytyjczyk zosta\u0142 sekretarzem generalnym NATO. \"To powinien by\u0107 kto\u015b z UE\"", "description": "<img align=\"right\" hspace=\"5\" src=\"https://ocdn.eu/pulscms-transforms/1/LsiktkuTURBXy8yMDE4Y2RhYS1jOGIxLTQ2YzctODI3Yi1hYWM0MzUzNmYxZWIuanBlZ5GTBc0BHcyg\" />Prezydent Francji Emmanuel Macron pr\u00f3buje zablokowa\u0107 kandydatur\u0119 brytyjskiego ministra obrony Bena Wallace'a na stanowisko nowego sekretarza generalnego NATO, naciskaj\u0105c, by obj\u0105\u0142 je przedstawiciel jakiego\u015b kraju Unii Europejskiej - poda\u0142 w niedziel\u0119 &quot;The Sunday Telegraph&quot;.", "link": "https://forsal.pl/swiat/unia-europejska/artykuly/8735503,francja-nie-chce-zeby-brytyjczyk-zostal-sekretarzem-generalnym-nato.html", "date_published": "2023-06-18 10:35:20+00:00", "persistent": false, "user": null, "language": "pl-PL"}, {"source": "https://forsal.pl/.feed", "title": "Po weekendzie szykujmy si\u0119 na burze i upa\u0142y", "description": "<img align=\"right\" hspace=\"5\" src=\"https://ocdn.eu/pulscms-transforms/1/ohGktkuTURBXy9kMTc5NWZmYS04ZjZjLTRiZGQtYjNkMC0xOGU0Y2M1Yjc3NmMuanBlZ5GTBc0BHcyg\" />Upa\u0142y wkraczaj\u0105 nad Polsk\u0119 w poniedzia\u0142ek. We wtorek b\u0119dzie ju\u017c ponad 30 st. Celsjusza. Wytchnienie przyniesie tylko noc. W \u015brod\u0119 gwa\u0142towne burze \u2013 prognozuje synoptyk IMGW Jakub Gawron.", "link": "https://forsal.pl/lifestyle/aktualnosci/artykuly/8735481,po-weekendzie-szykujmy-sie-na-burze-i-upaly.html", "date_published": "2023-06-18 07:54:47+00:00", "persistent": false, "user": null, "language": "pl-PL"}, {"source": "https://forsal.pl/.feed", "title": "Rekordowa nadwy\u017cka handlowa w relacji do PKB. Mamy lepszy wynik ni\u017c Niemcy", "description": "<img align=\"right\" hspace=\"5\" src=\"https://ocdn.eu/pulscms-transforms/1/1z2ktkuTURBXy8zNDMwZjU0OS03NjgyLTQ3MzAtYjlkOC04ZGQ1NGNhM2NhNGEuanBlZ5GTBc0BHcyg\" />W pierwszym kwartale 2023 r. nadwy\u017cka handlowa w relacji do PKB wzros\u0142a do rekordowego poziomu 6,7 proc. \u2013 stwierdzi\u0142 w raporcie g\u0142\u00f3wny ekonomista PZU Dawid Pachucki. Oceni\u0142, \u017ce to wynik lepszy od notowanego przez Niemcy.", "link": "https://forsal.pl/gospodarka/pkb/artykuly/8735480,rekordowa-nadwyzka-handlowa-w-relacji-do-pkb-mamy-lepszy-wynik-niz-ni.html", "date_published": "2023-06-18 07:51:03+00:00", "persistent": false, "user": null, "language": "pl-PL"}, {"source": "https://forsal.pl/.feed", "title": "Od Teksasu do Florydy rekordowe upa\u0142y. Nawet 44 stopnie Celsjusza", "description": "<img align=\"right\" hspace=\"5\" src=\"https://ocdn.eu/pulscms-transforms/1/bF8ktkuTURBXy9jYmVjNDY5YS1iMzM3LTQyY2MtODA4NC01MjQ1ZDMzMDk3ZjkuanBlZ5GTBc0BHcyg\" />Rekordowo wysokie temperatury utrzymuj\u0105 si\u0119 w pasie stan\u00f3w po\u0142udnia USA od Teksasu do Florydy, wzd\u0142u\u017c wybrze\u017cy Zatoki Meksyka\u0144skiej. W\u0142adze udost\u0119pniaj\u0105 specjalne ch\u0142odzone pomieszczenia dla os\u00f3b pozbawionych energii elektrycznej z powodu cz\u0119stych awarii przeci\u0105\u017conej sieci.", "link": "https://forsal.pl/swiat/usa/artykuly/8735477,od-teksasu-do-florydy-rekordowe-upaly-nawet-44-stopnie-celsjusza.html", "date_published": "2023-06-18 07:43:52+00:00", "persistent": false, "user": null, "language": "pl-PL"}, {"source": "https://forsal.pl/.feed", "title": "Sudan: 72-godzinne zawieszenie broni", "description": "<img align=\"right\" hspace=\"5\" src=\"https://ocdn.eu/pulscms-transforms/1/mZuktkuTURBXy85MTNkMzJiNy0wYWU0LTQ5ODItYTliNi1hOGRkMGY4N2VmMGEuanBlZ5GTBc0BHcyg\" />Suda\u0144ska armia rz\u0105dowa i organizacje paramilitarne skupione w Si\u0142ach Szybkiego Wsparcia (RSF) uzgodni\u0142y, wed\u0142ug mediator\u00f3w saudyjskich i ameryka\u0144skich, 72-godzinne zawieszenie broni w trwaj\u0105cej od po\u0142owy kwietnia wojnie domowej. Ma obowi\u0105zywa\u0107 od niedzieli. Tymczasem w sobot\u0119 walki w rejonie Chartumu trwa\u0142y ze zdwojon\u0105 zaci\u0119to\u015bci\u0105.", "link": "https://forsal.pl/swiat/aktualnosci/artykuly/8735472,sudan-72-godzinne-zawieszenie-broni.html", "date_published": "2023-06-18 07:38:00+00:00", "persistent": false, "user": null, "language": "pl-PL"}, {"source": "https://forsal.pl/.feed", "title": "Najlepszy od marca tydzie\u0144 na Wall Street zako\u0144czony lekkimi spadkami", "description": "<img align=\"right\" hspace=\"5\" src=\"https://ocdn.eu/pulscms-transforms/1/zC2ktkuTURBXy8wOTYyZjJjNi1mNTU2LTQwOTEtYTBlNy00MGM5OGJjZDcwOTEuanBlZ5GTBc0BHcyg\" />Pi\u0105tkowa sesja na Wall Street zako\u0144czy\u0142a si\u0119 lekkimi spadkami g\u0142\u00f3wnych indeks\u00f3w, ale i tak dla S&amp;amp;P 500 i Nasdaq to by\u0142 najlepszy tydzie\u0144 od marca 2023 roku.", "link": "https://forsal.pl/finanse/gielda/artykuly/8735469,najlepszy-od-marca-tydzien-na-wall-street-zakonczony-lekkimi-spadkami.html", "date_published": "2023-06-18 07:33:43+00:00", "persistent": false, "user": null, "language": "pl-PL"}, {"source": "https://forsal.pl/.feed", "title": "Dreamliner PLL LOT: Pierwszy rejs tras\u0105 polarn\u0105 z Tokio do Warszawy wystartowa\u0142 w sobot\u0119", "description": "<img align=\"right\" hspace=\"5\" src=\"https://ocdn.eu/pulscms-transforms/1/kecktkuTURBXy84NDJlMTA0YS02ZGIxLTQ2M2YtODEyZC0xZGVjNTJkOWEyZjguanBlZ5GTBc0BHcyg\" />Pierwszy Dreamliner PLL LOT wystartowa\u0142 z Tokio do Warszawy tras\u0105 polarn\u0105 - poinformowa\u0142 w sobot\u0119 wieczorem na Twitterze rzecznik prasowy LOT Krzysztof Moczulski. W chwili nadania depeszy samolot LOT-u o numerze SP-LSF min\u0105\u0142 Cie\u015bnin\u0119 Beringa i znajduje si\u0119 nad Morzem Czukockim.", "link": "https://forsal.pl/transport/lotnictwo/artykuly/8735467,dreamliner-pll-lot-pierwszy-rejs-trasa-polarna-z-tokio-do-warszawy-wy.html", "date_published": "2023-06-18 07:28:28+00:00", "persistent": false, "user": null, "language": "pl-PL"}, {"source": "https://forsal.pl/.feed", "title": "Rekordowa epidemia dengi w Peru. Zmar\u0142o ponad 200 os\u00f3b", "description": "<img align=\"right\" hspace=\"5\" src=\"https://ocdn.eu/pulscms-transforms/1/vcxktkuTURBXy9kNjc1ZDI3ZC0zYTkzLTQxYWItODk2OC02MmM3YzQ3OTAzYTguanBlZ5GTBc0BHcyg\" />Peru zmaga si\u0119 z wielk\u0105 epidemi\u0105 dengi - choroby wirusowej przenoszonej przez komary Aedes aegypti zwane komarami tygrysimi. Ministerstwo zdrowia w Limie poinformowa\u0142o, \u017ce od pocz\u0105tku br. odnotowano 130 tys. przypadk\u00f3w infekcji i ponad 200 zgon\u00f3w.", "link": "https://forsal.pl/swiat/aktualnosci/artykuly/8735463,rekordowa-epidemia-dengi-w-peru-zmarlo-ponad-200-osob.html", "date_published": "2023-06-18 07:22:38+00:00", "persistent": false, "user": null, "language": "pl-PL"}, {"source": "https://forsal.pl/.feed", "title": "W Bolonii zdejmij nog\u0119 z gazu. Pierwsze du\u017ce miasto wprowadza mocne ograniczenie dozwolonych pr\u0119dko\u015bci", "description": "<img align=\"right\" hspace=\"5\" src=\"https://ocdn.eu/pulscms-transforms/1/uuWktkuTURBXy9hODIzZGUxMC1jY2IzLTQ1MGQtOGZhYS1iNTU4NTM5NjQyZTQuanBlZ5GTBc0BHcyg\" />Bolonia b\u0119dzie pierwszym du\u017cym w\u0142oskim miastem, w kt\u00f3rym zacznie obowi\u0105zywa\u0107 ograniczenie pr\u0119dko\u015bci do 30 kilometr\u00f3w na godzin\u0119 - og\u0142osi\u0142y w sobot\u0119 w\u0142adze, zapowiadaj\u0105c, \u017ce nowe przepisy wejd\u0105 w \u017cycie 1 lipca. Celem, wyja\u015bniono, jest to, by nikt nie gin\u0105\u0142 w wypadkach drogowych.", "link": "https://forsal.pl/transport/aktualnosci/artykuly/8735459,w-bolonii-zdejmij-noge-z-gazu-pierwsze-duze-miasto-wprowadza-mocne-og.html", "date_published": "2023-06-18 07:13:12+00:00", "persistent": false, "user": null, "language": "pl-PL"}, {"source": "https://forsal.pl/.feed", "title": "Sk\u0142adki na ubezpieczenie domu mog\u0105 wzrosn\u0105\u0107. Ubezpieczyciele z Niemiec wskakuj\u0105 przyczyny", "description": "<img align=\"right\" hspace=\"5\" src=\"https://ocdn.eu/pulscms-transforms/1/uXuktkuTURBXy80NzhkNTRiNC0wY2Y1LTQ1ZTUtOWI5ZS0wODE0OWUzYmM2MjEuanBlZ5GTBc0BHcyg\" />Zmiany klimatu mog\u0105 doprowadzi\u0107 do \u201egwa\u0142townego wzrostu sk\u0142adek za ubezpieczenie\u201d nieruchomo\u015bci \u2013 pisze niemiecki serwis \u201eTagesschau\u201d.", "link": "https://forsal.pl/nieruchomosci/aktualnosci/artykuly/8735183,skladki-na-ubezpieczenie-domu-moga-wzrosnac-ubezpieczyciele-z-niemiec.html", "date_published": "2023-06-18 07:04:45+00:00", "persistent": false, "user": null, "language": "pl-PL"}, {"source": "https://forsal.pl/.feed", "title": "Marzenie o broni ostatecznej. \"Ju\u017c nie \u017cyjesz. Historia bombardowa\u0144\" [RECENZJA]", "description": "<img align=\"right\" hspace=\"5\" src=\"https://ocdn.eu/pulscms-transforms/1/aSUktkuTURBXy83NzExNDM4Yi0wNDAwLTRlNjktYTM4OC1lMmEwZDhhYzFiZjQuanBlZ5GTBc0BHcyg\" />Ju\u017c w XIX w. czekano z nadziej\u0105, a\u017c pojawi si\u0119 technologiczna mo\u017cliwo\u015b\u0107 i bia\u0142a rasa dostanie narz\u0119dzie, by wygubi\u0107 \u201eca\u0142e to byd\u0142o\u201d.", "link": "https://forsal.pl/swiat/artykuly/8734695,marzenie-o-broni-ostatecznej-juz-nie-zyjesz-historia-bombardowan-.html", "date_published": "2023-06-18 07:00:17+00:00", "persistent": false, "user": null, "language": "pl-PL"}, {"source": "https://forsal.pl/.feed", "title": "UE powinna zwi\u0119kszy\u0107 czujno\u015b\u0107, by nie da\u0107 si\u0119 ponownie zaskoczy\u0107 [OPINIA]", "description": "<img align=\"right\" hspace=\"5\" src=\"https://ocdn.eu/pulscms-transforms/1/PPRktkuTURBXy8yYzZkMzgyNC05YTJmLTQwYWYtOGI5ZS05ODM2ODQxNTA3MTcuanBlZ5GTBc0BHcyg\" />Unii Europejskiej uda\u0142o si\u0119 powstrzyma\u0107 masow\u0105 migracj\u0119. Jednak ostatnio ro\u015bnie liczba nielegalnych przekrocze\u0144 granic wsp\u00f3lnoty.", "link": "https://forsal.pl/swiat/unia-europejska/artykuly/8734651,ue-powinna-zwiekszyc-czujnosc-by-nie-dac-sie-ponownie-zaskoczyc-opin.html", "date_published": "2023-06-18 06:59:54+00:00", "persistent": false, "user": null, "language": "pl-PL"}, {"source": "https://forsal.pl/.feed", "title": "Mo\u017cliwe, \u017ce nast\u0105pi\u0105 oligarchizacja rynku i przej\u0119cie AI przez grup\u0119 koncern\u00f3w", "description": "<img align=\"right\" hspace=\"5\" src=\"https://ocdn.eu/pulscms-transforms/1/TjAktkuTURBXy8xMTlhYWI3OS1lNTAzLTQxZWItYjkwOS00MGRiNGIyODViNDcuanBlZ5GTBc0BHcyg\" />Wbrew obawom jednych i nadziejom drugich sztuczna inteligencja jest zbyt ograniczona, by sko\u0144czy\u0107 z kapitalizmem.", "link": "https://forsal.pl/lifestyle/technologie/artykuly/8734683,mozliwe-ze-nastapia-oligarchizacja-rynku-i-przejecie-ai-przez-grupe-k.html", "date_published": "2023-06-18 06:59:17+00:00", "persistent": false, "user": null, "language": "pl-PL"}, {"source": "https://forsal.pl/.feed", "title": "TSUE pozbawia banki z\u0142udze\u0144. Zbli\u017ca si\u0119 fala pozw\u00f3w od \"frankowicz\u00f3w\"?", "description": "<img align=\"right\" hspace=\"5\" src=\"https://ocdn.eu/pulscms-transforms/1/XwOktkuTURBXy9lNzIyMjM1OC1jNTE2LTQxMDItYTk4Yy0wOWNjMzQ5ODJjNDcuanBlZ5GTBc0BHcyg\" />Mo\u017cemy si\u0119 spodziewa\u0107 kolejnej fali pozw\u00f3w frankowicz\u00f3w. A bankom odpada powa\u017cny argument za wyst\u0119powaniem z roszczeniami przeciwko klientom.", "link": "https://forsal.pl/finanse/aktualnosci/artykuly/8734675,tsue-pozbawia-banki-zludzen-zbliza-sie-fala-pozwow-od-frankowiczow.html", "date_published": "2023-06-18 06:58:44+00:00", "persistent": false, "user": null, "language": "pl-PL"}, {"source": "https://forsal.pl/.feed", "title": "Fi\u0144ska lekcja atomu. Warto wyci\u0105gn\u0105\u0107 wnioski z kosztownych do\u015bwiadcze\u0144 Helsinek [OPINIA]", "description": "<img align=\"right\" hspace=\"5\" src=\"https://ocdn.eu/pulscms-transforms/1/uedktkuTURBXy80YjhmM2JlYS1jMzAwLTQzODMtODQxNy00NzBlM2UxMzAyZGQuanBlZ5GTBc0BHcyg\" />Na razie mamy atomowe plany, a nie rozpocz\u0119te inwestycje. Tym bardziej warto wyci\u0105gn\u0105\u0107 wnioski z kosztownych do\u015bwiadcze\u0144 Helsinek.", "link": "https://forsal.pl/biznes/energetyka/artykuly/8734663,finska-lekcja-atomu-warto-wyciagnac-wnioski-z-kosztownych-doswiadczen.html", "date_published": "2023-06-18 06:58:14+00:00", "persistent": false, "user": null, "language": "pl-PL"}]