[{"source": "https://www.youtube.com/feeds/videos.xml?channel_id=UCsXVk37bltHxD1rDPwtNM8Q", "title": "A New Way to Understand Cancer", "description": "Sources & further reading: https://sites.google.com/view/sources-cancer-city/\nThis video was partially financed by Gates Ventures. \nIf you want to support this channel and get something nice in return check out our shop: \nhttps://kgs.link/shop-178\n\nAn undead city under siege, soldiers and police ruthlessly shooting down waves of zombies that flood from infected streets, trying to escape and infect more cities. This is what happens when your body fights cancer, more exciting than any movie. \n\nHow does this battle for survival unfold?\n\nOUR CHANNELS\n\u2580\u2580\u2580\u2580\u2580\u2580\u2580\u2580\u2580\u2580\u2580\u2580\u2580\u2580\u2580\u2580\u2580\u2580\u2580\u2580\u2580\u2580\u2580\u2580\u2580\u2580\nGerman:        https://kgs.link/youtubeDE\nSpanish:        https://kgs.link/youtubeES\nFrench:          https://kgs.link/youtubeFR\nPortuguese:  https://kgs.link/youtubePT\nArabic:           https://kgs.link/youtubeAR\nHindi:             https://kgs.link/youtubeHI\nJapanese:     https://kgs.link/youtubeJA\nKorean:          https://kgs.link/youtubeKO\n\n\nHOW CAN YOU SUPPORT US?\n\u2580\u2580\u2580\u2580\u2580\u2580\u2580\u2580\u2580\u2580\u2580\u2580\u2580\u2580\u2580\u2580\u2580\u2580\u2580\u2580\u2580\u2580\u2580\u2580\u2580\u2580\nThis is how we make our living and it would be a pleasure if you support us!\n\nGet Products designed with \u2764 https://shop-us.kurzgesagt.org  \nJoin the Patreon Bird Army \ud83d\udc27  https://kgs.link/patreon  \n\n\nDISCUSSIONS & SOCIAL MEDIA\n\u2580\u2580\u2580\u2580\u2580\u2580\u2580\u2580\u2580\u2580\u2580\u2580\u2580\u2580\u2580\u2580\u2580\u2580\u2580\u2580\u2580\u2580\u2580\u2580\u2580\u2580\nTikTok:           https://kgs.link/tiktok\nReddit:            https://kgs.link/reddit\nInstagram:     https://kgs.link/instagram\nTwitter:           https://kgs.link/twitter\nFacebook:      https://kgs.link/facebook\nDiscord:          https://kgs.link/discord\nNewsletter:    https://kgs.link/newsletter\n\n\nOUR VOICE\n\u2580\u2580\u2580\u2580\u2580\u2580\u2580\u2580\u2580\u2580\u2580\u2580\u2580\u2580\u2580\u2580\u2580\u2580\u2580\u2580\u2580\u2580\u2580\u2580\u2580\u2580\nThe Kurzgesagt voice is from \nSteve Taylor:  https://kgs.link/youtube-voice\n\n\nOUR MUSIC \u266c\u266a\n\u2580\u2580\u2580\u2580\u2580\u2580\u2580\u2580\u2580\u2580\u2580\u2580\u2580\u2580\u2580\u2580\u2580\u2580\u2580\u2580\u2580\u2580\u2580\u2580\u2580\u2580\n700+ minutes of Kurzgesagt Soundtracks by Epic Mountain:\n\nSpotify:            https://kgs.link/music-spotify\nSoundcloud:   https://kgs.link/music-soundcloud\nBandcamp:     https://kgs.link/music-bandcamp\nYoutube:          https://kgs.link/music-youtube\nFacebook:       https://kgs.link/music-facebook\n\nThe Soundtrack of this video:\nSoundcloud: https://bit.ly/3paDD0r\nBandcamp: https://bit.ly/3PhPlRK\n\nIf you want to help us caption this video, please send subtitles to subtitle@kurzgesagt.org\nYou can find info on what subtitle files work on YouTube here:\nhttps://support.google.com/youtube/answer/2734698?hl=en-GB&amp;ref_topic=7296214\nThank you!\n\n\ud83d\udc26\ud83d\udc27\ud83d\udc24 PATREON BIRD ARMY \ud83d\udc24\ud83d\udc27\ud83d\udc26\n\u2580\u2580\u2580\u2580\u2580\u2580\u2580\u2580\u2580\u2580\u2580\u2580\u2580\u2580\u2580\u2580\u2580\u2580\u2580\u2580\u2580\u2580\u2580\u2580\u2580\u2580\nMany Thanks to our wonderful Patreons (from http://kgs.link/patreon) who support us every month and made this video possible:\n\nRoi Chen, Luna, Enes Disli, Xavier O'Donoghue, Gordon Rutherford, Byron Arriola, Shahab Mosharraf, Oo Oo, Mateo, Johnathan Young, The Marshal Star, NikoFwuffyWolfderg, Zack, Sarah Kaiser, Blackilykat, Bal\u00e1zs N\u00e9meth, Bladen Peters, Oliver, Kouroth, Daniel Lau, Annamaria Jauregui, Romain, Rues World, ouriel karmeli, Distant Monarch Spotify, Christopher Jones, dbchelpa, gummibeil, Philipp, \uc138\ud658 \ubc15, Sebastian Colantoni, Jordan Williams, David Scott, Sven Bette, Patrick_NSK, Isaac Futures, Carlos Echenique, Florian Terber, Diogo, Nicolas Cassis, Tosnic, Jonathan VC, Jarod Appel, Djebz", "link": "https://www.youtube.com/watch?v=uoJwt9l-XhQ", "date_published": "2023-06-18 13:00:41+00:00", "persistent": false, "user": null, "language": "en-US"}]