[{"source": "https://www.youtube.com/feeds/videos.xml?channel_id=UCu7_D0o48KbfhpEohoP7YSQ", "title": "The second Part of My Long Mailbag", "description": "This is the second part of my long mailbag video. It contains some products, some explanations, and experiments. And it shows a bit of my side projects.\n\n\nMy second channel: https://www.youtube.com/HB9BLAWireless\n\n\nLinks:\nUPS: https://s.click.aliexpress.com/e/_DDSklIz\nHi-Link power supply: https://s.click.aliexpress.com/e/_DmmaOQv\nEffortless Extruder: https://s.click.aliexpress.com/e/_DB2fux3\nDaly BMS to MQTT: https://github.com/softwarecrash/DALY-BMS-to-MQTT\n\nChapters:\n00:00:00 Intro\n00:00:22 Versatile and cheap UPS \n00:04:28 Small insulated power supply (with lots of explanation)\n00:09:22 Effortless Extruder for flux etc.\n\nPatreon supporter companies:\nhttps://passiv-energie.gmbh/\nhttps://www.welectron.com/\nhttps://yosmart.com/\nYouTuber Patreon: https://www.youtube.com/@MakersMashup/\n\n\nThe links above usually are affiliate links that support the channel (at no additional cost to you).\nSupporting Material and Blog Page: http://www.sensorsiot.org\nGitHub: https://www.github.com/sensorsiot\nMy Patreon Page: https://www.patreon.com/AndreasSpiess\nDiscord: https://discord.gg/JfgDSa8\nIf you want to support the channel, please use the links below to start your shopping. No additional charges for you, but I get a commission on your purchases to buy new stuff for the channel\nMy Amazon.com shop: https://www.amazon.com/shop/andreasspiess\nFor Banggood https://bit.ly/2jAQEf4\nFor AliExpress: For AliExpress: bit.ly/3MtXUY8 (just go on from here to your product)\nFor Amazon.de: http://amzn.to/2r0ZCYI\nFor Amazon UK: http://amzn.to/2mxBaJf\nFor ebay.com: http://ebay.to/2DuYXBp\n\n\nhttps://www.facebook.com/profile.php?id=100013947273409\nhttps://twitter.com/spiessa\nhttps://www.instructables.com/member/Andreas%20Spiess/\nPlease do not try to email me. This communication channel is reserved for my primary job\nAs an Amazon Associate, I earn from qualifying purchases\n#no#midroll#ads", "link": "https://www.youtube.com/watch?v=xyH7Am1jIfs", "date_published": "2023-06-18 07:00:28+00:00", "persistent": false, "user": null, "language": "en-US"}]