[{"source": "https://www.money.pl/rss/", "title": "Skaner w r\u0119k\u0119 i na zakupy. Kaufland daje klientom sprytny gad\u017cet", "description": "<img src=\"https://i.wpimg.pl/308x/filerepo.grupawp.pl/api/v1/display/embed/898eeac0-ae49-4b7b-b19b-2b6865ebd160\" width=\"308\" /> Przedstawiciele bran\u017cy handlowej prze\u015bcigaj\u0105 si\u0119 w pomys\u0142ach na przyci\u0105gni\u0119cie klient\u00f3w. Rozszerzaj\u0105 zakres us\u0142ug w aplikacjach, zmniejszaj\u0105 formaty sklep\u00f3w czy oferuj\u0105 dostaw\u0119 pod dom. Kaufland z kolei stawia na skanery, kt\u00f3re pozwalaj\u0105 klientom nabija\u0107 towary w trakcie zakup\u00f3w.", "link": "https://www.money.pl/gospodarka/skaner-w-reke-i-na-zakupy-kaufland-daje-klientom-sprytny-gadzet-6909367853202048a.html", "date_published": "2023-06-18 15:16:18+00:00", "persistent": false, "user": null, "language": "pl-PL"}, {"source": "https://www.money.pl/rss/", "title": "Inflacja, brak inwestycji i katastrofa s\u0142u\u017cby zdrowia. \"To PiS chcia\u0142o ukry\u0107\"", "description": "<img src=\"https://i.wpimg.pl/308x/filerepo.grupawp.pl/api/v1/display/embed/677340bd-15b6-42ed-a37f-275aa1895132\" width=\"308\" /> W niedziel\u0119 politycy Lewicy prezentuj\u0105 przygotowany przez to ugrupowanie \"Raport o Stanie Pa\u0144stwa\". Szef klubu Lewicy Krzysztof Gawkowski podkre\u015bli\u0142, \u017ce raport ten \"to prawda o tym, \u017ce Prawo i Sprawiedliwo\u015b\u0107 ukrad\u0142o Polsk\u0119 swoim obywatelom i zrobi\u0142o to z pe\u0142n\u0105 premedytacj\u0105\".", "link": "https://www.money.pl/gospodarka/inflacja-brak-inwestycji-i-katastrofa-sluzby-zdrowia-to-pis-chcialo-ukryc-6910355546487456a.html", "date_published": "2023-06-18 14:28:38+00:00", "persistent": false, "user": null, "language": "pl-PL"}, {"source": "https://www.money.pl/rss/", "title": "Znaczenie marki osobistej dla rozwoju kariery zawodowej", "description": "<img src=\"https://i.wpimg.pl/308x/filerepo.grupawp.pl/api/v1/display/embed/9810b96d-6a36-4867-88a8-2ecb206a01e5\" width=\"308\" /> Apple, Microsoft, Coca-Cola, a mo\u017ce Amazon czy Google? Kt\u00f3ra marka ma najwi\u0119ksz\u0105 warto\u015b\u0107? Wed\u0142ug opublikowanego pod koniec 2022 roku rankingu Interbrand najcenniejsz\u0105 jest Apple, oszacowana na 482,2 mld dolar\u00f3w. Na kolejnych miejscach znalaz\u0142y si\u0119 Microsoft, Amazon, Google czy Facebook i Intel. Marki osobiste nie s\u0105 tak wysoko wyceniane, ale mog\u0105 mie\u0107 niebagatelne znaczenie dla rozwoju kariery zawodowej. O co chodzi? Na co wp\u0142ywa marka osobista, jak j\u0105 \u015bwiadomie i celowo budowa\u0107?", "link": "https://www.money.pl/gospodarka/znaczenie-marki-osobistej-dla-rozwoju-kariery-zawodowej-6909571144239744a.html", "date_published": "2023-06-18 10:06:44+00:00", "persistent": false, "user": null, "language": "pl-PL"}, {"source": "https://www.money.pl/rss/", "title": "Wi\u0119cej os\u00f3b b\u0119dzie mog\u0142o przej\u015b\u0107 na wcze\u015bniejsz\u0105 emerytur\u0119. To b\u0119dzie mia\u0142o swoje konsekwencje", "description": "<img src=\"https://i.wpimg.pl/308x/filerepo.grupawp.pl/api/v1/display/embed/0365a501-e4ca-4ef0-9554-8797776a6fa3\" width=\"308\" /> Sejm uchwali\u0142 nowelizacj\u0119 ustawy o emeryturach pomostowych uchylaj\u0105c\u0105 wygasaj\u0105cy charakter tego \u015bwiadczenia. B\u0119d\u0105 one przys\u0142ugiwa\u0107 r\u00f3wnie\u017c osobom, kt\u00f3re nie posiadaj\u0105 sta\u017cu pracy w warunkach szczeg\u00f3lnych przed 1 stycznia 1999 r. To b\u0119dzie jednak sporo kosztowa\u0107 bud\u017cet pa\u0144stwa.", "link": "https://www.money.pl/emerytury/wiecej-osob-bedzie-moglo-przejsc-na-wczesniejsza-emeryture-to-bedzie-mialo-swoje-konsekwencje-6910280886721088a.html", "date_published": "2023-06-18 09:24:50+00:00", "persistent": false, "user": null, "language": "pl-PL"}, {"source": "https://www.money.pl/rss/", "title": "Pensja minimalna w g\u00f3r\u0119 od lipca. Takie b\u0119d\u0105 wyp\u0142aty \"na r\u0119k\u0119\"", "description": "<img src=\"https://i.wpimg.pl/308x/filerepo.grupawp.pl/api/v1/display/embed/6cae63c6-0f86-4f23-995e-ac13c8caec66\" width=\"308\" /> W tym roku, ze wzgl\u0119du na wysok\u0105 inflacj\u0119, przewidziano dwie podwy\u017cki pensji minimalnej. Druga podwy\u017cka wejdzie w \u017cycie 1 lipca. Wtedy najni\u017csza pensja minimalna zostanie podniesiona do 3600 z\u0142 brutto. oznacza to, \u017ce osobom pracuj\u0105cym na umowie o prac\u0119 pracodawcy nie b\u0119d\u0105 mogli zap\u0142aci\u0107 mniej.", "link": "https://www.money.pl/pieniadze/pensja-minimalna-w-gore-od-lipca-takie-beda-wyplaty-na-reke-6910253864168000a.html", "date_published": "2023-06-18 07:34:48+00:00", "persistent": false, "user": null, "language": "pl-PL"}, {"source": "https://www.money.pl/rss/", "title": "Jest najnowszy sonda\u017c ws. stanu polskiej gospodarki. PiS nie mo\u017ce by\u0107 zadowolony", "description": "<img src=\"https://i.wpimg.pl/308x/filerepo.grupawp.pl/api/v1/display/embed/2226757b-ef51-4a46-97b4-cbab8438c60f\" width=\"308\" /> 20,6 proc. badanych dobrze ocenia stan polskiej gospodarki i finans\u00f3w publicznych po o\u015bmiu latach rz\u0105d\u00f3w PiS, w tym 7,2 proc. - bardzo dobrze. 14,8 proc. ocenia je dostatecznie, 22 proc. miernie, a 37,8 proc. - niedostatecznie - wynika z sonda\u017cu SW Research przeprowadzonego dla rp.pl.", "link": "https://www.money.pl/gospodarka/jest-najnowszy-sondaz-ws-stanu-polskiej-gospodarki-pis-nie-moze-byc-zadowolony-6910247062645312a.html", "date_published": "2023-06-18 07:07:12+00:00", "persistent": false, "user": null, "language": "pl-PL"}, {"source": "https://www.money.pl/rss/", "title": "\"Workation\" nie zast\u0105pi porz\u0105dnego urlopu. Na d\u0142u\u017csz\u0105 met\u0119 mo\u017ce to by\u0107 zgubne", "description": "<img src=\"https://i.wpimg.pl/308x/filerepo.grupawp.pl/api/v1/display/embed/9fe7d371-b4a6-4281-84c9-3b4bcea298f5\" width=\"308\" /> Wraz z upowszechnieniem si\u0119 pracy hybrydowej pojawi\u0142a si\u0119 te\u017c nowa forma wypoczynku. \"Workation\", bo o nim mowa, polega na pracy z dowolnego miejsca na \u015bwiecie. Po zamkni\u0119ciu laptopa pracownik zmienia si\u0119 w turyst\u0119 i zwiedza region. Problem w tym, \u017ce taki wypoczynek na d\u0142u\u017csz\u0105 met\u0119 mo\u017ce by\u0107 zgubny.", "link": "https://www.money.pl/gospodarka/workation-nie-zastapi-porzadnego-urlopu-na-dluzsza-mete-moze-to-byc-zgubne-6908253827111552a.html", "date_published": "2023-06-18 05:14:03+00:00", "persistent": false, "user": null, "language": "pl-PL"}, {"source": "https://www.money.pl/rss/", "title": "Zmienili\u015bmy nawyki. Na tym zdecydowana wi\u0119kszo\u015b\u0107 oszcz\u0119dza", "description": "<img src=\"https://i.wpimg.pl/308x/filerepo.grupawp.pl/api/v1/display/embed/6eb6b685-cb6a-4879-b584-2074b585dbb3\" width=\"308\" /> 91 proc. Polak\u00f3w oszcz\u0119dza na zakupach \u017cywno\u015bci - wynika z badania BIG InfoMonitor. Najcz\u0119\u015bciej rodacy rezygnuj\u0105 z kupna alkoholu, gotowych da\u0144 i s\u0142odyczy. Jednocze\u015bnie 46 proc. badanych traci pieni\u0105dze z powodu marnowania \u017cywno\u015bci - najcz\u0119\u015bciej ok. 100 z\u0142 miesi\u0119cznie.", "link": "https://www.money.pl/gospodarka/zmienilismy-nawyki-na-tym-zdecydowana-wiekszosc-oszczedza-6910217616353856a.html", "date_published": "2023-06-18 05:07:23+00:00", "persistent": false, "user": null, "language": "pl-PL"}, {"source": "https://www.money.pl/rss/", "title": "Polski port coraz wa\u017cniejszy dla Niemc\u00f3w. Korzystamy na tym", "description": "<img src=\"https://i.wpimg.pl/308x/filerepo.grupawp.pl/api/v1/display/embed/2cfe6f14-7b37-4bea-9bbe-f9e20675048f\" width=\"308\" /> Tylko w maju przez gda\u0144ski Naftoport przetoczono rekordowe 3,4 mln ton ropy naftowej i paliw z 41 zbiornikowc\u00f3w. Cz\u0119\u015b\u0107 tego \u0142adunku to dostawy dla zagranicznych klient\u00f3w, w tym niemieckich rafinerii. Po odci\u0119ciu dostaw ropoci\u0105giem z Rosji, Polska sta\u0142a si\u0119 dla nich najwa\u017cniejsz\u0105 bram\u0105.", "link": "https://www.money.pl/gielda/polski-port-coraz-wazniejszy-dla-niemcow-korzystamy-na-tym-6908564441000576a.html", "date_published": "2023-06-18 04:41:34+00:00", "persistent": false, "user": null, "language": "pl-PL"}]