[{"source": "http://www.zdnet.com/news/rss.xml", "title": "Intel just unveiled its biggest rebrand in 15 years: Here are the details", "description": "With this announcement, the company teases the upcoming launch of the new Intel Core Ultra processors.", "link": "https://www.zdnet.com/article/intel-just-unveiled-its-biggest-rebrand-in-15-years-here-are-the-details/#ftag=RSSbaffb68", "date_published": "2023-06-18 11:15:00+00:00", "persistent": false, "user": null, "language": "en-US"}, {"source": "http://www.zdnet.com/news/rss.xml", "title": "This $15 accessory unlocks the GoPro's game-changing camera feature", "description": "If you're struggling to use the time-lapse or star trails feature on their GoPros, you're not alone. Here's the fix, and it's more affordable than you think.", "link": "https://www.zdnet.com/home-and-office/this-15-accessory-unlocks-the-gopros-game-changing-camera-feature/#ftag=RSSbaffb68", "date_published": "2023-06-18 11:00:00+00:00", "persistent": false, "user": null, "language": "en-US"}]