[{"source": "https://wydarzenia.interia.pl/swiat/feed", "title": "Sudan: Uzgodniono 72-godzinne zawieszenie broni", "description": "<p><a href=\"https://wydarzenia.interia.pl/zagranica/news-sudan-uzgodniono-72-godzinne-zawieszenie-broni,nId,6848767\"><img align=\"left\" alt=\"Sudan: Uzgodniono 72-godzinne zawieszenie broni\" src=\"https://i.iplsc.com/sudan-uzgodniono-72-godzinne-zawieszenie-broni/000HAK5X6I4YKY6W-C321.jpg\" /></a>Walki w rejonie Chartumu nie ustaj\u0105. W sobot\u0119 trwa\u0142y one z wyj\u0105tkow\u0105 intensywno\u015bci\u0105. Wed\u0142ug mediator\u00f3w saudyjskich i ameryka\u0144skich, suda\u0144ska armia rz\u0105dowa i organizacje paramilitarne skupione w Si\u0142ach Szybkiego Wsparcia (RSF) uzgodni\u0142y 72-godzinne zawieszenie broni w trwaj\u0105cej od po\u0142owy kwietnia wojnie domowej, kt\u00f3re ma obowi\u0105zywa\u0107 od niedzieli. Obserwatorzy wskazuj\u0105 jednak, \u017ce poprzednie porozumienia by\u0142y szybko zrywane.</p><br clear=\"all\" />", "link": "https://wydarzenia.interia.pl/zagranica/news-sudan-uzgodniono-72-godzinne-zawieszenie-broni,nId,6848767", "date_published": "2023-06-18 04:38:59+00:00", "persistent": false, "user": null, "language": "pl-PL"}, {"source": "https://wydarzenia.interia.pl/swiat/feed", "title": "Antony Blinken w Pekinie. Pierwsza taka wizyta od pi\u0119ciu lat", "description": "<p><a href=\"https://wydarzenia.interia.pl/zagranica/news-antony-blinken-w-pekinie-pierwsza-taka-wizyta-od-pieciu-lat,nId,6848766\"><img align=\"left\" alt=\"Antony Blinken w Pekinie. Pierwsza taka wizyta od pi\u0119ciu lat\" src=\"https://i.iplsc.com/antony-blinken-w-pekinie-pierwsza-taka-wizyta-od-pieciu-lat/000HAK57DCM60IJ6-C321.jpg\" /></a>Antony Blinken, sekretarz stanu USA, dotar\u0142 w niedziel\u0119 do Pekinu. Jak podkre\u015bla ameryka\u0144ski Departament Stanu, to pierwszy od pi\u0119ciu lat ameryka\u0144ski dyplomata wysokiej rangi z misj\u0105 podj\u0119cia pr\u00f3by &quot;odpowiedzialnego dialogu&quot; i poprawy wzajemnych kontakt\u00f3w dyplomatycznych.</p><br clear=\"all\" />", "link": "https://wydarzenia.interia.pl/zagranica/news-antony-blinken-w-pekinie-pierwsza-taka-wizyta-od-pieciu-lat,nId,6848766", "date_published": "2023-06-18 04:16:58+00:00", "persistent": false, "user": null, "language": "pl-PL"}]