[{"source": "https://www.wirtualnemedia.pl/rss/wm_gospodarka.xml", "title": "Polacy maj\u0105 coraz wi\u0119ksze problemy ze zdrowiem psychicznym", "description": "Statystycznie przyjmuje si\u0119, \u017ce oko\u0142o 25 proc. spo\u0142ecze\u0144stwa mia\u0142o, ma lub b\u0119dzie mie\u0107 problemy emocjonalne, kt\u00f3re wymagaj\u0105 wsparcia ze strony profesjonalist\u00f3w - powiedzia\u0142 prezes fundacji eFkropka, terapeuta \u015brodowiskowy Polskiego Towarzystwa Psychiatrycznego i psychoterapeuta Jerzy K\u0142oskowski.", "link": "https://www.wirtualnemedia.pl/artykul/polacy-maja-coraz-wieksze-problemy-ze-zdrowiem-psychicznym", "date_published": "2023-06-18 06:29:51.447623+00:00", "persistent": false, "user": null, "language": "pl-PL"}]