[{"source": "https://www.youtube.com/feeds/videos.xml?channel_id=UC91V6D3nkhP89wUb9f_h17g", "title": "GUTTERBALL | Melvins Macabre", "description": "MELVIN PLUSH AND MERCH HERE:\nhttps://meatcanyon.store/collections/all\n\n\nMEATCANYON TRADING CARDS:\nhttps://trdng.shop/products/meatcanyon\n\n\n\n\nSubscribe to my Patreon:\nhttps://www.patreon.com/meatcanyon\n\n\n\n\nAnimators:\nJerb: https://twitter.com/jerbjpg?s=20\n\nVudujin: https://twitter.com/Vudujin\n\nDublyMike: https://twitter.com/dublymike?s=20\n\nFantishow\" https://twitter.com/Fantishow?s=20\n\nJamie R : https://youtube.com/@JaimeR2D\n\nAwez: https://mobile.twitter.com/aweztube\\\n\nZeurel: https://twitter.com/Zeurel?s=20\n\nRedMinus: https://twitter.com/RedMinus?s=20\n\n\n3D Animation done by Hoolopee:\nhttps://twitter.com/hoolopee?s=20\n\n\n\nBG Artist:\nKuo Yang: https://www.artstation.com/kuoyang\n\nPeatrick: https://twitter.com/thepeeetrick?s=20\n\nOkMichie: https://twitter.com/okmichie_art?s=20\n\nMrmattzan: https://instagram.com/mrmattzan?igshid=YmMyMTA2M2Y=\n\n\nCOMP FX:\nMolly Wright: https://www.youtube.com/c/wollymight\n\n\nAudio Design:\nhttps://twitter.com/imadeasong?s=20\n\nComposer and additional voice acting:\nAlex Walker Smith: https://www.youtube.com/alexwalkersmith", "link": "https://www.youtube.com/watch?v=Y_-GmJONl6c", "date_published": "2023-06-18 17:22:20+00:00", "persistent": false, "user": null, "language": "en-US"}]