[{"source": "http://www.pcgamer.com/rss", "title": "One of Rockstar's cofounders is finally teasing what's next with a music video and a big ole' creepy eyeball", "description": "The ventures are certainly absurd.", "link": "https://www.pcgamer.com/one-of-rockstars-cofounders-is-finally-teasing-whats-next-with-a-music-video-and-a-big-ole-creepy-eyeball", "date_published": "2023-06-18 21:40:55+00:00", "persistent": false, "user": null, "language": "en-US"}, {"source": "http://www.pcgamer.com/rss", "title": "I'm hoping against hope that Cyberpunk 2077's expansion overhaul will finally fix the game's lingering mechanics malaise", "description": "I've always loved this game, but it's never felt quite right.", "link": "https://www.pcgamer.com/im-hoping-against-hope-that-cyberpunk-2077s-expansion-overhaul-will-finally-fix-the-games-lingering-mechanics-malaise", "date_published": "2023-06-18 19:56:44+00:00", "persistent": false, "user": null, "language": "en-US"}, {"source": "http://www.pcgamer.com/rss", "title": "Here's space corporations doing things they shouldn't in the Aliens: Dark Descent story trailer", "description": "Up to their usual tricks in this Aliens squad RTS.", "link": "https://www.pcgamer.com/heres-space-corporations-doing-things-they-shouldnt-in-the-aliens-dark-descent-story-trailer", "date_published": "2023-06-18 19:25:51+00:00", "persistent": false, "user": null, "language": "en-US"}, {"source": "http://www.pcgamer.com/rss", "title": "Gunpowder soulslike Flintlock delayed into 2024", "description": "You'll have to wait longer to shoot the gods.", "link": "https://www.pcgamer.com/gunpowder-soulslike-flintlock-delayed-into-2024", "date_published": "2023-06-18 17:34:04+00:00", "persistent": false, "user": null, "language": "en-US"}, {"source": "http://www.pcgamer.com/rss", "title": "Humble is offering the motherlode of Destiny lore ebooks for just $9", "description": "Hey, this stuff is pretty neat.", "link": "https://www.pcgamer.com/humble-is-offering-the-motherlode-of-destiny-lore-ebooks-for-just-dollar9", "date_published": "2023-06-18 17:31:27+00:00", "persistent": false, "user": null, "language": "en-US"}, {"source": "http://www.pcgamer.com/rss", "title": "World of Horror will actually finally release in October", "description": "The cult horror roguelike RPG will be done. Finally.", "link": "https://www.pcgamer.com/world-of-horror-will-actually-finally-release-in-october", "date_published": "2023-06-18 16:33:27+00:00", "persistent": false, "user": null, "language": "en-US"}, {"source": "http://www.pcgamer.com/rss", "title": "Skyrim mod gives you a fully voiced ex-Thalmor companion", "description": "Maybe don't put an arrow in this one immediately.", "link": "https://www.pcgamer.com/skyrim-mod-gives-you-a-fully-voiced-ex-thalmor-companion", "date_published": "2023-06-18 07:19:52+00:00", "persistent": false, "user": null, "language": "en-US"}, {"source": "http://www.pcgamer.com/rss", "title": "Great moments in PC gaming: Transforming a hero into something bizarre in Wildermyth", "description": "Sylvan leg? Crow head? Yes to these and more.", "link": "https://www.pcgamer.com/great-moments-in-pc-gaming-transforming-a-hero-into-something-bizarre-in-wildermyth", "date_published": "2023-06-18 05:35:00+00:00", "persistent": false, "user": null, "language": "en-US"}, {"source": "http://www.pcgamer.com/rss", "title": "Today's Wordle hint and answer #729: Sunday, June 18", "description": "A hint to help you out and today's Wordle answer if you need it.", "link": "https://www.pcgamer.com/wordle-answer-today-hint-729-june-18", "date_published": "2023-06-18 04:07:44+00:00", "persistent": false, "user": null, "language": "en-US"}, {"source": "http://www.pcgamer.com/rss", "title": "Get sci-fi spy sim Sigma Theory free this weekend", "description": "Add it to your account for zero dollars for a limited time.", "link": "https://www.pcgamer.com/get-sci-fi-spy-sim-sigma-theory-free-this-weekend", "date_published": "2023-06-18 02:49:29+00:00", "persistent": false, "user": null, "language": "en-US"}, {"source": "http://www.pcgamer.com/rss", "title": "The best sex games to play in 2023", "description": "Sex games that aren't garbage.", "link": "https://www.pcgamer.com/best-sex-games", "date_published": "2023-06-18 00:25:27+00:00", "persistent": false, "user": null, "language": "en-US"}, {"source": "http://www.pcgamer.com/rss", "title": "One of the OG System Shock's devs is streaming the remake: 'We see our feet,  never coulda done that in 1994'", "description": "Marc LeBlanc was a longtime Looking Glass employee who worked on System Shock and Thief.", "link": "https://www.pcgamer.com/one-of-the-og-system-shocks-devs-is-streaming-the-remake-we-see-our-feet-never-coulda-done-that-in-1994", "date_published": "2023-06-18 00:07:59+00:00", "persistent": false, "user": null, "language": "en-US"}]