[{"source": "https://www.bankier.pl/rss/wiadomosci.xml", "title": "Coraz wi\u0119cej obcokrajowc\u00f3w w\u015br\u00f3d absolwent\u00f3w polskich uczelni. Ten kierunek wybieraj\u0105 najcz\u0119\u015bciej", "description": "<p><img align=\"left\" alt=\"\" class=\"webfeedsFeaturedVisual\" height=\"560\" src=\"http://galeria.bankier.pl/p/a/3/879da035d54b01-948-568-90-0-1924-1154.jpg\" style=\"display: block; margin-bottom: 5px; clear: both;\" width=\"945\" />W 2021 r. w\u015br\u00f3d absolwent\u00f3w szk\u00f3\u0142 wy\u017cszych w Polsce by\u0142o blisko 16 tys. os\u00f3b z zagranicy. Liczba ta wzrasta w ostatnich latach. W 2019 r. by\u0142o ich ok. 14,7 tys., a w 2017 r - ok. 11,4 tys. - wynika z najnowszych danych O\u015brodka Przetwarzania Informacji udost\u0119pnionych PAP. Teolodzy zostaj\u0105 w Polsce, medycy - nie.</p>", "link": "https://www.bankier.pl/wiadomosc/Coraz-wiecej-obcokrajowcow-wsrod-absolwentow-polskich-uczelni-Ten-kierunek-wybieraja-najczesciej-8558922.html?utm_source=RSS&utm_medium=RSS&utm_campaign=Wiadomosci", "date_published": "2023-06-18 17:00:00+00:00", "persistent": false, "user": null, "language": "pl-PL"}, {"source": "https://www.bankier.pl/rss/wiadomosci.xml", "title": "Brytyjski rz\u0105d forsuje ustaw\u0119 zakazuj\u0105c\u0105 bojkotu izraelskich produkt\u00f3w", "description": "<p><img align=\"left\" alt=\"\" class=\"webfeedsFeaturedVisual\" height=\"560\" src=\"http://galeria.bankier.pl/p/7/a/a62911304c227d-948-568-0-288-1920-1151.jpg\" style=\"display: block; margin-bottom: 5px; clear: both;\" width=\"945\" />Brytyjski rz\u0105d przedstawi w poniedzia\u0142ek projekt ustawy zakazuj\u0105cej wszystkim organom publicznym prowadzenia w\u0142asnych kampanii bojkotu lub zniech\u0119cania do inwestycji w innych krajach i terytoriach, w tym w Izraelu \u2013 zapowiedzia\u0142 w niedziel\u0119 minister ds. wyr\u00f3wnywania szans i spo\u0142eczno\u015bci Michael Gove.</p>", "link": "https://www.bankier.pl/wiadomosc/Brytyjski-rzad-forsuje-ustawe-zakazujaca-bojkotu-izraelskich-produktow-8562466.html?utm_source=RSS&utm_medium=RSS&utm_campaign=Wiadomosci", "date_published": "2023-06-18 16:14:40.024076+00:00", "persistent": false, "user": null, "language": "pl-PL"}, {"source": "https://www.bankier.pl/rss/wiadomosci.xml", "title": "Jest szansa na z\u0142agodzenie konfliktu USA-Chiny? Rozmowy by\u0142y \"szczere, rzeczowe i konstruktywne\"", "description": "<p><img align=\"left\" alt=\"\" class=\"webfeedsFeaturedVisual\" height=\"560\" src=\"http://galeria.bankier.pl/p/5/c/abb3ce79bdce86-948-568-0-160-4000-2399.jpg\" style=\"display: block; margin-bottom: 5px; clear: both;\" width=\"945\" />Rozmowy sekretarza stanu USA Antony'ego Blinkena z Qin Gangiem by\u0142y \"szczere, rzeczowe i konstruktywne\" - przekaza\u0142 w niedziel\u0119 w o\u015bwiadczeniu ameryka\u0144ski Departament Stanu.</p>", "link": "https://www.bankier.pl/wiadomosc/Jest-szansa-na-zlagodzenie-konfliktu-USA-Chiny-Rozmowy-byly-szczere-rzeczowe-i-konstruktywne-8562465.html?utm_source=RSS&utm_medium=RSS&utm_campaign=Wiadomosci", "date_published": "2023-06-18 16:14:40.017284+00:00", "persistent": false, "user": null, "language": "pl-PL"}, {"source": "https://www.bankier.pl/rss/wiadomosci.xml", "title": "Uchod\u017acy z Ukrainy. Polacy zmieniaj\u0105 swoje nastawienie przez \"roszczeniow\u0105 postaw\u0119\" emigrant\u00f3w", "description": "<p><img align=\"left\" alt=\"\" class=\"webfeedsFeaturedVisual\" height=\"560\" src=\"http://galeria.bankier.pl/p/8/b/d89e3f1daf3e51-948-568-0-53-4253-2551.jpg\" style=\"display: block; margin-bottom: 5px; clear: both;\" width=\"945\" />68 proc. badanych Polak\u00f3w opowiada si\u0119 za przyjmowaniem uchod\u017ac\u00f3w z Ukrainy. 55 proc. badanych jest przeciw dodatkowej pomocy \u2013 wynika z badania \"Spo\u0142eczna percepcja uchod\u017ac\u00f3w z Ukrainy, migrant\u00f3w oraz dzia\u0142a\u0144 podejmowanych przez polskie pa\u0144stwo\".</p>", "link": "https://www.bankier.pl/wiadomosc/Uchodzcy-z-Ukrainy-Polacy-zmieniaja-swoje-nastawienie-przez-roszczeniowa-postawe-emigrantow-8558635.html?utm_source=RSS&utm_medium=RSS&utm_campaign=Wiadomosci", "date_published": "2023-06-18 15:02:00+00:00", "persistent": false, "user": null, "language": "pl-PL"}, {"source": "https://www.bankier.pl/rss/wiadomosci.xml", "title": "W\u0142oskie miasto wprowadza zakaz kostium\u00f3w i go\u0142ych tors\u00f3w na ulicach", "description": "<p><img align=\"left\" alt=\"\" class=\"webfeedsFeaturedVisual\" height=\"560\" src=\"http://galeria.bankier.pl/p/f/8/dbe55d361aff31-948-568-0-70-4000-2399.jpg\" style=\"display: block; margin-bottom: 5px; clear: both;\" width=\"945\" />W popularnej nadmorskiej miejscowo\u015bci wakacyjnej Gallipoli w Apulii na po\u0142udniu W\u0142och w\u0142adze wprowadzi\u0142y zakaz chodzenia po jej centrum z go\u0142ym torsem i w kostiumach k\u0105pielowych. Kara za z\u0142amanie zakazu, kt\u00f3ry b\u0119dzie obowi\u0105zywa\u0142 od 1 lipca do 20 wrze\u015bnia, wynosi\u0107 b\u0119dzie od 25 do 150 euro.</p>", "link": "https://www.bankier.pl/wiadomosc/Wloskie-miasto-wprowadza-zakaz-kostiumow-i-golych-torsow-na-ulicach-8562095.html?utm_source=RSS&utm_medium=RSS&utm_campaign=Wiadomosci", "date_published": "2023-06-18 14:00:00+00:00", "persistent": false, "user": null, "language": "pl-PL"}, {"source": "https://www.bankier.pl/rss/wiadomosci.xml", "title": "Mick Jagger wystawil\u0142 na sprzeda\u017c dom za 3,5 mln dolar\u00f3w. Ma 529 mkw. i dzwonnic\u0119", "description": "<p><img align=\"left\" alt=\"\" class=\"webfeedsFeaturedVisual\" height=\"560\" src=\"http://galeria.bankier.pl/p/a/2/345e83e50c9073-948-568-0-35-2037-1222.jpg\" style=\"display: block; margin-bottom: 5px; clear: both;\" width=\"945\" />Lider zespo\u0142u The Rolling Stones Mick Jagger i jego partnerka Melanie Hamrick wystawili na sprzeda\u017c sw\u00f3j dom na Florydzie - poinformowa\u0142a w niedziel\u0119 agencja AP. Nieruchomo\u015b\u0107 o powierzchnia mieszkalnej 529 m kwadratowych zosta\u0142a wyceniona na 3,5 mln dolar\u00f3w.</p>", "link": "https://www.bankier.pl/wiadomosc/Mick-Jagger-wystawill-na-sprzedaz-dom-za-3-5-mln-dolarow-Ma-529-mkw-i-dzwonnice-8562430.html?utm_source=RSS&utm_medium=RSS&utm_campaign=Wiadomosci", "date_published": "2023-06-18 13:03:00+00:00", "persistent": false, "user": null, "language": "pl-PL"}, {"source": "https://www.bankier.pl/rss/wiadomosci.xml", "title": "Opublikowano wideo z imprezy Partii Konserwatywnej w lockdownie", "description": "<p><img align=\"left\" alt=\"\" class=\"webfeedsFeaturedVisual\" height=\"560\" src=\"http://galeria.bankier.pl/p/1/0/24703e8c27a964-948-568-0-93-1773-1063.jpg\" style=\"display: block; margin-bottom: 5px; clear: both;\" width=\"945\" />Brytyjski dziennik \"Daily Mirror\" opublikowa\u0142 na swojej stronie internetowej wideo z imprezy w siedzibie rz\u0105dz\u0105cej Partii Konserwatywnej w grudniu 2020 r., w czasie trwaj\u0105cych restrykcji covidowych, na kt\u00f3rym uczestnicy ta\u0144cz\u0105, pij\u0105 alkohol i jawnie sobie \u017cartuj\u0105 z ogranicze\u0144.</p>", "link": "https://www.bankier.pl/wiadomosc/Opublikowano-wideo-z-imprezy-Partii-Konserwatywnej-w-lockdownie-8562429.html?utm_source=RSS&utm_medium=RSS&utm_campaign=Wiadomosci", "date_published": "2023-06-18 12:53:00+00:00", "persistent": false, "user": null, "language": "pl-PL"}, {"source": "https://www.bankier.pl/rss/wiadomosci.xml", "title": "Rozw\u00f3j sztucznej inteligencji ju\u017c si\u0119 nie zatrzyma. To wymaga zaj\u0119cia si\u0119 jej stron\u0105 moraln\u0105 i etyczn\u0105", "description": "<p><img align=\"left\" alt=\"\" class=\"webfeedsFeaturedVisual\" height=\"560\" src=\"http://galeria.bankier.pl/p/4/8/6099ec4144ccf5-948-568-0-150-4000-2399.jpg\" style=\"display: block; margin-bottom: 5px; clear: both;\" width=\"945\" />Eksperci \nzauwa\u017caj\u0105, \u017ce cho\u0107 o\u00a0sztucznej inteligencji m\u00f3wi si\u0119 na razie g\u0142\u00f3wnie \nw\u00a0kontek\u015bcie biznesowym i\u00a0rozrywkowym, to w\u00a0debacie coraz cz\u0119\u015bciej \npojawia si\u0119 te\u017c w\u0105tek etyki i\u00a0spo\u0142ecznej odpowiedzialno\u015bci AI, kt\u00f3ra \nmo\u017ce si\u0119\u00a0przyczyni\u0107\u00a0do rozwi\u0105zania globalnych problem\u00f3w.</p>", "link": "https://www.bankier.pl/wiadomosc/Rozwoj-sztucznej-inteligencji-juz-sie-nie-zatrzyma-To-wymaga-zajecia-sie-jej-strona-moralna-i-etyczna-8559681.html?utm_source=RSS&utm_medium=RSS&utm_campaign=Wiadomosci", "date_published": "2023-06-18 12:44:21.379273+00:00", "persistent": false, "user": null, "language": "pl-PL"}, {"source": "https://www.bankier.pl/rss/wiadomosci.xml", "title": "Zaw\u00f3d \"\u017cona\", a pensji brak. Ile zarobi\u0142aby kobieta, dbaj\u0105c o dom i dzieci? Co roku by\u0142oby j\u0105 sta\u0107 na kupno kawalerki", "description": "<p><img align=\"left\" alt=\"\" class=\"webfeedsFeaturedVisual\" height=\"560\" src=\"http://galeria.bankier.pl/p/6/a/bf109af59ccdae-948-568-37-52-2912-1747.jpg\" style=\"display: block; margin-bottom: 5px; clear: both;\" width=\"945\" />26,9 tys. z\u0142 miesi\u0119cznie, czyli 322,9 tys. z\u0142 rocznie - tyle z szacunk\u00f3w blogerki ekonomicznej (cho\u0107 nie tylko) Ilony Kosteckiej powinna wynosi\u0107 szacowana wyp\u0142ata \u017cony. Wyliczy\u0142a j\u0105 na podstawie obowi\u0105zuj\u0105cych stawek za wykonywanie przez pracownik\u00f3w tych samych obowi\u0105zk\u00f3w domowych.\u00a0\u00a0</p>", "link": "https://www.bankier.pl/wiadomosc/Zawod-zona-a-pensji-brak-Ile-zarobilaby-kobieta-dbajac-o-dom-i-dzieci-Co-roku-byloby-ja-stac-na-kupno-kawalerki-8560078.html?utm_source=RSS&utm_medium=RSS&utm_campaign=Wiadomosci", "date_published": "2023-06-18 12:44:21.360575+00:00", "persistent": false, "user": null, "language": "pl-PL"}, {"source": "https://www.bankier.pl/rss/wiadomosci.xml", "title": "W\u0142adze Odessy zakaza\u0142y k\u0105pieli w morzu z powodu zanieczyszcze\u0144 po wysadzeniu tamy na Dnieprze", "description": "<p><img align=\"left\" alt=\"\" class=\"webfeedsFeaturedVisual\" height=\"560\" src=\"http://galeria.bankier.pl/p/6/f/06c8a99c66c941-948-568-0-153-3840-2303.jpg\" style=\"display: block; margin-bottom: 5px; clear: both;\" width=\"945\" />Pla\u017ce w Odessie s\u0105 zamkni\u0119te; k\u0105piel w morzu jest zabroniona - o\u015bwiadczy\u0142y w niedziel\u0119 w\u0142adze tego trzeciego co do wielko\u015bci miasta Ukrainy, wa\u017cnego portu nad Morzem Czarnym. Jako\u015b\u0107 wody na wybrze\u017cu pogorszy\u0142a si\u0119 gwa\u0142townie po wysadzeniu przez Rosjan zapory na Dnieprze.</p>", "link": "https://www.bankier.pl/wiadomosc/Wladze-Odessy-zakazaly-kapieli-w-morzu-z-powodu-zanieczyszczen-po-wysadzeniu-tamy-na-Dnieprze-8562417.html?utm_source=RSS&utm_medium=RSS&utm_campaign=Wiadomosci", "date_published": "2023-06-18 12:05:00+00:00", "persistent": false, "user": null, "language": "pl-PL"}, {"source": "https://www.bankier.pl/rss/wiadomosci.xml", "title": "Teorie spiskowe wiecznie \u017cywe. Inflacja to tajny pomys\u0142 rz\u0105du, a p(l)andemia by\u0142a oszustwem", "description": "<p><img align=\"left\" alt=\"\" class=\"webfeedsFeaturedVisual\" height=\"560\" src=\"http://galeria.bankier.pl/p/5/5/08e06cf84bd091-948-568-0-175-2928-1756.jpg\" style=\"display: block; margin-bottom: 5px; clear: both;\" width=\"945\" />Co czwarty mieszkaniec Wielkiej Brytanii wierzy, \u017ce pandemia Covid-19 by\u0142a oszustwem, a co trzeci - \u017ce wzrost cen jest spiskiem rz\u0105d, kt\u00f3rego celem jest zwi\u0119kszenia kontroli nad spo\u0142ecze\u0144stwem - wynika z badania opisuj\u0105cego wiar\u0119 Brytyjczyk\u00f3w w teorie spiskowe, omawianego przez dziennik \"The Guardian\".</p>", "link": "https://www.bankier.pl/wiadomosc/Teorie-spiskowe-wiecznie-zywe-Inflacja-to-tajny-pomysl-rzadu-a-p-l-andemia-byla-oszustwem-8559232.html?utm_source=RSS&utm_medium=RSS&utm_campaign=Wiadomosci", "date_published": "2023-06-18 11:00:00+00:00", "persistent": false, "user": null, "language": "pl-PL"}, {"source": "https://www.bankier.pl/rss/wiadomosci.xml", "title": "\u017bycie w sieci. M\u0142odym Polakom trudno jest wyobrazi\u0107 sobie funkcjonowanie bez smartfona", "description": "<p><img align=\"left\" alt=\"\" class=\"webfeedsFeaturedVisual\" height=\"560\" src=\"http://galeria.bankier.pl/p/a/2/60122a6d374f04-948-568-0-108-2717-1630.jpg\" style=\"display: block; margin-bottom: 5px; clear: both;\" width=\"945\" />Co dziesi\u0105ty m\u0142ody Polak m\u00f3g\u0142by funkcjonowa\u0107 bez telefonu najwy\u017cej godzin\u0119 - wynika z raportu \"M\u0142odzi vs Mobile\". Podczas zakup\u00f3w w sklepach stacjonarnych z telefonu korzysta 78 proc. najm\u0142odszych, sprawdzaj\u0105c oceny i opinie o produktach - dodano.</p>", "link": "https://www.bankier.pl/wiadomosc/Zycie-w-sieci-Mlodym-Polakom-trudno-jest-wyobrazic-sobie-funkcjonowanie-bez-smartfona-8559671.html?utm_source=RSS&utm_medium=RSS&utm_campaign=Wiadomosci", "date_published": "2023-06-18 11:00:00+00:00", "persistent": false, "user": null, "language": "pl-PL"}, {"source": "https://www.bankier.pl/rss/wiadomosci.xml", "title": "Belgia i Francja interweniuj\u0105 ws. wysokich cen \u017cywno\u015bci, Holandia nie ma zamiaru", "description": "<p><img align=\"left\" alt=\"\" class=\"webfeedsFeaturedVisual\" height=\"560\" src=\"http://galeria.bankier.pl/p/4/6/0d963cdcb78af7-948-568-2-42-997-598.jpg\" style=\"display: block; margin-bottom: 5px; clear: both;\" width=\"945\" />Holandia nie zamierza i\u015b\u0107 w \u015blady Belgii i Francji i nie b\u0119dzie interweniowa\u0107 w sprawie wysokich cen artyku\u0142\u00f3w spo\u017cywczych w supermarketach - poinformowa\u0142 w niedziel\u0119 portal NU, cytuj\u0105c rozmow\u0119 z holendersk\u0105 minister gospodarki Micky Adriaansens.</p>", "link": "https://www.bankier.pl/wiadomosc/Belgia-i-Francja-interweniuja-ws-wysokich-cen-zywnosci-Holandia-nie-ma-zamiaru-8562402.html?utm_source=RSS&utm_medium=RSS&utm_campaign=Wiadomosci", "date_published": "2023-06-18 10:12:00+00:00", "persistent": false, "user": null, "language": "pl-PL"}, {"source": "https://www.bankier.pl/rss/wiadomosci.xml", "title": "Katastrofy pogodowe w Europie wyrz\u0105dzi\u0142y od 1980  straty szacowane na 560 miliard\u00f3w euro", "description": "<p><img align=\"left\" alt=\"\" class=\"webfeedsFeaturedVisual\" height=\"560\" src=\"http://galeria.bankier.pl/p/b/3/686dbc3eec4169-948-568-0-0-2546-1527.jpg\" style=\"display: block; margin-bottom: 5px; clear: both;\" width=\"945\" />Ekstremalne zjawiska pogodowe, takie jak fale upa\u0142\u00f3w i powodzie, spowodowa\u0142y od 1980 roku w Europie \u015bmier\u0107 oko\u0142o 195 000 os\u00f3b i wyrz\u0105dzi\u0142y straty szacowane na 560 miliard\u00f3w euro - poinformowa\u0142a Europejska Agencja \u015arodowiska (EEA), nawo\u0142uj\u0105c do zmiany podej\u015bcia w tej kwestii.</p>", "link": "https://www.bankier.pl/wiadomosc/Katastrofy-pogodowe-w-Europie-wyrzadzily-od-1980-straty-szacowane-na-560-miliardow-euro-8559660.html?utm_source=RSS&utm_medium=RSS&utm_campaign=Wiadomosci", "date_published": "2023-06-18 09:00:00+00:00", "persistent": false, "user": null, "language": "pl-PL"}, {"source": "https://www.bankier.pl/rss/wiadomosci.xml", "title": "Tokio zacznie wykorzystywa\u0107 ChatGPT do prac urz\u0119dniczych, by \"lepiej zarz\u0105dza\u0107 miastem\"", "description": "<p><img align=\"left\" alt=\"\" class=\"webfeedsFeaturedVisual\" height=\"560\" src=\"http://galeria.bankier.pl/p/b/a/06098ab83df86f-948-568-0-273-4206-2523.jpg\" style=\"display: block; margin-bottom: 5px; clear: both;\" width=\"945\" />Gubernator Tokio Yuriko Koike zapowiedzia\u0142a, \u017ce od sierpnia w\u0142adze miasta zaczn\u0105 wykorzystywa\u0107 ChatGPT do pisania tekst\u00f3w, analizy dokument\u00f3w i innych prac urz\u0119dniczych, co powinno \"znacznie odmieni\u0107 spos\u00f3b pracy miejskiej administracji\u201d - poda\u0142a japo\u0144ska agencja Kyodo.</p>", "link": "https://www.bankier.pl/wiadomosc/Tokio-zacznie-wykorzystywac-ChatGPT-do-prac-urzedniczych-by-lepiej-zarzadzac-miastem-8559543.html?utm_source=RSS&utm_medium=RSS&utm_campaign=Wiadomosci", "date_published": "2023-06-18 09:00:00+00:00", "persistent": false, "user": null, "language": "pl-PL"}, {"source": "https://www.bankier.pl/rss/wiadomosci.xml", "title": "Postpandemiczny kryzys w Ameryce \u0141aci\u0144skiej. Eksploatacja pracy nieletnich coraz powszechniejsza", "description": "<p><img align=\"left\" alt=\"\" class=\"webfeedsFeaturedVisual\" height=\"560\" src=\"http://galeria.bankier.pl/p/f/f/47b49456ddb246-948-568-0-250-4000-2399.jpg\" style=\"display: block; margin-bottom: 5px; clear: both;\" width=\"945\" />Jak wynika z raportu og\u0142oszonego w stolicy Peru, \nLimie,  zjawisko to w Ameryce \u0141aci\u0144skiej niezmiernie si\u0119 rozszerzy\u0142o  w \nostatnich latach wskutek zubo\u017cenia regionu w nast\u0119pstwie pandemii \nCOVID-19.</p>", "link": "https://www.bankier.pl/wiadomosc/Postpandemiczny-kryzys-w-Ameryce-Lacinskiej-Eksploatacja-pracy-nieletnich-coraz-powszechniejsza-8558904.html?utm_source=RSS&utm_medium=RSS&utm_campaign=Wiadomosci", "date_published": "2023-06-18 06:29:05.190371+00:00", "persistent": false, "user": null, "language": "pl-PL"}, {"source": "https://www.bankier.pl/rss/wiadomosci.xml", "title": "Ekonomista: Wiele kraj\u00f3w Europy jest cenowo dost\u0119pnych dla Polak\u00f3w", "description": "<p><img align=\"left\" alt=\"\" class=\"webfeedsFeaturedVisual\" height=\"560\" src=\"http://galeria.bankier.pl/p/0/1/b8fa4b618ef7b5-948-568-37-85-962-577.jpg\" style=\"display: block; margin-bottom: 5px; clear: both;\" width=\"945\" />Wiele kraj\u00f3w Europy jest dost\u0119pnych cenowo dla Polak\u00f3w, co wynika cz\u0119\u015bciowo z inflacji w naszym kraju, a z drugiej - z d\u0142ugofalowego trendu rozwoju gospodarczego Polski - powiedzia\u0142 PAP prof. Pawe\u0142 Baranowski z Wydzia\u0142u Ekonomiczno-Socjologicznego Uniwersytetu \u0141\u00f3dzkiego.</p>", "link": "https://www.bankier.pl/wiadomosc/Ekonomista-Wiele-krajow-Europy-jest-cenowo-dostepnych-dla-Polakow-8562367.html?utm_source=RSS&utm_medium=RSS&utm_campaign=Wiadomosci", "date_published": "2023-06-18 06:29:05.187564+00:00", "persistent": false, "user": null, "language": "pl-PL"}, {"source": "https://www.bankier.pl/rss/wiadomosci.xml", "title": "Katastrofa demograficzna w Polsce post\u0119puje. Zmiany mo\u017ce odczu\u0107 m.in. rynek mieszkaniowy", "description": "<p><img align=\"left\" alt=\"\" class=\"webfeedsFeaturedVisual\" height=\"560\" src=\"http://galeria.bankier.pl/p/4/b/a3b6ec9274b82c-948-568-10-290-3966-2380.jpg\" style=\"display: block; margin-bottom: 5px; clear: both;\" width=\"945\" />Liczba ludno\u015bci w wieku produkcyjnym w Polsce b\u0119dzie stopniowo spada\u0107 i za niespe\u0142na 17 lat zmaleje o 8,4 proc. - wskazali eksperci CBRE. Wed\u0142ug nich zmiany te mo\u017ce odczu\u0107 m.in. sektor biurowy i rynek mieszkaniowy.</p>", "link": "https://www.bankier.pl/wiadomosc/Katastrofa-demograficzna-w-Polsce-postepuje-Zmiany-moze-odczuc-m-in-rynek-mieszkaniowy-8559100.html?utm_source=RSS&utm_medium=RSS&utm_campaign=Wiadomosci", "date_published": "2023-06-18 06:29:05.185031+00:00", "persistent": false, "user": null, "language": "pl-PL"}, {"source": "https://www.bankier.pl/rss/wiadomosci.xml", "title": "Polacy oszcz\u0119dzaj\u0105 na zakupach \u017cywno\u015bci. Najcz\u0119\u015bciej rezygnujemy z tych rzeczy", "description": "<p><img align=\"left\" alt=\"\" class=\"webfeedsFeaturedVisual\" height=\"560\" src=\"http://galeria.bankier.pl/p/9/a/bced96380f9dd4-948-568-4-61-1766-1059.jpg\" style=\"display: block; margin-bottom: 5px; clear: both;\" width=\"945\" />91 proc. Polak\u00f3w oszcz\u0119dza na  zakupach \u017cywno\u015bci \u2013 wynika z badania  BIG InfoMonitor. Najcz\u0119\u015bciej rodacy rezygnuj\u0105 z kupna alkoholu, gotowych da\u0144 i s\u0142odyczy. Jednocze\u015bnie 46 proc. badanych  traci pieni\u0105dze z powodu marnowania \u017cywno\u015bci - najcz\u0119\u015bciej  ok. 100 z\u0142 miesi\u0119cznie.</p>", "link": "https://www.bankier.pl/wiadomosc/Polacy-oszczedzaja-na-zakupach-zywnosci-Najczesciej-rezygnujemy-z-tych-rzeczy-8562342.html?utm_source=RSS&utm_medium=RSS&utm_campaign=Wiadomosci", "date_published": "2023-06-18 05:01:00+00:00", "persistent": false, "user": null, "language": "pl-PL"}, {"source": "https://www.bankier.pl/rss/wiadomosci.xml", "title": "\"Avatar 3\", \"Gwiezdne Wojny\" i \"Avengersi\" z op\u00f3\u017anieniem. Disney musi na nich najpierw zarobi\u0107?", "description": "<p><img align=\"left\" alt=\"\" class=\"webfeedsFeaturedVisual\" height=\"560\" src=\"http://galeria.bankier.pl/p/e/6/6af1de1bddd9b2-948-568-600-427-1642-985.jpg\" style=\"display: block; margin-bottom: 5px; clear: both;\" width=\"945\" />Fani disneyowskiej franczyzy b\u0119d\u0105 musieli poczeka\u0107 na\n kolejne cz\u0119\u015bci \"Avatara\", \"Gwiezdnych Wojen\" i \"Avengers\u00f3w\". Koncern \nog\u0142osi\u0142, \u017ce musi zrobi\u0107 \"kilka przetasowa\u0144 w kalendarzy premier\", w \npraktyce polegaj\u0105cych na ich op\u00f3\u017anieniu.</p>", "link": "https://www.bankier.pl/wiadomosc/Avatar-3-Gwiezdne-Wojny-i-Avengersi-z-opoznieniem-Disney-musi-na-nich-najpierw-zarobic-8559940.html?utm_source=RSS&utm_medium=RSS&utm_campaign=Wiadomosci", "date_published": "2023-06-18 05:00:00+00:00", "persistent": false, "user": null, "language": "pl-PL"}, {"source": "https://www.bankier.pl/rss/wiadomosci.xml", "title": "Kobiety coraz cz\u0119\u015bciej do\u0142\u0105czaj\u0105 do bran\u017cy IT i Tech. Tu mo\u017cna lepiej zarobi\u0107", "description": "<p><img align=\"left\" alt=\"\" class=\"webfeedsFeaturedVisual\" height=\"560\" src=\"http://galeria.bankier.pl/p/3/a/ac7cb23e608802-948-568-0-180-4000-2399.jpg\" style=\"display: block; margin-bottom: 5px; clear: both;\" width=\"945\" />Aby technologie si\u0119 rozwija\u0142y, kobiety musz\u0105 by\u0107 obecne w bran\u017cach technologicznych - powiedzia\u0142a PAP Dr Bianka Siwi\u0144ska, prezes Fundacji Edukacyjnej Perspektywy i tw\u00f3rczyni Pespektyw Women in Tech Summit.</p>", "link": "https://www.bankier.pl/wiadomosc/Kobiety-coraz-czesciej-dolaczaja-do-branzy-IT-i-Tech-Tu-mozna-lepiej-zarobic-8560530.html?utm_source=RSS&utm_medium=RSS&utm_campaign=Wiadomosci", "date_published": "2023-06-18 05:00:00+00:00", "persistent": false, "user": null, "language": "pl-PL"}, {"source": "https://www.bankier.pl/rss/wiadomosci.xml", "title": "Polacy zap\u0142ac\u0105 w tym roku tylko ok. 40 proc. rynkowej ceny energii. Reszt\u0119 sfinansuj\u0105 sp\u00f3\u0142ki", "description": "<p><img align=\"left\" alt=\"\" class=\"webfeedsFeaturedVisual\" height=\"560\" src=\"http://galeria.bankier.pl/p/9/8/e9df257cb10820-948-568-0-270-4000-2399.jpg\" style=\"display: block; margin-bottom: 5px; clear: both;\" width=\"945\" />Wprowadzenie tarczy solidarno\u015bciowej spowodowa\u0142o, \u017ce 8\n mln polskich gospodarstw domowych zap\u0142aci w\u00a0tym roku tylko 40 proc. \nrynkowej ceny za energi\u0119 elektryczn\u0105. Reszt\u0119 sfinansuj\u0105 sp\u00f3\u0142ki \nenergetyczne, czyli m.in. PGE, Tauron, Enea i\u00a0Energa, kt\u00f3re gromadz\u0105 \n\u015brodki na ten cel w\u00a0Funduszu Wyp\u0142aty R\u00f3\u017cnicy Ceny. </p>", "link": "https://www.bankier.pl/wiadomosc/Polacy-zaplaca-w-tym-roku-tylko-ok-40-proc-rynkowej-ceny-energii-Reszte-sfinansuja-spolki-8557263.html?utm_source=RSS&utm_medium=RSS&utm_campaign=Wiadomosci", "date_published": "2023-06-18 05:00:00+00:00", "persistent": false, "user": null, "language": "pl-PL"}, {"source": "https://www.bankier.pl/rss/wiadomosci.xml", "title": "Rynek pracy w Polsce lekko si\u0119 o\u017cywia. Te bran\u017ce b\u0119d\u0105 zatrudnia\u0107, a zwolnienia gro\u017c\u0105 tym profesjom", "description": "<p><img align=\"left\" alt=\"\" class=\"webfeedsFeaturedVisual\" height=\"560\" src=\"http://galeria.bankier.pl/p/6/c/0c798e1cc0d6e9-948-568-0-80-4000-2399.jpg\" style=\"display: block; margin-bottom: 5px; clear: both;\" width=\"945\" />W III kwartale tego roku 31 proc. przedsi\u0119biorc\u00f3w planuje zatrudni\u0107 nowych pracownik\u00f3w, a 17 proc. zredukowa\u0107 etaty - wynika z raportu \u201eBarometr ManpowerGroup Perspektyw Zatrudnienia\u201d. 48 proc. firm chce pozostawi\u0107 zatrudnienie na dotychczasowym poziomie - dodano.</p>", "link": "https://www.bankier.pl/wiadomosc/Rynek-pracy-w-Polsce-lekko-sie-ozywia-Te-branze-beda-zatrudniac-a-zwolnienia-groza-tym-profesjom-8559070.html?utm_source=RSS&utm_medium=RSS&utm_campaign=Wiadomosci", "date_published": "2023-06-18 05:00:00+00:00", "persistent": false, "user": null, "language": "pl-PL"}]