[{"source": "https://feeds.nbcnews.com/nbcnews/public/tech", "title": "5 dead, more than 640,000 without power in southern U.S. after storms rip through region", "description": "Five people are dead and more than 640,000 households across the South were without power Sunday afternoon as storms and extreme weather continued to rip through the region, according to the tracking website PowerOutage.us.", "link": "https://www.nbcnews.com/news/us-news/5-dead-640000-power-southern-us-storms-rip-region-rcna89949", "date_published": "2023-06-18 19:46:04+00:00", "persistent": false, "user": null, "language": "en-US"}, {"source": "https://feeds.nbcnews.com/nbcnews/public/tech", "title": "Ukraine recaptures southeastern village as long-awaited counteroffensive rumbles on", "description": "Ukrainian forces have recaptured a village in the country\u2019s southern Zapororizhzhia region, a Russian installed official said Sunday, in one of Ukraine's first gains since it launched a counteroffensive earlier this month.", "link": "https://www.nbcnews.com/news/world/russia-ukraine-war-countreoffensive-zapororizhzhia-zelenskyy-putin-rcna89921", "date_published": "2023-06-18 15:40:26+00:00", "persistent": false, "user": null, "language": "en-US"}, {"source": "https://feeds.nbcnews.com/nbcnews/public/tech", "title": "Map: How vulnerable is your neighborhood to extreme heat?", "description": "This map shows how at risk your neighborhood is during heat waves, according to the data.", "link": "https://www.nbcnews.com/data-graphics/map-excessive-extreme-heat-vulnerable-your-neighborhood-rcna84666", "date_published": "2023-06-18 14:56:44+00:00", "persistent": false, "user": null, "language": "en-US"}, {"source": "https://feeds.nbcnews.com/nbcnews/public/tech", "title": "4 people killed, dozens injured in chaotic night of mass shootings across the country", "description": "At least 4 people were killed and more than two dozen others injured in shootings in Illinois, Missouri and Washington state in a deadly night of gun violence.", "link": "https://www.nbcnews.com/news/us-news/mass-shooting-chicago-juneteenth-dead-injured-rcna89920", "date_published": "2023-06-18 14:44:37+00:00", "persistent": false, "user": null, "language": "en-US"}, {"source": "https://feeds.nbcnews.com/nbcnews/public/tech", "title": "A Navy base put up a wall to ward off stray bullets. Locals say that doesn't to solve gun violence.", "description": "When gunfire damaged homes on a military base in Gulfport, Mississippi, officials put up a wall of shipping containers to block stray bullets.", "link": "https://www.nbcnews.com/news/us-news/gulfport-mississippi-gun-violence-shipping-containers-rcna89312", "date_published": "2023-06-18 12:00:00+00:00", "persistent": false, "user": null, "language": "en-US"}, {"source": "https://feeds.nbcnews.com/nbcnews/public/tech", "title": "Despite brand boycotts and backlashes, Pride events see solid corporate support", "description": "Some brands are pulling out of Pride events, especially in areas with anti-LGBTQ legislation, but many more are holding firm or deepening their support for the community.", "link": "https://www.nbcnews.com/nbc-out/out-news/pride-organizers-see-timid-sponsors-tighter-security-no-mass-corporate-rcna85238", "date_published": "2023-06-18 12:00:00+00:00", "persistent": false, "user": null, "language": "en-US"}, {"source": "https://feeds.nbcnews.com/nbcnews/public/tech", "title": "Meet the Black outdoorsy groups reclaiming the joys of nature", "description": "Black people across the country are enjoying the outdoors by forming their own communities of nature enthusiasts.", "link": "https://www.nbcnews.com/news/nbcblk/meet-black-outdoorsy-groups-reclaiming-joys-nature-rcna86934", "date_published": "2023-06-18 10:00:00+00:00", "persistent": false, "user": null, "language": "en-US"}, {"source": "https://feeds.nbcnews.com/nbcnews/public/tech", "title": "Ron DeSantis leverages his Covid response for a foothold in Nevada", "description": "Some Nevada Republicans \u2014 still reeling from state closures during the pandemic \u2014 like Florida Gov. Ron DeSantis' Covid messaging.", "link": "https://www.nbcnews.com/politics/2024-election/ron-desantis-leverages-covid-response-foothold-nevada-rcna89823", "date_published": "2023-06-18 01:19:05+00:00", "persistent": false, "user": null, "language": "en-US"}]