[{"source": "https://wiadomosci.gazeta.pl/pub/rss/wiadomosci.xml", "title": "Ukraina naciera i odzyskuje cz\u0119\u015b\u0107 Zaporo\u017ca. Po\u015bpiech Rosjan na okupowanych terenach. Szczepi\u0105 mieszka\u0144c\u00f3w", "description": "<img align=\"left\" hspace=\"4\" src=\"https://bi.im-g.pl/im/0a/7f/1c/z29882634M,Ukraina-w-natarciu-odzyskuje-czesc-Zaporoza--Pospi.jpg\" vspace=\"2\" />Ukrai\u0144ska armia wyzwoli\u0142a miejscowo\u015b\u0107 Piatichatki w obwodzie zaporoskim. Doniesienia te potwierdzaj\u0105 ukrai\u0144skie \u017ar\u00f3d\u0142a niezale\u017cne, wojskowi blogerzy i szef rosyjskiej administracji okupacyjnej w tamtym regionie. Kij\u00f3w na razie nie potwierdzi\u0142 tych doniesie\u0144.", "link": "https://wiadomosci.gazeta.pl/wiadomosci/7,114881,29882588,ukraina-w-natarciu-odzyskuje-czesc-zaporoza-pospiech-rosjan.html?utm_source=RSS&utm_medium=RSS&utm_campaign=10199882", "date_published": "2023-06-18 18:44:00+00:00", "persistent": false, "user": null, "language": "pl-PL"}, {"source": "https://wiadomosci.gazeta.pl/pub/rss/wiadomosci.xml", "title": "Zagini\u0119cie 27-letniej Polki na wsypie Kos. Greckie media: znaleziono cia\u0142o kobiety", "description": "<img align=\"left\" hspace=\"4\" src=\"https://bi.im-g.pl/im/58/82/1b/z28845912M,Pilne.jpg\" vspace=\"2\" />Wiele wskazuje na to, \u017ce sprawa zagini\u0119cia 27-letniej Polki na wyspie Kos ma tragiczny fina\u0142. Greckie media poinformowa\u0142y w niedziel\u0119 po po\u0142udniu, \u017ce w pobli\u017cu miejsca, gdzie zagin\u0119\u0142a Anastazja Rubi\u0144ska, odnaleziono cia\u0142o m\u0142odej kobiety. S\u0142u\u017cby badaj\u0105, czy mo\u017ce nale\u017ce\u0107 do zaginionej Polki.", "link": "https://wiadomosci.gazeta.pl/wiadomosci/7,114881,29882337,zaginiecie-27-letniej-polki-na-wsypie-kos-greckie-media-znaleziono.html?utm_source=RSS&utm_medium=RSS&utm_campaign=10199882", "date_published": "2023-06-18 17:26:00+00:00", "persistent": false, "user": null, "language": "pl-PL"}, {"source": "https://wiadomosci.gazeta.pl/pub/rss/wiadomosci.xml", "title": "Ozdoba brnie w twitterowe k\u0142\u00f3tnie po swoim absurdalnym wpisie. Teraz zaatakowa\u0142 Cyma\u0144skiego", "description": "<img align=\"left\" hspace=\"4\" src=\"https://bi.im-g.pl/im/a3/7f/1c/z29882275M,Ozdoba-brnie-w-twitterowe-klotnie-po-swoim-slynnym.jpg\" vspace=\"2\" />Jacek Ozdoba, wiceminister w rz\u0105dzie Prawa i Sprawiedliwo\u015bci, podaj\u0105c wynik pi\u0105tkowego meczu na Stadionie Narodowym, w miejsce Niemiec podstawi\u0142 nazwisko by\u0142ego premiera Donalda Tuska. Za ten niewybredny popis na Twitterze przeprosi\u0142 Tadeusz Cyma\u0144ski. Ozdoba postanowi\u0142 i\u015b\u0107 w zaparte i odpowiedzia\u0142 by\u0142emu koledze z partii, \u017ce w takim razie on \"przeprosi za Tadka\".", "link": "https://wiadomosci.gazeta.pl/wiadomosci/7,114884,29882209,ozdoba-brnie-w-twitterowe-klotnie-po-swoim-slynnym-wpisie-zaatakowal.html?utm_source=RSS&utm_medium=RSS&utm_campaign=10199882", "date_published": "2023-06-18 17:09:00+00:00", "persistent": false, "user": null, "language": "pl-PL"}, {"source": "https://wiadomosci.gazeta.pl/pub/rss/wiadomosci.xml", "title": "Pierwszy efekt wizyty Blinkena w Pekinie. Szef chi\u0144skiego MSZ odwiedzi Waszyngton", "description": "<img align=\"left\" hspace=\"4\" src=\"https://bi.im-g.pl/im/9f/7f/1c/z29880991M,Sekretarz-stanu-USA-Antony-Blinken-podaje-reke-chi.jpg\" vspace=\"2\" />Chi\u0144ski minister spraw zagranicznych Qin Gang zgodzi\u0142 si\u0119 z\u0142o\u017cy\u0107 wizyt\u0119 w Waszyngtonie po rozmowach z sekretarzem stanu USA Antonym Blinkenem w Pekinie - poinformowa\u0142 Departament Stanu Stan\u00f3w Zjednoczonych.", "link": "https://wiadomosci.gazeta.pl/wiadomosci/7,114881,29882190,pierwszy-efekt-wizyty-blinkena-w-pekinie-szef-chinskiego-msz.html?utm_source=RSS&utm_medium=RSS&utm_campaign=10199882", "date_published": "2023-06-18 15:55:00+00:00", "persistent": false, "user": null, "language": "pl-PL"}, {"source": "https://wiadomosci.gazeta.pl/pub/rss/wiadomosci.xml", "title": "Tusk z\u0142o\u017cy\u0142 Kaczy\u0144skiemu \u017cyczenia z okazji urodzin. Z podtekstem i \"z ca\u0142ego serca\"", "description": "<img align=\"left\" hspace=\"4\" src=\"https://bi.im-g.pl/im/2b/7f/1c/z29882155M,Tusk-przeslal-Kaczynskiemu-zyczenia-urodzinowe--Z-.jpg\" vspace=\"2\" />Niedziela 18 czerwca to dzie\u0144 urodzin Jaros\u0142awa Kaczy\u0144skiego W mediach spo\u0142eczno\u015bciowych politycy r\u00f3\u017cnych opcji sk\u0142adaj\u0105 prezesowi Prawa i Sprawiedliwo\u015bci \u017cyczenia. Te p\u0142yn\u0105ce ze strony opozycji maj\u0105 wyra\u017any wyborczy podtekst. Donald Tusk po\u017cyczy\u0142 Kaczy\u0144skiemu nast\u0119pnych urodzin \"w wolnej Polsce\". A to nie jedyne z\u0142o\u015bliwo\u015bci.", "link": "https://wiadomosci.gazeta.pl/wiadomosci/7,114884,29882095,tusk-przeslal-kaczynskiemu-zyczenia-urodzinowe-z-podtekstem.html?utm_source=RSS&utm_medium=RSS&utm_campaign=10199882", "date_published": "2023-06-18 15:40:00+00:00", "persistent": false, "user": null, "language": "pl-PL"}, {"source": "https://wiadomosci.gazeta.pl/pub/rss/wiadomosci.xml", "title": "Gdynia. Napad z broni\u0105 na salon gier. Policja poszukuje napastnik\u00f3w [ZDJ\u0118CIA]", "description": "<img align=\"left\" hspace=\"4\" src=\"https://bi.im-g.pl/im/b0/7f/1c/z29882032M,Gdynia--Napad-z-bronia-na-salon-gier--Policja-posz.jpg\" vspace=\"2\" />Policja opublikowa\u0142a zdj\u0119cia napastnik\u00f3w, kt\u00f3rzy napadli na salon gier przy ulicy Wielkopolskiej w Gdyni. Wszystkie osoby, kt\u00f3re rozpoznaj\u0105 m\u0119\u017cczyzn, mog\u0105 zg\u0142asza\u0107 si\u0119 do policji w Tr\u00f3jmie\u015bcie lub skontaktowa\u0107 si\u0119 ze s\u0142u\u017cbami pod numerem alarmowym 112.", "link": "https://wiadomosci.gazeta.pl/wiadomosci/7,114883,29881855,gdynia-napad-z-bronia-na-salon-gier-policja-poszukuje-napastnikow.html?utm_source=RSS&utm_medium=RSS&utm_campaign=10199882", "date_published": "2023-06-18 14:40:00+00:00", "persistent": false, "user": null, "language": "pl-PL"}, {"source": "https://wiadomosci.gazeta.pl/pub/rss/wiadomosci.xml", "title": "USA. Strzelanina na festiwalu Beyond Wonderland niedaleko Waszyngtonu. S\u0105 ofiary", "description": "<img align=\"left\" hspace=\"4\" src=\"https://bi.im-g.pl/im/67/7f/1c/z29881959M,USA--Strzelanina-na-festiwalu-Beyond-Wonderland-ni.jpg\" vspace=\"2\" />Dwie osoby zgin\u0119\u0142y w wyniku ataku uzbrojonego napastnika, kt\u00f3ry strzela\u0142 na o\u015blep do t\u0142umu w pobli\u017cu festiwalu muzyki elektronicznej Beyond Wonderland w stanie Waszyngton. Organizatorzy odwo\u0142ali koncerty zaplanowane na drugi dzie\u0144 imprezy.", "link": "https://wiadomosci.gazeta.pl/wiadomosci/7,114881,29881861,usa-strzelanina-na-festiwalu-beyond-wonderland-niedaleko-waszyngtonu.html?utm_source=RSS&utm_medium=RSS&utm_campaign=10199882", "date_published": "2023-06-18 14:01:00+00:00", "persistent": false, "user": null, "language": "pl-PL"}, {"source": "https://wiadomosci.gazeta.pl/pub/rss/wiadomosci.xml", "title": "\"Polska 1 - Tusk 0\". Boniek ostro o wpisie Ozdoby: Przepraszam, co to za debil?", "description": "<img align=\"left\" hspace=\"4\" src=\"https://bi.im-g.pl/im/59/7f/1c/z29881945M,-Polska-1---Tusk-0---Boniek-ostro-o-wpisie-Ozdoby-.jpg\" vspace=\"2\" />\"Polska 1 - Tusk 0\" - tak wiceminister Jacek Ozdoba og\u0142osi\u0142 wygran\u0105 Polski w towarzyskim meczu z Niemcami. Na jego tweet ostro zareagowa\u0142 Zbigniew Boniek. \"Przepraszam, co to za debil?\" - zapyta\u0142. Do dyskusji w\u0142\u0105czyli si\u0119 Tomasz Lis i Roman Giertych. \"Boniek kontra debil 1:0\" - skwitowa\u0142 ten drugi. \"Przyr\u00f3wnywanie Tuska do Niemca to sta\u0142a, chamska i wykluczaj\u0105ca propaganda PiS\" - stwierdzi\u0142 w kolejnym wpisie.", "link": "https://wiadomosci.gazeta.pl/wiadomosci/7,114884,29881292,polska-1-tusk-0-boniek-ostro-o-wpisie-ozdoby-przepraszam.html?utm_source=RSS&utm_medium=RSS&utm_campaign=10199882", "date_published": "2023-06-18 13:50:00+00:00", "persistent": false, "user": null, "language": "pl-PL"}, {"source": "https://wiadomosci.gazeta.pl/pub/rss/wiadomosci.xml", "title": "Urodziny Jaros\u0142awa Kaczy\u0144skiego. Prezes PiS sko\u0144czy\u0142 74 lata. \"Sko\u0144cz\u0119 rz\u0105d, maj\u0105c 91 lat\"", "description": "<img align=\"left\" hspace=\"4\" src=\"https://bi.im-g.pl/im/f8/7f/1c/z29881848M,Urodziny-Jaroslawa-Kaczynskiego--Prezes-PiS-skoncz.jpg\" vspace=\"2\" />Jaros\u0142aw Kaczy\u0144ski sko\u0144czy\u0142 74 lata. Z tej okazji przypominamy \u017cyciorys prezesa Prawa i Sprawiedliwo\u015bci.", "link": "https://wiadomosci.gazeta.pl/wiadomosci/7,114884,29881437,urodziny-jaroslawa-kaczynskiego-prezes-pis-skonczyl-74-lata.html?utm_source=RSS&utm_medium=RSS&utm_campaign=10199882", "date_published": "2023-06-18 13:19:00+00:00", "persistent": false, "user": null, "language": "pl-PL"}, {"source": "https://wiadomosci.gazeta.pl/pub/rss/wiadomosci.xml", "title": "Horoskop na tydzie\u0144 19-25 czerwca [Baran, Byk, Bli\u017ani\u0119ta, Rak, Lew, Panna, Waga, Skorpion, Strzelec, Kozioro\u017cec, Wodnik, Ryby]", "description": "<img align=\"left\" hspace=\"4\" src=\"https://bi.im-g.pl/im/f2/4f/1c/z29684210M,horoskop---zdjecie-ilustracyjne.jpg\" vspace=\"2\" />Horoskop tygodniowy: 19-25 czerwca. Czy czekaj\u0105 ci\u0119 zmiany w \u017cyciu osobistym? A mo\u017ce poszcz\u0119\u015bci ci si\u0119 w \u017cyciu zawodowym? Znajd\u017a sw\u00f3j znak i sprawd\u017a, co zaplanowa\u0142 dla ciebie los.", "link": "https://wiadomosci.gazeta.pl/wiadomosci/7,168571,29881641,horoskop-na-tydzien-19-25-czerwca-baran-byk-bliznieta-rak.html?utm_source=RSS&utm_medium=RSS&utm_campaign=10199882", "date_published": "2023-06-18 13:07:00+00:00", "persistent": false, "user": null, "language": "pl-PL"}, {"source": "https://wiadomosci.gazeta.pl/pub/rss/wiadomosci.xml", "title": "Czy te osoby mog\u0142y wzi\u0105\u0107 udzia\u0142 w tych wydarzeniach? \u0141atwo si\u0119 tu pomyli\u0107!", "description": "<img align=\"left\" hspace=\"4\" src=\"https://bi.im-g.pl/im/eb/f2/15/z23013867M,walesa-quiz.jpg\" vspace=\"2\" />Udowodnij, \u017ce dobrze znasz histori\u0119!", "link": "https://wiadomosci.gazeta.pl/wiadomosci/13,129662,11328,czy-te-osoby-mogly-wziac-udzial-w-tych-wydarzeniach.html?utm_source=RSS&utm_medium=RSS&utm_campaign=10199882", "date_published": "2023-06-18 13:00:00+00:00", "persistent": false, "user": null, "language": "pl-PL"}, {"source": "https://wiadomosci.gazeta.pl/pub/rss/wiadomosci.xml", "title": "Wielkopolskie. Zagryziono sze\u015b\u0107 renifer\u00f3w. \"Winnych b\u0119dziemy szuka\u0107 a\u017c do skutku\"", "description": "<img align=\"left\" hspace=\"4\" src=\"https://bi.im-g.pl/im/e9/7f/1c/z29881577M,Renifer.jpg\" vspace=\"2\" />- Kiedy zaalarmowali nas te\u015bciowie, kt\u00f3rzy sp\u0119dzali maj\u00f3wk\u0119 w jednym z domk\u00f3w, nie spodziewali\u015bmy si\u0119, \u017ce to, co zobaczymy za chwil\u0119 b\u0119dzie wygl\u0105da\u0142o jak sceny z horroru - powiedzia\u0142 w rozmowie z serwisem slupca.pl Aleksander Dyczek, w\u0142a\u015bciciel agroturystyki Arendel.", "link": "https://wiadomosci.gazeta.pl/wiadomosci/7,114883,29881561,wielkopolskie-szesc.html?utm_source=RSS&utm_medium=RSS&utm_campaign=10199882", "date_published": "2023-06-18 12:59:00+00:00", "persistent": false, "user": null, "language": "pl-PL"}, {"source": "https://wiadomosci.gazeta.pl/pub/rss/wiadomosci.xml", "title": "Samolot z delegacj\u0105 RPA odlecia\u0142 z Warszawy. Sta\u0142 na Ok\u0119ciu od czwartku. Wszystko przez bro\u0144 na pok\u0142adzie", "description": "<img align=\"left\" hspace=\"4\" src=\"https://bi.im-g.pl/im/9b/7f/1c/z29881499M,Lotnisko-im--Fryderyka-Chopina-w-Warszawie.jpg\" vspace=\"2\" />Samolot wraz z cz\u0142onkami delegacji prezydenta RPA Cyrila Ramaphosy odlecia\u0142 z warszawskiego lotniska im. Fryderyka Chopina w niedziel\u0119 - przekaza\u0142a w rozmowie z PAP rzeczniczka lotniska Anna Dermont.", "link": "https://wiadomosci.gazeta.pl/wiadomosci/7,114883,29881454,samolot-z-delegacja-rpa-odlecial-z-warszawy-udalo-sie-to-po.html?utm_source=RSS&utm_medium=RSS&utm_campaign=10199882", "date_published": "2023-06-18 11:57:00+00:00", "persistent": false, "user": null, "language": "pl-PL"}, {"source": "https://wiadomosci.gazeta.pl/pub/rss/wiadomosci.xml", "title": "Austriacka ministerka ta\u0144czy\u0142a z Putinem na weselu. Teraz pokieruje rosyjskim think tankiem", "description": "<img align=\"left\" hspace=\"4\" src=\"https://bi.im-g.pl/im/c2/7f/1c/z29881282M,Austriacka-ministerka-tanczyla-z-Putinem-na-weselu.jpg\" vspace=\"2\" />Karin Kneissl, by\u0142a ministerka spraw zagranicznych Austrii, pokieruje nowym rosyjskim think tankiem, kt\u00f3ry ma \"okre\u015bli\u0107 polityk\u0119 Kremla na Bliskim Wschodzie\". Polityczka ju\u017c dawno da\u0142a zna\u0107 o swoich prokremlowskich sympatiach - na jej \u015blubie w 2018 roku jednym z go\u015bci by\u0142 W\u0142adimir Putin.", "link": "https://wiadomosci.gazeta.pl/wiadomosci/7,114881,29880887,austriacka-ministerka-tanczyla-z-putinem-na-weselu-teraz-pokieruje.html?utm_source=RSS&utm_medium=RSS&utm_campaign=10199882", "date_published": "2023-06-18 10:19:00+00:00", "persistent": false, "user": null, "language": "pl-PL"}, {"source": "https://wiadomosci.gazeta.pl/pub/rss/wiadomosci.xml", "title": "S\u0105siedzi rodziny znalezionej w Londynie: \"Byli wspaniali\". Wszcz\u0119to dochodzenie w kierunku zab\u00f3jstwa", "description": "<img align=\"left\" hspace=\"4\" src=\"https://bi.im-g.pl/im/77/7f/1c/z29880439M,Wielka-Brytania--Odnalezione-w-Londynie-ciala-nale.jpg\" vspace=\"2\" />- Kiedy zobaczy\u0142am wiadomo\u015b\u0107 o znalezieniu cia\u0142, zacz\u0119\u0142am p\u0142aka\u0107. Pomy\u015bla\u0142am, \u017ce to nie mog\u0105 by\u0107 oni - przyzna\u0142a jedna z s\u0105siadek czteroosobowej rodziny z Polski, kt\u00f3ra mieszka\u0142a w dzielnicy Hounslow w zachodnim Londynie. W pi\u0105tek policja znalaz\u0142a cia\u0142a ma\u0142\u017ce\u0144stwa i ich dzieci.", "link": "https://wiadomosci.gazeta.pl/wiadomosci/7,114881,29881204,sasiedzi-czteroosobowej-rodziny-znalezionej-w-londynie-to-druzgocace.html?utm_source=RSS&utm_medium=RSS&utm_campaign=10199882", "date_published": "2023-06-18 10:15:00+00:00", "persistent": false, "user": null, "language": "pl-PL"}, {"source": "https://wiadomosci.gazeta.pl/pub/rss/wiadomosci.xml", "title": "Zaskakuj\u0105ce s\u0142owa nowego metropolity katowickiego. M\u00f3wi\u0142 o \"dw\u00f3ch Polskach w Polsce\"", "description": "<img align=\"left\" hspace=\"4\" src=\"https://bi.im-g.pl/im/06/7f/1c/z29881094M,Abp-Adrian-Galbas.jpg\" vspace=\"2\" />Abp Adrian Galbas wyg\u0142osi\u0142 w sobot\u0119 swoje pierwsze kazanie, w kt\u00f3rym m\u00f3wi\u0142 o podzielonym spo\u0142ecze\u0144stwie w Polsce. - Wszyscy pewnie bolejemy z powodu dw\u00f3ch Polsk w Polsce. Coraz bardziej oddalonych od siebie, coraz bardziej napi\u0119tych - m\u00f3wi\u0142 nowy metropolita.", "link": "https://wiadomosci.gazeta.pl/wiadomosci/7,114883,29881080,kazanie-nowego-metropolity-katowickiego-zaskoczylo-wiernych.html?utm_source=RSS&utm_medium=RSS&utm_campaign=10199882", "date_published": "2023-06-18 10:02:00+00:00", "persistent": false, "user": null, "language": "pl-PL"}, {"source": "https://wiadomosci.gazeta.pl/pub/rss/wiadomosci.xml", "title": "W quizie kalendarzowym pytamy o urodziny znanych os\u00f3b. Zdob\u0119dziesz 7/7?", "description": "<img align=\"left\" hspace=\"4\" src=\"https://bi.im-g.pl/im/d8/ae/1b/z29024472M,Grafika-do-quizu-kalendarzowego.jpg\" vspace=\"2\" />W tym tygodniu pytamy o znane osoby. Jak sobie poradzisz?", "link": "https://wiadomosci.gazeta.pl/wiadomosci/13,129662,17423,w-quizie-kalendarzowym-pytamy-o-urodziny-znanych-osob.html?utm_source=RSS&utm_medium=RSS&utm_campaign=10199882", "date_published": "2023-06-18 10:00:00+00:00", "persistent": false, "user": null, "language": "pl-PL"}, {"source": "https://wiadomosci.gazeta.pl/pub/rss/wiadomosci.xml", "title": "Zagini\u0119cie Polki w Grecji. Opublikowano nagranie, na kt\u00f3rym po raz ostatni wida\u0107 Anastazj\u0119", "description": "<img align=\"left\" hspace=\"4\" src=\"https://bi.im-g.pl/im/e0/7f/1c/z29881056M.jpg\" vspace=\"2\" />27-letnia Anastazja Rubi\u0144ska zagin\u0119\u0142a w poniedzia\u0142ek 12 czerwca i do tej pory nie zosta\u0142a odnaleziona. W sieci pojawi\u0142y si\u0119 nagrania z dnia, w kt\u00f3rym ostatnio widziano Polk\u0119.", "link": "https://wiadomosci.gazeta.pl/wiadomosci/7,114883,29880958,sprawa-27-letniej-anastazji-z-kos-opublikowano-nagrania-z-ostatnich.html?utm_source=RSS&utm_medium=RSS&utm_campaign=10199882", "date_published": "2023-06-18 09:04:00+00:00", "persistent": false, "user": null, "language": "pl-PL"}, {"source": "https://wiadomosci.gazeta.pl/pub/rss/wiadomosci.xml", "title": "Ameryka\u0144ski sekretarz stanu Antony Blinken z wizyt\u0105 w Pekinie. To pierwsza taka wizyta od lat. \"Krytyczny moment\"", "description": "<img align=\"left\" hspace=\"4\" src=\"https://bi.im-g.pl/im/9d/7f/1c/z29880989M,Sekretarz-stanu-USA-Antony-Blinken-podczas-wizyty-.jpg\" vspace=\"2\" />Ameryka\u0144ski sekretarz stanu Antony Blinken przyby\u0142 do Pekinu. To najwy\u017cszy rang\u0105 przedstawiciel USA, kt\u00f3ry przylecia\u0142 do Chin z oficjaln\u0105 wizyt\u0105, odk\u0105d stery w Bia\u0142ym Domu przej\u0105\u0142 prezydent Joe Biden. Ostatni raz sekretarz stanu USA w Chinach by\u0142 pi\u0119\u0107 lat temu.", "link": "https://wiadomosci.gazeta.pl/wiadomosci/7,114881,29880912,amerykanski-sekretarz-stanu-z-wizyta-w-pekinie-to-pierwsza.html?utm_source=RSS&utm_medium=RSS&utm_campaign=10199882", "date_published": "2023-06-18 08:45:00+00:00", "persistent": false, "user": null, "language": "pl-PL"}, {"source": "https://wiadomosci.gazeta.pl/pub/rss/wiadomosci.xml", "title": "Zaskakuj\u0105ce s\u0142owa Pieskowa nt. sytuacji w Ukrainie: Cel \"demilitaryzacji\" w du\u017cej mierze wykonany", "description": "<img align=\"left\" hspace=\"4\" src=\"https://bi.im-g.pl/im/ed/6a/1c/z29797101M,Dmitrij-Pieskow.jpg\" vspace=\"2\" />Rzecznik W\u0142adimira Putina Dmitrij Pieskow udzieli\u0142 zaskakuj\u0105cego wywiadu, w kt\u00f3rym stwierdzi\u0142, \u017ce \"demilitaryzacja\" Ukrainy \"w du\u017cej mierze zosta\u0142a wykonana\". - Ukraina u\u017cywa coraz mniej swojej broni. I coraz cz\u0119\u015bciej korzysta z system\u00f3w uzbrojenia dostarczanych mu przez kraje zachodnie - stwierdzi\u0142.", "link": "https://wiadomosci.gazeta.pl/wiadomosci/7,114881,29880959,zaskakujace-slowa-pieskowa-nt-sytuacji-w-ukrainie-cel-demilitaryzacji.html?utm_source=RSS&utm_medium=RSS&utm_campaign=10199882", "date_published": "2023-06-18 08:45:00+00:00", "persistent": false, "user": null, "language": "pl-PL"}, {"source": "https://wiadomosci.gazeta.pl/pub/rss/wiadomosci.xml", "title": "Ukrai\u0144skie wojsko wysadzi\u0142o du\u017cy rosyjski sk\u0142ad broni. \"Dobra robota, ch\u0142opaki! Wi\u0119cej ognia!\"", "description": "<img align=\"left\" hspace=\"4\" src=\"https://bi.im-g.pl/im/c7/7f/1c/z29881031M,Ukrainskie-wojsko-wysadzilo-duzy-rosyjski-sklad-br.jpg\" vspace=\"2\" />Si\u0142y ukrai\u0144skie zdetonowa\u0142y du\u017cy rosyjski sk\u0142ad broni we wsi Rykowe w obwodzie cherso\u0144skim. Od wczesnego rana s\u0142ycha\u0107 by\u0142o wybuchy. Atak zosta\u0142 potwierdzony przez Myko\u0142\u0119 O\u0142eszczuka, dow\u00f3dc\u0119 Si\u0142 Powietrznych Ukrainy. \"Dobra robota, ch\u0142opaki!\" - napisa\u0142 w mediach spo\u0142eczno\u015bciowych.", "link": "https://wiadomosci.gazeta.pl/wiadomosci/7,114881,29880900,ukrainskie-wojsko-wysadzilo-duzy-rosyjski-sklad-broni-dobra.html?utm_source=RSS&utm_medium=RSS&utm_campaign=10199882", "date_published": "2023-06-18 08:43:00+00:00", "persistent": false, "user": null, "language": "pl-PL"}, {"source": "https://wiadomosci.gazeta.pl/pub/rss/wiadomosci.xml", "title": "Kontrowersyjny wywiad szefa ukrai\u0144skiego IPN. Stawia warunek ws. ekshumacji ofiar rzezi wo\u0142y\u0144skiej", "description": "<img align=\"left\" hspace=\"4\" src=\"https://bi.im-g.pl/im/29/7f/1c/z29880873M,Anton-Drobowycz.jpg\" vspace=\"2\" />- Strona ukrai\u0144ska uwa\u017ca, \u017ce dop\u00f3ki ten pomnik [w Monasterzu - red.] nie zostanie odrestaurowany w Polsce, nie mo\u017cemy wyda\u0107 zgody na nowe wykopaliska i ekshumacje Polak\u00f3w pochowanych w Ukrainie, poniewa\u017c ukrai\u0144skie groby w Polsce s\u0105 nadal zagro\u017cone - powiedzia\u0142 Anton Drobowycz, szef ukrai\u0144skiego IPN.", "link": "https://wiadomosci.gazeta.pl/wiadomosci/7,114881,29880852,kontrowersyjny-wywiad-szefa-ukrainskiego-ipn-stawia-warunek.html?utm_source=RSS&utm_medium=RSS&utm_campaign=10199882", "date_published": "2023-06-18 08:12:00+00:00", "persistent": false, "user": null, "language": "pl-PL"}, {"source": "https://wiadomosci.gazeta.pl/pub/rss/wiadomosci.xml", "title": "Ojciec Polki zaginionej w Grecji: Bardzo podejrzane, jakby zrozumia\u0142a, \u017ce co\u015b jej zagra\u017ca", "description": "<img align=\"left\" hspace=\"4\" src=\"https://bi.im-g.pl/im/48/7f/1c/z29880904M,Na-Kos-zaginela-27-letnia-Anastazja.jpg\" vspace=\"2\" />Anastazja Rubi\u0144ska zagin\u0119\u0142a w poniedzia\u0142ek. Poszukiwania kobiety trwaj\u0105, tymczasem ojciec 27-latki przyzna\u0142 w rozmowie z \"Super Expressem\", \u017ce ca\u0142a rodzina bardzo martwi si\u0119 jej zagini\u0119ciem. - Bardzo podejrzane jest, \u017ce podczas jazdy dwa razy wysy\u0142a\u0142a swoj\u0105 lokalizacj\u0119 do narzeczonego - zwr\u00f3ci\u0142 uwag\u0119 m\u0119\u017cczyzna.", "link": "https://wiadomosci.gazeta.pl/wiadomosci/7,114883,29880849,ojciec-polki-zaginionej-w-grecji-bardzo-podejrzane-jakby-zrozumiala.html?utm_source=RSS&utm_medium=RSS&utm_campaign=10199882", "date_published": "2023-06-18 07:22:00+00:00", "persistent": false, "user": null, "language": "pl-PL"}, {"source": "https://wiadomosci.gazeta.pl/pub/rss/wiadomosci.xml", "title": "Pakt migracyjny. W Niemczech podzieleni ws. migrant\u00f3w. Chc\u0105 kontroli na granicy z Polsk\u0105", "description": "<img align=\"left\" hspace=\"4\" src=\"https://bi.im-g.pl/im/f6/7f/1c/z29880822M,Migranci-na-granicy--zdjecie-ilustracyjne-.jpg\" vspace=\"2\" />Po marszu opozycji w Warszawie rz\u0105dz\u0105ca w Polsce partia Prawo i Sprawiedliwo\u015b\u0107 PiS przesz\u0142a do kontrataku. Na pole konfliktu wybrano polityk\u0119 migracyjn\u0105. Dyskusja o kompromisie azylowym toczy si\u0119 tak\u017ce w Niemczech.", "link": "https://wiadomosci.gazeta.pl/wiadomosci/7,127561,29880811,pakt-migracyjny-w-niemczech-podzieleni-ws-migrantow-chca.html?utm_source=RSS&utm_medium=RSS&utm_campaign=10199882", "date_published": "2023-06-18 06:28:00+00:00", "persistent": false, "user": null, "language": "pl-PL"}, {"source": "https://wiadomosci.gazeta.pl/pub/rss/wiadomosci.xml", "title": "Putin wrobi\u0142 \u0141ukaszenk\u0119? Nieoficjalnie: Do Bia\u0142orusi trafi\u0142a o wiele pot\u0119\u017cniejsza bro\u0144 j\u0105drowa", "description": "<img align=\"left\" hspace=\"4\" src=\"https://bi.im-g.pl/im/cd/7f/1c/z29880781M,Wladimir-Putin.jpg\" vspace=\"2\" />- Pojawiaj\u0105 si\u0119 informacje, \u017ce do Bia\u0142orusi trafia nie tylko taktyczna bro\u0144 j\u0105drowa. Istniej\u0105 podejrzenia, \u017ce pocisk balistyczny Topol-M o zasi\u0119gu 12 tysi\u0119cy kilometr\u00f3w zosta\u0142 przywieziony do Bia\u0142orusi - powiedzia\u0142 Siergiej Bulba, za\u0142o\u017cyciel opozycyjno-militarnej bia\u0142oruskiej organizacji \"Bia\u0142y Legion\" na antenie Espreso TV.", "link": "https://wiadomosci.gazeta.pl/wiadomosci/7,114881,29880772,putin-wrobil-lukaszenke-nieoficjalnie-do-bialorusi-trafila.html?utm_source=RSS&utm_medium=RSS&utm_campaign=10199882", "date_published": "2023-06-18 06:06:00+00:00", "persistent": false, "user": null, "language": "pl-PL"}, {"source": "https://wiadomosci.gazeta.pl/pub/rss/wiadomosci.xml", "title": "IMGW ostrzega przed burzami z gradem. Wydano \u017c\u00f3\u0142te alerty dla o\u015bmiu wojew\u00f3dztw", "description": "<img align=\"left\" hspace=\"4\" src=\"https://bi.im-g.pl/im/e1/7f/1c/z29880801M,Gdzie-jest-burza--Pogoda-na-18-czerwca.jpg\" vspace=\"2\" />Instytut Meteorologii i Gospodarki Wodnej ostrzega przed burzami z gradem. Ostrze\u017cenia pierwszego, najni\u017cszego stopnia wydano dla o\u015bmiu wojew\u00f3dztw. Miejscami wyst\u0105pi\u0105 silne opady deszczu, a nawet grad oraz silny wiatr. Sprawd\u017a, gdzie jest burza.", "link": "https://wiadomosci.gazeta.pl/wiadomosci/7,114883,29880771,imgw-ostrzega-przed-burzami-z-gradem-wydano-zolte-alerty-dla.html?utm_source=RSS&utm_medium=RSS&utm_campaign=10199882", "date_published": "2023-06-18 05:42:00+00:00", "persistent": false, "user": null, "language": "pl-PL"}, {"source": "https://wiadomosci.gazeta.pl/pub/rss/wiadomosci.xml", "title": "Horoskop dzienny - niedziela 18 czerwca [Baran, Byk, Bli\u017ani\u0119ta, Rak, Lew, Panna, Waga, Skorpion, Strzelec, Kozioro\u017cec, Wodnik, Ryby]", "description": "<img align=\"left\" hspace=\"4\" src=\"https://bi.im-g.pl/im/88/2e/1c/z29550216M,Horoskop-dzienny-na-niedziele.jpg\" vspace=\"2\" />Horoskop na niedziel\u0119 18 czerwca. Czego spodziewa\u0107 si\u0119 po tym dniu? Kt\u00f3rym znakom zodiaku dopisze szcz\u0119\u015bcie, a kt\u00f3rym passa nie b\u0119dzie dzi\u015b sprzyja\u0107? Przedstawiamy przepowiednie dla wszystkich znak\u00f3w zodiaku.", "link": "https://wiadomosci.gazeta.pl/wiadomosci/7,168571,29879672,horoskop-dzienny-niedziela-18-czerwca-baran-byk-bliznieta.html?utm_source=RSS&utm_medium=RSS&utm_campaign=10199882", "date_published": "2023-06-18 03:30:00+00:00", "persistent": false, "user": null, "language": "pl-PL"}]