{"entries": [{"source": "https://www.theepochtimes.com/c-tech/feed/", "link": "https://www.theepochtimes.com/terminator-movie-tech-phase-shifting-robot-can-switch-between-liquid-and-solid-states_5015178.html", "title": "\u2018Terminator\u2019 Movie Tech: Phase-Shifting Robot Can Switch Between Liquid and Solid States", "date_published": "2023-01-27 17:34:42+00:00", "description": "The sea cucumber,  sometimes referred to as the \u201cheadless chicken monster,\u201d inspired researchers working on a shift-changing material. (NOAA Office of Ocean Exploration and Research, via AP)", "persistent": false, "language": "en-US", "user": null}, {"source": "https://www.theepochtimes.com/c-tech/feed/", "link": "https://www.theepochtimes.com/aclu-backs-trumps-reinstatement-on-facebook-this-is-the-right-call_5015096.html", "title": "ACLU Backs Trump\u2019s Reinstatement on Facebook: \u2018This Is the Right Call\u2019", "date_published": "2023-01-27 15:34:32+00:00", "description": "Former President Donald Trump speaks at the Mar-a-Lago Club in Palm Beach, Fla., on Nov. 15, 2022. (Alon Skuy/AFP via Getty Images)", "persistent": false, "language": "en-US", "user": null}, {"source": "https://www.theepochtimes.com/c-tech/feed/", "link": "https://www.theepochtimes.com/intel-shares-plunge-on-disappointing-earnings-report-weak-year-ahead-forecast_5014777.html", "title": "Intel Shares Plunge on Disappointing Earnings Report, Weak Year Ahead Forecast", "date_published": "2023-01-27 14:09:04+00:00", "description": "Computer chip maker Intel's logo is shown on a gaming computer display during the opening day of E3, the annual video games expo revealing the latest in gaming software and hardware in Los Angeles, Calif., on June 11, 2019. (Reuters/Mike Blake/File Photo", "persistent": false, "language": "en-US", "user": null}, {"source": "https://www.theepochtimes.com/c-tech/feed/", "link": "https://www.theepochtimes.com/testing-group-says-tesla-autopilot-slips-in-driver-assistance-ratings_5012183.html", "title": "Testing Group Says Tesla Autopilot Slips in Driver Assistance Ratings", "date_published": "2023-01-27 03:31:36+00:00", "description": "A Tesla Model 3 vehicle drives on autopilot along the 405 highway in Westminster, Calif., on March 16, 2022. (Mike Blake/Reuters)", "persistent": false, "language": "en-US", "user": null}], "source": {"url": "https://www.theepochtimes.com/c-tech/feed/", "title": "Epoch Times Tech"}}