[{"source": "https://www.desmog.com/feed/", "title": "Vaclav Smil Tells Shell Canada President Carbon Capture Is \u2018the Stupidest Solution\u2019", "description": "<p>A well-known Canadian professor who doesn\u2019t believe in global cooperation to prevent climate change described carbon capture and storage (CCS) as \u201cstupid\u201d in a recent discussion hosted by Resource Works, a Canadian natural resource development lobby group. Vaclav Smil, professor emeritus in the Faculty of the Environment at the University of Manitoba, laughed when the [&#8230;]</p>\n<p>The post <a href=\"https://www.desmog.com/2023/11/03/vaclav-smil-tells-shell-canada-president-carbon-capture-is-the-stupidest-solution/\" rel=\"nofollow\">Vaclav Smil Tells Shell Canada President Carbon Capture Is \u2018the Stupidest Solution\u2019</a> appeared first on <a href=\"https://www.desmog.com\" rel=\"nofollow\">DeSmog</a>.</p>", "link": "https://www.desmog.com/2023/11/03/vaclav-smil-tells-shell-canada-president-carbon-capture-is-the-stupidest-solution", "date_published": "2023-11-03T20:14:03+00:00", "permanent": false, "bookmarked": false, "dead": null, "artist": "DeSmog", "album": "DeSmog", "user": null, "language": "en-US", "thumbnail": "https://www.desmog.com/wp-content/uploads/2021/04/favicon.ico", "age": null, "page_rating_contents": 0, "page_rating_votes": 0, "page_rating_visits": 0, "page_rating": 0, "tags": [], "comments": [], "vote": 0}, {"source": "https://www.desmog.com/feed/", "title": "Climate Science Denial Rife at Launch of Jordan Peterson\u2019s ARC Project", "description": "<p>Canadian climate science denier Jordan Peterson\u2019s new right-wing project launched this week with claims that carbon emissions have \u201cdeclined\u201d and that the climate crisis is a \u201csecular religion\u201d.&#160; The three-day Alliance for Responsible Citizenship (ARC) conference in London featured speeches from UK Cabinet ministers Michael Gove and Kemi Badenoch, and culminated with a high-profile event [&#8230;]</p>\n<p>The post <a href=\"https://www.desmog.com/2023/11/03/climate-science-denial-rife-at-launch-of-jordan-petersons-arc-project/\" rel=\"nofollow\">Climate Science Denial Rife at Launch of Jordan Peterson\u2019s ARC Project</a> appeared first on <a href=\"https://www.desmog.com\" rel=\"nofollow\">DeSmog</a>.</p>", "link": "https://www.desmog.com/2023/11/03/climate-science-denial-rife-at-launch-of-jordan-petersons-arc-project", "date_published": "2023-11-03T14:45:57+00:00", "permanent": false, "bookmarked": false, "dead": null, "artist": "DeSmog", "album": "DeSmog", "user": null, "language": "en-US", "thumbnail": "https://www.desmog.com/wp-content/uploads/2021/04/favicon.ico", "age": null, "page_rating_contents": 0, "page_rating_votes": 0, "page_rating_visits": 0, "page_rating": 0, "tags": [], "comments": [], "vote": 0}]