[{"source": "https://wydarzenia.interia.pl/swiat/feed", "title": "Papie\u017c Franciszek rozmawia\u0142 z prezydentem Palestyny", "description": "<p><a href=\"https://wydarzenia.interia.pl/raport-wojna-w-izraelu/news-papiez-franciszek-rozmawial-z-prezydentem-palestyny,nId,7126724\"><img align=\"left\" alt=\"Papie\u017c Franciszek rozmawia\u0142 z prezydentem Palestyny\" src=\"https://i.iplsc.com/papiez-franciszek-rozmawial-z-prezydentem-palestyny/000HXM4HRTTMRXHI-C321.jpg\" /></a>Papie\u017c Franciszek rozmawia\u0142 w czwartek przez telefon z przewodnicz\u0105cym w\u0142adz Autonomii Palesty\u0144skiej Mahmudem Abbasem. Informacje na ten temat przekaza\u0142a palesty\u0144ska agencja informacyjna Wafa, dopiero potem Watykan potwierdzi\u0142 te doniesienia w\u0142oskiej agencji prasowej ANSA. </p><br clear=\"all\" />", "link": "https://wydarzenia.interia.pl/raport-wojna-w-izraelu/news-papiez-franciszek-rozmawial-z-prezydentem-palestyny,nId,7126724", "date_published": "2023-11-03T13:17:56+00:00", "permanent": false, "bookmarked": false, "dead": null, "artist": "Wydarzenia Interia - \u015awiat", "album": "Wydarzenia Interia - \u015awiat", "user": null, "language": "pl-PL", "thumbnail": "https://wydarzenia.interia.pl/i/wydarzenia-ico-144x144.png?v=2", "age": null, "page_rating_contents": 0, "page_rating_votes": 0, "page_rating_visits": 0, "page_rating": 0, "tags": [], "comments": [], "vote": 0}]