[{"source": "https://www.youtube.com/feeds/videos.xml?channel_id=UCL0QSFSUfW8cHua_rDpltTg", "title": "Kathleen Kennedy calls me", "description": "#FormerNetworkExec #CallMeChato #kathleenkennedy \nFinally, Ms Kennedy called me. She needed a shoulder to cry on.\nThanks for watching my channel. Please subscribe, SHARE and touch yourselves.\n\nCall Me Chato T-shirt\nhttps://my-store-6121db.creator-spring.com/listing/ppc-cartoon-t-colour\n\nhttps://twitter.com/PaulChato\nhttp://www.paulchato.com", "link": "https://www.youtube.com/watch?v=04_zOeUNe9w", "date_published": "2023-11-03T11:30:00+00:00", "permanent": false, "bookmarked": false, "dead": null, "artist": "Call Me Chato", "album": "Call Me Chato", "user": null, "language": "en-US", "thumbnail": "https://i1.ytimg.com/vi/04_zOeUNe9w/hqdefault.jpg", "age": null, "page_rating_contents": 0, "page_rating_votes": 0, "page_rating_visits": 0, "page_rating": 0, "tags": [], "comments": [], "vote": 0}]