[{"source": "https://www.youtube.com/feeds/videos.xml?channel_id=UCG_nvdTLdijiAAuPKxtvBjA", "title": "MI: Dead Reckoning \u2014 How to Make Time Your B***h | Film Perfection", "description": "The numbers don\u2019t lie! In a clinical study, 93% of participants reported Dream helped them get better sleep. Click https://shopbeam.com/filmento or scan the QR code to shop Beam\u2019s biggest sale and get up to 50% off in a limited-time offer! Only hemp-free Dream flavors are eligible for international shipping. Discount auto applied - no code necessary.\n\nMission Impossible 7: Dead Reckoning Part 1 sends Tom Cruise against his worst enemy yet: ChatGPT. And as you may have expected from Fallout, the movie is pretty damn good. One of the best action movies you'll see this year, and even though it flopped at the box office a bit, that was mostly due to Barbenheimer. And since Dead Reckoning is great for a lot of the same reasons I've covered before, today let's focus on its ability to seemingly cheat time itself. The movie simply begins and then suddenly ends, without ever letting you go. So in today's Film Perfection, let's see how you can do it too.\n\nBook: https://www.amazon.com/dp/B0BW1T", "link": "https://www.youtube.com/watch?v=H31y5ga_B_8", "date_published": "2023-11-03T18:00:09+00:00", "permanent": false, "bookmarked": false, "dead": null, "artist": "Filmento", "album": "Filmento", "user": null, "language": "en-US", "thumbnail": "https://i1.ytimg.com/vi/H31y5ga_B_8/hqdefault.jpg", "age": null, "page_rating_contents": 0, "page_rating_votes": 0, "page_rating_visits": 0, "page_rating": 0, "tags": [], "comments": [], "vote": 0}]