[{"source": "https://www.androidauthority.com/feed", "title": "Microsoft Surface Laptop 6 rumors: Expected release date and what we want to see", "description": "Will Microsoft's next Surface Laptop be a pleasant surprise or just another iteration?", "link": "https://www.androidauthority.com/microsoft-surface-laptop-6-3352642", "date_published": "2023-11-03T20:40:50+00:00", "permanent": false, "bookmarked": false, "dead": null, "artist": "Android Authority", "album": "Android Authority", "user": null, "language": "en-US", "thumbnail": null, "age": null, "page_rating_contents": 0, "page_rating_votes": 0, "page_rating_visits": 0, "page_rating": 0, "tags": [], "comments": [], "vote": 0}, {"source": "https://www.androidauthority.com/feed", "title": "Blizzard launches Warcraft Rumble with new release trailer", "description": "The game was previously called Warcraft Arclight Rumble.", "link": "https://www.androidauthority.com/warcraft-rumble-trailer-3382390", "date_published": "2023-11-03T20:28:50+00:00", "permanent": false, "bookmarked": false, "dead": null, "artist": "Android Authority", "album": "Android Authority", "user": null, "language": "en-US", "thumbnail": null, "age": null, "page_rating_contents": 0, "page_rating_votes": 0, "page_rating_visits": 0, "page_rating": 0, "tags": [], "comments": [], "vote": 0}, {"source": "https://www.androidauthority.com/feed", "title": "Microsoft gives new and older Surface devices two more years of support", "description": "Microsoft quietly extends its firmware support for Surface PCs.", "link": "https://www.androidauthority.com/surface-laptop-extended-support-3382366", "date_published": "2023-11-03T19:26:04+00:00", "permanent": false, "bookmarked": false, "dead": null, "artist": "Android Authority", "album": "Android Authority", "user": null, "language": "en-US", "thumbnail": null, "age": null, "page_rating_contents": 0, "page_rating_votes": 0, "page_rating_visits": 0, "page_rating": 0, "tags": [], "comments": [], "vote": 0}, {"source": "https://www.androidauthority.com/feed", "title": "YouTube\u2019s plan backfires, people are installing better ad blockers", "description": "People are scrambling to find a better ad blocking alternative.", "link": "https://www.androidauthority.com/youtube-ad-block-installs-3382289", "date_published": "2023-11-03T17:36:08+00:00", "permanent": false, "bookmarked": false, "dead": null, "artist": "Android Authority", "album": "Android Authority", "user": null, "language": "en-US", "thumbnail": null, "age": null, "page_rating_contents": 0, "page_rating_votes": 0, "page_rating_visits": 0, "page_rating": 0, "tags": [], "comments": [], "vote": 0}, {"source": "https://www.androidauthority.com/feed", "title": "S.W.A.T. season 7: Plot, release window, and more", "description": "S.W.A.T. is gearing up for its grand finale in season 7. With Hondo's recent proposal, fans are in for a treat.", "link": "https://www.androidauthority.com/swat-season-7-release-date-3379203", "date_published": "2023-11-03T16:00:24+00:00", "permanent": false, "bookmarked": false, "dead": null, "artist": "Android Authority", "album": "Android Authority", "user": null, "language": "en-US", "thumbnail": null, "age": null, "page_rating_contents": 0, "page_rating_votes": 0, "page_rating_visits": 0, "page_rating": 0, "tags": [], "comments": [], "vote": 0}, {"source": "https://www.androidauthority.com/feed", "title": "A US school district banned smartphones completely, and students are (mostly) OK with it", "description": "Students do wish the school wasn't so \"all or nothing\" about the policy, but overall seem to like it.", "link": "https://www.androidauthority.com/school-banned-smartphones-3382264", "date_published": "2023-11-03T15:34:28+00:00", "permanent": false, "bookmarked": false, "dead": null, "artist": "Android Authority", "album": "Android Authority", "user": null, "language": "en-US", "thumbnail": null, "age": null, "page_rating_contents": 0, "page_rating_votes": 0, "page_rating_visits": 0, "page_rating": 0, "tags": [], "comments": [], "vote": 0}, {"source": "https://www.androidauthority.com/feed", "title": "Galaxy S24 Ultra set to get titanium frame, could come to other models", "description": "Samsung reportedly plans to expand the titanium frame to other models depending on the reception.", "link": "https://www.androidauthority.com/galaxy-s24-titanium-frame-3382229", "date_published": "2023-11-03T15:09:14+00:00", "permanent": false, "bookmarked": false, "dead": null, "artist": "Android Authority", "album": "Android Authority", "user": null, "language": "en-US", "thumbnail": null, "age": null, "page_rating_contents": 0, "page_rating_votes": 0, "page_rating_visits": 0, "page_rating": 0, "tags": [], "comments": [], "vote": 0}, {"source": "https://www.androidauthority.com/feed", "title": "The DockCase Explorer Edition: A versatile 7-in-1 USB-C hub for the mobile user", "description": "With its portable design and abundance of ports, I was eager to take the DockCase Explorer Edition for a test drive.", "link": "https://www.androidauthority.com/dockcase-explorer-edition-usb-c-hub-3381284", "date_published": "2023-11-03T15:00:56+00:00", "permanent": false, "bookmarked": false, "dead": null, "artist": "Android Authority", "album": "Android Authority", "user": null, "language": "en-US", "thumbnail": null, "age": null, "page_rating_contents": 0, "page_rating_votes": 0, "page_rating_visits": 0, "page_rating": 0, "tags": [], "comments": [], "vote": 0}, {"source": "https://www.androidauthority.com/feed", "title": "Does Rick die in The Walking Dead?", "description": "What really happened to Rick Grimes? Explore Rick's story, from his supposed death to his future in upcoming spin-offs.", "link": "https://www.androidauthority.com/does-rick-die-in-the-walking-dead-3379626", "date_published": "2023-11-03T13:00:22+00:00", "permanent": false, "bookmarked": false, "dead": null, "artist": "Android Authority", "album": "Android Authority", "user": null, "language": "en-US", "thumbnail": null, "age": null, "page_rating_contents": 0, "page_rating_votes": 0, "page_rating_visits": 0, "page_rating": 0, "tags": [], "comments": [], "vote": 0}, {"source": "https://www.androidauthority.com/feed", "title": "Details leak for Qualcomm\u2019s special \u201cSnapdragon 8 Gen 3 for Galaxy\u201d SoC for Samsung phones", "description": "The rumored SoC could have a higher clock on the prime core and GPU, but lower clock on the peformance and efficiency cores.", "link": "https://www.androidauthority.com/snapdragon-8-gen-3-for-galaxy-leak-3382103", "date_published": "2023-11-03T10:21:52+00:00", "permanent": false, "bookmarked": false, "dead": null, "artist": "Android Authority", "album": "Android Authority", "user": null, "language": "en-US", "thumbnail": null, "age": null, "page_rating_contents": 0, "page_rating_votes": 0, "page_rating_visits": 0, "page_rating": 0, "tags": [], "comments": [], "vote": 0}, {"source": "https://www.androidauthority.com/feed", "title": "The 5 best apps for the Samsung Galaxy Z Fold 5", "description": "The Galaxy Z Fold 5's large inner display and the S Pen support lets these apps shine the best!", "link": "https://www.androidauthority.com/best-apps-samsung-galaxy-z-fold-5-3351762", "date_published": "2023-11-03T10:00:21+00:00", "permanent": false, "bookmarked": false, "dead": null, "artist": "Android Authority", "album": "Android Authority", "user": null, "language": "en-US", "thumbnail": null, "age": null, "page_rating_contents": 0, "page_rating_votes": 0, "page_rating_visits": 0, "page_rating": 0, "tags": [], "comments": [], "vote": 0}, {"source": "https://www.androidauthority.com/feed", "title": "Surface Pro 10 wishlist: All the features I want to see", "description": "Will the Microsoft Surface 10 be a worthwhile upgrade? Here's what I'd like to see.", "link": "https://www.androidauthority.com/microsoft-surface-pro-10-3357886", "date_published": "2023-11-03T09:10:58+00:00", "permanent": false, "bookmarked": false, "dead": null, "artist": "Android Authority", "album": "Android Authority", "user": null, "language": "en-US", "thumbnail": null, "age": null, "page_rating_contents": 0, "page_rating_votes": 0, "page_rating_visits": 0, "page_rating": 0, "tags": [], "comments": [], "vote": 0}, {"source": "https://www.androidauthority.com/feed", "title": "Anyone can crash your iPhone with this cute little $200 tool", "description": "The Flipper Zero is a portable pen-testing tool, but bad actors are using it to send never-ending Bluetooth pairing requests.", "link": "https://www.androidauthority.com/flipper-zero-bluetooth-spoofing-ios-17-crash-3382001", "date_published": "2023-11-03T08:21:51+00:00", "permanent": false, "bookmarked": false, "dead": null, "artist": "Android Authority", "album": "Android Authority", "user": null, "language": "en-US", "thumbnail": null, "age": null, "page_rating_contents": 0, "page_rating_votes": 0, "page_rating_visits": 0, "page_rating": 0, "tags": [], "comments": [], "vote": 0}, {"source": "https://www.androidauthority.com/feed", "title": "Abbott Elementary season 3: Plot, release window, and more", "description": "Read on for detailed insights on Abbott Elementary season 3, including its potential release date and where to stream.", "link": "https://www.androidauthority.com/abbott-elementary-season-3-release-date-3379188", "date_published": "2023-11-03T07:14:09+00:00", "permanent": false, "bookmarked": false, "dead": null, "artist": "Android Authority", "album": "Android Authority", "user": null, "language": "en-US", "thumbnail": null, "age": null, "page_rating_contents": 0, "page_rating_votes": 0, "page_rating_visits": 0, "page_rating": 0, "tags": [], "comments": [], "vote": 0}, {"source": "https://www.androidauthority.com/feed", "title": "Samsung Galaxy S24 series US launch date leaked", "description": "The Galaxy Z Fold 6 and Z Flip 6 launch will also reportedly return to the US next year.", "link": "https://www.androidauthority.com/samsung-galaxy-s24-series-us-launch-date-leaked-3381976", "date_published": "2023-11-03T05:33:50+00:00", "permanent": false, "bookmarked": false, "dead": null, "artist": "Android Authority", "album": "Android Authority", "user": null, "language": "en-US", "thumbnail": null, "age": null, "page_rating_contents": 0, "page_rating_votes": 0, "page_rating_visits": 0, "page_rating": 0, "tags": [], "comments": [], "vote": 0}, {"source": "https://www.androidauthority.com/feed", "title": "Samsung Galaxy phones could soon get PC-grade gaming boost", "description": "AMD's FidelityFX Super Resolution GPU tech could soon come to Samsung phones.", "link": "https://www.androidauthority.com/samsung-qualcomm-amd-fidelityfx-super-resolution-3381964", "date_published": "2023-11-03T04:41:06+00:00", "permanent": false, "bookmarked": false, "dead": null, "artist": "Android Authority", "album": "Android Authority", "user": null, "language": "en-US", "thumbnail": null, "age": null, "page_rating_contents": 0, "page_rating_votes": 0, "page_rating_visits": 0, "page_rating": 0, "tags": [], "comments": [], "vote": 0}]