[{"source": "https://www.developer-tech.com/feed/", "title": "Google scraps controversial Web Environment Integrity API", "description": "<p>Google has officially scrapped its controversial Web Environment Integrity API proposal, which was likened to digital rights management (DRM) for the open web. The API, which was at the proposal stage, aimed to allow websites to verify the authenticity of users and their devices or browsers. Google&#8217;s intentions behind this initiative were to enhance user<a class=\"excerpt-read-more\" href=\"https://www.developer-tech.com/news/2023/nov/03/google-scraps-controversial-web-environment-integrity-api/\" title=\"ReadGoogle scraps controversial Web Environment Integrity API\">... Read more &#187;</a></p>\n<p>The post <a href=\"https://www.developer-tech.com/news/2023/nov/03/google-scraps-controversial-web-environment-integrity-api/\">Google scraps controversial Web Environment Integrity API</a> appeared first on <a href=\"https://www.developer-tech.com\">Developer Tech News</a>.</p>", "link": "https://www.developer-tech.com/news/2023/nov/03/google-scraps-controversial-web-environment-integrity-api", "date_published": "2023-11-03T13:05:26+00:00", "permanent": false, "bookmarked": false, "dead": null, "artist": "Developer Tech News", "album": "Developer Tech News", "user": null, "language": "en-GB", "thumbnail": "https://www.developer-tech.com/wp-content/uploads/sites/3/2020/09/dev-icon-60x60.png", "age": null, "page_rating_contents": 0, "page_rating_votes": 0, "page_rating_visits": 0, "page_rating": 0, "tags": [], "comments": [], "vote": 0}]