[{"source": "https://www.youtube.com/feeds/videos.xml?channel_id=UChnxLLvzviaR5NeKOevB8iQ", "title": "Let's Talk About Writing Library Music!", "description": "Merch drop\nhttps://www.bonfire.com/hands-color/\nhttps://www.bonfire.com/hands-monochrome/\nLibrary music albums\nVolume 01: https://fanlink.to/rmr-mfa-v1\nVolume 02: https://fanlink.to/rmr-mfa-v2\nVolume 03: https://fanlink.to/rmr-mfa-v3\nVolume 04: https://fanlink.to/rmr-mfa-v4\n \nSupport the channel on Patreon: http://bit.ly/rmrpatreon\nTake a lesson with me: https://rmr.media/education\n\nFind my music here: \nBandcamp: http://bit.ly/2Kq617o\nSpotify: https://spoti.fi/2N40SoX\nYouTube Music: https://bit.ly/3PZQ4ol\niTunes: https://apple.co/2pqh3SK\nAmazon Music: https://amzn.to/2O9q1fe\n\nConnect:\nTwitter: http://bit.ly/rmrtwitters\nWebsite: http://bit.ly/rmrmedia\n\n00:00 intro\n01:34 merch drop\n02:46 what is the youtube music library?\n04:31 volume 1 walkthrough\n14:24 volume 2 walkthrough\n23:49 volume 3 walkthrough\n34:26 volume 4 walkthrough\n42:12 outro", "link": "https://www.youtube.com/watch?v=jxXRFAVHh2E", "date_published": "2023-11-03T15:23:32+00:00", "permanent": false, "bookmarked": false, "dead": null, "artist": "Red Means Recording", "album": "Red Means Recording", "user": null, "language": "en-US", "thumbnail": "https://i3.ytimg.com/vi/jxXRFAVHh2E/hqdefault.jpg", "age": null, "page_rating_contents": 0, "page_rating_votes": 0, "page_rating_visits": 0, "page_rating": 0, "tags": [], "comments": [], "vote": 0}]