[{"source": "http://www.zdnet.com/news/rss.xml", "title": "How to use ChatGPT Plus: From web browsing to plugins", "description": "ChatGPT is a force to be reckoned with. ChatGPT Plus is even more so. Here's everything you need to know to learn how to make the most of your ChatGPT Plus subscription.", "link": "https://www.zdnet.com/article/how-to-use-chatgpt-plus-from-web-browsing-to-plugins/#ftag=RSSbaffb68", "date_published": "2023-11-03T20:24:03+00:00", "permanent": false, "bookmarked": false, "dead": null, "artist": "ZDNET", "album": "ZDNET", "user": null, "language": "en-US", "thumbnail": "https://www.zdnet.com/a/fly/bundles/zdnetcore/images/logos/zdnet-144x144.png", "age": null, "page_rating_contents": 0, "page_rating_votes": 0, "page_rating_visits": 0, "page_rating": 0, "tags": [], "comments": [], "vote": 0}, {"source": "http://www.zdnet.com/news/rss.xml", "title": "The best strip lights of 2023", "description": "Add colorful and powerful lighting to your bedroom, living room, or home exterior with the best LED strip lights available.", "link": "https://www.zdnet.com/home-and-office/smart-home/best-strip-lights/#ftag=RSSbaffb68", "date_published": "2023-11-03T19:55:00+00:00", "permanent": false, "bookmarked": false, "dead": null, "artist": "ZDNET", "album": "ZDNET", "user": null, "language": "en-US", "thumbnail": "https://www.zdnet.com/a/fly/bundles/zdnetcore/images/logos/zdnet-144x144.png", "age": null, "page_rating_contents": 0, "page_rating_votes": 0, "page_rating_visits": 0, "page_rating": 0, "tags": [], "comments": [], "vote": 0}, {"source": "http://www.zdnet.com/news/rss.xml", "title": "Some ChatGPT Plus users are quietly losing the Browse with Bing feature", "description": "Browse with Bing gives ChatGPT access to the internet, but it's disappearing out of the blue for some users. Here's what to know.", "link": "https://www.zdnet.com/article/some-chatgpt-plus-users-are-quietly-losing-the-browse-with-bing-feature/#ftag=RSSbaffb68", "date_published": "2023-11-03T19:19:02+00:00", "permanent": false, "bookmarked": false, "dead": null, "artist": "ZDNET", "album": "ZDNET", "user": null, "language": "en-US", "thumbnail": "https://www.zdnet.com/a/fly/bundles/zdnetcore/images/logos/zdnet-144x144.png", "age": null, "page_rating_contents": 0, "page_rating_votes": 0, "page_rating_visits": 0, "page_rating": 0, "tags": [], "comments": [], "vote": 0}, {"source": "http://www.zdnet.com/news/rss.xml", "title": "15 tech toys for kids that make great gifts", "description": "In 2023, the best gift ideas for kids include tech like gaming consoles, remote-control cars, interactive toys, electric scooters, and more.", "link": "https://www.zdnet.com/home-and-office/toys-for-kids/#ftag=RSSbaffb68", "date_published": "2023-11-03T19:09:34+00:00", "permanent": false, "bookmarked": false, "dead": null, "artist": "ZDNET", "album": "ZDNET", "user": null, "language": "en-US", "thumbnail": "https://www.zdnet.com/a/fly/bundles/zdnetcore/images/logos/zdnet-144x144.png", "age": null, "page_rating_contents": 0, "page_rating_votes": 0, "page_rating_visits": 0, "page_rating": 0, "tags": [], "comments": [], "vote": 0}, {"source": "http://www.zdnet.com/news/rss.xml", "title": "The 12 best gifts for hackers in 2023", "description": "From hobbyist hackers and programmers to professionals, the tech enthusiast on your list will love our picks for tech gifts for hackers.", "link": "https://www.zdnet.com/article/hackers-gift/#ftag=RSSbaffb68", "date_published": "2023-11-03T19:03:00+00:00", "permanent": false, "bookmarked": false, "dead": null, "artist": "ZDNET", "album": "ZDNET", "user": null, "language": "en-US", "thumbnail": "https://www.zdnet.com/a/fly/bundles/zdnetcore/images/logos/zdnet-144x144.png", "age": null, "page_rating_contents": 0, "page_rating_votes": 0, "page_rating_visits": 0, "page_rating": 0, "tags": [], "comments": [], "vote": 0}, {"source": "http://www.zdnet.com/news/rss.xml", "title": "The 10 best holiday tech gifts under $100", "description": "The best tech gifts don't have to break the bank. We compare these fun gadgets with a $100 or less price tag for the gift-giving season.", "link": "https://www.zdnet.com/home-and-office/gifts-under-100/#ftag=RSSbaffb68", "date_published": "2023-11-03T18:56:00+00:00", "permanent": false, "bookmarked": false, "dead": null, "artist": "ZDNET", "album": "ZDNET", "user": null, "language": "en-US", "thumbnail": "https://www.zdnet.com/a/fly/bundles/zdnetcore/images/logos/zdnet-144x144.png", "age": null, "page_rating_contents": 0, "page_rating_votes": 0, "page_rating_visits": 0, "page_rating": 0, "tags": [], "comments": [], "vote": 0}, {"source": "http://www.zdnet.com/news/rss.xml", "title": "35% of college students are using AI tools to help them with their studies", "description": "The pandemic threw a wrench into many students' educational paths, and now they are depending on tools like AI to bridge the gap.", "link": "https://www.zdnet.com/article/35-of-college-students-are-using-ai-tools-to-help-them-with-their-studies/#ftag=RSSbaffb68", "date_published": "2023-11-03T18:49:33+00:00", "permanent": false, "bookmarked": false, "dead": null, "artist": "ZDNET", "album": "ZDNET", "user": null, "language": "en-US", "thumbnail": "https://www.zdnet.com/a/fly/bundles/zdnetcore/images/logos/zdnet-144x144.png", "age": null, "page_rating_contents": 0, "page_rating_votes": 0, "page_rating_visits": 0, "page_rating": 0, "tags": [], "comments": [], "vote": 0}, {"source": "http://www.zdnet.com/news/rss.xml", "title": "3 reasons why I ditched my Samsung Galaxy foldable for the OnePlus Open", "description": "After four years of using Samsung Galaxy phones, it's clear to me that OnePlus has already taken the lead with its first-generation foldable.", "link": "https://www.zdnet.com/article/3-reasons-why-i-ditched-my-samsung-galaxy-foldable-for-the-oneplus-open/#ftag=RSSbaffb68", "date_published": "2023-11-03T17:04:00+00:00", "permanent": false, "bookmarked": false, "dead": null, "artist": "ZDNET", "album": "ZDNET", "user": null, "language": "en-US", "thumbnail": "https://www.zdnet.com/a/fly/bundles/zdnetcore/images/logos/zdnet-144x144.png", "age": null, "page_rating_contents": 0, "page_rating_votes": 0, "page_rating_visits": 0, "page_rating": 0, "tags": [], "comments": [], "vote": 0}, {"source": "http://www.zdnet.com/news/rss.xml", "title": "The 30 best early Black Friday 2023 Walmart deals", "description": "Make the most of the Holiday shopping season with the best early Black Friday deals from Walmart.", "link": "https://www.zdnet.com/home-and-office/best-early-black-friday-walmart-deals-2023/#ftag=RSSbaffb68", "date_published": "2023-11-03T16:54:42+00:00", "permanent": false, "bookmarked": false, "dead": null, "artist": "ZDNET", "album": "ZDNET", "user": null, "language": "en-US", "thumbnail": "https://www.zdnet.com/a/fly/bundles/zdnetcore/images/logos/zdnet-144x144.png", "age": null, "page_rating_contents": 0, "page_rating_votes": 0, "page_rating_visits": 0, "page_rating": 0, "tags": [], "comments": [], "vote": 0}, {"source": "http://www.zdnet.com/news/rss.xml", "title": "The best holiday tech gifts under $25", "description": "ZDNET found the best tech gifts under $25, so you can save big this holiday shopping season.", "link": "https://www.zdnet.com/home-and-office/gifts-under-25/#ftag=RSSbaffb68", "date_published": "2023-11-03T16:31:00+00:00", "permanent": false, "bookmarked": false, "dead": null, "artist": "ZDNET", "album": "ZDNET", "user": null, "language": "en-US", "thumbnail": "https://www.zdnet.com/a/fly/bundles/zdnetcore/images/logos/zdnet-144x144.png", "age": null, "page_rating_contents": 0, "page_rating_votes": 0, "page_rating_visits": 0, "page_rating": 0, "tags": [], "comments": [], "vote": 0}, {"source": "http://www.zdnet.com/news/rss.xml", "title": "Buy a lifetime Rosetta Stone subscription for just $190 right now", "description": "Get lifetime access to language lessons in Spanish, French, Chinese, and more at a big discount.", "link": "https://www.zdnet.com/article/buy-a-lifetime-rosetta-stone-subscription-for-just-190-right-now/#ftag=RSSbaffb68", "date_published": "2023-11-03T16:29:28+00:00", "permanent": false, "bookmarked": false, "dead": null, "artist": "ZDNET", "album": "ZDNET", "user": null, "language": "en-US", "thumbnail": "https://www.zdnet.com/a/fly/bundles/zdnetcore/images/logos/zdnet-144x144.png", "age": null, "page_rating_contents": 0, "page_rating_votes": 0, "page_rating_visits": 0, "page_rating": 0, "tags": [], "comments": [], "vote": 0}, {"source": "http://www.zdnet.com/news/rss.xml", "title": "Buy a lifetime Rosetta Stone subscription for just $160 right now", "description": "Get lifetime access to language lessons in Spanish, French, Chinese, and more at a big discount.", "link": "https://www.zdnet.com/article/buy-a-lifetime-rosetta-stone-subscription-for-just-160-right-now/#ftag=RSSbaffb68", "date_published": "2023-11-03T16:29:00+00:00", "permanent": false, "bookmarked": false, "dead": null, "artist": "ZDNET", "album": "ZDNET", "user": null, "language": "en-US", "thumbnail": "https://www.zdnet.com/a/fly/bundles/zdnetcore/images/logos/zdnet-144x144.png", "age": null, "page_rating_contents": 0, "page_rating_votes": 0, "page_rating_visits": 0, "page_rating": 0, "tags": [], "comments": [], "vote": 0}, {"source": "http://www.zdnet.com/news/rss.xml", "title": "Meta rolls out new ways for Facebook creators to increase their engagement", "description": "Meta, Facebook's parent company, will allow creators to experiment with different versions of their Reels to allow creators to choose the best-performing options.", "link": "https://www.zdnet.com/article/meta-rolls-out-new-ways-for-facebook-creators-to-increase-their-engagement/#ftag=RSSbaffb68", "date_published": "2023-11-03T16:19:44+00:00", "permanent": false, "bookmarked": false, "dead": null, "artist": "ZDNET", "album": "ZDNET", "user": null, "language": "en-US", "thumbnail": "https://www.zdnet.com/a/fly/bundles/zdnetcore/images/logos/zdnet-144x144.png", "age": null, "page_rating_contents": 0, "page_rating_votes": 0, "page_rating_visits": 0, "page_rating": 0, "tags": [], "comments": [], "vote": 0}, {"source": "http://www.zdnet.com/news/rss.xml", "title": "Buy a new MacBook Pro with M3 Pro chip for $200 off right now", "description": "We found a preorder deal on Apple's newly-announced 14-inch MacBook Pro with super fast M3 Pro chip.", "link": "https://www.zdnet.com/article/buy-a-new-macbook-pro-with-m3-pro-chip-for-200-off-right-now/#ftag=RSSbaffb68", "date_published": "2023-11-03T16:18:44+00:00", "permanent": false, "bookmarked": false, "dead": null, "artist": "ZDNET", "album": "ZDNET", "user": null, "language": "en-US", "thumbnail": "https://www.zdnet.com/a/fly/bundles/zdnetcore/images/logos/zdnet-144x144.png", "age": null, "page_rating_contents": 0, "page_rating_votes": 0, "page_rating_visits": 0, "page_rating": 0, "tags": [], "comments": [], "vote": 0}, {"source": "http://www.zdnet.com/news/rss.xml", "title": "Learn ChatGPT with this $20 AI training bundle", "description": "Now is the time to gain new skills in the hot and exciting field of AI -- and this four-course bundle can show you the ropes.", "link": "https://www.zdnet.com/article/learn-chatgpt-with-this-20-ai-training-bundle/#ftag=RSSbaffb68", "date_published": "2023-11-03T15:32:51+00:00", "permanent": false, "bookmarked": false, "dead": null, "artist": "ZDNET", "album": "ZDNET", "user": null, "language": "en-US", "thumbnail": "https://www.zdnet.com/a/fly/bundles/zdnetcore/images/logos/zdnet-144x144.png", "age": null, "page_rating_contents": 0, "page_rating_votes": 0, "page_rating_visits": 0, "page_rating": 0, "tags": [], "comments": [], "vote": 0}, {"source": "http://www.zdnet.com/news/rss.xml", "title": "iPhone 15 review: I spent a month with Apple's base model and found it more 'Pro' than ever", "description": "Key feature upgrades and a flashy new design help blur the lines between this year's mainstream iPhone and its more premium siblings.", "link": "https://www.zdnet.com/article/iphone-15-plus-review/#ftag=RSSbaffb68", "date_published": "2023-11-03T15:30:00+00:00", "permanent": false, "bookmarked": false, "dead": null, "artist": "ZDNET", "album": "ZDNET", "user": null, "language": "en-US", "thumbnail": "https://www.zdnet.com/a/fly/bundles/zdnetcore/images/logos/zdnet-144x144.png", "age": null, "page_rating_contents": 0, "page_rating_votes": 0, "page_rating_visits": 0, "page_rating": 0, "tags": [], "comments": [], "vote": 0}, {"source": "http://www.zdnet.com/news/rss.xml", "title": "CIQ, Oracle, and SUSE unite behind OpenELA to take on Red Hat Enterprise Linux", "description": "The day has come. As promised, three major business Linux companies have released the code for OpenELA, their challenge to RHEL.", "link": "https://www.zdnet.com/article/ciq-oracle-and-suse-unite-behind-openela-to-take-on-red-hat-enterprise-linux/#ftag=RSSbaffb68", "date_published": "2023-11-03T15:28:01+00:00", "permanent": false, "bookmarked": false, "dead": null, "artist": "ZDNET", "album": "ZDNET", "user": null, "language": "en-US", "thumbnail": "https://www.zdnet.com/a/fly/bundles/zdnetcore/images/logos/zdnet-144x144.png", "age": null, "page_rating_contents": 0, "page_rating_votes": 0, "page_rating_visits": 0, "page_rating": 0, "tags": [], "comments": [], "vote": 0}, {"source": "http://www.zdnet.com/news/rss.xml", "title": "The best tech gifts under $75 you can buy", "description": "Starting your holiday shopping? These are the best gifts to give the tech enthusiast in your life, for under $75.", "link": "https://www.zdnet.com/home-and-office/kitchen-household/gifts-under-75/#ftag=RSSbaffb68", "date_published": "2023-11-03T14:52:00+00:00", "permanent": false, "bookmarked": false, "dead": null, "artist": "ZDNET", "album": "ZDNET", "user": null, "language": "en-US", "thumbnail": "https://www.zdnet.com/a/fly/bundles/zdnetcore/images/logos/zdnet-144x144.png", "age": null, "page_rating_contents": 0, "page_rating_votes": 0, "page_rating_visits": 0, "page_rating": 0, "tags": [], "comments": [], "vote": 0}, {"source": "http://www.zdnet.com/news/rss.xml", "title": "Amazon Fire TV will soon have more ads than ever, including in search results", "description": "'Persistent' ads, including videos that autoplay, will soon appear right alongside your favorite content. There is one way to opt out of some of it.", "link": "https://www.zdnet.com/home-and-office/home-entertainment/amazon-fire-tv-will-soon-have-more-ads-than-ever-including-in-search-results/#ftag=RSSbaffb68", "date_published": "2023-11-03T14:03:12+00:00", "permanent": false, "bookmarked": false, "dead": null, "artist": "ZDNET", "album": "ZDNET", "user": null, "language": "en-US", "thumbnail": "https://www.zdnet.com/a/fly/bundles/zdnetcore/images/logos/zdnet-144x144.png", "age": null, "page_rating_contents": 0, "page_rating_votes": 0, "page_rating_visits": 0, "page_rating": 0, "tags": [], "comments": [], "vote": 0}, {"source": "http://www.zdnet.com/news/rss.xml", "title": "Get (or gift) a 5-piece Apple-compatible iPhone accessory kit for just $40", "description": "This five-piece accessory bundle includes a wireless charger, magnetic case, and more.", "link": "https://www.zdnet.com/article/get-or-gift-a-5-piece-apple-compatible-accessory-kit-for-just-40/#ftag=RSSbaffb68", "date_published": "2023-11-03T13:51:00+00:00", "permanent": false, "bookmarked": false, "dead": null, "artist": "ZDNET", "album": "ZDNET", "user": null, "language": "en-US", "thumbnail": "https://www.zdnet.com/a/fly/bundles/zdnetcore/images/logos/zdnet-144x144.png", "age": null, "page_rating_contents": 0, "page_rating_votes": 0, "page_rating_visits": 0, "page_rating": 0, "tags": [], "comments": [], "vote": 0}, {"source": "http://www.zdnet.com/news/rss.xml", "title": "5 ways to get people to buy into your idea at work", "description": "You've got a great idea, but you're unsure how it will be received. Here's how to get people on your side.", "link": "https://www.zdnet.com/home-and-office/work-life/5-ways-to-get-people-to-buy-into-your-idea-at-work/#ftag=RSSbaffb68", "date_published": "2023-11-03T11:20:54+00:00", "permanent": false, "bookmarked": false, "dead": null, "artist": "ZDNET", "album": "ZDNET", "user": null, "language": "en-US", "thumbnail": "https://www.zdnet.com/a/fly/bundles/zdnetcore/images/logos/zdnet-144x144.png", "age": null, "page_rating_contents": 0, "page_rating_votes": 0, "page_rating_visits": 0, "page_rating": 0, "tags": [], "comments": [], "vote": 0}, {"source": "http://www.zdnet.com/news/rss.xml", "title": "Every AI project begins as a data project, but it's a long, winding road", "description": "Research based on insights from more than 10,000 analytics, IT, and business leaders reveals the need for a strong data foundation in order to fuel AI adoption and benefits.", "link": "https://www.zdnet.com/article/every-ai-project-begins-as-a-data-project-but-its-a-long-winding-road/#ftag=RSSbaffb68", "date_published": "2023-11-03T11:00:34+00:00", "permanent": false, "bookmarked": false, "dead": null, "artist": "ZDNET", "album": "ZDNET", "user": null, "language": "en-US", "thumbnail": "https://www.zdnet.com/a/fly/bundles/zdnetcore/images/logos/zdnet-144x144.png", "age": null, "page_rating_contents": 0, "page_rating_votes": 0, "page_rating_visits": 0, "page_rating": 0, "tags": [], "comments": [], "vote": 0}, {"source": "http://www.zdnet.com/news/rss.xml", "title": "Opportunities remain available for market entrants to build on AI models", "description": "Regulations are necessary to mitigate AI risks, but will not inhibit new players in the market where use cases can be built on top of large language models.", "link": "https://www.zdnet.com/article/opportunities-remain-available-for-market-entrants-to-build-on-ai-models/#ftag=RSSbaffb68", "date_published": "2023-11-03T09:48:39+00:00", "permanent": false, "bookmarked": false, "dead": null, "artist": "ZDNET", "album": "ZDNET", "user": null, "language": "en-US", "thumbnail": "https://www.zdnet.com/a/fly/bundles/zdnetcore/images/logos/zdnet-144x144.png", "age": null, "page_rating_contents": 0, "page_rating_votes": 0, "page_rating_visits": 0, "page_rating": 0, "tags": [], "comments": [], "vote": 0}, {"source": "http://www.zdnet.com/news/rss.xml", "title": "10 ways Apple plans to revolutionize health tracking, according to a report", "description": "The most popular Apple products will double as hearing aids, glucose monitors, sleep apnea detectors, and more.", "link": "https://www.zdnet.com/article/10-ways-apple-plans-to-revolutionize-health-tracking-according-to-a-report/#ftag=RSSbaffb68", "date_published": "2023-11-03T08:41:20+00:00", "permanent": false, "bookmarked": false, "dead": null, "artist": "ZDNET", "album": "ZDNET", "user": null, "language": "en-US", "thumbnail": "https://www.zdnet.com/a/fly/bundles/zdnetcore/images/logos/zdnet-144x144.png", "age": null, "page_rating_contents": 0, "page_rating_votes": 0, "page_rating_visits": 0, "page_rating": 0, "tags": [], "comments": [], "vote": 0}]