[{"source": "https://www.youtube.com/feeds/videos.xml?channel_id=UCD4EOyXKjfDUhCI6jlOZZYQ", "title": "If Else Statements and Conditions in Python (Python Part 4)", "description": "Support Classes at: https://donorbox.org/etcg\nLinkedIN at: https://www.linkedin.com/in/eli-etherton-a15362211/\n\n00:00 Intro\n04:19 Python Conditions\n10:37 If Else Statement\n17:00 Else If\n22:42  Using AND OR, and creating a Dynamic Script with randint function\n28:59 Detect Text in Strings\n32:51 Final Thoughts", "link": "https://www.youtube.com/watch?v=pCdVCMMETpQ", "date_published": "2023-11-03T18:02:49+00:00", "permanent": false, "bookmarked": false, "dead": null, "artist": "Eli the Computer Guy", "album": "Eli the Computer Guy", "user": null, "language": "en-US", "thumbnail": "https://i1.ytimg.com/vi/pCdVCMMETpQ/hqdefault.jpg", "age": null, "page_rating_contents": 0, "page_rating_votes": 0, "page_rating_visits": 0, "page_rating": 0, "tags": [], "comments": [], "vote": 0}]