[{"source": "https://www.telegraph.co.uk/news/rss.xml", "title": "Watch: Gaza sit-in protest at King\u2019s Cross station banned by Transport Secretary", "description": "", "link": "https://www.telegraph.co.uk/news/2023/11/03/gaza-protest-kings-cross-station-london-banned", "date_published": "2023-11-03T18:53:56+00:00", "permanent": false, "bookmarked": false, "dead": null, "artist": "The Telegraph News", "album": "The Telegraph News", "user": null, "language": "en-UK", "thumbnail": "https://www.telegraph.co.uk/content/dam/telegraph-logos/Micro%2089-189w%20-%20Black.png", "age": null, "page_rating_contents": 0, "page_rating_votes": 0, "page_rating_visits": 0, "page_rating": 0, "tags": [], "comments": [], "vote": 0}, {"source": "https://www.telegraph.co.uk/news/rss.xml", "title": "Friday evening news briefing: Netanyahu says no ceasefire with Hamas until hostages freed", "description": "", "link": "https://www.telegraph.co.uk/news/2023/11/03/friday-evening-news-briefing-netanyahu-says-no-ceasefire", "date_published": "2023-11-03T18:04:34+00:00", "permanent": false, "bookmarked": false, "dead": null, "artist": "The Telegraph News", "album": "The Telegraph News", "user": null, "language": "en-UK", "thumbnail": "https://www.telegraph.co.uk/content/dam/telegraph-logos/Micro%2089-189w%20-%20Black.png", "age": null, "page_rating_contents": 0, "page_rating_votes": 0, "page_rating_visits": 0, "page_rating": 0, "tags": [], "comments": [], "vote": 0}, {"source": "https://www.telegraph.co.uk/news/rss.xml", "title": "Gary Lineker backs pro-Palestinian protesters over Armistice Day march", "description": "", "link": "https://www.telegraph.co.uk/news/2023/11/03/gary-lineker-backs-pro-palestinian-protesters-armistice-day", "date_published": "2023-11-03T18:03:16+00:00", "permanent": false, "bookmarked": false, "dead": null, "artist": "The Telegraph News", "album": "The Telegraph News", "user": null, "language": "en-UK", "thumbnail": "https://www.telegraph.co.uk/content/dam/telegraph-logos/Micro%2089-189w%20-%20Black.png", "age": null, "page_rating_contents": 0, "page_rating_votes": 0, "page_rating_visits": 0, "page_rating": 0, "tags": [], "comments": [], "vote": 0}, {"source": "https://www.telegraph.co.uk/news/rss.xml", "title": "Tory MP Bob Stewart found guilty of racially abusing Bahraini activist", "description": "", "link": "https://www.telegraph.co.uk/news/2023/11/03/tory-mp-bob-stewart-guilty-racially-abusing-activist", "date_published": "2023-11-03T16:32:23+00:00", "permanent": false, "bookmarked": false, "dead": null, "artist": "The Telegraph News", "album": "The Telegraph News", "user": null, "language": "en-UK", "thumbnail": "https://www.telegraph.co.uk/content/dam/telegraph-logos/Micro%2089-189w%20-%20Black.png", "age": null, "page_rating_contents": 0, "page_rating_votes": 0, "page_rating_visits": 0, "page_rating": 0, "tags": [], "comments": [], "vote": 0}, {"source": "https://www.telegraph.co.uk/news/rss.xml", "title": "'Somerset Gimp' banned from writhing on ground in full-body suit", "description": "", "link": "https://www.telegraph.co.uk/news/2023/11/03/somerset-gimp-banned-writhing-ground-dark-clothes", "date_published": "2023-11-03T12:52:51+00:00", "permanent": false, "bookmarked": false, "dead": null, "artist": "The Telegraph News", "album": "The Telegraph News", "user": null, "language": "en-UK", "thumbnail": "https://www.telegraph.co.uk/content/dam/telegraph-logos/Micro%2089-189w%20-%20Black.png", "age": null, "page_rating_contents": 0, "page_rating_votes": 0, "page_rating_visits": 0, "page_rating": 0, "tags": [], "comments": [], "vote": 0}, {"source": "https://www.telegraph.co.uk/news/rss.xml", "title": "Zara Aleena murderer wins court appeal to reduce minimum term of life sentence", "description": "", "link": "https://www.telegraph.co.uk/news/2023/11/03/zara-aleena-murderer-jordan-mcsweeney-life-sentence", "date_published": "2023-11-03T10:11:16+00:00", "permanent": false, "bookmarked": false, "dead": null, "artist": "The Telegraph News", "album": "The Telegraph News", "user": null, "language": "en-UK", "thumbnail": "https://www.telegraph.co.uk/content/dam/telegraph-logos/Micro%2089-189w%20-%20Black.png", "age": null, "page_rating_contents": 0, "page_rating_votes": 0, "page_rating_visits": 0, "page_rating": 0, "tags": [], "comments": [], "vote": 0}]