[{"source": "https://feeds.feedburner.com/TheHackersNews", "title": "Kinsing Actors Exploiting Recent Linux Flaw to Breach Cloud Environments", "description": "The threat actors linked to\u00a0Kinsing\u00a0have been observed attempting to exploit the recently disclosed Linux privilege escalation flaw called Looney Tunables as part of a \"new experimental campaign\" designed to breach cloud environments.\n\"Intriguingly, the attacker is also broadening the horizons of their cloud-native attacks by extracting credentials from the Cloud Service Provider (CSP),\" cloud", "link": "https://thehackernews.com/2023/11/kinsing-actors-exploit-linux-flaw-to.html", "date_published": "2023-11-03T13:12:00+00:00", "permanent": false, "bookmarked": false, "dead": null, "artist": "The Hacker News", "album": "The Hacker News", "user": null, "language": "en-US", "thumbnail": null, "age": null, "page_rating_contents": 0, "page_rating_votes": 0, "page_rating_visits": 0, "page_rating": 0, "tags": [], "comments": [], "vote": 0}, {"source": "https://feeds.feedburner.com/TheHackersNews", "title": "NodeStealer Malware Hijacking Facebook Business Accounts for Malicious Ads", "description": "Compromised Facebook business accounts are being used to run bogus ads that employ \"revealing photos of young women\" as lures to trick victims into downloading an updated version of a malware called\u00a0NodeStealer.\n\"Clicking on ads immediately downloads an archive containing a malicious .exe 'Photo Album' file which also drops a second executable written in .NET \u2013 this payload is in charge of", "link": "https://thehackernews.com/2023/11/nodestealer-malware-hijacking-facebook.html", "date_published": "2023-11-03T12:12:00+00:00", "permanent": false, "bookmarked": false, "dead": null, "artist": "The Hacker News", "album": "The Hacker News", "user": null, "language": "en-US", "thumbnail": null, "age": null, "page_rating_contents": 0, "page_rating_votes": 0, "page_rating_visits": 0, "page_rating": 0, "tags": [], "comments": [], "vote": 0}, {"source": "https://feeds.feedburner.com/TheHackersNews", "title": "Predictive AI in Cybersecurity: Outcomes Demonstrate All AI is Not Created Equally", "description": "Here is what matters most when it comes to artificial intelligence (AI) in cybersecurity: Outcomes.\u00a0\nAs the threat landscape evolves and\u00a0generative AI is added\u00a0to the toolsets available to defenders and attackers alike, evaluating the relative effectiveness of various\u00a0AI-based security\u00a0offerings is increasingly important \u2014 and difficult. Asking the right questions can help you spot solutions", "link": "https://thehackernews.com/2023/11/predictive-ai-in-cybersecurity-outcomes.html", "date_published": "2023-11-03T11:26:00+00:00", "permanent": false, "bookmarked": false, "dead": null, "artist": "The Hacker News", "album": "The Hacker News", "user": null, "language": "en-US", "thumbnail": null, "age": null, "page_rating_contents": 0, "page_rating_votes": 0, "page_rating_visits": 0, "page_rating": 0, "tags": [], "comments": [], "vote": 0}, {"source": "https://feeds.feedburner.com/TheHackersNews", "title": "CanesSpy Spyware Discovered in Modified WhatsApp Versions", "description": "Cybersecurity researchers have unearthed a number of WhatsApp mods for Android that come fitted with a spyware module dubbed\u00a0CanesSpy.\nThese modified versions of the instant messaging app have been observed propagated via sketchy websites advertising such software as well as Telegram channels used primarily by Arabic and Azerbaijani speakers, one of which boasts 2 million users.\n\"The trojanized", "link": "https://thehackernews.com/2023/11/canesspy-spyware-discovered-in-modified.html", "date_published": "2023-11-03T09:35:00+00:00", "permanent": false, "bookmarked": false, "dead": null, "artist": "The Hacker News", "album": "The Hacker News", "user": null, "language": "en-US", "thumbnail": null, "age": null, "page_rating_contents": 0, "page_rating_votes": 0, "page_rating_visits": 0, "page_rating": 0, "tags": [], "comments": [], "vote": 0}, {"source": "https://feeds.feedburner.com/TheHackersNews", "title": "48 Malicious npm Packages Found Deploying Reverse Shells on Developer Systems", "description": "A new set of 48 malicious npm packages have been discovered in the npm repository with capabilities to deploy a reverse shell on compromised systems.\n\"These packages, deceptively named to appear legitimate, contained obfuscated JavaScript designed to initiate a reverse shell on package install,\" software supply chain security firm Phylum\u00a0said.\nAll the counterfeit packages have been published by", "link": "https://thehackernews.com/2023/11/48-malicious-npm-packages-found.html", "date_published": "2023-11-03T06:03:00+00:00", "permanent": false, "bookmarked": false, "dead": null, "artist": "The Hacker News", "album": "The Hacker News", "user": null, "language": "en-US", "thumbnail": null, "age": null, "page_rating_contents": 0, "page_rating_votes": 0, "page_rating_visits": 0, "page_rating": 0, "tags": [], "comments": [], "vote": 0}]