[{"source": "https://news.itsfoss.com/rss/", "title": "Audacity 3.4 Release Adds a New Musical View", "description": "Audacity 3.4 makes it a better audio editor for musicians. Take a look!", "link": "https://news.itsfoss.com/audacity-3-4-release", "date_published": "2023-11-03T10:43:13+00:00", "permanent": false, "bookmarked": false, "dead": null, "artist": "It's FOSS News", "album": "It's FOSS News", "user": null, "language": "en-US", "thumbnail": "https://news.itsfoss.com/favicon.png", "age": null, "page_rating_contents": 0, "page_rating_votes": 0, "page_rating_visits": 0, "page_rating": 0, "tags": [], "comments": [], "vote": 0}]