[{"source": "http://feeds.skynews.com/feeds/rss/world.xml", "title": "School's tribute after two teenagers die on Greek island of Ios", "description": "Two teenage boys have died on the Greek island of Ios.", "link": "https://news.sky.com/story/schools-tribute-after-two-irish-teenagers-die-on-greek-island-of-ios-12913686", "date_published": "2023-07-02T18:44:00+00:00", "persistent": false, "dead": false, "user": null, "language": "en-US"}, {"source": "http://feeds.skynews.com/feeds/rss/world.xml", "title": "'More people than ever before' using fake passports and visas to get to UK", "description": "More people from Iran than ever before are using fake passports or fake visas to get to the UK, an Iranian asylum seeker has told Sky News.", "link": "https://news.sky.com/story/more-people-than-ever-before-using-fake-passports-and-visas-to-get-to-uk-iranian-asylum-seeker-says-12913614", "date_published": "2023-07-02T16:30:00+00:00", "persistent": false, "dead": false, "user": null, "language": "en-US"}, {"source": "http://feeds.skynews.com/feeds/rss/world.xml", "title": "The 'double discrimination' fuelling riots and widespread looting in France's second city", "description": "Anger, resentment, grief - that is the message from Marseille.", "link": "https://news.sky.com/story/france-riots-the-double-discrimination-fuelling-and-widespread-looting-and-vandalism-12913545", "date_published": "2023-07-02T15:08:00+00:00", "persistent": false, "dead": false, "user": null, "language": "en-US"}, {"source": "http://feeds.skynews.com/feeds/rss/world.xml", "title": "Grandmother of teenager shot by police in France calls on rioters to stop", "description": "The grandmother of the French teenager shot by police has called for rioters to \"stop\" and says her \"heart is in pain\".", "link": "https://news.sky.com/story/france-riots-nahel-merzouks-grandmother-calls-for-rioters-to-stop-as-protests-continue-12913509", "date_published": "2023-07-02T14:31:00+00:00", "persistent": false, "dead": false, "user": null, "language": "en-US"}, {"source": "http://feeds.skynews.com/feeds/rss/world.xml", "title": "'We love each other': Mayor marries alligator-like reptile who he calls 'princess girl'", "description": "A mayor in Mexico has married a female alligator-like animal in a traditional ceremony which is believed to bring good fortune to his people.", "link": "https://news.sky.com/story/mexico-mayor-marries-alligator-like-reptile-who-he-calls-princess-girl-12913277", "date_published": "2023-07-02T07:27:00+00:00", "persistent": false, "dead": false, "user": null, "language": "en-US"}, {"source": "http://feeds.skynews.com/feeds/rss/world.xml", "title": "At least two people killed and three critically injured in Baltimore shooting", "description": "At least two people have been killed and three others have been critically injured after a mass shooting in Baltimore overnight.", "link": "https://news.sky.com/story/at-least-two-killed-and-three-critically-injured-in-baltimore-shooting-12913243", "date_published": "2023-07-02T05:50:00+00:00", "persistent": false, "dead": false, "user": null, "language": "en-US"}, {"source": "http://feeds.skynews.com/feeds/rss/world.xml", "title": "'Putin's mistakes' giving US 'once-in-a-generation' chance to recruit Russian spies, says CIA director", "description": "Dissatisfaction over Vladimir Putin's war in Ukraine, underlined by Wagner boss Yevgeny Prigozhin's armed mutiny, has created a \"once-in-a-generation\" opportunity for the US to recruit spies, the director of the CIA has said.", "link": "https://news.sky.com/story/putins-mistakes-giving-us-once-in-a-generation-chance-to-recruit-russian-spies-says-cia-director-12913242", "date_published": "2023-07-02T05:25:00+00:00", "persistent": false, "dead": false, "user": null, "language": "en-US"}]