[{"source": "https://www.youtube.com/feeds/videos.xml?channel_id=UCDVb4m_5QHhZElT47E1oODg", "title": "A Sad End to The Indy Saga (Spoilers)", "description": "Support my work on Subscribe Star: https://www.subscribestar.com/dave-cullen\nFollow me on Bitchute: https://www.bitchute.com/channel/hybM74uIHJKg/\n\nKEEP UP ON SOCIAL MEDIA:\nGab: https://gab.ai/DaveCullen\nSubscribe on Gab TV: https://tv.gab.com/channel/DaveCullen\nMinds.com: https://www.minds.com/davecullen\nSubscribe on Odysee: https://odysee.com/@TheDaveCullenShow:7", "link": "https://www.youtube.com/watch?v=LhTEOETbAMg", "date_published": "2023-07-02T19:43:47+00:00", "persistent": false, "dead": false, "user": null, "language": "en-US"}]