[{"source": "https://hnrss.org/frontpage", "title": "Illegal Life Pro Tip: Want to ruin your competitors business?", "description": "<p>Article URL: <a href=\"https://oppositeinvictus.com/illegal-life-pro-tip-want-to-ruin-your-competitors-business\">https://oppositeinvictus.com/illegal-life-pro-tip-want-to-ruin-your-competitors-business</a></p>\n<p>Comments URL: <a href=\"https://news.ycombinator.com/item?id=36566634\">https://news.ycombinator.com/item?id=36566634</a></p>\n<p>Points: 76</p>\n<p># Comments: 23</p>", "link": "https://oppositeinvictus.com/illegal-life-pro-tip-want-to-ruin-your-competitors-business", "date_published": "2023-07-02T22:51:19+00:00", "persistent": false, "dead": false, "user": null, "language": "en-US"}, {"source": "https://hnrss.org/frontpage", "title": "GitHub repository disabled at 22M commits", "description": "<p>Article URL: <a href=\"https://programming.dev/post/355447\">https://programming.dev/post/355447</a></p>\n<p>Comments URL: <a href=\"https://news.ycombinator.com/item?id=36565842\">https://news.ycombinator.com/item?id=36565842</a></p>\n<p>Points: 23</p>\n<p># Comments: 12</p>", "link": "https://programming.dev/post/355447", "date_published": "2023-07-02T21:15:48+00:00", "persistent": false, "dead": false, "user": null, "language": "en-US"}, {"source": "https://hnrss.org/frontpage", "title": "Automated CPU Design with AI", "description": "<p>Article URL: <a href=\"https://arxiv.org/abs/2306.12456\">https://arxiv.org/abs/2306.12456</a></p>\n<p>Comments URL: <a href=\"https://news.ycombinator.com/item?id=36565671\">https://news.ycombinator.com/item?id=36565671</a></p>\n<p>Points: 47</p>\n<p># Comments: 7</p>", "link": "https://arxiv.org/abs/2306.12456", "date_published": "2023-07-02T20:59:10+00:00", "persistent": false, "dead": false, "user": null, "language": "en-US"}, {"source": "https://hnrss.org/frontpage", "title": "AMD\u2019s EPYC 7J13: Zen 3 Customized", "description": "<p>Article URL: <a href=\"https://chipsandcheese.com/2023/06/27/amds-epyc-7j13-zen-3-customized/\">https://chipsandcheese.com/2023/06/27/amds-epyc-7j13-zen-3-customized/</a></p>\n<p>Comments URL: <a href=\"https://news.ycombinator.com/item?id=36565604\">https://news.ycombinator.com/item?id=36565604</a></p>\n<p>Points: 5</p>\n<p># Comments: 0</p>", "link": "https://chipsandcheese.com/2023/06/27/amds-epyc-7j13-zen-3-customized/", "date_published": "2023-07-02T20:52:37+00:00", "persistent": false, "dead": false, "user": null, "language": "en-US"}, {"source": "https://hnrss.org/frontpage", "title": "WebAuthn Is Great and It Sucks", "description": "<p>Article URL: <a href=\"https://sec.okta.com/articles/2020/04/webauthn-great-and-it-sucks/\">https://sec.okta.com/articles/2020/04/webauthn-great-and-it-sucks/</a></p>\n<p>Comments URL: <a href=\"https://news.ycombinator.com/item?id=36565405\">https://news.ycombinator.com/item?id=36565405</a></p>\n<p>Points: 9</p>\n<p># Comments: 1</p>", "link": "https://sec.okta.com/articles/2020/04/webauthn-great-and-it-sucks/", "date_published": "2023-07-02T20:35:08+00:00", "persistent": false, "dead": false, "user": null, "language": "en-US"}, {"source": "https://hnrss.org/frontpage", "title": "43% of white Harvard students are legacy, athlete, or donor/staff related (2019)", "description": "<p>Article URL: <a href=\"https://www.nbcnews.com/news/us-news/study-harvard-finds-43-percent-white-students-are-legacy-athletes-n1060361\">https://www.nbcnews.com/news/us-news/study-harvard-finds-43-percent-white-students-are-legacy-athletes-n1060361</a></p>\n<p>Comments URL: <a href=\"https://news.ycombinator.com/item?id=36565378\">https://news.ycombinator.com/item?id=36565378</a></p>\n<p>Points: 30</p>\n<p># Comments: 21</p>", "link": "https://www.nbcnews.com/news/us-news/study-harvard-finds-43-percent-white-students-are-legacy-athletes-n1060361", "date_published": "2023-07-02T20:32:25+00:00", "persistent": false, "dead": false, "user": null, "language": "en-US"}, {"source": "https://hnrss.org/frontpage", "title": "Googling for answers costs you time", "description": "<p>Article URL: <a href=\"https://prashanth.world/seo-ruining-programming-help/\">https://prashanth.world/seo-ruining-programming-help/</a></p>\n<p>Comments URL: <a href=\"https://news.ycombinator.com/item?id=36565225\">https://news.ycombinator.com/item?id=36565225</a></p>\n<p>Points: 44</p>\n<p># Comments: 60</p>", "link": "https://prashanth.world/seo-ruining-programming-help/", "date_published": "2023-07-02T20:16:35+00:00", "persistent": true, "dead": false, "user": "rumpel", "language": "en-US", "tags": ["seo", "algorithms", "search engines", "google"]}, {"source": "https://hnrss.org/frontpage", "title": "Recession canceled? U.S. stock market 'frothy' after S&P 500's strong first half", "description": "<p>Article URL: <a href=\"https://www.marketwatch.com/story/recession-canceled-u-s-stock-market-pretty-frothy-after-s-p-500s-strongest-first-half-since-2019-2b75f7a2\">https://www.marketwatch.com/story/recession-canceled-u-s-stock-market-pretty-frothy-after-s-p-500s-strongest-first-half-since-2019-2b75f7a2</a></p>\n<p>Comments URL: <a href=\"https://news.ycombinator.com/item?id=36564810\">https://news.ycombinator.com/item?id=36564810</a></p>\n<p>Points: 36</p>\n<p># Comments: 26</p>", "link": "https://www.marketwatch.com/story/recession-canceled-u-s-stock-market-pretty-frothy-after-s-p-500s-strongest-first-half-since-2019-2b75f7a2", "date_published": "2023-07-02T19:30:07+00:00", "persistent": false, "dead": false, "user": null, "language": "en-US"}, {"source": "https://hnrss.org/frontpage", "title": "Forgotten Tragedy of Italian War Detainees", "description": "<p>Article URL: <a href=\"https://www3.nhk.or.jp/nhkworld/en/news/backstories/816/\">https://www3.nhk.or.jp/nhkworld/en/news/backstories/816/</a></p>\n<p>Comments URL: <a href=\"https://news.ycombinator.com/item?id=36564782\">https://news.ycombinator.com/item?id=36564782</a></p>\n<p>Points: 25</p>\n<p># Comments: 1</p>", "link": "https://www3.nhk.or.jp/nhkworld/en/news/backstories/816/", "date_published": "2023-07-02T19:26:46+00:00", "persistent": false, "dead": false, "user": null, "language": "en-US"}, {"source": "https://hnrss.org/frontpage", "title": "Why Commuters Prefer Origin to Destination Transfers", "description": "<p>Article URL: <a href=\"https://pedestrianobservations.com/2023/06/30/why-commuters-prefer-origin-to-destination-transfers/\">https://pedestrianobservations.com/2023/06/30/why-commuters-prefer-origin-to-destination-transfers/</a></p>\n<p>Comments URL: <a href=\"https://news.ycombinator.com/item?id=36564608\">https://news.ycombinator.com/item?id=36564608</a></p>\n<p>Points: 11</p>\n<p># Comments: 0</p>", "link": "https://pedestrianobservations.com/2023/06/30/why-commuters-prefer-origin-to-destination-transfers/", "date_published": "2023-07-02T19:07:21+00:00", "persistent": false, "dead": false, "user": null, "language": "en-US"}, {"source": "https://hnrss.org/frontpage", "title": "C\u2019s Biggest Mistake", "description": "<p>Article URL: <a href=\"https://www.digitalmars.com/articles/C-biggest-mistake.html\">https://www.digitalmars.com/articles/C-biggest-mistake.html</a></p>\n<p>Comments URL: <a href=\"https://news.ycombinator.com/item?id=36564535\">https://news.ycombinator.com/item?id=36564535</a></p>\n<p>Points: 23</p>\n<p># Comments: 4</p>", "link": "https://www.digitalmars.com/articles/C-biggest-mistake.html", "date_published": "2023-07-02T19:00:22+00:00", "persistent": false, "dead": false, "user": null, "language": "en-US"}, {"source": "https://hnrss.org/frontpage", "title": "Relay Mining: Verifiable Multi-Tenant Distributed Rate Limiting", "description": "<p>Article URL: <a href=\"https://arxiv.org/abs/2305.10672\">https://arxiv.org/abs/2305.10672</a></p>\n<p>Comments URL: <a href=\"https://news.ycombinator.com/item?id=36564350\">https://news.ycombinator.com/item?id=36564350</a></p>\n<p>Points: 12</p>\n<p># Comments: 0</p>", "link": "https://arxiv.org/abs/2305.10672", "date_published": "2023-07-02T18:41:41+00:00", "persistent": false, "dead": false, "user": null, "language": "en-US"}, {"source": "https://hnrss.org/frontpage", "title": "Google Search's Death by a Thousand Cuts", "description": "<p>Article URL: <a href=\"https://matt-rickard.com/google-searchs-death-by-a-thousand-cuts\">https://matt-rickard.com/google-searchs-death-by-a-thousand-cuts</a></p>\n<p>Comments URL: <a href=\"https://news.ycombinator.com/item?id=36564042\">https://news.ycombinator.com/item?id=36564042</a></p>\n<p>Points: 43</p>\n<p># Comments: 19</p>", "link": "https://matt-rickard.com/google-searchs-death-by-a-thousand-cuts", "date_published": "2023-07-02T18:14:13+00:00", "persistent": true, "dead": false, "user": "rumpel", "language": "en-US", "tags": ["search engines", "google"]}, {"source": "https://hnrss.org/frontpage", "title": "JavaScript Gom Jabbar", "description": "<p>Article URL: <a href=\"https://frantic.im/javascript-gom-jabbar/\">https://frantic.im/javascript-gom-jabbar/</a></p>\n<p>Comments URL: <a href=\"https://news.ycombinator.com/item?id=36564010\">https://news.ycombinator.com/item?id=36564010</a></p>\n<p>Points: 34</p>\n<p># Comments: 4</p>", "link": "https://frantic.im/javascript-gom-jabbar/", "date_published": "2023-07-02T18:12:09+00:00", "persistent": false, "dead": false, "user": null, "language": "en-US"}, {"source": "https://hnrss.org/frontpage", "title": "AMD CPU Use Among Linux Gamers Approaching 70% Marketshare", "description": "<p>Article URL: <a href=\"https://www.phoronix.com/news/AMD-CPU-Linux-Gaming-67p\">https://www.phoronix.com/news/AMD-CPU-Linux-Gaming-67p</a></p>\n<p>Comments URL: <a href=\"https://news.ycombinator.com/item?id=36563979\">https://news.ycombinator.com/item?id=36563979</a></p>\n<p>Points: 45</p>\n<p># Comments: 29</p>", "link": "https://www.phoronix.com/news/AMD-CPU-Linux-Gaming-67p", "date_published": "2023-07-02T18:09:29+00:00", "persistent": false, "dead": false, "user": null, "language": "en-US"}, {"source": "https://hnrss.org/frontpage", "title": "Chinese Tech Terms Explained in English", "description": "<p>Article URL: <a href=\"https://16x.engineer/2022/10/18/chinese-tech-terms.html\">https://16x.engineer/2022/10/18/chinese-tech-terms.html</a></p>\n<p>Comments URL: <a href=\"https://news.ycombinator.com/item?id=36563956\">https://news.ycombinator.com/item?id=36563956</a></p>\n<p>Points: 34</p>\n<p># Comments: 3</p>", "link": "https://16x.engineer/2022/10/18/chinese-tech-terms.html", "date_published": "2023-07-02T18:06:47+00:00", "persistent": false, "dead": false, "user": null, "language": "en-US"}, {"source": "https://hnrss.org/frontpage", "title": "Economic inequality cannot be explained by individual bad choices, study finds", "description": "<p>Article URL: <a href=\"https://phys.org/news/2023-06-economic-inequality-individual-bad-choices.html\">https://phys.org/news/2023-06-economic-inequality-individual-bad-choices.html</a></p>\n<p>Comments URL: <a href=\"https://news.ycombinator.com/item?id=36563815\">https://news.ycombinator.com/item?id=36563815</a></p>\n<p>Points: 54</p>\n<p># Comments: 32</p>", "link": "https://phys.org/news/2023-06-economic-inequality-individual-bad-choices.html", "date_published": "2023-07-02T17:53:44+00:00", "persistent": false, "dead": false, "user": null, "language": "en-US"}, {"source": "https://hnrss.org/frontpage", "title": "AMIGAlive \u2013 Play Amiga games online with people across the world", "description": "<p>Article URL: <a href=\"https://www.amigalive.com/\">https://www.amigalive.com/</a></p>\n<p>Comments URL: <a href=\"https://news.ycombinator.com/item?id=36563780\">https://news.ycombinator.com/item?id=36563780</a></p>\n<p>Points: 12</p>\n<p># Comments: 0</p>", "link": "https://www.amigalive.com/", "date_published": "2023-07-02T17:50:52+00:00", "persistent": false, "dead": false, "user": null, "language": "en-US"}, {"source": "https://hnrss.org/frontpage", "title": "First 'tooth regrowth' medicine moves toward clinical trials in Japan", "description": "<p>Article URL: <a href=\"https://mainichi.jp/english/articles/20230609/p2a/00m/0sc/026000c\">https://mainichi.jp/english/articles/20230609/p2a/00m/0sc/026000c</a></p>\n<p>Comments URL: <a href=\"https://news.ycombinator.com/item?id=36563590\">https://news.ycombinator.com/item?id=36563590</a></p>\n<p>Points: 108</p>\n<p># Comments: 16</p>", "link": "https://mainichi.jp/english/articles/20230609/p2a/00m/0sc/026000c", "date_published": "2023-07-02T17:33:17+00:00", "persistent": false, "dead": false, "user": null, "language": "en-US"}, {"source": "https://hnrss.org/frontpage", "title": "HockeyStack (YC S23) Is Hiring Founding Engineers", "description": "<p>Article URL: <a href=\"https://www.ycombinator.com/companies/hockeystack/jobs/JehKPk7-founding-backend-engineer\">https://www.ycombinator.com/companies/hockeystack/jobs/JehKPk7-founding-backend-engineer</a></p>\n<p>Comments URL: <a href=\"https://news.ycombinator.com/item?id=36563303\">https://news.ycombinator.com/item?id=36563303</a></p>\n<p>Points: 1</p>\n<p># Comments: 0</p>", "link": "https://www.ycombinator.com/companies/hockeystack/jobs/JehKPk7-founding-backend-engineer", "date_published": "2023-07-02T17:00:08+00:00", "persistent": false, "dead": false, "user": null, "language": "en-US"}, {"source": "https://hnrss.org/frontpage", "title": "Show HN: Script \u2013 A text editor for digitally interconnected documents", "description": "<p>script is a text editor powering truly digital documents recently launched. Feel free to play with and share your feedback.</p>\n<hr />\n<p>Comments URL: <a href=\"https://news.ycombinator.com/item?id=36563284\">https://news.ycombinator.com/item?id=36563284</a></p>\n<p>Points: 24</p>\n<p># Comments: 7</p>", "link": "https://www.use-script.com", "date_published": "2023-07-02T16:57:37+00:00", "persistent": false, "dead": false, "user": null, "language": "en-US"}, {"source": "https://hnrss.org/frontpage", "title": "Are You Sure You Want to Use MMAP in Your Database Management System?", "description": "<p>Article URL: <a href=\"https://db.cs.cmu.edu/mmap-cidr2022/\">https://db.cs.cmu.edu/mmap-cidr2022/</a></p>\n<p>Comments URL: <a href=\"https://news.ycombinator.com/item?id=36563187\">https://news.ycombinator.com/item?id=36563187</a></p>\n<p>Points: 8</p>\n<p># Comments: 0</p>", "link": "https://db.cs.cmu.edu/mmap-cidr2022/", "date_published": "2023-07-02T16:48:00+00:00", "persistent": false, "dead": false, "user": null, "language": "en-US"}, {"source": "https://hnrss.org/frontpage", "title": "Tesla Gives New UK Owners a \u2018Reacher\u2019 Stick to Deal with Left-Hand Drive Cars", "description": "<p>Article URL: <a href=\"https://www.carscoops.com/2023/06/tesla-seriously-gives-uk-owners-reacher-stick-after-cancelling-right-hand-drive-cars/\">https://www.carscoops.com/2023/06/tesla-seriously-gives-uk-owners-reacher-stick-after-cancelling-right-hand-drive-cars/</a></p>\n<p>Comments URL: <a href=\"https://news.ycombinator.com/item?id=36563130\">https://news.ycombinator.com/item?id=36563130</a></p>\n<p>Points: 53</p>\n<p># Comments: 38</p>", "link": "https://www.carscoops.com/2023/06/tesla-seriously-gives-uk-owners-reacher-stick-after-cancelling-right-hand-drive-cars/", "date_published": "2023-07-02T16:43:00+00:00", "persistent": false, "dead": false, "user": null, "language": "en-US"}, {"source": "https://hnrss.org/frontpage", "title": "Designing the First Apple Macintosh: The Engineers\u2019 Story", "description": "<p>Article URL: <a href=\"https://spectrum.ieee.org/apple-macintosh\">https://spectrum.ieee.org/apple-macintosh</a></p>\n<p>Comments URL: <a href=\"https://news.ycombinator.com/item?id=36562958\">https://news.ycombinator.com/item?id=36562958</a></p>\n<p>Points: 8</p>\n<p># Comments: 0</p>", "link": "https://spectrum.ieee.org/apple-macintosh", "date_published": "2023-07-02T16:25:47+00:00", "persistent": false, "dead": false, "user": null, "language": "en-US"}, {"source": "https://hnrss.org/frontpage", "title": "What Do We Owe Our Teams?", "description": "<p>Article URL: <a href=\"https://www.mironov.com/owe/\">https://www.mironov.com/owe/</a></p>\n<p>Comments URL: <a href=\"https://news.ycombinator.com/item?id=36562868\">https://news.ycombinator.com/item?id=36562868</a></p>\n<p>Points: 19</p>\n<p># Comments: 2</p>", "link": "https://www.mironov.com/owe/", "date_published": "2023-07-02T16:15:54+00:00", "persistent": false, "dead": false, "user": null, "language": "en-US"}, {"source": "https://hnrss.org/frontpage", "title": "Make Your Renders Unnecessarily Complicated by Modeling a Film Camera in Blender [video]", "description": "<p>Article URL: <a href=\"https://www.youtube.com/watch?v=YE9rEQAGpLw\">https://www.youtube.com/watch?v=YE9rEQAGpLw</a></p>\n<p>Comments URL: <a href=\"https://news.ycombinator.com/item?id=36562757\">https://news.ycombinator.com/item?id=36562757</a></p>\n<p>Points: 43</p>\n<p># Comments: 6</p>", "link": "https://www.youtube.com/watch?v=YE9rEQAGpLw", "date_published": "2023-07-02T16:03:59+00:00", "persistent": false, "dead": false, "user": null, "language": "en-US"}, {"source": "https://hnrss.org/frontpage", "title": "Aspartame: Once More Unto the Breach", "description": "<p>Article URL: <a href=\"https://dynomight.net/aspartame/\">https://dynomight.net/aspartame/</a></p>\n<p>Comments URL: <a href=\"https://news.ycombinator.com/item?id=36562739\">https://news.ycombinator.com/item?id=36562739</a></p>\n<p>Points: 44</p>\n<p># Comments: 11</p>", "link": "https://dynomight.net/aspartame/", "date_published": "2023-07-02T16:02:36+00:00", "persistent": false, "dead": false, "user": null, "language": "en-US"}, {"source": "https://hnrss.org/frontpage", "title": "It's 2023 and memory overwrite bugs are not just a thing theyre still number one", "description": "<p>Article URL: <a href=\"https://www.theregister.com/2023/06/29/cwe_top_25_2023/\">https://www.theregister.com/2023/06/29/cwe_top_25_2023/</a></p>\n<p>Comments URL: <a href=\"https://news.ycombinator.com/item?id=36562727\">https://news.ycombinator.com/item?id=36562727</a></p>\n<p>Points: 35</p>\n<p># Comments: 7</p>", "link": "https://www.theregister.com/2023/06/29/cwe_top_25_2023/", "date_published": "2023-07-02T16:01:41+00:00", "persistent": false, "dead": false, "user": null, "language": "en-US"}, {"source": "https://hnrss.org/frontpage", "title": "The Mysterious Airships of 1896-97 (2014)", "description": "<p>Article URL: <a href=\"https://www.readex.com/blog/ufo-fever-americas-historical-newspapers-mysterious-airships-1896-97\">https://www.readex.com/blog/ufo-fever-americas-historical-newspapers-mysterious-airships-1896-97</a></p>\n<p>Comments URL: <a href=\"https://news.ycombinator.com/item?id=36562561\">https://news.ycombinator.com/item?id=36562561</a></p>\n<p>Points: 17</p>\n<p># Comments: 2</p>", "link": "https://www.readex.com/blog/ufo-fever-americas-historical-newspapers-mysterious-airships-1896-97", "date_published": "2023-07-02T15:46:13+00:00", "persistent": false, "dead": false, "user": null, "language": "en-US"}, {"source": "https://hnrss.org/frontpage", "title": "Stanford A.I. Courses", "description": "<p>Article URL: <a href=\"https://ai.stanford.edu/courses/\">https://ai.stanford.edu/courses/</a></p>\n<p>Comments URL: <a href=\"https://news.ycombinator.com/item?id=36562502\">https://news.ycombinator.com/item?id=36562502</a></p>\n<p>Points: 94</p>\n<p># Comments: 19</p>", "link": "https://ai.stanford.edu/courses/", "date_published": "2023-07-02T15:40:53+00:00", "persistent": false, "dead": false, "user": null, "language": "en-US"}, {"source": "https://hnrss.org/frontpage", "title": "Embattled physicist files patent for unprecedented ambient superconductor", "description": "<p>Article URL: <a href=\"https://www.science.org/content/article/embattled-physicist-files-patent-unprecedented-ambient-superconductor\">https://www.science.org/content/article/embattled-physicist-files-patent-unprecedented-ambient-superconductor</a></p>\n<p>Comments URL: <a href=\"https://news.ycombinator.com/item?id=36562433\">https://news.ycombinator.com/item?id=36562433</a></p>\n<p>Points: 11</p>\n<p># Comments: 2</p>", "link": "https://www.science.org/content/article/embattled-physicist-files-patent-unprecedented-ambient-superconductor", "date_published": "2023-07-02T15:36:09+00:00", "persistent": false, "dead": false, "user": null, "language": "en-US"}, {"source": "https://hnrss.org/frontpage", "title": "A toy programming language in 137 lines of Python code", "description": "<p>Article URL: <a href=\"https://blog.miguelgrinberg.com/post/building-a-toy-programming-language-in-python\">https://blog.miguelgrinberg.com/post/building-a-toy-programming-language-in-python</a></p>\n<p>Comments URL: <a href=\"https://news.ycombinator.com/item?id=36562432\">https://news.ycombinator.com/item?id=36562432</a></p>\n<p>Points: 8</p>\n<p># Comments: 0</p>", "link": "https://blog.miguelgrinberg.com/post/building-a-toy-programming-language-in-python", "date_published": "2023-07-02T15:36:04+00:00", "persistent": false, "dead": false, "user": null, "language": "en-US"}, {"source": "https://hnrss.org/frontpage", "title": "Cyclorotor", "description": "<p>Article URL: <a href=\"https://en.wikipedia.org/wiki/Cyclorotor\">https://en.wikipedia.org/wiki/Cyclorotor</a></p>\n<p>Comments URL: <a href=\"https://news.ycombinator.com/item?id=36562056\">https://news.ycombinator.com/item?id=36562056</a></p>\n<p>Points: 4</p>\n<p># Comments: 0</p>", "link": "https://en.wikipedia.org/wiki/Cyclorotor", "date_published": "2023-07-02T15:01:54+00:00", "persistent": false, "dead": false, "user": null, "language": "en-US"}, {"source": "https://hnrss.org/frontpage", "title": "My Meeting with David Bohm, Tormented Quantum Visionary", "description": "<p>Article URL: <a href=\"https://johnhorgan.org/cross-check/my-meeting-with-david-bohm-tormented-quantum-visionary\">https://johnhorgan.org/cross-check/my-meeting-with-david-bohm-tormented-quantum-visionary</a></p>\n<p>Comments URL: <a href=\"https://news.ycombinator.com/item?id=36561991\">https://news.ycombinator.com/item?id=36561991</a></p>\n<p>Points: 5</p>\n<p># Comments: 0</p>", "link": "https://johnhorgan.org/cross-check/my-meeting-with-david-bohm-tormented-quantum-visionary", "date_published": "2023-07-02T14:52:43+00:00", "persistent": false, "dead": false, "user": null, "language": "en-US"}, {"source": "https://hnrss.org/frontpage", "title": "Parsing time stamps faster with SIMD instructions", "description": "<p>Article URL: <a href=\"https://lemire.me/blog/2023/07/01/parsing-time-stamps-faster-with-simd-instructions/\">https://lemire.me/blog/2023/07/01/parsing-time-stamps-faster-with-simd-instructions/</a></p>\n<p>Comments URL: <a href=\"https://news.ycombinator.com/item?id=36561974\">https://news.ycombinator.com/item?id=36561974</a></p>\n<p>Points: 49</p>\n<p># Comments: 15</p>", "link": "https://lemire.me/blog/2023/07/01/parsing-time-stamps-faster-with-simd-instructions/", "date_published": "2023-07-02T14:50:46+00:00", "persistent": false, "dead": false, "user": null, "language": "en-US"}, {"source": "https://hnrss.org/frontpage", "title": "A curated list of Emacs Lisp development resources", "description": "<p>Article URL: <a href=\"https://github.com/p3r7/awesome-elisp\">https://github.com/p3r7/awesome-elisp</a></p>\n<p>Comments URL: <a href=\"https://news.ycombinator.com/item?id=36561897\">https://news.ycombinator.com/item?id=36561897</a></p>\n<p>Points: 12</p>\n<p># Comments: 0</p>", "link": "https://github.com/p3r7/awesome-elisp", "date_published": "2023-07-02T14:41:32+00:00", "persistent": false, "dead": false, "user": null, "language": "en-US"}, {"source": "https://hnrss.org/frontpage", "title": "Show HN: bigwav.app \u2013 Transcription and Annotation using just a web browser", "description": "<p>Hello,<p>I released this recently, take a look:<p><a href=\"https://bigwav.app\" rel=\"nofollow noreferrer\">https://bigwav.app</a></p>\n<hr />\n<p>Comments URL: <a href=\"https://news.ycombinator.com/item?id=36561867\">https://news.ycombinator.com/item?id=36561867</a></p>\n<p>Points: 13</p>\n<p># Comments: 1</p>", "link": "https://bigwav.app", "date_published": "2023-07-02T14:37:29+00:00", "persistent": false, "dead": false, "user": null, "language": "en-US"}, {"source": "https://hnrss.org/frontpage", "title": "Alt-F4 #65 \u2013 Factorio visualizer in Unreal Engine 5", "description": "<p>Article URL: <a href=\"https://alt-f4.blog/ALTF4-65/\">https://alt-f4.blog/ALTF4-65/</a></p>\n<p>Comments URL: <a href=\"https://news.ycombinator.com/item?id=36561847\">https://news.ycombinator.com/item?id=36561847</a></p>\n<p>Points: 81</p>\n<p># Comments: 14</p>", "link": "https://alt-f4.blog/ALTF4-65/", "date_published": "2023-07-02T14:34:58+00:00", "persistent": false, "dead": false, "user": null, "language": "en-US"}, {"source": "https://hnrss.org/frontpage", "title": "Before Xerox, there was Addressograph", "description": "<p>Article URL: <a href=\"https://pncnmnp.github.io/blogs/addressograph.html\">https://pncnmnp.github.io/blogs/addressograph.html</a></p>\n<p>Comments URL: <a href=\"https://news.ycombinator.com/item?id=36561827\">https://news.ycombinator.com/item?id=36561827</a></p>\n<p>Points: 6</p>\n<p># Comments: 2</p>", "link": "https://pncnmnp.github.io/blogs/addressograph.html", "date_published": "2023-07-02T14:32:04+00:00", "persistent": false, "dead": false, "user": null, "language": "en-US"}, {"source": "https://hnrss.org/frontpage", "title": "/u/spez is right about feudalism and that's why Reddit as we know it is doomed", "description": "<p>Article URL: <a href=\"https://maya.land/monologues/2023/07/01/spez-feudalism-reddit.html\">https://maya.land/monologues/2023/07/01/spez-feudalism-reddit.html</a></p>\n<p>Comments URL: <a href=\"https://news.ycombinator.com/item?id=36561166\">https://news.ycombinator.com/item?id=36561166</a></p>\n<p>Points: 50</p>\n<p># Comments: 35</p>", "link": "https://maya.land/monologues/2023/07/01/spez-feudalism-reddit.html", "date_published": "2023-07-02T13:11:26+00:00", "persistent": false, "dead": false, "user": null, "language": "en-US"}, {"source": "https://hnrss.org/frontpage", "title": "Google Sidewiki", "description": "<p>Article URL: <a href=\"https://en.wikipedia.org/wiki/Google_Sidewiki\">https://en.wikipedia.org/wiki/Google_Sidewiki</a></p>\n<p>Comments URL: <a href=\"https://news.ycombinator.com/item?id=36560937\">https://news.ycombinator.com/item?id=36560937</a></p>\n<p>Points: 9</p>\n<p># Comments: 1</p>", "link": "https://en.wikipedia.org/wiki/Google_Sidewiki", "date_published": "2023-07-02T12:41:27+00:00", "persistent": false, "dead": false, "user": null, "language": "en-US"}, {"source": "https://hnrss.org/frontpage", "title": "Scope-based resource management for the Linux kernel", "description": "<p>Article URL: <a href=\"https://lwn.net/Articles/934679/\">https://lwn.net/Articles/934679/</a></p>\n<p>Comments URL: <a href=\"https://news.ycombinator.com/item?id=36560830\">https://news.ycombinator.com/item?id=36560830</a></p>\n<p>Points: 5</p>\n<p># Comments: 0</p>", "link": "https://lwn.net/Articles/934679/", "date_published": "2023-07-02T12:26:08+00:00", "persistent": false, "dead": false, "user": null, "language": "en-US"}, {"source": "https://hnrss.org/frontpage", "title": "Delve: A Solo Map Drawing Game", "description": "<p>Article URL: <a href=\"https://blackwellwriter.itch.io/delve-a-solo-map-drawing-game\">https://blackwellwriter.itch.io/delve-a-solo-map-drawing-game</a></p>\n<p>Comments URL: <a href=\"https://news.ycombinator.com/item?id=36560815\">https://news.ycombinator.com/item?id=36560815</a></p>\n<p>Points: 16</p>\n<p># Comments: 1</p>", "link": "https://blackwellwriter.itch.io/delve-a-solo-map-drawing-game", "date_published": "2023-07-02T12:24:15+00:00", "persistent": false, "dead": false, "user": null, "language": "en-US"}, {"source": "https://hnrss.org/frontpage", "title": "Bonilla hasn\u2019t played for over 20 years. NY Mets pay him $1.2M a year until 2035", "description": "<p>Article URL: <a href=\"https://www.cnn.com/2020/07/01/us/bobby-bonilla-day-mets-mlb-spt-trnd/index.html\">https://www.cnn.com/2020/07/01/us/bobby-bonilla-day-mets-mlb-spt-trnd/index.html</a></p>\n<p>Comments URL: <a href=\"https://news.ycombinator.com/item?id=36560310\">https://news.ycombinator.com/item?id=36560310</a></p>\n<p>Points: 12</p>\n<p># Comments: 7</p>", "link": "https://www.cnn.com/2020/07/01/us/bobby-bonilla-day-mets-mlb-spt-trnd/index.html", "date_published": "2023-07-02T11:07:36+00:00", "persistent": false, "dead": false, "user": null, "language": "en-US"}, {"source": "https://hnrss.org/frontpage", "title": "Writing as a Form of Thinking", "description": "<p>Article URL: <a href=\"https://lopespm.com/notes/2023/07/02/writing-as-a-form-of-thinking.html\">https://lopespm.com/notes/2023/07/02/writing-as-a-form-of-thinking.html</a></p>\n<p>Comments URL: <a href=\"https://news.ycombinator.com/item?id=36560254\">https://news.ycombinator.com/item?id=36560254</a></p>\n<p>Points: 11</p>\n<p># Comments: 2</p>", "link": "https://lopespm.com/notes/2023/07/02/writing-as-a-form-of-thinking.html", "date_published": "2023-07-02T10:56:43+00:00", "persistent": false, "dead": false, "user": null, "language": "en-US"}, {"source": "https://hnrss.org/frontpage", "title": "Windows 10 on the Xiaomi PocoPhone F1", "description": "<p>Article URL: <a href=\"https://virtuallyfun.com/2023/07/01/64bit-computing-on-a-budget/\">https://virtuallyfun.com/2023/07/01/64bit-computing-on-a-budget/</a></p>\n<p>Comments URL: <a href=\"https://news.ycombinator.com/item?id=36560242\">https://news.ycombinator.com/item?id=36560242</a></p>\n<p>Points: 23</p>\n<p># Comments: 2</p>", "link": "https://virtuallyfun.com/2023/07/01/64bit-computing-on-a-budget/", "date_published": "2023-07-02T10:54:46+00:00", "persistent": false, "dead": false, "user": null, "language": "en-US"}, {"source": "https://hnrss.org/frontpage", "title": "Drastic increase in Tor clients from Germany", "description": "<p>Article URL: <a href=\"https://metrics.torproject.org/userstats-relay-country.html?start=2019-01-01&amp;end=2023-07-02&amp;country=de&amp;events=off\">https://metrics.torproject.org/userstats-relay-country.html?start=2019-01-01&amp;end=2023-07-02&amp;country=de&amp;events=off</a></p>\n<p>Comments URL: <a href=\"https://news.ycombinator.com/item?id=36560136\">https://news.ycombinator.com/item?id=36560136</a></p>\n<p>Points: 63</p>\n<p># Comments: 44</p>", "link": "https://metrics.torproject.org/userstats-relay-country.html?start=2019-01-01&end=2023-07-02&country=de&events=off", "date_published": "2023-07-02T10:29:55+00:00", "persistent": false, "dead": false, "user": null, "language": "en-US"}, {"source": "https://hnrss.org/frontpage", "title": "Wayland on NixOS: Confusion, Conquest, Triumph", "description": "<p>Article URL: <a href=\"https://drakerossman.com/blog/wayland-on-nixos-confusion-conquest-triumph\">https://drakerossman.com/blog/wayland-on-nixos-confusion-conquest-triumph</a></p>\n<p>Comments URL: <a href=\"https://news.ycombinator.com/item?id=36559929\">https://news.ycombinator.com/item?id=36559929</a></p>\n<p>Points: 8</p>\n<p># Comments: 7</p>", "link": "https://drakerossman.com/blog/wayland-on-nixos-confusion-conquest-triumph", "date_published": "2023-07-02T09:48:02+00:00", "persistent": false, "dead": false, "user": null, "language": "en-US"}, {"source": "https://hnrss.org/frontpage", "title": "Moneyball for Software Teams: Quantifying Dev Performance", "description": "<p>Article URL: <a href=\"https://software.rajivprab.com/2023/07/01/moneyball-for-software-teams/\">https://software.rajivprab.com/2023/07/01/moneyball-for-software-teams/</a></p>\n<p>Comments URL: <a href=\"https://news.ycombinator.com/item?id=36559630\">https://news.ycombinator.com/item?id=36559630</a></p>\n<p>Points: 4</p>\n<p># Comments: 0</p>", "link": "https://software.rajivprab.com/2023/07/01/moneyball-for-software-teams/", "date_published": "2023-07-02T08:53:29+00:00", "persistent": false, "dead": false, "user": null, "language": "en-US"}, {"source": "https://hnrss.org/frontpage", "title": "Neuronal wiring diagram of an adult brain", "description": "<p>Article URL: <a href=\"https://www.biorxiv.org/content/10.1101/2023.06.27.546656v1\">https://www.biorxiv.org/content/10.1101/2023.06.27.546656v1</a></p>\n<p>Comments URL: <a href=\"https://news.ycombinator.com/item?id=36559370\">https://news.ycombinator.com/item?id=36559370</a></p>\n<p>Points: 6</p>\n<p># Comments: 3</p>", "link": "https://www.biorxiv.org/content/10.1101/2023.06.27.546656v1", "date_published": "2023-07-02T08:07:15+00:00", "persistent": false, "dead": false, "user": null, "language": "en-US"}, {"source": "https://hnrss.org/frontpage", "title": "Flattening ASTs (and Other Compiler Data Structures)", "description": "<p>Article URL: <a href=\"https://www.cs.cornell.edu/~asampson/blog/flattening.html\">https://www.cs.cornell.edu/~asampson/blog/flattening.html</a></p>\n<p>Comments URL: <a href=\"https://news.ycombinator.com/item?id=36559346\">https://news.ycombinator.com/item?id=36559346</a></p>\n<p>Points: 3</p>\n<p># Comments: 0</p>", "link": "https://www.cs.cornell.edu/~asampson/blog/flattening.html", "date_published": "2023-07-02T08:03:13+00:00", "persistent": false, "dead": false, "user": null, "language": "en-US"}, {"source": "https://hnrss.org/frontpage", "title": "Breaking Up with SVG-in-JS in 2023", "description": "<p>Article URL: <a href=\"https://kurtextrem.de/posts/svg-in-js\">https://kurtextrem.de/posts/svg-in-js</a></p>\n<p>Comments URL: <a href=\"https://news.ycombinator.com/item?id=36559254\">https://news.ycombinator.com/item?id=36559254</a></p>\n<p>Points: 16</p>\n<p># Comments: 10</p>", "link": "https://kurtextrem.de/posts/svg-in-js", "date_published": "2023-07-02T07:45:04+00:00", "persistent": false, "dead": false, "user": null, "language": "en-US"}, {"source": "https://hnrss.org/frontpage", "title": "UK retail electricity prices hit -19p/kWh today", "description": "<p>Article URL: <a href=\"https://github.com/jonatron/randomstuff/blob/main/agile_prices.png\">https://github.com/jonatron/randomstuff/blob/main/agile_prices.png</a></p>\n<p>Comments URL: <a href=\"https://news.ycombinator.com/item?id=36559165\">https://news.ycombinator.com/item?id=36559165</a></p>\n<p>Points: 18</p>\n<p># Comments: 18</p>", "link": "https://github.com/jonatron/randomstuff/blob/main/agile_prices.png", "date_published": "2023-07-02T07:31:55+00:00", "persistent": true, "dead": false, "user": "rumpel", "language": "en-US", "tags": ["solar panels"]}, {"source": "https://hnrss.org/frontpage", "title": "The Mickey Mouse Copyright Runs Out in 2024 \u2013 What That Means for All of Us", "description": "<p>Article URL: <a href=\"https://globaltoynews.com/2023/01/11/the-mickey-mouse-copyright-runs-out-in-2024-what-that-means-for-all-of-us/\">https://globaltoynews.com/2023/01/11/the-mickey-mouse-copyright-runs-out-in-2024-what-that-means-for-all-of-us/</a></p>\n<p>Comments URL: <a href=\"https://news.ycombinator.com/item?id=36559037\">https://news.ycombinator.com/item?id=36559037</a></p>\n<p>Points: 10</p>\n<p># Comments: 5</p>", "link": "https://globaltoynews.com/2023/01/11/the-mickey-mouse-copyright-runs-out-in-2024-what-that-means-for-all-of-us/", "date_published": "2023-07-02T07:06:21+00:00", "persistent": false, "dead": false, "user": null, "language": "en-US"}, {"source": "https://hnrss.org/frontpage", "title": "Tree-Structured Concurrency", "description": "<p>Article URL: <a href=\"https://blog.yoshuawuyts.com/tree-structured-concurrency/\">https://blog.yoshuawuyts.com/tree-structured-concurrency/</a></p>\n<p>Comments URL: <a href=\"https://news.ycombinator.com/item?id=36559030\">https://news.ycombinator.com/item?id=36559030</a></p>\n<p>Points: 19</p>\n<p># Comments: 0</p>", "link": "https://blog.yoshuawuyts.com/tree-structured-concurrency/", "date_published": "2023-07-02T07:04:25+00:00", "persistent": false, "dead": false, "user": null, "language": "en-US"}, {"source": "https://hnrss.org/frontpage", "title": "Ask HN: Why aren't modern programming languages, like Rust, more legible?", "description": "<p>This is a question I've often wondered, and am perhaps asking now out of sheer frustration. I have ADHD, of which my particular 'mutation' of ADHD makes it difficult to read and absorb written text.<p>I'm not afraid of programming in general, being a data analyst by trade I often use Python and SQL in my day job. I've trained on Java, and C# (though admittedly with some difficulty) and had dabbled in Delphi (Object Pascal) and Visual Basic as a little girl so the concept of programming isn't new to me. Perhaps the 'low-level-nes' of Rust, a language I would love to learn, is new to me which is perhaps one of the reasons I'm having some trouble understanding it.<p>I'm struggling with heavy implementations of symbols, and perhaps 'shorthand' reserved keywords in languages like Rust, C++ and to some extent JavaScript; I find they aren't as readable as 'higher level' languages like Python.<p>Given that Rust is one of the newer languages on the block, Python is 21 years it's senior, was the syntax of Rust determined by performance factors or because of it's 'low-level-ness'? Are languages like Python and SQL more legible because they're interpreted and compiled into bytecode, rather than just compiled into specific machine code? Or is it purely a decision of the language's developer?<p>This question is focused on Rust specifically, given that's a newer language, perhaps wondering why it didn't adopt some of the design principles of easier to read languages, though I am certainly not singling it out. Are there ADHD friendly tutorials/books on Rust?</p>\n<hr />\n<p>Comments URL: <a href=\"https://news.ycombinator.com/item?id=36558794\">https://news.ycombinator.com/item?id=36558794</a></p>\n<p>Points: 24</p>\n<p># Comments: 19</p>", "link": "https://news.ycombinator.com/item?id=36558794", "date_published": "2023-07-02T06:21:05+00:00", "persistent": false, "dead": false, "user": null, "language": "en-US"}, {"source": "https://hnrss.org/frontpage", "title": "Course Notes: A Functional Introduction to Computer Science (UWaterloo)", "description": "<p>Article URL: <a href=\"https://cs.uwaterloo.ca/~plragde/flaneries/FICS/\">https://cs.uwaterloo.ca/~plragde/flaneries/FICS/</a></p>\n<p>Comments URL: <a href=\"https://news.ycombinator.com/item?id=36558759\">https://news.ycombinator.com/item?id=36558759</a></p>\n<p>Points: 4</p>\n<p># Comments: 0</p>", "link": "https://cs.uwaterloo.ca/~plragde/flaneries/FICS/", "date_published": "2023-07-02T06:14:31+00:00", "persistent": false, "dead": false, "user": null, "language": "en-US"}, {"source": "https://hnrss.org/frontpage", "title": "Why do Ivy League students self-sabotage?", "description": "<p>Article URL: <a href=\"https://movingthelimit.com/why-do-ivy-league-students-self-sabotage/\">https://movingthelimit.com/why-do-ivy-league-students-self-sabotage/</a></p>\n<p>Comments URL: <a href=\"https://news.ycombinator.com/item?id=36558428\">https://news.ycombinator.com/item?id=36558428</a></p>\n<p>Points: 67</p>\n<p># Comments: 57</p>", "link": "https://movingthelimit.com/why-do-ivy-league-students-self-sabotage/", "date_published": "2023-07-02T05:10:03+00:00", "persistent": false, "dead": false, "user": null, "language": "en-US"}, {"source": "https://hnrss.org/frontpage", "title": "GPT-Migrate converts repos from one lang/framework to another", "description": "<p>Article URL: <a href=\"https://github.com/0xpayne/gpt-migrate\">https://github.com/0xpayne/gpt-migrate</a></p>\n<p>Comments URL: <a href=\"https://news.ycombinator.com/item?id=36558032\">https://news.ycombinator.com/item?id=36558032</a></p>\n<p>Points: 41</p>\n<p># Comments: 14</p>", "link": "https://github.com/0xpayne/gpt-migrate", "date_published": "2023-07-02T03:46:33+00:00", "persistent": true, "dead": false, "user": "rumpel", "language": "en-US", "tags": ["artificial intelligence"]}, {"source": "https://hnrss.org/frontpage", "title": "Safe Enough?", "description": "<p>Article URL: <a href=\"https://astralcodexten.substack.com/p/your-book-review-safe-enough\">https://astralcodexten.substack.com/p/your-book-review-safe-enough</a></p>\n<p>Comments URL: <a href=\"https://news.ycombinator.com/item?id=36557819\">https://news.ycombinator.com/item?id=36557819</a></p>\n<p>Points: 39</p>\n<p># Comments: 4</p>", "link": "https://astralcodexten.substack.com/p/your-book-review-safe-enough", "date_published": "2023-07-02T03:05:19+00:00", "persistent": false, "dead": false, "user": null, "language": "en-US"}, {"source": "https://hnrss.org/frontpage", "title": "The moral behavior of ethics professors: A replication-extension", "description": "<p>Article URL: <a href=\"https://www.tandfonline.com/doi/full/10.1080/09515089.2019.1587912\">https://www.tandfonline.com/doi/full/10.1080/09515089.2019.1587912</a></p>\n<p>Comments URL: <a href=\"https://news.ycombinator.com/item?id=36557790\">https://news.ycombinator.com/item?id=36557790</a></p>\n<p>Points: 17</p>\n<p># Comments: 11</p>", "link": "https://www.tandfonline.com/doi/full/10.1080/09515089.2019.1587912", "date_published": "2023-07-02T03:01:24+00:00", "persistent": false, "dead": false, "user": null, "language": "en-US"}, {"source": "https://hnrss.org/frontpage", "title": "Salary Negotiation: Make More Money, Be More Valued", "description": "<p>Article URL: <a href=\"https://www.kalzumeus.com/2012/01/23/salary-negotiation/\">https://www.kalzumeus.com/2012/01/23/salary-negotiation/</a></p>\n<p>Comments URL: <a href=\"https://news.ycombinator.com/item?id=36557679\">https://news.ycombinator.com/item?id=36557679</a></p>\n<p>Points: 34</p>\n<p># Comments: 3</p>", "link": "https://www.kalzumeus.com/2012/01/23/salary-negotiation/", "date_published": "2023-07-02T02:44:18+00:00", "persistent": false, "dead": false, "user": null, "language": "en-US"}, {"source": "https://hnrss.org/frontpage", "title": "A Look at Bluesky", "description": "<p>Article URL: <a href=\"https://juliette.page/blog/bluesky.html\">https://juliette.page/blog/bluesky.html</a></p>\n<p>Comments URL: <a href=\"https://news.ycombinator.com/item?id=36557378\">https://news.ycombinator.com/item?id=36557378</a></p>\n<p>Points: 38</p>\n<p># Comments: 10</p>", "link": "https://juliette.page/blog/bluesky.html", "date_published": "2023-07-02T01:50:34+00:00", "persistent": false, "dead": false, "user": null, "language": "en-US"}, {"source": "https://hnrss.org/frontpage", "title": "After September 1, 2023, all Gfycat content and data will be deleted", "description": "<p>Article URL: <a href=\"https://gfycat.com/\">https://gfycat.com/</a></p>\n<p>Comments URL: <a href=\"https://news.ycombinator.com/item?id=36557287\">https://news.ycombinator.com/item?id=36557287</a></p>\n<p>Points: 104</p>\n<p># Comments: 27</p>", "link": "https://gfycat.com/", "date_published": "2023-07-02T01:34:55+00:00", "persistent": false, "dead": false, "user": null, "language": "en-US"}, {"source": "https://hnrss.org/frontpage", "title": "China Has $3T of \u2018Hidden\u2019 Currency Reserves, Setser Says", "description": "<p>Article URL: <a href=\"https://www.bloomberg.com/news/articles/2023-06-30/china-has-3-trillion-of-hidden-currency-reserves-setser-says\">https://www.bloomberg.com/news/articles/2023-06-30/china-has-3-trillion-of-hidden-currency-reserves-setser-says</a></p>\n<p>Comments URL: <a href=\"https://news.ycombinator.com/item?id=36557122\">https://news.ycombinator.com/item?id=36557122</a></p>\n<p>Points: 79</p>\n<p># Comments: 73</p>", "link": "https://www.bloomberg.com/news/articles/2023-06-30/china-has-3-trillion-of-hidden-currency-reserves-setser-says", "date_published": "2023-07-02T01:07:32+00:00", "persistent": false, "dead": false, "user": null, "language": "en-US"}, {"source": "https://hnrss.org/frontpage", "title": "Intro to Cryptography [pdf] (2011)", "description": "<p>Article URL: <a href=\"https://www.cs.umd.edu/~waa/414-F11/IntroToCrypto.pdf\">https://www.cs.umd.edu/~waa/414-F11/IntroToCrypto.pdf</a></p>\n<p>Comments URL: <a href=\"https://news.ycombinator.com/item?id=36557077\">https://news.ycombinator.com/item?id=36557077</a></p>\n<p>Points: 65</p>\n<p># Comments: 22</p>", "link": "https://www.cs.umd.edu/~waa/414-F11/IntroToCrypto.pdf", "date_published": "2023-07-02T01:02:00+00:00", "persistent": false, "dead": false, "user": null, "language": "en-US"}, {"source": "https://hnrss.org/frontpage", "title": "Oregon County Sues BP, Chevron, Shell, Exxon for $51B Climate Damages", "description": "<p>Article URL: <a href=\"https://carboncredits.com/oregon-county-sues-oil-companies-shell-bp-exxon-chevron-for-51b-climate-damages/\">https://carboncredits.com/oregon-county-sues-oil-companies-shell-bp-exxon-chevron-for-51b-climate-damages/</a></p>\n<p>Comments URL: <a href=\"https://news.ycombinator.com/item?id=36556844\">https://news.ycombinator.com/item?id=36556844</a></p>\n<p>Points: 89</p>\n<p># Comments: 51</p>", "link": "https://carboncredits.com/oregon-county-sues-oil-companies-shell-bp-exxon-chevron-for-51b-climate-damages/", "date_published": "2023-07-02T00:28:03+00:00", "persistent": false, "dead": false, "user": null, "language": "en-US"}, {"source": "https://hnrss.org/frontpage", "title": "Using WebAssembly to turn Rust crates into fast TypeScript libraries", "description": "<p>Article URL: <a href=\"https://rybicki.io/blog/2023/06/27/rust-crate-into-typescript-library.html\">https://rybicki.io/blog/2023/06/27/rust-crate-into-typescript-library.html</a></p>\n<p>Comments URL: <a href=\"https://news.ycombinator.com/item?id=36556668\">https://news.ycombinator.com/item?id=36556668</a></p>\n<p>Points: 55</p>\n<p># Comments: 12</p>", "link": "https://rybicki.io/blog/2023/06/27/rust-crate-into-typescript-library.html", "date_published": "2023-07-02T00:03:53+00:00", "persistent": false, "dead": false, "user": null, "language": "en-US"}]