[{"source": "https://businessinsider.com.pl/.feed", "title": "Reddit walczy z cyberprzest\u0119pcami. Chc\u0105 4,5 mln dolar\u00f3w i zmiany w polityce cenowej serwisu", "description": "Cyberprzest\u0119pcy z gangu ransomware BlackCat, znanego r\u00f3wnie\u017c jako ALPHV, gro\u017c\u0105 wyciekiem 80 GB poufnych danych z Reddit. Ich warunki? Serwis ma zap\u0142aci\u0107 4,5 mln dol., a dodatkowo wycofa\u0107 kontrowersyjn\u0105 polityk\u0119 cenow\u0105, kt\u00f3ra wywo\u0142a\u0142a protest niekt\u00f3rych najbardziej wp\u0142ywowych u\u017cytkownik\u00f3w platformy.", "link": "https://businessinsider.com.pl/technologie/reddit-wprowadzil-zmiany-w-polityce-cenowej-api-duza-krytyka/rvpryy6", "date_published": "2023-07-02T14:24:36+00:00", "persistent": false, "dead": false, "user": null, "language": "pl-PL"}, {"source": "https://businessinsider.com.pl/.feed", "title": "Zrobili bluzy dla klasy w liceum. Po dziesi\u0119ciu latach ubieraj\u0105 najwi\u0119ksze firmy [WYWIAD]", "description": "Mniej wi\u0119cej dekad\u0119 temu m\u0142odzi Polacy pomy\u015bleli, \u017ce nie musz\u0105 mie\u0107 bluz z logo Yale, Oxfordu czy Harvarda. Woleli \"nosi\u0107\" ubrania z nazwami w\u0142asnych szk\u00f3\u0142 czy uczelni. Dwaj liceali\u015bci pomy\u015bleli wtedy, \u017ce zrobi\u0105 takie bluzy w swojej szkole. Min\u0119\u0142o dziesi\u0119\u0107 lat. W ci\u0105gu tej dekady nie tylko \"ubrali\" tysi\u0105ce uczni\u00f3w i student\u00f3w. Zacz\u0119li te\u017c ubiera\u0107 wielkie korporacje.", "link": "https://businessinsider.com.pl/gospodarka/zrobili-bluzy-dla-klasy-w-liceum-po-dziesieciu-latach-ubieraja-najwieksze-firmy/f4dy0xg", "date_published": "2023-07-02T13:24:05+00:00", "persistent": false, "dead": false, "user": null, "language": "pl-PL"}, {"source": "https://businessinsider.com.pl/.feed", "title": "Ekonomista: trzeba si\u0119 przygotowa\u0107 na twarde l\u0105dowanie", "description": "Daniel Ivascyn, dyrektor inwestycyjny w Pimco, kt\u00f3re zarz\u0105dza aktywami o warto\u015bci 1,8 bln dol., w rozmowie z \"Finacial Time\" powiedzia\u0142, \u017ce przygotowuje si\u0119 na \"twardsze l\u0105dowanie\" ni\u017c inni inwestorzy. Tymczasem szefowie bank\u00f3w centralnych przygotowuj\u0105 si\u0119 do kontynuowania kampanii podwy\u017cek st\u00f3p procentowych.", "link": "https://businessinsider.com.pl/finanse/ekonomista-trzeba-sie-przygotowac-na-twarde-ladowanie/4pzmvtd", "date_published": "2023-07-02T13:00:15+00:00", "persistent": false, "dead": false, "user": null, "language": "pl-PL"}, {"source": "https://businessinsider.com.pl/.feed", "title": "Google pracuje nad now\u0105 us\u0142ug\u0105 gamingow\u0105 w chmurze. Wnioski po pora\u017cce platformy Stadia wyci\u0105gni\u0119te?", "description": "Wygl\u0105da na to, \u017ce Google testuje wewn\u0119trznie now\u0105 platform\u0119 do grania w chmurze. Nowa us\u0142uga, kt\u00f3rej nazwa to podobno Playables, pozwoli gra\u0107 na urz\u0105dzeniach mobilnych lub na komputerach. Co ciekawe, b\u0119dzie powi\u0105zana z inn\u0105 popularn\u0105 platform\u0105 nale\u017c\u0105c\u0105 do grupy Alphabet.", "link": "https://businessinsider.com.pl/technologie/google-playables-ma-byc-nowa-usluga-gamingowa-w-chmurze/d7z3nx1", "date_published": "2023-07-02T12:35:51+00:00", "persistent": false, "dead": false, "user": null, "language": "pl-PL"}, {"source": "https://businessinsider.com.pl/.feed", "title": "Mieszkanie plus upad\u0142o, a ten program po cichu szybko ro\u015bnie [WYWIAD]", "description": "Rz\u0105d oficjalnie przyzna\u0142 niedawno, \u017ce program Mieszkanie plus nie wypali\u0142. W jego rynkowej cz\u0119\u015bci docelowo powstanie pi\u0119\u0107 tysi\u0119cy mieszka\u0144 i wi\u0119cej nie b\u0119dzie. Tymczasem po cichu rozkwita inny program. Rok w rok od 28 lat nowe mieszkania trafiaj\u0105 do os\u00f3b, kt\u00f3rych nie sta\u0107 na w\u0142asne lokum na zasadach komercyjnych. TBS-y (Towarzystwo budownictwa spo\u0142ecznego) such\u0105 nog\u0105 przesz\u0142y przez pandemi\u0119 i podwy\u017cki st\u00f3p procentowych i buduj\u0105 coraz wi\u0119cej mieszka\u0144. Z Dariuszem Stacher\u0105, dyrektorem Banku Gospodarstwa Krajowego rozmawiamy o dalszych planach Towarzystwo budownictwa spo\u0142ecznego.", "link": "https://businessinsider.com.pl/gospodarka/mieszkanie-plus-upadlo-a-ten-program-rosnie-po-cichu-druga-mlodosc-tbsow-wywiad/qdkt3x4", "date_published": "2023-07-02T11:16:25+00:00", "persistent": false, "dead": false, "user": null, "language": "pl-PL"}, {"source": "https://businessinsider.com.pl/.feed", "title": "Mieszkanie plus upad\u0142o, a ten program po cichu szybko ro\u015bnie [WYWIAD]", "description": "Rz\u0105d oficjalnie przyzna\u0142 niedawno, \u017ce program Mieszkanie plus nie wypali\u0142. W jego rynkowej cz\u0119\u015bci docelowo powstanie pi\u0119\u0107 tysi\u0119cy mieszka\u0144 i wi\u0119cej nie b\u0119dzie. Tymczasem po cichu rozkwita inny program. Rok w rok od 28 lat nowe mieszkania trafiaj\u0105 do os\u00f3b, kt\u00f3rych nie sta\u0107 na w\u0142asne lokum na zasadach komercyjnych. TBS-y (Towarzystwo budownictwa spo\u0142ecznego) such\u0105 nog\u0105 przesz\u0142y przez pandemi\u0119 i podwy\u017cki st\u00f3p procentowych i buduj\u0105 coraz wi\u0119cej mieszka\u0144. Z Dariuszem Stacher\u0105, dyrektorem Banku Gospodarstwa Krajowego rozmawiamy o dalszych planach Towarzystwo budownictwa spo\u0142ecznego.", "link": "https://businessinsider.com.pl/gospodarka/mieszkanie-plus-upadlo-a-ten-program-rosnie-po-cichu-druga-mlodosc-tbs-ow-wywiad/qdkt3x4", "date_published": "2023-07-02T11:16:25+00:00", "persistent": false, "dead": false, "user": null, "language": "pl-PL"}, {"source": "https://businessinsider.com.pl/.feed", "title": "Chiny werbuj\u0105 by\u0142ych pilot\u00f3w NATO. Chodzi ju\u017c nie tylko o kopiowanie technologii", "description": "Chiny od dawna s\u0142yn\u0105 z kopiowania technologii. Teraz posz\u0142y o krok dalej, kopiuj\u0105c zachodnie taktyki walki powietrznej \u2013 a raczej p\u0142ac\u0105c ludziom z Zachodu za nauczenie ich tych taktyk.", "link": "https://businessinsider.com.pl/wiadomosci/chiny-werbuja-bylych-pilotow-nato-chodzi-juz-nie-tylko-o-kopiowanie-technologii/352vyrs", "date_published": "2023-07-02T11:06:07+00:00", "persistent": false, "dead": false, "user": null, "language": "pl-PL"}, {"source": "https://businessinsider.com.pl/.feed", "title": "Kaczy\u0144ski m\u00f3wi o zwalczonej \"ci\u0119\u017ckiej chorobie\" Polski i \"nieuwik\u0142aniu w z\u0142odziejstwo\"", "description": "W czasie rz\u0105d\u00f3w PO-PSL by\u0142a wielka zgoda na rabunek. My jeste\u015bmy w\u0142adz\u0105 nieuwik\u0142an\u0105 w ca\u0142e to wielkie z\u0142odziejstwo; zdo\u0142ali\u015bmy w ci\u0105gu o\u015bmiu lat zmieni\u0107 w Polsce ustr\u00f3j spo\u0142eczno-gospodarczy \u2014 powiedzia\u0142 w niedziel\u0119 prezes PiS Jaros\u0142aw Kaczy\u0144ski.", "link": "https://businessinsider.com.pl/gospodarka/kaczynski-jestesmy-wladza-nieuwiklana-w-wielkie-zlodziejstwo/hqyhht4", "date_published": "2023-07-02T10:35:45+00:00", "persistent": false, "dead": false, "user": null, "language": "pl-PL"}, {"source": "https://businessinsider.com.pl/.feed", "title": "Co si\u0119 stanie, je\u015bli pozostawisz drzazg\u0119 w sk\u00f3rze? Powa\u017cne konsekwencje", "description": "Co si\u0119 stanie, je\u017celi przez d\u0142u\u017cszy czas nie usuniesz drzazgi? Drzazgi sprawiaj\u0105 ogromny b\u00f3l. Usuni\u0119cie ich jeszcze wi\u0119kszy. Co jednak, je\u015bli nie usuniesz jej przez d\u0142u\u017cszy czas? Ryzykujesz wyst\u0105pienie gro\u017anej infekcji.", "link": "https://businessinsider.com.pl/wideo/co-sie-stanie-jesli-pozostawisz-drzazge-w-skorze-powazne-konsekwencje/nd2v1ez", "date_published": "2023-07-02T10:10:00+00:00", "persistent": false, "dead": false, "user": null, "language": "pl-PL"}, {"source": "https://businessinsider.com.pl/.feed", "title": "Wyp\u0142y\u0144 w rejs po Karaibach, na Antarktyd\u0119, Kana\u0142em Panamskim lub Nilem", "description": "Je\u015bli nie przepadasz za wakacjami sp\u0119dzonymi na jednej pla\u017cy i uwa\u017casz, \u017ce \u015bwiat jest pi\u0119kny i pe\u0142en niesamowitych miejsc, kt\u00f3re warto zobaczy\u0107 na w\u0142asne oczy. To, odwa\u017c si\u0119 na prawdziw\u0105 przygod\u0119 i wyp\u0142y\u0144 w jeden z niezapomnianych rejs\u00f3w na drugi koniec \u015bwiata. Rejs na Antarktyd\u0119 lub z Miami do Los Angeles przez Kana\u0142 Panamski, rejs po Karaibach czy Nilu to kierunki, kt\u00f3re \u017cadnego podr\u00f3\u017cnika nie pozostawi\u0105 oboj\u0119tnym. W artykule polecamy cztery sprawdzone i docenione przez klient\u00f3w rejsy od biura podr\u00f3\u017cy Albatros, kt\u00f3re to od wielu lat specjalizuje si\u0119 w rejsach turystycznych w najdalsze zak\u0105tki globu. Zapraszamy!", "link": "https://businessinsider.com.pl/lifestyle/podroze/wyplyn-w-rejs-po-karaibach-na-antarktyde-kanalem-panamskim-lub-nilem/05pm69k", "date_published": "2023-07-02T10:00:00+00:00", "persistent": false, "dead": false, "user": null, "language": "pl-PL"}, {"source": "https://businessinsider.com.pl/.feed", "title": "\"Inkluzywna dywidenda\". Firmy przyjazne LGBTQ+ maj\u0105 wy\u017csz\u0105 rentowno\u015b\u0107", "description": "Polska gospodarka traci nawet 9,5 mld z\u0142 rocznie na dyskryminacji spo\u0142eczno\u015bci LGBTQ+. Poszerzenie jej praw o zaledwie 10 proc. doprowadzi\u0142oby do wzrostu PKB na mieszka\u0144ca o 15 tys. 500 z\u0142 \u2014 wynika z danych Open for Business, koalicji firm dzia\u0142aj\u0105cej na rzecz os\u00f3b LGBTQ+ w \u015brodowisku zawodowym. W rozmowie z Business Insider Polska CEO organizacji Dominic Arnall t\u0142umaczy, co mo\u017ce zrobi\u0107 biznes na rzecz pracownik\u00f3w reprezentuj\u0105cych a\u017c 5 proc. populacji i opowiada, jak zmienia si\u0119 sytuacja zawodowa os\u00f3b LGBTQ+ w Polsce.", "link": "https://businessinsider.com.pl/biznes/inkluzywna-dywidenda-firmy-przyjazne-lgbtq-maja-wyzsza-rentownosc/ble65np", "date_published": "2023-07-02T09:59:47+00:00", "persistent": false, "dead": false, "user": null, "language": "pl-PL"}, {"source": "https://businessinsider.com.pl/.feed", "title": "Sztuczna inteligencja pomaga w randkowaniu. Nowe badania", "description": "Wed\u0142ug badania, m\u0119\u017cczy\u017ani u\u017cywaj\u0105 sztucznej inteligencji, aby umawia\u0107 si\u0119 na wi\u0119cej randek. Sztuczna inteligencja pomaga im tworzy\u0107 lepsze profile i spersonalizowane wiadomo\u015bci, kt\u00f3re wysy\u0142aj\u0105 do potencjalnych partner\u00f3w i partnerek.", "link": "https://businessinsider.com.pl/technologie/sztuczna-inteligencja-pomaga-w-randkowaniu-nowe-badania/60924dz", "date_published": "2023-07-02T09:11:00+00:00", "persistent": false, "dead": false, "user": null, "language": "pl-PL"}, {"source": "https://businessinsider.com.pl/.feed", "title": "Zostawcie Titanica. Oto najciekawsze wraki polskich w\u00f3d", "description": "Wrak Titanica od dekad rozpala wyobra\u017ani\u0119 poszukiwaczy przyg\u00f3d i mi\u0142o\u015bnik\u00f3w statk\u00f3w. Ostatnia pr\u00f3ba dop\u0142yni\u0119cia do wraku sko\u0144czy\u0142a si\u0119 niestety tragicznie. Ale r\u00f3wnie\u017c w Polsce mamy wiele ciekawych wrak\u00f3w \u2013 jest w\u015br\u00f3d nich nawet nazistowski lotniskowiec! Dobr\u0105 wiadomo\u015bci\u0105 jest to, \u017ce aby obejrze\u0107 wiele polskich pozosta\u0142o\u015bci po znanych statkach, nie trzeba w og\u00f3le ryzykowa\u0107.", "link": "https://businessinsider.com.pl/wiadomosci/zostawcie-titanica-oto-najciekawsze-wraki-polskich-wod/7cz845g", "date_published": "2023-07-02T09:02:35+00:00", "persistent": false, "dead": false, "user": null, "language": "pl-PL"}, {"source": "https://businessinsider.com.pl/.feed", "title": "Tyle jednostek przep\u0142yn\u0119\u0142o przez Mierzej\u0119", "description": "Przez kana\u0142 \u017ceglugowy przez Mierzej\u0119 Wi\u015blan\u0105 przep\u0142yn\u0119\u0142o od momentu otwarcia nowej drogi wodnej blisko tysi\u0105c jednostek. Urz\u0105d Morski w Gdyni przypomina o zasadach bezpiecznej przeprawy.", "link": "https://businessinsider.com.pl/wiadomosci/tyle-jednostek-przeplynelo-przez-mierzeje/zkqjp67", "date_published": "2023-07-02T08:52:47+00:00", "persistent": false, "dead": false, "user": null, "language": "pl-PL"}, {"source": "https://businessinsider.com.pl/.feed", "title": "1200 m kw. powierzchni. Latanie z banerem reklamowym wcale nie jest takie proste", "description": "Trudno nie obr\u00f3ci\u0107 g\u0142owy za samolotem, za kt\u00f3rym przemieszcza si\u0119 gigantyczny baner. A jak to wygl\u0105da od strony tych, kt\u00f3rzy ci\u0105gn\u0105 za sob\u0105 t\u0119 p\u0142acht\u0119 materia\u0142u?", "link": "https://businessinsider.com.pl/wideo/latanie-z-banerem-reklamowym-wcale-nie-jest-takie-proste-1200-m-kw-powierzchni/c2wvfxc", "date_published": "2023-07-02T08:21:00+00:00", "persistent": false, "dead": false, "user": null, "language": "pl-PL"}, {"source": "https://businessinsider.com.pl/.feed", "title": "Finowie z przytupem weszli do NATO. Ameryka\u0144skie Zielone Berety ju\u017c podaj\u0105 ich za przyk\u0142ad", "description": "Ameryka\u0144skie Zielone Berety uwa\u017caj\u0105 \u017co\u0142nierzy Finlandii, najnowszego kraju cz\u0142onkowskiego NATO, za \"mentor\u00f3w\" w walce w trudnych zimowych warunkach. Przoduje tu pu\u0142k jegr\u00f3w z garnizonu w Utti.", "link": "https://businessinsider.com.pl/wiadomosci/finowie-z-przytupem-weszli-do-nato-zielone-berety-juz-podaja-ich-na-przyklad/vhw6qxh", "date_published": "2023-07-02T08:17:45+00:00", "persistent": false, "dead": false, "user": null, "language": "pl-PL"}, {"source": "https://businessinsider.com.pl/.feed", "title": "Kolejne problemy Rosji. Najwa\u017cniejszy targ odwo\u0142any", "description": "Rosja odwo\u0142a\u0142a tegoroczn\u0105 edycj\u0119 najwa\u017cniejszych w tym kraju mi\u0119dzynarodowych targ\u00f3w lotniczo-kosmicznych \u2014 MAKS, co wpisuje si\u0119 w szereg problem\u00f3w, z jakimi zmaga si\u0119 rosyjski sektor lotniczo-kosmiczny \u2014 przekaza\u0142o w niedziel\u0119 brytyjskie ministerstwo obrony.", "link": "https://businessinsider.com.pl/wiadomosci/kolejne-problemy-rosji-najwazniejszy-targ-odwolany/5hf92mt", "date_published": "2023-07-02T07:56:40+00:00", "persistent": false, "dead": false, "user": null, "language": "pl-PL"}, {"source": "https://businessinsider.com.pl/.feed", "title": "Zwierzak w cenie poka\u017anej nieruchomo\u015bci. Ceny ps\u00f3w i kot\u00f3w zwalaj\u0105 z n\u00f3g", "description": "Pewien Chi\u0144czyk zap\u0142aci\u0142 za psa w 2014 r. rekordowe 2 mln dol. Rasa, kt\u00f3r\u0105 wybra\u0142, jest najdro\u017csz\u0105 ras\u0105 na \u015bwiecie. Chi\u0144ski nabywca pobi\u0142 poprzedni rekord. Ten nale\u017ca\u0142 do m\u0119\u017cczyzny, kt\u00f3ry zap\u0142aci\u0142 za szczeniaka 1,5 mln dol.", "link": "https://businessinsider.com.pl/biznes/zwierzak-w-cenie-pokaznej-nieruchomosci-ceny-psow-i-kotow-zwalaja-z-nog/t5heqpz", "date_published": "2023-07-02T07:08:22+00:00", "persistent": false, "dead": false, "user": null, "language": "pl-PL"}, {"source": "https://businessinsider.com.pl/.feed", "title": "Tych kredyt\u00f3w ju\u017c nie ma, ale banki i tak si\u0119 boj\u0105. Mo\u017ce ruszy\u0107 kolejna fala pozw\u00f3w", "description": "Frankowicze podwa\u017caj\u0105 w s\u0105dach nie tylko czynne umowy kredytowe, ale tak\u017ce te sp\u0142acone. Na razie liczba takich spraw jest stosunkowo niewielka, ale korzystny dla kredytobiorc\u00f3w wyrok Trybuna\u0142u Sprawiedliwo\u015bci Unii Europejskiej najprawdopodobniej j\u0105 zwi\u0119kszy. Pytanie tylko w jakim stopniu i jaki koszt ponios\u0105 banki.", "link": "https://businessinsider.com.pl/finanse/tych-kredytow-juz-nie-ma-ale-banki-i-tak-sie-boja-kolejna-fala-pozwow/w23w01e", "date_published": "2023-07-02T07:03:48+00:00", "persistent": false, "dead": false, "user": null, "language": "pl-PL"}, {"source": "https://businessinsider.com.pl/.feed", "title": "Zajrzyjcie do Wymarzonego Domu Barbie w Malibu \u2013 jest kiczowaty, w\u015bciekle r\u00f3\u017cowy i dost\u0119pny do wynaj\u0119cia", "description": "Naturalnej wielko\u015bci replika willi najs\u0142awniejszej lalki pojawia si\u0119 ponownie na Airbnb. Nocleg b\u0119dzie bezp\u0142atny.", "link": "https://businessinsider.com.pl/wiadomosci/wymarzony-dom-barbie-w-malibu-jest-kiczowaty-wsciekle-rozowy-i-do-wynajecia/l82e5yx", "date_published": "2023-07-02T06:59:00+00:00", "persistent": false, "dead": false, "user": null, "language": "pl-PL"}]