[{"source": "https://www.youtube.com/feeds/videos.xml?channel_id=UC5UAwBUum7CPN5buc-_N1Fw", "title": "Kernel 6.4 boosts AMD, FOSS Nvidia Driver, Wayland gaming improvements:  Linux & Open Source News", "description": "Get 100$ credit for your own Linux and gaming server: https://www.linode.com/linuxexperiment \n\nGrab a brand new laptop or desktop running Linux: https://www.tuxedocomputers.com/en#\n\n\ud83d\udc4f SUPPORT THE CHANNEL:\nGet access to a weekly podcast, vote on the next topics I cover, and get your name in the credits:\n\nYouTube: https://www.youtube.com/@thelinuxexp/join\nPatreon: https://www.patreon.com/thelinuxexperiment\nLiberapay: https://liberapay.com/TheLinuxExperiment/\n\nOr, you can donate whatever you want: https://paypal.me/thelinuxexp\n\n\ud83d\udc55 GET TLE MERCH\nSupport the channel AND get cool new gear: https://the-linux-experiment.creator-spring.com/\n\n\ud83c\udf99\ufe0f LINUX AND OPEN SOURCE NEWS PODCAST:\nListen to the latest Linux and open source news, with more in depth coverage, and ad-free!  https://podcast.thelinuxexp.com\n\n\ud83c\udfc6 FOLLOW ME ELSEWHERE:\nWebsite: https://thelinuxexp.com\nMastodon: https://mastodon.social/web/@thelinuxEXP\nPixelfed: https://pixelfed.social/TLENick\nPeerTube: https://tilvids.com/c/thelinuxexperiment_channel/videos\nDiscord: https://discord.gg/XMuQrcYd\n\n\n00:00 Intro\n00:35 Sponsor: 100$ free credit for your Linux and Gaming server\n01:34 Kernel 6.4 brings big AMD improvements\n03:36 FOSS NVK driver makes good progress\n05:07 GNOME fixes Wayland gaming\n07:05 KDE Weekly Updates\n08:24 SFC thinks Red Hat skirts the line with the GPL\n10:16 New Installer might debut in Fedora 39\n11:37 Gaming News: AMD driver improvements, Valve hiring, and more\n13:46 Sponsor: Get a PC that was made to run Linux\n14:47 Support the channel\n\n\n\nLinux Kernel 6.4 brings big AMD improvements\n\nhttps://www.phoronix.com/news/AMD-P-State-Guided-Auto\n\nhttps://www.omgubuntu.co.uk/2023/06/linux-kernel-6-4-features\n\nhttps://news.itsfoss.com/linux-kernel-6-4/\n\nFOSS NVK driver makes good progress\n\nhttps://9to5linux.com/open-source-nvidia-vulkan-driver-nvk-now-supports-older-gpus-new-extensions\n\nhttps://www.collabora.com/news-and-blog/news-and-events/nvk-update-enabling-new-extensions-conformance-status-more.html\n\nGNOME fixes Wayland gaming\n\nhttps://www.phoronix.com/news/Mutter-Wayland-Gaming-No-Block\nhttps://gitlab.gnome.org/GNOME/mutter/-/merge_requests/3080\n\nhttps://thisweek.gnome.org/posts/2023/06/twig-102/\n\nKDE weekly updates\n\nhttps://pointieststick.com/2023/06/30/this-week-in-kde-plasma-6-development-continues/\n\nThe Software Freedom Conservancy thinks Red Hat skirts the line with the GPL\n\nhttps://sfconservancy.org/blog/2023/jun/23/rhel-gpl-analysis/\n\nNew Installer might debut in Fedora 39\n\nhttps://9to5linux.com/fedora-linux-39-workstation-to-ship-with-a-more-modern-installer\n\nGaming News: AMD driver improvements, Valve hiring, and more\n\nhttps://www.gamingonlinux.com/2023/06/amd-radv-gets-feature-to-help-emulation-and-translation-layers/\n\nhttps://www.gamingonlinux.com/2023/06/valve-pulls-in-another-graphics-driver-developer-for-linux-gaming/\n\nhttps://gitlab.winehq.org/wine/wine/-/merge_requests/2944", "link": "https://www.youtube.com/watch?v=uyAYFKcNhbs", "date_published": "2023-07-02T15:35:33+00:00", "persistent": false, "dead": false, "user": null, "language": "en-US"}]