[{"source": "https://www.youtube.com/feeds/videos.xml?channel_id=UCl2mFZoRqjw_ELax4Yisf6w", "title": "A video about forced arbitration, sponsored by ZOOM! \ud83d\ude00", "description": "Zoom: https://explore.zoom.us/en/terms/\nJitsi: https://jitsi.org/meet-jit-si-terms-of-service/\n\nWhich would you trust more with your communications?", "link": "https://www.youtube.com/watch?v=Nzt0tzsaWDE", "date_published": "2023-07-02T15:51:01+00:00", "persistent": false, "dead": false, "user": null, "language": "en-US"}]