[{"source": "https://www.youtube.com/feeds/videos.xml?channel_id=UCnQC_G5Xsjhp9fEJKuIcrSw", "title": "Rare, a Funny Comedian \ud83e\udd14", "description": "1\ufe0f\u20e3 Click here to join the member exclusive portion of my show: https://get.dailywireplus.com/member-block/ben-shapiro\n\n2\ufe0f\u20e3 Become a DailyWire+ member to gain access to movies, shows, documentaries, and more: https://bit.ly/3lfVtwK \n\n\ud83d\udc55 Get your Ben Shapiro merch here: https://bit.ly/3TAu2cw\n\n#BenShapiro #TheBenShapiroShow #News #Politics #DailyWire #shortsfeed #shorts #reaction #comedy #comedian #funnyreaction #viral", "link": "https://www.youtube.com/watch?v=O0a2OK6tRTg", "date_published": "2023-07-02T22:30:02+00:00", "persistent": false, "dead": false, "user": null, "language": "en-US"}]