[{"source": "https://www.youtube.com/feeds/videos.xml?channel_id=UCTTZqMWBvLsUYqYwKTdjvkw", "title": "Oszustwa w grach", "description": "\ud83d\udd79\ufe0f\u00a0Pewnie wielu z Was, tak jak ja, lubi gra\u0107 w r\u00f3\u017cne gry. No ale przecie\u017c nie po to, \u017ceby ci\u0105gle przegrywa\u0107. O ile w takiego tenisa czy innego squasha trzeba si\u0119 solidnie napoci\u0107, \u017ceby sta\u0107 si\u0119 nieco lepszym, to w wielu przypadkach istniej\u0105 pewne drogi na skr\u00f3ty. Opowiem Wam dzisiaj o tym jak dzia\u0142aj\u0105 r\u00f3\u017cne oszustwa w grach. Jakie metody stosuje si\u0119, \u017ceby zdoby\u0107 nieuczciwie przewag\u0119? Czy zawsze trzeba wykorzystywa\u0107 do tego dodatkowe oprogramowanie? A przede wszystkim - dlaczego w og\u00f3le nie warto tego robi\u0107?\n \n\u0179r\u00f3d\u0142a:\n\ud83c\udfae Comparative Study of Anti-cheat Methods in Video Games, S. Lehtonen\nhttps://tinyurl.com/332zsyfy\n\n\ud83d\udcb0 Full list of all Twitch payouts (Twitch leaks)\nhttps://tinyurl.com/5d9ytjdk\n\n\ud83c\udfdd\ufe0f Pwn Adventure 3: Pwnie Island\nhttps://www.pwnadventure.com\n\n\ud83d\udc80 Malware hidden in Call of Duty cheat software proves that cheaters never prosper\nhttps://tinyurl.com/2s48pu5h\n \nJe\u017celi nie ufasz skracanym linkom (bardzo dobrze!) to dodaj na ich ko\u0144cu plusik \u2018+\u2019.\nW ten spos\u00f3b podejrzysz na stronie bit.ly/tinyurl dok\u0105d prowadz\u0105.\n \nRelevant xkcd: https://xkcd.com/606/\n \n\u00a9 Wszystkie znaki handlowe nale\u017c\u0105 do ich prawowitych w\u0142a\u015bcicieli.\n\u2764\ufe0f Dzi\u0119kuj\u0119 za Wasz\u0105 uwag\u0119.\n \nZnajdziecie mnie r\u00f3wnie\u017c na:\nInstagramie @mateuszemsi https://www.instagram.com/mateuszemsi/ \nTwitterze @MateuszChrobok https://twitter.com/MateuszChrobok \nMastodonie https://infosec.exchange/@mateuszchrobok \nLinkedInie @mateuszchrobok https://www.linkedin.com/in/mateuszchrobok/ \nPatronite @MateuszChrobok https://patronite.pl/MateuszChrobok\nPodcasty na: \nAnchor https://anchor.fm/mateusz-chrobok \nSpotify https://open.spotify.com/show/6y6oWs20HwRejktOWHTteR \nApple Podcasts https://apple.co/3OwjvOh\n \nRozdzia\u0142y:\n00:00 Intro\n01:27 Oszukiwanie\n06:39 Grind\n09:09 Czas\n12:43 Boty\n14:56 Wygrana\n16:58 Co Robi\u0107 i Jak \u017by\u0107?\n \n#cheater #oszustwo #gry #multiplayer #cheat", "link": "https://www.youtube.com/watch?v=2Zjld_nVBLk", "date_published": "2023-07-02T16:00:02+00:00", "persistent": false, "dead": false, "user": null, "language": "pl-PL"}]