[{"source": "https://www.wired.com/feed/category/business/latest/rss", "title": "A Crypto Micronation\u2019s Future Hangs on a Border Dispute", "description": "An ultra-libertarian Balkan \u201ccountry\u201d called Liberland celebrated its eighth anniversary with a boat party and a barbecue, but no one lives there.", "link": "https://www.wired.com/story/liberland-crypto-micronation-border-dispute/", "date_published": "2023-07-02T06:00:00+00:00", "persistent": false, "dead": false, "user": null, "language": "en-US"}]