[{"source": "https://forsal.pl/.feed", "title": "Zamieszki we Francji. Kanclerz Scholz nie spodziewa si\u0119 podobnej sytuacji w Niemczech", "description": "<img align=\"right\" hspace=\"5\" src=\"https://ocdn.eu/pulscms-transforms/1/RZJktkuTURBXy85Mzk2YWU1OS01ZWNlLTRkYjAtOWJlOC0wNWQ3YmNlMTkzNDkuanBlZ5GTBc0BHcyg\" />Niemcom nie zagra\u017caj\u0105 takie zamieszki, jakie maj\u0105 miejsce w ostatnich dniach we Francji \u2013 stwierdzi\u0142 w niedziel\u0119 podczas rozmowy z ARD kanclerz Olaf Scholz. Szef rz\u0105du wyrazi\u0142 przy tym zrozumienie dla decyzji prezydenta Emmanuel Macrona o odwo\u0142aniu wizyty pa\u0144stwowej w Niemczech.", "link": "https://forsal.pl/swiat/unia-europejska/artykuly/8745230,zamieszki-we-francji-kanclerz-scholz-nie-spodziewa-sie-podobnej-sytua.html", "date_published": "2023-07-02T20:18:05+00:00", "persistent": false, "dead": false, "user": null, "language": "pl-PL"}, {"source": "https://forsal.pl/.feed", "title": "Brytyjska policja zyska\u0142a wi\u0119ksze uprawnienia do pacyfikacji protest\u00f3w aktywist\u00f3w klimatycznych", "description": "<img align=\"right\" hspace=\"5\" src=\"https://ocdn.eu/pulscms-transforms/1/-d5ktkuTURBXy84ZjkyOTZhMS1iMjkyLTRhNTktYTQxZi02MWRhMzA5ZGI0YTkuanBlZ5GTBc0BHcyg\" />Policja w Anglii i Walii zyska\u0142a w niedziel\u0119 nowe uprawnienia, kt\u00f3re s\u0105 wymierzone w niekt\u00f3re z metod stosowanych podczas protest\u00f3w, zw\u0142aszcza przez aktywist\u00f3w klimatycznych z takich grup jak Extinction Rebellion czy Just Stop Oil.", "link": "https://forsal.pl/swiat/brexit/artykuly/8745229,brytyjska-policja-zyskala-wieksze-uprawnienia-do-pacyfikacji-protestow.html", "date_published": "2023-07-02T20:09:56+00:00", "persistent": false, "dead": false, "user": null, "language": "pl-PL"}, {"source": "https://forsal.pl/.feed", "title": "Cz\u0119\u015b\u0107 pracownik\u00f3w Rosatomu wyjecha\u0142a z miasta obok Zaporoskiej Elektrowni Atomowej", "description": "<img align=\"right\" hspace=\"5\" src=\"https://ocdn.eu/pulscms-transforms/1/mwXktkuTURBXy82ZGRjODU1YS02ZDZmLTRlZTktOTEyNS1hZTgxZTk1NjU2YjIuanBlZ5GTBc0BHcyg\" />Z okupowanego miasta Enerhodar wyjecha\u0142a cz\u0119\u015b\u0107 pracownik\u00f3w rosyjskiego koncernu Rosatom przywiezionych wcze\u015bniej do Zaporoskiej Elektrowni Atomowej, a tak\u017ce cz\u0119\u015b\u0107 ukrai\u0144skich pracownik\u00f3w, kt\u00f3rzy kolaborowali z Rosjanami - powiadomi\u0142 w niedziel\u0119 mer miasta Dmytro Or\u0142ow. Poprzedniego dnia prezydent Wo\u0142odymyr Ze\u0142enski ostrzeg\u0142, \u017ce Rosjanie mog\u0105 dokona\u0107 zdalnej detonacji w si\u0142owni w momencie, gdy znajdzie si\u0119 ju\u017c ona w r\u0119kach ukrai\u0144skich.", "link": "https://forsal.pl/swiat/ukraina/artykuly/8745228,czesc-pracownikow-rosatomu-wyjechala-z-miasta-obok-zaporoskiej-elektro.html", "date_published": "2023-07-02T20:00:20+00:00", "persistent": false, "dead": false, "user": null, "language": "pl-PL"}, {"source": "https://forsal.pl/.feed", "title": "Zamieszki we Francji. Babcia zastrzelonego Nahela zaapelowa\u0142a o zako\u0144czenie zamieszek", "description": "<img align=\"right\" hspace=\"5\" src=\"https://ocdn.eu/pulscms-transforms/1/IqEktkuTURBXy81MTE3ZjZkYS1kMTFkLTRkOTQtODE0NS0wMTE4YjIxNzVjOTYuanBlZ5GTBc0BHcyg\" />Chc\u0119, \u017ceby to si\u0119 sko\u0144czy\u0142o \u2013 m\u00f3wi Nadia, babcia zastrzelonego przez policjanta we wtorek 17-latka. Kobieta wzywa wszystkich do zaprzestania zamieszek, kt\u00f3re wstrz\u0105saj\u0105 francuskimi przedmie\u015bciami od \u015bmierci jej wnuka.", "link": "https://forsal.pl/swiat/unia-europejska/artykuly/8745225,zamieszki-we-francji-babcia-zastrzelonego-nahela-zaapelowala-o-zakonc.html", "date_published": "2023-07-02T19:51:39+00:00", "persistent": false, "dead": false, "user": null, "language": "pl-PL"}, {"source": "https://forsal.pl/.feed", "title": "Wielka Brytania: Mieszka\u0144cy archipelagu Orkad\u00f3w rozwa\u017caj\u0105 przej\u015bcie pod zwierzchnictwo Norwegii", "description": "<img align=\"right\" hspace=\"5\" src=\"https://ocdn.eu/pulscms-transforms/1/QECktkuTURBXy8zNzFhMzQxMS01NTljLTQ1YmMtYTI0Ni03M2ZkMzk2ZDY1YWYuanBlZ5GTBc0BHcyg\" />W\u0142adze szkockiego archipelagu Orkad\u00f3w b\u0119d\u0105 we wtorek debatowa\u0107 nad wnioskiem o &quot;zbadanie alternatywnych form zarz\u0105dzania&quot;, co mo\u017ce obejmowa\u0107 zmian\u0119 statusu w ramach Wielkiej Brytanii, a nawet przej\u015bcie pod zwierzchnictwo Norwegii - poda\u0142a w niedziel\u0119 stacja BBC,", "link": "https://forsal.pl/swiat/brexit/artykuly/8745223,wielka-brytania-mieszkancy-archipelagu-orkadow-rozwazaja-przejscie-po.html", "date_published": "2023-07-02T19:47:01+00:00", "persistent": false, "dead": false, "user": null, "language": "pl-PL"}, {"source": "https://forsal.pl/.feed", "title": "Zamieszki we Francji: Trzech funkcjonariuszy zosta\u0142o zranionych. Wszcz\u0119to \u015bledztwo ws. usi\u0142owania zab\u00f3jstwa", "description": "<img align=\"right\" hspace=\"5\" src=\"https://ocdn.eu/pulscms-transforms/1/XtsktkuTURBXy8zNzYwZTUyMC0zODdkLTQxN2ItYWE2Yi1iYTI1ZTYwODI3YzEuanBlZ5GTBc0BHcyg\" />Dw\u00f3ch funkcjonariuszy Brygady do Zwalczania Przest\u0119pczo\u015bci (BAC) zosta\u0142o w Pary\u017cu trafionych kulami o\u0142owianymi \u2013 poda\u0142a w niedziel\u0119 stacja CNews, powo\u0142uj\u0105c si\u0119 na \u017ar\u00f3d\u0142a w policji. Strzelano r\u00f3wnie\u017c do policjanta w Nimes. W niedziel\u0119 MSW ponownie zmobilizowa\u0142o 45 tys. policjant\u00f3w do t\u0142umienia zamieszek.", "link": "https://forsal.pl/swiat/unia-europejska/artykuly/8745136,zamieszki-we-francji-trzech-funkcjonariuszy-zostalo-zranionych-wszcz.html", "date_published": "2023-07-02T18:23:20+00:00", "persistent": false, "dead": false, "user": null, "language": "pl-PL"}, {"source": "https://forsal.pl/.feed", "title": "Zamieszki we Francji przenios\u0142y si\u0119 do Szwajcarii. Policja aresztowa\u0142a siedem os\u00f3b", "description": "<img align=\"right\" hspace=\"5\" src=\"https://ocdn.eu/pulscms-transforms/1/u59ktkuTURBXy83MjNkNDQ4Yi05MWRmLTQwM2MtYjYxMy03Mjc0ZmNmOWZlNGQuanBlZ5GTBc0BHcyg\" />Sze\u015bcioro nastolatk\u00f3w i jedna osoba doros\u0142a zosta\u0142o aresztowanych po zniszczeniu sklep\u00f3w w Lozannie inspirowanym zamieszkami we Francji. W burdach uczestniczy\u0142o oko\u0142o 100 os\u00f3b - poinformowa\u0142a w niedziel\u0119 szwajcarska policja.", "link": "https://forsal.pl/swiat/bezpieczenstwo/artykuly/8745127,zamieszki-we-francji-przeniosly-sie-do-szwajcarii-policja-aresztowala.html", "date_published": "2023-07-02T17:48:32+00:00", "persistent": false, "dead": false, "user": null, "language": "pl-PL"}, {"source": "https://forsal.pl/.feed", "title": "Joe Biden pojedzie na szczyt NATO do Wilna", "description": "<img align=\"right\" hspace=\"5\" src=\"https://ocdn.eu/pulscms-transforms/1/qYBktkuTURBXy9lNmQxY2FkNS1hOWM2LTRkOGUtOWVkZi0yMDE1ZTAxMWE3NzYuanBlZ5GTBc0BHcyg\" />Prezydent Joe Biden pod koniec tygodnia uda si\u0119 do Europy; g\u0142\u00f3wnym celem jego podr\u00f3\u017cy b\u0119dzie szczyt NATO w Wilnie. Planowane s\u0105 r\u00f3wnie\u017c wizyty prezydenta USA w Finlandii, aby upami\u0119tni\u0107 jej wst\u0105pienie do sojuszu, oraz w Wielkiej Brytanii - og\u0142osi\u0142 w niedziel\u0119 Bia\u0142y Dom.", "link": "https://forsal.pl/swiat/bezpieczenstwo/artykuly/8745121,joe-biden-pojedzie-na-szczyt-nato-do-wilna.html", "date_published": "2023-07-02T17:33:18+00:00", "persistent": false, "dead": false, "user": null, "language": "pl-PL"}, {"source": "https://forsal.pl/.feed", "title": "Psychodeliki na recept\u0119. Australia jako pierwszy kraj zalegalizowa\u0142a je do leczenia depresji", "description": "<img align=\"right\" hspace=\"5\" src=\"https://ocdn.eu/pulscms-transforms/1/lIVktkuTURBXy9lZWE2OGEwNC05Njg1LTQzMTQtYTQyMy02NzhkYWVlMmM3YTUuanBlZ5GTBc0BHcyg\" />Australia staje si\u0119 pierwszym krajem, kt\u00f3ry zalegalizowa\u0142 medyczne psychodeliki MDMA i psylocybin\u0119; mog\u0105 one by\u0107 teraz legalnie przepisywane w leczeniu niekt\u00f3rych uporczywych schorze\u0144 psychicznych, m.in. depresji - poinformowa\u0142 w niedziel\u0119 Sky News.", "link": "https://forsal.pl/lifestyle/zdrowie/artykuly/8745119,psychodeliki-na-recepte-australia-jako-pierwszy-kraj-zalegalizowala-j.html", "date_published": "2023-07-02T17:28:12+00:00", "persistent": false, "dead": false, "user": null, "language": "pl-PL"}, {"source": "https://forsal.pl/.feed", "title": "Reuters: Nale\u017c\u0105cy do Prigo\u017cyna holding medialny Patriot zosta\u0142 zamkni\u0119ty", "description": "<img align=\"right\" hspace=\"5\" src=\"https://ocdn.eu/pulscms-transforms/1/RmYktkuTURBXy8zOTQ2YWEzZC1lMDkzLTQ1NTctYTg1MS1lMTBjMTM4ZGZjMWMuanBlZ5GTBc0BHcyg\" />Holding medialny Patriot nale\u017c\u0105cy do Jewgienija Prigo\u017cyna poinformowa\u0142 o swoim zamkni\u0119ciu - poda\u0142a w niedziel\u0119 agencja Reutera. Media tego holdingu zosta\u0142y zablokowane przez w\u0142adze po buncie Prigo\u017cyna i jego Grupy Wagnera przeciwko ministerstwu obrony Rosji.", "link": "https://forsal.pl/swiat/rosja/artykuly/8745117,reuters-nalezacy-do-prigozyna-holding-medialny-patriot-zostal-zamknie.html", "date_published": "2023-07-02T17:18:18+00:00", "persistent": false, "dead": false, "user": null, "language": "pl-PL"}, {"source": "https://forsal.pl/.feed", "title": "Zamieszki we Francji: Iran wzywa Francj\u0119 do \u201ezako\u0144czenia brutalnego traktowania\u201d obywateli", "description": "<img align=\"right\" hspace=\"5\" src=\"https://ocdn.eu/pulscms-transforms/1/V2QktkuTURBXy83Nzg0NzM5My1iYmJiLTRjZDQtOWJhMy0yMTllZmQ3MTQ2ZWEuanBlZ5GTBc0BHcyg\" />W\u0142adze Iranu, znane z bezwzgl\u0119dno\u015bci w t\u0142umieniu protest\u00f3w, zaapelowa\u0142y w niedziel\u0119 do francuskiego rz\u0105du o \u201ezako\u0144czenie brutalnego traktowania\u201d swojej ludno\u015bci, \u201eposzanowania zasad godno\u015bci ludzkiej\u201d i \u201eokazania pow\u015bci\u0105gliwo\u015bci\u201d w kryzysie wywo\u0142anym \u015bmierci\u0105 zabitego przez policjanta m\u0142odego m\u0119\u017cczyzny.", "link": "https://forsal.pl/swiat/unia-europejska/artykuly/8745110,zamieszki-we-francji-iran-wzywa-francje-do-zakonczenia-brutalnego-tr.html", "date_published": "2023-07-02T17:07:27+00:00", "persistent": false, "dead": false, "user": null, "language": "pl-PL"}, {"source": "https://forsal.pl/.feed", "title": "Zamieszki we Francji: Ambasada RP we Francji zaleca ostro\u017cno\u015b\u0107 i unikanie miejsc protest\u00f3w", "description": "<img align=\"right\" hspace=\"5\" src=\"https://ocdn.eu/pulscms-transforms/1/EVRktkuTURBXy8wMWY4YjhlMC0zZjVjLTRlMTItYjlhYy00ZTg5NzE1OTJjYzkuanBlZ5GTBc0BHcyg\" />W zwi\u0105zku z zamieszkami w aglomeracji paryskiej i wi\u0119kszych miastach Francji ambasada RP w Pary\u017cu zaleca zachowanie ostro\u017cno\u015bci, szczeg\u00f3lnie wieczorem i noc\u0105, unikanie miejsc protest\u00f3w, stosowanie si\u0119 do zalece\u0144 s\u0142u\u017cb i uwzgl\u0119dnienie mo\u017cliwych przerw w dzia\u0142aniu komunikacji.", "link": "https://forsal.pl/swiat/bezpieczenstwo/artykuly/8745105,zamieszki-we-francji-ambasada-rp-we-francji-zaleca-ostroznosc-i-unika.html", "date_published": "2023-07-02T17:00:49+00:00", "persistent": false, "dead": false, "user": null, "language": "pl-PL"}, {"source": "https://forsal.pl/.feed", "title": "\"WSJ\": Brazylijskie paszporty u\u0142atwiaj\u0105 rosyjskim szpiegom dzia\u0142ania na Zachodzie", "description": "<img align=\"right\" hspace=\"5\" src=\"https://ocdn.eu/pulscms-transforms/1/veEktkuTURBXy9lNDJkNDZlNC1iM2ViLTQ1ZDctODZhYy0xNzE1MzkxNDJkY2QuanBlZ5GTBc0BHcyg\" />Rosyjscy szpiedzy dzia\u0142aj\u0105cy m.in. w Stanach Zjednoczonych i Norwegii pos\u0142uguj\u0105 si\u0119 nielegalnie zdobytymi paszportami brazylijskimi. W Brazylii w\u0142adze badaj\u0105, czy Moskwa wykorzystuje ten kraj jako inkubator dla tajnych agent\u00f3w, kt\u00f3rzy b\u0119d\u0105 infiltrowa\u0107 Zach\u00f3d \u2013 pisze w niedziel\u0119 &quot;Wall Street Journal&quot;.", "link": "https://forsal.pl/swiat/rosja/artykuly/8745100,wsj-brazylijskie-paszporty-ulatwiaja-rosyjskim-szpiegom-dzialania-n.html", "date_published": "2023-07-02T16:54:11+00:00", "persistent": false, "dead": false, "user": null, "language": "pl-PL"}, {"source": "https://forsal.pl/.feed", "title": "Premier Saksonii sprzeciwi\u0142 si\u0119 ca\u0142kowitemu zakazowi sprowadzania gazu z Rosji", "description": "<img align=\"right\" hspace=\"5\" src=\"https://ocdn.eu/pulscms-transforms/1/ypQktkuTURBXy85ZWYwN2Q0Ny1lMDhiLTQ3YTktOTBjOC1iNWUyNWMxYWI1OTguanBlZ5GTBc0BHcyg\" />Premier Saksonii Michael Kretschmer (CDU) naciska na rozwi\u0105zania dyplomatyczne wobec Ukrainy, poniewa\u017c nie chce, aby \u201edroga do rosyjskiego gazu zosta\u0142a zablokowana na d\u0142u\u017csz\u0105 met\u0119\u201d \u2013 informuje w niedziel\u0119 portal \u201eTagesschau\u201d. Jego zdaniem, reforma energetyczna w Niemczech nie powiod\u0142a si\u0119.", "link": "https://forsal.pl/biznes/energetyka/artykuly/8745008,premier-saksonii-sprzeciwil-sie-calkowitemu-zakazowi-sprowadzania-gazu.html", "date_published": "2023-07-02T16:36:15+00:00", "persistent": false, "dead": false, "user": null, "language": "pl-PL"}, {"source": "https://forsal.pl/.feed", "title": "Ukrai\u0144sko-litewska sztafeta niesie flag\u0119 z Bachmutu na szczyt NATO w Wilnie", "description": "<img align=\"right\" hspace=\"5\" src=\"https://ocdn.eu/pulscms-transforms/1/tP3ktkuTURBXy83YzdkMmY2Zi04N2ZlLTRkMmMtYjE2Yy02MzA0YWFkMDZjYTUuanBlZ5GTBc0BHcyg\" />Flaga Ukrainy, przekazana przez \u017co\u0142nierzy walcz\u0105cych z Rosjanami w Bachmucie na wschodzie kraju, niesiona przez biegaczy ukrai\u0144skich i litewskich zmierza do Wilna, gdzie 11 lipca rozpocznie si\u0119 szczyt NATO.", "link": "https://forsal.pl/swiat/ukraina/artykuly/8745004,ukrainsko-litewska-sztafeta-niesie-flage-z-bachmutu-na-szczyt-nato-w-w.html", "date_published": "2023-07-02T16:27:39+00:00", "persistent": false, "dead": false, "user": null, "language": "pl-PL"}, {"source": "https://forsal.pl/.feed", "title": "Izrael planuje zakup kolejnych 25 my\u015bliwc\u00f3w F-35", "description": "<img align=\"right\" hspace=\"5\" src=\"https://ocdn.eu/pulscms-transforms/1/vEUktkuTURBXy9hNzBjMTI4NS1lNGYyLTRkZWItYjYyNy1jOGJjMGMyMjBhZTEuanBlZ5GTBc0BHcyg\" />Izrael kupi 25 ameryka\u0144skich my\u015bliwc\u00f3w typu stealth F-35, zwi\u0119kszaj\u0105c swoj\u0105 flot\u0119 tych maszyn do 75 - poinformowa\u0142o w niedziel\u0119 izraelski resort obrony i wojsko. Warto\u015b\u0107 transakcji szacuje si\u0119 na 3 miliardy dolar\u00f3w i jest ona finansowana z funduszy pomocy wojskowej USA dla Izraela.", "link": "https://forsal.pl/swiat/artykuly/8744896,izrael-planuje-zakup-kolejnych-25-mysliwcow-f-35.html", "date_published": "2023-07-02T11:17:24+00:00", "persistent": false, "dead": false, "user": null, "language": "pl-PL"}, {"source": "https://forsal.pl/.feed", "title": "Wakacje to ciasny zakr\u0119t dla m\u0119\u017cczyzn. Nie odmieni\u0105 twojego \u017cycia [FELIETON]", "description": "<img align=\"right\" hspace=\"5\" src=\"https://ocdn.eu/pulscms-transforms/1/LK4ktkuTURBXy84NmQ1YWM3MS1kOTI3LTRmMTktOGU4MC0zN2JhODVmNWQxZjYuanBlZ5GTBc0BHcyg\" />Wakacje, wiadomo \u2013 ciasny zakr\u0119t dla m\u0119\u017cczyzn. Chcecie troch\u0119 postmodernistycznej filozofii psychobehawioralnej? Prosz\u0119: nie jed\u017a na wakacje, my\u015bl\u0105c, \u017ce uciekniesz od minus\u00f3w w\u0142asnego \u017cycia. Minusy i pojad\u0105 z tob\u0105, i wr\u00f3c\u0105 \u2013 \u017cal fors\u0119 wydawa\u0107.", "link": "https://forsal.pl/lifestyle/psychologia/artykuly/8744347,wakacje-to-ciasny-zakret-dla-mezczyzn-nie-odmienia-twojego-zycia-fel.html", "date_published": "2023-07-02T11:00:59+00:00", "persistent": false, "dead": false, "user": null, "language": "pl-PL"}, {"source": "https://forsal.pl/.feed", "title": "Czy polityki klimatyczne najmocniej uderzaj\u0105 w najs\u0142abszych ekonomicznie?", "description": "<img align=\"right\" hspace=\"5\" src=\"https://ocdn.eu/pulscms-transforms/1/N2BktkuTURBXy9hNTYwZmM5MS0wOGNkLTQ2OWItOTlmOC01MTdhNzdlZjg1ZmYuanBlZ5GTBc0BHcyg\" />Czy twierdzenie, \u017ce polityki klimatyczne najmocniej uderzaj\u0105 w najs\u0142abszych ekonomicznie, to demagogia? A mo\u017ce twardy fakt?", "link": "https://forsal.pl/gospodarka/artykuly/8744415,czy-polityki-klimatyczne-najmocniej-uderzaja-w-najslabszych-ekonomiczn.html", "date_published": "2023-07-02T11:00:11+00:00", "persistent": false, "dead": false, "user": null, "language": "pl-PL"}, {"source": "https://forsal.pl/.feed", "title": "Czy bunt Prigo\u017cina to pocz\u0105tek zawirowa\u0144 w Rosji podobnych do historii z 1917 roku?", "description": "<img align=\"right\" hspace=\"5\" src=\"https://ocdn.eu/pulscms-transforms/1/1xUktkuTURBXy9hN2RjMjhkYi04NTBhLTQ2NmYtOTc0NC1mYzQ5YjczZWFmNTUuanBlZ5GTBc0BHcyg\" />Kiedy w Piotrogrodzie przewr\u00f3t szykowali bolszewicy, rosyjscy patrioci uwierzyli, \u017ce imperium ocali\u0107 mo\u017ce tylko gen. Korni\u0142ow. Na pr\u00f3b\u0119 puczu zdoby\u0142 si\u0119 nie w por\u0119 i bez przygotowania", "link": "https://forsal.pl/swiat/rosja/artykuly/8744413,czy-bunt-prigozina-to-poczatek-zawirowan-w-rosji-podobnych-do-historii.html", "date_published": "2023-07-02T10:59:17+00:00", "persistent": false, "dead": false, "user": null, "language": "pl-PL"}, {"source": "https://forsal.pl/.feed", "title": "Sa\u0142ek: Kwestie Nuclear Sharing b\u0119d\u0105 podnoszone na szczycie NATO w Wilnie", "description": "<img align=\"right\" hspace=\"5\" src=\"https://ocdn.eu/pulscms-transforms/1/sU0ktkuTURBXy8zN2NiNWM1YS0xMWU2LTRmN2YtYTJkZC02ZDFmNzJkZDk0ODguanBlZ5GTBc0BHcyg\" />Kwestie udzia\u0142u Polski w Nuclear Sharing b\u0119d\u0105 podnoszone na szczycie NATO w Wilnie \u2013 poinformowa\u0142 w niedziel\u0119 doradca prezydenta Andrzeja Dudy Pawe\u0142 Sa\u0142ek.", "link": "https://forsal.pl/swiat/bezpieczenstwo/artykuly/8744893,salek-kwestie-nuclear-sharing-beda-podnoszone-na-szczycie-nato-w-wiln.html", "date_published": "2023-07-02T10:57:12+00:00", "persistent": false, "dead": false, "user": null, "language": "pl-PL"}, {"source": "https://forsal.pl/.feed", "title": "Kami\u0144ski: 500 policjant\u00f3w z prewencji i kontrterrory\u015bci wespr\u0105 SG na granicy z Bia\u0142orusi\u0105", "description": "<img align=\"right\" hspace=\"5\" src=\"https://ocdn.eu/pulscms-transforms/1/dU0ktktTURBXy8zMTc1N2Y1OC02NmJkLTQ0MmItYTJjNy0xOTY1MTI4NWIyMjUucG5nkZMFzQEdzKA\" />W zwi\u0105zku z napi\u0119t\u0105 sytuacj\u0105 na granicy z Bia\u0142orusi\u0105, podj\u0105\u0142em decyzj\u0119 o wzmocnieniu naszych si\u0142 grup\u0105 500 funkcjonariuszy policji z oddzia\u0142\u00f3w prewencji i kontrterrorystami - poinformowa\u0142 w niedziel\u0119 minister spraw wewn\u0119trznych i administracji Mariusz Kami\u0144ski.", "link": "https://forsal.pl/swiat/bezpieczenstwo/artykuly/8744838,kaminski-500-policjantow-z-prewencji-i-kontrterrorysci-wespra-sg-na-g.html", "date_published": "2023-07-02T09:18:36+00:00", "persistent": false, "dead": false, "user": null, "language": "pl-PL"}, {"source": "https://forsal.pl/.feed", "title": "ISW: Rosjanie koncentruj\u0105 swoje si\u0142y w okolicach Bachmutu kosztem obrony innych region\u00f3w Ukrainy", "description": "<img align=\"right\" hspace=\"5\" src=\"https://ocdn.eu/pulscms-transforms/1/ZIlktkuTURBXy81ZDIyNGRjZS00MjFhLTRmM2YtYTAyMS0wY2JjY2M0NjNmNjkuanBlZ5GTBc0BHcyg\" />Operacje ukrai\u0144skiego wojska wok\u00f3\u0142 Bachmutu w obwodzie donieckim mog\u0105 by\u0107 zagro\u017ceniem dla rosyjskiego dow\u00f3dztwa w obwodzie cherso\u0144skim oraz \u0142uga\u0144skim. Si\u0142y rosyjskie w odpowiedzi prawdopodobnie wycofuj\u0105 swoje wojska z innych region\u00f3w Ukrainy i przerzucaj\u0105 je na ten odcinek \u2013 czytamy w najnowszym raporcie ameryka\u0144skiego Instytutu Bada\u0144 nad Wojn\u0105 (ISW).", "link": "https://forsal.pl/swiat/rosja/artykuly/8744836,isw-rosjanie-koncentruja-swoje-sily-w-okolicach-bachmutu-kosztem-obro.html", "date_published": "2023-07-02T09:05:38+00:00", "persistent": false, "dead": false, "user": null, "language": "pl-PL"}, {"source": "https://forsal.pl/.feed", "title": "Tusk o  Kaczy\u0144skim: Wicepremier jednocze\u015bnie szczuje na migrant\u00f3w i chce ich wpu\u015bci\u0107 setki tysi\u0119cy", "description": "<img align=\"right\" hspace=\"5\" src=\"https://ocdn.eu/pulscms-transforms/1/v3rktkuTURBXy83NWFiNjE0OS02MmE1LTQ1NjItYWVkYS1iNjM4YjIwZWJhMTYuanBlZ5GTBc0BHcyg\" />Kaczy\u0144ski jednocze\u015bnie szczuje na migrant\u00f3w i chce ich wpu\u015bci\u0107 setki tysi\u0119cy; mo\u017ce potrzebny mu jest wewn\u0119trzny konflikt i strach polskich obywateli, bo wtedy \u0142atwiej mu rz\u0105dzi\u0107 i wygra\u0107 wybory; musimy unikn\u0105\u0107 tego niebezpiecze\u0144stwa - oceni\u0142 w nagraniu zamieszczonym w internecie lider PO Donald Tusk.", "link": "https://forsal.pl/praca/kariera/artykuly/8744832,tusk-o-kaczynskim-wicepremier-jednoczesnie-szczuje-na-migrantow-i-ch.html", "date_published": "2023-07-02T08:52:56+00:00", "persistent": false, "dead": false, "user": null, "language": "pl-PL"}, {"source": "https://forsal.pl/.feed", "title": "Amerykanie b\u0119d\u0105 \u015bwi\u0119towa\u0107 Dzie\u0144 Niepodleg\u0142o\u015bci. Rekordowa liczba ludzi ruszy\u0142a w podr\u00f3\u017c", "description": "<img align=\"right\" hspace=\"5\" src=\"https://ocdn.eu/pulscms-transforms/1/pMiktkuTURBXy9hMGU3MDg0NC1lNDY4LTQ0MDEtYmU4OS1lZDc4ZGM3OTY1ZjAuanBlZ5GTBc0BHcyg\" />W d\u0142ugi weekend Dnia Niepodleg\u0142o\u015bci, kt\u00f3ry trwa od pi\u0105tku 30 czerwca do wtorku 4 lipca, ponad 50 mln Amerykan\u00f3w wybiera si\u0119 w podr\u00f3\u017c przekraczaj\u0105c\u0105 80 km. 4 lipca 1776 roku Kongres Kontynentalny uchwali\u0142 Deklaracj\u0119 Niepodleg\u0142o\u015bci USA.", "link": "https://forsal.pl/swiat/usa/artykuly/8744826,amerykanie-beda-swietowac-dzien-niepodleglosci-rekordowa-liczba-ludzi.html", "date_published": "2023-07-02T08:33:49+00:00", "persistent": false, "dead": false, "user": null, "language": "pl-PL"}, {"source": "https://forsal.pl/.feed", "title": "Zamieszki we Francji: W nocnych 45 policjant\u00f3w zosta\u0142o rannych; spalono 577 aut", "description": "<img align=\"right\" hspace=\"5\" src=\"https://ocdn.eu/pulscms-transforms/1/OQ6ktkuTURBXy9hOGZiZWUzNi0zZmRmLTRkNDUtYTU1OS01ZGIyNjgwZmJjZjIuanBlZ5GTBc0BHcyg\" />Podczas pi\u0105tej nocy trwaj\u0105cych w ca\u0142ej Francji zamieszek i walk z policj\u0105 aresztowano 719 os\u00f3b, 45 policjant\u00f3w i \u017candarm\u00f3w zosta\u0142o rannych, podpalono 577 pojazd\u00f3w i 74 budynki - przekaza\u0142o w niedziel\u0119 rano ministerstwo spraw wewn\u0119trznych.", "link": "https://forsal.pl/swiat/unia-europejska/artykuly/8744822,zamieszki-we-francji-w-nocnych-45-policjantow-zostalo-rannych-spalon.html", "date_published": "2023-07-02T08:19:45+00:00", "persistent": false, "dead": false, "user": null, "language": "pl-PL"}, {"source": "https://forsal.pl/.feed", "title": "Zamieszki we Francji: W nocy 45 policjant\u00f3w zosta\u0142o rannych; spalono 577 aut", "description": "<img align=\"right\" hspace=\"5\" src=\"https://ocdn.eu/pulscms-transforms/1/OQ6ktkuTURBXy9hOGZiZWUzNi0zZmRmLTRkNDUtYTU1OS01ZGIyNjgwZmJjZjIuanBlZ5GTBc0BHcyg\" />Podczas pi\u0105tej nocy trwaj\u0105cych w ca\u0142ej Francji zamieszek i walk z policj\u0105 aresztowano 719 os\u00f3b, 45 policjant\u00f3w i \u017candarm\u00f3w zosta\u0142o rannych, podpalono 577 pojazd\u00f3w i 74 budynki - przekaza\u0142o w niedziel\u0119 rano ministerstwo spraw wewn\u0119trznych.", "link": "https://forsal.pl/swiat/unia-europejska/artykuly/8744822,zamieszki-we-francji-w-nocy-45-policjantow-zostalo-rannych-spalono-5.html", "date_published": "2023-07-02T08:19:45+00:00", "persistent": false, "dead": false, "user": null, "language": "pl-PL"}, {"source": "https://forsal.pl/.feed", "title": "Rosja odwo\u0142a\u0142a najwa\u017cniejszej targi lotniczo-kosmiczne", "description": "<img align=\"right\" hspace=\"5\" src=\"https://ocdn.eu/pulscms-transforms/1/zBQktkuTURBXy9lNjU2MTVkYS01N2QxLTRkNzEtOTNmYS00ZTYzMmEzNGIxYzMuanBlZ5GTBc0BHcyg\" />Rosja odwo\u0142a\u0142a tegoroczn\u0105 edycj\u0119 najwa\u017cniejszych w tym kraju mi\u0119dzynarodowych targ\u00f3w lotniczo-kosmicznych - MAKS, co wpisuje si\u0119 w szereg problem\u00f3w, z jakimi zmaga si\u0119 rosyjski sektor lotniczo-kosmiczny - przekaza\u0142o w niedziel\u0119 brytyjskie ministerstwo obrony.", "link": "https://forsal.pl/swiat/rosja/artykuly/8744817,rosja-odwolala-najwazniejszej-targi-lotniczo-kosmiczne.html", "date_published": "2023-07-02T08:07:50+00:00", "persistent": false, "dead": false, "user": null, "language": "pl-PL"}, {"source": "https://forsal.pl/.feed", "title": "Rumunia wydali\u0142a 40 pracownik\u00f3w ambasady Rosji", "description": "<img align=\"right\" hspace=\"5\" src=\"https://ocdn.eu/pulscms-transforms/1/ecmktkuTURBXy9hNmE2NDk4NS1iYjcyLTQ4YWQtYWRlZS0yMWQ5MGY1ZjJkN2EuanBlZ5GTBc0BHcyg\" />40 pracownik\u00f3w ambasady Federacji Rosyjskiej w Bukareszcie odlecia\u0142o w sobot\u0119 wieczorem do Moskwy po tym jak w\u0142adze rumu\u0144skie za\u017c\u0105da\u0142y zredukowania personelu tej plac\u00f3wki dyplomatycznej w zwi\u0105zku z rosyjsk\u0105 inwazj\u0105 na Ukrain\u0119 i pogorszeniem relacji bilateralnych.", "link": "https://forsal.pl/swiat/unia-europejska/artykuly/8744815,rumunia-wydalila-40-pracownikow-ambasady-rosji.html", "date_published": "2023-07-02T07:54:00+00:00", "persistent": false, "dead": false, "user": null, "language": "pl-PL"}, {"source": "https://forsal.pl/.feed", "title": "Zamieszki we Francji. Klienci odwo\u0142uj\u0105 rezerwacje w hotelach i restauracjach w ca\u0142ym kraju", "description": "<img align=\"right\" hspace=\"5\" src=\"https://ocdn.eu/pulscms-transforms/1/e2lktkuTURBXy9lYTZjNDQ0OS00ZGRjLTQ1MzItOTJlOC1kOThmNmI1Zjg1NmYuanBlZ5GTBc0BHcyg\" />Francuscy hotelarze i restauratorzy skar\u017c\u0105 si\u0119 na \u201efal\u0119 odwo\u0142ywania rezerwacji\u201d z powodu zamieszek w ca\u0142ym kraju oraz pl\u0105drowanie i dewastowanie restauracji, bar\u00f3w i hoteli.", "link": "https://forsal.pl/swiat/unia-europejska/artykuly/8744813,zamieszki-we-francji-klienci-odwoluja-rezerwacje-w-hotelach-i-restaur.html", "date_published": "2023-07-02T07:44:43+00:00", "persistent": false, "dead": false, "user": null, "language": "pl-PL"}, {"source": "https://forsal.pl/.feed", "title": "Francja: Kilka tysi\u0119cy os\u00f3b uczestniczy\u0142o w pogrzebie zabitego przez policjanta 17-latka", "description": "<img align=\"right\" hspace=\"5\" src=\"https://ocdn.eu/pulscms-transforms/1/khyktkuTURBXy8yN2QxNmEyMC05ODc3LTQ1OGEtOTA3MC01YjQ2ZjA0NjQ2MGUuanBlZ5GTBc0BHcyg\" />Kilka tysi\u0119cy os\u00f3b uczestniczy\u0142o w sobot\u0119 w pogrzebie zastrzelonego przez policjanta 17-letniego Nahela w Nanterre pod Pary\u017cem. Rodzina nie dopu\u015bci\u0142a dziennikarzy do uroczysto\u015bci, kt\u00f3re odby\u0142y si\u0119 w meczecie i na lokalnym cmentarzu.", "link": "https://forsal.pl/swiat/unia-europejska/artykuly/8744812,francja-kilka-tysiecy-osob-uczestniczylo-w-pogrzebie-zabitego-przez-p.html", "date_published": "2023-07-02T07:33:28+00:00", "persistent": false, "dead": false, "user": null, "language": "pl-PL"}, {"source": "https://forsal.pl/.feed", "title": "Zamieszki we Francji. W Marsylii policja aresztuje ludzi rabuj\u0105cych sklepy", "description": "<img align=\"right\" hspace=\"5\" src=\"https://ocdn.eu/pulscms-transforms/1/N7vktkuTURBXy9jYzAwNzAxNS03MGVjLTQyMjItYjFiMi00OWJhYjU5OTJhNzMuanBlZ5GTBc0BHcyg\" />Policja w sobot\u0119 wieczorem w Marsylii aresztowa\u0142a 14 os\u00f3b podejrzanych o rabowanie sklep\u00f3w, informuj\u0105 lokalne media. Opisuj\u0105 rajdy grup ludzi wdzieraj\u0105cych si\u0119 do sklep\u00f3w na Canebiere, jednej z g\u0142\u00f3wnych ulic handlowych Marsylii.", "link": "https://forsal.pl/swiat/unia-europejska/artykuly/8744810,zamieszki-we-francji-w-marsylii-policja-aresztuje-ludzi-rabujacych-sk.html", "date_published": "2023-07-02T07:23:41+00:00", "persistent": false, "dead": false, "user": null, "language": "pl-PL"}, {"source": "https://forsal.pl/.feed", "title": "Medycyna defensywna. Czy polscy ginekolodzy maj\u0105 problem z etyk\u0105? [WYWIAD]", "description": "<img align=\"right\" hspace=\"5\" src=\"https://ocdn.eu/pulscms-transforms/1/F9tktkuTURBXy9hMzE5MmMyOC00Njg3LTQzNDctYTgxYi01Yzc0ZWQ1N2RiYzEuanBlZ5GTBc0BHcyg\" />Gdy sytuacja prawna jest niepewna, lekarze zachowuj\u0105 si\u0119 w spos\u00f3b dla siebie najbezpieczniejszy. Zapominaj\u0105, \u017ce interes pacjenta powinien by\u0107 ich podstawow\u0105 trosk\u0105", "link": "https://forsal.pl/lifestyle/zdrowie/artykuly/8744393,medycyna-defensywna-czy-polscy-ginekolodzy-maja-problem-z-etyka-wyw.html", "date_published": "2023-07-02T07:16:40+00:00", "persistent": false, "dead": false, "user": null, "language": "pl-PL"}, {"source": "https://forsal.pl/.feed", "title": "Wchodzimy w epok\u0119 nara\u017con\u0105 na katastrofy wi\u0119ksze i cz\u0119stsze", "description": "<img align=\"right\" hspace=\"5\" src=\"https://ocdn.eu/pulscms-transforms/1/i6zktkuTURBXy81N2M4ZjE3ZS0yZjY0LTQwYzUtOWJhMS05MjEwMzhiYzA3MGEuanBlZ5GTBc0BHcyg\" />Niekt\u00f3re katastrofy wydarzy\u0142y si\u0119 po to, by\u015bmy mogli unikn\u0105\u0107 wi\u0119kszych", "link": "https://forsal.pl/gospodarka/artykuly/8744406,wchodzimy-w-epoke-narazona-na-katastrofy-wieksze-i-czestsze.html", "date_published": "2023-07-02T07:16:25+00:00", "persistent": false, "dead": false, "user": null, "language": "pl-PL"}, {"source": "https://forsal.pl/.feed", "title": "Co powinna zrobi\u0107 Polska, by poprawi\u0107 swoj\u0105 pozycj\u0119 w technologicznym wy\u015bcigu? [WYWIAD]", "description": "<img align=\"right\" hspace=\"5\" src=\"https://ocdn.eu/pulscms-transforms/1/uDuktkuTURBXy85MmVjNTczYS0xNjk1LTRjNmItYmFhOS02NTg3NWExYjc5OGYuanBlZ5GTBc0BHcyg\" />Wy\u015bcig o AI dopiero si\u0119 zaczyna, a ten, kto za d\u0142ugo b\u0119dzie na starcie, nie b\u0119dzie si\u0119 w nim liczy\u0142", "link": "https://forsal.pl/lifestyle/technologie/artykuly/8744397,co-powinna-zrobic-polska-by-poprawic-swoja-pozycje-w-technologicznym.html", "date_published": "2023-07-02T07:15:05+00:00", "persistent": false, "dead": false, "user": null, "language": "pl-PL"}, {"source": "https://forsal.pl/.feed", "title": "W jakiej sytuacji jest kremlowski re\u017cim po buncie Prigo\u017cyna?", "description": "<img align=\"right\" hspace=\"5\" src=\"https://ocdn.eu/pulscms-transforms/1/GQgktkuTURBXy85YTY1NGI2Ni1jMmViLTQxM2ItOTQxMS0zYmU2ZmQzMzZhZTEuanBlZ5GTBc0BHcyg\" />Kremlowski re\u017cim ma po nieudanym buncie Jewgienija Prigo\u017cyna spore problemy, kt\u00f3re w ostatecznym rozrachunku mog\u0105 zdecydowa\u0107 o jego losach", "link": "https://forsal.pl/swiat/rosja/artykuly/8744386,w-jakiej-sytuacji-jest-kremlowski-rezim-po-buncie-prigozyna.html", "date_published": "2023-07-02T07:14:44+00:00", "persistent": false, "dead": false, "user": null, "language": "pl-PL"}, {"source": "https://forsal.pl/.feed", "title": "Gdzie Polacy pojad\u0105 na wakacje? Tam, gdzie ich sta\u0107", "description": "<img align=\"right\" hspace=\"5\" src=\"https://ocdn.eu/pulscms-transforms/1/KXSktkuTURBXy9kZTVkMDc4My1mYjVhLTRlM2EtYTEwNC1lYWQ0ODRkZGFlMDIuanBlZ5GTBc0BHcyg\" />Na pytanie, dok\u0105d pojad\u0105 Polacy, narzuca si\u0119 jedna odpowied\u017a: tam, gdzie ich sta\u0107", "link": "https://forsal.pl/lifestyle/rozrywka/artykuly/8744354,gdzie-polacy-pojada-na-wakacje-tam-gdzie-ich-stac.html", "date_published": "2023-07-02T07:13:14+00:00", "persistent": false, "dead": false, "user": null, "language": "pl-PL"}, {"source": "https://forsal.pl/.feed", "title": "Rekordowy eksport samochod\u00f3w z UE. Mia\u017cd\u017c\u0105ca dominacja Niemiec", "description": "<img align=\"right\" hspace=\"5\" src=\"https://ocdn.eu/pulscms-transforms/1/6_KktkuTURBXy80NjdiYTRjNC01MjlhLTRlYWYtODhhZC1mNjgzNzdiNTNhOTMuanBlZ5GTBc0BHcyg\" />W 2022 r. z Unii Europejskiej wyeksportowane zosta\u0142y samochody o warto\u015bci 158 mld euro, czyli o 8 mld euro wy\u017cszej ni\u017c w 2015 r., gdy zosta\u0142 ustanowiony poprzedni rekord. W ubieg\u0142ym roku import wyni\u00f3s\u0142 62 mld euro, co da\u0142o UE nadwy\u017ck\u0119 handlow\u0105 w wysoko\u015bci 96 mld euro \u2014 poda\u0142 Eurostat.", "link": "https://forsal.pl/motoforsal/motobiznes/artykuly/8743766,rekordowy-eksport-samochodow-z-ue-miazdzaca-dominacja-niemiec.html", "date_published": "2023-07-02T04:30:35+00:00", "persistent": false, "dead": false, "user": null, "language": "pl-PL"}]