[{"source": "https://www.telegraph.co.uk/business/rss.xml", "title": "Train strikes 2023: Dates of walkout and the services affected", "description": "", "link": "https://www.telegraph.co.uk/business/2023/07/02/train-strikes-2023-dates-rmt-rail-services-affected/", "date_published": "2023-07-02T20:29:28+00:00", "persistent": false, "dead": false, "user": null, "language": "en-UK"}, {"source": "https://www.telegraph.co.uk/business/rss.xml", "title": "Banks told to uphold free speech after accounts blacklisted", "description": "", "link": "https://www.telegraph.co.uk/business/2023/07/02/banks-warned-uphold-free-speech-accounts-blacklisted/", "date_published": "2023-07-02T19:33:55+00:00", "persistent": false, "dead": false, "user": null, "language": "en-UK"}, {"source": "https://www.telegraph.co.uk/business/rss.xml", "title": "Why Elon Musk has imposed reading limits that could cripple Twitter", "description": "", "link": "https://www.telegraph.co.uk/business/2023/07/02/twitter-limits-posts-viewed-how-work-why-elon-musk/", "date_published": "2023-07-02T13:39:14+00:00", "persistent": false, "dead": false, "user": null, "language": "en-UK"}, {"source": "https://www.telegraph.co.uk/business/rss.xml", "title": "Time is running out to pull off Britain\u2019s bet on electric", "description": "", "link": "https://www.telegraph.co.uk/business/2023/07/02/2030-end-petrol-engine-delayed/", "date_published": "2023-07-02T05:00:00+00:00", "persistent": false, "dead": false, "user": null, "language": "en-UK"}]