[{"source": "https://www.youtube.com/feeds/videos.xml?channel_id=UCld68syR8Wi-GY_n4CaoJGA", "title": "Addressing Wayland Network Transparency Complaints", "description": "Recently I did a video on Wayland network transparency and a couple of people weren't happy with what I said so let's address those points and hopefully you can see where I'm coming from.\n\n==========Support The Channel==========\n\u25ba $100 Linode Credit: https://brodierobertson.xyz/linode\n\u25ba Patreon: https://brodierobertson.xyz/patreon\n\u25ba Paypal: https://brodierobertson.xyz/paypal\n\u25ba Liberapay: https://brodierobertson.xyz/liberapay\n\u25ba Amazon USA: https://brodierobertson.xyz/amazonusa\n\n==========Resources==========\nNetwork Transparency Video: https://youtu.be/AWUfWGTvlUc\n\n=========Video Platforms==========\n\ud83c\udfa5 Odysee: https://brodierobertson.xyz/odysee\n\ud83c\udfa5 Podcast: https://techovertea.xyz/youtube\n\ud83c\udfae Gaming: https://brodierobertson.xyz/gaming\n\n==========Social Media==========\n\ud83c\udfa4 Discord: https://brodierobertson.xyz/discord\n\ud83c\udfa4 Matrix Space: https://brodierobertson.xyz/matrix\n\ud83d\udc26 Twitter: https://brodierobertson.xyz/twitter\n\ud83c\udf10 Mastodon: https://brodierobertson.xyz/mastodon\n\ud83d\udda5\ufe0f GitHub: https://brodierobertson.xyz/github\n\n==========Credits==========\n\ud83c\udfa8 Channel Art:\nProfile Picture:\nhttps://www.instagram.com/supercozman_draws/\n\n#Wayland #Linux #OpenSource #FOSS #LinuxDesktop\n\n\ud83c\udfb5 Ending music\nTrack: Debris & Jonth - Game Time [NCS Release]\nMusic provided by NoCopyrightSounds.\nWatch:  https://www.youtube.com/watch?v=yDTvvOTie0w \nFree Download / Stream: http://ncs.io/GameTime\n\nDISCLOSURE: Wherever possible I use referral links, which means if you click one of the links in this video or description and make a purchase I may receive a small commission or other compensation.", "link": "https://www.youtube.com/watch?v=1QwFnLUa5TU", "date_published": "2023-07-02T21:00:02+00:00", "persistent": false, "dead": false, "user": null, "language": "en-US"}]