[{"source": "https://lifehacker.com/rss", "title": "The Smartest Ways to Keep Sand From Sticking to You at the Beach", "description": "<img class=\"type:primaryImage\" src=\"https://i.kinja-img.com/gawker-media/image/upload/s--zcrLaMfm--/c_fit,fl_progressive,q_80,w_636/6bb0e2efa5d1230da84960aad5317ecf.jpg\" /><p>Even people who love going to the beach have to admit that dealing with the sand that inevitably ends up in your shoes, towels, bags, hair, and eventually, home, is a pain.</p><p><a href=\"https://lifehacker.com/the-smartest-ways-to-keep-sand-from-sticking-to-you-at-1850593901\">Read more...</a></p>", "link": "https://lifehacker.com/the-smartest-ways-to-keep-sand-from-sticking-to-you-at-1850593901", "date_published": "2023-07-02T17:00:00+00:00", "persistent": false, "dead": false, "user": null, "language": "en-US"}, {"source": "https://lifehacker.com/rss", "title": "Four Ways to Get Amazon Credit to Spend on Prime Day", "description": "<img class=\"type:primaryImage\" src=\"https://i.kinja-img.com/gawker-media/image/upload/s--hS7GzUhQ--/c_fit,fl_progressive,q_80,w_636/a97ecc06d1b0851d458bbcb0c0d6b462.jpg\" /><p>The Black Friday of the summer\u2014aka <a href=\"https://lifehacker.com/prime-day\">Prime Day</a>\u2014is quickly approaching. This year it falls on Tuesday, July 11th and Wednesday, July 12th. If you plan to shop the \u201ctwo days of epic deals\u201d (<a href=\"https://www.amazon.com/primeday?asc_campaign=Partner&amp;asc_refurl=https://lifehacker.com/four-ways-to-get-amazon-credit-to-spend-on-prime-day-1850593913&amp;asc_source=regular&amp;tag=kinjalifehacker-20\" target=\"_top\">Amazon\u2019s words</a>), you may want to take advantage of one or more of the following opportunities to get credit to spend during the\u2026</p><p><a href=\"https://lifehacker.com/four-ways-to-get-amazon-credit-to-spend-on-prime-day-1850593913\">Read more...</a></p>", "link": "https://lifehacker.com/four-ways-to-get-amazon-credit-to-spend-on-prime-day-1850593913", "date_published": "2023-07-02T15:00:00+00:00", "persistent": false, "dead": false, "user": null, "language": "en-US"}, {"source": "https://lifehacker.com/rss", "title": "You Should Stock Up on Forever Stamps Before July 9", "description": "<img class=\"type:primaryImage\" src=\"https://i.kinja-img.com/gawker-media/image/upload/s--311eyQt6--/c_fit,fl_progressive,q_80,w_636/19008364b7a24cb85beb21493aab0a1c.jpg\" /><p>Inflation continues to impact a range of everyday expenses, including the cost of sending mail. Beginning next week, the price of a Forever stamp, as well as other types of postage, is set to increase, <a href=\"https://faq.usps.com/s/article/2023-Postage-Price-Changes\" rel=\"noopener noreferrer\" target=\"_blank\">according to the United States Postal Service</a> (USPS). Fortunately, there\u2019s still time to stock up on stamps at their\u2026</p><p><a href=\"https://lifehacker.com/you-should-stock-up-on-forever-stamps-before-july-9-1850593922\">Read more...</a></p>", "link": "https://lifehacker.com/you-should-stock-up-on-forever-stamps-before-july-9-1850593922", "date_published": "2023-07-02T13:00:00+00:00", "persistent": false, "dead": false, "user": null, "language": "en-US"}]