[{"source": "https://www.cnet.com/rss/all/", "title": "Best Mattress in a Box for 2023     - CNET", "description": "Tired of hauling your new mattress home via U-Haul or truck bed? Consider these top bed-in-a-box mattresses for easy delivery right to your door.", "link": "https://www.cnet.com/health/sleep/best-mattress-in-a-box/#ftag=CADf328eec", "date_published": "2023-02-24 23:37:00+00:00", "persistent": false, "user": null, "language": "en-US"}, {"source": "https://www.cnet.com/rss/all/", "title": "'Ant-Man and the Wasp: Quantumania': Post-Credits Scenes and Marvel Cameo, Explained     - CNET", "description": "The first teases the next major threat to the Marvel Cinematic Universe, the second brings back one of its most beloved heroes.", "link": "https://www.cnet.com/culture/entertainment/ant-man-and-the-wasp-quantumania-post-credits-scenes-marvel-cameo-explained/#ftag=CADf328eec", "date_published": "2023-02-24 23:00:03+00:00", "persistent": false, "user": null, "language": "en-US"}, {"source": "https://www.cnet.com/rss/all/", "title": "IRS Extends Tax Deadline for Alabama, California and Georgia Disaster-Area Taxpayers     - CNET", "description": "Affected taxpayers in federally declared disaster areas in most of California and parts of Alabama and Georgia now have longer to file their taxes.", "link": "https://www.cnet.com/personal-finance/taxes/irs-extends-tax-deadline-for-alabama-california-and-georgia-disaster-area-taxpayers/#ftag=CADf328eec", "date_published": "2023-02-24 22:41:00+00:00", "persistent": false, "user": null, "language": "en-US"}, {"source": "https://www.cnet.com/rss/all/", "title": "Tax Season 2023: When Taxes Are Due and Which States Get Extra Time     - CNET", "description": "The IRS has extended the tax day deadline to October for taxpayers in three states impacted by storms this year.", "link": "https://www.cnet.com/personal-finance/taxes/tax-season-2023-when-taxes-are-due-and-which-states-get-extra-time/#ftag=CADf328eec", "date_published": "2023-02-24 22:35:03+00:00", "persistent": false, "user": null, "language": "en-US"}, {"source": "https://www.cnet.com/rss/all/", "title": "Out in Space Lies a Mysterious, Massive Planet That Shouldn't Exist     - CNET", "description": "Defying our theories of planetary formation, this \"forbidden\" world orbits a quiet little star.", "link": "https://www.cnet.com/science/space/out-in-space-lies-a-mysterious-massive-planet-that-shouldnt-exist/#ftag=CADf328eec", "date_published": "2023-02-24 22:29:16+00:00", "persistent": false, "user": null, "language": "en-US"}, {"source": "https://www.cnet.com/rss/all/", "title": "Tax Season 2023: The IRS Has Already Issued More Than $87 Billion in Refunds This Year     - CNET", "description": "More than 27 million Americans have received a refund as of Feb. 17, according to the IRS.", "link": "https://www.cnet.com/personal-finance/taxes/tax-season-2023-the-irs-has-already-issued-more-than-87-billion-in-refunds-this-year/#ftag=CADf328eec", "date_published": "2023-02-24 21:38:24+00:00", "persistent": false, "user": null, "language": "en-US"}, {"source": "https://www.cnet.com/rss/all/", "title": "Best 1-year CD Rates     - CNET", "description": "While inflation remains high, a CD can help offset its impact on your savings.", "link": "https://www.cnet.com/personal-finance/banking/best-1-year-cd-rates/#ftag=CADf328eec", "date_published": "2023-02-24 21:00:22+00:00", "persistent": false, "user": null, "language": "en-US"}, {"source": "https://www.cnet.com/rss/all/", "title": "Free Over-the-Air TV Keeps Getting Better     - CNET", "description": "Free over-the-air TV is available in most US cities. Here's why you should check it out.", "link": "https://www.cnet.com/tech/home-entertainment/free-over-the-air-tv-keeps-getting-better/#ftag=CADf328eec", "date_published": "2023-02-24 21:00:15+00:00", "persistent": false, "user": null, "language": "en-US"}, {"source": "https://www.cnet.com/rss/all/", "title": "Prime Video: The Absolute Best Sci-Fi TV Shows to Watch     - CNET", "description": "The shows Amazon invested in that you should also invest in this weekend.", "link": "https://www.cnet.com/culture/entertainment/prime-video-the-absolute-best-sci-fi-tv-shows-to-binge/#ftag=CADf328eec", "date_published": "2023-02-24 20:05:04+00:00", "persistent": false, "user": null, "language": "en-US"}, {"source": "https://www.cnet.com/rss/all/", "title": "If You're Not Using Smart Plugs Yet, You May Be Losing Money. Here's Why     - CNET", "description": "Smart plugs really can cut down your energy bills.", "link": "https://www.cnet.com/how-to/if-youre-not-using-smart-plugs-yet-you-may-be-losing-money-heres-why/#ftag=CADf328eec", "date_published": "2023-02-24 20:00:14+00:00", "persistent": false, "user": null, "language": "en-US"}, {"source": "https://www.cnet.com/rss/all/", "title": "'The Mandalorian' Season 3 Schedule: When Will Episode 1 Land on Disney Plus?     - CNET", "description": "Grogu and Mando make their Star Wars streaming return in just a few days.", "link": "https://www.cnet.com/culture/entertainment/the-mandalorian-season-3-schedule-when-will-episode-1-land-on-disney-plus/#ftag=CADf328eec", "date_published": "2023-02-24 20:00:11+00:00", "persistent": false, "user": null, "language": "en-US"}, {"source": "https://www.cnet.com/rss/all/", "title": "More People Should Watch This Unusual Netflix Sci-Fi Miniseries     - CNET", "description": "Check out Jonah Hill and Emma Stone in Maniac, a weird, sad yet ultimately uplifting miniseries.", "link": "https://www.cnet.com/culture/entertainment/more-people-should-watch-this-unusual-netflix-sci-fi-miniseries/#ftag=CADf328eec", "date_published": "2023-02-24 20:00:03+00:00", "persistent": false, "user": null, "language": "en-US"}, {"source": "https://www.cnet.com/rss/all/", "title": "12 Best Foods for a Healthy Brain and Better Memory     - CNET", "description": "These foods will help you maintain a healthy brain and may even prevent conditions like dementia.", "link": "https://www.cnet.com/health/nutrition/best-foods-for-healthy-brain-and-memory/#ftag=CADf328eec", "date_published": "2023-02-24 20:00:00+00:00", "persistent": false, "user": null, "language": "en-US"}, {"source": "https://www.cnet.com/rss/all/", "title": "Facebook Parent Meta Wants to Show It's Still a Big Contender in AI Race     - CNET", "description": "The social media giant released a new language model on Friday to fuel AI research.", "link": "https://www.cnet.com/news/social-media/facebook-parent-meta-wants-to-show-its-still-a-big-contender-in-ai-race/#ftag=CADf328eec", "date_published": "2023-02-24 19:58:03+00:00", "persistent": false, "user": null, "language": "en-US"}, {"source": "https://www.cnet.com/rss/all/", "title": "These Ancient Sea Animal Fossils Aren't What They Seem, Scientists Say     - CNET", "description": "At various times, researchers have thought them to be from jellyfish or sea sponges.", "link": "https://www.cnet.com/science/biology/these-ancient-sea-animal-fossils-arent-what-they-seem-scientists-say/#ftag=CADf328eec", "date_published": "2023-02-24 19:22:00+00:00", "persistent": false, "user": null, "language": "en-US"}, {"source": "https://www.cnet.com/rss/all/", "title": "Nintendo Confirms It Won't Be at E3 2023     - CNET", "description": "The Switch-maker has pulled back from the gaming convention in years past.", "link": "https://www.cnet.com/tech/gaming/nintendo-confirms-it-wont-be-at-e3-2023/#ftag=CADf328eec", "date_published": "2023-02-24 19:09:45+00:00", "persistent": false, "user": null, "language": "en-US"}, {"source": "https://www.cnet.com/rss/all/", "title": "Lifeline Plus Crash-Lands in Apple Arcade     - CNET", "description": "In this game, you're a cosmic crash survivor's only hope of getting out alive.", "link": "https://www.cnet.com/tech/gaming/lifeline-plus-crash-lands-in-apple-arcade/#ftag=CADf328eec", "date_published": "2023-02-24 18:41:00+00:00", "persistent": false, "user": null, "language": "en-US"}, {"source": "https://www.cnet.com/rss/all/", "title": "'Succession' Is Ending With Upcoming Season 4: 'I Think This Maybe Should Be It'     - CNET", "description": "Creator Jesse Armstrong confirms the next season of the HBO comedy-drama will be its last.", "link": "https://www.cnet.com/culture/entertainment/succession-is-ending-with-upcoming-season-4-i-think-this-maybe-should-be-it/#ftag=CADf328eec", "date_published": "2023-02-24 17:39:19+00:00", "persistent": false, "user": null, "language": "en-US"}, {"source": "https://www.cnet.com/rss/all/", "title": "Hogwarts Legacy Sales Top 12 Million Units In First Two Weeks     - CNET", "description": "Hogwarts Legacy is the biggest ever global launch for Warner Bros. Games.", "link": "https://www.cnet.com/tech/gaming/hogwarts-legacy-sales-top-12-million-units-in-first-two-weeks/#ftag=CADf328eec", "date_published": "2023-02-24 17:38:15+00:00", "persistent": false, "user": null, "language": "en-US"}, {"source": "https://www.cnet.com/rss/all/", "title": "Bring Fandom Home With Deals on Pop Culture Funko Pops     - CNET", "description": "With figures, games and other merch from Star Wars, Harry Potter, Marvel, Disney and more discounted by up to 71%, this Woot sale has a little something for everyone.", "link": "https://www.cnet.com/deals/bring-fandom-home-with-deals-on-pop-culture-funko-pops/#ftag=CADf328eec", "date_published": "2023-02-24 17:37:00+00:00", "persistent": false, "user": null, "language": "en-US"}, {"source": "https://www.cnet.com/rss/all/", "title": "Stop Your Food From Exploding in the Microwave. Here's How     - CNET", "description": "Yes, that tomato sauce will splatter everywhere. Here's why it happens and how to prevent it.", "link": "https://www.cnet.com/how-to/stop-your-food-from-exploding-in-the-microwave-heres-how/#ftag=CADf328eec", "date_published": "2023-02-24 17:15:07+00:00", "persistent": false, "user": null, "language": "en-US"}, {"source": "https://www.cnet.com/rss/all/", "title": "Make Your Boxed Mac and Cheese Taste Like It Came From a Restaurant. Here's How     - CNET", "description": "That blue box can offer a golden opportunity to make something delicious.", "link": "https://www.cnet.com/how-to/make-your-boxed-mac-and-cheese-taste-like-it-came-from-a-restaurant-heres-how/#ftag=CADf328eec", "date_published": "2023-02-24 17:15:03+00:00", "persistent": false, "user": null, "language": "en-US"}, {"source": "https://www.cnet.com/rss/all/", "title": "Boxed Mac and Cheese Doesn't Have to Be Boring, Try This     - CNET", "description": "Easy and budget-friendly upgrades to take your boxed mac and cheese from good to great.", "link": "https://www.cnet.com/how-to/boxed-mac-and-cheese-doesnt-have-to-be-boring-try-this/#ftag=CADf328eec", "date_published": "2023-02-24 17:15:00+00:00", "persistent": false, "user": null, "language": "en-US"}, {"source": "https://www.cnet.com/rss/all/", "title": "Can You Deduct Work Expenses on Your Taxes? Everything You Need to Know     - CNET", "description": "There are a few deductions employees and self-employed individuals can take to pay fewer taxes and get a bigger refund. We get into them below.", "link": "https://www.cnet.com/personal-finance/can-you-deduct-work-expenses-on-your-taxes-everything-you-need-to-know/#ftag=CADf328eec", "date_published": "2023-02-24 17:15:00+00:00", "persistent": false, "user": null, "language": "en-US"}, {"source": "https://www.cnet.com/rss/all/", "title": "Here's How to Avoid a Fire in Your Air Fryers     - CNET", "description": "Don't let your air fryer become a hazard. Here's how to clean and use it so you don't get burned.", "link": "https://www.cnet.com/how-to/are-air-fryers-safe-a-guide-to-air-fryer-safety/#ftag=CADf328eec", "date_published": "2023-02-24 16:59:00+00:00", "persistent": false, "user": null, "language": "en-US"}, {"source": "https://www.cnet.com/rss/all/", "title": "Cosori Air Fryer Recall: 2M Models Sold Nationwide Pose Fire and Burn Hazards     - CNET", "description": "Owners of the affected models should stop using them right away.", "link": "https://www.cnet.com/news/cosori-air-fryer-recall-2m-models-sold-nationwide-pose-fire-and-burn-hazards/#ftag=CADf328eec", "date_published": "2023-02-24 16:58:00+00:00", "persistent": false, "user": null, "language": "en-US"}, {"source": "https://www.cnet.com/rss/all/", "title": "Popular Cosori Air Fryers Recalled Over Fire and Burn Risk. Check Your Model     - CNET", "description": "Owners of the affected models should stop using them right away.", "link": "https://www.cnet.com/news/popular-cosori-air-fryers-recalled-over-fire-and-burn-risk-check-your-model/#ftag=CADf328eec", "date_published": "2023-02-24 16:58:00+00:00", "persistent": false, "user": null, "language": "en-US"}, {"source": "https://www.cnet.com/rss/all/", "title": "Trade Up to a New Galaxy S23 With $0 Out of Pocket for a Limited Time Only     - CNET", "description": "You'll need a newer phone in order to get the full trade-in credit here, but it's worth considering either way.", "link": "https://www.cnet.com/deals/trade-up-to-new-galaxy-s23-no-money-out-of-pocket/#ftag=CADf328eec", "date_published": "2023-02-24 16:45:06+00:00", "persistent": false, "user": null, "language": "en-US"}, {"source": "https://www.cnet.com/rss/all/", "title": "The Absolute Best Fantasy Movies on Netflix     - CNET", "description": "Netflix's fantasy options range from pure magic to touching allegories of the human condition.", "link": "https://www.cnet.com/culture/entertainment/these-are-the-absolute-best-netflix-fantasy-movies-to-check-out-for-this-evening/#ftag=CADf328eec", "date_published": "2023-02-24 16:43:58+00:00", "persistent": false, "user": null, "language": "en-US"}, {"source": "https://www.cnet.com/rss/all/", "title": "Apple TV Plus: Every New TV Show Arriving in February     - CNET", "description": "Here's a complete list of shows coming in February.", "link": "https://www.cnet.com/culture/entertainment/apple-tv-plus-every-new-tv-show-arriving-in-february-to-catch-for-this-week/#ftag=CADf328eec", "date_published": "2023-02-24 16:34:30+00:00", "persistent": false, "user": null, "language": "en-US"}, {"source": "https://www.cnet.com/rss/all/", "title": "Everything We Know About Yellowjackets Season 2 So Far     - CNET", "description": "Here's all the buzz, buzz, buzz about season 2.", "link": "https://www.cnet.com/culture/entertainment/everything-we-know-about-yellowjackets-season-2-so-far/#ftag=CADf328eec", "date_published": "2023-02-24 16:29:26+00:00", "persistent": false, "user": null, "language": "en-US"}, {"source": "https://www.cnet.com/rss/all/", "title": "This Father of Four Just Quit His Job for TikTok. How Much He Saved Before Making the Leap     - CNET", "description": "Sal Farzin left a corporate job of 20 years to become a full-time creator, but not before checking these financial boxes.", "link": "https://www.cnet.com/personal-finance/simplysalfinds-profile/#ftag=CADf328eec", "date_published": "2023-02-24 16:29:09+00:00", "persistent": false, "user": null, "language": "en-US"}, {"source": "https://www.cnet.com/rss/all/", "title": "The Best Movies on Apple TV Plus     - CNET", "description": "Apple TV Plus has an assortment of options, from dramas to music documentaries and animated movies.", "link": "https://www.cnet.com/culture/entertainment/these-are-the-best-movies-you-now-can-catch-on-apple-tv-plus-this-weekend/#ftag=CADf328eec", "date_published": "2023-02-24 16:22:10+00:00", "persistent": false, "user": null, "language": "en-US"}, {"source": "https://www.cnet.com/rss/all/", "title": "This Simple Appliance Can Save You Hundreds on Groceries     - CNET", "description": "This device can make a difference in your weekly grocery budget.", "link": "https://www.cnet.com/how-to/this-simple-appliance-can-save-you-hundreds-on-groceries/#ftag=CADf328eec", "date_published": "2023-02-24 16:14:00+00:00", "persistent": false, "user": null, "language": "en-US"}, {"source": "https://www.cnet.com/rss/all/", "title": "Cross River Bank: 2023 Banking Review     - CNET", "description": "This banker to fintechs also provides financial services primarily to residents in the Tri-State area.", "link": "https://www.cnet.com/personal-finance/banking/cross-river-bank-banking-review/#ftag=CADf328eec", "date_published": "2023-02-24 16:00:11+00:00", "persistent": false, "user": null, "language": "en-US"}, {"source": "https://www.cnet.com/rss/all/", "title": "JetBlue Card Review: Earn JetBlue Points With No Annual Fee     - CNET", "description": "Turn everyday spending into JetBlue flights.", "link": "https://www.cnet.com/personal-finance/credit-cards/jetblue-card-review/#ftag=CADf328eec", "date_published": "2023-02-24 16:00:07+00:00", "persistent": false, "user": null, "language": "en-US"}, {"source": "https://www.cnet.com/rss/all/", "title": "The Absolute Best Sci-Fi TV Shows on Netflix     - CNET", "description": "These are the best of the sci-fi series on Netflix.", "link": "https://www.cnet.com/culture/entertainment/the-absolute-best-netflix-sci-fi-tv-shows-to-view-this-weekend/#ftag=CADf328eec", "date_published": "2023-02-24 15:58:37+00:00", "persistent": false, "user": null, "language": "en-US"}, {"source": "https://www.cnet.com/rss/all/", "title": "Save 69% on JLab JBuds Frames and Snag a Pair for Just $15     - CNET", "description": "These clip-on Bluetooth speaker accessories can turn your existing glasses into audio glasses for a fraction of the cost of other options.", "link": "https://www.cnet.com/deals/save-69-on-jlab-jbuds-frames-and-snag-a-pair-for-just-15/#ftag=CADf328eec", "date_published": "2023-02-24 15:54:48+00:00", "persistent": false, "user": null, "language": "en-US"}, {"source": "https://www.cnet.com/rss/all/", "title": "Apple May Launch a Low-End VR Headset in 2025, Analyst Says     - CNET", "description": "Analyst Ming-Chi Kuo says Apple may launch the second generation of its rumored mix-reality headset, including a low-end device, in 2025.", "link": "https://www.cnet.com/tech/computing/apple-may-launch-a-low-end-vr-headset-in-2025-analyst-says/#ftag=CADf328eec", "date_published": "2023-02-24 15:49:09+00:00", "persistent": false, "user": null, "language": "en-US"}, {"source": "https://www.cnet.com/rss/all/", "title": "The Avengers Musical From Marvel's 'Hawkeye' Series Is Coming to Disneyland This Summer     - CNET", "description": "Avengers! Break a leg!", "link": "https://www.cnet.com/culture/entertainment/avengers-play-from-marvel-hawkeye-series-is-coming-to-disneyland-this-summer/#ftag=CADf328eec", "date_published": "2023-02-24 15:46:00+00:00", "persistent": false, "user": null, "language": "en-US"}, {"source": "https://www.cnet.com/rss/all/", "title": "8 Best Foods to Eat if You Want to Be Happier     - CNET", "description": "These nutrient-rich foods can help boost our mood. Here's what to know.", "link": "https://www.cnet.com/health/mental/8-happy-foods/#ftag=CADf328eec", "date_published": "2023-02-24 15:32:00+00:00", "persistent": false, "user": null, "language": "en-US"}, {"source": "https://www.cnet.com/rss/all/", "title": "Bournemouth vs. Man City Livestream: How to Watch Premier League Soccer From Anywhere     - CNET", "description": "Pep Guardiola's title-chasing Citizens travel to the south coast as they look to end a run of two consecutive draws.", "link": "https://www.cnet.com/tech/services-and-software/bournemouth-vs-man-city-livestream-how-to-watch-premier-league-soccer-from-anywhere/#ftag=CADf328eec", "date_published": "2023-02-24 15:23:00+00:00", "persistent": false, "user": null, "language": "en-US"}, {"source": "https://www.cnet.com/rss/all/", "title": "Snag Discounted New and Refurbished E-Bikes, Scooters and Hoverboards at Woot     - CNET", "description": "Grab rideable tech for an eco-friendly commute from popular brands including Hover-1, Voyager and more.", "link": "https://www.cnet.com/roadshow/news/snag-discounted-new-and-refurbished-e-bikes-scooters-and-hoverboards-at-woot/#ftag=CADf328eec", "date_published": "2023-02-24 14:41:00+00:00", "persistent": false, "user": null, "language": "en-US"}, {"source": "https://www.cnet.com/rss/all/", "title": "Score Samsung's Budget-Friendly Galaxy Tab A7 Lite Tablet for Just $110 Today Only     - CNET", "description": "Pick up this simple and lightweight Android tablet at a $50 discount while you can.", "link": "https://www.cnet.com/deals/score-samsungs-budget-friendly-a7-lite-tablet-110/#ftag=CADf328eec", "date_published": "2023-02-24 14:33:00+00:00", "persistent": false, "user": null, "language": "en-US"}, {"source": "https://www.cnet.com/rss/all/", "title": "Wordle Today 615: Wordle Hints and Answer for February 24     - CNET", "description": "Wrap up the work week by continuing your Wordle streak.", "link": "https://www.cnet.com/culture/wordle-615-clues-and-answer-for-february-24/#ftag=CADf328eec", "date_published": "2023-02-24 14:28:00+00:00", "persistent": false, "user": null, "language": "en-US"}, {"source": "https://www.cnet.com/rss/all/", "title": "Carry-On Bag Packing Hacks You Need to Use the Next Time You Travel     - CNET", "description": "Pack for your flight like a pro with these guidelines and tips.", "link": "https://www.cnet.com/how-to/carry-on-bag-packing-hacks-you-need-to-use-the-next-time-you-travel/#ftag=CADf328eec", "date_published": "2023-02-24 14:05:03+00:00", "persistent": false, "user": null, "language": "en-US"}, {"source": "https://www.cnet.com/rss/all/", "title": "How Eating Based on Color Can Make You Healthier     - CNET", "description": "Making subtle, eye-catching choices may transform your diet and your relationship with food.", "link": "https://www.cnet.com/health/nutrition/how-eating-based-on-color-can-make-you-healthier/#ftag=CADf328eec", "date_published": "2023-02-24 14:00:09+00:00", "persistent": false, "user": null, "language": "en-US"}, {"source": "https://www.cnet.com/rss/all/", "title": "Best Sunscreen for Faces     - CNET", "description": "These lightweight formulas blend into the skin and protect against wrinkles, discoloration and skin cancer.", "link": "https://www.cnet.com/health/personal-care/best-sunscreen-for-face/#ftag=CADf328eec", "date_published": "2023-02-24 14:00:04+00:00", "persistent": false, "user": null, "language": "en-US"}, {"source": "https://www.cnet.com/rss/all/", "title": "Current Mortgage Interest Rates on Feb. 24, 2023: Rates Keep Rising     - CNET", "description": "This week, some key mortgage rates continued to tick up. If you're in the market for a home loan, see how your future mortgage payments could be affected by interest rate hikes.", "link": "https://www.cnet.com/personal-finance/mortgages/current-mortgage-interest-rates-on-feb-24-2023-rates-increased/#ftag=CADf328eec", "date_published": "2023-02-24 14:00:00+00:00", "persistent": false, "user": null, "language": "en-US"}, {"source": "https://www.cnet.com/rss/all/", "title": "Healthy or Harmful? New Guidance Rips Open Childhood Obesity Discussion     - CNET", "description": "New recommendations for obesity treatment in kids were welcomed by some health experts. Others worry they could set kids up for an eating disorder.", "link": "https://www.cnet.com/health/medical/healthy-or-harmful-new-guidance-rips-open-childhood-obesity-discussion/#ftag=CADf328eec", "date_published": "2023-02-24 14:00:00+00:00", "persistent": false, "user": null, "language": "en-US"}, {"source": "https://www.cnet.com/rss/all/", "title": "Mortgage Refinance Rates for Feb. 24, 2023: 10-Year Rate Settles Down     - CNET", "description": "Several benchmark refinance rates floated higher this week. The Fed's interest rate hikes have affected the refinance market.", "link": "https://www.cnet.com/personal-finance/mortgages/mortgage-refinance-rates-for-feb-24-2023-rates-increase/#ftag=CADf328eec", "date_published": "2023-02-24 14:00:00+00:00", "persistent": false, "user": null, "language": "en-US"}, {"source": "https://www.cnet.com/rss/all/", "title": "'Cocaine Bear' Review: Jaws With Claws!     - CNET", "description": "If you go down to the woods today, you're in for an old-fashioned gory good time.", "link": "https://www.cnet.com/culture/entertainment/cocaine-bear-review-jaws-with-claws/#ftag=CADf328eec", "date_published": "2023-02-24 13:33:00+00:00", "persistent": false, "user": null, "language": "en-US"}, {"source": "https://www.cnet.com/rss/all/", "title": "5 Hidden Galaxy S23 Features You Should Know About     - CNET", "description": "Samsung's flagship phones have low-key features and settings that improve your battery life, allow you to take higher-quality photos and more.", "link": "https://www.cnet.com/tech/mobile/5-hidden-galaxy-s23-features-you-should-know-about/#ftag=CADf328eec", "date_published": "2023-02-24 13:15:02+00:00", "persistent": false, "user": null, "language": "en-US"}, {"source": "https://www.cnet.com/rss/all/", "title": "A Year Into Russia's Invasion of Ukraine, We're Still Bracing for a Massive Cyberwar     - CNET", "description": "Russia's assault on Ukraine, entering its second year, has been largely a physical war. Experts are still concerned that can change.", "link": "https://www.cnet.com/tech/services-and-software/a-year-into-russias-invasion-of-ukraine-were-still-bracing-for-a-massive-cyber-war/#ftag=CADf328eec", "date_published": "2023-02-24 13:00:37+00:00", "persistent": false, "user": null, "language": "en-US"}, {"source": "https://www.cnet.com/rss/all/", "title": "How to Watch 'Party Down': Stream Season 3 From Anywhere     - CNET", "description": "Adam Scott, Ken Marino and Jane Lynch all return for the cult comedy revival, with Jennifer Garner joining the cast.", "link": "https://www.cnet.com/tech/services-and-software/how-to-watch-party-down-stream-season-3-from-anywhere/#ftag=CADf328eec", "date_published": "2023-02-24 13:00:26+00:00", "persistent": false, "user": null, "language": "en-US"}, {"source": "https://www.cnet.com/rss/all/", "title": "Attack on Titan Final Season Part 3: What to Know About the End of This Popular Anime     - CNET", "description": "Attack on Titan is a global anime phenomenon, and in the coming weeks it finally wraps up its twisty, surprise-filled story.", "link": "https://www.cnet.com/culture/entertainment/attack-on-titan-final-season-part-3-what-to-know-about-the-end-of-this-popular-anime/#ftag=CADf328eec", "date_published": "2023-02-24 13:00:03+00:00", "persistent": false, "user": null, "language": "en-US"}, {"source": "https://www.cnet.com/rss/all/", "title": "Apple Might Finally Bring USB-C to iPhone 15 video     - CNET", "description": "New leaked images point to a long-awaited feature on the next iPhone (but will it make things faster or just mean throwing out all your cables?)", "link": "https://www.cnet.com/videos/apple-might-finally-bring-usb-c-to-iphone-15/#ftag=CADf328eec", "date_published": "2023-02-24 13:00:01+00:00", "persistent": false, "user": null, "language": "en-US"}, {"source": "https://www.cnet.com/rss/all/", "title": "5 Exercise Snacks That Can Boost Your Heart Health     - CNET", "description": "All you need is a few minutes out of your day to help your heart.", "link": "https://www.cnet.com/health/fitness/5-exercise-snacks-that-can-boost-your-heart-health/#ftag=CADf328eec", "date_published": "2023-02-24 12:43:12+00:00", "persistent": false, "user": null, "language": "en-US"}, {"source": "https://www.cnet.com/rss/all/", "title": "Save Money by Cooking With Your Air Fryer Instead of Your Oven. We Do the Math     - CNET", "description": "Air fryers can actually save you money on your bills. Here's how much.", "link": "https://www.cnet.com/how-to/save-money-by-cooking-with-your-air-fryer-instead-of-your-oven-we-do-the-math/#ftag=CADf328eec", "date_published": "2023-02-24 12:30:03+00:00", "persistent": false, "user": null, "language": "en-US"}, {"source": "https://www.cnet.com/rss/all/", "title": "How to Unsend an Accidental Email on Your iPhone     - CNET", "description": "As long as your Gmail, Outlook, Yahoo or iCloud is connected to the iOS Mail app, you can recall an email.", "link": "https://www.cnet.com/tech/services-and-software/how-to-unsend-an-accidental-email-on-your-iphone/#ftag=CADf328eec", "date_published": "2023-02-24 12:15:02+00:00", "persistent": false, "user": null, "language": "en-US"}, {"source": "https://www.cnet.com/rss/all/", "title": "6 Useful Black-Owned Apps You Should Download Today     - CNET", "description": "You can find help for everything from food to travel to microloans.", "link": "https://www.cnet.com/tech/services-and-software/6-useful-black-owned-apps-you-should-download-today/#ftag=CADf328eec", "date_published": "2023-02-24 12:10:03+00:00", "persistent": false, "user": null, "language": "en-US"}, {"source": "https://www.cnet.com/rss/all/", "title": "New Solar Technology Could Make Your Windows Way More Functional     - CNET", "description": "Solar windows offer new ways to use power around your home and could automate new and existing window functions.", "link": "https://www.cnet.com/news/new-solar-technology-could-make-your-windows-way-more-functional/#ftag=CADf328eec", "date_published": "2023-02-24 12:01:00+00:00", "persistent": false, "user": null, "language": "en-US"}, {"source": "https://www.cnet.com/rss/all/", "title": "Clear Out Your Google Drive or Gmail. You'll Be Happy You Did     - CNET", "description": "Save money on storage by following these tips and tricks instead.", "link": "https://www.cnet.com/tech/services-and-software/clear-out-your-google-drive-or-gmail-youll-be-happy-you-did/#ftag=CADf328eec", "date_published": "2023-02-24 12:00:02+00:00", "persistent": false, "user": null, "language": "en-US"}, {"source": "https://www.cnet.com/rss/all/", "title": "First Spring Training Games Today Show Off Baseball's Big Rule Changes     - CNET", "description": "The MLB preseason starts Friday with three major rule changes.", "link": "https://www.cnet.com/culture/sports/first-spring-training-games-today-show-off-baseballs-big-rule-changes/#ftag=CADf328eec", "date_published": "2023-02-24 10:45:07+00:00", "persistent": false, "user": null, "language": "en-US"}, {"source": "https://www.cnet.com/rss/all/", "title": "Social Security Cheat Sheet: Understand Your Benefits     - CNET", "description": "We have answers to all the Social Security questions on your mind.", "link": "https://www.cnet.com/personal-finance/social-security-cheat-sheet-understand-your-benefits/#ftag=CADf328eec", "date_published": "2023-02-24 10:45:03+00:00", "persistent": false, "user": null, "language": "en-US"}, {"source": "https://www.cnet.com/rss/all/", "title": "Explore Solar Energy Options in Connecticut to Lower High Electricity Costs     - CNET", "description": "Installing solar panels in Connecticut is a sustainable way to help you save money on high electricity rates.", "link": "https://www.cnet.com/news/explore-solar-energy-options-in-connecticut-to-lower-high-electricity-costs/#ftag=CADf328eec", "date_published": "2023-02-24 10:18:24+00:00", "persistent": false, "user": null, "language": "en-US"}, {"source": "https://www.cnet.com/rss/all/", "title": "MediaTek's New Chip Lets Any Phone Send Texts Through Satellites     - CNET", "description": "A chunk of silicon smaller than your fingernail could connect your 4G or 5G phone to orbiting satellites.", "link": "https://www.cnet.com/tech/mobile/mediateks-new-chip-lets-any-phone-send-texts-through-satellites/#ftag=CADf328eec", "date_published": "2023-02-24 09:00:06+00:00", "persistent": false, "user": null, "language": "en-US"}, {"source": "https://www.cnet.com/rss/all/", "title": "Bullitt to Launch Its iPhone-Rivaling Satellite Smartphone in March     - CNET", "description": "The Motorola-branded Defy 2 is the first Android-running satellite smartphone US and European consumers can buy.", "link": "https://www.cnet.com/tech/mobile/bullitt-to-launch-its-iphone-rivaling-satellite-smartphone-in-march/#ftag=CADf328eec", "date_published": "2023-02-24 09:00:02+00:00", "persistent": false, "user": null, "language": "en-US"}, {"source": "https://www.cnet.com/rss/all/", "title": "'The Last of Us' Episode 6 Editing Error Spotted By Viewers     - CNET", "description": "A zoom and enhance on a desolate landscape revealed several members of film crew.", "link": "https://www.cnet.com/culture/entertainment/the-last-of-us-episode-6-editing-error-spotted-by-viewers/#ftag=CADf328eec", "date_published": "2023-02-24 06:06:55+00:00", "persistent": false, "user": null, "language": "en-US"}, {"source": "https://www.cnet.com/rss/all/", "title": "Netflix: The Best Documentaries to Watch     - CNET", "description": "Where to start with Netflix's documentaries.", "link": "https://www.cnet.com/culture/entertainment/netflix-the-best-documentaries-to-watch/#ftag=CADf328eec", "date_published": "2023-02-24 03:14:00+00:00", "persistent": false, "user": null, "language": "en-US"}, {"source": "https://www.cnet.com/rss/all/", "title": "Netflix: The Best Sci-Fi Movies to Watch     - CNET", "description": "The best sci-fi movies currently on Netflix...", "link": "https://www.cnet.com/culture/entertainment/netflix-the-best-sci-fi-movies-to-watch/#ftag=CADf328eec", "date_published": "2023-02-24 02:55:00+00:00", "persistent": false, "user": null, "language": "en-US"}, {"source": "https://www.cnet.com/rss/all/", "title": "'Succession' Ending With Season 4 on HBO: 'I think this maybe should be it'     - CNET", "description": "Creator Jesse Armstrong confirms the next season of the comedy-drama will be its last.", "link": "https://www.cnet.com/culture/entertainment/succession-ending-with-season-4-on-hbo-i-think-this-maybe-should-be-it/#ftag=CADf328eec", "date_published": "2023-02-24 02:51:00+00:00", "persistent": false, "user": null, "language": "en-US"}, {"source": "https://www.cnet.com/rss/all/", "title": "Netflix: The Best Fantasy Shows to Watch     - CNET", "description": "Netflix's fantasy library is as good as it gets.", "link": "https://www.cnet.com/culture/entertainment/netflix-the-best-fantasy-shows-to-watch/#ftag=CADf328eec", "date_published": "2023-02-24 02:49:00+00:00", "persistent": false, "user": null, "language": "en-US"}, {"source": "https://www.cnet.com/rss/all/", "title": "These Lovable Bald Eagles Are Relationship Goals     - CNET", "description": "One eagle pair shows teamwork makes the dream work.", "link": "https://www.cnet.com/science/biology/these-lovable-bald-eagles-are-relationship-goals/#ftag=CADf328eec", "date_published": "2023-02-24 01:17:00+00:00", "persistent": false, "user": null, "language": "en-US"}, {"source": "https://www.cnet.com/rss/all/", "title": "All the 2023 Video Game Release Dates You Need to Know     - CNET", "description": "All the games delayed in 2021 and 2022 are hitting in 2023. Between The Legend of Zelda, Starfield and Final Fantasy 16 alone, it's going to be a big one.", "link": "https://www.cnet.com/tech/gaming/all-the-2023-video-game-release-dates-you-need-to-know/#ftag=CADf328eec", "date_published": "2023-02-24 01:06:00+00:00", "persistent": false, "user": null, "language": "en-US"}, {"source": "https://www.cnet.com/rss/all/", "title": "Yellowjackets Season 2: Release Date, Cast and Everything We Know     - CNET", "description": "Here's all the buzz, buzz, buzz about season 2.", "link": "https://www.cnet.com/culture/entertainment/yellowjackets-season-2-release-date-cast-and-everything-we-know/#ftag=CADf328eec", "date_published": "2023-02-24 01:01:21+00:00", "persistent": false, "user": null, "language": "en-US"}, {"source": "https://www.cnet.com/rss/all/", "title": "Bear Original Mattress Review: Memory Foam and a One-of-a-Kind Cover     - CNET", "description": "Here are my thoughts on the popular bed-in-a-box mattress from Bear.", "link": "https://www.cnet.com/health/sleep/bear-original-mattress-review/#ftag=CADf328eec", "date_published": "2023-02-24 01:00:03+00:00", "persistent": false, "user": null, "language": "en-US"}, {"source": "https://www.cnet.com/rss/all/", "title": "The IRS Couldn't Come to the Phone Right Now. Find Your Tax Answer by Doing This Instead     - CNET", "description": "Don't want to wait on hold to get your tax return question answered? Follow our advice before picking up the phone to call the IRS.", "link": "https://www.cnet.com/personal-finance/taxes/irs-tax-questions-avoid-long-hold-times-by-doing-this-instead/#ftag=CADf328eec", "date_published": "2023-02-24 00:30:02+00:00", "persistent": false, "user": null, "language": "en-US"}, {"source": "https://www.cnet.com/rss/all/", "title": "Netflix: More People Should Watch This Mind-blowing Dystopian Sci-Fi Show     - CNET", "description": "It's pure insanity from start to finish.", "link": "https://www.cnet.com/culture/entertainment/netflix-more-people-should-watch-this-mind-blowing-dystopian-sci-fi-show/#ftag=CADf328eec", "date_published": "2023-02-24 00:22:00+00:00", "persistent": false, "user": null, "language": "en-US"}, {"source": "https://www.cnet.com/rss/all/", "title": "How to Exercise More: 7 Tips That Actually Work     - CNET", "description": "Adding more exercise to your daily routine is easier said than done. These tips will help.", "link": "https://www.cnet.com/health/fitness/how-to-exercise-more-7-tips-that-actually-work/#ftag=CADf328eec", "date_published": "2023-02-24 00:00:09+00:00", "persistent": false, "user": null, "language": "en-US"}]