[{"source": "http://www.aljazeera.com/xml/rss/all.xml", "title": "Why is the Alex Murdaugh trial captivating US audiences?", "description": "The 54-year-old South Carolina attorney has been accused of murdering his wife and son at their rural hunting lodge.", "link": "https://www.aljazeera.com/news/2023/2/24/why-is-the-alex-murdaugh-trial-captivating-audiences-in-the-us", "date_published": "2023-02-24 22:44:33+00:00", "persistent": false, "user": null, "language": "en-US"}, {"source": "http://www.aljazeera.com/xml/rss/all.xml", "title": "Obi supporters in home state have high hopes for Nigeria election", "description": "Peter Obi is being projected by multiple polls to win the race to replace outgoing President Muhammadu Buhari.", "link": "https://www.aljazeera.com/news/2023/2/24/obi-supporters-in-home-state-have-high-hopes-for-nigeria-election", "date_published": "2023-02-24 21:20:51+00:00", "persistent": false, "user": null, "language": "en-US"}, {"source": "http://www.aljazeera.com/xml/rss/all.xml", "title": "Democrat-led states challenge US over abortion pill restrictions", "description": "Twelve states join a lawsuit alleging the US government has placed unnecessary restrictions on mifepristone.", "link": "https://www.aljazeera.com/news/2023/2/24/democrat-led-states-challenge-us-over-abortion-pill-restrictions", "date_published": "2023-02-24 20:43:09+00:00", "persistent": false, "user": null, "language": "en-US"}, {"source": "http://www.aljazeera.com/xml/rss/all.xml", "title": "One year into Russian invasion, Ukraine\u2019s Zelenskyy vows victory", "description": "President Volodymyr Zelenskyy says the beginning of the Russian invasion was &#039;the longest day of our lives&#039;.", "link": "https://www.aljazeera.com/news/2023/2/24/one-year-into-invasion-ukraine-mourns-vows-victory", "date_published": "2023-02-24 20:38:27+00:00", "persistent": false, "user": null, "language": "en-US"}, {"source": "http://www.aljazeera.com/xml/rss/all.xml", "title": "Who is behind Russia\u2019s Wagner Group?", "description": "A dispute with the Russian Ministry of Defence has revealed the extent of the mercenary group&#039;s role in Ukraine.", "link": "https://www.aljazeera.com/program/inside-story/2023/2/24/who-is-behind-russias-wagner-group", "date_published": "2023-02-24 19:39:49+00:00", "persistent": false, "user": null, "language": "en-US"}, {"source": "http://www.aljazeera.com/xml/rss/all.xml", "title": "Winter storm brings heavy rain, rare snow to parts of California", "description": "Authorities warn residents that severe weather, including blizzards, could create dangerous driving conditions in US.", "link": "https://www.aljazeera.com/news/2023/2/24/winter-storm-brings-snow-and-rain-to-california", "date_published": "2023-02-24 18:17:43+00:00", "persistent": false, "user": null, "language": "en-US"}, {"source": "http://www.aljazeera.com/xml/rss/all.xml", "title": "Mozambicans seek shelter as storm Freddy makes landfall", "description": "Heavy rains forecast in southern provinces, and neighbouring countries also expected to be impacted by tropical storm.", "link": "https://www.aljazeera.com/news/2023/2/24/mozambicans-seek-shelter-as-storm-freddy-makes-landfall", "date_published": "2023-02-24 17:55:52+00:00", "persistent": false, "user": null, "language": "en-US"}, {"source": "http://www.aljazeera.com/xml/rss/all.xml", "title": "Villagers mourn mosque destroyed by Syria\u2019s earthquake", "description": "&#039;People&#039;s hearts are attached to this mosque,&#039; says the imam of Maland&#039;s destroyed mosque.", "link": "https://www.aljazeera.com/gallery/2023/2/24/villagers-mourn-for-mosque-destroyed-by-syrias-earthquake", "date_published": "2023-02-24 17:54:08+00:00", "persistent": false, "user": null, "language": "en-US"}, {"source": "http://www.aljazeera.com/xml/rss/all.xml", "title": "It\u2019s time for a borderless Africa", "description": "No African should be treated like a foreigner in any African country.", "link": "https://www.aljazeera.com/opinions/2023/2/24/its-time-for-a-borderless-africa", "date_published": "2023-02-24 17:34:31+00:00", "persistent": false, "user": null, "language": "en-US"}, {"source": "http://www.aljazeera.com/xml/rss/all.xml", "title": "All you need to know about China\u2019s plan for Russia-Ukraine talks", "description": "Beijing has released a 12-point position paper, calling for a ceasefire between Kyiv and Moscow.", "link": "https://www.aljazeera.com/news/2023/2/24/all-you-need-to-know-about-chinas-plan-for-russia-ukraine-war", "date_published": "2023-02-24 17:24:03+00:00", "persistent": false, "user": null, "language": "en-US"}, {"source": "http://www.aljazeera.com/xml/rss/all.xml", "title": "US consumer spending surges in January, inflation heats up", "description": "US consumer spending increased by the most in nearly two years in January amid a surge in wage gains.", "link": "https://www.aljazeera.com/economy/2023/2/24/us-consumer-spending-surges-in-january-inflation-heats-up", "date_published": "2023-02-24 17:08:56+00:00", "persistent": false, "user": null, "language": "en-US"}, {"source": "http://www.aljazeera.com/xml/rss/all.xml", "title": "Syrian refugees in Turkey face return to quake-stricken areas", "description": "Gov&#039;t directives issued after quakes allow refugees in affected provinces to move around, but only for a limited time.", "link": "https://www.aljazeera.com/news/2023/2/24/syrian-refugees-in-turkey-face-return-to-quake-stricken-areas", "date_published": "2023-02-24 17:04:22+00:00", "persistent": false, "user": null, "language": "en-US"}, {"source": "http://www.aljazeera.com/xml/rss/all.xml", "title": "Estonian PM: \u2018If aggression pays off, aggressors will take note\u2019", "description": "Prime Minister Kaja Kallas discusses what Europe has learned since last year\u2019s invasion of Ukraine.", "link": "https://www.aljazeera.com/program/talk-to-al-jazeera/2023/2/24/estonian-pm-if-aggression-pays-off-aggressors-will-take-note", "date_published": "2023-02-24 16:21:00+00:00", "persistent": false, "user": null, "language": "en-US"}, {"source": "http://www.aljazeera.com/xml/rss/all.xml", "title": "US announces new Ukraine aid, Russia sanctions on war anniversary", "description": "Pentagon to send more HIMARS ammunition and drones to Ukraine as Washington targets Russian firms and sanction evasion.", "link": "https://www.aljazeera.com/news/2023/2/24/us-announces-new-ukraine-aid-russia-sanctions-on-war-anniversary", "date_published": "2023-02-24 16:01:05+00:00", "persistent": false, "user": null, "language": "en-US"}, {"source": "http://www.aljazeera.com/xml/rss/all.xml", "title": "Nigeria MP arrested with nearly $500,000 before election", "description": "Chinyere Igwe was found travelling with the money and a distribution list, police say a day before Nigerian elections.", "link": "https://www.aljazeera.com/news/2023/2/24/nigeria-mp-arrested-with-nearly-500000-cash-ahead-of-election", "date_published": "2023-02-24 16:00:36+00:00", "persistent": false, "user": null, "language": "en-US"}, {"source": "http://www.aljazeera.com/xml/rss/all.xml", "title": "Palestinian medic\u2019s father hit by Israeli bullet dies in his lap", "description": "Elias al-Ashqar cried after he could not save his father wounded in Israeli raid on Nablus on Wednesday.", "link": "https://www.aljazeera.com/gallery/2023/2/24/mourning-nabluss-dead-after-an-israeli-raid-killed-11", "date_published": "2023-02-24 15:48:38+00:00", "persistent": false, "user": null, "language": "en-US"}, {"source": "http://www.aljazeera.com/xml/rss/all.xml", "title": "\u2018I had no idea I\u2019d never go back\u2019: Mariupol survivors, a year on", "description": "Al Jazeera catches up with former residents of the city where Russia is alleged to have carried out atrocities.", "link": "https://www.aljazeera.com/news/2023/2/24/never-wanted-to-leave-mariupol-residents-look-back-at-war", "date_published": "2023-02-24 14:20:59+00:00", "persistent": false, "user": null, "language": "en-US"}, {"source": "http://www.aljazeera.com/xml/rss/all.xml", "title": "\u2018I was a prisoner of Mexico\u2019s US-backed migrant detention regime\u2019", "description": "An American writes about her time in the migrant prison city of Tapachula, where she is threatened with deportation.", "link": "https://www.aljazeera.com/features/2023/2/24/i-was-a-prisoner-of-mexicos-us-backed-migrant-detention-regime", "date_published": "2023-02-24 13:16:25+00:00", "persistent": false, "user": null, "language": "en-US"}, {"source": "http://www.aljazeera.com/xml/rss/all.xml", "title": "Western leaders slam Russia on first anniversary of Ukraine war", "description": "Ukraine&#039;s allies promise to stand with Kyiv as the conflict enters a second year, while China treads a careful line.", "link": "https://www.aljazeera.com/news/2023/2/24/west-voices-support-for-ukraine-a-year-into-russias-invasion", "date_published": "2023-02-24 13:00:10+00:00", "persistent": false, "user": null, "language": "en-US"}, {"source": "http://www.aljazeera.com/xml/rss/all.xml", "title": "Five key ways the US has supported Ukraine\u2019s war effort", "description": "Al Jazeera examines Washington&#039;s notable moves to help Kyiv fight against Moscow&#039;s invasion over the past year.", "link": "https://www.aljazeera.com/news/2023/2/24/five-key-ways-the-us-has-supported-ukraines-war-effort", "date_published": "2023-02-24 12:49:24+00:00", "persistent": false, "user": null, "language": "en-US"}, {"source": "http://www.aljazeera.com/xml/rss/all.xml", "title": "Italy detains migrant rescue ship, fines charity", "description": "Italy&#039;s far-right government is taking legal action against a vessel operated by MSF in the Mediterranean Sea.", "link": "https://www.aljazeera.com/news/2023/2/24/italy-detains-migrant-rescue-ship-fines-charity", "date_published": "2023-02-24 11:54:58+00:00", "persistent": false, "user": null, "language": "en-US"}, {"source": "http://www.aljazeera.com/xml/rss/all.xml", "title": "Tunisia arrests key opposition figure as crackdown escalates", "description": "Jaouhar Ben Mbarek, a critic of the president, is a prominent member of the main opposition coalition.", "link": "https://www.aljazeera.com/news/2023/2/24/tunisia-arrests-opposition-figure-ben-mbarek-family", "date_published": "2023-02-24 11:04:13+00:00", "persistent": false, "user": null, "language": "en-US"}, {"source": "http://www.aljazeera.com/xml/rss/all.xml", "title": "Ukraine\u2019s Bravehearts: From filmmakers to war veterans", "description": "Two Ukrainian filmmakers join the army and find themselves caught between worlds.", "link": "https://www.aljazeera.com/program/witness/2023/2/24/ukraines-bravehearts-from-filmmakers-to-war-veterans", "date_published": "2023-02-24 10:52:41+00:00", "persistent": false, "user": null, "language": "en-US"}, {"source": "http://www.aljazeera.com/xml/rss/all.xml", "title": "Russia\u2019s Medvedev floats idea of pushing back Poland\u2019s borders", "description": "Putin-ally says Russia will be victorious in Ukraine and is ready to fight until the Polish border to counter &#039;threats&#039;.", "link": "https://www.aljazeera.com/news/2023/2/24/moscow-must-push-borders-back-as-far-as-possible-says-medvedev", "date_published": "2023-02-24 10:43:04+00:00", "persistent": false, "user": null, "language": "en-US"}, {"source": "http://www.aljazeera.com/xml/rss/all.xml", "title": "Israeli forces kill Palestinian, thousands protest violent raids", "description": "Israeli forces have killed 65 Palestinians, 13 of them children, so far this year, the bloodiest such period since 2000.", "link": "https://www.aljazeera.com/news/2023/2/24/israeli-forces-kill-palestinian-thousands-protest-violent-raids", "date_published": "2023-02-24 10:03:18+00:00", "persistent": false, "user": null, "language": "en-US"}, {"source": "http://www.aljazeera.com/xml/rss/all.xml", "title": "Ukrainians on first anniversary of Russia\u2019s war: \u2018I worry a lot\u2019", "description": "Four Ukrainians in Kyiv on Russia&#039;s brutal war in Ukraine, which is barrelling into a second year.", "link": "https://www.aljazeera.com/news/2023/2/24/ukrainians-on-first-anniversary-of-russias-war-i-worry-a-lot", "date_published": "2023-02-24 09:56:38+00:00", "persistent": false, "user": null, "language": "en-US"}, {"source": "http://www.aljazeera.com/xml/rss/all.xml", "title": "Ukraine war: Is more war the only solution?", "description": "Two views on Russia&#039;s war in Ukraine paint different pictures of the road ahead.", "link": "https://www.aljazeera.com/program/the-bottom-line/2023/2/24/ukraine-war-is-more-war-the-only-solution", "date_published": "2023-02-24 08:58:41+00:00", "persistent": false, "user": null, "language": "en-US"}, {"source": "http://www.aljazeera.com/xml/rss/all.xml", "title": "Explainer: Key voting blocs ahead of Nigeria election", "description": "A close look at the four main voter constituencies and how they could affect Nigeria&#039;s upcoming election results.", "link": "https://www.aljazeera.com/news/2023/2/24/explainer-the-key-voting-blocs-ahead-of-nigerias-national-election", "date_published": "2023-02-24 08:45:00+00:00", "persistent": false, "user": null, "language": "en-US"}, {"source": "http://www.aljazeera.com/xml/rss/all.xml", "title": "Indonesia boosts security in Papua after 9 killed in riot", "description": "More than 200 security personnel sent to Wamena town after kidnap rumour sparks deadly riot and clashes with police.", "link": "https://www.aljazeera.com/news/2023/2/24/indonesia-boosts-security-in-papua-after-9-killed-in-riot", "date_published": "2023-02-24 08:42:06+00:00", "persistent": false, "user": null, "language": "en-US"}, {"source": "http://www.aljazeera.com/xml/rss/all.xml", "title": "Is Europe really united in backing Ukraine and isolating Russia?", "description": "Europe has shown solidarity with Zelenskyy&#039;s forces, but beneath the surface, divisions persist, say analysts.", "link": "https://www.aljazeera.com/news/2023/2/24/has-the-ukraine-war-strengthened-europe-or-weakened-it", "date_published": "2023-02-24 08:42:06+00:00", "persistent": false, "user": null, "language": "en-US"}, {"source": "http://www.aljazeera.com/xml/rss/all.xml", "title": "Two Pakistanis leave Guantanamo after 20 years without charges", "description": "Abdul and Mohammed Rabbani, arrested from Karachi in 2002, are the latest inmates to be released from US custody.", "link": "https://www.aljazeera.com/news/2023/2/24/two-pakistanis-leave-guantanamo-after-20-years-without-charges", "date_published": "2023-02-24 08:28:16+00:00", "persistent": false, "user": null, "language": "en-US"}, {"source": "http://www.aljazeera.com/xml/rss/all.xml", "title": "India\u2019s Modi asks G20 finance heads to focus on \u2018most vulnerable\u2019", "description": "Financial viability of many countries is being threatened by unsustainable debt, Indian PM says at two-day G20 meeting.", "link": "https://www.aljazeera.com/news/2023/2/24/indias-modi-asks-g20-finance-heads-to-focus-on-most-vulnerable", "date_published": "2023-02-24 07:41:21+00:00", "persistent": false, "user": null, "language": "en-US"}, {"source": "http://www.aljazeera.com/xml/rss/all.xml", "title": "Djibouti holds parliamentary vote branded as sham by opposition", "description": "Only two parties are contesting seats in the 65-member National Assembly in Friday&#039;s election.", "link": "https://www.aljazeera.com/news/2023/2/24/djibouti-to-hold-parliamentary-vote-snubbed-by-opposition", "date_published": "2023-02-24 07:34:37+00:00", "persistent": false, "user": null, "language": "en-US"}, {"source": "http://www.aljazeera.com/xml/rss/all.xml", "title": "Russia-Ukraine war: List of key events, day 366", "description": "As the Russia-Ukraine war enters its 366th day, we take a look at the main developments.", "link": "https://www.aljazeera.com/news/2023/2/24/russia-ukraine-war-list-of-key-events-day-366", "date_published": "2023-02-24 07:01:02+00:00", "persistent": false, "user": null, "language": "en-US"}, {"source": "http://www.aljazeera.com/xml/rss/all.xml", "title": "Australia uncovers Russian espionage ring, expels spies: Report", "description": "Russian spy ring operated in Australia for 18 months before it was uncovered and its activities broken up, report says.", "link": "https://www.aljazeera.com/news/2023/2/24/australia-uncovers-russian-espionage-ring-expels-spies-report", "date_published": "2023-02-24 06:40:08+00:00", "persistent": false, "user": null, "language": "en-US"}, {"source": "http://www.aljazeera.com/xml/rss/all.xml", "title": "Russia sends Soyuz rescue ship to International Space Station", "description": "Soyuz MS-23 will transport Russian cosmonauts Dmitry Petelin, Sergei Prokopyev and NASA&#039;s Frank Rubio back to Earth.", "link": "https://www.aljazeera.com/news/2023/2/24/russia-sends-soyuz-rescue-ship-to-international-space-station", "date_published": "2023-02-24 05:20:29+00:00", "persistent": false, "user": null, "language": "en-US"}, {"source": "http://www.aljazeera.com/xml/rss/all.xml", "title": "Photos: Death, destruction and displacement in a year of war", "description": "A selection of images attesting to the tragedies inflicted on the Ukrainian people.", "link": "https://www.aljazeera.com/gallery/2023/2/24/photos-russia-ukraine-war-images-capture-a-year-of-war-russia-u", "date_published": "2023-02-24 05:15:09+00:00", "persistent": false, "user": null, "language": "en-US"}, {"source": "http://www.aljazeera.com/xml/rss/all.xml", "title": "Unbeaten, unbowed: Leila de Lima marks six years in detention", "description": "Former Philippines senator and outspoken critic of ex-President Rodrigo Duterte sees hope for freedom.", "link": "https://www.aljazeera.com/news/2023/2/24/unbeaten-unbowed-leila-de-lima-marks-six-years-in-detention", "date_published": "2023-02-24 05:02:45+00:00", "persistent": false, "user": null, "language": "en-US"}, {"source": "http://www.aljazeera.com/xml/rss/all.xml", "title": "IMF unveils crypto plan, advising against legal tender status", "description": "Global lender recommends countries craft crypto policies that &#039;safeguard monetary sovereignty and stability&#039;.", "link": "https://www.aljazeera.com/economy/2023/2/24/imf-unveils-crypto-plan-warning-against-legal-tender-status", "date_published": "2023-02-24 04:41:41+00:00", "persistent": false, "user": null, "language": "en-US"}, {"source": "http://www.aljazeera.com/xml/rss/all.xml", "title": "China calls for Russia-Ukraine ceasefire, proposes path to peace", "description": "China&#039;s plan calls for end to Western sanctions on Russia and humanitarian corridors for civilians to escape fighting.", "link": "https://www.aljazeera.com/news/2023/2/24/china-calls-for-russia-ukraine-cease-fire-proposes-peace-talks", "date_published": "2023-02-24 03:40:23+00:00", "persistent": false, "user": null, "language": "en-US"}, {"source": "http://www.aljazeera.com/xml/rss/all.xml", "title": "Indonesia\u2019s palm oil tycoon Darmadi gets 15 years for corruption", "description": "Surya Darmadi ordered to repay the state equivalent of $2.6bn over corruption scheme that cleared protected forests.", "link": "https://www.aljazeera.com/economy/2023/2/24/indonesias-palm-oil-tycoon-darmadi-gets-15-years-for-corruption", "date_published": "2023-02-24 03:31:54+00:00", "persistent": false, "user": null, "language": "en-US"}, {"source": "http://www.aljazeera.com/xml/rss/all.xml", "title": "UN tells Russia to leave Ukraine: How did countries vote?", "description": "A country breakdown of the UN General Assembly vote that demanded Moscow withdraw its troops and end the fighting.", "link": "https://www.aljazeera.com/news/2023/2/24/un-tells-russia-to-leave-ukraine-how-did-countries-vote", "date_published": "2023-02-24 02:48:08+00:00", "persistent": false, "user": null, "language": "en-US"}, {"source": "http://www.aljazeera.com/xml/rss/all.xml", "title": "North Korea test fires four long-range cruise missiles", "description": "Pyongyang has begun conducting more weapons tests as the United States and South Korea step up military training.", "link": "https://www.aljazeera.com/news/2023/2/24/north-korea-test-fires-four-long-range-cruise-missiles", "date_published": "2023-02-24 02:10:09+00:00", "persistent": false, "user": null, "language": "en-US"}, {"source": "http://www.aljazeera.com/xml/rss/all.xml", "title": "A year into Ukraine war, Asia\u2019s big brands sit out Russia boycott", "description": "Fewer than 100 Asia-based firms have suspended or scaled back their Russia operations, according to database.", "link": "https://www.aljazeera.com/economy/2023/2/24/asian-brands-sit-out-russia-boycotts", "date_published": "2023-02-24 02:06:08+00:00", "persistent": false, "user": null, "language": "en-US"}, {"source": "http://www.aljazeera.com/xml/rss/all.xml", "title": "Refugees on Australian detention island sew lips shut in protest", "description": "Mohammad Shofiqul Islam and Mohammad Kaium have been held on the remote Pacific island of Nauru for nearly 10 years.", "link": "https://www.aljazeera.com/news/2023/2/24/refugees-on-australian-detention-island-sew-lips-shut-in-protest", "date_published": "2023-02-24 01:42:03+00:00", "persistent": false, "user": null, "language": "en-US"}, {"source": "http://www.aljazeera.com/xml/rss/all.xml", "title": "How China and India\u2019s appetite for oil and gas kept Russia afloat", "description": "Russia\u2019s economy has been able to weather Western-led sanctions in large part due to strong energy exports.", "link": "https://www.aljazeera.com/economy/2023/2/24/how-china-and-indias-appetite-for-oil-and-gas-kept-russia-afloat", "date_published": "2023-02-24 01:38:01+00:00", "persistent": false, "user": null, "language": "en-US"}, {"source": "http://www.aljazeera.com/xml/rss/all.xml", "title": "Republican Party sets first presidential debate in US swing state", "description": "The debate, to be held in Wisconsin, is expected to feature Republican candidates like Donald Trump and Nikki Haley.", "link": "https://www.aljazeera.com/news/2023/2/24/republican-party-sets-first-presidential-debate-in-swing-state", "date_published": "2023-02-24 01:13:38+00:00", "persistent": false, "user": null, "language": "en-US"}, {"source": "http://www.aljazeera.com/xml/rss/all.xml", "title": "UN condemns Russia over Ukraine war, calls for withdrawal", "description": "Some 141 members of the UN General Assembly back resolution, a year after Russia invaded its neighbour.", "link": "https://www.aljazeera.com/news/2023/2/24/un-condemns-russia-over-ukraine-war-calls-for-withdrawal", "date_published": "2023-02-24 00:04:19+00:00", "persistent": false, "user": null, "language": "en-US"}]