[{"source": "https://www.lemonde.fr/en/rss/une.xml", "title": "One year of war as told by Ukrainian generals", "description": "Three men who were behind the success of the Ukrainian army's counteroffensives have gained hero status in the country. Coming from the post-Soviet era, they are familiar with the military culture of both Russia and NATO.", "link": "https://www.lemonde.fr/en/international/article/2023/02/24/one-year-of-war-as-told-by-ukrainian-generals_6017197_4.html", "date_published": "2023-02-24 20:00:22+00:00", "persistent": false, "user": null, "language": "en-US"}, {"source": "https://www.lemonde.fr/en/rss/une.xml", "title": "Singer Saad Lamjarred convicted of rape in Paris sentenced to 6 years", "description": "A court convicted the Moroccan singer of rape and assault charges.", "link": "https://www.lemonde.fr/en/france/article/2023/02/24/singer-saad-lamjarred-convicted-of-rape-in-paris-sentenced-to-6-years_6017195_7.html", "date_published": "2023-02-24 19:58:17+00:00", "persistent": false, "user": null, "language": "en-US"}, {"source": "https://www.lemonde.fr/en/rss/une.xml", "title": "Florida executes first prisoner in more than three years", "description": "Donald Dillbeck spent the last 32 years on death row after killing a woman in a parking lot in 1990 while already on the run for another murder.", "link": "https://www.lemonde.fr/en/international/article/2023/02/24/florida-executes-first-prisoner-in-more-than-three-years_6017193_4.html", "date_published": "2023-02-24 19:30:52+00:00", "persistent": false, "user": null, "language": "en-US"}, {"source": "https://www.lemonde.fr/en/rss/une.xml", "title": "Massive military exercise in Southern France prepares soldiers for high-intensity warfare", "description": "The French army has mobilized the 'Charles-de-Gaulle' aircraft carrier and over a thousand land and sea vehicles in an unprecedented large-scale military simulation.", "link": "https://www.lemonde.fr/en/international/article/2023/02/24/massive-military-exercise-in-southern-france-prepares-soldiers-for-high-intensity-warfare_6017191_4.html", "date_published": "2023-02-24 19:10:48+00:00", "persistent": false, "user": null, "language": "en-US"}, {"source": "https://www.lemonde.fr/en/rss/une.xml", "title": "French government launches study on adapting to 2\u00b0C or 4\u00b0C of global warming", "description": "The two scenarios, drawn from the forecasts from the Intergovernmental Panel on Climate Change's latest report, are to be the subject of a public consultation in the spring.", "link": "https://www.lemonde.fr/en/environment/article/2023/02/24/french-government-launches-study-on-adapting-to-2-c-or-4-c-of-global-warming_6017188_114.html", "date_published": "2023-02-24 19:02:47+00:00", "persistent": false, "user": null, "language": "en-US"}, {"source": "https://www.lemonde.fr/en/rss/une.xml", "title": "Ukrainians experience an unprecedented rupture with the Russian people", "description": "Before the invasion, Ukrainians had drawn a line between the Russian people and their government. But the war crimes have raised a barrier between the two populations, who had been described by Russian propaganda as 'brothers.'", "link": "https://www.lemonde.fr/en/international/article/2023/02/24/ukrainians-experience-an-unprecedented-rupture-with-the-russian-people_6017187_4.html", "date_published": "2023-02-24 19:00:16+00:00", "persistent": false, "user": null, "language": "en-US"}, {"source": "https://www.lemonde.fr/en/rss/une.xml", "title": "Zelensky eyes 'inevitable' victory for Ukraine on anniversary of Russia conflict", "description": "The Ukrainian president vowed to do everything to defeat Russia as the war enters its second year.", "link": "https://www.lemonde.fr/en/international/article/2023/02/24/zelensky-eyes-inevitable-victory-for-ukraine-on-anniversary-of-russia-conflict_6017184_4.html", "date_published": "2023-02-24 18:42:56+00:00", "persistent": false, "user": null, "language": "en-US"}, {"source": "https://www.lemonde.fr/en/rss/une.xml", "title": "Ukraine sees some value in Chinese peace plan", "description": "Ukrainian President Volodymyr Zelensky said on Friday he was open to considering parts of a 12-point peace plan presented by Beijing.", "link": "https://www.lemonde.fr/en/international/article/2023/02/24/ukraine-sees-some-value-in-chinese-peace-plan_6017181_4.html", "date_published": "2023-02-24 18:09:57+00:00", "persistent": false, "user": null, "language": "en-US"}, {"source": "https://www.lemonde.fr/en/rss/une.xml", "title": "EU states call for stronger borders, migrant return deals", "description": "The European Union is currently exploring ways for its border agency, Frontex, to operate in third-party states to dissuade migration.", "link": "https://www.lemonde.fr/en/european-union/article/2023/02/24/eu-states-call-for-stronger-borders-migrant-return-deals_6017179_156.html", "date_published": "2023-02-24 17:35:09+00:00", "persistent": false, "user": null, "language": "en-US"}, {"source": "https://www.lemonde.fr/en/rss/une.xml", "title": "UK rail union agrees on pay deal", "description": "The Transport Salaried Staffs' Association (TSSA) said its 3,000 members had voted overwhelmingly in favor of deals that include a two-year pay rise worth 9%.", "link": "https://www.lemonde.fr/en/united-kingdom/article/2023/02/24/uk-rail-union-agrees-on-pay-deal_6017178_135.html", "date_published": "2023-02-24 17:24:46+00:00", "persistent": false, "user": null, "language": "en-US"}, {"source": "https://www.lemonde.fr/en/rss/une.xml", "title": "Washington announces new round of Russia sanctions", "description": "The new sanctions target 250 individuals and firms as the war in Ukraine enters its second year.", "link": "https://www.lemonde.fr/en/international/article/2023/02/24/washington-announces-new-round-of-russia-sanctions_6017176_4.html", "date_published": "2023-02-24 17:17:01+00:00", "persistent": false, "user": null, "language": "en-US"}, {"source": "https://www.lemonde.fr/en/rss/une.xml", "title": "France's C\u00e9sars hope to rival American movie award ceremonies", "description": "The 48th edition of the French film awards will be held on Friday. The event is looking for a make-over in a bid to adapt to societal changes.", "link": "https://www.lemonde.fr/en/culture/article/2023/02/24/france-s-cesars-hope-to-rival-american-movie-award-ceremonies_6017170_30.html", "date_published": "2023-02-24 17:00:17+00:00", "persistent": false, "user": null, "language": "en-US"}, {"source": "https://www.lemonde.fr/en/rss/une.xml", "title": "Man admits killing wife found dismembered in Paris park", "description": "A 46-year-old has admitted to killing his wife after her dismembered body was found in the Buttes-Chaumont park in northeast Paris.", "link": "https://www.lemonde.fr/en/france/article/2023/02/24/man-admits-killing-wife-found-dismembered-in-paris-park_6017169_7.html", "date_published": "2023-02-24 16:56:53+00:00", "persistent": false, "user": null, "language": "en-US"}, {"source": "https://www.lemonde.fr/en/rss/une.xml", "title": "Penguin to publish 'classic' Roald Dahl books after backlash", "description": "The publisher announced it would release the original versions of Roald Dahl's children's books following a wave of criticism over their re-editing for a modern audience.", "link": "https://www.lemonde.fr/en/international/article/2023/02/24/penguin-to-publish-classic-roald-dahl-books-after-backlash_6017164_4.html", "date_published": "2023-02-24 16:38:53+00:00", "persistent": false, "user": null, "language": "en-US"}, {"source": "https://www.lemonde.fr/en/rss/une.xml", "title": "Maternal health declines significantly in many parts of the world", "description": "According to a report by several UN agencies published on Thursday, a woman dies every two minutes in the world in connection with a pregnancy.", "link": "https://www.lemonde.fr/en/international/article/2023/02/24/maternal-health-declines-significantly-in-many-parts-of-the-world_6017158_4.html", "date_published": "2023-02-24 15:30:15+00:00", "persistent": false, "user": null, "language": "en-US"}, {"source": "https://www.lemonde.fr/en/rss/une.xml", "title": "Friction mounts over US-Canada border crossing point loophole", "description": "Roxham Road, an immigration loophole between the two countries, is expected to be on the agenda of discussions between Justin Trudeau and Joe Biden during Biden's visit to Ottawa in March.", "link": "https://www.lemonde.fr/en/international/article/2023/02/24/friction-mounts-over-us-canada-border-crossing-point-loophole_6017156_4.html", "date_published": "2023-02-24 15:16:52+00:00", "persistent": false, "user": null, "language": "en-US"}, {"source": "https://www.lemonde.fr/en/rss/une.xml", "title": "Bernard Squarcini, former head of French domestic intelligence, is openly sympathetic to Russia", "description": "In 2013, he moved to work in economic intelligence, but the former intelligence boss has been asked several times to call on his networks to support Russian oligarchs.", "link": "https://www.lemonde.fr/en/france/article/2023/02/24/bernard-squarcini-former-head-of-french-domestic-intelligence-is-openly-sympathetic-to-russia_6017151_7.html", "date_published": "2023-02-24 15:07:16+00:00", "persistent": false, "user": null, "language": "en-US"}, {"source": "https://www.lemonde.fr/en/rss/une.xml", "title": "Teacher killed in Saint-Jean-de-Luz: \"shock\" and \"anguish\" after the tragedy", "description": "With the teenage assailant set to be indicted for what is described as a 'sudden and totally incomprehensible' act, emotions are running high in the town of Saint-Jean-de-Luz.", "link": "https://www.lemonde.fr/en/france/article/2023/02/24/shock-and-anguish-after-teacher-murdered-by-one-of-her-students-in-southwest-france_6017146_7.html", "date_published": "2023-02-24 14:54:07+00:00", "persistent": false, "user": null, "language": "en-US"}, {"source": "https://www.lemonde.fr/en/rss/une.xml", "title": "The Kyiv School of Economics is a scout on the war's economic front", "description": "As a start-up incubator and government advisor, the establishment is much more than a school. It also manages human resources for the territorial defense.", "link": "https://www.lemonde.fr/en/international/article/2023/02/24/the-kyiv-school-of-economics-is-a-scout-on-the-war-s-economic-front_6017141_4.html", "date_published": "2023-02-24 13:41:23+00:00", "persistent": false, "user": null, "language": "en-US"}, {"source": "https://www.lemonde.fr/en/rss/une.xml", "title": "British government establishes independent regulator, but just for English football", "description": "Poor revenue sharing between clubs, controversial ownership, the risks of creating separate and closed leagues: The new body aims to counter English football's worst flaws.", "link": "https://www.lemonde.fr/en/united-kingdom/article/2023/02/24/british-government-establishes-independent-regulator-but-just-for-english-football_6017139_135.html", "date_published": "2023-02-24 13:36:36+00:00", "persistent": false, "user": null, "language": "en-US"}, {"source": "https://www.lemonde.fr/en/rss/une.xml", "title": "Presence of six Russian MPs at OSCE assembly in Vienna causes controversy", "description": "Austria granted visas to the elected representatives, five of whom are under European sanctions.", "link": "https://www.lemonde.fr/en/international/article/2023/02/24/presence-of-six-russian-mps-at-osce-assembly-in-vienna-causes-controversy_6017132_4.html", "date_published": "2023-02-24 12:14:41+00:00", "persistent": false, "user": null, "language": "en-US"}, {"source": "https://www.lemonde.fr/en/rss/une.xml", "title": "Poland delivers first Leopard 2 tanks to Ukraine", "description": "Poland has pledged 14 German-made Leopard 2 tanks to Ukraine and Germany has promised an equal number. It was unclear how many tanks arrived on Friday.", "link": "https://www.lemonde.fr/en/international/article/2023/02/24/poland-delivers-first-leopard-2-tanks-to-ukraine_6017131_4.html", "date_published": "2023-02-24 12:14:05+00:00", "persistent": false, "user": null, "language": "en-US"}, {"source": "https://www.lemonde.fr/en/rss/une.xml", "title": "After one year of war in Ukraine, Allied armies forced to adapt to Russian reality", "description": "Mixing traditional weapons such as tanks with more modern inventions like drones, the war in Ukraine has compelled Western forces to review their strategies.", "link": "https://www.lemonde.fr/en/international/article/2023/02/24/after-one-year-of-war-in-ukraine-allied-armies-forced-to-adapt-to-russian-reality_6017126_4.html", "date_published": "2023-02-24 11:47:12+00:00", "persistent": false, "user": null, "language": "en-US"}, {"source": "https://www.lemonde.fr/en/rss/une.xml", "title": "On the front line in Kreminna, Ukrainian soldiers are 'holding on'", "description": "For four months, the Sturm Battalion has been resisting the Russian forces that have resumed the offensive at the edge of the occupied Luhansk region in Donbas.", "link": "https://www.lemonde.fr/en/international/article/2023/02/24/on-the-front-line-in-kreminna-ukrainian-soldiers-are-holding-on_6017123_4.html", "date_published": "2023-02-24 11:00:16+00:00", "persistent": false, "user": null, "language": "en-US"}, {"source": "https://www.lemonde.fr/en/rss/une.xml", "title": "After a year of war in Ukraine, diplomacy reaches an impasse at the UN", "description": "Two additional countries voted on Thursday against a resolution demanding the withdrawal of Russian troops from Ukraine, bringing to six the number of declared supporters of Moscow.", "link": "https://www.lemonde.fr/en/international/article/2023/02/24/after-a-year-of-war-in-ukraine-diplomacy-reaches-an-impasse-at-the-un_6017120_4.html", "date_published": "2023-02-24 10:53:28+00:00", "persistent": false, "user": null, "language": "en-US"}, {"source": "https://www.lemonde.fr/en/rss/une.xml", "title": "Harvey Weinstein begs for 'mercy' as he is sentenced to 16 years for another rape", "description": "The former movie mogul is already serving a 23-year sentence for his separate 2020 conviction in New York for sex crimes.", "link": "https://www.lemonde.fr/en/united-states/article/2023/02/24/harvey-weinstein-begs-for-mercy-as-he-is-sentenced-to-16-years-for-another-rape_6017112_133.html", "date_published": "2023-02-24 09:04:38+00:00", "persistent": false, "user": null, "language": "en-US"}, {"source": "https://www.lemonde.fr/en/rss/une.xml", "title": "Russian propaganda stirs up hatred against a 'Ukronazi' government", "description": "Since the beginning of the war, state media and 'patriotic' Telegram channels have been spreading a myth inherited from the Soviet era that Russia is always the victim and never the aggressor.", "link": "https://www.lemonde.fr/en/international/article/2023/02/24/russian-propaganda-stirs-up-hatred-against-a-ukronazi-government_6017109_4.html", "date_published": "2023-02-24 09:00:12+00:00", "persistent": false, "user": null, "language": "en-US"}, {"source": "https://www.lemonde.fr/en/rss/une.xml", "title": "Serial burnout spreads among Danish politicians", "description": "The sick leave for the government's number two, Jakob Ellemann-Jensen is just the latest in a long list revealing the extent of burnout that has hit the country's political figures.", "link": "https://www.lemonde.fr/en/international/article/2023/02/24/serial-burnout-spreads-among-danish-politicians_6017108_4.html", "date_published": "2023-02-24 08:53:29+00:00", "persistent": false, "user": null, "language": "en-US"}, {"source": "https://www.lemonde.fr/en/rss/une.xml", "title": "France's railroad company SNCF reports record profit in 2022", "description": "The state-owned company's net profit of \u20ac2.4 billion is to be used to modernize the network and reduce the company's debt.", "link": "https://www.lemonde.fr/en/economy/article/2023/02/24/sncf-reports-record-profit-in-2022-driven-by-recovery-in-tgv-traffic-and-its-subsidiary-geodis_6017107_19.html", "date_published": "2023-02-24 08:44:14+00:00", "persistent": false, "user": null, "language": "en-US"}, {"source": "https://www.lemonde.fr/en/rss/une.xml", "title": "'This will be the year of our victory': Zelensky on anniversary of war in Ukraine", "description": "To mark the first anniversary of the Russian invasion, the Ukrainian president tweeted a message of support and encouragement for his people, promising that '2023 will be the year of our victory.'", "link": "https://www.lemonde.fr/en/international/article/2023/02/24/this-will-be-the-year-of-our-victory-says-zelensky-on-anniversary-of-war-in-ukraine_6017096_4.html", "date_published": "2023-02-24 06:53:24+00:00", "persistent": false, "user": null, "language": "en-US"}, {"source": "https://www.lemonde.fr/en/rss/une.xml", "title": "Rumilly, France: The 'world capital of the frying pan' and a 'forever chemical' hotspot", "description": "The water tables of the eastern French town are contaminated by a chemical compound banned since 2020 and long used by Tefal for the non-stick coating of its cookware.", "link": "https://www.lemonde.fr/en/les-decodeurs/article/2023/02/24/rumilly-france-the-world-capital-of-the-frying-pan-and-a-forever-chemical-hotspot_6017093_8.html", "date_published": "2023-02-24 04:50:18+00:00", "persistent": false, "user": null, "language": "en-US"}, {"source": "https://www.lemonde.fr/en/rss/une.xml", "title": "'Forever chemicals': In France, nearly 1,000 PFAS-contaminated sites are largely ignored", "description": "The investigation by 'Le Monde' and 17 media partners revealed the presence of dozens of French sites where the pollution levels are considered hazardous to health. The authorities, who are unaware of the extent of the problem, have been slow to act.", "link": "https://www.lemonde.fr/en/les-decodeurs/article/2023/02/24/forever-chemicals-in-france-nearly-1-000-pfas-contaminated-sites-are-largely-ignored_6017092_8.html", "date_published": "2023-02-24 04:50:16+00:00", "persistent": false, "user": null, "language": "en-US"}, {"source": "https://www.lemonde.fr/en/rss/une.xml", "title": "Vladimir Putin: The obsessions of a warmongering president", "description": "The head of the Kremlin enjoys the drama while insisting on showing that 'the special military operation' is not disturbing the daily life of his fellow citizens.", "link": "https://www.lemonde.fr/en/international/article/2023/02/24/vladimir-putin-the-obsessions-of-a-warmongering-president_6017083_4.html", "date_published": "2023-02-24 04:30:14+00:00", "persistent": false, "user": null, "language": "en-US"}, {"source": "https://www.lemonde.fr/en/rss/une.xml", "title": "At the Centre Pompidou in Paris, the chromatic intensity of Sayed Haider Raza's work", "description": "The Centre Pompidou in Paris is devoting a retrospective to one of India's most famous artists.", "link": "https://www.lemonde.fr/en/culture/article/2023/02/24/at-the-centre-pompidou-in-paris-the-chromatic-intensity-of-sayed-haider-raza-s-work_6017080_30.html", "date_published": "2023-02-24 04:20:18+00:00", "persistent": false, "user": null, "language": "en-US"}, {"source": "https://www.lemonde.fr/en/rss/une.xml", "title": "After year of war, Western objections to supporting Ukraine are limited but growing", "description": "Despite the effects of the war on their economies, the billions spent on military and humanitarian aid and the influx of refugees, the people and governments from Western countries remain largely supportive of Ukraine, even if a decline is apparent.", "link": "https://www.lemonde.fr/en/international/article/2023/02/24/after-year-of-war-western-objections-to-supporting-ukraine-are-limited-but-growing_6017078_4.html", "date_published": "2023-02-24 04:00:11+00:00", "persistent": false, "user": null, "language": "en-US"}, {"source": "https://www.lemonde.fr/en/rss/une.xml", "title": "China presents peace talks proposal to end the conflict in Ukraine", "description": "US State Department spokesman Ned Price said earlier Thursday that the US would reserve judgment but that China\u2019s allegiance with Russia meant it was not a neutral mediator.", "link": "https://www.lemonde.fr/en/china/article/2023/02/24/china-presents-peace-talks-proposal-to-end-the-conflict-in-ukraine_6017073_162.html", "date_published": "2023-02-24 03:06:26+00:00", "persistent": false, "user": null, "language": "en-US"}, {"source": "https://www.lemonde.fr/en/rss/une.xml", "title": "In the Huveaune Valley, 'the river flow has never been so low in February'", "description": "Placed on 'reinforced alert' since mid-February, the basin of this coastal river has been subject to water use restrictions, from its source in the Var to its mouth in Marseille.", "link": "https://www.lemonde.fr/en/environment/article/2023/02/24/in-the-huveaune-valley-the-river-flow-has-never-been-so-low-in-february-since-it-started-being-measured_6017070_114.html", "date_published": "2023-02-24 02:38:40+00:00", "persistent": false, "user": null, "language": "en-US"}, {"source": "https://www.lemonde.fr/en/rss/une.xml", "title": "War in Ukraine: Le Monde's reporter Florence Aubenas answers readers' questions", "description": "Le Monde's reporter at large answered questions from readers during an online question-and-answer session.", "link": "https://www.lemonde.fr/en/international/article/2023/02/24/war-in-ukraine-le-monde-s-reporter-florence-aubenas-answers-readers-questions_6017069_4.html", "date_published": "2023-02-24 02:00:18+00:00", "persistent": false, "user": null, "language": "en-US"}, {"source": "https://www.lemonde.fr/en/rss/une.xml", "title": "Emmanuel Macron's honoring of Jeff Bezos strongly criticized by La France Insoumise MPs", "description": "The president decorated the founder of Amazon at the Elys\u00e9e Palace on Thursday, February 16 with the L\u00e9gion d'Honneur \u2013 France's highest order of merit. Many left-wing MPs saw this as deplorable.", "link": "https://www.lemonde.fr/en/politics/article/2023/02/24/emmanuel-macron-s-honoring-of-jeff-bezos-strongly-criticized-by-la-france-insoumise-mps_6017066_5.html", "date_published": "2023-02-24 01:13:37+00:00", "persistent": false, "user": null, "language": "en-US"}, {"source": "https://www.lemonde.fr/en/rss/une.xml", "title": "South Korean court recognizes right for same-sex couple in landmark ruling", "description": "A South Korean court of appeals has granted a man in a same-sex couple the right to benefit from their partner's health coverage, even though same-sex marriage is not lega in the country.", "link": "https://www.lemonde.fr/en/asia-and-pacific/article/2023/02/24/south-korean-court-recognizes-right-for-same-sex-couple-in-landmark-ruling_6017062_153.html", "date_published": "2023-02-24 00:14:06+00:00", "persistent": false, "user": null, "language": "en-US"}]