[{"source": "http://feeds.bbci.co.uk/news/rss.xml", "title": "Disabled actors patronised by TV industry, says artist", "description": "Actors with disabilities are often cast to make non-disabled people look inclusive, an artist says.", "link": "https://www.bbc.co.uk/news/uk-wales-64458735?at_medium=RSS&at_campaign=KARANGA", "date_published": "2023-02-24 22:53:53+00:00", "persistent": false, "user": null, "language": "en-US"}, {"source": "http://feeds.bbci.co.uk/news/rss.xml", "title": "Graham Potter: Chelsea boss says his family have received anonymous death threats", "description": "Chelsea boss Graham Potter says he and his family have received anonymous death threats following the club's poor run of form.", "link": "https://www.bbc.co.uk/sport/football/64766580?at_medium=RSS&at_campaign=KARANGA", "date_published": "2023-02-24 22:39:58+00:00", "persistent": false, "user": null, "language": "en-US"}, {"source": "http://feeds.bbci.co.uk/news/rss.xml", "title": "Fulham 1-1 Wolverhampton Wanderers: Hosts held by Premier League strugglers", "description": "Substitute Manor Solomon scores for the third consecutive game as European hopefuls Fulham fight back to claim a Premier League draw against Wolves.", "link": "https://www.bbc.co.uk/sport/football/64671841?at_medium=RSS&at_campaign=KARANGA", "date_published": "2023-02-24 22:39:12+00:00", "persistent": false, "user": null, "language": "en-US"}, {"source": "http://feeds.bbci.co.uk/news/rss.xml", "title": "Eurovision 2023: Government pledges \u00a310m towards Liverpool song contest", "description": "The money will go on operational costs like security and visas for the show, being held in Liverpool.", "link": "https://www.bbc.co.uk/news/entertainment-arts-64763717?at_medium=RSS&at_campaign=KARANGA", "date_published": "2023-02-24 22:35:38+00:00", "persistent": false, "user": null, "language": "en-US"}, {"source": "http://feeds.bbci.co.uk/news/rss.xml", "title": "The pub bosses that closed their kitchens to stay afloat", "description": "Soaring gas, food and staffing costs have made some pubs move away hot meals.", "link": "https://www.bbc.co.uk/news/business-64557630?at_medium=RSS&at_campaign=KARANGA", "date_published": "2023-02-24 22:33:41+00:00", "persistent": false, "user": null, "language": "en-US"}, {"source": "http://feeds.bbci.co.uk/news/rss.xml", "title": "A million households can apply for \u00a3400 energy rebate", "description": "Almost a million households can now apply for winter energy payments, but it could still take weeks.", "link": "https://www.bbc.co.uk/news/business-64760411?at_medium=RSS&at_campaign=KARANGA", "date_published": "2023-02-24 22:31:17+00:00", "persistent": false, "user": null, "language": "en-US"}, {"source": "http://feeds.bbci.co.uk/news/rss.xml", "title": "King had planned to meet EU chief", "description": "Saturday's meeting between the King and Ursula von der Leyen has been cancelled due to operational reasons.", "link": "https://www.bbc.co.uk/news/uk-politics-64765375?at_medium=RSS&at_campaign=KARANGA", "date_published": "2023-02-24 22:25:18+00:00", "persistent": false, "user": null, "language": "en-US"}, {"source": "http://feeds.bbci.co.uk/news/rss.xml", "title": "Ukraine war: Zelensky keen to meet Xi following China's peace plan", "description": "Ukraine's leader said the call for talks and a ceasefire showed Beijing was \"preparing to take part\".", "link": "https://www.bbc.co.uk/news/world-europe-64762219?at_medium=RSS&at_campaign=KARANGA", "date_published": "2023-02-24 21:49:01+00:00", "persistent": false, "user": null, "language": "en-US"}, {"source": "http://feeds.bbci.co.uk/news/rss.xml", "title": "Super League: Wigan Warriors 60-0 Wakefield Trinity - hosts cruise to first win of season", "description": "Wigan recover in style from an opening-weekend loss in Super League, scoring 11 tries in a 60-0 home win against Wakefield.", "link": "https://www.bbc.co.uk/sport/rugby-league/64721577?at_medium=RSS&at_campaign=KARANGA", "date_published": "2023-02-24 21:48:05+00:00", "persistent": false, "user": null, "language": "en-US"}, {"source": "http://feeds.bbci.co.uk/news/rss.xml", "title": "Celtic rout defending champions Rangers to go top of SWPL on goal difference", "description": "Caitlin Hayes scores twice as impressive Celtic rout Old Firm rivals Rangers 3-0 to move top of the SWPL on goal difference.", "link": "https://www.bbc.co.uk/sport/football/64763074?at_medium=RSS&at_campaign=KARANGA", "date_published": "2023-02-24 20:52:47+00:00", "persistent": false, "user": null, "language": "en-US"}, {"source": "http://feeds.bbci.co.uk/news/rss.xml", "title": "Women's T20 World Cup: England's hopes unravel against hosts South Africa", "description": "England were heavy favourites against South Africa but lost their Women's T20 World Cup semi-final - where did it go wrong?", "link": "https://www.bbc.co.uk/sport/cricket/64765764?at_medium=RSS&at_campaign=KARANGA", "date_published": "2023-02-24 20:18:02+00:00", "persistent": false, "user": null, "language": "en-US"}, {"source": "http://feeds.bbci.co.uk/news/rss.xml", "title": "Bird flu: UK health officials make contingency plans", "description": "There is no evidence bird flu will start spreading between people but experts are preparing for any scenario.", "link": "https://www.bbc.co.uk/news/health-64763625?at_medium=RSS&at_campaign=KARANGA", "date_published": "2023-02-24 18:24:57+00:00", "persistent": false, "user": null, "language": "en-US"}, {"source": "http://feeds.bbci.co.uk/news/rss.xml", "title": "Succession: Show's creator announces show will end after fourth season", "description": "The Emmy-winning show's creator Jesse Armstrong says it feels like the right time for it to end.", "link": "https://www.bbc.co.uk/news/entertainment-arts-64762465?at_medium=RSS&at_campaign=KARANGA", "date_published": "2023-02-24 18:23:56+00:00", "persistent": false, "user": null, "language": "en-US"}, {"source": "http://feeds.bbci.co.uk/news/rss.xml", "title": "Qatar Open: Andy Murray saves five match points to reach Doha final", "description": "Andy Murray produces yet another remarkable comeback, saving five match points to beat Jiri Lehecka and reach the Qatar Open final in Doha.", "link": "https://www.bbc.co.uk/sport/tennis/64764087?at_medium=RSS&at_campaign=KARANGA", "date_published": "2023-02-24 17:27:42+00:00", "persistent": false, "user": null, "language": "en-US"}, {"source": "http://feeds.bbci.co.uk/news/rss.xml", "title": "Major rescue operation after tug capsizes off Greenock", "description": "Emergency services were called to East India Harbour off the coast of Greenock after the boat overturned.", "link": "https://www.bbc.co.uk/news/uk-scotland-glasgow-west-64764145?at_medium=RSS&at_campaign=KARANGA", "date_published": "2023-02-24 17:20:36+00:00", "persistent": false, "user": null, "language": "en-US"}, {"source": "http://feeds.bbci.co.uk/news/rss.xml", "title": "Brothers leave Guantanamo Bay without charge after almost 20 years", "description": "Abdul and Mohammed Ahmed Rabbani were arrested in Pakistan in 2002. They were never charged by the US.", "link": "https://www.bbc.co.uk/news/world-us-canada-64762215?at_medium=RSS&at_campaign=KARANGA", "date_published": "2023-02-24 17:16:16+00:00", "persistent": false, "user": null, "language": "en-US"}, {"source": "http://feeds.bbci.co.uk/news/rss.xml", "title": "Protocol: Hopes raised for Brexit deal on Northern Ireland", "description": "A deal could be announced in the coming days after more than a year of talks, sources tell the BBC.", "link": "https://www.bbc.co.uk/news/uk-politics-64763303?at_medium=RSS&at_campaign=KARANGA", "date_published": "2023-02-24 16:40:34+00:00", "persistent": false, "user": null, "language": "en-US"}, {"source": "http://feeds.bbci.co.uk/news/rss.xml", "title": "Women's T20 World Cup: England beaten by South Africa in tense semi-final", "description": "England are knocked out of the Women's T20 World Cup after inspired hosts South Africa win a gripping semi-final by six runs.", "link": "https://www.bbc.co.uk/sport/cricket/64759605?at_medium=RSS&at_campaign=KARANGA", "date_published": "2023-02-24 16:35:21+00:00", "persistent": false, "user": null, "language": "en-US"}, {"source": "http://feeds.bbci.co.uk/news/rss.xml", "title": "Bernard Ingham: Margaret Thatcher's press chief dies aged 90", "description": "The former journalist served as press secretary throughout Baroness Thatcher's 11-years as prime minister.", "link": "https://www.bbc.co.uk/news/uk-politics-64763545?at_medium=RSS&at_campaign=KARANGA", "date_published": "2023-02-24 16:34:14+00:00", "persistent": false, "user": null, "language": "en-US"}, {"source": "http://feeds.bbci.co.uk/news/rss.xml", "title": "Tees, Esk and Wear Valley NHS Trust prosecuted after three patients died", "description": "Christie Harnett, Emily Moore and a third person died while under the care of a mental health trust.", "link": "https://www.bbc.co.uk/news/uk-england-tees-64762387?at_medium=RSS&at_campaign=KARANGA", "date_published": "2023-02-24 16:18:03+00:00", "persistent": false, "user": null, "language": "en-US"}, {"source": "http://feeds.bbci.co.uk/news/rss.xml", "title": "Damages for Warwick student denied extension due to cancer", "description": "The University of Warwick says it has reversed its decision and offered its \"sincere apologies\".", "link": "https://www.bbc.co.uk/news/uk-england-coventry-warwickshire-64758431?at_medium=RSS&at_campaign=KARANGA", "date_published": "2023-02-24 16:15:12+00:00", "persistent": false, "user": null, "language": "en-US"}, {"source": "http://feeds.bbci.co.uk/news/rss.xml", "title": "Britain's apple farmers issue food security warning", "description": "Kent apple growers say rising costs mean they can no longer afford to continue growing the fruit.", "link": "https://www.bbc.co.uk/news/uk-england-kent-64751224?at_medium=RSS&at_campaign=KARANGA", "date_published": "2023-02-24 16:13:13+00:00", "persistent": false, "user": null, "language": "en-US"}, {"source": "http://feeds.bbci.co.uk/news/rss.xml", "title": "Graham Potter: Chelsea boss says family and mental health have suffered because of criticism", "description": "Graham Potter says the criticism he faces as the Chelsea manager has caused his family and mental health to suffer.", "link": "https://www.bbc.co.uk/sport/football/64762146?at_medium=RSS&at_campaign=KARANGA", "date_published": "2023-02-24 15:38:51+00:00", "persistent": false, "user": null, "language": "en-US"}, {"source": "http://feeds.bbci.co.uk/news/rss.xml", "title": "Women's T20 World Cup: Alice Capsey out to 'sensational' Tazmin Brits catch", "description": "South Africa's Tazmin Brits takes a \"sensational\" catch to dismiss Alice Capsey for a duck at the Women's T20 World Cup.", "link": "https://www.bbc.co.uk/sport/av/cricket/64762639?at_medium=RSS&at_campaign=KARANGA", "date_published": "2023-02-24 15:34:05+00:00", "persistent": false, "user": null, "language": "en-US"}, {"source": "http://feeds.bbci.co.uk/news/rss.xml", "title": "Six Nations 2023: 'No bigger game' as wounded Wales face England", "description": "After another turbulent week for Welsh rugby, the side is ready to let off some steam against a rebuilding England.", "link": "https://www.bbc.co.uk/sport/rugby-union/64761149?at_medium=RSS&at_campaign=KARANGA", "date_published": "2023-02-24 15:29:40+00:00", "persistent": false, "user": null, "language": "en-US"}, {"source": "http://feeds.bbci.co.uk/news/rss.xml", "title": "Rod Stewart pays for scans at NHS hospital to cut waiting lists", "description": "The singer pays for a day's worth of scans and pledges to do more.", "link": "https://www.bbc.co.uk/news/uk-england-essex-64759060?at_medium=RSS&at_campaign=KARANGA", "date_published": "2023-02-24 15:16:12+00:00", "persistent": false, "user": null, "language": "en-US"}, {"source": "http://feeds.bbci.co.uk/news/rss.xml", "title": "TSSA rail union accepts pay deal from train companies", "description": "The TSSA union says its 3,000 members have accepted an offer including a two-year 9% pay deal.", "link": "https://www.bbc.co.uk/news/business-64756141?at_medium=RSS&at_campaign=KARANGA", "date_published": "2023-02-24 15:15:46+00:00", "persistent": false, "user": null, "language": "en-US"}, {"source": "http://feeds.bbci.co.uk/news/rss.xml", "title": "TikTok under investigation by Canadian privacy authorities", "description": "The investigation into the video-sharing platform will have a particular focus on younger users.", "link": "https://www.bbc.co.uk/news/technology-64759365?at_medium=RSS&at_campaign=KARANGA", "date_published": "2023-02-24 15:14:33+00:00", "persistent": false, "user": null, "language": "en-US"}, {"source": "http://feeds.bbci.co.uk/news/rss.xml", "title": "Vernon Kay 'over the moon' to replace Ken Bruce on Radio 2", "description": "The presenter has said he is \"over the moon\" to take over the long-serving host's weekday show.", "link": "https://www.bbc.co.uk/news/entertainment-arts-64755872?at_medium=RSS&at_campaign=KARANGA", "date_published": "2023-02-24 14:00:05+00:00", "persistent": false, "user": null, "language": "en-US"}, {"source": "http://feeds.bbci.co.uk/news/rss.xml", "title": "Liverpool boss Jurgen Klopp says it is 'clear we have to do something in the summer'", "description": "Liverpool manager Jurgen Klopp says it is \"clear we have to do something in the summer\" amid his side's struggles this season.", "link": "https://www.bbc.co.uk/sport/football/64754900?at_medium=RSS&at_campaign=KARANGA", "date_published": "2023-02-24 13:59:40+00:00", "persistent": false, "user": null, "language": "en-US"}, {"source": "http://feeds.bbci.co.uk/news/rss.xml", "title": "Poet Laureate marks 100 years of the Flying Scotsman", "description": "Simon Armitage has written a poem about one of the country's most romantic trains.", "link": "https://www.bbc.co.uk/news/entertainment-arts-64760727?at_medium=RSS&at_campaign=KARANGA", "date_published": "2023-02-24 13:30:31+00:00", "persistent": false, "user": null, "language": "en-US"}, {"source": "http://feeds.bbci.co.uk/news/rss.xml", "title": "Roald Dahl: Original books to be printed by Penguin following criticism", "description": "The original story books will now be available along with updated versions of his children's novels.", "link": "https://www.bbc.co.uk/news/entertainment-arts-64759118?at_medium=RSS&at_campaign=KARANGA", "date_published": "2023-02-24 13:10:23+00:00", "persistent": false, "user": null, "language": "en-US"}, {"source": "http://feeds.bbci.co.uk/news/rss.xml", "title": "Carabao Cup final 2023: Newcastle's Dan Burn gearing up for dream Wembley final against Manchester United", "description": "Newcastle United defender and lifelong Magpies fan Dan Burn tells Football Focus how winning the Carabao Cup on Sunday would fulfil his childhood dreams.", "link": "https://www.bbc.co.uk/sport/av/football/64760271?at_medium=RSS&at_campaign=KARANGA", "date_published": "2023-02-24 12:52:58+00:00", "persistent": false, "user": null, "language": "en-US"}, {"source": "http://feeds.bbci.co.uk/news/rss.xml", "title": "F1: George Russell not expecting Mercedes to win in Bahrain", "description": "George Russell says he does not expect Mercedes to be competing for victory at the start of the Formula 1 season in Bahrain next week.", "link": "https://www.bbc.co.uk/sport/formula1/64759159?at_medium=RSS&at_campaign=KARANGA", "date_published": "2023-02-24 12:27:18+00:00", "persistent": false, "user": null, "language": "en-US"}, {"source": "http://feeds.bbci.co.uk/news/rss.xml", "title": "Family launches legal action over mother's death in Tenerife crash", "description": "Michelle Exton's daughter says the family wants to get her mother the justice she deserves.", "link": "https://www.bbc.co.uk/news/uk-england-derbyshire-64745928?at_medium=RSS&at_campaign=KARANGA", "date_published": "2023-02-24 12:03:29+00:00", "persistent": false, "user": null, "language": "en-US"}, {"source": "http://feeds.bbci.co.uk/news/rss.xml", "title": "Ceremonies mark the anniversary of Russia's invasion of Ukraine", "description": "Ceremonies are taking place across the world to mark the anniversary of Russia's full-scale invasion.", "link": "https://www.bbc.co.uk/news/in-pictures-64757068?at_medium=RSS&at_campaign=KARANGA", "date_published": "2023-02-24 11:53:46+00:00", "persistent": false, "user": null, "language": "en-US"}, {"source": "http://feeds.bbci.co.uk/news/rss.xml", "title": "Junior doctors to strike on 13 to 15 March", "description": "They are walking out over pay and want an increase to make up for 15 years of inflation.", "link": "https://www.bbc.co.uk/news/health-64758661?at_medium=RSS&at_campaign=KARANGA", "date_published": "2023-02-24 11:43:33+00:00", "persistent": false, "user": null, "language": "en-US"}, {"source": "http://feeds.bbci.co.uk/news/rss.xml", "title": "Venus, Jupiter and the Moon pictured in celestial event", "description": "Venus, Jupiter and the Moon were aligned and could be seen with the naked eye on Wednesday night", "link": "https://www.bbc.co.uk/news/uk-wales-64756972?at_medium=RSS&at_campaign=KARANGA", "date_published": "2023-02-24 11:37:54+00:00", "persistent": false, "user": null, "language": "en-US"}, {"source": "http://feeds.bbci.co.uk/news/rss.xml", "title": "Europa League last 16: Man Utd to play Real Betis, Arsenal face Sporting Lisbon", "description": "Manchester United will play Real Betis in the Europa League last 16 after beating Barcelona, while Arsenal face Sporting Lisbon.", "link": "https://www.bbc.co.uk/sport/football/64755066?at_medium=RSS&at_campaign=KARANGA", "date_published": "2023-02-24 11:33:32+00:00", "persistent": false, "user": null, "language": "en-US"}, {"source": "http://feeds.bbci.co.uk/news/rss.xml", "title": "New Zealand v England: Joe Root & Harry Brook in master-and-apprentice stand", "description": "A teenage Harry Brook once bowled Joe Root in the Yorkshire nets - now they are set to form a prolific middle-order partnership for England, writes Stephan Shemilt.", "link": "https://www.bbc.co.uk/sport/cricket/64754325?at_medium=RSS&at_campaign=KARANGA", "date_published": "2023-02-24 11:00:20+00:00", "persistent": false, "user": null, "language": "en-US"}, {"source": "http://feeds.bbci.co.uk/news/rss.xml", "title": "China and the Ukraine war: The real reason for Beijing's charm offensive", "description": "The West may come away unimpressed - but convincing them was never likely the main goal for Beijing.", "link": "https://www.bbc.co.uk/news/world-asia-china-64754510?at_medium=RSS&at_campaign=KARANGA", "date_published": "2023-02-24 10:06:03+00:00", "persistent": false, "user": null, "language": "en-US"}, {"source": "http://feeds.bbci.co.uk/news/rss.xml", "title": "Tebbutt murder-kidnap: Kenyan freed on appeal after decade in jail", "description": "A man walks free after 11 years, amid concerns about a Met detective's role in his conviction in Kenya.", "link": "https://www.bbc.co.uk/news/world-africa-64706938?at_medium=RSS&at_campaign=KARANGA", "date_published": "2023-02-24 10:05:25+00:00", "persistent": false, "user": null, "language": "en-US"}, {"source": "http://feeds.bbci.co.uk/news/rss.xml", "title": "Merseyside pupils 'humiliated' by school skirt-length inspections", "description": "Students protest over how Rainford High School inspections are implemented, with some left in tears.", "link": "https://www.bbc.co.uk/news/uk-england-merseyside-64743377?at_medium=RSS&at_campaign=KARANGA", "date_published": "2023-02-24 09:59:49+00:00", "persistent": false, "user": null, "language": "en-US"}, {"source": "http://feeds.bbci.co.uk/news/rss.xml", "title": "Six Nations 2023: Scotland make one change as Hamish Watson set to face France", "description": "Hamish Watson is the only change to Scotland's line-up as Gregor Townsend's side travel to France in a mouth-watering Six Nations match in Paris.", "link": "https://www.bbc.co.uk/sport/rugby-union/64756630?at_medium=RSS&at_campaign=KARANGA", "date_published": "2023-02-24 09:31:45+00:00", "persistent": false, "user": null, "language": "en-US"}, {"source": "http://feeds.bbci.co.uk/news/rss.xml", "title": "Jake Paul v Tommy Fury: Is Saudi Arabia fight 'entertainment' or 'proper' boxing?", "description": "Is Jake Paul v Tommy Fury just entertainment or proper boxing and what does Fury gain by fighting the YouTuber-turned-boxer?", "link": "https://www.bbc.co.uk/sport/boxing/64734184?at_medium=RSS&at_campaign=KARANGA", "date_published": "2023-02-24 09:28:48+00:00", "persistent": false, "user": null, "language": "en-US"}, {"source": "http://feeds.bbci.co.uk/news/rss.xml", "title": "Carabao Cup final: Inside Erik ten Hag's Manchester United revolution", "description": "BBC Sport's Simon Stone looks at how Erik ten Hag has turned Manchester United around ahead of Sunday's EFL Cup final.", "link": "https://www.bbc.co.uk/sport/football/64730932?at_medium=RSS&at_campaign=KARANGA", "date_published": "2023-02-24 09:01:03+00:00", "persistent": false, "user": null, "language": "en-US"}, {"source": "http://feeds.bbci.co.uk/news/rss.xml", "title": "Nominations to close in SNP leadership race", "description": "Three MSPs - Kate Forbes, Humza Yousaf and Ash Regan - are expected to be confirmed as the contenders.", "link": "https://www.bbc.co.uk/news/uk-scotland-scotland-politics-64754523?at_medium=RSS&at_campaign=KARANGA", "date_published": "2023-02-24 08:51:35+00:00", "persistent": false, "user": null, "language": "en-US"}, {"source": "http://feeds.bbci.co.uk/news/rss.xml", "title": "Ruben Selles: Southampton appoint Spaniard as manager until end of season", "description": "Ruben Selles is appointed Southampton manager until the end of the season.", "link": "https://www.bbc.co.uk/sport/football/64755067?at_medium=RSS&at_campaign=KARANGA", "date_published": "2023-02-24 08:43:38+00:00", "persistent": false, "user": null, "language": "en-US"}, {"source": "http://feeds.bbci.co.uk/news/rss.xml", "title": "University to return skulls to Irish island", "description": "Two academics removed the remains of 13 people from Inishbofin without islanders' consent in 1890.", "link": "https://www.bbc.co.uk/news/articles/ck5y95394l8o?at_medium=RSS&at_campaign=KARANGA", "date_published": "2023-02-24 06:35:55+00:00", "persistent": false, "user": null, "language": "en-US"}, {"source": "http://feeds.bbci.co.uk/news/rss.xml", "title": "Omagh police shooting: Fourth arrest after John Caldwell attack", "description": "Det Ch Insp John Caldwell remains in a serious condition in hospital after being shot several times.", "link": "https://www.bbc.co.uk/news/uk-northern-ireland-64751458?at_medium=RSS&at_campaign=KARANGA", "date_published": "2023-02-24 06:28:20+00:00", "persistent": false, "user": null, "language": "en-US"}, {"source": "http://feeds.bbci.co.uk/news/rss.xml", "title": "Swimmers 'ruined' by culture of fat-shaming and bullying", "description": "Former athletes tell of mistreatment at clubs across England, with allegations stretching back more than a decade.", "link": "https://www.bbc.co.uk/news/uk-england-64256659?at_medium=RSS&at_campaign=KARANGA", "date_published": "2023-02-24 06:21:15+00:00", "persistent": false, "user": null, "language": "en-US"}, {"source": "http://feeds.bbci.co.uk/news/rss.xml", "title": "Join the Ukrainian army or go to the UK, Dad told me", "description": "Five refugees who left Ukraine and moved to London reflect on how their lives have changed.", "link": "https://www.bbc.co.uk/news/uk-england-london-64692538?at_medium=RSS&at_campaign=KARANGA", "date_published": "2023-02-24 06:19:39+00:00", "persistent": false, "user": null, "language": "en-US"}, {"source": "http://feeds.bbci.co.uk/news/rss.xml", "title": "LGBT+ History Month: UFC's Molly McCann on how MMA gave her courage to be herself", "description": "UFC fighter Molly McCann discusses the journey she's been on to discover and embrace her sexuality, and how MMA gave her the courage to be herself.", "link": "https://www.bbc.co.uk/sport/av/mixed-martial-arts/64724661?at_medium=RSS&at_campaign=KARANGA", "date_published": "2023-02-24 06:14:55+00:00", "persistent": false, "user": null, "language": "en-US"}, {"source": "http://feeds.bbci.co.uk/news/rss.xml", "title": "Ukraine war: Vuhledar, the mining town Russia wants to take", "description": "Orla Guerin reports from Vuhledar, an eastern Ukrainian town Russia is desperate to capture.", "link": "https://www.bbc.co.uk/news/world-europe-64744125?at_medium=RSS&at_campaign=KARANGA", "date_published": "2023-02-24 05:55:22+00:00", "persistent": false, "user": null, "language": "en-US"}, {"source": "http://feeds.bbci.co.uk/news/rss.xml", "title": "New Zealand vs England: Harry Brook hits sublime 184 to put tourists in control", "description": "A magnificent 184 not out from Harry Brook puts England in the ascendancy on day one of the second Test against New Zealand.", "link": "https://www.bbc.co.uk/sport/cricket/64753742?at_medium=RSS&at_campaign=KARANGA", "date_published": "2023-02-24 04:50:40+00:00", "persistent": false, "user": null, "language": "en-US"}, {"source": "http://feeds.bbci.co.uk/news/rss.xml", "title": "England's archaeological history gathers dust as museums fill up", "description": "Experts say time is running out to solve the storage crisis that has long plagued archaeology.", "link": "https://www.bbc.co.uk/news/science-environment-64707488?at_medium=RSS&at_campaign=KARANGA", "date_published": "2023-02-24 04:21:54+00:00", "persistent": false, "user": null, "language": "en-US"}, {"source": "http://feeds.bbci.co.uk/news/rss.xml", "title": "Los Angeles blizzard warning is first since 1989", "description": "Up to 8ft of snow is forecast to blanket parts of usually balmy southern California.", "link": "https://www.bbc.co.uk/news/world-us-canada-64753583?at_medium=RSS&at_campaign=KARANGA", "date_published": "2023-02-24 04:20:18+00:00", "persistent": false, "user": null, "language": "en-US"}, {"source": "http://feeds.bbci.co.uk/news/rss.xml", "title": "UK phone repair apprenticeship needed, says firm", "description": "Repair firm says there is no industry standard training for fixing smartphones and other devices.", "link": "https://www.bbc.co.uk/news/technology-64704104?at_medium=RSS&at_campaign=KARANGA", "date_published": "2023-02-24 04:15:28+00:00", "persistent": false, "user": null, "language": "en-US"}, {"source": "http://feeds.bbci.co.uk/news/rss.xml", "title": "Signal would 'walk' from UK if Online Safety Bill undermined encryption", "description": "Bosses of the messaging app fear the Online Safety Bill could force it to weaken its users' security.", "link": "https://www.bbc.co.uk/news/technology-64584001?at_medium=RSS&at_campaign=KARANGA", "date_published": "2023-02-24 03:22:49+00:00", "persistent": false, "user": null, "language": "en-US"}, {"source": "http://feeds.bbci.co.uk/news/rss.xml", "title": "Forty years of monster raving loony wannabe MPs", "description": "The party, with its garish outfits and garish policies, has become part of British political tradition.", "link": "https://www.bbc.co.uk/news/uk-politics-64708154?at_medium=RSS&at_campaign=KARANGA", "date_published": "2023-02-24 02:03:25+00:00", "persistent": false, "user": null, "language": "en-US"}, {"source": "http://feeds.bbci.co.uk/news/rss.xml", "title": "Is it cheaper to study in a coffee shop or at home?", "description": "As prices rise, are there cheaper places than home to work or study?", "link": "https://www.bbc.co.uk/news/business-64708230?at_medium=RSS&at_campaign=KARANGA", "date_published": "2023-02-24 01:08:24+00:00", "persistent": false, "user": null, "language": "en-US"}, {"source": "http://feeds.bbci.co.uk/news/rss.xml", "title": "Ukraine war: The friends who fought Russia's invasion", "description": "Jeremy Bowen catches up with two Ukrainian students who chose to fight when Russia's invasion began.", "link": "https://www.bbc.co.uk/news/world-europe-64733014?at_medium=RSS&at_campaign=KARANGA", "date_published": "2023-02-24 00:49:16+00:00", "persistent": false, "user": null, "language": "en-US"}, {"source": "http://feeds.bbci.co.uk/news/rss.xml", "title": "US ex-lawyer Alex Murdaugh admits lying but denies killing family", "description": "The South Carolina legal heir weeps as he recalls finding his wife and son dead, but denies murder.", "link": "https://www.bbc.co.uk/news/world-us-canada-64752755?at_medium=RSS&at_campaign=KARANGA", "date_published": "2023-02-24 00:46:20+00:00", "persistent": false, "user": null, "language": "en-US"}, {"source": "http://feeds.bbci.co.uk/news/rss.xml", "title": "Ukraine war: How Putin's fate is tied to Russia's war", "description": "Steve Rosenberg looks at why Vladimir Putin set sail in a storm of his own making a year ago.", "link": "https://www.bbc.co.uk/news/world-europe-64744197?at_medium=RSS&at_campaign=KARANGA", "date_published": "2023-02-24 00:40:45+00:00", "persistent": false, "user": null, "language": "en-US"}, {"source": "http://feeds.bbci.co.uk/news/rss.xml", "title": "The Papers: 'Ukraine's year of blood' and 'let them eat turnips'", "description": "Many of Friday's papers reflect on the war in Ukraine on the anniversary of Russia's invasion and the UK's fruit and veg shortages.", "link": "https://www.bbc.co.uk/news/blogs-the-papers-64752867?at_medium=RSS&at_campaign=KARANGA", "date_published": "2023-02-24 00:30:09+00:00", "persistent": false, "user": null, "language": "en-US"}, {"source": "http://feeds.bbci.co.uk/news/rss.xml", "title": "Nigeria election 2023: Charts that explain the nation", "description": "The BBC tracks the issues facing Nigerians as the country chooses a new president on 25 February.", "link": "https://www.bbc.co.uk/news/world-africa-64431962?at_medium=RSS&at_campaign=KARANGA", "date_published": "2023-02-24 00:25:28+00:00", "persistent": false, "user": null, "language": "en-US"}, {"source": "http://feeds.bbci.co.uk/news/rss.xml", "title": "Can technology clean up the shrimp farming business?", "description": "Shrimp farming has been criticised for causing environmental damage - can tech clean it up?", "link": "https://www.bbc.co.uk/news/business-64496392?at_medium=RSS&at_campaign=KARANGA", "date_published": "2023-02-24 00:08:38+00:00", "persistent": false, "user": null, "language": "en-US"}, {"source": "http://feeds.bbci.co.uk/news/rss.xml", "title": "Pasta price doubles to 95p as cost of basics rises", "description": "While overall price rises in the UK slow, food inflation may not have peaked yet, research suggests.", "link": "https://www.bbc.co.uk/news/business-64732404?at_medium=RSS&at_campaign=KARANGA", "date_published": "2023-02-24 00:06:39+00:00", "persistent": false, "user": null, "language": "en-US"}, {"source": "http://feeds.bbci.co.uk/news/rss.xml", "title": "Fruit and vegetable shortage could last until May, say growers", "description": "UK growers delay planting crops due to high energy prices, producers say.", "link": "https://www.bbc.co.uk/news/business-64743704?at_medium=RSS&at_campaign=KARANGA", "date_published": "2023-02-24 00:05:44+00:00", "persistent": false, "user": null, "language": "en-US"}, {"source": "http://feeds.bbci.co.uk/news/rss.xml", "title": "Ukraine war: Six sporting lives lost - 'We will not forgive, or forget'", "description": "Numerous Ukrainian sportspeople signed up to fight after Russia invaded a year ago. Not all those who swapped the sports field for the battlefield have survived the conflict.", "link": "https://www.bbc.co.uk/sport/64641089?at_medium=RSS&at_campaign=KARANGA", "date_published": "2023-02-24 00:02:43+00:00", "persistent": false, "user": null, "language": "en-US"}]