[{"source": "https://forsal.pl/.feed", "title": "UE zatwierdzi\u0142a 10. pakiet sankcji wobec Rosji. \"Najpot\u0119\u017cniejsze i najdalej id\u0105ce\"", "description": "<img align=\"right\" hspace=\"5\" src=\"https://ocdn.eu/pulscms-transforms/1/f7iktkuTURBXy83OWYyY2E2OS1kZGVjLTRkMGMtYjY2Mi03ZWU5NTcwODViYjUuanBlZ5GTBc0BHcyg\" />Unia Europejska zatwierdzi\u0142a w rocznic\u0119 inwazji Moskwy na Ukrain\u0119 10. pakiet sankcji wobec Rosji - poinformowa\u0142a w pi\u0105tek p\u00f3\u017anym wieczorem szwedzka prezydencja UE.", "link": "https://forsal.pl/swiat/unia-europejska/artykuly/8667460,ue-10-pakiet-sankcji-wobec-rosji.html", "date_published": "2023-02-24 21:51:54+00:00", "persistent": false, "user": null, "language": "pl-PL"}, {"source": "https://forsal.pl/.feed", "title": "Egzamin czasu wojny zdali\u015bmy. Przed nami egzamin czasu pokoju", "description": "<img align=\"right\" hspace=\"5\" src=\"https://ocdn.eu/pulscms-transforms/1/QPoktkuTURBXy84ZTc5NzJkMC1mMTQzLTRkODUtYWJhNi01M2M2ZDkzYjNkMjAuanBlZ5GTBc0BHcyg\" />Wojna nam powszednieje, ale to nie znaczy, \u017ce przestali\u015bmy pomaga\u0107 Ukrai\u0144com. Tak, pojawiaj\u0105 si\u0119 animozje, ale na mniejsz\u0105 skal\u0119, ni\u017c mo\u017cna si\u0119 by\u0142o spodziewa\u0107.", "link": "https://forsal.pl/swiat/ukraina/artykuly/8667034,egzamin-czasu-wojny-zdalismy-egzamin-z-czasu-pokoju.html", "date_published": "2023-02-24 21:19:30+00:00", "persistent": false, "user": null, "language": "pl-PL"}, {"source": "https://forsal.pl/.feed", "title": "Ukraina nie walczy sama. Wojna zmieni\u0142a realia \u015bwiatowej polityki", "description": "<img align=\"right\" hspace=\"5\" src=\"https://ocdn.eu/pulscms-transforms/1/_AfktkuTURBXy9jYzg2YTA4NC1kYmYyLTQyNWItYjYyMC05ZmNjZDAwYjkyNmMuanBlZ5GTBc0BHcyg\" />Wolny \u015bwiat m\u00f3wi \u201enie\u201d rosyjskiej agresji.", "link": "https://forsal.pl/swiat/ukraina/artykuly/8667103,ukraina-nie-walczy-samarealia-swiatowej-polityki.html", "date_published": "2023-02-24 21:18:06+00:00", "persistent": false, "user": null, "language": "pl-PL"}, {"source": "https://forsal.pl/.feed", "title": "Kazharski: Zwolennicy teorii realizmu na Zachodzie nie rozumiej\u0105 Rosji [WYWIAD]", "description": "<img align=\"right\" hspace=\"5\" src=\"https://ocdn.eu/pulscms-transforms/1/sm2ktkuTURBXy80NGI4NzBkMS0zY2VjLTQ5MzctODA2Ny1hZmRjM2RjZDhmN2EuanBlZ5GTBc0BHcyg\" />Z punktu widzenia Rosji Ukraina to trofeum w maczystowskiej grze wielkich mocarstw. Ludzie w Moskwie uwa\u017caj\u0105, \u017ce maj\u0105 prawo do podporz\u0105dkowywania sobie s\u0105siednich kraj\u00f3w, a Zach\u00f3d powinien to uzna\u0107 - m\u00f3wi w wywiadzie Aliaksei Kazharski.", "link": "https://forsal.pl/swiat/ukraina/artykuly/8667272,kazharski-postzachodni-lad-to-zludzenie.html", "date_published": "2023-02-24 21:17:15+00:00", "persistent": false, "user": null, "language": "pl-PL"}, {"source": "https://forsal.pl/.feed", "title": "Buda: Intensywnie dzia\u0142amy na rzecz rozwoju wsp\u00f3\u0142pracy", "description": "<img align=\"right\" hspace=\"5\" src=\"https://ocdn.eu/pulscms-transforms/1/tRpktkuTURBXy84YjdjYWU3MS0wMWE1LTQ0NjctOWFjNS05MzM1ZjNlZGFhMjAuanBlZ5GTBc0BHcyg\" />Ukraina jest teraz naszym 9. partnerem w eksporcie i zajmuje 15. miejsce pod wzgl\u0119dem importu. W pocz\u0105tkowych miesi\u0105cach wojny nikt nie spodziewa\u0142by si\u0119 tak dobrych wynik\u00f3w. Nawi\u0105zane pozytywne relacje b\u0119d\u0105 przynosi\u0142y d\u0142ugofalowe korzy\u015bci, a wsp\u00f3\u0142praca b\u0119dzie kontynuowana tak\u017ce w przysz\u0142o\u015bci, przy projektach odbudowy \u2013 m\u00f3wi w wywiadzie Waldemar Buda, minister rozwoju i technologii.", "link": "https://forsal.pl/biznes/artykuly/8667022,buda-dzialamy-na-rzecz-rozwoju-wspolpracy.html", "date_published": "2023-02-24 21:15:16+00:00", "persistent": false, "user": null, "language": "pl-PL"}, {"source": "https://forsal.pl/.feed", "title": "B\u0142\u0119dne kalkulacje Zachodu. Zatrzymanie rosyjskiej inwazji to by\u0142 dopiero pocz\u0105tek", "description": "<img align=\"right\" hspace=\"5\" src=\"https://ocdn.eu/pulscms-transforms/1/bEpktkuTURBXy83NTU5ZGQ4NS1kNWJlLTRhMmEtOGNkZS00MDZjOTIzNzliYjUuanBlZ5GTBc0BHcyg\" />Je\u015bli Rosja zajmie Ukrain\u0119, nast\u0119pnie anektuje Bia\u0142oru\u015b i Mo\u0142dawi\u0119. A jednocze\u015bnie przekieruje wszystkie si\u0142y do prowadzenia wojny hybrydowej przeciwko Polsce, Rumunii i pa\u0144stwom ba\u0142tyckim - m\u00f3wi w wywiadzie Krzysztof Wojczal.", "link": "https://forsal.pl/swiat/ukraina/artykuly/8666997,zatrzymanie-rosyjskiej-inwazji-to-byl-dopiero-poczatek.html", "date_published": "2023-02-24 21:14:25+00:00", "persistent": false, "user": null, "language": "pl-PL"}, {"source": "https://forsal.pl/.feed", "title": "\"WSJ\": Scholz i Macron powiedzieli Ze\u0142enskiemu, \u017ce powinien rozwa\u017ca\u0107 rozmowy z Moskw\u0105", "description": "<img align=\"right\" hspace=\"5\" src=\"https://ocdn.eu/pulscms-transforms/1/eo0ktkuTURBXy85NmI4OTliMy1lNGFiLTRjMzUtOTEzYi04YjM3ODQwNDQ2ZDguanBlZ5GTBc0BHcyg\" />Prezydent Francji Emmanuel Macron i kanclerz Niemiec Olaf Scholz mieli powiedzie\u0107 prezydentowi Ukrainy Wo\u0142odymyrowi Ze\u0142enskiemu, \u017ce musi zacz\u0105\u0107 rozwa\u017ca\u0107 rozmowy pokojowe z Moskw\u0105, nawet je\u015bli Rosja nadal b\u0119dzie okupowa\u0107 ukrai\u0144skie terytorium - twierdzi &quot;Wall Street Journal&quot; (&quot;WSJ&quot;). Mia\u0142o do tego doj\u015b\u0107 podczas spotkania trzech polityk\u00f3w w Pary\u017cu na pocz\u0105tku lutego.", "link": "https://forsal.pl/swiat/bezpieczenstwo/artykuly/8667444,wsj-scholz-i-macron-zelenski-rozmowy-z-moskwa.html", "date_published": "2023-02-24 20:04:37+00:00", "persistent": false, "user": null, "language": "pl-PL"}, {"source": "https://forsal.pl/.feed", "title": "Dodatkowe 2,5 mld dol. dla Ukrainy. Bank \u015awiatowy wesprze Kij\u00f3w", "description": "<img align=\"right\" hspace=\"5\" src=\"https://ocdn.eu/pulscms-transforms/1/FYmktkuTURBXy8xNjViMDBkMi0xY2QzLTRmOGUtYmEzNy1mOTE3NjE2MjQzY2QuanBlZ5GTBc0BHcyg\" />Bank \u015awiatowy poinformowa\u0142 w pi\u0105tek, \u017ce przeznacza 2,5 mld dolar\u00f3w w postaci grant\u00f3w na dodatkow\u0105 pomoc dla Ukrainy, aby wesprze\u0107 bud\u017cet kraju i zapewni\u0107 Ukrai\u0144com dost\u0119p do podstawowych us\u0142ug.", "link": "https://forsal.pl/swiat/ukraina/artykuly/8667436,bank-swiatowy-25-mld-dol-dla-ukrainy.html", "date_published": "2023-02-24 19:14:41+00:00", "persistent": false, "user": null, "language": "pl-PL"}, {"source": "https://forsal.pl/.feed", "title": "2/3 dzia\u0142aj\u0105cych w Ukrainie terminali Starlink dostarczy\u0142a Polska", "description": "<img align=\"right\" hspace=\"5\" src=\"https://ocdn.eu/pulscms-transforms/1/9PDktkuTURBXy83OTVhNTEyYi0wNmNlLTQwOGEtOGNmMi0zN2Q4MjM3MWQ3OGQuanBlZ5GTBc0BHcyg\" />W ramach pomocy, w ci\u0105gu minionego roku, dostarczyli\u015bmy Ukrainie dwie trzecie terminali Starlink, kt\u00f3ra tam dzi\u015b funkcjonuj\u0105 \u2013 powiedzia\u0142 w pi\u0105tek na antenie Radia Wroc\u0142aw pe\u0142nomocnik rz\u0105du ds. cyberbezpiecze\u0144stwa Janusz Cieszy\u0144ski.", "link": "https://forsal.pl/swiat/ukraina/artykuly/8667425,polska-terminale-starlink-ukraina.html", "date_published": "2023-02-24 18:05:03+00:00", "persistent": false, "user": null, "language": "pl-PL"}, {"source": "https://forsal.pl/.feed", "title": "\"Rosja mo\u017ce napa\u015b\u0107 na jeszcze jeden kraj\". Niepokoj\u0105ce s\u0142owa Ze\u0142enskiego", "description": "<img align=\"right\" hspace=\"5\" src=\"https://ocdn.eu/pulscms-transforms/1/5sVktkuTURBXy83MDE1YzY4Zi0yNzhmLTRmZTMtYTJiMy1kOWNlODY3ODkyZmMuanBlZ5GTBc0BHcyg\" />Rosja mo\u017ce napa\u015b\u0107 na jeszcze jeden kraj - ostrzeg\u0142 w pi\u0105tek na konferencji prasowej prezydent Ukrainy Wo\u0142odymyr Ze\u0142enski. Putin musi pokaza\u0107 jaki\u015b sukces - doda\u0142.", "link": "https://forsal.pl/swiat/rosja/artykuly/8667421,zelenski-rosja-moze-napasc-na-jeszcze-jeden-kraj.html", "date_published": "2023-02-24 17:42:13+00:00", "persistent": false, "user": null, "language": "pl-PL"}, {"source": "https://forsal.pl/.feed", "title": "Byli szefowie i pracownicy KNF chc\u0105 umorzenia sprawy o zaniedbania wobec SKOK Wo\u0142omin", "description": "<img align=\"right\" hspace=\"5\" src=\"https://ocdn.eu/pulscms-transforms/1/0hNktkuTURBXy9jYTVhMGE0My0yNTc5LTQxZTUtOWE0NC05NTE3ZDdkMmNhZDcuanBlZ5GTBc0BHcyg\" />W pi\u0105tek w warszawskim s\u0105dzie odby\u0142o si\u0119 posiedzenie organizacyjne dotycz\u0105ce sprawy urz\u0119dnik\u00f3w Komisji Nadzoru Finansowego, w tym jej by\u0142ego szefa Andrzeja Jakubiaka i jego zast\u0119pcy Wojciecha Kwa\u015bniaka.", "link": "https://forsal.pl/finanse/aktualnosci/artykuly/8667419,skok-wolomin-byli-szefowie-i-pracownicy-knf-chca-umorzenia.html", "date_published": "2023-02-24 17:36:10+00:00", "persistent": false, "user": null, "language": "pl-PL"}, {"source": "https://forsal.pl/.feed", "title": "Wsp\u00f3\u0142praca przy produkcji czo\u0142g\u00f3w K2 i armatohaubic K9. PGZ ma umowy", "description": "<img align=\"right\" hspace=\"5\" src=\"https://ocdn.eu/pulscms-transforms/1/4JLktkuTURBXy9kMjE5NjM5ZS0yMmZiLTRhZjQtOTM2My0zZjZhMmU3Zjc5Y2UuanBlZ5GTBc0BHcyg\" />Polska Grupa Zbrojeniowa podpisa\u0142a z korea\u0144skimi producentami uzbrojenia umowy o wsp\u00f3\u0142pracy przy produkcji czo\u0142g\u00f3w K2 i samobie\u017cnych armatohaubic K9 \u2013 poinformowa\u0142a PGZ w pi\u0105tek.", "link": "https://forsal.pl/biznes/przemysl/artykuly/8667414,pgz-produkcja-czolgow-k2-i-armatohaubic-k9.html", "date_published": "2023-02-24 17:28:16+00:00", "persistent": false, "user": null, "language": "pl-PL"}, {"source": "https://forsal.pl/.feed", "title": "Niemcy skomentowa\u0142y chi\u0144ski plan pokojowy dla Ukrainy", "description": "<img align=\"right\" hspace=\"5\" src=\"https://ocdn.eu/pulscms-transforms/1/6wKktkuTURBXy85ZGMwMThjOS01NGYxLTQzMzUtYjQ2My01NjJlYzk3NjdhOTMuanBlZ5GTBc0BHcyg\" />Minister spraw zagranicznych Niemiec, Annalena Baerbock, odnosz\u0105c si\u0119 w pi\u0105tek w Radzie Bezpiecze\u0144stwa ONZ do chi\u0144skiego planu pokojowego dla Ukrainy, podkre\u015bli\u0142a, \u017ce ci, kt\u00f3rzy m\u00f3wi\u0105 o pokoju, &quot;nie mog\u0105 pod tym s\u0142owem rozumie\u0107 podleg\u0142o\u015bci&quot;. Doda\u0142a, \u017ce Chiny mog\u0142yby wp\u0142yn\u0105\u0107 na Rosj\u0119, by wype\u0142ni\u0142a w stosunku do Ukrainy postanowienia rezolucji Narod\u00f3w Zjednoczonych.", "link": "https://forsal.pl/swiat/bezpieczenstwo/artykuly/8667411,niemcy-chinski-plan-pokojowy-dla-ukrainy.html", "date_published": "2023-02-24 17:09:10+00:00", "persistent": false, "user": null, "language": "pl-PL"}, {"source": "https://forsal.pl/.feed", "title": "GPW pod kresk\u0105. WIG20 spad\u0142 o 0,96 proc.", "description": "<img align=\"right\" hspace=\"5\" src=\"https://ocdn.eu/pulscms-transforms/1/1cWktkuTURBXy81N2ZmN2JhYi04ZjFmLTRiYjEtYTU1Ni0wNmRiZTI4OWU2Y2UuanBlZ5GTBc0BHcyg\" />undefined", "link": "https://forsal.pl/finanse/gielda/artykuly/8667404,gpw-pod-kreska-wig20-spadl-o-096-proc.html", "date_published": "2023-02-24 16:53:31+00:00", "persistent": false, "user": null, "language": "pl-PL"}, {"source": "https://forsal.pl/.feed", "title": "Niemcy przeka\u017c\u0105 Ukrainie kolejne cztery czo\u0142gi Leopard 2 A6", "description": "<img align=\"right\" hspace=\"5\" src=\"https://ocdn.eu/pulscms-transforms/1/E3ektkuTURBXy8xNDA5YzNmMS0zNDY5LTRjNGEtYWJkNy0zYjViODdjNmM0YmQuanBlZ5GTBc0BHcyg\" />Minister obrony RFN Boris Pistorius podj\u0105\u0142 decyzj\u0119 o przekazaniu Ukrainie kolejnych czterech czo\u0142g\u00f3w Leopard 2 A6 z niemieckich zapas\u00f3w wojskowych - poinformowa\u0142 w pi\u0105tek resort obrony w Berlinie. &quot;Niemcy zwi\u0119kszaj\u0105 tym samym liczb\u0119 przekazanych czo\u0142g\u00f3w z 14 do 18&quot; - doda\u0142o ministerstwo.", "link": "https://forsal.pl/swiat/ukraina/artykuly/8667398,niemcy-ukraina-leopard.html", "date_published": "2023-02-24 16:28:38+00:00", "persistent": false, "user": null, "language": "pl-PL"}, {"source": "https://forsal.pl/.feed", "title": "Ze\u0142enski: Pa\u0144stwa ba\u0142tyckie i Polska wspieraj\u0105 nas we wszystkim, o cokolwiek by\u015bmy poprosili", "description": "<img align=\"right\" hspace=\"5\" src=\"https://ocdn.eu/pulscms-transforms/1/Dz4ktkuTURBXy83MDgzNWE0YS1jYzg5LTQyMTMtYThiYi02ZTIxNjZmMWM5NDcuanBlZ5GTBc0BHcyg\" />Pa\u0144stwa ba\u0142tyckie i Polska wspieraj\u0105 nas we wszystkim, o cokolwiek by\u015bmy poprosili - o\u015bwiadczy\u0142 w pi\u0105tek prezydent Ukrainy Wo\u0142odymyr Ze\u0142enski podczas konferencji prasowej.", "link": "https://forsal.pl/swiat/ukraina/artykuly/8667394,zelenski-panstwa-baltyckie-i-polska-wspieraja-nas-we-wszystkim.html", "date_published": "2023-02-24 16:17:13+00:00", "persistent": false, "user": null, "language": "pl-PL"}, {"source": "https://forsal.pl/.feed", "title": "Ukraina chce si\u0119 wzorowa\u0107 na Polsce. Chodzi o system ochrony zdrowia", "description": "<img align=\"right\" hspace=\"5\" src=\"https://ocdn.eu/pulscms-transforms/1/AROktkuTURBXy9jMDE1MmFiNi1kMTY0LTRiMmUtODFlNC01NWVhODdlZjA0OGEuanBlZ5GTBc0BHcyg\" />Mimo trwaj\u0105cej wojny Ukraina pracuje nad odbudow\u0105 swojego systemu ochrony zdrowia. I chce wzorowa\u0107 si\u0119 na Polsce - powiedzia\u0142 w rozmowie z Interi\u0105 minister zdrowia Adam Niedzielski.", "link": "https://forsal.pl/swiat/ukraina/artykuly/8667393,ukraina-chce-sie-wzorowac-na-polsce-system-ochrony-zdrowia.html", "date_published": "2023-02-24 16:08:06+00:00", "persistent": false, "user": null, "language": "pl-PL"}, {"source": "https://forsal.pl/.feed", "title": "Liderzy Tr\u00f3jk\u0105ta Weimarskiego zadeklarowali wsparcie dla Ukrainy", "description": "<img align=\"right\" hspace=\"5\" src=\"https://ocdn.eu/pulscms-transforms/1/d5lktkuTURBXy8yN2M2MDZjZC04ZDkwLTRkNjMtYjRhMy1jZTVlZmM2Zjg4ZGUuanBlZ5GTBc0BHcyg\" />Pa\u0144stwa Tr\u00f3jk\u0105ta Weimarskiego b\u0119d\u0105 nadal mocno wspiera\u0107 Ukrain\u0119 i jej nar\u00f3d tak d\u0142ugo, jak b\u0119dzie to konieczne. Wzywaj\u0105 Rosj\u0119 do bezwarunkowego zaprzestania dzia\u0142a\u0144 wojennych i wycofania swoich si\u0142 z ca\u0142ego terytorium Ukrainy - czytamy we wsp\u00f3lnym o\u015bwiadczeniu przyw\u00f3dc\u00f3w Polski, Francji i Niemiec.", "link": "https://forsal.pl/swiat/bezpieczenstwo/artykuly/8667390,trojkat-weimarski-wsparcie-dla-ukrainy.html", "date_published": "2023-02-24 16:00:04+00:00", "persistent": false, "user": null, "language": "pl-PL"}, {"source": "https://forsal.pl/.feed", "title": "Wsp\u00f3lna produkcja militarna z USA? Prezydent Duda zabra\u0142 g\u0142os", "description": "<img align=\"right\" hspace=\"5\" src=\"https://ocdn.eu/pulscms-transforms/1/rJ_ktkuTURBXy9mOGI0MzY0Zi1jMTg3LTQ4OWEtYWE3ZC02MTUwMGM1Y2ViZWMuanBlZ5GTBc0BHcyg\" />Rozmawia\u0142em z prezydentem USA Joe Bidenem o rozpocz\u0119ciu wsp\u00f3lnej produkcji militarnej np. amunicji, wiec mo\u017cna powiedzie\u0107, \u017ce rozmowa na ten temat, na tym najwy\u017cszym prezydenckim poziomie ze Stanami Zjednoczonymi zosta\u0142a rozpocz\u0119ta - powiedzia\u0142 w pi\u0105tek prezydent Andrzej Duda po posiedzeniu RBN.", "link": "https://forsal.pl/swiat/bezpieczenstwo/artykuly/8667388,wspolna-produkcja-militarna-z-usa-prezydent-duda.html", "date_published": "2023-02-24 15:57:08+00:00", "persistent": false, "user": null, "language": "pl-PL"}, {"source": "https://forsal.pl/.feed", "title": "Prezydent po posiedzeniu RBN: Wszyscy de facto m\u00f3wimy jednym g\u0142osem", "description": "<img align=\"right\" hspace=\"5\" src=\"https://ocdn.eu/pulscms-transforms/1/rJ_ktkuTURBXy9mOGI0MzY0Zi1jMTg3LTQ4OWEtYWE3ZC02MTUwMGM1Y2ViZWMuanBlZ5GTBc0BHcyg\" />Wida\u0107, \u017ce gremium obecne na RBN powa\u017cnie podchodzi do polskich spraw i kwestii na Ukrainie; ta sprawa nie jest przedmiotem politycznych spor\u00f3w, a podej\u015bcie wszystkich uczestnik\u00f3w debaty jest niezwykle konstruktywne - powiedzia\u0142 prezydent Andrzej Duda po posiedzeniu Rady Bezpiecze\u0144stwa Narodowego.", "link": "https://forsal.pl/swiat/bezpieczenstwo/artykuly/8667383,prezydent-po-posiedzeniu-rbn-wszyscy-mowimy-jednym-glosem.html", "date_published": "2023-02-24 15:42:14+00:00", "persistent": false, "user": null, "language": "pl-PL"}, {"source": "https://forsal.pl/.feed", "title": "Ukraina otrzyma my\u015bliwce F-16 od USA? \"Analizujemy mo\u017cliwo\u015b\u0107\"", "description": "<img align=\"right\" hspace=\"5\" src=\"https://ocdn.eu/pulscms-transforms/1/-hkktkuTURBXy85MGQxOTBkNi03MmZkLTRjM2UtYjVkOS0wMjc0ZDVkMWQ1MTYuanBlZ5GTBc0BHcyg\" />Analizujemy mo\u017cliwo\u015b\u0107 przekazania Ukrainie samolot\u00f3w bojowych czwartej generacji, takich jak F-16, a tak\u017ce nowszych maszyn; jednak w tej kwestii nie zapad\u0142y jeszcze \u017cadne wi\u0105\u017c\u0105ce decyzje - poinformowa\u0142a w rozmowie z dziennikiem &quot;Washington Post&quot; podsekretarz stanu USA Victoria Nuland.", "link": "https://forsal.pl/swiat/usa/artykuly/8667379,ukraina-mysliwce-f-16-od-usa-nuland.html", "date_published": "2023-02-24 15:37:08+00:00", "persistent": false, "user": null, "language": "pl-PL"}, {"source": "https://forsal.pl/.feed", "title": "Chiny udzieli\u0142y wsparcia Bia\u0142orusi: Sprzeciwstawiamy si\u0119 \u201eingerencjom obcych si\u0142\u201d", "description": "<img align=\"right\" hspace=\"5\" src=\"https://ocdn.eu/pulscms-transforms/1/SpiktkuTURBXy9mYWI5ZDM1YS0wMDBlLTQ5NzEtYjE4YS1iOTMxMzg0ODBjODAuanBlZ5GTBc0BHcyg\" />Chiny b\u0119d\u0105 dalej popiera\u0142y Bia\u0142oru\u015b w wysi\u0142kach na rzecz &quot;utrzymania stabilno\u015bci&quot; oraz sprzeciwia\u0142y si\u0119 \u201eobcym si\u0142om\u201d ingeruj\u0105cym w wewn\u0119trzne sprawy tego kraju, jak r\u00f3wnie\u017c nak\u0142adaniu na niego \u201enielegalnych sankcji\u201d \u2013 o\u015bwiadczy\u0142 w pi\u0105tek szef chi\u0144skiego MSZ Qin Gang.", "link": "https://forsal.pl/swiat/chiny/artykuly/8667375,chiny-bialorus-sprzeciwstawiamy-sie-ingerencjom-obcych-sil.html", "date_published": "2023-02-24 15:18:09+00:00", "persistent": false, "user": null, "language": "pl-PL"}, {"source": "https://forsal.pl/.feed", "title": "Yellen o nowych \"znacz\u0105cych\" sankcjach na Rosj\u0119: Trudne do omini\u0119cia", "description": "<img align=\"right\" hspace=\"5\" src=\"https://ocdn.eu/pulscms-transforms/1/N0qktkuTURBXy9iYjZkOTVlZC05Nzg5LTQ4ZTYtYTg5OS01ZWVhYTE3ZmQ4OWYuanBlZ5GTBc0BHcyg\" />Minister finans\u00f3w USA Janet Yellen poinformowa\u0142a w pi\u0105tek, w rocznic\u0119 rosyjskiej napa\u015bci na Ukrain\u0119, \u017ce jej resort nak\u0142ada nowe, &quot;znacz\u0105ce&quot; sankcje na Rosj\u0119. Restrykcje b\u0119d\u0105 wymierzone w konkretne osoby, firmy i instytucje finansowe. Kolejne sankcje zapowiedzia\u0142 te\u017c Departament Stanu.", "link": "https://forsal.pl/swiat/usa/artykuly/8667369,yellen-sankcje-na-rosje-trudne-do-ominiecia.html", "date_published": "2023-02-24 14:55:09+00:00", "persistent": false, "user": null, "language": "pl-PL"}, {"source": "https://forsal.pl/.feed", "title": "Szwedzkie Leopardy dla Ukrainy. Jest decyzja Sztokholmu", "description": "<img align=\"right\" hspace=\"5\" src=\"https://ocdn.eu/pulscms-transforms/1/YCNktkuTURBXy80ZTU4OTA4Ni04MzRhLTRiODEtYjI5NC02ZTM5YmMxZmFlNDMuanBlZ5GTBc0BHcyg\" />Zdecydowali\u015bmy o przekazaniu Ukrainie do 10 czo\u0142g\u00f3w Leopard 2 - poinformowali w pi\u0105tek premier Szwecji Ulf Kristersson oraz minister obrony Pal Jonson. Dostawa ma zosta\u0107 zrealizowana &quot;najszybciej jak to mo\u017cliwe&quot; w koordynacji z Niemcami.", "link": "https://forsal.pl/swiat/ukraina/artykuly/8667359,szwecja-czolgi-leopard-dla-ukrainy.html", "date_published": "2023-02-24 14:37:47+00:00", "persistent": false, "user": null, "language": "pl-PL"}, {"source": "https://forsal.pl/.feed", "title": "Kolejny kraj mo\u017ce przekaza\u0107 my\u015bliwce Ukrainie. \"Rozwa\u017camy\"", "description": "<img align=\"right\" hspace=\"5\" src=\"https://ocdn.eu/pulscms-transforms/1/6NfktkuTURBXy8wMmE1MWU2NS1iMGEzLTQ0YzUtOWVmYy02Y2NhOWFlZWRjZmMuanBlZ5GTBc0BHcyg\" />Hiszpa\u0144skie w\u0142adze nie wykluczaj\u0105 mo\u017cliwo\u015bci przekazania my\u015bliwc\u00f3w Ukrainie, kt\u00f3ra od roku odpiera rosyjsk\u0105 inwazj\u0119 - poinformowa\u0142 w pi\u0105tek w rozmowie z dziennikarzami premier Hiszpanii Pedro Sanchez.", "link": "https://forsal.pl/swiat/ukraina/artykuly/8667357,hiszpania-mysliwce-dla-ukrainy.html", "date_published": "2023-02-24 14:29:39+00:00", "persistent": false, "user": null, "language": "pl-PL"}, {"source": "https://forsal.pl/.feed", "title": "Ze\u0142enski: Dotar\u0142y do nas pierwsze czo\u0142gi z Polski", "description": "<img align=\"right\" hspace=\"5\" src=\"https://ocdn.eu/pulscms-transforms/1/db3ktkuTURBXy9iZWVhZWE4Mi1mNGRjLTQ4ZTctODc2ZC1kYzdjZTAzYTU4ZTguanBlZ5GTBc0BHcyg\" />Dzisiaj mo\u017cemy poinformowa\u0107 o pierwszych czo\u0142gach, kt\u00f3re otrzymali\u015bmy z Polski; te czo\u0142gi s\u0105 ju\u017c na Ukrainie i b\u0119d\u0105 wzmacnia\u0107 nasz\u0105 obron\u0119 - o\u015bwiadczy\u0142 w pi\u0105tek w Kijowie prezydent Ukrainy Wo\u0142odymyr Ze\u0142enski podczas wsp\u00f3lnej konferencji z premierem Mateuszem Morawieckim w pierwsz\u0105 rocznic\u0119 rosyjskiej agresji.", "link": "https://forsal.pl/swiat/ukraina/artykuly/8667348,zelenski-dotarly-do-nas-pierwsze-czolgi-z-polski.html", "date_published": "2023-02-24 14:19:04+00:00", "persistent": false, "user": null, "language": "pl-PL"}, {"source": "https://forsal.pl/.feed", "title": "Gen. Polko: Rosyjska \u201edruga armia \u015bwiata\u201d to mit z defilad", "description": "<img align=\"right\" hspace=\"5\" src=\"https://ocdn.eu/pulscms-transforms/1/1cXktkuTURBXy83ZjA5ODZkNy0zMTNiLTRkOWYtYmY2ZS0wZjdmYzEwMzJkMjguanBlZ5GTBc0BHcyg\" />Ukrai\u0144cy pokazali, \u017ce \u201edruga armia \u015bwiata\u201d to mit z defilad - oceni\u0142 w pierwsz\u0105 rocznic\u0119 pe\u0142noskalowej agresji Rosji na Ukrain\u0119 by\u0142y dow\u00f3dca GROM gen. Roman Polko. Wyrazi\u0142 nadziej\u0119, \u017ce Ukraina wkr\u00f3tce otrzyma bro\u0144, kt\u00f3ra umo\u017cliwi jej wyparcie okupanta z jej terytorium. Oceni\u0142, \u017ce wojna potrwa jeszcze 2-3 lata.", "link": "https://forsal.pl/swiat/ukraina/artykuly/8667344,gen-polko-rosyjska-druga-armia-swiata-to-mit-z-defilad.html", "date_published": "2023-02-24 14:12:51+00:00", "persistent": false, "user": null, "language": "pl-PL"}, {"source": "https://forsal.pl/.feed", "title": "Historyk: Ukraina jest ju\u017c bardziej zintegrowana z NATO ni\u017c kraje cz\u0142onkowskie", "description": "<img align=\"right\" hspace=\"5\" src=\"https://ocdn.eu/pulscms-transforms/1/KF-ktkuTURBXy8wZTc5ZjUzMy1iZjBkLTQ1ZDYtYjMxNy01ZDkzMjFlMmE5ZGIuanBlZ5GTBc0BHcyg\" />Ukraina jest chyba bardziej zintegrowana z NATO ni\u017c kraje, kt\u00f3re ju\u017c s\u0105 cz\u0142onkami Sojuszu \u2013 stwierdzi\u0142 w wywiadzie dla francuskiego dziennika \u201eLe Figaro\u201d Serhij P\u0142ochij, ukrai\u0144ski historyk z Uniwersytetu Harvarda.", "link": "https://forsal.pl/swiat/ukraina/artykuly/8667339,historyk-ukraina-nato.html", "date_published": "2023-02-24 14:00:06+00:00", "persistent": false, "user": null, "language": "pl-PL"}, {"source": "https://forsal.pl/.feed", "title": "PKN Orlen nie zmienia plan\u00f3w dot. rozwoju morskiej energetyki wiatrowej", "description": "<img align=\"right\" hspace=\"5\" src=\"https://ocdn.eu/pulscms-transforms/1/_FSktkuTURBXy9mZWYwMTYwOS02Y2UxLTQyYzktYTVkMy1iYjA5NGU4YWZhMzUuanBlZ5GTBc0BHcyg\" />undefined", "link": "https://forsal.pl/biznes/aktualnosci/artykuly/8667332,pkn-orlen-plany-dot-rozwoju-morskiej-energetyki-wiatrowej.html", "date_published": "2023-02-24 13:45:54+00:00", "persistent": false, "user": null, "language": "pl-PL"}, {"source": "https://forsal.pl/.feed", "title": "KNF zgodzi\u0142a si\u0119 na wycofanie z obrotu na GPW akcji ZPUE i Atlas Estates", "description": "<img align=\"right\" hspace=\"5\" src=\"https://ocdn.eu/pulscms-transforms/1/fhiktkuTURBXy9kNzM5MjRmZi00MGMyLTQ2ODUtOWI3YS0wNzg5ODIwMzZiMzUuanBlZ5GTBc0BHcyg\" />undefined", "link": "https://forsal.pl/biznes/aktualnosci/artykuly/8667330,knf-wycofanie-z-obrotu-na-gpw-akcji-zpue-i-atlas-estates.html", "date_published": "2023-02-24 13:43:07+00:00", "persistent": false, "user": null, "language": "pl-PL"}, {"source": "https://forsal.pl/.feed", "title": "Morawiecki: Polska na dniach przeka\u017ce Ukrainie czo\u0142gi PT-91", "description": "<img align=\"right\" hspace=\"5\" src=\"https://ocdn.eu/pulscms-transforms/1/384ktkuTURBXy9mYjNmMmFkNC1mOGNiLTQ1NTQtYWQ0Yy05ZmU1Njg0YTEyNjAuanBlZ5GTBc0BHcyg\" />Na dniach przeka\u017cemy Ukrainie bardzo dobre czo\u0142gi PT-91 - powiedzia\u0142 w pi\u0105tek w Kijowie premier Mateusz Morawiecki. Doda\u0142, \u017ce w Polsce trwa obecnie bardzo intensywne szkolenie \u017co\u0142nierzy ukrai\u0144skich.", "link": "https://forsal.pl/swiat/ukraina/artykuly/8667328,morawiecki-polska-czolgi-pt-91-ukraina.html", "date_published": "2023-02-24 13:39:32+00:00", "persistent": false, "user": null, "language": "pl-PL"}, {"source": "https://forsal.pl/.feed", "title": "Prezydent Niemiec: Putin chce wygra\u0107, ale ju\u017c przegra\u0142", "description": "<img align=\"right\" hspace=\"5\" src=\"https://ocdn.eu/pulscms-transforms/1/TyEktkuTURBXy80NGRjOWYyYy1lOTZlLTRjOWItOWRjYy05YjFmODc5OTNjY2QuanBlZ5GTBc0BHcyg\" />Podczas uroczysto\u015bci w rocznic\u0119 inwazji Rosji na Ukrain\u0119 prezydent Niemiec Frank-Walter Steinmeier obieca\u0142 Ukrainie dalsz\u0105 solidarno\u015b\u0107 i wsparcie. W\u0142adimir Putin chce wygra\u0107, ale ju\u017c przegra\u0142 - stwierdzi\u0142 Steinmeier w pi\u0105tek w Pa\u0142acu Bellevue w Berlinie.", "link": "https://forsal.pl/swiat/rosja/artykuly/8667324,steinmeier-putin-chce-wygrac-ale-juz-przegral.html", "date_published": "2023-02-24 13:37:02+00:00", "persistent": false, "user": null, "language": "pl-PL"}, {"source": "https://forsal.pl/.feed", "title": "Morawiecki: 10. pakiet sankcji UE jest zbyt mi\u0119kki", "description": "<img align=\"right\" hspace=\"5\" src=\"https://ocdn.eu/pulscms-transforms/1/384ktkuTURBXy9mYjNmMmFkNC1mOGNiLTQ1NTQtYWQ0Yy05ZmU1Njg0YTEyNjAuanBlZ5GTBc0BHcyg\" />10. pakiet sankcji UE jest zbyt mi\u0119kki. Dzisiaj skieruj\u0119 pro\u015bb\u0119 do szefowej Komisji Europejskiej o dodanie do niego kilku nazwisk rosyjskich propagandyst\u00f3w - powiedzia\u0142 w pi\u0105tek w Kijowie premier Mateusz Morawiecki.", "link": "https://forsal.pl/swiat/unia-europejska/artykuly/8667316,morawiecki-10-pakiet-sankcji-ue-jest-zbyt-miekki.html", "date_published": "2023-02-24 13:17:10+00:00", "persistent": false, "user": null, "language": "pl-PL"}, {"source": "https://forsal.pl/.feed", "title": "W przysz\u0142ym tygodniu nie b\u0119dzie kolejnej obni\u017cki cen ON", "description": "<img align=\"right\" hspace=\"5\" src=\"https://ocdn.eu/pulscms-transforms/1/hWBktkuTURBXy9hM2QyMjU5OS1kYWZhLTRlYzgtOTI0YS02YzkwMjNhNjg4ZmUuanBlZ5GTBc0BHcyg\" />W nadchodz\u0105cym tygodniu nie b\u0119dzie ju\u017c kolejnej obni\u017cki \u015brednich cen diesla, kt\u00f3ry mo\u017ce kosztowa\u0107 7,23-7,34 z\u0142 za litr - prognozuj\u0105 analitycy portalu e-eptrol.pl. Ich zdaniem mi\u0119dzy 27 lutego a 5 marca ceny na stacjach paliw b\u0119d\u0105 stabilne.", "link": "https://forsal.pl/transport/artykuly/8667314,w-przyszlym-tygodniu-nie-bedzie-kolejnej-obnizki-cen-on.html", "date_published": "2023-02-24 13:15:06+00:00", "persistent": false, "user": null, "language": "pl-PL"}, {"source": "https://forsal.pl/.feed", "title": "USA og\u0142osi\u0142y kolejne sankcje wobec Rosji. Obejm\u0105 200 os\u00f3b lub firm", "description": "<img align=\"right\" hspace=\"5\" src=\"https://ocdn.eu/pulscms-transforms/1/nrVktkuTURBXy80OWZjM2E4YS02OTQ1LTRiODktYTQ3YS00OWMwMjJkNDViZjEuanBlZ5GTBc0BHcyg\" />Administracja prezydenta USA Joe Bidena w dniu rocznicy napa\u015bci Rosji na Ukrain\u0119 og\u0142osi\u0142a kolejne sankcje wobec Rosji i zapowiedzia\u0142a dalsze wsparcie dla Ukrainy - poinformowa\u0142a w pi\u0105tek stacja Sky News.", "link": "https://forsal.pl/swiat/usa/artykuly/8667306,usa-oglosily-kolejne-sankcje-wobec-rosji-obejma-200-osob-lub-firm.html", "date_published": "2023-02-24 12:48:30+00:00", "persistent": false, "user": null, "language": "pl-PL"}, {"source": "https://forsal.pl/.feed", "title": "Rekordowy zysk Orlenu. Na co gigant wyda pieni\u0105dze?", "description": "<img align=\"right\" hspace=\"5\" src=\"https://ocdn.eu/pulscms-transforms/1/fCvktkuTURBXy9hMWNjM2M2OS1lMjFmLTQ4YzEtOGFlMS1kMmI4ZGZhZmRlY2QuanBlZ5GTBc0BHcyg\" />- Zamierzamy pozosta\u0107 sp\u00f3\u0142k\u0105 p\u0142ac\u0105c\u0105 atrakcyjn\u0105 dywidend\u0119 \u2013 m\u00f3wi\u0142 na konferencji prasowej cz\u0142onek zarz\u0105du ds. finansowych Jan Szewczak.", "link": "https://forsal.pl/biznes/energetyka/artykuly/8667305,pkn-orlen-rekordowy-zysk-inwestycje.html", "date_published": "2023-02-24 12:48:09+00:00", "persistent": false, "user": null, "language": "pl-PL"}, {"source": "https://forsal.pl/.feed", "title": "Jak Polacy oceniaj\u0105 og\u00f3ln\u0105 sytuacj\u0119 w kraju? [SONDA\u017b]", "description": "<img align=\"right\" hspace=\"5\" src=\"https://ocdn.eu/pulscms-transforms/1/Q1WktkuTURBXy9jYTU0OTJhNy1iYTY3LTRlZGQtYWMyNS1hMmYxZTc0NzcyMGIuanBlZ5GTBc0BHcyg\" />29 proc. Polak\u00f3w ocenia og\u00f3ln\u0105 sytuacj\u0119 w Polsce jako dobr\u0105, przeciwne zdanie ma 55 proc. ankietowanych. W lutym poprawi\u0142y si\u0119 wszystkie wska\u017aniki nastroj\u00f3w spo\u0142ecznych - wynika z lutowego badania Centrum Badania Opinii Spo\u0142ecznej.", "link": "https://forsal.pl/gospodarka/artykuly/8667299,jak-polacy-oceniaja-ogolna-sytuacje-w-kraju-sondaz.html", "date_published": "2023-02-24 12:20:09+00:00", "persistent": false, "user": null, "language": "pl-PL"}, {"source": "https://forsal.pl/.feed", "title": "Nowa strategia PKN Orlen: firma stawia na sie\u0107 punkt\u00f3w \u0142adowania elektryk\u00f3w", "description": "<img align=\"right\" hspace=\"5\" src=\"https://ocdn.eu/pulscms-transforms/1/lD8ktkuTURBXy9mNzMyNjRmYS0xNDM0LTQwM2MtOTIzMS01Y2ExMmRiNzdlYWEuanBlZ5GTBc0BHcyg\" />PKN Orlen w nowej strategii zapowie przy\u015bpieszenie inwestycji w sie\u0107 punkt\u00f3w \u0142adowania elektryk\u00f3w - powiedzia\u0142a w rozmowie z PAP cz\u0142onek Zarz\u0105du ds. Sprzeda\u017cy Detalicznej PKN Orlen Patrycja Klarecka. Doda\u0142a, \u017ce poprzednie plany &quot;s\u0105 nieadekwatne&quot; do tego co dzieje si\u0119 na rynku.", "link": "https://forsal.pl/biznes/artykuly/8667270,nowa-strategia-pkn-orlen.html", "date_published": "2023-02-24 11:27:27+00:00", "persistent": false, "user": null, "language": "pl-PL"}, {"source": "https://forsal.pl/.feed", "title": "Brand24 mia\u0142 wst\u0119pnie ok. 5,88 mln z\u0142 EBITDA w 2022 r.", "description": "<img align=\"right\" hspace=\"5\" src=\"https://ocdn.eu/pulscms-transforms/1/dk1ktkuTURBXy84ZDM4M2FkNC02OTczLTQ3MjUtYmI5MC00NDk1NjlhNGRiMTguanBlZ5GTBc0BHcyg\" />undefined", "link": "https://forsal.pl/biznes/aktualnosci/artykuly/8667262,brand24-mial-wstepnie-ok-588-mln-zl-ebitda-w-2022-r.html", "date_published": "2023-02-24 11:14:41+00:00", "persistent": false, "user": null, "language": "pl-PL"}, {"source": "https://forsal.pl/.feed", "title": "Mercor mia\u0142 11,59 mln z\u0142 zysku netto, 24,64 mln z\u0142 EBITDA w III kw. r.obr. 2022/2023", "description": "<img align=\"right\" hspace=\"5\" src=\"https://ocdn.eu/pulscms-transforms/1/34-ktkuTURBXy80ZmI5ZjBjMS0zZTc1LTRjN2QtYjJkMS00M2YzMzg4M2E3ZjUuanBlZ5GTBc0BHcyg\" />undefined", "link": "https://forsal.pl/biznes/aktualnosci/artykuly/8667260,mercor-wyniki-finansowe-zysku-netto-ebitda-w-3-kw-robr-20222023.html", "date_published": "2023-02-24 11:12:45+00:00", "persistent": false, "user": null, "language": "pl-PL"}, {"source": "https://forsal.pl/.feed", "title": "PKN Orlen planuje capex w wysoko\u015bci 36,2 mld z\u0142 w 2023 r.", "description": "<img align=\"right\" hspace=\"5\" src=\"https://ocdn.eu/pulscms-transforms/1/IcTktkuTURBXy9kZjEyZTkyMS04YmJkLTRmZmUtODExYy05MDc4MmQ0NWVmY2UuanBlZ5GTBc0BHcyg\" />undefined", "link": "https://forsal.pl/biznes/przemysl/artykuly/8667258,pkn-orlen-capex-naklady-na-inwestycje-w-2023-r.html", "date_published": "2023-02-24 11:09:53+00:00", "persistent": false, "user": null, "language": "pl-PL"}, {"source": "https://forsal.pl/.feed", "title": "PKN Orlen mia\u0142 16,37 mld z\u0142 zysku netto, 16,06 mld z\u0142 zysku EBITDA LIFO w IV kw. 2022 r.", "description": "<img align=\"right\" hspace=\"5\" src=\"https://ocdn.eu/pulscms-transforms/1/wOTktkuTURBXy8xZDkyNTVlMy03ZjI1LTQ4NzUtYTBkOS1hNjlhNDVmZTc3YzIuanBlZ5GTBc0BHcyg\" />undefined", "link": "https://forsal.pl/biznes/przemysl/artykuly/8667255,pkn-orlen-wyniki-finansowe-zysk-netto-ebitda-lifo-w-4-kw-2022-r.html", "date_published": "2023-02-24 11:06:50+00:00", "persistent": false, "user": null, "language": "pl-PL"}, {"source": "https://forsal.pl/.feed", "title": "Ekspert rynku nieruchomo\u015bci: Skutki wojny widoczne przede wszystkim na rynku najmu", "description": "<img align=\"right\" hspace=\"5\" src=\"https://ocdn.eu/pulscms-transforms/1/w46ktkuTURBXy8zYzM3MDQ4Mi0zMGZkLTRiMDItYjFmNS1iMzU0ZmQ2NjgyMzEuanBlZ5GTBc0BHcyg\" />Wojna i nap\u0142yw uchod\u017ac\u00f3w wp\u0142yn\u0119\u0142y przede wszystkim na rynek najmu, gdzie skokowo zmala\u0142a liczba ofert i wzros\u0142y czynsze - oceni\u0142 ekspert portali RynekPierwotny.pl i GetHome.pl Marek Wielgo. Je\u015bli chodzi o sprzeda\u017c mieszka\u0144, wojna pog\u0142\u0119bi\u0142a obserwowane ju\u017c wcze\u015bniej spadki - doda\u0142.", "link": "https://forsal.pl/nieruchomosci/artykuly/8667238,ekspert-rynku-nieruchomosci-skutki-wojny-widoczne-przede-wszystkim-na-rynku-najmu.html", "date_published": "2023-02-24 10:03:45+00:00", "persistent": false, "user": null, "language": "pl-PL"}, {"source": "https://forsal.pl/.feed", "title": "Rok od wybuchu wojny. Zobacz, jak zmieni\u0142a si\u0119 Ukraina [ZDJ\u0118CIA]", "description": "<img align=\"right\" hspace=\"5\" src=\"https://ocdn.eu/pulscms-transforms/1/lRpktkuTURBXy9kMGNmZWU5OC1kODExLTRlYzYtYTY2ZS1mYmI4ODk4YTg5ZDguanBlZ5GTBc0BHcyg\" />24 lutego mija rok od wkroczenia rosyjskich wojsk na terytorium Ukrainy. Po 12 miesi\u0105cach walki wci\u0105\u017c tocz\u0105 si\u0119 w wielu regionach kraju, ale odbudowa zniszcze\u0144 ju\u017c trwa. Zobacz, jak w ci\u0105gu roku zmieni\u0142a si\u0119 Ukraina.", "link": "https://forsal.pl/swiat/ukraina/galeria/8667205,wojna-ukraina-przed-i-po-odbudowa-zniszczen-zdjecia.html", "date_published": "2023-02-24 09:39:21+00:00", "persistent": false, "user": null, "language": "pl-PL"}, {"source": "https://forsal.pl/.feed", "title": "Rosja po raz kolejny zmieni\u0142a swoj\u0105 taktyk\u0119. Celem jest wyczerpanie ukrai\u0144skiej armii", "description": "<img align=\"right\" hspace=\"5\" src=\"https://ocdn.eu/pulscms-transforms/1/yMQktkuTURBXy85ZWZkZTZhZS1iMjc4LTRhZTctODY5ZS00MDgwYmM1Y2VmMzcuanBlZ5GTBc0BHcyg\" />W ostatnich tygodniach Rosja prawdopodobnie po raz kolejny zmieni\u0142a swoj\u0105 taktyk\u0119 w wojnie z Ukrain\u0105; obecnie wysi\u0142ki Kremla nie koncentruj\u0105 si\u0119 na zaj\u0119ciu nowych terytori\u00f3w, ale na wyczerpaniu ukrai\u0144skiej armii - oceni\u0142 w pi\u0105tkowym raporcie resort obrony Wielkiej Brytanii.", "link": "https://forsal.pl/swiat/bezpieczenstwo/artykuly/8667210,rosja-po-raz-kolejny-zmienila-swoja-taktyke-celem-jest-wyczerpanie-ukrainskiej-armii.html", "date_published": "2023-02-24 09:23:33+00:00", "persistent": false, "user": null, "language": "pl-PL"}, {"source": "https://forsal.pl/.feed", "title": "Szef MON: W przysz\u0142ym tygodniu zawrzemy kontrakt ws. bojowych woz\u00f3w piechoty Borsuk", "description": "<img align=\"right\" hspace=\"5\" src=\"https://ocdn.eu/pulscms-transforms/1/5OMktkuTURBXy9kNGQ0ODczYi1jMWVmLTQ5ZDktOTU5My1hYzJjMWU5NTgxN2MuanBlZ5GTBc0BHcyg\" />W przysz\u0142ym tygodniu w Hucie Stalowa Wola zawarty zostanie kontrakt w sprawie bojowych woz\u00f3w piechoty Borsuk; b\u0119dzie to du\u017cy kontrakt w sensie zar\u00f3wno warto\u015bci, jak i przede wszystkim, na czym nam najbardziej zale\u017cy, w sensie ilo\u015bci - podkre\u015bli\u0142 w pi\u0105tek w Radomiu wicepremier, szef MON Mariusz B\u0142aszczak.", "link": "https://forsal.pl/swiat/bezpieczenstwo/artykuly/8667208,szef-mon-w-przyszlym-tygodniu-zawrzemy-kontrakt-ws-bojowych-wozow-piechoty-borsuk.html", "date_published": "2023-02-24 09:21:52+00:00", "persistent": false, "user": null, "language": "pl-PL"}, {"source": "https://forsal.pl/.feed", "title": "Producent filmowy Harvey Weinstein skazany na 16 lat wi\u0119zienia", "description": "<img align=\"right\" hspace=\"5\" src=\"https://ocdn.eu/pulscms-transforms/1/kFmktkuTURBXy84MmU1OTc1Ni1kMzAxLTQwNTMtYWMyNy0wMDM3MjIwZDY3ZjYuanBlZ5GTBc0BHcyg\" />Oskar\u017cany przez wiele kobiet o molestowanie hollywoodzki producent Harvey Weinstein otrzyma\u0142 w czwartek wyrok 16 lat wi\u0119zienia za gwa\u0142t i napa\u015b\u0107 seksualn\u0105. S\u0105d w Los Angeles odrzuci\u0142 petycj\u0119 jego adwokat\u00f3w o nowy proces.", "link": "https://forsal.pl/gospodarka/prawo/artykuly/8667177,harvey-weinstein-skazany-na-16-lat-wiezienia.html", "date_published": "2023-02-24 08:46:20+00:00", "persistent": false, "user": null, "language": "pl-PL"}, {"source": "https://forsal.pl/.feed", "title": "Rok wojny w Ukrainie. Dla Kijowian rocznica to czas gorzkich refleksji", "description": "<img align=\"right\" hspace=\"5\" src=\"https://ocdn.eu/pulscms-transforms/1/_0CktkuTURBXy9lYThjZDk4Ni02NjRhLTQ1MDYtYTI5YS03YzBiYWY3MmJkNzYuanBlZ5GTBc0BHcyg\" />Ukrai\u0144cy wspominaj\u0105 o tym, jak sp\u0119dzili ostatni dzie\u0144 i noc przed rosyjsk\u0105 inwazj\u0105, co zmieni\u0142o si\u0119 w ich \u017cyciu. We wspomnieniach jest du\u017co emocji, b\u00f3lu i wiary. Wielu z nich przyznaje, \u017ce nie mog\u0105 zasn\u0105\u0107 tej historycznie \u201eferalnej nocy\u201d.", "link": "https://forsal.pl/swiat/ukraina/artykuly/8667172,dla-kijowian-rocznica-to-czas-gorzkich-refleksji.html", "date_published": "2023-02-24 08:40:49+00:00", "persistent": false, "user": null, "language": "pl-PL"}, {"source": "https://forsal.pl/.feed", "title": "Ku\u0142eba na forum ONZ: Brak jest dowod\u00f3w, \u017ce Chiny dostarczy\u0142y  bro\u0144 Rosji", "description": "<img align=\"right\" hspace=\"5\" src=\"https://ocdn.eu/pulscms-transforms/1/fJKktkuTURBXy9jNTUzYjMxZC0xYmJjLTQ1OTYtYThmOC1jOGFkYWVlNTY0NjAuanBlZ5GTBc0BHcyg\" />Ukraina nie ma dowod\u00f3w na to, \u017ce Chiny dostarcza\u0142y Federacji Rosyjskiej \u015bmierciono\u015bn\u0105 bro\u0144, powiedzia\u0142 w czwartek Dmytro Ku\u0142eba, odpowiadaj\u0105c na pytania ukrai\u0144skich dziennikarzy po g\u0142osowaniu w Zgromadzeniu Og\u00f3lnym ONZ.", "link": "https://forsal.pl/swiat/ukraina/artykuly/8667166,kuleba-onz-brak-dowodow-chiny-dostarczyly-bron-rosji.html", "date_published": "2023-02-24 08:35:36+00:00", "persistent": false, "user": null, "language": "pl-PL"}, {"source": "https://forsal.pl/.feed", "title": "365 dni wojny.\u00a0 Ukrai\u0144cy w Polsce: To by\u0142o jak sen, jak koszmar", "description": "<img align=\"right\" hspace=\"5\" src=\"https://ocdn.eu/pulscms-transforms/1/v40ktkuTURBXy85YzI3ODY3ZC00MzVlLTRmODAtOGIyZi03MzE0OGIyYjJkMjQuanBlZ5GTBc0BHcyg\" />\u201eTo by\u0142o jak sen, koszmar\u201d - wspomina dzie\u0144 wybuchu wojny Daria. Od pocz\u0105tku inwazji Rosji na niepodleg\u0142\u0105 Ukrain\u0119 mija rok. 365 dni strachu, smutku, cierpienia i niezrozumienia. O minionych dwunastu miesi\u0105cach, wojnie i nadziei rozmawiamy z Ukrainkami i Ukrai\u0144cami.", "link": "https://forsal.pl/swiat/ukraina/artykuly/8667159,wojna-w-ukrainie-wspomnienia-ukraincow-w-polsce.html", "date_published": "2023-02-24 08:32:27+00:00", "persistent": false, "user": null, "language": "pl-PL"}, {"source": "https://forsal.pl/.feed", "title": "USA: Czo\u0142gi Abrams mog\u0105 w tym roku nie dotrze\u0107 na Ukrain\u0119", "description": "<img align=\"right\" hspace=\"5\" src=\"https://ocdn.eu/pulscms-transforms/1/5gektkuTURBXy8xN2VlYWU1MS0xYjgxLTRlOTItYjNhNy1kNjg2ZGVjZmZmMDcuanBlZ5GTBc0BHcyg\" />Armia ameryka\u0144ska zastanawia si\u0119, w jaki spos\u00f3b dostarczy\u0107 czo\u0142gi M1 Abrams na Ukrain\u0119; mog\u0105 one nie dotrze\u0107 na Ukrain\u0119 nawet przed ko\u0144cem roku - powiedzia\u0142a wysoka przedstawicielka ameryka\u0144skiej armii Christine Wormuth, cytowana przez portal defencenews.com.", "link": "https://forsal.pl/artykuly/8667154,usa-czolgi-abrams-moga-w-tym-roku-nie-dotrzec-na-ukraine.html", "date_published": "2023-02-24 08:17:28+00:00", "persistent": false, "user": null, "language": "pl-PL"}, {"source": "https://forsal.pl/.feed", "title": "ONZ: Rezolucja wzywaj\u0105c\u0105 do przywr\u00f3cenia pokoju na Ukrainie zosta\u0142a przyj\u0119ta", "description": "<img align=\"right\" hspace=\"5\" src=\"https://ocdn.eu/pulscms-transforms/1/CI9ktkuTURBXy9iNGFjOGZmNy0yMzFkLTQ2MjMtOWY4OC01OGI0MjZmZGMyNGMuanBlZ5GTBc0BHcyg\" />W czwartek, w przeddzie\u0144 pierwszej rocznicy napa\u015bci Rosji na Ukrain\u0119, Zgromadzenie Og\u00f3lne Narod\u00f3w Zjednoczonych przyj\u0119\u0142o rezolucj\u0119: \u201eZasady Karty Narod\u00f3w Zjednoczonych le\u017c\u0105ce u podstaw wszechstronnego, sprawiedliwego i trwa\u0142ego pokoju na Ukrainie\u201d.", "link": "https://forsal.pl/swiat/ukraina/artykuly/8667153,onz-rezolucja-przywrocenie-pokoju-na-ukrainie.html", "date_published": "2023-02-24 08:15:52+00:00", "persistent": false, "user": null, "language": "pl-PL"}, {"source": "https://forsal.pl/.feed", "title": "Wzrosty na Wall Street. S&amp;P 500 przerwa\u0142 seri\u0119 czterech dni spadk\u00f3w", "description": "<img align=\"right\" hspace=\"5\" src=\"https://ocdn.eu/pulscms-transforms/1/fx8ktkuTURBXy8yNDcwMTMzOS03MTZmLTQ2MzQtODAyNS1kYTY3ZGFlN2YwNzQuanBlZ5GTBc0BHcyg\" />Czwartkowa sesja na Wall Street zako\u0144czy\u0142a si\u0119 umiarkowanymi wzrostami g\u0142\u00f3wnych indeks\u00f3w, a S&amp;amp;P 500 przerwa\u0142 seri\u0119 czterech spadkowych sesji z rz\u0119du. W centrum uwagi inwestor\u00f3w pozostaj\u0105 przysz\u0142e decyzje Fed w sprawie podwy\u017cek st\u00f3p proc.", "link": "https://forsal.pl/finanse/gielda/artykuly/8667151,usa-wzrosty-na-wall-street-sp-500-na-plusie.html", "date_published": "2023-02-24 08:09:41+00:00", "persistent": false, "user": null, "language": "pl-PL"}, {"source": "https://forsal.pl/.feed", "title": "Korea P\u00f3\u0142nocna prze\u0107wiczy\u0142a przygotowania ataku pociskami  manewruj\u0105cymi", "description": "<img align=\"right\" hspace=\"5\" src=\"https://ocdn.eu/pulscms-transforms/1/ngcktkuTURBXy8zMDA3YTBmNC0yYjA2LTRmNGItYWExMC01ZWU4YTI4NWQ3ODkuanBlZ5GTBc0BHcyg\" />Korea P\u00f3\u0142nocna przeprowadzi\u0142a w czwartek \u0107wiczenia wystrzeliwania pocisk\u00f3w manewruj\u0105cych, poinformowa\u0142a p\u00f3\u0142nocnokorea\u0144ska oficjalna agencja KCNA.", "link": "https://forsal.pl/swiat/bezpieczenstwo/artykuly/8667145,korea-polnocna-cwiczenia-przygotowania-atak-pociskami-manewrujacymi.html", "date_published": "2023-02-24 08:05:05+00:00", "persistent": false, "user": null, "language": "pl-PL"}, {"source": "https://forsal.pl/.feed", "title": "\"Der Spiegel\": Chiny chc\u0105 dostarcza\u0107 Rosji drony kamikadze, u\u017cywaj\u0105c fa\u0142szywych dokument\u00f3w przewozowych", "description": "<img align=\"right\" hspace=\"5\" src=\"https://ocdn.eu/pulscms-transforms/1/-lbktkuTURBXy81NmRiYWEzOS0xYzJiLTQ1MGUtYmM5NS0xNTJkYmQ0ZWExYTIuanBlZ5GTBc0BHcyg\" />Rosyjska armia prowadzi z Chinami rozmowy o produkcji dron\u00f3w kamikadze. Do Moskwy maj\u0105 one trafi\u0107 dzi\u0119ki sfa\u0142szowanym dokumentom przewozowym - poinformowa\u0142 w pi\u0105tek portal tygodnika &quot;Der Spiegel&quot;.", "link": "https://forsal.pl/swiat/bezpieczenstwo/artykuly/8667142,der-spiegel-chiny-chca-dostarczac-rosji-drony-kamikadze-uzywajac-falszywych-dokumentow-przewozowych.html", "date_published": "2023-02-24 08:00:21+00:00", "persistent": false, "user": null, "language": "pl-PL"}, {"source": "https://forsal.pl/.feed", "title": "USA zwi\u0119kszaj\u0105  pomoc wojskow\u0105 dla Ukrainy o 2 miliardy dolar\u00f3w", "description": "<img align=\"right\" hspace=\"5\" src=\"https://ocdn.eu/pulscms-transforms/1/Q9AktkuTURBXy9jNzQ2MDk1ZC03NDBhLTRjMzctYWJiYS0yNmI4ZjJjOWJlZDQuanBlZ5GTBc0BHcyg\" />Stany Zjednoczone przeka\u017c\u0105 Ukrainie dodatkowe 2 miliardy dolar\u00f3w na pomoc w zakresie bezpiecze\u0144stwa, powiedzia\u0142 w czwartek doradca Bia\u0142ego Domu ds. bezpiecze\u0144stwa narodowego Jake Sullivan.", "link": "https://forsal.pl/swiat/usa/artykuly/8667140,usa-zwiekszaja-pomoc-wojskowa-dla-ukrainy-o-2-miliardy-dolarow.html", "date_published": "2023-02-24 07:58:29+00:00", "persistent": false, "user": null, "language": "pl-PL"}, {"source": "https://forsal.pl/.feed", "title": "Mamy prze\u0142om w leczeniu AIDS? Kluczem przeszczep szpiku", "description": "<img align=\"right\" hspace=\"5\" src=\"https://ocdn.eu/pulscms-transforms/1/6qHktkuTURBXy9mYmVjN2YzZC1hMTRlLTRiMWQtYmYyZS01MzU4YTM3ZjU5YmYuanBlZ5GTBc0BHcyg\" />Przeszczep szpiku kostnego pozwoli\u0142 ca\u0142kowicie uwolni\u0107 od wirusa HIV kolejnego zaka\u017conego tym patogenem pacjenta \u2013 informuje \u201eNature\u201d. To co najmniej trzecia taka osoba na \u015bwiecie.", "link": "https://forsal.pl/lifestyle/nauka/artykuly/8667139,leczenie-aids-przeszczep-szpiku.html", "date_published": "2023-02-24 07:56:21+00:00", "persistent": false, "user": null, "language": "pl-PL"}, {"source": "https://forsal.pl/.feed", "title": "Naukowy dogmat z\u0142amany. Telomery koduj\u0105 jednak wa\u017cne bia\u0142ka", "description": "<img align=\"right\" hspace=\"5\" src=\"https://ocdn.eu/pulscms-transforms/1/AW1ktkuTURBXy9jNDNlY2UwNi0yYzg4LTQwNzgtYjMwNy02NWJiMWFlNmU2OTkuanBlZ5GTBc0BHcyg\" />Ko\u0144c\u00f3wki chromosom\u00f3w - telomery, wbrew wcze\u015bniejszym przekonaniom, mog\u0105 nie\u015b\u0107 genetyczn\u0105 informacj\u0119 przynajmniej dla dw\u00f3ch niedu\u017cych bia\u0142ek - donosz\u0105 biolodzy. Odkrycie mo\u017ce mie\u0107 znaczenie dla rozumienia procesu starzenia, zapale\u0144 i raka.", "link": "https://forsal.pl/lifestyle/nauka/artykuly/8667136,telomery-kodowanie-waznych-bialek.html", "date_published": "2023-02-24 07:52:32+00:00", "persistent": false, "user": null, "language": "pl-PL"}, {"source": "https://forsal.pl/.feed", "title": "B\u0142aszczak: Mamy nadziej\u0119, \u017ce zam\u00f3wione wyrzutnie HIMARS pojawi\u0105 si\u0119 jeszcze w tym roku", "description": "<img align=\"right\" hspace=\"5\" src=\"https://ocdn.eu/pulscms-transforms/1/5OMktkuTURBXy9kNGQ0ODczYi1jMWVmLTQ5ZDktOTU5My1hYzJjMWU5NTgxN2MuanBlZ5GTBc0BHcyg\" />Zam\u00f3wione w 2019 r. wyrzutnie HIMARS b\u0119d\u0105 w Polsce w tym roku; mamy nadziej\u0119, \u017ce w maksymalnie kr\u00f3tkim czasie pojawi\u0105 si\u0119 w Polsce te\u017c te wyrzutnie na sprzeda\u017c, kt\u00f3rych zgodzi\u0142 si\u0119 teraz Kongres USA - m\u00f3wi\u0142 wicepremier, szef MON Mariusz B\u0142aszczak. S\u0105 te\u017c rozmowy o budowie w Polsce fabryki pocisk\u00f3w do tych wyrzutni - doda\u0142.", "link": "https://forsal.pl/swiat/usa/artykuly/8667132,blaszczak-usa-szybko-przesle-wyrzutnie-himars.html", "date_published": "2023-02-24 07:45:35+00:00", "persistent": false, "user": null, "language": "pl-PL"}, {"source": "https://forsal.pl/.feed", "title": "Skrzypczak: Zach\u00f3d zaprzepa\u015bci\u0142 okazj\u0119, by w ubieg\u0142ym roku \"dobi\u0107\" armi\u0119 rosyjsk\u0105", "description": "<img align=\"right\" hspace=\"5\" src=\"https://ocdn.eu/pulscms-transforms/1/xPVktkuTURBXy8xODczNWJkYi01ZTZiLTQwN2UtYjg4ZS0xNGVjYjVjNjcwMWMuanBlZ5GTBc0BHcyg\" />Z powodu strategii Zachodu, by przekazywa\u0107 Ukrainie tylko bro\u0144 defensywn\u0105, stracono okazj\u0119, by w ubieg\u0142ym roku &quot;dobi\u0107&quot; armi\u0119 rosyjsk\u0105; je\u015bli Europa poch\u0142oni\u0119ta sporami politycznymi i rywalizacj\u0105, dalej b\u0119dzie mia\u0142a takie podej\u015bcie, Ukraina straci wschodni\u0105 cz\u0119\u015b\u0107 swego terytorium - uwa\u017ca gen. broni rez. Waldemar Skrzypczak.", "link": "https://forsal.pl/swiat/ukraina/artykuly/8667128,skrzypczak-zachod-zaprzepascil-okazje-by-w-ubieglym-roku-dobic-armie-rosyjska.html", "date_published": "2023-02-24 07:38:55+00:00", "persistent": false, "user": null, "language": "pl-PL"}, {"source": "https://forsal.pl/.feed", "title": "Rosyjska agresja doprowadzi\u0142a do dewastacji po\u0142owy ukrai\u0144skiego przemys\u0142u", "description": "<img align=\"right\" hspace=\"5\" src=\"https://ocdn.eu/pulscms-transforms/1/m0PktkuTURBXy82NzM5M2YwNC00YzNiLTQ5NjEtYjZkMy0xZjA0NjdlZjdjZTEuanBlZ5GTBc0BHcyg\" />Rosyjska agresja doprowadzi\u0142a do dewastacji po\u0142owy ukrai\u0144skiego przemys\u0142u, kt\u00f3ry poni\u00f3s\u0142 bezpo\u015brednie straty szacowane na 13 mld dol. - stwierdzili eksperci Polskiego Instytutu Ekonomicznego. Ich zdaniem odbudowa mo\u017ce by\u0107 jednak szans\u0105 na radykaln\u0105 modernizacj\u0119 w kierunku neutralno\u015bci klimatycznej.", "link": "https://forsal.pl/gospodarka/artykuly/8667125,rosyjska-agresja-doprowadzila-do-dewastacji-polowy-ukrainskiego-przemyslu.html", "date_published": "2023-02-24 07:35:38+00:00", "persistent": false, "user": null, "language": "pl-PL"}, {"source": "https://forsal.pl/.feed", "title": "Gen. Polko: W Ukrainie trwa wojna pozycyjna. To prze\u0142omowy moment", "description": "<img align=\"right\" hspace=\"5\" src=\"https://ocdn.eu/pulscms-transforms/1/1nkktkuTURBXy84MmU3ZDVhZi0wMDkyLTQ2YTItYmU0Ni1kZjU3N2RhNjZlYTguanBlZ5GTBc0BHcyg\" />Obecnie w Ukrainie trwa wojna pozycyjna, jest to poniek\u0105d moment prze\u0142omowy, bo Rosja cho\u0107 zapowiada wielk\u0105 ofensyw\u0119, nie ma ani si\u0142, ani \u015brodk\u00f3w, ani przeszkolonych ludzi, by j\u0105 przeprowadzi\u0107 - powiedzia\u0142 PAP by\u0142y dow\u00f3dca GROM genera\u0142 Roman Polko.", "link": "https://forsal.pl/swiat/ukraina/artykuly/8667121,gen-polko-w-ukrainie-trwa-wojna-pozycyjna-to-przelomowy-moment.html", "date_published": "2023-02-24 07:32:05+00:00", "persistent": false, "user": null, "language": "pl-PL"}, {"source": "https://forsal.pl/.feed", "title": "Tusk: Cela+ to program dla tych, kt\u00f3rzy zbudowali system dojenia pa\u0144stwa", "description": "<img align=\"right\" hspace=\"5\" src=\"https://ocdn.eu/pulscms-transforms/1/7cuktkuTURBXy85ODViYzBkNC1mZjMyLTQ2OGItOGRhMy03NTdlNjJkZmFjNjAuanBlZ5GTBc0BHcyg\" />Cela+ b\u0119dzie programem przygotowanym dla tych wszystkich, kt\u00f3rzy w spos\u00f3b tak bezprzyk\u0142adny, tak \u015bwietnie zorganizowany zbudowali system dojenia pa\u0144stwa i publicznych pieni\u0119dzy - powiedzia\u0142 w czwartek w TVN24 szef PO Donald Tusk.", "link": "https://forsal.pl/gospodarka/polityka/artykuly/8667119,tusk-cela-dla-tych-co-doili-panstwo.html", "date_published": "2023-02-24 07:31:24+00:00", "persistent": false, "user": null, "language": "pl-PL"}, {"source": "https://forsal.pl/.feed", "title": "Orlen zaprezentowa\u0142 wyniki finansowe. Jak na sp\u00f3\u0142k\u0119 wp\u0142yn\u0119\u0142a wielka fuzja?", "description": "<img align=\"right\" hspace=\"5\" src=\"https://ocdn.eu/pulscms-transforms/1/4DSktkuTURBXy83OGZhZDFmMS01OThlLTQ0MTMtOTczYi0xZDFlMDlmNmI3NzAuanBlZ5GTBc0BHcyg\" />Po\u0142\u0105czona Grupa Orlen wypracowa\u0142a w czwartym kwartale 2022 przychody na poziomie ponad 100 mld z\u0142, z kt\u00f3rych 8 proc. to zysk netto w wysoko\u015bci 8,1 mld z\u0142 - poinformowa\u0142a w pi\u0105tek sp\u00f3\u0142ka. Po raz pierwszy zaprezentowano wyniki uwzgl\u0119dniaj\u0105ce dzia\u0142alno\u015b\u0107 czterech firm: PKN Orlen, Energi, Lotosu oraz PGNiG.", "link": "https://forsal.pl/biznes/energetyka/artykuly/8667116,zysk-netto-grupy-orlen-iv-kwartal-2022.html", "date_published": "2023-02-24 07:29:12+00:00", "persistent": false, "user": null, "language": "pl-PL"}, {"source": "https://forsal.pl/.feed", "title": "Rzeczkowska: Nasza gospodarka ju\u017c nieraz zaskoczy\u0142a", "description": "<img align=\"right\" hspace=\"5\" src=\"https://ocdn.eu/pulscms-transforms/1/gRPktkuTURBXy8zODNjOWQ2YS1lNzIzLTRmNmUtYWViZi01OTM0MWQ2NmMxMzMuanBlZ5GTBc0BHcyg\" />Ponad 420 tys. Ukrai\u0144c\u00f3w dosta\u0142o ju\u017c pozwolenia na prac\u0119 wed\u0142ug prostszych przepis\u00f3w. Ponad 14 tys. za\u0142o\u017cy\u0142o w Polsce firmy. I to jest ich wk\u0142ad w nasz\u0105 gospodark\u0119", "link": "https://forsal.pl/swiat/ukraina/artykuly/8666981,rzeczkowska-gospodarka-juz-nieraz-zaskoczyla.html", "date_published": "2023-02-24 07:27:27+00:00", "persistent": false, "user": null, "language": "pl-PL"}, {"source": "https://forsal.pl/.feed", "title": "Niemcy na geopolitycznym rozdro\u017cu. Od ich decyzji zale\u017cy nie tylko dalszy los wojny w Ukrainie", "description": "<img align=\"right\" hspace=\"5\" src=\"https://ocdn.eu/pulscms-transforms/1/Mi8ktkuTURBXy8yN2ZhYTc5YS1jMzJjLTQyOTktYWY1Ny0zYTRkY2M0NTEwN2EuanBlZ5GTBc0BHcyg\" />Wojna w Ukrainie powinna doprowadzi\u0107 do prze\u0142omu w niemieckiej polityce na miar\u0119 upadku muru berli\u0144skiego. Biada Niemcom, biada Europie i biada NATO, je\u015bli tak si\u0119 nie stanie, je\u015bli nie dojdzie w ko\u0144cu do deputinizacji elit i nie pojawi si\u0119 nowa jako\u015b\u0107", "link": "https://forsal.pl/swiat/unia-europejska/artykuly/8667108,niemcy-na-geopolitycznym-rozdrozu-wojna-w-ukrainie.html", "date_published": "2023-02-24 07:07:59+00:00", "persistent": false, "user": null, "language": "pl-PL"}, {"source": "https://forsal.pl/.feed", "title": "Do\u015bwiadczenie wsp\u00f3lnotowe. Jak wojna w Ukrainie po\u0142\u0105czy\u0142a Polak\u00f3w?", "description": "<img align=\"right\" hspace=\"5\" src=\"https://ocdn.eu/pulscms-transforms/1/rZektkuTURBXy82OTMyZjRjYy1kNTE1LTQ3YzktYTljZS0yNzA0YTJkNmZmZmYuanBlZ5GTBc0BHcyg\" />Nasi rozm\u00f3wcy bardzo cz\u0119sto sami o tym m\u00f3wi\u0105 \u2013 dla wielu z nich wojna to moment, w kt\u00f3rym poczuli si\u0119 w pe\u0142ni cz\u0119\u015bci\u0105 ukrai\u0144skiego narodu politycznego", "link": "https://forsal.pl/swiat/ukraina/artykuly/8667001,doswiadczenie-wspolnotowe-wojna-w-ukrainie-polaczyla-polakow.html", "date_published": "2023-02-24 06:44:02+00:00", "persistent": false, "user": null, "language": "pl-PL"}, {"source": "https://forsal.pl/.feed", "title": "Nowy, (wspania\u0142y?) \u015bwiat. Parow\u00f3z dziej\u00f3w zmieni\u0142 si\u0119 w superszybkie TGV", "description": "<img align=\"right\" hspace=\"5\" src=\"https://ocdn.eu/pulscms-transforms/1/oxSktkuTURBXy80OWQ3YzY0OS1kMjVkLTQ2OWUtODAxOS0zZmZjNDg2MmMyYTcuanBlZ5GTBc0BHcyg\" />Pauza strategiczna, z kt\u00f3r\u0105 mieli\u015bmy do czynienia po upadku muru berli\u0144skiego, bezpowrotnie odesz\u0142a do historii. Wydarzenia z ostatnich 12 miesi\u0119cy to tylko preludium do przer\u00f3\u017cnych ci\u0105g\u00f3w dalszych", "link": "https://forsal.pl/swiat/ukraina/artykuly/8667009,nowy-wspanialy-swiat-pedzi-jak-superszybkie-tgv.html", "date_published": "2023-02-24 06:36:21+00:00", "persistent": false, "user": null, "language": "pl-PL"}, {"source": "https://forsal.pl/.feed", "title": "Hrabski: Wojny wygrywa gospodarka", "description": "<img align=\"right\" hspace=\"5\" src=\"https://ocdn.eu/pulscms-transforms/1/6k8ktkuTURBXy8xNDEzZDhjYy0xMDZlLTRlZTQtYTBjOC1hMWZlOWQ1MmQzNWQuanBlZ5GTBc0BHcyg\" />Rosja nie szykowa\u0142a si\u0119 do takiej wojny, jej mo\u017cliwo\u015bci si\u0119 kurcz\u0105. A my cieszymy si\u0119 wsparciem cywilizowanego \u015bwiata. Ale b\u0119dzie jeszcze bardzo ci\u0119\u017cko", "link": "https://forsal.pl/swiat/ukraina/artykuly/8666985,wojny-wygrywa-gospodarka.html", "date_published": "2023-02-24 06:30:27+00:00", "persistent": false, "user": null, "language": "pl-PL"}, {"source": "https://forsal.pl/.feed", "title": "Polskie CO2 musi p\u00f3j\u015b\u0107 pod ziemi\u0119 zamiast do atmosfery", "description": "<img align=\"right\" hspace=\"5\" src=\"https://ocdn.eu/pulscms-transforms/1/zZaktkuTURBXy8zZWQwMTlmOC05NmM2LTQzMDYtYjhiYy00NjUxNTU3ZGQ2YjUuanBlZ5GTBc0BHcyg\" />Nie jest cz\u0119stym widokiem, gdy wiceminister publicznie apeluje do przemys\u0142u o to, aby ten wspar\u0142 u premiera jego wysi\u0142ki o przyspieszenie prac nad jak\u0105\u015b ustaw\u0105. A tak jest w przypadku nowelizacji Prawa geologicznego i g\u00f3rniczego, bez kt\u00f3rej dla projekt\u00f3w podziemnego sk\u0142adowania dwutlenku w\u0119gla nie zapali si\u0119 zielone \u015bwiat\u0142o.", "link": "https://forsal.pl/biznes/energetyka/artykuly/8666755,polskie-co2-musi-pojsc-pod-ziemie-zamiast-do-atmosfery.html", "date_published": "2023-02-24 05:00:01+00:00", "persistent": false, "user": null, "language": "pl-PL"}, {"source": "https://forsal.pl/.feed", "title": "Bartu\u015b: Wolno\u015b\u0107 non olet. Czy Zach\u00f3d zrobi to, co g\u0142osi? [FELIETON]", "description": "<img align=\"right\" hspace=\"5\" src=\"https://ocdn.eu/pulscms-transforms/1/0anktkuTURBXy9lNDQ4OTE0MC03MDNlLTRmZGQtYmNlZS05Mjc3M2ZhOGRmYTQuanBlZ5GTBc0BHcyg\" />Dawno nic tak nie obna\u017cy\u0142o totalnej hipokryzji politycznych i gospodarczych elit Zachodu, jak ta wojna - pisze w felietonie Zbigniew Bartu\u015b.", "link": "https://forsal.pl/swiat/ukraina/artykuly/8666826,ukraina-wolnosc-non-olet-czy-zachod-zrobi-to-co-glosi-zbigniew-bartus.html", "date_published": "2023-02-24 05:00:00+00:00", "persistent": false, "user": null, "language": "pl-PL"}, {"source": "https://forsal.pl/.feed", "title": "Jak wojna w Ukrainie wp\u0142yn\u0119\u0142a na rynek nieruchomo\u015bci?", "description": "<img align=\"right\" hspace=\"5\" src=\"https://ocdn.eu/pulscms-transforms/1/0IZktkuTURBXy82OTczYWEwZS05M2VjLTQ3MDctOTIxMy1iNWE4ODdhZTNlNGYuanBlZ5GTBc0BHcyg\" />24 lutego minie rok od napa\u015bci Rosji na Ukrain\u0119. Eksperci portali RynekPierwotny.pl i GetHome.pl zbadali, jak wojna w Ukrainie wp\u0142yn\u0119\u0142a na nasz rynek mieszkaniowy, zar\u00f3wno na sprzeda\u017c, jak i wynajem.", "link": "https://forsal.pl/nieruchomosci/mieszkania/artykuly/8666768,wojna-w-ukrainie-a-rynek-nieruchomosci-ceny-mieszkan.html", "date_published": "2023-02-24 05:00:00+00:00", "persistent": false, "user": null, "language": "pl-PL"}, {"source": "https://forsal.pl/.feed", "title": "Jedlak: Dlaczego lepiej ni\u017c inni rozumiemy Ukrai\u0144c\u00f3w [OPINIA]", "description": "<img align=\"right\" hspace=\"5\" src=\"https://ocdn.eu/pulscms-transforms/1/AiJktkuTURBXy85ZjBiODY5MS05MjQyLTRjMTktOGZlMS04MTY1NTZhM2NjOTEuanBlZ5GTBc0BHcyg\" />Polacy rozumiej\u0105 Ukrai\u0144c\u00f3w. Nie tylko dlatego, \u017ce przez stulecia \u017cyli\u015bmy w jednym pa\u0144stwie, karmi\u0105c si\u0119 po cz\u0119\u015bci t\u0105 sam\u0105, bogat\u0105 kultur\u0105. Ani dlatego, \u017ce i p\u00f3\u017aniej nasze losy stale si\u0119 zaz\u0119bia\u0142y. Polska jest najwi\u0119ksz\u0105 ofiar\u0105 dw\u00f3ch najpotworniejszych totalitaryzm\u00f3w w historii, na dodatek dzia\u0142aj\u0105cych \u2013 przynajmniej w polskiej sprawie \u2013 r\u0119ka w r\u0119k\u0119 - pisze Krzysztof Jedlak, redaktor naczelny Dziennika Gazety Prawnej.", "link": "https://forsal.pl/swiat/ukraina/artykuly/8666808,jedlak-dlaczego-lepiej-niz-inni-rozumiemy-ukraincow-opinia.html", "date_published": "2023-02-24 05:00:00+00:00", "persistent": false, "user": null, "language": "pl-PL"}, {"source": "https://forsal.pl/.feed", "title": "Kto dzisiaj da pieni\u0105dze na naturalny wod\u00f3r, by\u0107 mo\u017ce jutro zostanie og\u0142oszony wybawc\u0105 (i sporo zarobi) [OPINIA]", "description": "<img align=\"right\" hspace=\"5\" src=\"https://ocdn.eu/pulscms-transforms/1/Wg5ktkuTURBXy9jMDk0Nzg2My0wNjljLTQxNWYtYWE3OC1kZDhmZGE2ZGYyYWEuanBlZ5GTBc0BHcyg\" />Podczas gdy Unia Europejska, Chiny i USA prze\u015bcigaj\u0105 si\u0119 w tym, kto dostarczy \u015bwiatu najlepsze elektrolizery do produkcji wodoru, z\u0142o\u017ca tego pierwiastka \u2013 czystego i odnawialnego \u2013 le\u017c\u0105 sobie, podobnie jak ropa naftowa czy w\u0119giel, pod ziemi\u0105. Le\u017c\u0105 i czekaj\u0105 na inwestor\u00f3w, kt\u00f3rzy sfinansuj\u0105 opracowanie i wdro\u017cenie technologii pozwalaj\u0105cych na ich wydobycie.", "link": "https://forsal.pl/biznes/ekologia/artykuly/8666291,naturalny-wodor-odwierty-inwestorzy.html", "date_published": "2023-02-24 05:00:00+00:00", "persistent": false, "user": null, "language": "pl-PL"}, {"source": "https://forsal.pl/.feed", "title": "Tak starzeje si\u0119 Europa. Mediana wieku ludno\u015bci w krajach UE [MAPA]", "description": "<img align=\"right\" hspace=\"5\" src=\"https://ocdn.eu/pulscms-transforms/1/aWqktkuTURBXy8zM2I1M2ZiZC00MmNjLTRhYTUtYjY1NS04Mjg4MDRlYWI2OTkuanBlZ5GTBc0BHcyg\" />Starzenie si\u0119 europejskiego spo\u0142ecze\u0144stwa widoczne jest od lat. Od 2012 roku mediana wieku Europejczyk\u00f3w wzros\u0142a o 2,5 roku.", "link": "https://forsal.pl/gospodarka/demografia/artykuly/8666101,demografia-mediana-wieku-panstwa-ue-polska-eurostat.html", "date_published": "2023-02-24 05:00:00+00:00", "persistent": false, "user": null, "language": "pl-PL"}, {"source": "https://forsal.pl/.feed", "title": "Wszyscy Rosjanie powinni ponosi\u0107 konsekwencje tej wojny [WYWIAD]", "description": "<img align=\"right\" hspace=\"5\" src=\"https://ocdn.eu/pulscms-transforms/1/LwCktkuTURBXy8xODY5NmUzYS05NTg3LTQ3ZTEtOTUwYS1iZTkxOWZkOTVlZWIuanBlZ5GTBc0BHcyg\" />- Dlaczego rosyjska m\u0142odzie\u017c mo\u017ce \u2013 jak gdyby nigdy nic \u2013 korzysta\u0107 z mi\u0119dzynarodowych program\u00f3w wymiany, jak Erasmus? M\u00f3wi si\u0119: ci m\u0142odzi ludzie nie s\u0105 winni i przekonuje nas, \u017ce je\u015bli oni b\u0119d\u0105 przyje\u017cd\u017ca\u0107 na Zach\u00f3d na wymian\u0119, to my ich szybciej nauczymy demokracji. To wielkie nieporozumienie! Ich rodacy dokonuj\u0105 w Ukrainie niewyobra\u017calnych zbrodni, a oni je\u017cd\u017c\u0105 sobie, jak gdyby nigdy nic. Trzeba z tym sko\u0144czy\u0107 \u2013 apeluje Olha Menko, prezeska Fundacji Instytut Polska-Ukraina.", "link": "https://forsal.pl/swiat/ukraina/artykuly/8666786,olha-menko-wszyscy-rosjanie-powinni-ponosic-konsekwencje-tej-wojny.html", "date_published": "2023-02-24 05:00:00+00:00", "persistent": false, "user": null, "language": "pl-PL"}, {"source": "https://forsal.pl/.feed", "title": "Wyzwania zwi\u0105zane z us\u0142ugami DeFi w kontek\u015bcie regulacji europejskich", "description": "<img align=\"right\" hspace=\"5\" src=\"https://ocdn.eu/pulscms-transforms/1/MnfktkuTURBXy9lMTc2NThkNi0yZDYxLTQyY2QtOGNiMi0zZDZlOTRiMjg4OTIuanBlZ5GTBc0BHcyg\" />Rynek kryptoaktyw\u00f3w ma przede wszystkim charakter spekulacyjny, a jego rola dla gospodarki realnej jest minimalna. Niezale\u017cnie od takiego stanu rzeczy, na tym rynku mo\u017cna zaobserwowa\u0107 rozw\u00f3j interesuj\u0105cych rozwi\u0105za\u0144 technologicznych s\u0142u\u017c\u0105cych do \u015bwiadczenia us\u0142ug o charakterze zbli\u017conym do us\u0142ug finansowych.", "link": "https://forsal.pl/finanse/artykuly/8665259,wyzwania-zwiazane-z-uslugami-defi-w-kontekscie-regulacji-europejskich.html", "date_published": "2023-02-24 05:00:00+00:00", "persistent": false, "user": null, "language": "pl-PL"}, {"source": "https://forsal.pl/.feed", "title": "Ze\u0142e\u0144ski i jego go\u015bcie. Kto w ci\u0105gu ostatniego roku najcz\u0119\u015bciej odwiedza\u0142 Ukrain\u0119?", "description": "<img align=\"right\" hspace=\"5\" src=\"https://ocdn.eu/pulscms-transforms/1/gNjktkuTURBXy82MDRhODZmNy0wNzU1LTQ5NGItOTQ1NC1lMzY5N2Q0MTYyMzIuanBlZ5GTBc0BHcyg\" />Tu\u017c przed pierwsz\u0105 rocznic\u0105 agresji Rosji na Ukrain\u0119 do Kijowa zacz\u0119li zje\u017cd\u017ca\u0107 \u015bwiatowi przyw\u00f3dcy. W poniedzia\u0142ek niespodziewan\u0105 wizyt\u0119 z\u0142o\u017cy\u0142 prezydent USA Joe Biden. Premier W\u0142och Giorgia Meloni przylecia\u0142a we wtorek. A premier Hiszpanii Pedro Sanchez zaplanowa\u0142 spotkanie z prezydentem Wo\u0142odymyrem Ze\u0142enskim na czwartek 23 lutego. Mia\u0142 to by\u0107 sygna\u0142 dla Moskwy, \u017ce Zach\u00f3d nadal wspiera Ukrain\u0119.", "link": "https://forsal.pl/swiat/unia-europejska/artykuly/8666850,ukraina-wizyty-zagranicznych-przywodcow-zelenski.html", "date_published": "2023-02-24 05:00:00+00:00", "persistent": false, "user": null, "language": "pl-PL"}]