[{"source": "https://www.codeproject.com/WebServices/NewsRSS.aspx", "title": "A Fortran question", "description": "\"FORTRAN was the language of choice for the same reason that three-legged races are popular.\"", "link": "https://www.codeproject.com/Messages/5928540/A-Fortran-question", "date_published": "2023-02-24 05:00:00+00:00", "persistent": false, "user": null, "language": "en-US"}, {"source": "https://www.codeproject.com/WebServices/NewsRSS.aspx", "title": "ChatGPT-style search represents a 10x cost increase for Google, Microsoft", "description": "Maybe they can ask it to work for less?", "link": "https://arstechnica.com/gadgets/2023/02/chatgpt-style-search-represents-a-10x-cost-increase-for-google-microsoft/", "date_published": "2023-02-24 05:00:00+00:00", "persistent": false, "user": null, "language": "en-US"}, {"source": "https://www.codeproject.com/WebServices/NewsRSS.aspx", "title": "Chinese AI plays war games like a human, with military strategists unable to identify it as a machine, developers say", "description": "\"Wouldn't you prefer a good game of chess?\"", "link": "https://www.scmp.com/news/china/science/article/3211142/chinese-ai-plays-war-games-human-military-strategists-unable-identify-it-machine-say-developers", "date_published": "2023-02-24 05:00:00+00:00", "persistent": false, "user": null, "language": "en-US"}, {"source": "https://www.codeproject.com/WebServices/NewsRSS.aspx", "title": "Coding 102: Writing code other people can read", "description": "Or yourself, in six months", "link": "https://stackoverflow.blog/2023/02/13/coding-102-writing-code-other-people-can-read/", "date_published": "2023-02-24 05:00:00+00:00", "persistent": false, "user": null, "language": "en-US"}, {"source": "https://www.codeproject.com/WebServices/NewsRSS.aspx", "title": "Google\u2019s improved quantum processor good enough for error correction", "description": "The iteration on Sycamore isn't dramatic\u2014it's the same number of qubits, just with better performance.", "link": "https://arstechnica.com/science/2023/02/google-shows-current-generation-qubits-good-enough-for-error-correction/", "date_published": "2023-02-24 05:00:00+00:00", "persistent": false, "user": null, "language": "en-US"}, {"source": "https://www.codeproject.com/WebServices/NewsRSS.aspx", "title": "It\u2019s time to build some empathy for developers", "description": "When you care enough to compile the very best", "link": "https://thenewstack.io/its-time-to-build-some-empathy-for-developers/", "date_published": "2023-02-24 05:00:00+00:00", "persistent": false, "user": null, "language": "en-US"}, {"source": "https://www.codeproject.com/WebServices/NewsRSS.aspx", "title": "Many Google employees are being asked to share desks to help cut costs", "description": "For just 300 impressions a day, you can help a poor Googler pay for his avocado toast allowance", "link": "https://www.neowin.net/news/many-google-employees-are-being-asked-to-share-desks-to-help-cut-costs/", "date_published": "2023-02-24 05:00:00+00:00", "persistent": false, "user": null, "language": "en-US"}, {"source": "https://www.codeproject.com/WebServices/NewsRSS.aspx", "title": "Microsoft hijacks Google's Chrome download page to beg you not to ditch Edge", "description": "If you can't beat 'em, put up annoying adverts until you do", "link": "https://www.theregister.com/2023/02/23/microsoft_edge_banner_chrome/", "date_published": "2023-02-24 05:00:00+00:00", "persistent": false, "user": null, "language": "en-US"}, {"source": "https://www.codeproject.com/WebServices/NewsRSS.aspx", "title": "NSA says: Do these things to keep your home network safe from cyberattack", "description": "Step 0: Build Faraday cage around house", "link": "https://www.zdnet.com/article/nsa-says-do-these-things-to-keep-your-home-network-safe-from-cyber-attack/", "date_published": "2023-02-24 05:00:00+00:00", "persistent": false, "user": null, "language": "en-US"}, {"source": "https://www.codeproject.com/WebServices/NewsRSS.aspx", "title": "Ninety-two percent of organizations think they need to do more to reassure customers about how their data is used in AI", "description": "Cisco\u2019s 2023 Data Privacy Benchmark Study reveals that to build trust, organizations focus primarily on compliance, whereas consumers value transparency most. 92% of respondents say their organization needs to do more to reassure customers about how their data is used in AI.", "link": "https://newsroom.cisco.com/c/r/newsroom/en/us/a/y2023/m01/organizations-think-they-need-to-do-more-to-reassure-customers-about-how-their-data-is-used-in-ai-new-cisco-research.html", "date_published": "2023-02-24 05:00:00+00:00", "persistent": false, "user": null, "language": "en-US"}, {"source": "https://www.codeproject.com/WebServices/NewsRSS.aspx", "title": "Qualcomm intros platform to simplify, accelerate IoT across multiple industries", "description": "Digital transformation platform combines edge and cloud technologies, coupled with API-first architecture and developer-friendly tools to simplify and scale the digital transformation", "link": "https://www.computerweekly.com/news/365531538/Qualcomm-intros-new-platform-to-simplify-accelerate-IoT-across-multiple-industries", "date_published": "2023-02-24 05:00:00+00:00", "persistent": false, "user": null, "language": "en-US"}, {"source": "https://www.codeproject.com/WebServices/NewsRSS.aspx", "title": "Raspberry Pi Foundation launches $12 USB Debug Probe", "description": "Cheap'n'cheerful option for bare-metal debugging \u2013 on anything with SWD connections", "link": "https://www.theregister.com/2023/02/22/raspberry_pi_foundations_launches_12/", "date_published": "2023-02-24 05:00:00+00:00", "persistent": false, "user": null, "language": "en-US"}, {"source": "https://www.codeproject.com/WebServices/NewsRSS.aspx", "title": "Samsung is readying its own smartphone-to-satellite communication platform", "description": "Great news for those who want to call satellites", "link": "https://www.engadget.com/samsung-is-readying-its-own-smartphone-to-satellite-communication-platform-092522234.html", "date_published": "2023-02-24 05:00:00+00:00", "persistent": false, "user": null, "language": "en-US"}, {"source": "https://www.codeproject.com/WebServices/NewsRSS.aspx", "title": "Training a PyTorch Model with DataLoader and Dataset", "description": "When you build and train a PyTorch deep learning model, you can provide the training data in several different ways.", "link": "https://machinelearningmastery.com/training-a-pytorch-model-with-dataloader-and-dataset/", "date_published": "2023-02-24 05:00:00+00:00", "persistent": false, "user": null, "language": "en-US"}]