[{"source": "http://rss.cnn.com/rss/edition.rss", "title": "Watch: Chinese fighter jet's warning to US Navy plane in South China Sea", "description": "CNN's Ivan Watson takes a ride on a US Navy jet over the South China Sea and witnesses tensions at play between the US and China during a close encounter with a Chinese fighter jet.", "link": "https://www.cnn.com/videos/world/2023/02/24/chinese-war-plane-us-navy-south-china-sea-watson-pkg-tsr-vpx.cnn", "date_published": "2023-02-24 23:30:44+00:00", "persistent": false, "user": null, "language": "en-US"}, {"source": "http://rss.cnn.com/rss/edition.rss", "title": "See how prosecutors grilled Alex Murdaugh on last day of cross-examination", "description": "CNN's Dianne Gallagher reports on what the prosecution asked Alex Murdaugh, a South Carolina attorney on trial for the murder of his wife and son, on the last day of his cross-examination.", "link": "https://www.cnn.com/videos/us/2023/02/24/murdaugh-cross-examination-complete-murder-trial-gallagher-dnt-tsr-vpx.cnn", "date_published": "2023-02-24 23:20:49+00:00", "persistent": false, "user": null, "language": "en-US"}, {"source": "http://rss.cnn.com/rss/edition.rss", "title": "'Russian warship, go f**k yourself': Latvian MP invokes Ukrainian rallying cry to slam Russia at OSCE", "description": "Latvian delegate Rihards Kols was met with applause when he called Russia's inclusion a \"disgrace\" at the Organization for Security and Co-operation in Europe (OSCE) meeting.", "link": "https://www.cnn.com/videos/world/2023/02/24/ukraine-russia-osce-mp-rihards-kols-swears-contd-orig-kj.cnn", "date_published": "2023-02-24 22:39:22+00:00", "persistent": false, "user": null, "language": "en-US"}, {"source": "http://rss.cnn.com/rss/edition.rss", "title": "Body language expert points out 'smoking gun' from Murdaugh's testimony on the stand", "description": "Body language expert Janine Driver says former South Carolina attorney Alex Murdaugh, who is on trial for murder in the deaths of his wife and son, indicates smugness and \"leaks disgust\" while taking the stand.", "link": "https://www.cnn.com/videos/us/2023/02/24/alex-murdaugh-testimony-body-language-expert-sot-nr-vpx.cnn", "date_published": "2023-02-24 21:10:57+00:00", "persistent": false, "user": null, "language": "en-US"}, {"source": "http://rss.cnn.com/rss/edition.rss", "title": "Fulton County judge who oversaw special grand jury in Trump probe says jurors are free to discuss final report", "description": "The judge who oversaw a special grand jury investigating efforts by former President Donald Trump and his allies to overturn the 2020 election in Georgia says he instructed jurors they were prevented from discussing deliberations but did not face restrictions in talking about the panel's final report.", "link": "https://www.cnn.com/2023/02/24/politics/georgia-grand-jury-trump-final-report-jurors/index.html", "date_published": "2023-02-24 20:59:12+00:00", "persistent": false, "user": null, "language": "en-US"}, {"source": "http://rss.cnn.com/rss/edition.rss", "title": "'She was upset': Pink addresses rumored feud with Christina Aguilera", "description": "Pop star Pink joins CNN's Chris Wallace to talk about a rumored feud between her and Christina Aguilera after they first worked together on 2001's \"Lady Marmalade.\"", "link": "https://www.cnn.com/videos/entertainment/2023/02/24/pink-christina-aguilera-lady-marmalade-feud-chris-wallace-wtcw-contd-vpx.cnn", "date_published": "2023-02-24 19:39:21+00:00", "persistent": false, "user": null, "language": "en-US"}, {"source": "http://rss.cnn.com/rss/edition.rss", "title": "Intelligence suggests China is considering sending drones and ammunition to Russia, sources familiar say", "description": "The US has intelligence that the Chinese government is considering providing Russia with drones and ammunition for use in the war in Ukraine, three sources familiar with the intelligence told CNN.", "link": "https://www.cnn.com/2023/02/24/politics/us-intelligence-china-drones-russia-ukraine/index.html", "date_published": "2023-02-24 19:27:30+00:00", "persistent": false, "user": null, "language": "en-US"}, {"source": "http://rss.cnn.com/rss/edition.rss", "title": "Roald Dahl classic editions will be released, following censorship concerns", "description": "UK publisher Puffin officially announced the release of Roald Dahl's classic texts, following a week of pushback against revisions to his original language in recent editions.", "link": "https://www.cnn.com/style/article/roald-dahl-classic-text-release-cec/index.html", "date_published": "2023-02-24 18:58:51+00:00", "persistent": false, "user": null, "language": "en-US"}, {"source": "http://rss.cnn.com/rss/edition.rss", "title": "Harry Styles required to provide personal information for New Zealand census", "description": "Harry Styles will be required to participate in the 2023 New Zealand census because he has a concert in Auckland the same night.", "link": "https://www.cnn.com/2023/02/24/entertainment/harry-styles-new-zealand-concert/index.html", "date_published": "2023-02-24 17:40:10+00:00", "persistent": false, "user": null, "language": "en-US"}, {"source": "http://rss.cnn.com/rss/edition.rss", "title": "How much screen time is too much? The signs you're addicted to your phone", "description": "It is indisputable that many of us spend much of our lives in front of our screens -- especially our phones.", "link": "https://www.cnn.com/2023/02/24/health/screen-time-gupta-podcast-wellness/index.html", "date_published": "2023-02-24 17:27:20+00:00", "persistent": false, "user": null, "language": "en-US"}, {"source": "http://rss.cnn.com/rss/edition.rss", "title": "Israeli incursion shatters lives in ancient Middle Eastern city", "description": "The heart of occupied Nablus is one of the most ancient cities in the Middle East. With two churches, 12 mosques and a Samaritan synagogue around densely populated residential areas, the occupied West Bank city's nickname is \"Little Damascus\" because of the way its architecture, arches and even the local accent and food are reminiscent of those of the Syrian capital.", "link": "https://www.cnn.com/2023/02/24/middleeast/nablus-raid-aftermath-intl/index.html", "date_published": "2023-02-24 17:03:32+00:00", "persistent": false, "user": null, "language": "en-US"}, {"source": "http://rss.cnn.com/rss/edition.rss", "title": "CNN crew gets close-up look at South China Sea tensions as Chinese fighter jet nears US Navy plane", "description": "The US Navy reconnaissance jet flies at 21,500 feet over the South China Sea, 30 miles from the contested Paracel Islands, a group of about 130 small atolls, the biggest of which are home to Chinese military bases.", "link": "https://www.cnn.com/2023/02/24/asia/us-navy-south-china-sea-flyover-intl-hnk-ml/index.html", "date_published": "2023-02-24 16:38:56+00:00", "persistent": false, "user": null, "language": "en-US"}, {"source": "http://rss.cnn.com/rss/edition.rss", "title": "Kyiv marks one year of war with anxiety and a rallying cry from Zelensky", "description": "Ukrainian President Volodymyr Zelensky said he was \"certain\" his country will win the war against Russia as Ukraine marked the first anniversary of Russian invasion on Friday.", "link": "https://www.cnn.com/2023/02/24/europe/kyiv-war-anniversary-intl-cmd/index.html", "date_published": "2023-02-24 16:38:26+00:00", "persistent": false, "user": null, "language": "en-US"}, {"source": "http://rss.cnn.com/rss/edition.rss", "title": "Finland wants to join NATO. It may have to ditch an old ally to get there", "description": "When it comes to friendships between nations, not much comes between Sweden and my home country of Finland.", "link": "https://www.cnn.com/2023/02/24/opinions/finland-nato-membership-sweden-turkey-hungary-heinonen/index.html", "date_published": "2023-02-24 16:36:44+00:00", "persistent": false, "user": null, "language": "en-US"}, {"source": "http://rss.cnn.com/rss/edition.rss", "title": "'Succession' will end after Season 4, its creator says", "description": "Brace yourself for the end of Logan's run.", "link": "https://www.cnn.com/2023/02/24/entertainment/succession-ending-after-season-4-intl-scli/index.html", "date_published": "2023-02-24 16:33:01+00:00", "persistent": false, "user": null, "language": "en-US"}, {"source": "http://rss.cnn.com/rss/edition.rss", "title": "Watch Zelensky's press conference on anniversary of war", "description": "Ukrainian President Volodymyr Zelensky holds a press conference on the one year anniversary of the war with Russia.", "link": "https://www.cnn.com/videos/world/2023/02/24/ukraine-zelensky-press-conference-sot-one-year-anniversary-sot-vpx.cnn", "date_published": "2023-02-24 16:27:57+00:00", "persistent": false, "user": null, "language": "en-US"}, {"source": "http://rss.cnn.com/rss/edition.rss", "title": "Many talented young Nigerians are leaving. Halting the exodus will be a task for the next president", "description": "\"May Nigeria not happen to you,\" is a common prayer in Africa's largest economy and most populous nation.", "link": "https://www.cnn.com/2023/02/24/africa/nigeria-japa-exodus-trend-election-intl-cmd/index.html", "date_published": "2023-02-24 16:25:03+00:00", "persistent": false, "user": null, "language": "en-US"}, {"source": "http://rss.cnn.com/rss/edition.rss", "title": "Ericsson is planning to cut 8,500 jobs globally", "description": "Telecom company Ericsson is planning to cut 8,500 jobs around the world in a bid to slash costs.", "link": "https://www.cnn.com/2023/02/24/tech/ericsson-job-cuts/index.html", "date_published": "2023-02-24 16:23:29+00:00", "persistent": false, "user": null, "language": "en-US"}, {"source": "http://rss.cnn.com/rss/edition.rss", "title": "The UK's fruit and vegetable shortage could last at least until May", "description": "A shortage of some fruits and vegetables in the United Kingdom that has prompted rationing at most major supermarkets could last until May, according to one of the country's biggest groups of food producers.", "link": "https://www.cnn.com/2023/02/24/business/uk-vegetable-fruit-shortage-rationing/index.html", "date_published": "2023-02-24 15:38:00+00:00", "persistent": false, "user": null, "language": "en-US"}, {"source": "http://rss.cnn.com/rss/edition.rss", "title": "Child survivors of deadly quake 'in denial' and 'hallucinating'", "description": "\"She used to jump up and down like a butterfly. Now, she is psychologically broken.\"", "link": "https://www.cnn.com/2023/02/24/middleeast/turkey-quake-child-survivors-mime-intl/index.html", "date_published": "2023-02-24 15:23:26+00:00", "persistent": false, "user": null, "language": "en-US"}, {"source": "http://rss.cnn.com/rss/edition.rss", "title": "'He knows where to find me': US defense secretary says Chinese counterpart refuses talks", "description": "", "link": "https://www.cnn.com/collections/intl-us-defense-sec-china/", "date_published": "2023-02-24 15:18:11+00:00", "persistent": false, "user": null, "language": "en-US"}, {"source": "http://rss.cnn.com/rss/edition.rss", "title": "Ellie Goulding had '\ufeffa lot of trauma' from being falsely accused of cheating on Ed Sheeran with Niall Horan", "description": "Ellie Goulding says she went through it over a man she never even dated.", "link": "https://www.cnn.com/2023/02/24/entertainment/ellie-goulding-sheeran-niall/index.html", "date_published": "2023-02-24 15:11:46+00:00", "persistent": false, "user": null, "language": "en-US"}, {"source": "http://rss.cnn.com/rss/edition.rss", "title": "Former NFL star Chad Johnson says he saved money by living inside Cincinnati Bengals stadium for two years", "description": "After signing his first contract as a rookie for the Cincinnati Bengals in 2001, you might have forgiven Chad 'Ochocinco' Johnson for thinking he'd made it.", "link": "https://www.cnn.com/2023/02/24/sport/chad-johnson-nfl-cincinnati-bengals-spt-intl/index.html", "date_published": "2023-02-24 14:35:40+00:00", "persistent": false, "user": null, "language": "en-US"}, {"source": "http://rss.cnn.com/rss/edition.rss", "title": "Daily use of marijuana raises risk of heart disease, study finds", "description": "Using marijuana every day can raise a person's risk of coronary artery disease, or CAD, by a third compared with those who never partake, a new study found.", "link": "https://www.cnn.com/2023/02/24/health/marijuana-heart-disease-wellness/index.html", "date_published": "2023-02-24 14:10:00+00:00", "persistent": false, "user": null, "language": "en-US"}, {"source": "http://rss.cnn.com/rss/edition.rss", "title": "How the Supreme Court could re-shape the internet as you know it", "description": "Justice Samuel Alito of the US Supreme Court asked this week what may be, to millions of average internet users, the most relatable question to come out of a pair of high-stakes oral arguments about the future of social media.", "link": "https://www.cnn.com/2023/02/24/business/section-230-explainer/index.html", "date_published": "2023-02-24 13:56:13+00:00", "persistent": false, "user": null, "language": "en-US"}, {"source": "http://rss.cnn.com/rss/edition.rss", "title": "First Polish Leopard 2 tanks delivered to Ukraine", "description": "", "link": "https://edition.cnn.com/europe/live-news/russia-ukraine-war-news-02-24-23/h_e77fd0fe23191158298492bbf946703d", "date_published": "2023-02-24 13:46:34.802357+00:00", "persistent": false, "user": null, "language": "en-US"}, {"source": "http://rss.cnn.com/rss/edition.rss", "title": "Two art curators had a mystery on their hands. Was an unusual Dal\u00ed painting actually his?", "description": "Caitlin Haskell and Jennifer Cohen were stumped. The curators, both working on the Art Institute of Chicago's first show dedicated to Salvador Dal\u00ed, were researching his painting \"Visions of Eternity,\" which was dated to 1936 and had been held in the museum since the late 1980s. A vertical composition, \"Visions of Eternity\" depicts an enigmatic, blue-ombre landscape with a shadowy, humanoid figure perched on top of a single arch to the viewer's left and a pair of beans in the foreground.", "link": "https://www.cnn.com/style/article/salvador-dali-art-institute-of-chicago-dream-of-venus/index.html", "date_published": "2023-02-24 13:45:51+00:00", "persistent": false, "user": null, "language": "en-US"}, {"source": "http://rss.cnn.com/rss/edition.rss", "title": "'Luther: The Fallen Sun' casts a dim light despite Idris Elba's star power", "description": "The sad truth about \"Luther\" is that after a splendid debut, the BBC America series grew progressively worse and concocted even as Idris Elba's star capital steadily rose. After five widely spaced seasons over a decade, tortured detective John Luther is back in \"Luther: The Fallen Sun,\" a dark and uninspired encore with shades of \"Seven,\" blown up into movie form by Netflix.", "link": "https://www.cnn.com/2023/02/24/entertainment/luther-the-fallen-sun-review/index.html", "date_published": "2023-02-24 13:45:31+00:00", "persistent": false, "user": null, "language": "en-US"}, {"source": "http://rss.cnn.com/rss/edition.rss", "title": "Christoph Waltz gets the job done in the creepy mystery 'The Consultant'", "description": "Few actors bring as much smiling menace to a role as Christoph Waltz, and he has a doozy of one to showcase those qualities in \"The Consultant,\" a crackling Amazon series from the \"Severance\" school of \"Boy, I'm glad I don't work there.\" Although the show doesn't pay off quite as well as it starts, the getting-there is twisty enough to merit getting on board.", "link": "https://www.cnn.com/2023/02/24/entertainment/the-consultant-review/index.html", "date_published": "2023-02-24 13:43:38+00:00", "persistent": false, "user": null, "language": "en-US"}, {"source": "http://rss.cnn.com/rss/edition.rss", "title": "King Charles III pays tribute to Ukraine's 'courage and resilience'", "description": "Britain's King Charles has commended the people of Ukraine for showing \"truly remarkable courage and resilience in the face of such human tragedy,\" in a message marking 12 months of conflict in the country.", "link": "https://www.cnn.com/2023/02/24/uk/royal-news-newsletter-02-24-23-scli-gbr-cmd-intl/index.html", "date_published": "2023-02-24 13:17:14+00:00", "persistent": false, "user": null, "language": "en-US"}, {"source": "http://rss.cnn.com/rss/edition.rss", "title": "Insomnia may be linked to higher risk of heart attack, study says", "description": "It's no secret that sleep is important to your overall health, but a lack of sleep could have substantial effects on your heart, a new study shows. The researchers said people with insomnia are more likely to have a heart attack.", "link": "https://www.cnn.com/2023/02/24/health/insomnia-heart-attack-risk/index.html", "date_published": "2023-02-24 13:00:30+00:00", "persistent": false, "user": null, "language": "en-US"}, {"source": "http://rss.cnn.com/rss/edition.rss", "title": "'I feel a hundred years older:' One man's most personal moments from the past year in Ukraine", "description": "The last 12 months of war have changed many Ukrainian lives forever. See one man's experience, from spending his birthday evacuating Kyiv to the blackouts that nearly broke his spirit and the death of one of his friends on the frontline.", "link": "https://www.cnn.com/videos/world/2023/02/23/year-of-war-in-ukraine-photographer-contd-lon-orig.cnn", "date_published": "2023-02-24 12:56:06+00:00", "persistent": false, "user": null, "language": "en-US"}, {"source": "http://rss.cnn.com/rss/edition.rss", "title": "New 'Lord of the Rings' movie series in the works at Warner Bros.", "description": "It is one of the most beloved movie series of all time, but Peter Jackson's \"The Lord of the Rings\" trilogy only scratched the surface of the rich world of Middle-earth created by J.R.R. Tolkien.", "link": "https://www.cnn.com/2023/02/24/entertainment/lord-of-the-rings-warner-bros-movies-intl-scli/index.html", "date_published": "2023-02-24 12:54:49+00:00", "persistent": false, "user": null, "language": "en-US"}, {"source": "http://rss.cnn.com/rss/edition.rss", "title": "A generation of high-profile women tech leaders have stepped aside. What's next?", "description": "When Susan Wojcicki was named CEO of YouTube in 2014, she was in relatively good company as a woman leader in Silicon Valley.", "link": "https://www.cnn.com/2023/02/24/tech/end-of-an-era-for-women-tech-leaders/index.html", "date_published": "2023-02-24 12:36:01+00:00", "persistent": false, "user": null, "language": "en-US"}, {"source": "http://rss.cnn.com/rss/edition.rss", "title": "She's the only woman living on an island of convicted criminals", "description": "When Giulia Manca traveled to Pianosa, a former Italian prison island, back in 2011, she was looking forward to a relaxing sunshine break before returning home.", "link": "https://www.cnn.com/travel/article/woman-living-on-former-italian-prison-island-pianosa/index.html", "date_published": "2023-02-24 12:30:37+00:00", "persistent": false, "user": null, "language": "en-US"}, {"source": "http://rss.cnn.com/rss/edition.rss", "title": "Molson Coors must stop saying rival beers taste like water, regulator says", "description": "Beer ads try to be funny, but a regulatory group has determined that Molson Coors went too far with a recent ad that compares rivals' light beer to water.", "link": "https://www.cnn.com/2023/02/24/business/molson-coors-light-beer-water-ad/index.html", "date_published": "2023-02-24 12:25:20+00:00", "persistent": false, "user": null, "language": "en-US"}, {"source": "http://rss.cnn.com/rss/edition.rss", "title": "Rare blizzard warnings issued in Southern California as Midwest digs out from powerful winter storm", "description": "As a ferocious, multiday winter storm begins to subside after delivering heavy snow and ice to a large swath of the country this week and leaving thousands without power in the Midwest, another storm is threatening rain and snow in the West Friday, prompting rare blizzard warnings in Southern California.", "link": "https://www.cnn.com/2023/02/24/weather/winter-storm-us-friday/index.html", "date_published": "2023-02-24 12:15:40+00:00", "persistent": false, "user": null, "language": "en-US"}, {"source": "http://rss.cnn.com/rss/edition.rss", "title": "Fact check: Pence falsely claims opponents admitted there weren't Chinese spy balloons over the US while he was VP", "description": "Former Vice President Mike Pence, who is now considering a run for president, was asked on Fox on Wednesday about the Biden administration's criticism of rail deregulation efforts by the Trump administration.", "link": "https://www.cnn.com/2023/02/24/politics/fact-check-pence-admitted-chinese-balloon/index.html", "date_published": "2023-02-24 12:01:19+00:00", "persistent": false, "user": null, "language": "en-US"}, {"source": "http://rss.cnn.com/rss/edition.rss", "title": "Celebrities may have helped shape anti-vaccine opinions during Covid-19 pandemic, study finds", "description": "Covid-19 vaccines are known to be safe and effective, and they're available for free, but many Americans in the US refuse to get them -- and a recent study suggests that celebrities may share some of the blame for people's mistrust.", "link": "https://www.cnn.com/2023/02/24/health/covid-vaccine-celebrity-influence-study/index.html", "date_published": "2023-02-24 11:33:50+00:00", "persistent": false, "user": null, "language": "en-US"}, {"source": "http://rss.cnn.com/rss/edition.rss", "title": "Why 'Schitt's Creek' star Eugene Levy is a 'reluctant' traveler", "description": "He famously played a motel co-owner in \"Schitt's Creek\" and has been able to travel all over the world throughout his acting career, which spans five decades.", "link": "https://www.cnn.com/travel/article/schitts-creek-eugene-levy-reluctant-traveler/index.html", "date_published": "2023-02-24 11:25:58+00:00", "persistent": false, "user": null, "language": "en-US"}, {"source": "http://rss.cnn.com/rss/edition.rss", "title": "Giant 'forbidden planet' found orbiting a small star", "description": "Astronomers have found an unusually large planet orbiting a small star, located about 280 light-years from Earth.", "link": "https://www.cnn.com/2023/02/24/world/forbidden-planet-small-star-scn/index.html", "date_published": "2023-02-24 11:22:45+00:00", "persistent": false, "user": null, "language": "en-US"}, {"source": "http://rss.cnn.com/rss/edition.rss", "title": "Exclusive: How a box with classified documents ended up in Trump's office months after FBI searched Mar-a-Lago", "description": "The Justice Department wants to know how a box containing a handful of classified records scattered among copies of presidential schedules turned up at Mar-a-Lago late last year, well after several rounds of searches of the property by federal agents and aides to former President Donald Trump, according to people familiar with the matter.", "link": "https://www.cnn.com/2023/02/24/politics/trump-classified-documents-maralago-eluded-fbi/index.html", "date_published": "2023-02-24 11:15:56+00:00", "persistent": false, "user": null, "language": "en-US"}, {"source": "http://rss.cnn.com/rss/edition.rss", "title": "US defense secretary tells CNN he hasn't spoken to Chinese counterpart for a 'couple of months'", "description": "US Defense Secretary Lloyd Austin told CNN that he and his Chinese counterpart have not spoken for a \"couple of months,\" with Chinese Minister of National Defense Wei Fenghe refusing to take a call in the wake of the US shootdown of the suspected Chinese surveillance balloon.", "link": "https://www.cnn.com/2023/02/24/politics/defense-secretary-lloyd-austin-china-cnn-interview/index.html", "date_published": "2023-02-24 11:03:27+00:00", "persistent": false, "user": null, "language": "en-US"}, {"source": "http://rss.cnn.com/rss/edition.rss", "title": "Sanctions weakened Russia's economy in first year of war", "description": "A year of unprecedented, US-led sanctions designed to isolate one of the world's largest economies has left Russia weakened, but not incapacitated.", "link": "https://www.cnn.com/2023/02/24/politics/sanctions-russia-ukraine-us-biden-putin/index.html", "date_published": "2023-02-24 10:54:05+00:00", "persistent": false, "user": null, "language": "en-US"}, {"source": "http://rss.cnn.com/rss/edition.rss", "title": "Netflix cuts prices in some countries to boost subscriptions", "description": "Netflix has cut prices of its subscription plans in some countries as the streaming giant looks to maintain subscriber growth amid stiff competition and strained consumer spending.", "link": "https://www.cnn.com/2023/02/24/media/netflix-price-cuts/index.html", "date_published": "2023-02-24 10:48:26+00:00", "persistent": false, "user": null, "language": "en-US"}, {"source": "http://rss.cnn.com/rss/edition.rss", "title": "Infighting in the sport and Russia's invasion of Ukraine leaves Olympic boxing on the ropes", "description": "It's an Olympic sport which has its origins in Ancient Greece, and which helped stars of the ring such as Muhammad Ali, George Foreman, Joe Frazier, Nicola Adams, Claressa Shields and Katie Taylor become known to global audiences.", "link": "https://www.cnn.com/2023/02/24/sport/boxing-olympics-chaos-iba-usa-spt-intl/index.html", "date_published": "2023-02-24 10:31:09+00:00", "persistent": false, "user": null, "language": "en-US"}, {"source": "http://rss.cnn.com/rss/edition.rss", "title": "NFL quarterback Aaron Rodgers completes 'darkness retreat,' ESPN reports", "description": "Green Bay Packers quarterback Aaron Rodgers has completed his \"darkness retreat\" in Oregon, according to ESPN.", "link": "https://www.cnn.com/2023/02/24/sport/aaron-rodgers-completes-darkness-retreat-spt-intl/index.html", "date_published": "2023-02-24 10:15:54+00:00", "persistent": false, "user": null, "language": "en-US"}, {"source": "http://rss.cnn.com/rss/edition.rss", "title": "Conservative former judge J. Michael Luttig blasts Mike Pence plan to defy subpoena", "description": "In a stern rebuke of former Vice President Mike Pence, the conservative former judge who advised Pence on how to handle the January 6, 2021, election certification vote is now warning of both the legal and political consequences of Pence's plan to fight the grand jury subpoena by special counsel Jack Smith.", "link": "https://www.cnn.com/2023/02/24/politics/mike-pence-j-michael-luttig/index.html", "date_published": "2023-02-24 10:12:00+00:00", "persistent": false, "user": null, "language": "en-US"}, {"source": "http://rss.cnn.com/rss/edition.rss", "title": "Look of the Week: Paul Mescal is the picture of old Hollywood masculinity in a crisp white tank", "description": "Two weeks ahead of his first Academy Awards ceremony, Best Actor nominee Paul Mescal is already taking center stage as ES Magazine's latest cover star in a stripped back studio portrait. Mescal, who received the Oscars nod for his role in \"Aftersun,\" has been the subject of numerous fashion editorials since he rose to fame co-starring in the television adaptation of Sally Rooney's bestselling novel \"Normal People.\" But there is one surprisingly simple garment we've seen him in again and again: the crisp white tank top.", "link": "https://www.cnn.com/style/article/paul-mescal-es-magazine-white-tank-top/index.html", "date_published": "2023-02-24 10:07:58+00:00", "persistent": false, "user": null, "language": "en-US"}, {"source": "http://rss.cnn.com/rss/edition.rss", "title": "Ukraine unveils banknote to mark one year since Russia's full-scale invasion", "description": "Ukraine's central bank unveiled a commemorative banknote on Thursday to mark one year since the start of Russia's full-scale invasion, with one side depicting three soldiers raising the national flag.", "link": "https://www.cnn.com/style/article/ukraine-banknote-russian-invasion-intl-scli/index.html", "date_published": "2023-02-24 10:01:30+00:00", "persistent": false, "user": null, "language": "en-US"}, {"source": "http://rss.cnn.com/rss/edition.rss", "title": "Dry canals, low rivers and shrunken lakes: Europe braces for severe drought amid winter heatwave", "description": "A winter heatwave, record low levels of rain and a startling lack of snow in Europe are pushing rivers, canals and lakes across the continent to alarmingly low levels, with experts warning there could be repeat of last year's severe droughts.", "link": "https://www.cnn.com/2023/02/24/europe/europe-winter-drought-rivers-climate-intl/index.html", "date_published": "2023-02-24 09:57:21+00:00", "persistent": false, "user": null, "language": "en-US"}, {"source": "http://rss.cnn.com/rss/edition.rss", "title": "Sevilla goalkeeper Marko Dmitrovi\u0107 punched by pitch invader during Europa League match at PSV Eindhoven", "description": "Sevilla's 2-0 loss to PSV Eindhoven in Thursday's Europa League match turned ugly when a pitch invader ran on the field and punched the Spanish club's goalkeeper Marko Dmitrovi\u0107 at the Philips Stadium in Eindhoven, the Netherlands.", "link": "https://www.cnn.com/2023/02/24/football/marko-dmitrovic-punched-by-pitch-invader-spt-intl/index.html", "date_published": "2023-02-24 09:54:29+00:00", "persistent": false, "user": null, "language": "en-US"}, {"source": "http://rss.cnn.com/rss/edition.rss", "title": "Barcelona dumped out of Europa League by Manchester United", "description": "Barcelona may be leading La Liga by a handsome eight-point margin but once again in European competition the Catalan club fell short, losing 2-1 to Manchester United at Old Trafford to exit the Europa League 4-3 on aggregate.", "link": "https://www.cnn.com/2023/02/24/football/manchester-united-barcelona-europa-league-spt-intl/index.html", "date_published": "2023-02-24 09:34:17+00:00", "persistent": false, "user": null, "language": "en-US"}, {"source": "http://rss.cnn.com/rss/edition.rss", "title": "'Like a war zone': See aftermath of the deadly Israeli raid in West Bank", "description": "At least 11 Palestinians were killed during a rare daytime raid in the occupied West Bank that Israeli military forces say was targeting three militants planning an imminent attack. CNN's Hadas Gold reports.", "link": "https://www.cnn.com/videos/world/2023/02/24/west-bank-nablus-israeli-raid-gold-pkg-intl-ovn-contd-hnk-vpx.cnn", "date_published": "2023-02-24 09:24:02+00:00", "persistent": false, "user": null, "language": "en-US"}, {"source": "http://rss.cnn.com/rss/edition.rss", "title": "Russia has tried to rob the light from homes across Ukraine", "description": "", "link": "https://edition.cnn.com/interactive/2023/02/europe/putin-ukraine-energy-infrastructure-attack/index.html", "date_published": "2023-02-24 09:13:03.587769+00:00", "persistent": false, "user": null, "language": "en-US"}, {"source": "http://rss.cnn.com/rss/edition.rss", "title": "China calls for Russia-Ukraine ceasefire as neutrality questioned", "description": "\u2022 Video: Why US officials believe China will send 'lethal support' to Russia", "link": "https://www.cnn.com/2023/02/23/china/china-position-political-settlement-ukraine-intl-hnk/index.html", "date_published": "2023-02-24 08:36:26+00:00", "persistent": false, "user": null, "language": "en-US"}, {"source": "http://rss.cnn.com/rss/edition.rss", "title": "India's opposition vows to keep 'raising questions about Adani group' after spokesperson arrested", "description": "When dozens of security personnel crowded onto the runway of New Delhi's Indira Gandhi Airport on Thursday, it was not to capture a terrorist or fleeing criminal mastermind, or even to apprehend an unruly passenger.", "link": "https://www.cnn.com/2023/02/24/india/modi-comment-opposition-politician-arrest-reactions-intl-hnk/index.html", "date_published": "2023-02-24 06:28:15+00:00", "persistent": false, "user": null, "language": "en-US"}, {"source": "http://rss.cnn.com/rss/edition.rss", "title": "See what this man did when a carjacker attempted to take his vehicle", "description": "A Washington man was putting air in his tires when he nearly became a carjacking victim. CNN affiliate KPTV reports.", "link": "https://www.cnn.com/videos/us/2023/02/24/attempted-carjacking-on-camera-washington-affil-cprog-vpx.kptv", "date_published": "2023-02-24 06:14:14+00:00", "persistent": false, "user": null, "language": "en-US"}, {"source": "http://rss.cnn.com/rss/edition.rss", "title": "It's now one year since Russia's invasion of Ukraine began", "description": "", "link": "https://edition.cnn.com/europe/live-news/russia-ukraine-war-news-02-24-23/index.html", "date_published": "2023-02-24 05:51:07.430036+00:00", "persistent": false, "user": null, "language": "en-US"}, {"source": "http://rss.cnn.com/rss/edition.rss", "title": "It's now one year since Russia's invasion of Ukraine began", "description": "", "link": "https://edition.cnn.com/webview/europe/live-news/russia-ukraine-war-news-02-24-23/index.html", "date_published": "2023-02-24 05:51:07.319857+00:00", "persistent": false, "user": null, "language": "en-US"}, {"source": "http://rss.cnn.com/rss/edition.rss", "title": "Inside Russia's plot to plunge Ukraine into darkness, and how Ukrainians have survived", "description": "", "link": "https://cnn.it/3kkoOWT", "date_published": "2023-02-24 05:51:07.312450+00:00", "persistent": false, "user": null, "language": "en-US"}, {"source": "http://rss.cnn.com/rss/edition.rss", "title": "Putin's war in Ukraine has exposed Russia's weaknesses -- and brought the West together", "description": "If you can remember clearly the Europe of a dizzying year ago, perhaps the biggest surprise in where we find ourselves now is the extent to which the West has been reminded of its values and purpose.", "link": "https://www.cnn.com/2023/02/24/europe/ukraine-russia-europe-security-one-year-on-intl-cmd/index.html", "date_published": "2023-02-24 05:09:19+00:00", "persistent": false, "user": null, "language": "en-US"}, {"source": "http://rss.cnn.com/rss/edition.rss", "title": "The heavily armed DMZ separating North and South Korea has become a wildlife haven", "description": "Between North and South Korea lies the demilitarized zone (DMZ), one of the world's most heavily armed borders. The 160-mile stretch is barred with fences and landmines and is largely empty of human activity.", "link": "https://www.cnn.com/travel/article/korea-dmz-google-view-wildlife-intl-hnk/index.html", "date_published": "2023-02-24 05:07:54+00:00", "persistent": false, "user": null, "language": "en-US"}, {"source": "http://rss.cnn.com/rss/edition.rss", "title": "Takeaways from CNN's town hall on Russia-Ukraine war", "description": "The United States is prepared to support Ukraine for the long haul in the war against Russia and is confident Kyiv will prevail, senior Biden administration officials told CNN's Fareed Zakaria at a unique CNN town hall marking the one-year anniversary of Russia's invasion.", "link": "https://www.cnn.com/2023/02/24/politics/takeaways-cnn-ukraine-war-town-hall/index.html", "date_published": "2023-02-24 05:01:40+00:00", "persistent": false, "user": null, "language": "en-US"}, {"source": "http://rss.cnn.com/rss/edition.rss", "title": "'It's a major blow': Dominion has uncovered 'smoking gun' evidence in case against Fox News, legal experts say", "description": "Fox News is in serious hot water.", "link": "https://www.cnn.com/2023/02/23/media/fox-news-dominion-reliable-sources/index.html", "date_published": "2023-02-24 04:29:10+00:00", "persistent": false, "user": null, "language": "en-US"}, {"source": "http://rss.cnn.com/rss/edition.rss", "title": "Anderson Cooper follows the story of Ukrainian family's year-long quest for survival", "description": "CNN's Anderson Cooper catches up with a Ukrainian mother who he interviewed throughout the war, and who he visited in Kiev, as she and her family seek refuge in the US after fleeing the war.", "link": "https://www.cnn.com/videos/world/2023/02/24/olena-gnes-follow-up-ukraine-war-anniversary-cooper-pkg-ac360-intl-vpx.cnn", "date_published": "2023-02-24 03:32:37+00:00", "persistent": false, "user": null, "language": "en-US"}, {"source": "http://rss.cnn.com/rss/edition.rss", "title": "China calls for Russia-Ukraine ceasefire as neutrality questioned", "description": "", "link": "https://www.cnn.com/collections/intl-ukraine-230223/", "date_published": "2023-02-24 03:23:15+00:00", "persistent": false, "user": null, "language": "en-US"}, {"source": "http://rss.cnn.com/rss/edition.rss", "title": "Why US officials believe China will send 'lethal support' to Russia", "description": "Reports obtained by CNN appear to show China is sending parts labeled for military use to Russia as aid in Ukraine war. CNN's Will Ripley explains.", "link": "https://www.cnn.com/videos/world/2023/02/24/russia-china-military-relations-report-ripley-pkg-eboff-vpx.cnn", "date_published": "2023-02-24 02:55:23+00:00", "persistent": false, "user": null, "language": "en-US"}, {"source": "http://rss.cnn.com/rss/edition.rss", "title": "Video shows near-death incident between freight train and truck", "description": "No one was hurt after a freight train slammed into a truck that had gotten stuck on the railroad track after the driver took a wrong turn.", "link": "https://www.cnn.com/videos/us/2023/02/24/freight-train-slams-truck-new-york-cprog-orig-aw.cnn", "date_published": "2023-02-24 02:21:50+00:00", "persistent": false, "user": null, "language": "en-US"}, {"source": "http://rss.cnn.com/rss/edition.rss", "title": "See how US medics are assisting on the frontlines in Ukraine", "description": "CNN's Sam Kiley visits a field hospital in Bakhmut, Ukraine, and rides with American medics on the war front who volunteered to treat those wounded.", "link": "https://www.cnn.com/videos/world/2023/02/23/american-medics-field-hospital-frontline-bakhmut-ukraine-kiley-dnt-tsr-vpx.cnn", "date_published": "2023-02-24 02:11:46+00:00", "persistent": false, "user": null, "language": "en-US"}, {"source": "http://rss.cnn.com/rss/edition.rss", "title": "Pentagon chief's prediction about Russia's war in Ukraine", "description": "In a clip from an interview with CNN's Kaitlan Collins, US Secretary of Defense Lloyd Austin discusses Russia's war with Ukraine, the role of the United States, and his predictions.", "link": "https://www.cnn.com/videos/politics/2023/02/24/us-nato-aid-ukraine-russia-war-collins-defense-secretary-llyod-austin-interview-clip-tsr-vpx.cnn", "date_published": "2023-02-24 01:41:37+00:00", "persistent": false, "user": null, "language": "en-US"}, {"source": "http://rss.cnn.com/rss/edition.rss", "title": "Watch Russian politician's 'bold' act of defiance against Putin", "description": "Communist Party Duma Deputy Mikhail Abdalkin posted a video of himself invoking a traditional expression for deception and lying as he watched a speech by Russian President Vladimir Putin. CNN's Kate Bolduan reports", "link": "https://www.cnn.com/videos/world/2023/02/24/russian-politician-putin-act-of-defiance-sot-vpx-ebof.cnn", "date_published": "2023-02-24 01:22:57+00:00", "persistent": false, "user": null, "language": "en-US"}, {"source": "http://rss.cnn.com/rss/edition.rss", "title": "Hear why Kevin McCarthy gave Jan. 6 security footage to Tucker Carlson", "description": "House Speaker Kevin McCarthy defended his controversial move to grant Fox News host Tucker Carlson access to security footage from the January 6, 2021, attack on the Capitol, telling the New York Times he \"promised.\" CNN's Brian Todd reports.", "link": "https://www.cnn.com/videos/media/2023/02/24/kevin-mccarthy-fox-news-january-6-footage-tsr-vpx.cnn", "date_published": "2023-02-24 01:15:01+00:00", "persistent": false, "user": null, "language": "en-US"}, {"source": "http://rss.cnn.com/rss/edition.rss", "title": "See what happened when Alex Murdaugh took the stand", "description": "Alex Murdaugh took the stand to testify in his double murder trial Thursday morning, admitting he lied to investigators when he said he was not at the scene of the killings of his wife and son minutes before the state says the fatal shootings in June 2021. CNN's Randi Kaye has the latest.", "link": "https://www.cnn.com/videos/us/2023/02/23/alex-murdaugh-trial-admit-lie-kaye-donut-tsr-vpx.cnn", "date_published": "2023-02-24 01:06:13+00:00", "persistent": false, "user": null, "language": "en-US"}, {"source": "http://rss.cnn.com/rss/edition.rss", "title": "Doctor's shocking discovery after 4-year-old had excruciating ear pain from a BBQ", "description": "Dr. Meghan Martin, known on TikTok as Beachgem10, is a pediatric emergency medicine doctor.  She shared her most memorable case, and the final diagnosis might surprise you.", "link": "https://www.cnn.com/videos/health/2023/02/23/tiktok-doctor-mystery-diagnosis-grill-brush-orig-cprog-dp.cnn", "date_published": "2023-02-24 00:33:15+00:00", "persistent": false, "user": null, "language": "en-US"}]