[{"source": "https://feeds.npr.org/1001/rss.xml", "title": "They were born into war. Now, they're celebrating their first birthday in the U.S.", "description": "Twins Lenny and Moishe were born premature to a surrogate mother in Kyiv just as Russia began its attack on Ukraine. They went through a daring journey to reach their eventual home in Chicago.", "link": "https://www.npr.org/2023/02/24/1159234843/ukraine-war-anniversary-russia-premature-twins-evacuated", "date_published": "2023-02-24 20:44:04+00:00", "persistent": false, "user": null, "language": "en-US"}, {"source": "https://feeds.npr.org/1001/rss.xml", "title": "Democratic state attorneys general sue Biden administration over abortion pill rules", "description": "The suit comes as a federal judge in another case is considering whether to overturn FDA approval of the same drug, mifepristone.", "link": "https://www.npr.org/2023/02/24/1159375337/democratic-state-attorneys-general-sue-biden-administration-over-abortion-pill-r", "date_published": "2023-02-24 19:46:29+00:00", "persistent": false, "user": null, "language": "en-US"}, {"source": "https://feeds.npr.org/1001/rss.xml", "title": "California braces for winter storms as parts of the northern U.S. recover", "description": "Major winter storms continue to hit parts of the U.S. \u2014 upending travel, closing roads, and leaving thousands of households in the dark.", "link": "https://www.npr.org/2023/02/24/1159264794/winter-storm-southern-california-bay-area-michigan", "date_published": "2023-02-24 19:37:36+00:00", "persistent": false, "user": null, "language": "en-US"}, {"source": "https://feeds.npr.org/1001/rss.xml", "title": "Remembering baseball announcer and former all-star catcher Tim McCarver", "description": "McCarver, who died Feb. 16, played in the major leagues from 1959 until 1980. After retirement, he shifted to color commentary from the broadcast booth. <em>Originally broadcast in 1987.</em>", "link": "https://www.npr.org/2023/02/24/1159271306/remembering-baseball-announcer-and-former-all-star-catcher-tim-mccarver", "date_published": "2023-02-24 19:02:41+00:00", "persistent": false, "user": null, "language": "en-US"}, {"source": "https://feeds.npr.org/1001/rss.xml", "title": "A sci-fi magazine has cut off submissions after a flood of AI-generated stories", "description": "The science fiction and fantasy magazine <em>Clarkesworld </em>says it<em> </em>has been bombarded with AI-mage stories. Its publisher says it's part of a rise of side hustle culture online.", "link": "https://www.npr.org/2023/02/24/1159286436/ai-chatbot-chatgpt-magazine-clarkesworld-artificial-intelligence", "date_published": "2023-02-24 18:18:10+00:00", "persistent": false, "user": null, "language": "en-US"}, {"source": "https://feeds.npr.org/1001/rss.xml", "title": "The Taliban ended college for women. Here's how Afghan women are defying the ban", "description": "The December ban on college education for women has led some to turn to online options. But that pption comes with its own set of problems.", "link": "https://www.npr.org/sections/goatsandsoda/2023/02/24/1158546120/the-taliban-ended-college-for-women-heres-how-afghan-women-are-defying-the-ban", "date_published": "2023-02-24 17:12:27+00:00", "persistent": false, "user": null, "language": "en-US"}, {"source": "https://feeds.npr.org/1001/rss.xml", "title": "North Korea says it test-fired 4 missiles a day after the U.S. held defense drills", "description": "The launch comes a day after the U.S. and South Korea held tabletop exercises simulating a North Korean nuclear attack.", "link": "https://www.npr.org/2023/02/24/1159255022/north-korea-missiles", "date_published": "2023-02-24 15:58:11+00:00", "persistent": false, "user": null, "language": "en-US"}, {"source": "https://feeds.npr.org/1001/rss.xml", "title": "What's at stake as Nigerians elect the president of Africa's largest democracy", "description": "The continent's largest democracy and biggest economy holds a presidential election Saturday that's come down to a race of three leading candidates.", "link": "https://www.npr.org/2023/02/24/1158978511/nigeria-election", "date_published": "2023-02-24 15:33:35+00:00", "persistent": false, "user": null, "language": "en-US"}, {"source": "https://feeds.npr.org/1001/rss.xml", "title": "Roald Dahl's publisher responds to backlash by keeping 'classic' texts in print", "description": "\"Fat,\" \"ugly\" and \"horsey face\" will remain in Roald Dahl's children's books in the U.K. after all. After a fierce backlash to proposed changes, Dahl's U.K. publisher announced a \"classic collection.\"", "link": "https://www.npr.org/2023/02/24/1159224907/roald-dahls-publisher-responds-to-backlash-by-keeping-classic-texts-in-print", "date_published": "2023-02-24 15:32:44+00:00", "persistent": false, "user": null, "language": "en-US"}, {"source": "https://feeds.npr.org/1001/rss.xml", "title": "More than two million Cosori air fryers have been recalled over fire risks", "description": "The home appliance brand Cosori received more than 200 reports of air fryers overheating, burning or melting \u2014 several of which led to minor burn injuries and property damage.", "link": "https://www.npr.org/2023/02/24/1159240615/cosori-air-fryer-recall", "date_published": "2023-02-24 15:07:18+00:00", "persistent": false, "user": null, "language": "en-US"}, {"source": "https://feeds.npr.org/1001/rss.xml", "title": "WATCH: Alex Murdaugh returns to the witness stand for cross-examination", "description": "Friday could be a pivotal day in the murder trial of disgraced South Carolina attorney Alex Murdaugh as he faces continued questioning from prosecutors.", "link": "https://www.npr.org/2023/02/24/1159228883/alex-murdaugh-cross-examination-murder-trial", "date_published": "2023-02-24 14:37:23+00:00", "persistent": false, "user": null, "language": "en-US"}, {"source": "https://feeds.npr.org/1001/rss.xml", "title": "One year after Russia invaded, Ukrainians have been transformed", "description": "NPR remembers the beginning of Russia's war on Ukraine and the way it transformed the Ukrainian people.", "link": "https://www.npr.org/2023/02/24/1159207621/one-year-after-russia-invaded-ukrainians-have-been-transformed", "date_published": "2023-02-24 13:10:48+00:00", "persistent": false, "user": null, "language": "en-US"}, {"source": "https://feeds.npr.org/1001/rss.xml", "title": "Friendships at work can boost happiness. Here's how to nurture them", "description": "Sure, you may resent how much of your energy gets sucked up by your job. But research finds that keeping up relationships with colleagues may have a big upside to your health and happiness.", "link": "https://www.npr.org/sections/health-shots/2023/02/24/1158881773/friendships-at-work-can-boost-happiness-heres-how-to-nurture-them", "date_published": "2023-02-24 11:00:33+00:00", "persistent": false, "user": null, "language": "en-US"}, {"source": "https://feeds.npr.org/1001/rss.xml", "title": "Hybrid cars are still incredibly popular, but are they good for the environment?", "description": "Shoppers are far more interested in hybrids than all-electric vehicles, but environmentalists believe cars like the Prius are an unnecessary detour on the path to electrification.", "link": "https://www.npr.org/2023/02/24/1158306767/prius-toyota-hybrids-electric-car-climate-change", "date_published": "2023-02-24 10:01:04+00:00", "persistent": false, "user": null, "language": "en-US"}, {"source": "https://feeds.npr.org/1001/rss.xml", "title": "Every space crew needs a mission patch. This company has designed NASA's for 50 years", "description": "Since the first days of the space program, astronauts wear a special patch specific to each mission. A small North Carolina company has designed them all since the Apollo lunar launches.", "link": "https://www.npr.org/2023/02/24/1159019083/nasa-spacex-mission-patches", "date_published": "2023-02-24 10:00:34+00:00", "persistent": false, "user": null, "language": "en-US"}, {"source": "https://feeds.npr.org/1001/rss.xml", "title": "This group gets left-leaning policies passed in red states. How? Ballot measures", "description": "The Fairness Project has won campaigns to raise the minimum wage and expand Medicaid in nine states dominated by Republicans. Next is abortion. But there's growing pushback from state lawmakers.", "link": "https://www.npr.org/2023/02/24/1158797456/fairness-project-abortion-ballot-measures-gop-democrats-medicaid-minimum-wage", "date_published": "2023-02-24 10:00:34+00:00", "persistent": false, "user": null, "language": "en-US"}, {"source": "https://feeds.npr.org/1001/rss.xml", "title": "Why an ulcer drug could be the last option for some abortion patients", "description": "Some abortion providers are looking to misoprostol, a medication widely used around the world, should a federal judge in Texas block access to a key medication abortion option.", "link": "https://www.npr.org/2023/02/24/1159075709/abortion-drug-mifepristone-misoprotol-texas-case", "date_published": "2023-02-24 10:00:34+00:00", "persistent": false, "user": null, "language": "en-US"}, {"source": "https://feeds.npr.org/1001/rss.xml", "title": "'The Great Displacement' looks at communities forever altered by climate change", "description": "Jack Bittle's book takes a look at several communities that have been affected by climate change, and how the lives of their residents \u2014 those who have survived \u2014 have been altered by extreme weather.", "link": "https://www.npr.org/2023/02/24/1158940219/jake-bittle-the-great-displacement-communities-people-and-climate-change", "date_published": "2023-02-24 10:00:04+00:00", "persistent": false, "user": null, "language": "en-US"}, {"source": "https://feeds.npr.org/1001/rss.xml", "title": "Photographing a year of war and resilience in Ukraine", "description": "NPR photographer Claire Harbage shares her experiences of documenting life in Ukraine for the past year, amid the ongoing Russian invasion.", "link": "https://www.npr.org/sections/pictureshow/2023/02/24/1158166110/photographing-a-year-of-war-and-resilience-in-ukraine", "date_published": "2023-02-24 10:00:03+00:00", "persistent": false, "user": null, "language": "en-US"}, {"source": "https://feeds.npr.org/1001/rss.xml", "title": "Alex Murdaugh denies murders, but admits to lying to police", "description": "The salacious murder trial of a prominent South Carolina attorney took a new twist when Alex Murdaugh (alek - mur-dock) took the stand in his own defense in the killings of his wife and son.", "link": "https://www.npr.org/2023/02/24/1159207656/alex-murdaugh-denies-murders-but-admits-to-lying-to-police", "date_published": "2023-02-24 09:54:53+00:00", "persistent": false, "user": null, "language": "en-US"}, {"source": "https://feeds.npr.org/1001/rss.xml", "title": "China wants peace talks between Ukraine and Russia to begin as soon as possible", "description": "China has called for a ceasefire in Ukraine, and for peace talks between Kyiv and Moscow.", "link": "https://www.npr.org/2023/02/24/1159207649/china-wants-peace-talks-between-ukraine-and-russia-to-begin-as-soon-as-possible", "date_published": "2023-02-24 09:54:53+00:00", "persistent": false, "user": null, "language": "en-US"}, {"source": "https://feeds.npr.org/1001/rss.xml", "title": "Malcom X's family is suing the CIA, FBI and NYPD", "description": "NPR's Leila Fadel speaks with Malcolm X's daughter, Ilyasah Shabazz (ih-lee-AH-sah Shah-BAHZ),  about a planned lawsuit accusing New York and federal law enforcement of concealing murder evidence.", "link": "https://www.npr.org/2023/02/24/1159207642/malcom-xs-family-is-suing-the-cia-fbi-and-nypd", "date_published": "2023-02-24 09:54:53+00:00", "persistent": false, "user": null, "language": "en-US"}, {"source": "https://feeds.npr.org/1001/rss.xml", "title": "One year of war in Ukraine; China wants peace; access to an abortion drug is at risk", "description": "Life in Russia and Ukraine has changed one year into the war. China wants the war to end as soon as possible. Plus, doctors are looking for options as an abortion medication's access is at risk.", "link": "https://www.npr.org/2023/02/24/1159207614/one-year-of-war-in-ukraine-china-wants-peace-access-to-an-abortion-drug-is-at-ri", "date_published": "2023-02-24 09:54:53+00:00", "persistent": false, "user": null, "language": "en-US"}, {"source": "https://feeds.npr.org/1001/rss.xml", "title": "Peter Obi could shake up Nigeria's election", "description": "As voters in Nigeria, Africa's largest democracy, go to the polls, a third party candidate threatens to upset the status quo.", "link": "https://www.npr.org/2023/02/24/1159207670/peter-obi-could-shake-up-nigerias-election", "date_published": "2023-02-24 09:54:53+00:00", "persistent": false, "user": null, "language": "en-US"}, {"source": "https://feeds.npr.org/1001/rss.xml", "title": "What Ukrainians are expecting, one year after Russia invaded", "description": "One year to the day after Russia launched a full-scale invasion of Ukraine, the country is transformed. What's ahead as the war enters its second year and how are Ukrainians thinking about the future?", "link": "https://www.npr.org/2023/02/24/1159207691/what-ukrainians-are-expecting-one-year-after-russia-invaded", "date_published": "2023-02-24 09:54:53+00:00", "persistent": false, "user": null, "language": "en-US"}, {"source": "https://feeds.npr.org/1001/rss.xml", "title": "China calls for a cease-fire and peace talks between Russia and Ukraine", "description": "As Russia's war in Ukraine enters its second year, Beijing has repeatedly said it would broker any cease-fire talks, a <s>proposal</s> Ukrainians are wary of because of China's close ties with Moscow.", "link": "https://www.npr.org/2023/02/24/1159208413/china-calls-for-a-cease-fire-and-peace-talks-between-russia-and-ukraine", "date_published": "2023-02-24 09:05:58+00:00", "persistent": false, "user": null, "language": "en-US"}]