[{"source": "https://www.money.pl/rss/", "title": "Kolejny gazoci\u0105g w Polsce. Gaz-System ma zgod\u0119 na po\u0142\u0105czenie Raciborza i O\u015bwi\u0119cimia", "description": "<img src=\"https://i.wpimg.pl/308x/filerepo.grupawp.pl/api/v1/display/embed/fd6c87a2-4acf-45e5-bb26-0e9276117c02\" width=\"308\" /> Gaz-System ma ju\u017c komplet decyzji, pozwalaj\u0105cych rozpocz\u0105\u0107 budow\u0119 gazoci\u0105gu Racib\u00f3rz-O\u015bwi\u0119cim. Inwestycja umo\u017cliwi m.in. przy\u0142\u0105czenie do sieci planowanego przez PGE nowego bloku gazowego w Rybniku, kt\u00f3ry b\u0119dzie jednym z najwi\u0119kszych tego typu instalacji w Polsce.", "link": "https://www.money.pl/gospodarka/kolejny-gazociag-w-polsce-gaz-system-ma-zgode-na-polaczenie-raciborza-i-oswiecimia-6870094659910240a.html", "date_published": "2023-02-24 20:06:37+00:00", "persistent": false, "user": null, "language": "pl-PL"}, {"source": "https://www.money.pl/rss/", "title": "Rosja wylatuje z kolejnej organizacji. \"Odnie\u015bli\u015bmy znacz\u0105ce zwyci\u0119stwo\"", "description": "<img src=\"https://i.wpimg.pl/308x/filerepo.grupawp.pl/api/v1/display/embed/b6992187-b4db-4b38-b006-14cd9092b245\" width=\"308\" /> Grupa Specjalna ds. Przeciwdzia\u0142ania Praniu Pieni\u0119dzy (FATF) zawiesi\u0142a w pi\u0105tek prawa cz\u0142onkowskie Rosji na czas nieokre\u015blony. To organizacja powo\u0142ana przez grup\u0119 G7. Z tej decyzji ciesz\u0105 si\u0119 politycy Ukrainy. \"Odnie\u015bli\u015bmy znacz\u0105ce zwyci\u0119stwo\" \u2013 przekonuje szef Kancelarii Prezydenta Ukrainy Andrij Jermak.", "link": "https://www.money.pl/gospodarka/rosja-wylatuje-z-kolejnej-organizacji-odnieslismy-znaczace-zwyciestwo-6870082548869728a.html", "date_published": "2023-02-24 19:27:48+00:00", "persistent": false, "user": null, "language": "pl-PL"}, {"source": "https://www.money.pl/rss/", "title": "Tego ju\u017c si\u0119 nie da zatuszowa\u0107. Rz\u0105d ma du\u017cy problem", "description": "<img src=\"https://i.wpimg.pl/308x/filerepo.grupawp.pl/api/v1/display/embed/2ec270ed-3962-4b7d-b2f2-666550b2ce47\" width=\"308\" /> Przez drug\u0105 po\u0142ow\u0119 2022 r. konsumpcja, czyli g\u0142\u00f3wne ko\u0142o zamachowe polskiej gospodarki, radzi\u0142a sobie ca\u0142kiem nie\u017ale. Problemy z portfelami Polak\u00f3w tuszowali uchod\u017acy, kt\u00f3rzy kupowali u nas podstawowe produkty spo\u017cywcze. Teraz jednak sytuacja si\u0119 odwr\u00f3ci\u0142a. Polski konsument jest w recesji i nie da si\u0119 ju\u017c tego ukry\u0107. A rz\u0105d b\u0119dzie mia\u0142 z tym du\u017cy problem.", "link": "https://www.money.pl/gospodarka/tego-juz-sie-nie-da-zatuszowac-rzad-ma-duzy-problem-6869944566884960a.html", "date_published": "2023-02-24 18:33:49+00:00", "persistent": false, "user": null, "language": "pl-PL"}, {"source": "https://www.money.pl/rss/", "title": "Fabryka Porcelany \"Krzysztof\" wygasi\u0142a piece. Ponownie uruchamia sklep internetowy", "description": "<img src=\"https://i.wpimg.pl/308x/filerepo.grupawp.pl/api/v1/display/embed/96666325-fccd-416e-98b6-eb035801e2ab\" width=\"308\" /> Fabryka Porcelany \"Krzysztof\" zako\u0144czy\u0142a dzia\u0142alno\u015b\u0107 pod koniec 2022 r. Do tej decyzji firm\u0119 pchn\u0119\u0142y ceny gazu. Zreszt\u0105 wytw\u00f3rnia wygasi\u0142a ju\u017c swoje piece zdobnicze. Jednak ponownie uruchomi\u0142a sw\u00f3j sklep internetowy.", "link": "https://www.money.pl/gospodarka/fabryka-porcelany-krzysztof-wygasila-piece-ponownie-uruchamia-sklep-internetowy-6870057024621184a.html", "date_published": "2023-02-24 17:33:29+00:00", "persistent": false, "user": null, "language": "pl-PL"}, {"source": "https://www.money.pl/rss/", "title": "Oto \"lista wstydu\" po roku wojny. S\u0105 polskie firmy, kt\u00f3re wci\u0105\u017c dzia\u0142aj\u0105 w Rosji", "description": "<img src=\"https://i.wpimg.pl/308x/filerepo.grupawp.pl/api/v1/display/embed/eb8b6a5d-e458-43c1-8ab6-2aab52461adc\" width=\"308\" /> Po wybuchu wojny w Ukrainie wiele mi\u0119dzynarodowych (g\u0142\u00f3wnie zachodnich) firm zdecydowa\u0142o si\u0119 opu\u015bci\u0107 Rosj\u0119, by nie dok\u0142ada\u0107 r\u0119ki do inwazji. \"Exodus\" nie by\u0142 jednak pe\u0142ny. Po roku konfliktu w re\u017cimie Putina wci\u0105\u017c dzia\u0142aj\u0105 niekt\u00f3re firmy z Polski.", "link": "https://www.money.pl/gospodarka/oto-lista-wstydu-po-roku-wojny-sa-polskie-firmy-ktore-wciaz-dzialaja-w-rosji-6869960293722752a.html", "date_published": "2023-02-24 16:27:40+00:00", "persistent": false, "user": null, "language": "pl-PL"}, {"source": "https://www.money.pl/rss/", "title": "Wprowadzili czterodniowy tydzie\u0144 pracy. Z przymusu, bo nie maj\u0105 zlece\u0144", "description": "<img src=\"https://i.wpimg.pl/308x/filerepo.grupawp.pl/api/v1/display/embed/80e24e91-83bb-438e-8b20-7f4556464bfd\" width=\"308\" /> Newag, firma produkuj\u0105ca i modernizuj\u0105ca m.in. poci\u0105gi, wprowadzi\u0142a czterodniowy tydzie\u0144 pracy. W co drugim tygodniu pracownicy maj\u0105 wolne pi\u0105tki. Sp\u00f3\u0142ka nie zrobi\u0142a tego jednak, aby bada\u0107 efektywno\u015b\u0107 takiego rozwi\u0105zania. Jak przyzna\u0142 jej prezes, decyzja ta jest efektem optymalizacji koszt\u00f3w.", "link": "https://www.money.pl/gospodarka/wprowadzili-czterodniowy-tydzien-pracy-z-przymusu-bo-nie-maja-zlecen-6870019300596320a.html", "date_published": "2023-02-24 15:37:02+00:00", "persistent": false, "user": null, "language": "pl-PL"}, {"source": "https://www.money.pl/rss/", "title": "Rekordowe mar\u017ce i zyski Orlenu. Oto dlaczego pa\u0144stwowy koncern zarobi\u0142 tak du\u017co", "description": "<img src=\"https://i.wpimg.pl/308x/filerepo.grupawp.pl/api/v1/display/embed/1c982e3e-0150-4f64-9611-11625bc0db03\" width=\"308\" /> Orlen chwali si\u0119 rekordowymi zyskami. Jak wskazuj\u0105 w komentarzach dla money.pl eksperci, to przede wszystkim efekt konsolidacji wynik\u00f3w Lotosu i skutek niespotykanego wzrostu mar\u017cy, kt\u00f3r\u0105 koncern zawdzi\u0119cza skokom cen na rynku paliw po inwazji Rosji na Ukrain\u0119.", "link": "https://www.money.pl/gielda/orlen-wyniki-finansowe-2022-r-rekordowe-marze-i-zyski-oto-na-czym-zarobil-koncern-6869996480662112a.html", "date_published": "2023-02-24 15:33:10+00:00", "persistent": false, "user": null, "language": "pl-PL"}, {"source": "https://www.money.pl/rss/", "title": "\"Rzeki\" ropy i gazu zmieni\u0142y bieg. Rok wojny przekre\u015bli\u0142 mapy energetyczne \u015bwiata", "description": "<img src=\"https://i.wpimg.pl/308x/filerepo.grupawp.pl/api/v1/display/embed/924f37c5-20bd-410e-866e-2373dd70e42c\" width=\"308\" /> Decyzja Putina o rozpocz\u0119ciu wojny okaza\u0142a si\u0119 bardziej kosztowna, ni\u017c rosyjski przyw\u00f3dca m\u00f3g\u0142 si\u0119 spodziewa\u0107. Rok wojny drastycznie zmieni\u0142 mapy energetyczne \u015bwiata. Putin przejdzie do historii jako ten, kt\u00f3ry w ogniu wojny spali\u0142 realizowane przez dekady kosztowne inwestycje w rynek europejski.", "link": "https://www.money.pl/gielda/rzeki-ropy-i-gazu-zmienily-bieg-rok-wojny-przekreslil-mapy-energetyczne-swiata-6867175105616480a.html", "date_published": "2023-02-24 14:13:14+00:00", "persistent": false, "user": null, "language": "pl-PL"}, {"source": "https://www.money.pl/rss/", "title": "Obni\u017cki cen paliw b\u0119d\u0105 hamowa\u0107. Oto prognozy na nadchodz\u0105cy tydzie\u0144", "description": "<img src=\"https://i.wpimg.pl/308x/filerepo.grupawp.pl/api/v1/display/embed/9507f9ba-9d2e-435b-82dd-114caf5562d8\" width=\"308\" /> W nadchodz\u0105cym tygodniu najpewniej nie b\u0119dzie ju\u017c kolejnej obni\u017cki \u015brednich cen diesla. Stabilne powinny by\u0107 te\u017c ceny Pb98, 95 i autogazu \u2013 prognozuj\u0105 analitycy e-petrol.pl. Z kolei eksperci BM Reflex dodaj\u0105, \u017ce nawet je\u017celi dojdzie do obni\u017cek cen paliw, to b\u0119d\u0105 one w znacznie mniejszej skali ni\u017c dotychczas.", "link": "https://www.money.pl/gospodarka/obnizki-cen-paliw-beda-hamowac-oto-prognozy-na-nadchodzacy-tydzien-6870004334451328a.html", "date_published": "2023-02-24 13:59:05+00:00", "persistent": false, "user": null, "language": "pl-PL"}, {"source": "https://www.money.pl/rss/", "title": "CEO Hiltona \u017ca\u0142uje zakupu Porsche. \"Wyda\u0142em wszystko na ten g\u0142upi samoch\u00f3d\"", "description": "<img src=\"https://i.wpimg.pl/308x/filerepo.grupawp.pl/api/v1/display/embed/5ef92ab0-e0ef-469e-9ad8-36aeb6449f0f\" width=\"308\" /> Chris Nassetta, CEO Hiltona, opowiedzia\u0142 o zakupie swojego pierwszego samochodu. Wybra\u0142 czarnego Porsche 944, co by\u0142o, jak sam twierdzi, najgorsz\u0105 decyzj\u0105 inwestycyjn\u0105 w jego \u017cyciu. \u2013 Wyda\u0142em wszystkie moje pieni\u0105dze na ten g\u0142upi samoch\u00f3d \u2013 przyzna\u0142.", "link": "https://www.money.pl/gospodarka/ceo-hiltona-zaluje-zakupu-porsche-wydalem-wszystko-na-ten-glupi-samochod-6869991890983520a.html", "date_published": "2023-02-24 13:08:27+00:00", "persistent": false, "user": null, "language": "pl-PL"}, {"source": "https://www.money.pl/rss/", "title": "Po roku wojny w Polsce prac\u0119 znalaz\u0142o blisko milion Ukrai\u0144c\u00f3w", "description": "<img src=\"https://i.wpimg.pl/308x/filerepo.grupawp.pl/api/v1/display/embed/595d2ea5-5075-40e5-93e2-e12b52685582\" width=\"308\" /> Na mocy specustawy zatrudnienie w Polsce znalaz\u0142o ponad 900 tys. obywateli Ukrainy - najnowsze dane przekaza\u0142a minister rodziny i polityki spo\u0142ecznej Marlena Mal\u0105g. Doda\u0142a, \u017ce ponad 9 tys. obywateli Ukrainy podj\u0119\u0142o prac\u0119 na Podkarpaciu, a ponad 16 tys. firm za\u0142o\u017cyli w Polce obywateli Ukrainy.", "link": "https://www.money.pl/gospodarka/po-roku-wojny-w-polsce-prace-znalazlo-blisko-milion-ukraincow-6869970828999296a.html", "date_published": "2023-02-24 11:42:48+00:00", "persistent": false, "user": null, "language": "pl-PL"}, {"source": "https://www.money.pl/rss/", "title": "Wielki powr\u00f3t kontrowersyjnego jachtu. \"I Love Poland\" w czo\u0142\u00f3wce presti\u017cowych regat", "description": "<img src=\"https://i.wpimg.pl/308x/filerepo.grupawp.pl/api/v1/display/embed/76c4383a-d93b-4e7c-89ab-a4cf3c27546d\" width=\"308\" /> Promuj\u0105cy Polsk\u0119 jacht \"I Love Poland\" jako drugi w\u015br\u00f3d jednokad\u0142ubowc\u00f3w dop\u0142yn\u0105\u0142 do mety karaibskich regat - poinformowa\u0142 w pi\u0105tek PAP Temistokles Brodowski z Polskiej Fundacji Narodowej, kt\u00f3ra jest w\u0142a\u015bcicielem \u0142odzi.", "link": "https://www.money.pl/gospodarka/wielki-powrot-kontrowersyjnego-jachtu-i-love-poland-w-czolowce-prestizowych-regat-6869954571205216a.html", "date_published": "2023-02-24 10:36:38+00:00", "persistent": false, "user": null, "language": "pl-PL"}, {"source": "https://www.money.pl/rss/", "title": "Kolejny problem z w\u0119glem. S\u0105 nowe propozycje", "description": "<img src=\"https://i.wpimg.pl/308x/wptv-upload-api.wpcdn.pl/be17fc7d-c99c-4c6f-9bc0-8fec55346208.jpg\" width=\"308\" /> Ministerstwo Aktyw\u00f3w Pa\u0144stwowych zapowiedzia\u0142o wprowadzenie rozwi\u0105za\u0144, kt\u00f3re pozwol\u0105 samorz\u0105dom zagospodarowa\u0107 nadwy\u017cki w\u0119gla. - Martwimy si\u0119 o to, co b\u0119dzie, jak mieszka\u0144cy go od nas nie odbior\u0105 - m\u00f3wi\u0142 w programie \"Money.pl\" Marek W\u00f3jcik ze Zwi\u0105zku Miast Polskich. Jak zaznaczy\u0142, rozmowy z rz\u0105dem w tej sprawie, p\u00f3ki co, \"wygl\u0105daj\u0105 dobrze\". - Po pierwsze b\u0119dziemy mogli sprzedawa\u0107 wi\u0119cej ni\u017c trzy tony. Zale\u017cy nam te\u017c, \u017ceby mo\u017cna by\u0142o do sprzeda\u017cy podchodzi\u0107 elastycznie i \u017ceby\u015bmy mogli np. zachowa\u0107 ten w\u0119giel dla w\u0142asnych sp\u00f3\u0142ek komunalnych czy przekaza\u0107 innemu samorz\u0105dowi, kt\u00f3ry go potrzebuje. Chcemy te\u017c prosi\u0107 o wyd\u0142u\u017cenie czasu na sprzeda\u017c. Wst\u0119pnie um\u00f3wili\u015bmy si\u0119 na okres do po\u0142owy roku. Obecnie o w\u0119giel mo\u017cna wnioskowa\u0107 do 15 kwietnia - wyja\u015bni\u0142. Doda\u0142, \u017ce samorz\u0105dy my\u015bl\u0105 te\u017c o przysz\u0142o\u015bci. - Pytamy, czy rz\u0105d chce, aby\u015bmy dalej sprzedawali w\u0119giel. Zale\u017cy nam te\u017c na przedsi\u0119biorcach. Po do\u015bwiadczeniach z tej zimy prosimy, aby rz\u0105d nie ingerowa\u0142 w rynek, \u017ceby pozwoli\u0142 przedsi\u0119biorcom sprzedawa\u0107, a samorz\u0105dy traktowa\u0142 jako swego rodzaju bezpiecznik przygotowany na sytuacj\u0119 kryzysow\u0105 - wyja\u015bni\u0142 Marek W\u00f3jcik.", "link": "https://www.money.pl/gielda/kolejny-problem-z-weglem-sa-nowe-propozycje-6869947133687425v.html", "date_published": "2023-02-24 10:07:24+00:00", "persistent": false, "user": null, "language": "pl-PL"}, {"source": "https://www.money.pl/rss/", "title": "W Moskwie ro\u015bnie stos pieni\u0119dzy z Zachodu. Inwestorzy s\u0105 w potrzasku", "description": "<img src=\"https://i.wpimg.pl/308x/filerepo.grupawp.pl/api/v1/display/embed/3a7d18de-3514-4ddd-ba2b-d0fb661747ab\" width=\"308\" /> Dywidendy z akcji, odsetki od obligacji i wszystko inne, czego zachodni inwestorzy nie sprzedali przed wojn\u0105 - to wszystko jest cz\u0119\u015bci\u0105 stosu pieni\u0119dzy, kt\u00f3re zosta\u0142y uwi\u0119zione przez sankcje w Moskwie - informuje Bloomberg. Zagraniczni inwestorzy uwa\u017caj\u0105,  \u017ce nigdy nie b\u0119d\u0105 w stanie uzyska\u0107 dost\u0119pu do got\u00f3wki.", "link": "https://www.money.pl/gospodarka/w-moskwie-rosnie-stos-pieniedzy-z-zachodu-inwestorzy-sa-w-potrzasku-6869947338766976a.html", "date_published": "2023-02-24 10:07:09+00:00", "persistent": false, "user": null, "language": "pl-PL"}, {"source": "https://www.money.pl/rss/", "title": "Latarnik wyborczy \u2013 czym jest i jak z niego skorzysta\u0107?", "description": "<img src=\"https://i.wpimg.pl/308x/filerepo.grupawp.pl/api/v1/display/embed/fc7a1978-21bd-4d9f-83a9-66e75dd38f76\" width=\"308\" /> Osoby maj\u0105ce czynne prawo wyborcze, uprawnione do g\u0142osowania, spe\u0142niaj\u0105c sw\u00f3j obywatelski obowi\u0105zek, oddaj\u0105 g\u0142os na wybranego kandydata, parti\u0119 czy ugrupowanie polityczne. Sw\u00f3j g\u0142os zaznaczony prawid\u0142owo na karcie do g\u0142osowania wrzucaj\u0105 do urny w trakcie m.in. wybor\u00f3w parlamentarnych, prezydenckich czy samorz\u0105dowych i do Parlamentu Europejskiego. Je\u015bli nie do ko\u0144ca wiesz, na kogo odda\u0107 sw\u00f3j g\u0142os, wsparciem dla Ciebie mo\u017ce okaza\u0107 si\u0119 latarnik wyborczy. Co to jest?", "link": "https://www.money.pl/gospodarka/latarnik-wyborczy-czym-jest-i-jak-z-niego-skorzystac-6869624815340128a.html", "date_published": "2023-02-24 09:56:10+00:00", "persistent": false, "user": null, "language": "pl-PL"}, {"source": "https://www.money.pl/rss/", "title": "O tych ulgach  podatkowych lepiej pami\u0119ta\u0107. Mo\u017cna sporo zyska\u0107", "description": "<img src=\"https://i.wpimg.pl/308x/filerepo.grupawp.pl/api/v1/display/embed/57175119-df47-4d39-8c95-9597d8192d81\" width=\"308\" /> Podatnicy, rozliczaj\u0105c si\u0119 z fiskusem, mog\u0105 sobie odliczy\u0107 nie tylko wydatki na leki, ale tak\u017ce koszty internetu. Na li\u015bcie ulg  jest tak\u017ce  500 plus dla zwi\u0105zkowca, ulga za oddan\u0105 krew, czy za oszcz\u0119dzanie na prywatn\u0105 emerytur\u0119 - przypomina serwis wyborcza.biz.", "link": "https://www.money.pl/podatki/o-tych-ulgach-podatkowych-lepiej-pamietac-mozna-sporo-zyskac-6869925487266400a.html", "date_published": "2023-02-24 08:38:16+00:00", "persistent": false, "user": null, "language": "pl-PL"}, {"source": "https://www.money.pl/rss/", "title": "Ile kosztuje dolar? Kurs dolara do z\u0142otego PLN/USD 24.02.2023", "description": "<img src=\"https://i.wpimg.pl/308x/filerepo.grupawp.pl/api/v1/display/embed/e0ba71a8-9c02-482d-85dd-ebac5362ee3b\" width=\"308\" /> Kurs dolara - 24.02.2023. W pi\u0105tek za jednego dolara (USD) trzeba zap\u0142aci\u0107 4.4569 z\u0142.", "link": "https://www.money.pl/pieniadze/ile-kosztuje-dolar-kurs-dolara-do-zlotego-pln-usd-24-02-2023-6869924816312928a.html", "date_published": "2023-02-24 08:35:40+00:00", "persistent": false, "user": null, "language": "pl-PL"}, {"source": "https://www.money.pl/rss/", "title": "Ile kosztuje euro? Kurs euro do z\u0142otego PLN/EUR 24.02.2023", "description": "<img src=\"https://i.wpimg.pl/308x/filerepo.grupawp.pl/api/v1/display/embed/cf3a8300-d9c9-461f-9fbc-2f314332a28c\" width=\"308\" /> Kurs euro - 24.02.2023. W pi\u0105tek za jedno euro (EUR) trzeba zap\u0142aci\u0107 4.7236 z\u0142.", "link": "https://www.money.pl/pieniadze/ile-kosztuje-euro-kurs-euro-do-zlotego-pln-eur-24-02-2023-6869924752611936a.html", "date_published": "2023-02-24 08:35:25+00:00", "persistent": false, "user": null, "language": "pl-PL"}, {"source": "https://www.money.pl/rss/", "title": "100 mld z\u0142 przychod\u00f3w i 8 mld z\u0142 zysku. To najnowsze wyniki Orlenu", "description": "<img src=\"https://i.wpimg.pl/308x/filerepo.grupawp.pl/api/v1/display/embed/0b8423b0-4ed8-4251-a3e1-b9b3259cfe60\" width=\"308\" /> Po\u0142\u0105czona Grupa Orlen wypracowa\u0142a w czwartym kwartale 2022 roku przychody na poziomie ponad 100 miliard\u00f3w z\u0142otych, z kt\u00f3rych 8 proc. to zysk netto w wysoko\u015bci 8,1 miliarda z\u0142otych - poinformowa\u0142a sp\u00f3\u0142ka.", "link": "https://www.money.pl/gospodarka/100-mld-zl-przychodow-i-8-mld-zl-zysku-to-najnowsze-wyniki-orlenu-6869898356820576a.html", "date_published": "2023-02-24 06:47:55+00:00", "persistent": false, "user": null, "language": "pl-PL"}, {"source": "https://www.money.pl/rss/", "title": "Najlepsze wyniki finansowe Orlenu w historii. Sp\u00f3\u0142ka liczy zyski", "description": "<img src=\"https://i.wpimg.pl/308x/filerepo.grupawp.pl/api/v1/display/embed/0b8423b0-4ed8-4251-a3e1-b9b3259cfe60\" width=\"308\" /> Grupa Orlen wypracowa\u0142a w IV kwartale 2022 r. zysk netto w wysoko\u015bci 8,1 miliarda z\u0142otych. Zysk za ca\u0142y 2022 r. przekroczy\u0142 21 miliard\u00f3w z\u0142. To najlepsze wyniki w historii. Podobne rekordy z powodu kryzysu energetycznego odnotowa\u0142y jednak sp\u00f3\u0142ki z sektora na ca\u0142ym \u015bwiecie.", "link": "https://www.money.pl/gielda/orlen-wyniki-finansowe-iv-kwartal-2022-r-100-mld-zl-przychodow-i-8-mld-zl-zysku-6869898356820576a.html", "date_published": "2023-02-24 06:47:55+00:00", "persistent": false, "user": null, "language": "pl-PL"}, {"source": "https://www.money.pl/rss/", "title": "Kursy walut 24.02.2023. Pi\u0105tkowy kurs funta, euro, dolara i franka szwajcarskiego", "description": "<img src=\"https://i.wpimg.pl/308x/filerepo.grupawp.pl/api/v1/display/embed/f25df134-ca5f-469f-b693-7773e001842b\" width=\"308\" /> Kursy walut - 24.02.2023. W pi\u0105tek za jednego dolara (USD) zap\u0142acimy 4.46 z\u0142. Cena jednego funta szterlinga (GBP) to 5.36 z\u0142, a franka szwajcarskiego (CHF) 4.77 z\u0142. Z kolei euro (EUR) mo\u017cemy zakupi\u0107 za 4.72 z\u0142.", "link": "https://www.money.pl/pieniadze/kursy-walut-24-02-2023-piatkowy-kurs-funta-euro-dolara-i-franka-szwajcarskiego-6869893243939456a.html", "date_published": "2023-02-24 06:27:08+00:00", "persistent": false, "user": null, "language": "pl-PL"}, {"source": "https://www.money.pl/rss/", "title": "Ile kosztuje frank szwajcarski? Kurs franka do z\u0142otego PLN/CHF 24.02.2023", "description": "<img src=\"https://i.wpimg.pl/308x/filerepo.grupawp.pl/api/v1/display/embed/b1c04e3f-7bce-4c35-b03c-7a8d7b0adc65\" width=\"308\" /> Kurs franka szwajcarskiego - 24.02.2023. W pi\u0105tek za jednego franka (CHF) trzeba zap\u0142aci\u0107 4.7717 z\u0142.", "link": "https://www.money.pl/pieniadze/ile-kosztuje-frank-szwajcarski-kurs-franka-do-zlotego-pln-chf-24-02-2023-6869886911007328a.html", "date_published": "2023-02-24 06:01:26+00:00", "persistent": false, "user": null, "language": "pl-PL"}, {"source": "https://www.money.pl/rss/", "title": "Ile kosztuje funt? Kurs funta do z\u0142otego PLN/GBP 24.02.2023", "description": "<img src=\"https://i.wpimg.pl/308x/filerepo.grupawp.pl/api/v1/display/embed/c374eefc-9e8b-424a-aaa7-91759b47d116\" width=\"308\" /> Kurs funta szterlinga - 24.02.2023. W pi\u0105tek za jednego funta brytyjskiego (GBP) trzeba zap\u0142aci\u0107 5.359 z\u0142.", "link": "https://www.money.pl/pieniadze/ile-kosztuje-funt-kurs-funta-do-zlotego-pln-gbp-24-02-2023-6869886911089248a.html", "date_published": "2023-02-24 06:01:26+00:00", "persistent": false, "user": null, "language": "pl-PL"}, {"source": "https://www.money.pl/rss/", "title": "Tusk zapowiada program \"Cela plus\". \"Dla tych, kt\u00f3rzy zbudowali system dojenia pa\u0144stwa\"", "description": "<img src=\"https://i.wpimg.pl/308x/filerepo.grupawp.pl/api/v1/display/embed/8916a729-3e05-43f1-91bc-0d473c145343\" width=\"308\" /> Cela+ b\u0119dzie programem przygotowanym dla tych wszystkich, kt\u00f3rzy w spos\u00f3b tak bezprzyk\u0142adny, tak \u015bwietnie zorganizowany zbudowali system dojenia pa\u0144stwa i publicznych pieni\u0119dzy - powiedzia\u0142 w TVN24 szef PO Donald Tusk.", "link": "https://www.money.pl/gospodarka/tusk-zapowiada-program-cela-plus-dla-tych-ktorzy-zbudowali-system-dojenia-panstwa-6869879942236768a.html", "date_published": "2023-02-24 05:32:59+00:00", "persistent": false, "user": null, "language": "pl-PL"}, {"source": "https://www.money.pl/rss/", "title": "Wy\u017csze rachunki za pr\u0105d i gaz. Firmy zawnioskowa\u0142y o ponad 3,8 mld z\u0142 wsparcia", "description": "<img src=\"https://i.wpimg.pl/308x/filerepo.grupawp.pl/api/v1/display/embed/bba6dd06-c82d-40d4-9b54-b35e56e8d846\" width=\"308\" /> Firmy energoch\u0142onne z\u0142o\u017cy\u0142y wnioski na ponad 3,8 mld z\u0142 finansowego wsparcia - dowiedzia\u0142a si\u0119 PAP w Narodowym Funduszu Ochrony \u015arodowiska i Gospodarki Wodnej. Najwi\u0119cej, bo 151 wniosk\u00f3w z\u0142o\u017cy\u0142y du\u017ce firmy. Przedsi\u0119biorstwa wnioskowa\u0142y g\u0142\u00f3wnie o pomoc w wysoko\u015bci do 4 mln euro.", "link": "https://www.money.pl/gospodarka/wyzsze-rachunki-za-prad-i-gaz-firmy-zawnioskowaly-o-ponad-3-8-mld-zl-wsparcia-6869876474358400a.html", "date_published": "2023-02-24 05:18:52+00:00", "persistent": false, "user": null, "language": "pl-PL"}]