[{"source": "https://www.dailywire.com/feeds/rss.xml", "title": "Biden Admin Proposes New Rules That Would Make It Harder For Americans To Get Certain Medications", "description": "President Joe Biden&#8217;s administration is proposing implementing greater restrictions that would make it harder for Americans to get certain medications. The proposal from the DEA would make it harder for Americans to get Adderall and opioid pain killers if the patient is trying to get on those medications through the use of telehealth services, which ...", "link": "https://www.dailywire.com/news/biden-admin-proposes-new-rules-that-would-make-it-harder-for-americans-to-get-certain-medications", "date_published": "2023-02-24 22:20:43+00:00", "persistent": false, "user": null, "language": "en-US"}, {"source": "https://www.dailywire.com/feeds/rss.xml", "title": "Tim Pool Praises Matt Walsh For The Attention He\u2019s Brought To The Transgender Issue", "description": "YouTuber Tim Pool praised Daily Wire podcast host Matt Walsh on Friday for the good that has come from Walsh bringing attention to the subject of leftists trying to force transgenderism on America&#8217;s youth. &#8220;All these people are talking to Matt Walsh, saying, &#8216;You shouldn&#8217;t be mean to people and blah, blah,&#8217; and Matt&#8217;s like, ...", "link": "https://www.dailywire.com/news/tim-pool-praises-matt-walsh-for-the-attention-hes-brought-to-the-transgender-issue", "date_published": "2023-02-24 21:56:40+00:00", "persistent": false, "user": null, "language": "en-US"}, {"source": "https://www.dailywire.com/feeds/rss.xml", "title": "Leftists Promise To Rewrite The Classic Works Of Roald Dahl As They Redesign Western Culture", "description": "The following is the opening satirical monologue from \u201cThe Andrew Klavan Show.\u201c The bestselling children\u2019s books by the late, great British novelist Roald Dahl are being rewritten by a concerned group of crap-faced cultural locusts with no sense of humor so they will no longer be offensive to crap-faced cultural locusts with no sense of ...", "link": "https://www.dailywire.com/news/leftists-promise-to-rewrite-the-classic-works-of-roald-dahl-as-they-redesign-western-culture", "date_published": "2023-02-24 21:03:52+00:00", "persistent": false, "user": null, "language": "en-US"}, {"source": "https://www.dailywire.com/feeds/rss.xml", "title": "Chinese Fighter Jet Harasses U.S. Navy Plane With CNN Camera Crew Inside", "description": "A CNN camera crew that was on a U.S. Navy plane over the South China Sea on Friday captured a fighter jet from communist China harassing the aircraft while it made a routine flight. The U.S. Navy P-8A reconnaissance plane was flying at 21,500 feet about 30 miles from the contested Paracel Islands where China ...", "link": "https://www.dailywire.com/news/chinese-fighter-jet-harasses-u-s-navy-plane-with-cnn-camera-crew-inside", "date_published": "2023-02-24 20:48:21+00:00", "persistent": false, "user": null, "language": "en-US"}, {"source": "https://www.dailywire.com/feeds/rss.xml", "title": "Senator Fetterman\u2019s Wife Slammed For \u2018Abandoning Her Husband In The Hospital And Fleeing The Country On Vacation\u2019", "description": "Sen. John Fetterman&#8217;s (D-PA) wife was slammed on social media Friday after she revealed that the first thing she did after her husband was hospitalized with severe depression was flee the country to go on a vacation. Fetterman checked himself into a hospital last week for a multi-week inpatient treatment regimen after the attending physician ...", "link": "https://www.dailywire.com/news/senator-fettermans-wife-slammed-for-abandoning-her-husband-in-the-hospital-and-fleeing-the-country-on-vacation", "date_published": "2023-02-24 20:13:14+00:00", "persistent": false, "user": null, "language": "en-US"}, {"source": "https://www.dailywire.com/feeds/rss.xml", "title": "Publisher Walks Back Woke Rewrites Of Roald Dahl\u2019s Classic Stories, Will Release Original Text As Well", "description": "Book publisher Puffin has announced a walkback of its woke rewrites of Roald Dahl&#8217;s classic children&#8217;s books after backlash. Earlier this week, the Roald Dahl Story Company, which manages the works of the British author, announced changes to his classic children&#8217;s stories, including \u201cCharlie and the Chocolate Factory,\u201d \u201cMatilda,\u201d \u201cJames and the Giant Peach,\u201d and ...", "link": "https://www.dailywire.com/news/publisher-walks-back-woke-rewrites-of-roald-dahls-classic-stories-will-release-original-text-as-well", "date_published": "2023-02-24 19:23:24+00:00", "persistent": false, "user": null, "language": "en-US"}, {"source": "https://www.dailywire.com/feeds/rss.xml", "title": "Kansas Senate Passes First Bill Defining \u2018Woman\u2019 As A Biological Female", "description": "In a groundbreaking move, Kansas has become the first state to pass a bill that defines a &#8220;woman&#8221; as someone who is biologically born female, laying the groundwork for potential bans on males who identify as transgender women from using single-sex areas designated for females. The Women&#8217;s Bill of Rights was approved by legislators in ...", "link": "https://www.dailywire.com/news/kansas-senate-passes-first-bill-defining-woman-as-a-biological-female", "date_published": "2023-02-24 19:23:05+00:00", "persistent": false, "user": null, "language": "en-US"}, {"source": "https://www.dailywire.com/feeds/rss.xml", "title": "Biden Will Not Visit East Palestine Following Train Catastrophe", "description": "President Joe Biden told reporters Friday that he has no plans to visit East Palestine after the community experienced a serious toxic train wreck earlier this month. The catastrophic February 3 train derailment in the small Ohio community was caused by an overheated wheel bearing on the 23rd of 149 rail cars. Local officials subsequently ...", "link": "https://www.dailywire.com/news/biden-will-not-visit-east-palestine-following-train-catastrophe", "date_published": "2023-02-24 18:04:39+00:00", "persistent": false, "user": null, "language": "en-US"}, {"source": "https://www.dailywire.com/feeds/rss.xml", "title": "Friday Afternoon Update: Aaron Rodgers Ends Darkness Retreat, Harvey Weinstein Sentenced, Air Fryer Recall", "description": "This article is a companion piece to today\u2019s Morning Wire Afternoon Update. To listen to the podcast version, click\u00a0here. Harvey Weinstein Sentenced A Los Angeles judge sentenced Harvey Weinstein to 16 years in prison on Thursday after a jury convicted him of the 2013 rape and sexual assault of an Italian actor and model. The ...", "link": "https://www.dailywire.com/news/friday-afternoon-update-aaron-rodgers-ends-darkness-retreat-harvey-weinstein-sentenced-air-fryer-recall", "date_published": "2023-02-24 17:31:12+00:00", "persistent": false, "user": null, "language": "en-US"}, {"source": "https://www.dailywire.com/feeds/rss.xml", "title": "Transsexuals Pen Letter Asking U.S.-Based Medical Organizations To Reject Ideology In Favor Of Evidence", "description": "Transsexuals want to reclaim the narrative on gender dysphoria as a meaningful diagnosis from radical transgender activists who wish to eradicate it and other so-called &#8220;barriers&#8221; to sex change services. In an open letter to 29 major medical organizations based in the U.S., a group of transsexuals (a term they prefer) belonging to the Gender ...", "link": "https://www.dailywire.com/news/transsexuals-pen-letter-asking-u-s-based-medical-organizations-to-reject-ideology-in-favor-of-evidence", "date_published": "2023-02-24 17:20:15+00:00", "persistent": false, "user": null, "language": "en-US"}, {"source": "https://www.dailywire.com/feeds/rss.xml", "title": "BREAKING: Class-Action Lawsuit Filed By Residents Against Norfolk Southern", "description": "A class-action lawsuit has been filed against the Norfolk Southern Railway Co. on behalf of all residents within 30 miles of the site in East Palestine, Ohio, where a train derailment occurred earlier this month, prompting a &#8220;controlled burn&#8221; of thousands of gallons of toxic chemicals. Johnson and Johnson has joined with class-action law firm ...", "link": "https://www.dailywire.com/news/breaking-class-action-lawsuit-filed-by-residents-against-norfolk-southern", "date_published": "2023-02-24 17:14:22+00:00", "persistent": false, "user": null, "language": "en-US"}, {"source": "https://www.dailywire.com/feeds/rss.xml", "title": "Convicted Murderer Uses His Last Words Before Execution To Attack DeSantis; Victim\u2019s Children Release Statement", "description": "A convicted murderer who was executed in the state of Florida on Thursday used his final words to attack Florida Republican Governor Ron DeSantis while the family of the victim praised the governor for delivering justice. Donald Dillbeck murdered Faye Lamb Vann in 1990 after escaping from a work-release job in Gadsden County where he ...", "link": "https://www.dailywire.com/news/convicted-murderer-uses-his-last-words-before-execution-to-attack-desantis-victims-children-release-statement", "date_published": "2023-02-24 16:54:36+00:00", "persistent": false, "user": null, "language": "en-US"}, {"source": "https://www.dailywire.com/feeds/rss.xml", "title": "\u2018Ant-Man And The Wasp: Quantumania\u2019 Can\u2019t Hide Disney\u2019s Fake Populism", "description": "Audiences are getting fed up with the Marvel Cinematic Universe\u2019s woke makeover. The saga that once gave us Iron Man, Captain America, and the Hulk now pummels viewers with uber-diverse casts, woke lectures, and stories that put ideology over escapism. Did anyone actually like \u201cEternals?\u201d The new \u201cAnt-Man and the Wasp: Quantumania\u201d continues that new ...", "link": "https://www.dailywire.com/news/ant-man-and-the-wasp-quantumania-cant-hide-disneys-fake-populism", "date_published": "2023-02-24 16:49:39+00:00", "persistent": false, "user": null, "language": "en-US"}, {"source": "https://www.dailywire.com/feeds/rss.xml", "title": "Rihanna\u2019s Super Bowl Performance Compared To Pornography In FCC Complaints About Broadcast", "description": "Rihanna&#8217;s half-time performance at Super Bowl LVII has been compared to pornography and more in over 100 FCC complaints about the broadcast on February 12 in Arizona. The 35-year-old singer&#8217;s\u00a0Super Bowl performance was labeled &#8220;indecent&#8221; and &#8220;pornographic&#8221; in the dozens of complaints to the Federal Communications Commission that were reviewed by TMZ,\u00a0the outlet reported on ...", "link": "https://www.dailywire.com/news/rihannas-super-bowl-performance-compared-to-pornography-in-fcc-complaints-about-broadcast", "date_published": "2023-02-24 16:47:28+00:00", "persistent": false, "user": null, "language": "en-US"}, {"source": "https://www.dailywire.com/feeds/rss.xml", "title": "\u2018He\u2019s Not Finished What He\u2019s Started\u2019: Jill Biden Says Joe Biden Is Ready To Run Again", "description": "First lady Jill Biden said on Friday that President Joe Biden intends to run for a second term. Speculation has mounted over the past two years as to whether President Biden, who is 80 years old, would launch another campaign for the White House. His wife nevertheless confirmed during an interview with the Associated Press ...", "link": "https://www.dailywire.com/news/hes-not-finished-what-hes-started-jill-biden-says-joe-biden-is-ready-to-run-again", "date_published": "2023-02-24 16:39:51+00:00", "persistent": false, "user": null, "language": "en-US"}, {"source": "https://www.dailywire.com/feeds/rss.xml", "title": "Ted Cruz Rips Democrats For Toting Ukraine Flags: \u2018A Ukrainian Flag Is Like A COVID Mask\u2019", "description": "Sen. Ted Cruz (R-TX) ripped leftists during an episode of his podcast this week for virtue signaling by toting around Ukrainian flags, saying that the Ukrainian flag had turned into the new COVID mask. Cruz made the remarks while speaking on his podcast &#8220;Verdict&#8221; with co-host Ben Ferguson while discussing the need to hold the ...", "link": "https://www.dailywire.com/news/ted-cruz-rips-democrats-for-toting-ukraine-flags-a-ukrainian-flag-is-like-a-covid-mask", "date_published": "2023-02-24 16:30:39+00:00", "persistent": false, "user": null, "language": "en-US"}, {"source": "https://www.dailywire.com/feeds/rss.xml", "title": "\u2018It\u2019s Not Surprising\u2019: Jordan Slams Dems For Not Attending Border Crisis Meeting", "description": "Rep. Jim Jordan (R-OH), chairman of the House Judiciary Committee,\u00a0slammed Democrats who would not show up for an in-person hearing held by the House Judiciary Committee in Yuma, Arizona, on Thursday regarding the southern border. Last week, House Democrats openly dismissed the hearing as a stunt and declared they would boycott the event. House Democrats ...", "link": "https://www.dailywire.com/news/its-not-surprising-jordan-slams-dems-for-not-attending-border-crisis-meeting", "date_published": "2023-02-24 16:22:59+00:00", "persistent": false, "user": null, "language": "en-US"}, {"source": "https://www.dailywire.com/feeds/rss.xml", "title": "Canada Moves Toward Assisted Suicide For Minors, Critics Erupt", "description": "Canada is considering allowing terminally ill children to end their lives through assisted suicide, prompting outrage from critics, who called the plan &#8220;horrible.&#8221; This month, a Canadian parliamentary committee recommended that &#8220;mature minors&#8221; should be able to euthanize themselves, even without parental consent, through\u00a0Canada&#8217;s\u00a0Medical Assistance in Dying (MAiD) program if their deaths are &#8220;reasonably foreseeable.&#8221; ...", "link": "https://www.dailywire.com/news/canada-moves-toward-assisted-suicide-for-minors-critics-erupt", "date_published": "2023-02-24 16:13:12+00:00", "persistent": false, "user": null, "language": "en-US"}, {"source": "https://www.dailywire.com/feeds/rss.xml", "title": "Nearly 50% Of Gas Stoves Could Be Removed From Market Under Potential New Energy Standard: Report", "description": "The Biden administration has quietly admitted that a new proposed energy efficiency rule from the Department of Energy (DOE) could remove up to 50% of current gas stoves from the U.S. market if it is enacted. On Friday, E&amp;E News reported that DOE did not include that fact once the proposed rule was online, but ...", "link": "https://www.dailywire.com/news/nearly-50-of-gas-stoves-could-be-removed-from-market-under-potential-new-energy-standard-report", "date_published": "2023-02-24 16:04:55+00:00", "persistent": false, "user": null, "language": "en-US"}, {"source": "https://www.dailywire.com/feeds/rss.xml", "title": "\u2018She Persisted\u2019: Children\u2019s Book For Little Girls Will Feature Trans-Identifying Rachel Levine\u2019s Story", "description": "A new children&#8217;s book series geared toward girls between the ages of 6-9 will feature the story of trans-identifying Rachel Levine overcoming &#8220;obstacles.&#8221; In the &#8220;chapter book series about women who spoke up and rose up against the odds,&#8221; a book titled &#8220;She Persisted: Rachel Levin\u201d by author Lisa Bunker tells the story of how ...", "link": "https://www.dailywire.com/news/she-persisted-childrens-book-for-little-girls-will-feature-trans-identifying-rachel-levines-story", "date_published": "2023-02-24 15:49:54+00:00", "persistent": false, "user": null, "language": "en-US"}, {"source": "https://www.dailywire.com/feeds/rss.xml", "title": "A Billionaire Committed Suicide. No One Knows Why.", "description": "Famed billionaire financier Thomas H. Lee was found dead in his office bathroom on Thursday with a single gunshot wound to his head. Lee, 78, was discovered shortly after 11 a.m. by an assistant who went looking for him when people hadn\u2019t heard from him. First responders found Lee lying on his side with a ...", "link": "https://www.dailywire.com/news/a-billionaire-committed-suicide-no-one-knows-why", "date_published": "2023-02-24 15:32:55+00:00", "persistent": false, "user": null, "language": "en-US"}, {"source": "https://www.dailywire.com/feeds/rss.xml", "title": "Zelensky Challenges American Voters: If U.S. Doesn\u2019t Support Ukraine, It \u2018Will Lose Leadership Position In The World\u2019", "description": "As the U.S. continues to send billions to prop up Ukraine\u2019s defense against Russian invaders, President Volodymyr Zelensky is challenging the growing number of Americans who question that support. On the one-year anniversary of Russia\u2019s invasion, the Ukrainian leader responded to a question about American voters becoming less supportive of aiding Ukraine. Zelensky first thanked ...", "link": "https://www.dailywire.com/news/zelensky-challenges-american-voters-if-u-s-doesnt-support-ukraine-it-will-lose-leadership-position-in-the-world", "date_published": "2023-02-24 15:28:19+00:00", "persistent": false, "user": null, "language": "en-US"}, {"source": "https://www.dailywire.com/feeds/rss.xml", "title": "L.A.\u2019s Gasc\u00f3n Embarrasses Himself Again With The Help Of A Very Bad Man", "description": "I\u2019m far enough away from Los Angeles that I don\u2019t have to worry about offending District Attorney George Gasc\u00f3n by \u201cmisgendering\u201d or \u201cdeadnaming\u201d James Tubbs, who is not only a child-molesting monster, but also a man pretending to be a woman. Tubbs has played Gasc\u00f3n for a fool ever since he was busted for sexually ...", "link": "https://www.dailywire.com/news/l-a-s-gascon-embarrass-himself-again-with-the-help-of-a-very-bad-man", "date_published": "2023-02-24 15:22:51+00:00", "persistent": false, "user": null, "language": "en-US"}, {"source": "https://www.dailywire.com/feeds/rss.xml", "title": "Joe Rogan Says Trans Activists Don\u2019t Allow For \u2018Possibility Of Crazy People\u2019", "description": "Podcast host Joe Rogan said transgender activists don&#8217;t allow for the &#8220;possibility of crazy people&#8221; as he explained that if people don&#8217;t leave room for that, then they are basically in &#8220;a cult.&#8221; During a Tuesday episode of Spotify&#8217;s &#8220;The Joe Rogan Experience&#8221; podcast, the host and his guest, stand-up comedian and filmmaker Ryan Long, ...", "link": "https://www.dailywire.com/news/joe-rogan-says-trans-issue-doesnt-allow-for-possibility-of-crazy-people", "date_published": "2023-02-24 15:22:02+00:00", "persistent": false, "user": null, "language": "en-US"}, {"source": "https://www.dailywire.com/feeds/rss.xml", "title": "Florida Senior Community Removes All Gators Living In Its Ponds After 85-Year-Old Woman Killed", "description": "The retirement community where an 85-year-old woman was killed by an alligator this week is now taking steps to remove all of the remaining alligators living in its ponds to prevent future attacks. Gloria Serge was walking her small dog around midday on Monday at a community retention pond at the Spanish Lakes Fairways when ...", "link": "https://www.dailywire.com/news/florida-senior-community-removes-all-gators-living-in-its-ponds-after-85-year-old-woman-killed", "date_published": "2023-02-24 14:56:59+00:00", "persistent": false, "user": null, "language": "en-US"}, {"source": "https://www.dailywire.com/feeds/rss.xml", "title": "East Palestine Residents Could See Long-Term Health Risks From \u2018Highly Toxic\u2019 Chemicals, Analysis Says", "description": "Residents affected by the train derailment and subsequent chemical fallout in East Palestine, Ohio, could be subject to a number of long-term health complications as a result of prolonged exposure to toxic substances despite officials&#8217; assurances that the air and water in the town is safe, researchers from Texas A&amp;M University and Carnegie Mellon University ...", "link": "https://www.dailywire.com/news/east-palestine-residents-could-see-long-term-health-risks-from-highly-toxic-chemicals-analysis-says", "date_published": "2023-02-24 14:39:54+00:00", "persistent": false, "user": null, "language": "en-US"}, {"source": "https://www.dailywire.com/feeds/rss.xml", "title": "\u2018Reality Has Set In\u2019: Majority Of Firms See Resistance From Employees Who Do Not Want Remote Work To End", "description": "Employees at many companies are shirking efforts from management to end remote work and introduce a return to physical office spaces, according to a new survey from Payscale. The workforce software company revealed in its most recent Compensation Best Practices Report that 51% of surveyed companies are experiencing resistance from employees who do not want ...", "link": "https://www.dailywire.com/news/reality-has-set-in-majority-of-firms-see-resistance-from-employees-who-do-not-want-remote-work-to-end", "date_published": "2023-02-24 14:18:43+00:00", "persistent": false, "user": null, "language": "en-US"}, {"source": "https://www.dailywire.com/feeds/rss.xml", "title": "Disney+ Cartoon Doubles-Down On Woke Push With CRT, LGBTQ Agenda In Second Season", "description": "Disney+ animated series &#8220;The Proud Family: Louder and Prouder&#8221; doubles down on its woke agenda in the second season pushing a CRT (Critical Race Theory) and an LGBTQ agenda. The second season of the Disney cartoon hit the streaming site on February 1, 2023, and it introduced its young audience to words like &#8220;sexist&#8221; and ...", "link": "https://www.dailywire.com/news/disney-cartoon-doubles-down-on-woke-push-with-crt-lgbtq-agenda-in-second-season", "date_published": "2023-02-24 14:10:30+00:00", "persistent": false, "user": null, "language": "en-US"}, {"source": "https://www.dailywire.com/feeds/rss.xml", "title": "Paris Hilton Reveals She Had An Abortion In Her 20s, Calls Pro-Life Initiatives \u2018Mind-Boggling\u2019", "description": "Socialite and reality star Paris Hilton opened up about her previous abortion, her thoughts on abortion access, and the real reason she chose surrogacy in an interview published Thursday. The 42-year-old celebrity made the remarks during a recent interview with Glamour UK. Hilton explained she got pregnant in her early 20s but claimed she wasn\u2019t ...", "link": "https://www.dailywire.com/news/paris-hilton-reveals-she-had-an-abortion-in-her-20s-calls-pro-life-initiatives-mind-boggling", "date_published": "2023-02-24 13:59:50+00:00", "persistent": false, "user": null, "language": "en-US"}, {"source": "https://www.dailywire.com/feeds/rss.xml", "title": "Biden Claims Families Have \u2018A Little Bit More Breathing Room\u2019 After Another Dismal Inflation Report", "description": "President Joe Biden sounded a note of considerable economic optimism on Friday after the inflation metric most utilized by the Federal Reserve continued to increase. The Personal Consumption Expenditures Price Index rose 5.4% between January 2022 and January 2023, while the version of the measure excluding more volatile food and energy categories rose 4.7% over ...", "link": "https://www.dailywire.com/news/biden-claims-families-have-a-little-bit-more-breathing-room-after-another-dismal-inflation-report", "date_published": "2023-02-24 13:43:19+00:00", "persistent": false, "user": null, "language": "en-US"}, {"source": "https://www.dailywire.com/feeds/rss.xml", "title": "Queen Consort Camilla Supports \u2018Freedom\u2019 Amid Roald Dahl Controversy, Tells Writers: \u2018Remain True To Your Calling\u2019", "description": "King Charles\u2019s wife Camilla, Queen Consort, expressed her aversion to censorship during a reception to celebrate the second anniversary of her popular online book club amid the controversy surrounding politically correct rewrites to Roald Dahl&#8217;s books. The Queen Consort addressed the room of writers and told them, \u201cPlease remain true to your calling, unimpeded by ...", "link": "https://www.dailywire.com/news/queen-consort-camilla-supports-freedom-amid-roald-dahl-controversy-tells-writers-remain-true-to-your-calling", "date_published": "2023-02-24 13:35:22+00:00", "persistent": false, "user": null, "language": "en-US"}, {"source": "https://www.dailywire.com/feeds/rss.xml", "title": "\u2018Free Steering Wheel Locks\u2019: D.C.\u2019s Latest Handout", "description": "&#8220;I went to the nation&#8217;s capital and all I got was this lousy steering wheel lock.&#8221; Washington, D.C.&#8217;s had a bit of a problem with carjackings over the last five years, and that trend has continued into 2023. To help prevent the problem, Democratic Mayor Muriel Bowser announced that Hyundai and Kia have donated 1,000 ...", "link": "https://www.dailywire.com/news/free-steering-wheel-locks-d-c-s-latest-handout", "date_published": "2023-02-24 13:34:57+00:00", "persistent": false, "user": null, "language": "en-US"}, {"source": "https://www.dailywire.com/feeds/rss.xml", "title": "Biden Admin Blames Trump For Ohio Train Derailment. Even The NTSB Chair Calls That \u2018Misinformation.\u2019", "description": "Senior officials in the Biden administration have tried to pin the blame for the train derailment and subsequent chemical fallout in East Palestine, Ohio, on deregulation efforts from former President Donald Trump, but the head of the National Transportation Safety Board (NTSB) has called those efforts \u201cmisinformation.\u201d Local and state authorities previously evacuated all residents ...", "link": "https://www.dailywire.com/news/biden-admin-blames-trump-for-ohio-train-derailment-even-the-ntsb-chair-calls-that-misinformation", "date_published": "2023-02-24 13:01:28+00:00", "persistent": false, "user": null, "language": "en-US"}, {"source": "https://www.dailywire.com/feeds/rss.xml", "title": "Understanding Vision: Transforming The Chaotic Potential Of The Future", "description": "The following is an excerpt from Dr. Jordan Peterson\u2019s new series Vision and Destiny. You can watch the special on DailyWire+. Let us speak about vision a bit. We can start by thinking about vision technically. Vision is what occurs when you look out at the world. You see the world array itself in front ...", "link": "https://www.dailywire.com/news/understanding-vision-transforming-the-chaotic-potential-of-the-future", "date_published": "2023-02-24 12:46:21+00:00", "persistent": false, "user": null, "language": "en-US"}, {"source": "https://www.dailywire.com/feeds/rss.xml", "title": "Inflation, Immigration Most Important Issues For GOP Primary Voters: Poll", "description": "Inflation and illegal immigration are top of mind for Republican primary voters, according to a new poll asking what they most want presidential candidates to tackle.\u00a0 The WPA Intelligence poll showed 1,000 Republican primary voters a list of 13 issues facing the U.S., and asked respondents to choose which of the issues was the most ...", "link": "https://www.dailywire.com/news/inflation-immigration-most-important-issues-for-gop-primary-voters-poll", "date_published": "2023-02-24 12:39:38+00:00", "persistent": false, "user": null, "language": "en-US"}, {"source": "https://www.dailywire.com/feeds/rss.xml", "title": "Dr Jordan Peterson Takes On Gender Madness In New Episode Of \u2018Vision & Destiny\u2019", "description": "Dr Jordan B Peterson\u2019s second episode of \u201cVision &amp; Destiny\u201d on DailyWire+ features the best-selling author and clinical psychologist exploring the ongoing identity crisis in the West and how radical gender ideology is adding fuel to the fire. Peterson first came to international attention in September of 2016 when he posted a series of videos ...", "link": "https://www.dailywire.com/news/dr-jordan-peterson-takes-on-gender-madness-in-new-episode-of-vision-destiny", "date_published": "2023-02-24 12:26:42+00:00", "persistent": false, "user": null, "language": "en-US"}, {"source": "https://www.dailywire.com/feeds/rss.xml", "title": "WATCH: Florida Teacher Suspended Over TikTok Video Of White Kids Bowing To Black Children", "description": "A Florida sixth-grade teacher is under fire after posting TikTok videos of white students bowing to their black peers and of himself mocking the state&#8217;s \u201cStop Woke Act,\u201d which bars Critical Race Theory and other discriminatory lessons in public schools. Ethan Hooper, a teacher at Howard Middle School in Orlando, was slammed by parents and ...", "link": "https://www.dailywire.com/news/watch-florida-teacher-suspended-over-tiktok-video-of-white-kids-bowing-to-black-children", "date_published": "2023-02-24 12:05:05+00:00", "persistent": false, "user": null, "language": "en-US"}, {"source": "https://www.dailywire.com/feeds/rss.xml", "title": "WATCH: Good Samaritan Chases Fleeing Drunk Driver Who Killed Cop, Pins Him Down", "description": "A newly released video shows a Good Samaritan in Texas chasing down and restraining a drunk driver who bolted on foot after fatally striking an off-duty police officer.\u00a0 Dylan Molina, 27, drove through a red light and crashed into an off-duty police officer\u2019s family car, killing the officer and injuring his family. But instead of ...", "link": "https://www.dailywire.com/news/watch-good-samaritan-chases-fleeing-drunk-driver-who-killed-cop-pins-him-down", "date_published": "2023-02-24 12:04:07+00:00", "persistent": false, "user": null, "language": "en-US"}, {"source": "https://www.dailywire.com/feeds/rss.xml", "title": "\u2018Pretty Little Liars\u2019 Star Lucy Hale Details Alcohol Addiction Struggle: \u2018The Depths Of Hell\u2019", "description": "\u201cPretty Little Liars\u201d actress Lucy Hale discussed Thursday her battle with alcohol addiction now that she\u2019s gotten sober. The 33-year-old actress revealed private details about her struggle during an appearance on &#8220;The Diary of a CEO&#8221; podcast. Hale recalled how she started drinking alcohol at the age of 14 and things spiraled out of control ...", "link": "https://www.dailywire.com/news/pretty-little-liars-star-lucy-hale-details-alcohol-addiction-struggle-the-depths-of-hell", "date_published": "2023-02-24 11:42:39+00:00", "persistent": false, "user": null, "language": "en-US"}, {"source": "https://www.dailywire.com/feeds/rss.xml", "title": "The Equal Rights Amendment Died Over 40 Years Ago. Democrats Are Trying To Raise It From The Dead.", "description": "Wishful thinking is alive and well on Capitol Hill. Case in point: The Senate Judiciary Committee will hold a hearing on February 28 titled \u201cThe Equal Rights Amendment: How Congress Can Recognize Ratification and Enshrine Equality in Our Constitution.\u201d This hearing is intended to push the fiction that Congress has any authority to resurrect the ...", "link": "https://www.dailywire.com/news/the-equal-rights-amendment-died-over-40-years-ago-democrats-are-trying-to-raise-it-from-the-dead", "date_published": "2023-02-24 11:09:38+00:00", "persistent": false, "user": null, "language": "en-US"}, {"source": "https://www.dailywire.com/feeds/rss.xml", "title": "Alex Murdaugh Testified In His Own Defense \u2013 And Immediately Admitted To Lying", "description": "Alex Murdaugh took the stand on Thursday in his own defense, and immediately admitted to lying for years about his whereabouts on the day his wife, Maggie, and son, Paul, were murdered. Murdaugh is currently on trial for their murders. The prosecution had already argued that Murdaugh had lied about not going to the dog ...", "link": "https://www.dailywire.com/news/alex-murdaugh-testified-in-his-own-defense-and-immediately-admitted-to-lying", "date_published": "2023-02-24 11:05:07+00:00", "persistent": false, "user": null, "language": "en-US"}, {"source": "https://www.dailywire.com/feeds/rss.xml", "title": "Musk Appears With Newsom To Announce New Tesla HQ In California", "description": "Tesla CEO Elon Musk and Gov. Gavin Newsom (D-CA) appeared together on Wednesday as the electric automaker unveiled a new hub for its technology employees in Silicon Valley. Tesla will transform the former headquarters of personal computing company HP into its global headquarters for engineering operations. The billionaire entrepreneur and prominent Democratic politician hosted a ...", "link": "https://www.dailywire.com/news/musk-appears-with-newsom-to-announce-new-tesla-hq-in-california", "date_published": "2023-02-24 10:57:46+00:00", "persistent": false, "user": null, "language": "en-US"}, {"source": "https://www.dailywire.com/feeds/rss.xml", "title": "\u2018Of Course They Need To Ruin It\u2019: Fans Rebel Against New \u2018Lord Of The Rings\u2019 Movies Announced By Warner Bros.", "description": "\u201cLord of the Rings\u201d fans are less than thrilled about the Thursday announcement from Warner Bros. that indicates the company plans to make more films based on the franchise. The decision comes less than a year after the big-budget Amazon TV series \u201cThe Lord of the Rings: Rings of Power\u201d was released to mixed reviews. ...", "link": "https://www.dailywire.com/news/of-course-they-need-to-ruin-it-fans-rebel-against-new-lord-of-the-rings-movies-announced-by-warner-bros", "date_published": "2023-02-24 10:40:15+00:00", "persistent": false, "user": null, "language": "en-US"}, {"source": "https://www.dailywire.com/feeds/rss.xml", "title": "Musk Rebukes White House Over Plans To Choose New Federal Reserve Vice Chair With \u2018Diversity\u2019 In Mind", "description": "Elon Musk balked at remarks from the Biden administration that diversity would play an important role in the appointment of\u00a0the next vice chair of the Federal Reserve. White House Press Secretary Karine Jean-Pierre remarked during a Thursday press briefing that \u201cdiversity and representation is really important\u201d to President Joe Biden and confirmed that he will ...", "link": "https://www.dailywire.com/news/musk-rebukes-white-house-over-plans-to-choose-new-federal-reserve-vice-chair-with-diversity-in-mind", "date_published": "2023-02-24 10:27:52+00:00", "persistent": false, "user": null, "language": "en-US"}, {"source": "https://www.dailywire.com/feeds/rss.xml", "title": "China\u2019s Plan To End Ukraine-Russia War Met With Skepticism In West", "description": "China put forward a plan for peace in Ukraine on the one-year anniversary of the embattled nation\u2019s grueling war with Russia, but Western leaders were initially cool to the proposal, which includes likely concessions to Moscow and a retreat by NATO. The proposal, in the form of a 12-point position paper from China\u2019s foreign ministry, ...", "link": "https://www.dailywire.com/news/chinas-plan-to-end-ukraine-russia-war-met-with-skepticism-in-west", "date_published": "2023-02-24 10:04:12+00:00", "persistent": false, "user": null, "language": "en-US"}, {"source": "https://www.dailywire.com/feeds/rss.xml", "title": "The Ukraine War A Year Later", "description": "One year ago today, Ukraine\u2019s early morning quiet was shattered by Russian shelling and bombing after months of diplomacy attempts failed. Russian President Vladimir Putin launched a sinister \u201cspecial military operation\u201d to \u201cdemilitarize\u201d Ukraine but supposedly not occupy the former Soviet state. Almost immediately, the powers of the West sprang to action.\u00a0 The Biden administration ...", "link": "https://www.dailywire.com/news/the-ukraine-war-a-year-later", "date_published": "2023-02-24 10:02:16+00:00", "persistent": false, "user": null, "language": "en-US"}, {"source": "https://www.dailywire.com/feeds/rss.xml", "title": "Suspect In Murders Of 3, Including 9-Year-Old Girl, Shouts Black Lives Matter Slogan When Handcuffed", "description": "A Florida triple murder suspect appeared to invoke a phrase associated with Black Lives Matter when police arrested him, shouting, &#8220;I can&#8217;t breathe&#8221; as he was handcuffed by police. Keith Moses, 19, allegedly shot his acquaintance\u00a0Nathacha Augustin, 38, in Orlando as they sat in a car. Hours later, Florida photographer Jesse Walden and Spectrum News ...", "link": "https://www.dailywire.com/news/suspect-in-murders-of-3-including-9-year-old-girl-shouts-black-lives-matter-slogan-when-handcuffed", "date_published": "2023-02-24 09:15:56+00:00", "persistent": false, "user": null, "language": "en-US"}]