[{"source": "https://feeds.washingtonpost.com/rss/world?itid=lk_inline_manual_36", "title": "Ernie, what is censorship? China\u2019s chatbots face additional challenges.", "description": "Chinese tech companies have been working on chatbots like ChatGPT for years, but they've been slow to release them. Strict political controls are partly why.", "link": "https://www.washingtonpost.com/world/2023/02/24/china-baidu-ernie-chatbot-chatgpt/?utm_source=rss&utm_medium=referral&utm_campaign=wp_world", "date_published": "2023-02-24 23:26:39+00:00", "persistent": false, "user": null, "language": "en-US"}, {"source": "https://feeds.washingtonpost.com/rss/world?itid=lk_inline_manual_36", "title": "Peru withdraws ambassador from Mexico amid dispute", "description": "Peruvian President Dina Boluarte has announced the withdrawal of her ambassador to Mexico in response to criticism from Mexican President Andr\u00e9s Manuel Lopez Obrador, whom she reproached for hurting ties in order to \u201cprivilege ideological affinities.\u201d", "link": "https://www.washingtonpost.com/world/peru-withdraws-ambassador-from-mexico-amid-dispute/2023/02/24/46847d30-b4bb-11ed-94a0-512954d75716_story.html?utm_source=rss&utm_medium=referral&utm_campaign=wp_world", "date_published": "2023-02-24 22:19:56+00:00", "persistent": false, "user": null, "language": "en-US"}, {"source": "https://feeds.washingtonpost.com/rss/world?itid=lk_inline_manual_36", "title": "Database of videos exposes the horrors of war in Ukraine", "description": "The Washington Post has catalogued and verified more than 200 videos from the war in Ukraine into a searchable visual database.", "link": "https://www.washingtonpost.com/world/interactive/2022/ukraine-russia-war-videos-verified/?utm_source=rss&utm_medium=referral&utm_campaign=wp_world", "date_published": "2023-02-24 20:40:17+00:00", "persistent": false, "user": null, "language": "en-US"}, {"source": "https://feeds.washingtonpost.com/rss/world?itid=lk_inline_manual_36", "title": "Married on the day of the invasion, one soldier marks two anniversaries", "description": "Ukrainian Sgt. Volodymyr Rusyn spent the day visiting his troops on the front lines \u2014 and making sure his wife got the flowers.", "link": "https://www.washingtonpost.com/world/2023/02/24/ukraine-russia-war-anniversary-frontlines/?utm_source=rss&utm_medium=referral&utm_campaign=wp_world", "date_published": "2023-02-24 16:54:03+00:00", "persistent": false, "user": null, "language": "en-US"}, {"source": "https://feeds.washingtonpost.com/rss/world?itid=lk_inline_manual_36", "title": "These two maps show how the war in Ukraine has evolved", "description": "Data from the Armed Conflict Location & Event Data Project organization shows how the battlefield changed over the year.", "link": "https://www.washingtonpost.com/world/2023/02/24/these-two-maps-show-how-war-ukraine-has-evolved/?utm_source=rss&utm_medium=referral&utm_campaign=wp_world", "date_published": "2023-02-24 16:35:56+00:00", "persistent": false, "user": null, "language": "en-US"}, {"source": "https://feeds.washingtonpost.com/rss/world?itid=lk_inline_manual_36", "title": "China considers sending Russia artillery shells, U.S. officials say", "description": "The prospect of China arming Russia has alarmed the Biden administration, which believes Beijing has the ability to transform the war\u2019s trajectory.", "link": "https://www.washingtonpost.com/national-security/2023/02/24/china-russia-artillery-ukraine/?utm_source=rss&utm_medium=referral&utm_campaign=wp_world", "date_published": "2023-02-24 16:16:50+00:00", "persistent": false, "user": null, "language": "en-US"}, {"source": "https://feeds.washingtonpost.com/rss/world?itid=lk_inline_manual_36", "title": "Moroccan singer convicted of rape in Paris, gets 6-year term", "description": "A court in Paris has convicted Moroccan singer Saad Lamjarred of rape and assault charges and sentenced him to six years in prison", "link": "https://www.washingtonpost.com/world/moroccan-singer-convicted-of-rape-in-paris-gets-6-year-term/2023/02/24/9a1454de-b47a-11ed-94a0-512954d75716_story.html?utm_source=rss&utm_medium=referral&utm_campaign=wp_world", "date_published": "2023-02-24 14:36:59+00:00", "persistent": false, "user": null, "language": "en-US"}, {"source": "https://feeds.washingtonpost.com/rss/world?itid=lk_inline_manual_36", "title": "Drone strike in Syria kills 2 al-Qaida-linked operatives", "description": "Syrian opposition activists say a drone strike believed to have been carried out by the U.S.-led coalition in northwestern Syria has killed two operatives with an al-Qaida-linked group", "link": "https://www.washingtonpost.com/world/drone-strike-in-syria-kills-2-al-qaida-linked-operatives/2023/02/24/3a682c52-b477-11ed-94a0-512954d75716_story.html?utm_source=rss&utm_medium=referral&utm_campaign=wp_world", "date_published": "2023-02-24 14:12:49+00:00", "persistent": false, "user": null, "language": "en-US"}, {"source": "https://feeds.washingtonpost.com/rss/world?itid=lk_inline_manual_36", "title": "Yemen's southern separatists demand role in Oman peace talks", "description": "Yemen\u2019s southern separatists are seeking a role in back-channel peace talks between Saudi Arabia, which leads a coalition fighting for Yemen\u2019s internationally recognized government, and the country\u2019s Houthi rebels", "link": "https://www.washingtonpost.com/world/yemens-southern-separatists-demand-role-in-oman-peace-talks/2023/02/24/ae5e1870-b476-11ed-94a0-512954d75716_story.html?utm_source=rss&utm_medium=referral&utm_campaign=wp_world", "date_published": "2023-02-24 14:08:55+00:00", "persistent": false, "user": null, "language": "en-US"}, {"source": "https://feeds.washingtonpost.com/rss/world?itid=lk_inline_manual_36", "title": "UN condemns new surge of gang violence in central Haiti", "description": "The United Nations says a powerful gang has taken over numerous communities in central Haiti in recent weeks and has killed at least 69 people and forced authorities to abandon several police stations", "link": "https://www.washingtonpost.com/world/un-condemns-new-surge-of-gang-violence-in-central-haiti/2023/02/24/2e50027e-b476-11ed-94a0-512954d75716_story.html?utm_source=rss&utm_medium=referral&utm_campaign=wp_world", "date_published": "2023-02-24 14:05:20+00:00", "persistent": false, "user": null, "language": "en-US"}, {"source": "https://feeds.washingtonpost.com/rss/world?itid=lk_inline_manual_36", "title": "Russia, Ukraine face off at UN with rival tributes to dead", "description": "Russia and Ukraine faced off at the U.N. Security Council on the first anniversary of their war _ with their confrontation even extending to dueling moments of silence for the dead", "link": "https://www.washingtonpost.com/world/russia-ukraine-face-off-at-un-with-rival-tributes-to-dead/2023/02/24/46fffbcc-b475-11ed-94a0-512954d75716_story.html?utm_source=rss&utm_medium=referral&utm_campaign=wp_world", "date_published": "2023-02-24 13:58:52+00:00", "persistent": false, "user": null, "language": "en-US"}, {"source": "https://feeds.washingtonpost.com/rss/world?itid=lk_inline_manual_36", "title": "Rebels capture more ground in Congo as fighting intensifies", "description": "Local residents and aid workers say a rebel group linked with neighboring Rwanda has seized more territory as fighting intensified in conflict-ridden east Congo", "link": "https://www.washingtonpost.com/world/rebels-capture-more-ground-in-congo-as-fighting-intensifies/2023/02/24/4a8ac9c0-b470-11ed-94a0-512954d75716_story.html?utm_source=rss&utm_medium=referral&utm_campaign=wp_world", "date_published": "2023-02-24 13:23:10+00:00", "persistent": false, "user": null, "language": "en-US"}, {"source": "https://feeds.washingtonpost.com/rss/world?itid=lk_inline_manual_36", "title": "Ukraine, Western backers pledge resolve on anniversary of Russia\u2019s invasion", "description": "The somber milestone was marked as Europe's largest land war since World War II rages on, with Russia occupying large swaths of Ukrainian territory and Putin intent on seizing more land.", "link": "https://www.washingtonpost.com/world/2023/02/24/ukarine-war-russia-anniversary-year/?utm_source=rss&utm_medium=referral&utm_campaign=wp_world", "date_published": "2023-02-24 13:10:07+00:00", "persistent": false, "user": null, "language": "en-US"}, {"source": "https://feeds.washingtonpost.com/rss/world?itid=lk_inline_manual_36", "title": "Protests in Russia denounce Ukraine invasion; antiwar rallies held worldwide", "description": "Russians covertly laid flowers at monuments of famed Ukrainians, as they and others around the world marked the first anniversary of the invasion.", "link": "https://www.washingtonpost.com/world/2023/02/24/protests-russia-ukraine-war-anniversary/?utm_source=rss&utm_medium=referral&utm_campaign=wp_world", "date_published": "2023-02-24 10:52:41+00:00", "persistent": false, "user": null, "language": "en-US"}, {"source": "https://feeds.washingtonpost.com/rss/world?itid=lk_inline_manual_36", "title": "Fans praise Lewis Capaldi for continuing song amid Tourette\u2019s symptoms", "description": "Capaldi revealed he was diagnosed with Tourette's, which is characterized by involuntary twitches, movements and sounds, last year.", "link": "https://www.washingtonpost.com/lifestyle/2023/02/24/lewis-capaldi-tourette-syndrome-concert/?utm_source=rss&utm_medium=referral&utm_campaign=wp_world", "date_published": "2023-02-24 10:22:29+00:00", "persistent": false, "user": null, "language": "en-US"}, {"source": "https://feeds.washingtonpost.com/rss/world?itid=lk_inline_manual_36", "title": "Russians mark Ukraine war anniversary with flowers, arrests", "description": "Russians in Moscow and other cities brought flowers to Ukrainian poets and held one-person pickets with antiwar slogans to mark the first anniversary of Moscow\u2019s invasion of Ukraine", "link": "https://www.washingtonpost.com/world/russians-mark-ukraine-war-anniversary-with-flowers-arrests/2023/02/24/2a532eb4-b456-11ed-94a0-512954d75716_story.html?utm_source=rss&utm_medium=referral&utm_campaign=wp_world", "date_published": "2023-02-24 10:16:09+00:00", "persistent": false, "user": null, "language": "en-US"}, {"source": "https://feeds.washingtonpost.com/rss/world?itid=lk_inline_manual_36", "title": "Experts say bird flu threat small despite Cambodian fatality", "description": "Health authorities in Cambodia say the father of an 11-year-old girl who died this week after contracting bird flu has tested positive for the virus but has not displayed any major symptoms", "link": "https://www.washingtonpost.com/world/experts-say-bird-flu-threat-small-despite-cambodian-fatality/2023/02/24/068cc030-b44c-11ed-94a0-512954d75716_story.html?utm_source=rss&utm_medium=referral&utm_campaign=wp_world", "date_published": "2023-02-24 09:03:34+00:00", "persistent": false, "user": null, "language": "en-US"}, {"source": "https://feeds.washingtonpost.com/rss/world?itid=lk_inline_manual_36", "title": "Cyclone Freddy slams Mozambique with 'dangerous' rainfall", "description": "A damaging tropical cyclone dumped \u201cdangerous and exceptional rainfall levels\u201d over Mozambique Friday as the long-lasting weather system continued to wreak havoc across southern Africa", "link": "https://www.washingtonpost.com/world/cyclone-freddy-slams-mozambique-with-dangerous-rainfall/2023/02/24/4f219360-b448-11ed-94a0-512954d75716_story.html?utm_source=rss&utm_medium=referral&utm_campaign=wp_world", "date_published": "2023-02-24 08:36:58+00:00", "persistent": false, "user": null, "language": "en-US"}, {"source": "https://feeds.washingtonpost.com/rss/world?itid=lk_inline_manual_36", "title": "10 killed in riots in Indonesia\u2019s restive Papua province", "description": "Indonesian police say 10 people have been killed and more than 20 others wounded in a riot in Papua province", "link": "https://www.washingtonpost.com/world/10-killed-in-riots-in-indonesias-restive-papua-province/2023/02/24/45c09d5c-b448-11ed-94a0-512954d75716_story.html?utm_source=rss&utm_medium=referral&utm_campaign=wp_world", "date_published": "2023-02-24 08:36:42+00:00", "persistent": false, "user": null, "language": "en-US"}, {"source": "https://feeds.washingtonpost.com/rss/world?itid=lk_inline_manual_36", "title": "On Ukraine anniversary, EU pledges more support for refugees", "description": "European Union officials have pledged continued support to millions of Ukrainian refugees, as they marked the anniversary of the Russian invasion", "link": "https://www.washingtonpost.com/world/on-ukraine-anniversary-eu-pledges-more-support-for-refugees/2023/02/24/d4f49ac0-b428-11ed-94a0-512954d75716_story.html?utm_source=rss&utm_medium=referral&utm_campaign=wp_world", "date_published": "2023-02-24 04:51:38+00:00", "persistent": false, "user": null, "language": "en-US"}, {"source": "https://feeds.washingtonpost.com/rss/world?itid=lk_inline_manual_36", "title": "2 Pakistanis reach home after being freed from Guantanamo", "description": "Officials say two Pakistani brothers who were held by the United States at the Guantanamo Bay military prison for two decades have been freed and returned home", "link": "https://www.washingtonpost.com/world/2-pakistanis-reach-home-after-being-freed-from-guantanamo/2023/02/24/b81b3ba4-b426-11ed-94a0-512954d75716_story.html?utm_source=rss&utm_medium=referral&utm_campaign=wp_world", "date_published": "2023-02-24 04:36:31+00:00", "persistent": false, "user": null, "language": "en-US"}, {"source": "https://feeds.washingtonpost.com/rss/world?itid=lk_inline_manual_36", "title": "Report: Istanbul bomb suspect killed in operation in Syria", "description": "Turkey\u2019s state-run news agency says Turkish forces have killed the alleged mastermind behind a deadly Istanbul street bombing, in an operation in northern Syria", "link": "https://www.washingtonpost.com/world/report-istanbul-bomb-suspect-killed-in-operation-in-syria/2023/02/24/7c08f53e-b426-11ed-94a0-512954d75716_story.html?utm_source=rss&utm_medium=referral&utm_campaign=wp_world", "date_published": "2023-02-24 04:34:50+00:00", "persistent": false, "user": null, "language": "en-US"}, {"source": "https://feeds.washingtonpost.com/rss/world?itid=lk_inline_manual_36", "title": "Israeli settlers shoot, wound 2 Palestinians in West Bank", "description": "Palestinian health officials say Israeli settlers have shot and seriously wounded two Palestinians in the northern occupied West Bank, in what officials describe as the latest incident in a wave of settler violence", "link": "https://www.washingtonpost.com/world/israeli-settlers-shoot-wound-2-palestinians-in-west-bank/2023/02/24/ca91b390-b425-11ed-94a0-512954d75716_story.html?utm_source=rss&utm_medium=referral&utm_campaign=wp_world", "date_published": "2023-02-24 04:29:53+00:00", "persistent": false, "user": null, "language": "en-US"}, {"source": "https://feeds.washingtonpost.com/rss/world?itid=lk_inline_manual_36", "title": "Jill Biden to Namibian youth: Protect your democracy", "description": "U.S. first lady Jill Biden has told the young people of Namibia that the democracy their parents and grandparents fought for is now theirs to defend and protect", "link": "https://www.washingtonpost.com/world/jill-biden-to-namibian-youth-protect-your-democracy/2023/02/24/c5304170-b423-11ed-94a0-512954d75716_story.html?utm_source=rss&utm_medium=referral&utm_campaign=wp_world", "date_published": "2023-02-24 04:15:25+00:00", "persistent": false, "user": null, "language": "en-US"}, {"source": "https://feeds.washingtonpost.com/rss/world?itid=lk_inline_manual_36", "title": "Iran calls 84% uranium enrichment allegation a 'conspiracy'", "description": "Iranian state television has offered an extended defense against an accusation attributed to international inspectors that it enriched uranium to 84% purity", "link": "https://www.washingtonpost.com/world/iran-calls-84percent-uranium-enrichment-allegation-a-conspiracy/2023/02/24/1406428e-b421-11ed-94a0-512954d75716_story.html?utm_source=rss&utm_medium=referral&utm_campaign=wp_world", "date_published": "2023-02-24 03:56:08+00:00", "persistent": false, "user": null, "language": "en-US"}, {"source": "https://feeds.washingtonpost.com/rss/world?itid=lk_inline_manual_36", "title": "Ukraine: Drone video shows cost of intense fighting in east", "description": "Although Friday marks the grim first anniversary of Russia\u2019s full-scale invasion of Ukraine, fighting between Russian-backed forces and Ukrainian troops has raged in the country\u2019s east since 2014", "link": "https://www.washingtonpost.com/world/ukraine-drone-video-shows-cost-of-intense-fighting-in-east/2023/02/24/c0160948-b420-11ed-94a0-512954d75716_story.html?utm_source=rss&utm_medium=referral&utm_campaign=wp_world", "date_published": "2023-02-24 03:53:47+00:00", "persistent": false, "user": null, "language": "en-US"}, {"source": "https://feeds.washingtonpost.com/rss/world?itid=lk_inline_manual_36", "title": "The calculus of war: Tallying Ukraine toll an elusive task", "description": "Quantifying the toll of Russia\u2019s war in Ukraine remains an elusive goal a year into the conflict", "link": "https://www.washingtonpost.com/world/the-calculus-of-war-tallying-ukraine-toll-an-elusive-task/2023/02/24/0db725e2-b417-11ed-94a0-512954d75716_story.html?utm_source=rss&utm_medium=referral&utm_campaign=wp_world", "date_published": "2023-02-24 02:44:23+00:00", "persistent": false, "user": null, "language": "en-US"}, {"source": "https://feeds.washingtonpost.com/rss/world?itid=lk_inline_manual_36", "title": "Joy amid sorrow: 1st birthdays muted for Ukrainian parents", "description": "The anniversary of Russia\u2019s invasion of Ukraine is particularly poignant for women who gave birth and men who became fathers a year ago, on Feb. 24, 2022, as bombs began to fall", "link": "https://www.washingtonpost.com/world/joy-amid-sorrow-1st-birthdays-muted-for-ukrainian-parents/2023/02/24/57e5e030-b413-11ed-94a0-512954d75716_story.html?utm_source=rss&utm_medium=referral&utm_campaign=wp_world", "date_published": "2023-02-24 02:42:06+00:00", "persistent": false, "user": null, "language": "en-US"}, {"source": "https://feeds.washingtonpost.com/rss/world?itid=lk_inline_manual_36", "title": "What you need to know about Nigeria\u2019s historic presidential election", "description": "Nigerians head to the polls for a presidential election that sees for the first time a wild-card third party candidate, Peter Obi, and no military front-runners.", "link": "https://www.washingtonpost.com/world/2023/02/24/nigeria-election-obi-tinubu-atiku/?utm_source=rss&utm_medium=referral&utm_campaign=wp_world", "date_published": "2023-02-24 02:30:09+00:00", "persistent": false, "user": null, "language": "en-US"}, {"source": "https://feeds.washingtonpost.com/rss/world?itid=lk_inline_manual_36", "title": "What is China's peace proposal for Ukraine War?", "description": "On the first anniversary of Russia\u2019s invasion of Ukraine, China offered a 12-point proposal to end the war, which a senior diplomat had teased in Munich earlier this week", "link": "https://www.washingtonpost.com/world/what-is-chinas-peace-proposal-for-ukraine-war/2023/02/24/d725e25c-b411-11ed-94a0-512954d75716_story.html?utm_source=rss&utm_medium=referral&utm_campaign=wp_world", "date_published": "2023-02-24 02:07:04+00:00", "persistent": false, "user": null, "language": "en-US"}, {"source": "https://feeds.washingtonpost.com/rss/world?itid=lk_inline_manual_36", "title": "U.N. resolution to end Ukraine war: How countries voted and who abstained", "description": "The majority of countries, 141, voted in favor of ending the war and calling for Russia to leave Ukraine. China and India abstained, while Russia voted against.", "link": "https://www.washingtonpost.com/world/2023/02/24/un-ukraine-resolution-vote-countries/?utm_source=rss&utm_medium=referral&utm_campaign=wp_world", "date_published": "2023-02-24 01:55:54+00:00", "persistent": false, "user": null, "language": "en-US"}, {"source": "https://feeds.washingtonpost.com/rss/world?itid=lk_inline_manual_36", "title": "Russia-Ukraine war anniversary: Defiant Ukraine marks year of war as Putin prepares to seize more territory", "description": "A year of war in Ukraine has upended energy markets, increased global hunger and reinvigorated the NATO military alliance to face the Russian threat.", "link": "https://www.washingtonpost.com/world/2023/02/24/ukraine-one-year-anniversary-russia-invasion/?utm_source=rss&utm_medium=referral&utm_campaign=wp_world", "date_published": "2023-02-24 00:40:49+00:00", "persistent": false, "user": null, "language": "en-US"}, {"source": "https://feeds.washingtonpost.com/rss/world?itid=lk_inline_manual_36", "title": "News photographer killed in northern Mexico stabbing attack", "description": "A news photographer is dead after he was stabbed and beaten in an attack in the northern Mexico border state of Baja California", "link": "https://www.washingtonpost.com/world/news-photographer-killed-in-northern-mexico-stabbing-attack/2023/02/24/321faad4-b404-11ed-94a0-512954d75716_story.html?utm_source=rss&utm_medium=referral&utm_campaign=wp_world", "date_published": "2023-02-24 00:29:23+00:00", "persistent": false, "user": null, "language": "en-US"}, {"source": "https://feeds.washingtonpost.com/rss/world?itid=lk_inline_manual_36", "title": "Jimmy Carter\u2019s warning: Without peace, Israel must face \u2018apartheid\u2019", "description": "The 39th president was pilloried for linking conditions in Israel to \u201capartheid.\u201d But the facts on the ground have begun to change that legacy.", "link": "https://www.washingtonpost.com/world/2023/02/24/jimmy-carter-israel-apartheid-palestine-peace/?utm_source=rss&utm_medium=referral&utm_campaign=wp_world", "date_published": "2023-02-24 00:01:09+00:00", "persistent": false, "user": null, "language": "en-US"}]