[{"source": "https://www.youtube.com/feeds/videos.xml?channel_id=UCTTZqMWBvLsUYqYwKTdjvkw", "title": "\ud83c\udf93 Wyciek danych z Uniwersytetu", "description": "Studiowali\u015bcie w ramach Erasmusa na Uniwersytecie w Manchesterze? No, przynajmniej przed Brexitem? To mam dla Was niestety z\u0142\u0105 wiadomo\u015b\u0107.\n \n\u0179r\u00f3d\u0142a:\nhttps://tinyurl.com/mthamsvp\nhttps://tinyurl.com/bde2hkr6\n \n#Manchester #Erasmus #studia #ransomware", "link": "https://www.youtube.com/watch?v=aHeK_O4gErE", "date_published": "2023-06-16 04:00:00+00:00", "persistent": false, "user": null, "language": "pl-PL"}]