[{"source": "https://feeds.a.dj.com/rss/RSSWSJD.xml", "title": "Commerce Move on Foreign Apps Shows Biden Team Taking Aim at TikTok", "description": "The administration likely would need legislation from Congress to further strengthen its position.", "link": "https://www.wsj.com/articles/commerce-move-on-foreign-apps-shows-biden-team-taking-aim-at-tiktok-a734d0cf?mod=rss_Technology", "date_published": "2023-06-16 18:24:00+00:00", "persistent": false, "user": null, "language": "en-US"}, {"source": "https://feeds.a.dj.com/rss/RSSWSJD.xml", "title": "Musk Says Twitter Advertisers Are Coming Back", "description": "In Paris, Musk also said he didn\u2019t want to be the cause of an AI apocalypse and lunched with LVMH boss Bernard Arnault.", "link": "https://www.wsj.com/articles/elon-musk-says-twitter-advertisers-are-coming-back-287d0ea7?mod=rss_Technology", "date_published": "2023-06-16 17:00:00+00:00", "persistent": false, "user": null, "language": "en-US"}, {"source": "https://feeds.a.dj.com/rss/RSSWSJD.xml", "title": "Micron, Blacklisted by Beijing, to Pump $600 Million Into China Expansion", "description": "Investment by biggest U.S. maker of memory chips comes about a month after major Chinese firms were banned from buying its products.", "link": "https://www.wsj.com/articles/micron-blacklisted-by-beijing-to-pump-600-million-into-china-expansion-6b8d0075?mod=rss_Technology", "date_published": "2023-06-16 07:31:00+00:00", "persistent": false, "user": null, "language": "en-US"}]