[{"source": "https://www.gamespot.com/feeds/mashup", "title": "Diablo Immortal | Hatred's Heritage Trailer", "description": "<img height=\"480\" src=\"https://www.gamespot.com/a/uploads/square_medium/1352/13527689/4154264-diabloimmortal_hatred%27sheritage.mp4.00_01_18_09.still001.jpg\" width=\"480\" /> Behold the latest trailer for our Diablo IV launch inspired Lilith Themed cosmetics. Hatred's Heritage live in the Phantom Market until 7/6/2023.", "link": "https://www.gamespot.com/videos/diablo-immortal-hatreds-heritage-trailer/2300-6461703/", "date_published": "2023-06-16 21:24:00+00:00", "persistent": false, "user": null, "language": "en-US"}, {"source": "https://www.gamespot.com/feeds/mashup", "title": "Star Trek: Infinite - Gameplay Reveal Trailer", "description": "<img height=\"480\" src=\"https://www.gamespot.com/a/uploads/square_medium/1352/13527689/4154263-startrek_infinite-gameplayrevealtrailer.mp4.00_01_05_23.still001.jpg\" width=\"480\" /> Star Trek: Infinite is a grand strategy experience that lets you play your own Star Trek story as the leader of one of four major factions in the galaxy. Choose from the United Federation of Planets, the Klingon Empire, Romulan Star Empire, or Cardassian Union and lead your chosen faction to victory and prosperity.", "link": "https://www.gamespot.com/videos/star-trek-infinite-gameplay-reveal-trailer/2300-6461702/", "date_published": "2023-06-16 21:22:00+00:00", "persistent": false, "user": null, "language": "en-US"}, {"source": "https://www.gamespot.com/feeds/mashup", "title": "No, The Flash Doesn't Really Reset the DC Universe", "description": "<div><p>The Flash has faced scrutiny for over a year due to a variety of legal incidents involving star Ezra Miller. The actor was arrested twice in Hawaii on harassment and assault charges, pled guilty to trespassing after being charged with burglary, and has been accused of grooming a minor, among other incidents. The minor in question, now an adult, disputes the grooming allegation. In August 2022, Miller announced they were seeking treatment for \"complex mental health issues.\" Later, in January, The Flash studio Warner Bros. announced that they were standing behind the actor. You can read more about the issues surrounding Miller <a href=\"https://www.gamespot.com/articles/dcu-studios-bosses-fully-support-ezra-millers-recovery-open-to-dcu-return/1100-6511026/\">here</a>.</p></div><p>DC's attempt to copy Marvel's box office domination with a shared universe of its own has been off the rails for much longer than it was on them--if indeed it ever truly was on them--and <a href=\"https://www.gamespot.com/reviews/the-flash-review-fast-paced-fun-at-first-but-runs-out-of-steam/1900-6418077/\">The Flash</a> has long been speculated as a way to soft-reboot the overall franchise using time travel. And even after seeing the movie you might be tempted to think that's what happened here.</p><p dir=\"ltr\">But you'd be incorrect. Probably.</p><p dir=\"ltr\"><strong>Warning: This article contains all the biggest spoilers from The Flash.</strong></p><a href=\"https://www.gamespot.com/articles/no-the-flash-doesnt-really-reset-the-dc-universe/1100-6515303/?ftag=CAD-01-10abi2f/\">Continue Reading at GameSpot</a>", "link": "https://www.gamespot.com/articles/no-the-flash-doesnt-really-reset-the-dc-universe/1100-6515303/?ftag=CAD-01-10abi2f", "date_published": "2023-06-16 20:27:00+00:00", "persistent": false, "user": null, "language": "en-US"}, {"source": "https://www.gamespot.com/feeds/mashup", "title": "Lies Of P Demo Has Been Downloaded Over A Million Times In The Last Three Days", "description": "<p>As of late, many people have taken an interest in Neowiz's Souls-like game <a href=\"https://www.gamespot.com/games/lies-of-p/\">Lies of P</a>. The demo has surpassed over a million downloads in just the last three days.</p><p dir=\"ltr\">Since the announcement of a playable demo was released,the experience of playing the game has received mostly positive reviews. It currently has a 4.3/5 on the Xbox store and earned a spot on Steam's top 100 most-played games. In addition, Lies of P has reached over 170 thousand views on Twitch and is now one of the top ten pre-ordered games on PlayStation.</p><div><blockquote align=\"center\" class=\"twitter-tweet\"><p dir=\"ltr\">Lies of P reached 1 million demo downloads and it has been our pleasure to welcome so many new guests to Krat! The puppets have certainly been busy since your arrival. <a href=\"https://twitter.com/hashtag/LiesofP?src=hash&amp;ref_src=twsrc^tfw\">#LiesofP</a> <br />The demo is available now until June 27: <a href=\"https://t.co/hpqAk3bCWe\">https://t.co/hpqAk3bCWe</a> <a href=\"https://t.co/NhXX3X7I3h\">pic.twitter.com/NhXX3X7I3h</a></p>  \u2014 Lies of P (@Liesofp) <a href=\"https://twitter.com/Liesofp/status/1669781893435510784?ref_src=twsrc^tfw\">June 16, 2023</a></blockquote>              </div><p dir=\"ltr\">In a press release, project director Jiwon Choi had this to say about the demo's positive feedback:</p><a href=\"https://www.gamespot.com/articles/lies-of-p-demo-has-been-downloaded-over-a-million-times-in-the-last-three-days/1100-6515305/?ftag=CAD-01-10abi2f/\">Continue Reading at GameSpot</a>", "link": "https://www.gamespot.com/articles/lies-of-p-demo-has-been-downloaded-over-a-million-times-in-the-last-three-days/1100-6515305/?ftag=CAD-01-10abi2f", "date_published": "2023-06-16 19:29:00+00:00", "persistent": false, "user": null, "language": "en-US"}, {"source": "https://www.gamespot.com/feeds/mashup", "title": "Diablo 4's Nightmare Dungeons Will Be Getting A Big Efficiency Boost Ahead Of Season 1", "description": "<p><a href=\"https://www.gamespot.com/games/diablo-iv/\">Diablo IV's</a> Nightmare dungeons will be receiving a major buff ahead of the game's first season, Blizzard has announced.</p><p dir=\"ltr\">In the first \"fireside\" chat for Diablo IV on <a href=\"https://www.twitch.tv/diablo\">Twitch</a>, game director Joe Shely discussed recent <a href=\"https://www.gamespot.com/articles/diablo-4-hotfix-nerfs-dungeons-used-for-power-leveling/1100-6515203/\">hotfixes that made farming normal dungeons less efficient</a> when it came to leveling up and gaining items. In order to make Nightmare dungeons, which are intended to be a key part of Diablo IV's endgame, more appealing, Blizzard will be improving the amount of XP rewarded by Nightmare dungeons.</p><p dir=\"ltr\">Part of making Nightmare dungeons more efficient overall is to reduce the amount of time it takes to travel to the dungeons themselves. As it stands now, players have to travel to the nearest waypoint and then manually run to the dungeon entrance. Blizzard in the near future will be making it so Nightmare Sigils will create a waypoint for the corresponding dungeon that players can travel to, greatly reducing travel time and making Nightmare dungeons more efficient to farm.</p><a href=\"https://www.gamespot.com/articles/diablo-4-nightmare-dungeons-will-be-getting-a-big-efficiency-boost-ahead-of-season-1/1100-6515304/?ftag=CAD-01-10abi2f/\">Continue Reading at GameSpot</a>", "link": "https://www.gamespot.com/articles/diablo-4-nightmare-dungeons-will-be-getting-a-big-efficiency-boost-ahead-of-season-1/1100-6515304/?ftag=CAD-01-10abi2f", "date_published": "2023-06-16 18:59:00+00:00", "persistent": false, "user": null, "language": "en-US"}, {"source": "https://www.gamespot.com/feeds/mashup", "title": "Phil Spencer Shares How Xbox Game Pass Differs From Netflix", "description": "<p dir=\"ltr\">There's no question that Microsoft continues to tout Xbox Game Pass and day-one launches on the service. But Xbox head Phil Spencer was recently asked if he should be concerned with some of the struggles the TV streaming industry has faced, like subscriber losses and content bloat.</p><p dir=\"ltr\"><a href=\"https://www.theguardian.com/games/2023/jun/16/phil-spencer-on-the-future-of-xbox-most-people-just-want-to-find-a-great-game\">The Guardian</a>--which traveled to Los Angeles for this interview thanks to Microsoft's paid accommodations--posited this question to Spencer, who responded with one clear difference between Xbox Game Pass and Netflix. \"Look at the stats,\" he said. \"The number of games that are in Game Pass relative to unique videos on Netflix is vastly, vastly different.</p><p dir=\"ltr\">\"I think we're somewhere between 300 and 400 games. It's still a lot, but we're not trying to inundate you. When I get negative feedback on Game Pass, it's when quality isn't what people expected. But then there's a marginal cost for them in trying something they would've never tried before. If there's any signal, it's how are our players feeling--how's the subscriber number going, and are creators coming back?\"</p><a href=\"https://www.gamespot.com/articles/phil-spencer-shares-how-xbox-game-pass-differs-from-netflix/1100-6515302/?ftag=CAD-01-10abi2f/\">Continue Reading at GameSpot</a>", "link": "https://www.gamespot.com/articles/phil-spencer-shares-how-xbox-game-pass-differs-from-netflix/1100-6515302/?ftag=CAD-01-10abi2f", "date_published": "2023-06-16 18:07:00+00:00", "persistent": false, "user": null, "language": "en-US"}, {"source": "https://www.gamespot.com/feeds/mashup", "title": "A Pair Of Gorgeous Assassin's Creed Books Release Soon, And Preorders Are Live", "description": "<p>The Assassin's Creed series is getting a couple of big art books in the coming months, starting with <a href=\"https://www.amazon.com/World-Assassins-Creed-Valhalla-North-Logs/dp/1506735223?tag=gamespot-promos-20\">The World of Assassin's Creed: Valhalla: Journey to the North -- Logs and Files of a Hidden One</a> on July 11, followed by <a href=\"https://www.amazon.com/Making-Assassins-Creed-Anniversary-Deluxe/dp/1506734855?tag=gamespot-promos-20\">The Making of Assassin's Creed: 15th Anniversary Edition</a> on September 12. Both books are available for preorder at Amazon, and both have standard hardcover editions as well as limited-edition versions with slipcases and lithographs.</p><div class=\"norewrite\" title=\"6515271 - assassin's creed art book preorders\">  <div class=\"buylink-container\">                                                                     <div class=\"js-buylink-item-container buylink-item-container\">             <h2 class=\"item-title\">                    <a href=\"https://www.amazon.com/Making-Assassins-Creed-15th-Anniversary/dp/1506734847?tag=gamespot-promos-20\">The Making of Assassin&#039;s Creed: 15th Anniversary Edition</a>       </h2>                                   <h3 class=\"item-deck\">                      <a href=\"https://www.amazon.com/Making-Assassins-Creed-15th-Anniversary/dp/1506734847?tag=gamespot-promos-20\">Standard - $50 | Deluxe - $100</a>         </h3>                                                                                                        <div class=\"image-container\">                                  <img class=\"main-image\" src=\"https://www.gamespot.com/a/uploads/square_medium/1701/17013431/4153944-gsacbookhero.jpg\" />                             <a href=\"https://www.amazon.com/Making-Assassins-Creed-15th-Anniversary/dp/1506734847?tag=gamespot-promos-20\"></a>                        </div>              <div class=\"item-description\"><p>The Making of Assassin's Creed: 15th Anniversary Edition examines the last 15 years of Ubisoft's action series. The $50 standard hardcover edition features 240 pages of art from the series' many games, as well as interviews with developers and articles covering Assassin's Creed's history.</p><p>The $100 Deluxe edition, shown above, includes the book with a special cover, a slipcover, and two lithograph prints. You can preorder both at Amazon.</p><p>Neither of the editions are discounted at this time, but Amazon often marks down books prior to release. If you order now, you'll get the lowest price offered up until release thanks to Amazon's preorder price guarantee.</p><p>By the time this book releases, it'll be closer to 16 years since the Assassin's Creed launched. Ubisoft actually announced this book last year right around the 15-year mark.</p></div>                <div class=\"item-buttons\">                  <div>                      <a href=\"https://www.amazon.com/Making-Assassins-Creed-15th-Anniversary/dp/1506734847?tag=gamespot-promos-20\">Preorder at Amazon</a>                              </div>                                                                      <div>                        <a href=\"https://www.amazon.com/Making-Assassins-Creed-Anniversary-Deluxe/dp/1506734855?tag=gamespot-promos-20\">Preorder at Amazon (Deluxe)</a>           </div>                                                     </div>      </div>                                                                     <div class=\"js-buylink-item-container buylink-item-container\">             <h2 class=\"item-title\">                    <a href=\"https://www.amazon.com/World-Assassins-Creed-Valhalla-North-Logs/dp/1506735215?tag=gamespot-promos-20\">The World of Assassin&#039;s Creed Valhalla: Journey to the North</a>       </h2>                                   <h3 class=\"item-deck\">                      <a href=\"https://www.amazon.com/World-Assassins-Creed-Valhalla-North-Logs/dp/1506735215?tag=gamespot-promos-20\">Standard - $50 | Deluxe - $100</a>         </h3>                                                                                                        <div class=\"image-container\">                                  <img class=\"main-image\" src=\"https://www.gamespot.com/a/uploads/square_medium/1701/17013431/4153945-gsvalhallabookhero.jpg\" />                             <a href=\"https://www.amazon.com/World-Assassins-Creed-Valhalla-North-Logs/dp/1506735215?tag=gamespot-promos-20\"></a>                        </div>              <div class=\"item-description\"><p>The World of Assassin's Creed Valhalla: Journey to the North -- Logs and Files of a Hidden One is a 176-page art book focusing on the most recently released game in the series, Assassin's Creed Valhalla. The book is full of concept art and promotional illustrations, plus deep dives on the Viking lore and culture that inspired the game.</p><p>The standard hardcover edition is $50, while the Deluxe edition is $100 and includes an exclusive variant cover, protective slipcover, and two lithograph prints. There is also a digital Kindle version of the book available for $30. You can preorder each version at Amazon.</p></div>                <div class=\"item-buttons\">                  <div>                      <a href=\"https://www.amazon.com/World-Assassins-Creed-Valhalla-North-Logs/dp/1506735215?tag=gamespot-promos-20\">Preorder at Amazon</a>                              </div>                                                                      <div>                        <a href=\"https://www.amazon.com/World-Assassins-Creed-Valhalla-North-Logs/dp/1506735223?tag=gamespot-promos-20\">Preorder at Amazon (Deluxe)</a>           </div>                                                                                                             <div>                        <a href=\"https://www.amazon.com/World-Assassins-Creed-Valhalla-North-Logs-ebook/dp/B0BY1GX9VP?tag=gamespot-promos-20\">Preorder at Amazon (Kindle</a>           </div>                                    </div>      </div>   </div> </div><div><p class=\"associated-header text-custom-bold\">More Video Game Preorder Guides</p>  <ul>                              <li class=\"\"><a href=\"https://www.gamespot.com/articles/horizon-forbidden-west-preorders-live-now-for-ps5-ps4/1100-6492077/\">Horizon Forbidden West Preorders Live Now For PS5, PS4</a></li>                         <li class=\"\"><a href=\"https://www.gamespot.com/articles/advance-wars-12-re-boot-camp-preorder-guide-where-to-buy-ahead-of-this-months-launch/1100-6500248/\">Advance Wars 1+2 Re-Boot Camp Preorder Guide - Where To Buy Ahead Of This Month&#039;s Launch</a></li>                         <li class=\"\"><a href=\"https://www.gamespot.com/articles/mlb-the-show-22-preorder-guide-mvp-edition-bonuses-early-access-and-more/1100-6500135/\">MLB The Show 22 Preorder Guide: MVP Edition, Bonuses, Early Access, And More</a></li>                          <li class=\"pinbox__hide-link js-unhide-list link\">         <span>+ Show More More Video Game Preorder Guides Links (2)</span>       </li>          <li class=\"hide\"><a href=\"https://www.gamespot.com/articles/triangle-strategy-preorders-are-available-now/1100-6500178/\">Triangle Strategy Preorders Are Available Now</a></li>                         <li class=\"hide\"><a href=\"https://www.gamespot.com/articles/elden-ring-preorders-at-walmart-come-with-exclusive-art-cards/1100-6467617/\">Elden Ring Is Up For Preorder Now</a></li>   </ul> </div>", "link": "https://www.gamespot.com/articles/a-pair-of-gorgeous-assassins-creed-books-release-soon-and-preorders-are-live/1100-6515271/?ftag=CAD-01-10abi2f", "date_published": "2023-06-16 17:25:00+00:00", "persistent": false, "user": null, "language": "en-US"}, {"source": "https://www.gamespot.com/feeds/mashup", "title": "The Art Of Octopath Traveler Preorders Are Discounted", "description": "<p>Square Enix and Dark Horse are teaming up for an English localization of The Art of Octopath Traveler. Octopath Traveler is certainly an ideal game for the video game art book treatment. Its HD-2D graphics are absolutely stunning, and the upcoming book will show how those visuals came to life. The upcoming art book will release later this year on December 12, but <a href=\"https://www.amazon.com/Art-Octopath-Traveler-Square-Enix/dp/1506735657?tag=gamespot-promos-20\">preorders are already available on Amazon</a>.</p><div class=\"norewrite\" title=\"6515274 - octopath traveler art book preorders\">  <div class=\"buylink-container\">                                                                     <div class=\"js-buylink-item-container buylink-item-container\">             <h2 class=\"item-title\">                    <a href=\"https://www.amazon.com/Art-Octopath-Traveler-Square-Enix/dp/1506735657?tag=gamespot-promos-20\">Preorder The Art of Octopath Traveler</a>       </h2>                                   <h3 class=\"item-deck\">                      <a href=\"https://www.amazon.com/Art-Octopath-Traveler-Square-Enix/dp/1506735657?tag=gamespot-promos-20\">$45 (was $50)</a>         </h3>                                                                                                        <div class=\"image-container\">                                  <img class=\"main-image\" src=\"https://www.gamespot.com/a/uploads/square_medium/1701/17013431/4153949-gsoctoartbookhero.jpg\" />                             <a href=\"https://www.amazon.com/Art-Octopath-Traveler-Square-Enix/dp/1506735657?tag=gamespot-promos-20\"></a>                        </div>              <div class=\"item-description\"><p>The Art of Octopath Traveler is a 224-page hardcover book containing \"concept art and extensive commentary from the games\u2019 creative teams,\" as well as Japanese material localized in English for the first time. The book covers content from the original Octopath Traveler, as well as the Octopath Traveler: Champions of the Continent mobile game. You can preorder The Art of Octopath Traveler for $45 at Amazon. Note that at the time of writing the cover art display on the Amazon Store listing is not final.</p><p>You're saving five bucks on your preorder by ordering now, but if the price drops even lower before release (this often happens), you'll get the best price thanks to Amazon's preorder price guarantee.</p></div>                <div class=\"item-buttons\">                  <div>                      <a href=\"https://www.amazon.com/Art-Octopath-Traveler-Square-Enix/dp/1506735657?tag=gamespot-promos-20\">Preorder at Amazon</a>                              </div>                                         </div>      </div>   </div> </div><p>If you're looking for more RPG art books to add to your collection, be sure to check out <a href=\"https://www.gamespot.com/articles/massive-video-game-art-book-sale-is-live-at-amazon-here-are-the-best-deals/1100-6515223/\">Amazon's massive buy two, get one sale</a> on art books from numerous video game series like Zelda, Final Fantasy, Pokemon, and more.</p><p>It's also worth noting that <a href=\"https://www.amazon.com/Octopath-Traveler-II-Nintendo-Switch/dp/B0BF66G8F9?tag=gamespot-promos-20\">Octopath Traveler II is currently discounted to $45</a> at Amazon and is part of the retailer's <a href=\"https://www.gamespot.com/articles/amazon-b2g1-free-sale-includes-hundreds-of-video-games/1100-6515213/\">buy two, get one free game sale</a>.</p><a href=\"https://www.gamespot.com/articles/the-art-of-octopath-traveler-preorders-are-discounted/1100-6515274/?ftag=CAD-01-10abi2f/\">Continue Reading at GameSpot</a>", "link": "https://www.gamespot.com/articles/the-art-of-octopath-traveler-preorders-are-discounted/1100-6515274/?ftag=CAD-01-10abi2f", "date_published": "2023-06-16 17:11:00+00:00", "persistent": false, "user": null, "language": "en-US"}, {"source": "https://www.gamespot.com/feeds/mashup", "title": "Where Is Xur Today? (June 16-20) Destiny 2 Exotic Items And Xur Location Guide", "description": "<p>It's the start of a new weekend, and as usual, the Agent of the Nine is here to sell some classic Exotic gear and legendary-class weapons. Xur has arrived with a refreshed inventory, just in time to help outfit you with some items for <a href=\"https://www.gamespot.com/articles/destiny-2-season-of-the-deep-guides-season-pass-gear-exotics/1100-6514462/\">Season of the Deep</a> activities and the Trials of Osiris. Here's where Xur is this weekend and what he has for sale.</p><p>This week you can find Xur in the <strong>Tower, inside the Hangar</strong>. For his weapon, Xur is offering <strong>Hard Light</strong>. Hunters can pick up <strong>Sealed Ahamkara Grasp </strong>gauntlets; Titans can grab the <strong>Actium War Rig </strong>chest armor; and for Warlocks, Xur has the <strong>Eye of Another World </strong>helmet.</p><p> </p><a href=\"https://www.gamespot.com/articles/where-is-xur-today-june-16-20-destiny-2-exotic-items-and-xur-location-guide/1100-6515282/?ftag=CAD-01-10abi2f/\">Continue Reading at GameSpot</a>", "link": "https://www.gamespot.com/articles/where-is-xur-today-june-16-20-destiny-2-exotic-items-and-xur-location-guide/1100-6515282/?ftag=CAD-01-10abi2f", "date_published": "2023-06-16 17:08:00+00:00", "persistent": false, "user": null, "language": "en-US"}, {"source": "https://www.gamespot.com/feeds/mashup", "title": "The Official Diablo Cookbook Is Available To Preorder At Amazon", "description": "<p dir=\"ltr\">What's the first thing to come to mind when you think about the Diablo series? Demons? Epic armor and weapons?</p><p dir=\"ltr\">Well, what about food?</p><p dir=\"ltr\">The upcoming <a href=\"https://www.amazon.com/Diablo-Official-Cookbook-Insight-Editions/dp/B0BTXBQFH3?tag=gamespot-promos-20\">Diablo: The Official Cookbook</a> looks to introduce Diablo fans to the franchise's culinary side. The hardcover cookbook will include over 60 recipes \"inspired by iconic locations such as Khejistan, Westmarch, and The Dreadlands, fan-favorite monsters and enemies, and beloved characters such as The Butcher, Diablo, Deckard Cain, and Archangel Tyrael.\"</p><a href=\"https://www.gamespot.com/articles/the-official-diablo-cookbook-is-available-to-preorder-at-amazon/1100-6515237/?ftag=CAD-01-10abi2f/\">Continue Reading at GameSpot</a>", "link": "https://www.gamespot.com/articles/the-official-diablo-cookbook-is-available-to-preorder-at-amazon/1100-6515237/?ftag=CAD-01-10abi2f", "date_published": "2023-06-16 17:02:00+00:00", "persistent": false, "user": null, "language": "en-US"}, {"source": "https://www.gamespot.com/feeds/mashup", "title": "Trials Of Osiris Rewards This Week In Destiny 2 (June 16-20)", "description": "<p>It's the start of the weekend, and after a hard work of week, it's time to cut loose in Destiny 2's Trials of Osiris. The time-limited PvP mode is live again, and if you've been itching to earn some of the best gear in the game, then it's time to assemble a fireteam and try for a Flawless run here. As usual, you can check where Xur is before you head into Saint-14's arena to see if the salesman has any Exotic gear that can help you out. Here's a look at where you'll play Trials of Osiris this weekend and what weapons you can earn.</p><ul><li>Map: To be confirmed</li><li>Reputation Rank 4: Upgrade Module</li><li>Reputation Rank 7: Enhancement Prism</li><li>Reputation Rank 10: The Messenger (Pulse rifle)</li><li>Reputation Rank 13: Upgrade Module</li><li>Reputation Rank 16: Unexpected Resurgence (Glaive)</li><li>Flawless Reward: To be confirmed</li></ul><p>Season of the Deep is adding some excellent new rewards to the Trials pool, and if you're a fan of shaders, then there's a glorious golden one to grab from this multiplayer event. Alongside the Glorious Patina shader, Trials will also have some new Exotic cosmetic gear to unlock, including a new Ghost shell, ship, and Sparrow. Glorious Patina will only be available to players who go Flawless during Season 21, and the weapon pool is being updated with The Messenger pulse rifle and the Unexpected Resurgence glaive as possible prizes.</p><p>A new emblem has been added, but you'll need to get a Flight of the Pigeon medal for every win and open the Flawless chest at the Lighthouse to obtain it. The other big change to Trials this season is the debut of an introductory quest that provides a proper tutorial for new Trials players, and completing it will reward players with the Astral Horizon Trials Shotgun.</p><a href=\"https://www.gamespot.com/articles/trials-of-osiris-rewards-this-week-in-destiny-2-june-16-20/1100-6515300/?ftag=CAD-01-10abi2f/\">Continue Reading at GameSpot</a>", "link": "https://www.gamespot.com/articles/trials-of-osiris-rewards-this-week-in-destiny-2-june-16-20/1100-6515300/?ftag=CAD-01-10abi2f", "date_published": "2023-06-16 17:00:00+00:00", "persistent": false, "user": null, "language": "en-US"}, {"source": "https://www.gamespot.com/feeds/mashup", "title": "In Citizen Sleeper 2, Every Mechanic Strives To Have A Story-Driven Consequence", "description": "<p>The original Citizen Sleeper came out at the perfect time for me. The 2022 role-playing video game was released just as my role as the \"forever GM\" among my friend group was solidifying, leaving me eager for tabletop-inspired gaming experiences where I could be a player. Utilizing an action economy based around rolling dice to deliver an agency-rich roleplaying experience, Citizen Sleeper scratched that itch I was looking for. A year later, developer Jump Over The Age has announced that Citizen Sleeper 2: Starward Vector is already in development. As you can probably surmise, I'm ecstatic.</p><p dir=\"ltr\">Like its predecessor, Citizen Sleeper 2 sees you play as a robotic individual known as a Sleeper. The game begins with you partially rewriting your programming, stopping your need to depend on the stabilizing agent that Sleepers need to regularly inject themselves with in order to survive. However, the process is interrupted, causing you to experience memory loss and suffer multiple malfunctions in your body. As your health continues to decline, you team up with a friend you no longer have any memory of and take off on a ship, jumping from location to location in order to stay one step ahead of the gang leader hunting you down.</p><p dir=\"ltr\">Jump Over the Age is a one-person game development studio founded by Gareth Damian Martin--I sat down with them to talk about creating Citizen Sleeper 2 so soon after the release of the first game, and how this sequel will expand upon the already solid tabletop-inspired gameplay loop. Following the interview, I asked Martin about Steam Deck support and they said they're \"definitely\" making the game with Steam Deck in mind and that \"later on, we'll definitely be announcing more platforms.\" For now, Citizen Sleeper 2: Starward Vector is only confirmed for PC.</p><a href=\"https://www.gamespot.com/articles/in-citizen-sleeper-2-every-mechanic-strives-to-have-a-story-driven-consequence/1100-6515301/?ftag=CAD-01-10abi2f/\">Continue Reading at GameSpot</a>", "link": "https://www.gamespot.com/articles/in-citizen-sleeper-2-every-mechanic-strives-to-have-a-story-driven-consequence/1100-6515301/?ftag=CAD-01-10abi2f", "date_published": "2023-06-16 16:45:00+00:00", "persistent": false, "user": null, "language": "en-US"}, {"source": "https://www.gamespot.com/feeds/mashup", "title": "Park Beyond Gameplay Launch Trailer", "description": "<img height=\"480\" src=\"https://www.gamespot.com/a/uploads/square_medium/1352/13527689/4154217-parkbeyond%E2%80%93gameplaylaunchtrailer.mp4.00_00_05_40.still002.jpg\" width=\"480\" /> Park Beyond is an ideal destination for exciting theme park action. With dozens of attractions to choose from, there\u2019s something for everyone to enjoy!", "link": "https://www.gamespot.com/videos/park-beyond-gameplay-launch-trailer/2300-6461699/", "date_published": "2023-06-16 16:40:00+00:00", "persistent": false, "user": null, "language": "en-US"}, {"source": "https://www.gamespot.com/feeds/mashup", "title": "Trackmania Assassin's Creed Mirage Crossover Trailer", "description": "<img height=\"480\" src=\"https://www.gamespot.com/a/uploads/square_medium/1352/13527689/4154215-trackmania-assassin%27screedmiragecrossovertrailer.mp4.00_00_21_01.still002.jpg\" width=\"480\" /> Assassin's Creed Mirage is coming to Trackmania on June 19th !", "link": "https://www.gamespot.com/videos/trackmania-assassins-creed-mirage-crossover-trailer/2300-6461698/", "date_published": "2023-06-16 16:37:00+00:00", "persistent": false, "user": null, "language": "en-US"}, {"source": "https://www.gamespot.com/feeds/mashup", "title": "Palworld FOXPARKS Official Trailer", "description": "<img height=\"480\" src=\"https://www.gamespot.com/a/uploads/square_medium/1352/13527689/4154213-%E3%80%90paldeck%E3%80%91no.001foxparks%E3%80%90palworld%E3%80%91.mp4.00_00_02_20.still001.jpg\" width=\"480\" /> Many Pals inhabit Palworld, but many things about these creatures are still shrouded in mystery.  Their habitat, weaknesses, capture methods, attack patterns, partner skills and specialties. Learn more about Foxparks.", "link": "https://www.gamespot.com/videos/palworld-foxparks-official-trailer/2300-6461697/", "date_published": "2023-06-16 16:35:00+00:00", "persistent": false, "user": null, "language": "en-US"}, {"source": "https://www.gamespot.com/feeds/mashup", "title": "NOBUNAGA'S AMBITION Awakening System Introduction Trailer", "description": "<img height=\"480\" src=\"https://www.gamespot.com/a/uploads/square_medium/1352/13527689/4154212-nobunaga%27sambition_awakening-systemintroductionvideo%5Bsieges%26eventbattles%5D.mp4.00_02_11_03.still001.jpg\" width=\"480\" /> NOBUNAGA\u2019S AMBITION: Awakening is currently in development for PlayStation 4, Nintendo Switch and PC Windows via Steam, and will be available digitally in North America on July 20, 2023!", "link": "https://www.gamespot.com/videos/nobunagas-ambition-awakening-system-introduction-trailer/2300-6461696/", "date_published": "2023-06-16 16:28:00+00:00", "persistent": false, "user": null, "language": "en-US"}, {"source": "https://www.gamespot.com/feeds/mashup", "title": "Genshin Impact Fans Will Want To Check Out This Upcoming Book", "description": "<p>One of the best parts of Genshin Impact is its stunning art, and soon you'll be able to appreciate the game's visual direction with the upcoming <a href=\"https://www.amazon.com/Genshin-Impact-Official-Art-Book/dp/0063303698?tag=gamespot-buybutton-20\">Genshin Impact: Official Art Book Volume 1</a>.</p><div class=\"norewrite\" title=\"6515238 - genshin impact artbook preorder\">  <div class=\"buylink-container\">                                                                     <div class=\"js-buylink-item-container buylink-item-container\">             <h2 class=\"item-title\">                    <a href=\"https://www.amazon.com/Genshin-Impact-Official-Art-Book/dp/0063303698?tag=gamespot-promos-20\">Preorder Genshin Impact: Official Art Book Volume 1</a>       </h2>                                   <h3 class=\"item-deck\">                      <a href=\"https://www.amazon.com/Genshin-Impact-Official-Art-Book/dp/0063303698?tag=gamespot-promos-20\">$31.50 (was $35)</a>         </h3>                                                                                                        <div class=\"image-container\">                                  <img class=\"main-image\" src=\"https://www.gamespot.com/a/uploads/square_medium/1701/17013431/4153473-gsgenshinarthero.jpg\" />                             <a href=\"https://www.amazon.com/Genshin-Impact-Official-Art-Book/dp/0063303698?tag=gamespot-promos-20\"></a>                        </div>              <div class=\"item-description\"><p dir=\"ltr\">This 176-page paperback book will include concept art, illustrations, and promotional materials covering the free-to-play game's many characters, locations, and storylines. The book includes content from up to version 1.6 Midsummer Island Adventure patch. Further volumes will cover more content from later version updates.</p><p dir=\"ltr\">The Genshin Impact: Official Art Book Volume 1 releases on September 5, and is <a href=\"https://www.amazon.com/Genshin-Impact-Official-Art-Book/dp/0063303698?tag=gamespot-promos-20\">available to preorder for $31.50 at Amazon</a> (down from $35). Preorders are eligible for Prime 1-day shipping, meaning you will receive the book as early as September 6. It's possible Amazon could wind up offering release-day delivery, as it does with many products.</p><p dir=\"ltr\">It's worth noting that Amazon often offers pretty big discounts on gaming art books prior to release. If you order now, Amazon's preorder price guarantee will get you the lowest listed price up until your order ships. You aren't charged for Amazon preorders until release.</p></div>                <div class=\"item-buttons\">                  <div>                      <a href=\"https://www.amazon.com/Genshin-Impact-Official-Art-Book/dp/0063303698?tag=gamespot-promos-20\">Preorder at Amazon</a>                              </div>                                         </div>      </div>   </div> </div><p dir=\"ltr\">If you're interested in more video game art books, Amazon also has a massive <a href=\"https://www.gamespot.com/articles/massive-video-game-art-book-sale-is-live-at-amazon-here-are-the-best-deals/1100-6515223/\">buy two, get one sale</a> on dozens of books from series like The Legend of Zelda, Final Fantasy, The Elder Scrolls, Pokemon, and more.</p><div><div><p class=\"associated-header text-custom-bold\">Best Gaming &amp; Tech Deals This Week</p>  <ul>                              <li class=\"\"><a href=\"https://www.gamespot.com/gallery/pc-game-bundles-available-now-fanatical-humble/2900-4765/\">Every Cheap PC Game Bundle You Can Buy Right Now</a></li>                         <li class=\"\"><a href=\"https://www.gamespot.com/articles/diablo-4-steelseries-collection/1100-6514448/\">Diablo 4 SteelSeries Collection Is Available At Amazon, But You&#039;ll Want To Hurry</a></li>                         <li class=\"\"><a href=\"https://www.gamespot.com/gallery/best-zelda-merch-50-cool-items-including-tons-of-tears-of-the-kingdom-stuff/2900-4169/\">Best Zelda Merch: 50 Cool Items, Including Tons Of Tears Of The Kingdom Stuff</a></li>                          <li class=\"pinbox__hide-link js-unhide-list link\">         <span>+ Show More Best Gaming &amp; Tech Deals This Week Links (2)</span>       </li>          <li class=\"hide\"><a href=\"https://www.gamespot.com/articles/zelda-tears-of-the-kingdom-switch-oled-still-available-at-select-retailers/1100-6513686/\">Zelda Tears Of The Kingdom Switch OLED Still Available At Select Retailers</a></li>                         <li class=\"hide\"><a href=\"https://www.gamespot.com/gallery/zelda-tears-of-the-kingdom-themed-apparel-is-available-at-amazon/2900-4740/\">Zelda: Tears Of The Kingdom-Themed Apparel Is Available At Amazon</a></li>   </ul> </div></div><p dir=\"ltr\"> </p><a href=\"https://www.gamespot.com/articles/genshin-impact-fans-will-want-to-check-out-this-upcoming-book/1100-6515238/?ftag=CAD-01-10abi2f/\">Continue Reading at GameSpot</a>", "link": "https://www.gamespot.com/articles/genshin-impact-fans-will-want-to-check-out-this-upcoming-book/1100-6515238/?ftag=CAD-01-10abi2f", "date_published": "2023-06-16 15:56:00+00:00", "persistent": false, "user": null, "language": "en-US"}, {"source": "https://www.gamespot.com/feeds/mashup", "title": "Souls-Like Game Flintlock: The Siege Of Dawn Delayed To 2024", "description": "<p>Developer A44 Games announced that it's moved the release window for Flintlock: The Siege of Dawn from 2023 to 2024 in order to create the best experience for players at launch.</p><p>\"We\u2019ve been hard at work crafting a unique and deeply detailed open world brimming with thrilling fights, rewarding exploration, and a true sense of discovery,\" the studio explained on Twitter. \"It\u2019s important to our whole team that Flintlock is a special experience, and we owe it to ourselves and to all of you who have been following the game since we announced to make it the most impressive and unforgettable game it can be.\"</p><div><blockquote align=\"center\" class=\"twitter-tweet\"><p dir=\"ltr\">We want to update our fans on the development of Flintlock: The Siege of Dawn. To make Flintlock the absolute best experience it can be at launch, we have made the decision to move the game\u2019s release to 2024. (1/4)</p>  \u2014 Flintlock: The Siege of Dawn (@PlayFlintlock) <a href=\"https://twitter.com/PlayFlintlock/status/1669639853758136323?ref_src=twsrc^tfw\">June 16, 2023</a></blockquote>              </div><p>A44 Games also hints that it'll share more updates about the game soon. Flintlock: The Siege of Dawn is the <a href=\"https://www.gamespot.com/articles/flintlock-the-siege-of-dawn-seems-to-build-on-ashen-cooperation/1100-6507034/\">studio's second game after 2018's Ashen</a>. It follows a young woman named Nor Vanek, a member of the Coalition, a resistance group that uses gunpowder to fight against the gods' magic. Humanity has nearly gone extinct due to the gods' undead army, and Nor joins up with a magical creature named Enki as they fight back.</p><a href=\"https://www.gamespot.com/articles/souls-like-game-flintlock-the-siege-of-dawn-delayed-to-2024/1100-6515299/?ftag=CAD-01-10abi2f/\">Continue Reading at GameSpot</a>", "link": "https://www.gamespot.com/articles/souls-like-game-flintlock-the-siege-of-dawn-delayed-to-2024/1100-6515299/?ftag=CAD-01-10abi2f", "date_published": "2023-06-16 15:53:00+00:00", "persistent": false, "user": null, "language": "en-US"}, {"source": "https://www.gamespot.com/feeds/mashup", "title": "Best Buy's 4K Blu-Ray Weekend Sale Includes Steelbooks For Cheap", "description": "<p>There's not much time to grab a Father's Day gift, and if your dad happens to be a cinephile, then a few Blu-rays are a quick and easy way to make your dad feel appreciated on this special day. At Best Buy, several Blu-rays have been discounted and the selection even includes a few steelbook editions that'll look great in a collection. A lot of these films are drastically marked down as well, $10 instead of their usual $30, and at that price you can easily create a goodie bag of high-quality cinema. Plus, it's way cheaper than a night out at the movies. Of course, you could always just pick up some movies for yourself. And hey, if you're a dad, buying Father's Day presents for yourself is never a bad idea.</p><div class=\"norewrite\" title=\"\">           <a href=\"https://shop-links.co/1811325870657186532?u1=subid_value\">See all Blu-ray deals at Best Buy</a> </div><hr /><h2> </h2><h2>Steelbook 4K Blu-ray deals</h2><ul><li><span class=\"norewrite\">           <a href=\"https://shop-links.co/1811327430282628577?u1=subid_value\">Thor: Love and Thunder</a> </span>-- $22 ($<strike>35</strike>)</li><li><span class=\"norewrite\">           <a href=\"https://shop-links.co/1811325738102605104?u1=subid_value\">The Matrix Resurrections</a> </span> -- $13 (<del>$35</del>)</li><li><span class=\"norewrite\">           <a href=\"https://shop-links.co/1811331583501649762?u1=subid_value\">Ant-Man and the Wasp: Quantumania</a> </span> -- $30 (<del>$39</del>)</li><li><span class=\"norewrite\">           <a href=\"https://shop-links.co/1811331695567390079?u1=subid_value\">Knock at the Cabin</a> </span> -- $28 (<del>$39</del>)</li><li><span class=\"norewrite\">           <a href=\"https://shop-links.co/1811327443207256046?u1=subid_value\">Rocky IV</a> </span>-- $30</li><li><span class=\"norewrite\">           <a href=\"https://shop-links.co/1811327469773769418?u1=subid_value\">Dredd</a> </span>-- $20</li><li><span class=\"norewrite\">           <a href=\"https://shop-links.co/1811327490308964947?u1=subid_value\">Inglorious Basterds</a> </span>-- $13 (<del>$27</del>)</li><li><span class=\"norewrite\">           <a href=\"https://shop-links.co/1811327504503170233?u1=subid_value\">No Time to Die</a> </span>-- $13 ($<strike>30</strike>)</li><li><span class=\"norewrite\">           <a href=\"https://shop-links.co/1811327518514941204?u1=subid_value\">Shazam: Fury of the Gods</a> </span>-- $25 ($<strike>37</strike>)</li><li><span class=\"norewrite\">           <a href=\"https://shop-links.co/1811327533742916328?u1=subid_value\">Training Day</a> </span>-- $22 ($<strike>33</strike>)</li><li><span class=\"norewrite\">           <a href=\"https://shop-links.co/1811327549716524002?u1=subid_value\">The Wolf of Wall Street</a> </span>-- $19 ($<strike>30</strike>)</li><li><span class=\"norewrite\">           <a href=\"https://shop-links.co/1811327563848265862?u1=subid_value\">Kingsman: Three-Movie Collection</a> </span>-- $41 ($<strike>59</strike>)</li><li><span class=\"norewrite\">           <a href=\"https://shop-links.co/1811327578227273080?u1=subid_value\">Eternals </a> </span>-- $21 ($<strike>35</strike>)</li><li><span class=\"norewrite\">           <a href=\"https://shop-links.co/1811327595245518643?u1=subid_value\">Lightyear</a> </span>-- $23 ($<strike>35</strike>)</li><li><span class=\"norewrite\">           <a href=\"https://shop-links.co/1811327608922740351?u1=subid_value\">Turning Red</a> </span>-- $23 ($<strike>35</strike>)</li><li><span class=\"norewrite\">           <a href=\"https://shop-links.co/1811327622813467437?u1=subid_value\">The Incredibles 2</a> </span>-- $18 ($<strike>35</strike>)</li><li><span class=\"norewrite\">           <a href=\"https://shop-links.co/1811327637327210639?u1=subid_value\">Spies in Disguise</a> </span>-- $18 ($<strike>35</strike>)</li><li><span class=\"norewrite\">           <a href=\"https://shop-links.co/1811327650455542561?u1=subid_value\">Frozen</a> </span>-- $18 ($<strike>35</strike>)</li><li><span class=\"norewrite\">           <a href=\"https://shop-links.co/1811327664867203021?u1=subid_value\">Friday the 13th</a> </span>-- $15 ($<strike>20</strike>)</li><li><span class=\"norewrite\">           <a href=\"https://shop-links.co/1811327679781177892?u1=subid_value\">Iron Man 2</a> </span>-- $48 ($<strike>60</strike>)</li><li><span class=\"norewrite\">           <a href=\"https://shop-links.co/1811327702071581855?u1=subid_value\">The Good Dinosaur</a> </span>-- $18 ($<strike>35</strike>)</li><li><span class=\"norewrite\">           <a href=\"https://shop-links.co/1811327716177423673?u1=subid_value\">Toy Story 3</a> </span>-- $23 ($<strike>35</strike>)</li><li><span class=\"norewrite\">           <a href=\"https://shop-links.co/1811327731929000571?u1=subid_value\">Finding Dory</a> </span>-- $23 ($<strike>35</strike>)</li><li><span class=\"norewrite\">           <a href=\"https://shop-links.co/1811327745332691350?u1=subid_value\">West Side Story</a> </span>-- $25 ($<strike>35</strike>)</li></ul><hr /><p> </p><h2>Blu-ray deals</h2><ul><li><span class=\"norewrite\">           <a href=\"https://shop-links.co/1811052373249227847?u1=subid_value\">The Batman</a> </span>-- $10 ($<strike>30</strike>)</li><li><span class=\"norewrite\">           <a href=\"https://shop-links.co/1811052360836785794?u1=subid_value\">Dune</a> </span>-- $10 ($<strike>30</strike>)</li><li><span class=\"norewrite\">           <a href=\"https://shop-links.co/1811327297438616086?u1=subid_value\">Spider-Man: Into the Spider-Verse</a> </span>-- $11 ($<strike>19</strike>)</li><li><span class=\"norewrite\">           <a href=\"https://shop-links.co/1811052388042191196?u1=subid_value\">Jurassic World Dominion</a> </span>-- $10 ($<strike>30</strike>)</li><li><span class=\"norewrite\">           <a href=\"https://shop-links.co/1811325804761011102?u1=subid_value\">The Town</a> </span>-- $10 ($<strike>20</strike>)</li><li><span class=\"norewrite\">           <a href=\"https://shop-links.co/1811327330952017814?u1=subid_value\">Halloween Ends</a> </span>-- $14 ($<strike>35</strike>)</li><li><span class=\"norewrite\">           <a href=\"https://shop-links.co/1811325783741923574?u1=subid_value\">Band of Brothers</a> </span>-- $10 ($<strike>45</strike>)</li><li><span class=\"norewrite\">           <a href=\"https://shop-links.co/1811327357591507649?u1=subid_value\">Edge of Tomorrow</a> </span>-- $10 ($<strike>30</strike>)</li><li><span class=\"norewrite\">           <a href=\"https://shop-links.co/1811327372793333061?u1=subid_value\">Heat</a> </span>-- $8 ($<strike>14</strike>)</li></ul><hr /><p> </p><a href=\"https://www.gamespot.com/articles/best-buys-4k-blu-ray-weekend-sale-includes-steelbooks-for-cheap/1100-6515298/?ftag=CAD-01-10abi2f/\">Continue Reading at GameSpot</a>", "link": "https://www.gamespot.com/articles/best-buys-4k-blu-ray-weekend-sale-includes-steelbooks-for-cheap/1100-6515298/?ftag=CAD-01-10abi2f", "date_published": "2023-06-16 15:38:00+00:00", "persistent": false, "user": null, "language": "en-US"}, {"source": "https://www.gamespot.com/feeds/mashup", "title": "Unannounced Xbox Film/TV Adaptations Hinted At By Studio Head", "description": "<p>Xbox Game Studios boss Matt Booty has teased that Microsoft has additional film/TV projects based on its franchises in the works beyond those that have been announced. In an interview with <a href=\"https://www.hollywoodreporter.com/business/digital/xbox-game-studios-matt-booty-1235514825/\">The Hollywood Reporter</a>, Booty listed off upcoming projects like season 2 of the Halo TV series, the <a href=\"https://www.gamespot.com/articles/matt-berry-in-talks-to-join-jason-momoa-in-upcoming-minecraft-movie-report/1100-6514483/\">Minecraft movie with Jason Momoa</a>, and the <a href=\"https://www.gamespot.com/articles/gears-of-war-movie-to-be-written-by-dune-scribe-jon-spaihts/1100-6512539/\">Gears of War film from Dune writer Jon Spaihts.</a> Microsoft's <a href=\"https://www.gamespot.com/articles/fallout-latest-trailer-casting-announcements-and-everything-we-know-about-the-prime-video-tv-show/1100-6510394/\">Fallout series is also getting a TV show from Westworld's creators.</a></p><p>But beyond that? Booty said \"There are some things that we've got going on as well that I can't, you know, they're not public yet, but there's a lot there.\"</p><p>Booty's comments came in response to a question about if Microsoft could make a film or TV adaptation of Starfield. Booty said he had nothing to announce, but said that in general, Xbox needs to make great games first.</p><a href=\"https://www.gamespot.com/articles/unannounced-xbox-film-tv-adaptations-hinted-at-by-studio-head/1100-6515297/?ftag=CAD-01-10abi2f/\">Continue Reading at GameSpot</a>", "link": "https://www.gamespot.com/articles/unannounced-xbox-film-tv-adaptations-hinted-at-by-studio-head/1100-6515297/?ftag=CAD-01-10abi2f", "date_published": "2023-06-16 15:34:00+00:00", "persistent": false, "user": null, "language": "en-US"}, {"source": "https://www.gamespot.com/feeds/mashup", "title": "Sonic Is Officially Cool", "description": "<p>It's approaching summertime in the Northern Hemisphere, and if you're looking to keep your snacks and drinks cold on a trip to the beach, you can now do so <em>in style</em> with an officially licensed Sonic the Hedgehog cooler from Igloo.</p><p>The cooler features Green Hill Zone graphics inspired by Sonic's 16-bit days from the '90s. This is Igloo's iconic tent-top Playmate cooler, featuring a push-button on the side and what Igloo calls \"thermecool insulation\" to keep things cold. The cooler holds up to nine 12-oz cans and is made in America. It retails for $40 USD and is <a href=\"https://www.igloocoolers.com/products/sonic-the-hedgehog-little-playmate?utm_source=RakutenMarketing&amp;utm_medium=affiliate&amp;ranMID=46441&amp;ranEAID=tv2R4u9rImY&amp;ranSiteID=tv2R4u9rImY-fYeHQPSL86B.ToHD_xJuGQ\">available now on Igloo's website</a>.</p><div class=\"norewrite\" title=\"\">           <a href=\"https://go.skimresources.com?id=225336X1707200&amp;xs=1&amp;xcust=subid_value&amp;url=https://www.igloocoolers.com/products/sonic-the-hedgehog-little-playmate?utm_source=RakutenMarketing&amp;utm_medium=affiliate&amp;ranMID=46441&amp;ranEAID=tv2R4u9rImY%\">Buy the Sonic cooler </a> </div><figure style=\"width: 1052px;\"><a href=\"https://www.gamespot.com/a/uploads/original/1179/11799911/4154108-screenshot2023-06-16at10.43.24am.png\"><img alt=\"The Sonic cooler is out now for $40\" src=\"https://www.gamespot.com/a/uploads/original/1179/11799911/4154108-screenshot2023-06-16at10.43.24am.png\" /></a><figcaption>The Sonic cooler is out now for $40</figcaption></figure><p>In other news about unexpected but real Sonic stuff that you can buy, there are now <a href=\"https://www.gamespot.com/articles/sonic-the-hedgehog-crocs-are-available-now/1100-6514449/\">official Sonic Crocs and they look amazing.</a></p><a href=\"https://www.gamespot.com/articles/sonic-is-officially-cool/1100-6515293/?ftag=CAD-01-10abi2f/\">Continue Reading at GameSpot</a>", "link": "https://www.gamespot.com/articles/sonic-is-officially-cool/1100-6515293/?ftag=CAD-01-10abi2f", "date_published": "2023-06-16 15:04:00+00:00", "persistent": false, "user": null, "language": "en-US"}, {"source": "https://www.gamespot.com/feeds/mashup", "title": "The Flash Is Racing Towards $80 Million Opening Weekend", "description": "<div><p>The Flash has faced scrutiny for over a year due to a variety of legal incidents involving star Ezra Miller. The actor was arrested twice in Hawaii on harassment and assault charges, pled guilty to trespassing after being charged with burglary, and has been accused of grooming a minor, among other incidents. The minor in question, now an adult, disputes the grooming allegation. In August 2022, Miller announced they were seeking treatment for \"complex mental health issues.\" Later, in January, The Flash studio Warner Bros. announced that they were standing behind the actor. You can read more about the issues surrounding Miller <a href=\"https://www.gamespot.com/articles/dcu-studios-bosses-fully-support-ezra-millers-recovery-open-to-dcu-return/1100-6511026/\">here</a>.</p></div><p dir=\"ltr\">Warner Bros./DC's latest superhero film, The Flash, is off to a solid start at the box office, according to exclusive reports from <a href=\"https://deadline.com/2023/06/box-office-the-flash-elemental-ezra-miller-1235418741/\">Deadline</a>. The movie generated approximately $9 million in Thursday night previews. While critical reception on Rotten Tomatoes dipped from 71% to 67% fresh, audience approval remains strong at 88%, which is a positive sign for the film.</p><p dir=\"ltr\">Compared to other superhero films, The Flash's Thursday previews were on par with Venom, Doctor Strange, and Aquaman. It surpassed Ant-Man's earnings. Wonder Woman's Thursday figures are not directly comparable as it had significant anticipation and media coverage. The Flash's marketing strategy differed, with star Ezra Miller making a late appearance due to personal reasons.</p><p dir=\"ltr\">The Flash is projected to earn $70-75 million over the weekend. If it follows the box office patterns of Doctor Strange and Venom, exceeding $80 million is possible.</p><a href=\"https://www.gamespot.com/articles/the-flash-is-racing-towards-80-million-opening-weekend/1100-6515296/?ftag=CAD-01-10abi2f/\">Continue Reading at GameSpot</a>", "link": "https://www.gamespot.com/articles/the-flash-is-racing-towards-80-million-opening-weekend/1100-6515296/?ftag=CAD-01-10abi2f", "date_published": "2023-06-16 15:03:00+00:00", "persistent": false, "user": null, "language": "en-US"}, {"source": "https://www.gamespot.com/feeds/mashup", "title": "The Best Buy-Exclusive Steelbook Edition Of The Flash Is Up For Preorder", "description": "<div><p>The Flash has faced scrutiny for over a year due to a variety of legal incidents involving star Ezra Miller. The actor was arrested twice in Hawaii on harassment and assault charges, pled guilty to trespassing after being charged with burglary, and has been accused of grooming a minor, among other incidents. The minor in question, now an adult, disputes the grooming allegation. In August 2022, Miller announced they were seeking treatment for \"complex mental health issues.\" Later, in January, The Flash studio Warner Bros. announced that they were standing behind the actor. You can read more about the issues surrounding Miller <a href=\"https://www.gamespot.com/articles/dcu-studios-bosses-fully-support-ezra-millers-recovery-open-to-dcu-return/1100-6511026/\">here</a>.</p></div><p>The Flash has just run into theaters, and if you're looking to add that movie to your collection, then you can grab an early preorder right now for it. Over at Best Buy, <a href=\"https://shop-links.co/1811324865514690376?u1=subid_value\">preorders for the film's upcoming 4K Blu-ray release are now live</a>, and come in a very eye-catching steelbook case.</p><div class=\"norewrite\" title=\"6515294 - The Flash Blu-Ray Preorder\">  <div class=\"buylink-container\">                                                                     <div class=\"js-buylink-item-container buylink-item-container\">             <h2 class=\"item-title\">                    <a href=\"https://shop-links.co/1811324865514690376?u1=subid_value\">The Flash Steelbook Edition</a>       </h2>                                   <h3 class=\"item-deck\">                      <a href=\"https://shop-links.co/1811324865514690376?u1=subid_value\">$37</a>         </h3>                                                                                                        <div class=\"image-container\">                                  <img class=\"main-image\" src=\"https://www.gamespot.com/a/uploads/square_medium/1601/16018044/4154111-flash-square.jpg\" />                             <a href=\"https://shop-links.co/1811324865514690376?u1=subid_value\"></a>                        </div>              <div class=\"item-description\"><p>The outside of this Blu-ray cover sports the signature logo of The Flash, and on the inside, you get an image of Michael Keaton's Batman and both Scarlet Speedsters. The perfect protection for the disc, some would say. This edition is for the 4K Ultra High-Definition version, so you know the picture will be exceptionally crisp if you have the right TV to watch movies on. If you don't have a UHD TV, worry not, because a 1080p Blu-ray and digital versions are also included.</p><p>As for special features, we don't know what's on the disc yet, but usually, these packages come with production crew commentary, behind-the-scenes documentaries, trailers, and short videos chronicling the history of these comic book characters from the printed page to the big screen. Previous DC movies like The Batman and Aquaman had plenty of extras like this, so it's a safe bet that The Flash will also have these special features.</p></div>                <div class=\"item-buttons\">                  <div>                      <a href=\"https://shop-links.co/1811324865514690376?u1=subid_value\">Preorder at Best Buy</a>                              </div>                                         </div>      </div>   </div> </div><p>\"For almost two hours, I really enjoyed The Flash. It's a fun romp through the past with big Back to the Future Part 2 vibes, not taking itself seriously enough to be obnoxious,\" Phil Owen wrote in GameSpot's <a href=\"https://www.gamespot.com/reviews/the-flash-review-fast-paced-fun-at-first-but-runs-out-of-steam/1900-6418077/\">The Flash review</a>. \"It wasn't perfect, and it doesn't earn most of its sappiness, but it was a good time.\"</p><p>Make sure to check out our <a href=\"https://www.gamespot.com/articles/spider-man-across-the-spider-verse-blu-ray-preorders/1100-6514756/\">preorder guide for Marvel's Spider-Man: Across the Spider-Verse</a>, as there are multiple special-edition Blu-rays available to order.</p><a href=\"https://www.gamespot.com/articles/the-best-buy-exclusive-steelbook-edition-of-the-flash-is-up-for-preorder/1100-6515294/?ftag=CAD-01-10abi2f/\">Continue Reading at GameSpot</a>", "link": "https://www.gamespot.com/articles/the-best-buy-exclusive-steelbook-edition-of-the-flash-is-up-for-preorder/1100-6515294/?ftag=CAD-01-10abi2f", "date_published": "2023-06-16 14:56:00+00:00", "persistent": false, "user": null, "language": "en-US"}, {"source": "https://www.gamespot.com/feeds/mashup", "title": "Streamer Claims Twitch's New Partner Plus Program Was \"Secret Deal\" Already Offered To Top Streamers", "description": "<p dir=\"ltr\">As a platform, Twitch is no stranger to controversy, but its new \"Partner Plus\" program is perhaps its biggest flash point in a while. A notable streamer has claimed that this new program--which is essentially a better revenue share agreement based on meeting certain milestones--was quietly offered to top streamers in the past.</p><div><blockquote align=\"center\" class=\"twitter-tweet\"><p dir=\"ltr\">Fuck it, this was the secret deal that they offered other streamers, if you hit this quota for three months you got the deal indefinitely, now they\u2019ve added a cap for the time period of 12 months. Meaning every year you have to hit this. <a href=\"https://t.co/puUp8ehHHp\">https://t.co/puUp8ehHHp</a></p>  \u2014 Paladin (@PaladinAmber) <a href=\"https://twitter.com/PaladinAmber/status/1669482320120913922?ref_src=twsrc^tfw\">June 15, 2023</a></blockquote>              </div><p dir=\"ltr\">The <a href=\"https://www.gamespot.com/articles/twitch-new-partner-program-will-finally-give-streamers-a-70-30-cut-of-the-revenue-pie/1100-6515267/\">Partner Plus program</a> allows qualified streamers to receive a 70/30 split on subscription revenues on the first $100,000 earned each year. In order to qualify for the program, streamers must have at least 350 \"recurring paid subscriptions for three consecutive months,\" per a <a href=\"https://blog.twitch.tv/en/2023/06/15/introducing-the-partner-plus-program/\">Twitch blog post</a>. Those who meet that criteria will be enrolled in the Partner Plus program for the next 12 months, regardless of how many paid subs they have during those months. Any revenue earned past $100,000 will be subject to Twitch's usual 50/50 split.</p><p dir=\"ltr\">Streamer PaladinAmber said on Twitter that Twitch had negotiated 70/30 deals with certain top performers based on the 350 sub criteria. However, the streamer said that while the deal used to be indefinite, this new program adds a 12 month cap, making it strictly worse for those who previously had it. PaladinAmber further states that Twitch should not take 50% of a streamer's income, and describes the platform as \"an empty room where we have to invite, promote, create, and direct content to entice people to join and watch.\"</p><a href=\"https://www.gamespot.com/articles/streamer-claims-twitchs-new-partner-plus-program-was-secret-deal-already-offered-to-top-streamers/1100-6515292/?ftag=CAD-01-10abi2f/\">Continue Reading at GameSpot</a>", "link": "https://www.gamespot.com/articles/streamer-claims-twitchs-new-partner-plus-program-was-secret-deal-already-offered-to-top-streamers/1100-6515292/?ftag=CAD-01-10abi2f", "date_published": "2023-06-16 14:39:00+00:00", "persistent": false, "user": null, "language": "en-US"}, {"source": "https://www.gamespot.com/feeds/mashup", "title": "Skyrim Grandma Isn't In Starfield And Will \"Never\" Play It", "description": "<p>Shirley Curry, AKA Skyrim Grandma, won't be making an appearance in the upcoming <a href=\"https://www.gamespot.com/games/starfield/\">Starfield</a>. The 87-year-old <a href=\"https://www.youtube.com/channel/UCzkY7wa8Ksxv4M5NyUYgTmA/videos\">YouTuber</a>, who will be featured in <a href=\"https://www.gamespot.com/games/the-elder-scrolls-vi/\">The Elder Scrolls VI </a>as an NPC, confirmed she wasn't contacted about being in Bethesda's upcoming space RPG.</p><p>\"They never contacted me to be in [Starfield] so I'm not,\" Curry said, in response to a comment on a YouTube video (via <a href=\"https://www.reddit.com/r/Starfield/comments/14a5l0z/skyrims_grandma_will_not_be_in_starfield/?utm_source=embedv2&amp;utm_medium=post_embed&amp;utm_content=whitespace&amp;embed_host_url=https://www.gamesradar.com/skyrim-grandma-will-not-be-in-starfield-and-has-no-plans-to-play-it/\">Reddit</a>). \"Also, I will never play it,\" she added.</p><p>During the recent Starfield Direct, Bethesda made a reference to a character named Grandma, leading to speculation that Curry may be featured in the game. Though, as relayed by <a href=\"https://www.gamesradar.com/skyrim-grandma-will-not-be-in-starfield-and-has-no-plans-to-play-it/\">GamesRadar</a>, Curry said, \"Someone called 'grandma' may just be a nod to me... which would be sweet.\"</p><a href=\"https://www.gamespot.com/articles/skyrim-grandma-isnt-in-starfield-and-will-never-play-it/1100-6515291/?ftag=CAD-01-10abi2f/\">Continue Reading at GameSpot</a>", "link": "https://www.gamespot.com/articles/skyrim-grandma-isnt-in-starfield-and-will-never-play-it/1100-6515291/?ftag=CAD-01-10abi2f", "date_published": "2023-06-16 14:29:00+00:00", "persistent": false, "user": null, "language": "en-US"}, {"source": "https://www.gamespot.com/feeds/mashup", "title": "Arnold Schwarzenegger Believes He Could Be US President, If He Were Allowed To Be", "description": "<p>Actor and former bodybuilding champion Arnold Schwarzenegger believes he has what it takes to be president of the United States, but the bad news for him is that it won't happen.</p><p>Speaking to Chris Wallace for his Max show Who's Talking, Schwarzenegger said \"of course\" he could be elected president were it not for the US Constitution rule that states the president must be a natural born US citizen. Schwarzenegger was born in Austria and is a naturalized US citizen. He was governor of California from 2003-2011.</p><p>\"I mean, I think the field was wide open in 2016. And I think the field is open right now. I mean, think about it right now. I mean, who is there? There is really not a person that can bring everyone together,\" he said, as reported by <a href=\"https://variety.com/2023/film/news/arnold-schwarzenegger-president-2024-says-win-1235646563/\">Variety</a>. \"Who is here today that people say, 'Okay, he's not too old or he's not too this or too that, or is that because it's now a question about who do you vote against then who do you vote for?\"</p><a href=\"https://www.gamespot.com/articles/arnold-schwarzenegger-believes-he-could-be-us-president-if-he-were-allowed-to-be/1100-6515287/?ftag=CAD-01-10abi2f/\">Continue Reading at GameSpot</a>", "link": "https://www.gamespot.com/articles/arnold-schwarzenegger-believes-he-could-be-us-president-if-he-were-allowed-to-be/1100-6515287/?ftag=CAD-01-10abi2f", "date_published": "2023-06-16 14:16:00+00:00", "persistent": false, "user": null, "language": "en-US"}, {"source": "https://www.gamespot.com/feeds/mashup", "title": "Fire Emblem GBA Coming To Nintendo Switch Online + Expansion Pass", "description": "<p dir=\"ltr\">The first Fire Emblem to release internationally will arrive on Nintendo Switch Online + Expansion Pass on June 23. Called Fire Emblem originally--also now known as Fire Emblem: The Blazing Blade--the Game Boy Advance title is actually the seventh installment in the long-running strategy RPG series.</p><p dir=\"ltr\">Fire Emblem launched on the GBA in North America in 2003. Before that, the only exposure Western audiences had with the franchise was Roy and Marth appearing in Super Smash Bros. Melee. Fire Emblem follows <a href=\"https://www.gamespot.com/articles/more-super-mario-advance-games-are-coming-to-nintendo-switch-online-this-month/1100-6514370/\">a trio of Super Mario Advance titles that joined Nintendo Switch Online + Expansion Pass</a> last month. The GBA library is exclusive to this premium tier of the subscription service, which costs $50 yearly.</p><div>          </div><p dir=\"ltr\"><a href=\"https://www.gamespot.com/articles/game-boy-gba-games-coming-to-nintendo-switch-online-including-links-awakening-metroid-2/1100-6511299/\">Game Boy and GBA games came to Nintendo Switch Online</a> in February. The former's library is available on the basic tier of the service, which is $20 annually. You can find titles there like The Legend of Zelda: Link's Awakening, Super Mario Land 2, and Metroid II: Return of Samus.</p><a href=\"https://www.gamespot.com/articles/fire-emblem-gba-coming-to-nintendo-switch-online-expansion-pass/1100-6515290/?ftag=CAD-01-10abi2f/\">Continue Reading at GameSpot</a>", "link": "https://www.gamespot.com/articles/fire-emblem-gba-coming-to-nintendo-switch-online-expansion-pass/1100-6515290/?ftag=CAD-01-10abi2f", "date_published": "2023-06-16 14:16:00+00:00", "persistent": false, "user": null, "language": "en-US"}, {"source": "https://www.gamespot.com/feeds/mashup", "title": "Bella Ramsey Talks About Getting Incredibly Famous After The Last Of Us: \"There's No Way Back\"", "description": "<p dir=\"ltr\">In an interview with <a href=\"https://deadline.com/2023/06/the-last-of-us-pedro-pascal-bella-ramsey-interview-1235414885/\">Deadline</a>, Bella Ramsey and Pedro Pascal, stars of HBO's The Last of Us, discussed their experiences working on the highly anticipated series. Ramsey, who portrays Ellie, candidly shared their thoughts on fame, while Pascal expressed excitement for the evolving dynamics in Season 2.</p><p dir=\"ltr\">Ramsey opened up about the challenges of adjusting to fame, admitting that it can be tiring and sometimes make them feel like \"more of an object than a person\u2026It's scary sometimes. And also, what I find hard is the knowledge that [fame] is never going to be less than this now. I can\u2019t reverse it.\" Ramsey also added, \"There's no way back, even if I quit acting. I've already crossed the threshold.\"</p><p dir=\"ltr\">Pascal--whose popularity has soared in recent years--chimed in, sharing his perspective on fame and advising Ramsey not to give it too much attention. He reassured them, saying, \"Don't give it [any attention]. It'll pass.\" Both actors acknowledged the vulnerability that comes with constant public attention and the need to navigate it while staying true to themselves.</p><a href=\"https://www.gamespot.com/articles/bella-ramsey-talks-about-getting-incredibly-famous-after-the-last-of-us-theres-no-way-back/1100-6515289/?ftag=CAD-01-10abi2f/\">Continue Reading at GameSpot</a>", "link": "https://www.gamespot.com/articles/bella-ramsey-talks-about-getting-incredibly-famous-after-the-last-of-us-theres-no-way-back/1100-6515289/?ftag=CAD-01-10abi2f", "date_published": "2023-06-16 14:11:00+00:00", "persistent": false, "user": null, "language": "en-US"}, {"source": "https://www.gamespot.com/feeds/mashup", "title": "ARC Raiders Closed Alpha Official Announcement Trailer", "description": "<img height=\"480\" src=\"https://www.gamespot.com/a/uploads/square_medium/1352/13527689/4153973-arc-raiders-social%281%29.jpg\" width=\"480\" /> Get a glimpse of cinematics and pre-alpha footage in this latest trailer for ARC Raiders. You can sign up for the Closed Alpha now that will start on June 29th.", "link": "https://www.gamespot.com/videos/arc-raiders-closed-alpha-official-announcement-trailer/2300-6461694/", "date_published": "2023-06-16 14:00:00+00:00", "persistent": false, "user": null, "language": "en-US"}, {"source": "https://www.gamespot.com/feeds/mashup", "title": "Marvel's Spider-Man Remastered For PC Is Only $30", "description": "<p>With Marvel's Spider-Man 2 releasing October 20, now's a great time to revisit the first entry in the series. And if you're interested in playing it on PC, Newegg has a stellar deal on Marvel's Spider-Man Remastered Steam keys. You can <span class=\"norewrite\">           <a href=\"https://shop-links.co/1811320177789757029?u1=subid_value\">snag a Steam key for only $30</a> </span> today only (June 16). This is the lowest price ever for the remaster on PC.</p><div><div class=\"norewrite\" title=\"\">           <a href=\"https://shop-links.co/1811320177789757029?u1=subid_value\">See at Newegg</a> </div></div><p> </p><p>To get the full discount, you have to enter promo code <strong>SSZCTA622</strong> when checking out.</p><a href=\"https://www.gamespot.com/articles/marvels-spider-man-remastered-for-pc-is-only-30/1100-6506839/?ftag=CAD-01-10abi2f/\">Continue Reading at GameSpot</a>", "link": "https://www.gamespot.com/articles/marvels-spider-man-remastered-for-pc-is-only-30/1100-6506839/?ftag=CAD-01-10abi2f", "date_published": "2023-06-16 13:54:00+00:00", "persistent": false, "user": null, "language": "en-US"}, {"source": "https://www.gamespot.com/feeds/mashup", "title": "The Next Pokemon Trading Card Game Set Is All About The Original 151", "description": "<p dir=\"ltr\">After launching two sets themed after the most recent Pokemon games, the Pokemon Trading Card Game's next set will focus entirely on the first batch of pocket monsters to enter the franchise. The Pokemon Company announced the Pokemon TCG Scarlet And Violet - 151 expansion today, and it is scheduled to launch both in stores and on the Pokemon TCG Live app on September 22.</p><p dir=\"ltr\">The set will feature all 151 Pokemon from the first generation of Pokemon games--Pokemon Red, Blue, and Yellow. Artwork for the card will depict the creatures in and around Paldea, which is the region from the newest games, Pokemon Scarlet And Violet.</p><figure style=\"width: 2701px;\"><a href=\"https://www.gamespot.com/a/uploads/original/3/37852/4154084-pokemon_tcg_scarlet_violet%E2%80%94151_pokemon_center_elite_trainer_box_png_jpgcopy.jpg\"><img alt=\"No Caption Provided\" src=\"https://www.gamespot.com/a/uploads/scale_super/3/37852/4154084-pokemon_tcg_scarlet_violet%E2%80%94151_pokemon_center_elite_trainer_box_png_jpgcopy.jpg\" /></a></figure><figure><div class=\"image-gallery__label\">Gallery</div>   <div class=\"image-gallery__list hide-scrollbar image-gallery__list--small\">       <a href=\"https://www.gamespot.com/a/uploads/original/3/37852/4154085-pokemon_tcg_scarlet_violet%E2%80%94151_binder_collection_png_jpgcopy.jpg\">       <img alt=\"Gallery image 1\" src=\"https://www.gamespot.com/a/uploads/square_avatar/3/37852/4154085-pokemon_tcg_scarlet_violet%E2%80%94151_binder_collection_png_jpgcopy.jpg\" />     </a>       <a href=\"https://www.gamespot.com/a/uploads/original/3/37852/4154086-pokemon_tcg_scarlet_violet%E2%80%94151_booster_bundle_png_jpgcopy.jpg\">       <img alt=\"Gallery image 2\" src=\"https://www.gamespot.com/a/uploads/square_avatar/3/37852/4154086-pokemon_tcg_scarlet_violet%E2%80%94151_booster_bundle_png_jpgcopy.jpg\" />     </a>       <a href=\"https://www.gamespot.com/a/uploads/original/3/37852/4154087-pokemon_tcg_scarlet_violet%E2%80%94151_booster_wrap_mew_png_jpgcopy.jpg\">       <img alt=\"Gallery image 3\" src=\"https://www.gamespot.com/a/uploads/square_avatar/3/37852/4154087-pokemon_tcg_scarlet_violet%E2%80%94151_booster_wrap_mew_png_jpgcopy.jpg\" />     </a>   </div>  </figure><p dir=\"ltr\">Premium cards in the set will include the following:</p><a href=\"https://www.gamespot.com/articles/the-next-pokemon-trading-card-game-set-is-all-about-the-original-151/1100-6515288/?ftag=CAD-01-10abi2f/\">Continue Reading at GameSpot</a>", "link": "https://www.gamespot.com/articles/the-next-pokemon-trading-card-game-set-is-all-about-the-original-151/1100-6515288/?ftag=CAD-01-10abi2f", "date_published": "2023-06-16 13:45:00+00:00", "persistent": false, "user": null, "language": "en-US"}, {"source": "https://www.gamespot.com/feeds/mashup", "title": "New Batman Movie Brings On The Flash Director", "description": "<p>After directing <a href=\"https://www.gamespot.com/reviews/the-flash-review-fast-paced-fun-at-first-but-runs-out-of-steam/1900-6418077/\">The Flash</a>, a film with several Batmen in it, Andy Muschietti's next film will see him helm The Brave and the Bold as part of DC Studios' upcoming slate of movies.</p><p>\"We saw The Flash even before taking the reins at DC Studios, and knew we were in the hands of not only a visionary director but a massive DC fan,\" DC Studios presidents James Gunn and Peter Safran said to <a href=\"https://variety.com/2023/film/news/brave-and-the-bold-andy-muschietti-directing-batman-film-the-flash-1235646262/\">Variety</a>. \"It's a magnificent film--funny, emotional, thrilling--and Andy's affinity and passion for these characters and this world just resonates through every frame. So, when it came time to find a director for The Brave and the Bold, there was really only one choice. Luckily, Andy said yes. Barbara [Muschietti] signed on to produce with us and we were on our way.\"</p><p><a href=\"https://www.gamespot.com/articles/james-gunn-announces-new-batman-movie-the-brave-and-the-bold/1100-6511018/\">The Brave and the Bold</a>--which is inspired by Grant Morrison's comic book run--features both Batman and Robin in action. This isn't the original Robin joining the Caped Crusader either, as the film will focus on Batman's secret son Damian Wayne, who was raised since birth to succeed his father and eventually replace him. \"He was raised as a little murderer, an assassin. He's a little son of a bitch. He's my favorite Robin,\" Gunn said during the reveal of the <a href=\"https://www.gamespot.com/gallery/every-upcoming-dc-studios-movie-and-tv-show-and-what-we-know-about-them/2900-4630/\">new DC cinematic universe</a>.</p><a href=\"https://www.gamespot.com/articles/new-batman-movie-brings-on-the-flash-director/1100-6515286/?ftag=CAD-01-10abi2f/\">Continue Reading at GameSpot</a>", "link": "https://www.gamespot.com/articles/new-batman-movie-brings-on-the-flash-director/1100-6515286/?ftag=CAD-01-10abi2f", "date_published": "2023-06-16 13:36:00+00:00", "persistent": false, "user": null, "language": "en-US"}, {"source": "https://www.gamespot.com/feeds/mashup", "title": "Is Halo Infinite Sequel In Development? Exec Won't Say, But Feels \"Confident\" In New Leadership", "description": "<p>Xbox Game Studios boss Matt Booty has commented on the future of Halo amid Halo Infinite's troubled start, layoffs at developer 343 Industries, and some of the top talent departing.</p><p>Matt Booty told <a href=\"https://www.axios.com/newsletters/axios-gaming-859a2221-8d0f-4721-935b-0e87638a0280.html\">Axios</a> that he feels \"confident in the leadership team\" in place at 343 right now, but wouldn't confirm if a Halo Infinite sequel or any new Halo games are now in development. That being said, Booty said the, \"The team that got us here is probably not the same team that's going to take us forward.\"</p><p>343 was impacted by Microsoft's wider layoffs earlier this year. Beyond that, top talent like Joseph Staten, Frank O'Connor, Bonnie Ross, David Ellis, and more have left the company.</p><a href=\"https://www.gamespot.com/articles/is-halo-infinite-sequel-in-development-exec-wont-say-but-feels-confident-in-new-leadership/1100-6515283/?ftag=CAD-01-10abi2f/\">Continue Reading at GameSpot</a>", "link": "https://www.gamespot.com/articles/is-halo-infinite-sequel-in-development-exec-wont-say-but-feels-confident-in-new-leadership/1100-6515283/?ftag=CAD-01-10abi2f", "date_published": "2023-06-16 13:13:00+00:00", "persistent": false, "user": null, "language": "en-US"}, {"source": "https://www.gamespot.com/feeds/mashup", "title": "Xbox Exec On Redfall: \"It Was A Miss, But How Much Of A Miss?\"", "description": "<p>Arkane Austin's Redfall received a <a href=\"https://www.gamespot.com/articles/review-roundup-for-redfall/1100-6513752/\">very lukewarm reception upon release</a>, and since then, reports of a <a href=\"https://www.gamespot.com/articles/redfalls-rocky-development-caused-arkane-to-lose-70-of-preys-dev-team-report/1100-6514721/\">troubled development process</a> and a extremely hands-off approach from Microsoft have begun circulating. Speaking to <a href=\"https://www.axios.com/newsletters/axios-gaming-859a2221-8d0f-4721-935b-0e87638a0280.html\">Axios</a>, Xbox Game Studios boss Matt Booty commented on Redfall's poor reception and future as an Xbox first-party exclusive.</p><p>According to Booty, Redfall is getting \"good play\" through Xbox Game Pass. \"It was a miss, but how much of a miss? I want to support them to be able to keep working to deliver the game they had in mind,\" Booty said. Arkane Austin will still support the game in the near-future. \"That is the plan right now. They are hard at work on updates and continued content for Redfall,\" Booty added.</p><p>In a previous interview, <a href=\"https://www.gamespot.com/articles/xbox-team-thought-redfall-was-going-to-perform-better-than-it-did/1100-6515175/\">Booty spoke about</a> how he and management believed that the game would have had a more positive reception on launch. \"Sometimes, a team can just get a little bit of tunnel vision around their game, and sometimes management can have the opposite problem where maybe they're zoomed a little too far out,\" he said. \"And it was a case of us having indicators that the game was going to perform a certain way \u2026 we had people play the game, we had reviews, we do mock reviews, we just had indicators that it was going to perform better than it did. And I think the team was so committed to what they were building that they just had a little bit of tunnel vision.\"</p><a href=\"https://www.gamespot.com/articles/xbox-exec-on-redfall-it-was-a-miss-but-how-much-of-a-miss/1100-6515285/?ftag=CAD-01-10abi2f/\">Continue Reading at GameSpot</a>", "link": "https://www.gamespot.com/articles/xbox-exec-on-redfall-it-was-a-miss-but-how-much-of-a-miss/1100-6515285/?ftag=CAD-01-10abi2f", "date_published": "2023-06-16 13:00:00+00:00", "persistent": false, "user": null, "language": "en-US"}, {"source": "https://www.gamespot.com/feeds/mashup", "title": "New On Disney Plus In July 2023: Sharkfest, New World Of Mickie Mouse", "description": "<p>As July comes closer, Disney+ is preparing to unveil a lineup of new TV shows and movies. Subscribers can look forward to a plethora of fresh content, with some titles scheduled to premiere as early as July 2, while others will be released throughout the month, offering a diverse array of entertainment options for subscribers to enjoy.</p><p>At the start of the month, there will be a slew of new shark documentaries and specials that continues Disney's Sharkfest celebration. There will be 11 in total with more episodes of When Sharks Attack and its companion series When Sharks Attack...And Why.</p><p>Towards the end of July, Mickey Mouse fans will be treated to a brand-new Wonderful World of Mickie Mouse special, Steamboat Silly. The Wonderful World of Mickie Mouse shorts and seasonal specials have been consistently great, taking on a more unhinged and comedic take on these iconic characters. In Steamboat Silly, Mickie accidentally brings his old home movies to life, causing a multitude of Mickies to run rampant.</p><a href=\"https://www.gamespot.com/articles/new-on-disney-plus-in-july-2023-sharkfest-new-world-of-mickie-mouse/1100-6515284/?ftag=CAD-01-10abi2f/\">Continue Reading at GameSpot</a>", "link": "https://www.gamespot.com/articles/new-on-disney-plus-in-july-2023-sharkfest-new-world-of-mickie-mouse/1100-6515284/?ftag=CAD-01-10abi2f", "date_published": "2023-06-16 11:11:00+00:00", "persistent": false, "user": null, "language": "en-US"}, {"source": "https://www.gamespot.com/feeds/mashup", "title": "Naruto X Boruto: Ultimate Ninja Storm Connections Preview: An Arena Fighter For A New Generation", "description": "<p dir=\"ltr\">Even though it feels like Ultimate Ninja Storm games have been coming out in droves, it's been seven years since the last proper one. In that time, the torch has been passed from Boruto's dad to Boruto himself, with the anime and manga carrying that legacy. Folks have been gradually warming up to Boruto as the anime has ramped up, but Boruto is also about ushering in a new generation of fans. That's where <a href=\"https://www.gamespot.com/games/naruto-x-boruto-ultimate-ninja-storm-connections/\">Naruto X Boruto: Ultimate Ninja Storm Connections</a> comes in, picking up right where the 3D arena fighting series left off.</p><p dir=\"ltr\">This new entry is a sort of \"greatest hits\" for the Ultimate Ninja Storm games that coincides with the 20th anniversary of the Naruto anime. It features an expansive roster of over 130 characters throughout Naruto's history and the two story modes that fuse what's old and new in the franchise. As I got hands on with this latest entry at Summer Game Fest, it brought a strong sense of familiarity while channeling that same energy I'd expect from a fast and flashy pick-up-and-play arena-style fighter--now, for a new era.</p><div>          </div><p dir=\"ltr\">Mechanically, Naruto X Boruto plays similarly to the previous games in the series with two players facing off in a 3D arena using basic attacks, combos, substitute dodges, and a variety of wild Jutsus. It's also a tag-fighter, with each player having a team of three characters who they can swap to during the fight. While this system lets you mix and match your favorite characters for different team compositions, what you really want to do is set yourself up for Combination Ultimate Jutsus. These were in Ultimate Ninja Storm 4, but now with a roster of characters from Boruto, we can execute a whole new variety of them. For example, I had Boruto and Kawaki attack in unison, with Kawaki helping power up Boruto's Rasengan, for a ton of damage.</p><a href=\"https://www.gamespot.com/articles/naruto-x-boruto-ultimate-ninja-storm-connections-preview-an-arena-fighter-for-a-new-generation/1100-6515281/?ftag=CAD-01-10abi2f/\">Continue Reading at GameSpot</a>", "link": "https://www.gamespot.com/articles/naruto-x-boruto-ultimate-ninja-storm-connections-preview-an-arena-fighter-for-a-new-generation/1100-6515281/?ftag=CAD-01-10abi2f", "date_published": "2023-06-16 00:30:00+00:00", "persistent": false, "user": null, "language": "en-US"}]