[{"source": "https://www.bloomberg.com/politics/feeds/site.xml", "title": "Hedge Funds Could Bet $100 Million on US Election in Kalshi Plan", "description": "Hedge funds and other major Wall Street firms could soon get to bet as much as $100 million on which US political party will control Congress under a new plan from Kalshi Inc.", "link": "https://www.bloomberg.com/news/articles/2023-06-16/hedge-funds-could-bet-100-million-on-us-election-in-kalshi-plan", "date_published": "2023-06-16 22:49:54+00:00", "persistent": false, "user": null, "language": "en-US"}, {"source": "https://www.bloomberg.com/politics/feeds/site.xml", "title": "New Jersey\u2019s Tax Revenue Sinks 20% in May From Last Year", "description": "New Jersey collected $2.6 billion of major tax revenue in May, a $642 million or 20% decrease from the same month a year ago.", "link": "https://www.bloomberg.com/news/articles/2023-06-16/new-jersey-may-tax-revenue-sinks-by-20-since-last-year", "date_published": "2023-06-16 21:21:01+00:00", "persistent": false, "user": null, "language": "en-US"}, {"source": "https://www.bloomberg.com/politics/feeds/site.xml", "title": "Biden Plans to Ride\u00a0the Economy Into 2024 Reelection Campaign", "description": "This is Washington Edition, the newsletter about money, power and politics in the nation\u2019s capital. Today, White House reporter Jordan Fabian looks at Joe Biden\u2019s campaign\u00a0kickoff.\u00a0Sign up here\u00a0and follow us at\u00a0@bpolitics.\u00a0Email our editors\u00a0here.", "link": "https://www.bloomberg.com/news/newsletters/2023-06-16/biden-plans-to-ride-the-economy-into-2024-reelection-campaign", "date_published": "2023-06-16 20:33:40+00:00", "persistent": false, "user": null, "language": "en-US"}, {"source": "https://www.bloomberg.com/politics/feeds/site.xml", "title": "NATO Chief Stoltenberg Could Stay On as Nations Bicker on Successor", "description": "NATO countries are increasingly likely to ask Secretary General Jens Stoltenberg to remain for another year as they struggle to reach a consensus on his successor ahead of next month\u2019s summit, according to a person familiar with the matter.", "link": "https://www.bloomberg.com/news/articles/2023-06-16/nato-chief-stoltenberg-could-stay-on-amid-lack-of-consensus", "date_published": "2023-06-16 18:53:45+00:00", "persistent": false, "user": null, "language": "en-US"}, {"source": "https://www.bloomberg.com/politics/feeds/site.xml", "title": "What Sanctions on Russia Have and Haven\u2019t Achieved", "description": "As Russia massed troops near its border with Ukraine early in 2022, the US, the European Union and their allies held out hope that threats of massive sanctions might deter an invasion. Once hostilities began, there was a sense that sanctions could force an immediate economic crisis in Russia and a quick end to the war. With fighting now in its second year, the latest thinking is that prolonged sanctions, including restrictions on essential Russian imports, will have a cumulative effect, eventual", "link": "https://www.bloomberg.com/news/articles/2023-06-16/what-sanctions-on-russia-have-and-haven-t-achieved", "date_published": "2023-06-16 18:51:50+00:00", "persistent": false, "user": null, "language": "en-US"}, {"source": "https://www.bloomberg.com/politics/feeds/site.xml", "title": "Daniel Ellsberg, Who Leaked Pentagon Papers on Vietnam War, Dies at 92", "description": "Daniel Ellsberg, the onetime military analyst who carried out one of the most consequential media leaks in history when he revealed the US government\u2019s duplicity during the Vietnam War, has died. He was 92.", "link": "https://www.bloomberg.com/news/articles/2023-06-16/daniel-ellsberg-who-leaked-vietnam-pentagon-papers-dies-at-92", "date_published": "2023-06-16 18:36:51+00:00", "persistent": false, "user": null, "language": "en-US"}, {"source": "https://www.bloomberg.com/politics/feeds/site.xml", "title": "Italy Curbs China Influence Over\u00a0Formula One Tiremaker Pirelli", "description": "Italy\u2019s government stepped in to limit the influence of China\u2019s Sinochem over Formula One supplier Pirelli SpA, citing concern about data collected by sensors in the company\u2019s tires.", "link": "https://www.bloomberg.com/news/articles/2023-06-16/italy-curbs-chinese-sinochem-s-influence-over-tiremaker-pirelli", "date_published": "2023-06-16 18:30:57+00:00", "persistent": false, "user": null, "language": "en-US"}, {"source": "https://www.bloomberg.com/politics/feeds/site.xml", "title": "US Keeps China on FX Watchlist, Without Designating Currency Manipulators", "description": "The US Treasury said seven major economies, including China, were on its \u201cmonitoring list\u201d for currency practices, while refraining in a semiannual report from designating any trading partner as a foreign-exchange manipulator.", "link": "https://www.bloomberg.com/news/articles/2023-06-16/us-keeps-china-on-fx-watchlist-without-designating-manipulators", "date_published": "2023-06-16 18:00:00+00:00", "persistent": false, "user": null, "language": "en-US"}, {"source": "https://www.bloomberg.com/politics/feeds/site.xml", "title": "US Asks Mexico to Review\u00a0Labor Conditions at Grupo Mexico Mine", "description": "The US is asking Mexico to review labor rights conditions at a mine owned by Grupo Mexico SAB.", "link": "https://www.bloomberg.com/news/articles/2023-06-16/us-asks-mexico-to-review-grupo-mexico-labor-conditions-at-mine", "date_published": "2023-06-16 17:57:42+00:00", "persistent": false, "user": null, "language": "en-US"}, {"source": "https://www.bloomberg.com/politics/feeds/site.xml", "title": "EU Nations Back Renewable Deal as France Wins Nuclear Assurances", "description": "European Union member states paved the way to finally signing off on rules to massively scale up renewable energy this decade after France won assurances for a greater role for its nuclear sector in the green transition and dropped last-minute opposition.", "link": "https://www.bloomberg.com/news/articles/2023-06-16/eu-nations-back-renewable-deal-as-france-wins-nuclear-assurances", "date_published": "2023-06-16 17:11:38+00:00", "persistent": false, "user": null, "language": "en-US"}, {"source": "https://www.bloomberg.com/politics/feeds/site.xml", "title": "Blinken Says His China Trip Aims to Lower Risk of Conflict", "description": "Secretary of State Antony Blinken said his upcoming trip to Beijing is part of the Biden administration\u2019s effort to make sure the rivalry between the US and China doesn\u2019t erupt into open conflict.", "link": "https://www.bloomberg.com/news/articles/2023-06-16/blinken-says-his-china-trip-aims-to-lower-risk-of-conflict", "date_published": "2023-06-16 16:57:26+00:00", "persistent": false, "user": null, "language": "en-US"}, {"source": "https://www.bloomberg.com/politics/feeds/site.xml", "title": "Putin Screens Show of WWII Massacres at Forum to Justify His War", "description": "Russian President Vladimir Putin screened archive film footage of World War II massacres of Jews, Poles and others at his annual economic forum in St. Petersburg to justify his invasion of Ukraine.", "link": "https://www.bloomberg.com/news/articles/2023-06-16/putin-screens-show-of-wwii-massacres-at-forum-to-justify-his-war", "date_published": "2023-06-16 16:50:45+00:00", "persistent": false, "user": null, "language": "en-US"}, {"source": "https://www.bloomberg.com/politics/feeds/site.xml", "title": "AMLO\u2019s Party Kicks Off Succession Fight in Run-Up to 2024 Vote", "description": "A rush by top members of President Andres Manuel Lopez Obrador\u2019s government to resign from their posts has marked the beginning of the ruling Morena party\u2019s three-month campaign to pick a successor for the charismatic Mexican leader known as AMLO.", "link": "https://www.bloomberg.com/news/articles/2023-06-16/amlo-s-party-kicks-off-succession-fight-in-run-up-to-2024-vote", "date_published": "2023-06-16 16:44:56+00:00", "persistent": false, "user": null, "language": "en-US"}, {"source": "https://www.bloomberg.com/politics/feeds/site.xml", "title": "Biden To Formally Tap Mandy Cohen For CDC Director Imminently", "description": "President Joe Biden said he intends to appoint former North Carolina health chief Mandy Cohen as the next director of the Centers for Disease Control and Prevention.", "link": "https://www.bloomberg.com/news/articles/2023-06-16/biden-to-formally-tap-mandy-cohen-for-cdc-director-imminently", "date_published": "2023-06-16 15:45:59+00:00", "persistent": false, "user": null, "language": "en-US"}, {"source": "https://www.bloomberg.com/politics/feeds/site.xml", "title": "Putin Says Belarus Got First Russian Nuclear Weapons as Planned", "description": "President Vladimir Putin said Russia has delivered its first tactical nuclear weapons to Belarus, three months after announcing the plan that threatens to ratchet up tensions with the US and its allies over the war in Ukraine.", "link": "https://www.bloomberg.com/news/articles/2023-06-16/putin-says-belarus-got-first-russian-nuclear-weapons-as-planned", "date_published": "2023-06-16 15:16:17+00:00", "persistent": false, "user": null, "language": "en-US"}, {"source": "https://www.bloomberg.com/politics/feeds/site.xml", "title": "Russia Has Transferred First Nuclear Weapons to Belarus, Putin Says", "description": "President\u00a0Vladimir Putin\u00a0said Russia has transferred\u00a0the first nuclear weapons to Belarus, Bloomberg News reports.\u201cIt happened, the first nuclear weapons were delivered to the territory of Belarus,\u201d Putin said at a forum in St. Petersburg. \u00a0Russia had earlier announced plans to store some tactical nuclear weapons in Belarus under its own control.", "link": "https://www.bloomberg.com/news/articles/2023-06-16/russia-has-transferred-first-nuclear-weapons-to-belarus-putin-says", "date_published": "2023-06-16 14:51:03+00:00", "persistent": false, "user": null, "language": "en-US"}, {"source": "https://www.bloomberg.com/politics/feeds/site.xml", "title": "Ecuador Presidential Race Pits Anti-Abortion Socialist Against Former Sniper", "description": "A socialist who hates abortion, a trained sniper and an anti-oil activist are among the favorites to win Ecuador\u2019s presidential race in upcoming elections.", "link": "https://www.bloomberg.com/news/articles/2023-06-16/ecuador-presidential-candidates-include-correa-s-pick-crime-hardliners", "date_published": "2023-06-16 13:00:00+00:00", "persistent": false, "user": null, "language": "en-US"}, {"source": "https://www.bloomberg.com/politics/feeds/site.xml", "title": "Boris Johnson Joins Daily Mail as Columnist But \u2018Did Not Inform Watchdog\u2019", "description": "Boris Johnson has confirmed he is joining the Daily Mail as a columnist but could already be in hot water with parliamentary authorities over the job.", "link": "https://www.bloomberg.com/en/news/thp/2023-06-16/boris-johnson-joins-daily-mail-as-columnist-but-did-not-inform-watchdog", "date_published": "2023-06-16 12:41:11+00:00", "persistent": false, "user": null, "language": "en-US"}, {"source": "https://www.bloomberg.com/politics/feeds/site.xml", "title": "Lithuania Targets Dual-Use Products to Russia in Signal to EU", "description": "Lithuania plans to unilaterally ban a swathe of dual-use goods that may enter Russia via Belarus and potentially end up on the battlefield in Ukraine, raising pressure on the European Union to tighten restrictions targeting Moscow.", "link": "https://www.bloomberg.com/news/articles/2023-06-16/lithuania-targets-dual-use-products-to-russia-in-signal-to-eu", "date_published": "2023-06-16 12:15:54+00:00", "persistent": false, "user": null, "language": "en-US"}, {"source": "https://www.bloomberg.com/politics/feeds/site.xml", "title": "New Spider-Man Movie Pulled From Cinemas in Arab World", "description": "DUBAI, United Arab Emirates (AP) &mdash; The new blockbuster movie \u201cSpider-Man: Across the Spider-Verse\u201d was abruptly removed from cinema listings in more than a dozen Muslim-majority countries without explanation, apparently over the inclusion of a blink-and-you-miss-it transgender poster in the background of one frame.", "link": "https://www.bloomberg.com/en/news/thp/2023-06-16/new-spider-man-film-pulled-from-cinema-programs-in-arab-world-possibly-over-transgender-flag", "date_published": "2023-06-16 12:03:31+00:00", "persistent": false, "user": null, "language": "en-US"}, {"source": "https://www.bloomberg.com/politics/feeds/site.xml", "title": "Harlan Crow's Stonewalling Over Gifts to Justice Thomas Tests Senate's Power", "description": "Harlan Crow, the conservative billionaire who bestowed luxurious trips and private real estate deals on Supreme Court Justice Clarence Thomas and his family, is signaling a will to do what auto-industry chieftains and Wall Street titans dared not: defy a Senate subpoena.", "link": "https://www.bloomberg.com/news/articles/2023-06-16/justice-thomas-gift-fight-sets-up-test-of-storied-senate-power", "date_published": "2023-06-16 12:00:00+00:00", "persistent": false, "user": null, "language": "en-US"}, {"source": "https://www.bloomberg.com/politics/feeds/site.xml", "title": "Intel, Micron Spending Spree Shows Chip Diplomacy Bearing Fruit", "description": "Intel Corp. and Micron Technology Inc. are planning to spend billions of dollars on new chip plants outside of the US, highlighting a global race to diversify supplies of critical components amid tensions with China.", "link": "https://www.bloomberg.com/news/articles/2023-06-16/intel-micron-spending-spree-shows-chip-diplomacy-bears-fruit", "date_published": "2023-06-16 11:31:58+00:00", "persistent": false, "user": null, "language": "en-US"}, {"source": "https://www.bloomberg.com/politics/feeds/site.xml", "title": "Forget TikTok, AI Is the Latest Obsession in Congress", "description": "Dire warnings about TikTok dominated conversations on Capitol Hill earlier this year, with both Republicans and Democrats describing the Chinese-owned app as one of the gravest national security threats to the US.", "link": "https://www.bloomberg.com/news/articles/2023-06-16/will-the-us-ban-tiktok-ai-becomes-congress-s-new-obsession", "date_published": "2023-06-16 11:30:00+00:00", "persistent": false, "user": null, "language": "en-US"}, {"source": "https://www.bloomberg.com/politics/feeds/site.xml", "title": "Rahm Emanuel Slams Xi on Economy Ahead of Blinken\u2019s China Visit", "description": "The US envoy to Japan slammed Xi Jinping\u2019s handling of China\u2019s economy while calling an upcoming visit to Beijing by Secretary of State Antony Blinken a chance to stabilize relations.", "link": "https://www.bloomberg.com/news/articles/2023-06-16/rahm-emanuel-slams-xi-on-economy-ahead-of-blinken-s-china-visit", "date_published": "2023-06-16 11:25:18+00:00", "persistent": false, "user": null, "language": "en-US"}, {"source": "https://www.bloomberg.com/politics/feeds/site.xml", "title": "France and Germany Are at Odds Over How to Bring Debt Down in EU", "description": "France and Germany dug in their heels in a disagreement over how to make European Union countries rein in their indebtedness, highlighting the difficulties as the bloc tries to agree new fiscal rules by the end of the year.", "link": "https://www.bloomberg.com/news/articles/2023-06-16/france-and-germany-are-at-odds-over-how-to-bring-debt-down-in-eu", "date_published": "2023-06-16 11:00:15+00:00", "persistent": false, "user": null, "language": "en-US"}, {"source": "https://www.bloomberg.com/politics/feeds/site.xml", "title": "ECB\u2019s Guindos Is Ruling Out Return to Spain After July Election", "description": "Luis de Guindos, vice president of the European Central Bank (ECB), at a rates decision news conference in Frankfurt, Germany, on Thursday, March 16, 2023.\u00a0The European Central Bank went ahead with a planned half-point increase in interest rates but was silent on what may follow amid market turmoil that roiled Credit Suisse Group AG. Photographer: Alex Kraus/Bloomberg", "link": "https://www.bloomberg.com/news/articles/2023-06-16/ecb-s-guindos-is-rulling-out-return-to-spain-after-july-election", "date_published": "2023-06-16 10:54:38+00:00", "persistent": false, "user": null, "language": "en-US"}, {"source": "https://www.bloomberg.com/politics/feeds/site.xml", "title": "Russia Fires Missiles on Kyiv as African Leaders Visit Ukraine", "description": "Russia sent a barrage of missiles toward Kyiv as a delegation of African leaders arrived in Ukraine for talks on their peace initiative with President Volodymyr Zelenskiy.", "link": "https://www.bloomberg.com/news/articles/2023-06-16/russia-fires-missiles-on-kyiv-as-african-leaders-visit-ukraine", "date_published": "2023-06-16 10:16:35+00:00", "persistent": false, "user": null, "language": "en-US"}, {"source": "https://www.bloomberg.com/politics/feeds/site.xml", "title": "EU Horse-Trading Over Top Jobs Begins as Italy Pushes for EIB", "description": "European national flags fly outside European Investment Bank (EIB) Eastbuilding in Luxembourg, on Monday, March 15, 2021. More than 60 financial firms have established operations in the Grand Duchy due to Brexit, according to Nicolas Mackel, the head of Luxembourg for Finance.", "link": "https://www.bloomberg.com/news/articles/2023-06-16/eu-horse-trading-over-top-jobs-begins-as-italy-pushes-for-eib", "date_published": "2023-06-16 10:05:16+00:00", "persistent": false, "user": null, "language": "en-US"}, {"source": "https://www.bloomberg.com/politics/feeds/site.xml", "title": "Putin Is Losing His Fight to Roll Back NATO", "description": "Long before Russia\u2019s invasion, NATO states were divided over whether to offer membership to Ukraine. They still are, even as the alliance rallies to Kyiv\u2019s defense in the war.", "link": "https://www.bloomberg.com/news/newsletters/2023-06-16/putin-is-losing-his-fight-to-roll-back-nato", "date_published": "2023-06-16 09:55:27+00:00", "persistent": false, "user": null, "language": "en-US"}, {"source": "https://www.bloomberg.com/politics/feeds/site.xml", "title": "Canada\u2019s Knee-Jerk Retreat From China Bank Shows Divided World", "description": "A single Tweet alleging Communist Party interference was all it took for Canada to freeze ties with a China-led development bank this week. The question now is whether the US and other allies will join Canada &mdash; and would Beijing even care?", "link": "https://www.bloomberg.com/news/articles/2023-06-16/canada-s-knee-jerk-retreat-from-china-bank-shows-divided-world", "date_published": "2023-06-16 09:21:34+00:00", "persistent": false, "user": null, "language": "en-US"}, {"source": "https://www.bloomberg.com/politics/feeds/site.xml", "title": "How Colombia\u2019s First Leftist Presidency Was Derailed", "description": "The first leftist presidency in Colombia\u2019s history was almost paralyzed in June as senior officials became embroiled in scandals and onetime allies in congress broke away from the ruling coalition. After members of President Gustavo Petro\u2019s inner circle were accused of illegal wiretapping and campaign finance violations, the nation\u2019s assets rallied, as investors calculated that the stalling of the government\u2019s radical agenda reduced the risk of holding Colombia\u2019s bonds and currency.", "link": "https://www.bloomberg.com/news/articles/2023-06-16/how-colombia-s-first-leftist-presidency-was-derailed-by-scandal", "date_published": "2023-06-16 09:00:01+00:00", "persistent": false, "user": null, "language": "en-US"}, {"source": "https://www.bloomberg.com/politics/feeds/site.xml", "title": "Biden Awards $930 Million to Boost High-Speed Internet Access", "description": "The Biden administration is awarding more than $930 million across 35 states and Puerto Rico in a bid to enhance internet speeds and access for rural communities.", "link": "https://www.bloomberg.com/news/articles/2023-06-16/biden-awards-930-million-to-boost-high-speed-internet-access", "date_published": "2023-06-16 09:00:00+00:00", "persistent": false, "user": null, "language": "en-US"}, {"source": "https://www.bloomberg.com/politics/feeds/site.xml", "title": "Biden Spurs Mental Health Services in Response to Gun Violence", "description": "The Biden administration is taking steps to make it easier for young people, particularly those affected by violence, to receive mental health services, part of a move to bolster federal gun-safety efforts with Congress unlikely to pass new legislation.", "link": "https://www.bloomberg.com/news/articles/2023-06-16/biden-spurs-mental-health-services-in-response-to-gun-violence", "date_published": "2023-06-16 09:00:00+00:00", "persistent": false, "user": null, "language": "en-US"}, {"source": "https://www.bloomberg.com/politics/feeds/site.xml", "title": "Trump Calls Prosecution \u2018Evil\u2019 as He Tests Defense Plans in Documents Case", "description": "Hours after Donald Trump\u2019s Miami arraignment on charges he mishandled state secrets and obstructed justice, he previewed potential defenses, arguing the Presidential Records Act clears him of wrongdoing and attacking the prosecution as an \u201cevil\u201d abuse of power.", "link": "https://www.bloomberg.com/news/articles/2023-06-16/trump-tests-attacks-on-classified-documents-case-ahead-of-court-fight", "date_published": "2023-06-16 09:00:00+00:00", "persistent": false, "user": null, "language": "en-US"}, {"source": "https://www.bloomberg.com/politics/feeds/site.xml", "title": "Japan Raises Age of Consent From 13 and\u00a0Redefines Rape in Milestone Law Change", "description": "Japan passed a landmark sex-crime bill on Friday, in a long fought-for bid to make a range of sexual offenses, including rape, photo voyeurism and online child-grooming, more easily punishable.", "link": "https://www.bloomberg.com/news/articles/2023-06-16/japan-rape-laws-age-of-consent-photo-voyeurism-laws-changed", "date_published": "2023-06-16 08:05:05+00:00", "persistent": false, "user": null, "language": "en-US"}, {"source": "https://www.bloomberg.com/politics/feeds/site.xml", "title": "Ukraine Recap: African Leaders in Kyiv, Germany on Missiles", "description": "An African delegation of presidents is set to meet with Ukraine\u2019s Volodymyr Zelenskiy as part of an initiative to help bring an end to the war.", "link": "https://www.bloomberg.com/news/articles/2023-06-16/ukraine-recap-african-leaders-in-kyiv-germany-on-missiles", "date_published": "2023-06-16 07:36:24+00:00", "persistent": false, "user": null, "language": "en-US"}, {"source": "https://www.bloomberg.com/politics/feeds/site.xml", "title": "Putin to Hold Talks With UAE Leader at St. Petersburg Forum", "description": "Russian President Vladimir Putin will hold talks with the leader of the United Arab Emirates at a flagship business forum on Friday, bolstering the Kremlin\u2019s efforts to ease its international isolation over the war in Ukraine.", "link": "https://www.bloomberg.com/news/articles/2023-06-16/putin-to-hold-talks-with-uae-leader-at-st-petersburg-forum", "date_published": "2023-06-16 07:25:48+00:00", "persistent": false, "user": null, "language": "en-US"}, {"source": "https://www.bloomberg.com/politics/feeds/site.xml", "title": "US, Japan, Philippines Agree to Bolster Defense Cooperation", "description": "The national security advisers of the US, Japan and the Philippines agreed to bolster defense cooperation at the first trilateral meeting of its type, according to a joint press release.", "link": "https://www.bloomberg.com/news/articles/2023-06-16/us-japan-philippines-agree-to-bolster-defense-cooperation", "date_published": "2023-06-16 05:26:22+00:00", "persistent": false, "user": null, "language": "en-US"}, {"source": "https://www.bloomberg.com/politics/feeds/site.xml", "title": "Nigeria\u2019s New Leader Thrills Markets With Week of Radical Change", "description": "Everything changed for investors in Nigeria this week.", "link": "https://www.bloomberg.com/news/articles/2023-06-16/nigeria-s-new-leader-thrills-investors-with-reforms-and-firings", "date_published": "2023-06-16 05:00:00+00:00", "persistent": false, "user": null, "language": "en-US"}, {"source": "https://www.bloomberg.com/politics/feeds/site.xml", "title": "Africa\u2019s Richest City Is Crumbling Under Chaos and Corruption", "description": "<p>Johannesburg was built on gold. It\u2019s now such a mess that homeless people direct the traffic.</p>", "link": "https://www.bloomberg.com/news/features/2023-06-16/south-africa-s-crime-chaos-and-corruption-make-it-look-like-a-failed-state", "date_published": "2023-06-16 04:00:24+00:00", "persistent": false, "user": null, "language": "en-US"}, {"source": "https://www.bloomberg.com/politics/feeds/site.xml", "title": "US Nuclear\u00a0Submarine Returns to South Korea as Pyongyang Fires Missiles", "description": "The US sent a nuclear-powered, guided-missile submarine to South Korea for the first time in six years in a show of force meant to deter North Korea from military strikes.", "link": "https://www.bloomberg.com/news/articles/2023-06-16/us-nuke-sub-returns-to-south-korea-as-pyongyang-fires-missiles", "date_published": "2023-06-16 02:41:45+00:00", "persistent": false, "user": null, "language": "en-US"}, {"source": "https://www.bloomberg.com/politics/feeds/site.xml", "title": "China\u2019s Spying in Cuba Picks Up Where the Soviet Union Left Off", "description": "For half a century, America\u2019s top geopolitical rival used a spy base in nearby Cuba to steal US military secrets by listening in on phone and data communications.", "link": "https://www.bloomberg.com/news/articles/2023-06-16/china-s-spying-in-cuba-picks-up-where-the-soviet-union-left-off", "date_published": "2023-06-16 00:45:34+00:00", "persistent": false, "user": null, "language": "en-US"}, {"source": "https://www.bloomberg.com/politics/feeds/site.xml", "title": "Pay for Executives of Failed Banks Is a Target in Senators\u2019 Bill", "description": "Federal regulators would get new powers to claw back compensation of executives who led failed banks under a bipartisan plan from two US senators.", "link": "https://www.bloomberg.com/news/articles/2023-06-16/pay-for-executives-of-failed-banks-is-a-target-in-senators-bill", "date_published": "2023-06-16 00:21:26+00:00", "persistent": false, "user": null, "language": "en-US"}, {"source": "https://www.bloomberg.com/politics/feeds/site.xml", "title": "Peru\u2019s President Boluarte Says She\u2019ll Remain in Power Until 2026", "description": "Peru\u2019s President Dina Boluarte plans to stay in power until 2026, she said in her first explicit statement on the issue since congress rejected her proposal to bring elections forward to this year.", "link": "https://www.bloomberg.com/news/articles/2023-06-16/peru-s-president-boluarte-says-she-ll-remain-in-power-until-2026", "date_published": "2023-06-16 00:12:11+00:00", "persistent": false, "user": null, "language": "en-US"}]