[{"source": "https://www.youtube.com/feeds/videos.xml?channel_id=UCittVh8imKanO_5KohzDbpg", "title": "Look back in anger.", "description": "Go to https://sheathunderwear.com/PRISONPLANET and use the code PRISONPLANET to get 20% off your purchase!\n\nINTRO MUSIC: Sagittarius V - Lucidator: http://sagittariusvmusic.bandcamp.com\n\nDONATE: https://www.subscribestar.com/paul-joseph-watson\nLOCALS (Exclusive content! Ad free): https://pauljosephwatson.locals.com/support\nROKFIN: https://rokfin.com/creator/prisonplanet\nNEW MERCH: https://www.pjwshop.com/\nCASH APP: https://cash.app/\u00a3helppjw\n\nBITCOIN WALLET: 3EMQG9EhPkoFbX5F19RTGZs8rPqGYm2mp9\nBITCOIN CASH WALLET: qrxhqz9ka423v68qwc7nyqc88q3mx9ea5gcpz88a0l\nLITECOIN WALLET: MSs2rWgM571WM3zUnL255gccoQAdz9L6CG\nETHEREUM WALLET: 0x21221F5da5e70F46Bbfa755f89e312daDa51f115 \n\nRumble: https://rumble.com/c/PJW\nOdysee: https://odysee.com/@PaulJosephWatson:5\nAnything Goes: https://www.youtube.com/AnythingGoesChannel\nParler: https://parler.com/profile/PJW/posts\nBitchute: https://www.bitchute.com/pauljosephwatson\nTelegram: https://t.me/pjwnews\nTwitter: https://twitter.com/PrisonPlanet\nMinds: https://www.minds.com/PaulJosephWatson\nGab: https://gab.com/PrisonPlanet\nGettr: https://gettr.com/user/realpjw\nTruth Social: https://truthsocial.com/@RealPJW", "link": "https://www.youtube.com/watch?v=eQnWZ-fAOFw", "date_published": "2023-06-16 19:08:39+00:00", "persistent": false, "user": null, "language": "en-US"}]