[{"source": "https://theintercept.com/feed/?lang=en", "title": "Daniel Ellsberg Wanted Americans to See the Truth About War", "description": "<p>In an interview before his death, the Pentagon Papers whistleblower urged the media and the government to be more honest about America\u2019s bombing of civilians.</p>\n<p>The post <a href=\"https://theintercept.com/2023/06/16/daniel-ellsberg-pentagon-papers-dead/\" rel=\"nofollow\">Daniel Ellsberg Wanted Americans to See the Truth About War</a> appeared first on <a href=\"https://theintercept.com\" rel=\"nofollow\">The Intercept</a>.</p>", "link": "https://theintercept.com/2023/06/16/daniel-ellsberg-pentagon-papers-dead/", "date_published": "2023-06-16 18:28:13+00:00", "persistent": false, "user": null, "language": "en-US"}, {"source": "https://theintercept.com/feed/?lang=en", "title": "Virginia\u2019s Democratic Party Is Letting Energy Money Back In", "description": "<p>Next week\u2019s primaries will show whether progressive populists can win the same way they did four years ago: by rejecting corporate cash.</p>\n<p>The post <a href=\"https://theintercept.com/2023/06/16/virginia-democratic-primary/\" rel=\"nofollow\">Virginia\u2019s Democratic Party Is Letting Energy Money Back In</a> appeared first on <a href=\"https://theintercept.com\" rel=\"nofollow\">The Intercept</a>.</p>", "link": "https://theintercept.com/2023/06/16/virginia-democratic-primary/", "date_published": "2023-06-16 15:23:56+00:00", "persistent": false, "user": null, "language": "en-US"}, {"source": "https://theintercept.com/feed/?lang=en", "title": "Virginia\u2019s Democratic Party Is Letting Energy Money Back In", "description": "<p>Next week\u2019s primaries will show whether progressive populists can win the same way they did four years ago: by rejecting corporate cash.</p>\n<p>The post <a href=\"https://theintercept.com/2023/06/16/virginia-democratic-primary-dominion-energy/\" rel=\"nofollow\">Virginia\u2019s Democratic Party Is Letting Energy Money Back In</a> appeared first on <a href=\"https://theintercept.com\" rel=\"nofollow\">The Intercept</a>.</p>", "link": "https://theintercept.com/2023/06/16/virginia-democratic-primary-dominion-energy/", "date_published": "2023-06-16 15:23:56+00:00", "persistent": false, "user": null, "language": "en-US"}, {"source": "https://theintercept.com/feed/?lang=en", "title": "How Henry Kissinger Paved the Way for Orlando Letelier\u2019s Assassination", "description": "<p>During a visit to Chile in 1976, Kissinger met the dictator Augusto Pinochet and offered no objection to his violent rule.</p>\n<p>The post <a href=\"https://theintercept.com/2023/06/16/henry-kissinger-assassination-orlando-letelier-chile/\" rel=\"nofollow\">How Henry Kissinger Paved the Way for Orlando Letelier\u2019s Assassination</a> appeared first on <a href=\"https://theintercept.com\" rel=\"nofollow\">The Intercept</a>.</p>", "link": "https://theintercept.com/2023/06/16/henry-kissinger-assassination-orlando-letelier-chile/", "date_published": "2023-06-16 14:26:22+00:00", "persistent": false, "user": null, "language": "en-US"}, {"source": "https://theintercept.com/feed/?lang=en", "title": "A Conversation With Joe Manchin\u2019s Former Right Hand, Scott Sears", "description": "<p>How seriously is Manchin considering a presidential run?</p>\n<p>The post <a href=\"https://theintercept.com/2023/06/16/deconstructed-podcast-joe-manchin-presidential-run-scott-sears/\" rel=\"nofollow\">A Conversation With Joe Manchin\u2019s Former Right Hand, Scott Sears</a> appeared first on <a href=\"https://theintercept.com\" rel=\"nofollow\">The Intercept</a>.</p>", "link": "https://theintercept.com/2023/06/16/deconstructed-podcast-joe-manchin-presidential-run-scott-sears/", "date_published": "2023-06-16 10:00:00+00:00", "persistent": false, "user": null, "language": "en-US"}]