[{"source": "https://www.youtube.com/feeds/videos.xml?channel_id=UC3I2GFN_F8WudD_2jUZbojA", "title": "Caroline Polachek - Full Performance (Live on KEXP)", "description": "http://KEXP.ORG presents Caroline Polachek performing live in the KEXP studio. Recorded May 4, 2023\n\nSongs:\nBlood And Butter\nButterfly Net\nSunset\n\nCaroline Polachek - Vocals, Keys\nMatthew Horton - Guitar\nMaya Roseann Laner - Bass, Vocals\nRussell Hozman - Drums\n\nHost: Kevin Cole\nAudio Engineers: Julian Martlew, Jon Roberts\nGuest Audio Engineer & Audio Mixer: Mikey Weiland\nMastering: Matt Ogaz\nCameras: Jim Beckmann, Carlos Cruz, Alaia D\u2019Alessandro, Scott Holpainen\nEditor: Scott Holpainen\n\nhttps://www.carolinepolachek.com\nhttp://kexp.org", "link": "https://www.youtube.com/watch?v=7XYyDsl14E4", "date_published": "2023-06-16 15:00:05+00:00", "persistent": false, "user": null, "language": "en-US"}, {"source": "https://www.youtube.com/feeds/videos.xml?channel_id=UC3I2GFN_F8WudD_2jUZbojA", "title": "Caroline Polachek - Blood And Butter (Live on KEXP)", "description": "http://KEXP.ORG presents Caroline Polachek performing \u201cBlood And Butter\u201d live in the KEXP studio. Recorded May 4, 2023\n\nCaroline Polachek - Vocals, Keys\nMatthew Horton - Guitar\nMaya Roseann Laner - Bass, Vocals\nRussell Hozman - Drums\n\nHost: Kevin Cole\nAudio Engineers: Julian Martlew, Jon Roberts\nGuest Audio Engineer & Audio Mixer: Mikey Weiland\nMastering: Matt Ogaz\nCameras: Jim Beckmann, Carlos Cruz, Alaia D\u2019Alessandro, Scott Holpainen\nEditor: Scott Holpainen\n\nhttps://www.carolinepolachek.com\nhttp://kexp.org", "link": "https://www.youtube.com/watch?v=pAcWU_3FDKg", "date_published": "2023-06-16 11:00:43+00:00", "persistent": false, "user": null, "language": "en-US"}, {"source": "https://www.youtube.com/feeds/videos.xml?channel_id=UC3I2GFN_F8WudD_2jUZbojA", "title": "Caroline Polachek - Sunset (Live on KEXP)", "description": "http://KEXP.ORG presents Caroline Polachek performing \u201cSunset\u201d live in the KEXP studio. Recorded May 4, 2023\n\nCaroline Polachek - Vocals, Keys\nMatthew Horton - Guitar\nMaya Roseann Laner - Bass, Vocals\nRussell Hozman - Drums\n\nHost: Kevin Cole\nAudio Engineers: Julian Martlew, Jon Roberts\nGuest Audio Engineer & Audio Mixer: Mikey Weiland\nMastering: Matt Ogaz\nCameras: Jim Beckmann, Carlos Cruz, Alaia D\u2019Alessandro, Scott Holpainen\nEditor: Scott Holpainen\n\nhttps://www.carolinepolachek.com\nhttp://kexp.org", "link": "https://www.youtube.com/watch?v=oc1faEHF01Q", "date_published": "2023-06-16 11:00:39+00:00", "persistent": false, "user": null, "language": "en-US"}, {"source": "https://www.youtube.com/feeds/videos.xml?channel_id=UC3I2GFN_F8WudD_2jUZbojA", "title": "Caroline Polachek - Butterfly Net (Live on KEXP)", "description": "http://KEXP.ORG presents Caroline Polachek performing \u201cButterfly Net\u201d live in the KEXP studio. Recorded May 4, 2023\n\nCaroline Polachek - Vocals, Keys\nMatthew Horton - Guitar\nMaya Roseann Laner - Bass, Vocals\nRussell Hozman - Drums\n\nHost: Kevin Cole\nAudio Engineers: Julian Martlew, Jon Roberts\nGuest Audio Engineer & Audio Mixer: Mikey Weiland\nMastering: Matt Ogaz\nCameras: Jim Beckmann, Carlos Cruz, Alaia D\u2019Alessandro, Scott Holpainen\nEditor: Scott Holpainen\n\nhttps://www.carolinepolachek.com\nhttp://kexp.org", "link": "https://www.youtube.com/watch?v=Sx3pFcBTmRc", "date_published": "2023-06-16 11:00:19+00:00", "persistent": false, "user": null, "language": "en-US"}]