[{"source": "https://www.youtube.com/feeds/videos.xml?channel_id=UCXjmz8dFzRJZrZY8eFiXNUQ", "title": "Neighbors Changed Everything For Zac Efron", "description": "Build a team of your favorite characters and explore Middle-earth like never before! Download for free here- https://bit.ly/NLOTR\nThanks to EA for sponsoring!\n\nZac Efron was once an actor seemingly stuck in the publics image as, that kid from High School Musical.  Though as years progressed, Zac Efron set out to prove he was capable of so much more than playing a teenage heartthrob.  Starring in the comedy Neighbors alongside Seth Rogen, Rose Byrne, and Dave Franco was that start of a major shift in the roles Zac Efron would be offered.  Proving to the movie going public that he was a real talent, and was not about to be typecasted the rest of his life. \n\n#zacefron #neighbors #nerdstalgic \n\nSOURCES\nhttps://screenrant.com/zac-efron-career-evolution-high-school-musical-ted-bundy/ \nhttps://metro.co.uk/2021/08/09/zac-efron-cast-as-ted-bundy-because-hes-beloved-and-trusted-15054594/ \nhttps://www.usatoday.com/story/life/people/2014/05/06/zac-efron-sends-up-his-image-in-neighbors/8609967/", "link": "https://www.youtube.com/watch?v=Mh-shm_UMb4", "date_published": "2023-06-16 17:00:11+00:00", "persistent": false, "user": null, "language": "en-US"}]