[{"source": "https://www.youtube.com/feeds/videos.xml?channel_id=UC1W8ShdwtfgjRHdbl1Lctcw", "title": "Old New York 30s, 40s in color [60fps, Remastered] w/sound design added", "description": "I colorized, restored and created a sound design for this video of New York of the 30's and 40's, we have some scenes of downtown and the exit of the train station with lots of people walking and living their daily life, we can see the style of clothes of cars of that time, then we have a long train ride through the city of New York magnificent to see. \n\nVideo Restoration Process:\n\u2714 FPS boosted to 60 frames per second \n\u2714 Image resolution boosted up to HD \n\u2714 Improved video sharpness and brightness \n\u2714 Colorized only for the ambiance (not historically accurate)\n\u2714added sound only for the ambiance\n\u2714restoration:(stabilisation,denoise,cleand,deblur) \n\nPlease, be aware that colorization colors are not real and fake, colorization was made only for the ambiance and do not represent real historical data.\n\nB&amp;W Video Source: Internet Archive, US Archive National\n\nJoin this channel to benefit from exclusive advantages and also to support us: https://www.youtube.com/channel/UC1W8ShdwtfgjRHdbl1Lctcw/join\n\nJoin this channel to benefit from exclusive advantages and also to support us: https://www.youtube.com/channel/UC1W8ShdwtfgjRHdbl1Lctcw/join", "link": "https://www.youtube.com/watch?v=yEnTbEE_6J4", "date_published": "2023-06-16 23:22:13+00:00", "persistent": false, "user": null, "language": "en-US"}]