[{"source": "https://www.youtube.com/feeds/videos.xml?channel_id=UCNvzD7Z-g64bPXxGzaQaa4g", "title": "CYBERPUNK 2077'S REDEMPTION BET, ROCKSTAR FOUNDER'S NEW STUDIO & MORE", "description": "Sponsored by Witchsong Miniatures. Click https://tinyurl.com/witchsongminis to start your $1 monthly subscription and grab your Welcome Pack.\n\nFor every new Witchsongs Miniatures subscription, $1 will be donated to Able Gamers. If you wish to learn more about them: https://ablegamers.org.\n\n\npodcast: https://linktr.ee/friendspersecond\n\n\n\n~~~SOURCES~~~\n\nCyberpunk\nhttps://www.bnnbloomberg.ca/cd-projekt-aims-to-redeem-cyberpunk-2077-with-major-expansion-1.1933068\n\n\nNic Cage Hideo Kojima \nhttps://www.ign.com/articles/nicolas-cage-met-hideo-kojima-and-now-fans-are-convinced-he-will-cameo-in-death-stranding-2\n\nArmored Core 6 gameplay\nhttps://youtu.be/c2UqRb_aK8M\n\nActivision Blizzard Xbox update\nhttps://www.gamespot.com/articles/judge-grants-restraining-order-temporarily-preventing-microsoft-from-buying-activision/1100-6515204/?ftag=CAD-01-10abi2f&amp;utm_source=dlvr.it&amp;utm_medium=twitter&amp;fbclid=IwAR33E58jZbkkEDMV1aMzBf5KzREfuBRTkoAwuL-GvKqMO-c70Vx-yYcMMjo\n\n\nSquirrel with a gun trailer\nhttps://youtu.be/hRiRyopVm6Q\n\nLayers of Fear\nhttps://youtu.be/e0QBnez-c6A\n\nFinal Fantasy 16 demo\n\nOur Xbox new game announcements breakdown: https://youtu.be/bBwlytqppfs", "link": "https://www.youtube.com/watch?v=E8KJAGwnptc", "date_published": "2023-06-16 17:32:36+00:00", "persistent": false, "user": null, "language": "en-US"}]