[{"source": "https://www.youtube.com/feeds/videos.xml?channel_id=UCIw5fgJcTtR2Av-0JkZp-xg", "title": "Make Basic Synths Sound Great (featuring Korg Minilogue, Yamaha Reface, Shik-Tech N32B & Logic Pro)", "description": "00:00 Intro\n00:42 A Really Simple Concept\n01:24 What is Chorus?\n01:49 Hardware Effects Units\n04:49 Built-in Effects\n06:56 Software Plugins\n09:27 Summary\n\nGear used:\nShik-Tech N32B 32-knob Midi Controller\nStrymon Bigsky\nStrymon Mobius\nKorg Minilogue\nYamaha Reface CP\nLogic Pro X (ES2, Compressor and Space Designer plugins)\n\nEven if you have a basic synthesizer, you can still make it sound great without having to purchase anything additional. With this simple technique that I use on almost all my productions, you can get your synths to sound rich and polished.", "link": "https://www.youtube.com/watch?v=w1d-NzomGSw", "date_published": "2023-06-16 12:00:56+00:00", "persistent": false, "user": null, "language": "en-US"}]