[{"source": "https://www.theepochtimes.com/c-world/feed/", "title": "Fight to Repatriate Australian Women, Kids From Syrian Camp", "description": "A general view of the al-Hol displaced persons camp is seen in northeastern Syria on Feb. 17, 2019. (Bulent Kilic/AFP/Getty Images)", "link": "https://www.theepochtimes.com/fight-to-repatriate-australian-women-kids-from-syrian-camp_5337715.html", "date_published": "2023-06-16 23:00:16+00:00", "persistent": false, "user": null, "language": "en-US"}, {"source": "https://www.theepochtimes.com/c-world/feed/", "title": "Semi Had Right of Way in Horrific Manitoba Crash: RCMP", "description": "Flowers are seen on the side of the road where the Trans-Canada highway intersects with Hwy 5 near Carberry, Man., on June 16, 2023, where a semi and a bus collided on June 15. (Darryl Dyck/The Canadian Press)", "link": "https://www.theepochtimes.com/semi-had-right-of-way-in-horrific-manitoba-crash-rcmp_5339162.html", "date_published": "2023-06-16 22:46:31+00:00", "persistent": false, "user": null, "language": "en-US"}, {"source": "https://www.theepochtimes.com/c-world/feed/", "title": "Parliament \u2018Catering\u2019 to Transgender Visitors by Installing Gender-Neutral Washrooms, Says Senate Opposition Leader", "description": "Conservative Sen. Don Plett in a file photo. (The Canadian Press/Adrian Wyld)", "link": "https://www.theepochtimes.com/parliament-catering-to-transgender-visitors-by-installing-gender-neutral-washrooms-says-senate-opposition-leader_5338644.html", "date_published": "2023-06-16 21:54:38+00:00", "persistent": false, "user": null, "language": "en-US"}, {"source": "https://www.theepochtimes.com/c-world/feed/", "title": "Candidates Clash Over Homeless Encampments in Toronto", "description": "Mayoral candidates Anthony Furey (L) and Olivia Chow.  (Courtesy Anthony Furey; The Canadian Press/Chris Young)", "link": "https://www.theepochtimes.com/candidates-clash-over-homeless-encampments-in-toronto_5338837.html", "date_published": "2023-06-16 21:25:13+00:00", "persistent": false, "user": null, "language": "en-US"}, {"source": "https://www.theepochtimes.com/c-world/feed/", "title": "OPP Officer Guilty of Sex Assault Dismissed After Years on Paid Leave", "description": "A file photo of an Ontario Provincial Police logo. (Nathan Denette/The Canadian Press)", "link": "https://www.theepochtimes.com/opp-officer-guilty-of-sex-assault-dismissed-after-years-on-paid-leave_5339012.html", "date_published": "2023-06-16 21:05:59+00:00", "persistent": false, "user": null, "language": "en-US"}, {"source": "https://www.theepochtimes.com/c-world/feed/", "title": "MP Chong Questions Why Still No Arrests Made in Relation to Chinese Police Stations After 8 Months", "description": "Conservative MP for Wellington-Halton Hills MP Michael Chong appears as a witness at the Standing Committee on Procedure and House Affairs (PROC) regarding foreign election interference on Parliament Hill in Ottawa, on May 16, 2023. (Spencer Colby/The Canadian Press)", "link": "https://www.theepochtimes.com/mp-chong-questions-why-still-no-arrests-made-in-relation-to-chinese-police-stations-after-8-months_5338305.html", "date_published": "2023-06-16 21:05:53+00:00", "persistent": false, "user": null, "language": "en-US"}, {"source": "https://www.theepochtimes.com/c-world/feed/", "title": "Poor Forest Management to Blame for Canada\u2019s Wildfires, Not Climate Change", "description": "The Murtle Lake wildfire, located within Wells Gray Provincial Park, is shown in this handout photo provided by the BC Wildfire Service on June 9, 2023. (The Canadian Press/HO-BC Wildfire Service)", "link": "https://www.theepochtimes.com/poor-forest-management-to-blame-for-canadas-wildfires-not-climate-change_5337903.html", "date_published": "2023-06-16 20:57:25+00:00", "persistent": false, "user": null, "language": "en-US"}, {"source": "https://www.theepochtimes.com/c-world/feed/", "title": "Business Sector Disappointed With South Australia\u2019s Budget", "description": "An employee works at the Multi Slide Industries manufacturing plant in Adelaide, Australia, on Aug. 12, 2013. (Morne de Klerk/Getty Images)", "link": "https://www.theepochtimes.com/business-sector-disappointed-with-south-australias-budget_5337461.html", "date_published": "2023-06-16 20:53:30+00:00", "persistent": false, "user": null, "language": "en-US"}, {"source": "https://www.theepochtimes.com/c-world/feed/", "title": "Cory Morgan: The Mounting \u2018Yes Minister\u2019 Moments Are Not So Funny", "description": "A poster of the 1980s British sitcom comedy \"Yes, Minister.\" (Public Domain)", "link": "https://www.theepochtimes.com/cory-morgan-the-mounting-yes-minister-moments-are-not-so-funny_5337839.html", "date_published": "2023-06-16 20:52:50+00:00", "persistent": false, "user": null, "language": "en-US"}, {"source": "https://www.theepochtimes.com/c-world/feed/", "title": "RCMP Say No Critical Injuries in Crash of Bus With 30 Aboard Near Prince George, BC", "description": "The RCMP logo in a file photo. (The Canadian Press/Darryl Dyck)", "link": "https://www.theepochtimes.com/rcmp-say-no-critical-injuries-in-crash-of-bus-with-30-aboard-near-prince-george-bc_5338961.html", "date_published": "2023-06-16 20:51:51+00:00", "persistent": false, "user": null, "language": "en-US"}, {"source": "https://www.theepochtimes.com/c-world/feed/", "title": "Manitoba RCMP, Community Leaders Look to Saskatchewan After Deadly Crash", "description": "A memorial on the roadside where the deadly Humboldt Broncos bus crash took place is shown on Highway 35 near Armley, Sask., on March 18, 2023. (The Canadian Press/Liam Richards)", "link": "https://www.theepochtimes.com/manitoba-rcmp-community-leaders-look-to-saskatchewan-after-deadly-crash_5338945.html", "date_published": "2023-06-16 20:47:24+00:00", "persistent": false, "user": null, "language": "en-US"}, {"source": "https://www.theepochtimes.com/c-world/feed/", "title": "Surrey, BC, to Stay With RCMP Over Independent Force, Costing the City Millions", "description": "Surrey Mayor Brenda Locke speaks during a news conference about the city's municipal police force transition, in Surrey, B.C., on April 28, 2023. (The Canadian Press/Darryl Dyck)", "link": "https://www.theepochtimes.com/surrey-bc-to-stay-with-rcmp-over-independent-force-costing-the-city-millions_5338930.html", "date_published": "2023-06-16 20:43:36+00:00", "persistent": false, "user": null, "language": "en-US"}, {"source": "https://www.theepochtimes.com/c-world/feed/", "title": "[PREMIERING 6/17, 7:30PM ET] Exposing the Vaccine \u2018Military Machinery\u2019 Behind the Global COVID-19 Response: Sasha Latypova", "description": "", "link": "https://www.theepochtimes.com/exposing-the-vaccine-military-machinery-behind-the-global-covid-19-response-sasha-latypova_5335644.html", "date_published": "2023-06-16 20:42:05+00:00", "persistent": false, "user": null, "language": "en-US"}, {"source": "https://www.theepochtimes.com/c-world/feed/", "title": "BC\u2019s Largest Wildfire Still Threatens, as Conditions Elsewhere Ease", "description": "The Murtle Lake wildfire, located within Wells Gray Provincial Park, is shown in this handout photo provided by the BC Wildfire Service on June 9, 2023. (The Canadian Press/HO-BC Wildfire Service)", "link": "https://www.theepochtimes.com/bcs-largest-wildfire-still-threatens-as-conditions-elsewhere-ease_5338918.html", "date_published": "2023-06-16 20:39:41+00:00", "persistent": false, "user": null, "language": "en-US"}, {"source": "https://www.theepochtimes.com/c-world/feed/", "title": "New Brunswick premier open to leadership test, remains vague on early election call", "description": "New Brunswick Premier Blaine Higgs speaks in Fredericton, N.B., on Feb. 9, 2023. (Stephen MacGillivray/The Canadian Press)", "link": "https://www.theepochtimes.com/new-brunswick-premier-open-to-leadership-test-remains-vague-on-early-election-call_5338844.html", "date_published": "2023-06-16 20:37:23+00:00", "persistent": false, "user": null, "language": "en-US"}, {"source": "https://www.theepochtimes.com/c-world/feed/", "title": "\u2018Exciting Milestone\u2019: Canada\u2019s Population Hits 40 Million", "description": "New Canadians take the Oath of Citizenship in a ceremony at the Canadian Museum of Immigration at Pier 21 in Halifax on Jan. 15, 2020. (The Canadian Press/Riley Smith)", "link": "https://www.theepochtimes.com/exciting-milestone-canadas-population-hits-40-million_5337889.html", "date_published": "2023-06-16 20:06:23+00:00", "persistent": false, "user": null, "language": "en-US"}, {"source": "https://www.theepochtimes.com/c-world/feed/", "title": "Gender Dysphoria Growing Because It\u2019s Become \u2018Popular and Trendy,\u2019 NB Premier Says", "description": "New Brunswick Premier Blaine Higgs attends a meeting of Canada\u2019s premiers at the Marriott Chateau Champlain in Montreal on Dec. 7, 2018. (Martin Ouellet-Diotte/AFP via Getty Images)", "link": "https://www.theepochtimes.com/third-new-brunswick-cabinet-minister-quits-following-vote-on-controversial-policy-713-post_5338486.html", "date_published": "2023-06-16 19:57:34+00:00", "persistent": false, "user": null, "language": "en-US"}, {"source": "https://www.theepochtimes.com/c-world/feed/", "title": "Gender Critical Professor Forced From Job Raises \u00a3160,000 to Sue University", "description": "Undated handout of Professor Jo Phoenix who is suing the Open University. (Courtesy of Jo Phoenix)", "link": "https://www.theepochtimes.com/gender-critical-professor-forced-from-job-raises-160000-to-sue-university_5338118.html", "date_published": "2023-06-16 19:48:49+00:00", "persistent": false, "user": null, "language": "en-US"}, {"source": "https://www.theepochtimes.com/c-world/feed/", "title": "Bill Requiring Federally Registered Companies to Disclose Ownership Structure Approved by Committee", "description": "The Canadian flag flies near the Peace Tower on Parliament Hill in Ottawa on June 17, 2020. (Adrian Wyld/The Canadian Press)", "link": "https://www.theepochtimes.com/house-committee-approves-bill-requiring-federally-registered-companies-disclose-ultimate-beneficial-owners_5338548.html", "date_published": "2023-06-16 19:22:04+00:00", "persistent": false, "user": null, "language": "en-US"}, {"source": "https://www.theepochtimes.com/c-world/feed/", "title": "House of Commons Passes Motion to Permanently Allow Virtual Attendance, Voting", "description": "Prime Minister Justin Trudeau rises during question period in the House of Commons on Parliament Hill in Ottawa on May 2, 2023. (The Canadian Press/Sean Kilpatrick)", "link": "https://www.theepochtimes.com/house-of-commons-passes-motion-to-permanently-allow-virtual-attendance-voting_5338590.html", "date_published": "2023-06-16 18:55:07+00:00", "persistent": false, "user": null, "language": "en-US"}, {"source": "https://www.theepochtimes.com/c-world/feed/", "title": "Six Seniors Injured in Manitoba Bus Crash That Killed 15 in Critical Condition", "description": "A scorched patch of ground where a bus carrying seniors ended up after colliding with a transport truck and burning on Thursday is seen on the edge of the Trans-Canada Highway where it intersects with Highway 5, west of Winnipeg near Carberry, June 16, 2023. (The Canadian Press/Darryl Dyck)", "link": "https://www.theepochtimes.com/six-seniors-injured-in-manitoba-bus-crash-that-killed-15-in-critical-condition_5338566.html", "date_published": "2023-06-16 18:48:09+00:00", "persistent": false, "user": null, "language": "en-US"}, {"source": "https://www.theepochtimes.com/c-world/feed/", "title": "ANALYSIS: West Australia\u2019s New Gun Bans May Have Little Impact on Crime Rates", "description": "Hunting rifles and shotguns at a gun store in Toronto, in a file photo. (Kevin Frayer/The Canadian Press)", "link": "https://www.theepochtimes.com/analysis-west-australias-new-gun-bans-may-have-little-impact-on-crime-rates_5336981.html", "date_published": "2023-06-16 18:46:33+00:00", "persistent": false, "user": null, "language": "en-US"}, {"source": "https://www.theepochtimes.com/c-world/feed/", "title": "More Than 17 Million COVID Vaccine Doses Expired, Public Health Agency Reports", "description": "A health-care worker prepares a dose of the Pfizer-BioNTech COVID-19 vaccine at a UHN COVID-19 vaccine clinic in Toronto on Jan. 7, 2021. (The Canadian Press/Nathan Denette)", "link": "https://www.theepochtimes.com/more-than-17-million-covid-vaccine-doses-expired-public-health-agency-reports_5338309.html", "date_published": "2023-06-16 18:44:31+00:00", "persistent": false, "user": null, "language": "en-US"}, {"source": "https://www.theepochtimes.com/c-world/feed/", "title": "Amazon\u2019s $1.7 Billion Deal to Buy Roomba Maker iRobot Gets UK Approval", "description": "Roomba robot vacuums made by iRobot are displayed on a shelf at a Bed Bath and Beyond store in Larkspur, Calif., on Aug. 5, 2022. (Justin Sullivan/Getty Images)", "link": "https://www.theepochtimes.com/amazons-1-7-billion-deal-to-buy-roomba-maker-irobot-gets-uk-approval_5338086.html", "date_published": "2023-06-16 18:27:08+00:00", "persistent": false, "user": null, "language": "en-US"}, {"source": "https://www.theepochtimes.com/c-world/feed/", "title": "Canada Deploying 15 Tanks and 130 Army Personnel to Latvia: Defence Minister", "description": "Minister of Defence Anita Anand responds to a question during a joint news conference with Polish Deputy Prime Minister and Minister of National Defence Mariusz B\u0142aszczak at National Defence Headquarters, in Ottawa, May 8, 2023. (The Canadian Press/Adrian Wyld)", "link": "https://www.theepochtimes.com/canada-deploying-15-tanks-and-130-army-personnel-to-latvia-defence-minister_5337819.html", "date_published": "2023-06-16 18:23:18+00:00", "persistent": false, "user": null, "language": "en-US"}, {"source": "https://www.theepochtimes.com/c-world/feed/", "title": "Sacked School Worker Who Criticised Trans and LGBT Sex Education Wins Appeal", "description": "Undated handout of Kirstie Higgs who was sacked from her teaching assistance role for sharing Facebook posts criticising compulsory sex education and transgenderism in schools. (Christian Legal Centre)", "link": "https://www.theepochtimes.com/sacked-school-worker-who-criticised-trans-and-lgbt-sex-education-wins-appeal_5337995.html", "date_published": "2023-06-16 18:21:14+00:00", "persistent": false, "user": null, "language": "en-US"}, {"source": "https://www.theepochtimes.com/c-world/feed/", "title": "Intel to Invest $4.6 Billion in New Chip Plant in Poland", "description": "A smartphone with a displayed Intel logo is placed on a computer motherboard on March 6, 2023. (Dado Ruvic/Illustration/Reuters)", "link": "https://www.theepochtimes.com/intel-to-invest-4-6-billion-in-new-chip-plant-in-poland_5338157.html", "date_published": "2023-06-16 17:41:59+00:00", "persistent": false, "user": null, "language": "en-US"}, {"source": "https://www.theepochtimes.com/c-world/feed/", "title": "Conservative MP Introduces Bill to Enhance Canada-Taiwan Ties", "description": "Conservative MP Michael Cooper rises during question period on Parliament Hill in Ottawa on April 28, 2023. (Adrian Wyld/The Canadian Press)", "link": "https://www.theepochtimes.com/tory-mp-introduces-bill-to-enhance-canada-taiwan-ties_5337904.html", "date_published": "2023-06-16 16:40:18+00:00", "persistent": false, "user": null, "language": "en-US"}, {"source": "https://www.theepochtimes.com/c-world/feed/", "title": "Heather Mack, Convicted in Bali of Killing Mom and Stuffing Body in Suitcase, Pleads Guilty in US", "description": "Heather Mack of Chicago (C) is mobbed by reporters as she arrives in the courtroom for her sentencing hearing at a district court in Denpasar, Bali, Indonesia, on April 21, 2015. (Firdia Lisnawati/AP Photo)", "link": "https://www.theepochtimes.com/heather-mack-convicted-in-bali-of-killing-mom-and-stuffing-body-in-suitcase-pleads-guilty-in-us_5338035.html", "date_published": "2023-06-16 16:38:14+00:00", "persistent": false, "user": null, "language": "en-US"}, {"source": "https://www.theepochtimes.com/c-world/feed/", "title": "Nottingham University Graduate Charged With 3 Murders in the City", "description": "Flowers, balloons, and tributes lay on the steps of Nottingham Council House after three people were killed and another three hurt in Tuesday's attacks, in Nottingham, England, on June 16, 2023. (Christopher Furlong/Getty Images)", "link": "https://www.theepochtimes.com/nottingham-university-graduate-charged-with-3-murders-in-the-city_5338062.html", "date_published": "2023-06-16 16:25:10+00:00", "persistent": false, "user": null, "language": "en-US"}, {"source": "https://www.theepochtimes.com/c-world/feed/", "title": "Supreme Court of Canada Upholds Safe Third Country Agreement", "description": "The Supreme Court of Canada in Ottawa on Aug. 10, 2022. (The Canadian Press/Adrian Wyld)", "link": "https://www.theepochtimes.com/supreme-court-of-canada-upholds-safe-third-country-agreement_5338160.html", "date_published": "2023-06-16 16:12:47+00:00", "persistent": false, "user": null, "language": "en-US"}, {"source": "https://www.theepochtimes.com/c-world/feed/", "title": "A Russian Ransomware Gang Breaches the Energy Department and Other Federal Agencies", "description": "Cybersecurity and Infrastructure Security Agency Director Jen Easterly testifies before a House Homeland Security Subcommittee, at the Rayburn House Office Building in Washington on April 28, 2022. (Kevin Dietsch/Getty Images)", "link": "https://www.theepochtimes.com/a-russian-ransomware-gang-breaches-the-energy-department-and-other-federal-agencies_5337915.html", "date_published": "2023-06-16 16:11:04+00:00", "persistent": false, "user": null, "language": "en-US"}, {"source": "https://www.theepochtimes.com/c-world/feed/", "title": "German Police Appeal for Images Taken of an Attack in Which Americans Were Pushed Down a Steep Slope", "description": "People watch the Neuschwanstein castle in Schwangau, Germany, on June 15, 2023. (Frank Rumpenhorst/dpa via AP)", "link": "https://www.theepochtimes.com/german-police-appeal-for-images-taken-of-an-attack-in-which-americans-were-pushed-down-a-steep-slope_5338069.html", "date_published": "2023-06-16 15:49:41+00:00", "persistent": false, "user": null, "language": "en-US"}, {"source": "https://www.theepochtimes.com/c-world/feed/", "title": "Parole Board Says Double Child Killer Can Go Free but Minister Might Block Freedom Bid", "description": "Colin Pitchfork in an undated police handout file photo. (handout/PA)", "link": "https://www.theepochtimes.com/parole-board-says-double-child-killer-can-go-free-but-minister-might-block-freedom-bid_5337654.html", "date_published": "2023-06-16 15:45:19+00:00", "persistent": false, "user": null, "language": "en-US"}, {"source": "https://www.theepochtimes.com/c-world/feed/", "title": "LIVE NOW: Blinken, Singapore Foreign Minister Hold Press Availability", "description": "U.S. Secretary of State Antony Blinken attends a press conference at State Department in Washington on April 11, 2023. (Madalina Vasiliu/The Epoch Times)", "link": "https://www.theepochtimes.com/blinken-singapore-foreign-minister-hold-press-availability_5337943.html", "date_published": "2023-06-16 15:44:58+00:00", "persistent": false, "user": null, "language": "en-US"}, {"source": "https://www.theepochtimes.com/c-world/feed/", "title": "Ontario Expanding \u2018Strong Mayor\u2019 Powers to 26 More Cities", "description": "Steve Clark, Ontario\u2019s Minister of Municipal Affairs and Housing, speaks to journalists at the Queens Park Legislature, in Toronto on Nov. 16, 2022. (Chris Young/The Canadian Press)", "link": "https://www.theepochtimes.com/ontario-expanding-strong-mayor-powers-to-26-more-cities_5338126.html", "date_published": "2023-06-16 15:39:00+00:00", "persistent": false, "user": null, "language": "en-US"}, {"source": "https://www.theepochtimes.com/c-world/feed/", "title": "Recent Rain May Not Be Enough to Halt the Shrinking of Canada\u2019s Cattle Herd", "description": "Smoke billows above cattle on a farm as wildfire burn in Alberta in May 2023. (Courtesy of Grant Taillieu/Facebook)", "link": "https://www.theepochtimes.com/recent-rain-may-not-be-enough-to-halt-the-shrinking-of-canadas-cattle-herd_5338088.html", "date_published": "2023-06-16 15:22:34+00:00", "persistent": false, "user": null, "language": "en-US"}, {"source": "https://www.theepochtimes.com/c-world/feed/", "title": "Swiss Cyclist Gino M\u00e4der Dies at 26", "description": "Gino Mader waits for the start of the 7th stage of the Tour of Italy cycling race in Notaresco on May 14, 2021. (Massimo Paolone/LaPresse via AP)", "link": "https://www.theepochtimes.com/26-year-old-swiss-cyclist-gino-mader-dies-from-injuries-suffered-in-crash-during-tour-de-suisse_5337996.html", "date_published": "2023-06-16 15:15:59+00:00", "persistent": false, "user": null, "language": "en-US"}, {"source": "https://www.theepochtimes.com/c-world/feed/", "title": "Senator Oh Arranging 50 Buses to Bring Protesters to Ottawa to Oppose Foreign Agent Registry", "description": "Conservative Sen. Victor Oh in a file photo. (Becky Zhou/The Epoch Times)", "link": "https://www.theepochtimes.com/senator-oh-arranging-50-buses-to-bring-protesters-to-ottawa-to-oppose-foreign-agent-registry_5333423.html", "date_published": "2023-06-16 15:13:07+00:00", "persistent": false, "user": null, "language": "en-US"}, {"source": "https://www.theepochtimes.com/c-world/feed/", "title": "Tesco Boss Sees \u2018Early Signs\u2019 Food Inflation Starting to Ease", "description": "A customer shops for food items inside a Tesco supermarket store in east London, on Jan. 10, 2022. (Daniel Leal/AFP via Getty Images)", "link": "https://www.theepochtimes.com/tesco-boss-sees-early-signs-food-inflation-starting-to-ease_5337798.html", "date_published": "2023-06-16 15:07:51+00:00", "persistent": false, "user": null, "language": "en-US"}, {"source": "https://www.theepochtimes.com/c-world/feed/", "title": "Inflation, Interest Rates Weighing on Canadians\u2019 Retirement Plans: Survey", "description": "Canadian $100 bills are counted in Toronto on Feb. 2, 2016. (Graeme Roy/The Canadian Press)", "link": "https://www.theepochtimes.com/inflation-interest-rates-weighing-on-canadians-retirement-plans-survey_5338033.html", "date_published": "2023-06-16 15:00:02+00:00", "persistent": false, "user": null, "language": "en-US"}, {"source": "https://www.theepochtimes.com/c-world/feed/", "title": "Canadians Opting for Shorter Mortgage Terms as They Hope for Declining Interest Rates", "description": "A woman walks past the Bank of Canada headquarters in Ottawa, on June 1, 2022. (The Canadian Press/Adrian Wyld)", "link": "https://www.theepochtimes.com/canadians-opting-for-shorter-mortgage-terms-as-they-hope-for-declining-interest-rates_5338023.html", "date_published": "2023-06-16 14:56:42+00:00", "persistent": false, "user": null, "language": "en-US"}, {"source": "https://www.theepochtimes.com/c-world/feed/", "title": "Patients to Get Jabbed Again After Storage Uncertainty Compromises Vaccines", "description": "A man receives a dose of a COVID-19 vaccine at a newly opened vaccination hub in Dubbo, Australia, on Aug. 21, 2021. (Belinda Soole/Getty Images)", "link": "https://www.theepochtimes.com/patients-asked-to-get-jabbed-again-after-inadequate-storage-compromises-vaccines_5337432.html", "date_published": "2023-06-16 14:50:29+00:00", "persistent": false, "user": null, "language": "en-US"}, {"source": "https://www.theepochtimes.com/c-world/feed/", "title": "Expert Calls for South Korea to Strengthen Intellectual Property Protection Against China Theft", "description": "South Korea and China's flags flutter next to Tiananmen Gate in Beijing on Dec. 15, 2017. (Jason Lee/Reuters)", "link": "https://www.theepochtimes.com/expert-calls-for-south-korea-to-strengthen-intellectual-property-protection-against-china-theft_5337165.html", "date_published": "2023-06-16 14:45:53+00:00", "persistent": false, "user": null, "language": "en-US"}, {"source": "https://www.theepochtimes.com/c-world/feed/", "title": "Voter Apathy Concerns Loom Over Toronto Election Days Ahead of Vote", "description": "Voters line up outside a voting station to cast their ballot in the Toronto's municipal election in Toronto on Oct. 22, 2018. (The Canadian Press/Chris Young)", "link": "https://www.theepochtimes.com/voter-apathy-concerns-loom-over-toronto-election-days-ahead-of-vote_5337875.html", "date_published": "2023-06-16 13:58:15+00:00", "persistent": false, "user": null, "language": "en-US"}, {"source": "https://www.theepochtimes.com/c-world/feed/", "title": "RCMP Working to Confirm Identities of 15 Killed on Bus Heading to Manitoba Casino", "description": "Emergency crews respond to the scene of a crash that has closed a section of the Trans-Canada Highway near Carberry, Man. is shown on June 15, 2023. (The Canadian Press/Steve Lambert)", "link": "https://www.theepochtimes.com/rcmp-working-to-confirm-identities-of-15-killed-on-bus-heading-to-manitoba-casino_5337840.html", "date_published": "2023-06-16 13:42:47+00:00", "persistent": false, "user": null, "language": "en-US"}, {"source": "https://www.theepochtimes.com/c-world/feed/", "title": "UN Labor Agency Reports 29 Percent of Domestic Workers in Malaysia Face Forced Labor", "description": "A view of the Kuala Lumpur city skyline in Malaysia on Feb. 7, 2018. (Lai Seng Sin/Reuters)", "link": "https://www.theepochtimes.com/un-labor-agency-reports-29-percent-of-domestic-workers-in-malaysia-face-forced-labor_5337508.html", "date_published": "2023-06-16 13:31:48+00:00", "persistent": false, "user": null, "language": "en-US"}, {"source": "https://www.theepochtimes.com/c-world/feed/", "title": "US Guided-Missile Submarine Docks in South Korea for First Time in 6 Years", "description": "The guided-missile submarine USS Michigan arrives in Busan, South Korea, on April 25, 2017. The USS Michigan is in South Korea for a scheduled port visit while conducting routine patrols throughout the western Pacific. (USN Mass Communication Specialist 2nd Class Jermaine Ralliford via Getty Images)", "link": "https://www.theepochtimes.com/us-guided-missile-submarine-docks-in-south-korea-for-first-time-in-6-years_5337645.html", "date_published": "2023-06-16 13:30:57+00:00", "persistent": false, "user": null, "language": "en-US"}, {"source": "https://www.theepochtimes.com/c-world/feed/", "title": "Thousands Allowed Back Home, but Officials Say Wildfires Still Leaving Many Displaced", "description": "Crews work on a controlled burn near Edson, Alta., on June 13, 2023. (The Canadian Press/HO-Government of Alberta Fire Service)", "link": "https://www.theepochtimes.com/thousands-allowed-back-home-but-officials-say-wildfires-still-leaving-many-displaced_5337811.html", "date_published": "2023-06-16 13:30:53+00:00", "persistent": false, "user": null, "language": "en-US"}, {"source": "https://www.theepochtimes.com/c-world/feed/", "title": "Feds Introduce \u2018Just Transition\u2019 Sustainable Jobs Act Aimed at Canada\u2019s Energy Sector", "description": "Minister of Natural Resources Jonathan Wilkinson rises during question period in the House of Commons on Parliament Hill in Ottawa on Feb. 14, 2023. (Patrick Doyle/The Canadian Press)", "link": "https://www.theepochtimes.com/feds-introduce-just-transition-sustainable-jobs-act-aimed-at-canadas-energy-sector_5337704.html", "date_published": "2023-06-16 13:24:03+00:00", "persistent": false, "user": null, "language": "en-US"}, {"source": "https://www.theepochtimes.com/c-world/feed/", "title": "LIVE 9:15 AM ET: Secretary of Defense Austin Holds Press Conference After NATO Meeting", "description": "U.S. Defense Secretary Lloyd Austin speaks during the 155th National Memorial Day Observance at Arlington National Cemetery in Arlington, Va., on May 29, 2023. (Mandel Ngan/AFP via Getty Images)", "link": "https://www.theepochtimes.com/secretary-of-defense-austin-holds-press-conference-after-nato-meeting_5336480.html", "date_published": "2023-06-16 12:43:28+00:00", "persistent": false, "user": null, "language": "en-US"}, {"source": "https://www.theepochtimes.com/c-world/feed/", "title": "Climate Change a Factor in Unveiling of New Roadmap for Basin Review", "description": "A veiw of the  Hume Weir at sunrise on February 23, 2007 in Albury, Australia.  (Photo by Robert Cianflone/Getty Images)", "link": "https://www.theepochtimes.com/climate-change-a-factor-into-unveiling-of-new-roadmap-for-basin-review_5337456.html", "date_published": "2023-06-16 12:36:01+00:00", "persistent": false, "user": null, "language": "en-US"}, {"source": "https://www.theepochtimes.com/c-world/feed/", "title": "Heavily Prescribed Influenza Medicine Doesn\u2019t Work Well, Study Finds", "description": "A package of Tamiflu in a file image. (Mario Tama/Getty Images)", "link": "https://www.theepochtimes.com/health/heavily-prescribed-influenza-medicine-doesnt-work-well-study-finds_5335983.html", "date_published": "2023-06-16 12:18:25+00:00", "persistent": false, "user": null, "language": "en-US"}, {"source": "https://www.theepochtimes.com/c-world/feed/", "title": "Government Admits it is Powerless to Stop Milly Dowler Killer Getting Married", "description": "An undated image of Levi Bellfield, who was jailed for life for the rape and murder of schoolgirl Milly Dowler in Surrey, England in June 2011. (Metropolitan Police)", "link": "https://www.theepochtimes.com/government-admits-it-is-powerless-to-stop-milly-dowler-killer-getting-married_5337554.html", "date_published": "2023-06-16 11:55:47+00:00", "persistent": false, "user": null, "language": "en-US"}, {"source": "https://www.theepochtimes.com/c-world/feed/", "title": "Public Broadcaster\u2019s Decision to Cut Political Editor Roundly Criticised", "description": "The logo for Australia's public broadcaster ABC is seen on its head office building in Sydney, Australia, on Sept. 27, 2018. (Saeed Khan/AFP via Getty Images)", "link": "https://www.theepochtimes.com/public-broadcasters-decision-to-cut-political-editor-roundly-criticised_5337315.html", "date_published": "2023-06-16 11:34:55+00:00", "persistent": false, "user": null, "language": "en-US"}, {"source": "https://www.theepochtimes.com/c-world/feed/", "title": "Criticism Of Boris Johnson Conduct Divides Tory MPs", "description": "Former Prime Minister Boris Johnson looks on during a tour after a meeting with Gov. Greg Abbott at the Texas State Capitol in Austin, Texas, on May 23, 2023. (Brandon Bell/Getty Images)", "link": "https://www.theepochtimes.com/criticism-of-boris-johnson-conduct-divides-tory-mps_5337637.html", "date_published": "2023-06-16 11:24:46+00:00", "persistent": false, "user": null, "language": "en-US"}, {"source": "https://www.theepochtimes.com/c-world/feed/", "title": "IN-DEPTH: Victims Who Became \u2018Asexual\u2019 After Anti-Depressants Claim UK Authorities Are Ignoring Them", "description": "A bottle of Effexor antidepressant pills in Miami, Fla., on March 23, 2004. (Joe Raedle/Getty Images)", "link": "https://www.theepochtimes.com/in-depth-victims-who-became-asexual-after-anti-depressants-claim-uk-authorities-are-ignoring-them_5332245.html", "date_published": "2023-06-16 10:59:40+00:00", "persistent": false, "user": null, "language": "en-US"}, {"source": "https://www.theepochtimes.com/c-world/feed/", "title": "Taiwan Eases Restrictions on Canadian Beef Imports", "description": "An undated file photo of cattle. (Martin Bureau/AFP/Getty Images)", "link": "https://www.theepochtimes.com/taiwan-eases-restrictions-on-canadian-beef-imports_5337172.html", "date_published": "2023-06-16 10:03:39+00:00", "persistent": false, "user": null, "language": "en-US"}, {"source": "https://www.theepochtimes.com/c-world/feed/", "title": "New Zealand Slips Into Technical Recession", "description": "Pedestrians walk near the main entrance to the Reserve Bank of New Zealand located in central Wellington, New Zealand, on July 3, 2017. (David Gray/Reuters)", "link": "https://www.theepochtimes.com/new-zealand-slips-into-technical-recession_5337382.html", "date_published": "2023-06-16 10:01:50+00:00", "persistent": false, "user": null, "language": "en-US"}, {"source": "https://www.theepochtimes.com/c-world/feed/", "title": "Russian National Charged for Alleged Ransomware Extortion From US, Foreign Businesses", "description": "A man types on a computer keyboard on Feb. 28, 2013. (Kacper Pempel/Reuters)", "link": "https://www.theepochtimes.com/russian-national-charged-for-alleged-ransomware-extortion-from-us-foreign-businesses_5337415.html", "date_published": "2023-06-16 09:48:08+00:00", "persistent": false, "user": null, "language": "en-US"}, {"source": "https://www.theepochtimes.com/c-world/feed/", "title": "Asteroid the Size of Brooklyn Bridge Labeled \u2018Potentially Hazardous\u2019 Passes by Earth", "description": "The estimated orbit parameters of asteroid 2020 DB5. (NASA/JPL-Caltech /Screenshot via The Epoch Times)", "link": "https://www.theepochtimes.com/asteroid-the-size-of-brooklyn-bridge-labeled-potentially-hazardous-passes-by-earth_5337427.html", "date_published": "2023-06-16 08:55:31+00:00", "persistent": false, "user": null, "language": "en-US"}, {"source": "https://www.theepochtimes.com/c-world/feed/", "title": "Qantas Reveals New A350 Cabin Design Including \u2018Wellbeing Zone\u2019", "description": "Photo showing the Cabin of a Qantas QFA350 plane. (Courtesy of Qantas)", "link": "https://www.theepochtimes.com/qantas-reveals-new-a350-cabin-design-including-wellbeing-zone_5337398.html", "date_published": "2023-06-16 08:17:58+00:00", "persistent": false, "user": null, "language": "en-US"}, {"source": "https://www.theepochtimes.com/c-world/feed/", "title": "Australian Energy Giant Sued for Allegedly Manipulating Electricity Prices", "description": "AGL Power Station at Torrens Island in Adelaide, November 4, 2019. (AAP Image/Kelly Barnes)", "link": "https://www.theepochtimes.com/australian-energy-giant-sued-for-allegedly-manipulating-electricity-prices_5337438.html", "date_published": "2023-06-16 08:02:01+00:00", "persistent": false, "user": null, "language": "en-US"}, {"source": "https://www.theepochtimes.com/c-world/feed/", "title": "Australia Could End Up With Potentially Inferior US Fighter Jets", "description": "A pilot assigned to the 61st Fighter Squadron and 61st Aircraft Maintenance Unit crew chiefs prepare an F-35A Lightning II for taxi, Jan. 15, 2019 at Luke Air Force Base, Ariz. Crew chiefs work with pilots to ensure the F-35 takes-off and lands safely. (U.S Air Force photo by Airman 1st Class Jacob Wongwai)", "link": "https://www.theepochtimes.com/australia-could-end-up-with-potentially-inferior-us-fighter-jets_5335022.html", "date_published": "2023-06-16 07:54:34+00:00", "persistent": false, "user": null, "language": "en-US"}, {"source": "https://www.theepochtimes.com/c-world/feed/", "title": "Australia Reports Surprise Drop in Unemployment Rate in May", "description": "Construction workers are seen in Sydney, Australia, on Dec. 1, 2021. (AAP Image/Bianca De Marchi)", "link": "https://www.theepochtimes.com/australia-reports-surprise-drop-in-unemployment-rate-in-may_5337281.html", "date_published": "2023-06-16 06:32:15+00:00", "persistent": false, "user": null, "language": "en-US"}, {"source": "https://www.theepochtimes.com/c-world/feed/", "title": "Researchers Identify the 5 Most Common \u2018Words\u2019 Newborn Babies Make", "description": "An Australian decodes the main \"words\" that almost all babies say. (Jonathan Borba/Unsplash)", "link": "https://www.theepochtimes.com/researchers-identify-the-5-most-common-words-newborn-babies-make_5334889.html", "date_published": "2023-06-16 05:42:58+00:00", "persistent": false, "user": null, "language": "en-US"}, {"source": "https://www.theepochtimes.com/c-world/feed/", "title": "Australia Cancels Russian Embassy\u2019s Lease Near Parliament House", "description": "The site of a planned new Russian embassy is seen in Canberra, on June 15, 2023. (AAP Image/Lukas Coch)", "link": "https://www.theepochtimes.com/australia-cancels-russian-embassys-lease-near-parliament-house_5337162.html", "date_published": "2023-06-16 05:13:56+00:00", "persistent": false, "user": null, "language": "en-US"}, {"source": "https://www.theepochtimes.com/c-world/feed/", "title": "Over 40 Australian Government Agencies Feared to Be Victims of Russian Cyber Attack", "description": "(Darwin Laganzon/Pixabay)", "link": "https://www.theepochtimes.com/over-40-australian-government-agencies-feared-to-be-victims-of-russian-cyber-attack_5337259.html", "date_published": "2023-06-16 04:58:49+00:00", "persistent": false, "user": null, "language": "en-US"}, {"source": "https://www.theepochtimes.com/c-world/feed/", "title": "Former Conservative Leader Erin O\u2019Toole Steps Into Top Role at Global Strategy Firm", "description": "Conservative Leader Erin O'Toole speaks during a media availability in West Block on Parliament Hill in Ottawa, on Jan. 27, 2022. (The Canadian Press/Justin Tang)", "link": "https://www.theepochtimes.com/former-conservative-leader-erin-otoole-steps-into-top-role-at-global-strategy-firm_5337348.html", "date_published": "2023-06-16 04:56:23+00:00", "persistent": false, "user": null, "language": "en-US"}, {"source": "https://www.theepochtimes.com/c-world/feed/", "title": "Minister Accuses Opponents of The Voice of \u2018Trump Politics\u2019", "description": "Minister for Indigenous Australians Linda Burney and Assistant Minister for Indigenous Health Senator Malarndirri McCarthy announce new renal dialysis units for remote First Nations patients, Darwin, NT on April 13, 2022. (AAP Image/Annette Lin)", "link": "https://www.theepochtimes.com/minister-accuses-opponents-of-the-voice-of-trump-politics_5337033.html", "date_published": "2023-06-16 04:37:25+00:00", "persistent": false, "user": null, "language": "en-US"}, {"source": "https://www.theepochtimes.com/c-world/feed/", "title": "British Actress Glenda Jackson, 2-time Oscar Winner Then Socialist Politician, Dies at 87", "description": "Glenda Jackson accepts the award for Best Performance by an Actress in a Leading Role in a Play for \"Edward Albee's Three Tall Women\" in the 72nd Annual Tony Awards, New York on June 6, 2018. (Lucas Jackson/Reuters)", "link": "https://www.theepochtimes.com/british-actress-glenda-jackson-2-time-oscar-winner-then-socialist-politician-dies-at-87-post_5335481.html", "date_published": "2023-06-16 03:53:42+00:00", "persistent": false, "user": null, "language": "en-US"}, {"source": "https://www.theepochtimes.com/c-world/feed/", "title": "Earthquake of Magnitude 7.2 Strikes Near Tonga", "description": "A map shows the location of a magnitude 7.2 earthquake that struck near Tonga on June 15, 2023. (USGS/Screenshot via The Epoch Times)", "link": "https://www.theepochtimes.com/earthquake-of-magnitude-7-2-strikes-near-tonga_5336284.html", "date_published": "2023-06-16 03:16:18+00:00", "persistent": false, "user": null, "language": "en-US"}, {"source": "https://www.theepochtimes.com/c-world/feed/", "title": "Romanian Prosecutors Change Human Trafficking Charge Against Andrew Tate", "description": "Andrew Tate and Tristan Tate are escorted by police officers outside the headquarters of the Directorate for Investigating Organized Crime and Terrorism in Bucharest (DIICOT) after being detained for 24 hours, in Bucharest, Romania, on Dec. 29, 2022. (Inquam Photos/Octav Ganea via Reuters)", "link": "https://www.theepochtimes.com/romanian-prosecutors-change-human-trafficking-charge-against-andrew-tate_5335113.html", "date_published": "2023-06-16 02:43:59+00:00", "persistent": false, "user": null, "language": "en-US"}, {"source": "https://www.theepochtimes.com/c-world/feed/", "title": "American Arrested for Pushing 2 US Tourists Into Ravine at Germany\u2019s Neuschwanstein Castle, Leaving One Woman Dead", "description": "People watch the Neuschwanstein castle in Schwangau, Germany, on June 15, 2023. (Frank Rumpenhorst/dpa via AP)", "link": "https://www.theepochtimes.com/american-arrested-for-pushing-2-us-tourists-into-ravine-at-germanys-neuschwanstein-castle-leaving-one-woman-dead_5337038.html", "date_published": "2023-06-16 02:11:30+00:00", "persistent": false, "user": null, "language": "en-US"}, {"source": "https://www.theepochtimes.com/c-world/feed/", "title": "Dozens of Ottawa High School Students Stage Walkout to Protest Gender Ideology", "description": "Dozens of students gather at Longfields-Davidson Heights Secondary School to protest against gender ideology in Ottawa on June 15, 2023. (Matthew Horwood/The Epoch Times)", "link": "https://www.theepochtimes.com/dozens-of-ottawa-high-school-students-stage-walkout-to-protest-gender-ideology_5336335.html", "date_published": "2023-06-16 01:31:14+00:00", "persistent": false, "user": null, "language": "en-US"}, {"source": "https://www.theepochtimes.com/c-world/feed/", "title": "Indigenous Victorians in Custody Enrolled to Vote in First Nations Treaty Negotiations", "description": "Ronald 'Ringo' Terrick, an elder the Wurundjeri tribe  sits on the steps of Parliment House during Sorry Day May 26, 2007 in Melbourne, Australia. (Simon Fergusson/Getty Images)", "link": "https://www.theepochtimes.com/indigenous-victorians-in-custody-enrolled-to-vote-in-first-nations-treaty-negotiations_5336984.html", "date_published": "2023-06-16 01:10:42+00:00", "persistent": false, "user": null, "language": "en-US"}, {"source": "https://www.theepochtimes.com/c-world/feed/", "title": "Reviving Engagement With China \u2018Counterproductive and Dangerous\u2019: Rep. Gallagher", "description": "Rep. Mike Gallagher (R-Wis) speaks at a press conference and rally in front of the America ChangLe Association highlighting Beijing's transnational repression, in New York City on Feb. 25, 2023. A now-closed overseas Chinese police station is located", "link": "https://www.theepochtimes.com/reviving-engagement-with-china-counterproductive-and-dangerous-rep-gallagher_5336880.html", "date_published": "2023-06-16 00:21:04+00:00", "persistent": false, "user": null, "language": "en-US"}, {"source": "https://www.theepochtimes.com/c-world/feed/", "title": "Public Service Union Says Recruitment of Government Staff Should be Re-Nationalised", "description": "Prime Minister Anthony Albanese (centre) and ACTU President Michele O'Neil (4th left) take part in the 2021 Labour Day March in Brisbane, Australia, on May 3, 2021. (AAP Image/Dan Peled)", "link": "https://www.theepochtimes.com/public-service-union-says-recruitment-of-government-staff-should-be-re-nationalised_5332365.html", "date_published": "2023-06-16 00:03:03+00:00", "persistent": false, "user": null, "language": "en-US"}]