[{"source": "https://tvn24.pl/wiadomosci-ze-swiata,2.xml", "title": "Samoch\u00f3d dostawczy zderzy\u0142 si\u0119 z osobowym. Jedna osoba nie \u017cyje, cztery ranne", "description": "<img alt=\"Samoch\u00f3d dostawczy zderzy\u0142 si\u0119 z osobowym. Jedna osoba nie \u017cyje, cztery ranne\" src=\"https://tvn24.pl/tvnwarszawa/najnowsze/cdn-zdjecie-qr5kly-wypadek-w-miejscowosci-senden-maly-zdjecie-ilustracyjne-7166515/alternates/LANDSCAPE_1280\" />\n    Nie \u017cyje jedna osoba, a cztery kolejne zosta\u0142y ranne w wypadku, do kt\u00f3rego dosz\u0142o w pi\u0105tek na drodze S3 ko\u0142o Legnicy na Dolnym \u015al\u0105sku. Na ekspres\u00f3wce samoch\u00f3d dostawczy zderzy\u0142 si\u0119 z osobowym, droga jest zablokowana.", "link": "https://tvn24.pl/wroclaw/legnica-wypadek-na-drodze-s3-sa-ranni-i-ofiara-smiertelna-7177750?source=rss", "date_published": "2023-06-16 09:34:03+00:00", "persistent": false, "user": null, "language": "pl-PL"}, {"source": "https://tvn24.pl/wiadomosci-ze-swiata,2.xml", "title": "Chc\u0105 powrotu t\u0119czy na plac Zbawiciela. \"B\u0119dzie niezniszczalna, nie da si\u0119 jej spali\u0107\"", "description": "<img alt=\"Chc\u0105 powrotu t\u0119czy na plac Zbawiciela. \" src=\"https://tvn24.pl/tvnwarszawa/najnowsze/cdn-zdjecie-993vlr-projekt-teczy-na-placu-zbawiciela-7177530/alternates/LANDSCAPE_1280\" />\n    - Brakuje jednego symbolu Warszawy, kt\u00f3ry ju\u017c znikn\u0105\u0142. Jest to t\u0119cza z placu Zbawiciela - twierdz\u0105 aktywi\u015bci LGBT+. Ich projekt zak\u0142ada stworzenie \"niezniszczalnej\" instalacji i zosta\u0142 zg\u0142oszony do bud\u017cetu obywatelskiego.", "link": "https://tvn24.pl/tvnwarszawa/srodmiescie/warszawa-chca-powrotu-teczy-na-plac-zbawiciela-ma-byc-niezniszczalna-7177557?source=rss", "date_published": "2023-06-16 09:22:32+00:00", "persistent": false, "user": null, "language": "pl-PL"}, {"source": "https://tvn24.pl/wiadomosci-ze-swiata,2.xml", "title": "Magda Gessler w rankingu najcenniejszych kobiecych marek osobistych w Polsce. Ile jest wart jej wizerunek?", "description": "<img alt=\"Magda Gessler w rankingu najcenniejszych kobiecych marek osobistych w Polsce. Ile jest wart jej wizerunek?\" src=\"https://tvn24.pl/najnowsze/cdn-zdjecie-uhf4gi-image_1024-2-7114219/alternates/LANDSCAPE_1280\" />\n    14 gwiazd TVN trafi\u0142o do czwartego rankingu najcenniejszych kobiecych marek osobistych w Polsce stworzonego przez \"Forbes Women\" i firm\u0119 analityczn\u0105 PSMM Monitoring & More. Liderk\u0105 zestawienia jest Iga \u015awi\u0105tek, kt\u00f3rej wizerunek zosta\u0142 wyceniony na 988 mln z\u0142 (dwa lata temu by\u0142o to 380 mln z\u0142). Drugie miejsce zaj\u0119\u0142a Anna Lewandowska (278 mln z\u0142), a trzecie tenisistka Magda Linette (271 mln z\u0142). Magda Gessler znalaz\u0142a si\u0119 w pierwszej dziesi\u0105tce zestawienia.", "link": "https://tvn24.pl/kultura-i-styl/magda-gessler-ile-wart-jej-wizerunek-ranking-najcenniejszych-kobiecych-marek-osobistych-w-polsce-forbes-women-7177596?source=rss", "date_published": "2023-06-16 09:21:36+00:00", "persistent": false, "user": null, "language": "pl-PL"}, {"source": "https://tvn24.pl/wiadomosci-ze-swiata,2.xml", "title": "Dostali zg\u0142oszenie o pijanej matce. W mieszkaniu jej nie by\u0142o, bo wyjecha\u0142a z dzie\u0107mi samochodem", "description": "<img alt=\"Dostali zg\u0142oszenie o pijanej matce. W mieszkaniu jej nie by\u0142o, bo wyjecha\u0142a z dzie\u0107mi samochodem\" src=\"https://tvn24.pl/najnowsze/cdn-zdjecie-ccogfw-kobieta-miala-dwa-promile-alkoholu-w-organizmie-5548245/alternates/LANDSCAPE_1280\" />\n    Matka z ponad dwoma promilami w organizmie wioz\u0142a samochodem dwoje ma\u0142ych dzieci. Policjanci z J\u0119drzejowa (woj. \u015bwi\u0119tokrzyskie) zatrzymali kobiet\u0119 po zg\u0142oszeniu o tym, \u017ce nietrze\u017awa kobieta opiekuje si\u0119 potomstwem. Gdy mundurowi nie zastali rodziny w mieszkaniu, zacz\u0119li szuka\u0107 samochodu, kt\u00f3rym si\u0119 oddali\u0142a. Za kierownic\u0105 siedzia\u0142a pijana 36-latka.", "link": "https://tvn24.pl/krakow/jedrzejow-pijana-matka-wiozla-samochodem-dwoje-dzieci-miala-dwa-promile-w-organizmie-7177500?source=rss", "date_published": "2023-06-16 09:14:48+00:00", "persistent": false, "user": null, "language": "pl-PL"}, {"source": "https://tvn24.pl/wiadomosci-ze-swiata,2.xml", "title": "Kliczko: Rosjanie zaatakowali Kij\u00f3w, nadlatuj\u0105 kolejne pociski", "description": "<img alt=\"Kliczko: Rosjanie zaatakowali Kij\u00f3w, nadlatuj\u0105 kolejne pociski\" src=\"https://tvn24.pl/najnowsze/cdn-zdjecie-a7xgo3-kijow-7150244/alternates/LANDSCAPE_1280\" />\n    W kijowskiej dzielnicy Pad\u00f3\u0142 dosz\u0142o do eksplozji. Nad ukrai\u0144sk\u0105 stolic\u0119 nadlatuj\u0105 kolejne rosyjskie rakiety - przekaza\u0142 w pi\u0105tek mer Kijowa Witalij Kliczko. Wcze\u015bniej w wi\u0119kszo\u015bci region\u00f3w Ukrainy og\u0142oszono alarm przeciwlotniczy. Si\u0142y powietrzne Ukrainy poinformowa\u0142y o rosyjskim ataku rakietami Kalibr wyprowadzonym z Morza Czarnego.", "link": "https://tvn24.pl/swiat/witalij-kliczko-rosjanie-ponownie-zaatakowali-kijow-nadlatuja-kolejne-pociski-7177690?source=rss", "date_published": "2023-06-16 09:12:55+00:00", "persistent": false, "user": null, "language": "pl-PL"}, {"source": "https://tvn24.pl/wiadomosci-ze-swiata,2.xml", "title": "Kiedy\u015b nazywali je \"pekinami\" i \"slumsami\". Dzi\u015b potrafi\u0105 zachwyci\u0107 i maj\u0105 sw\u00f3j festiwal", "description": "<img alt=\"Kiedy\u015b nazywali je \" src=\"https://tvn24.pl/tvnwarszawa/najnowsze/cdn-zdjecie-bkvlni-dwa-swidermajery-w-otwocku-wpisane-do-rejestru-zabytkow-5576518/alternates/LANDSCAPE_1280\" />\n    W pi\u0105tek startuje dziesi\u0105ta edycja Festiwalu \u015awidermajer. Wydarzenie jest po\u015bwi\u0119cone tradycyjnej architekturze drewnianej linii otwockiej. Program jest r\u00f3\u017cnorodny, obejmuje m.in. wizyty w zabytkowych domach, plener fotograficzny, spacery historyczne i przyrodnicze, a tak\u017ce koncerty zespo\u0142u Raz, Dwa, Trzy czy Natalii Kukulskiej z kwartetem smyczkowym.", "link": "https://tvn24.pl/tvnwarszawa/najnowsze/otwock-jozefow-warszawa-festiwal-swidemajer-2023-program-7177287?source=rss", "date_published": "2023-06-16 09:02:06+00:00", "persistent": false, "user": null, "language": "pl-PL"}, {"source": "https://tvn24.pl/wiadomosci-ze-swiata,2.xml", "title": "28-latka udawa\u0142a 17-latk\u0119, by uczy\u0107 si\u0119 w liceum. Zosta\u0142a aresztowana", "description": "<img alt=\"28-latka udawa\u0142a 17-latk\u0119, by uczy\u0107 si\u0119 w liceum. Zosta\u0142a aresztowana\" src=\"https://tvn24.pl/najnowsze/cdn-zdjecie-uxgy8c-korytarz-szkola-shutterstock_1112561213_1-7176847/alternates/LANDSCAPE_1280\" />\n    Do jednego z lice\u00f3w w Luizjanie przez niemal ca\u0142y rok szkolny ucz\u0119szcza\u0142a 28-letnia kobieta, podaj\u0105ca si\u0119 za 17-latk\u0119. Gdy dyrekcja dowiedzia\u0142a si\u0119 o sprawie, zg\u0142osi\u0142a j\u0105 policji. Aresztowano kobiet\u0119 oraz jej matk\u0119, kt\u00f3ra zapisa\u0142a c\u00f3rk\u0119 do szko\u0142y. Ze wst\u0119pnych ustale\u0144 \u015bledczych wynika, \u017ce 28-latka posz\u0142a do liceum, \u017ceby nauczy\u0107 si\u0119 angielskiego.", "link": "https://tvn24.pl/swiat/luizjana-28-latka-udawala-nastolatke-i-zapisala-sie-do-liceum-7176806?source=rss", "date_published": "2023-06-16 08:57:44+00:00", "persistent": false, "user": null, "language": "pl-PL"}, {"source": "https://tvn24.pl/wiadomosci-ze-swiata,2.xml", "title": "Gigant zainwestuje w Polsce ponad 4,5 miliarda dolar\u00f3w. Prac\u0119 ma znale\u017a\u0107 2 tysi\u0105ce os\u00f3b", "description": "<img alt=\"Gigant zainwestuje w Polsce ponad 4,5 miliarda dolar\u00f3w. Prac\u0119 ma znale\u017a\u0107 2 tysi\u0105ce os\u00f3b\" src=\"https://tvn24.pl/najnowsze/cdn-zdjecie-iggpty-procesor-komputer-shutterstock_1892823829-7177638/alternates/LANDSCAPE_1280\" />\n    Ameryka\u0144ski koncern Intel planuje budow\u0119 w Polsce zak\u0142adu integracji i testowania p\u00f3\u0142przewodnik\u00f3w - poinformowa\u0142 koncern w komunikacie. Planowana inwestycja, o \u0142\u0105cznej warto\u015bci 4,6 miliarda dolar\u00f3w, pozwoli stworzy\u0107 2 tysi\u0105ce miejsc pracy w firmie Intel.", "link": "https://tvn24.pl/biznes/z-kraju/intel-chce-zainwestowac-w-polsce-ponad-45-miliarda-dolarow-prace-ma-znalezc-2-tysiace-osob-7177640?source=rss", "date_published": "2023-06-16 08:42:49+00:00", "persistent": false, "user": null, "language": "pl-PL"}, {"source": "https://tvn24.pl/wiadomosci-ze-swiata,2.xml", "title": "Zwa\u0142y ska\u0142 zsun\u0119\u0142y si\u0119 ze zbocza w Szwajcarii. Porwa\u0142y budynek", "description": "<img alt=\"Zwa\u0142y ska\u0142 zsun\u0119\u0142y si\u0119 ze zbocza w Szwajcarii. Porwa\u0142y budynek\" src=\"https://tvn24.pl/tvnmeteo/najnowsze/cdn-zdjecie-jvvfhn-osuwisko-nieopodal-wioski-brienz-7177462/alternates/LANDSCAPE_1280\" />\n    Skalne osuwisko zesz\u0142o tu\u017c przy wiosce Brienz we wschodniej Szwajcarii, porywaj\u0105c ze sob\u0105 budynek. Od miesi\u0105ca miejscowo\u015b\u0107 jest opuszczona, poniewa\u017c w zwi\u0105zku z nadchodz\u0105cym niebezpiecze\u0144stwem mieszka\u0144cy otrzymali nakaz ewakuacji.", "link": "https://tvn24.pl/tvnmeteo/swiat/osuwisko-w-szwajcarii-skalna-lawina-zsunela-sie-ze-zbocza-porwala-budynek-7177480?source=rss", "date_published": "2023-06-16 08:34:46+00:00", "persistent": false, "user": null, "language": "pl-PL"}, {"source": "https://tvn24.pl/wiadomosci-ze-swiata,2.xml", "title": "Przyczepka od\u0142\u0105czy\u0142a si\u0119 od auta i wjecha\u0142a w przystanek. Ranna zosta\u0142a 16-latka", "description": "<img alt=\"Przyczepka od\u0142\u0105czy\u0142a si\u0119 od auta i wjecha\u0142a w przystanek. Ranna zosta\u0142a 16-latka\" src=\"https://tvn24.pl/najnowsze/cdn-zdjecie-v8xst8-wypadek-w-sedziejowicach-7177592/alternates/LANDSCAPE_1280\" />\n    16-latka trafi\u0142a do szpitala po tym, jak na przystanku autobusowym w S\u0119dziejowicach (woj. \u0142\u00f3dzkie) wjecha\u0142a w ni\u0105 odczepiona od jad\u0105cego pojazdu przyczepka. M\u0142oda kobieta prawdopodobnie dozna\u0142a urazu kr\u0119gos\u0142upa. Jak informuje policja, do wypadku dosz\u0142o w wyniku awarii haka w samochodzie.", "link": "https://tvn24.pl/lodz/sedziejowice-wypadek-przyczepka-odlaczyla-sie-od-samochodu-i-wjechala-w-16-latke-na-przystanku-ladowal-smiglowiec-lpr-7177608?source=rss", "date_published": "2023-06-16 08:31:24+00:00", "persistent": false, "user": null, "language": "pl-PL"}, {"source": "https://tvn24.pl/wiadomosci-ze-swiata,2.xml", "title": "Wigilia dniem wolnym od pracy. Zapowied\u017a ministra", "description": "<img alt=\"Wigilia dniem wolnym od pracy. Zapowied\u017a ministra\" src=\"https://tvn24.pl/najnowsze/cdn-zdjecie-ebma17-inflacja-zakupy-sklep-koszyk-drozyzna-6645013/alternates/LANDSCAPE_1280\" />\n    W tym roku Wigilia po raz pierwszy nie b\u0119dzie pracuj\u0105ca, cho\u0107 przypada w niedziel\u0119 handlow\u0105 - poinformowa\u0142 w pi\u0105tek minister rozwoju i technologii Waldemar Buda. Zmienimy to w tym roku - doda\u0142.", "link": "https://tvn24.pl/biznes/z-kraju/wigilia-2023-dniem-wolnym-od-pracy-zakaz-handlu-7177497?source=rss", "date_published": "2023-06-16 07:36:57+00:00", "persistent": false, "user": null, "language": "pl-PL"}, {"source": "https://tvn24.pl/wiadomosci-ze-swiata,2.xml", "title": "Analitycy ISW: Rosjanie wycofuj\u0105 wyspecjalizowane jednostki szturmowe", "description": "<img alt=\"Analitycy ISW: Rosjanie wycofuj\u0105 wyspecjalizowane jednostki szturmowe\u00a0 \" src=\"https://tvn24.pl/najnowsze/cdn-zdjecie-miyst7-rosyjscy-zolnierze-7172258/alternates/LANDSCAPE_1280\" />\n    Ukrai\u0144ski wywiad poinformowa\u0142, \u017ce si\u0142y rosyjskie zaczynaj\u0105 wycofywa\u0107 ze s\u0142u\u017cby wyspecjalizowane jednostki szturmowe wielko\u015bci kompanii i przenosz\u0105 sw\u00f3j personel do formacji ochotniczych. Jak wyja\u015bnia w najnowszej analizie Instytut Studi\u00f3w nad Wojn\u0105 si\u0142y rosyjskie zdecydowa\u0142y si\u0119 na ten krok mi\u0119dzy innymi ze wzgl\u0119du na problemy kadrowe. ISW zwraca r\u00f3wnie\u017c uwag\u0119, \u017ce ukrai\u0144skie kontrnatarcie komplikuj\u0105 rosyjskie systemy walki radioelektronicznej.", "link": "https://tvn24.pl/swiat/analiza-isw-instytut-badan-nad-wojna-rosjanie-wycofuja-wyspecjalizowane-jednostki-szturmowe-7177279?source=rss", "date_published": "2023-06-16 07:34:00+00:00", "persistent": false, "user": null, "language": "pl-PL"}, {"source": "https://tvn24.pl/wiadomosci-ze-swiata,2.xml", "title": "72-latek by\u0142 oskar\u017cony o zabicie znajomego sztachet\u0105. S\u0105d skaza\u0142 go na 10 lat wi\u0119zienia", "description": "<img alt=\"72-latek by\u0142 oskar\u017cony o zabicie znajomego sztachet\u0105. S\u0105d skaza\u0142 go na 10 lat wi\u0119zienia\" src=\"https://tvn24.pl/najnowsze/cdn-zdjecie-1qwz8p-sad-przyjal-ze-72-latek-dzialal-w-stanie-ograniczonej-poczytalnosci-zdjecie-ilustracyjne-7177408/alternates/LANDSCAPE_1280\" />\n    Wed\u0142ug \u015bledczych 72-latek pchn\u0105\u0142 znajomego no\u017cem w twarz oraz zada\u0142 wiele cios\u00f3w sztachet\u0105. P\u00f3\u017aniej odjecha\u0142, zostawiaj\u0105c nieprzytomnego bez pomocy. Ten zmar\u0142 wskutek zach\u0142y\u015bni\u0119cia si\u0119 krwi\u0105. S\u0105d skaza\u0142 oskar\u017conego z gminy Milejczyce (woj. podlaskie) na 10 lat wi\u0119zienia. Przyj\u0105\u0142, \u017ce dzia\u0142a\u0142 w stanie ograniczonej poczytalno\u015bci, st\u0105d te\u017c kara ma by\u0107 wykonywana w systemie terapeutycznym. Wyrok nie jest prawomocny.", "link": "https://tvn24.pl/bialystok/gmina-milejczyce-72-latek-byl-oskarzony-o-zabicie-znajomego-sztacheta-sad-skazal-go-na-10-lat-wiezienia-7177354?source=rss", "date_published": "2023-06-16 07:25:32+00:00", "persistent": false, "user": null, "language": "pl-PL"}, {"source": "https://tvn24.pl/wiadomosci-ze-swiata,2.xml", "title": "\"Konsumenci b\u0119d\u0105 mogli upomnie\u0107 si\u0119 o dodatkowe \u015bwiadczenia\"", "description": "<img alt=\"\" src=\"https://tvn24.pl/biznes/najnowsze/cdn-zdjecie-9z8xue-bank-4901067/alternates/LANDSCAPE_1280\" />\n    Stworzona przez banki koncepcja wynagrodzenia za korzystanie z kapita\u0142u kredytu obraca si\u0119 przeciwko nim i mo\u017ce teraz spowodowa\u0107 dotkliwe konsekwencje dla tych instytucji - skomentowa\u0142 czwartkowy wyrok Trybuna\u0142u Sprawiedliwo\u015bci Unii Europejskiej autor pozwu do Trybuna\u0142u mecenas Rados\u0142aw G\u00f3rski.", "link": "https://tvn24.pl/biznes/z-kraju/kredyty-frankowe-mec-gorski-koncepcja-wynagrodzenia-za-korzystanie-z-kapitalu-kredytu-oznacza-dotkliwe-konsekwencje-dla-bankow-7177395?source=rss", "date_published": "2023-06-16 07:20:18+00:00", "persistent": false, "user": null, "language": "pl-PL"}, {"source": "https://tvn24.pl/wiadomosci-ze-swiata,2.xml", "title": "Para pojecha\u0142a na wakacje. Ich cia\u0142a znaleziono w pokoju hotelowym", "description": "<img alt=\"Para pojecha\u0142a na wakacje. Ich cia\u0142a znaleziono w pokoju hotelowym\" src=\"https://tvn24.pl/najnowsze/cdn-zdjecie-nked99-meksyk-plaza-los-cerritos-w-dystrykcie-todos-santos-polwysep-kalifornijski-7177422/alternates/LANDSCAPE_1280\" />\n    Para Amerykan\u00f3w zosta\u0142a odnaleziona martwa w pokoju hotelowym w Meksyku, gdzie przebywali na wakacjach. Wed\u0142ug wst\u0119pnych ustale\u0144 przyczyn\u0105 ich \u015bmierci by\u0142o zatrucie, najprawdopodobniej tlenkiem w\u0119gla. - My\u015bleli, \u017ce to zwyk\u0142e zatrucie pokarmowe. Nie mieli poj\u0119cia - m\u00f3wi rodzina zmar\u0142ej kobiety.", "link": "https://tvn24.pl/swiat/meksyk-para-amerykanow-znaleziona-martwa-w-pokoju-hotelowym-7177347?source=rss", "date_published": "2023-06-16 07:15:23+00:00", "persistent": false, "user": null, "language": "pl-PL"}, {"source": "https://tvn24.pl/wiadomosci-ze-swiata,2.xml", "title": "Rosja nie wybuduje ambasady przy parlamencie. Decyzja australijskich w\u0142adz", "description": "<img alt=\"Rosja nie wybuduje ambasady przy parlamencie. Decyzja australijskich w\u0142adz\" src=\"https://tvn24.pl/najnowsze/cdn-zdjecie-n0x7yq-gmach-parlamentu-australii-7177238/alternates/LANDSCAPE_1280\" />\n    Australijski parlament nie wyrazi\u0142 zgody na budow\u0119 nowej ambasady Rosji w pobli\u017cu gmachu parlamentu. Minister spraw wewn\u0119trznych Clare O'Neil o\u015bwiadczy\u0142a, \u017ce jej kraj \"nie b\u0119dzie przeprasza\u0107\" za podejmowanie dzia\u0142a\u0144 maj\u0105cych na celu zapewnienie bezpiecze\u0144stwa Australijczykom. Kreml uzna\u0142 t\u0119 decyzj\u0119 za dzia\u0142anie \"wrogie\" i \"rusofobiczne\".", "link": "https://tvn24.pl/swiat/australia-rosja-nie-wybuduje-nowej-ambasady-w-canberze-przy-parlamencie-7177239?source=rss", "date_published": "2023-06-16 07:10:16+00:00", "persistent": false, "user": null, "language": "pl-PL"}, {"source": "https://tvn24.pl/wiadomosci-ze-swiata,2.xml", "title": "\"Biparjoy\" znaczy \"nieszcz\u0119\u015bcie\". Cyklon uderzy\u0142 w l\u0105d", "description": "<img alt=\"\" src=\"https://tvn24.pl/tvnmeteo/najnowsze/cdn-zdjecie-ldrljo-cyklon-uderzyl-w-indyjski-stan-gudzarat-7177388/alternates/LANDSCAPE_1280\" />\n    Cyklon tropikalny Biparjoy uderzy\u0142 w nocy w wybrze\u017ce Indii. Zjawisko przynios\u0142o ze sob\u0105 porywisty wiatr, kt\u00f3ry niszczy\u0142 domy, drogi i infrastruktur\u0119 techniczn\u0105 w stanie Gud\u017aarat. Chocia\u017c \u017cywio\u0142 s\u0142abnie, wci\u0105\u017c mo\u017ce spowodowa\u0107 ogromne podtopienia za spraw\u0105 niesionych przez siebie ulew.", "link": "https://tvn24.pl/tvnmeteo/swiat/indie-pakistan-cyklon-biparjoy-uderzyl-w-lad-7177350?source=rss", "date_published": "2023-06-16 07:01:32+00:00", "persistent": false, "user": null, "language": "pl-PL"}, {"source": "https://tvn24.pl/wiadomosci-ze-swiata,2.xml", "title": "Papie\u017c Franciszek opu\u015bci\u0142 szpital po operacji", "description": "<img alt=\"Papie\u017c Franciszek opu\u015bci\u0142 szpital po operacji\" src=\"https://tvn24.pl/najnowsze/cdn-zdjecie-l6qk6m-papiez-franciszek-opuscil-szpital-7177472/alternates/LANDSCAPE_1280\" />\n    Papie\u017c Franciszek w pi\u0105tek rano wyszed\u0142 z rzymskiego szpitala. Przeszed\u0142 tam operacj\u0119 jamy brzusznej z powodu przepukliny rozetnej. - Dalej \u017cyj\u0119 - tak papie\u017c odpowiedzia\u0142 na pytanie, jak si\u0119 czuje.", "link": "https://tvn24.pl/swiat/papiez-franciszek-opuscil-szpital-po-operacji-7177413?source=rss", "date_published": "2023-06-16 07:00:21+00:00", "persistent": false, "user": null, "language": "pl-PL"}, {"source": "https://tvn24.pl/wiadomosci-ze-swiata,2.xml", "title": "Zaton\u0119\u0142a \u0142\u00f3d\u017a, zgin\u0119li migranci. Dziewi\u0119\u0107 os\u00f3b zatrzymanych", "description": "<img alt=\"Zaton\u0119\u0142a \u0142\u00f3d\u017a, zgin\u0119li migranci. Dziewi\u0119\u0107 os\u00f3b zatrzymanych\" src=\"https://tvn24.pl/najnowsze/cdn-zdjecie-j1ptbr-zatrzymano-dziewieciu-egipcjan-w-zwiazku-z-wypadkiem-lodzi-z-migrantami-7177215/alternates/LANDSCAPE_1280\" />\n    Greckie s\u0142u\u017cby,\u00a0w zwi\u0105zku z tragicznym zatoni\u0119ciem \u0142odzi migrant\u00f3w, zatrzyma\u0142y podejrzanych o zajmowanie si\u0119 przemytem ludzi. Mi\u0119dzynarodowa Organizacja do spraw Migracji (IOM) szacuje, \u017ce nawet setki ludzi mog\u0142y uton\u0105\u0107 w tym wypadku. \"To jedna z najbardziej \u015bmierciono\u015bnych tragedii na Morzu \u015ar\u00f3dziemnym od dekady\" - o\u015bwiadczy\u0142a IOM.", "link": "https://tvn24.pl/swiat/grecja-zatonela-lodz-z-migrantami-zatrzymania-osob-podejrzanych-o-przemyt-ludzi-7177216?source=rss", "date_published": "2023-06-16 06:20:00+00:00", "persistent": false, "user": null, "language": "pl-PL"}, {"source": "https://tvn24.pl/wiadomosci-ze-swiata,2.xml", "title": "\"1335 interwencji\". Renata Szredzi\u0144ska o przemocy wobec dzieci", "description": "<img alt=\"\" src=\"https://tvn24.pl/najnowsze/cdn-zdjecie-1cjqip-renata-szredzinska-w-jeden-na-jeden-7177313/alternates/LANDSCAPE_1280\" />\n    Liczby interwencyjnych odebra\u0144 dzieci rosn\u0105, a liczba niebieskich kart spada - zwraca\u0142a uwag\u0119 w \"Jeden na jeden\" Renata Szredzi\u0144ska z Fundacji Dajemy Dzieciom Si\u0142\u0119. - Ostatnie dane mamy za 2021 rok, to by\u0142o ponad 1335 interwencji - powiedzia\u0142a, dodaj\u0105c, \u017ce \"s\u0105dy podj\u0119\u0142y osiem tysi\u0119cy decyzji o pozbawieniu w\u0142adzy rodzicielskiej\".", "link": "https://tvn24.pl/polska/coraz-wiecej-interwencji-w-sprawie-dzieci-z-rodzin-przemocowych-renata-szredzinska-z-fundacji-dajemy-dzieciom-sile-o-statystykach-7177332?source=rss", "date_published": "2023-06-16 06:10:00+00:00", "persistent": false, "user": null, "language": "pl-PL"}, {"source": "https://tvn24.pl/wiadomosci-ze-swiata,2.xml", "title": "Tornado rozerwa\u0142o domy na strz\u0119py. \"Uderzy\u0142o w najwra\u017cliwsze miejsce\"", "description": "<img alt=\"Tornado rozerwa\u0142o domy na strz\u0119py. \" src=\"https://tvn24.pl/tvnmeteo/najnowsze/cdn-zdjecie-ykj220-zniszczenia-po-przejsciu-tornada-w-perryton-7177297/alternates/LANDSCAPE_1280\" />\n    Tornado uderzy\u0142o w czwartek w miasto Perryton w Teksasie. \u017bywio\u0142 ca\u0142kowicie zniszczy\u0142 osiedle dom\u00f3w mobilnych i uszkodzi\u0142 siedziby wielu przedsi\u0119biorstw. Jak poinformowa\u0142y s\u0142u\u017cby ratunkowe, gwa\u0142towna aura przyczyni\u0142a si\u0119 do \u015bmierci co najmniej trzech os\u00f3b, za\u015b kilkadziesi\u0105t mieszka\u0144c\u00f3w odnios\u0142o rany.", "link": "https://tvn24.pl/tvnmeteo/swiat/teksas-stany-zjednoczone-tornado-rozerwalo-miasto-7177280?source=rss", "date_published": "2023-06-16 05:57:16+00:00", "persistent": false, "user": null, "language": "pl-PL"}, {"source": "https://tvn24.pl/wiadomosci-ze-swiata,2.xml", "title": "Szef MSZ W\u0119gier: bez dostaw z Rosji nie byliby\u015bmy w stanie zaopatrzy\u0107 naszego kraju w energi\u0119", "description": "<img alt=\"Szef MSZ W\u0119gier: bez dostaw z Rosji nie byliby\u015bmy w stanie zaopatrzy\u0107 naszego kraju w energi\u0119\" src=\"https://tvn24.pl/najnowsze/cdn-zdjecie-kmq2zn-peter-szijjarto-5845199/alternates/LANDSCAPE_1280\" />\n    Minister spraw zagranicznych i handlu W\u0119gier Peter Szijjarto podczas Mi\u0119dzynarodowego Forum Ekonomicznego w Petersburgu przyzna\u0142, \u017ce w\u0142adze w Budapeszcie nie by\u0142by w stanie zaopatrzy\u0107 kraju w energi\u0119 bez dostaw z Rosji. W jego ocenie dostawy energii powinny by\u0107 traktowane \"nie jako kwestia ideologiczna, a jako fizyczna\".", "link": "https://tvn24.pl/swiat/rosja-szef-msz-wegier-bez-dostaw-z-rosji-nie-bylibysmy-dzis-w-stanie-zaopatrzyc-naszego-kraju-w-energie-7177224?source=rss", "date_published": "2023-06-16 05:52:02+00:00", "persistent": false, "user": null, "language": "pl-PL"}, {"source": "https://tvn24.pl/wiadomosci-ze-swiata,2.xml", "title": "Prezydent Duda rozmawia\u0142 z przyw\u00f3dcami kraj\u00f3w afryka\u0144skich o sytuacji na Ukrainie", "description": "<img alt=\"Prezydent Duda rozmawia\u0142 z przyw\u00f3dcami kraj\u00f3w afryka\u0144skich o sytuacji na Ukrainie\" src=\"https://tvn24.pl/najnowsze/cdn-zdjecie-nq4dru-prezydent-duda-spotkal-sie-z-przywodcami-republiki-poludniowej-afryki-zambii-i-komorow-7177240/alternates/LANDSCAPE_1280\" />\n    Sytuacja na Ukrainie, wsparcie Kijowa i rosyjskie zbrodnie wojenne by\u0142y przedmiotem przeprowadzonych w czwartek rozm\u00f3w prezydenta Polski z przyw\u00f3dcami Republiki Po\u0142udniowej Afryki, Zambii i Komor\u00f3w. \"Prezydent Andrzej Duda przedstawi\u0142 nasz\u0105 perspektyw\u0119 na rosyjsk\u0105 agresj\u0119 na Ukrainie\" - poinformowa\u0142a Kancelaria Prezydenta RP.", "link": "https://tvn24.pl/polska/rpa-zambia-komory-prezydent-duda-rozmawial-z-przywodcami-krajow-afrykanskich-o-sytuacji-na-ukrainie-7177241?source=rss", "date_published": "2023-06-16 05:45:07+00:00", "persistent": false, "user": null, "language": "pl-PL"}, {"source": "https://tvn24.pl/wiadomosci-ze-swiata,2.xml", "title": "Tragiczny wypadek w Kanadzie. Co najmniej 15 os\u00f3b zgin\u0119\u0142o", "description": "<img alt=\"Tragiczny wypadek w Kanadzie. Co najmniej 15 os\u00f3b zgin\u0119\u0142o\" src=\"https://tvn24.pl/najnowsze/cdn-zdjecie-ag9gfp-zderzenie-ciezarowki-z-minibusem-w-kanadzie-7177258/alternates/LANDSCAPE_1280\" />\n    Co najmniej 15 os\u00f3b zgin\u0119\u0142o, a 10 zosta\u0142o rannych w wypadku w prowincji Manitoba w Kanadzie. Dosz\u0142o tam do zderzenia ci\u0119\u017car\u00f3wki z przyczep\u0105 z minibusem przewo\u017c\u0105cym osoby starsze - poinformowa\u0142a policja.", "link": "https://tvn24.pl/swiat/kanada-zderzenie-ciezarowki-z-minibusem-zabici-i-ranni-7177257?source=rss", "date_published": "2023-06-16 05:15:52+00:00", "persistent": false, "user": null, "language": "pl-PL"}, {"source": "https://tvn24.pl/wiadomosci-ze-swiata,2.xml", "title": "Napadli na jego sklep, chwyci\u0142 za n\u00f3\u017c. Prokuratura: dzia\u0142a\u0142 w obronie koniecznej", "description": "<img alt=\"Napadli na jego sklep, chwyci\u0142 za n\u00f3\u017c. Prokuratura: dzia\u0142a\u0142 w obronie koniecznej\" src=\"https://tvn24.pl/najnowsze/cdn-zdjecie-1n2ejp-napad-na-sklep-w-kobylce-6623248/alternates/LANDSCAPE_1280\" />\n    Prokuratura zako\u0144czy\u0142a \u015bledztwo w sprawie napadu na sklep w Koby\u0142ce. W\u0142a\u015bciciel, kt\u00f3ry ugodzi\u0142 \u015bmiertelnie no\u017cem jednego z napastnik\u00f3w nie zasi\u0105dzie na \u0142awie oskar\u017conych. Wed\u0142ug \u015bledczych dzia\u0142a\u0142 w obronie koniecznej. Postanowienie o umorzeniu sprawy nie jest prawomocne.", "link": "https://tvn24.pl/tvnwarszawa/okolice/kobylka-napad-na-sklep-sprawca-ugodzony-nozem-przez-wlasciciela-obrona-konieczna-7176250?source=rss", "date_published": "2023-06-16 05:10:19+00:00", "persistent": false, "user": null, "language": "pl-PL"}, {"source": "https://tvn24.pl/wiadomosci-ze-swiata,2.xml", "title": "Wyniki Lotto z\u00a015 czerwca 2023. Jakie liczby pad\u0142y podczas ostatniego losowania?", "description": "<img alt=\"Wyniki Lotto z\u00a015 czerwca 2023. Jakie liczby pad\u0142y podczas ostatniego losowania?\" src=\"https://tvn24.pl/biznes/najnowsze/cdn-zdjeciedfcd1798e8d43d2929d0e92a28daff32-lotto-16-jpg-3815826/alternates/LANDSCAPE_1280\" />\n    W czwartek w Lotto pad\u0142a g\u0142\u00f3wna wygrana. Do zwyci\u0119zcy trafi a\u017c 2,3 miliona z\u0142otych. Oto wyniki Lotto oraz Lotto Plus z dnia 15 czerwca 2023 roku.", "link": "https://tvn24.pl/biznes/pieniadze/wyniki-lotto-z-dnia150623-liczby-z-ostatniego-losowania-7177271?source=rss", "date_published": "2023-06-16 05:02:55+00:00", "persistent": false, "user": null, "language": "pl-PL"}, {"source": "https://tvn24.pl/wiadomosci-ze-swiata,2.xml", "title": "\"Flash\" od dzi\u015b w kinach. Recenzenci chwal\u0105 d\u0142ugo oczekiwany film", "description": "<img alt=\"\" src=\"https://tvn24.pl/najnowsze/cdn-zdjecie-sgelb3-flash-trafi-do-kin-16-czerwca-7174541/alternates/LANDSCAPE_1280\" />\n    W najnowszym filmie DC Studios dochodzi do pokoleniowej wymiany. Dawni superbohaterowie nie staj\u0105 na wysoko\u015bci zadania, w ich buty musz\u0105 wej\u015b\u0107 m\u0142odsi nast\u0119pcy. D\u0142ugo oczekiwany \"Flash\" kilka dni temu mia\u0142 \u015bwiatow\u0105 premier\u0119, a od 16 czerwca mo\u017cna go ogl\u0105da\u0107 w kinach, r\u00f3wnie\u017c w Polsce.", "link": "https://tvn24.pl/kultura-i-styl/flash-kiedy-premiera-o-czym-jest-obsada-recenzje-7174495?source=rss", "date_published": "2023-06-16 05:00:00+00:00", "persistent": false, "user": null, "language": "pl-PL"}, {"source": "https://tvn24.pl/wiadomosci-ze-swiata,2.xml", "title": "Al Pacino zosta\u0142 ojcem po raz czwarty", "description": "<img alt=\"Al Pacino zosta\u0142 ojcem po raz czwarty\" src=\"https://tvn24.pl/najnowsze/cdn-zdjecie-hokdy4-al-pacino-7153054/alternates/LANDSCAPE_1280\" />\n    Al Pacino po raz czwarty zosta\u0142 ojcem - poinformowa\u0142 w czwartek AFP jego agent. Partnerka 83-letniego aktora Noor Alfallah urodzi\u0142a ch\u0142opca.", "link": "https://tvn24.pl/kultura-i-styl/al-pacino-zostal-ojcem-po-raz-czwarty-aktorowi-urodzil-sie-syn-7177255?source=rss", "date_published": "2023-06-16 04:55:49+00:00", "persistent": false, "user": null, "language": "pl-PL"}, {"source": "https://tvn24.pl/wiadomosci-ze-swiata,2.xml", "title": "Alerty dla 11 wojew\u00f3dztw. IMGW ostrzega przed ulewami i burzami z gradem", "description": "<img alt=\"Alerty dla 11 wojew\u00f3dztw. IMGW ostrzega przed ulewami i burzami z gradem\" src=\"https://tvn24.pl/tvnmeteo/najnowsze/cdn-zdjecie-2mvp47-intensywne-opady-deszczu-z-burzami-5203747/alternates/LANDSCAPE_1280\" />\n    IMGW wyda\u0142 alarmy meteorologiczne. W pi\u0105tek w niekt\u00f3rych regionach towarzyszy\u0107 nam b\u0119d\u0105 burze z gradem i silnymi porywami wiatru, lokalnie osi\u0105gaj\u0105cymi pr\u0119dko\u015b\u0107 do 70 kilometr\u00f3w na godzin\u0119. Mieszka\u0144cy pi\u0119ciu wojew\u00f3dztw powinni natomiast przygotowa\u0107 si\u0119 na intensywne opady deszczu, kt\u00f3re potrwaj\u0105 do soboty.", "link": "https://tvn24.pl/tvnmeteo/prognoza/alerty-imgw-burze-z-gradem-i-intensywny-deszcz-w-piatek-1606-7177261?source=rss", "date_published": "2023-06-16 04:47:04+00:00", "persistent": false, "user": null, "language": "pl-PL"}, {"source": "https://tvn24.pl/wiadomosci-ze-swiata,2.xml", "title": "Arkadiusz Wierzuk zdoby\u0142 Polsko-Niemieck\u0105 Nagrod\u0119 Dziennikarsk\u0105 imienia Tadeusza Mazowieckiego", "description": "<img alt=\"Arkadiusz Wierzuk zdoby\u0142 Polsko-Niemieck\u0105 Nagrod\u0119 Dziennikarsk\u0105 imienia Tadeusza Mazowieckiego\" src=\"https://tvn24.pl/najnowsze/cdn-zdjecie-a4idf5-dziennikarz-tvn24-arkadiusz-wierzuk-zostal-wyrozniony-za-reportaz-niemieckie-dylematy-7177217/alternates/LANDSCAPE_1280\" />\n    Reporter TVN24 Arkadiusz Wierzuk zdoby\u0142 Polsko-Niemieck\u0105 Nagrod\u0119 Dziennikarsk\u0105 im. Tadeusza Mazowieckiego. Gala odby\u0142a si\u0119 w \u015brod\u0119 wieczorem w Teatrze Lubuskim w Zielonej G\u00f3rze.", "link": "https://tvn24.pl/polska/arkadiusz-wierzuk-zdobyl-polsko-niemiecka-nagrode-dziennikarska-imienia-tadeusza-mazowieckiego-7177220?source=rss", "date_published": "2023-06-16 04:12:00+00:00", "persistent": false, "user": null, "language": "pl-PL"}, {"source": "https://tvn24.pl/wiadomosci-ze-swiata,2.xml", "title": "Sejm debatowa\u0142 nad obywatelskim projektem o refundacji in vitro", "description": "<img alt=\"Sejm debatowa\u0142 nad obywatelskim projektem o refundacji in vitro\" src=\"https://tvn24.pl/najnowsze/cdn-zdjecie-wdgsgd-malgorzata-rozenek-majdan-wystapila-jako-przedstawicielka-komitetu-inicjatywy-ustawodawczej-7177233/alternates/LANDSCAPE_1280\" />\n    Obywatelski projekt ustawy o refundacji in vitro trafi do komisji zdrowia. W czwartek p\u00f3\u017ano wieczorem na sali plenarnej podczas pierwszego czytania dyskutowano o jego celowo\u015bci. Jako przedstawicielka inicjatywy ustawodawczej g\u0142os zabra\u0142a mi\u0119dzy innymi Ma\u0142gorzata Rozenek-Majdan.", "link": "https://tvn24.pl/polska/sejm-debatowal-nad-obywatelskim-projektem-o-refundacji-in-vitro-malgorzata-rozenek-majdan-w-sejmie-7177234?source=rss", "date_published": "2023-06-16 04:00:24+00:00", "persistent": false, "user": null, "language": "pl-PL"}, {"source": "https://tvn24.pl/wiadomosci-ze-swiata,2.xml", "title": "Analitycy ISW: Rosjanie wycofuj\u0105 wyspecjalizowane jednostki szturmowe", "description": "<img alt=\"Analitycy ISW: Rosjanie wycofuj\u0105 wyspecjalizowane jednostki szturmowe\u00a0\" src=\"https://tvn24.pl/najnowsze/cdn-zdjecie-miyst7-rosyjscy-zolnierze-7172258/alternates/LANDSCAPE_1280\" />\n    Inwazja zbrojna Rosji na Ukrain\u0119 trwa od 478 dni. Ukrai\u0144ski wywiad poinformowa\u0142, \u017ce si\u0142y rosyjskie zaczynaj\u0105 wycofywa\u0107 ze s\u0142u\u017cby wyspecjalizowane jednostki szturmowe wielko\u015bci kompanii i przenosz\u0105 sw\u00f3j personel do formacji ochotniczych - poinformowa\u0142 Instytut Studi\u00f3w nad Wojn\u0105. Ameryka\u0144ski think tank wyja\u015bnia, \u017ce si\u0142y rosyjskie zdecydowa\u0142y si\u0119 na ten krok mi\u0119dzy innymi ze wzgl\u0119du na problemy kadrowe. W tvn24.pl relacjonujemy wydarzenia z i wok\u00f3\u0142 Ukrainy.", "link": "https://tvn24.pl/swiat/wojna-rosja-ukraina-relacja-na-zywo-z-16-czerwca-2023-7177251?source=rss", "date_published": "2023-06-16 03:45:00+00:00", "persistent": false, "user": null, "language": "pl-PL"}, {"source": "https://tvn24.pl/wiadomosci-ze-swiata,2.xml", "title": "Ukraina walczy. Najwa\u017cniejsze wydarzenia ostatnich godzin", "description": "<img alt=\"Ukraina walczy. Najwa\u017cniejsze wydarzenia ostatnich godzin\" src=\"https://tvn24.pl/najnowsze/cdn-zdjecie-qaxmof-ukraina-wojsko-7175213/alternates/LANDSCAPE_1280\" />\n    Rosyjska inwazja na Ukrain\u0119 trwa od 478 dni. Specjalna sprawozdawczyni ONZ do spraw tortur, Alice Jill Edwards alarmowa\u0142a, \u017ce rosyjskie wojsko na Ukrainie dopuszcza si\u0119 \"powszechnego \"stosowania fizycznych i psychicznych tortur wobec cywil\u00f3w i je\u0144c\u00f3w wojennych. Oto najwa\u017cniejsze wydarzenia ostatnich godzin.", "link": "https://tvn24.pl/swiat/ukraina-walczy-najwazniejsze-wydarzenia-ostatnich-godzin-15-czerwca-2023-7177250?source=rss", "date_published": "2023-06-16 03:15:00+00:00", "persistent": false, "user": null, "language": "pl-PL"}]