[{"source": "https://www.youtube.com/feeds/videos.xml?channel_id=UC_0CVCfC_3iuHqmyClu59Uw", "title": "The Most Powerful Mini PC For Steam Deck OS Is Hands Down The Fastest We\u2019ve Tested", "description": "In this video we take a look at Linux gaming running on the Fastest Mini PC on the market right now, The Beelink SER7 Ryzen 7 7840HS!\nBacked by The Radeon 780M RDNA3 iGPU this mini PC has the power for AAA Gaming. The Linux Distro used for testing is known as Chimera OS and with the latest update it\u2019s just as good if now better than SteamOS 3 otherwise known as Steam Deck OS!\n\nBuy the Beeline GTR7 7840HS PC Here:https://shrsl.com/43ovj\n\nFollow Me On Twitter: https://twitter.com/theetaprime\nFollow Me On Instagram: https://www.instagram.com/etaprime/\n\n25% Code for software: ETA\nWindows 10 Pro OEM Key($15): https://biitt.ly/KpEmf\nWindows10 Home Key($14): https://biitt.ly/2tPi1\nWindows 11 Pro Key($22): https://biitt.ly/RUZiX\nOffice 2019 pro key($49): https://biitt.ly/o0OQT\n\nEquipment I Use:\nMonitor: Pixio 277 Pro On Amazon: https://amzn.to/3PGUBwe\nElgato HD60 X Screen Capture Device: https://amzn.to/3GkP2AL\nTool Kit: https://amzn.to/3Wo8bpX\nCamera: https://amzn.to/3XJfFoI\n\nDISCLAIMER: This video and description contains affiliate links, which means that if you click on one of the product links, I\u2019ll receive a small commission at no extra cost to you!\nUnder section 107 of the Copyright Act 1976, allowance is made for \u201cfair use\u201d for purposes such as criticism, comment, news reporting, teaching, scholarship, education, and research.\nNo Games Are Included Or Added\n\nThis video and Channel and Video are for viewers 14 years older and up. This video is not made for viewers under the age of 14. \n\nWant to send me something?\nETAPRIME\n12400 Wake Union Church Rd PMB #239\nWake Forest, NC 27587 US\n\nTHIS VIDEO IS FOR EDUCATIONAL PURPOSES ONLY!", "link": "https://www.youtube.com/watch?v=VU333CL0BrQ", "date_published": "2023-06-16 15:00:29+00:00", "persistent": false, "user": null, "language": "en-US"}]