[{"source": "https://www.youtube.com/feeds/videos.xml?channel_id=UCme4ZOv65uzGADXuvtHkSvA", "title": "M\u0105dro\u015b\u0107 Syracydesa || Rozdzia\u0142\u00a020", "description": "Przeczytajmy razem ca\u0142e Pismo \u015awi\u0119te! Od 1 pa\u017adziernika 2020 czytamy Pismo \u015awi\u0119te, codziennie 1 rozdzia\u0142 \u017cyciodajnego S\u0141OWA BOGA.\nWykorzystano Najnowszy przek\u0142ad Pisma \u015awi\u0119tego z komentarzem opracowany przez Zesp\u00f3\u0142 Biblist\u00f3w Polskich z inicjatywy Towarzystwa \u015awi\u0119tego Paw\u0142a (Edycja \u015awi\u0119tego Paw\u0142a). Pierwszy przek\u0142ad w trzecim tysi\u0105cleciu.\n\n________________________________________\nAudiobooka znajdziecie tu \u2661\n\u27a1  https://bit.ly/nowennapompejanska\nDost\u0119pny tak\u017ce w zestawie z Audiobookiem \"Jak si\u0119 modli\u0107\"\n\u27a1 https://bit.ly/nowennaijaksi\u0119modlic\n________________________________________\nKsi\u0105\u017ck\u0119 \"Jak si\u0119 modli\u0107?\" znajdziecie tu:\n\u2192 https://langustanapalmie.pl/produkt/jaksiemodlic/\n\nKsi\u0105\u017cka jest cegie\u0142k\u0105 i ca\u0142y doch\u00f3d ze sprzeda\u017cy jest przeznaczony na dzia\u0142alno\u015b\u0107 Niez\u0142ej Fundacji zajmuj\u0105cej si\u0119 dzie\u0142ami Langusty Na Palmie.\n________________________________________\nAby nas wesprze\u0107 kliknij tu \n\u2192 https://patronite.pl/langustanapalmie\n\u2192 http://bit.ly/Subskrybuj_Languste\n\n\u2661 Historie pot\u0142uczone\nAnchor \u2192 https://anchor.fm/langusta-na-palmie\nSpreaker \u2192 https://www.spreaker.com/show/historie-potluczone\nSpotify \u2192 https://spoti.fi/2NVIRHb\nApple \u2192 https://apple.co/2ZIPQZv\nGoogle Podcasts \u2192 https://bit.ly/2OlBWH\n\n\u2661  Pismo \u015awi\u0119te: \nAnchor \u2192 https://anchor.fm/langusta-na-palmie\nSpreaker \u2192 https://www.spreaker.com/show/przeczytaj-pismo-swiete-z-langusta\nSpotify \u2192  https://spoti.fi/34nZwLr\nApple \u2192  https://apple.co/33zdwCV\nGoogle Podcasts \u2192 https://bit.ly/3nmaZUc\n\nStrona z kalendarzem o. Adama: \n\u2192 http://www.langustanapalmie.pl\nMo\u017cna nas r\u00f3wnie\u017c znale\u017a\u0107 na Facebooku: \n\u2192 https://www.facebook.com/LangustaNaPalmie\nTwitterze: \n\u2192 https://twitter.com/LangustaPalmowa\nInstagramie: \n\u2192 https://www.instagram.com/langustanapalmie/\n\nZapraszamy.", "link": "https://www.youtube.com/watch?v=KwYxlVYv2z0", "date_published": "2023-06-16 22:00:11+00:00", "persistent": false, "user": null, "language": "pl-PL"}, {"source": "https://www.youtube.com/feeds/videos.xml?channel_id=UCme4ZOv65uzGADXuvtHkSvA", "title": "Wstawaki [#1405] Plotka", "description": "Wstawaj, \u017cyj i kochaj, czyli poranna dawka energii na ca\u0142y dzie\u0144 i nie tylko. \n\n\"Wstawaki 2.0\" muz: Jan Smoczy\u0144ski || Agnieszka Musia\u0142\n\n#Wstawaki #zr\u00f3bmydobrydzie\u0144 #AdamSzustakOP\n\n________________________________________\nWydarzenie U\u015aWI\u0118CENI.\n24.11.2023 r. (pi\u0105tek)\n\u0141\u00f3d\u017a Atlas Arena.\n\n\ud835\uddd5\ud835\udddc\ud835\udddf\ud835\uddd8\ud835\udde7\ud835\uddec \u261e  \ud835\uddf5\ud835\ude01\ud835\ude01\ud835\uddfd\ud835\ude00://\ud835\uddef\ud835\uddf6\ud835\ude01.\ud835\uddf9\ud835\ude06/\ud835\uddf8\ud835\ude02\ud835\uddfd\ud835\uddd5\ud835\uddf6\ud835\uddf9\ud835\uddf2\ud835\ude01\ud835\uddfb\ud835\uddee\ud835\udde8\ud835\ude00\ud835\ude04\ud835\uddf6\ud835\uddf2\ud835\uddf0\ud835\uddfc\ud835\uddfb\ud835\ude06\ud835\uddf0\ud835\uddf5\nWydarzenie na FB \u261ehttps://fb.me/e/4uTahH50v\n________________________________________\nAudiobooka znajdziecie tu \u2661\n\u27a1  https://bit.ly/nowennapompeja\u0144ska\nDost\u0119pny tak\u017ce w zestawie z Audiobookiem \"Jak si\u0119 modli\u0107\"\n\u27a1 https://bit.ly/nowennaijaksi\u0119modli\u0107\n________________________________________\nAby wesprze\u0107 NIEZ\u0141\u0104 FUNDACJ\u0118 zajmuj\u0105c\u0105 si\u0119 dzie\u0142ami Langusty na Palmie,\nkliknij tutaj: \n\u2192 https://langustanapalmie.pl/przekaz-darowizne/\n________________________________________\nKsi\u0105\u017ck\u0119 \"Jak si\u0119 modli\u0107?\" znajdziecie tu:\n\u2192 https://langustanapalmie.pl/produkt/jaksiemodlic/\n\nKsi\u0105\u017cka jest cegie\u0142k\u0105 i ca\u0142y doch\u00f3d ze sprzeda\u017cy jest przeznaczony na dzia\u0142alno\u015b\u0107 Niez\u0142ej Fundacji zajmuj\u0105cej si\u0119 dzie\u0142ami Langusty Na Palmie.\n________________________________________\nAby nas wesprze\u0107 kliknij tu \n\u2192 https://patronite.pl/langustanapalmie\n\u2192 http://bit.ly/Subskrybuj_Languste\n\u2192 https://langustanapalmie.pl/przekaz-darowizne/\n\n\u2661 Historie pot\u0142uczone\nAnchor \u2192 https://anchor.fm/langusta-na-palmie\nSpreaker \u2192 https://www.spreaker.com/show/historie-potluczone\nSpotify \u2192 https://spoti.fi/2NVIRHb\nApple \u2192 https://apple.co/2ZIPQZv\nGoogle Podcasts \u2192 https://bit.ly/2OlBWH\n\n\u2661  Pismo \u015awi\u0119te: \nAnchor \u2192 https://anchor.fm/langusta-na-palmie\nSpreaker \u2192 https://www.spreaker.com/show/przeczytaj-pismo-swiete-z-langusta\nSpotify \u2192  https://spoti.fi/34nZwLr\nApple \u2192  https://apple.co/33zdwCV\nGoogle Podcasts \u2192 https://bit.ly/3nmaZUc\n\nStrona z kalendarzem o. Adama: \n\u2192 http://www.langustanapalmie.pl\nMo\u017cna nas r\u00f3wnie\u017c znale\u017a\u0107 na Facebooku: \n\u2192 https://www.facebook.com/LangustaNaPalmie\nTwitterze: \n\u2192 https://twitter.com/LangustaPalmowa\nInstagramie: \n\u2192 https://www.instagram.com/langustanapalmie/\n\nZapraszamy.", "link": "https://www.youtube.com/watch?v=zecfxe1OnFw", "date_published": "2023-06-16 02:30:33+00:00", "persistent": false, "user": null, "language": "pl-PL"}]