[{"source": "https://www.wirtualnemedia.pl/rss/wm_internet.xml", "title": "Sandra Drzymalska i Maria D\u0119bska w obsadzie \"Pana Samochodzika i Templariuszy\". Poznali\u015bmy dat\u0119 premiery", "description": "Aktorki Sandra Drzymalska oraz Maria D\u0119bska do\u0142\u0105czaj\u0105 do obsady \"Pana Samochodzika i Templariuszy\".\u00a0 Premiera filmu z Mateuszem Janickim w roli g\u0142\u00f3wnej, ju\u017c 12 lipca w Netfliksie.", "link": "https://www.wirtualnemedia.pl/artykul/sandra-drzymalska-maria-debska-pan-samochodzik-i-templariuszy-netflix-zwiastun-premiera-obsadaa", "date_published": "2023-06-16 12:59:45.985227+00:00", "persistent": false, "user": null, "language": "pl-PL"}, {"source": "https://www.wirtualnemedia.pl/rss/wm_internet.xml", "title": "Sandra Drzymalska i Maria D\u0119bska w obsadzie \"Pana Samochodzika i Templariuszy\". Poznali\u015bmy dat\u0119 premiery", "description": "Aktorki Sandra Drzymalska oraz Maria D\u0119bska do\u0142\u0105czaj\u0105 do obsady \"Pana Samochodzika i Templariuszy\".\u00a0 Premiera filmu z Mateuszem Janickim w roli g\u0142\u00f3wnej, ju\u017c 12 lipca w Netfliksie.", "link": "https://www.wirtualnemedia.pl/artykul/sandra-drzymalska-i-maria-debska-w-obsadzie-pana-samochodzika-i-templariuszy-poznalismy-date-premiery", "date_published": "2023-06-16 11:57:39.433574+00:00", "persistent": false, "user": null, "language": "pl-PL"}, {"source": "https://www.wirtualnemedia.pl/rss/wm_internet.xml", "title": "Do Viaplay Group szybko wraca szef sportu", "description": "Stanowisko wiceprezesa wykonawczego oraz szefa sportu i rozwoju biznesu sportowego w Viaplay Group obj\u0105\u0142 Peter N\u00f8rrelund, wracaj\u0105c do firmy po kilku miesi\u0105cach przerwy. Zast\u0105pi\u0142 w niej Cecili\u0119 Gave.", "link": "https://www.wirtualnemedia.pl/artykul/viaplay-platforma-szybko-wraca-szef-sportu", "date_published": "2023-06-16 06:03:28.830025+00:00", "persistent": false, "user": null, "language": "pl-PL"}, {"source": "https://www.wirtualnemedia.pl/rss/wm_internet.xml", "title": "Piotr Szlachtowicz zast\u0105pi\u0142 Marcina Rol\u0119 w roli naczelnego wRealu24", "description": "Piotr Szlachtowicz od 15 czerwca jest redaktorem naczelnym telewizji wRealu24. Zast\u0105pi\u0142 na stanowisku Marcina Rol\u0119, kt\u00f3ry obj\u0105\u0142 funkcj\u0119 dyrektora generalnego sp\u00f3\u0142ki Nowe Polskie Media. B\u0119dzie jednak w dalszym ci\u0105gu prowadzi\u0142 wszystkie swoje dotychczasowe programy.", "link": "https://www.wirtualnemedia.pl/artykul/piotr-szlachtowicz-redaktor-naczelny-wrealu24-koniec-marcin-rola", "date_published": "2023-06-16 05:01:49.718342+00:00", "persistent": false, "user": null, "language": "pl-PL"}, {"source": "https://www.wirtualnemedia.pl/rss/wm_internet.xml", "title": "Bogus\u0142aw Wo\u0142osza\u0144ski b\u0119dzie mia\u0142 program w \u201eSuper Expressie\u201d", "description": "Dziennikarz i pisarz historyczny Bogus\u0142aw Wo\u0142osza\u0144ski wkr\u00f3tce zacznie prowadzi\u0107 autorski program na portalu i profilach spo\u0142eczno\u015bciowych \u201eSuper Expressu\u201d (Grupa ZPR Media). Wcze\u015bniej Wo\u0142osza\u0144ski wsp\u00f3\u0142pracowa\u0142 przez lata m.in. z Telewizj\u0105 Polsk\u0105 i Polsatem.", "link": "https://www.wirtualnemedia.pl/artykul/boguslaw-woloszanski-program-super-express", "date_published": "2023-06-16 05:01:49.709825+00:00", "persistent": false, "user": null, "language": "pl-PL"}, {"source": "https://www.wirtualnemedia.pl/rss/wm_internet.xml", "title": "Rekordowa ogl\u0105dalno\u015b\u0107 fina\u0142u Ligi Mistrz\u00f3w i Roland Garros w streamingu", "description": "Sobotnie fina\u0142y Ligi Mistrz\u00f3w i Roland Garros przyci\u0105gn\u0119\u0142y rekordowo du\u017co widz\u00f3w do serwis\u00f3w streamingowych. Z analizy firmy NPAW wynika, \u017ce mecz mi\u0119dzy Manchesterem City a Interem Mediolan ogl\u0105da\u0142o w ten spos\u00f3b 45 proc. wi\u0119cej unikalnych u\u017cytkownik\u00f3w ni\u017c przed rokiem. Do obejrzenia obu wydarze\u0144 najcz\u0119\u015bciej si\u0119gano po telewizory Smart TV.", "link": "https://www.wirtualnemedia.pl/artykul/liga-mistrzow-roland-garros-french-open-serwisy-streamingowe-rekord-ogladalnosci", "date_published": "2023-06-16 04:00:10.578042+00:00", "persistent": false, "user": null, "language": "pl-PL"}, {"source": "https://www.wirtualnemedia.pl/rss/wm_internet.xml", "title": "Bogus\u0142aw Wo\u0142osza\u0144ski b\u0119dzie mia\u0142 program w \u201eSuper Expressie\u201d", "description": "Dziennikarz i pisarz historyczny Bogus\u0142aw Wo\u0142osza\u0144ski wkr\u00f3tce zacznie prowadzi\u0107 autorski program na portalu i profilach spo\u0142eczno\u015bciowych \u201eSuper Expressu\u201d (Grupa ZPR Media). Wcze\u015bniej Wo\u0142osza\u0144ski wsp\u00f3\u0142pracowa\u0142 przez lata m.in. z Telewizj\u0105 Polsk\u0105 i Polsatem.", "link": "https://www.wirtualnemedia.pl/artykul/boguslaw-woloszanski-nowy-program-super-express", "date_published": "2023-06-16 04:00:10.575986+00:00", "persistent": false, "user": null, "language": "pl-PL"}, {"source": "https://www.wirtualnemedia.pl/rss/wm_internet.xml", "title": "W\u0142a\u015bciciel Reserved i Sinsay stawia na sklepy stacjonarne kosztem e-commerce. Ma ju\u017c ponad 2000 sklep\u00f3w", "description": "Sp\u00f3\u0142ka odzie\u017cowa LPP, do kt\u00f3rej nale\u017c\u0105 marki Reserved, Mohito, House, Cropp i Sinsay, w pierwszym kwartale roku finansowego 2023/24 odnotowa\u0142a wzrost przychod\u00f3w do 3,64 mld z\u0142 z 3,04 mld z\u0142 w analogicznym okresie roku ubieg\u0142ego (+19,9 proc. rdr.). Najmocniej ros\u0105 marki Cropp i Sinsay, notuj\u0105ce odpowiednio wzrosty o 29 proc. i 26,8 proc. Firma stawia na sprzeda\u017c w kanale stacjonarnymi tnie wydatki marketingowe na ecommerce. LPP ma ju\u017c ponad 2000 sklep\u00f3w, z czego po\u0142ow\u0119 w Polsce.", "link": "https://www.wirtualnemedia.pl/artykul/lpp-wlasciciel-reserved-sinsay-stawia-na-sklepy-stacjonarne-kosztem-e-commerce-ma-juz-ponad-2000-sklepow", "date_published": "2023-06-16 04:00:10.573718+00:00", "persistent": false, "user": null, "language": "pl-PL"}]