[{"source": "https://www.polsatnews.pl/rss/swiat.xml", "title": "W\u0119gry. Viktor Orban: Donald Trump jest w stanie zako\u0144czy\u0107 wojn\u0119 w Ukrainie i zawrze\u0107 pok\u00f3j", "description": "- W\u0119gry by\u0142yby zainteresowane zobaczeniem or\u0119downika pokoju u steru Stan\u00f3w Zjednoczonych - twierdzi Viktor Orban. Premier W\u0119gier jest przekonany, \u017ce powr\u00f3t by\u0142ego prezydenta USA do Bia\u0142ego Domu oznacza\u0142by zako\u0144czenie wojny w Ukrainie.", "link": "https://www.polsatnews.pl/wiadomosc/2023-06-16/wegry-viktor-orban-donald-trump-jest-w-stanie-zakonczyc-wojne-i-zawrzec-pokoj/", "date_published": "2023-06-16 19:55:00+00:00", "persistent": false, "user": null, "language": "pl-PL"}, {"source": "https://www.polsatnews.pl/rss/swiat.xml", "title": "Trz\u0119sienie ziemi we Francji. R\u00f3\u017cne informacje o jego sile", "description": "Trz\u0119sienie ziemi o magnitudzie 5 odnotowano w pi\u0105tek we Francji - przekaza\u0142y niemieckie s\u0142u\u017cby geologiczne. Inne szacunki m\u00f3wi\u0105, \u017ce wstrz\u0105sy mia\u0142y si\u0142\u0119 nawet 5,5-5,9. G\u0142\u0119boko\u015b\u0107 hipocentrum wstrz\u0105su oszacowano na 10 km. Na razie nie ma informacji o zniszczeniach lub ofiarach \u015bmiertelnych trz\u0119sienia.", "link": "https://www.polsatnews.pl/wiadomosc/2023-06-16/trzesienie-ziemi-we-francji-rozne-informacje-o-jego-sile/", "date_published": "2023-06-16 17:12:00+00:00", "persistent": false, "user": null, "language": "pl-PL"}, {"source": "https://www.polsatnews.pl/rss/swiat.xml", "title": "W\u0142adimir Putin nie wyklucza atak\u00f3w poza Ukrain\u0105. \"NATO jest wci\u0105gane w konflikt\"", "description": "- W \u017cadnych z obszar\u00f3w Ukraina nie osi\u0105gn\u0119\u0142a swoich cel\u00f3w. Rzeczywi\u015bcie, ich straty s\u0105 bardzo du\u017ce. Mniej wi\u0119cej jeden na dziesi\u0119\u0107 w por\u00f3wnaniu z armi\u0105 rosyjsk\u0105 - stwierdzi\u0142 W\u0142adimir Putin. Prezydent Rosji przemawia\u0142 w trakcie sesji plenarnej Mi\u0119dzynarodowego Forum Ekonomicznego w Petersburgu.", "link": "https://www.polsatnews.pl/wiadomosc/2023-06-16/wladimir-putin-nie-wyklucza-atakow-poza-ukraina-nato-jest-wciagane-w-konflikt/", "date_published": "2023-06-16 16:29:00+00:00", "persistent": false, "user": null, "language": "pl-PL"}, {"source": "https://www.polsatnews.pl/rss/swiat.xml", "title": "Kryzys na Krymie po eksplozji tamy. Ekspert: Wody nie b\u0119dzie minimum rok", "description": "Wysadzenie w powietrze tamy w Nowej Kachowce niesie za sob\u0105 ogromne problemy nie tylko w obwodzie cherso\u0144skim, ale tak\u017ce dla P\u00f3\u0142wyspu Krymskiego. Dost\u0119p do bie\u017c\u0105cej wody na zaanektowanym przez Rosj\u0119 terenie b\u0119dzie utrudniony co najmniej przez rok.", "link": "https://www.polsatnews.pl/wiadomosc/2023-06-16/tragiczna-sytuacja-na-krymie-ekspert-wody-nie-bedzie-minimum-rok/", "date_published": "2023-06-16 15:01:00+00:00", "persistent": false, "user": null, "language": "pl-PL"}, {"source": "https://www.polsatnews.pl/rss/swiat.xml", "title": "Pobi\u0142 rekord \u015bwiata w uk\u0142adaniu kostki Rubika. Wystarczy\u0142o trzy i p\u00f3\u0142 sekundy [WIDEO]", "description": "M\u0142ody Amerykanin pobi\u0142 rekord \u015bwiata w pr\u0119dko\u015bci uk\u0142adania kostki Rubika. Wcze\u015bniej zagadk\u0119 logiczn\u0105 w czasie poni\u017cej trzy i p\u00f3\u0142 sekundy uda\u0142o si\u0119 rozwi\u0105za\u0107 zaledwie jednej osobie. Kilka dni temu poprzedni rekordzista zosta\u0142 jednak zdetronizowany przez 21-latka z Kalifornii.", "link": "https://www.polsatnews.pl/wiadomosc/2023-06-16/pobil-rekord-swiata-w-ukladaniu-kostki-rubika-wystarczylo-trzy-i-pol-sekundy-wideo/", "date_published": "2023-06-16 14:42:00+00:00", "persistent": false, "user": null, "language": "pl-PL"}, {"source": "https://www.polsatnews.pl/rss/swiat.xml", "title": "Jewgienij Prigo\u017cyn odda\u0142 sw\u00f3j samoch\u00f3d \u017conie zmar\u0142ego \u017co\u0142nierza. Kobieta ma powa\u017cne problemy", "description": "Jewgienij Prigo\u017cyn kolejny raz pr\u00f3buje budowa\u0107 pozytywny PR w\u015br\u00f3d rodzin najemnik\u00f3w grupy Wagnera. Lider prywatnej armii postanowi\u0142 podarowa\u0107 sw\u00f3j samoch\u00f3d \u017conie zmar\u0142ego bojownika. Nie wzi\u0105\u0142 jednak pod uwag\u0119, \u017ce w ten spos\u00f3b pog\u0142\u0119bi finansowe problemy obdarowanej.", "link": "https://www.polsatnews.pl/wiadomosc/2023-06-16/jewgienij-prigozyn-oddal-swoj-samochod-zonie-zmarlego-zolnierza-kobieta-ma-powazne-problemy/", "date_published": "2023-06-16 14:28:00+00:00", "persistent": false, "user": null, "language": "pl-PL"}, {"source": "https://www.polsatnews.pl/rss/swiat.xml", "title": "Jens Stoltenberg: Ukraina b\u0119dzie w NATO, a Rosja nie ma prawa weta", "description": "- Pracujemy nad pakietem wieloletnim finansowaniem sektora militarnego Ukrainy, kt\u00f3re zapewni jej pe\u0142n\u0105 interoperacyjno\u015b\u0107 z NATO, aby udaremni\u0107 jak\u0105kolwiek rosyjsk\u0105 napa\u015b\u0107 - o\u015bwiadczy\u0142 sekretarz generalny NATO Jens Stoltenberg. - Ukraina b\u0119dzie w NATO, a Rosja nie ma tutaj prawa weta - doda\u0142 szef Sojuszu P\u00f3\u0142nocnoatlantyckiego.", "link": "https://www.polsatnews.pl/wiadomosc/2023-06-16/jens-stoltenberg-ukraina-bedzie-w-nato-a-rosja-nie-ma-prawa-weta/", "date_published": "2023-06-16 13:41:00+00:00", "persistent": false, "user": null, "language": "pl-PL"}, {"source": "https://www.polsatnews.pl/rss/swiat.xml", "title": "Szef ukrai\u0144skiego MSZ: Rosyjskie rakiety to wiadomo\u015b\u0107 dla Afryki, \u017ce Rosja chce wojny", "description": "Rosjanie przeprowadzili najwi\u0119kszy od wielu dni atak rakietowy na Kij\u00f3w. - Zbieg\u0142 si\u0119 w czasie z przyjazdem afryka\u0144skiej misji pokojowej do stolicy Ukrainy. Rosyjskie rakiety to wiadomo\u015b\u0107 dla Afryki: Rosja chce wojny, a nie pokoju - skomentowa\u0142 Dmytro Ku\u0142eba, minister spraw zagranicznych Ukrainy.", "link": "https://www.polsatnews.pl/wiadomosc/2023-06-16/szef-ukrainskiego-msz-rosyjskie-rakiety-to-wiadomosc-dla-afryki-ze-rosja-chce-wojny/", "date_published": "2023-06-16 12:48:00+00:00", "persistent": false, "user": null, "language": "pl-PL"}, {"source": "https://www.polsatnews.pl/rss/swiat.xml", "title": "Rosja. \u017bo\u0142nierze dostaj\u0105 premie za zniszczenie zachodniego sprz\u0119tu. Ministerstwo poda\u0142o kwoty", "description": "Wojska, kt\u00f3re zniszczy\u0142y niemieckie czo\u0142gi Leopard i dostarczone przez USA pojazdy opancerzone u\u017cywane przez Ukrain\u0119, otrzymaj\u0105 premie - poinformowa\u0142o w pi\u0105tek rosyjskie Ministerstwo Obrony. Wiadomo, jakie kwoty otrzymuj\u0105 \u017co\u0142nierze za wyeliminowanie zachodniego sprz\u0119tu.", "link": "https://www.polsatnews.pl/wiadomosc/2023-06-16/rosja-zolnierze-dostaja-premie-za-zniszczenie-zachodniego-sprzetu-ministerstwo-podalo-kwoty/", "date_published": "2023-06-16 11:23:00+00:00", "persistent": false, "user": null, "language": "pl-PL"}, {"source": "https://www.polsatnews.pl/rss/swiat.xml", "title": "Katastrofa ekologiczna w Ukrainie. Greta Thunberg wy\u015bmia\u0142a dzia\u0142ania ONZ", "description": "Greta Thunberg uwa\u017ca, \u017ce dzia\u0142ania ONZ po wysadzeniu tamy w Nowej Kachowce, s\u0105 niewystarczaj\u0105ce. Zapytana przez dziennikarzy o ocen\u0119 pracy organizacji w Ukrainie, zareagowa\u0142a \u015bmiechem.", "link": "https://www.polsatnews.pl/wiadomosc/2023-06-16/katastrofa-ekologiczna-w-ukrainie-greta-thunberg-wysmiala-dzialania-onz/", "date_published": "2023-06-16 10:41:00+00:00", "persistent": false, "user": null, "language": "pl-PL"}, {"source": "https://www.polsatnews.pl/rss/swiat.xml", "title": "Niemcy. Niezwyk\u0142e odkrycie w grobie. Bro\u0144 sprzed 3 tysi\u0119cy lat", "description": "Dobrze zachowany miecz sprzed 3000 lat zosta\u0142 znaleziony w po\u0142udniowych Niemczech. - Jego stan jest wyj\u0105tkowy. Takie znalezisko jest bardzo rzadkie!- powiedzia\u0142 Mathias Pfeil z Urz\u0119du Ochrony Zabytk\u00f3w. Archeolodzy maj\u0105 hipotezy odno\u015bnie funkcji tej staro\u017cytnej broni.", "link": "https://www.polsatnews.pl/wiadomosc/2023-06-16/niemcy-niezwykle-odkrycie-w-grobie-bron-sprzed-3-tys-lat/", "date_published": "2023-06-16 09:47:00+00:00", "persistent": false, "user": null, "language": "pl-PL"}, {"source": "https://www.polsatnews.pl/rss/swiat.xml", "title": "Pierwszy komercyjny lot w kosmos. Start pod koniec czerwca", "description": "Jeszcze w tym miesi\u0105cu wystartuje pierwszy komercyjny lot w kosmos - zapowiedzia\u0142a firma Virgin Galactic, kt\u00f3ra zajmuje si\u0119 kosmiczn\u0105 turystyk\u0105. Kolejny start przewidywany jest na sierpie\u0144, po czym wycieczki w kosmos maj\u0105 odbywa\u0107 si\u0119 co miesi\u0105c.", "link": "https://www.polsatnews.pl/wiadomosc/2023-06-16/pierwszy-komercyjny-lot-w-kosmos-start-pod-koniec-czerwca/", "date_published": "2023-06-16 09:36:00+00:00", "persistent": false, "user": null, "language": "pl-PL"}, {"source": "https://www.polsatnews.pl/rss/swiat.xml", "title": "Watykan. Papie\u017c Franciszek zosta\u0142 wypisany ze szpitala", "description": "Po dziewi\u0119ciodniowej hospitalizacji papie\u017c zosta\u0142 wypisany ze szpitala. Lekarz, kt\u00f3ry operowa\u0142 Franciszka, powiedzia\u0142, \u017ce ojciec \u015bwi\u0119ty jest silniejszy ni\u017c wcze\u015bniej. Papie\u017c w ubieg\u0142ym tygodniu przeszed\u0142 zabieg laparotomii i operacj\u0119 jamy brzusznej.", "link": "https://www.polsatnews.pl/wiadomosc/2023-06-16/watykan-papiez-franciszek-zostal-wypisany-ze-szpitala/", "date_published": "2023-06-16 08:25:00+00:00", "persistent": false, "user": null, "language": "pl-PL"}, {"source": "https://www.polsatnews.pl/rss/swiat.xml", "title": "USA. Al Pacino zosta\u0142 ojcem po raz czwarty w wieku 83 lat", "description": "Ameryka\u0144ski aktor, 83-letni Al Pacino, zosta\u0142 po raz czwarty ojcem. Na \u015bwiat przyszed\u0142 ch\u0142opiec, kt\u00f3rego matk\u0105 jest 29-letnia partnerka gwiazdora Noor Alfallah. Para zdradzi\u0142a, jakie dziecko otrzyma imi\u0119.", "link": "https://www.polsatnews.pl/wiadomosc/2023-06-16/usa-al-pacino-zostal-ojcem-po-raz-czwarty-w-wieku-83-lat/", "date_published": "2023-06-16 05:24:00+00:00", "persistent": false, "user": null, "language": "pl-PL"}, {"source": "https://www.polsatnews.pl/rss/swiat.xml", "title": "Kanada. Tragiczny wypadek na autostradzie. Zgin\u0119\u0142o 15 os\u00f3b", "description": "Co najmniej 15 os\u00f3b zgin\u0119\u0142o w zderzeniu ci\u0119\u017car\u00f3wki z autobusem, przewo\u017c\u0105cym senior\u00f3w w prowincji Manitoba na autostradzie nr 5 w Kanadzie - przekaza\u0142 na konferencji prasowej Rob Lasson z lokalnej policji.", "link": "https://www.polsatnews.pl/wiadomosc/2023-06-16/kanada-tragiczny-wypadek-na-autostradzie-zginelo-15-osob/", "date_published": "2023-06-16 04:35:00+00:00", "persistent": false, "user": null, "language": "pl-PL"}]