[{"source": "https://www.youtube.com/feeds/videos.xml?channel_id=UCq6VFHwMzcMXbuKyG7SQYIg", "title": "Do Luck Crystals Actually Work", "description": "Get a Starforge PC here https://starforgepc.com/moist-yt\nThis is the greatest luck crystal of All Time\nMerch https://moistglobal.com/", "link": "https://www.youtube.com/watch?v=m0zq7RFWYJI", "date_published": "2023-06-16 18:00:19+00:00", "persistent": false, "user": null, "language": "en-US"}, {"source": "https://www.youtube.com/feeds/videos.xml?channel_id=UCq6VFHwMzcMXbuKyG7SQYIg", "title": "Moist Meter | The Flash", "description": "This is the greatest flash moment of All Time\nMerch https://moistglobal.com/", "link": "https://www.youtube.com/watch?v=dSXcsKiWvXE", "date_published": "2023-06-16 02:30:11+00:00", "persistent": false, "user": null, "language": "en-US"}]