[{"source": "http://feeds.abcnews.com/abcnews/topstories", "title": "Special counsel asks judge to keep Trump from disclosing evidence in documents case", "description": "Special counsel Jack Smith has asked the judge overseeing former President Trump's classified documents case to impose a protective order over the evidence in the case.", "link": "https://abcnews.go.com/US/special-counsel-asks-judge-trump-disclosing-evidence-classified/story?id=100154193", "date_published": "2023-06-16 22:06:43+00:00", "persistent": false, "user": null, "language": "en-US"}, {"source": "http://feeds.abcnews.com/abcnews/topstories", "title": "9 charged in thefts of Yogi Berra rings, Warhol and Pollock paintings: Feds", "description": "The alleged heists spanned over 20 years and included the theft of championship rings, paintings, trophies and more, federal prosecutors said.", "link": "https://abcnews.go.com/US/9-charged-thefts-yogi-berra-rings-warhol-pollock/story?id=100115548", "date_published": "2023-06-16 21:47:01+00:00", "persistent": false, "user": null, "language": "en-US"}, {"source": "http://feeds.abcnews.com/abcnews/topstories", "title": "Boston rape accuser condemns suspect's release on bail: 'I'm in disbelief'", "description": "Matthew Nilo is accused of raping three women and sexually assaulting a fourth in a violent spree in 2007 and 2008. He pleaded not guilty and was released on bail.", "link": "https://abcnews.go.com/US/boston-rape-accuser-condemns-suspects-release-bail-im/story?id=100140539", "date_published": "2023-06-16 21:38:01+00:00", "persistent": false, "user": null, "language": "en-US"}, {"source": "http://feeds.abcnews.com/abcnews/topstories", "title": "Demolition crew saves abandoned litter of baby raccoons in Utah", "description": "A demolition crew rescued an abandoned litter of baby raccoons from the site of a home they were tearing down earlier this week", "link": "https://abcnews.go.com/US/wireStory/demolition-crew-saves-abandoned-litter-baby-raccoons-utah-100149702", "date_published": "2023-06-16 20:58:57+00:00", "persistent": false, "user": null, "language": "en-US"}, {"source": "http://feeds.abcnews.com/abcnews/topstories", "title": "Donald Triplett, the 1st person diagnosed with autism, dies at 89", "description": "The Mississippi man known as &ldquo;Case 1,&rdquo; the first person to be diagnosed with autism, has died", "link": "https://abcnews.go.com/US/wireStory/donald-triplett-1st-person-diagnosed-autism-dies-89-100150208", "date_published": "2023-06-16 20:53:17+00:00", "persistent": false, "user": null, "language": "en-US"}, {"source": "http://feeds.abcnews.com/abcnews/topstories", "title": "1 person killed in bear attack in Arizona; bear also dead", "description": "A person was killed in a bear attack in Arizona on Friday, authorities said.", "link": "https://abcnews.go.com/US/1-person-killed-bear-attack-arizona-bear-dead/story?id=100149894", "date_published": "2023-06-16 20:12:00+00:00", "persistent": false, "user": null, "language": "en-US"}, {"source": "http://feeds.abcnews.com/abcnews/topstories", "title": "NCAA medical committee recommends removal of marijuana from banned drug list", "description": "An NCAA medical committee is recommending the removal of marijuana from its banned drug list and whether drug-testing should be limited to performance-enhancing substances", "link": "https://abcnews.go.com/Sports/wireStory/ncaa-medical-committee-recommendations-include-removal-marijuana-banned-100150857", "date_published": "2023-06-16 20:02:21+00:00", "persistent": false, "user": null, "language": "en-US"}, {"source": "http://feeds.abcnews.com/abcnews/topstories", "title": "Japan raises sexual consent age to 16 from 13, which was among the world's lowest", "description": "Japan&rsquo;s parliament has raised the age of sexual consent to 16 from 13, a limit which had remained unchanged for more than a century and was among the world&rsquo;s lowest, amid calls for greater protection of children and women", "link": "https://abcnews.go.com/International/wireStory/japan-raises-age-sexual-consent-16-13-worlds-100145195", "date_published": "2023-06-16 19:56:51+00:00", "persistent": false, "user": null, "language": "en-US"}, {"source": "http://feeds.abcnews.com/abcnews/topstories", "title": "Pentagon Papers whistleblower Daniel Ellsberg dead at 92", "description": "Daniel Ellsberg, the military analyst who became infamous for leaking the Pentagon Papers to news outlets in 1971, has died, according to his family.", "link": "https://abcnews.go.com/Politics/pentagon-papers-whistleblower-daniel-ellsberg-dead-92/story?id=100149179", "date_published": "2023-06-16 19:14:22+00:00", "persistent": false, "user": null, "language": "en-US"}, {"source": "http://feeds.abcnews.com/abcnews/topstories", "title": "Donald Trump's relentless attacks on special counsel Jack Smith", "description": "\"He's a raging and uncontrolled Trump-hater,\" he's said.", "link": "https://abcnews.go.com/Politics/donald-trumps-relentless-personal-attacks-special-counsel-jack/story?id=100080857", "date_published": "2023-06-16 18:44:53+00:00", "persistent": false, "user": null, "language": "en-US"}, {"source": "http://feeds.abcnews.com/abcnews/topstories", "title": "6 dead, including 3 children, in murder-suicide", "description": "Six people, including three children, were found dead in a Tennessee home in what officials said was a domestic situation gone bad.", "link": "https://abcnews.go.com/US/6-dead-including-3-children-tennessee-murder-suicide/story?id=100139194", "date_published": "2023-06-16 17:56:30+00:00", "persistent": false, "user": null, "language": "en-US"}, {"source": "http://feeds.abcnews.com/abcnews/topstories", "title": "Jayland Walker family files lawsuit against city of Akron, police officers", "description": "Jayland Walker's family has filed a lawsuit against the city of Akron and members of the Akron Police Department.", "link": "https://abcnews.go.com/US/jayland-walker-family-files-lawsuit-city-akron-police/story?id=100145750", "date_published": "2023-06-16 17:14:40+00:00", "persistent": false, "user": null, "language": "en-US"}, {"source": "http://feeds.abcnews.com/abcnews/topstories", "title": "Pattern of unlawful policing in Minneapolis made Floyd murder 'possible,' DOJ finds", "description": "A DOJ investigation finds pattern of discriminatory, unlawful policing in Minneapolis \"made what happened to George Floyd possible.\"", "link": "https://abcnews.go.com/Politics/pattern-discriminatory-unlawful-policing-minneapolis-made-george-floyd/story?id=100140499", "date_published": "2023-06-16 16:14:47+00:00", "persistent": false, "user": null, "language": "en-US"}, {"source": "http://feeds.abcnews.com/abcnews/topstories", "title": "Pittsburgh synagogue mass shooter found guilty in federal death penalty trial", "description": "Robert Bowers has been convicted in the killing of 11 worshippers in a mass shooting at a Pittsburgh synagogue.", "link": "https://abcnews.go.com/US/pittsburgh-synagogue-mass-shooting-verdict-reached-federal-death/story?id=100104078", "date_published": "2023-06-16 16:14:43+00:00", "persistent": false, "user": null, "language": "en-US"}, {"source": "http://feeds.abcnews.com/abcnews/topstories", "title": "NBA suspends Ja Morant 25 games for latest social media incident involving a gun", "description": "Memphis guard Ja Morant has been suspended for the first 25 games of the upcoming season for his second known incident of displaying what appeared to be a firearm on social media", "link": "https://abcnews.go.com/Sports/wireStory/nba-suspends-ja-morant-25-games-latest-social-100144121", "date_published": "2023-06-16 15:57:19+00:00", "persistent": false, "user": null, "language": "en-US"}, {"source": "http://feeds.abcnews.com/abcnews/topstories", "title": "'Lottery lawyer' sentenced to 13 years for swindling clients out of $107M", "description": "Jason Kurland was convicted of taking $103 million from clients.", "link": "https://abcnews.go.com/US/lottery-lawyer-jason-kurland-sentenced-13-years-prison/story?id=100144365", "date_published": "2023-06-16 15:52:08+00:00", "persistent": false, "user": null, "language": "en-US"}, {"source": "http://feeds.abcnews.com/abcnews/topstories", "title": "African leaders kick off peace mission to Ukraine", "description": "A delegation of African Leaders has arrived in Ukraine, kicking off the African Peace Initiative Mission in a bid to find a peaceful resolution for the war in Ukraine.", "link": "https://abcnews.go.com/International/african-leaders-kick-off-peace-mission-ukraine/story?id=100137745", "date_published": "2023-06-16 15:28:48+00:00", "persistent": false, "user": null, "language": "en-US"}, {"source": "http://feeds.abcnews.com/abcnews/topstories", "title": "Iowa Supreme Court prevents 6-week abortion ban from going into effect", "description": "The court was split in a 3-3 decision on the case, meaning abortion remains legal in Iowa.", "link": "https://abcnews.go.com/Health/iowa-supreme-court-prevents-6-week-abortion-ban/story?id=100137973", "date_published": "2023-06-16 14:58:44+00:00", "persistent": false, "user": null, "language": "en-US"}, {"source": "http://feeds.abcnews.com/abcnews/topstories", "title": "Trump again argues Manhattan hush-money trial should be moved to federal court", "description": "Former President Donald Trump tried again in a new court filing to get his criminal prosecution in New York moved to federal court.", "link": "https://abcnews.go.com/Politics/trump-argues-manhattan-criminal-trial-moved-federal-court/story?id=100140502", "date_published": "2023-06-16 13:36:23+00:00", "persistent": false, "user": null, "language": "en-US"}, {"source": "http://feeds.abcnews.com/abcnews/topstories", "title": "Man charged after telling police he shot himself in leg during dream about intruder", "description": "A suburban Chicago man faces firearm charges after police say he told officers he accidentally shot himself in the leg while dreaming that an intruder was breaking into his home", "link": "https://abcnews.go.com/Weird/wireStory/illinois-man-charged-after-telling-police-shot-leg-100138886", "date_published": "2023-06-16 13:02:23+00:00", "persistent": false, "user": null, "language": "en-US"}, {"source": "http://feeds.abcnews.com/abcnews/topstories", "title": "WATCH:  Emotional reunion as man finds brother alive among shipwreck survivors", "description": "A Syrian man had an emotional reunion after finding his 18-year-old brother amongst the survivors of a shipwreck off Greece that killed at least 79 people this week.", "link": "https://abcnews.go.com/International/video/emotional-reunion-man-finds-brother-alive-shipwreck-survivors-100138099", "date_published": "2023-06-16 11:59:37+00:00", "persistent": false, "user": null, "language": "en-US"}, {"source": "http://feeds.abcnews.com/abcnews/topstories", "title": "Biden will mark the anniversary of a gun safety law signed after Uvalde massacre", "description": "President Joe Biden will speak at a summit in Connecticut to mark the first anniversary of a gun safety law signed after the Uvalde, Texas, school massacre", "link": "https://abcnews.go.com/Politics/wireStory/biden-mark-anniversary-gun-safety-law-signed-after-100135682", "date_published": "2023-06-16 10:32:01+00:00", "persistent": false, "user": null, "language": "en-US"}, {"source": "http://feeds.abcnews.com/abcnews/topstories", "title": "Final day of search for missing migrants in Greece; hundreds feared dead", "description": "Greece&rsquo;s coast guard has launched its final day of searching an area of the Mediterranean Sea where a large fishing boat packed with migrants sank", "link": "https://abcnews.go.com/International/wireStory/final-day-search-missing-migrants-greece-hundreds-feared-100135266", "date_published": "2023-06-16 10:32:00+00:00", "persistent": false, "user": null, "language": "en-US"}, {"source": "http://feeds.abcnews.com/abcnews/topstories", "title": "$930 million in grants announced in Biden's effort to expand internet access", "description": "The federal effort to expand internet access to every U.S. home has taken a major step forward with the announcement of $930 million in grants to shore up connections in dozens of places where significant connectivity gaps persist", "link": "https://abcnews.go.com/Business/wireStory/commerce-department-announces-1-billion-grants-middle-mile-100135867", "date_published": "2023-06-16 10:22:35+00:00", "persistent": false, "user": null, "language": "en-US"}, {"source": "http://feeds.abcnews.com/abcnews/topstories", "title": "African leaders set to meet with presidents of Ukraine, Russia in bid to end war", "description": "African leaders and senior officials are seeking ways to end Russia's war.", "link": "https://abcnews.go.com/International/wireStory/african-leaders-set-meet-presidents-ukraine-russia-bid-100134722", "date_published": "2023-06-16 10:14:27+00:00", "persistent": false, "user": null, "language": "en-US"}, {"source": "http://feeds.abcnews.com/abcnews/topstories", "title": "\u2018Father was killing everyone\u2019: 3 brothers shot and killed, mother injured in shooting", "description": "Three young brothers \u2013 aged just 7, 4 and 3-years-old \u2013 have allegedly been shot and killed by their father and their mother has been wounded at a home in Ohio.", "link": "https://abcnews.go.com/US/father-killing-3-young-brothers-shot-killed-mother/story?id=100135263", "date_published": "2023-06-16 09:03:56+00:00", "persistent": false, "user": null, "language": "en-US"}, {"source": "http://feeds.abcnews.com/abcnews/topstories", "title": "Pope Francis leaves Rome hospital 9 days after having surgery for abdominal hernia", "description": "Pope Francis leaves Rome hospital 9 days after having surgery for abdominal hernia and scarring", "link": "https://abcnews.go.com/US/wireStory/pope-francis-leaves-rome-hospital-9-days-after-100133844", "date_published": "2023-06-16 08:16:25+00:00", "persistent": false, "user": null, "language": "en-US"}, {"source": "http://feeds.abcnews.com/abcnews/topstories", "title": "Devastating tornado tears through Texas town, 3 dead, more than 50 injured", "description": "Twenty million Americans from Kansas to Florida are on alert Thursday for severe weather, including tornadoes, intense wind and huge hail.", "link": "https://abcnews.go.com/US/devastating-tornado-tears-texas-town-3-dead-50/story?id=100103004", "date_published": "2023-06-16 04:15:46+00:00", "persistent": false, "user": null, "language": "en-US"}, {"source": "http://feeds.abcnews.com/abcnews/topstories", "title": "Devastating tornado tears through Texas town, at least 3 dead, 100 injured", "description": "Twenty million Americans from Kansas to Florida are on alert Thursday for severe weather, including tornadoes, intense wind and huge hail.", "link": "https://abcnews.go.com/US/devastating-tornado-tears-texas-town-3-dead-100/story?id=100103004", "date_published": "2023-06-16 02:50:30+00:00", "persistent": false, "user": null, "language": "en-US"}, {"source": "http://feeds.abcnews.com/abcnews/topstories", "title": "Tornado watches issued in South as severe weather outbreak continues: Latest", "description": "Twenty million Americans from Kansas to Florida are on alert Thursday for severe weather, including tornadoes, intense wind and huge hail.", "link": "https://abcnews.go.com/US/devastating-tornado-tears-texas-town-1-dead/story?id=100103004", "date_published": "2023-06-16 01:39:07+00:00", "persistent": false, "user": null, "language": "en-US"}, {"source": "http://feeds.abcnews.com/abcnews/topstories", "title": "Westchester County DA ends probe of Trump golf course without filing charges", "description": "The district attorney in Westchester County, New York, has closed a two-year investigation into former President Trump without filing charges.", "link": "https://abcnews.go.com/US/westchester-county-da-ends-probe-trump-golf-filing/story?id=100126265", "date_published": "2023-06-16 00:05:06+00:00", "persistent": false, "user": null, "language": "en-US"}]