[{"source": "https://www.youtube.com/feeds/videos.xml?channel_id=UCswH8ovgUp5Bdg-0_JTYFNw", "title": "WAIT\u2026 Did He REALLY Just Say That?!", "description": "Visit https://www.manscaped.com and use promo code BRAND to save 20%\n\nMeta CEO Mark Zuckerberg ADMITS censoring true information for the establishment. So how did we get into a situation where platforms are censoring information that, as he says \u201cended up being more debatable or true\u201d, and where is the Censorship Industrial Complex all leading to? \n#facebook #lexfridman #markzuckerberg #censorship \n\nReferences\nhttps://public.substack.com/p/why-the-media-is-attacking-free-speech\n--------------------------------------------------------------------------------------------------------------------------\nTickets for Censorship Industrial Complex Exposed available here: https://www.musicglue.com/good-faith-productions/events/2023-06-22-censorship-industrial-complex-exposed-westminster-central-hall\n\nMy stand up special is premiering on 25th June! You will love it! Go to https://moment.co/russellbrand\n\nWATCH me LIVE weekdays on Rumble: https://bit.ly/russellbrand-rumble\n\nJoin Russell Brand Connected over on Locals: https://bit.ly/russellbrand-connected-community\n\nCome COMMUNITY 2023 - https://www.russellbrand.com/community-2023/\nNEW MERCH! https://stuff.russellbrand.com/\n\nKeep up to date, Join my mailing list - https://www.russellbrand.com/join-the-community/", "link": "https://www.youtube.com/watch?v=8DLf2jZSW80", "date_published": "2023-06-16 17:00:07+00:00", "persistent": false, "user": null, "language": "en-US"}, {"source": "https://www.youtube.com/feeds/videos.xml?channel_id=UCswH8ovgUp5Bdg-0_JTYFNw", "title": "WTF! Lockheed Martin Sponsor Pride March!? Plus, Marianne Williamson - #148 - Stay Free PREVIEW", "description": "Join us here for a PREVIEW of our daily one-hour RUMBLE show.\nTo continue watching the show in full, join me live and exclusively over on RUMBLE:\nhttps://bit.ly/stayfree-148-marianne-williamson\n\nTODAY - Why are weapons dealer Lockheed Martin sponsoring a Pride march? Rand Paul\u2019s call to \u201cstop provoking China\u201d and the expos\u00e9 on the effects of lockdown on heart attack victims. PLUS, presidential candidate MARIANNE WILLIAMSON on how she\u2019ll FIGHT THE SYSTEM!\n\n--------------------------------------------------------------------------------------------------------------------------\n\nFOLLOW and WATCH me LIVE weekdays on Rumble https://rumble.com/russellbrand\n5:00PM BST | 12:00 PM EDT | 9:00AM PDT\n\nJoin The STAY FREE Community: https://russellbrand.locals.com/\n\nCome to My Festival COMMUNITY - https://www.russellbrand.com/community-2023/\n\nNEW MERCH! https://stuff.russellbrand.com/", "link": "https://www.youtube.com/watch?v=GsR4E9IuRJE", "date_published": "2023-06-16 14:33:52+00:00", "persistent": false, "user": null, "language": "en-US"}]