{"entries": [{"source": "http://rss.cnn.com/rss/edition.rss", "link": "https://www.cnn.com/2023/01/30/europe/ukraine-drone-operators-forest-kreminna-intl-cmd/index.html", "title": "'The enemy is always looking for us': Hidden in the forest, Ukraine's drone operators are crucial to eastern battle", "date_published": "2023-01-30 23:43:08+00:00", "description": "The pine forests near the city of Kreminna have become one of the hottest combat zones in the war in eastern Ukraine. Almost every weapon seems to be at work here, artillery, howitzers, tanks and mortars. But perhaps the most important is the smallest: The reconnaissance drone.", "persistent": false, "language": "en-US", "user": null}, {"source": "http://rss.cnn.com/rss/edition.rss", "link": "https://www.cnn.com/2023/01/30/us/tyre-nichols-protests-monday/index.html", "title": "3 fire department workers fired as new details emerge in Tyre Nichols death", "date_published": "2023-01-30 23:26:59+00:00", "description": "\u2022 Video: See the world via Tyre Nichols' camera", "persistent": false, "language": "en-US", "user": null}, {"source": "http://rss.cnn.com/rss/edition.rss", "link": "https://www.cnn.com/2023/01/30/americas/brazil-jair-bolsonaro-us-visa-intl-latam/index.html", "title": "Bolsonaro seeks six-month US tourist visa", "date_published": "2023-01-30 23:14:42+00:00", "description": "Former Brazilian President Jair Bolsonaro is seeking a six-month tourist visa to remain in the United States, the law firm representing Bolsonaro confirmed to CNN Brasil on Monday.", "persistent": false, "language": "en-US", "user": null}, {"source": "http://rss.cnn.com/rss/edition.rss", "link": "https://www.cnn.com/2023/01/30/business/nightcap-adani-hindenburg-explained/index.html", "title": "Asia's richest man is uncomfortably in the crosshairs of a tiny US research firm", "date_published": "2023-01-30 22:50:03+00:00", "description": "", "persistent": false, "language": "en-US", "user": null}, {"source": "http://rss.cnn.com/rss/edition.rss", "link": "https://www.cnn.com/2023/01/30/entertainment/andrea-riseborough-to-leslie-oscar-nomination-cec/index.html", "title": "Why everyone is talking about Andrea Riseborough's Oscar campaign", "date_published": "2023-01-30 20:51:50+00:00", "description": "Andrea Riseborough may not be a name that rings many bells for the average moviegoer.", "persistent": false, "language": "en-US", "user": null}, {"source": "http://rss.cnn.com/rss/edition.rss", "link": "https://www.cnn.com/2023/01/30/world/global-warming-critical-threshold-climate-intl/index.html", "title": "A dire forecast: Scientists used AI to find planet could cross critical warming threshold sooner than expected", "date_published": "2023-01-30 20:03:28+00:00", "description": "The planet could cross critical global warming thresholds sooner than previous models have predicted, even with concerted global climate action, according to a new study using machine learning.", "persistent": false, "language": "en-US", "user": null}, {"source": "http://rss.cnn.com/rss/edition.rss", "link": "https://www.cnn.com/2023/01/30/world/dolph-schluter-profile-crafoord-prize-scn/index.html", "title": "With a finch and a fish, this scientist has changed our understanding of the tree of life", "date_published": "2023-01-30 20:01:44+00:00", "description": "On the Galapagos Islands, a ground finch that usually munched on small, soft seeds was forced, during a drought, to eat harder, larger ones.", "persistent": false, "language": "en-US", "user": null}, {"source": "http://rss.cnn.com/rss/edition.rss", "link": "https://www.cnn.com/2023/01/30/politics/policing-legislation-congress-latest/index.html", "title": "Prospect for passing policing legislation in Congress remains low", "date_published": "2023-01-30 19:36:54+00:00", "description": "The prospect for new bipartisan negotiations on Capitol Hill for legislation overhauling policing laws remains very low, despite calls from the NAACP, the Congressional Black Caucus and others for congressional action in the wake of the brutal police beating and death of Tyre Nichols.", "persistent": false, "language": "en-US", "user": null}, {"source": "http://rss.cnn.com/rss/edition.rss", "link": "https://edition.cnn.com/europe/live-news/russia-ukraine-war-news-1-30-23/h_4ad5528140165f184a72a728d84e5ce7", "title": "The battle in eastern Ukraine has been 'constant,' as Russian paratroopers now target a key highway, one of Kyiv's commanders told Ukrainian TV", "date_published": "2023-01-30 19:18:07.718043+00:00", "description": "", "persistent": false, "language": "en-US", "user": null}, {"source": "http://rss.cnn.com/rss/edition.rss", "link": "https://www.cnn.com/2023/01/30/entertainment/lisa-marie-presley-estate/index.html", "title": "Priscilla Presley is contesting validity of Lisa Marie Presley's will", "date_published": "2023-01-30 19:13:11+00:00", "description": "Priscilla Presley is challenging the validity of her late daughter Lisa Marie Presley's will.", "persistent": false, "language": "en-US", "user": null}, {"source": "http://rss.cnn.com/rss/edition.rss", "link": "https://www.cnn.com/2023/01/30/world/mars-bear-face-image-scn/index.html", "title": "NASA orbiter captures image of a bear's face on Mars", "date_published": "2023-01-30 18:54:54+00:00", "description": "As a NASA orbiter turned its camera to the Martian surface, the face of a bear seemed to be looking back.", "persistent": false, "language": "en-US", "user": null}, {"source": "http://rss.cnn.com/rss/edition.rss", "link": "https://www.cnn.com/videos/world/2023/01/30/man-finds-snake-in-toilet-surprised-cprog-orig-jc.cnn", "title": "4-foot-long snake beats the heat by hiding out in an inconvenient place", "date_published": "2023-01-30 18:49:20+00:00", "description": "A snake catcher in Australia calmly removed the tree snake after a man found it in his toilet.", "persistent": false, "language": "en-US", "user": null}, {"source": "http://rss.cnn.com/rss/edition.rss", "link": "https://www.cnn.com/2023/01/30/sport/bobby-hull-hockey-death-spt-intl/index.html", "title": "Hockey Hall of Famer and Stanley Cup champion Bobby Hull has died at 84", "date_published": "2023-01-30 18:01:06+00:00", "description": "Bobby Hull, hockey Hall of Famer and Stanley Cup champion, died Monday at 84, the Chicago Blackhawks announced.", "persistent": false, "language": "en-US", "user": null}, {"source": "http://rss.cnn.com/rss/edition.rss", "link": "https://www.cnn.com/style/article/alberto-giacometti-chandelier-auction-intl-scli/index.html", "title": "This unique Giacometti chandelier was bought for $309. It's now expected to sell for millions", "date_published": "2023-01-30 17:41:32+00:00", "description": "A chandelier bought for just \u00a3250 ($309) from a London antique store looks set to sell for millions at an auction at Christie's.", "persistent": false, "language": "en-US", "user": null}, {"source": "http://rss.cnn.com/rss/edition.rss", "link": "https://www.cnn.com/2023/01/30/politics/david-pecker-prosecutors-trump/index.html", "title": "Ex-publisher of National Enquirer set to meet with prosecutors investigating Trump", "date_published": "2023-01-30 17:36:51+00:00", "description": "David Pecker, the former head of the company that publishes the National Enquirer, is expected to meet with Manhattan prosecutors investigating former President Donald Trump, people familiar with the matter said, indicating the probe is escalating.", "persistent": false, "language": "en-US", "user": null}, {"source": "http://rss.cnn.com/rss/edition.rss", "link": "https://www.cnn.com/videos/business/2023/01/26/audi-activesphere-concept-electric-suv-pickup-truck-contd-gr-orig.cnn", "title": "Audi's new concept vehicle is two cars in one. See it in action", "date_published": "2023-01-30 17:11:00+00:00", "description": "Audi's Activesphere\u00a0is an electric concept vehicle that uses augmented reality to give its passengers layers of information and can operate fully autonomously", "persistent": false, "language": "en-US", "user": null}, {"source": "http://rss.cnn.com/rss/edition.rss", "link": "https://www.cnn.com/2023/01/30/sport/kyle-smaine-death-skiing-avalanche-japan-spt-intl/index.html", "title": "US skier Kyle Smaine killed in avalanche in Japan aged 31", "date_published": "2023-01-30 16:30:11+00:00", "description": "US skier Kyle Smaine has died in an avalanche in Japan aged 31, according to a post from his wife on Instagram.", "persistent": false, "language": "en-US", "user": null}, {"source": "http://rss.cnn.com/rss/edition.rss", "link": "https://www.cnn.com/2023/01/30/entertainment/barrett-strong-death/index.html", "title": "Barrett Strong, Motown singer and songwriter, dead at 81", "date_published": "2023-01-30 16:28:31+00:00", "description": "Barrett Strong, the voice and songwriter behind Motown Record's first hit, has died, according to a post from The Motown Museum.", "persistent": false, "language": "en-US", "user": null}, {"source": "http://rss.cnn.com/rss/edition.rss", "link": "https://www.cnn.com/travel/article/flight-cancellations-delays-monday-winter-weather/index.html", "title": "More than 500 US flights canceled as winter weather moves in", "date_published": "2023-01-30 16:00:35+00:00", "description": "More than 500 US flights have been canceled on Monday as winter weather bears down on a wide swath of the United States.", "persistent": false, "language": "en-US", "user": null}, {"source": "http://rss.cnn.com/rss/edition.rss", "link": "https://www.cnn.com/videos/us/2023/01/30/pasadena-texas-tornado-dashcam-footage-affil-vpx.khou", "title": "Woman rides out tornado with her grandson in the car. Her dashcam captured the terrifying moments", "date_published": "2023-01-30 15:53:32+00:00", "description": "Video taken by a dashboard camera during a tornado in Pasadena, Texas, shows the harrowing moments a woman, her daughter and grandson spent trapped in their vehicle as the twister passed. CNN affiliate KHOU has more.", "persistent": false, "language": "en-US", "user": null}, {"source": "http://rss.cnn.com/rss/edition.rss", "link": "https://www.cnn.com/videos/entertainment/2023/01/30/lisa-loring-wednesday-addams-contd-lon-orig-bg.cnn", "title": "See Lisa Loring play the original Wednesday Addams", "date_published": "2023-01-30 15:22:56+00:00", "description": "The actress, best known as the first to play Wednesday Addams in the original \"The Addams Family\" sitcom has died at the age of 64, according to her longtime agent.", "persistent": false, "language": "en-US", "user": null}, {"source": "http://rss.cnn.com/rss/edition.rss", "link": "https://www.cnn.com/2023/01/30/entertainment/ashley-judd-emdr-therapy-media-intl-scli-wellness/index.html", "title": "Ashley Judd says she needed to go back into therapy after seeing her mother's death scene in media", "date_published": "2023-01-30 15:13:47+00:00", "description": "Ashley Judd says she had to re-enroll herself in trauma therapy to cope with the recent media coverage of her mother's death.", "persistent": false, "language": "en-US", "user": null}, {"source": "http://rss.cnn.com/rss/edition.rss", "link": "https://www.cnn.com/2023/01/30/middleeast/blinken-visit-to-israel-west-bank-mime-intl/index.html", "title": "Blinken visit reaches new urgency as Israeli, Palestinian tensions boil", "date_published": "2023-01-30 14:57:09+00:00", "description": "US Secretary of State Antony Blinken's trip to Israel and the West Bank may have been in the works for weeks, but it couldn't come at a more pressing time.", "persistent": false, "language": "en-US", "user": null}, {"source": "http://rss.cnn.com/rss/edition.rss", "link": "https://www.cnn.com/2023/01/30/sport/patrick-mahomes-jalen-hurts-black-quarterbacks-super-bowl-spt-intl/index.html", "title": "Patrick Mahomes and Jalen Hurts to be first Black quarterbacks to face off at the Super Bowl", "date_published": "2023-01-30 14:36:19+00:00", "description": "The matchup between the Kansas City Chiefs and Philadelphia Eagles will be the first in Super Bowl history to feature two Black starting quarterbacks, as Patrick Mahomes and Jalen Hurts bid to lead their teams to glory on the biggest stage of all.", "persistent": false, "language": "en-US", "user": null}, {"source": "http://rss.cnn.com/rss/edition.rss", "link": "https://www.cnn.com/2023/01/30/football/ryan-reynolds-wrexham-fa-cup-spt-intl/index.html", "title": "Straight out of a Hollywood script, actor Ryan Reynolds watches Wrexham draw thrilling FA Cup encounter", "date_published": "2023-01-30 14:32:13+00:00", "description": "As the saying goes, it's the hope that kills you as a soccer fan -- just ask Ryan Reynolds.", "persistent": false, "language": "en-US", "user": null}, {"source": "http://rss.cnn.com/rss/edition.rss", "link": "https://www.cnn.com/videos/us/2023/01/30/man-rescued-stolen-police-car-train-contd-lon-orig-mrg.cnn", "title": "Man rescued after crashing stolen police car on train tracks", "date_published": "2023-01-30 14:05:11+00:00", "description": "Atlanta police officers rescued a man, who had stolen a patrol car, seconds before the train struck the vehicle.", "persistent": false, "language": "en-US", "user": null}, {"source": "http://rss.cnn.com/rss/edition.rss", "link": "https://www.cnn.com/videos/world/2023/01/30/boris-johnson-vladimir-putin-missile-threat-bbc-documentary-nr-intl-sebastian-vpx.cnn", "title": "Boris Johnson claims Putin threatened him", "date_published": "2023-01-30 13:47:22+00:00", "description": "Former British Prime Minister Boris Johnson claims in an upcoming BBC documentary that Russian President Vladimir Putin threatened him with a missile. CNN correspondent Clare Sebastian has more.", "persistent": false, "language": "en-US", "user": null}, {"source": "http://rss.cnn.com/rss/edition.rss", "link": "https://www.cnn.com/2023/01/30/sport/ilia-malinin-us-figure-skating-championships-spt-intl/index.html", "title": "Ilia Malinin: 18-year-old 'quadgod' wins first US figure skating championships title", "date_published": "2023-01-30 13:13:15+00:00", "description": "Teenager Ilia Malinin won his first US figure skating championships title on Sunday, even though he was unable to nail his ambitious free skate program.", "persistent": false, "language": "en-US", "user": null}, {"source": "http://rss.cnn.com/rss/edition.rss", "link": "https://www.cnn.com/2023/01/30/business/ryanair-summer-airfares/index.html", "title": "Ryanair is making record profits as booming demand sends airfares soaring", "date_published": "2023-01-30 13:12:52+00:00", "description": "Ryanair expects it will be able to charge higher prices for flights over Easter and the summer, thanks to strong demand from American and Asian tourists and less competition from rivals.", "persistent": false, "language": "en-US", "user": null}, {"source": "http://rss.cnn.com/rss/edition.rss", "link": "https://www.cnn.com/2023/01/30/sport/campbell-johnstone-gay-rugby-new-zealand-spt-intl/index.html", "title": "Former New Zealand rugby player Campbell Johnstone becomes first All Black to come out as gay", "date_published": "2023-01-30 13:06:20+00:00", "description": "Former New Zealand rugby player Campbell Johnstone became the first All Black to come out publicly as gay, in an interview with TVNZ's Seven Sharp on Monday.", "persistent": false, "language": "en-US", "user": null}, {"source": "http://rss.cnn.com/rss/edition.rss", "link": "https://www.cnn.com/2023/01/30/investing/premarket-stocks-trading/index.html", "title": "Here's why you should always wait for the earnings call", "date_published": "2023-01-30 12:44:33+00:00", "description": "Investors are pretty bad at living in the moment. We're currently in the thick of fourth quarter earnings reports, but traders don't seem to care about how companies fared during the final months of 2022. They're more focused on what's going to happen in the future.", "persistent": false, "language": "en-US", "user": null}, {"source": "http://rss.cnn.com/rss/edition.rss", "link": "https://www.cnn.com/2023/01/30/tech/tiktok-ceo-congress/index.html", "title": "TikTok CEO to testify before Congress in March", "date_published": "2023-01-30 12:31:34+00:00", "description": "TikTok CEO Shou Zi Chew will testify at an upcoming hearing before the House Energy and Commerce Committee, a committee spokesperson confirmed to CNN Monday.", "persistent": false, "language": "en-US", "user": null}, {"source": "http://rss.cnn.com/rss/edition.rss", "link": "https://www.cnn.com/2023/01/30/entertainment/marie-kondo-stops-tidying-intl-scli/index.html", "title": "Marie Kondo is focusing on what's important -- and that means letting the tidying slide", "date_published": "2023-01-30 12:14:07+00:00", "description": "Queen of clean Marie Kondo admits that tidying up is no longer top of her to-do list..", "persistent": false, "language": "en-US", "user": null}, {"source": "http://rss.cnn.com/rss/edition.rss", "link": "https://www.cnn.com/2023/01/30/us/memphis-police-tyre-nichols-case/index.html", "title": "'A new era of accountability.' What Memphis got right after the death of Tyre Nichols", "date_published": "2023-01-30 11:55:49+00:00", "description": "Weeks after Tyre Nichols was brutalized by Memphis police officers, city law enforcement officials are being hailed for their unusually rapid investigation and transparency compared to similar cases in other US cities.", "persistent": false, "language": "en-US", "user": null}, {"source": "http://rss.cnn.com/rss/edition.rss", "link": "https://www.cnn.com/2023/01/30/middleeast/drone-strikes-iran-isfahan-intl/index.html", "title": "Israel was behind drone attacks at military plant in Iran, US media report", "date_published": "2023-01-30 11:53:24+00:00", "description": "US officials believe drone attacks at a military plant in Iran's central city of Isfahan were carried out by Israel, according to US media reports.", "persistent": false, "language": "en-US", "user": null}, {"source": "http://rss.cnn.com/rss/edition.rss", "link": "https://www.cnn.com/style/article/sabato-de-sarno-gucci-creative-director/index.html", "title": "Gucci names Sabato De Sarno as new creative director", "date_published": "2023-01-30 11:47:17+00:00", "description": "Gucci has named fashion designer Sabato De Sarno as its new creative director, ending months of speculation about who would take on one of fashion's most coveted roles.", "persistent": false, "language": "en-US", "user": null}, {"source": "http://rss.cnn.com/rss/edition.rss", "link": "https://www.cnn.com/2023/01/30/sport/nba-referees-admit-mistake-lakers-celtics-spt-intl/index.html", "title": "NBA referees admit to 'gut-wrenching' mistake in Lakers-Celtics game as Dennis Schr\u00f6der calls for officials to be fined", "date_published": "2023-01-30 11:46:41+00:00", "description": "The fallout from the egregious no-call in the final second of Saturday's game between the Los Angeles Lakers game and the Boston Celtics shows no sign of ending, with the official NBA Referees Twitter account admitting to the error on Sunday", "persistent": false, "language": "en-US", "user": null}, {"source": "http://rss.cnn.com/rss/edition.rss", "link": "https://www.cnn.com/2023/01/30/health/who-covid-public-health-emergency/index.html", "title": "WHO says Covid-19 remains a global health emergency, but pandemic is at a 'transition point'", "date_published": "2023-01-30 11:44:43+00:00", "description": "Covid-19 remains a global health emergency, the World Health Organization said on Monday, but it acknowledged the pandemic is at a \"transition point.\"", "persistent": false, "language": "en-US", "user": null}, {"source": "http://rss.cnn.com/rss/edition.rss", "link": "https://www.cnn.com/2023/01/30/business/norway-minerals-seabed-deep-sea-mining-climate-intl/index.html", "title": "Norway discovers huge trove of metals, minerals and rare earths on its seabed", "date_published": "2023-01-30 11:42:15+00:00", "description": "A Norwegian study has found a \"substantial\" amount of metals and minerals ranging from copper to rare earths on the seabed of its extended continental shelf, authorities said on Friday in their first official estimates.", "persistent": false, "language": "en-US", "user": null}, {"source": "http://rss.cnn.com/rss/edition.rss", "link": "https://www.cnn.com/style/article/haute-couture-week-paris-spring-2023-best-moments/index.html", "title": "Everything that happened at Haute Couture Week 2023", "date_published": "2023-01-30 11:39:44+00:00", "description": "While temperatures in Paris hit below or near freezing, editors, celebrities and influencers wrapped themselves up in balaclavas, blanket scarves and big coats ready for one of the most opulent affairs on the fashion calendar: Haute Couture Week.", "persistent": false, "language": "en-US", "user": null}, {"source": "http://rss.cnn.com/rss/edition.rss", "link": "https://www.cnn.com/2023/01/30/sport/donna-kelce-jason-travis-super-bowl-lvii-spt-intl/index.html", "title": "Donna Kelce becomes first mother to have two sons play against each other in the Super Bowl", "date_published": "2023-01-30 11:34:05+00:00", "description": "Seeing your children succeed is what every parent wants. But for Donna Kelce, the success of both her sons will provide a conflict of interest.", "persistent": false, "language": "en-US", "user": null}, {"source": "http://rss.cnn.com/rss/edition.rss", "link": "https://www.cnn.com/2023/01/30/entertainment/lisa-loring-wednesday-addams-dead-intl-scli/index.html", "title": "Lisa Loring, original Wednesday Addams actress, dead at 64", "date_published": "2023-01-30 11:05:30+00:00", "description": "Lisa Loring, best known as the first actress to play Wednesday Addams in the original \"The Addams Family\" sitcom, has died at the age of 64.", "persistent": false, "language": "en-US", "user": null}, {"source": "http://rss.cnn.com/rss/edition.rss", "link": "https://www.cnn.com/2023/01/30/sport/empire-state-building-green-philadelphia-eagles-spt-intl/index.html", "title": "'I'm just here for the comments': Empire State Building riles New Yorkers after celebrating Super Bowl-bound Philadelphia Eagles' win", "date_published": "2023-01-30 10:33:15+00:00", "description": "The Empire State Building was lit in green and white to celebrate the Philadelphia Eagles' victory in the NFC Championship game on Sunday -- a decision that's sparked a bit of a backlash in the Big Apple.", "persistent": false, "language": "en-US", "user": null}, {"source": "http://rss.cnn.com/rss/edition.rss", "link": "https://www.cnn.com/2023/01/30/asia/peshawar-pakistan-mosque-blast-intl/index.html", "title": "Blast in mosque in Pakistan kills at least 25 people, with scores injured", "date_published": "2023-01-30 10:27:51+00:00", "description": "A blast inside a mosque in Pakistan's northwestern city of Peshawar on Monday has left at least 17 people dead and 83 more injured, according to Mohammad Aijaz Khan, Peshawar police chief.", "persistent": false, "language": "en-US", "user": null}, {"source": "http://rss.cnn.com/rss/edition.rss", "link": "https://www.cnn.com/2023/01/30/tennis/novak-djokovic-australian-open-win-reaction-spt-intl/index.html", "title": "Novak Djokovic says he 'emotionally collapsed' after Australian Open win", "date_published": "2023-01-30 10:20:53+00:00", "description": "For almost two decades, we have become accustomed to Novak Djokovic winning grand slams. But seeing the world No. 1 sobbing on the floor as he celebrated his Australian Open victory with his family and team was a first. He would later say he had \"emotionally collapsed.\"", "persistent": false, "language": "en-US", "user": null}, {"source": "http://rss.cnn.com/rss/edition.rss", "link": "https://www.cnn.com/2023/01/30/investing/renault-nissan-new-alliance-plans-intl-hnk/index.html", "title": "Renault will slash stake in Nissan as they overhaul their alliance", "date_published": "2023-01-30 09:55:18+00:00", "description": "Carmakers Renault and Nissan have agreed to restructure their longstanding partnership, with the French company whittling down its stake in the Japanese firm to 15%.", "persistent": false, "language": "en-US", "user": null}, {"source": "http://rss.cnn.com/rss/edition.rss", "link": "https://www.cnn.com/travel/article/family-of-five-fly-around-the-world/index.html", "title": "The family of five flying around the world in a tiny plane", "date_published": "2023-01-30 09:39:43+00:00", "description": "Spending over a year flying around the world with your family in a tiny single-engine aircraft is something most people could only imagine.", "persistent": false, "language": "en-US", "user": null}, {"source": "http://rss.cnn.com/rss/edition.rss", "link": "https://www.cnn.com/2023/01/30/health/teens-chimpanzees-scn-wellness/index.html", "title": "Human and chimpanzee teens share similar struggles, study says. But your teen may be less patient", "date_published": "2023-01-30 09:23:19+00:00", "description": "Chimpanzee teens may not be so different from the ones living in our homes, a new study says.", "persistent": false, "language": "en-US", "user": null}, {"source": "http://rss.cnn.com/rss/edition.rss", "link": "https://www.cnn.com/videos/world/2023/01/30/south-africa-energy-crisis-power-cuts-mckenzie-pkg-ovn-contd-intl-hnk-vpx.cnn", "title": "Blackouts killed thousands of his chickens. Hear why this farmer is furious", "date_published": "2023-01-30 09:23:11+00:00", "description": "Last year, South Africa saw power blackouts on more than 200 days. The disruptive energy crisis is putting everyday life as well as the hopes and dreams of millions at risk. CNN's David McKenzie reports.", "persistent": false, "language": "en-US", "user": null}, {"source": "http://rss.cnn.com/rss/edition.rss", "link": "https://www.cnn.com/travel/article/algerian-coffee-stores-london-soho-spc-intl/index.html", "title": "This 136-year-old London coffee store doesn't need to move with the times", "date_published": "2023-01-30 09:17:12+00:00", "description": "There's a certain nostalgia that clings to London's Soho; \"it's not what it once was\" is an almost constant refrain. Carnaby Street, famous for its nonconformist fashion in the Swinging Sixties, is now filled with chain stores. Many of the area's most insalubrious haunts are long gone, and in their place mostly restaurants, which come and go. The pace of change is rapid and not all change is bad.", "persistent": false, "language": "en-US", "user": null}, {"source": "http://rss.cnn.com/rss/edition.rss", "link": "https://www.cnn.com/2023/01/30/asia/auckland-new-zealand-floods-intl-hnk/index.html", "title": "New Zealand's biggest city braces for more heavy rains after deadly floods", "date_published": "2023-01-30 09:01:03+00:00", "description": "New Zealand authorities warned Monday that the situation in flood-hit Auckland was likely to worsen after \"unprecedented\" rainfall brought devastating floods that have killed at least four people and forced hundreds to evacuate in the country's largest city.", "persistent": false, "language": "en-US", "user": null}, {"source": "http://rss.cnn.com/rss/edition.rss", "link": "https://www.cnn.com/2023/01/30/china/jiangxi-missing-boy-body-found-intl-hnk/index.html", "title": "The disappearance of a teen gripped China. The discovery of his body raised more questions", "date_published": "2023-01-30 08:56:59+00:00", "description": "For three months, the disappearance of Hu Xinyu gripped China.", "persistent": false, "language": "en-US", "user": null}, {"source": "http://rss.cnn.com/rss/edition.rss", "link": "https://www.cnn.com/2023/01/30/celebrities/korea-actor-song-joong-ki-married-pregnant-intl-hnk/index.html", "title": "Korean star Song Joong-ki announces marriage to Katy Louise Saunders, says they are expecting a baby", "date_published": "2023-01-30 08:54:09+00:00", "description": "South Korean actor Song Joong-ki married British actress Katy Louise Saunders Monday and the two are expecting a child, Song's agency, HighZium Studio, told CNN.", "persistent": false, "language": "en-US", "user": null}, {"source": "http://rss.cnn.com/rss/edition.rss", "link": "https://www.cnn.com/2023/01/30/investing/india-adani-rebuttal-hindenburg-allegations-intl-hnk/index.html", "title": "'Attack on India:' Adani slams US short seller over fraud allegations", "date_published": "2023-01-30 08:52:53+00:00", "description": "Adani Group has published a detailed rebuttal running to more than 400 pages against allegations of fraud made by a US investment firm, calling the short seller's investigation of the ports-to-power conglomerate \"a calculated attack on India.\"", "persistent": false, "language": "en-US", "user": null}, {"source": "http://rss.cnn.com/rss/edition.rss", "link": "https://www.cnn.com/2023/01/30/us/oregon-kidnapping-suspect-update-monday/index.html", "title": "An 'extremely dangerous' kidnapping suspect has evaded capture for nearly a week, prompting police to call for the public's help", "date_published": "2023-01-30 08:46:53+00:00", "description": "A sweeping multi-day manhunt continues for a suspect accused of brutally beating and kidnapping a woman in Oregon who remains in critical condition, according to police.", "persistent": false, "language": "en-US", "user": null}, {"source": "http://rss.cnn.com/rss/edition.rss", "link": "https://www.cnn.com/2023/01/30/us/newport-news-virginia-school-shooting-return-protocol/index.html", "title": "Virginia school announces new safety protocols as students return to class nearly a month after a 6-year-old allegedly shot a teacher", "date_published": "2023-01-30 08:42:16+00:00", "description": "Richneck Elementary School has announced new safety protocols as students return to classes on Monday, nearly a month after a 6-year-old student allegedly shot his teacher inside a classroom.", "persistent": false, "language": "en-US", "user": null}, {"source": "http://rss.cnn.com/rss/edition.rss", "link": "https://www.cnn.com/collections/intl-tyre-nichols-300123/", "title": "Video of Nichols' beating prompts renewed calls for police reform", "date_published": "2023-01-30 08:37:33+00:00", "description": "", "persistent": false, "language": "en-US", "user": null}, {"source": "http://rss.cnn.com/rss/edition.rss", "link": "https://www.cnn.com/2023/01/30/tech/asml-chipmaking-export-controls-china-intl-hnk/index.html", "title": "ASML says 'rules are being finalized' on chip export controls to China", "date_published": "2023-01-30 08:00:33+00:00", "description": "ASML, a Dutch maker of semiconductor equipment, says \"rules are being finalized\" on export controls, amid reports that the Netherlands and Japan have joined the United States in restricting sales of some computer chip machinery to China.", "persistent": false, "language": "en-US", "user": null}, {"source": "http://rss.cnn.com/rss/edition.rss", "link": "https://www.cnn.com/2023/01/30/asia/nato-chief-south-korea-speech-ukraine-intl-hnk/index.html", "title": "NATO secretary general urges South Korea to allow direct arms exports to Ukraine", "date_published": "2023-01-30 06:40:02+00:00", "description": "NATO Secretary General Jens Stoltenberg on Monday asked South Korea to reconsider its rule on not exporting weapons to countries in conflict so it could help arm Ukraine in repelling Russia's invasion.", "persistent": false, "language": "en-US", "user": null}, {"source": "http://rss.cnn.com/rss/edition.rss", "link": "https://edition.cnn.com/europe/live-news/russia-ukraine-war-news-1-30-23/index.html", "title": "An elderly woman was killed and three other people were injured after a missile hit a residential building in Ukraine's second-largest city on Sunday, officials say", "date_published": "2023-01-30 06:17:55.377801+00:00", "description": "", "persistent": false, "language": "en-US", "user": null}, {"source": "http://rss.cnn.com/rss/edition.rss", "link": "https://edition.cnn.com/webview/europe/live-news/russia-ukraine-war-news-1-30-23/index.html", "title": "Russian missile strike on Kharkiv apartment kills 1, officials say", "date_published": "2023-01-30 06:17:55.242873+00:00", "description": "", "persistent": false, "language": "en-US", "user": null}, {"source": "http://rss.cnn.com/rss/edition.rss", "link": "https://www.cnn.com/collections/intl-3001-ukraine/", "title": "How Russia misread Germany's growing influence", "date_published": "2023-01-30 05:55:04+00:00", "description": "", "persistent": false, "language": "en-US", "user": null}, {"source": "http://rss.cnn.com/rss/edition.rss", "link": "https://www.cnn.com/videos/entertainment/2023/01/30/tyler-perry-oprah-winfrey-phone-call-wtcw-contd-sot-vpx.cnn", "title": "I almost walked into traffic':Tyler Perry describes getting a cold call from Oprah Winfrey", "date_published": "2023-01-30 05:18:27+00:00", "description": "Tyler Perry tells CNN's Chris Wallace that his nearly 20-year friendship with Oprah Winfrey started with an unexpected phone call.", "persistent": false, "language": "en-US", "user": null}, {"source": "http://rss.cnn.com/rss/edition.rss", "link": "https://www.cnn.com/2023/01/30/politics/police-reform-tyre-nichols-what-matters/index.html", "title": "Video of Tyre Nichols' beating prompts renewed calls for police reform", "date_published": "2023-01-30 05:11:23+00:00", "description": "\u2022 Protesters across the US decry police brutality after Nichols' death\n\u2022 Video: See moments that led to Nichols' death", "persistent": false, "language": "en-US", "user": null}, {"source": "http://rss.cnn.com/rss/edition.rss", "link": "https://www.cnn.com/2023/01/30/europe/ukraine-soviet-era-tanks-russia-cmd-intl/index.html", "title": "Ukraine is relying on Soviet-era tanks until Western reinforcements", "date_published": "2023-01-30 05:08:40+00:00", "description": "Dug in amid the rolling hills west of Bakhmut, the tanks of the Ukrainian army's 28th Mechanized Brigade are helping to hold the line against a growing Russian offensive.", "persistent": false, "language": "en-US", "user": null}, {"source": "http://rss.cnn.com/rss/edition.rss", "link": "https://www.cnn.com/2023/01/30/europe/germany-russia-us-relations-intl-cmd/index.html", "title": "Analysis: How Russia misread Germany's growing influence", "date_published": "2023-01-30 05:00:25+00:00", "description": "Two years ago, Moscow eyed a US-German standoff over the Nord Stream 2 gas pipeline as a litmus test of transatlantic power.", "persistent": false, "language": "en-US", "user": null}, {"source": "http://rss.cnn.com/rss/edition.rss", "link": "https://www.cnn.com/2023/01/29/us/san-antonio-zoo-cockroach-valentines-day-trnd/index.html", "title": "US zoo will let you name a cockroach after an ex and feed it to an animal", "date_published": "2023-01-30 04:39:19+00:00", "description": "The San Antonio Zoo is offering a special Valentine's Day greeting for exes who just won't bug off.", "persistent": false, "language": "en-US", "user": null}, {"source": "http://rss.cnn.com/rss/edition.rss", "link": "https://www.cnn.com/2023/01/29/entertainment/the-last-of-us-episode-3-review/index.html", "title": "'The Last of Us' just made an early claim to one of the best TV episodes of 2023", "date_published": "2023-01-30 04:05:03+00:00", "description": "If the hoopla surrounding \"The Last of Us\" has felt at all excessive through the first two episodes, the third chapter of the HBO series lives up to the weight of all the hype, laying early claim to what will almost inevitably be discussed as one of the best hours of television in 2023.", "persistent": false, "language": "en-US", "user": null}, {"source": "http://rss.cnn.com/rss/edition.rss", "link": "https://www.cnn.com/videos/politics/2023/01/30/james-comer-trump-biden-classified-documents-investigations-nr-vpx.cnn", "title": "GOP oversight committee member pressed on investigating Biden over Trump", "date_published": "2023-01-30 03:53:51+00:00", "description": "CNN's Pamela Brown asks House Oversight Committee member Rep. James Comer (R-KY) about how the committee will handle separate investigations into the management of classified documents by President Joe Biden and former president Donald Trump.", "persistent": false, "language": "en-US", "user": null}, {"source": "http://rss.cnn.com/rss/edition.rss", "link": "https://www.cnn.com/2023/01/29/us/nfl-conference-championships-chiefs-bengals-eagles-49ers/index.html", "title": "Eagles crush 49ers, Chiefs nip Bengals to set up Super Bowl LVII matchup", "date_published": "2023-01-30 03:38:03+00:00", "description": "The Kansas City Chiefs are advancing to Super Bowl LVII following a 23-20 victory over the Cincinnati Bengals in the AFC Championship game on Sunday at Arrowhead Stadium in Kansas City, Missouri.", "persistent": false, "language": "en-US", "user": null}, {"source": "http://rss.cnn.com/rss/edition.rss", "link": "https://www.cnn.com/2023/01/29/opinions/trump-ron-desantis-rocky-iii-obeidallah/index.html", "title": "DeSantis is backing down from a fight with Trump", "date_published": "2023-01-30 01:53:41+00:00", "description": "\"I pity the fool who runs against President Trump,\" failed GOP Arizona gubernatorial candidate Kari Lake tweeted this weekend as the former President kicked off his first 2024 presidential campaign event.", "persistent": false, "language": "en-US", "user": null}], "source": {"url": "http://rss.cnn.com/rss/edition.rss", "title": "CNN"}}