{"entries": [{"source": "https://www.lemonde.fr/en/rss/une.xml", "link": "https://www.lemonde.fr/en/international/article/2023/01/30/suspect-in-spain-machete-attacks-on-churches-jailed-on-remand-for-terrorism_6013732_4.html", "title": "Suspect in Spain machete attacks on churches jailed on remand for 'terrorism'", "date_published": "2023-01-30 22:13:29+00:00", "description": "A Spanish court ordered Monday, January 30, a Moroccan man accused of killing a verger and seriously injuring a priest to be remanded in custody without bail.", "persistent": false, "language": "en-US", "user": null}, {"source": "https://www.lemonde.fr/en/rss/une.xml", "link": "https://www.lemonde.fr/en/opinion/article/2023/01/30/death-of-tyre-nichols-the-united-states-is-sick-of-its-police_6013713_23.html", "title": "Death of Tyre Nichols: The United States is sick of its police", "date_published": "2023-01-30 19:04:55+00:00", "description": "The fatal beating by five police officers in Memphis shows that nothing has changed more than two years after the gruesome death of George Floyd in May 2020.", "persistent": false, "language": "en-US", "user": null}, {"source": "https://www.lemonde.fr/en/rss/une.xml", "link": "https://www.lemonde.fr/en/economy/article/2023/01/30/renault-nissan-japanese-press-hails-end-of-an-inequitable-agreement_6013710_19.html", "title": "Renault-Nissan: Japanese press hails end of an 'inequitable agreement'", "date_published": "2023-01-30 18:40:21+00:00", "description": "The agreement between Renault and Nissan is presented as the restoration of an injustice by the Japanese media, which tend to forget that the Japanese manufacturer was saved by the French group in 1999.", "persistent": false, "language": "en-US", "user": null}, {"source": "https://www.lemonde.fr/en/rss/une.xml", "link": "https://www.lemonde.fr/en/france/article/2023/01/30/renault-and-nissan-sign-near-divorce_6013707_7.html", "title": "Renault and Nissan sign near-divorce", "date_published": "2023-01-30 17:46:32+00:00", "description": "Pending board approvals, the French carmaker will cut its stake in its Japanese partner from 43% to 15% in a reset of their two-decade-old alliance that will put them on equal footing.", "persistent": false, "language": "en-US", "user": null}, {"source": "https://www.lemonde.fr/en/rss/une.xml", "link": "https://www.lemonde.fr/en/international/article/2023/01/30/israeli-palestinian-conflict-top-us-diplomat-calls-for-urgent-steps-to-restore-calm_6013705_4.html", "title": "Israeli-Palestinian conflict: Top US diplomat calls for 'urgent steps to restore calm'", "date_published": "2023-01-30 17:34:27+00:00", "description": "While on a visit to Jerusalem during his Middle East tour, US Secretary of State Antony Blinken addressed the spiraling violence between Israel and Palestinians.", "persistent": false, "language": "en-US", "user": null}, {"source": "https://www.lemonde.fr/en/rss/une.xml", "link": "https://www.lemonde.fr/en/international/article/2023/01/30/france-and-australia-will-supply-artillery-shells-to-ukraine_6013702_4.html", "title": "France and Australia will supply artillery shells to Ukraine", "date_published": "2023-01-30 17:09:42+00:00", "description": "Several thousand 155 mm shells will be manufactured jointly according to the two country's defense ministers.", "persistent": false, "language": "en-US", "user": null}, {"source": "https://www.lemonde.fr/en/rss/une.xml", "link": "https://www.lemonde.fr/en/united-kingdom/article/2023/01/30/sunak-defends-record-amidst-ethics-breaches-in-uk-government_6013696_135.html", "title": "Sunak defends record amidst ethics breaches in UK government", "date_published": "2023-01-30 15:59:56+00:00", "description": "The British PM is facing criticism for his handling of scandals involving senior Conservative politicians.", "persistent": false, "language": "en-US", "user": null}, {"source": "https://www.lemonde.fr/en/rss/une.xml", "link": "https://www.lemonde.fr/en/international/article/2023/01/30/with-no-political-solution-israel-ramps-up-repression_6013691_4.html", "title": "With no political solution, Israel ramps up repression", "date_published": "2023-01-30 14:42:55+00:00", "description": "The far-right ruling coalition is increasing military and police personnel and punitive measures against the families of Palestinians who carry out attacks.", "persistent": false, "language": "en-US", "user": null}, {"source": "https://www.lemonde.fr/en/rss/une.xml", "link": "https://www.lemonde.fr/en/culture/article/2023/01/30/the-musee-d-orsay-acquires-caillebotte-painting-estimated-at-43-million_6013687_30.html", "title": "The Mus\u00e9e d'Orsay acquires \u20ac43 million Caillebotte painting with help of LVMH", "date_published": "2023-01-30 14:11:19+00:00", "description": "The acquisition of 'Partie de bateau,' dated 1877-1878 and considered a national treasure, was made possible by the LVMH group's patronage.", "persistent": false, "language": "en-US", "user": null}, {"source": "https://www.lemonde.fr/en/rss/une.xml", "link": "https://www.lemonde.fr/en/obituaries/article/2023/01/30/claude-gerard-independent-parisian-cinema-owner-dies-at-77_6013686_15.html", "title": "Claude G\u00e9rard, independent Parisian cinema owner, dies at 77", "date_published": "2023-01-30 14:00:14+00:00", "description": "The hands-on owner of the Espace Saint-Michel cinema, who was keen on showcasing world cinema and would keep films running for months, passed away on January 24.", "persistent": false, "language": "en-US", "user": null}, {"source": "https://www.lemonde.fr/en/rss/une.xml", "link": "https://www.lemonde.fr/en/international/article/2023/01/30/russian-diplomacy-s-anti-semitic-urge_6013677_4.html", "title": "Russian diplomacy's anti-Semitic urge", "date_published": "2023-01-30 13:22:21+00:00", "description": "Russian Foreign Minister Sergei Lavrov is increasingly making nauseating comparisons between Hitler and Zelensky, and between the Nazis and Western democracies.", "persistent": false, "language": "en-US", "user": null}, {"source": "https://www.lemonde.fr/en/rss/une.xml", "link": "https://www.lemonde.fr/en/opinion/article/2023/01/30/roberto-saviano-cosa-nostra-is-part-and-parcel-of-italy_6013670_23.html", "title": "Roberto Saviano: 'Cosa Nostra is part and parcel of Italy'", "date_published": "2023-01-30 12:03:14+00:00", "description": "The hold of organized crime on the economy and politics in the country is underestimated, writes the Italian author of 'Gomorra' in an op-ed for 'Le Monde.'", "persistent": false, "language": "en-US", "user": null}, {"source": "https://www.lemonde.fr/en/rss/une.xml", "link": "https://www.lemonde.fr/en/international/article/2023/01/30/war-in-ukraine-sending-fighter-jets-no-longer-taboo-for-some-kyiv-allies_6013663_4.html", "title": "War in Ukraine: Sending fighter jets no longer 'taboo' for some Kyiv allies", "date_published": "2023-01-30 11:55:07+00:00", "description": "Several US and European officials have said in recent days that the door is no longer closed for sending F-16 aircraft to Ukraine.", "persistent": false, "language": "en-US", "user": null}, {"source": "https://www.lemonde.fr/en/rss/une.xml", "link": "https://www.lemonde.fr/en/international/article/2023/01/30/washington-in-wait-and-see-posture-over-israel-s-new-government_6013662_4.html", "title": "Washington's wait-and-see posture over Israel's new government", "date_published": "2023-01-30 11:48:45+00:00", "description": "Secretary of State Antony Blinken visits Israel on Monday and the West Bank on Tuesday following days of violence in the region.", "persistent": false, "language": "en-US", "user": null}, {"source": "https://www.lemonde.fr/en/rss/une.xml", "link": "https://www.lemonde.fr/en/health/article/2023/01/30/covid-19-pandemic-still-an-international-emergency-says-who_6013659_14.html", "title": "Covid-19 pandemic still an international emergency, says WHO", "date_published": "2023-01-30 11:01:17+00:00", "description": "The World Health Organization's emergency committee said that the pandemic was at a 'transition point'. Almost 40,000 deaths are still reported weekly.", "persistent": false, "language": "en-US", "user": null}, {"source": "https://www.lemonde.fr/en/rss/une.xml", "link": "https://www.lemonde.fr/en/international/article/2023/01/30/two-strikes-hit-military-site-in-isfahan-and-iranian-arms-convoy-in-syria_6013657_4.html", "title": "Two strikes hit military site in Isfahan and Iranian arms convoy in Syria", "date_published": "2023-01-30 10:49:41+00:00", "description": "The first attack was carried out by drones against a complex involved in the production of ballistic missiles. The second, in northern Syria, killed seven people.", "persistent": false, "language": "en-US", "user": null}, {"source": "https://www.lemonde.fr/en/rss/une.xml", "link": "https://www.lemonde.fr/en/sports/article/2023/01/30/ukraine-calls-ioc-promoter-of-war-for-opening-door-to-russian-athletes_6013653_9.html", "title": "Ukraine calls IOC 'promoter of war' for opening door to Russian athletes", "date_published": "2023-01-30 10:44:27+00:00", "description": "An advisor to Ukrainian President Volodymyr Zelensky blasted the International Olympic Committee for considering ways to allow Russian athletes to compete.", "persistent": false, "language": "en-US", "user": null}, {"source": "https://www.lemonde.fr/en/rss/une.xml", "link": "https://www.lemonde.fr/en/international/article/2023/01/30/azerbaijan-suspends-embassy-in-iran-after-deadly-gunman-attack_6013649_4.html", "title": "Azerbaijan suspends embassy in Iran after deadly gunman attack", "date_published": "2023-01-30 10:36:15+00:00", "description": "On Friday, January 27, a gunman killed one person and wounded two at the Azerbaijani embassy in Iran. Azerbaijan said that diplomatic ties have not been severed.", "persistent": false, "language": "en-US", "user": null}, {"source": "https://www.lemonde.fr/en/rss/une.xml", "link": "https://www.lemonde.fr/en/international/article/2023/01/30/pakistan-mosque-bomb-kills-at-least-20-and-wounds-scores_6013645_4.html", "title": "Pakistan mosque bomb kills at least 27 and wounds scores", "date_published": "2023-01-30 10:26:41+00:00", "description": "A suicide bomber attacked a mosque in the northwestern Pakistani city of Peshawar, where some 200 worshippers were present.", "persistent": false, "language": "en-US", "user": null}, {"source": "https://www.lemonde.fr/en/rss/une.xml", "link": "https://www.lemonde.fr/en/international/article/2023/01/30/how-and-when-will-the-tanks-promised-to-ukraine-be-delivered_6013643_4.html", "title": "How and when will the tanks promised to Ukraine be delivered?", "date_published": "2023-01-30 10:12:18+00:00", "description": "The tanks need to arrive in time and in sufficient numbers in order to affect the outcome of Russia's invasion.", "persistent": false, "language": "en-US", "user": null}, {"source": "https://www.lemonde.fr/en/rss/une.xml", "link": "https://www.lemonde.fr/en/economy/article/2023/01/30/french-pension-reform-train-traffic-to-be-very-heavily-disrupted-in-january-31-strikes_6013641_19.html", "title": "French pension reform: Train traffic to be 'very heavily disrupted' in January 31 strikes", "date_published": "2023-01-30 09:08:46+00:00", "description": "Paris metros, national rail service, and some flights are set to be disrupted by strikes against the government's pension reform.", "persistent": false, "language": "en-US", "user": null}, {"source": "https://www.lemonde.fr/en/rss/une.xml", "link": "https://www.lemonde.fr/en/sports/article/2023/01/30/world-handball-championship-beaten-by-denmark-france-will-seek-revenge-in-2024_6013636_9.html", "title": "World Handball Championship: Beaten by Denmark, France will seek revenge in 2024", "date_published": "2023-01-30 08:44:28+00:00", "description": "Les Bleus were outclassed (34-29) by a great Danish team, which clinched an unprecedented third crown in a row. For Guillaume Gille's men, silver has a bitter taste, after a positive tournament.", "persistent": false, "language": "en-US", "user": null}, {"source": "https://www.lemonde.fr/en/rss/une.xml", "link": "https://www.lemonde.fr/en/international/article/2023/01/30/erdogan-says-turkey-might-approve-finland-s-nato-bid-block-sweden_6013621_4.html", "title": "Erdogan says Turkey might approve Finland's NATO bid, block Sweden", "date_published": "2023-01-30 07:58:07+00:00", "description": "\"If needed, we could give a different message about Finland. Sweden will be shocked when we give the different message about Finland,\" Erdogan said on Sunday.", "persistent": false, "language": "en-US", "user": null}, {"source": "https://www.lemonde.fr/en/rss/une.xml", "link": "https://www.lemonde.fr/en/international/article/2023/01/30/renault-to-reduce-stake-in-nissan-rebalancing-alliance_6013616_4.html", "title": "Renault to reduce stake in Nissan, rebalancing alliance", "date_published": "2023-01-30 07:09:15+00:00", "description": "The Japanese automaker said the new deal would \"strengthen the ties of the alliance\" which began in 1999 when Renault rescued Nissan from bankruptcy.", "persistent": false, "language": "en-US", "user": null}, {"source": "https://www.lemonde.fr/en/rss/une.xml", "link": "https://www.lemonde.fr/en/international/article/2023/01/30/toyota-top-selling-automaker-for-third-year-running_6013615_4.html", "title": "Toyota top-selling automaker for third year running", "date_published": "2023-01-30 07:01:01+00:00", "description": "In 2022, Toyota sold 2.7 million electrified vehicles, around 5% more than the previous year.", "persistent": false, "language": "en-US", "user": null}, {"source": "https://www.lemonde.fr/en/rss/une.xml", "link": "https://www.lemonde.fr/en/france/article/2023/01/30/major-cocaine-trafficking-network-goes-on-trial-in-the-north-of-france_6013605_7.html", "title": "Major cocaine trafficking network goes on trial in the north of France", "date_published": "2023-01-30 04:30:07+00:00", "description": "Six men will be tried following an investigation launched in March 2017. In July of that year, 1,317 kg of cocaine was seized. The defendants face up to 30 years in prison.", "persistent": false, "language": "en-US", "user": null}, {"source": "https://www.lemonde.fr/en/rss/une.xml", "link": "https://www.lemonde.fr/en/opinion/article/2023/01/30/big-tech-in-the-us-the-crisis-will-hit-the-wealthiest-first_6013602_23.html", "title": "Big Tech in the US: 'The crisis will hit the wealthiest first'", "date_published": "2023-01-30 04:10:18+00:00", "description": "The stock market yo-yo experienced by the heavyweights of the new economy is due to the end of the free money policy implemented during Covid-19, explains 'Le Monde' New York correspondent Arnaud Leparmentier.", "persistent": false, "language": "en-US", "user": null}, {"source": "https://www.lemonde.fr/en/rss/une.xml", "link": "https://www.lemonde.fr/en/economy/article/2023/01/30/ukrainian-postal-service-a-lifeline-in-a-country-at-war_6013600_19.html", "title": "Ukrainian Postal Service, a lifeline in a country at war", "date_published": "2023-01-30 04:00:16+00:00", "description": "As the main distributor of cash, Ukrposhta is the only public service present in the most remote \u2013 and sometimes, occupied \u2013 villages. Often criticized for its failures, the long-standing postal company today embodies the nation's spirit of resistance.", "persistent": false, "language": "en-US", "user": null}, {"source": "https://www.lemonde.fr/en/rss/une.xml", "link": "https://www.lemonde.fr/en/obituaries/article/2023/01/30/motown-artist-barrett-strong-dies-at-81_6013596_15.html", "title": "Motown artist Barrett Strong dies at 81", "date_published": "2023-01-30 03:28:23+00:00", "description": "Barrett Strong was one of Motown's founding artists and songwriters. He sang lead on the company's breakthrough single 'Money (That's What I Want).' His death was announced Sunday.", "persistent": false, "language": "en-US", "user": null}, {"source": "https://www.lemonde.fr/en/rss/une.xml", "link": "https://www.lemonde.fr/en/international/article/2023/01/30/in-a-bbc-documentary-boris-johnson-says-that-vladimir-putin-threatened-him-with-a-missile_6013595_4.html", "title": "In a BBC documentary, Boris Johnson says that Vladimir Putin threatened him with a missile", "date_published": "2023-01-30 03:17:28+00:00", "description": "The apparent threat came in a phone call just ahead of the invasion on February 24, according to a new BBC documentary to be broadcast on Monday.", "persistent": false, "language": "en-US", "user": null}, {"source": "https://www.lemonde.fr/en/rss/une.xml", "link": "https://www.lemonde.fr/en/sports/article/2023/01/30/tennis-victorious-at-the-australian-open-novak-djokovic-finds-his-throne-and-his-salvation_6013593_9.html", "title": "Tennis: Victorious at the Australian Open, Novak Djokovic finds his throne and his salvation", "date_published": "2023-01-30 03:00:34+00:00", "description": "The Serbian won against Greece's Stefanos Tsitsipas on Sunday. It is his tenth title in Melbourne, his twenty-second Grand Slam, and he is back to being world's No. 1.", "persistent": false, "language": "en-US", "user": null}, {"source": "https://www.lemonde.fr/en/rss/une.xml", "link": "https://www.lemonde.fr/en/international/article/2023/01/30/castilla-y-leon-spain-s-regional-launch-pad-for-the-extreme-right-s-culture-wars_6013590_4.html", "title": "Castilla y Le\u00f3n, Spain's regional launch pad for the extreme right's culture wars", "date_published": "2023-01-30 01:56:50+00:00", "description": "The Vox party, a member of the conservative-led regional government, has an anti-abortion, anti-feminist discourse and is hostile to the central government's policy of transparency about the nation's fascist past.", "persistent": false, "language": "en-US", "user": null}, {"source": "https://www.lemonde.fr/en/rss/une.xml", "link": "https://www.lemonde.fr/en/opinion/article/2023/01/30/the-climate-benefits-of-carbon-offsetting-are-at-best-exaggerated-and-at-worst-imaginary_6013587_23.html", "title": "'The climate benefits of 'carbon offsetting' are at best exaggerated, and at worst imaginary'", "date_published": "2023-01-30 00:55:13+00:00", "description": "'Le Monde' columnist St\u00e9phane Foucart explains how a survey conducted by several international media shows that the majority of carbon credits meant to compensate for greenhouse gas emissions do not lead to any climate benefit.", "persistent": false, "language": "en-US", "user": null}], "source": {"url": "https://www.lemonde.fr/en/rss/une.xml", "title": "Le Monde"}}