{"entries": [{"source": "https://wydarzenia.interia.pl/feed", "link": "https://wydarzenia.interia.pl/raporty/raport-ukraina-rosja/aktualnosci/news-skandynawowie-wysla-leopardy-ukrainie-najszybciej-jak-to-moz,nId,6566895", "title": "Skandynawowie wy\u015bl\u0105 Leopardy Ukrainie. \"Najszybciej, jak to mo\u017cliwe\"", "date_published": "2023-01-30 22:28:09+00:00", "description": "<p><a href=\"https://wydarzenia.interia.pl/raporty/raport-ukraina-rosja/aktualnosci/news-skandynawowie-wysla-leopardy-ukrainie-najszybciej-jak-to-moz,nId,6566895\"><img align=\"left\" alt=\"Skandynawowie wy\u015bl\u0105 Leopardy Ukrainie. &quot;Najszybciej, jak to mo\u017cliwe&quot;\" src=\"https://i.iplsc.com/skandynawowie-wysla-leopardy-ukrainie-najszybciej-jak-to-moz/000GOU2OWY3JGNWO-C321.jpg\" /></a>Norwegia przeka\u017ce Ukrainie czo\u0142gi Leopard 2 najszybciej, jak to tylko mo\u017cliwe - zapowiedzia\u0142 w poniedzia\u0142ek minister obrony Norwegii Bj\u00f8rn Arild Gram, cytowany przez AFP. Darowizn\u0119 w postaci pojazd\u00f3w pancernych rozwa\u017ca tak\u017ce Kopenhaga. - Jeste\u015bmy otwarci na wys\u0142anie czo\u0142g\u00f3w Leopard 2 \u2013 powiedzia\u0142a du\u0144ska premier Mette Frederiksen.</p><br clear=\"all\" />", "persistent": false, "language": "pl-PL", "user": null}, {"source": "https://wydarzenia.interia.pl/feed", "link": "https://wydarzenia.interia.pl/zagranica/news-usa-joe-biden-przyleci-do-polski-ale-jeszcze-nie-wie-kiedy,nId,6566896", "title": "USA: Joe Biden przyleci do Polski, ale jeszcze nie wie, kiedy", "date_published": "2023-01-30 21:31:27+00:00", "description": "<p><a href=\"https://wydarzenia.interia.pl/zagranica/news-usa-joe-biden-przyleci-do-polski-ale-jeszcze-nie-wie-kiedy,nId,6566896\"><img align=\"left\" alt=\"USA: Joe Biden przyleci do Polski, ale jeszcze nie wie, kiedy\" src=\"https://i.iplsc.com/usa-joe-biden-przyleci-do-polski-ale-jeszcze-nie-wie-kiedy/000AWFNWLXWQYNDV-C321.jpg\" /></a>Prezydent USA Joe Biden potwierdzi\u0142, \u017ce odwiedzi Polsk\u0119. Zastrzeg\u0142 jednak, \u017ce nie wie, w jakim dok\u0142adnie terminie. Ameryka\u0144ski przyw\u00f3dca poinformowa\u0142 tak\u017ce, \u017ce jego kraj nie przeka\u017ce Ukrainie samolot\u00f3w F-16.</p><br clear=\"all\" />", "persistent": false, "language": "pl-PL", "user": null}, {"source": "https://wydarzenia.interia.pl/feed", "link": "https://wydarzenia.interia.pl/zagranica/news-fala-strajkow-w-wielkiej-brytanii-dolaczaja-i-nauczyciele,nId,6566882", "title": "Fala strajk\u00f3w w Wielkiej Brytanii. Do\u0142\u0105czaj\u0105 i nauczyciele", "date_published": "2023-01-30 20:37:29+00:00", "description": "<p><a href=\"https://wydarzenia.interia.pl/zagranica/news-fala-strajkow-w-wielkiej-brytanii-dolaczaja-i-nauczyciele,nId,6566882\"><img align=\"left\" alt=\"Fala strajk\u00f3w w Wielkiej Brytanii. Do\u0142\u0105czaj\u0105 i nauczyciele\" src=\"https://i.iplsc.com/fala-strajkow-w-wielkiej-brytanii-dolaczaja-i-nauczyciele/000GOTWWM9EA9GJC-C321.jpg\" /></a>Zwi\u0105zek zawodowy FBU zapowiedzia\u0142 pierwszy od 20 lat, og\u00f3lnokrajowy strajk brytyjskich stra\u017cak\u00f3w. Jednocze\u015bnie NEU - zwi\u0105zek zawodowy nauczycieli poinformowa\u0142 o fiasku rozm\u00f3w ze stron\u0105 rz\u0105dow\u0105 i za kilka dni rozpocznie sw\u00f3j strajk. Najbli\u017csza \u015broda b\u0119dzie dniem kumulacji protest\u00f3w kilku bran\u017c.</p><br clear=\"all\" />", "persistent": false, "language": "pl-PL", "user": null}, {"source": "https://wydarzenia.interia.pl/feed", "link": "https://wydarzenia.interia.pl/kraj/news-zmiany-w-kodeksie-postepowania-cywilnego-rzecznik-pis-zabral,nId,6566880", "title": "Zmiany w Kodeksie post\u0119powania cywilnego. Rzecznik PiS zabra\u0142 g\u0142os", "date_published": "2023-01-30 20:30:46+00:00", "description": "<p><a href=\"https://wydarzenia.interia.pl/kraj/news-zmiany-w-kodeksie-postepowania-cywilnego-rzecznik-pis-zabral,nId,6566880\"><img align=\"left\" alt=\"Zmiany w Kodeksie post\u0119powania cywilnego. Rzecznik PiS zabra\u0142 g\u0142os\" src=\"https://i.iplsc.com/zmiany-w-kodeksie-postepowania-cywilnego-rzecznik-pis-zabral/000GOTW19LBRU3TV-C321.jpg\" /></a>- \u0141\u0105czenie prywatnej sprawy prezesa PiS ze zmian\u0105 przepis\u00f3w w Kodeksie post\u0119powania cywilnego jest nieuzasadnione - oceni\u0142 w poniedzia\u0142ek rzecznik PiS. Wcze\u015bniej pojawi\u0142y si\u0119 doniesienia, \u017ce nowelizacja ma zwi\u0105zek z przegranym procesem Jaros\u0142awa Kaczy\u0144skiego. - Aby uci\u0105\u0107 spekulacje zg\u0142osimy poprawk\u0119, \u017ce te przepisy b\u0119d\u0105 stosowane do post\u0119powa\u0144 dopiero w przysz\u0142o\u015bci - podkre\u015bli\u0142 w rozmowie z PAP Rafa\u0142 Bochenek.</p><br clear=\"all\" />", "persistent": false, "language": "pl-PL", "user": null}, {"source": "https://wydarzenia.interia.pl/feed", "link": "https://wydarzenia.interia.pl/zagranica/news-wargacze-zamarzly-na-belgijskim-lotnisku-spedzily-dobe-w-lod,nId,6566856", "title": "Wargacze zamarz\u0142y na belgijskim lotnisku. Sp\u0119dzi\u0142y dob\u0119 w lodowatym samolocie", "date_published": "2023-01-30 19:53:45+00:00", "description": "<p><a href=\"https://wydarzenia.interia.pl/zagranica/news-wargacze-zamarzly-na-belgijskim-lotnisku-spedzily-dobe-w-lod,nId,6566856\"><img align=\"left\" alt=\"Wargacze zamarz\u0142y na belgijskim lotnisku. Sp\u0119dzi\u0142y dob\u0119 w lodowatym samolocie\" src=\"https://i.iplsc.com/wargacze-zamarzly-na-belgijskim-lotnisku-spedzily-dobe-w-lod/000GOTS3K4TSI9PV-C321.jpg\" /></a>Na lotnisku w belgijskim Liege zamarz\u0142y trzy wargacze, kt\u00f3re sp\u0119dzi\u0142y 24 godziny w samolocie. Maszyna by\u0142a zablokowana przez obfite opady \u015bniegu. Jak informuj\u0105 media, w sprawie interweniuje walo\u0144ska minister ds. dobrostanu zwierz\u0105t Celine Tellier.</p><br clear=\"all\" />", "persistent": false, "language": "pl-PL", "user": null}, {"source": "https://wydarzenia.interia.pl/feed", "link": "https://wydarzenia.interia.pl/zagranica/news-zdjecia-z-nowego-jorku-obiegly-siec-wiemy-kto-stoi-za-kampan,nId,6566811", "title": "Zdj\u0119cia z Nowego Jorku obieg\u0142y sie\u0107. Wiemy, kto stoi za kampani\u0105", "date_published": "2023-01-30 19:19:09+00:00", "description": "<p><a href=\"https://wydarzenia.interia.pl/zagranica/news-zdjecia-z-nowego-jorku-obiegly-siec-wiemy-kto-stoi-za-kampan,nId,6566811\"><img align=\"left\" alt=\"Zdj\u0119cia z Nowego Jorku obieg\u0142y sie\u0107. Wiemy, kto stoi za kampani\u0105\" src=\"https://i.iplsc.com/zdjecia-z-nowego-jorku-obiegly-siec-wiemy-kto-stoi-za-kampan/000GOTMOML60JOS1-C321.jpg\" /></a>300 s\u0142onecznik\u00f3w ma przypomina\u0107 Amerykanom o wojnie w Ukrainie i sprawi\u0107, \u017ce temat rosyjskiej napa\u015bci nie zniknie ca\u0142kiem z medi\u00f3w - r\u00f3wnie\u017c tych spo\u0142eczno\u015bciowych. Polsk\u0105 akcj\u0119 wspieraj\u0105 m.in. spoty oraz filmy publikowane przez influencer\u00f3w. Za kampani\u0119 odpowiada Bank Gospodarstwa Krajowego, a wydano na ni\u0105 ponad trzy miliony dolar\u00f3w.</p><br clear=\"all\" />", "persistent": false, "language": "pl-PL", "user": null}, {"source": "https://wydarzenia.interia.pl/feed", "link": "https://wydarzenia.interia.pl/zagranica/news-kobieta-zabila-swojego-sobowtora-by-uciec-od-rodziny,nId,6566833", "title": "Kobieta zabi\u0142a swojego \"sobowt\u00f3ra\", by uciec od rodziny", "date_published": "2023-01-30 19:14:51+00:00", "description": "<p><a href=\"https://wydarzenia.interia.pl/zagranica/news-kobieta-zabila-swojego-sobowtora-by-uciec-od-rodziny,nId,6566833\"><img align=\"left\" alt=\"Kobieta zabi\u0142a swojego &quot;sobowt\u00f3ra&quot;, by uciec od rodziny\" src=\"https://i.iplsc.com/kobieta-zabila-swojego-sobowtora-by-uciec-od-rodziny/000GOTOV44A1CM5S-C321.jpg\" /></a>Sprawa sobowt\u00f3ra z Ingolstadt by\u0142a jedn\u0105 z bardziej skomplikowanych spraw kryminalnych w Niemczech, w 2022 roku. 24-letni Shahraban K. i Sheqir K. zamordowali z premedytacj\u0105 kobiet\u0119, zadaj\u0105c jej 50 cios\u00f3w no\u017cem. Ofiar\u0119 wytypowali na Instagramie.</p><br clear=\"all\" />", "persistent": false, "language": "pl-PL", "user": null}, {"source": "https://wydarzenia.interia.pl/feed", "link": "https://wydarzenia.interia.pl/zagranica/news-lukaszenka-w-zimbabwe-ukrainscy-internauci-nie-maja-litosci,nId,6566821", "title": "\u0141ukaszenka w Zimbabwe. Ukrai\u0144scy internauci nie maj\u0105 lito\u015bci", "date_published": "2023-01-30 19:14:10+00:00", "description": "<p><a href=\"https://wydarzenia.interia.pl/zagranica/news-lukaszenka-w-zimbabwe-ukrainscy-internauci-nie-maja-litosci,nId,6566821\"><img align=\"left\" alt=\"\u0141ukaszenka w Zimbabwe. Ukrai\u0144scy internauci nie maj\u0105 lito\u015bci\" src=\"https://i.iplsc.com/lukaszenka-w-zimbabwe-ukrainscy-internauci-nie-maja-litosci/000GOTLSBGA1EXGG-C321.jpg\" /></a>Bia\u0142oruski dyktator kilka dni temu ruszy\u0142 w podr\u00f3\u017c na Bliski Wsch\u00f3d oraz do Afryki. Dzi\u015b dotar\u0142 do Zimbabwe, gdzie przywitano go ta\u0144cami i \u015bpiewem. Wizyta nie usz\u0142a uwadze internaut\u00f3w w Telegramie. - Mamy nadziej\u0119, \u017ce uzurpator zostanie tam przyw\u00f3dc\u0105 i ju\u017c nigdy nie wr\u00f3ci - pisze jeden z nich.</p><br clear=\"all\" />", "persistent": false, "language": "pl-PL", "user": null}, {"source": "https://wydarzenia.interia.pl/feed", "link": "https://wydarzenia.interia.pl/kraj/news-poszkodowana-o-wybuchu-w-katowicach-tam-bylo-mnostwo-aniolow,nId,6566790", "title": "Poszkodowana o wybuchu w Katowicach: Tam by\u0142o mn\u00f3stwo anio\u0142\u00f3w", "date_published": "2023-01-30 17:56:07+00:00", "description": "<p><a href=\"https://wydarzenia.interia.pl/kraj/news-poszkodowana-o-wybuchu-w-katowicach-tam-bylo-mnostwo-aniolow,nId,6566790\"><img align=\"left\" alt=\"Poszkodowana o wybuchu w Katowicach: Tam by\u0142o mn\u00f3stwo anio\u0142\u00f3w\" src=\"https://i.iplsc.com/poszkodowana-o-wybuchu-w-katowicach-tam-bylo-mnostwo-aniolow/000GOTGSJ68MGDKR-C321.jpg\" /></a>- Moja mama powiedzia\u0142a, \u017ce tego dnia by\u0142o tam po prostu mn\u00f3stwo anio\u0142\u00f3w - powiedzia\u0142a dziennikarzom Joanna Uci\u0144ska, kt\u00f3ra po eksplozji w Katowicach trafi\u0142a do szpitala z dwiema rannymi c\u00f3reczkami.</p><br clear=\"all\" />", "persistent": false, "language": "pl-PL", "user": null}, {"source": "https://wydarzenia.interia.pl/feed", "link": "https://wydarzenia.interia.pl/kraj/news-poszkodowana-wybuchu-w-katowicach-tam-bylo-mnostwo-aniolow,nId,6566790", "title": "Poszkodowana wybuchu w Katowicach: Tam by\u0142o mn\u00f3stwo anio\u0142\u00f3w", "date_published": "2023-01-30 17:56:07+00:00", "description": "<p><a href=\"https://wydarzenia.interia.pl/kraj/news-poszkodowana-wybuchu-w-katowicach-tam-bylo-mnostwo-aniolow,nId,6566790\"><img align=\"left\" alt=\"Poszkodowana wybuchu w Katowicach: Tam by\u0142o mn\u00f3stwo anio\u0142\u00f3w\" src=\"https://i.iplsc.com/poszkodowana-wybuchu-w-katowicach-tam-bylo-mnostwo-aniolow/000GOTGSJ68MGDKR-C321.jpg\" /></a>- Moja mama powiedzia\u0142a, \u017ce tego dnia by\u0142o tam po prostu mn\u00f3stwo anio\u0142\u00f3w - powiedzia\u0142a dziennikarzom Joanna Uci\u0144ska, kt\u00f3ra po eksplozji w Katowicach trafi\u0142a do szpitala z dwiema rannymi c\u00f3reczkami.</p><br clear=\"all\" />", "persistent": false, "language": "pl-PL", "user": null}, {"source": "https://wydarzenia.interia.pl/feed", "link": "https://wydarzenia.interia.pl/kraj/news-nik-nie-mogl-skontrolowac-orlenu-banas-idzie-do-prokuratury,nId,6566763", "title": "NIK nie m\u00f3g\u0142 skontrolowa\u0107 Orlenu. Bana\u015b idzie do prokuratury", "date_published": "2023-01-30 17:47:36+00:00", "description": "<p><a href=\"https://wydarzenia.interia.pl/kraj/news-nik-nie-mogl-skontrolowac-orlenu-banas-idzie-do-prokuratury,nId,6566763\"><img align=\"left\" alt=\"NIK nie m\u00f3g\u0142 skontrolowa\u0107 Orlenu. Bana\u015b idzie do prokuratury\" src=\"https://i.iplsc.com/nik-nie-mogl-skontrolowac-orlenu-banas-idzie-do-prokuratury/000GOTA54EOAD25K-C321.jpg\" /></a>Marian Bana\u015b chcia\u0142 skontrolowa\u0107 Orlen, ale jak wynika z o\u015bwiadczenia prezesa NIK, Orlen skontrolowa\u0107 si\u0119 nie da\u0142. Bana\u015b sk\u0142ada w tej sprawie zawiadomienie do prokuratury i podkre\u015bla, \u017ce osoby odpowiedzialne za wydawanie trzech miliard\u00f3w publicznych z\u0142otych rocznie &quot;twierdz\u0105, \u017ce nie nale\u017cy kontrolowa\u0107 ich wydatk\u00f3w&quot;.</p><br clear=\"all\" />", "persistent": false, "language": "pl-PL", "user": null}, {"source": "https://wydarzenia.interia.pl/feed", "link": "https://wydarzenia.interia.pl/kraj/news-nie-zyje-piotr-wasko-byl-poslem-po-i-burmistrzem-wielenia,nId,6566776", "title": "Nie \u017cyje Piotr Wa\u015bko. By\u0142 pos\u0142em PO i burmistrzem Wielenia", "date_published": "2023-01-30 17:46:52+00:00", "description": "<p><a href=\"https://wydarzenia.interia.pl/kraj/news-nie-zyje-piotr-wasko-byl-poslem-po-i-burmistrzem-wielenia,nId,6566776\"><img align=\"left\" alt=\"Nie \u017cyje Piotr Wa\u015bko. By\u0142 pos\u0142em PO i burmistrzem Wielenia\" src=\"https://i.iplsc.com/nie-zyje-piotr-wasko-byl-poslem-po-i-burmistrzem-wielenia/000GOTDSEG7NL4QF-C321.jpg\" /></a>W wieku 61 lat zmar\u0142 Piotr Wa\u015bko, by\u0142y pose\u0142 Platformy Obywatelskiej, a na prze\u0142omie lat 90. i 00. burmistrz Wielenia w Wielkopolsce. &quot;By\u0142 cz\u0142owiekiem piekielnie inteligentnym, wra\u017cliwym na drugiego cz\u0142owieka i pi\u0119kno otaczaj\u0105cego \u015bwiata. Dusz\u0105 towarzystwa i oparciem w wielu sprawach&quot; - napisa\u0142 Waldy Dzikowski, jego kolega z partii.</p><br clear=\"all\" />", "persistent": false, "language": "pl-PL", "user": null}, {"source": "https://wydarzenia.interia.pl/feed", "link": "https://wydarzenia.interia.pl/slaskie/news-zabrze-mial-zgwalcic-i-okrasc-17-latke-policja-opublikowala-,nId,6566782", "title": "Zabrze: Mia\u0142 zgwa\u0142ci\u0107 i okra\u015b\u0107 17-latk\u0119. Policja opublikowa\u0142a wizerunek", "date_published": "2023-01-30 17:40:45+00:00", "description": "<p><a href=\"https://wydarzenia.interia.pl/slaskie/news-zabrze-mial-zgwalcic-i-okrasc-17-latke-policja-opublikowala-,nId,6566782\"><img align=\"left\" alt=\"Zabrze: Mia\u0142 zgwa\u0142ci\u0107 i okra\u015b\u0107 17-latk\u0119. Policja opublikowa\u0142a wizerunek\" src=\"https://i.iplsc.com/zabrze-mial-zgwalcic-i-okrasc-17-latke-policja-opublikowala/000GOTDP4W8FERNX-C321.jpg\" /></a>Policja z Zabrza opublikowa\u0142a wizerunek poszukiwanego m\u0119\u017cczyzny. Jest on podejrzewany o to, \u017ce kilka dni temu zgwa\u0142ci\u0142 17-latk\u0119, a nast\u0119pnie ukrad\u0142 jej telefon i zegarek. </p><br clear=\"all\" />", "persistent": false, "language": "pl-PL", "user": null}, {"source": "https://wydarzenia.interia.pl/feed", "link": "https://wydarzenia.interia.pl/zagranica/news-czechy-21-latka-jechala-po-torach-tramwajowych-tak-polecila-,nId,6566678", "title": "Czechy: 21-latka jecha\u0142a po torach tramwajowych. Tak poleci\u0142a jej nawigacja", "date_published": "2023-01-30 17:12:21+00:00", "description": "<p><a href=\"https://wydarzenia.interia.pl/zagranica/news-czechy-21-latka-jechala-po-torach-tramwajowych-tak-polecila-,nId,6566678\"><img align=\"left\" alt=\"Czechy: 21-latka jecha\u0142a po torach tramwajowych. Tak poleci\u0142a jej nawigacja\" src=\"https://i.iplsc.com/czechy-21-latka-jechala-po-torach-tramwajowych-tak-polecila/000GOT9QHEKPSV0F-C321.jpg\" /></a>M\u0142oda kobieta zaufa\u0142a nawigacji, kt\u00f3ra wyprowadzi\u0142a j\u0105 na tory tramwajowe w czeskiej Ostrawie. Przejecha\u0142a po nich 30 metr\u00f3w, po czym utkn\u0119\u0142a. Na pomoc pospieszyli policjanci i stra\u017cacy, a ruch szynowej komunikacji miejskiej trzeba by\u0142o tymczasowo wstrzyma\u0107.</p><br clear=\"all\" />", "persistent": false, "language": "pl-PL", "user": null}, {"source": "https://wydarzenia.interia.pl/feed", "link": "https://wydarzenia.interia.pl/zagranica/news-szwecja-gangsterzy-odwolali-burmistrz-niektorzy-ledwo-znali-,nId,6566587", "title": "Szwecja: Gangsterzy odwo\u0142ali burmistrz. \"Niekt\u00f3rzy ledwo znali j\u0119zyk\"", "date_published": "2023-01-30 16:27:14+00:00", "description": "<p><a href=\"https://wydarzenia.interia.pl/zagranica/news-szwecja-gangsterzy-odwolali-burmistrz-niektorzy-ledwo-znali-,nId,6566587\"><img align=\"left\" alt=\"Szwecja: Gangsterzy odwo\u0142ali burmistrz. &quot;Niekt\u00f3rzy ledwo znali j\u0119zyk&quot;\" src=\"https://i.iplsc.com/szwecja-gangsterzy-odwolali-burmistrz-niektorzy-ledwo-znali/000GOSVPESP962SS-C321.jpg\" /></a>Walczy\u0142a z przest\u0119pczo\u015bci\u0105, a teraz lokalni gangsterzy pozbawili j\u0105 stanowiska burmistrza. Ebby Oestlin, rz\u0105dz\u0105ca w gminie Botkyrka pod Sztokholmem, straci\u0142a poparcie Partii Robotniczej - Socjaldemokraci, bo do ugrupowania przyj\u0119to nowe osoby. Gdy zorientowano si\u0119, \u017ce w\u015br\u00f3d dodatkowych cz\u0142onk\u00f3w s\u0105 przest\u0119pcy, by\u0142o za p\u00f3\u017ano.</p><br clear=\"all\" />", "persistent": true, "language": "pl-PL", "user": "rumpel"}, {"source": "https://wydarzenia.interia.pl/feed", "link": "https://wydarzenia.interia.pl/kraj/news-nowa-faza-sporu-w-tk-muszynski-w-postanowieniu-o-bylej-preze,nId,6566594", "title": "Nowa faza sporu w TK. Muszy\u0144ski w postanowieniu o \"by\u0142ej prezes\"", "date_published": "2023-01-30 16:25:43+00:00", "description": "<p><a href=\"https://wydarzenia.interia.pl/kraj/news-nowa-faza-sporu-w-tk-muszynski-w-postanowieniu-o-bylej-preze,nId,6566594\"><img align=\"left\" alt=\"Nowa faza sporu w TK. Muszy\u0144ski w postanowieniu o &quot;by\u0142ej prezes&quot;\" src=\"https://i.iplsc.com/nowa-faza-sporu-w-tk-muszynski-w-postanowieniu-o-bylej-preze/000GOSVIWLCUC5Q8-C321.jpg\" /></a>Sp\u00f3r s\u0119dzi\u00f3w TK wkracza w now\u0105 faz\u0119. W zdaniu odr\u0119bnym do postanowienia Trybuna\u0142u, s\u0119dzia Mariusz Muszy\u0144ski nazwa\u0142 Juli\u0105 Przy\u0142\u0119bsk\u0105 &quot;by\u0142\u0105 prezes&quot;. G\u0142\u00f3wna zainteresowana postanowi\u0142a odpowiedzie\u0107 i wskaza\u0142a, na co Muszy\u0144ski powinien przeznaczy\u0107 sw\u00f3j &quot;wysi\u0142ek intelektualny&quot;.</p><br clear=\"all\" />", "persistent": false, "language": "pl-PL", "user": null}, {"source": "https://wydarzenia.interia.pl/feed", "link": "https://wydarzenia.interia.pl/raporty/raport-ukraina-rosja/aktualnosci/news-umarl-jak-bohater-ukraina-zegna-jednego-z-najlepszych-oficer,nId,6566568", "title": "\"Umar\u0142 jak bohater\". Ukraina \u017cegna \"jednego z najlepszych oficer\u00f3w\"", "date_published": "2023-01-30 16:08:00+00:00", "description": "<p><a href=\"https://wydarzenia.interia.pl/raporty/raport-ukraina-rosja/aktualnosci/news-umarl-jak-bohater-ukraina-zegna-jednego-z-najlepszych-oficer,nId,6566568\"><img align=\"left\" alt=\"&quot;Umar\u0142 jak bohater&quot;. Ukraina \u017cegna &quot;jednego z najlepszych oficer\u00f3w&quot;\" src=\"https://i.iplsc.com/umarl-jak-bohater-ukraina-zegna-jednego-z-najlepszych-oficer/000GOSRYIJ42WD7U-C321.jpg\" /></a>24-letni Dany\u0142o Muraszko tu\u017c przed \u015bmierci\u0105 sprawi\u0142, \u017ce na wschodzie Ukrainy nie dosz\u0142o do wi\u0119kszej tragedii. W jego samolot uderzy\u0142a rosyjska rakieta. Pilot, op\u0142akiwany teraz przez swoich koleg\u00f3w z wojska, wykona\u0142 manewr, dzi\u0119ki kt\u00f3remu maszyna nie spad\u0142a na zamieszkane budynki. Samemu nie by\u0142 jednak w stanie bezpiecznie ewakuowa\u0107 si\u0119 z samolotu.</p><br clear=\"all\" />", "persistent": false, "language": "pl-PL", "user": null}, {"source": "https://wydarzenia.interia.pl/feed", "link": "https://wydarzenia.interia.pl/raporty/raport-koronawirus-chiny/aktualnosci/news-wloski-pulkownik-rosyjski-kontyngent-pomocowy-podczas-pandem,nId,6566569", "title": "W\u0142oski pu\u0142kownik: Rosyjski kontyngent pomocowy podczas pandemii mia\u0142 tajn\u0105 misj\u0119", "date_published": "2023-01-30 16:01:44+00:00", "description": "<p><a href=\"https://wydarzenia.interia.pl/raporty/raport-koronawirus-chiny/aktualnosci/news-wloski-pulkownik-rosyjski-kontyngent-pomocowy-podczas-pandem,nId,6566569\"><img align=\"left\" alt=\"W\u0142oski pu\u0142kownik: Rosyjski kontyngent pomocowy podczas pandemii mia\u0142 tajn\u0105 misj\u0119\" src=\"https://i.iplsc.com/wloski-pulkownik-rosyjski-kontyngent-pomocowy-podczas-pandem/000GOSQC2G1U7EDR-C321.jpg\" /></a>Mieli nie\u015b\u0107 pomoc w miastach w Lombardii, zmagaj\u0105cej si\u0119 z ostr\u0105 fal\u0105 zachorowa\u0144 i zgon\u00f3w na COVID- 19. Pojawia si\u0119 jednak coraz wi\u0119cej w\u0105tpliwo\u015bci, co do prawdziwego celu obecno\u015bci Rosjan we W\u0142oszech w marcu 2020 r. w ramach operacji &quot;Z Rosji z mi\u0142o\u015bci\u0105&quot;. - W 104-osobowym rosyjskim kontyngencie przyby\u0142ym na p\u00f3\u0142noc W\u0142och na pocz\u0105tku pandemii, by pom\u00f3c w Bergamo i Brescii, by\u0142o tylko dw\u00f3ch lekarzy i pi\u0119ciu piel\u0119gniarzy; pozostali to \u017co\u0142nierze - ujawnia w\u0142oski pu\u0142kownik rezerwy Orio Giorgio Stirpe podczas sympozjum zorganizowanego w Rzymie.</p><br clear=\"all\" />", "persistent": false, "language": "pl-PL", "user": null}, {"source": "https://wydarzenia.interia.pl/feed", "link": "https://wydarzenia.interia.pl/mazowieckie/news-warszawa-zabojstwo-na-nowym-swiecie-pierwszy-podejrzany-w-re,nId,6566556", "title": "Warszawa: Zab\u00f3jstwo na Nowym \u015awiecie. Pierwszy podejrzany w r\u0119kach policji", "date_published": "2023-01-30 15:37:30+00:00", "description": "<p><a href=\"https://wydarzenia.interia.pl/mazowieckie/news-warszawa-zabojstwo-na-nowym-swiecie-pierwszy-podejrzany-w-re,nId,6566556\"><img align=\"left\" alt=\"Warszawa: Zab\u00f3jstwo na Nowym \u015awiecie. Pierwszy podejrzany w r\u0119kach policji\" src=\"https://i.iplsc.com/warszawa-zabojstwo-na-nowym-swiecie-pierwszy-podejrzany-w-re/000GOSOHMDYS1T2S-C321.jpg\" /></a>Policjanci zatrzymali \u0141ukasza G., pierwszego z podejrzanych o zab\u00f3jstwo z maja 2022 r. na Nowym \u015awiecie w Warszawie - poda\u0142a sto\u0142eczna policja. </p><br clear=\"all\" />", "persistent": false, "language": "pl-PL", "user": null}, {"source": "https://wydarzenia.interia.pl/feed", "link": "https://wydarzenia.interia.pl/raporty/raport-ukraina-rosja/aktualnosci/news-rosja-beda-nagrody-za-zdobycie-leopardow-i-abramsow,nId,6566532", "title": "Rosja: B\u0119d\u0105 nagrody za zdobycie Leopard\u00f3w i Abrams\u00f3w", "date_published": "2023-01-30 15:27:45+00:00", "description": "<p><a href=\"https://wydarzenia.interia.pl/raporty/raport-ukraina-rosja/aktualnosci/news-rosja-beda-nagrody-za-zdobycie-leopardow-i-abramsow,nId,6566532\"><img align=\"left\" alt=\"Rosja: B\u0119d\u0105 nagrody za zdobycie Leopard\u00f3w i Abrams\u00f3w\" src=\"https://i.iplsc.com/rosja-beda-nagrody-za-zdobycie-leopardow-i-abramsow/000GOSLEGYFA740M-C321.jpg\" /></a>Decyzja pa\u0144stw zachodnich o przekazaniu Ukrainie czo\u0142g\u00f3w odbi\u0142a si\u0119 szerokim echem w Rosji. To wydarzenie na tyle istotne, \u017ce w\u0142adze Kraju Zabajkalskiego zdecydowa\u0142y si\u0119 nagradza\u0107 finansowo \u017co\u0142nierzy za przej\u0119cie lub zniszczenie nowoczesnych, europejskich i ameryka\u0144skich maszyn. Za zdobycie Leoparda \u017co\u0142nierz mo\u017ce liczy\u0107 na trzy miliony rubli.</p><br clear=\"all\" />", "persistent": false, "language": "pl-PL", "user": null}, {"source": "https://wydarzenia.interia.pl/feed", "link": "https://wydarzenia.interia.pl/zachodniopomorskie/news-michalek-zmarl-przez-trutke-na-szczury-zapadl-wyrok-w-glosne,nId,6566531", "title": "Micha\u0142ek zmar\u0142 przez trutk\u0119 na szczury. Zapad\u0142 wyrok w g\u0142o\u015bnej sprawie", "date_published": "2023-01-30 15:08:19+00:00", "description": "<p><a href=\"https://wydarzenia.interia.pl/zachodniopomorskie/news-michalek-zmarl-przez-trutke-na-szczury-zapadl-wyrok-w-glosne,nId,6566531\"><img align=\"left\" alt=\"Micha\u0142ek zmar\u0142 przez trutk\u0119 na szczury. Zapad\u0142 wyrok w g\u0142o\u015bnej sprawie\" src=\"https://i.iplsc.com/michalek-zmarl-przez-trutke-na-szczury-zapadl-wyrok-w-glosne/000GOSN94I8K8ECK-C321.jpg\" /></a>Dwa lata wi\u0119zienia - na tyle skaza\u0142 Henryka C. szczeci\u0144ski S\u0105d Okr\u0119gowy. Chodzi o spowodowanie \u015bmiertelnego zatrucia dziecka przez roz\u0142o\u017cenie w budynku trutki na szczury. W wyniku zatrucia fosforowodorem zmar\u0142 14-miesi\u0119czny Micha\u0142. Wyrok nie jest prawomocny.</p><br clear=\"all\" />", "persistent": false, "language": "pl-PL", "user": null}, {"source": "https://wydarzenia.interia.pl/feed", "link": "https://wydarzenia.interia.pl/zagranica/news-poszukiwaniami-zyly-cale-chiny-zwloki-trzy-miesiace-nerwow-i,nId,6566476", "title": "Poszukiwaniami \u017cy\u0142y ca\u0142e Chiny. Zw\u0142oki, trzy miesi\u0105ce nerw\u00f3w i pytania", "date_published": "2023-01-30 14:40:14+00:00", "description": "<p><a href=\"https://wydarzenia.interia.pl/zagranica/news-poszukiwaniami-zyly-cale-chiny-zwloki-trzy-miesiace-nerwow-i,nId,6566476\"><img align=\"left\" alt=\"Poszukiwaniami \u017cy\u0142y ca\u0142e Chiny. Zw\u0142oki, trzy miesi\u0105ce nerw\u00f3w i pytania\" src=\"https://i.iplsc.com/poszukiwaniami-zyly-cale-chiny-zwloki-trzy-miesiace-nerwow-i/000GORQY4MS7MK0A-C321.jpg\" /></a>15-letni Hu Xinyu wyszed\u0142 z akademika i s\u0142uch po nim zagin\u0105\u0142. Przez trzy miesi\u0105ce Chiny \u017cy\u0142y poszukiwaniami nastolatka. Prze\u0142om nast\u0105pi\u0142 po 100 dniach. Cia\u0142o Xu le\u017ca\u0142o w lesie - niedaleko jego szko\u0142y. Jak informuj\u0105 zagraniczne media, odnalezienie zw\u0142ok nastolatka budzi jednak wi\u0119cej pyta\u0144, ni\u017c daje odpowiedzi.</p><br clear=\"all\" />", "persistent": false, "language": "pl-PL", "user": null}, {"source": "https://wydarzenia.interia.pl/feed", "link": "https://wydarzenia.interia.pl/zagranica/news-chiny-wladze-zmieniaja-polityke-rodzinna-chodzi-o-zwiekszeni,nId,6566441", "title": "Chiny: W\u0142adze zmieniaj\u0105 polityk\u0119 rodzinn\u0105. Chodzi o zwi\u0119kszenie dzietno\u015bci", "date_published": "2023-01-30 14:34:55+00:00", "description": "<p><a href=\"https://wydarzenia.interia.pl/zagranica/news-chiny-wladze-zmieniaja-polityke-rodzinna-chodzi-o-zwiekszeni,nId,6566441\"><img align=\"left\" alt=\"Chiny: W\u0142adze zmieniaj\u0105 polityk\u0119 rodzinn\u0105. Chodzi o zwi\u0119kszenie dzietno\u015bci\" src=\"https://i.iplsc.com/chiny-wladze-zmieniaja-polityke-rodzinna-chodzi-o-zwiekszeni/000GORI3CT6CACT7-C321.jpg\" /></a>W\u0142adze prowincji Syczuan na po\u0142udniowym zachodzie Chin zezwol\u0105 osobom stanu wolnego na rejestracj\u0119 dzieci i korzystanie ze \u015bwiadcze\u0144 zarezerwowanych dot\u0105d dla ma\u0142\u017ce\u0144stw. Ma to zach\u0119ci\u0107 mieszka\u0144c\u00f3w do posiadania dzieci, r\u00f3wnie\u017c w zwi\u0105zkach pozama\u0142\u017ce\u0144skich.</p><br clear=\"all\" />", "persistent": false, "language": "pl-PL", "user": null}, {"source": "https://wydarzenia.interia.pl/feed", "link": "https://wydarzenia.interia.pl/kraj/news-31-final-wosp-jerzy-owsiak-podal-ile-udalo-sie-zebrac,nId,6566488", "title": "31. Fina\u0142 WO\u015aP. Jerzy Owsiak poda\u0142, ile uda\u0142o si\u0119 zebra\u0107", "date_published": "2023-01-30 14:17:45+00:00", "description": "<p><a href=\"https://wydarzenia.interia.pl/kraj/news-31-final-wosp-jerzy-owsiak-podal-ile-udalo-sie-zebrac,nId,6566488\"><img align=\"left\" alt=\"31. Fina\u0142 WO\u015aP. Jerzy Owsiak poda\u0142, ile uda\u0142o si\u0119 zebra\u0107\" src=\"https://i.iplsc.com/31-final-wosp-jerzy-owsiak-podal-ile-udalo-sie-zebrac/000GORNNUHW3N2CJ-C321.jpg\" /></a>Jerzy Owsiak wst\u0119pnie podsumowa\u0142 31. Fina\u0142 Wielkiej Orkiestry \u015awi\u0105tecznej Pomocy. Uda\u0142o si\u0119 zebra\u0107 ponad 154 miliony z\u0142otych. W tegorocznej edycji 120 tysi\u0119cy wolontariuszy zbiera\u0142o pieni\u0105dze, dzi\u0119ki kt\u00f3rym b\u0119dzie mo\u017cna skuteczniej walczy\u0107 z seps\u0105.</p><br clear=\"all\" />", "persistent": false, "language": "pl-PL", "user": null}, {"source": "https://wydarzenia.interia.pl/feed", "link": "https://wydarzenia.interia.pl/kraj/news-cbos-andrzej-duda-rafal-trzaskowski-i-mateusz-morawiecki-lid,nId,6566440", "title": "CBOS: Andrzej Duda, Rafa\u0142 Trzaskowski i Mateusz Morawiecki liderami rankingu zaufania w styczniu", "date_published": "2023-01-30 14:11:11+00:00", "description": "<p><a href=\"https://wydarzenia.interia.pl/kraj/news-cbos-andrzej-duda-rafal-trzaskowski-i-mateusz-morawiecki-lid,nId,6566440\"><img align=\"left\" alt=\"CBOS: Andrzej Duda, Rafa\u0142 Trzaskowski i Mateusz Morawiecki liderami rankingu zaufania w styczniu \" src=\"https://i.iplsc.com/cbos-andrzej-duda-rafal-trzaskowski-i-mateusz-morawiecki-lid/000GORF16GRH335J-C321.jpg\" /></a>CBOS opublikowa\u0142 nowy ranking, z kt\u00f3rego wynika, \u017ce w styczniu najwi\u0119kszym zaufaniem spo\u015br\u00f3d polityk\u00f3w cieszyli si\u0119 prezydent Andrzej Duda, prezydent Warszawy Rafa\u0142 Trzaskowski i premier Mateusz Morawiecki. Z kolei z najwi\u0119ksz\u0105 nieufno\u015bci\u0105 spotykali si\u0119 prezes PiS Jaros\u0142aw Kaczy\u0144ski, minister sprawiedliwo\u015bci Zbigniew Ziobro oraz szef PO Donald Tusk. </p><br clear=\"all\" />", "persistent": false, "language": "pl-PL", "user": null}, {"source": "https://wydarzenia.interia.pl/feed", "link": "https://wydarzenia.interia.pl/raporty/raport-ukraina-rosja/aktualnosci/news-ukraincy-bronia-kluczowego-bastionu-w-wuhledarze-inaczej-niz,nId,6566417", "title": "Ukrai\u0144cy broni\u0105 \"kluczowego bastionu\". W Wuh\u0142edarze inaczej ni\u017c pod Bachmutem", "date_published": "2023-01-30 13:40:29+00:00", "description": "<p><a href=\"https://wydarzenia.interia.pl/raporty/raport-ukraina-rosja/aktualnosci/news-ukraincy-bronia-kluczowego-bastionu-w-wuhledarze-inaczej-niz,nId,6566417\"><img align=\"left\" alt=\"Ukrai\u0144cy broni\u0105 &quot;kluczowego bastionu&quot;. W Wuh\u0142edarze inaczej ni\u017c pod Bachmutem\" src=\"https://i.iplsc.com/ukraincy-bronia-kluczowego-bastionu-w-wuhledarze-inaczej-niz/000GORE147NOG8SB-C321.jpg\" /></a>Po\u0142o\u017cone na po\u0142udniu obwodu donieckiego miasteczko Wuh\u0142edar to obecnie kluczowy bastion naszej obrony w Donbasie. Utrata kontroli nad t\u0105 miejscowo\u015bci\u0105 zmusi\u0142aby nas do przeorganizowania ca\u0142ej linii frontu - powiadomi\u0142 rzecznik ukrai\u0144skiej 68. samodzielnej brygady strzelc\u00f3w Jewhen Nazarenko.</p><br clear=\"all\" />", "persistent": false, "language": "pl-PL", "user": null}, {"source": "https://wydarzenia.interia.pl/feed", "link": "https://wydarzenia.interia.pl/zagranica/news-ukradl-radiowoz-policjanci-wyciagneli-go-z-auta-w-ostatniej-,nId,6566269", "title": "Ukrad\u0142 radiow\u00f3z. Policjanci wyci\u0105gn\u0119li go z auta w ostatniej chwili", "date_published": "2023-01-30 13:36:12+00:00", "description": "<p><a href=\"https://wydarzenia.interia.pl/zagranica/news-ukradl-radiowoz-policjanci-wyciagneli-go-z-auta-w-ostatniej-,nId,6566269\"><img align=\"left\" alt=\"Ukrad\u0142 radiow\u00f3z. Policjanci wyci\u0105gn\u0119li go z auta w ostatniej chwili\" src=\"https://i.iplsc.com/ukradl-radiowoz-policjanci-wyciagneli-go-z-auta-w-ostatniej/000GOQSR1G9Y07W0-C321.jpg\" /></a>Na ulicach Atlanty w USA mia\u0142 miejsce po\u015bcig policji za m\u0119\u017cczyzn\u0105. Podejrzany skorzysta\u0142 z niefrasobliwo\u015bci jednego z funkcjonariuszy i... ukrad\u0142 jego radiow\u00f3z. M\u0119\u017cczyzna rozbi\u0142 auto, po czym utkn\u0105\u0142 we wraku na torach kolejowych. Funkcjonariusze wyci\u0105gn\u0119li go z samochodu w ostatniej chwili. Zaraz po tym nadjecha\u0142 poci\u0105g towarowy. </p><br clear=\"all\" />", "persistent": false, "language": "pl-PL", "user": null}, {"source": "https://wydarzenia.interia.pl/feed", "link": "https://wydarzenia.interia.pl/kraj/news-14-latce-odmowiono-aborcji-interweniuje-rpo-niedzielski-kome,nId,6566428", "title": "14-latce odm\u00f3wiono aborcji. Interweniuje RPO, Niedzielski komentuje", "date_published": "2023-01-30 13:24:26+00:00", "description": "<p><a href=\"https://wydarzenia.interia.pl/kraj/news-14-latce-odmowiono-aborcji-interweniuje-rpo-niedzielski-kome,nId,6566428\"><img align=\"left\" alt=\"14-latce odm\u00f3wiono aborcji. Interweniuje RPO, Niedzielski komentuje\" src=\"https://i.iplsc.com/14-latce-odmowiono-aborcji-interweniuje-rpo-niedzielski-kome/000GORDLEG49WSB8-C321.jpg\" /></a>- Takie zachowanie jest nieakceptowalne - oceni\u0142 Adam Niedzielski, pytany o spraw\u0119 zgwa\u0142conej 14-latki, kt\u00f3rej lekarze odm\u00f3wili aborcji, powo\u0142uj\u0105c si\u0119 na klauzul\u0119 sumienia. Jednocze\u015bnie interweniuje Rzecznik Praw Obywatelskich. Marcin Wi\u0105cek skierowa\u0142 do Ministerstwa Zdrowia i Narodowego Funduszu Zdrowia pismo, w kt\u00f3rym wskazuje na problemy zwi\u0105zane z wykorzystaniem klauzuli sumienia.</p><br clear=\"all\" />", "persistent": false, "language": "pl-PL", "user": null}, {"source": "https://wydarzenia.interia.pl/feed", "link": "https://wydarzenia.interia.pl/raporty/raport-ukraina-rosja/aktualnosci/news-solowiej-putin-chce-zaatakowac-ukraine-na-kilku-frontach-jed,nId,6566386", "title": "So\u0142owiej: Putin chce zaatakowa\u0107 Ukrain\u0119 na kilku frontach jednocze\u015bnie. Rosyjscy dow\u00f3dcy przera\u017ceni", "date_published": "2023-01-30 13:04:33+00:00", "description": "<p><a href=\"https://wydarzenia.interia.pl/raporty/raport-ukraina-rosja/aktualnosci/news-solowiej-putin-chce-zaatakowac-ukraine-na-kilku-frontach-jed,nId,6566386\"><img align=\"left\" alt=\"So\u0142owiej: Putin chce zaatakowa\u0107 Ukrain\u0119 na kilku frontach jednocze\u015bnie. Rosyjscy dow\u00f3dcy przera\u017ceni\" src=\"https://i.iplsc.com/solowiej-putin-chce-zaatakowac-ukraine-na-kilku-frontach-jed/000GOR6MANE4B8AP-C321.jpg\" /></a>Znany z krytyki Kremla politolog twierdzi, \u017ce W\u0142adimir Putin chce, aby rosyjskie wojsko uderzy\u0142o na Ukrain\u0119 w kilku kierunkach naraz. Plany ofensywy przyw\u00f3dca Rosji mia\u0142 ujawni\u0107 na spotkaniu z najwy\u017cszymi dow\u00f3dcami armii. - Oni s\u0105 przera\u017ceni. Boj\u0105 si\u0119 straci\u0107 pozosta\u0142e si\u0142y zbrojne w rzezi, w kt\u00f3r\u0105 wci\u0105ga ich rozkaz - skomentowa\u0142 So\u0142owiej. </p><br clear=\"all\" />", "persistent": false, "language": "pl-PL", "user": null}, {"source": "https://wydarzenia.interia.pl/feed", "link": "https://wydarzenia.interia.pl/kraj/news-unia-chce-zakazac-piecow-gazowych-to-nieunikniony-kierunek,nId,6566303", "title": "Unia chce zakaza\u0107 piec\u00f3w gazowych. \"To nieunikniony kierunek\"", "date_published": "2023-01-30 13:02:00+00:00", "description": "<p><a href=\"https://wydarzenia.interia.pl/kraj/news-unia-chce-zakazac-piecow-gazowych-to-nieunikniony-kierunek,nId,6566303\"><img align=\"left\" alt=\"Unia chce zakaza\u0107 piec\u00f3w gazowych. &quot;To nieunikniony kierunek&quot;\" src=\"https://i.iplsc.com/unia-chce-zakazac-piecow-gazowych-to-nieunikniony-kierunek/000GOQWTKQ4CCOHB-C321.jpg\" /></a>Komisja Europejska chce zakaza\u0107 instalowania piec\u00f3w gazowych. Padaj\u0105 dwa kluczowe terminy: 2027 r. i 2030 r. Tymczasem w polskich domach trwa wymiana piec\u00f3w w\u0119glowych na kot\u0142y gazowe. - Sprawa jest do\u015b\u0107 oczywista. Gaz jest paliwem kopalnym i te\u017c jest emisyjny, cho\u0107 nieco mniej ni\u017c w\u0119giel. Celem polityki klimatycznej UE jest odej\u015bcie od wszystkich paliw kopalnych. Nie uciekniemy od kolejnych decyzji s\u0142u\u017c\u0105cych ograniczaniu zu\u017cycia tak\u017ce gazu - m\u00f3wi Interii Urszula Stefanowicz z Koalicji Klimatycznej. </p><br clear=\"all\" />", "persistent": false, "language": "pl-PL", "user": null}, {"source": "https://wydarzenia.interia.pl/feed", "link": "https://wydarzenia.interia.pl/raporty/raport-ukraina-rosja/aktualnosci/news-rosjanie-zdekonspirowani-pod-bielgorodem-trzymaja-tam-niebez,nId,6566390", "title": "Rosjanie zdekonspirowani pod Bie\u0142gorodem. Trzymaj\u0105 tam niebezpieczn\u0105 bro\u0144", "date_published": "2023-01-30 12:50:48+00:00", "description": "<p><a href=\"https://wydarzenia.interia.pl/raporty/raport-ukraina-rosja/aktualnosci/news-rosjanie-zdekonspirowani-pod-bielgorodem-trzymaja-tam-niebez,nId,6566390\"><img align=\"left\" alt=\"Rosjanie zdekonspirowani pod Bie\u0142gorodem. Trzymaj\u0105 tam niebezpieczn\u0105 bro\u0144\" src=\"https://i.iplsc.com/rosjanie-zdekonspirowani-pod-bielgorodem-trzymaja-tam-niebez/000GOR5WG5DF1VD5-C321.jpg\" /></a>Do sieci trafi\u0142y kolejne zdj\u0119cia tzw. bia\u0142ego wywiadu. Jak si\u0119 okazuje, pod Bie\u0142gorodem Rosjanie maj\u0105 kilka pozycji, po kt\u00f3rych przemieszczaj\u0105 si\u0119 baterie rakiet S-300. To bro\u0144 wykorzystywana zar\u00f3wno przez Rosj\u0119, jak i przez Ukrain\u0119. </p><br clear=\"all\" />", "persistent": false, "language": "pl-PL", "user": null}, {"source": "https://wydarzenia.interia.pl/feed", "link": "https://wydarzenia.interia.pl/opolskie/news-opolskie-produkowali-narkotyki-wpadli-na-goracym-uczynku,nId,6566385", "title": "Opolskie: Produkowali narkotyki. Wpadli na gor\u0105cym uczynku", "date_published": "2023-01-30 12:50:00+00:00", "description": "<p><a href=\"https://wydarzenia.interia.pl/opolskie/news-opolskie-produkowali-narkotyki-wpadli-na-goracym-uczynku,nId,6566385\"><img align=\"left\" alt=\"Opolskie: Produkowali narkotyki. Wpadli na gor\u0105cym uczynku\" src=\"https://i.iplsc.com/opolskie-produkowali-narkotyki-wpadli-na-goracym-uczynku/000GOR632SSLL9HP-C321.jpg\" /></a>Dziupla do wytwarzania narkotyk\u00f3w, przypominaj\u0105ca t\u0119 z serialu &quot;Breaking Bad&quot;, a w niej trzech m\u0119\u017cczyzn - taki widok zastali policjanci z Centralnego Biura \u015aledczego Policji, kt\u00f3rzy wcze\u015bniej wytypowali jedno z gospodarstw w woj. opolskim, jako miejsce, gdzie mog\u0105 powstawa\u0107 syntetyczne substancje odurzaj\u0105ce. W\u015br\u00f3d zatrzymanych jest &quot;chemik&quot;, kt\u00f3ry zajmowa\u0142 si\u0119 produkcj\u0105 nielegalnego &quot;klefedronu&quot;. Zatrzymanym grozi do 15 lat wi\u0119zienia.</p><br clear=\"all\" />", "persistent": false, "language": "pl-PL", "user": null}, {"source": "https://wydarzenia.interia.pl/feed", "link": "https://wydarzenia.interia.pl/kraj/news-alarmujace-dane-o-probach-samobojczych-dzieci-i-mlodziezy-pa,nId,6566246", "title": "Alarmuj\u0105ce dane o pr\u00f3bach samob\u00f3jczych dzieci i m\u0142odzie\u017cy. Pad\u0142 kolejny rekord", "date_published": "2023-01-30 12:47:18+00:00", "description": "<p><a href=\"https://wydarzenia.interia.pl/kraj/news-alarmujace-dane-o-probach-samobojczych-dzieci-i-mlodziezy-pa,nId,6566246\"><img align=\"left\" alt=\"Alarmuj\u0105ce dane o pr\u00f3bach samob\u00f3jczych dzieci i m\u0142odzie\u017cy. Pad\u0142 kolejny rekord\" src=\"https://i.iplsc.com/alarmujace-dane-o-probach-samobojczych-dzieci-i-mlodziezy-pa/000GOQEXORQIAUI1-C321.jpg\" /></a>Gwa\u0142townie ro\u015bnie liczba pr\u00f3b samob\u00f3jczych dzieci i m\u0142odzie\u017cy. W ubieg\u0142ym roku by\u0142o ich 2031 - ponad dwa razy wi\u0119cej ni\u017c w 2020 roku. To dane zebrane przez Fundacj\u0119 GrowSpace w komendach wojew\u00f3dzkich policji. - Statystyki s\u0105 zatrwa\u017caj\u0105ce. Zbieramy \u017cniwo wielu lat zaniedba\u0144 w psychoedukacji - komentuje Interii psycholo\u017cka Paulina Filipowicz. - Jako obywatele i obywatelki mamy prawo domaga\u0107 si\u0119 natychmiastowych dzia\u0142a\u0144 resort\u00f3w edukacji i zdrowia - dodaje aktywista Dominik Kuc. </p><br clear=\"all\" />", "persistent": false, "language": "pl-PL", "user": null}, {"source": "https://wydarzenia.interia.pl/feed", "link": "https://wydarzenia.interia.pl/wielkopolskie/news-tarnowo-podgorne-znaleziono-osiem-martwych-wezy-policja-szuk,nId,6566349", "title": "Tarnowo Podg\u00f3rne: Znaleziono osiem martwych w\u0119\u017cy. Policja szuka sprawc\u00f3w", "date_published": "2023-01-30 12:27:30+00:00", "description": "<p><a href=\"https://wydarzenia.interia.pl/wielkopolskie/news-tarnowo-podgorne-znaleziono-osiem-martwych-wezy-policja-szuk,nId,6566349\"><img align=\"left\" alt=\"Tarnowo Podg\u00f3rne: Znaleziono osiem martwych w\u0119\u017cy. Policja szuka sprawc\u00f3w\" src=\"https://i.iplsc.com/tarnowo-podgorne-znaleziono-osiem-martwych-wezy-policja-szuk/000GOR2SUP23A9D4-C321.jpg\" /></a>Osiem martwych w\u0119\u017cy znalaz\u0142 jeden ze spacerowicz\u00f3w na le\u015bnej drodze w Tarnowie Podg\u00f3rnym. Z opinii eksperta wynika, \u017ce gady musia\u0142y zosta\u0107 uduszone, dlatego spraw\u0105 zaj\u0119\u0142a si\u0119 policja, kt\u00f3ra poszukuje w\u0142a\u015bciciela zwierz\u0105t, ich hodowcy lub jakichkolwiek os\u00f3b, kt\u00f3re maj\u0105 informacje w sprawie.</p><br clear=\"all\" />", "persistent": false, "language": "pl-PL", "user": null}, {"source": "https://wydarzenia.interia.pl/feed", "link": "https://wydarzenia.interia.pl/raporty/raport-ukraina-rosja/aktualnosci/news-simionian-o-wojnie-kiedys-mielismy-dylemat-dzis-juz-nie-mamy,nId,6566287", "title": "Simionian o wojnie: Kiedy\u015b mieli\u015bmy dylemat, dzi\u015b ju\u017c nie mamy w\u0105tpliwo\u015bci", "date_published": "2023-01-30 12:10:00+00:00", "description": "<p><a href=\"https://wydarzenia.interia.pl/raporty/raport-ukraina-rosja/aktualnosci/news-simionian-o-wojnie-kiedys-mielismy-dylemat-dzis-juz-nie-mamy,nId,6566287\"><img align=\"left\" alt=\"Simionian o wojnie: Kiedy\u015b mieli\u015bmy dylemat, dzi\u015b ju\u017c nie mamy w\u0105tpliwo\u015bci\" src=\"https://i.iplsc.com/simionian-o-wojnie-kiedys-mielismy-dylemat-dzis-juz-nie-mamy/000FMVE6MTCACXLA-C321.jpg\" /></a>Na pocz\u0105tku &quot;specjalnej operacji&quot; mieli\u015bmy kompleks, \u017ce walczymy z bratnimi Ukrai\u0144cami, ale dzi\u015b Zach\u00f3d rozwia\u0142 nasze w\u0105tpliwo\u015bci - stwierdzi\u0142a Margarita Simonian - jedna z g\u0142\u00f3wnych proputinowskich propagandystek medialnych. Jak stwierdzi\u0142a, kiedy\u015b najwi\u0119kszym dylematem moralnym Rosjan by\u0142a &quot;wojna z bratnim narodem&quot;, lecz teraz, po wielu miesi\u0105cach inwazji, ta &quot;gorycz&quot; ju\u017c wi\u0119cej nie ma miejsca.</p><br clear=\"all\" />", "persistent": false, "language": "pl-PL", "user": null}, {"source": "https://wydarzenia.interia.pl/feed", "link": "https://wydarzenia.interia.pl/zagranica/news-usa-pozar-tesli-na-autostradzie-strazacy-uzyli-ponad-22-tys-,nId,6566288", "title": "USA: Po\u017car tesli na autostradzie. Stra\u017cacy u\u017cyli ponad 22 tys. litr\u00f3w wody", "date_published": "2023-01-30 12:01:00+00:00", "description": "<p><a href=\"https://wydarzenia.interia.pl/zagranica/news-usa-pozar-tesli-na-autostradzie-strazacy-uzyli-ponad-22-tys-,nId,6566288\"><img align=\"left\" alt=\"USA: Po\u017car tesli na autostradzie. Stra\u017cacy u\u017cyli ponad 22 tys. litr\u00f3w wody\" src=\"https://i.iplsc.com/usa-pozar-tesli-na-autostradzie-strazacy-uzyli-ponad-22-tys/000GOQQWEYOIKAON-C321.jpg\" /></a>Ponad 22 tys. litr\u00f3w wody wykorzystali stra\u017cacy z Sacramento w ameryka\u0144skim stanie Kalifornia, kt\u00f3rzy walczyli z po\u017carem tesli model S. Auto zapali\u0142o si\u0119 podczas jazdy autostrad\u0105. Na szcz\u0119\u015bcie nikt nie zosta\u0142 ranny. </p><br clear=\"all\" />", "persistent": false, "language": "pl-PL", "user": null}, {"source": "https://wydarzenia.interia.pl/feed", "link": "https://wydarzenia.interia.pl/zagranica/news-lecieli-samolotem-13-godzin-wyladowali-w-tym-samym-miejscu,nId,6566313", "title": "Lecieli samolotem 13 godzin. Wyl\u0105dowali... w tym samym miejscu", "date_published": "2023-01-30 11:44:16+00:00", "description": "<p><a href=\"https://wydarzenia.interia.pl/zagranica/news-lecieli-samolotem-13-godzin-wyladowali-w-tym-samym-miejscu,nId,6566313\"><img align=\"left\" alt=\"Lecieli samolotem 13 godzin. Wyl\u0105dowali... w tym samym miejscu\" src=\"https://i.iplsc.com/lecieli-samolotem-13-godzin-wyladowali-w-tym-samym-miejscu/000GOQXKXBS3YNCT-C321.jpg\" /></a>Pasa\u017cerowie lotu z Dubaju do Auckland w Nowej Zelandii prze\u017cyli spore rozczarowanie, l\u0105duj\u0105c z powrotem w stolicy Zjednoczonych Emirat\u00f3w Arabskich. Lot zosta\u0142 zawr\u00f3cony w po\u0142owie drogi z powodu trudnych warunk\u00f3w atmosferycznych w Auckland. </p><br clear=\"all\" />", "persistent": false, "language": "pl-PL", "user": null}, {"source": "https://wydarzenia.interia.pl/feed", "link": "https://wydarzenia.interia.pl/wiadomosci-lokalne/news-katowice-list-pozegnalny-od-ofiar-wybuchu-tabletki-nasenne-p,nId,6566300", "title": "Katowice: List po\u017cegnalny od ofiar wybuchu. \"Tabletki nasenne pozwol\u0105 nam odej\u015b\u0107\"", "date_published": "2023-01-30 11:29:23+00:00", "description": "<p><a href=\"https://wydarzenia.interia.pl/wiadomosci-lokalne/news-katowice-list-pozegnalny-od-ofiar-wybuchu-tabletki-nasenne-p,nId,6566300\"><img align=\"left\" alt=\"Katowice: List po\u017cegnalny od ofiar wybuchu. &quot;Tabletki nasenne pozwol\u0105 nam odej\u015b\u0107&quot;\" src=\"https://i.iplsc.com/katowice-list-pozegnalny-od-ofiar-wybuchu-tabletki-nasenne-p/000GOQXXUP25LISG-C321.jpg\" /></a>Trzy dni po eksplozji na plebanii w Katowicach do redakcji &quot;Interwencji&quot; telewizji Polsat wp\u0142yn\u0105\u0142 list, w kt\u00f3rym wyja\u015bniono okoliczno\u015bci zdarzenia. &quot;Nie pozosta\u0142o nam nic innego jak rozszerzone samob\u00f3jstwo, a tabletki nasenne pozwol\u0105 nam odej\u015b\u0107 skutecznie i po cichu&quot; - napisano w li\u015bcie. Pismo podpisa\u0142y trzy ofiary wybuchu, kt\u00f3re zajmowa\u0142y mieszkanie na terenie plebanii ko\u015bcio\u0142a ewangelicko-augsburskiego: dwie kobiety, kt\u00f3re zgin\u0119\u0142y i m\u0119\u017cczyzna, kt\u00f3ry trafi\u0142 do szpitala.</p><br clear=\"all\" />", "persistent": false, "language": "pl-PL", "user": null}, {"source": "https://wydarzenia.interia.pl/feed", "link": "https://wydarzenia.interia.pl/wiadomosci-lokalne/news-katowice-list-pozegnalny-od-ofiar-wybuchu-otrzymala-go-inter,nId,6566300", "title": "Katowice: List po\u017cegnalny od ofiar wybuchu. Otrzyma\u0142a go \"Interwencja\"", "date_published": "2023-01-30 11:29:23+00:00", "description": "<p><a href=\"https://wydarzenia.interia.pl/wiadomosci-lokalne/news-katowice-list-pozegnalny-od-ofiar-wybuchu-otrzymala-go-inter,nId,6566300\"><img align=\"left\" alt=\"Katowice: List po\u017cegnalny od ofiar wybuchu. Otrzyma\u0142a go &quot;Interwencja&quot;\" src=\"https://i.iplsc.com/katowice-list-pozegnalny-od-ofiar-wybuchu-otrzymala-go-inter/000GOQXXUP25LISG-C321.jpg\" /></a>Trzy dni po eksplozji na plebanii w Katowicach do redakcji &quot;Interwencji&quot; telewizji Polsat wp\u0142yn\u0105\u0142 list, w kt\u00f3rym wyja\u015bniono okoliczno\u015bci zdarzenia. Jak przekazano, by\u0142o to rozszerzone samob\u00f3jstwo. &quot;Nie pozosta\u0142o nam nic innego jak rozszerzone samob\u00f3jstwo, a tabletki nasenne pozwol\u0105 nam odej\u015b\u0107 skutecznie i po cichu&quot; - napisano w li\u015bcie. Pismo podpisa\u0142y trzy ofiary wybuchu, kt\u00f3re zajmowa\u0142y mieszkanie na terenie plebanii: dwie kobiety, kt\u00f3re zgin\u0119\u0142y i m\u0119\u017cczyzna, kt\u00f3ry trafi\u0142 do szpitala.</p><br clear=\"all\" />", "persistent": false, "language": "pl-PL", "user": null}, {"source": "https://wydarzenia.interia.pl/feed", "link": "https://wydarzenia.interia.pl/kraj/news-ksiadz-z-bydgoszczy-porownuje-wosp-do-hitlerowskich-niemiec-,nId,6566283", "title": "Ksi\u0105dz z Bydgoszczy por\u00f3wnuje WO\u015aP do hitlerowskich Niemiec. Wymowne zdj\u0119cie", "date_published": "2023-01-30 11:08:56+00:00", "description": "<p><a href=\"https://wydarzenia.interia.pl/kraj/news-ksiadz-z-bydgoszczy-porownuje-wosp-do-hitlerowskich-niemiec-,nId,6566283\"><img align=\"left\" alt=\"Ksi\u0105dz z Bydgoszczy por\u00f3wnuje WO\u015aP do hitlerowskich Niemiec. Wymowne zdj\u0119cie\" src=\"https://i.iplsc.com/ksiadz-z-bydgoszczy-porownuje-wosp-do-hitlerowskich-niemiec/000GOQYHJTH2TX8C-C321.jpg\" /></a>W niedziel\u0119 29 stycznia odby\u0142 si\u0119 31. fina\u0142 Wielkiej Orkiestry \u015awi\u0105tecznej Pomocy. Akcja od trzech dekad cieszy si\u0119 du\u017cym poparciem ze strony spo\u0142ecze\u0144stwa, ale mierzy si\u0119 te\u017c z fal\u0105 krytyki. Zbi\u00f3rk\u0119 na WO\u015aP w mediach spo\u0142eczno\u015bciowych skrytykowa\u0142 m.in. znany duchowny z Bydgoszczy - Roman Kneblewski. W sprawie zamieszczonych przez duchownego tre\u015bci zareagowa\u0142 O\u015brodek Monitorowania Zachowa\u0144 Rasistowskich i Ksenofobicznych.</p><br clear=\"all\" />", "persistent": false, "language": "pl-PL", "user": null}, {"source": "https://wydarzenia.interia.pl/feed", "link": "https://wydarzenia.interia.pl/kraj/news-wosp-2023-ile-zebrano-w-tym-roku-i-jakimi-kwotami-konczyly-s,nId,6566093", "title": "WO\u015aP 2023: Ile zebrano w tym roku i jakimi kwotami ko\u0144czy\u0142y si\u0119 wcze\u015bniejsze fina\u0142y?", "date_published": "2023-01-30 11:05:24+00:00", "description": "<p><a href=\"https://wydarzenia.interia.pl/kraj/news-wosp-2023-ile-zebrano-w-tym-roku-i-jakimi-kwotami-konczyly-s,nId,6566093\"><img align=\"left\" alt=\"WO\u015aP 2023: Ile zebrano w tym roku i jakimi kwotami ko\u0144czy\u0142y si\u0119 wcze\u015bniejsze fina\u0142y?\" src=\"https://i.iplsc.com/wosp-2023-ile-zebrano-w-tym-roku-i-jakimi-kwotami-konczyly-s/000GOPG2QLPU431W-C321.jpg\" /></a>31. Fina\u0142 Wielkiej Orkiestry \u015awi\u0105tecznej Pomocy odby\u0142 si\u0119 w niedziel\u0119, jednak zbi\u00f3rka pieni\u0119dzy wci\u0105\u017c trwa. Tegorocznym celem akcji jest walka z seps\u0105 i Polacy najwyra\u017aniej doceniaj\u0105 powag\u0119 sytuacji, poniewa\u017c licznik wp\u0142at p\u0119dzi jak szalony. Ile zebra\u0142a WO\u015aP podczas Fina\u0142u 2023 i przez 30 lat swojego istnienia? Podajemy szczeg\u00f3\u0142owe dane.</p><br clear=\"all\" />", "persistent": false, "language": "pl-PL", "user": null}, {"source": "https://wydarzenia.interia.pl/feed", "link": "https://wydarzenia.interia.pl/kraj/news-byly-prezydent-ukrainy-nie-doceniliscie-kaczynskiego-zabili-,nId,6566262", "title": "By\u0142y prezydent Ukrainy: Nie docenili\u015bcie Kaczy\u0144skiego. Zabili go Rosjanie", "date_published": "2023-01-30 10:55:00+00:00", "description": "<p><a href=\"https://wydarzenia.interia.pl/kraj/news-byly-prezydent-ukrainy-nie-doceniliscie-kaczynskiego-zabili-,nId,6566262\"><img align=\"left\" alt=\"By\u0142y prezydent Ukrainy: Nie docenili\u015bcie Kaczy\u0144skiego. Zabili go Rosjanie\" src=\"https://i.iplsc.com/byly-prezydent-ukrainy-nie-doceniliscie-kaczynskiego-zabili/000GOQIC1VAT9VMH-C321.jpg\" /></a>By\u0142y prezydent Ukrainy Wiktor Juszczenko wyrazi\u0142 przekonanie, \u017ce by\u0142ego prezydenta prof. Lecha Kaczy\u0144skiego zabili Rosjanie. Powiedzia\u0142 o tym w wywiadzie dla ukrai\u0144skiego portalu Gordonua.com, w kt\u00f3rym oceni\u0142, \u017ce Polacy nie docenili by\u0142ego szefa swojego pa\u0144stwa.</p><br clear=\"all\" />", "persistent": false, "language": "pl-PL", "user": null}, {"source": "https://wydarzenia.interia.pl/feed", "link": "https://wydarzenia.interia.pl/dolnoslaskie/news-dolnoslaskie-tragiczny-wypadek-na-lokalnej-drodze-zginela-18,nId,6566235", "title": "Dolno\u015bl\u0105skie: Tragiczny wypadek na lokalnej drodze. Zgin\u0119\u0142a 18-latka", "date_published": "2023-01-30 10:50:00+00:00", "description": "<p><a href=\"https://wydarzenia.interia.pl/dolnoslaskie/news-dolnoslaskie-tragiczny-wypadek-na-lokalnej-drodze-zginela-18,nId,6566235\"><img align=\"left\" alt=\"Dolno\u015bl\u0105skie: Tragiczny wypadek na lokalnej drodze. Zgin\u0119\u0142a 18-latka\" src=\"https://i.iplsc.com/dolnoslaskie-tragiczny-wypadek-na-lokalnej-drodze-zginela-18/000GOQJ3MXVKAOLX-C321.jpg\" /></a>18-letnia pasa\u017cerka zgin\u0119\u0142a w tragicznym wypadku na lokalnej drodze w gminie Kostom\u0142oty (woj. dolno\u015bl\u0105skie), a 28-letni kierowca w ci\u0119\u017ckim stanie zosta\u0142 przetransportowany \u015bmig\u0142owcem do szpitala - potwierdzi\u0142a w rozmowie z Interi\u0105 asp. szt. Marta Stefanowska z KPP w \u015arodzie \u015al\u0105skiej. Samoch\u00f3d, kt\u00f3rym podr\u00f3\u017cowali, z wci\u0105\u017c nieustalonych powod\u00f3w zjecha\u0142 z drogi i uderzy\u0142 w drzewo, po czym stan\u0105\u0142 w p\u0142omieniach.</p><br clear=\"all\" />", "persistent": false, "language": "pl-PL", "user": null}, {"source": "https://wydarzenia.interia.pl/feed", "link": "https://wydarzenia.interia.pl/zagranica/news-zarlacz-bialy-odgryzl-glowe-nurka-tragedia-w-meksyku,nId,6566249", "title": "\u017bar\u0142acz bia\u0142y odgryz\u0142 g\u0142ow\u0119 nurka. Tragedia w Meksyku", "date_published": "2023-01-30 10:40:00+00:00", "description": "<p><a href=\"https://wydarzenia.interia.pl/zagranica/news-zarlacz-bialy-odgryzl-glowe-nurka-tragedia-w-meksyku,nId,6566249\"><img align=\"left\" alt=\"\u017bar\u0142acz bia\u0142y odgryz\u0142 g\u0142ow\u0119 nurka. Tragedia w Meksyku\" src=\"https://i.iplsc.com/zarlacz-bialy-odgryzl-glowe-nurka-tragedia-w-meksyku/000GOQGLKTHW655D-C321.jpg\" /></a>M\u0119\u017cczyzna nurkowa\u0142 w zatoce Tobari (zachodnie wybrze\u017ce Meksyku) w poszukiwaniu owoc\u00f3w morza, gdy zaatakowa\u0142 go rekin. Drapie\u017cnik odgryz\u0142 mu g\u0142ow\u0119. </p><br clear=\"all\" />", "persistent": false, "language": "pl-PL", "user": null}, {"source": "https://wydarzenia.interia.pl/feed", "link": "https://wydarzenia.interia.pl/zagranica/news-czeskie-media-o-podrozy-pavla-do-polski-nadchodzi-nowa-era-w,nId,6566243", "title": "Czeskie media o podr\u00f3\u017cy Pavla do Polski: Nadchodzi nowa era w polityce zagranicznej", "date_published": "2023-01-30 10:38:00+00:00", "description": "<p><a href=\"https://wydarzenia.interia.pl/zagranica/news-czeskie-media-o-podrozy-pavla-do-polski-nadchodzi-nowa-era-w,nId,6566243\"><img align=\"left\" alt=\"Czeskie media o podr\u00f3\u017cy Pavla do Polski: Nadchodzi nowa era w polityce zagranicznej \" src=\"https://i.iplsc.com/czeskie-media-o-podrozy-pavla-do-polski-nadchodzi-nowa-era-w/000GOQGATCCODSW9-C321.jpg\" /></a>Nowy prezydent Czech, zgodnie z tradycj\u0105, w pierwsz\u0105 podr\u00f3\u017c zagraniczn\u0105 pojedzie na S\u0142owacj\u0119. W drugiej kolejno\u015bci Petr Pavel chce uda\u0107 si\u0119 do Polski. &quot;W polityce zagranicznej Czech nadchodzi nowa era, por\u00f3wnywalna do tej z czas\u00f3w prezydentury Vaclava Havla&quot; - napisa\u0142 komentator dziennika &quot;Hospodarzskie Noviny&quot; Martin Ehl. Jego zdaniem podr\u00f3\u017c do Polski b\u0119dzie w czeskiej polityce zagranicznej absolutnym novum. </p><br clear=\"all\" />", "persistent": false, "language": "pl-PL", "user": null}, {"source": "https://wydarzenia.interia.pl/feed", "link": "https://wydarzenia.interia.pl/zagranica/news-atak-na-zaklad-wojskowy-w-iranie-rosyjskie-msz-wydalo-oswiad,nId,6566219", "title": "Atak na zak\u0142ad wojskowy w Iranie. Rosyjskie MSZ wyda\u0142o o\u015bwiadczenie", "date_published": "2023-01-30 10:21:48+00:00", "description": "<p><a href=\"https://wydarzenia.interia.pl/zagranica/news-atak-na-zaklad-wojskowy-w-iranie-rosyjskie-msz-wydalo-oswiad,nId,6566219\"><img align=\"left\" alt=\"Atak na zak\u0142ad wojskowy w Iranie. Rosyjskie MSZ wyda\u0142o o\u015bwiadczenie\" src=\"https://i.iplsc.com/atak-na-zaklad-wojskowy-w-iranie-rosyjskie-msz-wydalo-oswiad/000GOQDBX183SSJD-C321.jpg\" /></a>&quot;Takie destrukcyjne dzia\u0142ania mog\u0105 mie\u0107 nieprzewidywalne konsekwencja dla stabilno\u015bci i pokoju na Bliskim Wschodzie&quot; - przekaza\u0142o rosyjskie MSZ, odnosz\u0105c si\u0119 do niedzielnego ataku dron\u00f3w na zak\u0142ad wojskowy w Isfahanie w Iranie. Moskwa jednocze\u015bnie pot\u0119pi\u0142a atak.</p><br clear=\"all\" />", "persistent": false, "language": "pl-PL", "user": null}, {"source": "https://wydarzenia.interia.pl/feed", "link": "https://wydarzenia.interia.pl/zagranica/news-spektakularne-odkrycie-polskich-naukowcow-zbawienna-slodycz-,nId,6566216", "title": "Spektakularne odkrycie polskich naukowc\u00f3w. \"Zbawienna s\u0142odycz\" albicydyny", "date_published": "2023-01-30 10:07:10+00:00", "description": "<p><a href=\"https://wydarzenia.interia.pl/zagranica/news-spektakularne-odkrycie-polskich-naukowcow-zbawienna-slodycz-,nId,6566216\"><img align=\"left\" alt=\"Spektakularne odkrycie polskich naukowc\u00f3w. &quot;Zbawienna s\u0142odycz&quot; albicydyny\" src=\"https://i.iplsc.com/spektakularne-odkrycie-polskich-naukowcow-zbawienna-slodycz/000GOQDH8X5UVTGW-C321.jpg\" /></a>Polscy naukowcy m\u00f3wi\u0105 o prze\u0142omie. Chodzi o badania nad albicydyn\u0105 - siln\u0105 toksyn\u0105 ro\u015blinn\u0105 - kt\u00f3ra mo\u017ce pom\u00f3c w walce z bakteriami. I to nie byle jakimi. Albicydyna to antybiotyk, kt\u00f3ry obecnie jest uwa\u017cany za najskuteczniejszy w walce z bakteriami antybiotykoopornymi. </p><br clear=\"all\" />", "persistent": false, "language": "pl-PL", "user": null}, {"source": "https://wydarzenia.interia.pl/feed", "link": "https://wydarzenia.interia.pl/news-wlamal-sie-do-koscielnej-skarbony-to-nie-pierwsza-proba-31-l,nId,6566175", "title": "W\u0142ama\u0142 si\u0119 do ko\u015bcielnej skarbony. To nie pierwsza pr\u00f3ba 31-latka", "date_published": "2023-01-30 09:58:00+00:00", "description": "<p><a href=\"https://wydarzenia.interia.pl/news-wlamal-sie-do-koscielnej-skarbony-to-nie-pierwsza-proba-31-l,nId,6566175\"><img align=\"left\" alt=\"W\u0142ama\u0142 si\u0119 do ko\u015bcielnej skarbony. To nie pierwsza pr\u00f3ba 31-latka\" src=\"https://i.iplsc.com/wlamal-sie-do-koscielnej-skarbony-to-nie-pierwsza-proba-31-l/000GOQ27E24FSQBB-C321.jpg\" /></a>M\u0119\u017cczyzna u\u017cy\u0142 \u015brubokr\u0119tu, aby w\u0142ama\u0107 si\u0119 do ko\u015bcielnej skarbony. Jak si\u0119 okaza\u0142o, nie by\u0142a to jego pierwsza pr\u00f3ba. Za kradzie\u017c z w\u0142amaniem grozi mu do 10 lat pozbawienia wolno\u015bci.</p><br clear=\"all\" />", "persistent": false, "language": "pl-PL", "user": null}, {"source": "https://wydarzenia.interia.pl/feed", "link": "https://wydarzenia.interia.pl/dolnoslaskie/news-efekt-halo-w-polsce-zjawisko-uchwycono-na-sniezce,nId,6566209", "title": "Efekt halo w Polsce. Zjawisko uchwycono na \u015anie\u017cce", "date_published": "2023-01-30 09:50:27+00:00", "description": "<p><a href=\"https://wydarzenia.interia.pl/dolnoslaskie/news-efekt-halo-w-polsce-zjawisko-uchwycono-na-sniezce,nId,6566209\"><img align=\"left\" alt=\"Efekt halo w Polsce. Zjawisko uchwycono na \u015anie\u017cce \" src=\"https://i.iplsc.com/efekt-halo-w-polsce-zjawisko-uchwycono-na-sniezce/000GOQ9WUYCU8NJT-C321.jpg\" /></a>W miniony weekend na niebie mo\u017cna by\u0142o zaobserwowa\u0107 zjawisko nazywane efektem halo. Uda\u0142o si\u0119 je uchwyci\u0107 ze \u015anie\u017cki - najwy\u017cszego szczytu w Karkonoszach, a spektakularne zdj\u0119cia opublikowali w mediach spo\u0142eczno\u015bciowych Lubuscy \u0141owcy Burz.  </p><br clear=\"all\" />", "persistent": false, "language": "pl-PL", "user": null}, {"source": "https://wydarzenia.interia.pl/feed", "link": "https://wydarzenia.interia.pl/zagranica/news-zamachowiec-samobojca-wysadzil-sie-w-meczecie-20-osob-nie-zy,nId,6566197", "title": "Zamachowiec samob\u00f3jca wysadzi\u0142 si\u0119 w meczecie. 20 os\u00f3b nie \u017cyje", "date_published": "2023-01-30 09:36:43+00:00", "description": "<p><a href=\"https://wydarzenia.interia.pl/zagranica/news-zamachowiec-samobojca-wysadzil-sie-w-meczecie-20-osob-nie-zy,nId,6566197\"><img align=\"left\" alt=\"Zamachowiec samob\u00f3jca wysadzi\u0142 si\u0119 w meczecie. 20 os\u00f3b nie \u017cyje\" src=\"https://i.iplsc.com/zamachowiec-samobojca-wysadzil-sie-w-meczecie-20-osob-nie-zy/000GOQ7RCM3KMHH2-C321.jpg\" /></a>W meczecie w Peszawarze na p\u00f3\u0142nocy Pakistanu zamachowiec samob\u00f3jca zdetonowa\u0142 w poniedzia\u0142ek kamizelk\u0119 z materia\u0142ami wybuchowymi, w wyniku czego co najmniej 20 os\u00f3b zgin\u0119\u0142o, a 96 zosta\u0142o rannych - przekaza\u0142a pakista\u0144ska policja</p><br clear=\"all\" />", "persistent": false, "language": "pl-PL", "user": null}, {"source": "https://wydarzenia.interia.pl/feed", "link": "https://wydarzenia.interia.pl/zagranica/news-serbowie-i-chorwaci-walcza-w-ukrainie-lecz-po-roznych-strona,nId,6566143", "title": "Serbowie i Chorwaci walcz\u0105 w Ukrainie, lecz po r\u00f3\u017cnych stronach konfliktu", "date_published": "2023-01-30 09:28:00+00:00", "description": "<p><a href=\"https://wydarzenia.interia.pl/zagranica/news-serbowie-i-chorwaci-walcza-w-ukrainie-lecz-po-roznych-strona,nId,6566143\"><img align=\"left\" alt=\"Serbowie i Chorwaci walcz\u0105 w Ukrainie, lecz po r\u00f3\u017cnych stronach konfliktu\" src=\"https://i.iplsc.com/serbowie-i-chorwaci-walcza-w-ukrainie-lecz-po-roznych-strona/000GOQ4POHEJHTNT-C321.jpg\" /></a>Serbscy i Chorwaccy ekstremi\u015bci walcz\u0105 na wojnie w Ukrainie, lecz po innych stronach konfliktu. Podczas gdy Serbowie cz\u0119\u015bciej zasilaj\u0105 szeregi grupy Wagnera, tak Chorwaci do\u0142\u0105czaj\u0105 przewa\u017cnie do armii ukrai\u0144skiej. R\u00f3wnie\u017c odmienne s\u0105 motywacje ba\u0142ka\u0144skich s\u0105siad\u00f3w, kt\u00f3re wahaj\u0105 si\u0119 mi\u0119dzy tradycyjnymi nastrojami prorosyjskimi a &quot;walk\u0105 o bia\u0142\u0105 europejsk\u0105 ras\u0119&quot;. I cho\u0107 w\u0142adze pr\u00f3buj\u0105 zatrzyma\u0107 swoich obywateli przed werbunkiem, to ich udzia\u0142 jest zauwa\u017calny ju\u017c od 2014 roku.</p><br clear=\"all\" />", "persistent": false, "language": "pl-PL", "user": null}, {"source": "https://wydarzenia.interia.pl/feed", "link": "https://wydarzenia.interia.pl/kraj/news-gus-spada-liczba-ludnosci-w-polsce,nId,6566163", "title": "GUS: Spada liczba ludno\u015bci w Polsce", "date_published": "2023-01-30 09:03:00+00:00", "description": "<p><a href=\"https://wydarzenia.interia.pl/kraj/news-gus-spada-liczba-ludnosci-w-polsce,nId,6566163\"><img align=\"left\" alt=\"GUS: Spada liczba ludno\u015bci w Polsce\" src=\"https://i.iplsc.com/gus-spada-liczba-ludnosci-w-polsce/000GOQ0CW50KWWR4-C321.jpg\" /></a>Liczba ludno\u015bci na koniec 2022 r. wynios\u0142a w Polsce 37 mln 767 tys. To mniej o 141 tys. ni\u017c w 2021 r.  - wynika z najnowszych danych GUS. W 2022 r. w naszym kraju odnotowano najmniej urodze\u0144 w ca\u0142ym okresie powojennym. </p><br clear=\"all\" />", "persistent": false, "language": "pl-PL", "user": null}, {"source": "https://wydarzenia.interia.pl/feed", "link": "https://wydarzenia.interia.pl/zagranica/news-ambasada-usa-w-turcji-ostrzega-przed-atakami-terrorystycznym,nId,6566149", "title": "Ambasada USA w Turcji ostrzega przed atakami terrorystycznymi. \"Odwet za palenie Koranu\"", "date_published": "2023-01-30 08:59:00+00:00", "description": "<p><a href=\"https://wydarzenia.interia.pl/zagranica/news-ambasada-usa-w-turcji-ostrzega-przed-atakami-terrorystycznym,nId,6566149\"><img align=\"left\" alt=\"Ambasada USA w Turcji ostrzega przed atakami terrorystycznymi. &quot;Odwet za palenie Koranu&quot;\" src=\"https://i.iplsc.com/ambasada-usa-w-turcji-ostrzega-przed-atakami-terrorystycznym/000GOPU43ESP7WX1-C321.jpg\" /></a>Ameryka\u0144ska ambasada w Turcji ostrzeg\u0142a przed mo\u017cliwymi atakami na ko\u015bcio\u0142y, synagogi i misje dyplomatyczne w Stambule, kt\u00f3re mog\u0105 by\u0107 odwetem za demonstracje w krajach zachodnich, na kt\u00f3rych palono Koran. Podobne ostrze\u017cenia wystosowa\u0142y ambasady Niemiec, Francji, W\u0142och i kraj\u00f3w skandynawskich.</p><br clear=\"all\" />", "persistent": false, "language": "pl-PL", "user": null}, {"source": "https://wydarzenia.interia.pl/feed", "link": "https://wydarzenia.interia.pl/raporty/raport-ukraina-rosja/aktualnosci/news-byly-ambasador-niemiec-ostrzega-polskie-piec-minut-moze-sie-,nId,6566131", "title": "By\u0142y ambasador Niemiec ostrzega: Polskie pi\u0119\u0107 minut mo\u017ce si\u0119 szybko sko\u0144czy\u0107", "date_published": "2023-01-30 08:46:00+00:00", "description": "<p><a href=\"https://wydarzenia.interia.pl/raporty/raport-ukraina-rosja/aktualnosci/news-byly-ambasador-niemiec-ostrzega-polskie-piec-minut-moze-sie-,nId,6566131\"><img align=\"left\" alt=\"By\u0142y ambasador Niemiec ostrzega: Polskie pi\u0119\u0107 minut mo\u017ce si\u0119 szybko sko\u0144czy\u0107\" src=\"https://i.iplsc.com/byly-ambasador-niemiec-ostrzega-polskie-piec-minut-moze-sie/000GOPTIBGDHC9AM-C321.jpg\" /></a>Rolf Nikel, by\u0142y ambasador Niemiec w Polsce, zarzuca Warszawie, \u017ce nie wykorzystuje ona &quot;swoich pi\u0119ciu minut&quot;. Dyplomata wskazuje, \u017ce polski rz\u0105d &quot;woli pr\u00f3bowa\u0107 zbi\u0107 kapita\u0142 polityczny na zaistnia\u0142ej sytuacji&quot;. - Zachodzi przy tym niebezpiecze\u0144stwo, \u017ce &quot;te polskie pi\u0119\u0107 minut&quot;, gdy Polska korzysta z nowego nastawienia Niemiec, min\u0105 szybciej, ni\u017c niekt\u00f3rzy my\u015bl\u0105 - dodaje Nikel.</p><br clear=\"all\" />", "persistent": false, "language": "pl-PL", "user": null}, {"source": "https://wydarzenia.interia.pl/feed", "link": "https://wydarzenia.interia.pl/kraj/news-zima-nie-powiedziala-ostatniego-slowa-niz-nicolas-uderzy-sni,nId,6566152", "title": "Zima nie powiedzia\u0142a ostatniego s\u0142owa. Ni\u017c Nicolas uderzy \u015bnie\u017cycami", "date_published": "2023-01-30 08:45:33+00:00", "description": "<p><a href=\"https://wydarzenia.interia.pl/kraj/news-zima-nie-powiedziala-ostatniego-slowa-niz-nicolas-uderzy-sni,nId,6566152\"><img align=\"left\" alt=\"Zima nie powiedzia\u0142a ostatniego s\u0142owa. Ni\u017c Nicolas uderzy \u015bnie\u017cycami\" src=\"https://i.iplsc.com/zima-nie-powiedziala-ostatniego-slowa-niz-nicolas-uderzy-sni/000GOPUP7UQ6NPN7-C321.jpg\" /></a>Pogoda potrafi zaskoczy\u0107 w najmniej spodziewanym momencie. Je\u017celi kto\u015b my\u015bla\u0142, \u017ce zima to przesz\u0142o\u015b\u0107 - jest w b\u0142\u0119dzie. Wszystko to za spraw\u0105 ni\u017cu Nicolas, kt\u00f3ry do Polski sprowadzi \u015bnie\u017cyce, zamiecie i spadek temperatury. Wed\u0142ug najnowszej prognozy pogody taki stan rzeczy utrzyma si\u0119 w najbli\u017cszych dniach. To jednak nie koniec. Prawdziwa zima ma nadej\u015b\u0107 dopiero w lutym.</p><br clear=\"all\" />", "persistent": false, "language": "pl-PL", "user": null}, {"source": "https://wydarzenia.interia.pl/feed", "link": "https://wydarzenia.interia.pl/malopolskie/news-krakow-urzednicy-kupili-rower-za-niemal-30-tys-zlotych-zaska,nId,6558432", "title": "Krak\u00f3w: Urz\u0119dnicy kupili rower za niemal 30 tys. z\u0142otych. Zaskakuj\u0105ce t\u0142umaczenie", "date_published": "2023-01-30 08:40:19+00:00", "description": "<p><a href=\"https://wydarzenia.interia.pl/malopolskie/news-krakow-urzednicy-kupili-rower-za-niemal-30-tys-zlotych-zaska,nId,6558432\"><img align=\"left\" alt=\"Krak\u00f3w: Urz\u0119dnicy kupili rower za niemal 30 tys. z\u0142otych. Zaskakuj\u0105ce t\u0142umaczenie\" src=\"https://i.iplsc.com/krakow-urzednicy-kupili-rower-za-niemal-30-tys-zlotych-zaska/000GOPTZHXBPM3G3-C321.jpg\" /></a>Krakowscy urz\u0119dnicy z wydzia\u0142u komunikacji spo\u0142ecznej kupili rower za 29,9 tys. z\u0142 - wynika z dokumentu, z kt\u00f3rym zapozna\u0142a si\u0119 Interia. Sprz\u0119t ma s\u0142u\u017cy\u0107 przede wszystkim do rozwo\u017cenia urz\u0119dowego czasopisma - wynika ze s\u0142\u00f3w rzecznik prasowej prezydenta Jacka Majchrowskiego. Szkopu\u0142 w tym, \u017ce tylko w ci\u0105gu ostatnich kilkunastu miesi\u0119cy urz\u0119dnicy podpisali umowy na kolporta\u017c tego samego magazynu z kilkoma innymi podmiotami i osobami. Dystrybucyjny rozmach magistratu kosztowa\u0142 jak dot\u0105d blisko \u0107wier\u0107 miliona z\u0142otych.</p><br clear=\"all\" />", "persistent": false, "language": "pl-PL", "user": null}, {"source": "https://wydarzenia.interia.pl/feed", "link": "https://wydarzenia.interia.pl/raporty/raport-ukraina-rosja/aktualnosci/news-isw-opoznienia-w-dostawach-broni-moga-uniemozliwic-ukrainie-,nId,6566130", "title": "ISW: Op\u00f3\u017anienia w dostawach broni mog\u0105 uniemo\u017cliwi\u0107 Ukrainie ofensyw\u0119", "date_published": "2023-01-30 08:14:18+00:00", "description": "<p><a href=\"https://wydarzenia.interia.pl/raporty/raport-ukraina-rosja/aktualnosci/news-isw-opoznienia-w-dostawach-broni-moga-uniemozliwic-ukrainie-,nId,6566130\"><img align=\"left\" alt=\"ISW: Op\u00f3\u017anienia w dostawach broni mog\u0105 uniemo\u017cliwi\u0107 Ukrainie ofensyw\u0119\" src=\"https://i.iplsc.com/isw-opoznienia-w-dostawach-broni-moga-uniemozliwic-ukrainie/000GN2U6AAOLY181-C321.jpg\" /></a>Op\u00f3\u017anienia w dostawach zachodniego uzbrojenia i sprz\u0119tu wojskowego zdecydowa\u0142y o tym, \u017ce po wyzwoleniu zachodniej cz\u0119\u015bci obwodu cherso\u0144skiego w listopadzie ubieg\u0142ego roku ukrai\u0144ska armia nie by\u0142a ju\u017c w stanie przeprowadzi\u0107 kolejnych operacji ofensywnych - oceni\u0142 w najnowszym raporcie ameryka\u0144ski Instytut Studi\u00f3w nad Wojn\u0105. Think tank pisze r\u00f3wnie\u017c, \u017ce &quot;przyw\u00f3dcy Zachodu musz\u0105 w wi\u0119kszym stopniu bra\u0107 pod uwag\u0119 nieunikniony okres przej\u015bciowy pomi\u0119dzy decyzj\u0105 o dostawach broni i jej u\u017cyciem na froncie&quot;.</p><br clear=\"all\" />", "persistent": false, "language": "pl-PL", "user": null}, {"source": "https://wydarzenia.interia.pl/feed", "link": "https://wydarzenia.interia.pl/raporty/raport-ukraina-rosja/aktualnosci/news-ukrainski-general-wejscie-nato-do-ukrainy-oznacza-nuklearna-,nId,6566099", "title": "Ukrai\u0144ski genera\u0142: Wej\u015bcie NATO do Ukrainy oznacza nuklearn\u0105 zag\u0142ad\u0119", "date_published": "2023-01-30 08:11:00+00:00", "description": "<p><a href=\"https://wydarzenia.interia.pl/raporty/raport-ukraina-rosja/aktualnosci/news-ukrainski-general-wejscie-nato-do-ukrainy-oznacza-nuklearna-,nId,6566099\"><img align=\"left\" alt=\"Ukrai\u0144ski genera\u0142: Wej\u015bcie NATO do Ukrainy oznacza nuklearn\u0105 zag\u0142ad\u0119\" src=\"https://i.iplsc.com/ukrainski-general-wejscie-nato-do-ukrainy-oznacza-nuklearna/000GOPO714H2XHLL-C321.jpg\" /></a>NATO mog\u0142oby bardzo szybko zako\u0144czy\u0107 wojn\u0119 w Ukrainie, jednak oznacza\u0142oby to powa\u017cne ryzyko nuklearnej zag\u0142ady ludzko\u015bci - powiedzia\u0142 ukrai\u0144ski generna\u0142 Myko\u0142a Ma\u0142omu\u017c. Doda\u0142, \u017ce zachodni przyw\u00f3dcy s\u0105 \u015bwiadomi tego ryzyka, dlatego bezpo\u015brednia konfrontacja mi\u0119dzy Sojuszem a Rosj\u0105 w Ukrainie jest bardzo ma\u0142o prawdopodobna.</p><br clear=\"all\" />", "persistent": false, "language": "pl-PL", "user": null}, {"source": "https://wydarzenia.interia.pl/feed", "link": "https://wydarzenia.interia.pl/wielkopolskie/news-smierc-na-boisku-dariusz-szczepaniak-zmarl-podczas-finalu-wo,nId,6566118", "title": "\u015amier\u0107 na boisku. Dariusz Szczepaniak zmar\u0142 podczas fina\u0142u WO\u015aP", "date_published": "2023-01-30 08:03:34+00:00", "description": "<p><a href=\"https://wydarzenia.interia.pl/wielkopolskie/news-smierc-na-boisku-dariusz-szczepaniak-zmarl-podczas-finalu-wo,nId,6566118\"><img align=\"left\" alt=\"\u015amier\u0107 na boisku. Dariusz Szczepaniak zmar\u0142 podczas fina\u0142u WO\u015aP\" src=\"https://i.iplsc.com/smierc-na-boisku-dariusz-szczepaniak-zmarl-podczas-finalu-wo/000GOPLO93N4JFJD-C321.jpg\" /></a>W czasie 31. fina\u0142u Wielkiej Orkiestry \u015awi\u0105tecznej Pomocy dosz\u0142o do tragedii. Zmar\u0142 46-letni Dariusz Szczepaniak, trener z Ostrzeszowa. M\u0119\u017cczyzna zas\u0142ab\u0142 podczas meczu charytatywnego. </p><br clear=\"all\" />", "persistent": false, "language": "pl-PL", "user": null}, {"source": "https://wydarzenia.interia.pl/feed", "link": "https://wydarzenia.interia.pl/kraj/news-kontrowersyjne-prawybory-konfederacji-w-legnicy-doszlo-do-wi,nId,6566092", "title": "Kontrowersyjne prawybory Konfederacji w Legnicy. \"Dosz\u0142o do wielu nieprawid\u0142owo\u015bci\"", "date_published": "2023-01-30 08:01:00+00:00", "description": "<p><a href=\"https://wydarzenia.interia.pl/kraj/news-kontrowersyjne-prawybory-konfederacji-w-legnicy-doszlo-do-wi,nId,6566092\"><img align=\"left\" alt=\"Kontrowersyjne prawybory Konfederacji w Legnicy. &quot;Dosz\u0142o do wielu nieprawid\u0142owo\u015bci&quot;\" src=\"https://i.iplsc.com/kontrowersyjne-prawybory-konfederacji-w-legnicy-doszlo-do-wi/000GOPM28Y6YBPOB-C321.jpg\" /></a>Prawybory partii Nowa Nadzieja S\u0142awomira Mentzena w Legnicy zako\u0144czy\u0142y si\u0119 wzajemnymi oskar\u017ceniami kandydat\u00f3w i ich sympatyk\u00f3w o oszustwa. W efekcie nie wy\u0142oniono jedynki Konfederacji w pierwszym okr\u0119gu wyborczym - na li\u015bcie legnickiej. </p><br clear=\"all\" />", "persistent": false, "language": "pl-PL", "user": null}, {"source": "https://wydarzenia.interia.pl/feed", "link": "https://wydarzenia.interia.pl/pomorskie/news-kierowca-bmw-wjechal-do-rzeki-samochod-dachowal-31-latek-byl,nId,6566084", "title": "Kierowca bmw wjecha\u0142 do rzeki. Samoch\u00f3d dachowa\u0142. 31-latek by\u0142 pijany", "date_published": "2023-01-30 07:59:13+00:00", "description": "<p><a href=\"https://wydarzenia.interia.pl/pomorskie/news-kierowca-bmw-wjechal-do-rzeki-samochod-dachowal-31-latek-byl,nId,6566084\"><img align=\"left\" alt=\"Kierowca bmw wjecha\u0142 do rzeki. Samoch\u00f3d dachowa\u0142. 31-latek by\u0142 pijany \" src=\"https://i.iplsc.com/kierowca-bmw-wjechal-do-rzeki-samochod-dachowal-31-latek-byl/000GOPCY2N5RFSQA-C321.jpg\" /></a>W miejscowo\u015bci Mareza (powiat kwidzy\u0144ski, wojew\u00f3dztwo pomorskie) kierowca bmw wpad\u0142 do rzeki Liwa. 31-letni kierowca i 26-letni pasa\u017cer wyszli z pojazdu o w\u0142asnych si\u0142ach. Jak podaje stra\u017c po\u017carna, byli to obcokrajowcy. Obaj byli nietrze\u017awi. Kierowca mia\u0142 w organizmie 1,2 promila alkoholu. </p><br clear=\"all\" />", "persistent": false, "language": "pl-PL", "user": null}, {"source": "https://wydarzenia.interia.pl/feed", "link": "https://wydarzenia.interia.pl/kraj/news-sniezyce-zawieje-i-wichury-do-120-km-h-pogoda-na-poczatek-ty,nId,6566097", "title": "\u015anie\u017cyce, zawieje i wichury do 120 km/h. Pogoda na pocz\u0105tek tygodnia", "date_published": "2023-01-30 07:58:00+00:00", "description": "<p><a href=\"https://wydarzenia.interia.pl/kraj/news-sniezyce-zawieje-i-wichury-do-120-km-h-pogoda-na-poczatek-ty,nId,6566097\"><img align=\"left\" alt=\"\u015anie\u017cyce, zawieje i wichury do 120 km/h. Pogoda na pocz\u0105tek tygodnia\" src=\"https://i.iplsc.com/sniezyce-zawieje-i-wichury-do-120-km-h-pogoda-na-poczatek-ty/00069COT5P94U0CP-C321.jpg\" /></a>Pocz\u0105tek tygodnia zapowiada si\u0119 wietrzny, ze s\u0142abymi opadami \u015bniegu, deszczu ze \u015bniegiem i m\u017cawki. Micha\u0142 Folwarski, synoptyk IMGW-PIB powiedzia\u0142, \u017ce temperatura maksymalna b\u0119dzie utrzymywa\u0107 si\u0119 w okolicach zera stopni, wi\u0119c na drogach mo\u017ce by\u0107 \u015blisko. Jak przekaza\u0142, w poniedzia\u0142ek wp\u0142yw na pogod\u0119 w kraju b\u0119dzie mia\u0142 ni\u017c znad Skandynawii.</p><br clear=\"all\" />", "persistent": false, "language": "pl-PL", "user": null}, {"source": "https://wydarzenia.interia.pl/feed", "link": "https://wydarzenia.interia.pl/zagranica/news-rodzinny-dramat-w-meksyku-plywala-z-corkami-nie-dalo-sie-jej,nId,6566110", "title": "Rodzinny dramat w Meksyku. P\u0142ywa\u0142a z c\u00f3rkami, nie da\u0142o si\u0119 jej uratowa\u0107", "date_published": "2023-01-30 07:54:40+00:00", "description": "<p><a href=\"https://wydarzenia.interia.pl/zagranica/news-rodzinny-dramat-w-meksyku-plywala-z-corkami-nie-dalo-sie-jej,nId,6566110\"><img align=\"left\" alt=\"Rodzinny dramat w Meksyku. P\u0142ywa\u0142a z c\u00f3rkami, nie da\u0142o si\u0119 jej uratowa\u0107\" src=\"https://i.iplsc.com/rodzinny-dramat-w-meksyku-plywala-z-corkami-nie-dalo-sie-jej/000GOPMGX77FI9S8-C321.jpg\" /></a>To mia\u0142y by\u0107 wymarzone wczasy dla rodziny z Wielkiej Brytanii. Ciep\u0142a woda, hotel i pi\u0119kne pla\u017ce w rejonie Cancun w Meksyku. Niestety, rodzinn\u0105 sielank\u0119 przerwa\u0142a tragedia. W czasie k\u0105pieli z c\u00f3rkami 38-letnia Lina Dilipkumar zosta\u0142a porwana w g\u0142\u0105b oceanu. Dziewczynki prze\u017cy\u0142y, jednak dla matki nie by\u0142o ratunku. </p><br clear=\"all\" />", "persistent": false, "language": "pl-PL", "user": null}, {"source": "https://wydarzenia.interia.pl/feed", "link": "https://wydarzenia.interia.pl/zagranica/news-lawina-w-slowackich-tatrach-nie-zyje-dwoch-polskich-wspinacz,nId,6566108", "title": "Lawina w s\u0142owackich Tatrach. Nie \u017cyje dw\u00f3ch polskich wspinaczy", "date_published": "2023-01-30 07:44:08+00:00", "description": "<p><a href=\"https://wydarzenia.interia.pl/zagranica/news-lawina-w-slowackich-tatrach-nie-zyje-dwoch-polskich-wspinacz,nId,6566108\"><img align=\"left\" alt=\"Lawina w s\u0142owackich Tatrach. Nie \u017cyje dw\u00f3ch polskich wspinaczy\" src=\"https://i.iplsc.com/lawina-w-slowackich-tatrach-nie-zyje-dwoch-polskich-wspinacz/000GOPKEI8ME4FU1-C321.jpg\" /></a>Lawina w s\u0142owackich Tatrach porwa\u0142a trzech polskich wspinaczy. Mimo szybkiej akcji ratowniczej dw\u00f3ch z nich nie uda\u0142o si\u0119 uratowa\u0107. </p><br clear=\"all\" />", "persistent": false, "language": "pl-PL", "user": null}, {"source": "https://wydarzenia.interia.pl/feed", "link": "https://wydarzenia.interia.pl/zagranica/news-minister-spraw-zagranicznych-chin-ma-odwiedzic-rosje-spotka-,nId,6566089", "title": "Minister spraw zagranicznych Chin ma odwiedzi\u0107 Rosj\u0119. Spotka si\u0119 z Putinem", "date_published": "2023-01-30 07:19:18+00:00", "description": "<p><a href=\"https://wydarzenia.interia.pl/zagranica/news-minister-spraw-zagranicznych-chin-ma-odwiedzic-rosje-spotka-,nId,6566089\"><img align=\"left\" alt=\"Minister spraw zagranicznych Chin ma odwiedzi\u0107 Rosj\u0119. Spotka si\u0119 z Putinem\" src=\"https://i.iplsc.com/minister-spraw-zagranicznych-chin-ma-odwiedzic-rosje-spotka/000GOPDMPXK1IEJI-C321.jpg\" /></a>Cz\u0142onek Rady Pa\u0144stwa Chi\u0144skiej Republiki Ludowej oraz minister spraw zagranicznych Wang Yi ma odwiedzi\u0107 Rosj\u0119. Polityk mo\u017ce spotka\u0107 si\u0119 z W\u0142adimirem Putinem. Wizyta stanowi ci\u0105g dalszy bliskich relacji pomi\u0119dzy dwoma pa\u0144stwami.</p><br clear=\"all\" />", "persistent": false, "language": "pl-PL", "user": null}, {"source": "https://wydarzenia.interia.pl/feed", "link": "https://wydarzenia.interia.pl/raporty/raport-ukraina-rosja/aktualnosci/news-samoloty-bojowe-dla-ukrainy-stanowcza-deklaracja-olafa-schol,nId,6566071", "title": "Samoloty bojowe dla Ukrainy. Stanowcza deklaracja Olafa Scholza", "date_published": "2023-01-30 07:16:00+00:00", "description": "<p><a href=\"https://wydarzenia.interia.pl/raporty/raport-ukraina-rosja/aktualnosci/news-samoloty-bojowe-dla-ukrainy-stanowcza-deklaracja-olafa-schol,nId,6566071\"><img align=\"left\" alt=\"Samoloty bojowe dla Ukrainy. Stanowcza deklaracja Olafa Scholza\" src=\"https://i.iplsc.com/samoloty-bojowe-dla-ukrainy-stanowcza-deklaracja-olafa-schol/000GOPAVWS9WSA08-C321.jpg\" /></a>Olaf Scholz o\u015bwiadczy\u0142, \u017ce jego kraj nie przeka\u017ce Ukrainie samolot\u00f3w bojowych. Przebywaj\u0105cy z wizyt\u0105 w Chile kanclerz podkre\u015bli\u0142, \u017ce Niemcy &quot;udzieli\u0142y Ukrainie wsparcia, podobnie jak inne kraje, w postaci pomocy finansowej, humanitarnej i wojskowej&quot;. Szef niemieckiego rz\u0105du zaznaczy\u0142, \u017ce nie pozwoli, by wojna w Ukrainie przerodzi\u0142a si\u0119 w konflikt mi\u0119dzy Rosj\u0105 a NATO. </p><br clear=\"all\" />", "persistent": false, "language": "pl-PL", "user": null}, {"source": "https://wydarzenia.interia.pl/feed", "link": "https://wydarzenia.interia.pl/zagranica/news-wiceszef-msz-rosji-mam-nadzieje-na-porozumienie-z-usa,nId,6566069", "title": "Wiceszef MSZ Rosji: Mam nadziej\u0119 na porozumienie z USA", "date_published": "2023-01-30 06:58:00+00:00", "description": "<p><a href=\"https://wydarzenia.interia.pl/zagranica/news-wiceszef-msz-rosji-mam-nadzieje-na-porozumienie-z-usa,nId,6566069\"><img align=\"left\" alt=\"Wiceszef MSZ Rosji: Mam nadziej\u0119 na porozumienie z USA\" src=\"https://i.iplsc.com/wiceszef-msz-rosji-mam-nadzieje-na-porozumienie-z-usa/000GOP6YWGKFGYIO-C321.jpg\" /></a>- Potrzebujemy taktyki ma\u0142ych krok\u00f3w, aby doj\u015b\u0107 do konsensusu w relacjach z USA - powiedzia\u0142 wiceminister spraw zagranicznych Rosji Siergiej Riabkow. Ponadto wskaza\u0142, \u017ce prawdopodobnie w 2026 roku porozumienie mi\u0119dzy Moskw\u0105 a Waszyngtonem w sprawie ograniczenia proliferacji broni j\u0105drowej zako\u0144czy si\u0119. - To ca\u0142kiem mo\u017cliwy scenariusz - oznajmi\u0142.</p><br clear=\"all\" />", "persistent": false, "language": "pl-PL", "user": null}, {"source": "https://wydarzenia.interia.pl/feed", "link": "https://wydarzenia.interia.pl/zagranica/news-chinscy-naukowcy-ostrzegaja-wewnetrzne-jadro-ziemi-zatrzymal,nId,6566067", "title": "Chi\u0144scy naukowcy ostrzegaj\u0105: Wewn\u0119trzne j\u0105dro Ziemi zatrzyma\u0142o si\u0119", "date_published": "2023-01-30 06:31:03+00:00", "description": "<p><a href=\"https://wydarzenia.interia.pl/zagranica/news-chinscy-naukowcy-ostrzegaja-wewnetrzne-jadro-ziemi-zatrzymal,nId,6566067\"><img align=\"left\" alt=\"Chi\u0144scy naukowcy ostrzegaj\u0105: Wewn\u0119trzne j\u0105dro Ziemi zatrzyma\u0142o si\u0119 \" src=\"https://i.iplsc.com/chinscy-naukowcy-ostrzegaja-wewnetrzne-jadro-ziemi-zatrzymal/000GOP79321127UN-C321.jpg\" /></a>Zesp\u00f3\u0142 naukowc\u00f3w z Pekinu na podstawie bada\u0144 sejsmicznych twierdzi, \u017ce wewn\u0119trzne ziemskie j\u0105dro si\u0119 zatrzyma\u0142o, a by\u0107 mo\u017ce nawet zaczyna obraca\u0107 si\u0119 w przeciwn\u0105 stron\u0119. Zachodz\u0105ce w czasie kilku dekad spowolnienie nak\u0142ada si\u0119 na zmiany w innych zachowaniach planety.</p><br clear=\"all\" />", "persistent": false, "language": "pl-PL", "user": null}, {"source": "https://wydarzenia.interia.pl/feed", "link": "https://wydarzenia.interia.pl/kraj/news-ten-dodatek-od-panstwa-znany-jest-nielicznym-ty-tez-mozesz-d,nId,6558696", "title": "Ten dodatek od pa\u0144stwa znany jest nielicznym. Ty te\u017c mo\u017cesz dostawa\u0107 620 z\u0142 miesi\u0119cznie?", "date_published": "2023-01-30 06:20:55+00:00", "description": "<p><a href=\"https://wydarzenia.interia.pl/kraj/news-ten-dodatek-od-panstwa-znany-jest-nielicznym-ty-tez-mozesz-d,nId,6558696\"><img align=\"left\" alt=\"Ten dodatek od pa\u0144stwa znany jest nielicznym. Ty te\u017c mo\u017cesz dostawa\u0107 620 z\u0142 miesi\u0119cznie?\" src=\"https://i.iplsc.com/ten-dodatek-od-panstwa-znany-jest-nielicznym-ty-tez-mozesz-d/000GO7PI977EG5CB-C321.jpg\" /></a>Specjalny zasi\u0142ek opieku\u0144czy przys\u0142uguje osobom, kt\u00f3re zrezygnowa\u0142y z pracy zarobkowej, aby sprawowa\u0107 ca\u0142odobow\u0105 opiek\u0119 nad osob\u0105 z niepe\u0142nosprawno\u015bci\u0105. Wyja\u015bniamy, kto i w jakiej sytuacji mo\u017ce ubiega\u0107 si\u0119 o jego przyznanie. Ile wynosi \u015bwiadczenie opieku\u0144cze w 2023 roku? </p><br clear=\"all\" />", "persistent": false, "language": "pl-PL", "user": null}, {"source": "https://wydarzenia.interia.pl/feed", "link": "https://wydarzenia.interia.pl/zagranica/news-wlochy-ksiadz-udzielil-slubu-cywilnego-muzulmanskiej-parze-z,nId,6566062", "title": "W\u0142ochy: Ksi\u0105dz udzieli\u0142 \u015blubu cywilnego muzu\u0142ma\u0144skiej parze z Iranu", "date_published": "2023-01-30 06:20:48+00:00", "description": "<p><a href=\"https://wydarzenia.interia.pl/zagranica/news-wlochy-ksiadz-udzielil-slubu-cywilnego-muzulmanskiej-parze-z,nId,6566062\"><img align=\"left\" alt=\"W\u0142ochy: Ksi\u0105dz udzieli\u0142 \u015blubu cywilnego muzu\u0142ma\u0144skiej parze z Iranu\" src=\"https://i.iplsc.com/wlochy-ksiadz-udzielil-slubu-cywilnego-muzulmanskiej-parze-z/000GOP6CQMYWQYL6-C321.jpg\" /></a>W Genui na p\u00f3\u0142nocy W\u0142och ksi\u0105dz katolicki jako reprezentant burmistrza udzieli\u0142 \u015blubu cywilnego parze m\u0142odych Ira\u0144czyk\u00f3w, kt\u00f3rzy s\u0105 muzu\u0142manami. Z pann\u0105 i panem m\u0142odym po\u0142\u0105czyli si\u0119 zdalnie ich rodzice i krewni, kt\u00f3rzy nie mog\u0105 opu\u015bci\u0107 swojego kraju, gdzie trwaj\u0105 gwa\u0142towne protesty i represje. - Ten \u015blub jest znakiem cywilizowanego post\u0119powania, kt\u00f3re jest konieczne za ka\u017cdym razem, gdy spotykaj\u0105 si\u0119 r\u00f3\u017cne kultury, bo nie powinny nas dzieli\u0107 ani kultura, ani religia, ani pochodzenie czy kraj - powiedzia\u0142 duchowny.</p><br clear=\"all\" />", "persistent": false, "language": "pl-PL", "user": null}, {"source": "https://wydarzenia.interia.pl/feed", "link": "https://wydarzenia.interia.pl/zagranica/news-ekspert-ds-klimatu-przed-ostrzega-narty-beda-sportem-dla-bog,nId,6566056", "title": "Ekspert ds. klimatu przed ostrzega: Narty b\u0119d\u0105 sportem dla bogaczy", "date_published": "2023-01-30 05:58:00+00:00", "description": "<p><a href=\"https://wydarzenia.interia.pl/zagranica/news-ekspert-ds-klimatu-przed-ostrzega-narty-beda-sportem-dla-bog,nId,6566056\"><img align=\"left\" alt=\"Ekspert ds. klimatu przed ostrzega: Narty b\u0119d\u0105 sportem dla bogaczy\" src=\"https://i.iplsc.com/ekspert-ds-klimatu-przed-ostrzega-narty-beda-sportem-dla-bog/000GOP5VMJWWSB99-C321.jpg\" /></a>Narciarstwo staje si\u0119 sportem, na kt\u00f3ry sta\u0107 tylko zamo\u017cne rodziny - m\u00f3wi w rozmowie z &quot;ZDFheute&quot; badacz klimatu prof. Harald Kunstman. W jego opinii Alpy s\u0105 szczeg\u00f3lnie mocno dotkni\u0119te zmianami klimatycznymi. Najbardziej cierpi\u0105 na tym tereny narciarskie po\u0142o\u017cone poni\u017cej 1500 mer\u00f3w nad poziomem morza, kt\u00f3re wymagaj\u0105 coraz cz\u0119\u015bciej sztucznego do\u015bnie\u017cania.</p><br clear=\"all\" />", "persistent": false, "language": "pl-PL", "user": null}, {"source": "https://wydarzenia.interia.pl/feed", "link": "https://wydarzenia.interia.pl/zagranica/news-syria-atak-na-konwoj-z-iranska-bronia-sa-ofiary,nId,6566055", "title": "Syria: Atak na konw\u00f3j z ira\u0144sk\u0105 broni\u0105. S\u0105 ofiary", "date_published": "2023-01-30 05:41:17+00:00", "description": "<p><a href=\"https://wydarzenia.interia.pl/zagranica/news-syria-atak-na-konwoj-z-iranska-bronia-sa-ofiary,nId,6566055\"><img align=\"left\" alt=\"Syria: Atak na konw\u00f3j z ira\u0144sk\u0105 broni\u0105. S\u0105 ofiary\" src=\"https://i.iplsc.com/syria-atak-na-konwoj-z-iranska-bronia-sa-ofiary/000GOP4DDWJX60HH-C321.jpg\" /></a>Niezidentyfikowane samoloty lub drony zaatakowa\u0142y i zniszczy\u0142y we wschodniej Syrii, przy granicy z Irakiem, konw\u00f3j z ira\u0144sk\u0105 broni\u0105; s\u0105 zabici i ranni - poinformowa\u0142o w niedziel\u0119 wieczorem Syryjskie Obserwatorium Praw Cz\u0142owieka. W\u0142adze w Teheranie z kolei okre\u015bli\u0142y atak jako nieudany. &quot;Nie spowodowa\u0142 ofiar \u015bmiertelnych, jest tylko niewielkie uszkodzenie dachu&quot; - poda\u0142o tamtejsze MON.</p><br clear=\"all\" />", "persistent": false, "language": "pl-PL", "user": null}, {"source": "https://wydarzenia.interia.pl/feed", "link": "https://wydarzenia.interia.pl/raporty/raport-ukraina-rosja/aktualnosci/news-boris-johnson-putin-grozil-mi-uderzeniem-rakietowym,nId,6566051", "title": "Boris Johnson: Putin grozi\u0142 mi uderzeniem rakietowym", "date_published": "2023-01-30 05:16:04+00:00", "description": "<p><a href=\"https://wydarzenia.interia.pl/raporty/raport-ukraina-rosja/aktualnosci/news-boris-johnson-putin-grozil-mi-uderzeniem-rakietowym,nId,6566051\"><img align=\"left\" alt=\"Boris Johnson: Putin grozi\u0142 mi uderzeniem rakietowym\" src=\"https://i.iplsc.com/boris-johnson-putin-grozil-mi-uderzeniem-rakietowym/000EFB9WBKUOT45B-C321.jpg\" /></a>W\u0142adimir Putin grozi\u0142 Borisowi Johnsonowi uderzeniem rakietowym - stwierdzi\u0142 by\u0142y premier Wielkiej Brytanii w filmie dokumentalnym BBC. Podczas wypowiadania swoich s\u0142\u00f3w w trakcie rozmowy telefonicznej w lutym ubieg\u0142ego roku prezydent Rosji mia\u0142 by\u0107 bardzo zrelaksowany i pewny siebie - m\u00f3wi\u0142 Johnson.</p><br clear=\"all\" />", "persistent": false, "language": "pl-PL", "user": null}, {"source": "https://wydarzenia.interia.pl/feed", "link": "https://wydarzenia.interia.pl/raporty/raport-ukraina-rosja/nazywo/na-zywo-wojna-w-ukrainie-341-dzien-inwazji-rosji-relacja-na-zywo,nzId,3707,akt,300612", "title": "Wojna w Ukrainie. 341. dzie\u0144 inwazji Rosji. Relacja na \u017cywo", "date_published": "2023-01-30 04:38:54+00:00", "description": "<p><a href=\"https://wydarzenia.interia.pl/raporty/raport-ukraina-rosja/nazywo/na-zywo-wojna-w-ukrainie-341-dzien-inwazji-rosji-relacja-na-zywo,nzId,3707,akt,300612\"><img align=\"left\" alt=\"Wojna w Ukrainie. 341. dzie\u0144 inwazji Rosji. Relacja na \u017cywo\" src=\"https://i.iplsc.com/wojna-w-ukrainie-341-dzien-inwazji-rosji-relacja-na-zywo/000GOP3D8K52SV3S-C321.jpg\" /></a>Najnowsze informacje z frontu. Zapraszamy do \u015bledzenia relacji na \u017cywo</p><br clear=\"all\" />", "persistent": false, "language": "pl-PL", "user": null}, {"source": "https://wydarzenia.interia.pl/feed", "link": "https://wydarzenia.interia.pl/raporty/raport-ukraina-rosja/nazywo/na-zywo-wojna-w-ukrainie-341-dzien-inwazji-rosji-relacja-na-zywo,nzId,3707,akt,300706", "title": "Wojna w Ukrainie. 341. dzie\u0144 inwazji Rosji. Relacja na \u017cywo", "date_published": "2023-01-30 04:38:54+00:00", "description": "<p><a href=\"https://wydarzenia.interia.pl/raporty/raport-ukraina-rosja/nazywo/na-zywo-wojna-w-ukrainie-341-dzien-inwazji-rosji-relacja-na-zywo,nzId,3707,akt,300706\"><img align=\"left\" alt=\"Wojna w Ukrainie. 341. dzie\u0144 inwazji Rosji. Relacja na \u017cywo\" src=\"https://i.iplsc.com/wojna-w-ukrainie-341-dzien-inwazji-rosji-relacja-na-zywo/000GOP3D8K52SV3S-C321.jpg\" /></a>Najnowsze informacje z frontu. Zapraszamy do \u015bledzenia relacji na \u017cywo</p><br clear=\"all\" />", "persistent": false, "language": "pl-PL", "user": null}, {"source": "https://wydarzenia.interia.pl/feed", "link": "https://wydarzenia.interia.pl/raporty/raport-ukraina-rosja/nazywo/na-zywo-wojna-w-ukrainie-341-dzien-inwazji-rosji-relacja-na-zywo,nzId,3707,akt,300803", "title": "Wojna w Ukrainie. 341. dzie\u0144 inwazji Rosji. Relacja na \u017cywo", "date_published": "2023-01-30 04:38:54+00:00", "description": "<p><a href=\"https://wydarzenia.interia.pl/raporty/raport-ukraina-rosja/nazywo/na-zywo-wojna-w-ukrainie-341-dzien-inwazji-rosji-relacja-na-zywo,nzId,3707,akt,300803\"><img align=\"left\" alt=\"Wojna w Ukrainie. 341. dzie\u0144 inwazji Rosji. Relacja na \u017cywo\" src=\"https://i.iplsc.com/wojna-w-ukrainie-341-dzien-inwazji-rosji-relacja-na-zywo/000GOP3D8K52SV3S-C321.jpg\" /></a>Najnowsze informacje z frontu. Zapraszamy do \u015bledzenia relacji na \u017cywo</p><br clear=\"all\" />", "persistent": false, "language": "pl-PL", "user": null}], "source": {"url": "https://wydarzenia.interia.pl/feed", "title": "Wydarzenia Interia"}}