{"entries": [{"source": "https://www.theepochtimes.com/c-world/feed/", "link": "https://www.theepochtimes.com/trump-reiterates-call-for-peaceful-resolution-to-ukraine-war_5020815.html", "title": "Trump Reiterates Call for Peaceful Resolution to Ukraine War", "date_published": "2023-01-30 22:51:02+00:00", "description": "Former President Donald Trump addresses the crowd during a 2024 election campaign event in Columbia, South Carolina, on Jan. 28, 2023. (Logan Cyrus/AFP via Getty Images)", "persistent": false, "language": "en-US", "user": null}, {"source": "https://www.theepochtimes.com/c-world/feed/", "link": "https://www.theepochtimes.com/jordan-peterson-sets-up-pro-human-alternative-to-globalist-corporatist-world-economic-forum_5019757.html", "title": "Jordan Peterson Sets Up \u2018Pro-Human\u2019 Alternative to Globalist-Corporatist World Economic Forum", "date_published": "2023-01-30 22:27:00+00:00", "description": "Jordan Peterson speaks at the 2018 Student Action Summit at the Palm Beach County Convention Center in West Palm Beach, Fla., on Dec. 20, 2018. (Gage Skidmore/CC BY-SA 2.0)", "persistent": false, "language": "en-US", "user": null}, {"source": "https://www.theepochtimes.com/c-world/feed/", "link": "https://www.theepochtimes.com/we-need-a-record-national-citizens-inquiry-on-covid-19-response-set-to-begin-in-march_5017543.html", "title": "\u2018We Need a Record\u2019: National Citizens\u2019 Inquiry on COVID-19 Response Set to Begin in March", "date_published": "2023-01-30 22:26:58+00:00", "description": "Traffic on Highway 401 passes under a COVID-19 sign in Toronto on April 6, 2020. (Frank Gunn/The Canadian Press)", "persistent": false, "language": "en-US", "user": null}, {"source": "https://www.theepochtimes.com/c-world/feed/", "link": "https://www.theepochtimes.com/trudeau-says-he-will-facilitate-meeting-between-anti-islamophobia-rep-and-blanchet_5020678.html", "title": "Trudeau Says He Will Facilitate Meeting Between Anti-Islamophobia Rep and Blanchet", "date_published": "2023-01-30 21:25:54+00:00", "description": "Bloc Qu\u00e9b\u00e9cois Leader Yves-Francois Blanchet speaks with reporters in Ottawa on Oct. 26, 2022. (The Canadian Press/Adrian Wyld)", "persistent": false, "language": "en-US", "user": null}, {"source": "https://www.theepochtimes.com/c-world/feed/", "link": "https://www.theepochtimes.com/unprecedented-swing-in-housing-demand-report-says-995000-arrivals-to-canada-straining-housing-supply_5020991.html", "title": "\u2018Unprecedented Swing in Housing Demand\u2019: Report Says 995,000 Arrivals to Canada Straining Housing Supply", "date_published": "2023-01-30 21:16:11+00:00", "description": "A person walks by a row of houses in Toronto on July 12, 2022. (Cole Burston/The Canadian Press)", "persistent": false, "language": "en-US", "user": null}, {"source": "https://www.theepochtimes.com/c-world/feed/", "link": "https://www.theepochtimes.com/bolsonaro-brazils-former-president-has-applied-for-us-tourist-visa_5020989.html", "title": "Bolsonaro, Brazil\u2019s Former President, Has Applied for US Tourist Visa", "date_published": "2023-01-30 21:15:47+00:00", "description": "Brazil's President Jair Bolsonaro looks on after a ceremony about the National Policy for Education at the Planalto Palace in Brasilia, Brazil, on June 20, 2022. (Ueslei Marcelino/Reuters)", "persistent": false, "language": "en-US", "user": null}, {"source": "https://www.theepochtimes.com/c-world/feed/", "link": "https://www.theepochtimes.com/dozens-of-canadian-universities-collaborated-with-chinese-military-institute-in-academic-research-report_5019902.html", "title": "Dozens of Canadian Universities Collaborated With Chinese Military Institute in Academic Research: Report", "date_published": "2023-01-30 21:08:07+00:00", "description": "Military vehicles carrying HHQ-9B surface-to-air missiles participate in a military parade at Tiananmen Square in Beijing on October 1, 2019, to mark the 70th anniversary of the founding of the Peoples Republic of China. (GREG BAKER/AFP via Getty Images)", "persistent": false, "language": "en-US", "user": null}, {"source": "https://www.theepochtimes.com/c-world/feed/", "link": "https://www.theepochtimes.com/tempering-steel-activist-reflects-on-meaning-of-suffering-after-reading-article-by-founder-of-falun-gong_5019929.html", "title": "Tempering Steel: Activist Reflects on Meaning of Suffering After Reading Article by Founder of Falun Gong", "date_published": "2023-01-30 20:29:59+00:00", "description": "Duan Jinggang in Jokhang Temple, Tibet, in 2011. (Courtesy of Duan Jinggang)", "persistent": false, "language": "en-US", "user": null}, {"source": "https://www.theepochtimes.com/c-world/feed/", "link": "https://www.theepochtimes.com/federal-bank-awarded-senior-staff-104m-in-bonuses-and-raises-during-pandemic-taxpayers-federation_5020505.html", "title": "Federal Bank Awarded Senior Staff $104M in Bonuses, Raises During Pandemic: Taxpayers\u2019 Federation: Taxpayers\u2019 Federation", "date_published": "2023-01-30 20:23:26+00:00", "description": "King Street West, a major commercial and entertainment district in  in Toronto, on April 23, 2020. (Emma McIntyre/Getty Images)", "persistent": false, "language": "en-US", "user": null}, {"source": "https://www.theepochtimes.com/c-world/feed/", "link": "https://www.theepochtimes.com/singh-meeting-with-trudeau-about-private-health-care-ahead-of-sit-down-with-premiers_5020846.html", "title": "Singh Meeting With Trudeau About Private Health Care Ahead of Sit-Down With Premiers", "date_published": "2023-01-30 20:21:27+00:00", "description": "New Democratic Party leader Jagmeet Singh listens to a question during an availability on Parliament Hill, Jan. 19, 2023 in Ottawa. (The Canadian Press/Adrian Wyld)", "persistent": false, "language": "en-US", "user": null}, {"source": "https://www.theepochtimes.com/c-world/feed/", "link": "https://www.theepochtimes.com/uk-government-admits-to-monitoring-covid-lockdown-critics-on-social-media-platforms_5019567.html", "title": "UK Government Admits to Monitoring COVID Lockdown Critics on Social Media Platforms", "date_published": "2023-01-30 20:15:32+00:00", "description": "A person using a computer in an undated file photo. (Dominic Lipinski/PA Media)", "persistent": false, "language": "en-US", "user": null}, {"source": "https://www.theepochtimes.com/c-world/feed/", "link": "https://www.theepochtimes.com/uk-defence-ministry-to-probe-old-wi-fi-contract-following-report-of-chinese-involvement_5019847.html", "title": "UK Defence Ministry to Probe Old Wi-fi Contract Following Report of Chinese Involvement", "date_published": "2023-01-30 20:05:42+00:00", "description": "Undated file photo of the sign for the Ministry of Defence in London. (Tim Ireland/PA Media)", "persistent": false, "language": "en-US", "user": null}, {"source": "https://www.theepochtimes.com/c-world/feed/", "link": "https://www.theepochtimes.com/professor-gives-final-assessment-on-covid-lockdowns_5004732.html", "title": "Professor Gives \u2018Final Assessment\u2019 on COVID Lockdowns", "date_published": "2023-01-30 19:46:18+00:00", "description": "A man walks down a quiet Saint-Catherine Street under Quebec's COVID-19 lockdown in Montreal, on Jan. 11, 2021. (The Canadian Press/Paul Chiasson)", "persistent": false, "language": "en-US", "user": null}, {"source": "https://www.theepochtimes.com/c-world/feed/", "link": "https://www.theepochtimes.com/alberta-premier-danielle-smith-opposes-assisted-dying-expansion-as-ottawa-eyes-delay_5020502.html", "title": "Alberta Premier Danielle Smith Opposes Assisted-Dying Expansion as Ottawa Eyes Delay", "date_published": "2023-01-30 18:37:14+00:00", "description": "Alberta Premier Danielle Smith's office says the province objects to Ottawa's plan to extend eligibility for medically assisted death to people whose sole underlying condition is a mental illness. Smith gives an update in Calgary, Jan. 10, 2023. (The Canadian Press/Jeff McIntosh)", "persistent": false, "language": "en-US", "user": null}, {"source": "https://www.theepochtimes.com/c-world/feed/", "link": "https://www.theepochtimes.com/uk-adopts-new-rules-to-tackle-abuse-of-modern-slavery-laws-by-illegal-immigrants_5020303.html", "title": "UK Adopts New Rules to Tackle Abuse of Modern Slavery Laws by Illegal Immigrants", "date_published": "2023-01-30 18:36:19+00:00", "description": "Home Secretary Suella Braverman arrives in Downing Street, London, on Jan. 10, 2023. (Stefan Rousseau/PA Media)", "persistent": false, "language": "en-US", "user": null}, {"source": "https://www.theepochtimes.com/c-world/feed/", "link": "https://www.theepochtimes.com/quebec-calls-for-resignation-of-federal-governments-anti-islamophobia-representative_5020354.html", "title": "Quebec Calls for Resignation of Federal Government\u2019s Anti-Islamophobia Representative", "date_published": "2023-01-30 18:34:35+00:00", "description": "Quebec Secularism Minister Jean-Fran\u00e7ois Roberge tables legislation at the legislature in Quebec City, Dec. 6, 2022. (The Canadian Press/Jacques Boissinot)", "persistent": false, "language": "en-US", "user": null}, {"source": "https://www.theepochtimes.com/c-world/feed/", "link": "https://www.theepochtimes.com/dutch-govt-plans-new-digital-id-project-with-canada-says-wef-initiative-is-done_5020401.html", "title": "Dutch Gov\u2019t Plans New Digital ID Project With Canada, Says WEF Initiative Is Done", "date_published": "2023-01-30 18:20:12+00:00", "description": "A KLM airplane landed from Johannesburg, South Africa, is parked at the gate E19 at the Schiphol Airport, The Netherlands, on Nov. 27, 2021. (Sem Van Der Wal/ANP/AFP via Getty Images)", "persistent": false, "language": "en-US", "user": null}, {"source": "https://www.theepochtimes.com/c-world/feed/", "link": "https://www.theepochtimes.com/who-says-covid-19-is-a-global-health-emergency-at-transition-point_5020240.html", "title": "WHO Says COVID-19 Is Still a Global Health Emergency, at \u2018Transition Point\u2019", "date_published": "2023-01-30 18:18:36+00:00", "description": "A sign of the World Health Organization in Geneva, Switzerland, on April 24, 2020. (Fabrice Coffrini/AFP via Getty Images)", "persistent": false, "language": "en-US", "user": null}, {"source": "https://www.theepochtimes.com/c-world/feed/", "link": "https://www.theepochtimes.com/us-professional-skier-named-as-1-victim-of-japan-avalanche_5019621.html", "title": "US Professional Skier Named as 1 Victim of Japan Avalanche", "date_published": "2023-01-30 17:33:14+00:00", "description": "Rescue workers ride a gondola at a ski resort as they take part in a search for missing skiers following an avalanche the previous day, in the village of Otari in Nagano Prefecture, central Japan, on Jan. 30, 2023. (Kyodo via Reuters)", "persistent": false, "language": "en-US", "user": null}, {"source": "https://www.theepochtimes.com/c-world/feed/", "link": "https://www.theepochtimes.com/south-koreas-rapid-progress-in-hypersonic-missiles-could-become-a-major-deterrent-to-north-korea-experts-say_5019859.html", "title": "South Korea\u2019s Rapid Progress in Hypersonic Missiles Could Become a Major Deterrent to North Korea, Experts Say", "date_published": "2023-01-30 17:32:41+00:00", "description": "A missile is launched during what state media report is a hypersonic missile test at an undisclosed location in North Korea, on Jan. 11, 2022, in this photo released by North Korea's Korean Central News Agency (KCNA) on Jan. 12, 2022.  (KCNA via Reuters)", "persistent": false, "language": "en-US", "user": null}, {"source": "https://www.theepochtimes.com/c-world/feed/", "link": "https://www.theepochtimes.com/fire-still-burning-djokovic-and-goat-debate-move-on-to-paris_5019643.html", "title": "Fire Still Burning, Djokovic and GOAT Debate Move on to Paris", "date_published": "2023-01-30 17:20:27+00:00", "description": "Serbia's Novak Djokovic poses with the trophy during Australian Open champion in Government House, Melbourne, Australia, on Jan. 30, 2023. (Carl Recine/Reuters)", "persistent": false, "language": "en-US", "user": null}, {"source": "https://www.theepochtimes.com/c-world/feed/", "link": "https://www.theepochtimes.com/bc-events-mark-one-year-anniversary-of-convoy-protests_5019983.html", "title": "BC Events Mark One-Year Anniversary of Convoy Protests", "date_published": "2023-01-30 16:53:02+00:00", "description": "A convoy of vehicles outside Merritt, B.C., marks the one-year anniversary of trucker convoy protests against COVID-19 mandates, on Jan. 28, 2023. (Courtesy Bruce Orydzuk)", "persistent": false, "language": "en-US", "user": null}, {"source": "https://www.theepochtimes.com/c-world/feed/", "link": "https://www.theepochtimes.com/house-committee-set-to-begin-federal-electoral-redistricting-review_5019951.html", "title": "House Committee Set to Begin Federal Electoral Redistricting Review", "date_published": "2023-01-30 16:31:44+00:00", "description": "A voter heads to cast their vote in Canada's federal election at the Fairbanks Interpretation Centre in Dartmouth, N.S., Monday, Oct. 21, 2019. (The Canadian Press/Andrew Vaughan)", "persistent": false, "language": "en-US", "user": null}, {"source": "https://www.theepochtimes.com/c-world/feed/", "link": "https://www.theepochtimes.com/eu-officials-remarks-about-hate-speech-laws-coming-to-america-very-chilling-free-speech-advocate-says_5015937.html", "title": "EU Official\u2019s Remarks About Hate Speech Laws Coming to America \u2018Very Chilling,\u2019 Free Speech Advocate Says", "date_published": "2023-01-30 16:23:55+00:00", "description": "European Union flags flutter outside the EU Commission headquarters in Brussels on June 17, 2022. (Yves Herman/Reuters)", "persistent": false, "language": "en-US", "user": null}, {"source": "https://www.theepochtimes.com/c-world/feed/", "link": "https://www.theepochtimes.com/azov-special-operations-regiment-becomes-separate-assault-brigade-with-ukrainian-armys-ground-forces_5019474.html", "title": "Azov Special Operations Regiment Becomes \u2018Separate Assault Brigade\u2019 With Ukrainian Army\u2019s Ground Forces", "date_published": "2023-01-30 16:20:04+00:00", "description": "Recruits of the Azov Ukrainian volunteer battalion take their oaths during a ceremony in Kyiv, on Aug. 14, 2015. (Sergei Supinsky/AFP via Getty Images)", "persistent": false, "language": "en-US", "user": null}, {"source": "https://www.theepochtimes.com/c-world/feed/", "link": "https://www.theepochtimes.com/trucks-crash-into-commuters-in-nigerias-south-20-dead_5019781.html", "title": "Trucks Crash Into Commuters in Nigeria\u2019s South; 20 Dead", "date_published": "2023-01-30 16:15:07+00:00", "description": "An ambulance drives in Lagos, Nigeria, on Jan. 16, 2012. (Pius Utomi Ekpei/AFP via Getty Images)", "persistent": false, "language": "en-US", "user": null}, {"source": "https://www.theepochtimes.com/c-world/feed/", "link": "https://www.theepochtimes.com/parliamentarians-return-to-house-of-commons-facing-rocky-economic-year_5020013.html", "title": "Parliamentarians Return to House of Commons Facing Rocky Economic Year", "date_published": "2023-01-30 15:43:29+00:00", "description": "Prime Minister Justin Trudeau stands during question period in the House of Commons on Parliament Hill in Ottawa, on Nov. 30, 2022. (The Canadian Press/Sean Kilpatrick)", "persistent": false, "language": "en-US", "user": null}, {"source": "https://www.theepochtimes.com/c-world/feed/", "link": "https://www.theepochtimes.com/german-economy-shrank-0-2-percent-in-4th-quarter-worse-than-expected_5019596.html", "title": "German Economy Shrank 0.2 Percent in 4th Quarter, Worse Than Expected", "date_published": "2023-01-30 15:38:50+00:00", "description": "A person walks past a store at the famous shopping road Kurfuerstendamm, better known as 'Kudamm', in Berlin, Germany, on Oct. 11, 2022. (Michael Sohn/AP Photo)", "persistent": false, "language": "en-US", "user": null}, {"source": "https://www.theepochtimes.com/c-world/feed/", "link": "https://www.theepochtimes.com/ndp-to-call-for-emergency-debate-in-house-of-commons-over-private-health-care_5020002.html", "title": "NDP to Call for Emergency Debate in House of Commons Over Private Health Care", "date_published": "2023-01-30 15:37:35+00:00", "description": "NDP leader Jagmeet Singh speaks to reporters on Parliament Hill in Ottawa on Dec. 7, 2022. (The Canadian Press/Sean Kilpatrick)", "persistent": false, "language": "en-US", "user": null}, {"source": "https://www.theepochtimes.com/c-world/feed/", "link": "https://www.theepochtimes.com/norway-finds-rare-earth-metals-that-could-make-europe-less-dependent-on-china_5019784.html", "title": "Norway Finds Rare Earth Metals That Could Make Europe Less Dependent on China", "date_published": "2023-01-30 15:29:10+00:00", "description": "Kjersti Dahle, NPD director technology, analysis and coexistence  (The Norwegian Petroleum Directorate photo)", "persistent": false, "language": "en-US", "user": null}, {"source": "https://www.theepochtimes.com/c-world/feed/", "link": "https://www.theepochtimes.com/house-of-lords-urged-to-back-proper-penalties-for-disruptive-protesters_5019795.html", "title": "House of Lords Urged to Back \u2018Proper Penalties\u2019 for Disruptive Protesters", "date_published": "2023-01-30 15:20:05+00:00", "description": "Just Stop Oil protesters block traffic in Parliament Square in London, on Oct. 4, 2022. (Dan Kitwood/Getty Images)", "persistent": false, "language": "en-US", "user": null}, {"source": "https://www.theepochtimes.com/c-world/feed/", "link": "https://www.theepochtimes.com/nato-seeks-stronger-ties-with-south-korea-as-north-korea-accused-of-arming-russia_5019449.html", "title": "NATO Seeks \u2018Stronger\u2019 Ties With South Korea as North Korea Accused of Arming Russia", "date_published": "2023-01-30 15:18:20+00:00", "description": "NATO Secretary-General Jens Stoltenberg gives a press conference after a bilateral meeting at the NATO headquarters in Brussels, Belgium, on Dec. 10, 2021. (John Thys/AFP via Getty Images)", "persistent": false, "language": "en-US", "user": null}, {"source": "https://www.theepochtimes.com/c-world/feed/", "link": "https://www.theepochtimes.com/britishvolt-was-highly-risky-project-and-government-should-walk-away-from-it-energy-expert_5015166.html", "title": "Britishvolt Was \u2018Highly Risky Project\u2019 and Government Should Walk Away From It: Energy Expert", "date_published": "2023-01-30 15:13:55+00:00", "description": "Peter Rolton, executive chairman of Britishvolt, at the site of the company's planned electric battery factory in Blyth, England, on Jan. 27, 2022. (Reuters/Nick Carey)", "persistent": false, "language": "en-US", "user": null}, {"source": "https://www.theepochtimes.com/c-world/feed/", "link": "https://www.theepochtimes.com/ccp-policies-create-artificial-energy-crisis-as-chinese-citizens-lack-winter-heating_5019515.html", "title": "CCP Policies Create \u2018Artificial\u2019 Energy Crisis as Chinese Citizens Lack Winter Heating", "date_published": "2023-01-30 14:39:03+00:00", "description": "A man stands outside during heavy snowfall in Harbin in northeast China\u2019s Heilongjiang province on Nov. 18, 2013. (STR/AFP/Getty Images)", "persistent": false, "language": "en-US", "user": null}, {"source": "https://www.theepochtimes.com/c-world/feed/", "link": "https://www.theepochtimes.com/canadian-theater-sparks-backlash-after-announcing-performances-for-black-identifying-audiences_5019573.html", "title": "Canadian Theater Sparks Backlash After Announcing Performances for \u2018Black-Identifying Audiences\u2019", "date_published": "2023-01-30 14:26:12+00:00", "description": "The National Arts Centre in Ottawa, Canada, in May 2021. (Google Maps/Screenshot via The Epoch Times)", "persistent": false, "language": "en-US", "user": null}, {"source": "https://www.theepochtimes.com/c-world/feed/", "link": "https://www.theepochtimes.com/michael-taube-airlines-need-an-open-skies-policy-not-a-new-bill-of-passenger-rights_5018789.html", "title": "Michael Taube: Airlines Need an Open Skies Policy, Not a New Bill of Passenger Rights", "date_published": "2023-01-30 14:25:58+00:00", "description": "An Air Canada aircraft is parked at a gate at Vancouver International Airport in Richmond, B.C., on Dec. 26, 2022. (The Canadian Press/Darryl Dyck)", "persistent": false, "language": "en-US", "user": null}, {"source": "https://www.theepochtimes.com/c-world/feed/", "link": "https://www.theepochtimes.com/cabinet-having-delicate-conversations-on-proposed-gun-restriction-bill-says-govt-house-leader_5019701.html", "title": "Cabinet Having \u2018Delicate Conversations\u2019 on Proposed Gun Restriction Bill, Says Gov\u2019t House Leader", "date_published": "2023-01-30 14:16:19+00:00", "description": "Leader of the Government in the House of Commons Mark Holland speaks during a news conference on Parliament Hill on Sept. 20, 2022. (Adrian Wyld/The Canadian Press)", "persistent": false, "language": "en-US", "user": null}, {"source": "https://www.theepochtimes.com/c-world/feed/", "link": "https://www.theepochtimes.com/toyota-defends-title-as-worlds-top-selling-automaker-in-2022_5019554.html", "title": "Toyota Defends Title as World\u2019s Top-Selling Automaker in 2022", "date_published": "2023-01-30 14:11:24+00:00", "description": "The Toyota logo on the bonnet of a newly launched Camry Hybrid electric vehicle at a hotel in New Delhi, India, on Jan. 18, 2019. (Anushree Fadnavis/Reuters)", "persistent": false, "language": "en-US", "user": null}, {"source": "https://www.theepochtimes.com/c-world/feed/", "link": "https://www.theepochtimes.com/russia-denies-putin-threatened-boris-johnson-with-missile-attack-in-pre-war-phone-call_5019713.html", "title": "Russia Denies Putin Threatened Boris Johnson With Missile Attack in Pre-War Phone Call", "date_published": "2023-01-30 13:07:08+00:00", "description": "Ukrainian President Volodymyr Zelenskyy (R) meeting British Prime Minister Boris Johnson, who has made a surprise visit to Kyiv, on June 17, 2022. (Ukrainian Presidential Press Office/PA Media)", "persistent": false, "language": "en-US", "user": null}, {"source": "https://www.theepochtimes.com/c-world/feed/", "link": "https://www.theepochtimes.com/suicide-bombing-at-mosque-in-pakistan-kills-32-targeted-police_5019678.html", "title": "Suicide Bombing at Mosque in Pakistan Kills 34, Targeted Police", "date_published": "2023-01-30 13:03:59+00:00", "description": "A police officer guides an ambulance after a suicide blast in a mosque, at police line area in Peshawar, Pakistan, on Jan. 30, 2023. (Fayaz Aziz/Reuters)", "persistent": false, "language": "en-US", "user": null}, {"source": "https://www.theepochtimes.com/c-world/feed/", "link": "https://www.theepochtimes.com/unprecedented-auckland-flash-flooding-caused-by-climate-change-new-zealand-pm_5019454.html", "title": "Unprecedented Auckland Flash Flooding Caused by Climate Change: New Zealand PM", "date_published": "2023-01-30 12:00:05+00:00", "description": "A vehicle is submerged in flooding at Kumeu as heavy rain causes extensive flooding and destruction in Auckland, New Zealand, on Aug. 31, 2021. (Fiona Goodall/Getty Images)", "persistent": false, "language": "en-US", "user": null}, {"source": "https://www.theepochtimes.com/c-world/feed/", "link": "https://www.theepochtimes.com/un-general-assembly-head-says-security-council-is-paralyzed-cannot-maintain-peace-amid-russia-ukraine-war_5019473.html", "title": "UN General Assembly Head Says Security Council Is \u2018Paralyzed\u2019, Cannot Maintain Peace Amid Russia\u2013Ukraine War", "date_published": "2023-01-30 11:40:55+00:00", "description": "The results of a General Assembly vote on a resolution is shown on a screen during a special session of the General Assembly at the United Nations headquarters in New York, on March 2, 2022. (Michael M. Santiago/Getty Images)", "persistent": false, "language": "en-US", "user": null}, {"source": "https://www.theepochtimes.com/c-world/feed/", "link": "https://www.theepochtimes.com/france-must-raise-pension-age-to-64-prime-minister-says_5018400.html", "title": "France Must Raise Pension Age to 64, Prime Minister Says", "date_published": "2023-01-30 08:02:03+00:00", "description": "People gather on Place de la Republique during a demonstration against proposed pension changes in Paris on Jan. 19, 2023. (Lewis Joly/AP Photo)", "persistent": false, "language": "en-US", "user": null}, {"source": "https://www.theepochtimes.com/c-world/feed/", "link": "https://www.theepochtimes.com/peru-bus-plunges-off-cliff-killing-at-least-24_5018370.html", "title": "Peru Bus Plunges Off Cliff, Killing at Least 24", "date_published": "2023-01-30 07:55:25+00:00", "description": "Bodies of victims are transported on the back of a pick-up truck after a bus carrying 60 passengers plunged off a cliff in the district of El Alto, Peru, on Jan. 28, 2023. (Piura Government/Handout via Reuters)", "persistent": false, "language": "en-US", "user": null}, {"source": "https://www.theepochtimes.com/c-world/feed/", "link": "https://www.theepochtimes.com/samsung-employees-to-get-low-carbon-meals-as-part-of-net-zero-climate-push_5019143.html", "title": "Samsung Employees to Get Low-Carbon Meals as Part of Net-Zero Climate Push", "date_published": "2023-01-30 06:59:24+00:00", "description": "The logo of Samsung Electronics in Seoul, South Korea, on March 23, 2018. (Kim Hong-Ji/Reuters)", "persistent": false, "language": "en-US", "user": null}, {"source": "https://www.theepochtimes.com/c-world/feed/", "link": "https://www.theepochtimes.com/chinese-students-forced-to-scramble-back-to-australia-as-beijing-shuts-the-door-on-online-study_5019184.html", "title": "Chinese Students Forced to Scramble Back to Australia as Beijing Shuts the Door on Online Study", "date_published": "2023-01-30 05:55:33+00:00", "description": "Students walk around the University of New South Wales campus in Sydney, Australia, on Dec. 1, 2020. (AP Photo/Mark Baker)", "persistent": false, "language": "en-US", "user": null}, {"source": "https://www.theepochtimes.com/c-world/feed/", "link": "https://www.theepochtimes.com/no-campaign-launches-against-voice-referendum_5019196.html", "title": "\u2018No\u2019 Campaign Launches Against Voice Referendum", "date_published": "2023-01-30 05:42:23+00:00", "description": "The Aboriginal Tent Embassy holds a family BBQ and entertainment in Canberra, Australia on Jan. 26, 2023. (Martin Ollman/Getty Images)", "persistent": false, "language": "en-US", "user": null}, {"source": "https://www.theepochtimes.com/c-world/feed/", "link": "https://www.theepochtimes.com/guangzhou-retirees-stage-mass-protests-over-cuts-to-medical-insurance-payments_5018617.html", "title": "Guangzhou Retirees Stage Mass Protests Over Cuts to Medical Insurance Payments", "date_published": "2023-01-30 03:41:06+00:00", "description": "Riot police in personal protection suits walk down a street during protests over COVID-19 restrictions in Guangzhou, a city in Guangdong province, China,  in this screen grab taken from a social media video released on Nov. 29, 2022. (Video Obtained by Reuters/via Reuters)", "persistent": false, "language": "en-US", "user": null}, {"source": "https://www.theepochtimes.com/c-world/feed/", "link": "https://www.theepochtimes.com/international-fugitive-doctor-convicted-of-fentanyl-drug-trafficking-loses-medical-licence_5019089.html", "title": "International Fugitive Doctor Convicted of Fentanyl Drug Trafficking Loses Medical Licence", "date_published": "2023-01-30 03:23:06+00:00", "description": "A U.S. Drug Enforcement Administration (DEA) chemist checks confiscated powder containing fentanyl at the DEA Northeast Regional Laboratory in New York on Oct. 8, 2019. (Don Emmert/AFP via Getty Images)", "persistent": false, "language": "en-US", "user": null}, {"source": "https://www.theepochtimes.com/c-world/feed/", "link": "https://www.theepochtimes.com/bus-crash-in-southern-pakistan-kills-at-least-41_5018348.html", "title": "Bus Crash in Southern Pakistan Kills at Least 41", "date_published": "2023-01-30 02:30:19+00:00", "description": "People work at the site of a bus crash in Lasbela District, Balochistan province, Pakistan, on Jan. 29, 2023. (Edhi Foundation/Handout/Reuters TV via Reuters)", "persistent": false, "language": "en-US", "user": null}, {"source": "https://www.theepochtimes.com/c-world/feed/", "link": "https://www.theepochtimes.com/undoing-zero-covid-reveals-the-ccps-greatest-fear_5019121.html", "title": "Undoing Zero-COVID Reveals the CCP\u2019s Greatest Fear", "date_published": "2023-01-30 01:56:01+00:00", "description": "Chinese leader Xi Jinping arrives to attend the APEC Economic Leaders Meeting during the Asia-Pacific Economic Cooperation, APEC summit in Bangkok on Nov. 19, 2022. (Jack Taylor/Pool Photo via AP)", "persistent": false, "language": "en-US", "user": null}, {"source": "https://www.theepochtimes.com/c-world/feed/", "link": "https://www.theepochtimes.com/liberal-green-energy-plan-adding-to-inflation-bank-of-canada-paper_5018968.html", "title": "Liberal \u2018Green Energy\u2019 Plan Adding to Inflation: Bank of Canada Paper", "date_published": "2023-01-30 00:52:21+00:00", "description": "Prime Minister Justin Trudeau (back L) celebrates with California Gov. Gavin Newsom (C) and California Senior Climate Adviser Lauren Sanchez (back R), as Canada's Environment Minister Steven Guilbeault (front L) and California Senior Environmental Protection Agency Chief Jerod Blumenthal sign a memorandum of cooperation on climate change at the California Science Center outside the ninth Summit of the Americas, in Los Angeles on June 9, 2022. (Richard Vogel/AP Photo)", "persistent": false, "language": "en-US", "user": null}, {"source": "https://www.theepochtimes.com/c-world/feed/", "link": "https://www.theepochtimes.com/china-announces-resumption-of-visas-for-japanese_5018393.html", "title": "China U-Turns on Visa Freeze for Japanese", "date_published": "2023-01-30 00:40:07+00:00", "description": "The Chinese Embassy in Tokyo on Jan. 11, 2023. (Kazushi Kurihara/Kyodo News via AP)", "persistent": false, "language": "en-US", "user": null}, {"source": "https://www.theepochtimes.com/c-world/feed/", "link": "https://www.theepochtimes.com/nsw-election-tackles-screen-addiction_5016885.html", "title": "NSW Election Tackles Screen Addiction", "date_published": "2023-01-30 00:07:17+00:00", "description": "Two children play video games on their phones. The world is seeing an explosion of smart phone usage that will have a long-term impact on human relationships. (Sean Gallup/Getty Images)", "persistent": false, "language": "en-US", "user": null}], "source": {"url": "https://www.theepochtimes.com/c-world/feed/", "title": "Epoch times world"}}