{"entries": [{"source": "https://businessinsider.com.pl/.feed", "link": "https://businessinsider.com.pl/wiadomosci/szkolenia-ukrainskich-zolnierzy-bundeswehra-poszukuje-rezerwistow/c9wzmfk", "title": "Bundeswehra poszukuje rezerwist\u00f3w do szkolenia ukrai\u0144skich \u017co\u0142nierzy", "date_published": "2023-01-30 20:50:20+00:00", "description": "Bundeswehra poszukuje oko\u0142o 50 rezerwist\u00f3w do pomocy w szkoleniu ukrai\u0144skich \u017co\u0142nierzy. Pierwsi \u017co\u0142nierze przyjechali do Niemiec w ubieg\u0142y czwartek, aby szkoli\u0107 si\u0119 na marderach.", "persistent": false, "language": "en-US", "user": null}, {"source": "https://businessinsider.com.pl/.feed", "link": "https://businessinsider.com.pl/twoje-pieniadze/praca/zwolnienia-w-google-i-facebooku-niemcy-kusza-inzynierow-z-doliny-krzemowej/pdccn88", "title": "\"Oni zwalniaj\u0105, my zatrudniamy\". Niemcy chc\u0105 skorzysta\u0107 na zwolnieniach w Dolinie Krzemowej", "date_published": "2023-01-30 20:08:19+00:00", "description": "W obliczu napi\u0119tego rynku pracy i niedoboru pracownik\u00f3w o kluczowych umiej\u0119tno\u015bciach w zakresie in\u017cynierii oprogramowania niekt\u00f3re niemieckie firmy postrzegaj\u0105 tysi\u0105ce zwolnie\u0144 w Dolinie Krzemowej jako okazj\u0119 do rekrutacji najlepszych talent\u00f3w \u2014 pisze Reuters.", "persistent": false, "language": "en-US", "user": null}, {"source": "https://businessinsider.com.pl/.feed", "link": "https://businessinsider.com.pl/wiadomosci/czolgi-dla-ukrainy-brytyjski-minister-mowi-kiedy-trafia-na-front/6bvwt4g", "title": "Czo\u0142gi dla Ukrainy. Brytyjski minister m\u00f3wi, kiedy trafi\u0105 na front", "date_published": "2023-01-30 19:37:45+00:00", "description": "Przekazane Ukrainie czo\u0142gi Challenger 2 trafi\u0105 na lini\u0119 frontu przed latem \u2014 zapowiedzia\u0142 w poniedzia\u0142ek Ben Wallace, minister obrony Wielkiej Brytanii.", "persistent": false, "language": "en-US", "user": null}, {"source": "https://businessinsider.com.pl/.feed", "link": "https://businessinsider.com.pl/lifestyle/sredniowieczne-zamki-na-sprzedaz-niektore-tansze-niz-mieszkanie/qpgz9bt", "title": "\u015aredniowieczne zamki wystawione na sprzeda\u017c. Niekt\u00f3re ta\u0144sze ni\u017c mieszkanie", "date_published": "2023-01-30 18:40:50+00:00", "description": "W Hiszpanii na sprzeda\u017c zosta\u0142y wystawione \u015bredniowieczne zamki. Niekt\u00f3re z nich mo\u017cna kupi\u0107 za cen\u0119 ni\u017csz\u0105 od mieszkania w du\u017cym mie\u015bcie. Najcz\u0119\u015bciej do sprzeda\u017cy zmuszaj\u0105 prywatnych w\u0142a\u015bcicieli koszty utrzymania posiad\u0142o\u015bci.", "persistent": false, "language": "en-US", "user": null}, {"source": "https://businessinsider.com.pl/.feed", "link": "https://businessinsider.com.pl/gospodarka/orban-ma-pomysl-na-nowe-zrodlo-gazu-wegry-z-duza-umowa-z-krajem-ze-wschodu/cq3lp04", "title": "W\u0119gry maj\u0105 pomys\u0142 na \u017ar\u00f3d\u0142o gazu. Du\u017ca umowa z partnerem ze Wschodu", "date_published": "2023-01-30 18:30:04+00:00", "description": "\u2014 W chwili obecnej najbardziej realnym scenariuszem dywersyfikacji dla Europy jest transport energii z Azerbejd\u017canu \u2014 powiedzia\u0142 w poniedzia\u0142ek w Budapeszcie premier W\u0119gier Viktor Orban na wsp\u00f3lnej konferencji z prezydentem Azerbejd\u017canu Ilhamem Alijewem.", "persistent": false, "language": "en-US", "user": null}, {"source": "https://businessinsider.com.pl/.feed", "link": "https://businessinsider.com.pl/gospodarka/ile-zaplacimy-za-prad-prezes-pge-ceny-energii-w-przyszlosci-beda-wyzsze/81n94fy", "title": "Prezes PGE na debacie z wiceministrem: nie mo\u017cemy sobie mydli\u0107 oczu, ceny energii w przysz\u0142o\u015bci b\u0119d\u0105 wy\u017csze", "date_published": "2023-01-30 18:07:52+00:00", "description": "\u2014 Energetyka ma si\u0119 opiera\u0107 na \u017ar\u00f3d\u0142ach nisko\u2014 i zeroemisyjnych i ma dawa\u0107 bezpiecze\u0144stwo energetyczne, czyli m.in. pr\u0105d w akceptowalnych cenach \u2014 zapewnia\u0142 podczas dyskusji z prezesami sp\u00f3\u0142ek energetycznych, wiceminister aktyw\u00f3w Karol Rabenda. Prezes PGE Wojciech D\u0105browski nie mia\u0142 jednak w\u0105tpliwo\u015bci. \u2014 Nie mo\u017cemy sobie mydli\u0107 oczu, ceny energii w przysz\u0142o\u015bci b\u0119d\u0105 wy\u017csze \u2014 m\u00f3wi\u0142. I argumentowa\u0142 dlaczego.", "persistent": false, "language": "en-US", "user": null}, {"source": "https://businessinsider.com.pl/.feed", "link": "https://businessinsider.com.pl/gospodarka/kaliningrad-gazprom-ominal-sankcje-sam-uruchomil-zaklad/gmycz81", "title": "Tak Gazprom omin\u0105\u0142 sankcje. Sam uruchomi\u0142 zak\u0142ad", "date_published": "2023-01-30 18:01:32+00:00", "description": "Po tym, jak niemiecki koncern wycofa\u0142 si\u0119 z projektu w wyniku sankcji, Gazprom sam uruchomi\u0142 zak\u0142ad produkcji LNG w t\u0142oczni Portowaja. Jak zdo\u0142a\u0142 to uczyni\u0107, skoro nie ma potrzebnej technologii? Gigant uwa\u017ca, \u017ce ten ruch wzmocni bezpiecze\u0144stwo Obwodu Kaliningradzkiego.", "persistent": false, "language": "en-US", "user": null}, {"source": "https://businessinsider.com.pl/.feed", "link": "https://businessinsider.com.pl/biznes/orlen-i-azoty-zawyzaja-ceny-nawozow-agrounia-cena-nie-jest-uczciwa/8t7n58r", "title": "Orlen i Azoty zawy\u017caj\u0105 ceny nawoz\u00f3w? \"Cena powinna by\u0107 uczciwa, a dzi\u015b nie jest\"", "date_published": "2023-01-30 17:41:08+00:00", "description": "Ostatnie tygodnie przynios\u0142y spadki cen nawoz\u00f3w w Europie, si\u0119gaj\u0105ce nawet kilkudziesi\u0119ciu procent. To efekt taniej\u0105cego gazu. \u2014 Kiedy gaz dro\u017ca\u0142 w Europie, cena nawoz\u00f3w wzrasta\u0142a z dnia na dzie\u0144. Kiedy gaz jest najta\u0144szy od d\u0142ugiego czasu, cena nawoz\u00f3w pozostaje nadal wysoka. To jaki\u015b absurd \u2014 t\u0142umaczy Business Insiderowi prezes Agrounii Micha\u0142 Ko\u0142odziejczak. Wed\u0142ug ekspert\u00f3w ceny w Polsce ju\u017c w najbli\u017cszym czasie mog\u0105 spa\u015b\u0107 o 20-30 proc. Istotna b\u0119dzie tu nie tylko presja rolnik\u00f3w, ale te\u017c polityk\u00f3w. \u2014 Mamy rok wyborczy, a rolnicy to du\u017ca cz\u0119\u015b\u0107 elektoratu \u2014 przekonuje Jakub Szkopek z Erste Securities.", "persistent": false, "language": "en-US", "user": null}, {"source": "https://businessinsider.com.pl/.feed", "link": "https://businessinsider.com.pl/prawo/firma/przepis-ktory-ratuje-kaczynskiego-uderzy-w-firmy/2xcfe3j", "title": "Przepis pod Kaczy\u0144skiego. Prezes skorzysta, inni niekoniecznie", "date_published": "2023-01-30 17:31:48+00:00", "description": "Senat zajmie si\u0119 nowelizacj\u0119 kodeksu post\u0119powania cywilnego, kt\u00f3ra co do zasady naprawia reform\u0119 z 2019 r. Znalaz\u0142 si\u0119 w niej przepis, kt\u00f3ry umo\u017cliwi Jaros\u0142awowi Kaczy\u0144skiemu unikni\u0119cia zap\u0142aty ponad 700 tys. z\u0142. I o ile prezes Kaczy\u0144ski skorzysta z nowego przepisu, to inni niekoniecznie. Pokrzywdzone mog\u0105 by\u0107 m.in. firmy, bo szkalowanie dobrego imienia b\u0119dzie op\u0142acalne.", "persistent": false, "language": "en-US", "user": null}, {"source": "https://businessinsider.com.pl/.feed", "link": "https://businessinsider.com.pl/firmy/gaming-nie-jest-juz-nietykalny-rynek-gier-dopadl-pierwszy-kryzys-w-historii/lyy0w11", "title": "Ta bran\u017ca nie jest ju\u017c nietykalna. Rynek gier z pierwszym spadkiem w historii", "date_published": "2023-01-30 17:31:13+00:00", "description": "Rynek gier przyzwyczai\u0142 analityk\u00f3w, inwestor\u00f3w, a tak\u017ce samych graczy do tego, \u017ce nieustannie, z roku na rok robi\u0142 si\u0119 coraz wi\u0119kszy. Okazuje si\u0119 jednak, \u017ce spowolnienie gospodarcze dopad\u0142o r\u00f3wnie\u017c t\u0119 bran\u017c\u0119. Jak szacuj\u0105 eksperci NewZoo, wiele wskazuje na to, \u017ce przychody w ubieg\u0142ym roku zauwa\u017calnie si\u0119 skurczy\u0142y.", "persistent": false, "language": "en-US", "user": null}, {"source": "https://businessinsider.com.pl/.feed", "link": "https://businessinsider.com.pl/technologie/stworzyli-robota-ktory-zmienil-sie-w-ciecz-aby-uciec-z-klatki-wideo/qtk1ts4", "title": "Prze\u0142om w robotyce. Naukowcy stworzyli robota, kt\u00f3ry zmienia sw\u00f3j stan skupienia [WIDEO]", "date_published": "2023-01-30 17:07:38+00:00", "description": "Wed\u0142ug ustale\u0144 opublikowanych w czasopi\u015bmie naukowym Matter naukowcy twierdz\u0105, \u017ce stworzyli robota zmieniaj\u0105cego kszta\u0142t. Robot mo\u017ce \"prze\u0142\u0105cza\u0107\" sw\u00f3j stan skupienia mi\u0119dzy ciecz\u0105 i cia\u0142em sta\u0142ym, przewodzi pr\u0105d i ma zdolno\u015bci magnetyczne,", "persistent": false, "language": "en-US", "user": null}, {"source": "https://businessinsider.com.pl/.feed", "link": "https://businessinsider.com.pl/biznes/ceny-jaj-szaleja-czym-mozna-je-zastapic-sprawdzamy/m1msejf", "title": "Jajka z konopi i grochu. Kiedy ceny jaj szalej\u0105, wykluwa si\u0119 nowy biznes", "date_published": "2023-01-30 16:44:01+00:00", "description": "Sproszkowane nasiona lnu, nasiona chia, m\u0105ka ziemniaczana albo z tapioki. Dojrza\u0142y banan, mus z jab\u0142ek lub dyni, woda z ciecierzycy\u2014 ro\u015blinnych zamiennik\u00f3w jaj na rynku jest mn\u00f3stwo i wbrew pozorom nie s\u0105 to egzotyczne produkty. O ile pieczenie i gotowanie bez wykorzystania kurzych jaj jest proste, o tyle smak i konsystencj\u0119 prawdziwych jaj uzyska\u0107 jest trudniej. Na rynku powstaj\u0105 jednak pierwsze syntetyczne zamienniki jajek, a jeden z nich opracowa\u0142 start-up z Polski.", "persistent": false, "language": "en-US", "user": null}, {"source": "https://businessinsider.com.pl/.feed", "link": "https://businessinsider.com.pl/biznes/ostrzezenia-na-butelkach-alkoholu-na-producentow-padl-blady-strach/m472bcv", "title": "Etykiety butelek na alkohol z ostrze\u017ceniem zdrowotnym? Producenci kwestionuj\u0105", "date_published": "2023-01-30 16:38:35+00:00", "description": "W Europie toczy si\u0119 walka o plan Irlandii dotycz\u0105cy umieszczania ostrze\u017ce\u0144 zdrowotnych na butelkach wina, piwa i napoj\u00f3w spirytusowych.", "persistent": false, "language": "en-US", "user": null}, {"source": "https://businessinsider.com.pl/.feed", "link": "https://businessinsider.com.pl/finanse/handel/oto-manipulacje-sklepow-w-internecie-ue-te-triki-w-e-commerce-sa-norma/r0wkgsc", "title": "Manipulacje w sklepach internetowych to norma. Oto najcz\u0119stsze triki sprzedawc\u00f3w", "date_published": "2023-01-30 16:25:03+00:00", "description": "Komisja Europejska i krajowe organy ds. ochrony konsument\u00f3w z 23 pa\u0144stw cz\u0142onkowskich, Norwegii i Islandii opublikowa\u0142y wyniki akcji kontrolnej stron internetowych zwi\u0105zanych z handlem detalicznym. Wyniki nie napawaj\u0105 optymizmem. Kontrola obj\u0119\u0142a 399 sklep\u00f3w internetowych. Manipulacyjne praktyki internetowe by\u0142y masowe, a Komisja Europejska przedstawi\u0142a najpopularniejsze z nich.", "persistent": false, "language": "en-US", "user": null}, {"source": "https://businessinsider.com.pl/.feed", "link": "https://businessinsider.com.pl/biznes/mieso-wieloryba-z-automatu-japonska-firma-znalazla-nisze/54n9vsz", "title": "Mi\u0119so wieloryba z automatu. Japo\u0144ska firma znalaz\u0142a nisz\u0119", "date_published": "2023-01-30 16:07:22+00:00", "description": "Japo\u0144ska firma b\u0119dzie sprzedawa\u0107 w automatach mi\u0119so wieloryba za 8 dol. Firma zamierza ustawia\u0107 automaty w pobli\u017cu supermarket\u00f3w, w kt\u00f3rych mi\u0119so wieloryba nie jest ju\u017c sprzedawane, cz\u0119sto z powodu nacisk\u00f3w aktywist\u00f3w sprzeciwiaj\u0105cych si\u0119 po\u0142owom.", "persistent": false, "language": "en-US", "user": null}, {"source": "https://businessinsider.com.pl/.feed", "link": "https://businessinsider.com.pl/wiadomosci/w-czechach-general-zostaje-prezydentem-czemu-wiec-w-polsce-generalowie-sa/5weddc5", "title": "W Czechach genera\u0142 zostaje prezydentem. Czemu wi\u0119c w Polsce genera\u0142owie s\u0105 komentatorami?", "date_published": "2023-01-30 15:39:17+00:00", "description": "W Czechach gen. Petr Pavel w\u0142a\u015bnie wygra\u0142 wybory prezydenckie. Nie wszystkich to dziwi \u2013 w ko\u0144cu w wielu krajach genera\u0142owie po zako\u0144czeniu s\u0142u\u017cby robi\u0105 fantastyczne kariery biznesowe czy polityczne. Tylko Polski ta zasada wydaje si\u0119 nie dotyczy\u0107. Mo\u017ce to si\u0119 odbi\u0107 nam spor\u0105 czkawk\u0105.", "persistent": false, "language": "en-US", "user": null}, {"source": "https://businessinsider.com.pl/.feed", "link": "https://businessinsider.com.pl/wiadomosci/reuters-grupa-aktywistow-z-niemiec-robi-zbiorki-dla-rosji/mvcmj79", "title": "Reuters: grupa aktywist\u00f3w z Niemiec robi zbi\u00f3rki dla Rosji", "date_published": "2023-01-30 15:22:30+00:00", "description": "Jak informuje Reuters, grupa prorosyjskich aktywist\u00f3w z Niemiec przekaza\u0142a 500 euro na zakup sprz\u0119tu \u0142\u0105czno\u015bci dla jednej z dywizji rosyjskiego wojska walcz\u0105cej w Ukrainie. Liderzy tego \u015brodowiska to osoby, kt\u00f3re wcze\u015bniej prowadzi\u0142y kampani\u0119 domagaj\u0105c\u0105 si\u0119 od niemieckiego rz\u0105du zaprzestania dostarczania broni Ukrainie.", "persistent": false, "language": "en-US", "user": null}, {"source": "https://businessinsider.com.pl/.feed", "link": "https://businessinsider.com.pl/wiadomosci/badanie-snu-1000-dolarow-za-podjadanie-sera-w-nocy/3nfzwf2", "title": "Badacze snu chc\u0105 p\u0142aci\u0107 za podjadanie sera w nocy", "date_published": "2023-01-30 15:22:13+00:00", "description": "Je\u015bli zarabianie na jedzeniu sera ka\u017cdej nocy, niczym posta\u0107 z \"30 Rock\" Liz Lemon, brzmi jak spe\u0142nienie marze\u0144, mo\u017cesz by\u0107 idealnym kandydatem do udzia\u0142u w badaniach nad wp\u0142ywem sera na sen.", "persistent": false, "language": "en-US", "user": null}, {"source": "https://businessinsider.com.pl/.feed", "link": "https://businessinsider.com.pl/gielda/wiadomosci/zwolnienia-w-it-philips-tnie-tysiace-etatow-na-swiecie/g6bdwrp", "title": "Philips zwolni na raty tysi\u0105ce pracownik\u00f3w. Ma rozpisany harmonogram", "date_published": "2023-01-30 15:15:28+00:00", "description": "Kolejny technologiczny gigant tnie etaty. Philips w sumie zmniejszy zatrudnienie o 13 proc. Og\u0142osi\u0142 ci\u0119cie kolejnych 6 tys. miejsc pracy. Ca\u0142y proces ma si\u0119 zako\u0144czy\u0107 do 2025 r.", "persistent": false, "language": "en-US", "user": null}, {"source": "https://businessinsider.com.pl/.feed", "link": "https://businessinsider.com.pl/wiadomosci/elektrownia-atomowa-w-japonii-po-alercie-wstrzymano-prace-reaktora/6xkckfh", "title": "Alert w elektrowni atomowej w Japonii. Wstrzymano prac\u0119 reaktora", "date_published": "2023-01-30 15:06:42+00:00", "description": "Praca jednego z reaktor\u00f3w elektrowni atomowej w Japonii zosta\u0142a w poniedzia\u0142ek automatycznie wstrzymana. Elektrownia znajduje si\u0119 na wybrze\u017cu Morza Japo\u0144skiego, w mie\u015bcie Takahama.", "persistent": false, "language": "en-US", "user": null}, {"source": "https://businessinsider.com.pl/.feed", "link": "https://businessinsider.com.pl/wiadomosci/jeszcze-wiecej-pieniedzy-na-armie-znamy-dokladna-kwote-specjalnego-funduszu/7rrjyee", "title": "Jeszcze wi\u0119cej pieni\u0119dzy na armi\u0119. Wiemy, jak\u0105 sum\u0105 b\u0119dzie dysponowa\u0142 specjalny fundusz [TYLKO U NAS]", "date_published": "2023-01-30 15:02:00+00:00", "description": "Fundusz Wsparcia Si\u0142 Zbrojny b\u0119dzie w tym roku dysponowa\u0142 kwot\u0105 o prawie 10 mld z\u0142 wy\u017csza, ni\u017c rz\u0105d zak\u0142ada\u0142 jeszcze kilka tygodni temu. Z informacji, jakie Business Insider Polska uzyska\u0142 w resorcie obrony narodowej, wynika, \u017ce wielko\u015b\u0107 wp\u0142yw\u00f3w Funduszu w tym roku wyniesie nieco ponad 49 mld z\u0142. To za\u015b oznacza, \u017ce ca\u0142y bud\u017cet na armi\u0119, razem z pieni\u0119dzmi zarezerwowanymi w kasie pa\u0144stwa, si\u0119gnie blisko 150 mld z\u0142.", "persistent": false, "language": "en-US", "user": null}, {"source": "https://businessinsider.com.pl/.feed", "link": "https://businessinsider.com.pl/gospodarka/ceny-wegla-spadaja-koniec-eldorado-dla-kopaln-moga-nie-udzwignac-wyborczych-podwyzek/m40e2s7", "title": "Ceny w\u0119gla spadaj\u0105, koniec eldorado dla kopal\u0144. Mog\u0105 nie ud\u017awign\u0105\u0107 \"wyborczych\" podwy\u017cek p\u0142ac", "date_published": "2023-01-30 14:46:33+00:00", "description": "Sytuacja powtarza si\u0119 regularnie. Najpierw przychodz\u0105 wysokie ceny w\u0119gla na rynku, za nimi id\u0105 zyski kopal\u0144, g\u00f3rnicy je zauwa\u017caj\u0105 i \u017c\u0105daj\u0105 podwy\u017cek, gro\u017c\u0105 strajkiem, zarz\u0105dy kopal\u0144 ulegaj\u0105 pod presj\u0105 strajk\u00f3w, a potem nadchodz\u0105 niskie ceny i gro\u017aba upad\u0142o\u015bci. Wtedy rz\u0105d wyci\u0105ga pieni\u0105dze z podatk\u00f3w i dok\u0142ada, \u017ceby ratowa\u0107 miejsca pracy. W\u0142a\u015bnie nadchodzi przedostatni etap tego cyklu. Ekstremalnie wysokie ceny w\u0119gla z ubieg\u0142ego roku krok po kroku odchodz\u0105 w przesz\u0142o\u015b\u0107, a g\u00f3rnicy ruszaj\u0105 do strajk\u00f3w, bo chc\u0105 wi\u0119cej zarabia\u0107. Tyle \u017ce ich pensje to ju\u017c ponad po\u0142owa koszt\u00f3w kopal\u0144.", "persistent": false, "language": "en-US", "user": null}, {"source": "https://businessinsider.com.pl/.feed", "link": "https://businessinsider.com.pl/gospodarka/ceny-wegla-spadaja-koniec-eldorado-dla-kopaln-nie-udzwigna-podwyzek/m40e2s7", "title": "Ceny w\u0119gla spadaj\u0105, koniec eldorado dla kopal\u0144. Mog\u0105 nie ud\u017awign\u0105\u0107 \"wyborczych\" podwy\u017cek p\u0142ac", "date_published": "2023-01-30 14:46:33+00:00", "description": "Sytuacja powtarza si\u0119 regularnie. Najpierw przychodz\u0105 wysokie ceny w\u0119gla na rynku, za nimi id\u0105 zyski kopal\u0144, g\u00f3rnicy je zauwa\u017caj\u0105 i \u017c\u0105daj\u0105 podwy\u017cek, gro\u017c\u0105 strajkiem, zarz\u0105dy kopal\u0144 ulegaj\u0105 pod presj\u0105 strajk\u00f3w, a potem nadchodz\u0105 niskie ceny i gro\u017aba upad\u0142o\u015bci. Wtedy rz\u0105d wyci\u0105ga pieni\u0105dze z podatk\u00f3w i dok\u0142ada, \u017ceby ratowa\u0107 miejsca pracy. W\u0142a\u015bnie nadchodzi przedostatni etap tego cyklu. Ekstremalnie wysokie ceny w\u0119gla z ubieg\u0142ego roku krok po kroku odchodz\u0105 w przesz\u0142o\u015b\u0107, a g\u00f3rnicy ruszaj\u0105 do strajk\u00f3w, bo chc\u0105 wi\u0119cej zarabia\u0107. Tyle \u017ce ich pensje to ju\u017c ponad po\u0142owa koszt\u00f3w kopal\u0144.", "persistent": false, "language": "en-US", "user": null}, {"source": "https://businessinsider.com.pl/.feed", "link": "https://businessinsider.com.pl/wiadomosci/uzytkownicy-netflixa-musza-oplacic-abonament-rtv-prawnicy-maja-watpliwosci/nzwe2b3", "title": "U\u017cytkownicy Netflixa te\u017c musz\u0105 op\u0142aci\u0107 abonament RTV, cho\u0107 nie ogl\u0105daj\u0105 telewizji? Wyja\u015bniamy", "date_published": "2023-01-30 14:45:57+00:00", "description": "Mog\u0142oby si\u0119 wydawa\u0107, \u017ce zgodnie z obowi\u0105zuj\u0105c\u0105 ustaw\u0105 osoby, kt\u00f3re maj\u0105 telewizory, ale nie ogl\u0105daj\u0105 na nich TVP, lecz korzystaj\u0105 z platform typu Netflix, r\u00f3wnie\u017c powinny op\u0142aca\u0107 abonament RTV. Prawnicy maj\u0105 jednak w\u0105tpliwo\u015bci co do takiej interpretacji.", "persistent": false, "language": "en-US", "user": null}, {"source": "https://businessinsider.com.pl/.feed", "link": "https://businessinsider.com.pl/prawo/podatki/maly-zus-plus-31-stycznia-mija-termin-trzeba-sie-pospieszyc/245hqys", "title": "Koniec ma\u0142ego ZUS plus? Nic podobnego, ale trzeba si\u0119 spieszy\u0107", "date_published": "2023-01-30 14:25:43+00:00", "description": "Kto nie korzysta\u0142 z ma\u0142ego ZUS plus, nadal mo\u017ce to zrobi\u0107. Pog\u0142oski o ko\u0144cu preferencji s\u0105 wi\u0119c przesadzone. Na wyb\u00f3r tej preferencji jest czas do 31 stycznia. Kto przez ostatnie lata korzysta\u0142 z ma\u0142ego ZUS plus, musi jednak zacz\u0105\u0107 p\u0142aci\u0107 sk\u0142adki w pe\u0142nej wysoko\u015bci. Jest to szczeg\u00f3lnie bolesne, bo ich wysoko\u015b\u0107 w 2023 r. znacznie wzros\u0142a. Te osoby b\u0119d\u0105 mog\u0142y jednak powr\u00f3ci\u0107 do ni\u017cszych sk\u0142adek.", "persistent": false, "language": "en-US", "user": null}, {"source": "https://businessinsider.com.pl/.feed", "link": "https://businessinsider.com.pl/prawo/podatki/koniec-malego-zus-plus-nic-podobnego-ale-trzeba-sie-spieszyc/245hqys", "title": "Koniec ma\u0142ego ZUS plus? Nic podobnego, ale trzeba si\u0119 spieszy\u0107", "date_published": "2023-01-30 14:25:43+00:00", "description": "Kto nie korzysta\u0142 z ma\u0142ego ZUS plus, nadal mo\u017ce to zrobi\u0107. Pog\u0142oski o ko\u0144cu preferencji s\u0105 wi\u0119c przesadzone. Na wyb\u00f3r tej preferencji jest czas do 31 stycznia. Kto przez ostatnie lata korzysta\u0142 z ma\u0142ego ZUS plus, musi jednak zacz\u0105\u0107 p\u0142aci\u0107 sk\u0142adki w pe\u0142nej wysoko\u015bci. Jest to szczeg\u00f3lnie bolesne, bo ich wysoko\u015b\u0107 w 2023 r. znacznie wzros\u0142a. Te osoby b\u0119d\u0105 mog\u0142y jednak powr\u00f3ci\u0107 do ni\u017cszych sk\u0142adek.", "persistent": false, "language": "en-US", "user": null}, {"source": "https://businessinsider.com.pl/.feed", "link": "https://businessinsider.com.pl/gospodarka/pkb-niemiec-zaskakuje-najwieksza-gospodarka-ue-na-minusie/mlfzldl", "title": "Inflacja uderzy\u0142a Niemc\u00f3w po kieszeniach. Gospodarka niespodziewanie si\u0119 cofn\u0119\u0142a", "date_published": "2023-01-30 14:16:01+00:00", "description": "Ryzyko recesji w Niemczech wzrasta po niespodziewanym spadku PKB kwarta\u0142 do kwarta\u0142u. Ekonomi\u015bci liczyli, \u017ce uda si\u0119 tego unikn\u0105\u0107. Plany pokrzy\u017cowa\u0142a m.in. inflacja i jej wi\u0119kszy wp\u0142yw na wydatki naszych zachodnich s\u0105siad\u00f3w.", "persistent": false, "language": "en-US", "user": null}, {"source": "https://businessinsider.com.pl/.feed", "link": "https://businessinsider.com.pl/gospodarka/inflacja-uderzyla-niemcow-po-kieszeniach-gospodarka-sie-cofnela/mlfzldl", "title": "Inflacja uderzy\u0142a Niemc\u00f3w po kieszeniach. Gospodarka niespodziewanie si\u0119 cofn\u0119\u0142a", "date_published": "2023-01-30 14:16:01+00:00", "description": "Ryzyko recesji w Niemczech wzrasta po niespodziewanym spadku PKB kwarta\u0142 do kwarta\u0142u. Ekonomi\u015bci liczyli, \u017ce uda si\u0119 tego unikn\u0105\u0107. Plany pokrzy\u017cowa\u0142a m.in. inflacja i jej wi\u0119kszy wp\u0142yw na wydatki naszych zachodnich s\u0105siad\u00f3w.", "persistent": false, "language": "en-US", "user": null}, {"source": "https://businessinsider.com.pl/.feed", "link": "https://businessinsider.com.pl/wiadomosci/ile-zebrala-wielka-orkiestra-swiatecznej-pomocy-jurek-owsiak-podsumowuje/50p5esl", "title": "Ile zebra\u0142 WO\u015aP? Jurek Owsiak podsumowuje tegoroczny fina\u0142", "date_published": "2023-01-30 14:09:10+00:00", "description": "Wielka Orkiestra \u015awi\u0105tecznej Pomocy zebra\u0142a ju\u017c 154 mln 606 tys. z\u0142. A kwota ta ci\u0105gle wzrasta i jest coraz bli\u017cej ubieg\u0142orocznego rekordu. Tegoroczny fina\u0142 WO\u015aP przebiega pod has\u0142em \"Chcemy wygra\u0107 z seps\u0105! Gramy dla wszystkich \u2013 ma\u0142ych i du\u017cych!\". Jurek Owsiak podsumowa\u0142 tegoroczny fina\u0142.", "persistent": false, "language": "en-US", "user": null}, {"source": "https://businessinsider.com.pl/.feed", "link": "https://businessinsider.com.pl/gospodarka/oczekiwania-inflacyjne-w-dol-daja-nadzieje-na-wyhamowanie-podwyzek-cen/zspvtfp", "title": "To one nakr\u0119caj\u0105 inflacj\u0119. Nowe dane daj\u0105 nadziej\u0119 na wyhamowanie podwy\u017cek cen", "date_published": "2023-01-30 13:32:04+00:00", "description": "Przez d\u0142ugi czas inflacja by\u0142a nap\u0119dzana m.in. rosn\u0105cymi oczekiwaniami podwy\u017cek cen. Badanie Komisji Europejskiej wskazuje, \u017ce pod koniec 2022 r. wska\u017anik oczekiwa\u0144 inflacyjnych konsument\u00f3w si\u0119 cofn\u0105\u0142. Niestety nie wida\u0107 poprawy nastroj\u00f3w w polskiej gospodarce.", "persistent": false, "language": "en-US", "user": null}, {"source": "https://businessinsider.com.pl/.feed", "link": "https://businessinsider.com.pl/gospodarka/kodeks-pracy-zmienia-prace-zdalna-prezydent-podpisal-ustawe/5rtr8rz", "title": "Du\u017ce zmiany w kodeksie pracy. Prezydent podpisa\u0142 ustaw\u0119", "date_published": "2023-01-30 13:16:08+00:00", "description": "Prezydent Andrzej Duda podpisa\u0142 nowelizacj\u0119 Kodeksu pracy. Zmiany s\u0105 spore. Zmiana prawa reguluje m.in. prac\u0119 zdaln\u0105. Ponadto pracodawcy b\u0119d\u0105 mogli kontrolowa\u0107 trze\u017awo\u015b\u0107 pracownik\u00f3w.", "persistent": false, "language": "en-US", "user": null}, {"source": "https://businessinsider.com.pl/.feed", "link": "https://businessinsider.com.pl/wiadomosci/dochod-minimalny-dla-mieszkancow-ue-tak-unia-europejska-walczy-z-ubostwem/4f7sqnp", "title": "Unia wyda\u0142a rekomendacje w sprawie dochodu minimalnego. \"Ma s\u0142u\u017cy\u0107 wspieraniu r\u00f3wno\u015bci\"", "date_published": "2023-01-30 12:58:46+00:00", "description": "Unia Europejska przyj\u0119\u0142a zalecenie w sprawie odpowiedniego dochodu minimalnego w pa\u0144stwach cz\u0142onkowskich. Zak\u0142ada zwalczaniu ub\u00f3stwa i wykluczenia spo\u0142ecznego oraz d\u0105\u017cenie do wysokiego poziomu zatrudnienia poprzez propagowanie dochodu minimalnego.", "persistent": false, "language": "en-US", "user": null}, {"source": "https://businessinsider.com.pl/.feed", "link": "https://businessinsider.com.pl/technologie/ranking-hulajnog-elektrycznych-dwa-miesiace-przed-rozpoczeciem-sezonu/9l1q3hm", "title": "Ranking hulajn\u00f3g elektrycznych dwa miesi\u0105ce przed rozpocz\u0119ciem sezonu", "date_published": "2023-01-30 12:34:00+00:00", "description": "Do wiosny pozosta\u0142y jeszcze dwa miesi\u0105ce, ale je\u015bli na zewn\u0105trz jest sucho i nie pada, nic nie stoi na przeszkodzie, aby porusza\u0107 si\u0119 hulajnog\u0105 ju\u017c teraz. Wystarczy si\u0119 tylko ciep\u0142o ubra\u0107. Przedstawiam najnowszy ranking hulajn\u00f3g elektrycznych wed\u0142ug danych ze Sk\u0105piec.pl.", "persistent": false, "language": "en-US", "user": null}, {"source": "https://businessinsider.com.pl/.feed", "link": "https://businessinsider.com.pl/twoje-pieniadze/koniec-wyscigu-na-lokaty-banki-wycofuja-najlepsze-oferty/qchg0wv", "title": "Lokaty ju\u017c nie takie korzystne. Banki pogarszaj\u0105 oferty", "date_published": "2023-01-30 12:29:55+00:00", "description": "Ko\u0144c\u00f3wka ubieg\u0142ego roku w bankach sta\u0142a pod znakiem wy\u015bcigu na promocyjne oferty depozyt\u00f3w. Ten czas ju\u017c si\u0119 jednak ko\u0144czy. Pocz\u0105tek roku nie rozpieszcza oszcz\u0119dzaj\u0105cych. Najcz\u0119\u015bciej w d\u00f3\u0142 posz\u0142o oprocentowanie lub co najmniej maksymalna kwota, kt\u00f3r\u0105 mo\u017cna zainwestowa\u0107 na preferencyjnych warunkach \u2014 zauwa\u017ca HRE Investments.", "persistent": false, "language": "en-US", "user": null}, {"source": "https://businessinsider.com.pl/.feed", "link": "https://businessinsider.com.pl/wiadomosci/usa-i-chiny-stocza-boj-o-tajwan-amerykanski-polityk-nie-ma-zludzen/ky540xy", "title": "Wojna o Tajwan mi\u0119dzy USA a Chinami? Wa\u017cny ameryka\u0144ski polityk nie ma dobrych wiadomo\u015bci", "date_published": "2023-01-30 12:28:26+00:00", "description": "Prawdopodobie\u0144stwo konfliktu USA z Chinami o Tajwan jest \"bardzo wysokie\" \u2014 o\u015bwiadczy\u0142 przewodnicz\u0105cy komisji spraw zagranicznych Izby Reprezentant\u00f3w Michael McCaul. Polityk skomentowa\u0142 w ten spos\u00f3b s\u0142owa Mike'a Minihana, genera\u0142a ameryka\u0144skich si\u0142 powietrznych, kt\u00f3ry wskaza\u0142 nawet potencjaln\u0105 dat\u0119 rozpocz\u0119cia konfliktu.", "persistent": false, "language": "en-US", "user": null}, {"source": "https://businessinsider.com.pl/.feed", "link": "https://businessinsider.com.pl/gielda/wiadomosci/mlp-group-zbuduje-magazyny-nie-tylko-w-polsce-celuje-w-niemcy/qmq6t3m", "title": "Szykuj\u0105 magazynow\u0105 ofensyw\u0119. Nie tylko w Polsce", "date_published": "2023-01-30 12:27:42+00:00", "description": "MLP Group chce w tym roku rozpocz\u0105\u0107 realizacj\u0119 inwestycji w Austrii, Rumunii, Polsce i Niemczech na \u0142\u0105cznie nawet 350 tys. m kw. powierzchni magazynowej, poinformowa\u0142 prezes Rados\u0142aw T. Krochta. Najwi\u0119ksze przyspieszenie sp\u00f3\u0142ka zanotuje u naszych zachodnich s\u0105siad\u00f3w.", "persistent": false, "language": "en-US", "user": null}, {"source": "https://businessinsider.com.pl/.feed", "link": "https://businessinsider.com.pl/prawo/praca/koniec-pracy-zdalnej-liczba-wynajetych-biur-w-warszawie-w-2022-r/x6w91z1", "title": "\u017begnamy prac\u0119 zdaln\u0105. Liczba wynaj\u0119tych biur jak przed pandemi\u0105", "date_published": "2023-01-30 12:27:09+00:00", "description": "Polscy pracownicy powoli \u017cegnaj\u0105 si\u0119 z prac\u0105 zdaln\u0105. W W 2022 r. zapotrzebowanie na powierzchni\u0119 biurow\u0105 w Warszawie wr\u00f3ci\u0142o do poziomu notowanego przed pandemi\u0105.", "persistent": false, "language": "en-US", "user": null}, {"source": "https://businessinsider.com.pl/.feed", "link": "https://businessinsider.com.pl/gospodarka/agencja-fitch-nabe-ogolnie-na-tak-ale-sa-minusy/08lj660", "title": "Agencja Fitch: NABE? Og\u00f3lnie na plus, ale s\u0105 te\u017c wady", "date_published": "2023-01-30 12:07:50+00:00", "description": "Przedstawiciele renomowanej agencji Fitch oceniaj\u0105, \u017ce powstanie NABE pozytywnie wp\u0142ynie na polskie sp\u00f3\u0142ki energetyczne. Podkre\u015blaj\u0105 jednak, \u017ce wcale nie oznacza to, \u017ce taka operacja nie ma minus\u00f3w. Oceniaj\u0105, \u017ce sp\u00f3\u0142ki \"strac\u0105 cz\u0119\u015b\u0107 EBITDA, b\u0119d\u0105 mniejszymi podmiotami\", co mo\u017ce utrudni\u0107 zad\u0142u\u017canie si\u0119.", "persistent": false, "language": "en-US", "user": null}, {"source": "https://businessinsider.com.pl/.feed", "link": "https://businessinsider.com.pl/twoje-pieniadze/ugody-kredytobiorcow-frankowych-mbank-pokazal-statystyki/geznjhd", "title": "Ro\u015bnie zainteresowanie ugodami dotycz\u0105cymi kredyt\u00f3w. Du\u017cy bank odkry\u0142 karty", "date_published": "2023-01-30 11:57:54+00:00", "description": "\u015arednio tysi\u0105c ug\u00f3d miesi\u0119cznie zawiera mBank ze swoimi klientami, kt\u00f3rzy maj\u0105 kredyty we frankach szwajcarskich. W efekcie porozumienia kredytobiorca pozbywa si\u0119 ryzyka kursowego i mo\u017ce mie\u0107 pewno\u015b\u0107 sta\u0142ego oprocentowania przez pi\u0119\u0107 lat.", "persistent": false, "language": "en-US", "user": null}, {"source": "https://businessinsider.com.pl/.feed", "link": "https://businessinsider.com.pl/wiadomosci/nowe-knajpy-i-niemiecki-dyskont-to-beda-najwieksze-debiuty-2023-r-w-polsce/cv4q0kc", "title": "Du\u017ce debiuty na polskim rynku. Te sieci maj\u0105 otworzy\u0107 si\u0119 w 2023 r.", "date_published": "2023-01-30 11:48:08+00:00", "description": "Du\u017ce mi\u0119dzynarodowe marki, ciekawy debiutant znany z Czech i Ukrainy czy nowy format znanej ju\u017c marki \u2014 to czeka nas w handlu i gastronomii w 2023 r.", "persistent": false, "language": "en-US", "user": null}, {"source": "https://businessinsider.com.pl/.feed", "link": "https://businessinsider.com.pl/gospodarka/niemcy-nie-chca-atomu-spoleczenstwo-twierdzi-inaczej/vxrxsm0", "title": "Niemcy nie chc\u0105 atomu? Spo\u0142ecze\u0144stwo twierdzi inaczej", "date_published": "2023-01-30 11:24:33+00:00", "description": "Niemcy wci\u0105\u017c utrzymuj\u0105 kurs stopniowego wygaszania swoich elektrowni atomowych, nawet je\u015bli przed\u0142u\u017caj\u0105 dzia\u0142anie cz\u0119\u015bci reaktor\u00f3w. Tymczasem jak wynika z ankiety przeprowadzonej przez Fundacj\u0119 Konrada Adenauera, wi\u0119kszo\u015b\u0107 obywateli tego kraju nie chce, by ich kraj zrezygnowa\u0142 z energetyki j\u0105drowej.", "persistent": false, "language": "en-US", "user": null}, {"source": "https://businessinsider.com.pl/.feed", "link": "https://businessinsider.com.pl/wideo/tak-szkoleni-sa-piloci-do-latania-wielozadaniowym-mysliwcem-f35b/5w2yl5y", "title": "Ich samolot jest wart ponad 100 mln dol., a sam he\u0142m pilota 400 tys. dol. Byli\u015bmy w odpowiedniku \"Top gun\" dla pilot\u00f3w F-35B", "date_published": "2023-01-30 10:59:00+00:00", "description": "Maszyna F-35B potrafi wystartowa\u0107 na kilkudziesi\u0119ciu metrach i l\u0105dowa\u0107 pionowo, ma te\u017c najbardziej zaawansowany zestaw czujnik\u00f3w spo\u015br\u00f3d wszystkich my\u015bliwc\u00f3w w historii. Tak wygl\u0105da szkolenie \u017co\u0142nierzy, kt\u00f3rzy maj\u0105 ni\u0105 lata\u0107.", "persistent": false, "language": "en-US", "user": null}, {"source": "https://businessinsider.com.pl/.feed", "link": "https://businessinsider.com.pl/technologie/smartfony-z-niezwykle-szybkim-ladowaniem-baterii/kfkk8h9", "title": "Smartfony z niezwykle szybkim \u0142adowaniem baterii", "date_published": "2023-01-30 10:57:00+00:00", "description": "Nie ma nic bardziej irytuj\u0105cego ni\u017c smartfon, kt\u00f3ry roz\u0142adowuje si\u0119 w najmniej odpowiednim momencie. Rozwi\u0105zaniem tego problemu jest po pierwsze wydajna bateria, a po drugie technologia szybkiego \u0142adowania. Przedstawiam kilka smartfon\u00f3w, kt\u00f3re mog\u0105 pochwali\u0107 si\u0119 ekstremalnie szybkim uzupe\u0142nianiem energii, a przy tym maj\u0105 spor\u0105 bateri\u0119.", "persistent": false, "language": "en-US", "user": null}, {"source": "https://businessinsider.com.pl/.feed", "link": "https://businessinsider.com.pl/technologie/motoryzacja/kupila-tesle-czuje-sie-oszukana-przegapila-szanse-na-znizke/jpp8fvp", "title": "Kupi\u0142a Tesl\u0119, czuje si\u0119 oszukana. Przegapi\u0142a szans\u0119 na zni\u017ck\u0119", "date_published": "2023-01-30 10:44:13+00:00", "description": "Niekt\u00f3rych nabywcy Tesli omin\u0119\u0142y du\u017ce obni\u017cki cen, dzi\u0119ki kt\u00f3rym mogliby zaoszcz\u0119dzi\u0107 tysi\u0105ce dolar\u00f3w. W efekcie ostro uderzyli w producenta samochod\u00f3w elektrycznych, nale\u017c\u0105cego do Elona Muska.", "persistent": false, "language": "en-US", "user": null}, {"source": "https://businessinsider.com.pl/.feed", "link": "https://businessinsider.com.pl/technologie/motoryzacja/polska-autostrada-spuchnie-miejscami-az-cztery-pasy-w-jedna-strone/0dgj2zk", "title": "Trzy, a cz\u0119\u015bciowo nawet cztery pasy. Bli\u017cej do rozbudowy A2", "date_published": "2023-01-30 10:42:59+00:00", "description": "Generalna Dyrekcja Dr\u00f3g Krajowych i Autostrad (GDDKiA) og\u0142osi\u0142a przetarg na wykonanie projektu budowalnego rozbudowy autostrady A2 do trzech i czterech pas\u00f3w ruchu na odcinku mi\u0119dzy \u0141odzi\u0105 a Warszaw\u0105.", "persistent": false, "language": "en-US", "user": null}, {"source": "https://businessinsider.com.pl/.feed", "link": "https://businessinsider.com.pl/gospodarka/jest-nas-coraz-mniej-mocny-spadek-w-ludnosci-i-ujemny-przyrost-naturalny/r37624j", "title": "Mocny spadek w ludno\u015bci Polski. Przyrost naturalny ci\u0105gle ujemny", "date_published": "2023-01-30 10:37:01+00:00", "description": "Na koniec 2022 r. liczba ludno\u015bci Polski by\u0142a ni\u017csza ni\u017c rok wcze\u015bniej. W ci\u0105gu roku odnotowano mniej ni\u017c w 2021 r. zar\u00f3wno urodze\u0144, jak i zgon\u00f3w. Przyrost naturalny, podobnie jak w poprzednich latach, by\u0142 ujemny, a na \u015bwiat przysz\u0142o najmniej dzieci od drugiej wojny \u015bwiatowej.", "persistent": false, "language": "en-US", "user": null}, {"source": "https://businessinsider.com.pl/.feed", "link": "https://businessinsider.com.pl/wiadomosci/polski-trik-czechow-tak-czeskie-knajpy-radza-sobie-z-drozyzna/4840569", "title": "Taniej, bo z Polski. Tak czeskie knajpy radz\u0105 sobie w kryzysie", "date_published": "2023-01-30 10:15:01+00:00", "description": "Dro\u017cyzna m\u0119czy nie tylko Polak\u00f3w, ale i Czech\u00f3w. S\u0105 jednak w tym kraju lokale, kt\u00f3re radz\u0105 sobie lepiej z rosn\u0105cymi kosztami. Portal seznamspravy.cz postanowi\u0142 sprawdzi\u0107, w czym tkwi sekret. Okazuje si\u0119, \u017ce jest tu polski w\u0105tek.", "persistent": false, "language": "en-US", "user": null}, {"source": "https://businessinsider.com.pl/.feed", "link": "https://businessinsider.com.pl/gospodarka/liczysz-na-podwyzke-tyle-firm-planuje-do-marca-podniesc-place/cvnvmqs", "title": "Mniej dociskamy firmy na wzrost wynagrodze\u0144. Zobacz, ilu pracodawc\u00f3w szykuje podwy\u017cki", "date_published": "2023-01-30 10:04:37+00:00", "description": "Firmy prognozuj\u0105 spowolnienie wzrostu cen oferowanych produkt\u00f3w. Jednocze\u015bnie wskazuj\u0105 na spadek presji p\u0142acowej. Mimo to udzia\u0142 firm prognozuj\u0105cych podniesienie wynagrodze\u0144 w kolejnym kwartale lekko wzr\u00f3s\u0142. Podwy\u017cki do marca planuje prawie po\u0142owa ankietowanych przedsi\u0119biorstw.", "persistent": false, "language": "en-US", "user": null}, {"source": "https://businessinsider.com.pl/.feed", "link": "https://businessinsider.com.pl/wiadomosci/zazadalem-powrotu-poprzednich-cen-morawiecki-zdradzil-termin-nowych-stawek-w-pkp/s09w21k", "title": "Zastrzyk z bud\u017cetu dla PKP ma pom\u00f3c obni\u017cy\u0107 ceny bilet\u00f3w. Jest data", "date_published": "2023-01-30 09:41:43+00:00", "description": "Premier Mateusz Morawiecki zdradzi\u0142, \u017ce to m.in. dodatkowe \u015brodki z bud\u017cetu pa\u0144stwa dla PKP maj\u0105 pom\u00f3c obni\u017cy\u0107 ceny bilet\u00f3w. Podkre\u015bli\u0142, \u017ce mo\u017cna na to liczy\u0107 w ci\u0105gu dw\u00f3ch tygodni.", "persistent": false, "language": "en-US", "user": null}, {"source": "https://businessinsider.com.pl/.feed", "link": "https://businessinsider.com.pl/wiadomosci/tylu-odejsc-z-wojska-za-pis-u-nie-bylo-szybka-reakcja-mon-na-artykul/bcjx3h1", "title": "\"Rz\": rekordowe odej\u015bcia z wojska. Szybka reakcja MON na artyku\u0142", "date_published": "2023-01-30 09:08:37+00:00", "description": "Kilkana\u015bcie tysi\u0119cy \u017co\u0142nierzy zawodowych i ochotnik\u00f3w WOT zrezygnowa\u0142a w ub. roku z noszenia mundur\u00f3w. Kolejne ponad 4 tys. \u017co\u0142nierzy mia\u0142o zrezygnowa\u0107 tak\u017ce w tym roku \u2014 donosi \"Rzeczpospolita\". Ministerstwo Obrony Narodowej w reakcji na te doniesienia informuje o rekordach powo\u0142a\u0144.", "persistent": false, "language": "en-US", "user": null}, {"source": "https://businessinsider.com.pl/.feed", "link": "https://businessinsider.com.pl/gospodarka/pkb-polski-w-2022-r-najnowsze-dane-gus/d2jzpcm", "title": "Polska gospodarka jedzie na hamulcu, ale unikn\u0119li\u015bmy najgorszego", "date_published": "2023-01-30 09:02:09+00:00", "description": "W ca\u0142ym 2022 r. gospodarka uros\u0142a o blisko 5 proc. \u2014 wynika z najnowszych danych GUS. Wed\u0142ug szacunk\u00f3w ekonomist\u00f3w w samym czwartym kwartale wzrost PKB Polski by\u0142 na poziomie oko\u0142o 2 proc. Wbrew nie tak dawnym obawom, uda\u0142o si\u0119 naszej gospodarce unikn\u0105\u0107 recesji, ale spowolnienie jest wyra\u017ane.", "persistent": false, "language": "en-US", "user": null}, {"source": "https://businessinsider.com.pl/.feed", "link": "https://businessinsider.com.pl/finanse/w-polowie-roku-decyzja-ws-przedluzenia-wakacji-kredytowych/9ym4dh2", "title": "W po\u0142owie roku decyzja ws. przed\u0142u\u017cenia wakacji kredytowych", "date_published": "2023-01-30 08:52:15+00:00", "description": "Ministerstwo Finans\u00f3w b\u0119dzie zastanawia\u0107 si\u0119 w po\u0142owie roku nad potrzeb\u0105 przed\u0142u\u017cenia wakacji kredytowych na 2024 r. Wszystko zale\u017cy od poziomu inflacji \u2014 poinformowa\u0142 wiceminister finans\u00f3w Artur Sobo\u0144. Stwierdzi\u0142, \u017ce gdyby inflacja w lipcu-sierpniu wynosi\u0142a 12-13 proc. r/r, \"z ca\u0142\u0105 pewno\u015bci\u0105 jakie\u015b decyzje w\u00f3wczas trzeba b\u0119dzie podj\u0105\u0107\".", "persistent": false, "language": "en-US", "user": null}, {"source": "https://businessinsider.com.pl/.feed", "link": "https://businessinsider.com.pl/biznes/korea-poludniowa-stworzyla-niewidzialny-mysliwiec-kf-21-polska-kupila-inny-fa-50/y3f1e3t", "title": "Korea ma samolot, kt\u00f3rego ju\u017c obawiaj\u0105 si\u0119 Chiny. Niestety, to nie ten, kt\u00f3ry kupi\u0142a Polska", "date_published": "2023-01-30 08:45:00+00:00", "description": "KF-21 Boramae, co w j\u0119zyku korea\u0144skim oznacza jastrz\u0105b, mo\u017ce konkurowa\u0107 z najnowszymi maszynami z Chin i Rosji. Polska, kt\u00f3ra podpisuje z Kore\u0105 miliardowe umowy na uzbrojenie zdecydowa\u0142a si\u0119 na kupno prostszego i ta\u0144szego FA-50, ale jak twierdzi MON jest zainteresowana tak\u017ce i tym projektem.", "persistent": false, "language": "en-US", "user": null}, {"source": "https://businessinsider.com.pl/.feed", "link": "https://businessinsider.com.pl/gielda/kursy-walut/kurs-franka-frank-szwajcarski-chfpln-30-stycznia-2023/fwjtrqp", "title": "Kurs franka 30 stycznia poni\u017cej 4,7", "date_published": "2023-01-30 08:15:18+00:00", "description": "Frank szwajcarski poni\u017cej 4,7. W poniedzia\u0142ek rano 30 stycznia 2022 r. kurs tej waluty wobec polskiego z\u0142otego wynosi 4,6919.", "persistent": false, "language": "en-US", "user": null}, {"source": "https://businessinsider.com.pl/.feed", "link": "https://businessinsider.com.pl/gielda/kursy-walut/kurs-dolara-usdpln-notowania-walut-30-stycznia-2023/hctzbmz", "title": "Kurs dolara 30 stycznia powy\u017cej 4,3", "date_published": "2023-01-30 08:13:16+00:00", "description": "Kurs dolara powy\u017cej 4,3. W poniedzia\u0142ek rano 30 stycznia 2022 r. kurs USD/PLN wynosi 4,3259.", "persistent": false, "language": "en-US", "user": null}, {"source": "https://businessinsider.com.pl/.feed", "link": "https://businessinsider.com.pl/gielda/kursy-walut/kurs-euro-eurpln-notowania-walut-30-stycznia-2023/wz7zdws", "title": "Kurs euro 30 stycznia w okolicach 4,7", "date_published": "2023-01-30 08:11:36+00:00", "description": "Kurs euro w okolicach 4,7. W poniedzia\u0142ek rano 30 stycznia 2022 r. kurs EUR/PLN wynosi\u0142 4,7060 z\u0142.", "persistent": false, "language": "en-US", "user": null}, {"source": "https://businessinsider.com.pl/.feed", "link": "https://businessinsider.com.pl/gospodarka/wskaznik-wyprzedzajacy-koniunktury-biec-perspektywy-gospodarki-sie-nie-poprawiaja/0mhj8yq", "title": "Perspektywy gospodarki si\u0119 nie poprawiaj\u0105", "date_published": "2023-01-30 08:03:43+00:00", "description": "Wska\u017anik Wyprzedzaj\u0105cy Koniunktury (WWK), informuj\u0105cy z wyprzedzeniem o przysz\u0142ych tendencjach w gospodarce w styczniu 2023 r. nie zmieni\u0142 si\u0119 w stosunku do warto\u015bci sprzed miesi\u0105ca.", "persistent": false, "language": "en-US", "user": null}, {"source": "https://businessinsider.com.pl/.feed", "link": "https://businessinsider.com.pl/gospodarka/wskaznik-wyprzedzajacy-koniunktury-biec-co-z-perspektywami-gospodarki/0mhj8yq", "title": "Wska\u017anik wyprzedzaj\u0105cy koniunktur\u0119 nie wr\u00f3\u017cy dobrze na pierwsze miesi\u0105ce 2023 r.", "date_published": "2023-01-30 08:03:43+00:00", "description": "Zam\u00f3wie\u0144 w firmach sektora przetw\u00f3rstwa przemys\u0142owego nie przybywa. Ich nap\u0142yw od krajowych i zagranicznych odbiorc\u00f3w jest na rekordowo niskim poziomie. Eksperci BIEC zauwa\u017caj\u0105, \u017ce konsekwencj\u0105 tego oraz wzrostu koszt\u00f3w prowadzenia dzia\u0142alno\u015bci gospodarczej jest pogorszenie ocen menad\u017cer\u00f3w na temat stanu finans\u00f3w.", "persistent": false, "language": "en-US", "user": null}, {"source": "https://businessinsider.com.pl/.feed", "link": "https://businessinsider.com.pl/prawo/podatki/wosp-2023-jak-odliczyc-wplate-na-wosp-od-podatku/62n2m02", "title": "Wp\u0142aty na WO\u015aP mo\u017cna odliczy\u0107 od podatku", "date_published": "2023-01-30 08:02:11+00:00", "description": "Osoby, kt\u00f3re przekazuj\u0105 pieni\u0105dze fundacjom po\u017cytku publicznego, w tym Wielkiej Orkiestrze \u015awi\u0105tecznej Pomocy, mog\u0105 je odliczy\u0107 od dochodu lub przychodu, o ile zostan\u0105 w\u0142a\u015bciwie udokumentowane. Mo\u017cna te\u017c odliczy\u0107 wp\u0142aty dla indywidualnych os\u00f3b, ale pod warunkiem, \u017ce taka osoba ma specjalne konto w organizacji (darowizna jest wp\u0142acana na konto fundacji lub stowarzyszenia). Wyja\u015bniamy, jak to zrobi\u0107.", "persistent": false, "language": "en-US", "user": null}, {"source": "https://businessinsider.com.pl/.feed", "link": "https://businessinsider.com.pl/twoje-pieniadze/zwrociliscie-uwage-co-sie-stalo-z-ptasim-mleczkiem-producent-sie-tlumaczy/eephmy0", "title": "Lotte Wedel zmniejszy\u0142 Ptasie Mleczko. Teraz si\u0119 t\u0142umaczy", "date_published": "2023-01-30 07:26:15+00:00", "description": "By\u0142o 360 g, a jest 340 g \u2014 tak na pocz\u0105tku 2023 r. zmniejszy\u0142a si\u0119 gramatura popularnego Ptasiego Mleczka od Wedla. Wszystko przez dro\u017csze: cukier, mleko, mas\u0142o czy opakowania.", "persistent": false, "language": "en-US", "user": null}, {"source": "https://businessinsider.com.pl/.feed", "link": "https://businessinsider.com.pl/twoje-pieniadze/gigantyczne-nadplaty-bogaci-wykorzystali-wakacje-kredytowe/nh7c6kv", "title": "Prawda o wakacjach kredytowych. \"Bogaci\" skorzystali i nadp\u0142acili", "date_published": "2023-01-30 06:46:53+00:00", "description": "Cho\u0107 wakacje kredytowe mia\u0142y z za\u0142o\u017cenia pom\u00f3c w czasie kryzysu osobom w najtrudniejszej sytuacji materialnej, to w praktyce sta\u0142y si\u0119 okazj\u0105 dla wielu os\u00f3b z oszcz\u0119dno\u015bciami. Ochoczo nadp\u0142aca\u0142y one bowiem swoje bankowe zobowi\u0105zania.", "persistent": false, "language": "en-US", "user": null}, {"source": "https://businessinsider.com.pl/.feed", "link": "https://businessinsider.com.pl/wiadomosci/wewnetrzne-jadro-ziemi-moglo-sie-zatrzymac/k23d825", "title": "Wewn\u0119trzne j\u0105dro Ziemi mog\u0142o si\u0119 zatrzyma\u0107", "date_published": "2023-01-30 06:38:29+00:00", "description": "Wewn\u0119trzne ziemskie j\u0105dro si\u0119 zatrzyma\u0142o, a by\u0107 mo\u017ce nawet zaczyna obraca\u0107 si\u0119 w przeciwn\u0105 stron\u0119 \u2014 twierdzi zesp\u00f3\u0142 naukowc\u00f3w z Pekinu na podstawie bada\u0144 sejsmicznych.", "persistent": false, "language": "en-US", "user": null}, {"source": "https://businessinsider.com.pl/.feed", "link": "https://businessinsider.com.pl/gospodarka/piec-najciekawszych-wydarzen-w-gospodarce-teraz-30012023/19e6646", "title": "Rheinmetall chce produkowa\u0107 zestawy HIMARS w Niemczech", "date_published": "2023-01-30 06:01:41+00:00", "description": "Wykorzystywane przez armi\u0119 Ukrainy zestawy HIMARS mog\u0105 by\u0107 produkowane w Niemczech, Rheinmetall i Lockheed Martin maj\u0105 finalizowa\u0107 rozmowy na ten temat za par\u0119 tygodni. Poprawiaj\u0105 si\u0119 nasze oceny dotycz\u0105ce sytuacji gospodarczej, chocia\u017c martwimy si\u0119 o to, co b\u0119dzie na emeryturze. W Stanach inflacja ci\u0105gle spada, a na gie\u0142dzie do \u0142ask inwestor\u00f3w wr\u00f3cili producenci samochod\u00f3w elektrycznych. Oto pi\u0119\u0107 najciekawszych wydarze\u0144 w gospodarce teraz.", "persistent": false, "language": "en-US", "user": null}, {"source": "https://businessinsider.com.pl/.feed", "link": "https://businessinsider.com.pl/twoje-pieniadze/emerytury/wiek-emerytalny-trzeba-podniesc-inaczej-czeka-nas-bieda/bkf0k7t", "title": "Trzeba podnie\u015b\u0107 wiek emerytalny. Inaczej bieda", "date_published": "2023-01-30 06:00:14+00:00", "description": "Wiek emerytalny musi by\u0107 r\u00f3wny dla obu p\u0142ci i wy\u017cszy ni\u017c dzi\u015b \u2013 uwa\u017ca wi\u0119kszo\u015b\u0107 ekonomist\u00f3w. W przeciwnym wypadku czeka nas marny los \u2014 bieda \u2014 pisze w poniedzia\u0142ek \"Rzeczpospolita\".", "persistent": false, "language": "en-US", "user": null}, {"source": "https://businessinsider.com.pl/.feed", "link": "https://businessinsider.com.pl/twoje-pieniadze/rudery-dzialki-i-okazje-oto-jakie-nieruchomosci-mozna-kupic-od-kolei/fmm2rqb", "title": "Rudery, dzia\u0142ki i okazje, czyli kolej sprzedaje nieruchomo\u015bci. Czy da si\u0119 na nich zarobi\u0107?", "date_published": "2023-01-30 05:50:44+00:00", "description": "Niemal tysi\u0105c ofert sprzeda\u017cy i prawie 3 tys. ofert wynajmu. Tak dzi\u015b wygl\u0105da oferta posiadacza jednego z najwi\u0119kszych zasob\u00f3w nieruchomo\u015bci w Polsce \u2013 sp\u00f3\u0142ki PKP S.A. Sprawdzili\u015bmy, co i za ile mo\u017cna kupi\u0107 od kolei. Zapytali\u015bmy te\u017c eksperta, czy na takim zakupie mo\u017cna zarobi\u0107.", "persistent": false, "language": "en-US", "user": null}, {"source": "https://businessinsider.com.pl/.feed", "link": "https://businessinsider.com.pl/wiadomosci/darmowe-laptopy-dla-nauczyciele-przemyslaw-czarnek/l6yw4zq", "title": "Darmowe laptopy dostan\u0105 te\u017c nauczyciele. Zapowied\u017a ministra", "date_published": "2023-01-30 05:46:56+00:00", "description": "Po zako\u0144czeniu przetargu na laptopy dla uczni\u00f3w b\u0119d\u0105 te\u017c laptopy dla nauczycieli \u2014 poinformowa\u0142 w niedziel\u0119 minister edukacji i nauki Przemys\u0142aw Czarnek. Doda\u0142, \u017ce do nauczycieli trafi ponad 400 tys. sztuk sprz\u0119tu.", "persistent": false, "language": "en-US", "user": null}, {"source": "https://businessinsider.com.pl/.feed", "link": "https://businessinsider.com.pl/prawo/podatki/polski-lad-daje-po-kieszeni-uwazaj-zeby-zamiast-5-tys-zl-nie-zaplacic-nawet-20-tys-zl/0kf2h0k", "title": "Czkawka po Polskim \u0141adzie? Uwa\u017caj, \u017ceby zamiast 5 tys. z\u0142 nie zap\u0142aci\u0107 nawet 20 tys. z\u0142", "date_published": "2023-01-30 05:39:41+00:00", "description": "Polski \u0141ad najpierw przyni\u00f3s\u0142 ogromne zamieszanie, potem jego korekta uspokoi\u0142a sytuacj\u0119. Teraz reforma zn\u00f3w odbija si\u0119 czkawk\u0105 przedsi\u0119biorcom. Wszystko przez przepisy o sk\u0142adce zdrowotnej, kt\u00f3r\u0105 eksperci nazywaj\u0105 wr\u0119cz podatkiem zdrowotnym. To w\u0142a\u015bnie przez sk\u0142adk\u0119 zdrowotn\u0105 dzi\u015b wielu podatnik\u00f3w cierpi i musi dop\u0142aci\u0107 nawet tysi\u0105ce z\u0142otych.", "persistent": false, "language": "en-US", "user": null}, {"source": "https://businessinsider.com.pl/.feed", "link": "https://businessinsider.com.pl/wiadomosci/tyle-tk-wydaje-na-prezenty-to-rekord/tw432lm", "title": "Tyle TK wydaje na prezenty. To rekord", "date_published": "2023-01-30 05:37:01+00:00", "description": "35,3 tys. z\u0142 \u2013 tyle w 2021 r. Trybuna\u0142 Konstytucyjny wyda\u0142 na prezenty. Kwota jest rekordowa, bo w poprzednich latach TK wyda\u0142 mniej \u2013 18,7 tys. z\u0142 w 2020 r. i 21,7 tys. w 2022 r. O sprawie informuje \"Rzeczpospolita\".", "persistent": false, "language": "en-US", "user": null}, {"source": "https://businessinsider.com.pl/.feed", "link": "https://businessinsider.com.pl/technologie/motoryzacja/opel-grandland-16-300-km-plug-in-dobry-suv-ale-nie-dla-kazdego-test/9m3jnyt", "title": "Opel Grandland 1.6 300 KM Plug-in \u2013 dobry SUV, ale nie dla ka\u017cdego", "date_published": "2023-01-30 05:30:00+00:00", "description": "Opel Grandland to \u0142adny SUV, wyst\u0119puj\u0105cy te\u017c w postaci hybrydy, kt\u00f3rej baterie mo\u017cna \u0142adowa\u0107 z gniazdka. W\u0142a\u015bnie taki wariant sprawdzamy i to w niebagatelnej wersji, bo z nap\u0119dem spalinowo-elektrycznym, na cztery ko\u0142a, kt\u00f3rego \u0142\u0105czna moc wynosi a\u017c 300 KM! Czy to nie przesada, zwa\u017cywszy, \u017ce mowa o rodzinnym SUV-ie?", "persistent": false, "language": "en-US", "user": null}, {"source": "https://businessinsider.com.pl/.feed", "link": "https://businessinsider.com.pl/finanse/handel/wielki-spor-miedzy-usa-a-unia-europejska-wojna-handlowa-najblizej-od-lat/q6h2t1y", "title": "\"Zimna wojna\" mi\u0119dzy USA a Uni\u0105 Europejsk\u0105? Konflikt handlowy od dawna nie by\u0142 tak blisko", "date_published": "2023-01-30 05:24:35+00:00", "description": "Wydawa\u0107 by si\u0119 mog\u0142o, \u017ce agresywna Rosja sprawi, i\u017c wi\u0119zy mi\u0119dzy Stanami Zjednoczonymi a Uni\u0105 Europejsk\u0105 b\u0119d\u0105 najsilniejsze od czas\u00f3w zimnej wojny. W rzeczywisto\u015bci jednak Zach\u00f3d znalaz\u0142 si\u0119 u progu wewn\u0119trznej wojny handlowej. Komisja Europejska wprost zarzuca Amerykanom pod\u0105\u017canie drog\u0105 Chin i nadmierne faworyzowanie krajowej produkcji kosztem towar\u00f3w z zewn\u0105trz. Odpowied\u017a Waszyngtonu jest zdecydowana. \u2014 Jestem krytykowany na arenie mi\u0119dzynarodowej za zbytnie skupianie si\u0119 na Ameryce. Do diab\u0142a z tym \u2013 m\u00f3wi\u0142 Joe Biden, daj\u0105c do zrozumienia, \u017ce pola na ust\u0119pstwa ju\u017c nie ma.", "persistent": false, "language": "en-US", "user": null}, {"source": "https://businessinsider.com.pl/.feed", "link": "https://businessinsider.com.pl/wiadomosci/wosp-2023-ile-zebrano-w-czasie-31-finalu/4fvlrs6", "title": "WO\u015aP 2023. Tyle zebrano w czasie 31. Fina\u0142u", "date_published": "2023-01-30 05:12:56+00:00", "description": "Do tej pory wolontariusze Wielkiej Orkiestry \u015awi\u0105tecznej Pomocy zebrali 154 mln 606 tys. 764 z\u0142 \u2014 poinformowa\u0142 sztab WO\u015aP w niedziel\u0119 po p\u00f3\u0142nocy, podsumowuj\u0105c dotychczasowy przebieg akcji. Tegoroczny fina\u0142 WO\u015aP przebiega pod has\u0142em \"Chcemy wygra\u0107 z seps\u0105! Gramy dla wszystkich \u2013 ma\u0142ych i du\u017cych!\".", "persistent": false, "language": "en-US", "user": null}, {"source": "https://businessinsider.com.pl/.feed", "link": "https://businessinsider.com.pl/wiadomosci/fundusz-wsparcia-sil-zbrojny-rosnie-w-sile-mon-ujawnia-jaka-kwota-bedzie-dysponowal/7rrjyee", "title": "Jeszcze wi\u0119cej pieni\u0119dzy na armi\u0119. Wiemy, jak\u0105 sum\u0105 b\u0119dzie dysponowa\u0142 specjalny fundusz [TYLKO U NAS]", "date_published": "2023-01-30 05:02:56+00:00", "description": "Fundusz Wsparcia Si\u0142 Zbrojny b\u0119dzie w tym roku dysponowa\u0142 kwot\u0105 o prawie 10 mld z\u0142 wy\u017csza, ni\u017c rz\u0105d zak\u0142ada\u0142 jeszcze kilka tygodni temu. Z informacji, jakie Business Insider Polska uzyska\u0142 w resorcie obrony narodowej, wynika, \u017ce wielko\u015b\u0107 wp\u0142yw\u00f3w Funduszu w tym roku wyniesie nieco ponad 49 mld z\u0142. To za\u015b oznacza, \u017ce ca\u0142y bud\u017cet na armi\u0119, razem z pieni\u0119dzmi zarezerwowanymi w kasie pa\u0144stwa, si\u0119gnie blisko 150 mld z\u0142.", "persistent": false, "language": "en-US", "user": null}], "source": {"url": "https://businessinsider.com.pl/.feed", "title": "Business insider"}}