{"entries": [{"source": "https://www.cnbc.com/id/100727362/device/rss/rss.html", "link": "https://www.cnbc.com/2023/01/30/meta-earnings-report-will-provide-hint-at-how-online-ads-are-doing.html", "title": "Everyone's watching Meta's earnings report for a hint at how online ads are doing", "date_published": "2023-01-30 22:57:18+00:00", "description": "Meta, Apple, Google, Amazon and Snap are slated to report earnings this week, as an economic slowdown and Apple privacy changes weigh on prospects.", "persistent": false, "language": "en-US", "user": null}, {"source": "https://www.cnbc.com/id/100727362/device/rss/rss.html", "link": "https://www.cnbc.com/2023/01/30/bp-demand-for-oil-gas-to-fall-and-for-renewables-electricity-grows.html", "title": "BP says demand for oil and gas will drop dramatically by 2050 in 'decisive shift'", "date_published": "2023-01-30 22:13:23+00:00", "description": "In its annual energy outlook report, BP said security, affordability, and sustainability make up the \"energy trilemma\" which will drive global energy demand.", "persistent": false, "language": "en-US", "user": null}, {"source": "https://www.cnbc.com/id/100727362/device/rss/rss.html", "link": "https://www.cnbc.com/2023/01/30/showtime-paramount-plus-merge-new-name.html", "title": "Showtime to combine with Paramount+, rebrand with new name", "date_published": "2023-01-30 22:10:35+00:00", "description": "Paramount Global is combining its premium cable network Showtime with streaming service Paramount+.", "persistent": false, "language": "en-US", "user": null}, {"source": "https://www.cnbc.com/id/100727362/device/rss/rss.html", "link": "https://www.cnbc.com/2023/01/30/apple-expected-to-post-first-revenue-decline-since-2019-on-thursday-.html", "title": "Apple's expected to post its first revenue decline since 2019 on Thursday", "date_published": "2023-01-30 19:14:37+00:00", "description": "Apple reports December quarter earnings on Thursday, and there are a lot of factors pointing to the company's first year-over-year revenue decline since 2019.", "persistent": false, "language": "en-US", "user": null}, {"source": "https://www.cnbc.com/id/100727362/device/rss/rss.html", "link": "https://www.cnbc.com/2023/01/30/cuba-debt-fight-chaos-intrigue-reign-at-uk-high-court.html", "title": "Chaos and intrigue reign in UK court fight over Castro-era Cuban debt", "date_published": "2023-01-30 19:01:10+00:00", "description": "A trial over unpaid Cuban sovereign debt enterted its second week at the UK High Court.", "persistent": false, "language": "en-US", "user": null}, {"source": "https://www.cnbc.com/id/100727362/device/rss/rss.html", "link": "https://www.cnbc.com/2023/01/30/ford-general-motors-earnings-prices.html", "title": "Ford and General Motors enter a new phase of uncertainty on prices and demand", "date_published": "2023-01-30 17:40:59+00:00", "description": "Ford and General Motors are set to report earnings this week.", "persistent": false, "language": "en-US", "user": null}, {"source": "https://www.cnbc.com/id/100727362/device/rss/rss.html", "link": "https://www.cnbc.com/2023/01/30/who-says-covid-remains-a-global-emergency-but-pandemic-could-near-its-end-in-2023.html", "title": "WHO says Covid remains a global emergency but pandemic could near its end in 2023", "date_published": "2023-01-30 16:17:49+00:00", "description": "The WHO chief has previously said the end of the pandemic is in sight.", "persistent": false, "language": "en-US", "user": null}, {"source": "https://www.cnbc.com/id/100727362/device/rss/rss.html", "link": "https://www.cnbc.com/2023/01/30/ford-mustang-mach-e-price-cut.html", "title": "Ford cuts prices on electric Mustang Mach-E, following Tesla's lead", "date_published": "2023-01-30 15:08:50+00:00", "description": "Ford said Monday it will lower the price of the Mach-E, which is comparable to Tesla's Model Y, by an average of about $4,500, depending on the model.", "persistent": false, "language": "en-US", "user": null}, {"source": "https://www.cnbc.com/id/100727362/device/rss/rss.html", "link": "https://www.cnbc.com/2023/01/30/rio-tinto-apologizes-for-radiation-alert-after-losing-device.html", "title": "Mining giant Rio Tinto apologizes for sparking radiation alert after losing device in Australia", "date_published": "2023-01-30 14:26:02+00:00", "description": "A radioactive capsule used in its Western Australia mining operations is missing and believed to have fallen off a truck.", "persistent": false, "language": "en-US", "user": null}, {"source": "https://www.cnbc.com/id/100727362/device/rss/rss.html", "link": "https://www.cnbc.com/2023/01/30/premier-league-signs-deal-with-nft-based-fantasy-soccer-game-sorare.html", "title": "Premier League signs deal with NFT-based fantasy soccer game despite crypto downturn", "date_published": "2023-01-30 12:03:03+00:00", "description": "Players of fantasy soccer game Sorare will be able to purchase and use official Premier League-licensed NFTs under an exclusive multi-year agreement.", "persistent": false, "language": "en-US", "user": null}, {"source": "https://www.cnbc.com/id/100727362/device/rss/rss.html", "link": "https://www.cnbc.com/2023/01/30/erdogan-suggests-turkey-could-accept-finland-into-nato-without-sweden.html", "title": "Erdogan suggests Turkey could accept Finland into NATO \u2014 without Sweden", "date_published": "2023-01-30 11:33:28+00:00", "description": "Erdogan, angry at Sweden's government for a number of reasons, is poised to make or break both countries' NATO accession plans.", "persistent": false, "language": "en-US", "user": null}, {"source": "https://www.cnbc.com/id/100727362/device/rss/rss.html", "link": "https://www.cnbc.com/2023/01/30/adani-shares-hindenburg-report.html", "title": "Most Adani shares continue bloodbath as Asia's richest man loses $28 billion in a month", "date_published": "2023-01-30 08:33:17+00:00", "description": "Shares of most of Adani Group companies continued to see sharp losses for a third consecutive trading session.", "persistent": false, "language": "en-US", "user": null}, {"source": "https://www.cnbc.com/id/100727362/device/rss/rss.html", "link": "https://www.cnbc.com/2023/01/30/londons-luxury-home-sellers-turn-to-whatsapp-as-private-sales-surge.html", "title": "London's luxury home sellers turn to WhatsApp as private sales surge", "date_published": "2023-01-30 07:43:35+00:00", "description": "A growing number of Londoners are opting for novel means of buying and selling their properties, with WhatsApp emerging as a new home for luxury listings.", "persistent": false, "language": "en-US", "user": null}, {"source": "https://www.cnbc.com/id/100727362/device/rss/rss.html", "link": "https://www.cnbc.com/2023/01/30/debt-restructuring-framework-must-improve-pakistans-ex-central-banker.html", "title": "Debt restructuring framework must improve to help distressed countries, Pakistan's ex-central banker says", "date_published": "2023-01-30 07:33:14+00:00", "description": "The global framework over sovereign debt financing needs to improve so that emerging market economies can get out of their debt problems faster, says Reza Baqir.", "persistent": false, "language": "en-US", "user": null}, {"source": "https://www.cnbc.com/id/100727362/device/rss/rss.html", "link": "https://www.cnbc.com/2023/01/30/auto-giants-renault-and-nissan-overhaul-their-decades-long-alliance.html", "title": "Renault slashes Nissan stake as the automakers overhaul their decades-long alliance", "date_published": "2023-01-30 07:26:52+00:00", "description": "Renault has trimmed its interest in coalition ally Nissan stake as the automakers overhaul their decades-long union.", "persistent": false, "language": "en-US", "user": null}, {"source": "https://www.cnbc.com/id/100727362/device/rss/rss.html", "link": "https://www.cnbc.com/2023/01/30/tiktok-in-europes-crosshairs-as-us-mulls-ban-on-chinese-owned-app.html", "title": "Europe's crackdown on Big Tech omitted TikTok \u2014 but now that's set to change", "date_published": "2023-01-30 06:48:00+00:00", "description": "TikTok is beginning to feel the sting of political and regulatory pressure in Europe, where the Chinese-owned app has evaded the scrutiny it's faced in the U.S.", "persistent": false, "language": "en-US", "user": null}, {"source": "https://www.cnbc.com/id/100727362/device/rss/rss.html", "link": "https://www.cnbc.com/2023/01/30/chinas-6-trillion-consumer-market-is-digging-itself-out-of-a-slump.html", "title": "Tourism is roaring back in China. But the $6 trillion consumer market is digging itself out of a deep slump", "date_published": "2023-01-30 05:52:53+00:00", "description": "China's consumption recovery from zero-Covid is getting off to a solid start \u2013 after a depressing fourth quarter.", "persistent": false, "language": "en-US", "user": null}], "source": {"url": "https://www.cnbc.com/id/100727362/device/rss/rss.html", "title": "CNBC"}}