{"entries": [{"source": "https://rss.nytimes.com/services/xml/rss/nyt/World.xml", "link": "https://www.nytimes.com/2023/01/30/briefing/peshawar-pakistan-bombing-asia.html", "title": "Your Tuesday Briefing: A Bombing in Pakistan", "date_published": "2023-01-30 21:03:25+00:00", "description": "Also, Israel attacks Iran and the Adani Group fights fraud allegations.", "persistent": false, "language": "en-US", "user": null}, {"source": "https://rss.nytimes.com/services/xml/rss/nyt/World.xml", "link": "https://www.nytimes.com/2023/01/28/business/economy/netherlands-japan-china-chips.html", "title": "Netherlands and Japan Said to Join U.S. in Curbing China\u2019s Access to Chip Tech", "date_published": "2023-01-30 19:58:42+00:00", "description": "A new agreement is expected to expand the reach of U.S. technology restrictions on China issued last year.", "persistent": false, "language": "en-US", "user": null}, {"source": "https://rss.nytimes.com/services/xml/rss/nyt/World.xml", "link": "https://www.nytimes.com/2023/01/30/world/europe/italy-birthrate.html", "title": "The Double Whammy Making Italy the West\u2019s Fasting Shrinking Nation", "date_published": "2023-01-30 17:46:21+00:00", "description": "Italy\u2019s population of elder Italians is soaring as its birthrate plummets, putting the country at the forefront of a global demographic trend that experts call the \u201csilver tsunami.\u201d", "persistent": false, "language": "en-US", "user": null}, {"source": "https://rss.nytimes.com/services/xml/rss/nyt/World.xml", "link": "https://www.nytimes.com/2023/01/30/world/asia/hong-kong-golf-course-housing.html", "title": "Golf Course or Housing? A Patch of Green Divides Hong Kong", "date_published": "2023-01-30 17:00:48+00:00", "description": "The dispute over the city\u2019s golf club exposes rare political friction for the elite in the new Hong Kong, where the establishment is torn between defending wealth and following Beijing\u2019s wishes.", "persistent": false, "language": "en-US", "user": null}, {"source": "https://rss.nytimes.com/services/xml/rss/nyt/World.xml", "link": "https://www.nytimes.com/2023/01/30/world/europe/south-korea-ukraine-nato.html", "title": "NATO\u2019s Chief Hints That South Korea Should Consider Military Aid to Ukraine", "date_published": "2023-01-30 16:42:27+00:00", "description": "NATO\u2019s secretary-general, Jens Stoltenberg, urged South Korea to increase its support for Ukraine in the face of Russia\u2019s invasion.", "persistent": false, "language": "en-US", "user": null}, {"source": "https://rss.nytimes.com/services/xml/rss/nyt/World.xml", "link": "https://www.nytimes.com/2023/01/30/world/europe/nato-finland-sweden-turkey-erdogan.html", "title": "Turkey Raises Fresh Objections to Sweden and Finland\u2019s NATO Bids", "date_published": "2023-01-30 14:09:51+00:00", "description": "As he faces a tough fight for re-election, President Recep Tayyip Erdogan of Turkey has been raising fresh objections to Sweden and Finland\u2019s NATO membership bids.", "persistent": false, "language": "en-US", "user": null}, {"source": "https://rss.nytimes.com/services/xml/rss/nyt/World.xml", "link": "https://www.nytimes.com/2023/01/30/world/europe/boris-johnson-putin-missile-uk.html", "title": "Boris Johnson Claims Putin Threatened to Fire a Missile at Him", "date_published": "2023-01-30 13:54:34+00:00", "description": "The former British prime minister said the Russian leader made the remark during a phone call in the weeks before Putin\u2019s forces invaded Ukraine.", "persistent": false, "language": "en-US", "user": null}, {"source": "https://rss.nytimes.com/services/xml/rss/nyt/World.xml", "link": "https://www.nytimes.com/live/2023/01/30/world/russia-ukraine-news", "title": "Ukraine Calls for Allies to Speed Up Weapons Deliveries", "date_published": "2023-01-30 12:02:01+00:00", "description": "President Volodymyr Zelensky of Ukraine asked allies to quickly supply pledged armaments and \u2018new necessary weaponry.\u2019", "persistent": false, "language": "en-US", "user": null}, {"source": "https://rss.nytimes.com/services/xml/rss/nyt/World.xml", "link": "https://www.nytimes.com/2023/01/30/briefing/new-york-migrants.html", "title": "Beyond the Border", "date_published": "2023-01-30 11:52:52+00:00", "description": "How the migrant surge is playing out far from the Southern U.S.", "persistent": false, "language": "en-US", "user": null}, {"source": "https://rss.nytimes.com/services/xml/rss/nyt/World.xml", "link": "https://www.nytimes.com/2023/01/30/world/asia/pakistan-mosque-peshawar-explosion.html", "title": "Blast at Pakistan Mosque Kills At Least 27", "date_published": "2023-01-30 11:09:06+00:00", "description": "The explosion came in a highly secured part of Peshawar, a provincial capital. It was the worst attack in the country in months.", "persistent": false, "language": "en-US", "user": null}, {"source": "https://rss.nytimes.com/services/xml/rss/nyt/World.xml", "link": "https://www.nytimes.com/2023/01/30/world/middleeast/blinken-israel-netanyahu.html", "title": "Blinken to Meet Netanyahu at Turbulent Moment for Israel", "date_published": "2023-01-30 11:04:14+00:00", "description": "The secretary of state will sit down with the Israeli prime minister as violence and mass protests rattle his country.", "persistent": false, "language": "en-US", "user": null}, {"source": "https://rss.nytimes.com/services/xml/rss/nyt/World.xml", "link": "https://www.nytimes.com/2023/01/30/world/middleeast/baghdad-deforestation-heat.html", "title": "Baghdad Loses Green Space to Real Estate Boom", "date_published": "2023-01-30 08:00:22+00:00", "description": "The problem is driving up temperatures in what is already one of the hottest cities in the world, where air-conditioning is a luxury only the rich can afford.", "persistent": false, "language": "en-US", "user": null}, {"source": "https://rss.nytimes.com/services/xml/rss/nyt/World.xml", "link": "https://www.nytimes.com/2023/01/30/world/europe/wagner-convict-ukraine-russia.html", "title": "Some Wagner Convict Fighters in Ukraine Are Returning to Russia", "date_published": "2023-01-30 08:00:11+00:00", "description": "Tens of thousands of inmates have joined a mercenary group fighting with the Kremlin\u2019s decimated forces in Ukraine. Some of them are returning to civilian life with military training and, in many cases, battlefield traumas.", "persistent": false, "language": "en-US", "user": null}, {"source": "https://rss.nytimes.com/services/xml/rss/nyt/World.xml", "link": "https://www.nytimes.com/2023/01/30/world/asia/gandhi-assassination-75-years-photos.html", "title": "Gandhi\u2019s Life in Photos, 75 Years After His Assassination", "date_published": "2023-01-30 06:24:16+00:00", "description": "Known as the father of Indian independence, his concept of nonviolent resistance to fight injustice has inspired political movements around the world.", "persistent": false, "language": "en-US", "user": null}, {"source": "https://rss.nytimes.com/services/xml/rss/nyt/World.xml", "link": "https://www.nytimes.com/2023/01/30/briefing/israel-violence-russian-troops-donbas.html", "title": "Your Monday Briefing", "date_published": "2023-01-30 05:08:30+00:00", "description": "A wave of violence in Israel and the West Bank.", "persistent": false, "language": "en-US", "user": null}, {"source": "https://rss.nytimes.com/services/xml/rss/nyt/World.xml", "link": "https://www.nytimes.com/2023/01/29/world/asia/squid-game.html", "title": "\u2018Squid Game\u2019 Actor Oh Young-soo Goes on Trial on Sex Crime Charges on Feb. 3", "date_published": "2023-01-30 04:12:10+00:00", "description": "Oh Young-soo, the actor who portrayed a contestant in the popular Netflix series, is accused of inappropriately touching a South Korean woman in 2017.", "persistent": false, "language": "en-US", "user": null}, {"source": "https://rss.nytimes.com/services/xml/rss/nyt/World.xml", "link": "https://www.nytimes.com/2023/01/29/world/middleeast/iran-drone-strike-israel.html", "title": "Israel Launched Drone Attack on Iranian Facility, Officials Say", "date_published": "2023-01-30 01:42:52+00:00", "description": "While the target\u2019s purpose is unclear, the city of Isfahan is a major center of Iranian missile production, research and development.", "persistent": false, "language": "en-US", "user": null}], "source": {"url": "https://rss.nytimes.com/services/xml/rss/nyt/World.xml", "title": "NY times"}}