{"entries": [{"source": "https://www.androidauthority.com/feed/", "link": "https://www.androidauthority.com/hbo-max-with-ads-3273712/", "title": "Is HBO Max with ads a good deal?", "date_published": "2023-01-30 21:03:10+00:00", "description": "We look at the pros and cons of getting an HBO Max subscription with ads.", "persistent": false, "language": "en-US", "user": null}, {"source": "https://www.androidauthority.com/feed/", "link": "https://www.androidauthority.com/oppo-find-x6-3273576/", "title": "Another ultra-premium phone could be getting a one-inch camera sensor", "date_published": "2023-01-30 17:47:58+00:00", "description": "The leak suggests the phones could launch in February.", "persistent": false, "language": "en-US", "user": null}, {"source": "https://www.androidauthority.com/feed/", "link": "https://www.androidauthority.com/galaxy-s23-att-leak-3273502/", "title": "Official Galaxy S23 images and details get leaked by AT&T", "date_published": "2023-01-30 16:28:31+00:00", "description": "The leak comes just a couple of days before the Galaxy S23 launch event.", "persistent": false, "language": "en-US", "user": null}, {"source": "https://www.androidauthority.com/feed/", "link": "https://www.androidauthority.com/nothing-phone-2-us-3273473/", "title": "\u2018More premium\u2019 Nothing Phone 2 confirmed with US launch \u2018number one priority\u2019", "date_published": "2023-01-30 15:12:58+00:00", "description": "It looks like most of the things Nothing fans wanted with the Phone 1 could come true with the Phone 2.", "persistent": false, "language": "en-US", "user": null}, {"source": "https://www.androidauthority.com/feed/", "link": "https://www.androidauthority.com/google-pixel-fold-release-date-specs-rumors-price-3272894/", "title": "Google Pixel Fold: Everything we know so far and what we want to see", "date_published": "2023-01-30 14:09:26+00:00", "description": "Will Google\u2019s most ambitious Pixel phone yet be worth the long wait?", "persistent": false, "language": "en-US", "user": null}, {"source": "https://www.androidauthority.com/feed/", "link": "https://www.androidauthority.com/oneplus-11r-specs-3273401/", "title": "OnePlus all but launches the OnePlus 11R ahead of February 7 event", "date_published": "2023-01-30 12:47:04+00:00", "description": "From RAM and battery details to screen and charging info, here's what you should know.", "persistent": false, "language": "en-US", "user": null}, {"source": "https://www.androidauthority.com/feed/", "link": "https://www.androidauthority.com/honor-magic-vs-foldable-galaxy-z-fold-4-3273382/", "title": "The Galaxy Z Fold 4 will finally have some competition at MWC", "date_published": "2023-01-30 12:17:35+00:00", "description": "The Fold 4 is the default choice if you want a large foldable in global markets, but that will change soon.", "persistent": false, "language": "en-US", "user": null}, {"source": "https://www.androidauthority.com/feed/", "link": "https://www.androidauthority.com/oneplus-v-fold-oneplus-v-flip-3273360/", "title": "OnePlus V Fold and OnePlus V Flip could be the next Samsung rivals", "date_published": "2023-01-30 10:17:10+00:00", "description": "More competition for the Galaxy Z Fold and Galaxy Z Flip?", "persistent": false, "language": "en-US", "user": null}, {"source": "https://www.androidauthority.com/feed/", "link": "https://www.androidauthority.com/apple-foldable-ipad-3273349/", "title": "Apple to launch a foldable iPad next year: Analyst", "date_published": "2023-01-30 09:26:05+00:00", "description": "The device is expected to feature a carbon fiber kickstand.", "persistent": false, "language": "en-US", "user": null}, {"source": "https://www.androidauthority.com/feed/", "link": "https://www.androidauthority.com/daily-authority-january-30-2023-3273317/", "title": "Daily Authority: \ud83c\udf7f Ad-supported streaming demystified", "date_published": "2023-01-30 08:40:51+00:00", "description": "Is sitting through spades of ads worth it for lower streaming costs? We explore this and more.", "persistent": false, "language": "en-US", "user": null}, {"source": "https://www.androidauthority.com/feed/", "link": "https://www.androidauthority.com/oneplus-pad-launch-design-3273332/", "title": "OnePlus Pad will launch on February 7, design details announced.", "date_published": "2023-01-30 08:06:29+00:00", "description": "Meet OnePlus' first tablet, officially.", "persistent": false, "language": "en-US", "user": null}, {"source": "https://www.androidauthority.com/feed/", "link": "https://www.androidauthority.com/apple-reality-pro-ar-headset-battery-life-3273321/", "title": "Apple\u2019s first AR headset could have pretty awful battery life for $3,000", "date_published": "2023-01-30 07:49:43+00:00", "description": "You might want to stay plugged in when using Apple's mixed-reality headset.", "persistent": false, "language": "en-US", "user": null}, {"source": "https://www.androidauthority.com/feed/", "link": "https://www.androidauthority.com/google-pixel-tablet-docks-3273318/", "title": "The Pixel Tablet could come with two dock options", "date_published": "2023-01-30 06:35:05+00:00", "description": "One is a speaker, and the other is not.", "persistent": false, "language": "en-US", "user": null}, {"source": "https://www.androidauthority.com/feed/", "link": "https://www.androidauthority.com/oneplus-11r-design-3272038/", "title": "OnePlus 11R renders leak: Basically a cheaper OnePlus 11?", "date_published": "2023-01-30 05:44:15+00:00", "description": "The OnePlus 11R will apparently bring a design in line with its more expensive stablemate.", "persistent": false, "language": "en-US", "user": null}, {"source": "https://www.androidauthority.com/feed/", "link": "https://www.androidauthority.com/one-ui-5-1-features-changes-availability-3273308/", "title": "One UI 5.1 changes leaked, including exclusive Galaxy S23 features.", "date_published": "2023-01-30 05:31:57+00:00", "description": "The One UI 5.1 update is set to bring a whole host of new features to your Galaxy phones.", "persistent": false, "language": "en-US", "user": null}], "source": {"url": "https://www.androidauthority.com/feed/", "title": "Android Authority"}}