{"entries": [{"source": "http://rss.nytimes.com/services/xml/rss/nyt/Technology.xml", "link": "https://www.nytimes.com/2023/01/30/business/ford-mustang-electric-prices.html", "title": "Ford Follows Tesla in Cutting Electric Vehicle Prices", "date_published": "2023-01-30 16:50:57+00:00", "description": "The automaker reduced the price of the Mustang Mach-E by up to $5,900 after Tesla slashed prices of its cars by as much as 20 percent.", "persistent": false, "language": "en-US", "user": null}, {"source": "http://rss.nytimes.com/services/xml/rss/nyt/Technology.xml", "link": "https://www.nytimes.com/2023/01/30/technology/recession-resilient-climate-start-ups-shine-in-tech-downturn.html", "title": "\u2018Recession Resilient\u2019 Climate Start-Ups Shine in Tech Downturn", "date_published": "2023-01-30 10:00:18+00:00", "description": "Tech workers and investors are flocking to start-ups that aim to combat climate change.", "persistent": false, "language": "en-US", "user": null}], "source": {"url": "http://rss.nytimes.com/services/xml/rss/nyt/Technology.xml", "title": "NY times technology"}}