[{"source": "http://www.pcgamer.com/rss", "title": "Diablo 4 quest designer explains how they put the RP in RPG with one simple choice", "description": "Your cleansing ritual choices matter, but not for the reasons you think.", "link": "https://www.pcgamer.com/diablo-4-quest-designer-explains-how-they-put-the-rp-in-rpg-with-one-simple-choice", "date_published": "2023-03-27 22:55:32+00:00", "persistent": false, "user": null, "language": "en-US"}, {"source": "http://www.pcgamer.com/rss", "title": "One of John Wick 4's most exhilarating moments was inspired by a top-down indie shooter", "description": "Martial arts film inspires videogame which in turn inspires martial arts film.", "link": "https://www.pcgamer.com/one-of-john-wick-4s-most-exhilarating-moments-was-inspired-by-a-top-down-indie-shooter", "date_published": "2023-03-27 21:49:19+00:00", "persistent": false, "user": null, "language": "en-US"}, {"source": "http://www.pcgamer.com/rss", "title": "This Vampire Survivors-like has convinced me that imitation isn't such a bad thing", "description": "It was boneheaded of me to doubt Boneraiser Minions' roguelike chops.", "link": "https://www.pcgamer.com/this-vampire-survivors-like-has-convinced-me-that-imitation-isnt-such-a-bad-thing", "date_published": "2023-03-27 21:27:11+00:00", "persistent": false, "user": null, "language": "en-US"}, {"source": "http://www.pcgamer.com/rss", "title": "Former Sims lead says men would lie about how they played during focus groups: 'Actually, what you did is you redecorated that bathroom'", "description": "Rod Humble's new life sim takes careful account of the observation that people don't always want others knowing what they do in life sims.", "link": "https://www.pcgamer.com/former-sims-lead-says-men-would-lie-about-how-they-played-during-focus-groups-actually-what-you-did-is-you-redecorated-that-bathroom", "date_published": "2023-03-27 20:44:46+00:00", "persistent": false, "user": null, "language": "en-US"}, {"source": "http://www.pcgamer.com/rss", "title": "The Last of Us Part 1 preloads are live on Steam", "description": "Get a head start on a big download.", "link": "https://www.pcgamer.com/the-last-of-us-part-1-preloads-are-live-on-steam", "date_published": "2023-03-27 20:35:00+00:00", "persistent": false, "user": null, "language": "en-US"}, {"source": "http://www.pcgamer.com/rss", "title": "Surprise! The hit fighting game Multiversus was only in 'open beta' and now it's shutting down until sometime next year", "description": "Warner is now aiming for a full release in early 2024.", "link": "https://www.pcgamer.com/surprise-the-hit-fighting-game-multiversus-was-only-in-open-beta-and-now-its-shutting-down-until-sometime-next-year", "date_published": "2023-03-27 19:37:22+00:00", "persistent": false, "user": null, "language": "en-US"}, {"source": "http://www.pcgamer.com/rss", "title": "One million copies and 5000 mods later, Teardown's creator is just getting started", "description": "Big things are ahead for the 2022 indie gem, including multiplayer and creative mode.", "link": "https://www.pcgamer.com/one-million-copies-and-5000-mods-later-teardowns-creator-is-just-getting-started", "date_published": "2023-03-27 18:59:17+00:00", "persistent": false, "user": null, "language": "en-US"}, {"source": "http://www.pcgamer.com/rss", "title": "Resident Evil 4 remake has a funny Easter egg that lets you skip the first major fight", "description": "Un clever bastardo!", "link": "https://www.pcgamer.com/resident-evil-4-remake-has-a-funny-easter-egg-that-lets-you-skip-the-first-major-fight", "date_published": "2023-03-27 18:23:33+00:00", "persistent": false, "user": null, "language": "en-US"}, {"source": "http://www.pcgamer.com/rss", "title": "Audio-Technica ATH-M50xSTS StreamSet", "description": "The all-in-one gaming headset to replace your desktop mic.", "link": "https://www.pcgamer.com/audio-technica-ath-m50-sts-streamset-review", "date_published": "2023-03-27 16:46:50+00:00", "persistent": false, "user": null, "language": "en-US"}, {"source": "http://www.pcgamer.com/rss", "title": "Terra Nil review", "description": "More solitaire than strategy, Terra Nil is still a soothing, satisfying and educational environmentalist puzzler.", "link": "https://www.pcgamer.com/terra-nil-review", "date_published": "2023-03-27 15:46:58+00:00", "persistent": false, "user": null, "language": "en-US"}, {"source": "http://www.pcgamer.com/rss", "title": "I can't wait for this ambitious, procgen Deus Ex-like to hit early access next month", "description": "Shadows of Doubt is a sandbox, stealth-based \"detective simulator,\" and it's nearly here.", "link": "https://www.pcgamer.com/i-cant-wait-for-this-ambitious-procgen-deus-ex-like-to-hit-early-access-next-month", "date_published": "2023-03-27 15:40:01+00:00", "persistent": false, "user": null, "language": "en-US"}, {"source": "http://www.pcgamer.com/rss", "title": "This Heroic app is miles better at being the Epic Games Launcher than the Epic Games Launcher", "description": "My Steam Deck loads my Epic Games library faster than my powerful PC, and it's thanks to the Heroic Games Launcher.", "link": "https://www.pcgamer.com/heroic-games-launcher-vs-epic-games-launcher", "date_published": "2023-03-27 15:34:16+00:00", "persistent": false, "user": null, "language": "en-US"}, {"source": "http://www.pcgamer.com/rss", "title": "Diablo 4 rogue almost solos world boss designed for 12 players, and would have if a necromancer didn't nick in and steal the kill at 1% HP", "description": "Now that's timing.", "link": "https://www.pcgamer.com/diablo-4-rogue-almost-solos-world-boss-designed-for-12-players-and-would-have-if-a-necromancer-didnt-nick-in-and-steal-the-kill-at-1-hp", "date_published": "2023-03-27 14:40:12+00:00", "persistent": false, "user": null, "language": "en-US"}, {"source": "http://www.pcgamer.com/rss", "title": "Makers of one of Slay The Spire's most beloved mods announce full game", "description": "Tales & Tactics is coming this year, and promises \"complexity at your own pace\".", "link": "https://www.pcgamer.com/makers-of-one-of-slay-the-spires-most-beloved-mods-announce-full-game", "date_published": "2023-03-27 14:24:25+00:00", "persistent": false, "user": null, "language": "en-US"}, {"source": "http://www.pcgamer.com/rss", "title": "How to unlock Morbius in Marvel's Midnight Suns", "description": "It's Morbin' time (to unlock a new hero).", "link": "https://www.pcgamer.com/marvels-midnight-suns-unlock-morbius", "date_published": "2023-03-27 13:56:41+00:00", "persistent": false, "user": null, "language": "en-US"}, {"source": "http://www.pcgamer.com/rss", "title": "Chris Avellone accepts 'seven-figure payment' to settle libel suit with those who accused him of sexual misconduct", "description": "\"We believe that he deserves a full return to the industry and support him in those endeavors.\"", "link": "https://www.pcgamer.com/chris-avellone-accepts-seven-figure-payment-to-settle-libel-suit-with-those-who-accused-him-of-sexual-misconduct", "date_published": "2023-03-27 13:10:28+00:00", "persistent": false, "user": null, "language": "en-US"}, {"source": "http://www.pcgamer.com/rss", "title": "Life By You says yes to sex mods and privacy, no to gender roles", "description": "We spoke to former Sims boss Rod Humble about his new life sim, which sounds like a platform more than a game.", "link": "https://www.pcgamer.com/life-by-you-interview", "date_published": "2023-03-27 13:00:03+00:00", "persistent": false, "user": null, "language": "en-US"}, {"source": "http://www.pcgamer.com/rss", "title": "Nvidia kicks crypto to the curb: 'doesn\u2019t bring anything useful for society. AI does'", "description": "That's surely going to ruffle some feathers.", "link": "https://www.pcgamer.com/nvidia-kicks-crypto-to-the-curb-doesnt-bring-anything-useful-for-society-ai-does", "date_published": "2023-03-27 11:46:47+00:00", "persistent": false, "user": null, "language": "en-US"}, {"source": "http://www.pcgamer.com/rss", "title": "How to summon a golem as a necromancer in Diablo 4", "description": "The quest for this skill is unlocked at level 25.", "link": "https://www.pcgamer.com/diablo-4-how-to-summon-golem", "date_published": "2023-03-27 11:43:54+00:00", "persistent": false, "user": null, "language": "en-US"}, {"source": "http://www.pcgamer.com/rss", "title": "Say goodbye to absurdly cheap Game Pass: Microsoft is killing the $1 trial", "description": "I'd buy that for a dollar, but Phil Spencer won't let me.", "link": "https://www.pcgamer.com/say-goodbye-to-absurdly-cheap-game-pass-microsoft-is-killing-the-dollar1-trial", "date_published": "2023-03-27 11:02:15+00:00", "persistent": false, "user": null, "language": "en-US"}, {"source": "http://www.pcgamer.com/rss", "title": "Watch this person recycle a bottle by 3D printing a Raspberry Pi case", "description": "From drink to pi in a matter of print.", "link": "https://www.pcgamer.com/watch-this-person-recycle-a-bottle-by-3d-printing-a-raspberry-pi-case", "date_published": "2023-03-27 04:43:02+00:00", "persistent": false, "user": null, "language": "en-US"}, {"source": "http://www.pcgamer.com/rss", "title": "Wordle hint and answer #646: Monday, March 27", "description": "Today's Wordle: Help to solve Monday's puzzle.", "link": "https://www.pcgamer.com/wordle-hint-answer-today-646-march-27", "date_published": "2023-03-27 04:05:44+00:00", "persistent": false, "user": null, "language": "en-US"}, {"source": "http://www.pcgamer.com/rss", "title": "Five new Steam games you probably missed (March 27, 2023)", "description": "Sorting through every new game on Steam so you don't have to.", "link": "https://www.pcgamer.com/five-new-steam-games-you-probably-missed-march-27-2023", "date_published": "2023-03-27 00:44:38+00:00", "persistent": false, "user": null, "language": "en-US"}, {"source": "http://www.pcgamer.com/rss", "title": "Be a swamp devil, cause chaos, steal stuff, in this lo-fi immersive sim", "description": "Scope the free demo for indie immersive sim Brush Burial.", "link": "https://www.pcgamer.com/be-a-swamp-devil-cause-chaos-steal-stuff-in-this-lo-fi-immersive-sim", "date_published": "2023-03-27 00:36:26+00:00", "persistent": false, "user": null, "language": "en-US"}]