[{"source": "https://www.youtube.com/feeds/videos.xml?channel_id=UCq6VFHwMzcMXbuKyG7SQYIg", "title": "The Official Podcast #329: The Problem with Confrontation", "description": "Four close man friends gather around to talk about confrontation.\n\nThis is the Official Podcast. Every Friday. At 7pm EST. Links Below.\n\n---\n\nGet additional episodes and bonus content with early access:\ngo to https://www.PATREON.com/THEOFFICIALPODCAST\n\nBrought to you by the following sponsors:\n\nGET $15 OFF A TRUMAN SHAVE TRIAL SET AT HARRYS:\ngo to https://www.HARRYS.com/OFFICIAL\n\nGET GODSLAP RIGHT NOW:\ngo to https://www.GODSLAPBOOK.com\n\n---\n\nTimestamps:\n\n00:04:00 - Jackson's Confrontation\n00:29:00 - Harry's, Godslap *Ads*\n00:34:55 - Alien Mothership\n00:44:00 - Cereal Free Speech\n01:02:50 - The Whale Fatshaming\n01:22:30 - Diablo 4 and Trump Arrest\n---\n\nHosts: \n\nJackson: https://twitter.com/zealotonpc \nAndrew: https://twitter.com/huggbeestv \nCharlie: https://twitter.com/moistcr1tikal \nKaya: https://twitter.com/kayaorsan\n\n---\n\nThe Official Podcast Links: \n\nSubReddit: https://reddit.com/r/theofficialpodcast \nGoogle Play: https://play.google.com/music/m/Iv4af6j46ldkjja7vwnvljbyiw4?t=The_Official_Podcast \nGoogle Podcasts: https://www.google.com/podcasts?feed=aHR0cHM6Ly9mZWVkcy5tZWdhcGhvbmUuZm0vVE9QNzc4NDYyNTk4MA%3D%3D \nSpotify: https://open.spotify.com/show/6TXzjtMTEopiGjIsCfvv6W \niTunes: https://itunes.apple.com/au/podcast/the-official-podcast/id1186089636 \nPatreon: https://www.patreon.com/theofficialpodcast\nIntro by: https://www.youtube.com/c/Derpmii\nMusic by: https://soundcloud.com/inst1nctive\nThumbnail by: https://www.instagram.com/nook_eilyk/", "link": "https://www.youtube.com/watch?v=9MKIhokoPgY", "date_published": "2023-03-27 16:00:09+00:00", "persistent": false, "user": null, "language": "en-US"}, {"source": "https://www.youtube.com/feeds/videos.xml?channel_id=UCq6VFHwMzcMXbuKyG7SQYIg", "title": "They Responded", "description": "This is the greatest response to nonsense of All Time\nMerch https://moistglobal.com/\nI stream every day https://www.twitch.tv/moistcr1tikal", "link": "https://www.youtube.com/watch?v=IxRMuNJdpFo", "date_published": "2023-03-27 01:15:00+00:00", "persistent": false, "user": null, "language": "en-US"}]