[{"source": "https://www.youtube.com/feeds/videos.xml?channel_id=UCXjmz8dFzRJZrZY8eFiXNUQ", "title": "Why The Uncharted Movie Isn\u2019t Really An Uncharted Movie", "description": "Uncharted is one of the best video games produced in the last 15 years.  Fans everywhere were ecstatic when news broke they were finally adapting Uncharted to the big screen.  But what we ended up getting in the Tom Holland Mark Wahlberg feature was the furthest thing from the Uncharted movie we wanted.  \n\nUncharted Fan film: https://www.youtube.com/watch?v=v5CZQpqF_74\n\n#uncharted #uncharted4 #nerdstalgic \n\nWritten by Ash MItrano\nEdited by Paul Ritchey", "link": "https://www.youtube.com/watch?v=5eqD5cvVFAs", "date_published": "2023-03-27 17:00:02+00:00", "persistent": false, "user": null, "language": "en-US"}]