[{"source": "http://feeds.arstechnica.com/arstechnica/index/", "title": "NY officials detect polio again, warn of possible summer wave", "description": "With new detection, officials warn of spring and summer transmission risks.", "link": "https://arstechnica.com/?p=1927240", "date_published": "2023-03-27 22:05:43+00:00", "persistent": false, "user": null, "language": "en-US"}, {"source": "http://feeds.arstechnica.com/arstechnica/index/", "title": "The power of AI compels you to believe this fake image of Pope in a puffy coat", "description": "Faux \u201cpuffy pontiff\u201d AI image fools many in viral social media post.", "link": "https://arstechnica.com/?p=1927164", "date_published": "2023-03-27 21:41:44+00:00", "persistent": false, "user": null, "language": "en-US"}, {"source": "http://feeds.arstechnica.com/arstechnica/index/", "title": "Biden\u2019s executive order limits government\u2019s use of commercial spyware", "description": "Move comes as \"clickless exploits\" targets journalists and others accused of no crimes.", "link": "https://arstechnica.com/?p=1927199", "date_published": "2023-03-27 21:31:59+00:00", "persistent": false, "user": null, "language": "en-US"}, {"source": "http://feeds.arstechnica.com/arstechnica/index/", "title": "Dealmaster: 1-day-only Nintendo Switch, Microsoft 365 deals; plus PS5 and AirTags", "description": "Nintendo's Switch OLED is on a rare one-day-only discount.", "link": "https://arstechnica.com/?p=1927050", "date_published": "2023-03-27 20:08:07+00:00", "persistent": false, "user": null, "language": "en-US"}, {"source": "http://feeds.arstechnica.com/arstechnica/index/", "title": "Apple rolls out iOS 16.4 and macOS Ventura 13.3 with new emoji and features", "description": "They offer small quality-of-life tweaks and important accessibility features.", "link": "https://arstechnica.com/?p=1927095", "date_published": "2023-03-27 19:33:49+00:00", "persistent": false, "user": null, "language": "en-US"}, {"source": "http://feeds.arstechnica.com/arstechnica/index/", "title": "Today\u2019s the last day to buy eShop games for the Wii U and 3DS", "description": "Titles unavailable elsewhere in Nintendo's ecosystem can no longer be purchased.", "link": "https://arstechnica.com/?p=1927063", "date_published": "2023-03-27 19:29:43+00:00", "persistent": false, "user": null, "language": "en-US"}, {"source": "http://feeds.arstechnica.com/arstechnica/index/", "title": "Hobbyist builds ChatGPT client for MS-DOS", "description": "Hobbyist client allows futuristic AI conversations on vintage hardware.", "link": "https://arstechnica.com/?p=1927046", "date_published": "2023-03-27 19:23:02+00:00", "persistent": false, "user": null, "language": "en-US"}, {"source": "http://feeds.arstechnica.com/arstechnica/index/", "title": "Musk says Twitter value is down to $20 billion, calls firm an \u201cinverse startup\u201d", "description": "Musk email to staff: \"I see a clear, but difficult path\" to $250 billion value.", "link": "https://arstechnica.com/?p=1927065", "date_published": "2023-03-27 19:15:51+00:00", "persistent": false, "user": null, "language": "en-US"}, {"source": "http://feeds.arstechnica.com/arstechnica/index/", "title": "Webb Telescope confirms nearby rocky planet has no atmosphere", "description": "A close look at one of TRAPPIST-1's planets shows it's bare and baking.", "link": "https://arstechnica.com/?p=1927087", "date_published": "2023-03-27 19:10:27+00:00", "persistent": false, "user": null, "language": "en-US"}, {"source": "http://feeds.arstechnica.com/arstechnica/index/", "title": "Google is killing most of Fitbit\u2019s social features today", "description": "Google is shutting down Challenges and Adventures, stripping trophies from users.", "link": "https://arstechnica.com/?p=1927005", "date_published": "2023-03-27 18:57:45+00:00", "persistent": false, "user": null, "language": "en-US"}, {"source": "http://feeds.arstechnica.com/arstechnica/index/", "title": "Publishers beat Internet Archive as judge rules e-book lending violates copyright", "description": "Internet Archive: Judge\u2019s copyright ruling is a \u201cblow to all libraries.\u201d", "link": "https://arstechnica.com/?p=1927024", "date_published": "2023-03-27 17:22:29+00:00", "persistent": false, "user": null, "language": "en-US"}, {"source": "http://feeds.arstechnica.com/arstechnica/index/", "title": "Twitter source code was leaked on GitHub shortly after Musk\u2019s layoff spree", "description": "Twitter suspects code leaker is ex-employee, which doesn't narrow it down much.", "link": "https://arstechnica.com/?p=1927009", "date_published": "2023-03-27 16:01:08+00:00", "persistent": false, "user": null, "language": "en-US"}, {"source": "http://feeds.arstechnica.com/arstechnica/index/", "title": "We drive the most hardcore Toyota Corolla ever: The GR Morizo Edition", "description": "Toyota will only build 200 of these hand-built hot hatches this year, perhaps ever.", "link": "https://arstechnica.com/?p=1926969", "date_published": "2023-03-27 14:15:20+00:00", "persistent": false, "user": null, "language": "en-US"}, {"source": "http://feeds.arstechnica.com/arstechnica/index/", "title": "Blue Origin provides a detailed analysis of its launch failure", "description": "The company says it intends to return to flight \"soon.\"", "link": "https://arstechnica.com/?p=1926972", "date_published": "2023-03-27 13:43:32+00:00", "persistent": false, "user": null, "language": "en-US"}, {"source": "http://feeds.arstechnica.com/arstechnica/index/", "title": "Android app from China executed 0-day exploit on millions of devices", "description": "Fast-growing e-commerce app Pinduoduo had an EvilParcel stow-away.", "link": "https://arstechnica.com/?p=1926914", "date_published": "2023-03-27 12:31:46+00:00", "persistent": false, "user": null, "language": "en-US"}, {"source": "http://feeds.arstechnica.com/arstechnica/index/", "title": "Would building a Dyson sphere be worth it? We ran the numbers.", "description": "Here's the math behind making a star-encompassing megastructure.", "link": "https://arstechnica.com/?p=1925649", "date_published": "2023-03-27 11:40:34+00:00", "persistent": false, "user": null, "language": "en-US"}]