[{"source": "https://www.youtube.com/feeds/videos.xml?channel_id=UCNvzD7Z-g64bPXxGzaQaa4g", "title": "Top 10 NEW Games of April 2023", "description": "Looking for something to play this April on PC, PS5, PS4, Xbox Series X/S/One or Nintendo Switch? We\u2019ve got you covered with this new 2023 video games with April 2023 release dates.\nSubscribe for more: https://www.youtube.com/gameranxTV?sub_confirmation=1\n\n0:00 Intro\n0:11 Sherlock Holmes: The Awakened \n1:39 Ghostwire: Tokyo\n2:39 Mega Man Battle Network Legacy Collection \n3:42 Meet Your Maker \n4:45 Bramble: The Mountain King \n5:35 Road 96: Mile 0  \n6:39 Minecraft Legends\n7:49 Horizon Forbidden West: Burning Shores  \n8:47 Dead Island 2 \n9:41 Star Wars Jedi: Survivor \n10:41 BONUS\n\n#10 Sherlock Holmes: The Awakened \n\nPlatform: PC Switch PS4 PS5 Xbox One XSX|S \n\nRelease Date: April 11, 2023\n\n\n\n#9 Ghostwire: Tokyo\n\nPlatform: XSX|S  \n\nRelease Date: April 12, 2023\n\n\n\n#8 Mega Man Battle Network Legacy Collection \n\nPlatform: - PC Switch PS4 \n\nRelease Date: April 14, 2023\n\n\n\n#7 Meet Your Maker \n\nPlatform: - PC PS4 PS5 Xbox One XSX|S \n\nRelease Date: April 4, 2023\n\n\n\n#6 Bramble: The Mountain King \n\nPlatform:  PC PS5 XSX|S Switch\n\nRelease Date: April 27, 2023\n\n\n\n#5 Road 96: Mile 0  \n\nPlatform:  PC PS4 PS5 Xbox One XSX|S Switch \n\nRelease Date:  April 4, 2023\n\n\n\n#4 Minecraft Legends\n\nPlatform: PC PS4 PS5 Xbox One XSX|S Switch\n\nRelease Date: April 18, 2023\n\n\n\n#3 Horizon Forbidden West: Burning Shores  \n\nPlatform: PS5 \n\nRelease Date: April 19, 2023\n\n\n\n#2 Dead Island 2 \n\nPlatform: PC PS4 PS5 Xbox One XSX|S \n\nRelease Date: April 21, 2023\n\n\n\n#1 Star Wars Jedi: Survivor \n\nPlatform: PC PS5 XSX|S \n\nRelease Date: April 28, 2023\n\n\n\nBONUS \n\n\n\nStar Trek: Resurgence \n\nPlatform: PC PS4 PS5 Xbox One XSX|S \n\nRelease Date: April 2023, 2023\n\n\n\nAdvance Wars 1+2: Re-Boot Camp \n\nPlatform: Switch \n\nRelease Date: April 21, 2023\n\n\n\nRoots of Pacha \n\nPlatform: PC \n\nRelease Date: April 25, 2023", "link": "https://www.youtube.com/watch?v=y1lExODpbV8", "date_published": "2023-03-27 21:12:31+00:00", "persistent": false, "user": null, "language": "en-US"}]