[{"source": "https://www.youtube.com/feeds/videos.xml?channel_id=UCBJycsmduvYEL83R_U4JriQ", "title": "Dope Tech: Better than Expected!", "description": "Everything in this Dope Tech has 1 thing in common: I thought it would be terrible, and it turned out to be... not completely terrible.\n\nMKBHD Merch: http://shop.MKBHD.com\n\nTech I'm using right now: https://www.amazon.com/shop/MKBHD\n\nPlaylist of MKBHD Intro music: https://goo.gl/B3AWV5\n\nEarbuds provided by Huawei for review.\nMotorized shoes provided by Shift for review.\nAstro provided by my wallet.\n\n~\nhttp://twitter.com/MKBHD\nhttp://instagram.com/MKBHD\nhttp://facebook.com/MKBHD", "link": "https://www.youtube.com/watch?v=O-buiiyp_xU", "date_published": "2023-03-27 21:13:03+00:00", "persistent": false, "user": null, "language": "en-US"}]