[{"source": "https://news.itsfoss.com/rss/", "title": "Open-Source Model 'Dolly' Claims to be a Cheaper Alternative to ChatGPT", "description": "An affordable alternative to ChatGPT? And, open-source? Looks like we're joining the open-source race against ChatGPT.", "link": "https://news.itsfoss.com/open-source-model-dolly/", "date_published": "2023-03-27 11:27:25+00:00", "persistent": false, "user": null, "language": "en-US"}, {"source": "https://news.itsfoss.com/rss/", "title": "blendOS Aims to Replace All Linux Distributions", "description": "Ubuntu Unity's lead has come up with a new distro that sounds like something everyone might want to keep an eye on.", "link": "https://news.itsfoss.com/blendos/", "date_published": "2023-03-27 04:17:48+00:00", "persistent": false, "user": null, "language": "en-US"}]