[{"source": "https://wydarzenia.interia.pl/swiat/feed", "title": "Prigo\u017cyn kpi z genera\u0142a Szojgu. Z\u0142o\u017cy\u0142 mu ironiczne \u017cyczenia urodzinowe", "description": "<p><a href=\"https://wydarzenia.interia.pl/zagranica/news-prigozyn-kpi-z-generala-szojgu-zlozyl-mu-ironiczne-zyczenia-,nId,6791743\"><img align=\"left\" alt=\"Prigo\u017cyn kpi z genera\u0142a Szojgu. Z\u0142o\u017cy\u0142 mu ironiczne \u017cyczenia urodzinowe\" src=\"https://i.iplsc.com/prigozyn-kpi-z-generala-szojgu-zlozyl-mu-ironiczne-zyczenia/000H6IHBL8EA76C4-C321.jpg\" /></a>Za\u0142o\u017cyciel Grupy Wagnera Jewgienij Prigo\u017cyn opublikowa\u0142 list z \u017cyczeniami urodzinowymi dla ministra obrony Federacji Rosyjskiej Siergieja Szojgu. W tek\u015bcie &quot;Kucharz Putina&quot; kilkukrotnie wy\u015bmia\u0142 rosyjskiego genera\u0142a.</p><br clear=\"all\" />", "link": "https://wydarzenia.interia.pl/zagranica/news-prigozyn-kpi-z-generala-szojgu-zlozyl-mu-ironiczne-zyczenia-,nId,6791743", "date_published": "2023-05-21 17:30:21+00:00", "persistent": false, "user": null, "language": "pl-PL"}, {"source": "https://wydarzenia.interia.pl/swiat/feed", "title": "W\u0142ochy: Czarna woda w fontannie di Trevi. To akcja aktywist\u00f3w", "description": "<p><a href=\"https://wydarzenia.interia.pl/zagranica/news-wlochy-czarna-woda-w-fontannie-di-trevi-to-akcja-aktywistow,nId,6791656\"><img align=\"left\" alt=\"W\u0142ochy: Czarna woda w fontannie di Trevi. To akcja aktywist\u00f3w\" src=\"https://i.iplsc.com/wlochy-czarna-woda-w-fontannie-di-trevi-to-akcja-aktywistow/000H6H1ZDLWR7LGG-C321.jpg\" /></a>&quot;Nasz kraj umiera&quot; - takie okrzyki s\u0142ycha\u0107 by\u0142o dzi\u015b przy Fontannie di Trevi w Rzymie. Grupa kilku aktywist\u00f3w wla\u0142a do s\u0142ynnego w\u0142oskiego zabytku czarny barwnik i wesz\u0142a do wody, by zwr\u00f3ci\u0107 uwag\u0119 w\u0142adz na zmiany klimatyczne. To kolejna taka akcja w Wiecznym Mie\u015bcie. </p><br clear=\"all\" />", "link": "https://wydarzenia.interia.pl/zagranica/news-wlochy-czarna-woda-w-fontannie-di-trevi-to-akcja-aktywistow,nId,6791656", "date_published": "2023-05-21 11:49:00+00:00", "persistent": false, "user": null, "language": "pl-PL"}]