[{"source": "https://www.youtube.com/feeds/videos.xml?channel_id=UCl2mFZoRqjw_ELax4Yisf6w", "title": "NYC installs kiosks in bodegas to combat rising theft - WTF", "description": "\ud83d\udc49 https://archive.is/HxYUt\nhttps://youtu.be/aSjzHhsHzv4\nhttps://www.youtube.com/watch?v=ctv5JzDPWCE\nhttps://www.youtube.com/watch?v=b0GG0dEPrMI\nhttps://youtu.be/yi8_9WGk3Ok?list=PLkVbIsAWN2ls-WXrvFtAxoJ_VZIMSG9Z3\nhttps://youtu.be/5oDjSoic9Zk?list=PLkVbIsAWN2ls-WXrvFtAxoJ_VZIMSG9Z3\nhttps://youtu.be/qFVwQCFhKSE?list=PLkVbIsAWN2ls-WXrvFtAxoJ_VZIMSG9Z3\nhttps://youtu.be/nSlGTVInDOI?list=PLkVbIsAWN2ls-WXrvFtAxoJ_VZIMSG9Z3\n\n\ud83d\udd35 Hot air station: https://store.rossmanngroup.com/atten-862.html\n\ud83d\udd35 Cheesy mugs & t-shirts: https://bit.ly/rossmannstore\n\n\ud83d\udc49 Rossmann chat: https://tinyurl.com/rossmatrix\n\n\ud83d\udc49 Equipment used:\n\ud83d\udd35 Chair: https://amzn.to/3MjLrnT\n\ud83d\udd35 Microphone: https://amzn.to/3g1hsok\n\ud83d\udd35 Mic stand: https://amzn.to/3Vg47ZI\n\ud83d\udd35 Audio interface: https://amzn.to/3VuKihx\n\ud83d\udd35 Camera: https://amzn.to/3CTk1Av \n\ud83d\udd35 Lighting: https://amzn.to/3RSriGC\n\n\ud83d\udc49 Stream FAQ: https://store.rossmanngroup.com/faq.txt\n\n\ud83d\udc49 Affiliate:\n\u203a Buying on eBay? Support us while you shop! https://www.rossmanngroup.com/ebay\n\u203a Rossmann Repair Group Inc is a participant in the Amazon Services LLC Associates Program, an affiliate advertising program designed to provide a means for sites to earn advertising fees by advertising and linking to amazon.com\n\n\ud83d\udc49 Leave a tip for us via cryptocurrency if we've helped you out:\n\u203a Credit card: http://bit.ly/postamessage\n\u203a Bitcoin: 1EaEv8DBeFfg6fE6BimEmvEFbYLkhpcvhj\n\u203a Bitcoin Cash: qzwtptwa8h0wjjawr5fsm0ku8kf40amgqgm6lx4jxh\n\u203a Dash: XwQpZuvMvU44JT7C7Uh6xHvkSadzJw9fMN\n\u203a Dogecoin: DKetsoCvwa2hF29ssgUA4Wz4hxT4kj3KLU\n\u203a Ethereum: 0x6f6870feb48f08388ee345cf0261e2f03d2fa310\n\u203a Ethereum classic: 0x671bfd61ba87edf6365c97cea33d66ba73645510\n\u203a Litecoin: LWnbTTAjojZQt68ihFJFgQq3cYHUsTcyd7\n\u203a Verge: DFumZ5sMhi3JktLQpsTVtV9xUt3zKDrcZV\n\u203a Zcash: t1Ko3FkphQYoQroQc8k2DVk4WKMAbmNR8PH\n\u203a Zcoin: a8QdvArHmdRYe1MjiqtP6jDNe6Z4JgnRKZ", "link": "https://www.youtube.com/watch?v=oVOkbjukvNI", "date_published": "2023-05-21 21:20:36+00:00", "persistent": false, "user": null, "language": "en-US"}, {"source": "https://www.youtube.com/feeds/videos.xml?channel_id=UCl2mFZoRqjw_ELax4Yisf6w", "title": "Working from home is IMMORAL!", "description": "https://www.youtube.com/watch?v=6pLLVqqF8VA\n\n\ud83d\udd35 Hot air station: https://store.rossmanngroup.com/atten-862.html\n\ud83d\udd35 Cheesy mugs & t-shirts: https://bit.ly/rossmannstore\n\n\ud83d\udc49 Rossmann chat: https://tinyurl.com/rossmatrix\n\n\ud83d\udc49 Equipment used:\n\ud83d\udd35 Chair: https://amzn.to/3MjLrnT\n\ud83d\udd35 Microphone: https://amzn.to/3g1hsok\n\ud83d\udd35 Mic stand: https://amzn.to/3Vg47ZI\n\ud83d\udd35 Audio interface: https://amzn.to/3VuKihx\n\ud83d\udd35 Camera: https://amzn.to/3CTk1Av \n\ud83d\udd35 Lighting: https://amzn.to/3RSriGC\n\n\ud83d\udc49 Stream FAQ: https://store.rossmanngroup.com/faq.txt\n\n\ud83d\udc49 Affiliate:\n\u203a Buying on eBay? Support us while you shop! https://www.rossmanngroup.com/ebay\n\u203a Rossmann Repair Group Inc is a participant in the Amazon Services LLC Associates Program, an affiliate advertising program designed to provide a means for sites to earn advertising fees by advertising and linking to amazon.com\n\n\ud83d\udc49 Leave a tip for us via cryptocurrency if we've helped you out:\n\u203a Credit card: http://bit.ly/postamessage\n\u203a Bitcoin: 1EaEv8DBeFfg6fE6BimEmvEFbYLkhpcvhj\n\u203a Bitcoin Cash: qzwtptwa8h0wjjawr5fsm0ku8kf40amgqgm6lx4jxh\n\u203a Dash: XwQpZuvMvU44JT7C7Uh6xHvkSadzJw9fMN\n\u203a Dogecoin: DKetsoCvwa2hF29ssgUA4Wz4hxT4kj3KLU\n\u203a Ethereum: 0x6f6870feb48f08388ee345cf0261e2f03d2fa310\n\u203a Ethereum classic: 0x671bfd61ba87edf6365c97cea33d66ba73645510\n\u203a Litecoin: LWnbTTAjojZQt68ihFJFgQq3cYHUsTcyd7\n\u203a Verge: DFumZ5sMhi3JktLQpsTVtV9xUt3zKDrcZV\n\u203a Zcash: t1Ko3FkphQYoQroQc8k2DVk4WKMAbmNR8PH\n\u203a Zcoin: a8QdvArHmdRYe1MjiqtP6jDNe6Z4JgnRKZ", "link": "https://www.youtube.com/watch?v=Y53elVaJUew", "date_published": "2023-05-21 04:24:02+00:00", "persistent": false, "user": null, "language": "en-US"}]