[{"source": "https://www.youtube.com/feeds/videos.xml?channel_id=UCIw5fgJcTtR2Av-0JkZp-xg", "title": "\"I'm The Dude\" // Remixing The Big Lebowski // Smpltrek", "description": "SmplTrek skin by Cremacaffe: https://cremacaffe.shop\nSupport my music on Patreon: https://patreon.com/yuriwong\nRemixed on the Sonicware SmplTrek\nCompleted in Logic Pro\n0:00 Making-of\n3:22 Full Song\n\nLet me explain something to you. Um, I am not \"Mr. Lebowski\". You're Mr. Lebowski. I'm the Dude. So that's what you call me. You know, that or, uh, His Dudeness, or uh, Duder, or El Duderino if you're not into the whole brevity thing.", "link": "https://www.youtube.com/watch?v=kfVwGvSL--4", "date_published": "2023-05-21 12:00:36+00:00", "persistent": false, "user": null, "language": "en-US"}]