[{"source": "https://www.cnbc.com/id/100727362/device/rss/rss.html", "title": "Should you check emails on vacation or face a \u2018tidal wave\u2019 of messages later? These CEOs have some ideas", "description": "Vacations are a break from the office, but emails follow us everywhere \u2014 if we let them. CEOs share strategies to tame emails and protect your vacation.", "link": "https://www.cnbc.com/2023/05/22/how-to-handle-email-on-vacation-see-what-these-ceos-do.html", "date_published": "2023-05-21 22:48:24+00:00", "persistent": false, "user": null, "language": "en-US"}, {"source": "https://www.cnbc.com/id/100727362/device/rss/rss.html", "title": "Parrots, paper clips and safety vs. ethics: Why the artificial intelligence debate sounds like a foreign language", "description": "The language around the AI reveals a major rift in how academics, politicians and the technology industry believe that AI should regulated.", "link": "https://www.cnbc.com/2023/05/21/ai-terminology-explained-paper-clips-parrots-and-safety-vs-ethics.html", "date_published": "2023-05-21 15:55:34+00:00", "persistent": false, "user": null, "language": "en-US"}, {"source": "https://www.cnbc.com/id/100727362/device/rss/rss.html", "title": "'Hard choices' will need to be made about which bills go unpaid if the debt ceiling is not raised, Yellen says", "description": "Treasury Secretary Janet Yellen warned that the United States could default on its debt in June.", "link": "https://www.cnbc.com/2023/05/21/debt-ceiling-yellen-says-hard-choices-will-need-to-be-made-if-debt-ceiling-is-not-raised.html", "date_published": "2023-05-21 14:51:37+00:00", "persistent": false, "user": null, "language": "en-US"}, {"source": "https://www.cnbc.com/id/100727362/device/rss/rss.html", "title": "TipRanks reveals the top 10 health care sector analysts of the past decade", "description": "TipRanks' analyst ranking service ranks the top Wall Street firms of the past decade.", "link": "https://www.cnbc.com/2023/05/21/tipranks-names-the-top-10-health-care-analysts-of-the-past-decade.html", "date_published": "2023-05-21 12:20:15+00:00", "persistent": false, "user": null, "language": "en-US"}, {"source": "https://www.cnbc.com/id/100727362/device/rss/rss.html", "title": "Monday is Ford's chance to convince Wall Street skeptics of its EV plans", "description": "Ford is hosting a \"Delivering Ford+\" capital markets day in which it has promised to provide details of how it expects to achieve previously stated targets.", "link": "https://www.cnbc.com/2023/05/21/ford-capital-markets-convince-wall-street-skeptics.html", "date_published": "2023-05-21 11:00:01+00:00", "persistent": false, "user": null, "language": "en-US"}, {"source": "https://www.cnbc.com/id/100727362/device/rss/rss.html", "title": "WTO chief pushes for reglobalized supply chains to cut down bottleneck risks", "description": "WTO Director-General Ngozi Okonjo-Iweala stressed the need to avoid reliance on a handful of manufacturing countries for key products.", "link": "https://www.cnbc.com/2023/05/21/wto-chief-pushes-reglobalized-supply-chains-to-cut-down-bottlenecks.html", "date_published": "2023-05-21 09:31:36+00:00", "persistent": false, "user": null, "language": "en-US"}, {"source": "https://www.cnbc.com/id/100727362/device/rss/rss.html", "title": "Europe's energy market faces 3 key challenges this year, the IEA's chief says", "description": "Europe may have done a good job mitigating an energy crisis caused by the war in Ukraine but it's \"not out of the woods\" yet, the head of the IEA said.", "link": "https://www.cnbc.com/2023/05/21/iea-highlights-the-key-risks-for-the-worlds-energy-markets-.html", "date_published": "2023-05-21 08:43:50+00:00", "persistent": false, "user": null, "language": "en-US"}]