[{"source": "https://www.youtube.com/feeds/videos.xml?channel_id=UCswH8ovgUp5Bdg-0_JTYFNw", "title": "\u201cYou Can\u2019t Stop Them!\u201d Why The Deep State Is UNSTOPPABLE", "description": "This week I spoke with Professor of History at Columbia, Matthew Connolly. We discuss how power truly operates regarding classified documents & who has access to them. #power #corruption #politics \n\nWatch Full Interview Here: https://rumble.com/v2o3vls-trump-was-right-what-the-durham-report-really-means-130-stay-free-with-russ.html\n\nYou Can Find His Book HERE: https://www.amazon.com/Declassification-Engine-History-Reveals-Americas/dp/1101871571\n--------------------------------------------------------------------------------------------------------------------------\nWATCH me LIVE weekdays on Rumble: https://bit.ly/russellbrand-rumble\nJoin Russell Brand Connected over on Locals: https://bit.ly/russellbrand-connected-community\nCome COMMUNITY 2023 - https://www.russellbrand.com/community-2023/\nNEW MERCH! https://stuff.russellbrand.com/\nKeep up to date, Join my mailing list - https://www.russellbrand.com/join-the-community/", "link": "https://www.youtube.com/watch?v=J_uH_ZM_5Ds", "date_published": "2023-05-21 17:00:10+00:00", "persistent": false, "user": null, "language": "en-US"}]