[{"source": "https://www.youtube.com/feeds/videos.xml?channel_id=UCKy1dAqELo0zrOtPkf0eTMw", "title": "Marvel Studios' Secret Invasion - Official 'Fight' Teaser Trailer (2023) Samuel L. Jackson", "description": "Take a look at the latest teaser trailer for Marvel Studios' Secret Invasion giving us a brand new look at the dark espionage series. Reigning in a new era for the MCU, the series sets out to question whether you can truly trust new faces you encounter or faces you've known for years before. \n\nMarvel Studios' Secret Invasion stars Samuel L. Jackson (Nick Fury), Ben Mendelsohn (Talos), Emilia Clarke (G'iah), Cobie Smulders (Maria Hill), Don Cheadle (James 'War Machine' Rhodes) and more. The series is directed by Ali Selim and written by Kyle Bradstreet.\n\nMarvel Studios' Secret Invasion premieres on June 21 exclusively on Disney+.\n\n#MarvelStudios #SecretInvasion #MCU", "link": "https://www.youtube.com/watch?v=760qRz6zwW4", "date_published": "2023-05-21 17:00:04+00:00", "persistent": false, "user": null, "language": "en-US"}, {"source": "https://www.youtube.com/feeds/videos.xml?channel_id=UCKy1dAqELo0zrOtPkf0eTMw", "title": "Fortnite x Yoshitaka Amano - Official Crossheart Trailer", "description": "Fortnite has introduced a new skin called Crossheart created in collaboration with legendary artist Yoshitaka Amano. Yoshitaka Amano is famed for his work as an artist, character designer, and illustrator on iconic game series such as Final Fantasy, Front Mission, and more. Crossheart is available now in the Fortnite Item Shop.\n\n#Fortnite #Crossheart #YoshitakaAmano", "link": "https://www.youtube.com/watch?v=qPOA5XIwkV8", "date_published": "2023-05-21 14:10:00+00:00", "persistent": false, "user": null, "language": "en-US"}]