[{"source": "http://wiadomosci.gazeta.pl/pub/rss/wiadomosci_kraj.htm", "title": "\u015al\u0105skie. Przyszed\u0142 do bankomatu po pieni\u0105dze. Normalna sprawa, ale dlaczego w kominiarce?", "description": "<img align=\"left\" hspace=\"4\" src=\"https://bi.im-g.pl/im/2c/67/1c/z29783596M,Przyszedl-do-bankomatu-po-pieniadze-w-kominiarce--.jpg\" vspace=\"2\" />Policjanci z Gorzyc w woj. \u015bl\u0105skim otrzymali zg\u0142oszenie o dziwnie zachowuj\u0105cym si\u0119 m\u0119\u017cczy\u017anie. Wybiera\u0142 on pieni\u0105dze z bankomatu, a na twarzy mia\u0142 za\u0142o\u017con\u0105 kominiark\u0119. Jak si\u0119 okaza\u0142o, obywatel Niemiec mia\u0142 wa\u017cny pow\u00f3d.", "link": "https://wiadomosci.gazeta.pl/wiadomosci/7,114883,29783567,slaskie-przyszedl-do-bankomatu-po-pieniadze-normalna-sprawa.html?utm_source=RSS&utm_medium=RSS&utm_campaign=10663636", "date_published": "2023-05-21 17:05:00+00:00", "persistent": false, "user": null, "language": "pl-PL"}, {"source": "http://wiadomosci.gazeta.pl/pub/rss/wiadomosci_kraj.htm", "title": "Tragiczny wypadek na A1. Dachowa\u0142 bus, wypad\u0142y trzy osoby, kierowca by\u0142 pijany", "description": "<img align=\"left\" hspace=\"4\" src=\"https://bi.im-g.pl/im/cf/67/1c/z29783503M,Smiertelny-wypadek-na-A1--Dachowal-bus--kierowca-b.jpg\" vspace=\"2\" />Tragiczny wypadek busa na w\u0119\u017ale Blachownia na autostradzie A1 w wojew\u00f3dztwie \u015bl\u0105skim. Pojazd dachowa\u0142, wypad\u0142y z niego trzy osoby, dwie z nich zgin\u0119\u0142y. Policja poda\u0142a, \u017ce kierowca busa by\u0142 pod wp\u0142ywem alkoholu.", "link": "https://wiadomosci.gazeta.pl/wiadomosci/7,114883,29783413,smiertelny-wypadek-na-a1-dachowal-bus-kierowca-byl-pijany.html?utm_source=RSS&utm_medium=RSS&utm_campaign=10663636", "date_published": "2023-05-21 15:35:00+00:00", "persistent": false, "user": null, "language": "pl-PL"}, {"source": "http://wiadomosci.gazeta.pl/pub/rss/wiadomosci_kraj.htm", "title": "Szczecin. Niebezpieczny po\u017car w domu wielorodzinnym. \"Zacz\u0119li robi\u0107 grilla\"", "description": "<img align=\"left\" hspace=\"4\" src=\"https://bi.im-g.pl/im/43/67/1c/z29783363M,Szczecin--Niebezpieczny-pozar-w-domu-wielorodzinny.jpg\" vspace=\"2\" />Nocny po\u017car w jednym z dom\u00f3w wielorodzinnych na osiedlu Bukowe-Kl\u0119skowo w Szczecinie. Ogie\u0144 pojawi\u0142 si\u0119 w mieszkaniu na parterze. S\u0105siedzi twierdz\u0105, \u017ce powodem po\u017caru by\u0142 grill, rozpalony na tarasie.", "link": "https://wiadomosci.gazeta.pl/wiadomosci/7,114883,29783259,szczecin-niebezpieczny-pozar-w-domu-wielorodzinnym-zaczeli.html?utm_source=RSS&utm_medium=RSS&utm_campaign=10663636", "date_published": "2023-05-21 14:32:00+00:00", "persistent": false, "user": null, "language": "pl-PL"}, {"source": "http://wiadomosci.gazeta.pl/pub/rss/wiadomosci_kraj.htm", "title": "Komunijne \"dywaniki do kibla\" z Jezusem. Ksi\u0105dz wylicza wymys\u0142y rodzic\u00f3w i pyta dzieci o prezenty", "description": "<img align=\"left\" hspace=\"4\" src=\"https://bi.im-g.pl/im/da/46/1c/z29649882M,Pierwsza-komunia-swieta--zdjecie-ilustracyjne-.jpg\" vspace=\"2\" />\"Czy w pierwszej komunii chodzi jeszcze o Boga?\" - takie pytanie w nowym odcinku swojego programu postawi\u0142 ks. Rafa\u0142 G\u0142\u00f3wczy\u0144ski, youtuber znany jako \"Ksi\u0105dz z osiedla\". Zapyta\u0142 rodzic\u00f3w m.in. o to, czy widz\u0105 co\u015b z\u0142ego w komercjalizacji komunii, a dzieci - o to, jaki jest ich wymarzony prezent.", "link": "https://wiadomosci.gazeta.pl/wiadomosci/7,114883,29782921,komunijne-dywaniki-do-kibla-z-jezusem-ksiadz-wylicza-wymysly.html?utm_source=RSS&utm_medium=RSS&utm_campaign=10663636", "date_published": "2023-05-21 14:26:00+00:00", "persistent": false, "user": null, "language": "pl-PL"}, {"source": "http://wiadomosci.gazeta.pl/pub/rss/wiadomosci_kraj.htm", "title": "Nowe ostrze\u017cenia IMGW. Nadchodz\u0105 gwa\u0142towne burze, mo\u017cliwe wezbrania w\u00f3d i po\u017cary [zagro\u017cone regiony]", "description": "<img align=\"left\" hspace=\"4\" src=\"https://bi.im-g.pl/im/10/67/1c/z29783056M,Wyladowania-atmosferyczne-w-trakcie-burzy---zdjeci.jpg\" vspace=\"2\" />Za nami majowa zimna Zo\u015bka i towarzysz\u0105cy jej zimni ogrodnicy. Cho\u0107 sytuacja pogodowa zdaje si\u0119 na powr\u00f3t stabilizowa\u0107, a s\u0142o\u0144ce ch\u0119tniej dotrzymuje nam towarzystwa, w niekt\u00f3rych regionach Polski sytuacja pozostaje niespokojna. IMGW wyda\u0142o bowiem a\u017c trzy ostrze\u017cenia r\u00f3\u017cnych kategorii dla konkretnych region\u00f3w kraju.", "link": "https://wiadomosci.gazeta.pl/wiadomosci/7,114883,29783028,nowe-ostrzezenia-imgw-nadchodza-gwaltowne-burze-mozliwe-wezbrania.html?utm_source=RSS&utm_medium=RSS&utm_campaign=10663636", "date_published": "2023-05-21 13:24:00+00:00", "persistent": false, "user": null, "language": "pl-PL"}]