[{"source": "https://www.youtube.com/feeds/videos.xml?channel_id=UCTTZqMWBvLsUYqYwKTdjvkw", "title": "Atak hakera na firm\u0119 #prawieLIVE", "description": "\ud83d\udd79\ufe0f\u00a0Kiedy by\u0142em ma\u0142ym ch\u0142opcem, marzy\u0142em o tym, \u017ceby zosta\u0107 profesjonalnym graczem w Starcrafta. Rzeczywisto\u015b\u0107 jednak szybko zweryfikowa\u0142a moje umiej\u0119tno\u015bci. Drug\u0105 w kolejno\u015bci rzecz\u0105, kt\u00f3ra mog\u0142a w jaki\u015b spos\u00f3b otrze\u0107 \u0142zy rozpaczy spod moich oczu, by\u0142o komentowanie Starkraftowych pojedynk\u00f3w. Okazuje si\u0119, \u017ce nawet po wielu latach marzenia mog\u0105 si\u0119 spe\u0142ni\u0107. A moje postanowi\u0142a spe\u0142ni\u0107 katowicka firma DAGMA Bezpiecze\u0144stwo IT, dystrybutor produkt\u00f3w marki Eset na polskim rynku.\n\nZapraszamy Was wsp\u00f3lnie na konferencj\u0119 Cyberbezpiecze\u0144stwo Polskich Firm 2023, kt\u00f3ra odb\u0119dzie si\u0119 ju\u017c nied\u0142ugo, bo 15. czerwca. Wi\u0119cej szczeg\u00f3\u0142\u00f3w znajdziecie pod linkiem:\n[https://in.eset.pl/cyberbezpieczenstwo-polskich-firm](https://in.eset.pl/cyberbezpieczenstwo-polskich-firm)\n\nA teraz zobaczmy jak wygl\u0105da atak z\u0142o\u015bliwego hakera na firm\u0119!\n\nPS I wybaczcie drobny b\u0142\u0105d z wyt\u0142umaczeniem prze\u0142\u0105cznika -Pn w nmapie. Robi on dok\u0142adnie odwrotnie to, co powiedzia\u0142em. ;)\n \n\u0179r\u00f3d\u0142a:\n\ud83d\udd17\u00a0Strona DAGMA Bezpiecze\u0144stwo IT\nhttps://dagma.eu/pl\n\n\ud83d\udd0e\u00a0Rozwi\u0105zanie klasy Extended Detection & Response (XDR) firmy ESET\nhttps://bit.ly/3WiXXJ0 && https://bit.ly/437iZ09\n\n\ud83c\udfac\u00a0Kana\u0142 na youtube DAGMA Bezpiecze\u0144stwo IT\nhttps://www.youtube.com/channel/UCCYwtZ3QT5NeiyPHrJC5w3g\n\n\ud83d\udcbc\u00a0Profil DAGMA na LinkedIn\nhttps://www.linkedin.com/company/dagma/\n\n\ud83d\udcbc\u00a0Profil ESET Polska na LinkedIn\nhttps://www.linkedin.com/company/eset-polska/\n\n\ud83d\udc1a\u00a0Czym jest reverse shell?\nhttps://bit.ly/458YTUq\n\n\ud83d\udcdd\u00a0Dokumentacja metasploita\nhttps://bit.ly/45k8tnM\n\n\u2194\ufe0f\u00a0Jak pivotowa\u0107? Praktyczny przyk\u0142ad.\nhttps://bit.ly/3Wiv5Ro\n\n\ud83d\udc24\u00a0Jak dzia\u0142aj\u0105 pliki-kanarki?\nhttps://bit.ly/3BF0K5W\n \nJe\u017celi nie ufasz skracanym linkom (bardzo dobrze!) to dodaj na ich ko\u0144cu plusik \u2018+\u2019.\nW ten spos\u00f3b podejrzysz na stronie bit.ly dok\u0105d prowadz\u0105.\n \nRelevant xkcd: https://xkcd.com/2176/\n \n\u00a9 Wszystkie znaki handlowe nale\u017c\u0105 do ich prawowitych w\u0142a\u015bcicieli.\n\u2764\ufe0f Dzi\u0119kuj\u0119 za Wasz\u0105 uwag\u0119.\n \nZnajdziecie mnie r\u00f3wnie\u017c na:\nInstagramie @mateuszemsi https://www.instagram.com/mateuszemsi/ \nTwitterze @MateuszChrobok https://twitter.com/MateuszChrobok \nMastodonie https://infosec.exchange/@mateuszchrobok \nLinkedInie @mateuszchrobok https://www.linkedin.com/in/mateuszchrobok/ \nPatronite @MateuszChrobok https://patronite.pl/MateuszChrobok\nPodcasty na: \nAnchor https://anchor.fm/mateusz-chrobok \nSpotify https://open.spotify.com/show/6y6oWs20HwRejktOWHTteR \nApple Podcasts https://apple.co/3OwjvOh\n \nRozdzia\u0142y:\n00:00 Intro\n01:07 Bohaterowie\n01:42 Do ataku!\n03:40 email\n05:10 Otwarcie za\u0142\u0105cznika\n06:16 Reverse shell\n07:01 Pivot\n07:57 Proxy\n09:09 nmap\n11:22 Hydra\n12:42 RDP\n13:28 Ransomware\n14:32 Analiza obro\u0144cy\n19:44 Bezbronno\u015b\u0107\n21:27 Co Robi\u0107 i Jak \u017by\u0107?\n \n#XDR #EDR #Eset #DAGMA #wsp\u00f3\u0142pracareklamowa", "link": "https://www.youtube.com/watch?v=PTYS5F9XgZw", "date_published": "2023-05-21 16:00:16+00:00", "persistent": false, "user": null, "language": "pl-PL"}]