[{"source": "https://www.androidauthority.com/feed/", "title": "Midjourney vs Stable Diffusion: Which AI image generator should you use?", "description": "Looking to generate realistic-looking images? Here's which AI tool you should use.", "link": "https://www.androidauthority.com/midjourney-vs-stable-diffusion-3327349/", "date_published": "2023-05-21 21:32:34+00:00", "persistent": false, "user": null, "language": "en-US"}, {"source": "https://www.androidauthority.com/feed/", "title": "Google Tensor G3: What to expect from the Pixel 8 processor", "description": "More raw processing power isn't everything, but it would certainly help Google keep pace with the competition.", "link": "https://www.androidauthority.com/google-tensor-g3-explained-3324692/", "date_published": "2023-05-21 18:00:33+00:00", "persistent": false, "user": null, "language": "en-US"}, {"source": "https://www.androidauthority.com/feed/", "title": "I wish more smart home products did what this air purifier does", "description": "A simple list of voice commands makes the Levoit Core 400S infinitely more user-friendly.", "link": "https://www.androidauthority.com/levoit-core-400s-smart-home-3326961/", "date_published": "2023-05-21 16:00:21+00:00", "persistent": false, "user": null, "language": "en-US"}, {"source": "https://www.androidauthority.com/feed/", "title": "The big thing missing from Google\u2019s new line-up is a next-gen AI assistant", "description": "Google has big plans for Bard and generative AI, but what about a next-generation version of Assistant?", "link": "https://www.androidauthority.com/google-io-ai-assistant-missing-3326962/", "date_published": "2023-05-21 14:00:14+00:00", "persistent": false, "user": null, "language": "en-US"}, {"source": "https://www.androidauthority.com/feed/", "title": "Google Photos\u2019 upcoming Magic Editor is cool, but I don\u2019t like it", "description": "It shouldn't be this easy to alter reality.", "link": "https://www.androidauthority.com/google-photos-magic-editor-2-3323750/", "date_published": "2023-05-21 12:00:49+00:00", "persistent": false, "user": null, "language": "en-US"}, {"source": "https://www.androidauthority.com/feed/", "title": "Sony Xperia 1 V vs Google Pixel 7 Pro: Which camera flagship is better?", "description": "One has an overkill spec sheet, the other focuses strongly on experience. Which is the better approach?", "link": "https://www.androidauthority.com/sony-xperia-1-v-vs-google-pixel-7-pro-3326878/", "date_published": "2023-05-21 10:00:37+00:00", "persistent": false, "user": null, "language": "en-US"}]