[{"source": "https://ithardware.pl/feed", "title": "Alan Wake 2. Aktor g\u0142osowy ujawnia dat\u0119 premiery gry", "description": "<img src=\"https://ithardware.pl/artykuly/min/27394_1.jpg\" />            Gracze z niecierpliwo\u015bci\u0105 czekaj\u0105 na premier\u0119 gry Alan Wake 2, kt&oacute;rego produkcja nie wydaje si\u0119 zagro\u017cona, wi\u0119c nie powinno doj\u015b\u0107 do op&oacute;\u017anienia debiutu. Informacj\u0105 odno\u015bnie wydania produkcji podzieli\u0142 si\u0119 aktor...\n            <p>Pe\u0142na wersja strony <a href=\"https://ithardware.pl/aktualnosci/alan_wake_2_aktor_glosowy_ujawnia_date_premiery_gry-27394.html\">https://ithardware.pl/aktualnosci/alan_wake_2_aktor_glosowy_ujawnia_date_premiery_gry-27394.html</a></p>", "link": "https://ithardware.pl/aktualnosci/alan_wake_2_aktor_glosowy_ujawnia_date_premiery_gry-27394.html", "date_published": "2023-05-21 21:46:46+00:00", "persistent": false, "user": null, "language": "pl-PL"}, {"source": "https://ithardware.pl/feed", "title": "Hogwarts Legacy generuje krocie. Warner Bros. ujawnia dane", "description": "<img src=\"https://ithardware.pl/artykuly/min/27393_1.jpg\" />            Hogwarts Legacy to jak na razie najlepsza gra osadzona w magicznym \u015bwiecie wykreowanym przez J.K. Rowling, kt&oacute;ra generuje Warner Bros. krocie czego dowodz\u0105 ostatnie wyniki finansowe firmy. Z drugiej strony produkcja&nbsp;je\u017celi chodzi o...\n            <p>Pe\u0142na wersja strony <a href=\"https://ithardware.pl/aktualnosci/hogwarts_legacy_generuje_krocie_warner_bros_ujawnia_dane-27393.html\">https://ithardware.pl/aktualnosci/hogwarts_legacy_generuje_krocie_warner_bros_ujawnia_dane-27393.html</a></p>", "link": "https://ithardware.pl/aktualnosci/hogwarts_legacy_generuje_krocie_warner_bros_ujawnia_dane-27393.html", "date_published": "2023-05-21 19:00:00+00:00", "persistent": false, "user": null, "language": "pl-PL"}, {"source": "https://ithardware.pl/feed", "title": "Posiadacze iPhone'\u00f3w s\u0105 bogatsi, dlatego p\u0142ac\u0105 wi\u0119cej za us\u0142ugi. No i mamy pozew...", "description": "<img src=\"https://ithardware.pl/artykuly/min/27392_1.jpg\" />            Posiadacze telefon&oacute;w Apple iOS s\u0105 przeci\u0119tnie bogatsi ni\u017c u\u017cytkownicy Androida. Przynajmniej tak twierdzi firma&nbsp;DoorDash, kt&oacute;rej us\u0142ugi s\u0105 dro\u017csze dla posiadaczy iPhone'&oacute;w, ni\u017c smartfon&oacute;w z...\n            <p>Pe\u0142na wersja strony <a href=\"https://ithardware.pl/aktualnosci/posiadacze_iphone_ow_sa_bogatsi_dlatego_placa_wiecej_za_dostawy_no_i_mamy_pozew-27392.html\">https://ithardware.pl/aktualnosci/posiadacze_iphone_ow_sa_bogatsi_dlatego_placa_wiecej_za_dostawy_no_i_mamy_pozew-27392.html</a></p>", "link": "https://ithardware.pl/aktualnosci/posiadacze_iphone_ow_sa_bogatsi_dlatego_placa_wiecej_za_dostawy_no_i_mamy_pozew-27392.html", "date_published": "2023-05-21 18:14:40+00:00", "persistent": false, "user": null, "language": "pl-PL"}, {"source": "https://ithardware.pl/feed", "title": "W Niemczech powstaje najwi\u0119kszy w Europie budynek wydrukowany w 3D", "description": "<img src=\"https://ithardware.pl/artykuly/min/27391_1.jpg\" />            Niemcy b\u0119d\u0105 mia\u0142y najwi\u0119kszy w Europie budynek zbudowany przy u\u017cyciu technologii druku 3D. Jest to&nbsp;centrum danych, kt&oacute;re wyr&oacute;\u017cnia si\u0119 nie tylko swoj\u0105 funkcjonalno\u015bci\u0105, ale tak\u017ce oryginalnym projektem architektonicznym.\n\nW...\n            <p>Pe\u0142na wersja strony <a href=\"https://ithardware.pl/aktualnosci/w_niemczech_powstaje_najwiekszy_w_europie_budynek_wydrukowany_w_3d-27391.html\">https://ithardware.pl/aktualnosci/w_niemczech_powstaje_najwiekszy_w_europie_budynek_wydrukowany_w_3d-27391.html</a></p>", "link": "https://ithardware.pl/aktualnosci/w_niemczech_powstaje_najwiekszy_w_europie_budynek_wydrukowany_w_3d-27391.html", "date_published": "2023-05-21 17:57:27+00:00", "persistent": false, "user": null, "language": "pl-PL"}, {"source": "https://ithardware.pl/feed", "title": "Gotion obiecuje akumulatory LMFP 240 Wh/kg bez niklu i kobaltu z zasi\u0119giem 1000 km", "description": "<img src=\"https://ithardware.pl/artykuly/min/27390_1.png\" />            Przewiduje&nbsp;si\u0119, \u017ce wa\u017cnym kamieniem milowym w rozwoju akumulator&oacute;w b\u0119d\u0105 ogniwa zwi\u0105zk&oacute;w metalicznych fluoro fosforanowych (LMFP). Firma Gotion do\u0142\u0105cza do grona przedsi\u0119biorstw pracuj\u0105cych nad tymi ogniwami, a ich unikalne...\n            <p>Pe\u0142na wersja strony <a href=\"https://ithardware.pl/aktualnosci/gotion_obiecuje_akumulatory_lmfp_240_wh_kg_bez_niklu_i_kobaltu_z_zasiegiem_1000_km-27390.html\">https://ithardware.pl/aktualnosci/gotion_obiecuje_akumulatory_lmfp_240_wh_kg_bez_niklu_i_kobaltu_z_zasiegiem_1000_km-27390.html</a></p>", "link": "https://ithardware.pl/aktualnosci/gotion_obiecuje_akumulatory_lmfp_240_wh_kg_bez_niklu_i_kobaltu_z_zasiegiem_1000_km-27390.html", "date_published": "2023-05-21 17:55:50+00:00", "persistent": false, "user": null, "language": "pl-PL"}, {"source": "https://ithardware.pl/feed", "title": "ASUS wyda\u0142 aktualizacj\u0119, kt\u00f3ra odbiera u\u017cytkownikom router\u00f3w dost\u0119p do sieci", "description": "<img src=\"https://ithardware.pl/artykuly/min/27389_1.jpg\" />            ASUS zirytowa\u0142 tysi\u0105ce u\u017cytkownik&oacute;w swoich router&oacute;w aktualizacj\u0105, kt&oacute;ra sprawi\u0142a, \u017ce urz\u0105dzenia przesta\u0142y \u0142\u0105czy\u0107 si\u0119 z sieci\u0105. Firma przeprosi\u0142a klient&oacute;w za problem i znalaz\u0142a rozwi\u0105zanie k\u0142opotu.\n\nRoutery...\n            <p>Pe\u0142na wersja strony <a href=\"https://ithardware.pl/aktualnosci/asus_wydal_aktualizacje_ktora_odbiera_uzytkownikom_routerow_dostep_do_sieci-27389.html\">https://ithardware.pl/aktualnosci/asus_wydal_aktualizacje_ktora_odbiera_uzytkownikom_routerow_dostep_do_sieci-27389.html</a></p>", "link": "https://ithardware.pl/aktualnosci/asus_wydal_aktualizacje_ktora_odbiera_uzytkownikom_routerow_dostep_do_sieci-27389.html", "date_published": "2023-05-21 16:30:00+00:00", "persistent": false, "user": null, "language": "pl-PL"}, {"source": "https://ithardware.pl/feed", "title": "AmpereOne - nowe procesory z niesamowit\u0105 ilo\u015bci\u0105 rdzeni i 8-kana\u0142owym kontrolerem DDR5", "description": "<img src=\"https://ithardware.pl/artykuly/min/27388_1.jpg\" />            Ampere Computing przedstawia swoj\u0105 najnowsz\u0105 generacj\u0119 procesor&oacute;w serwerowych, nazwan\u0105 AmpereOne. Ta nowa seria procesor&oacute;w wprowadza znacz\u0105cy wzrost w liczbie rdzeni, umo\u017cliwiaj\u0105c teraz konfiguracj\u0119 modeli z imponuj\u0105cymi 192...\n            <p>Pe\u0142na wersja strony <a href=\"https://ithardware.pl/aktualnosci/ampereone_nowe_procesory_z_niesamowita_iloscia_rdzeni_i_8_kanalowym_kontrolerem_ddr5-27388.html\">https://ithardware.pl/aktualnosci/ampereone_nowe_procesory_z_niesamowita_iloscia_rdzeni_i_8_kanalowym_kontrolerem_ddr5-27388.html</a></p>", "link": "https://ithardware.pl/aktualnosci/ampereone_nowe_procesory_z_niesamowita_iloscia_rdzeni_i_8_kanalowym_kontrolerem_ddr5-27388.html", "date_published": "2023-05-21 15:58:10+00:00", "persistent": false, "user": null, "language": "pl-PL"}, {"source": "https://ithardware.pl/feed", "title": "Tom Hanks: Sztuczna inteligencja \u201epozwoli mi gra\u0107\u201d nawet po \u015bmierci", "description": "<img src=\"https://ithardware.pl/artykuly/min/27387_1.jpg\" />            W jednym z niedawnych odcink&oacute;w podcastu z Adama Buxtona, poruszono temat wp\u0142ywu sztucznej inteligencji na \u015bwiat aktorstwa. Znany aktor Tom Hanks podzieli\u0142 si\u0119 swoimi przemy\u015bleniami na temat tego, jak taka technologia mog\u0142aby umo\u017cliwi\u0107 mu...\n            <p>Pe\u0142na wersja strony <a href=\"https://ithardware.pl/aktualnosci/tom_hanks_sztuczna_inteligencja_pozwoli_mi_grac_nawet_po_smierci-27387.html\">https://ithardware.pl/aktualnosci/tom_hanks_sztuczna_inteligencja_pozwoli_mi_grac_nawet_po_smierci-27387.html</a></p>", "link": "https://ithardware.pl/aktualnosci/tom_hanks_sztuczna_inteligencja_pozwoli_mi_grac_nawet_po_smierci-27387.html", "date_published": "2023-05-21 15:36:20+00:00", "persistent": false, "user": null, "language": "pl-PL"}, {"source": "https://ithardware.pl/feed", "title": "Nawet testy NVIDII sugeruj\u0105, \u017ce 8 GB VRAM to czasem za ma\u0142o do 1080p", "description": "<img src=\"https://ithardware.pl/artykuly/min/27385_1.jpg\" />            Bol\u0105czk\u0105 nowych kart graficznych mo\u017ce by\u0107 niewystarczaj\u0105ca ilo\u015b\u0107 VRAM-u. Jak wynika z wewn\u0119trznych test&oacute;w serii GeForce RTX 4060/Ti, w niekt&oacute;rych przypadkach, 8 GB pami\u0119ci wideo mo\u017ce zwyczajnie nie wystarczy\u0107, aby cieszy\u0107 si\u0119...\n            <p>Pe\u0142na wersja strony <a href=\"https://ithardware.pl/aktualnosci/nawet_testy_nvidii_sugeruja_ze_8_gb_vram_to_czasem_za_malo_do_1080p-27385.html\">https://ithardware.pl/aktualnosci/nawet_testy_nvidii_sugeruja_ze_8_gb_vram_to_czasem_za_malo_do_1080p-27385.html</a></p>", "link": "https://ithardware.pl/aktualnosci/nawet_testy_nvidii_sugeruja_ze_8_gb_vram_to_czasem_za_malo_do_1080p-27385.html", "date_published": "2023-05-21 14:06:50+00:00", "persistent": false, "user": null, "language": "pl-PL"}, {"source": "https://ithardware.pl/feed", "title": "BWM patentuje system do grania w samochodzie. Ma on dzia\u0142a\u0107, ale tylko pod pewnym warunkiem", "description": "<img src=\"https://ithardware.pl/artykuly/min/27386_1.jpg\" />            BMW jedna z najbardziej rozpoznawalnych marek samochod&oacute;w na \u015bwiecie opatentowa\u0142a rozwi\u0105zanie skierowane do os&oacute;b, kt&oacute;re lubi\u0105 gra\u0107 podczas podr&oacute;\u017cy.&nbsp;Ten patent pozwoli jednemu pasa\u017cerowi cieszy\u0107 si\u0119 gr\u0105 dla...\n            <p>Pe\u0142na wersja strony <a href=\"https://ithardware.pl/aktualnosci/bwm_patentuje_system_do_grania_w_samochodzie_ma_on_dzialac_ale_tylko_pod_pewnym_warunkiem-27386.html\">https://ithardware.pl/aktualnosci/bwm_patentuje_system_do_grania_w_samochodzie_ma_on_dzialac_ale_tylko_pod_pewnym_warunkiem-27386.html</a></p>", "link": "https://ithardware.pl/aktualnosci/bwm_patentuje_system_do_grania_w_samochodzie_ma_on_dzialac_ale_tylko_pod_pewnym_warunkiem-27386.html", "date_published": "2023-05-21 13:20:00+00:00", "persistent": false, "user": null, "language": "pl-PL"}, {"source": "https://ithardware.pl/feed", "title": "Chcesz kupi\u0107 Steam Deck? O tym musisz wiedzie\u0107. Poradnik i optymalizacja konsoli Valve", "description": "<img src=\"https://ithardware.pl/artykuly/min/27371_1.jpg\" />            Poradnik dla pocz\u0105tkuj\u0105cych - od czego zacz\u0105\u0107 po zakupie Steam Decka\n\nKusz\u0105ca cena konsoli Steam Deck w Polsce to jeden z g\u0142&oacute;wnych czynnik&oacute;w, dlaczego w\u0142a\u015bnie konsumenci tak ch\u0119tnie si\u0119gaj\u0105 po to urz\u0105dzenie. Za podstawow\u0105 64...\n            <p>Pe\u0142na wersja strony <a href=\"https://ithardware.pl/poradniki/steam_deck_porady_wskazowki_optymalizacja-27371.html\">https://ithardware.pl/poradniki/steam_deck_porady_wskazowki_optymalizacja-27371.html</a></p>", "link": "https://ithardware.pl/poradniki/steam_deck_porady_wskazowki_optymalizacja-27371.html", "date_published": "2023-05-21 11:53:10+00:00", "persistent": false, "user": null, "language": "pl-PL"}, {"source": "https://ithardware.pl/feed", "title": "Apple zepsu\u0142o przej\u015bci\u00f3wk\u0119 za 239 z\u0142otych... aktualizacj\u0105", "description": "<img src=\"https://ithardware.pl/artykuly/min/27384_1.jpg\" />            Instalacja niedawno wypuszczonej aktualizacji iOS 16.5 oraz iPadOS 16.5 mo\u017ce nie by\u0107 najlepszym wyborem dla os&oacute;b, kt&oacute;re korzystaj\u0105 z pewnego akcesorium od Apple. Okazuje si\u0119, \u017ce nowe wersje tych dw&oacute;ch system&oacute;w psuj\u0105...\n            <p>Pe\u0142na wersja strony <a href=\"https://ithardware.pl/aktualnosci/apple_zepsulo_przejsciowke_za_239_zlotych_aktualizacja-27384.html\">https://ithardware.pl/aktualnosci/apple_zepsulo_przejsciowke_za_239_zlotych_aktualizacja-27384.html</a></p>", "link": "https://ithardware.pl/aktualnosci/apple_zepsulo_przejsciowke_za_239_zlotych_aktualizacja-27384.html", "date_published": "2023-05-21 11:52:10+00:00", "persistent": false, "user": null, "language": "pl-PL"}, {"source": "https://ithardware.pl/feed", "title": "Referencyjny Radeon RX 7600 pozuje do zdj\u0119\u0107. Jest niewielki", "description": "<img src=\"https://ithardware.pl/artykuly/min/27381_1.jpg\" />            Do internetu trafi\u0142y zdj\u0119cia referencyjnej wersji Radeona RX 7600 (Made by AMD). Karta jest naprawd\u0119 niewielka, poniewa\u017c mierzy niespe\u0142na 21 cm. Na szcz\u0119\u015bcie uk\u0142ad ch\u0142odzenia wyposa\u017cono nie w jeden, a w dwa wentylatory. Nie jest tylko jasne,...\n            <p>Pe\u0142na wersja strony <a href=\"https://ithardware.pl/aktualnosci/referencyjny_radeon_rx_7600_pozuje_do_zdjec_jest_niewielki-27381.html\">https://ithardware.pl/aktualnosci/referencyjny_radeon_rx_7600_pozuje_do_zdjec_jest_niewielki-27381.html</a></p>", "link": "https://ithardware.pl/aktualnosci/referencyjny_radeon_rx_7600_pozuje_do_zdjec_jest_niewielki-27381.html", "date_published": "2023-05-21 10:50:50+00:00", "persistent": false, "user": null, "language": "pl-PL"}, {"source": "https://ithardware.pl/feed", "title": "Pad\u0142 nowy rekord w podkr\u0119caniu pami\u0119ci DDR5", "description": "<img src=\"https://ithardware.pl/artykuly/min/27380_1.jpg\" />            Overclocker o pseudonimie&nbsp;Seby9123 ustanowi\u0142 nowy rekord \u015bwiata w podkr\u0119caniu pami\u0119ci DDR5. W tym celu konieczne by\u0142o wykorzystanie ekstremalnego sposobu ch\u0142odzenie ciek\u0142ym azotem. Mimo, \u017ce op&oacute;\u017anienia nie wygl\u0105daj\u0105 najlepiej,...\n            <p>Pe\u0142na wersja strony <a href=\"https://ithardware.pl/aktualnosci/padl_nowy_rekord_w_podkrecaniu_pamieci_ddr5-27380.html\">https://ithardware.pl/aktualnosci/padl_nowy_rekord_w_podkrecaniu_pamieci_ddr5-27380.html</a></p>", "link": "https://ithardware.pl/aktualnosci/padl_nowy_rekord_w_podkrecaniu_pamieci_ddr5-27380.html", "date_published": "2023-05-21 10:20:20+00:00", "persistent": false, "user": null, "language": "pl-PL"}]