[{"source": "http://www.aljazeera.com/xml/rss/all.xml", "title": "Greece\u2019s conservative party takes commanding lead in election", "description": "The New Democracy party of PM Mitsotakis is scoring a resounding but indecisive victory against left-wing Syriza.", "link": "https://www.aljazeera.com/news/2023/5/21/greeces-conservative-party-leads-election-with-wide-margin", "date_published": "2023-05-21 19:56:09+00:00", "persistent": false, "user": null, "language": "en-US"}, {"source": "http://www.aljazeera.com/xml/rss/all.xml", "title": "Russians celebrate reports that \u2018fortress Bakhmut\u2019 has fallen", "description": "Ukraine&#039;s president is denying claims that the eastern city is under Russian control after months of heavy battle.", "link": "https://www.aljazeera.com/news/2023/5/21/russians-celebrate-fall-of-fortress", "date_published": "2023-05-21 19:31:18+00:00", "persistent": false, "user": null, "language": "en-US"}, {"source": "http://www.aljazeera.com/xml/rss/all.xml", "title": "Will worsening US relations with Beijing affect EU-China trade?", "description": "The United States has sought to increase pressure on Beijing.", "link": "https://www.aljazeera.com/program/inside-story/2023/5/21/will-worsening-us-relations-with-beijing-affect-eu-china-trade", "date_published": "2023-05-21 18:14:26+00:00", "persistent": false, "user": null, "language": "en-US"}, {"source": "http://www.aljazeera.com/xml/rss/all.xml", "title": "Fentanyl: The new face of the US war on the poor", "description": "The US government is trying to blame the fentanyl crisis on drug trafficking but it is a disaster of its own making.", "link": "https://www.aljazeera.com/opinions/2023/5/21/fentanyl-the-new-face-of-the-us-war-on-the-poor", "date_published": "2023-05-21 17:39:28+00:00", "persistent": false, "user": null, "language": "en-US"}, {"source": "http://www.aljazeera.com/xml/rss/all.xml", "title": "Why is Bakhmut important in the Russia-Ukraine war?", "description": "The symbolic importance of the small city in Ukraine&#039;s east now far outweighs any strategic value for either side.", "link": "https://www.aljazeera.com/news/2023/5/21/why-is-bakhmut-important-in-the-russia-ukraine-war", "date_published": "2023-05-21 16:25:53+00:00", "persistent": false, "user": null, "language": "en-US"}, {"source": "http://www.aljazeera.com/xml/rss/all.xml", "title": "Zelenskyy calls on G7 to ensure Russia is \u2018last aggressor\u2019", "description": "Zelenskyy\u2019s visit to Japan highlighted significant divisions preventing the formation of a united front against Russia.", "link": "https://www.aljazeera.com/news/2023/5/21/zelenskyy-calls-on-g7-to-ensure-russia-is-last", "date_published": "2023-05-21 15:23:54+00:00", "persistent": false, "user": null, "language": "en-US"}, {"source": "http://www.aljazeera.com/xml/rss/all.xml", "title": "Tens of thousands rally in Moldova for EU membership", "description": "Demonstrators called on leaders to amend the constitution to specifically mention the country&#039;s European orientation.", "link": "https://www.aljazeera.com/news/2023/5/21/pro-government-rally-in-moldovan-capital-draws-tens-of-thousands", "date_published": "2023-05-21 14:54:17+00:00", "persistent": false, "user": null, "language": "en-US"}, {"source": "http://www.aljazeera.com/xml/rss/all.xml", "title": "Israel far-right minister visits Al-Aqsa compound", "description": "Visit of Itamar Ben-Gvir comes days after tens of thousands of Jewish nationalists marched through the Old City.", "link": "https://www.aljazeera.com/news/2023/5/21/israel-far-right-minister-visits-al-aqsa-compound", "date_published": "2023-05-21 14:37:22+00:00", "persistent": false, "user": null, "language": "en-US"}, {"source": "http://www.aljazeera.com/xml/rss/all.xml", "title": "How important is Captagon in al-Assad\u2019s return to the Arab fold?", "description": "The billions of dollars Syria&#039;s al-Assad is believed to be making from Captagon have given him a financial lifeline.", "link": "https://www.aljazeera.com/news/2023/5/21/how-important-is-captagon-in-al-assads-return-to-the-arab-fold", "date_published": "2023-05-21 14:20:30+00:00", "persistent": false, "user": null, "language": "en-US"}, {"source": "http://www.aljazeera.com/xml/rss/all.xml", "title": "\u2018Don\u2019t have a problem with army chief,\u2019 Imran Khan says", "description": "Former Pakistan PM tells Al Jazeera the government and military want to &#039;crush&#039; his PTI party ahead of the polls.", "link": "https://www.aljazeera.com/news/2023/5/21/dont-have-a-problem-with-army-chief-imran-khan-says", "date_published": "2023-05-21 14:00:21+00:00", "persistent": false, "user": null, "language": "en-US"}, {"source": "http://www.aljazeera.com/xml/rss/all.xml", "title": "Greece heads to polls in first election since end of bailout", "description": "Two main contenders are conservative Prime Minister Kyriakos Mitsotakis and Alexis Tsipras, who heads the Syriza party.", "link": "https://www.aljazeera.com/news/2023/5/21/greece-heads-to-polls-in-first-election-since-end-of-bailout", "date_published": "2023-05-21 13:16:19+00:00", "persistent": false, "user": null, "language": "en-US"}, {"source": "http://www.aljazeera.com/xml/rss/all.xml", "title": "Iran says it is strong enough to defend regional waters", "description": "Tehran says the longest trip in its navy history is an indication that it is successfully circumventing US sanctions.", "link": "https://www.aljazeera.com/news/2023/5/21/iran-says-it-is-strong-enough-to-defend-regional-waters", "date_published": "2023-05-21 12:39:58+00:00", "persistent": false, "user": null, "language": "en-US"}, {"source": "http://www.aljazeera.com/xml/rss/all.xml", "title": "German police investigate suspected poisoning of Russian exiles", "description": "The inquiry is being handled by the state security unit, a specialised team that examines cases related to &#039;terrorism&#039;.", "link": "https://www.aljazeera.com/news/2023/5/21/german-police-investigate-suspected-poisoning-of-russian-exiles", "date_published": "2023-05-21 12:04:21+00:00", "persistent": false, "user": null, "language": "en-US"}, {"source": "http://www.aljazeera.com/xml/rss/all.xml", "title": "Expats start voting in Turkey election run-off", "description": "Polls recommenced for Turkish expats on Saturday, presenting regional divide and growing urges for participation.", "link": "https://www.aljazeera.com/news/2023/5/21/expats-start-voting-in-turkey-election-run-off", "date_published": "2023-05-21 11:42:52+00:00", "persistent": false, "user": null, "language": "en-US"}, {"source": "http://www.aljazeera.com/xml/rss/all.xml", "title": "Tunisia: Tourism dreams and violence woes after Djerba attack", "description": "Kais Saied&#039;s government is working hard to minimise the recent attack on the Ghriba Synagogue, hoping to save tourism.", "link": "https://www.aljazeera.com/news/2023/5/21/tunisia-tourism-dreams-and-violence-woes-after-djerba-attack", "date_published": "2023-05-21 10:44:06+00:00", "persistent": false, "user": null, "language": "en-US"}, {"source": "http://www.aljazeera.com/xml/rss/all.xml", "title": "Greek elections so far: All you need to know in 400 words", "description": "A simple to the parliamentary election in the European Union country.", "link": "https://www.aljazeera.com/news/2023/5/21/greek-elections-so-far-all-you-need-to-know-in-400-words", "date_published": "2023-05-21 10:17:56+00:00", "persistent": false, "user": null, "language": "en-US"}, {"source": "http://www.aljazeera.com/xml/rss/all.xml", "title": "Haney retains titles with controversial win over Lomachenko", "description": "Lomachenko&#039;s camp slam the judges after Devin Haney retains lightweight boxing titles with unanimous decision.", "link": "https://www.aljazeera.com/sports/2023/5/21/boxing-haney-retains-lightweight-titles-lomachenko", "date_published": "2023-05-21 10:02:28+00:00", "persistent": false, "user": null, "language": "en-US"}, {"source": "http://www.aljazeera.com/xml/rss/all.xml", "title": "Tea or chai? Celebrating International Tea Day", "description": "Across the globe, nearly all words for tea can be derived from the root-words cha or te.", "link": "https://www.aljazeera.com/news/2023/5/21/tea-or-chai-celebrating-international-tea-day", "date_published": "2023-05-21 10:00:02+00:00", "persistent": false, "user": null, "language": "en-US"}, {"source": "http://www.aljazeera.com/xml/rss/all.xml", "title": "Bahrain to restore full diplomatic relations with Lebanon", "description": "The Gulf nation has ended a year-and-a-half-long impasse as it looks to strengthen &#039;fraternal relations&#039; with Lebanon.", "link": "https://www.aljazeera.com/news/2023/5/21/bahrain-to-restore-full-diplomatic-relations-with-lebanon", "date_published": "2023-05-21 09:50:25+00:00", "persistent": false, "user": null, "language": "en-US"}, {"source": "http://www.aljazeera.com/xml/rss/all.xml", "title": "At G7, Japanese PM pledges \u2018unwavering solidarity\u2019 with Ukraine", "description": "Prime Minister Kishida says Moscow&#039;s invasion of Ukraine struck at the &#039;very foundation of the international order&#039;.", "link": "https://www.aljazeera.com/news/2023/5/21/at-g7-japanese-pm-pledges-unwavering-solidarity-with-ukraine", "date_published": "2023-05-21 09:36:25+00:00", "persistent": false, "user": null, "language": "en-US"}, {"source": "http://www.aljazeera.com/xml/rss/all.xml", "title": "Iran hangs three on drug charges amid criticism", "description": "The latest executions were carried out after offenders were reportedly caught with large quantities of heroin.", "link": "https://www.aljazeera.com/news/2023/5/21/iran-hangs-three-on-drug-charges-amid-criticism", "date_published": "2023-05-21 09:15:05+00:00", "persistent": false, "user": null, "language": "en-US"}, {"source": "http://www.aljazeera.com/xml/rss/all.xml", "title": "First Saudi astronauts to blast off in private mission to ISS", "description": "Rayyanah Barnawi, the first female Arab astronaut, is also on the mission.", "link": "https://www.aljazeera.com/news/2023/5/21/first-saudi-astronauts-to-blast-off-in-private-mission-to-iss", "date_published": "2023-05-21 08:10:46+00:00", "persistent": false, "user": null, "language": "en-US"}, {"source": "http://www.aljazeera.com/xml/rss/all.xml", "title": "At least dozen killed in El Salvador football stadium crush", "description": "The police said initial reports point to a crush of fans who tried to enter the stadium to watch a match in the capital.", "link": "https://www.aljazeera.com/news/2023/5/21/at-least-dozen-killed-in-el-salvador-football-stadium-crush", "date_published": "2023-05-21 07:55:22+00:00", "persistent": false, "user": null, "language": "en-US"}, {"source": "http://www.aljazeera.com/xml/rss/all.xml", "title": "Russians \u2018destroyed everything\u2019 in Bakhmut: Ukraine\u2019s Zelenskyy", "description": "His spokesman denies reports attributed to the Ukrainian president that the city was captured by the Russian forces.", "link": "https://www.aljazeera.com/news/2023/5/21/ukraines-zelenskyy-appears-to-confirm-loss-of-bakhmut-to-russia", "date_published": "2023-05-21 07:08:27+00:00", "persistent": false, "user": null, "language": "en-US"}, {"source": "http://www.aljazeera.com/xml/rss/all.xml", "title": "Music and spirit go full throttle at Cape Verdean music festival", "description": "Musicians and other industry stakeholders converge at an annual Cape Verdean festival, to discuss evolution of the art.", "link": "https://www.aljazeera.com/gallery/2023/5/21/music-and-spirit-go-full-throttle-at-cape-verdean-music-festival", "date_published": "2023-05-21 05:48:35+00:00", "persistent": false, "user": null, "language": "en-US"}, {"source": "http://www.aljazeera.com/xml/rss/all.xml", "title": "G7 wants \u2018constructive\u2019 China ties, calls out rights record", "description": "G7 says it will not block China&#039;s development but calls out Beijing for its rights record and territorial claims.", "link": "https://www.aljazeera.com/news/2023/5/21/g7-wants-constructive-china-ties-calls-out-rights-record", "date_published": "2023-05-21 03:14:21+00:00", "persistent": false, "user": null, "language": "en-US"}, {"source": "http://www.aljazeera.com/xml/rss/all.xml", "title": "Putin congratulates Russia troops, Wagner for \u2018capturing Bakhmut\u2019", "description": "Russian claims of capturing Bakhmut came hours after Ukraine said the battle for the eastern city was continuing.", "link": "https://www.aljazeera.com/news/2023/5/21/putin-congratulates-russia-troops-wagner-for-capturing-bakhmut", "date_published": "2023-05-21 02:14:00+00:00", "persistent": false, "user": null, "language": "en-US"}, {"source": "http://www.aljazeera.com/xml/rss/all.xml", "title": "Sudan\u2019s army, Rapid Support Forces sign 7-day ceasefire", "description": "Truce will come into effect 48 hours after signing of agreement and is to be enforced by the US and Saudi Arabia.", "link": "https://www.aljazeera.com/news/2023/5/21/sudans-army-rapid-support-forces-sign-7-day-ceasefire", "date_published": "2023-05-21 00:53:14+00:00", "persistent": false, "user": null, "language": "en-US"}]