[{"source": "https://feeds.a.dj.com/rss/RSSWSJD.xml", "title": "Beijing Bans Micron as Supplier to Big Chinese Firms", "description": "Cyberspace office says the chip maker\u2019s products pose a major national-security risk.", "link": "https://www.wsj.com/articles/beijing-bans-micron-as-supplier-to-big-chinese-firms-citing-national-security-5f326b90?mod=rss_Technology", "date_published": "2023-05-21 15:45:00+00:00", "persistent": false, "user": null, "language": "en-US"}, {"source": "https://feeds.a.dj.com/rss/RSSWSJD.xml", "title": "Apple Messages vs. Snapchat: the Battle for Gen Z's Texts", "description": "Teens and young adults love Snap\u2019s messaging app almost as much as they love their iPhones. Will they stick with it when they\u2019re 30?", "link": "https://www.wsj.com/articles/imessage-vs-snapchat-the-battle-for-gen-zs-texts-a31ce69f?mod=rss_Technology", "date_published": "2023-05-21 12:00:00+00:00", "persistent": false, "user": null, "language": "en-US"}]