[{"source": "https://www.youtube.com/feeds/videos.xml?channel_id=UCswH8ovgUp5Bdg-0_JTYFNw", "title": "\"SHUT IT DOWN!\"", "description": "The first 100 people to use code BRAND at the link below will get 20% off of Incogni: https://incogni.com/brand\n\nAs TikTok\u2019s CEO is grilled in congress for allegedly spying on the US public it\u2019s revealed that the same politicians who\u2019ve publicly attacked the app also accept donations from TikTok executuves. This, while the CDC purchased private location data on over 55 million Americans to monitor lockdown compliance. You\u2019ve almost got to admire the sheer nerve of them! #tiktok #censorship #congress\n--------------------------------------------------------------------------------------------------------------------------\nGet My New Stand Up Special 'Brandemic' NOW for a Limited Time Over on RUMBLE https://bit.ly/brandemic-rumble\n\nOR \n\nGet Access Through My Community To Have It For Longer PLUS Extra Ad Free Content! https://bit.ly/brandemic-locals-trailer\n--------------------------------------------------------------------------------------------------------------------------\nWATCH me LIVE weekdays on Rumble: https://bit.ly/russellbrand-rumble\nJoin Russell Brand Connected over on Locals: https://bit.ly/russellbrand-connected-community\nCome COMMUNITY 2023 - https://www.russellbrand.com/community-2023/\nNEW MERCH! https://stuff.russellbrand.com/\nKeep up to date, Join my mailing list - https://www.russellbrand.com/join-the-community/", "link": "https://www.youtube.com/watch?v=lP8f1qDh9To", "date_published": "2023-03-29 17:29:36+00:00", "persistent": false, "user": null, "language": "en-US"}, {"source": "https://www.youtube.com/feeds/videos.xml?channel_id=UCswH8ovgUp5Bdg-0_JTYFNw", "title": "Gangster Government | Big Tech TAKEDOWN! - #101 - Stay Free With Russell Brand PREVIEW", "description": "Join us here for a PREVIEW of our daily one-hour RUMBLE show.\nTo continue watching the show in full, join me live and exclusively over on RUMBLE:\nhttps://bit.ly/stayfree-101-big-tech-takedown\n\nWith guest Chris Best (@cjgbest)\nChris is the co-founder and CEO of Substack: a platform that allows journalists to work independently.\n\n--------------------------------------------------------------------------------------------------------------------------\n\nFOLLOW and WATCH me LIVE weekdays on Rumble https://rumble.com/russellbrand\n5:00PM GMT |12:00 PM EDT | 9:00AM PDT\n\nGet My New Stand Up Special 'Brandemic' NOW https://rumble.com/v2d09w8-brandemic.html\n\nJoin The STAY FREE Community: https://russellbrand.locals.com/\n\nCome to My Festival COMMUNITY - https://www.russellbrand.com/community-2023/\n\nNEW MERCH! https://stuff.russellbrand.com/", "link": "https://www.youtube.com/watch?v=CXS0CKxdDMs", "date_published": "2023-03-29 15:32:37+00:00", "persistent": false, "user": null, "language": "en-US"}]