[{"source": "http://feeds.bbci.co.uk/news/rss.xml", "title": "Sister of Christopher Alder on 25-year fight for answers", "description": "Christopher Alder's sister on fighting for answers about her brother's death and burial mix-up.", "link": "https://www.bbc.co.uk/news/uk-england-humber-65087872?at_medium=RSS&at_campaign=KARANGA", "date_published": "2023-03-29 23:45:40+00:00", "persistent": false, "user": null, "language": "en-US"}, {"source": "http://feeds.bbci.co.uk/news/rss.xml", "title": "Paul O'Grady: How Lily Savage defied police who raided a pub with rubber gloves", "description": "O'Grady was preparing to go on stage in 1987 when a police officer burst into his dressing room.", "link": "https://www.bbc.co.uk/news/entertainment-arts-65115059?at_medium=RSS&at_campaign=KARANGA", "date_published": "2023-03-29 23:36:45+00:00", "persistent": false, "user": null, "language": "en-US"}, {"source": "http://feeds.bbci.co.uk/news/rss.xml", "title": "Easter holiday travel: No repeat of airport chaos, industry says", "description": "Airports and airlines say they have enough staff to cope as they expect near 2019 levels of travel.", "link": "https://www.bbc.co.uk/news/business-65113682?at_medium=RSS&at_campaign=KARANGA", "date_published": "2023-03-29 23:14:32+00:00", "persistent": false, "user": null, "language": "en-US"}, {"source": "http://feeds.bbci.co.uk/news/rss.xml", "title": "Camera lost 13 years ago found with pictures intact", "description": "Spencer Greiner saw the camera poking out of the mud and posted photos it contained on social media.", "link": "https://www.bbc.co.uk/news/world-us-canada-65059553?at_medium=RSS&at_campaign=KARANGA", "date_published": "2023-03-29 23:10:33+00:00", "persistent": false, "user": null, "language": "en-US"}, {"source": "http://feeds.bbci.co.uk/news/rss.xml", "title": "Arsenal: How Gunners delivered on potential in Champions League", "description": "Arsenal manager Jonas Eidevall says his side's performance in the League Cup final showed their potential - then they took it to Europe.", "link": "https://www.bbc.co.uk/sport/football/65120035?at_medium=RSS&at_campaign=KARANGA", "date_published": "2023-03-29 23:08:20+00:00", "persistent": false, "user": null, "language": "en-US"}, {"source": "http://feeds.bbci.co.uk/news/rss.xml", "title": "Dmitry Muratov: The Russian journalist refusing to be silenced", "description": "Nobel Peace Prize laureate Dmitry Muratov is looking for hope in his country's younger generation.", "link": "https://www.bbc.co.uk/news/world-europe-65119595?at_medium=RSS&at_campaign=KARANGA", "date_published": "2023-03-29 23:00:33+00:00", "persistent": false, "user": null, "language": "en-US"}, {"source": "http://feeds.bbci.co.uk/news/rss.xml", "title": "The unlikely rise of Gaelic football on the fields of Cambodia", "description": "Gaelic football has been an unlikely source of joy, adventure and boundary-breaking change for young people in Cambodia.", "link": "https://www.bbc.co.uk/sport/gaelic-games/65064562?at_medium=RSS&at_campaign=KARANGA", "date_published": "2023-03-29 22:54:36+00:00", "persistent": false, "user": null, "language": "en-US"}, {"source": "http://feeds.bbci.co.uk/news/rss.xml", "title": "'What Bach told us was wrong' - athletes criticise IOC president", "description": "A host of international athletes criticise IOC president Thomas Bach's claim that Russians and Belarusians competing as neutrals in their sport \"works\".", "link": "https://www.bbc.co.uk/sport/olympics/65120064?at_medium=RSS&at_campaign=KARANGA", "date_published": "2023-03-29 22:50:16+00:00", "persistent": false, "user": null, "language": "en-US"}, {"source": "http://feeds.bbci.co.uk/news/rss.xml", "title": "The Papers: 'Ta-ra Paul' and 'gender ideology in schools'", "description": "Thursday's front pages include tributes to TV star and comedian Paul O'Grady.", "link": "https://www.bbc.co.uk/news/blogs-the-papers-65120001?at_medium=RSS&at_campaign=KARANGA", "date_published": "2023-03-29 22:41:06+00:00", "persistent": false, "user": null, "language": "en-US"}, {"source": "http://feeds.bbci.co.uk/news/rss.xml", "title": "London Underground: 'Reunited with hero who saved me from death'", "description": "Tegan finds the \"life-saving\" stranger who pulled her from the track just before a train arrived.", "link": "https://www.bbc.co.uk/news/uk-wales-65013854?at_medium=RSS&at_campaign=KARANGA", "date_published": "2023-03-29 22:02:13+00:00", "persistent": false, "user": null, "language": "en-US"}, {"source": "http://feeds.bbci.co.uk/news/rss.xml", "title": "Migration dilemma leaves Rishi Sunak confronting an expensive mess", "description": "Critics of the government say a legacy of asylum mismanagement means problems are stacking up.", "link": "https://www.bbc.co.uk/news/uk-politics-65115212?at_medium=RSS&at_campaign=KARANGA", "date_published": "2023-03-29 21:49:02+00:00", "persistent": false, "user": null, "language": "en-US"}, {"source": "http://feeds.bbci.co.uk/news/rss.xml", "title": "The 70s nuclear relic that may be about to open at last", "description": "Finished in 1986, the Bataan plant in the Philippines has never produced a kilowatt of electricity.", "link": "https://www.bbc.co.uk/news/world-asia-64634816?at_medium=RSS&at_campaign=KARANGA", "date_published": "2023-03-29 21:07:57+00:00", "persistent": false, "user": null, "language": "en-US"}, {"source": "http://feeds.bbci.co.uk/news/rss.xml", "title": "King Charles praises Ukraine support on state visit to Germany", "description": "The King promises to \"strengthen\" relations with the country and says they stand together on Ukraine.", "link": "https://www.bbc.co.uk/news/uk-65115192?at_medium=RSS&at_campaign=KARANGA", "date_published": "2023-03-29 20:20:25+00:00", "persistent": false, "user": null, "language": "en-US"}, {"source": "http://feeds.bbci.co.uk/news/rss.xml", "title": "Laura Muir & Jemma Reekie quit training camp but leave coach behind", "description": "Laura Muir and Jemma Reekie have unexpectedly cut short their altitude training camp, leaving long-term coach Andy Young in South Africa.", "link": "https://www.bbc.co.uk/sport/athletics/65119499?at_medium=RSS&at_campaign=KARANGA", "date_published": "2023-03-29 19:27:26+00:00", "persistent": false, "user": null, "language": "en-US"}, {"source": "http://feeds.bbci.co.uk/news/rss.xml", "title": "Watch: King Charles speaking German in Berlin", "description": "The King joked with his hosts as he impressed with his language skills at a lavish banquet.", "link": "https://www.bbc.co.uk/news/uk-65118773?at_medium=RSS&at_campaign=KARANGA", "date_published": "2023-03-29 19:09:53+00:00", "persistent": false, "user": null, "language": "en-US"}, {"source": "http://feeds.bbci.co.uk/news/rss.xml", "title": "Women's Six Nations 2023: Liz Crake on juggling dentistry with an England debut", "description": "Liz Crake is in demand. England want her, numerous clubs are interested - and then there are her dentistry patients.", "link": "https://www.bbc.co.uk/sport/rugby-union/65119254?at_medium=RSS&at_campaign=KARANGA", "date_published": "2023-03-29 19:07:06+00:00", "persistent": false, "user": null, "language": "en-US"}, {"source": "http://feeds.bbci.co.uk/news/rss.xml", "title": "British Swimming Championships: Adam Peaty to miss April event, citing mental health reasons", "description": "Britain's three-time Olympic champion Adam Peaty withdraws from April's British Swimming Championships, citing mental health reasons.", "link": "https://www.bbc.co.uk/sport/swimming/65116313?at_medium=RSS&at_campaign=KARANGA", "date_published": "2023-03-29 18:37:53+00:00", "persistent": false, "user": null, "language": "en-US"}, {"source": "http://feeds.bbci.co.uk/news/rss.xml", "title": "Melissa Joan Hart: I helped kids flee shooting", "description": "The actress says she was near the Nashville school where a shooter opened fire, killing six.", "link": "https://www.bbc.co.uk/news/world-us-canada-65114339?at_medium=RSS&at_campaign=KARANGA", "date_published": "2023-03-29 17:54:20+00:00", "persistent": false, "user": null, "language": "en-US"}, {"source": "http://feeds.bbci.co.uk/news/rss.xml", "title": "Man guilty of murdering train passenger with horseshoe in Reading", "description": "Kirkpatrick Virgo attacked Thomas Parker after an argument over music being played on their train.", "link": "https://www.bbc.co.uk/news/uk-england-berkshire-65104602?at_medium=RSS&at_campaign=KARANGA", "date_published": "2023-03-29 17:33:29+00:00", "persistent": false, "user": null, "language": "en-US"}, {"source": "http://feeds.bbci.co.uk/news/rss.xml", "title": "Rishi Sunak's wife holds shares in childcare firm given Budget boost", "description": "Rishi Sunak faces questions over the shares and says his interests have been declared \"in the normal way\".", "link": "https://www.bbc.co.uk/news/uk-politics-65115204?at_medium=RSS&at_campaign=KARANGA", "date_published": "2023-03-29 16:35:30+00:00", "persistent": false, "user": null, "language": "en-US"}, {"source": "http://feeds.bbci.co.uk/news/rss.xml", "title": "Pope Francis kept in hospital for checks", "description": "The Pontiff, 86, attended a scheduled appointment on Wednesday, and is now staying in hospital.", "link": "https://www.bbc.co.uk/news/world-europe-65117270?at_medium=RSS&at_campaign=KARANGA", "date_published": "2023-03-29 16:34:40+00:00", "persistent": false, "user": null, "language": "en-US"}, {"source": "http://feeds.bbci.co.uk/news/rss.xml", "title": "Paul O'Grady alter ego Lily Savage 'a voice for a queer generation'", "description": "Fellow drag queens praised the character for helping to pave the way for thousands of artists.", "link": "https://www.bbc.co.uk/news/uk-65110778?at_medium=RSS&at_campaign=KARANGA", "date_published": "2023-03-29 16:25:22+00:00", "persistent": false, "user": null, "language": "en-US"}, {"source": "http://feeds.bbci.co.uk/news/rss.xml", "title": "Associated Newspapers says Prince Harry and other accusers are 'out of time'", "description": "The Duke of Sussex and six others are bringing a legal case against Associated Newspapers.", "link": "https://www.bbc.co.uk/news/uk-65117106?at_medium=RSS&at_campaign=KARANGA", "date_published": "2023-03-29 16:17:47+00:00", "persistent": false, "user": null, "language": "en-US"}, {"source": "http://feeds.bbci.co.uk/news/rss.xml", "title": "Renting: 'We were kicked out because we complained'", "description": "Renters tell the BBC how they have been evicted for complaining about the state of their homes.", "link": "https://www.bbc.co.uk/news/business-65114284?at_medium=RSS&at_campaign=KARANGA", "date_published": "2023-03-29 16:02:36+00:00", "persistent": false, "user": null, "language": "en-US"}, {"source": "http://feeds.bbci.co.uk/news/rss.xml", "title": "Fulham: Boss Marco Silva and striker Aleksandar Mitrovic 'regret' their actions after red cards", "description": "Fulham boss Marco Silva and striker Aleksandar Mitrovic say they regret their actions and have apologised to referee Chris Kavanagh after they were sent off in FA Cup loss at Manchester United.", "link": "https://www.bbc.co.uk/sport/football/65116229?at_medium=RSS&at_campaign=KARANGA", "date_published": "2023-03-29 16:00:59+00:00", "persistent": false, "user": null, "language": "en-US"}, {"source": "http://feeds.bbci.co.uk/news/rss.xml", "title": "Julian Knight: Met Police drop sexual assault investigation into Tory MP", "description": "Julian Knight, who was suspended as a Tory MP over the case, had always denied the allegations.", "link": "https://www.bbc.co.uk/news/uk-politics-65115208?at_medium=RSS&at_campaign=KARANGA", "date_published": "2023-03-29 15:20:13+00:00", "persistent": false, "user": null, "language": "en-US"}, {"source": "http://feeds.bbci.co.uk/news/rss.xml", "title": "Anthony Joshua v Jermaine Franklin: Briton says now is the 'worst time' to fight him", "description": "Briton Anthony Joshua says now is \"the worst time\" to face him in the ring and describes the current heavyweight landscape as a \"shambles\".", "link": "https://www.bbc.co.uk/sport/boxing/65105636?at_medium=RSS&at_campaign=KARANGA", "date_published": "2023-03-29 15:09:46+00:00", "persistent": false, "user": null, "language": "en-US"}, {"source": "http://feeds.bbci.co.uk/news/rss.xml", "title": "Philip Schofield's brother 'admitted sex acts with teen'", "description": "Timothy Schofield, 54, told his famous brother about sex acts with a teen boy, a court hears.", "link": "https://www.bbc.co.uk/news/uk-england-bristol-65114533?at_medium=RSS&at_campaign=KARANGA", "date_published": "2023-03-29 14:53:57+00:00", "persistent": false, "user": null, "language": "en-US"}, {"source": "http://feeds.bbci.co.uk/news/rss.xml", "title": "GB face Australia, France & Switzerland in Davis Cup", "description": "Great Britain will face Australia, France and Switzerland in the group stage of the Davis Cup Finals in September in Manchester.", "link": "https://www.bbc.co.uk/sport/tennis/65111808?at_medium=RSS&at_campaign=KARANGA", "date_published": "2023-03-29 14:48:10+00:00", "persistent": false, "user": null, "language": "en-US"}, {"source": "http://feeds.bbci.co.uk/news/rss.xml", "title": "Tributes paid to 'remarkable' Speaker Betty Boothroyd at funeral", "description": "Baroness Boothroyd, who served as Commons Speaker from 1992 to 2000, died aged 93 in late February.", "link": "https://www.bbc.co.uk/news/uk-england-leeds-65113102?at_medium=RSS&at_campaign=KARANGA", "date_published": "2023-03-29 14:36:36+00:00", "persistent": false, "user": null, "language": "en-US"}, {"source": "http://feeds.bbci.co.uk/news/rss.xml", "title": "IPL 2023: From Ben Stokes to Virat Kohli to Jos Buttler - all you need to know before tournament", "description": "As the Indian Premier League returns, BBC Sport looks at the tournament format and the England players who are involved this year.", "link": "https://www.bbc.co.uk/sport/cricket/65082836?at_medium=RSS&at_campaign=KARANGA", "date_published": "2023-03-29 14:09:35+00:00", "persistent": false, "user": null, "language": "en-US"}, {"source": "http://feeds.bbci.co.uk/news/rss.xml", "title": "Antoine Dupont: France captain named Six Nations player of the championship", "description": "France captain Antoine Dupont is named the Six Nations player of the championship for the third time in four years.", "link": "https://www.bbc.co.uk/sport/rugby-union/65115866?at_medium=RSS&at_campaign=KARANGA", "date_published": "2023-03-29 14:04:19+00:00", "persistent": false, "user": null, "language": "en-US"}, {"source": "http://feeds.bbci.co.uk/news/rss.xml", "title": "Esports: The female Call of Duty gamer making history", "description": "Kelsie Grieg became the first female to qualify for the Call of Duty Challengers Elite tournament.", "link": "https://www.bbc.co.uk/news/newsbeat-65113514?at_medium=RSS&at_campaign=KARANGA", "date_published": "2023-03-29 14:01:05+00:00", "persistent": false, "user": null, "language": "en-US"}, {"source": "http://feeds.bbci.co.uk/news/rss.xml", "title": "Elon Musk among experts urging a halt to AI training", "description": "Elon Musk among those calling for training in powerful artificial intelligence to be suspended.", "link": "https://www.bbc.co.uk/news/technology-65110030?at_medium=RSS&at_campaign=KARANGA", "date_published": "2023-03-29 13:41:32+00:00", "persistent": false, "user": null, "language": "en-US"}, {"source": "http://feeds.bbci.co.uk/news/rss.xml", "title": "First cheetah cubs born in India since extinction 70 years ago", "description": "The four cubs are the first to be born in the country since the big cat was declared extinct there.", "link": "https://www.bbc.co.uk/news/world-asia-india-65113651?at_medium=RSS&at_campaign=KARANGA", "date_published": "2023-03-29 13:11:55+00:00", "persistent": false, "user": null, "language": "en-US"}, {"source": "http://feeds.bbci.co.uk/news/rss.xml", "title": "PMQs: Angela Rayner accuses Dominic Raab of failing rape victims", "description": "Angela Rayner calls on the justice secretary to apologise for the \"collapse\" in charge rate for rape.", "link": "https://www.bbc.co.uk/news/uk-politics-65110768?at_medium=RSS&at_campaign=KARANGA", "date_published": "2023-03-29 13:05:39+00:00", "persistent": false, "user": null, "language": "en-US"}, {"source": "http://feeds.bbci.co.uk/news/rss.xml", "title": "Barmouth: David Redfern guilty of bed mix-up murder", "description": "David Redfern murdered 71-year-old Margaret Barnes after she mistook his home for a B&amp;B.", "link": "https://www.bbc.co.uk/news/uk-wales-65062565?at_medium=RSS&at_campaign=KARANGA", "date_published": "2023-03-29 13:02:21+00:00", "persistent": false, "user": null, "language": "en-US"}, {"source": "http://feeds.bbci.co.uk/news/rss.xml", "title": "Police call handlers used fake system for eight years", "description": "Thousands of calls to a control room were allocated to a fictitious call sign to manipulate response times.", "link": "https://www.bbc.co.uk/news/uk-scotland-tayside-central-65086107?at_medium=RSS&at_campaign=KARANGA", "date_published": "2023-03-29 13:00:09+00:00", "persistent": false, "user": null, "language": "en-US"}, {"source": "http://feeds.bbci.co.uk/news/rss.xml", "title": "Watch: Raab and Rayner spar on bullying and rape convictions", "description": "The deputy PM and deputy Labour leader face each other for PMQs in the Commons.", "link": "https://www.bbc.co.uk/news/uk-politics-65109059?at_medium=RSS&at_campaign=KARANGA", "date_published": "2023-03-29 12:59:35+00:00", "persistent": false, "user": null, "language": "en-US"}, {"source": "http://feeds.bbci.co.uk/news/rss.xml", "title": "Video of deadly fire at Mexico migrant centre causes outrage", "description": "Footage emerges which appears to show officers failing to open a cell door as the fire erupted.", "link": "https://www.bbc.co.uk/news/world-latin-america-65111258?at_medium=RSS&at_campaign=KARANGA", "date_published": "2023-03-29 12:28:42+00:00", "persistent": false, "user": null, "language": "en-US"}, {"source": "http://feeds.bbci.co.uk/news/rss.xml", "title": "Paul O'Grady obituary: From Lily Savage to TV national treasure, with a love of dogs", "description": "How Paul O'Grady went from a mould-breaking drag comedian to a much-loved prime-time TV host.", "link": "https://www.bbc.co.uk/news/entertainment-arts-65108950?at_medium=RSS&at_campaign=KARANGA", "date_published": "2023-03-29 12:15:20+00:00", "persistent": false, "user": null, "language": "en-US"}, {"source": "http://feeds.bbci.co.uk/news/rss.xml", "title": "'Boy in the Tent' Max Woosey sets Guinness World Record for charity camp-out", "description": "Max Woosey, 13, has spent every night for three years under canvas, raising more than \u00a3750,000.", "link": "https://www.bbc.co.uk/news/uk-england-devon-65110616?at_medium=RSS&at_campaign=KARANGA", "date_published": "2023-03-29 11:35:15+00:00", "persistent": false, "user": null, "language": "en-US"}, {"source": "http://feeds.bbci.co.uk/news/rss.xml", "title": "Fabio Paratici: Fifa places worldwide ban on Tottenham managing director", "description": "Tottenham's managing director Fabio Paratici may have to step away from his current role after Fifa extended an initial ban in Italy worldwide.", "link": "https://www.bbc.co.uk/sport/football/65112730?at_medium=RSS&at_campaign=KARANGA", "date_published": "2023-03-29 11:30:25+00:00", "persistent": false, "user": null, "language": "en-US"}, {"source": "http://feeds.bbci.co.uk/news/rss.xml", "title": "Local elections 2023: When are they and who can vote?", "description": "Voters in parts of England and in Northern Ireland will be able to elect new councillors in May.", "link": "https://www.bbc.co.uk/news/uk-politics-65013652?at_medium=RSS&at_campaign=KARANGA", "date_published": "2023-03-29 11:26:37+00:00", "persistent": false, "user": null, "language": "en-US"}, {"source": "http://feeds.bbci.co.uk/news/rss.xml", "title": "Mortgage lending hits lowest level since 2016 excluding pandemic", "description": "Borrowing falls sharply as rates rise but more mortgage applications are approved, says Bank of England", "link": "https://www.bbc.co.uk/news/business-65112278?at_medium=RSS&at_campaign=KARANGA", "date_published": "2023-03-29 11:08:45+00:00", "persistent": false, "user": null, "language": "en-US"}, {"source": "http://feeds.bbci.co.uk/news/rss.xml", "title": "Thomas Cashman: Jury considers Olivia murder trial verdict", "description": "Thomas Cashman, 34, accused of shooting Olivia Pratt-Korbel, denies being the gunman.", "link": "https://www.bbc.co.uk/news/uk-england-merseyside-65088176?at_medium=RSS&at_campaign=KARANGA", "date_published": "2023-03-29 11:06:10+00:00", "persistent": false, "user": null, "language": "en-US"}, {"source": "http://feeds.bbci.co.uk/news/rss.xml", "title": "Paul O'Grady: Camilla says she is 'deeply saddened' by TV star's death", "description": "The Queen Consort says the late broadcaster's \"infectious humour lit up the lives of so many\".", "link": "https://www.bbc.co.uk/news/entertainment-arts-65062542?at_medium=RSS&at_campaign=KARANGA", "date_published": "2023-03-29 10:55:36+00:00", "persistent": false, "user": null, "language": "en-US"}, {"source": "http://feeds.bbci.co.uk/news/rss.xml", "title": "South Asian Scots hope new leader gives them a voice", "description": "Humza Yousaf has made history as the first Muslim to lead a country in western Europe.", "link": "https://www.bbc.co.uk/news/newsbeat-65110350?at_medium=RSS&at_campaign=KARANGA", "date_published": "2023-03-29 10:10:28+00:00", "persistent": false, "user": null, "language": "en-US"}, {"source": "http://feeds.bbci.co.uk/news/rss.xml", "title": "Jason Smyth: Six-time Paralympic champion retires aged 35", "description": "Ireland's Jason Smyth, who won 21 major titles in an illustrious sprinting career, announces his retirement at the age of 35.", "link": "https://www.bbc.co.uk/sport/disability-sport/65100668?at_medium=RSS&at_campaign=KARANGA", "date_published": "2023-03-29 10:01:25+00:00", "persistent": false, "user": null, "language": "en-US"}, {"source": "http://feeds.bbci.co.uk/news/rss.xml", "title": "Women's Six Nations 2023: England's Poppy Cleall and Amber Reed unavailable for Italy", "description": "England forward Poppy Cleall and centre Amber Reed will be unavailable for Sunday's Women's Six Nations match against Italy after sustaining knee injuries against Scotland.", "link": "https://www.bbc.co.uk/sport/rugby-union/65111524?at_medium=RSS&at_campaign=KARANGA", "date_published": "2023-03-29 09:38:52+00:00", "persistent": false, "user": null, "language": "en-US"}, {"source": "http://feeds.bbci.co.uk/news/rss.xml", "title": "Climate change: UK risks losing investment in net-zero race, MPs warn", "description": "Some Tories are among those who fear jobs could move elsewhere if the government is not ambitious enough.", "link": "https://www.bbc.co.uk/news/uk-politics-65110764?at_medium=RSS&at_campaign=KARANGA", "date_published": "2023-03-29 09:37:02+00:00", "persistent": false, "user": null, "language": "en-US"}, {"source": "http://feeds.bbci.co.uk/news/rss.xml", "title": "Baroness Casey urges Met Police chief to accept problems are institutional", "description": "Baroness Casey said it would \"mean so much\" if Met Police chief Sir Mark Rowley accepted the term.", "link": "https://www.bbc.co.uk/news/uk-65110300?at_medium=RSS&at_campaign=KARANGA", "date_published": "2023-03-29 09:12:14+00:00", "persistent": false, "user": null, "language": "en-US"}, {"source": "http://feeds.bbci.co.uk/news/rss.xml", "title": "Paul O'Grady: TV career highlights for presenter and comedian who died aged 67", "description": "The TV presenter and comedian died \"unexpectedly but peacefully\" on Tuesday, his husband says.", "link": "https://www.bbc.co.uk/news/entertainment-arts-65110970?at_medium=RSS&at_campaign=KARANGA", "date_published": "2023-03-29 08:42:05+00:00", "persistent": false, "user": null, "language": "en-US"}, {"source": "http://feeds.bbci.co.uk/news/rss.xml", "title": "Adidas backtracks on Black Lives Matter design opposition", "description": "The firm previously said a Black Lives Matter design would create confusion with its famous three-stripe mark.", "link": "https://www.bbc.co.uk/news/business-65107924?at_medium=RSS&at_campaign=KARANGA", "date_published": "2023-03-29 07:34:48+00:00", "persistent": false, "user": null, "language": "en-US"}, {"source": "http://feeds.bbci.co.uk/news/rss.xml", "title": "Women's Ashes 2023: Australia include Phoebe Litchfield in 15-player squad", "description": "Australia include teenage batter Phoebe Litchfield in their 15-player squad for the Women's Ashes against England.", "link": "https://www.bbc.co.uk/sport/cricket/65109348?at_medium=RSS&at_campaign=KARANGA", "date_published": "2023-03-29 07:07:58+00:00", "persistent": false, "user": null, "language": "en-US"}, {"source": "http://feeds.bbci.co.uk/news/rss.xml", "title": "Next says price rises will be less than expected this year", "description": "Lower shipping costs and factory prices means price rises will be lower this year, retailer says.", "link": "https://www.bbc.co.uk/news/business-65109131?at_medium=RSS&at_campaign=KARANGA", "date_published": "2023-03-29 06:51:35+00:00", "persistent": false, "user": null, "language": "en-US"}, {"source": "http://feeds.bbci.co.uk/news/rss.xml", "title": "Do Instagram and TikTok mean banks are less safe?", "description": "The fastest bank run in US history was enabled by the speed of social media combined with digital banking.", "link": "https://www.bbc.co.uk/news/business-65107122?at_medium=RSS&at_campaign=KARANGA", "date_published": "2023-03-29 06:38:11+00:00", "persistent": false, "user": null, "language": "en-US"}, {"source": "http://feeds.bbci.co.uk/news/rss.xml", "title": "Anthony Joshua v Jermaine Franklin: Behind the scenes at Texas training camp", "description": "Tony Bellew visits Anthony Joshua and new trainer Derrick James at the fighter's camp as he prepares for his comeback bout against Jermaine Franklin.", "link": "https://www.bbc.co.uk/sport/av/boxing/65065370?at_medium=RSS&at_campaign=KARANGA", "date_published": "2023-03-29 05:11:33+00:00", "persistent": false, "user": null, "language": "en-US"}, {"source": "http://feeds.bbci.co.uk/news/rss.xml", "title": "Sioned Harries column: Wales not getting carried away ahead of Scotland test", "description": "In her BBC Wales Sport column, Sioned Harries reflects on a convincing win over Ireland and predicts a stern test against Scotland.", "link": "https://www.bbc.co.uk/sport/rugby-union/65094911?at_medium=RSS&at_campaign=KARANGA", "date_published": "2023-03-29 05:07:01+00:00", "persistent": false, "user": null, "language": "en-US"}, {"source": "http://feeds.bbci.co.uk/news/rss.xml", "title": "Plans to house migrants on ex-military bases, barges and ferries to be unveiled", "description": "Immigration minister Robert Jenrick is to unveil the plans, billed as a \"move to rudimentary accommodation\".", "link": "https://www.bbc.co.uk/news/uk-65107827?at_medium=RSS&at_campaign=KARANGA", "date_published": "2023-03-29 04:21:33+00:00", "persistent": false, "user": null, "language": "en-US"}, {"source": "http://feeds.bbci.co.uk/news/rss.xml", "title": "Paul O'Grady: A life in pictures", "description": "His career spanned more than three decades - from drag acts in London, to an MBE and beyond.", "link": "https://www.bbc.co.uk/news/entertainment-arts-65107949?at_medium=RSS&at_campaign=KARANGA", "date_published": "2023-03-29 03:48:26+00:00", "persistent": false, "user": null, "language": "en-US"}, {"source": "http://feeds.bbci.co.uk/news/rss.xml", "title": "Liberal Democrats call for 8,000 extra GPs at local elections launch", "description": "May's local elections are the \"final chance\" to send a message to the government, the Lib Dems say.", "link": "https://www.bbc.co.uk/news/uk-politics-65106745?at_medium=RSS&at_campaign=KARANGA", "date_published": "2023-03-29 02:32:13+00:00", "persistent": false, "user": null, "language": "en-US"}, {"source": "http://feeds.bbci.co.uk/news/rss.xml", "title": "TV star Paul O'Grady dies aged 67", "description": "The TV presenter and comedian Paul O'Grady has died at the age of 67, his partner says.", "link": "https://www.bbc.co.uk/news/entertainment-arts-65108130?at_medium=RSS&at_campaign=KARANGA", "date_published": "2023-03-29 02:08:54+00:00", "persistent": false, "user": null, "language": "en-US"}, {"source": "http://feeds.bbci.co.uk/news/rss.xml", "title": "Gwyneth Paltrow 'visibly upset' after ski crash, says daughter", "description": "Testimony from Apple and Moses Martin was read to jurors about the 2016 collision on the slopes in Utah.", "link": "https://www.bbc.co.uk/news/world-us-canada-65107933?at_medium=RSS&at_campaign=KARANGA", "date_published": "2023-03-29 01:26:36+00:00", "persistent": false, "user": null, "language": "en-US"}, {"source": "http://feeds.bbci.co.uk/news/rss.xml", "title": "Government sets out 'adaptable' regulation for AI", "description": "It proposes a set of principles for the \"responsible use\" of the tech, which is worth \u00a33.7bn to UK economy.", "link": "https://www.bbc.co.uk/news/technology-65102210?at_medium=RSS&at_campaign=KARANGA", "date_published": "2023-03-29 01:10:34+00:00", "persistent": false, "user": null, "language": "en-US"}, {"source": "http://feeds.bbci.co.uk/news/rss.xml", "title": "Government lacks urgency on climate change, warn advisors", "description": "The government's advisors urge a \"step change\" in climate adaptation policy to avoid an increased risk to life.", "link": "https://www.bbc.co.uk/news/science-environment-65099546?at_medium=RSS&at_campaign=KARANGA", "date_published": "2023-03-29 00:35:40+00:00", "persistent": false, "user": null, "language": "en-US"}, {"source": "http://feeds.bbci.co.uk/news/rss.xml", "title": "King Charles's first state visit: What to expect from Germany trip", "description": "Improving relations with Europe is the priority as the King's first state visit heads for Germany.", "link": "https://www.bbc.co.uk/news/uk-64954731?at_medium=RSS&at_campaign=KARANGA", "date_published": "2023-03-29 00:28:49+00:00", "persistent": false, "user": null, "language": "en-US"}]