[{"source": "http://louderwithcrowder.com/feed/", "title": "Watch: Woman caught feeding fake ducks, goes mecha-Karen on hunters when she's told they're decoys", "description": "<img src=\"https://www.louderwithcrowder.com/media-library/image.png?id=32250231&amp;width=1245&amp;height=700&amp;coordinates=0%2C0%2C0%2C118\" /><br /><br /><p>Part of me feels bad about writing this. She seems like a sweet old lady... who somehow wandered onto hunting grounds. But someone needs to get these clicks. Why not me? If this was my grandma who did this, I'd expect you to have a few laughs too. (shout out to <a href=\"https://www.whiskeyriff.com/2022/12/04/woman-tries-to-feed-decoy-ducks-snaps-on-hunters-when-she-realizes-theyre-fake/\" target=\"_blank\">Whiskey Riff</a>)</p><p>MeMaw thought she was feeding <a href=\"https://www.louderwithcrowder.com/taliban-duck-boat\" target=\"_blank\">ducks</a>. The hunters who put the DECOYS in the water thought they were obvious enough decoys that the woman wouldn't try feeding them. See, when hunters hunt ducks, they use decoys to lure real ducks into the line of fire. The only thing these decoys lured was a <a href=\"https://www.louderwithcrowder.com/molotov-cocktail-ukrainian-grandma\" target=\"_blank\">sweet old lady</a>... who stopped being sweet once she found out she was feeding dummy ducks.</p><div class=\"rm-embed embed-media\"><blockquote cite=\"https://www.tiktok.com/@kyledixon25/video/7035670975119363375\" class=\"tiktok-embed\"> <section> <a href=\"https://www.tiktok.com/@kyledixon25?refer=embed\" target=\"_blank\" title=\"@kyledixon25\">@kyledixon25</a> <a href=\"https://www.tiktok.com/music/original-sound-7035670826326428462?refer=embed\" target=\"_blank\" title=\"\u266c original sound - Kyle Dixon\">\u266c original sound - Kyle Dixon</a> </section> </blockquote> </div><p>The hunters tried to explain to MeMaw that the ducks weren't real and that she had managed to wander into the middle of a duck hunt. MeMaw screamed, \"You spend all that money just to murder a duck that never did anything to you?\"</p><p class=\"shortcode-media shortcode-media-rebelmouse-image\">\n<img alt=\"\" class=\"rm-shortcode\" id=\"597ab\" src=\"https://www.louderwithcrowder.com/media-library/image.gif?id=32250257&amp;width=980\" />\n</p><p>The Ducks Bros answered with the only logical response: \"We eat them. They're delicious.\"</p><p class=\"shortcode-media shortcode-media-rebelmouse-image\">\n<img alt=\"\" class=\"rm-shortcode\" id=\"c7398\" src=\"https://www.louderwithcrowder.com/media-library/image.gif?id=32250259&amp;width=980\" />\n</p><p>That's when MeMaw started to go Mecha-Karen on the Duck Bros</p><p>MECHA-MEMAW: Buy it at Wegmans!</p><p>DUCK BRO #2: Or, I could just do this.</p><p>MECHA-MEMAW:  Because you're a murderer, that's why!<br /></p><p>Funny thing about the ducks on sale at Wegmans? They stop being alive before they are packed up and put on sale at Wegmans. To quote one of the greatest philosophers of this or any other generation, Uncle Ted Nugent, you can't grill it until you kill it.</p><p class=\"shortcode-media shortcode-media-rebelmouse-image\">\n<img alt=\"\" class=\"rm-shortcode\" id=\"4b754\" src=\"https://www.louderwithcrowder.com/media-library/image.gif?id=32250262&amp;width=980\" />\n</p><p>At least for Mecha-MeMaw Karen, she most likely does not know what a TikTok is. I would hope any grandkids or great-grandkids would have the sense not to show her the video or tell her that the internet is having a laugh at her expense. They should stay quiet sucking on the butterscotch candy she gave them out of her purse, and let her tell her story about how she confronted these mean hunters.</p><p>To the hunters, thank you for remembering to do it for the content. I hope the real ducks were as easily fooled by the decoys. And that you also have a turkey and a chicken in the cooler with some cooking twine and a vivid imagination.</p><p>><p><p><p><p><p><\n<p>\n<em>Brodigan is Grand Poobah of this here website and when he isn't writing words about things enjoys day drinking, pro-wrestling, and country music. You can find him <a href=\"https://twitter.com/brodigan\" target=\"_blank\">on the Twitter</a> too.</em>\n</p>\n<p>\n<em><strong>Facebook doesn't want you reading this post or any others lately. </strong>Their algorithm hides our stories and shenanigans as best it can. The best way to stick it to Zuckerface? <strong>Bookmark </strong><a href=\"https://www.louderwithcrowder.com\" target=\"_blank\"><strong>LouderWithCrowder.com</strong></a> and check us out throughout the day! </em><em>Also, follow us on <a href=\"https://www.instagram.com/lwcnewswire/\" target=\"_blank\">Instagram</a> and <a href=\"https://www.twitter.com/lwcnewswire/\" target=\"_blank\">Twitter</a>.</em>\n</p></p>", "link": "https://www.louderwithcrowder.com/ducks-decoys-feeding-grandma", "date_published": "2023-03-29 21:47:35+00:00", "persistent": false, "user": null, "language": "en-US"}, {"source": "http://louderwithcrowder.com/feed/", "title": "WATCH: Powerlifting Coach Identifies As A Woman To Troll Gender Rules, But That's Not Even The Craziest Part", "description": "<img src=\"https://www.louderwithcrowder.com/media-library/image.png?id=33377637&amp;width=1245&amp;height=700&amp;coordinates=0%2C0%2C0%2C0\" /><br /><br /><p>Sometimes, even the greatest coaches have to take one for the team. Or in this case, to prove a point. </p><p>Avi Silverberg, a Canadian <a href=\"https://www.louderwithcrowder.com/usa-powerlifting-court\" target=\"_blank\">powerlifting</a> coach, self-identified as a woman during last week's Heroes Classic Powerlifting Meet held in Lethbridge, Alberta. You can probably guess where this is going. Silverberg unofficially broke the women's bench press record in the 84+ kilograms category. </p><blockquote class=\"rm-embed twitter-tweet\">\n<div style=\"margin: 1em 0;\">\\u201cA male powerlifting coach self-identified as a woman and broke a women's benchpress record in protest of gender self-identification in sport.\\n\\nAvi Silverberg performed the defiant act while the current record holder, a transgender male, watched.\\n\\nREAD: https://t.co/MXiyiGMgWQ\\u201d</div> \u2014 REDUXX (@REDUXX)\n        <a href=\"https://twitter.com/ReduxxMag/status/1640764700131557402\">1680023763</a>\n</blockquote>\n\n<p>Silverberg was protesting the The Canadian Powerlifting Union's policy on gender self-identification. This policy explicitly allows <a href=\"https://www.louderwithcrowder.com/tiffany-newell-sports\" target=\"_blank\">biological males</a> to participate in women's sports based solely on their self-proclaimed gender<em>: \"Based on this background and available evidence, the Expert Working Group felt that trans athletes should be able to participate in the gender with which they identify, regardless of whether or not they have undergone hormone therapy.\" </em></p><p>But wait, we haven't even gotten to the craziest part. The official record holder, who was unofficially beaten out by Silverberg, is also a biological male - but they identify as a woman. Their name is Anne Andres, and they sat in the front row as Silverberg broke their record. Andres has won eight out of nine competitions they've entered in the female category. </p><p>Andres actually mocked their female competitors back in February, when Andres asked why female powerlifters are \"so bad\" at bench press:<em> \"Why is women's bench so bad? I mean not compared to me, we all know that i'm a tr***y freak, so that doesn't count [...] I mean, standard bench in powerlifting competitions for women. I literally don't understand why it's so bad.\"  </em></p><blockquote class=\"rm-embed twitter-tweet\">\n<div style=\"margin: 1em 0;\">\\u201cAnne Andres (male who identifies and competes as a woman) doesn't understand why female powerlifters are so \"bad\" at bench press....well idk Anne, but maybe it's because you have 20 times more testosterone than them. Just a thought....\\u201d</div> \u2014 Riley Gaines (@Riley Gaines)\n        <a href=\"https://twitter.com/Riley_Gaines_/status/1626423906134376448\">1676604651</a>\n</blockquote>\n\n<p>Well, women tend to be much weaker than men. Biological women, at least. So there's that. </p><p>In summation, in the year of our Lord 2023, we have a biological male who identifies as a man breaking the record previously held by a biological male who identifies as a woman...in a competition <em>originally</em> intended for biological females. Got it? Good.  </p><p>><p><p><p><p><p><\n<p>\n<em>Lily is a Zoomer college dropout who somehow landed a writing gig here at LwC.com. In her spare time, she enjoys going for runs, touching grass, and occasionally <a href=\"https://twitter.com/LwCLily\" target=\"_blank\">tweeting tweets</a> for fellow tweeters.</em>\n</p>\n<p>\n<em><strong>Facebook doesn't want you reading this post or any others lately. </strong>Their algorithm hides our stories and shenanigans as best it can. The best way to stick it to Zuckerface? <strong>Bookmark </strong><a href=\"https://www.louderwithcrowder.com\" target=\"_blank\"><strong>LouderWithCrowder.com</strong></a> and check us out throughout the day! </em><em>Also, follow us on <a href=\"https://www.instagram.com/lwcnewswire/\" target=\"_blank\">Instagram</a> and <a href=\"https://www.twitter.com/lwcnewswire/\" target=\"_blank\">Twitter</a>.</em>\n</p></p>", "link": "https://www.louderwithcrowder.com/canada-powerlifting-avi-silverberg", "date_published": "2023-03-29 20:26:25+00:00", "persistent": false, "user": null, "language": "en-US"}, {"source": "http://louderwithcrowder.com/feed/", "title": "Watch: Powerlifting Coach Identifies As A Woman To Troll Gender Rules, But That's Not Even The Craziest Part", "description": "<img src=\"https://www.louderwithcrowder.com/media-library/image.png?id=33377637&amp;width=1245&amp;height=700&amp;coordinates=0%2C0%2C0%2C0\" /><br /><br /><p>Sometimes, even the greatest coaches have to take one for the team. Or in this case, to prove a point. </p><p>Avi Silverberg, a Canadian <a href=\"https://www.louderwithcrowder.com/usa-powerlifting-court\" target=\"_blank\">powerlifting</a> coach, self-identified as a woman during last week's Heroes Classic Powerlifting Meet held in Lethbridge, Alberta. You can probably guess where this is going. Silverberg unofficially broke the women's bench press record in the 84+ kilograms category. </p><blockquote class=\"rm-embed twitter-tweet\">\n<div style=\"margin: 1em 0;\">\\u201cA male powerlifting coach self-identified as a woman and broke a women's benchpress record in protest of gender self-identification in sport.\\n\\nAvi Silverberg performed the defiant act while the current record holder, a transgender male, watched.\\n\\nREAD: https://t.co/MXiyiGMgWQ\\u201d</div> \u2014 REDUXX (@REDUXX)\n        <a href=\"https://twitter.com/ReduxxMag/status/1640764700131557402\">1680023763</a>\n</blockquote>\n\n<p>Silverberg was protesting the The Canadian Powerlifting Union's policy on gender self-identification. This policy explicitly allows <a href=\"https://www.louderwithcrowder.com/tiffany-newell-sports\" target=\"_blank\">biological males</a> to participate in women's sports based solely on their self-proclaimed gender<em>: \"Based on this background and available evidence, the Expert Working Group felt that trans athletes should be able to participate in the gender with which they identify, regardless of whether or not they have undergone hormone therapy.\" </em></p><p>But wait, we haven't even gotten to the craziest part. The official record holder, who was unofficially beaten out by Silverberg, is also a biological male - but they identify as a woman. Their name is Anne Andres, and they sat in the front row as Silverberg broke their record. Andres has won eight out of nine competitions they've entered in the female category. </p><p>Andres actually mocked their female competitors back in February, when Andres asked why female powerlifters are \"so bad\" at bench press:<em> \"Why is women's bench so bad? I mean not compared to me, we all know that i'm a tr***y freak, so that doesn't count [...] I mean, standard bench in powerlifting competitions for women. I literally don't understand why it's so bad.\"  </em></p><blockquote class=\"rm-embed twitter-tweet\">\n<div style=\"margin: 1em 0;\">\\u201cAnne Andres (male who identifies and competes as a woman) doesn't understand why female powerlifters are so \"bad\" at bench press....well idk Anne, but maybe it's because you have 20 times more testosterone than them. Just a thought....\\u201d</div> \u2014 Riley Gaines (@Riley Gaines)\n        <a href=\"https://twitter.com/Riley_Gaines_/status/1626423906134376448\">1676604651</a>\n</blockquote>\n\n<p>Well, women tend to be much weaker than men. Biological women, at least. So there's that. </p><p>In summation, in the year of our Lord 2023, we have a biological male who identifies as a man breaking the record previously held by a biological male who identifies as a woman...in a competition <em>originally</em> intended for biological females. Got it? Good.  </p><p>><p><p><p><p><p><\n<p>\n<em>Lily is a Zoomer college dropout who somehow landed a writing gig here at LwC.com. In her spare time, she enjoys going for runs, touching grass, and occasionally <a href=\"https://twitter.com/LwCLily\" target=\"_blank\">tweeting tweets</a> for fellow tweeters.</em>\n</p>\n<p>\n<em><strong>Facebook doesn't want you reading this post or any others lately. </strong>Their algorithm hides our stories and shenanigans as best it can. The best way to stick it to Zuckerface? <strong>Bookmark </strong><a href=\"https://www.louderwithcrowder.com\" target=\"_blank\"><strong>LouderWithCrowder.com</strong></a> and check us out throughout the day! </em><em>Also, follow us on <a href=\"https://www.instagram.com/lwcnewswire/\" target=\"_blank\">Instagram</a> and <a href=\"https://www.twitter.com/lwcnewswire/\" target=\"_blank\">Twitter</a>.</em>\n</p></p>", "link": "https://www.louderwithcrowder.com/canada-powerlifting-trolling", "date_published": "2023-03-29 20:26:25+00:00", "persistent": false, "user": null, "language": "en-US"}, {"source": "http://louderwithcrowder.com/feed/", "title": "Ukrainian App Features Mark Hamill Saying 'May The Force Be With You' To Warn About Air Raids. Yes, Really.", "description": "<img src=\"https://www.louderwithcrowder.com/media-library/image.png?id=33377493&amp;width=1245&amp;height=700&amp;coordinates=0%2C0%2C0%2C0\" /><br /><br /><p>This, my friends, is not satire. It is 100% real. </p><p>Apparently, developers in <a href=\"https://www.louderwithcrowder.com/biden-tanks-escalate\" target=\"_blank\">Ukraine</a> built an air raid alert app that works faster than the old fashioned sirens. I guess they had time to, since the war's been going on for over a year. But for the English-language version of the alert, they got Mark Hamill, the voice of Luke Skywalker. </p><p>In the alert, Hamill says,<em> \"Attention, air raid alert. Proceed to the nearest shelter. Don't be careless. Your overconfidence is your weakness.\" </em> </p><p>It concludes with, <em>\"The air raid alert is over. May the force be with you.\" </em></p><blockquote class=\"rm-embed twitter-tweet\">\n<div style=\"margin: 1em 0;\">\\u201cSo, developers in Ukraine built an air raid alert app that\\u2019s faster than the traditional sirens. They got Mark Hamill (Luke Skywalker) to voice the English-language version. It\\u2019s been downloaded more than 11 million times. https://t.co/26g0faoeTZ\\u201d</div> \u2014 Britton Williams (@Britton Williams)\n        <a href=\"https://twitter.com/Britton_Vance/status/1613360900236541952\">1673490188</a>\n</blockquote>\n\n<p>Remember that this is a very, very serious war and we need to <a href=\"https://www.louderwithcrowder.com/zelensky-americans-support-ukraine\" target=\"_blank\">send billions and billions of dollars to Ukraine</a> to keep it funded. </p><p>Ukrainians can also have it set in their native language, of course. And that version isn't Luke Skywalker. But Ukrainians apparently love the Hamill version. Twenty-four-year old Bohdan Zvonyk told <a href=\"https://apnews.com/article/russia-ukraine-star-wars-luke-hamill-app-08ec03bf1a2c9c0378857090079f00f9\" target=\"_blank\">Associated Press</a> he chose the Hamill version because he loves Star Wars and wants to improve his English: <em>\"Besides, we could use a little bit of the power that Hamill wishes us.\u201d</em></p><p>Ajax Systems, co-developer of the app, wants people outside of Ukraine to also download it to \"get a taste of the angst heaped on Ukrainians by nerve-shredding alarms and airborne death and destruction.\" And totally not because it's their app they stand to profit off of. No, it's definitely all about the plight of the Ukrainians. </p><p>The app has reportedly been downloaded more than 14 million times, so Hamill's voice seems to be a huge success. If it brings some joy to the Ukrainian people, great. They've got enough on their plates as is, so anything that can help lighten their struggle is a good thing in my book. Even if it I initially couldn't believe it <em>wasn't</em> satire. </p><p>><p><p><p><p><p><\n<p>\n<em>Lily is a Zoomer college dropout who somehow landed a writing gig here at LwC.com. In her spare time, she enjoys going for runs, touching grass, and occasionally <a href=\"https://twitter.com/LwCLily\" target=\"_blank\">tweeting tweets</a> for fellow tweeters.</em>\n</p>\n<p>\n<em><strong>Facebook doesn't want you reading this post or any others lately. </strong>Their algorithm hides our stories and shenanigans as best it can. The best way to stick it to Zuckerface? <strong>Bookmark </strong><a href=\"https://www.louderwithcrowder.com\" target=\"_blank\"><strong>LouderWithCrowder.com</strong></a> and check us out throughout the day! </em><em>Also, follow us on <a href=\"https://www.instagram.com/lwcnewswire/\" target=\"_blank\">Instagram</a> and <a href=\"https://www.twitter.com/lwcnewswire/\" target=\"_blank\">Twitter</a>.</em>\n</p></p>", "link": "https://www.louderwithcrowder.com/ukrainian-app-mark-hamill", "date_published": "2023-03-29 19:58:03+00:00", "persistent": false, "user": null, "language": "en-US"}, {"source": "http://louderwithcrowder.com/feed/", "title": "\"I'd do it again\": Jeremy Renner breaks down reliving being crushed by a snow plow as he saved his nephew", "description": "<img src=\"https://www.louderwithcrowder.com/media-library/image.png?id=33375796&amp;width=1245&amp;height=700&amp;coordinates=0%2C0%2C0%2C0\" /><br /><br /><p>Jeremy Renner is lucky to be alive. Earlier this year, he was crushed by a snow plow while attempting to save his nephew from the same fate. There but for the grace of God, he was able to be put back together. Renner is now out of the hospital and telling his story.</p><p>20/20 released a promo for an interview he did that's being released next month.</p><div class=\"rm-embed embed-media\"><blockquote class=\"twitter-tweet\">\u201cI chose to survive.\u201d <a href=\"https://twitter.com/DianeSawyer?ref_src=twsrc%5Etfw\">@dianesawyer</a> sits down exclusively with <a href=\"https://twitter.com/JeremyRenner?ref_src=twsrc%5Etfw\">@jeremyrenner</a> in his 1st interview since life-threatening accident.<br /><br />\u2018Jeremy Renner: The Diane Sawyer Interview \u2013 A Story of Terror, Survival and Triumph\u2019 airs on <a href=\"https://twitter.com/ABC?ref_src=twsrc%5Etfw\">@ABC</a> next Thursday, April 6th. <a href=\"https://t.co/vERVX1O2bn\">https://t.co/vERVX1O2bn</a> <a href=\"https://t.co/fzomqjNMAe\">pic.twitter.com/fzomqjNMAe</a><br />\u2014 20/20 (@ABC2020) <a href=\"https://twitter.com/ABC2020/status/1641071421211172864?ref_src=twsrc%5Etfw\">March 29, 2023</a></blockquote> </div><p>\u201c[I felt] all of [the pain]. I was awake through every moment,\" he says of his injury that broke eight of his ribs in fourteen places, broke his mandible, broke his leg, broke his knee, broke his shoulder, broke his face, and had his lung both get pierced and collapse. Though he lost a lot of flesh and bone, he has gained a lot of love and titanium. So, I guess that's kinda a trade-off.</p><p>Renner seemed to hold a degree of gallows humor, joking about wondering if he was going to be left just a brain and a spine. Which could make a fun cartoon.</p><div class=\"rm-embed embed-media\"><blockquote class=\"twitter-tweet\">I now have to find OTHER things to occupy my time so my body can recover from my will. <a href=\"https://twitter.com/hashtag/minduful?src=hash&amp;ref_src=twsrc%5Etfw\">#minduful</a> <a href=\"https://twitter.com/hashtag/intended?src=hash&amp;ref_src=twsrc%5Etfw\">#intended</a> <a href=\"https://twitter.com/hashtag/recovery?src=hash&amp;ref_src=twsrc%5Etfw\">#recovery</a> <a href=\"https://t.co/TuDFSMVJHY\">pic.twitter.com/TuDFSMVJHY</a><br />\u2014 Jeremy Renner (@JeremyRenner) <a href=\"https://twitter.com/JeremyRenner/status/1640057680273473536?ref_src=twsrc%5Etfw\">March 26, 2023</a></blockquote> </div><p>The actor broke down as he recounted thinking he was saying goodbye to his family. And saying that he would do it again because it meant saving his nephew.</p><p>Glad to see he's on the mend. I've always dug Jeremy Renner. He seems like a low-key dude who doesn't bother with a lot of the usual Hollywood bullshit. Plus as an uncle myself, I can only pray I would share his courage.</p><p>><p><p><p><p><p><\n<p>\n<em>Brodigan is Grand Poobah of this here website and when he isn't writing words about things enjoys day drinking, pro-wrestling, and country music. You can find him <a href=\"https://twitter.com/brodigan\" target=\"_blank\">on the Twitter</a> too.</em>\n</p>\n<p>\n<em><strong>Facebook doesn't want you reading this post or any others lately. </strong>Their algorithm hides our stories and shenanigans as best it can. The best way to stick it to Zuckerface? <strong>Bookmark </strong><a href=\"https://www.louderwithcrowder.com\" target=\"_blank\"><strong>LouderWithCrowder.com</strong></a> and check us out throughout the day! </em><em>Also, follow us on <a href=\"https://www.instagram.com/lwcnewswire/\" target=\"_blank\">Instagram</a> and <a href=\"https://www.twitter.com/lwcnewswire/\" target=\"_blank\">Twitter</a>.</em>\n</p></p>", "link": "https://www.louderwithcrowder.com/jeremy-renner-abc-2020", "date_published": "2023-03-29 17:34:48+00:00", "persistent": false, "user": null, "language": "en-US"}, {"source": "http://louderwithcrowder.com/feed/", "title": "'It's a soul issue': Crowder gets blunt explaining difference between Uvalde and Nashville police responses", "description": "<img src=\"https://www.louderwithcrowder.com/media-library/image.png?id=33375773&amp;width=1245&amp;height=700&amp;coordinates=0%2C0%2C0%2C0\" /><br /><br /><p>Crowder was back with more on the tragic <a href=\"https://www.louderwithcrowder.com/nashville-updates-show-notes\" target=\"_blank\">Nashville shooting</a> today. Specifically, how the Nashville Police Department compares to the response of the Uvalde Police last year. You know, when the cops waited around for over an hour and <a href=\"https://www.louderwithcrowder.com/uvalde-hand-sanitizer\" target=\"_blank\">stopped to get hand sanitizer</a> before entering the classroom where children were being murdered. That one. </p><p>From yesterday's bodycam footage, it's clear that the Nashville police had an absolutely incredible response. Crowder highlighted Nashville's response time of 14 minutes. It took ten minutes for officers to arrive, and three minutes to kill the shooter. But he also explained the response time doesn't tell the whole story. So he played a side-by-side comparison of the bodycam footage from Nashville and Uvalde. </p><p>Gerald noted they actually had to fast-forward the Uvalde footage because it was so incredibly slow. Crowder then explained the main difference between the two: the Nashville police understood and accepted that their job is to die, if it comes down to it. The Uvalde police did not. The Nashville police ran towards the sound of the gunfire without hesitation. The Uvalde police were scared to enter the classroom, even as they could hear the screams of the children inside. </p><p>Gerald and Steven also pointed out that, although three minutes is phenomenal, it's not as good as zero minutes. Which would be the response time if there were armed guards at every school. And if teachers have their own firearms they responsibly use, they should be able to carry those firearms on school grounds. </p><p>There was a whole lot more to this segment, including the problem a loooot of conservatives are missing with calling this shooting a \"hate crime\". Plus, the horrible <a href=\"https://www.louderwithcrowder.com/tiktok-bill-read\" target=\"_blank\">TikTok bill</a> that would basically be an online Patriot Act. So be sure to catch the whole show, completely uncensored, exclusively on Rumble. </p><p class=\"shortcode-media shortcode-media-rumble\">\n\n</p>\n<p><br /></p><p>><p><p><p><p><p><\n<p>\n<em>Lily is a Zoomer college dropout who somehow landed a writing gig here at LwC.com. In her spare time, she enjoys going for runs, touching grass, and occasionally <a href=\"https://twitter.com/LwCLily\" target=\"_blank\">tweeting tweets</a> for fellow tweeters.</em>\n</p>\n<p>\n<em><strong>Facebook doesn't want you reading this post or any others lately. </strong>Their algorithm hides our stories and shenanigans as best it can. The best way to stick it to Zuckerface? <strong>Bookmark </strong><a href=\"https://www.louderwithcrowder.com\" target=\"_blank\"><strong>LouderWithCrowder.com</strong></a> and check us out throughout the day! </em><em>Also, follow us on <a href=\"https://www.instagram.com/lwcnewswire/\" target=\"_blank\">Instagram</a> and <a href=\"https://www.twitter.com/lwcnewswire/\" target=\"_blank\">Twitter</a>.</em>\n</p></p>", "link": "https://www.louderwithcrowder.com/crowder-nashville-uvalde", "date_published": "2023-03-29 16:58:20+00:00", "persistent": false, "user": null, "language": "en-US"}, {"source": "http://louderwithcrowder.com/feed/", "title": "NASHVILLE SHOOTING: WE HAVE UPDATES! HATE CRIME?! (Show Notes)", "description": "<img src=\"https://www.louderwithcrowder.com/media-library/image.png?id=33374905&amp;width=1245&amp;height=700&amp;coordinates=0%2C0%2C0%2C2\" /><br /><br /><p>The GOP & the Dems are trying to ban TikTok. We're here to tell you why its a terrible idea! Also, we have updates on the Nashville shooting.</p><p class=\"shortcode-media shortcode-media-rumble\">\n\n</p><p><strong>JOHN LEGUIZAMO </strong></p><ul><li><a href=\"https://youtu.be/670jecM2ouw\" rel=\"noopener noreferrer\" target=\"_blank\">John Leguizamo Takes You to an Audition as a Latino Actor | The Daily Show</a></li><li><a href=\"https://www.hitc.com/en-gb/2022/09/30/the-daily-show-ratings-dropped-each-year-from-2017-with-trevor-noah-as-host/\" rel=\"noopener noreferrer\" target=\"_blank\">THE DAILY SHOW RATINGS DROPPED EACH YEAR FROM 2017 WITH TREVOR NOAH AS HOST</a></li></ul><p><strong>DESANTIS SIGNS SCHOOL CHOICE BILL</strong></p><ul><li><a href=\"https://www.youtube.com/watch?v=0G8ZYdSnFb4\" rel=\"noopener noreferrer\" target=\"_blank\">Gov. DeSantis signs universal school choice voucher bill into law</a></li><li><a href=\"https://www.news4jax.com/news/local/2023/03/27/gov-desantis-signs-bill-to-create-massive-expansion-of-states-school-choice-program/\" rel=\"noopener noreferrer\" target=\"_blank\">Gov. DeSantis signs bill to create massive expansion of state\u2019s school choice program</a></li><li><a href=\"https://www.news4jax.com/news/local/2023/03/27/gov-desantis-signs-bill-to-create-massive-expansion-of-states-school-choice-program/\" rel=\"noopener noreferrer\" target=\"_blank\"></a><a href=\"https://www.cbsnews.com/news/florida-desantis-dont-say-gay-bill-signed-parental-rights-in-education/\" rel=\"noopener noreferrer\" target=\"_blank\">Florida Governor Ron DeSantis signs \"Parental Rights in Education\" bill into law \u2014 known by critics as \"Don't Say Gay\" bill</a></li><li><a href=\"https://www.cbsnews.com/news/florida-desantis-dont-say-gay-bill-signed-parental-rights-in-education/\" rel=\"noopener noreferrer\" target=\"_blank\"></a><a href=\"https://www.orlandosentinel.com/politics/os-ne-desantis-disney-reedy-creek-law-signed-20230227-mbhn25a2fnfnflmooos4tzd2eq-story.html\" rel=\"noopener noreferrer\" target=\"_blank\">DeSantis signs law stripping Disney World of Reedy Creek control</a></li><li><a href=\"https://www.orlandosentinel.com/politics/os-ne-desantis-disney-reedy-creek-law-signed-20230227-mbhn25a2fnfnflmooos4tzd2eq-story.html\" rel=\"noopener noreferrer\" target=\"_blank\"></a><a href=\"https://www.nbcnews.com/nbc-out/out-politics-and-policy/desantis-attempts-revoke-miami-hotels-liquor-license-drag-show-rcna75077\" rel=\"noopener noreferrer\" target=\"_blank\">DeSantis attempts to revoke Miami hotel's liquor license over drag show</a></li><li><a href=\"https://www.nbcnews.com/nbc-out/out-politics-and-policy/desantis-attempts-revoke-miami-hotels-liquor-license-drag-show-rcna75077\" rel=\"noopener noreferrer\" target=\"_blank\"></a><a href=\"https://www.youtube.com/watch?v=qWUBHFCuKH8\" rel=\"noopener noreferrer\" target=\"_blank\">'Drag Queen' Show</a><span></span></li></ul><p><strong>SHOOTING AFTERMATH</strong></p><ul><li><a href=\"https://crsreports.congress.gov/product/pdf/R/R47060\" target=\"_blank\">Overview of Federal Hate Crime Laws</a></li><li><a href=\"https://crsreports.congress.gov/product/pdf/R/R47060\" target=\"_blank\"></a><a href=\"https://www.independent.co.uk/news/world/americas/crime/audrey-hale-nashville-shooter-identified-b2309144.html\" rel=\"noopener noreferrer\" target=\"_blank\">Audrey Hale: Former student left map and manifesto after shooting six at Nashville Christian school</a></li><li><a href=\"https://www.independent.co.uk/news/world/americas/crime/audrey-hale-nashville-shooter-identified-b2309144.html\" rel=\"noopener noreferrer\" target=\"_blank\"></a><a href=\"https://www.cnn.com/2023/03/28/us/covenant-school-shooting-nashville-tennessee-tuesday/index.html\" rel=\"noopener noreferrer\" target=\"_blank\">Covenant School shooter was under care for emotional disorder and hid guns at home, police say</a></li><li><a href=\"https://www.cnn.com/2023/03/28/us/covenant-school-shooting-nashville-tennessee-tuesday/index.html\" rel=\"noopener noreferrer\" target=\"_blank\"></a><a href=\"https://www.reuters.com/world/us/former-christian-school-student-kills-3-children-3-staff-nashville-shooting-2023-03-28/\" rel=\"noopener noreferrer\" target=\"_blank\">Nashville school shooter had 'emotional disorder' and small arsenal, police say</a></li><li><a href=\"https://www.reuters.com/world/us/former-christian-school-student-kills-3-children-3-staff-nashville-shooting-2023-03-28/\" rel=\"noopener noreferrer\" target=\"_blank\"></a><a href=\"https://www.washingtonpost.com/nation/2023/03/28/nashville-school-shooter/\" rel=\"noopener noreferrer\" target=\"_blank\">Police: Nashville shooter was under a doctor\u2019s care for \u2018emotional disorder\u2019</a></li><li><a href=\"https://www.washingtonpost.com/nation/2023/03/28/nashville-school-shooter/\" rel=\"noopener noreferrer\" target=\"_blank\"></a><a href=\"https://www.nytimes.com/live/2023/03/28/us/nashville-school-shooting-tennessee\" rel=\"noopener noreferrer\" target=\"_blank\">Nashville ShootingPolice Say Shooter Was Under Doctor\u2019s Care for \u2018Emotional Disorder\u2019</a><span></span></li><li><span></span><a href=\"https://www.youtube.com/watch?v=bcDJj1e49ok\" target=\"_blank\">Senator Hawley Urges Nashville Shooting to be Condemned as Hate Crime</a></li><li><a href=\"https://www.foxnews.com/video/6323563343112\" target=\"_blank\">Biden jokes about Nashville shooting for second time</a></li><li><a href=\"https://www.youtube.com/watch?v=ev1x12xTOv0\" rel=\"noopener noreferrer\" target=\"_blank\">Nashville School Shooting Body Camera Footage</a></li><li><a href=\"https://www.youtube.com/watch?v=7zu2NG8Dq1U\" rel=\"noopener noreferrer\" target=\"_blank\">FULL Bodycam Video of Police Response to Uvalde School Massacre</a></li></ul><p><strong>GIANT SEAWEED BLOB HITTING FLORIDA</strong></p><ul><li><a href=\"https://www.youtube.com/watch?v=mFL0nQVVIZQ\" rel=\"noopener noreferrer\" target=\"_blank\">Giant Seaweed Blob Floating To Florida Can Be Seen From Space | Insider News</a></li><li><a href=\"https://www.miamiherald.com/news/local/environment/climate-change/article273090490.html\" rel=\"noopener noreferrer\" target=\"_blank\">A 6 million to seaweed blob</a></li></ul><p><strong>TIKTOK TYRANNY</strong></p><ul><li><a href=\"https://youtube.com/shorts/9MITcdUs1NM?feature=share\" target=\"_blank\">Could the #Biden administration use the RESTRICT act to ban #TikTok?</a></li><li><a href=\"https://youtube.com/shorts/9MITcdUs1NM?feature=share\" rel=\"noopener noreferrer\" target=\"_blank\"></a><a href=\"https://www.warner.senate.gov/public/index.cfm/2023/3/senators-introduce-bipartisan-bill-to-tackle-national-security-threats-from-foreign-tech\" rel=\"noopener noreferrer\" target=\"_blank\">Senators Introduce Bipartisan Bill to Tackle National Security Threats from Foreign Tech</a></li><li><a href=\"https://www.warner.senate.gov/public/index.cfm/2023/3/senators-introduce-bipartisan-bill-to-tackle-national-security-threats-from-foreign-tech\" rel=\"noopener noreferrer\" target=\"_blank\"></a><a href=\"https://www.whitehouse.gov/briefing-room/statements-releases/2023/03/07/statement-from-national-security-advisor-jake-sullivan-on-the-introduction-of-the-restrict-act/\" rel=\"noopener noreferrer\" target=\"_blank\">Statement from National Security Advisor Jake Sullivan on the Introduction of the RESTRICT Act</a></li><li><a href=\"https://www.congress.gov/bill/118th-congress/senate-bill/686/text?s=1&amp;r=15\" rel=\"noopener noreferrer\" target=\"_blank\">S.686 - RESTRICT Act</a></li><li><a href=\"https://www.bloomberg.com/news/articles/2023-03-01/chips-tiktok-make-gina-raimondo-vital-to-biden-china-policy\" rel=\"noopener noreferrer\" target=\"_blank\">Gina Raimondo Becomes China Player in a Job Where Her Predecessor Used to Nap</a></li></ul>", "link": "https://www.louderwithcrowder.com/tiktok-ban-show-notes", "date_published": "2023-03-29 14:03:17+00:00", "persistent": false, "user": null, "language": "en-US"}, {"source": "http://louderwithcrowder.com/feed/", "title": "NASHVILLE SHOOTING: WE HAVE UPDATES! HATE CRIME?! (Show Notes)", "description": "<img src=\"https://www.louderwithcrowder.com/media-library/image.png?id=33375563&amp;width=1245&amp;height=700&amp;coordinates=0%2C0%2C0%2C2\" /><br /><br /><p>The GOP & the Dems are trying to ban TikTok. We're here to tell you why its a terrible idea! Also, we have updates on the Nashville shooting.</p><p class=\"shortcode-media shortcode-media-rumble\">\n\n</p><p><strong>THIS WEEK IN BIDEN</strong></p><ul><li><a href=\"https://www.louderwithcrowder.com/joe-biden-nashville-ice-cream\" rel=\"noopener noreferrer\" target=\"_self\" title=\"view post: Watch: Joe Biden blabbers about chocolate chip ice cream right after tragic Nashville school shooting\">Watch: Joe Biden blabbers about chocolate chip ice cream right after tragic Nashville school shooting</a></li><li><a href=\"https://www.louderwithcrowder.com/kjp-nashville-republicans\" rel=\"noopener noreferrer\" target=\"_self\" title=\"view post: Watch: Karine Jean-Pierre goes on the attack, blames GOP for Nashville shooting despite having almost NO information\">Watch: Karine Jean-Pierre goes on the attack, blames GOP for Nashville shooting despite having almost NO information</a></li></ul><p><strong>JOHN LEGUIZAMO </strong></p><ul><li><a href=\"https://youtu.be/670jecM2ouw\" target=\"_blank\">John Leguizamo Takes You to an Audition as a Latino Actor | The Daily Show</a></li><li><a href=\"https://www.hitc.com/en-gb/2022/09/30/the-daily-show-ratings-dropped-each-year-from-2017-with-trevor-noah-as-host/\" rel=\"noopener noreferrer\" target=\"_blank\">THE DAILY SHOW RATINGS DROPPED EACH YEAR FROM 2017 WITH TREVOR NOAH AS HOST</a></li></ul><p><strong>DESANTIS SIGNS SCHOOL CHOICE BILL</strong></p><ul><li><a href=\"https://www.youtube.com/watch?v=0G8ZYdSnFb4\" rel=\"noopener noreferrer\" target=\"_blank\">Gov. DeSantis signs universal school choice voucher bill into law</a></li><li><a href=\"https://www.news4jax.com/news/local/2023/03/27/gov-desantis-signs-bill-to-create-massive-expansion-of-states-school-choice-program/\" rel=\"noopener noreferrer\" target=\"_blank\">Gov. DeSantis signs bill to create massive expansion of state\u2019s school choice program</a></li><li><a href=\"https://www.news4jax.com/news/local/2023/03/27/gov-desantis-signs-bill-to-create-massive-expansion-of-states-school-choice-program/\" rel=\"noopener noreferrer\" target=\"_blank\"></a><a href=\"https://www.cbsnews.com/news/florida-desantis-dont-say-gay-bill-signed-parental-rights-in-education/\" rel=\"noopener noreferrer\" target=\"_blank\">Florida Governor Ron DeSantis signs \"Parental Rights in Education\" bill into law \u2014 known by critics as \"Don't Say Gay\" bill</a></li><li><a href=\"https://www.cbsnews.com/news/florida-desantis-dont-say-gay-bill-signed-parental-rights-in-education/\" rel=\"noopener noreferrer\" target=\"_blank\"></a><a href=\"https://www.orlandosentinel.com/politics/os-ne-desantis-disney-reedy-creek-law-signed-20230227-mbhn25a2fnfnflmooos4tzd2eq-story.html\" rel=\"noopener noreferrer\" target=\"_blank\">DeSantis signs law stripping Disney World of Reedy Creek control</a></li><li><a href=\"https://www.orlandosentinel.com/politics/os-ne-desantis-disney-reedy-creek-law-signed-20230227-mbhn25a2fnfnflmooos4tzd2eq-story.html\" rel=\"noopener noreferrer\" target=\"_blank\"></a><a href=\"https://www.nbcnews.com/nbc-out/out-politics-and-policy/desantis-attempts-revoke-miami-hotels-liquor-license-drag-show-rcna75077\" rel=\"noopener noreferrer\" target=\"_blank\">DeSantis attempts to revoke Miami hotel's liquor license over drag show</a></li><li><a href=\"https://www.nbcnews.com/nbc-out/out-politics-and-policy/desantis-attempts-revoke-miami-hotels-liquor-license-drag-show-rcna75077\" rel=\"noopener noreferrer\" target=\"_blank\"></a><a href=\"https://www.youtube.com/watch?v=qWUBHFCuKH8\" rel=\"noopener noreferrer\" target=\"_blank\">'Drag Queen' Show</a><span></span></li></ul><p><strong>SHOOTING AFTERMATH</strong></p><ul><li><a href=\"https://crsreports.congress.gov/product/pdf/R/R47060\" target=\"_blank\">Overview of Federal Hate Crime Laws</a></li><li><a href=\"https://www.fbi.gov/investigate/terrorism\" target=\"_blank\">FBI Terrorism Definitions</a> </li><li><a href=\"https://crsreports.congress.gov/product/pdf/R/R47060\" target=\"_blank\"></a><a href=\"https://www.independent.co.uk/news/world/americas/crime/audrey-hale-nashville-shooter-identified-b2309144.html\" target=\"_blank\">Audrey Hale: Former student left map and manifesto after shooting six at Nashville Christian school</a></li><li><a href=\"https://www.independent.co.uk/news/world/americas/crime/audrey-hale-nashville-shooter-identified-b2309144.html\" rel=\"noopener noreferrer\" target=\"_blank\"></a><a href=\"https://www.cnn.com/2023/03/28/us/covenant-school-shooting-nashville-tennessee-tuesday/index.html\" rel=\"noopener noreferrer\" target=\"_blank\">Covenant School shooter was under care for emotional disorder and hid guns at home, police say</a></li><li><a href=\"https://www.cnn.com/2023/03/28/us/covenant-school-shooting-nashville-tennessee-tuesday/index.html\" rel=\"noopener noreferrer\" target=\"_blank\"></a><a href=\"https://www.reuters.com/world/us/former-christian-school-student-kills-3-children-3-staff-nashville-shooting-2023-03-28/\" rel=\"noopener noreferrer\" target=\"_blank\">Nashville school shooter had 'emotional disorder' and small arsenal, police say</a></li><li><a href=\"https://www.reuters.com/world/us/former-christian-school-student-kills-3-children-3-staff-nashville-shooting-2023-03-28/\" rel=\"noopener noreferrer\" target=\"_blank\"></a><a href=\"https://www.washingtonpost.com/nation/2023/03/28/nashville-school-shooter/\" rel=\"noopener noreferrer\" target=\"_blank\">Police: Nashville shooter was under a doctor\u2019s care for \u2018emotional disorder\u2019</a></li><li><a href=\"https://www.washingtonpost.com/nation/2023/03/28/nashville-school-shooter/\" rel=\"noopener noreferrer\" target=\"_blank\"></a><a href=\"https://www.nytimes.com/live/2023/03/28/us/nashville-school-shooting-tennessee\" rel=\"noopener noreferrer\" target=\"_blank\">Nashville ShootingPolice Say Shooter Was Under Doctor\u2019s Care for \u2018Emotional Disorder\u2019</a><span></span></li><li><span></span><a href=\"https://www.youtube.com/watch?v=bcDJj1e49ok\" target=\"_blank\">Senator Hawley Urges Nashville Shooting to be Condemned as Hate Crime</a></li><li><a href=\"https://www.foxnews.com/video/6323563343112\" target=\"_blank\">Biden jokes about Nashville shooting for second time</a></li><li><a href=\"https://www.youtube.com/watch?v=ev1x12xTOv0\" target=\"_blank\">Nashville School Shooting Body Camera Footage</a></li><li><a href=\"https://www.youtube.com/watch?v=7zu2NG8Dq1U\" rel=\"noopener noreferrer\" target=\"_blank\">FULL Bodycam Video of Police Response to Uvalde School Massacre</a></li><li><a href=\"https://web.archive.org/web/20220515235405/https://buffalonews.com/news/local/crime-and-courts/buffalos-worst-mass-shooting-takes-10-lives-leaves-3-wounded-attack-called-a-racially-motivated/article_6e8132fa-d3b7-11ec-a714-2b3fbeaf848c.html\" rel=\"noopener noreferrer\" target=\"_blank\">https://buffalonews.com/news/local/crime-and-courts/buffalos-worst-mass-shooting-takes-10-lives-leaves-3-wounded-attack-called-a-racially-motivated/article_6e8132fa-d3b7-11ec-a714-2b3fbeaf848c.html</a></li><li><a href=\"https://www.npr.org/2018/10/27/661347236/multiple-casualties-in-shooting-near-pittsburgh-synagogue\" target=\"_blank\">Suspect Charged With 29 Federal Counts In Pittsburgh Synagogue Massacre</a><span class=\"redactor-invisible-space\"></span></li></ul><p><strong>TIKTOK TYRANNY</strong></p><ul><li><a href=\"https://youtube.com/shorts/9MITcdUs1NM?feature=share\" target=\"_blank\">Could the #Biden administration use the RESTRICT act to ban #TikTok?</a></li><li><a href=\"https://youtube.com/shorts/9MITcdUs1NM?feature=share\" target=\"_blank\"></a><a href=\"https://www.warner.senate.gov/public/index.cfm/2023/3/senators-introduce-bipartisan-bill-to-tackle-national-security-threats-from-foreign-tech\" rel=\"noopener noreferrer\" target=\"_blank\">Senators Introduce Bipartisan Bill to Tackle National Security Threats from Foreign Tech</a></li><li><a href=\"https://www.warner.senate.gov/public/index.cfm/2023/3/senators-introduce-bipartisan-bill-to-tackle-national-security-threats-from-foreign-tech\" rel=\"noopener noreferrer\" target=\"_blank\"></a><a href=\"https://www.whitehouse.gov/briefing-room/statements-releases/2023/03/07/statement-from-national-security-advisor-jake-sullivan-on-the-introduction-of-the-restrict-act/\" rel=\"noopener noreferrer\" target=\"_blank\">Statement from National Security Advisor Jake Sullivan on the Introduction of the RESTRICT Act</a></li><li><a href=\"https://www.congress.gov/bill/118th-congress/senate-bill/686/text?s=1&amp;r=15\" rel=\"noopener noreferrer\" target=\"_blank\">S.686 - RESTRICT Act</a></li><li><a href=\"https://www.bloomberg.com/news/articles/2023-03-01/chips-tiktok-make-gina-raimondo-vital-to-biden-china-policy\" rel=\"noopener noreferrer\" target=\"_blank\">Gina Raimondo Becomes China Player in a Job Where Her Predecessor Used to Nap</a></li></ul>", "link": "https://www.louderwithcrowder.com/nashville-updates-show-notes", "date_published": "2023-03-29 14:03:17+00:00", "persistent": false, "user": null, "language": "en-US"}, {"source": "http://louderwithcrowder.com/feed/", "title": "Watch: Joy Reid does a journalism, asks Nancy Pelosi how to stop Americans from voting based on their religion", "description": "<img src=\"https://www.louderwithcrowder.com/media-library/image.png?id=33374835&amp;width=1245&amp;height=700&amp;coordinates=0%2C0%2C0%2C0\" /><br /><br /><p>Yesterday, <a href=\"https://www.louderwithcrowder.com/nancy-pelosi-confronted-cafe\" target=\"_blank\">Nancy Pelosi</a> did an interview with Joy Reid. As you can expect, there was so. Much. Journalisming. If one can even categorize Joy Reid as a journalist. </p><p>Reid asked Pelosi, <em>\"Give some advice to those who are frustrated by our politics now, about how you can start to get people to vote not on how politics will impact your religion, but how it will impact your life. You\u2019re a religious person ...\u201d</em></p><p>Nancy <a href=\"https://www.louderwithcrowder.com/nancy-pelosi-priests-excorcism\" target=\"_blank\">Pelosi is Catholic</a>, though she has been <a href=\"https://www.louderwithcrowder.com/nancy-pelosi-chronicle-pope\" target=\"_blank\">denied Holy Communion</a> by her local Bishop due to her rabid support for dismembering babies in the womb. Which is very much a grave sin. However, Pelosi seems to think religion shouldn't impact people's voting patterns - at least according to her rambling response to Reid's question. </p><blockquote class=\"rm-embed twitter-tweet\">\n<div style=\"margin: 1em 0;\">\\u201cReid, holding the powerful accountable: \"Give some advice to those who are frustrated by our politics now, about how you can start to get people to vote not on how politics will impact your religion, but how it will impact your life. You\\u2019re a religious person ...\\u201d\\u201d</div> \u2014 Tom Elliott (@Tom Elliott)\n        <a href=\"https://twitter.com/tomselliott/status/1641040637079306240\">1680089100</a>\n</blockquote>\n<p><em>\"When President Kennedy was running for President, he went to Houston and spoke to all these ministers there. And the question is, 'what religion do you believe in?' Of course as a Catholic, that was not going to be popular. And he said, 'It's not important what religion I believe in. What's important is what America I believe in.' And that's what we have to be thinking in terms of.\" </em></p><p>Yeeaaaahhh...no. Religion absolutely has to inform political decisions, especially those that involve the genocide of unborn babies. Thanks though. </p><p>Pelosi then directed the conversation towards how some Trump supporters are patriotic, but others are racist bigots. She then somehow she got to the influence of money in politics. Neither of which have to do with Reid's original question, but I think we got the idea. Pelosi, and many other Democrats it seems, doesn't think religion should have any bearing on how you vote. Which is just not correct. If you are a professing Christian who values human life, that's a belief that should go all the way to the ballot box. </p><p>><p><p><p><p><p><\n<p>\n<em>Lily is a Zoomer college dropout who somehow landed a writing gig here at LwC.com. In her spare time, she enjoys going for runs, touching grass, and occasionally <a href=\"https://twitter.com/LwCLily\" target=\"_blank\">tweeting tweets</a> for fellow tweeters.</em>\n</p>\n<p>\n<em><strong>Facebook doesn't want you reading this post or any others lately. </strong>Their algorithm hides our stories and shenanigans as best it can. The best way to stick it to Zuckerface? <strong>Bookmark </strong><a href=\"https://www.louderwithcrowder.com\" target=\"_blank\"><strong>LouderWithCrowder.com</strong></a> and check us out throughout the day! </em><em>Also, follow us on <a href=\"https://www.instagram.com/lwcnewswire/\" target=\"_blank\">Instagram</a> and <a href=\"https://www.twitter.com/lwcnewswire/\" target=\"_blank\">Twitter</a>.</em>\n</p></p>", "link": "https://www.louderwithcrowder.com/nancy-pelosi-joy-reid-religion", "date_published": "2023-03-29 13:51:13+00:00", "persistent": false, "user": null, "language": "en-US"}, {"source": "http://louderwithcrowder.com/feed/", "title": "Criminal who attempted to murder Rand Paul Staffer was out of jail less than a day before the attack", "description": "<img src=\"https://www.louderwithcrowder.com/media-library/image.png?id=33374687&amp;width=1245&amp;height=700&amp;coordinates=0%2C0%2C0%2C0\" /><br /><br /><p>Over the weekend, one of <a href=\"https://www.louderwithcrowder.com/rand-paul-night-christmas\" target=\"_blank\">Rand Paul's</a> staffers was attacked by a knife-wielding criminal in <a href=\"https://www.louderwithcrowder.com/washington-dccoun-councilwoman\" target=\"_blank\">Washington D.C.</a> The attack apparently occurred in broad daylight. Which makes sense, since it's D.C. </p><p>Paul released a statement about the incident, saying, <em>\"This past weekend a member of my staff was brutally attacked in broad daylight in Washington, D.C. I ask you to join Kelley and me in praying for a speedy and complete recovery, and thanking the first responders, hospital staff, and police for their diligent actions. We are relieved to hear the suspect has been arrested. At this time we would ask for privacy so everyone can focus on healing and recovery.\u201d</em></p><blockquote class=\"rm-embed twitter-tweet\">\n<div style=\"margin: 1em 0;\">\\u201cNEW: Staffer for Senator Rand Paul attacked on H. St in NorthEast DC over the weekend. \\nSTATEMENT from @RandPaul \\u2935\\ufe0f\\u201d</div> \u2014 Adam Longo (@Adam Longo)\n        <a href=\"https://twitter.com/adamlongoTV/status/1640486376197050371\">1679957405</a>\n</blockquote>\n<p>The suspect has since been identified as Glynn Neal. Neal was previously sentenced to 12 years and four months in jail on charges of \u201ccompelling an individual to live a life of prostitution without his or her consent\u201d and \u201cthreat to kidnap to injure a person.\" And he got out one day before attacking Paul's staffer. Which also makes, since it's D.C. we're talking about here. </p><blockquote class=\"rm-embed twitter-tweet\">\n<div style=\"margin: 1em 0;\">\\u201cThe suspect in the stabbing of Sen. Rand Paul\\u2019s staffer on Saturday had been released from a 12-year prison sentence just one day before the attack. \\n\\nhttps://t.co/vs8cTz90AP\\u201d</div> \u2014 The Post Millennial (@The Post Millennial)\n        <a href=\"https://twitter.com/TPostMillennial/status/1640977133462847493\">1680074411</a>\n</blockquote>\n<p>The police released a statement detailing Neal's arrest: <em>\"Detectives from the Metropolitan Police Department's First District announce an arrest has been made in reference to an Assault with Intent to Kill (Knife) [...] 42-year-old Glynn Neal of Southeast, DC, was arrested and charged [...]\" </em></p><blockquote class=\"rm-embed twitter-tweet\">\n<div style=\"margin: 1em 0;\">\\u201cMPD announces an arrest has been made in reference to an Assault with Intent to Kill (Knife) offense that occurred on Saturday, March 25, 2023, in the 1300 blk of H St, NE.  \\n\\nThank you to all who assisted in making DC safer with this arrest! \\n\\nRelease: https://t.co/VW8KizwKmj\\u201d</div> \u2014 DC Police Department (@DC Police Department)\n        <a href=\"https://twitter.com/DCPoliceDept/status/1640456704629383170\">1679950331</a>\n</blockquote>\n<p>The D.C. city council recently tried to reduce penalties for violent crimes, even as the <a href=\"https://www.louderwithcrowder.com/thou-shalt-not-kill\" target=\"_blank\">city resorts to reminding people</a> of God's words, \"thou shalt not kill,\" to try and bring down the horrific homicide rate. </p><p>As for the staffer, Phillip Todd, he suffered a deep knife wound to his head and is in critical condition. His uncle said there was damage to his spleen and some leaking in other areas and asked for prayers regarding \"damage to abdomen area, skull, brain, collapsed lung, etc.\" </p><p>><p><p><p><p><p><\n<p>\n<em>Lily is a Zoomer college dropout who somehow landed a writing gig here at LwC.com. In her spare time, she enjoys going for runs, touching grass, and occasionally <a href=\"https://twitter.com/LwCLily\" target=\"_blank\">tweeting tweets</a> for fellow tweeters.</em>\n</p>\n<p>\n<em><strong>Facebook doesn't want you reading this post or any others lately. </strong>Their algorithm hides our stories and shenanigans as best it can. The best way to stick it to Zuckerface? <strong>Bookmark </strong><a href=\"https://www.louderwithcrowder.com\" target=\"_blank\"><strong>LouderWithCrowder.com</strong></a> and check us out throughout the day! </em><em>Also, follow us on <a href=\"https://www.instagram.com/lwcnewswire/\" target=\"_blank\">Instagram</a> and <a href=\"https://www.twitter.com/lwcnewswire/\" target=\"_blank\">Twitter</a>.</em>\n</p></p>", "link": "https://www.louderwithcrowder.com/rand-paul-staffer-stabbing", "date_published": "2023-03-29 13:29:30+00:00", "persistent": false, "user": null, "language": "en-US"}, {"source": "http://louderwithcrowder.com/feed/", "title": "Watch: Fashion brand pays Dylan Mulvaney to model women's clothing because nothing belongs to females anymore", "description": "<img src=\"https://www.louderwithcrowder.com/media-library/image.png?id=33374461&amp;width=1245&amp;height=700&amp;coordinates=0%2C0%2C0%2C0\" /><br /><br /><p>We have yet another <a href=\"https://www.louderwithcrowder.com/dylan-mulvaney-university-pittsburgh-speech\" target=\"_blank\">Dylan Mulvaney</a> update for ya. <a href=\"https://www.louderwithcrowder.com/dylan-mulvaney-eloise-concerns\" target=\"_blank\">Dylan</a> is apparently now the newest face of Kate Spade New York, a luxury women's fashion brand. Yippee. </p><p>Mulvaney posted this latest life update in a TikTok of course. Mulvaney explained, <em>\"It all started with the first day of spring. I am at Kate Spade New York to find the perfect spring outfit!\" </em></p><blockquote class=\"rm-embed twitter-tweet\">\n<div style=\"margin: 1em 0;\">\\u201cDylan Mulvaney is now the newest face of Kate Spade New York.\\u201d</div> \u2014 Catch Up (@Catch Up)\n        <a href=\"https://twitter.com/CatchUpNetwork/status/1640952458871721985\">1680068528</a>\n</blockquote>\n\n<p><em>\"Kate Spade New York is a staple in my wardrobe,\"</em> Mulvaney explained as Mulvaney grabbed a tiny white purse off the shelf. Mulvaney then tried on a bright pink dress and pair of white heels to complete the look. The TikTok on Mulavney's page is captioned,<em> \"Celebrating the first day of spring with Kate Spade #KateSpadeNYPartner\" </em>and is marked as a paid partnership. So yes, it appears that Kate Spade is paying Mulvaney to promote their clothing. For women. </p><p>I grow tired of pointing out the replacement of females with biological males in essentially all aspects of life now. But it is important to note. It's also quite bothersome how Mulvaney and other, ahem , trans \"women\" tend to portray females as the absolute worst stereotypes of women. </p><p>For example, take Dylan's TikTok from waaay back on Day 1 of \"girlhood\". Mulvaney said, <em>\"Day 1 of being a girl, and I have already cried three times, I wrote a scathing email that I did not send, I ordered dresses online that I couldn't afford, and then when someone asked me how I was, I said, 'I'm fine,' but I wasn't fine. How'd I do ladies, good?\"</em><br /></p><p class=\"shortcode-media shortcode-media-youtube\">\n<span class=\"rm-shortcode\" style=\"display: block; padding-top: 56.25%;\"></span>\n<small class=\"image-media media-caption\">Dylan Mulvaney Day 1 of being a girl #trans #woman #dylanmulvaney #SHORT</small>\n<small class=\"image-media media-photo-credit\">\n<a href=\"https://www.youtube.com/shorts/FttyV9IEzlc\" target=\"_blank\">www.youtube.com</a>\n</small>\n</p>\n<p><br /></p><p>So, according to Mulvaney, being a woman means you have to be emotionally unstable, passive aggressive, financially irresponsible, and lie about your emotions. Not exactly what being a woman is really all about. </p><p>><p><p><p><p><p><\n<p>\n<em>Lily is a Zoomer college dropout who somehow landed a writing gig here at LwC.com. In her spare time, she enjoys going for runs, touching grass, and occasionally <a href=\"https://twitter.com/LwCLily\" target=\"_blank\">tweeting tweets</a> for fellow tweeters.</em>\n</p>\n<p>\n<em><strong>Facebook doesn't want you reading this post or any others lately. </strong>Their algorithm hides our stories and shenanigans as best it can. The best way to stick it to Zuckerface? <strong>Bookmark </strong><a href=\"https://www.louderwithcrowder.com\" target=\"_blank\"><strong>LouderWithCrowder.com</strong></a> and check us out throughout the day! </em><em>Also, follow us on <a href=\"https://www.instagram.com/lwcnewswire/\" target=\"_blank\">Instagram</a> and <a href=\"https://www.twitter.com/lwcnewswire/\" target=\"_blank\">Twitter</a>.</em>\n</p></p>", "link": "https://www.louderwithcrowder.com/dylan-mulvaney-kate-spade-endorsement", "date_published": "2023-03-29 13:02:45+00:00", "persistent": false, "user": null, "language": "en-US"}, {"source": "http://louderwithcrowder.com/feed/", "title": "Man attempts armed robbery of this grandmother's food truck, but she has a gun of her own and he's dead now", "description": "<img src=\"https://www.louderwithcrowder.com/media-library/image.png?id=33373976&amp;width=1245&amp;height=700&amp;coordinates=0%2C0%2C0%2C1\" /><br /><br /><p>Again, if you are dumb enough to pull a gun while committing a robbery in TEXAS, you deserve to get swiss cheese'd up. Assume everyone <a href=\"https://www.louderwithcrowder.com/taqueria-texas-robber\" target=\"_blank\">has a gun and are better shots</a>. Another nogoodnik learned this lesson the hard way, attempting to rob a grandmother's food truck.</p><p>This grandmother.</p><div class=\"rm-embed embed-media\"><blockquote class=\"twitter-tweet\">Police say this southwest Houston grandmother was cooking in her food truck this afternoon when a man pulled up with a gun demanding cash. They say she grabbed her gun and killed the suspect in self defense. <a href=\"https://twitter.com/hashtag/KHOU11?src=hash&amp;ref_src=twsrc%5Etfw\">#KHOU11</a> <a href=\"https://t.co/wMeiKInvse\">https://t.co/wMeiKInvse</a> <a href=\"https://t.co/sN99YsZUvw\">pic.twitter.com/sN99YsZUvw</a><br />\u2014 Matt Dougherty (@MattKHOU) <a href=\"https://twitter.com/MattKHOU/status/1640838975324651522?ref_src=twsrc%5Etfw\">March 28, 2023</a></blockquote> </div><p>The incident took place in Houston. Like a lot of progressive cities in America, <a href=\"https://www.louderwithcrowder.com/houston-bar-owners-armed\" target=\"_blank\">crime in Houston is out of control</a>. Keshondra Howard Turner is a cook at her family's food truck, Elite Eats. <a href=\"https://www.khou.com/article/news/crime/south-main-street-food-truck-shooting-houston-crime/285-7e5041fc-19ac-42a5-bf46-121c7e9270d3\" target=\"_blank\">Known for their</a> \"ox tail, hamburgers, pork chops, wings.\" </p><p>A man pulled a gun on Turner, demanding money. She was able to close the window on him, but he opened it and pointed his gun at her with the intent of opening fire. Thank God, the gun jammed. Turner was able to grab HER gun and fired multiple shots. The man was pronounced dead on the spot.</p><p>Turner is lucky she was a concealed carry holder. But more so, she is lucky the man's gun jammed. Her son believes there's a reason for that.</p><p>\"She's a Godly woman, that's why the gun jammed because God jammed it.\"</p><p>Obviously, the photo chosen by the reporter is not right after the shooting. Because this is the look of a woman who does not give a f*********ck.</p><p class=\"shortcode-media shortcode-media-rebelmouse-image\">\n<img alt=\"\" class=\"rm-shortcode\" id=\"0aba3\" src=\"https://www.louderwithcrowder.com/media-library/image.png?id=33374211&amp;width=980\" />\n</p><p>Miss Keshondra joins our collection of <a href=\"https://www.louderwithcrowder.com/elderly-woman-cane\" target=\"_blank\">badass grannies </a>who are <a href=\"https://www.louderwithcrowder.com/shoplifter-old-lady\" target=\"_blank\">not afraid to show these young whippersnappers</a> how <a href=\"https://www.louderwithcrowder.com/grandma-takes-down-punk\" target=\"_blank\">to handle business</a>. I can also go for a burger right now.</p><p>><p><p><p><p><p><\n<p>\n<em>Brodigan is Grand Poobah of this here website and when he isn't writing words about things enjoys day drinking, pro-wrestling, and country music. You can find him <a href=\"https://twitter.com/brodigan\" target=\"_blank\">on the Twitter</a> too.</em>\n</p>\n<p>\n<em><strong>Facebook doesn't want you reading this post or any others lately. </strong>Their algorithm hides our stories and shenanigans as best it can. The best way to stick it to Zuckerface? <strong>Bookmark </strong><a href=\"https://www.louderwithcrowder.com\" target=\"_blank\"><strong>LouderWithCrowder.com</strong></a> and check us out throughout the day! </em><em>Also, follow us on <a href=\"https://www.instagram.com/lwcnewswire/\" target=\"_blank\">Instagram</a> and <a href=\"https://www.twitter.com/lwcnewswire/\" target=\"_blank\">Twitter</a>.</em>\n</p></p>", "link": "https://www.louderwithcrowder.com/grandmother-food-truck", "date_published": "2023-03-29 12:56:48+00:00", "persistent": false, "user": null, "language": "en-US"}, {"source": "http://louderwithcrowder.com/feed/", "title": "\"Your refusal to do your job is revolting\": Ted Cruz goes berserker mode all over Biden's failed DHS Secretary", "description": "<img src=\"https://www.louderwithcrowder.com/media-library/image.png?id=33373015&amp;width=1245&amp;height=700&amp;coordinates=0%2C0%2C0%2C0\" /><br /><br /><p>With everything else going wrong in America, every so often we need to check with to Joe Biden's original sin: the border crisis. The border was the first thing Biden f*cked up, almost starting the day after he was sworn in. Not only is our southern border still in crisis, but it keeps getting crisisier. A point Sen. Ted Cruz attempted to make to Biden's failed Homeland Security Secretary Alejandro Mayorkas.</p><p>Cruz going Wolvie-beserk style is the best Cruz. </p><div class=\"rm-embed embed-media\"><blockquote class=\"twitter-tweet\">Holy Shit <a href=\"https://twitter.com/tedcruz?ref_src=twsrc%5Etfw\">@tedcruz</a> just went OFF <a href=\"https://t.co/R4XTq8Ox8T\">pic.twitter.com/R4XTq8Ox8T</a><br />\u2014 Old Row (@OldRowOfficial) <a href=\"https://twitter.com/OldRowOfficial/status/1640782670891196430?ref_src=twsrc%5Etfw\">March 28, 2023</a></blockquote> </div><p><br /></p><div class=\"rm-embed embed-media\"><blockquote class=\"twitter-tweet\">Really, Twitter? <a href=\"https://t.co/4Q7voXr3WA\">https://t.co/4Q7voXr3WA</a> <a href=\"https://t.co/YGS541qp5I\">pic.twitter.com/YGS541qp5I</a><br />\u2014 Louder with Crowder Dot Com (@LWCnewswire) <a href=\"https://twitter.com/LWCnewswire/status/1641047634046595072?ref_src=twsrc%5Etfw\">March 29, 2023</a></blockquote> </div><p>The bit about the bracelets is my favorite:<br /></p><p>\"Mr. Secretary, you have just testified to the American people that you are incompetent at your job. Because I have been to the southern border, and if you go to the southern border, along the southern border you see thousands of these wristbands. Because the illegal immigrants wear them. The drug cartels, every color corresponds to how many thousands of dollars they owe the cartels. You have turned these cartels into multi-billion dollars criminal organizations.\"</p><p>Mayorkas is a man who feels <a href=\"https://www.louderwithcrowder.com/border-wall-mayorkas-fox-news\" target=\"_blank\">illegal immigration is one of our proudest traditions</a>, and who would <a href=\"https://www.louderwithcrowder.com/doocy-mayorkas-horse-whip\" target=\"_blank\">rather throw his own men under the bus than admit he fell for disinformation</a> being pedaled by radical progressives and the media (but I repeat myself). He is also Joe Biden's biggest diversity hire failure. Not that KJP and Poot Buttgig don't have game. But <a href=\"https://www.louderwithcrowder.com/wesley-hunt-border-crisis\" target=\"_blank\">the fentanyl pouring across the border</a> is what gives Mayorkas an edge.</p><p>Exit question, what Biden Border Blunder stands out most to you? For me, it's the <a href=\"https://www.louderwithcrowder.com/mexico-philadelphia-ad\" target=\"_blank\">Mexican anti-drug ads that show scenes from Philadelphia</a> of Americans strung out on the drugs...the pour across the border from Mexico.</p><p>><p><p><p><p><p><\n<p>\n<em>Brodigan is Grand Poobah of this here website and when he isn't writing words about things enjoys day drinking, pro-wrestling, and country music. You can find him <a href=\"https://twitter.com/brodigan\" target=\"_blank\">on the Twitter</a> too.</em>\n</p>\n<p>\n<em><strong>Facebook doesn't want you reading this post or any others lately. </strong>Their algorithm hides our stories and shenanigans as best it can. The best way to stick it to Zuckerface? <strong>Bookmark </strong><a href=\"https://www.louderwithcrowder.com\" target=\"_blank\"><strong>LouderWithCrowder.com</strong></a> and check us out throughout the day! </em><em>Also, follow us on <a href=\"https://www.instagram.com/lwcnewswire/\" target=\"_blank\">Instagram</a> and <a href=\"https://www.twitter.com/lwcnewswire/\" target=\"_blank\">Twitter</a>.</em>\n</p></p>", "link": "https://www.louderwithcrowder.com/ted-cruz-mayorkas-hearing", "date_published": "2023-03-29 12:13:42+00:00", "persistent": false, "user": null, "language": "en-US"}, {"source": "http://louderwithcrowder.com/feed/", "title": "Democrat spox calls for \"transphobes\" to be murdered hours after trans shooter murdered Christian schoolchildren", "description": "<img src=\"https://www.louderwithcrowder.com/media-library/image.png?id=33372300&amp;width=1245&amp;height=700&amp;coordinates=0%2C0%2C0%2C0\" /><br /><br /><p>File this under \"Democrats are garbage people.\" But when you look at the media reaction to the transgender Nashville shooter, <a href=\"https://www.louderwithcrowder.com/nashville-shooter-media-response\" target=\"_blank\">no one should be surprised</a>. Though for funsies, imagine the media reaction if a Kari Lake spokeswoman tweeted something similar if the <em>shooter</em> was Christian.</p><p>Because hours after a transgender shooter who goes by he/him pronouns shot up a Christian school and murdered Christian nine-year-olds, <a href=\"https://www.louderwithcrowder.com/katie-hobbs-uber-driver\" target=\"_blank\">Arizona Governor Katie Hobbs'</a> press secretary Josselyn Berry tweeted this.</p><p class=\"shortcode-media shortcode-media-rebelmouse-image\">\n<img alt=\"\" class=\"rm-shortcode\" id=\"20b75\" src=\"https://www.louderwithcrowder.com/media-library/image.png?id=33372439&amp;width=980\" />\n</p><p>I suppose -- for \"independent\" \"fact\" checking sake -- we should allow that the press secretary of a United States Governor had no idea that a <a href=\"https://www.louderwithcrowder.com/nashville-police-bodycam-footage\" target=\"_blank\">transgender shooter (he/him) shot up a Christian school</a> less than twelve hours before said press secretary decided to tweet this out of the blue. And that the Democrat press secretary of a Democrat governor wasn't celebrating people presumed to have a different political opinion than her had their children murdered. </p><p>She was <em>only</em> fantasizing about people who have a different political opinion than her being murdered. She believes it's a-ok for minors to be chemically castrated and/or have their genitals mutilated.  Anyone who disagrees is a -phobe.</p><p class=\"shortcode-media shortcode-media-rebelmouse-image\">\n<img alt=\"\" class=\"rm-shortcode\" id=\"f1c34\" src=\"https://www.louderwithcrowder.com/media-library/image.gif?id=33372533&amp;width=980\" />\n</p><p>If only <a href=\"https://www.louderwithcrowder.com/desantis-forbes-report-woke\" target=\"_blank\">there was an institution in America</a> that could clarify this for us.</p><div class=\"rm-embed embed-media\"><blockquote class=\"twitter-tweet\">The press Secretary for the Governor of Arizona has now protected her tweets. Zero journalists, members of the press are asking why. <a href=\"https://t.co/OM3Wmt0VOk\">https://t.co/OM3Wmt0VOk</a> <a href=\"https://t.co/fs5ZPYj6tq\">pic.twitter.com/fs5ZPYj6tq</a><br />\u2014 Stephen L. Miller (@redsteeze) <a href=\"https://twitter.com/redsteeze/status/1640938582863904768?ref_src=twsrc%5Etfw\">March 29, 2023</a></blockquote> </div><p>As of this writing, the Arizona Governor's office has yet to address the governor's press secretary calling for Americans -- yes, even Americans she believes are \"-phobes\" -- to be murdered. Josselyn Berry is still employed by the taxpayers of Arizona. Many of whom she fantasizes about murdering.</p><p>><p><p><p><p><p><\n<p>\n<em>Brodigan is Grand Poobah of this here website and when he isn't writing words about things enjoys day drinking, pro-wrestling, and country music. You can find him <a href=\"https://twitter.com/brodigan\" target=\"_blank\">on the Twitter</a> too.</em>\n</p>\n<p>\n<em><strong>Facebook doesn't want you reading this post or any others lately. </strong>Their algorithm hides our stories and shenanigans as best it can. The best way to stick it to Zuckerface? <strong>Bookmark </strong><a href=\"https://www.louderwithcrowder.com\" target=\"_blank\"><strong>LouderWithCrowder.com</strong></a> and check us out throughout the day! </em><em>Also, follow us on <a href=\"https://www.instagram.com/lwcnewswire/\" target=\"_blank\">Instagram</a> and <a href=\"https://www.twitter.com/lwcnewswire/\" target=\"_blank\">Twitter</a>.</em>\n</p></p>", "link": "https://www.louderwithcrowder.com/katie-hobbs-spokeswoman-tweet", "date_published": "2023-03-29 11:35:16+00:00", "persistent": false, "user": null, "language": "en-US"}]