[{"source": "http://rss.nytimes.com/services/xml/rss/nyt/Technology.xml", "title": "An Unopened 2007 iPhone Can Be Yours (for $32,000 or More)", "description": "A first-generation Apple smartphone is going up for auction.", "link": "https://www.nytimes.com/2023/03/29/style/iphone-2007-auction.html", "date_published": "2023-03-29 16:53:44+00:00", "persistent": false, "user": null, "language": "en-US"}, {"source": "http://rss.nytimes.com/services/xml/rss/nyt/Technology.xml", "title": "As Washington Calls for TikTok Ban, Its Owner Begins Pushing a New App", "description": "ByteDance, the Chinese company behind TikTok, is trying to woo popular social media creators to join its new app, Lemon8, before it is officially introduced this year.", "link": "https://www.nytimes.com/2023/03/29/technology/tiktok-lemon8-content-creators.html", "date_published": "2023-03-29 16:37:28+00:00", "persistent": false, "user": null, "language": "en-US"}, {"source": "http://rss.nytimes.com/services/xml/rss/nyt/Technology.xml", "title": "What Makes Chatbots \u2018Hallucinate\u2019 or Say the Wrong Thing?", "description": "The curious case of the hallucinating software.", "link": "https://www.nytimes.com/2023/03/29/technology/ai-chatbots-hallucinations.html", "date_published": "2023-03-29 15:46:12+00:00", "persistent": false, "user": null, "language": "en-US"}, {"source": "http://rss.nytimes.com/services/xml/rss/nyt/Technology.xml", "title": "Elon Musk and Others Call for Pause on A.I., Citing \u2018Risks to Society\u2019", "description": "More than 1,000 tech leaders, researchers and others signed an open letter that urged a moratorium on the development of the most powerful artificial intelligence systems.", "link": "https://www.nytimes.com/2023/03/29/technology/ai-artificial-intelligence-musk-risks.html", "date_published": "2023-03-29 14:23:05+00:00", "persistent": false, "user": null, "language": "en-US"}, {"source": "http://rss.nytimes.com/services/xml/rss/nyt/Technology.xml", "title": "How ChatGPT and Bard Performed as My Executive Assistants", "description": "Google\u2019s Bard chatbot fared far worse than OpenAI\u2019s ChatGPT, but human assistants might soon be out of their jobs.", "link": "https://www.nytimes.com/2023/03/29/technology/personaltech/ai-chatgpt-google-bard-assistant.html", "date_published": "2023-03-29 09:00:37+00:00", "persistent": false, "user": null, "language": "en-US"}, {"source": "http://rss.nytimes.com/services/xml/rss/nyt/Technology.xml", "title": "Rift Between Gaming Giants Shows Toll of China\u2019s Economic Crackdown", "description": "Activision Blizzard and NetEase could not agree on a new deal to distribute video games in China, cutting millions of players from the games in January.", "link": "https://www.nytimes.com/2023/03/29/technology/activision-netease-china-breakup.html", "date_published": "2023-03-29 09:00:26+00:00", "persistent": false, "user": null, "language": "en-US"}]