[{"source": "https://www.forbes.com/innovation/feed2", "title": "April\u2019s Unique \u2018Ningaloo Eclipse\u2019 Explained: Your Ultimate Guide To 2023\u2019s Only Total Solar Eclipse", "description": "How, where and when to see this month\u2019s total eclipse of the Sun\u2014technically known as a \u201chybrid\u201d or annular-total solar eclipse\u2014during which eclipse-chasers will experience a short totality of between 62 and 75 seconds.", "link": "https://www.forbes.com/sites/jamiecartereurope/2023/03/29/aprils-unique-ningaloo-eclipse-explained-your-ultimate-guide-to-2023s-only-total-solar-eclipse/", "date_published": "2023-03-29 23:15:00+00:00", "persistent": false, "user": null, "language": "en-US"}, {"source": "https://www.forbes.com/innovation/feed2", "title": "Wes Anderson\u2019s New Movie \u2018Asteroid City\u2019 Is Peak Wes Anderson", "description": "The latest trailer for Wes Anderson's new film Asteroid City reveals a movie that is perhaps more Wes Anderson than any of his previous films, capturing exactly what makes the filmmaker's movies so distinct.", "link": "https://www.forbes.com/sites/erikkain/2023/03/29/wes-andersons-new-movie-asteroid-city-is-peak-wes-anderson/", "date_published": "2023-03-29 22:23:15+00:00", "persistent": false, "user": null, "language": "en-US"}, {"source": "https://www.forbes.com/innovation/feed2", "title": "InnovationRx: Amazon Takes On Healthcare Worker Burnout", "description": "InnovationRx is your weekly digest of healthcare news. Sign up!", "link": "https://www.forbes.com/sites/katiejennings/2023/03/29/innovationrx-amazon-takes-on-healthcare-worker-burnout/", "date_published": "2023-03-29 20:42:53+00:00", "persistent": false, "user": null, "language": "en-US"}, {"source": "https://www.forbes.com/innovation/feed2", "title": "70 Years Ago, Roald Dahl Predicted The Rise Of ChatGPT", "description": "Roald Dahl\u2019s 1953 short story, \u201cThe Great Automatic Grammatizator,\u201d appears to have predicted the rise of generative AI, to an uncanny degree.", "link": "https://www.forbes.com/sites/danidiplacido/2023/03/29/70-years-ago-roald-dahl-predicted-the-rise-of-chatgpt/", "date_published": "2023-03-29 19:14:23+00:00", "persistent": false, "user": null, "language": "en-US"}, {"source": "https://www.forbes.com/innovation/feed2", "title": "Here Are April\u2019s Excellent Free PlayStation Plus Essential Games Including A Day-One New Release", "description": "Three really great games are headed to PlayStation Plus Essential in April. One is a brand new release, while the other two are must-play titles on PlayStation 4 and PlayStation 5.", "link": "https://www.forbes.com/sites/erikkain/2023/03/29/here-are-aprils-excellent-free-playstation-plus-essential-games-including-a-day-one-new-release/", "date_published": "2023-03-29 18:40:27+00:00", "persistent": false, "user": null, "language": "en-US"}, {"source": "https://www.forbes.com/innovation/feed2", "title": "Your D&D Party Is Dead? This Is Your Next Campaign", "description": "Many Dungeons & Dragons campaigns live in fear of three letters: TPK. The Black Ballad offers players a chance to continue their stories beyond the veil of death.", "link": "https://www.forbes.com/sites/robwieland/2023/03/29/your-dd-party-is-dead-this-is-your-next-campaign/", "date_published": "2023-03-29 18:33:06+00:00", "persistent": false, "user": null, "language": "en-US"}, {"source": "https://www.forbes.com/innovation/feed2", "title": "Local Markets CEO: Strategic Cost Management Is Among Top Priorities For Employers", "description": "UnitedHealthcare Local Markets CEO explains why employers, regardless of size or location, are seeking ways to better manage their health care costs.", "link": "https://www.forbes.com/sites/united-healthcare/2023/03/29/local-markets-ceo-strategic-cost-management-is-among-top-priorities-for-employers/", "date_published": "2023-03-29 18:20:05+00:00", "persistent": false, "user": null, "language": "en-US"}, {"source": "https://www.forbes.com/innovation/feed2", "title": "Rising Above The Competition On Total Cost Of Health Care", "description": "3 UnitedHealthcare cost-savings strategies, validating savings methodologies across key programs and confirming the ability to manage savings better than the competition.", "link": "https://www.forbes.com/sites/united-healthcare/2023/03/29/rising-above-the-competition-on-total-cost-of-health-care/", "date_published": "2023-03-29 18:18:34+00:00", "persistent": false, "user": null, "language": "en-US"}, {"source": "https://www.forbes.com/innovation/feed2", "title": "Health Care Cost Management That Meets The Moment", "description": "The right blend of network and plan design with engagement and clinical strategies may help employers combat increasing financial pressures.", "link": "https://www.forbes.com/sites/united-healthcare/2023/03/29/health-care-cost-management-that-meets-the-moment/", "date_published": "2023-03-29 18:17:47+00:00", "persistent": false, "user": null, "language": "en-US"}, {"source": "https://www.forbes.com/innovation/feed2", "title": "These Are The Pets That Can Cut Kids\u2019 Risk Of Allergies\u2014And The Ones That Don\u2019t Help", "description": "Exposure to certain pets in early infancy appears to protect against various food allergies, a study has found, while others appear to increase rates of nut allergies.", "link": "https://www.forbes.com/sites/roberthart/2023/03/29/these-are-the-pets-that-can-cut-kids-risk-of-allergies-and-the-ones-that-dont-help/", "date_published": "2023-03-29 18:00:09+00:00", "persistent": false, "user": null, "language": "en-US"}, {"source": "https://www.forbes.com/innovation/feed2", "title": "iOS 16.4: Apple\u2019s Upgrade For iPhone Users Has Important New Features", "description": "The latest iPhone update has landed, earlier than expected, with new emoji, features and security upgrades.", "link": "https://www.forbes.com/sites/davidphelan/2023/03/29/apple-ios-164-is-here-important-upgrade-released-for-iphone-users-urgent-warning/", "date_published": "2023-03-29 17:33:01+00:00", "persistent": false, "user": null, "language": "en-US"}, {"source": "https://www.forbes.com/innovation/feed2", "title": "Esports Giant Ninjas In Pyjamas Announces \u2018Fortnite\u2019 Debut", "description": "Hot on the heels of its 2023 entry into \u2018Rocket League\u2019, NIP is getting involved in another classic esports title.", "link": "https://www.forbes.com/sites/mattgardner1/2023/03/29/esports-giant-ninjas-in-pyjamas-announces-fortnite-debut/", "date_published": "2023-03-29 17:32:58+00:00", "persistent": false, "user": null, "language": "en-US"}, {"source": "https://www.forbes.com/innovation/feed2", "title": "The Real Reason Elon Musk Wants To Pause AI Development", "description": "Elon Musk is no longer involved in OpenAI and is frustrated he doesn\u2019t have his own version of ChatGPT yet.", "link": "https://www.forbes.com/sites/mattnovak/2023/03/29/the-real-reason-elon-musk-wants-to-pause-ai-development/", "date_published": "2023-03-29 17:32:21+00:00", "persistent": false, "user": null, "language": "en-US"}, {"source": "https://www.forbes.com/innovation/feed2", "title": "16 Bad Habits Tech Leaders Wish Developers Would Drop", "description": "Tech leaders would love to see their team members shed all-too-common poor and even self-defeating practices.", "link": "https://www.forbes.com/sites/forbestechcouncil/2023/03/29/16-bad-habits-tech-leaders-wish-developers-would-drop/", "date_published": "2023-03-29 17:15:00+00:00", "persistent": false, "user": null, "language": "en-US"}, {"source": "https://www.forbes.com/innovation/feed2", "title": "Opening The Door To The Use Of Antibodies To Protect Plants From Pathogens", "description": "New technologies are currently being explored to protect our agriculturally important plants from invading pathogens.", "link": "https://www.forbes.com/sites/williamhaseltine/2023/03/29/opening-the-door-to-the-use-of-antibodies-to-protect-plants-from-pathogens/", "date_published": "2023-03-29 17:03:05+00:00", "persistent": false, "user": null, "language": "en-US"}, {"source": "https://www.forbes.com/innovation/feed2", "title": "Apple WWDC 2023 Suddenly Revealed: A Crucial Year And A Tantalizing Image", "description": "The date and details of this year\u2019s WWDC have just been revealed, and it\u2019s another in-person event, in part, at least.", "link": "https://www.forbes.com/sites/davidphelan/2023/03/29/apples-wwdc-2023-suddenly-announced-a-crucial-year-and-a-tantalizing-image-date-time/", "date_published": "2023-03-29 16:59:52+00:00", "persistent": false, "user": null, "language": "en-US"}, {"source": "https://www.forbes.com/innovation/feed2", "title": "Is MySQL HeatWave Oracle\u2019s \u201cKiller App\u201d ?", "description": "VP & Principal Analyst, Datacenter Compute, Matt Kimball, dives in as he explains the latest update to MySQL HeatWave, Oracle shows no signs of slowing down. And I think this service may be the \u201ckiller app\u201d for Oracle Cloud Infrastructure (OCI)\u2014or even Oracle as a whole.", "link": "https://www.forbes.com/sites/moorinsights/2023/03/29/is-mysql-heatwave-oracles-killer-app-/", "date_published": "2023-03-29 16:52:20+00:00", "persistent": false, "user": null, "language": "en-US"}, {"source": "https://www.forbes.com/innovation/feed2", "title": "Synopsys.ai: New AI Solutions Across The Entire Chip Development Workflow", "description": "The company has added Verification and Test AI tools to its already-successful Design tools, DSO.ai, with more to come.", "link": "https://www.forbes.com/sites/karlfreund/2023/03/29/synopsysai-new-ai-solutions-across-the-entire-chip-workflow/", "date_published": "2023-03-29 16:30:00+00:00", "persistent": false, "user": null, "language": "en-US"}, {"source": "https://www.forbes.com/innovation/feed2", "title": "Lahore\u2019s Tech Renaissance: From Astrolabes To AI", "description": "A recent journey to Lahore, Pakistan unveiled numerous innovative startups, cutting-edge research projects, and the thriving connections between the city\u2019s entrepreneurial and educational ecosystems.", "link": "https://www.forbes.com/sites/amirhusain/2023/03/29/lahores-tech-renaissance-from-astrolabes-to-ai/", "date_published": "2023-03-29 16:22:14+00:00", "persistent": false, "user": null, "language": "en-US"}, {"source": "https://www.forbes.com/innovation/feed2", "title": "Whippits: U.K. To Ban Nitrous Oxide, Against Independent Advice", "description": "Ministers consider the gas, commonly referred to as nos, laughing gas or \u2014 in canister form \u2014 whippits, a social nuisance with harmful health effects.", "link": "https://www.forbes.com/sites/katherinehignett/2023/03/29/whippits-uk-to-ban-nitrous-oxide-against-independent-advice/", "date_published": "2023-03-29 16:13:21+00:00", "persistent": false, "user": null, "language": "en-US"}, {"source": "https://www.forbes.com/innovation/feed2", "title": "Pancreatic Cancer Breakthrough: Discovery Suggests Possible Way To Treat Deadly Disease \u2014 And A Drug Already Exists To Do It", "description": "The breakthrough, which targets the unique metabolic pathway used by cancer cells, could starve tumors while leaving the rest of the body unharmed.", "link": "https://www.forbes.com/sites/roberthart/2023/03/29/pancreatic-cancer-breakthrough-discovery-suggests-possible-way-to-treat-deadly-disease---and-a-drug-already-exists-to-do-it/", "date_published": "2023-03-29 15:53:16+00:00", "persistent": false, "user": null, "language": "en-US"}, {"source": "https://www.forbes.com/innovation/feed2", "title": "New EV Affordability Improving But Used Deals May Be Tough To Find", "description": "Sales of electric vehicles are expected to reach historic highs this year in large part because they\u2019re becoming more affordable according a new studies released this week. But shoppers who are interested in an EV but still can\u2019t swing a new one, won\u2019t find much relief on used car lots.", "link": "https://www.forbes.com/sites/edgarsten/2023/03/29/new-ev-affordability-improving-but-used-deals-may-be-tough-to-find/", "date_published": "2023-03-29 15:41:30+00:00", "persistent": false, "user": null, "language": "en-US"}, {"source": "https://www.forbes.com/innovation/feed2", "title": "Garmin Fenix 7 Gets A Major Update And Next-Gen Features", "description": "Garmin has released a new beta version of its software for watches including the Fenix 7 and Epix 2.", "link": "https://www.forbes.com/sites/andrewwilliams/2023/03/29/garmin-fenix-7-gets-a-major-update-and-next-gen-features/", "date_published": "2023-03-29 15:35:07+00:00", "persistent": false, "user": null, "language": "en-US"}, {"source": "https://www.forbes.com/innovation/feed2", "title": "Former Pro Poker Player, Who Founded Asian Delivery Giant Lalamove With His Winnings, Becomes A Billionaire", "description": "Over the past decade, Chow Shing Yuk, 44, has steadily built a logistics and delivery giant from a base in Hong Kong, backed by the likes of Neil Shen\u2019s Sequoia China and Lei Zhang\u2019s Hillhouse.", "link": "https://www.forbes.com/sites/zinnialee/2023/03/29/former-pro-poker-player-who-founded-asian-delivery-giant-lalamove-with-his-winnings-becomes-a-billionaire/", "date_published": "2023-03-29 14:30:32+00:00", "persistent": false, "user": null, "language": "en-US"}, {"source": "https://www.forbes.com/innovation/feed2", "title": "Summer Game Fest Swipes Ubisoft As E3 2023 Continues To Collapse", "description": "One of the last major publishers still attending, Ubisoft, has also announced they\u2019re gone from E3, and a day later, revealed that their UbiForward showcase would be a part of Geoff Keighely\u2019s Summer Game Fest instead.", "link": "https://www.forbes.com/sites/paultassi/2023/03/29/summer-game-fest-swipes-ubisoft-as-e3-2023-continues-to-collapse/", "date_published": "2023-03-29 14:25:41+00:00", "persistent": false, "user": null, "language": "en-US"}, {"source": "https://www.forbes.com/innovation/feed2", "title": "What Does It Mean To Say A Medical Test Is \u2018Sensitive\u2019 Or \u2018Specific\u2019?", "description": "A gentle introduction to statistics in medical testing.", "link": "https://www.forbes.com/sites/paulhsieh/2023/03/29/what-does-it-mean-to-say-a-medical-test-is-sensitive-or-specific/", "date_published": "2023-03-29 14:22:02+00:00", "persistent": false, "user": null, "language": "en-US"}, {"source": "https://www.forbes.com/innovation/feed2", "title": "FDA Approves Narcan\u2014An Opioid Antidote\u2014For Over-The-Counter Use Amid Overdose Epidemic", "description": "Manufacturers will determine the timeline and price of the drug, the FDA said.", "link": "https://www.forbes.com/sites/anafaguy/2023/03/29/fda-approves-narcan-an-opioid-antidote-for-over-the-counter-use-amid-overdose-epidemic/", "date_published": "2023-03-29 14:15:26+00:00", "persistent": false, "user": null, "language": "en-US"}, {"source": "https://www.forbes.com/innovation/feed2", "title": "Thanks To ChatGPT, The Future Of Customer Support Is More Human Than Ever", "description": "What does this mean for the customer support industry? Some believe generative AI means the end of human-assisted support. But I believe the opposite will be true: Tools like ChatGPT will only make customer support more human.", "link": "https://www.forbes.com/sites/forbestechcouncil/2023/03/29/thanks-to-chatgpt-the-future-of-customer-support-is-more-human-than-ever/", "date_published": "2023-03-29 14:15:00+00:00", "persistent": false, "user": null, "language": "en-US"}, {"source": "https://www.forbes.com/innovation/feed2", "title": "New iPhone 15 Exclusive Reveals Stunning Apple Design Decision", "description": "The latest iPhone 15 Pro leak reveals a design change unlike anything we have seen on a smartphone before...", "link": "https://www.forbes.com/sites/gordonkelly/2023/03/29/apple-iphone-15-pro-max-new-volume-mute-buttons-design-changes/", "date_published": "2023-03-29 14:11:15+00:00", "persistent": false, "user": null, "language": "en-US"}, {"source": "https://www.forbes.com/innovation/feed2", "title": "A Psychologist Shares 3 Tips To Help You Become A More Patient Person", "description": "Patience is a value that is easier to preach than practice.", "link": "https://www.forbes.com/sites/traversmark/2023/03/29/a-psychologist-shares-3-tips-to-help-you-become-a-more-patient-person/", "date_published": "2023-03-29 14:04:47+00:00", "persistent": false, "user": null, "language": "en-US"}, {"source": "https://www.forbes.com/innovation/feed2", "title": "From Super Speed To Super Convenient: The Maturity Curve Around Customer Shopping Behavior", "description": "Understanding the benefits of convenient delivery is more essential for businesses in the retail industry than ever. Especially for last mile delivery, a flexible and seamless process is essential in helping customers receive the services they expect.", "link": "https://www.forbes.com/sites/garydrenik/2023/03/29/from-super-speed-to-super-convenient-the-maturity-curve-around-customer-shopping-behavior/", "date_published": "2023-03-29 14:00:00+00:00", "persistent": false, "user": null, "language": "en-US"}, {"source": "https://www.forbes.com/innovation/feed2", "title": "The Art Of Letting Go: How Data Minimization Can Improve Cybersecurity And Reduce Cost", "description": "While data is critical for business and innovation, it is also growing at an exponential rate and is one of the most challenging threat vectors to address.", "link": "https://www.forbes.com/sites/forbestechcouncil/2023/03/29/the-art-of-letting-go-how-data-minimization-can-improve-cybersecurity-and-reduce-cost/", "date_published": "2023-03-29 14:00:00+00:00", "persistent": false, "user": null, "language": "en-US"}, {"source": "https://www.forbes.com/innovation/feed2", "title": "Why NVIDIA Matters For The Future Of AI", "description": "Jensen Huang, CEO of NVIDIA, in his keynote at their developer's conference last week, said that, \"AI is having its iPhone moment\" referring to the incredible impact the iPhone has had on the tech industry as a whole and for creating a handheld computer for the masses.", "link": "https://www.forbes.com/sites/timbajarin/2023/03/29/why-nvidia-matters-for-the-future-of-ai/", "date_published": "2023-03-29 14:00:00+00:00", "persistent": false, "user": null, "language": "en-US"}, {"source": "https://www.forbes.com/innovation/feed2", "title": "\u2018Destiny 2\u2019 Has Four Extra Defiance Weapons Some May Not Realize Even Exist", "description": "Destiny 2 has done something a bit weird this season. While the main roster of Season of Defiance weapons are pretty obvious, as you get them as drops from milestones and battlegrounds and they\u2019re prominently displayed on the focusing screen, it seems as if people do not realize\u2014", "link": "https://www.forbes.com/sites/paultassi/2023/03/29/destiny-2-has-four-extra-defiance-weapons-some-may-not-realize-even-exist/", "date_published": "2023-03-29 13:55:50+00:00", "persistent": false, "user": null, "language": "en-US"}, {"source": "https://www.forbes.com/innovation/feed2", "title": "BAFTA Games Awards 2023 Nominees: Your Definitive List Of This Year\u2019s Hopefuls", "description": "The Bafta Games Awards returns on March 30; here are all the frontrunners and outliers shortlisted for a gong.", "link": "https://www.forbes.com/sites/mattgardner1/2023/03/29/bafta-games-awards-2023-nominees-your-definitive-list-of-this-years-hopefuls/", "date_published": "2023-03-29 13:55:32+00:00", "persistent": false, "user": null, "language": "en-US"}, {"source": "https://www.forbes.com/innovation/feed2", "title": "Elon Musk And Tech Leaders Call For AI \u2018Pause\u2019 Over Risks To Humanity", "description": "Labs have been \u201clocked in an out-of-control race to develop and deploy ever more powerful digital minds that no one\u2014not even their creators\u2014can understand, predict, or reliably control,\u201d said an open letter signed by the likes of Apple cofounder Steve Wozniak and politician Andrew Yang.", "link": "https://www.forbes.com/sites/roberthart/2023/03/29/elon-musk-and-tech-leaders-call-for-ai-pause-over-risks-to-humanity/", "date_published": "2023-03-29 13:48:38+00:00", "persistent": false, "user": null, "language": "en-US"}, {"source": "https://www.forbes.com/innovation/feed2", "title": "Name Change Celebrates Inclusive Future For Seattle Audubon Society", "description": "The non-profit organisation, Seattle Audubon Society, has formally changed its name and will now be known as Birds Connect Seattle", "link": "https://www.forbes.com/sites/grrlscientist/2023/03/29/name-change-celebrates-inclusive-future-for-seattle-audubon-society/", "date_published": "2023-03-29 13:45:59+00:00", "persistent": false, "user": null, "language": "en-US"}, {"source": "https://www.forbes.com/innovation/feed2", "title": "No Free Lunch: Why Giving Out Email Addresses Can Compromise Digital Privacy", "description": "How can a simple identifier like an email address lead to privacy violations and unwanted circulation of your data, and what can you do to minimize the danger?", "link": "https://www.forbes.com/sites/forbestechcouncil/2023/03/29/no-free-lunch-why-giving-out-email-addresses-can-compromise-digital-privacy/", "date_published": "2023-03-29 13:45:00+00:00", "persistent": false, "user": null, "language": "en-US"}, {"source": "https://www.forbes.com/innovation/feed2", "title": "\u2018The Night Agent\u2019 Somehow Lands Netflix\u2019s Third Biggest Premiere Week Ever", "description": "While I\u2019ve seen The Night Agent hovering at Netflix\u2019s #1 spot on its global top 10 lists since release, those lists never provide actual context or scale. But now that Netflix is releasing some numbers, The Night Agent has been revealed to be\u2026one of their biggest premieres ever? Really?", "link": "https://www.forbes.com/sites/paultassi/2023/03/29/the-night-agent-somehow-lands-netflixs-third-biggest-premiere-week-ever/", "date_published": "2023-03-29 13:40:35+00:00", "persistent": false, "user": null, "language": "en-US"}, {"source": "https://www.forbes.com/innovation/feed2", "title": "Global Pay Equity And Pay Transparency Present Unique Challenges For The Contingent Workforce", "description": "According to a 2023 Gartner study, just 34% of employees believe their pay is equitable, and those who perceive their pay as unequitable have a 15% lower intent to stay with their employer and are 13% less engaged at work.", "link": "https://www.forbes.com/sites/magnit/2023/03/29/global-pay-equity-and-pay-transparency-present-unique-challenges-for-the-contingent-workforce/", "date_published": "2023-03-29 13:34:44+00:00", "persistent": false, "user": null, "language": "en-US"}, {"source": "https://www.forbes.com/innovation/feed2", "title": "Three Types Of Software Tools For A More Capable Tech Team", "description": "From remote troubleshooting to cloud-based backup solutions, certain types of software make it easier for tech employees to succeed. Here are three to consider adding to your team\u2019s stack.", "link": "https://www.forbes.com/sites/forbestechcouncil/2023/03/29/three-types-of-software-tools-for-a-more-capable-tech-team/", "date_published": "2023-03-29 13:30:00+00:00", "persistent": false, "user": null, "language": "en-US"}, {"source": "https://www.forbes.com/innovation/feed2", "title": "Warning: Avoid The Extremely Bad \u2018The Last Of Us\u2019 PC Port For Now", "description": "Sony has been doing fairly well with its string of popular PC ports of its older, formerly exclusive PlayStation games. But if there was something of a streak going, that has now come crashing to an end, thanks to The Last of Us Part I Remake\u2019s disastrous port on PC.", "link": "https://www.forbes.com/sites/paultassi/2023/03/29/warning-avoid-the-extremely-bad-the-last-of-us-pc-port-for-now/", "date_published": "2023-03-29 13:28:19+00:00", "persistent": false, "user": null, "language": "en-US"}, {"source": "https://www.forbes.com/innovation/feed2", "title": "\u2018The Mandalorian\u2019 Finally Seems To Have A Master Plan In Place", "description": "This week on the Bo-Katan show...", "link": "https://www.forbes.com/sites/paultassi/2023/03/29/the-mandalorian-finally-seems-to-have-a-master-plan-in-place/", "date_published": "2023-03-29 13:15:10+00:00", "persistent": false, "user": null, "language": "en-US"}, {"source": "https://www.forbes.com/innovation/feed2", "title": "Five Data Streams Needed To Measure Retail Market Share", "description": "Working from the outside of the store and in, here's a bit more detail about each of the five key data streams retailers need to calculate market share in 2023.", "link": "https://www.forbes.com/sites/forbestechcouncil/2023/03/29/five-data-streams-needed-to-measure-retail-market-share/", "date_published": "2023-03-29 13:15:00+00:00", "persistent": false, "user": null, "language": "en-US"}, {"source": "https://www.forbes.com/innovation/feed2", "title": "Synopsys Expands It AI-Powered EDA Chip Design Tool Suite To Overcome Systemic Complexity", "description": "At its longstanding SNUG Conference, currently underway at the Santa Clara Convention Center in California, Synopsys unveiled powerful additions to its AI-enhanced Electronic Design Automation (EDA) tools suite, with new solutions for functional verification and silicon testing...", "link": "https://www.forbes.com/sites/marcochiappetta/2023/03/29/synopsys-expands-it-ai-powered-eda-chip-design-tool-suite-to-overcome-systemic-complexity/", "date_published": "2023-03-29 13:09:03+00:00", "persistent": false, "user": null, "language": "en-US"}, {"source": "https://www.forbes.com/innovation/feed2", "title": "Data Privacy Education Is Still Lacking\u2014Here's How To Fix It", "description": "The problem is that education on data privacy for both consumers and companies is low, so many people understand the issue exists but do not know what to do about it.", "link": "https://www.forbes.com/sites/forbestechcouncil/2023/03/29/data-privacy-education-is-still-lacking-heres-how-to-fix-it/", "date_published": "2023-03-29 13:00:00+00:00", "persistent": false, "user": null, "language": "en-US"}, {"source": "https://www.forbes.com/innovation/feed2", "title": "Digital Nomading: The Secret To Eliminating The Distractions Of Travel", "description": "When you're traveling around the world, meeting new people, absorbing new experiences, it's really tough to stay focused on your job and not get distracted by the euphoria of travel.", "link": "https://www.forbes.com/sites/forbestechcouncil/2023/03/29/digital-nomading-the-secret-to-eliminating-the-distractions-of-travel/", "date_published": "2023-03-29 12:45:00+00:00", "persistent": false, "user": null, "language": "en-US"}, {"source": "https://www.forbes.com/innovation/feed2", "title": "Cloud ERP: A Scaleup\u2019s Foundation For Rapid Growth, Scale, And Exit", "description": "It takes more than great products and founders to achieve growth ambitions at scale. The right tech stack is essential to help scale your operations to initial public offering (IPO) and beyond.", "link": "https://www.forbes.com/sites/sap/2023/03/29/cloud-erp-a-scaleups-foundation-for-rapid-growth-scale-and-exit/", "date_published": "2023-03-29 12:32:26+00:00", "persistent": false, "user": null, "language": "en-US"}, {"source": "https://www.forbes.com/innovation/feed2", "title": "Tech-Focused Summer Programs For High School Students", "description": "What are the tech-focused summer programs for high school students? Answer by Kristen Moon, Founder & CEO at Moon Prep.", "link": "https://www.forbes.com/sites/quora/2023/03/29/tech-focused-summer-programs-for-high-school-students/", "date_published": "2023-03-29 12:30:00+00:00", "persistent": false, "user": null, "language": "en-US"}, {"source": "https://www.forbes.com/innovation/feed2", "title": "Two Cybersecurity Concerns When Using ChatGPT For Software Development", "description": "It is crucial to be mindful of disclosing PII or other sensitive business information to ChatGPT.", "link": "https://www.forbes.com/sites/forbestechcouncil/2023/03/29/two-cybersecurity-concerns-when-using-chatgpt-for-software-development/", "date_published": "2023-03-29 12:30:00+00:00", "persistent": false, "user": null, "language": "en-US"}, {"source": "https://www.forbes.com/innovation/feed2", "title": "Giant Cosmic Explosion May Be Biggest Since Human Civilization Began, Say Scientists", "description": "The source was a 1-In-10,000-year gamma-ray burst, the most powerful class of explosions in the universe, which has been dubbed the \"Brightest of All Time\" (BOAT).", "link": "https://www.forbes.com/sites/jamiecartereurope/2023/03/29/giant-cosmic-explosion-may-be-biggest-since-human-civilization-began-say-scientists/", "date_published": "2023-03-29 12:17:36+00:00", "persistent": false, "user": null, "language": "en-US"}, {"source": "https://www.forbes.com/innovation/feed2", "title": "16 New And Potential IoT Developments Tech Leaders Are Excited About", "description": "The IoT is poised to broadly expand into applications that could revolutionize the ways we live and work.", "link": "https://www.forbes.com/sites/forbestechcouncil/2023/03/29/16-new-and-potential-iot-developments-tech-leaders-are-excited-about/", "date_published": "2023-03-29 12:15:00+00:00", "persistent": false, "user": null, "language": "en-US"}, {"source": "https://www.forbes.com/innovation/feed2", "title": "The Industrial Digital Twin Metaverse Of Today And Its Path To The Future", "description": "While the immersive, life-like metaverse is perhaps the most commonly known, it is only one of three types of metaverses, each with its own maturity and development path.", "link": "https://www.forbes.com/sites/forbestechcouncil/2023/03/29/the-industrial-digital-twin-metaverse-of-today-and-its-path-to-the-future/", "date_published": "2023-03-29 12:15:00+00:00", "persistent": false, "user": null, "language": "en-US"}, {"source": "https://www.forbes.com/innovation/feed2", "title": "\u2018Succession\u2019 Season 4 Premiere Breaks Ratings Record On HBO", "description": "The sordid tale of big business and family drama won plenty of awards for its third season last year. The fourth and final season is now racking up the biggest ratings of the show's run so far, giving HBO yet another hit in 2023.", "link": "https://www.forbes.com/sites/erikkain/2023/03/29/succession-season-4-premiere-breaks-ratings-record-on-hbo/", "date_published": "2023-03-29 12:00:53+00:00", "persistent": false, "user": null, "language": "en-US"}, {"source": "https://www.forbes.com/innovation/feed2", "title": "Here\u2019s Which Electric Cars Are Cheaper To Own Than Their Gas-Powered Alternatives", "description": "Most EVs are still costly, but smart shoppers can choose models that can pay off over time with lower ownership costs in addition to being more environmentally benign.", "link": "https://www.forbes.com/sites/jimgorzelany/2023/03/29/heres-which-electric-cars-are-cheaper-to-own-than-their-gas-powered-alternatives/", "date_published": "2023-03-29 12:00:00+00:00", "persistent": false, "user": null, "language": "en-US"}, {"source": "https://www.forbes.com/innovation/feed2", "title": "How Retailers Can Maximize Their Data And Personalize Promotions", "description": "For retailers, data visibility can support marketing, inventory management, pricing models and supplier relations.", "link": "https://www.forbes.com/sites/forbestechcouncil/2023/03/29/how-retailers-can-maximize-their-data-and-personalize-promotions/", "date_published": "2023-03-29 12:00:00+00:00", "persistent": false, "user": null, "language": "en-US"}, {"source": "https://www.forbes.com/innovation/feed2", "title": "How To Shorten The Sales Cycle In A Down Economy", "description": "During times of economic uncertainty, consumers are more likely to be cost-conscious and risk-averse when comparing brands and making purchases.", "link": "https://www.forbes.com/sites/forbestechcouncil/2023/03/29/how-to-shorten-the-sales-cycle-in-a-down-economy/", "date_published": "2023-03-29 11:45:00+00:00", "persistent": false, "user": null, "language": "en-US"}, {"source": "https://www.forbes.com/innovation/feed2", "title": "Tech Experts - And Elon Musk - Call For A 'Pause' In AI Training", "description": "A group of AI experts and tech executives including Elon Musk have signed an open letter calling for a pause in the development of AI systems.", "link": "https://www.forbes.com/sites/emmawoollacott/2023/03/29/tech-expertsand-elon-muskcall-for-a-pause-in-ai-training/", "date_published": "2023-03-29 11:41:48+00:00", "persistent": false, "user": null, "language": "en-US"}, {"source": "https://www.forbes.com/innovation/feed2", "title": "Fighting The Friction That Foils E-Commerce Revenues, Profit And Loyalty", "description": "So, how do you find and fight friction? Here\u2019s your checklist of what to make easy, with some observations and advice to get you started in the fight against friction.", "link": "https://www.forbes.com/sites/forbestechcouncil/2023/03/29/fighting-the-friction-that-foils-e-commerce-revenues-profit-and-loyalty/", "date_published": "2023-03-29 11:30:00+00:00", "persistent": false, "user": null, "language": "en-US"}, {"source": "https://www.forbes.com/innovation/feed2", "title": "Why To Invest In Your Brand During Times Of Economic Uncertainty", "description": "While some cuts may be prudent and necessary, the value of keeping a strong marketing investment has been demonstrated time and time again.", "link": "https://www.forbes.com/sites/forbestechcouncil/2023/03/29/why-to-invest-in-your-brand-during-times-of-economic-uncertainty/", "date_published": "2023-03-29 11:15:00+00:00", "persistent": false, "user": null, "language": "en-US"}, {"source": "https://www.forbes.com/innovation/feed2", "title": "Spera Launches Identity Security Posture Management Platform", "description": "Spera, a Israeli security startup, is announcing a new cloud-based identity security posture management platform", "link": "https://www.forbes.com/sites/waynerash/2023/03/29/spera-launches-identity-security-posture-management-platform/", "date_published": "2023-03-29 11:00:02+00:00", "persistent": false, "user": null, "language": "en-US"}, {"source": "https://www.forbes.com/innovation/feed2", "title": "The Software Developer Is Dead: Long Live The Software Developer", "description": "At its core, software development isn\u2019t solely about writing lines of code\u2014it\u2019s about solving problems, and as technology use cases continue to expand as more business opportunities emerge, software developers will be needed more than ever to build the solutions.", "link": "https://www.forbes.com/sites/forbestechcouncil/2023/03/29/the-software-developer-is-dead-long-live-the-software-developer/", "date_published": "2023-03-29 11:00:00+00:00", "persistent": false, "user": null, "language": "en-US"}, {"source": "https://www.forbes.com/innovation/feed2", "title": "Marketing In 2023: Belt-Tightening, Personalization And Fickle Customers", "description": "Today\u2019s marketers face a number of evolving challenges, with a growing number of channels in which to engage customers counterbalanced by budgetary belt-tightening.", "link": "https://www.forbes.com/sites/forbestechcouncil/2023/03/29/marketing-in-2023-belt-tightening-personalization-and-fickle-customers/", "date_published": "2023-03-29 10:45:00+00:00", "persistent": false, "user": null, "language": "en-US"}, {"source": "https://www.forbes.com/innovation/feed2", "title": "The New Reality Of \u2018Rolling Layoffs,\u2019 AI\u2019s Impact On Jobs And The Worst Email Sign-Offs", "description": "The published version of this week\u2019s Forbes Careers newsletter brings the latest news, commentary and ideas about the workplace, leadership and the future of work straight to your inbox every Wednesday.", "link": "https://www.forbes.com/sites/jenamcgregor/2023/03/29/the-new-reality-of-rolling-layoffs-ais-impact-on-jobs-and-the-worst-email-sign-offs/", "date_published": "2023-03-29 10:31:31+00:00", "persistent": false, "user": null, "language": "en-US"}, {"source": "https://www.forbes.com/innovation/feed2", "title": "Sam Bankman-Fried\u2019s Legal Defense Is Being Funded With Alameda Money He Gifted His Father", "description": "While still CEO of now-collapsed FTX, Bankman-Fried transferred millions of dollars to his father. Some of those funds have since been used to pay for his mounting legal fees, according to two sources close to the company.", "link": "https://www.forbes.com/sites/sarahemerson/2023/03/29/sam-bankman-fried-legal-fees-funded-by-alameda-money-gifted-to-father-joe-bankman/", "date_published": "2023-03-29 10:30:00+00:00", "persistent": false, "user": null, "language": "en-US"}, {"source": "https://www.forbes.com/innovation/feed2", "title": "The Golden Age Of Video Games Rests On CX", "description": "Developing greater user experience is paramount to ensuring the video game industry's growth.", "link": "https://www.forbes.com/sites/forbestechcouncil/2023/03/29/the-golden-age-of-video-games-rests-on-cx/", "date_published": "2023-03-29 10:30:00+00:00", "persistent": false, "user": null, "language": "en-US"}, {"source": "https://www.forbes.com/innovation/feed2", "title": "How Gutenberg Phase 3 Can Revolutionize The WordPress Editorial Workflow", "description": "The most important value that WordPress content teams can look forward to with Gutenberg Phase 3 is seamless collaboration during the editorial process.", "link": "https://www.forbes.com/sites/forbestechcouncil/2023/03/29/how-gutenberg-phase-3-can-revolutionize-the-wordpress-editorial-workflow/", "date_published": "2023-03-29 10:15:00+00:00", "persistent": false, "user": null, "language": "en-US"}, {"source": "https://www.forbes.com/innovation/feed2", "title": "How To Build And Execute A Successful Data Strategy", "description": "I strongly believe that a solid data strategy is essential for any business looking to thrive in today's data-driven world.", "link": "https://www.forbes.com/sites/forbestechcouncil/2023/03/29/how-to-build-and-execute-a-successful-data-strategy/", "date_published": "2023-03-29 10:00:00+00:00", "persistent": false, "user": null, "language": "en-US"}, {"source": "https://www.forbes.com/innovation/feed2", "title": "UK Tightens Regulation Of Netflix, Disney+, And Amazon Prime Video", "description": "The UK government is planning tighter regulation of streaming platforms such as Netflix, Disney+ and Amazon Prime Video with its new draft Media Bill.", "link": "https://www.forbes.com/sites/emmawoollacott/2023/03/29/uk-tightens-regulation-of-netflix-disney-and-amazon-prime-video/", "date_published": "2023-03-29 09:52:01+00:00", "persistent": false, "user": null, "language": "en-US"}, {"source": "https://www.forbes.com/innovation/feed2", "title": "Spotify Bursts Boring Playlists With Niche Mixes", "description": "Niche Mixes bring more variety to Spotify's auto-generated playlists. Anyone up for a Hype Running Rap playlist?", "link": "https://www.forbes.com/sites/barrycollins/2023/03/29/spotify-bursts-boring-playlists-with-niche-mixes/", "date_published": "2023-03-29 08:54:02+00:00", "persistent": false, "user": null, "language": "en-US"}, {"source": "https://www.forbes.com/innovation/feed2", "title": "Can Cellulose Film Make Food Packaging Sustainable Again?", "description": "The VTT Technical Research Centre of Finland has announced it has invested \u20ac1.5 million into a pilot facility, which is ready to scale up the production methods for alternatives for plastic films.", "link": "https://www.forbes.com/sites/jamiehailstone/2023/03/29/can-cellulose-film-make-food-packaging-sustainable-again/", "date_published": "2023-03-29 07:45:21+00:00", "persistent": false, "user": null, "language": "en-US"}, {"source": "https://www.forbes.com/innovation/feed2", "title": "The Top 5 Manufacturing Trends In 2023", "description": "The manufacturing industry is constantly evolving, and Industry 4.0 is driving transformation at a rapid pace. In this article, we explore the top five manufacturing and Industry 4.0 trends to watch in 2023.", "link": "https://www.forbes.com/sites/bernardmarr/2023/03/29/the-top-5-manufacturing-trends-in-2023/", "date_published": "2023-03-29 06:50:42+00:00", "persistent": false, "user": null, "language": "en-US"}, {"source": "https://www.forbes.com/innovation/feed2", "title": "\u2018Tetris\u2019 Movie Review: At Last, It\u2019s All Falling Into Place", "description": "The legal battle surrounding 'Tetris' is something of a games industry legend. So it was inevitable that the story would receive the movie treatment at some point. However, unlike other recent Hollywood movies about video games, this one has its heart in the right place.", "link": "https://www.forbes.com/sites/olliebarder/2023/03/29/tetris-movie-review-at-last-its-all-falling-into-place/", "date_published": "2023-03-29 06:49:05+00:00", "persistent": false, "user": null, "language": "en-US"}, {"source": "https://www.forbes.com/innovation/feed2", "title": "Dead Island 2 Release Date, Pre-Order Info and Early Buzz", "description": "Dead Island 2 is the follow-up to the original which released 12 years ago in 2011 for PlayStation 3, Xbox 360 and PC. It\u2019s taken more than decade for the sequel, but one of the most highly anticipated games of its genre is on the way.", "link": "https://www.forbes.com/sites/brianmazique/2023/03/29/dead-island-2-release-date-pre-order-info-and-early-buzz/", "date_published": "2023-03-29 06:47:11+00:00", "persistent": false, "user": null, "language": "en-US"}, {"source": "https://www.forbes.com/innovation/feed2", "title": "Why Paris\u2019 Potential E-scooter Ban Could Deal Blow To Wheelchair Users", "description": "Last summer, Dott a leading provider of free-floating e-scooter rentals across Europe joined a pilot scheme to make the devices accessible to riders of all abilities by fixing them to wheelchairs and creating brand new mobility options for a group traditionally excluded from public transportation.", "link": "https://www.forbes.com/sites/gusalexiou/2023/03/29/why-paris-potential-e-scooter-ban-could-deal-blow-to-wheelchair-users/", "date_published": "2023-03-29 06:00:23+00:00", "persistent": false, "user": null, "language": "en-US"}, {"source": "https://www.forbes.com/innovation/feed2", "title": "MTG: March Of The Machine Expansion Previews New Cards And Mechanics", "description": "March of the Machine is the 96th Magic: The Gathering expansion, and introduces some new mechanics, commanders, and legendary creatures.", "link": "https://www.forbes.com/sites/curtissilver/2023/03/29/mtg-march-of-the-machine-expansion-previews-new-cards-and-mechanics/", "date_published": "2023-03-29 05:15:00+00:00", "persistent": false, "user": null, "language": "en-US"}, {"source": "https://www.forbes.com/innovation/feed2", "title": "Amazon\u2019s Accelerator Is Working With 23 Startups To Help Address Healthcare Burnout", "description": "These startups will attempt to tackle some of healthcare's toughest issues.", "link": "https://www.forbes.com/sites/saibala/2023/03/28/amazons-accelerator-is-working-with-23-startups-to-help-address-healthcare-burnout/", "date_published": "2023-03-29 03:23:07+00:00", "persistent": false, "user": null, "language": "en-US"}, {"source": "https://www.forbes.com/innovation/feed2", "title": "Today\u2019s Wordle #648 Hints, Clues And Answer For Wednesday, March 29th", "description": "How to solve today's Wordle with hints, clues and tips as well as today's word.", "link": "https://www.forbes.com/sites/erikkain/2023/03/28/todays-wordle-648-hints-clues-and-answer-for-wednesday-march-29th/", "date_published": "2023-03-29 02:30:00+00:00", "persistent": false, "user": null, "language": "en-US"}, {"source": "https://www.forbes.com/innovation/feed2", "title": "Is Affective Computing A Bridge Too Far? It\u2019s Not Like We Always Know What We\u2019re Emoting. Right?", "description": "The aspirational power of artificial intelligence and machine learning is objectivity \u2013 and now, increasingly, explainability. The last thing we need are applications that mimic human emotions or try to interpret what their human partners are feeling to react in some pre-programmed ways. Or is it?", "link": "https://www.forbes.com/sites/steveandriole/2023/03/28/is-affective-computing-a-bridge-too-far-its-not-like-we-always-know-what-were-emoting-right/", "date_published": "2023-03-29 01:25:00+00:00", "persistent": false, "user": null, "language": "en-US"}, {"source": "https://www.forbes.com/innovation/feed2", "title": "Today\u2019s \u2018Heardle\u2019 Answer And Clues For Wednesday, March 29", "description": "Clues and the answer for today\u2019s Heardle song are just ahead.", "link": "https://www.forbes.com/sites/krisholt/2023/03/28/todays-heardle-answer-and-clues-for-wednesday-march-29/", "date_published": "2023-03-29 00:15:21+00:00", "persistent": false, "user": null, "language": "en-US"}, {"source": "https://www.forbes.com/innovation/feed2", "title": "Today\u2019s \u2018Quordle\u2019 Answers And Clues For Wednesday, March 29", "description": "Hints and the solution for today\u2019s Quordle are just ahead.", "link": "https://www.forbes.com/sites/krisholt/2023/03/28/todays-quordle-answers-and-clues-for-wednesday-march-29/", "date_published": "2023-03-29 00:00:12+00:00", "persistent": false, "user": null, "language": "en-US"}, {"source": "https://www.forbes.com/innovation/feed2", "title": "\u2018Einstein Ring\u2019 Light-Bending Reveals One Of The Biggest Black Holes Ever Found", "description": "An ultra-massive black hole has been uncovered using gravitational light bending, something theorized by Albert Einstein in his General Theory of Relativity.", "link": "https://www.forbes.com/sites/jamiecartereurope/2023/03/28/einstein-ring-light-bending-reveals-one-of-the-biggest-black-holes-ever-found/", "date_published": "2023-03-29 00:00:00+00:00", "persistent": false, "user": null, "language": "en-US"}]