[{"source": "https://www.youtube.com/feeds/videos.xml?channel_id=UC7YOGHUfC1Tb6E4pudI9STA", "title": "How Hacker PomPomPurin Got Caught (Bad OPSEC)", "description": "In this video I discuss the OPSEC mistakes PomPomPurin made during his blackhat hacking career that led to him getting caught by the FBI. \n\n\u20bf\ud83d\udcb0\ud83d\udcb5\ud83d\udcb2Help Support the Channel by Donating Crypto\ud83d\udcb2\ud83d\udcb5\ud83d\udcb0\u20bf\n\nMonero\n45F2bNHVcRzXVBsvZ5giyvKGAgm6LFhMsjUUVPTEtdgJJ5SNyxzSNUmFSBR5qCCWLpjiUjYMkmZoX9b3cChNjvxR7kvh436\n\nBitcoin\n3MMKHXPQrGHEsmdHaAGD59FWhKFGeUsAxV\n\nEthereum\n0xeA4DA3F9BAb091Eb86921CA6E41712438f4E5079\n\nLitecoin\nMBfrxLJMuw26hbVi2MjCVDFkkExz8rYvUF\n\nDash\nXh9PXPEy5RoLJgFDGYCDjrbXdjshMaYerz\n\nZcash\nt1aWtU5SBpxuUWBSwDKy4gTkT2T1ZwtFvrr\n\nChainlink\n0x0f7f21D267d2C9dbae17fd8c20012eFEA3678F14\n\nBitcoin Cash\nqz2st00dtu9e79zrq5wshsgaxsjw299n7c69th8ryp\n\nEtherum Classic\n0xeA641e59913960f578ad39A6B4d02051A5556BfC\n\nUSD Coin\n0x0B045f743A693b225630862a3464B52fefE79FdB\n\nSubscribe to my YouTube channel http://goo.gl/9U10Wz\nand be sure to click that notification bell so you know when new videos are released.", "link": "https://www.youtube.com/watch?v=1fZWHeHICws", "date_published": "2023-03-29 00:59:23+00:00", "persistent": false, "user": null, "language": "en-US"}]