[{"source": "https://www.scmp.com/rss/4/feed", "title": "Communist Party diplomat Liu Jianchao steps up role in China\u2019s foreign policy drive", "description": "Liu\u2019s 18 months as head of the international department marked by overseas visits and a willingness to weigh in on global affairs.", "link": "https://www.scmp.com/news/china/diplomacy/article/3245602/communist-party-diplomat-liu-jianchao-steps-role-chinas-foreign-policy-drive?utm_source=rss_feed", "date_published": "2023-12-31T22:00:09+00:00", "permanent": false, "bookmarked": false, "dead": false, "artist": "China - South China Morning Post", "album": "China - South China Morning Post", "user": null, "language": "en", "thumbnail": "https://cdn.i-scmp.com/sites/default/files/styles/1280x720/public/d8/video/thumbnail/2023/07/26/clean-thumb_5.jpg?itok=KmQs3-kK", "age": null, "page_rating_contents": 0, "page_rating_votes": 0, "page_rating_visits": 0, "page_rating": 0, "tags": [], "comments": [], "vote": 0}, {"source": "https://www.scmp.com/rss/4/feed", "title": "Best of 2023: Chinese investors scrambling to sell overseas properties tops most-read China economy stories", "description": "A story looking at Chinese investors scrambling to sell overseas properties amid shaky economic conditions took centre stage at the top of a list of our economy stories in 2023.", "link": "https://www.scmp.com/economy/china-economy/article/3246648/best-2023-chinese-investors-scrambling-sell-overseas-properties-tops-most-read-china-economy-stories?utm_source=rss_feed", "date_published": "2023-12-31T16:00:09+00:00", "permanent": false, "bookmarked": false, "dead": false, "artist": "China - South China Morning Post", "album": "China - South China Morning Post", "user": null, "language": "en", "thumbnail": "https://cdn.i-scmp.com/sites/default/files/styles/1280x720/public/d8/video/thumbnail/2023/10/20/EXPLAIN_Thu_Clean.jpg?itok=e7jUJhGG", "age": null, "page_rating_contents": 0, "page_rating_votes": 0, "page_rating_visits": 0, "page_rating": 0, "tags": [], "comments": [], "vote": 0}, {"source": "https://www.scmp.com/rss/4/feed", "title": "Chinese President Xi Jinping pledges reform in future-focused New Year\u2019s address", "description": "Xi offers upbeat assessment of the economy\u2019s resilience, pointing to advances in various industrial projects.", "link": "https://www.scmp.com/news/china/politics/article/3246822/chinese-president-xi-jinping-pledges-reform-future-focused-new-years-address?utm_source=rss_feed", "date_published": "2023-12-31T14:00:27+00:00", "permanent": false, "bookmarked": false, "dead": false, "artist": "China - South China Morning Post", "album": "China - South China Morning Post", "user": null, "language": "en", "thumbnail": "https://cdn.i-scmp.com/sites/default/files/styles/1280x720/public/d8/video/thumbnail/2023/10/20/EXPLAIN_Thu_Clean.jpg?itok=e7jUJhGG", "age": null, "page_rating_contents": 0, "page_rating_votes": 0, "page_rating_visits": 0, "page_rating": 0, "tags": [], "comments": [], "vote": 0}, {"source": "https://www.scmp.com/rss/4/feed", "title": "Is China reaching the limits of its air pollution control efforts?", "description": "The country has made big gains in air quality but weather conditions remain a factor in fluctuations, expert says.", "link": "https://www.scmp.com/news/china/science/article/3246697/china-reaching-limits-its-air-pollution-control-efforts?utm_source=rss_feed", "date_published": "2023-12-31T12:00:10+00:00", "permanent": false, "bookmarked": false, "dead": false, "artist": "China - South China Morning Post", "album": "China - South China Morning Post", "user": null, "language": "en", "thumbnail": "https://cdn.i-scmp.com/sites/default/files/styles/1280x720/public/d8/video/thumbnail/2022/01/25/clean_thumbnail_1.jpg?itok=1XAqroGU", "age": null, "page_rating_contents": 0, "page_rating_votes": 0, "page_rating_visits": 0, "page_rating": 0, "tags": [], "comments": [], "vote": 0}, {"source": "https://www.scmp.com/rss/4/feed", "title": "Chinese fintech giant Ant Group gets approval for no-controller status, ending Jack Ma\u2019s reign before seeking IPO", "description": "The People\u2019s Bank of China announced on Saturday that Alipay.com Co has no controller, paving the way for owner Ant Group\u2019s IPO.", "link": "https://www.scmp.com/tech/big-tech/article/3246806/chinese-fintech-giant-ant-group-gets-approval-no-controller-status-ending-jack-mas-reign-seeking-ipo?utm_source=rss_feed", "date_published": "2023-12-31T10:33:37+00:00", "permanent": false, "bookmarked": false, "dead": false, "artist": "China - South China Morning Post", "album": "China - South China Morning Post", "user": null, "language": "en", "thumbnail": "https://cdn.i-scmp.com/sites/default/files/styles/1280x720/public/d8/video/thumbnail/2023/06/20/Clean.jpg?itok=1I5tVIlX", "age": null, "page_rating_contents": 0, "page_rating_votes": 0, "page_rating_visits": 0, "page_rating": 0, "tags": [], "comments": [], "vote": 0}, {"source": "https://www.scmp.com/rss/4/feed", "title": "China to simplify visa applications for US tourists as both countries seek to improve relations", "description": "Visitors will no longer have to prove they have a return air ticket and hotel reservation following a previously announced cut in visa fees.", "link": "https://www.scmp.com/news/china/diplomacy/article/3246810/china-simplify-visa-applications-us-tourists-both-countries-seek-improve-relations?utm_source=rss_feed", "date_published": "2023-12-31T10:28:50+00:00", "permanent": false, "bookmarked": false, "dead": false, "artist": "China - South China Morning Post", "album": "China - South China Morning Post", "user": null, "language": "en", "thumbnail": "https://cdn.i-scmp.com/sites/default/files/styles/1280x720/public/d8/video/thumbnail/2023/11/27/thumb-clean_0.jpg?itok=Ac2EImjE", "age": null, "page_rating_contents": 0, "page_rating_votes": 0, "page_rating_visits": 0, "page_rating": 0, "tags": [], "comments": [], "vote": 0}, {"source": "https://www.scmp.com/rss/4/feed", "title": "Uganda to start building oil pipeline with pipes from China, as opposition mounts", "description": "First 100km of line pipes for the massive cross-border EACOP project have arrived in the port of Dar es Salaam in Tanzania. Environmental and rights groups say pristine ecosystems, biodiversity hotspots, water resources and community land are under threat.", "link": "https://www.scmp.com/news/china/diplomacy/article/3246803/uganda-start-building-oil-pipeline-pipes-china-opposition-mounts?utm_source=rss_feed", "date_published": "2023-12-31T08:01:15+00:00", "permanent": false, "bookmarked": false, "dead": false, "artist": "China - South China Morning Post", "album": "China - South China Morning Post", "user": null, "language": "en", "thumbnail": "https://assets.i-scmp.com/static/img/icons/scmp-meta-1200x630.png", "age": null, "page_rating_contents": 0, "page_rating_votes": 0, "page_rating_visits": 0, "page_rating": 0, "tags": [], "comments": [], "vote": 0}, {"source": "https://www.scmp.com/rss/4/feed", "title": "Time is running out for mother desperate to hug Chinese-Israeli hostage in Gaza", "description": "Liora Argamani is battling terminal illness as she pleads with international leaders and China\u2019s online community for support.", "link": "https://www.scmp.com/news/china/diplomacy/article/3246643/time-running-out-mother-desperate-hug-chinese-israeli-hostage-gaza?utm_source=rss_feed", "date_published": "2023-12-31T06:00:15+00:00", "permanent": false, "bookmarked": false, "dead": false, "artist": "China - South China Morning Post", "album": "China - South China Morning Post", "user": null, "language": "en", "thumbnail": "https://cdn.i-scmp.com/sites/default/files/styles/1280x720/public/d8/video/thumbnail/2023/10/10/Thumbnail-CLEAN.jpg?itok=ZQ1hrmsj", "age": null, "page_rating_contents": 0, "page_rating_votes": 0, "page_rating_visits": 0, "page_rating": 0, "tags": [], "comments": [], "vote": 0}, {"source": "https://www.scmp.com/rss/4/feed", "title": "China\u2019s manufacturing PMI falls for third month in a row highlighting 2024 challenges for world\u2019s second-biggest economy", "description": "The factory activity gauge fell from 49.4 in November to 49 in December, a worse performance than forecasters had predicted.", "link": "https://www.scmp.com/economy/economic-indicators/article/3246790/chinas-manufacturing-pmi-falls-third-month-row-highlighting-challenges-worlds-second-biggest-economy?utm_source=rss_feed", "date_published": "2023-12-31T03:59:35+00:00", "permanent": false, "bookmarked": false, "dead": false, "artist": "China - South China Morning Post", "album": "China - South China Morning Post", "user": null, "language": "en", "thumbnail": "https://assets.i-scmp.com/static/img/icons/scmp-meta-1200x630.png", "age": null, "page_rating_contents": 0, "page_rating_votes": 0, "page_rating_visits": 0, "page_rating": 0, "tags": [], "comments": [], "vote": 0}, {"source": "https://www.scmp.com/rss/4/feed", "title": "Taiwan\u2019s mysterious extended-range missile poses limited threat to Chinese mainland, military magazine says", "description": "The Hsiung Sheng cruise missile is a key retaliatory component in Taiwan\u2019s arsenal, intended to reach deep into the mainland.", "link": "https://www.scmp.com/news/china/military/article/3246642/taiwans-mysterious-extended-range-missile-poses-limited-threat-chinese-mainland-military-article?utm_source=rss_feed", "date_published": "2023-12-31T02:00:26+00:00", "permanent": false, "bookmarked": false, "dead": false, "artist": "China - South China Morning Post", "album": "China - South China Morning Post", "user": null, "language": "en", "thumbnail": "https://cdn.i-scmp.com/sites/default/files/styles/1280x720/public/d8/video/thumbnail/2023/09/18/CLEAN-THUMB.jpg?itok=h9hKOS-e", "age": null, "page_rating_contents": 0, "page_rating_votes": 0, "page_rating_visits": 0, "page_rating": 0, "tags": [], "comments": [], "vote": 0}, {"source": "https://www.scmp.com/rss/4/feed", "title": "China property: ordinary buyers eye foreclosed homes at heavy discounts as investors retreat from market", "description": "A growing number of ordinary homebuyers looking to occupy their house rather than invest are looking at properties that have been repossessed by banks as a supply surge brings prices even lower.", "link": "https://www.scmp.com/business/china-business/article/3246531/china-property-ordinary-buyers-eye-foreclosed-homes-heavy-discounts-investors-retreat-market?utm_source=rss_feed", "date_published": "2023-12-31T02:00:22+00:00", "permanent": false, "bookmarked": false, "dead": false, "artist": "China - South China Morning Post", "album": "China - South China Morning Post", "user": null, "language": "en", "thumbnail": "https://cdn.i-scmp.com/sites/default/files/styles/1280x720/public/d8/video/thumbnail/2023/09/18/clean-thumb_0.jpg?itok=426qirjv", "age": null, "page_rating_contents": 0, "page_rating_votes": 0, "page_rating_visits": 0, "page_rating": 0, "tags": [], "comments": [], "vote": 0}, {"source": "https://www.scmp.com/rss/4/feed", "title": "China-India trade tensions may continue in 2024, but Beijing doesn\u2019t want to rock the boat", "description": "India has expanded its trade inquiries into Chinese products and raised concerns about the ballooning deficit with its neighbour, but analysts say a full-blown trade war is unlikely.", "link": "https://www.scmp.com/economy/global-economy/article/3246682/china-india-trade-tensions-may-continue-2024-beijing-doesnt-want-rock-boat?utm_source=rss_feed", "date_published": "2023-12-31T00:00:11+00:00", "permanent": false, "bookmarked": false, "dead": false, "artist": "China - South China Morning Post", "album": "China - South China Morning Post", "user": null, "language": "en", "thumbnail": "https://cdn.i-scmp.com/sites/default/files/styles/1280x720/public/d8/video/thumbnail/2023/08/23/clean-thumb_0.jpg?itok=c8q2WBd0", "age": null, "page_rating_contents": 0, "page_rating_votes": 0, "page_rating_visits": 0, "page_rating": 0, "tags": [], "comments": [], "vote": 0}]