[{"source": "http://feeds.abcnews.com/abcnews/topstories", "title": "10-year-old in California charged with alleged murder of another 10-year-old: Police", "description": "The Sacramento County Sheriff's Office has arrested a 10-year-old on a murder charge after allegedly shooting another 10-year-old who later died on Saturday.", "link": "https://abcnews.go.com/US/10-year-california-charged-alleged-murder-10-year/story?id=106023957", "date_published": "2023-12-31T23:27:40+00:00", "permanent": false, "bookmarked": false, "dead": false, "artist": "ABC News", "album": "ABC News", "user": null, "language": "en-US", "thumbnail": "https://s.abcnews.com/images/US/police-lights-rf-gty-200410_hpMain_4x3t_384.jpg", "age": null, "page_rating_contents": 0, "page_rating_votes": 0, "page_rating_visits": 0, "page_rating": 0, "tags": [], "comments": [], "vote": 0}, {"source": "http://feeds.abcnews.com/abcnews/topstories", "title": "WATCH:  Nairobi celebrates the start of 2024", "description": "Kenya's capital Nairobi celebrates bringing in the new year with a fireworks display.", "link": "https://abcnews.go.com/International/video/nairobi-celebrates-start-2024-106023158", "date_published": "2023-12-31T21:31:02+00:00", "permanent": false, "bookmarked": false, "dead": false, "artist": "ABC News", "album": "ABC News", "user": null, "language": "en-US", "thumbnail": "https://s.abcnews.com/images/International/231231_abcnl_kenya_nye_hpMain_4x3_384.jpg", "age": null, "page_rating_contents": 0, "page_rating_votes": 0, "page_rating_visits": 0, "page_rating": 0, "tags": [], "comments": [], "vote": 0}, {"source": "http://feeds.abcnews.com/abcnews/topstories", "title": "Reports: Former cycling world champ Dennis charged after Olympian wife struck, killed by vehicle", "description": "Olympic cyclist Melissa Hoskins was biking when she was fatally struck.", "link": "https://abcnews.go.com/Sports/wireStory/reports-former-cycling-world-champ-dennis-charged-after-106021917", "date_published": "2023-12-31T20:54:02+00:00", "permanent": false, "bookmarked": false, "dead": false, "artist": "ABC News", "album": "ABC News", "user": null, "language": "en-US", "thumbnail": "https://s.abcnews.com/images/US/abc_news_default_2000x2000_update_4x3t_384.jpg", "age": null, "page_rating_contents": 0, "page_rating_votes": 0, "page_rating_visits": 0, "page_rating": 0, "tags": [], "comments": [], "vote": 0}, {"source": "http://feeds.abcnews.com/abcnews/topstories", "title": "WATCH:  Dubai celebrates the start of 2024", "description": "United Arab Emirates celebrates bringing in the new year with fireworks display.", "link": "https://abcnews.go.com/International/video/dubai-celebrates-start-2024-106022619", "date_published": "2023-12-31T20:51:27+00:00", "permanent": false, "bookmarked": false, "dead": false, "artist": "ABC News", "album": "ABC News", "user": null, "language": "en-US", "thumbnail": "https://s.abcnews.com/images/International/231231_abcnl_dubai_nye_hpMain_4x3_384.jpg", "age": null, "page_rating_contents": 0, "page_rating_votes": 0, "page_rating_visits": 0, "page_rating": 0, "tags": [], "comments": [], "vote": 0}, {"source": "http://feeds.abcnews.com/abcnews/topstories", "title": "In rare apology, Israeli minister says she 'sinned' for her role in reforms that tore country apart", "description": "A member of Prime Minister Benjamin Netanyahu&rsquo;s political party has offered one of the party&rsquo;s first public apologies for the internal strife that preceded Hamas&rsquo; Oct. 7 attack", "link": "https://abcnews.go.com/International/wireStory/rare-apology-israeli-minister-sinned-role-reforms-tore-106021842", "date_published": "2023-12-31T20:34:16+00:00", "permanent": false, "bookmarked": false, "dead": false, "artist": "ABC News", "album": "ABC News", "user": null, "language": "en-US", "thumbnail": "https://s.abcnews.com/images/International/wirestory_dc056ee49bcb052a894c1e856f35f9b1_4x3_384.jpg", "age": null, "page_rating_contents": 0, "page_rating_votes": 0, "page_rating_visits": 0, "page_rating": 0, "tags": [], "comments": [], "vote": 0}, {"source": "http://feeds.abcnews.com/abcnews/topstories", "title": "Exclusive: US to bring back aircraft carrier from eastern Mediterranean", "description": "Exclusive: The USS Gerald R. Ford aircraft carrier strike group will leave the eastern Mediterranean Sea in the \"coming days,\" two U.S. officials tell ABC News.", "link": "https://abcnews.go.com/International/exclusive-us-bring-back-gerald-r-ford-aircraft-carrier-eastern-mediterranean/story?id=106021259", "date_published": "2023-12-31T20:18:02+00:00", "permanent": false, "bookmarked": false, "dead": false, "artist": "ABC News", "album": "ABC News", "user": null, "language": "en-US", "thumbnail": "https://s.abcnews.com/images/International/uss-gerald-r-ford-rt-jt-231231_1704047223185_hpMain_4x3t_384.jpg", "age": null, "page_rating_contents": 0, "page_rating_votes": 0, "page_rating_visits": 0, "page_rating": 0, "tags": [], "comments": [], "vote": 0}, {"source": "http://feeds.abcnews.com/abcnews/topstories", "title": "WATCH:  Seal tries to pull off scuba diver's hood", "description": "A scuba diver had an amusing interaction with a pair of seals when one of them tried to yank off his hood while they were off the coast of northern England.", "link": "https://abcnews.go.com/International/video/seal-pull-off-scuba-divers-hood-106022194", "date_published": "2023-12-31T20:15:34+00:00", "permanent": false, "bookmarked": false, "dead": false, "artist": "ABC News", "album": "ABC News", "user": null, "language": "en-US", "thumbnail": "https://s.abcnews.com/images/International/231231_abc_social_scuba_hpMain_4x3_384.jpg", "age": null, "page_rating_contents": 0, "page_rating_votes": 0, "page_rating_visits": 0, "page_rating": 0, "tags": [], "comments": [], "vote": 0}, {"source": "http://feeds.abcnews.com/abcnews/topstories", "title": "Queen of Denmark says in New Year's speech that she will abdicate her throne", "description": "Denmark's Queen Margrethe II said she plans to abdicate her throne more than five decades after succeeding her father King Frederik IX.", "link": "https://abcnews.go.com/International/surprise-move-queen-denmark-new-years-speech-abdicate/story?id=106021035", "date_published": "2023-12-31T20:10:16+00:00", "permanent": false, "bookmarked": false, "dead": false, "artist": "ABC News", "album": "ABC News", "user": null, "language": "en-US", "thumbnail": "https://s.abcnews.com/images/International/queen-margrethe-denmark-abdication-gty-jt-231231_1704045845232_hpMain_4x3t_384.jpg", "age": null, "page_rating_contents": 0, "page_rating_votes": 0, "page_rating_visits": 0, "page_rating": 0, "tags": [], "comments": [], "vote": 0}, {"source": "http://feeds.abcnews.com/abcnews/topstories", "title": "Lithium-ion battery fire in a cargo ship's hold is out after several days of burning", "description": "The lithium-ion battery fire burned for days on a ship off the coast of Alaska.", "link": "https://abcnews.go.com/Business/wireStory/lithium-ion-battery-fire-cargo-ships-hold-after-106021528", "date_published": "2023-12-31T19:34:07+00:00", "permanent": false, "bookmarked": false, "dead": false, "artist": "ABC News", "album": "ABC News", "user": null, "language": "en-US", "thumbnail": "https://s.abcnews.com/images/US/abc_news_default_2000x2000_update_4x3t_384.jpg", "age": null, "page_rating_contents": 0, "page_rating_votes": 0, "page_rating_visits": 0, "page_rating": 0, "tags": [], "comments": [], "vote": 0}, {"source": "http://feeds.abcnews.com/abcnews/topstories", "title": "Denmark\u2019s Queen Margrethe II to step down from throne on Jan. 14", "description": "Denmark&rsquo;s Queen Margrethe II has announced that she plans to leave the throne to make way for her son, Crown Prince Frederik", "link": "https://abcnews.go.com/International/wireStory/denmarks-queen-margrethe-ii-step-throne-jan-14-106020695", "date_published": "2023-12-31T19:34:04+00:00", "permanent": false, "bookmarked": false, "dead": false, "artist": "ABC News", "album": "ABC News", "user": null, "language": "en-US", "thumbnail": "https://s.abcnews.com/images/International/queen-margrethe-denmark-abdication-gty-jt-231231_1704045845232_hpMain_4x3t_384.jpg", "age": null, "page_rating_contents": 0, "page_rating_votes": 0, "page_rating_visits": 0, "page_rating": 0, "tags": [], "comments": [], "vote": 0}, {"source": "http://feeds.abcnews.com/abcnews/topstories", "title": "Shecky Greene, legendary standup comic, improv master and lord of Las Vegas, dies at 97", "description": "The legendary standup comic was lord of the Las Vegas strip for decades.", "link": "https://abcnews.go.com/Entertainment/wireStory/shecky-greene-legendary-standup-comic-improv-master-lord-106021526", "date_published": "2023-12-31T19:25:54+00:00", "permanent": false, "bookmarked": false, "dead": false, "artist": "ABC News", "album": "ABC News", "user": null, "language": "en-US", "thumbnail": "https://s.abcnews.com/images/US/abc_news_default_2000x2000_update_4x3t_384.jpg", "age": null, "page_rating_contents": 0, "page_rating_votes": 0, "page_rating_visits": 0, "page_rating": 0, "tags": [], "comments": [], "vote": 0}, {"source": "http://feeds.abcnews.com/abcnews/topstories", "title": "NASCAR Hall of Famer Cale Yarborough, a 3-time Cup champion in the 1970s, dies at 84", "description": "Yarborough is considered one of NASCAR&rsquo;s all-time greatest drivers.", "link": "https://abcnews.go.com/Sports/wireStory/nascar-hall-famer-cale-yarborough-3-time-cup-106020932", "date_published": "2023-12-31T19:24:46+00:00", "permanent": false, "bookmarked": false, "dead": false, "artist": "ABC News", "album": "ABC News", "user": null, "language": "en-US", "thumbnail": "https://s.abcnews.com/images/Sports/wirestory_8485a71438c01d54843f943b159f2a3e_4x3_384.jpg", "age": null, "page_rating_contents": 0, "page_rating_votes": 0, "page_rating_visits": 0, "page_rating": 0, "tags": [], "comments": [], "vote": 0}, {"source": "http://feeds.abcnews.com/abcnews/topstories", "title": "WATCH:  Celebration in India for New Year's", "description": "A large crowd gathered in Mumbai, India, for New Year's celebrations.", "link": "https://abcnews.go.com/International/video/celebration-india-new-years-106021448", "date_published": "2023-12-31T19:08:04+00:00", "permanent": false, "bookmarked": false, "dead": false, "artist": "ABC News", "album": "ABC News", "user": null, "language": "en-US", "thumbnail": "https://s.abcnews.com/images/International/231231_abcnl_mumbai_nye_hpMain_4x3_384.jpg", "age": null, "page_rating_contents": 0, "page_rating_votes": 0, "page_rating_visits": 0, "page_rating": 0, "tags": [], "comments": [], "vote": 0}, {"source": "http://feeds.abcnews.com/abcnews/topstories", "title": "WATCH:  Sydney, Australia rings in the New Year", "description": "The city of Sydney celebrates 2024.", "link": "https://abcnews.go.com/International/video/sydney-australia-rings-new-year-106019758", "date_published": "2023-12-31T17:16:05+00:00", "permanent": false, "bookmarked": false, "dead": false, "artist": "ABC News", "album": "ABC News", "user": null, "language": "en-US", "thumbnail": "https://s.abcnews.com/images/International/231231_abcnl_sydney_nye_hpMain_4x3_384.jpg", "age": null, "page_rating_contents": 0, "page_rating_votes": 0, "page_rating_visits": 0, "page_rating": 0, "tags": [], "comments": [], "vote": 0}, {"source": "http://feeds.abcnews.com/abcnews/topstories", "title": "WATCH:  New Year's celebration in Seoul, South Korea", "description": "See the countdown ceremony and bell-ringing celebration at Bosingak Pavilion.", "link": "https://abcnews.go.com/International/video/new-years-celebration-seoul-south-korea-106019848", "date_published": "2023-12-31T17:16:01+00:00", "permanent": false, "bookmarked": false, "dead": false, "artist": "ABC News", "album": "ABC News", "user": null, "language": "en-US", "thumbnail": "https://s.abcnews.com/images/International/231231_abcnl_seoul_nye_hpMain_4x3_384.jpg", "age": null, "page_rating_contents": 0, "page_rating_votes": 0, "page_rating_visits": 0, "page_rating": 0, "tags": [], "comments": [], "vote": 0}, {"source": "http://feeds.abcnews.com/abcnews/topstories", "title": "Putin lauds Russian unity in New Year\u2019s address amid Ukraine war", "description": "Russian state news agencies say President Vladimir Putin has praised Russia&rsquo;s &ldquo;united society&rdquo; in his prerecorded New Year&rsquo;s address to the nation", "link": "https://abcnews.go.com/International/wireStory/putin-lauds-russian-unity-new-years-address-ukraine-106019180", "date_published": "2023-12-31T15:52:36+00:00", "permanent": false, "bookmarked": false, "dead": false, "artist": "ABC News", "album": "ABC News", "user": null, "language": "en-US", "thumbnail": "https://s.abcnews.com/images/International/wirestory_5cac50d3297153becd6782e49d6ad96f_4x3_384.jpg", "age": null, "page_rating_contents": 0, "page_rating_votes": 0, "page_rating_visits": 0, "page_rating": 0, "tags": [], "comments": [], "vote": 0}, {"source": "http://feeds.abcnews.com/abcnews/topstories", "title": "Man dies after shark encounter at Maui's Paia Bay: Officials", "description": "A 39-year-old man has died following a shark \"encounter\" at Maui's Paia Bay, officials said.", "link": "https://abcnews.go.com/US/man-dies-shark-encounter-maui-paia-bay/story?id=106017431", "date_published": "2023-12-31T14:41:38+00:00", "permanent": false, "bookmarked": false, "dead": false, "artist": "ABC News", "album": "ABC News", "user": null, "language": "en-US", "thumbnail": "https://s.abcnews.com/images/US/paia-bay-maui-gty-jt-231231_1704032533980_hpMain_4x3t_384.jpg", "age": null, "page_rating_contents": 0, "page_rating_votes": 0, "page_rating_visits": 0, "page_rating": 0, "tags": [], "comments": [], "vote": 0}, {"source": "http://feeds.abcnews.com/abcnews/topstories", "title": "Former Trump White House insiders warn against possible 2nd term", "description": "\"We don't need to speculate,\" one told \"This Week\" co-anchor Jonathan Karl.", "link": "https://abcnews.go.com/Politics/former-trump-white-house-insiders-call-2nd-term/story?id=105998679", "date_published": "2023-12-31T14:12:56+00:00", "permanent": false, "bookmarked": false, "dead": false, "artist": "ABC News", "album": "ABC News", "user": null, "language": "en-US", "thumbnail": "https://s.abcnews.com/images/Politics/hutchinson-matthews-griffin-1-abc-bb-231229_1703865930590_hpMain_4x3t_384.jpg", "age": null, "page_rating_contents": 0, "page_rating_votes": 0, "page_rating_visits": 0, "page_rating": 0, "tags": [], "comments": [], "vote": 0}, {"source": "http://feeds.abcnews.com/abcnews/topstories", "title": "American democracy has overcome big stress tests since the 2020 election", "description": "Over the past three years, the world&rsquo;s oldest democracy has been tested in ways not seen in decades", "link": "https://abcnews.go.com/Politics/wireStory/american-democracy-overcome-big-stress-tests-2020-election-106018036", "date_published": "2023-12-31T13:55:49+00:00", "permanent": false, "bookmarked": false, "dead": false, "artist": "ABC News", "album": "ABC News", "user": null, "language": "en-US", "thumbnail": "https://s.abcnews.com/images/US/wirestory_716360db82a28a023bbee0d99f607a76_4x3_384.jpg", "age": null, "page_rating_contents": 0, "page_rating_votes": 0, "page_rating_visits": 0, "page_rating": 0, "tags": [], "comments": [], "vote": 0}, {"source": "http://feeds.abcnews.com/abcnews/topstories", "title": "US Navy sinks 3 Houthi boats attacking merchant ship in Red Sea, US says", "description": "Service members aboard the Navy helicopters returned fire and sank three of the four small boats, killing the crews, U.S. officials said.", "link": "https://abcnews.go.com/International/us-navy-sinks-3-houthi-boats-attacking-merchant/story?id=106016731", "date_published": "2023-12-31T12:51:35+00:00", "permanent": false, "bookmarked": false, "dead": false, "artist": "ABC News", "album": "ABC News", "user": null, "language": "en-US", "thumbnail": "https://s.abcnews.com/images/International/houthi-1-rt-er-231219_1703023184887_hpMain_4x3t_384.jpg", "age": null, "page_rating_contents": 0, "page_rating_votes": 0, "page_rating_visits": 0, "page_rating": 0, "tags": [], "comments": [], "vote": 0}, {"source": "http://feeds.abcnews.com/abcnews/topstories", "title": "Jeffrey Epstein documents featuring prominent names to be released", "description": "Hundreds of sealed court filings pertaining to the late sex-offender Jeffrey Epstein are set to be made public this week.", "link": "https://abcnews.go.com/US/court-documents-naming-jeffrey-epsteins-associates-unsealed/story?id=105993160", "date_published": "2023-12-31T11:17:11+00:00", "permanent": false, "bookmarked": false, "dead": false, "artist": "ABC News", "album": "ABC News", "user": null, "language": "en-US", "thumbnail": "https://s.abcnews.com/images/US/jeffrey-epstein-2-gty-bb-231229_1703873473173_hpMain_4x3t_384.jpg", "age": null, "page_rating_contents": 0, "page_rating_votes": 0, "page_rating_visits": 0, "page_rating": 0, "tags": [], "comments": [], "vote": 0}, {"source": "http://feeds.abcnews.com/abcnews/topstories", "title": "Russia launches drone assault after accusing Ukraine of deadly attack within Russia", "description": "The aerial assault followed two days of escalating shelling, including a strike on Saturday in Belgorod, Russia, that killed at least 21 people, according to Russia.", "link": "https://abcnews.go.com/International/russia-launches-drone-assault-after-accusing-ukraine-deadly/story?id=106016404", "date_published": "2023-12-31T07:53:40+00:00", "permanent": false, "bookmarked": false, "dead": false, "artist": "ABC News", "album": "ABC News", "user": null, "language": "en-US", "thumbnail": "https://s.abcnews.com/images/International/kharkiv-strike_1704006902492_hpMain_4x3t_384.jpg", "age": null, "page_rating_contents": 0, "page_rating_votes": 0, "page_rating_visits": 0, "page_rating": 0, "tags": [], "comments": [], "vote": 0}, {"source": "http://feeds.abcnews.com/abcnews/topstories", "title": "Pistons beat Raptors 129-127 to end NBA record-tying losing streak at 28 games", "description": "The Pistons matched the 76ers&rsquo; record, over the 2014-15 and 2015-16 seasons.", "link": "https://abcnews.go.com/Sports/wireStory/pistons-beat-raptors-129-127-end-nba-record-106013813", "date_published": "2023-12-31T06:06:33+00:00", "permanent": false, "bookmarked": false, "dead": false, "artist": "ABC News", "album": "ABC News", "user": null, "language": "en-US", "thumbnail": "https://s.abcnews.com/images/Sports/wirestory_b2798232e67675bf9a80f7153d8ec7a7_4x3_384.jpg", "age": null, "page_rating_contents": 0, "page_rating_votes": 0, "page_rating_visits": 0, "page_rating": 0, "tags": [], "comments": [], "vote": 0}]