[{"source": "https://www.androidauthority.com/feed", "title": "Our picks for the best streaming movies of 2023", "description": "It was a good year for streaming.", "link": "https://www.androidauthority.com/best-streaming-movies-2023-3396956", "date_published": "2023-12-31T19:00:50+00:00", "permanent": false, "bookmarked": false, "dead": false, "artist": "Android Authority", "album": "Android Authority", "user": null, "language": "en-US", "thumbnail": null, "age": null, "page_rating_contents": 0, "page_rating_votes": 0, "page_rating_visits": 0, "page_rating": 0, "tags": [], "comments": [], "vote": 0}, {"source": "https://www.androidauthority.com/feed", "title": "The best headphones and true wireless earbuds I\u2019m looking forward to in 2024: Sony, Samsung, more!", "description": "Here are our favorite headphones to get excited about in 2024.", "link": "https://www.androidauthority.com/best-upcoming-headphones-true-wireless-earbuds-3395825", "date_published": "2023-12-31T16:00:20+00:00", "permanent": false, "bookmarked": false, "dead": false, "artist": "Android Authority", "album": "Android Authority", "user": null, "language": "en-US", "thumbnail": null, "age": null, "page_rating_contents": 0, "page_rating_votes": 0, "page_rating_visits": 0, "page_rating": 0, "tags": [], "comments": [], "vote": 0}, {"source": "https://www.androidauthority.com/feed", "title": "Our picks for the 10 best new Android games in 2023", "description": "This was a great year for high-quality console-like mobile games.", "link": "https://www.androidauthority.com/best-android-mobile-games-2023-3396520", "date_published": "2023-12-31T13:00:47+00:00", "permanent": false, "bookmarked": false, "dead": false, "artist": "Android Authority", "album": "Android Authority", "user": null, "language": "en-US", "thumbnail": null, "age": null, "page_rating_contents": 0, "page_rating_votes": 0, "page_rating_visits": 0, "page_rating": 0, "tags": [], "comments": [], "vote": 0}]