[{"source": "https://www.telegraph.co.uk/rss.xml", "title": "New Year\u2019s Eve: Sydney and Auckland among first cities to ring in 2024", "description": "", "link": "https://www.telegraph.co.uk/world-news/2023/12/31/new-years-eve-2024-fireworks-sydney", "date_published": "2023-12-31T16:02:30+00:00", "permanent": false, "bookmarked": false, "dead": false, "artist": "The Telegraph Top Stories", "album": "The Telegraph Top Stories", "user": null, "language": "en-UK", "thumbnail": "http://www.telegraph.co.uk/etc/designs/telegraph/core/clientlibs/themes/cars/img/favicon/apple-touch-icon-114x114.png", "age": null, "page_rating_contents": 0, "page_rating_votes": 0, "page_rating_visits": 0, "page_rating": 0, "tags": [], "comments": [], "vote": 0}, {"source": "https://www.telegraph.co.uk/rss.xml", "title": "Tom Lockyer planning return to Luton after cardiac arrest \u2013 but maybe not as a player", "description": "", "link": "https://www.telegraph.co.uk/football/2023/12/31/tom-lockyer-return-luton-cardiac-arrest-instagram-post", "date_published": "2023-12-31T15:35:05+00:00", "permanent": false, "bookmarked": false, "dead": false, "artist": "The Telegraph Top Stories", "album": "The Telegraph Top Stories", "user": null, "language": "en-UK", "thumbnail": "http://www.telegraph.co.uk/etc/designs/telegraph/core/clientlibs/themes/cars/img/favicon/apple-touch-icon-114x114.png", "age": null, "page_rating_contents": 0, "page_rating_votes": 0, "page_rating_visits": 0, "page_rating": 0, "tags": [], "comments": [], "vote": 0}, {"source": "https://www.telegraph.co.uk/rss.xml", "title": "Fulham vs Arsenal live: Kai Havertz returns from suspension as managers name lineups", "description": "", "link": "https://www.telegraph.co.uk/football/2023/12/31/fulham-vs-arsenal-live-score-updates-premier-league", "date_published": "2023-12-31T13:42:22+00:00", "permanent": false, "bookmarked": false, "dead": false, "artist": "The Telegraph Top Stories", "album": "The Telegraph Top Stories", "user": null, "language": "en-UK", "thumbnail": "http://www.telegraph.co.uk/etc/designs/telegraph/core/clientlibs/themes/cars/img/favicon/apple-touch-icon-114x114.png", "age": null, "page_rating_contents": 0, "page_rating_votes": 0, "page_rating_visits": 0, "page_rating": 0, "tags": [], "comments": [], "vote": 0}, {"source": "https://www.telegraph.co.uk/rss.xml", "title": "Tottenham vs Bournemouth live: Lo Celso and Bentancur return to Spurs lineup", "description": "", "link": "https://www.telegraph.co.uk/football/2023/12/31/tottenham-vs-bournemouth-live-score-updates-premier-league", "date_published": "2023-12-31T13:20:01+00:00", "permanent": false, "bookmarked": false, "dead": false, "artist": "The Telegraph Top Stories", "album": "The Telegraph Top Stories", "user": null, "language": "en-UK", "thumbnail": "http://www.telegraph.co.uk/etc/designs/telegraph/core/clientlibs/themes/cars/img/favicon/apple-touch-icon-114x114.png", "age": null, "page_rating_contents": 0, "page_rating_votes": 0, "page_rating_visits": 0, "page_rating": 0, "tags": [], "comments": [], "vote": 0}, {"source": "https://www.telegraph.co.uk/rss.xml", "title": "Rohan Dennis, former pro cyclist, charged with killing his wife", "description": "", "link": "https://www.telegraph.co.uk/cycling/2023/12/31/rohan-dennis-former-pro-cyclist-charged-killing-wife-car", "date_published": "2023-12-31T12:32:16+00:00", "permanent": false, "bookmarked": false, "dead": false, "artist": "The Telegraph Top Stories", "album": "The Telegraph Top Stories", "user": null, "language": "en-UK", "thumbnail": "http://www.telegraph.co.uk/etc/designs/telegraph/core/clientlibs/themes/cars/img/favicon/apple-touch-icon-114x114.png", "age": null, "page_rating_contents": 0, "page_rating_votes": 0, "page_rating_visits": 0, "page_rating": 0, "tags": [], "comments": [], "vote": 0}, {"source": "https://www.telegraph.co.uk/rss.xml", "title": "\u2018I hope the research we\u2019ve been a part of can be someone else\u2019s miracle\u2019", "description": "", "link": "https://www.telegraph.co.uk/christmas/2023/12/31/research-weve-been-part-of-can-be-someone-elses-miracle", "date_published": "2023-12-31T12:00:00+00:00", "permanent": false, "bookmarked": false, "dead": false, "artist": "The Telegraph Top Stories", "album": "The Telegraph Top Stories", "user": null, "language": "en-UK", "thumbnail": "http://www.telegraph.co.uk/etc/designs/telegraph/core/clientlibs/themes/cars/img/favicon/apple-touch-icon-114x114.png", "age": null, "page_rating_contents": 0, "page_rating_votes": 0, "page_rating_visits": 0, "page_rating": 0, "tags": [], "comments": [], "vote": 0}, {"source": "https://www.telegraph.co.uk/rss.xml", "title": "Watch moment cyclist Mathieu van der Poel spits into crowd who jeered him", "description": "", "link": "https://www.telegraph.co.uk/cycling/2023/12/31/video-mathieu-van-der-poel-spits-into-crowd-jeered-him", "date_published": "2023-12-31T11:40:19+00:00", "permanent": false, "bookmarked": false, "dead": false, "artist": "The Telegraph Top Stories", "album": "The Telegraph Top Stories", "user": null, "language": "en-UK", "thumbnail": "http://www.telegraph.co.uk/etc/designs/telegraph/core/clientlibs/themes/cars/img/favicon/apple-touch-icon-114x114.png", "age": null, "page_rating_contents": 0, "page_rating_votes": 0, "page_rating_visits": 0, "page_rating": 0, "tags": [], "comments": [], "vote": 0}, {"source": "https://www.telegraph.co.uk/rss.xml", "title": "Priscilla, review: Sofia Coppola shunts Elvis to the shadows, to beautiful effect", "description": "", "link": "https://www.telegraph.co.uk/films/0/priscilla-review-sofia-coppola-cailee-spaeny-jacob-elordi", "date_published": "2023-12-31T11:00:00+00:00", "permanent": false, "bookmarked": false, "dead": false, "artist": "The Telegraph Top Stories", "album": "The Telegraph Top Stories", "user": null, "language": "en-UK", "thumbnail": "http://www.telegraph.co.uk/etc/designs/telegraph/core/clientlibs/themes/cars/img/favicon/apple-touch-icon-114x114.png", "age": null, "page_rating_contents": 0, "page_rating_votes": 0, "page_rating_visits": 0, "page_rating": 0, "tags": [], "comments": [], "vote": 0}, {"source": "https://www.telegraph.co.uk/rss.xml", "title": "Israel-Hamas war live: US Navy helicopters sink three Houthi ships", "description": "", "link": "https://www.telegraph.co.uk/world-news/2023/12/31/israel-hamas-war-latest-news1", "date_published": "2023-12-31T10:14:11+00:00", "permanent": false, "bookmarked": false, "dead": false, "artist": "The Telegraph Top Stories", "album": "The Telegraph Top Stories", "user": null, "language": "en-UK", "thumbnail": "http://www.telegraph.co.uk/etc/designs/telegraph/core/clientlibs/themes/cars/img/favicon/apple-touch-icon-114x114.png", "age": null, "page_rating_contents": 0, "page_rating_votes": 0, "page_rating_visits": 0, "page_rating": 0, "tags": [], "comments": [], "vote": 0}, {"source": "https://www.telegraph.co.uk/rss.xml", "title": "US shoots down Red Sea missiles after ship reports explosion", "description": "", "link": "https://www.telegraph.co.uk/world-news/2023/12/31/container-ship-reports-explosion-in-red-sea-on-saturday", "date_published": "2023-12-31T05:42:33+00:00", "permanent": false, "bookmarked": false, "dead": false, "artist": "The Telegraph Top Stories", "album": "The Telegraph Top Stories", "user": null, "language": "en-UK", "thumbnail": "http://www.telegraph.co.uk/etc/designs/telegraph/core/clientlibs/themes/cars/img/favicon/apple-touch-icon-114x114.png", "age": null, "page_rating_contents": 0, "page_rating_votes": 0, "page_rating_visits": 0, "page_rating": 0, "tags": [], "comments": [], "vote": 0}]