[{"source": "https://www.youtube.com/feeds/videos.xml?channel_id=UCwSv086EAByBY-Z7y-QR_cQ", "title": "Sylwestrowe zamulanie w Nowej Normalno\u015bci!", "description": "", "link": "https://www.youtube.com/watch?v=RArSwb354CU", "date_published": "2023-12-31T21:58:11+00:00", "permanent": false, "bookmarked": false, "dead": false, "artist": "Uszi", "album": "Uszi", "user": null, "language": "pl-PL", "thumbnail": "https://i3.ytimg.com/vi/RArSwb354CU/hqdefault.jpg", "age": null, "page_rating_contents": 0, "page_rating_votes": 0, "page_rating_visits": 0, "page_rating": 0, "tags": [], "comments": [], "vote": 0}]