[{"source": "https://feeds.skynews.com/feeds/rss/world.xml", "title": "China ramps up Taiwan threats - as Xi warns 'reunification' is inevitable", "description": "Chinese President Xi Jinping has said in his televised New Year address that his country's \"reunification\" with Taiwan is inevitable, renewing Beijing's threats to take over the self-ruled island.", "link": "https://news.sky.com/story/chinas-xi-jinping-ramps-up-threats-against-taiwan-warning-reunification-is-inevitable-13040184", "date_published": "2023-12-31T21:18:00+00:00", "permanent": false, "bookmarked": false, "dead": false, "artist": "Sky News", "album": "Sky News", "user": null, "language": "en-US", "thumbnail": "https://e3.365dm.com/23/12/70x70/skynews-china-xi-jinping_6408661.jpg?20231231195434", "age": null, "page_rating_contents": 0, "page_rating_votes": 0, "page_rating_visits": 0, "page_rating": 0, "tags": [], "comments": [], "vote": 0}, {"source": "https://feeds.skynews.com/feeds/rss/world.xml", "title": "Runner who competed at London 2012 stabbed to death in Kenya", "description": "A former Ugandan Olympian has been fatally stabbed in Kenya.&#160;", "link": "https://news.sky.com/story/former-olympian-who-competed-at-london-2012-stabbed-to-death-in-kenya-13040180", "date_published": "2023-12-31T20:22:00+00:00", "permanent": false, "bookmarked": false, "dead": false, "artist": "Sky News", "album": "Sky News", "user": null, "language": "en-US", "thumbnail": "https://e3.365dm.com/23/12/70x70/skynews-benjamin-kiplagat-uganda_6408683.jpg?20231231202453", "age": null, "page_rating_contents": 0, "page_rating_votes": 0, "page_rating_visits": 0, "page_rating": 0, "tags": [], "comments": [], "vote": 0}, {"source": "https://feeds.skynews.com/feeds/rss/world.xml", "title": "Friends of Israeli teen jailed for rejecting military service vow to follow in his footsteps", "description": "Friends of an Israeli conscientious objector have promised to follow him in rejecting military service - after he became the first since the Israel-Hamas war began to be jailed for refusing to enlist.", "link": "https://news.sky.com/story/friends-of-israeli-teenager-jailed-for-rejecting-compulsory-military-service-vow-to-follow-in-his-footsteps-13040175", "date_published": "2023-12-31T19:51:00+00:00", "permanent": false, "bookmarked": false, "dead": false, "artist": "Sky News", "album": "Sky News", "user": null, "language": "en-US", "thumbnail": "https://e3.365dm.com/23/12/70x70/skynews-iddo-elam-israel_6408667.png?20231231200118", "age": null, "page_rating_contents": 0, "page_rating_votes": 0, "page_rating_visits": 0, "page_rating": 0, "tags": [], "comments": [], "vote": 0}, {"source": "https://feeds.skynews.com/feeds/rss/world.xml", "title": "Lasers, fireworks and torches: How the world is marking the start of 2024", "description": "Countries around the world are celebrating the start of 2024, as the New Year arrives around the globe.", "link": "https://news.sky.com/story/new-year-celebrations-how-the-world-is-marking-the-start-of-2024-13040172", "date_published": "2023-12-31T19:42:00+00:00", "permanent": false, "bookmarked": false, "dead": false, "artist": "Sky News", "album": "Sky News", "user": null, "language": "en-US", "thumbnail": "https://e3.365dm.com/23/12/70x70/72ab902a9eaaabc62995c77c1098974bbe55ddc6a7d5f78e0159bb55cbad7ff7_6408312.jpg?20231231110704", "age": null, "page_rating_contents": 0, "page_rating_votes": 0, "page_rating_visits": 0, "page_rating": 0, "tags": [], "comments": [], "vote": 0}, {"source": "https://feeds.skynews.com/feeds/rss/world.xml", "title": "Denmark's queen unexpectedly announces abdication in New Year's Eve speech", "description": "Denmark's queen has unexpectedly announced her abdication in her traditional New Year's Eve speech.", "link": "https://news.sky.com/story/denmarks-queen-margrethe-ii-unexpectedly-announces-abdication-in-new-years-eve-speech-13040139", "date_published": "2023-12-31T17:19:00+00:00", "permanent": false, "bookmarked": false, "dead": false, "artist": "Sky News", "album": "Sky News", "user": null, "language": "en-US", "thumbnail": "https://e3.365dm.com/23/12/70x70/skynews-queen-margrethe-ii_6408577.jpg?20231231173910", "age": null, "page_rating_contents": 0, "page_rating_votes": 0, "page_rating_visits": 0, "page_rating": 0, "tags": [], "comments": [], "vote": 0}, {"source": "https://feeds.skynews.com/feeds/rss/world.xml", "title": "Ex-world cycling champion charged over death of Olympian wife - reports", "description": "Former world cycling champion Rohan Dennis has been charged with causing the death of his wife, the retired Olympic cyclist Melissa Hoskins, according to reports.", "link": "https://news.sky.com/story/ex-world-cycling-champion-rohan-dennis-charged-over-death-of-olympian-wife-melissa-hoskins-reports-13040022", "date_published": "2023-12-31T13:08:00+00:00", "permanent": false, "bookmarked": false, "dead": false, "artist": "Sky News", "album": "Sky News", "user": null, "language": "en-US", "thumbnail": "https://e3.365dm.com/23/12/70x70/skynews-rohan-dennis-melissa_6408404.jpg?20231231143130", "age": null, "page_rating_contents": 0, "page_rating_votes": 0, "page_rating_visits": 0, "page_rating": 0, "tags": [], "comments": [], "vote": 0}, {"source": "https://feeds.skynews.com/feeds/rss/world.xml", "title": "Deadly attacks by Russia and Ukraine are bad omens for 2024", "description": "A grim new year has started early in Ukraine with one of Russia's most savage aerial attacks for months followed by Ukrainian missile barrages fired in return into Russian border towns.", "link": "https://news.sky.com/story/deadly-attacks-by-russia-and-ukraine-are-bad-omens-for-2024-13040017", "date_published": "2023-12-31T12:40:00+00:00", "permanent": false, "bookmarked": false, "dead": false, "artist": "Sky News", "album": "Sky News", "user": null, "language": "en-US", "thumbnail": "https://e3.365dm.com/23/12/70x70/skynews-ukraine-russia_6408350.jpg?20231231131816", "age": null, "page_rating_contents": 0, "page_rating_votes": 0, "page_rating_visits": 0, "page_rating": 0, "tags": [], "comments": [], "vote": 0}, {"source": "https://feeds.skynews.com/feeds/rss/world.xml", "title": "US military kills rebels attacking container ship in Red Sea", "description": "American navy helicopters sank three small boats used by Houthi militants to attack a Maersk container vessel in the southern Red Sea, the US military has said.", "link": "https://news.sky.com/story/us-military-kills-houthi-rebels-attacking-container-ship-in-red-sea-13039986", "date_published": "2023-12-31T10:22:00+00:00", "permanent": false, "bookmarked": false, "dead": false, "artist": "Sky News", "album": "Sky News", "user": null, "language": "en-US", "thumbnail": "https://e3.365dm.com/23/12/70x70/skynews-uss-eisenhower-red-sea_6408338.jpg?20231231123221", "age": null, "page_rating_contents": 0, "page_rating_votes": 0, "page_rating_visits": 0, "page_rating": 0, "tags": [], "comments": [], "vote": 0}, {"source": "https://feeds.skynews.com/feeds/rss/world.xml", "title": "Heaviest snow in Seoul for more than 40 years", "description": "Seoul has seen its biggest single-day snowfall for more than 40 years.", "link": "https://news.sky.com/story/heaviest-snow-in-south-koreas-capital-seoul-for-more-than-40-years-13039985", "date_published": "2023-12-31T10:19:00+00:00", "permanent": false, "bookmarked": false, "dead": false, "artist": "Sky News", "album": "Sky News", "user": null, "language": "en-US", "thumbnail": "https://e3.365dm.com/23/12/70x70/skynews-goyang-south-korea_6408285.jpg?20231231102401", "age": null, "page_rating_contents": 0, "page_rating_votes": 0, "page_rating_visits": 0, "page_rating": 0, "tags": [], "comments": [], "vote": 0}, {"source": "https://feeds.skynews.com/feeds/rss/world.xml", "title": "Kim Jong Un makes nuclear weapon pledge", "description": "North Korea's leader Kim Jong Un has pledged to launch three new spy satellites, build military drones and increase his country's stock of nuclear weapons in 2024.", "link": "https://news.sky.com/story/kim-jong-un-warns-war-is-realistic-reality-as-he-pledges-to-build-more-nuclear-weapons-in-2024-13039937", "date_published": "2023-12-31T06:34:00+00:00", "permanent": false, "bookmarked": false, "dead": false, "artist": "Sky News", "album": "Sky News", "user": null, "language": "en-US", "thumbnail": "https://e3.365dm.com/23/12/70x70/skynews-north-korean-kim-jong-un_6408208.jpg?20231231074454", "age": null, "page_rating_contents": 0, "page_rating_votes": 0, "page_rating_visits": 0, "page_rating": 0, "tags": [], "comments": [], "vote": 0}, {"source": "https://feeds.skynews.com/feeds/rss/world.xml", "title": "How rhino poacher hired sex workers to dupe authorities", "description": "It is said to be worth more than its weight in gold, diamonds or cocaine.", "link": "https://news.sky.com/story/how-rhino-poacher-hired-sex-workers-to-dupe-authorities-and-the-hunt-for-the-pablo-escobar-of-wildlife-trafficking-13034732", "date_published": "2023-12-31T00:01:00+00:00", "permanent": false, "bookmarked": false, "dead": false, "artist": "Sky News", "album": "Sky News", "user": null, "language": "en-US", "thumbnail": "https://e3.365dm.com/23/12/70x70/skynews-great-rhino-robbery_6401298.jpg?20231222093150", "age": null, "page_rating_contents": 0, "page_rating_votes": 0, "page_rating_visits": 0, "page_rating": 0, "tags": [], "comments": [], "vote": 0}]