[{"source": "https://www.theverge.com/rss/index.xml", "title": "LG\u2019s newest 32-inch 4K monitor is a looker with a smart TV inside", "description": "<figure>\n      <img alt=\"A picture of a  person working on an LG MyView Smart Monitor.\" src=\"https://cdn.vox-cdn.com/thumbor/e4JIk8beYIY9-CrpOxchm0qWR74=/150x0:1770x1080/1310x873/cdn.vox-cdn.com/uploads/chorus_image/image/73012990/LG_MyView_Smartmonitor_2.0.jpg\" />\n        <figcaption><em>The LG MyView Smart Monitor.</em> | Image: LG</figcaption>\n    </figure>\n\n  <p id=\"ywwe2B\">LG will show off a new series of 32-inch 4K computer monitor / TV hybrids called the \u2018MyView\u2019 at CES this year. <a href=\"https://ces.vporoom.com/2023-12-29-LG-UNVEILS-MYVIEW-4K-SMART-MONITORS-AT-CES-2024#assets_all\">The company announced</a> they\u2019ll come \u201cin a variety of colors, including essence white, mild beige, cotton pink and cotton green.\u201d They\u2019ll be offered in three variants at two price levels \u2014 $599.99 and $499.99, and LG says it will announce availability in the US \u201cat a later date.\u201d</p>\n<p id=\"rTv4mf\">The specs and design language of LG\u2019s new smart LED displays are very similar to the Samsung M8. Th", "link": "https://www.theverge.com/2023/12/31/24020920/lg-myview-4k-smart-monitor-display-tv-webos", "date_published": "2023-12-31T22:50:18+00:00", "permanent": false, "bookmarked": false, "dead": false, "artist": "The Verge", "album": "The Verge", "user": null, "language": "en-US", "thumbnail": null, "age": null, "page_rating_contents": 0, "page_rating_votes": 0, "page_rating_visits": 0, "page_rating": 0, "tags": [], "comments": [], "vote": 0}, {"source": "https://www.theverge.com/rss/index.xml", "title": "8 great Apple Arcade games for your iPhone or iPad", "description": "<figure>\n      <img alt=\"Vector collage showing a still from Hello Kitty Island Adventure inside a video game controller.\" src=\"https://cdn.vox-cdn.com/thumbor/RIYQtipQRfJQLRbR7booFnqmXp0=/0x0:2040x1360/1310x873/cdn.vox-cdn.com/uploads/chorus_image/image/73011717/236889_EOY_APPLE_ARCADE_CVirginia.0.jpg\" />\n        <figcaption>The Verge / Image courtesy of Sunblink</figcaption>\n    </figure>\n\n  <p id=\"5T1XGi\">Apple Arcade remains one of the best deals in gaming \u2014 even after <a href=\"https://www.theverge.com/2023/10/25/23931577/apple-tv-plus-news-arcade-one-subscription-price-increase\">getting a price bump</a>. Since launch, the service has steadily grown with a mix of original mobile releases and App Store classics, none of which are burdened with the ads or in-app purchases that so often plague smartphone games. 2023 was a particularly strong year for new additions, with everything from daily word games for the <em>Wordle</em>-obsessed to cozy adventures to relax with. If you just pi", "link": "https://www.theverge.com/23979444/apple-arcade-best-games-2023-iphone-ipad", "date_published": "2023-12-31T14:00:00+00:00", "permanent": false, "bookmarked": false, "dead": false, "artist": "The Verge", "album": "The Verge", "user": null, "language": "en-US", "thumbnail": null, "age": null, "page_rating_contents": 0, "page_rating_votes": 0, "page_rating_visits": 0, "page_rating": 0, "tags": [], "comments": [], "vote": 0}, {"source": "https://www.theverge.com/rss/index.xml", "title": "The apps, movies, games, and everything else we loved in 2023", "description": "<figure>\n      <img alt=\"An all-black version of the Installer logo.\" src=\"https://cdn.vox-cdn.com/thumbor/KOzZRzDFfcrDm2aWg2nBQgmDLs0=/0x0:3000x2000/1310x873/cdn.vox-cdn.com/uploads/chorus_image/image/73011554/Installer_Site_Post_002.0.jpg\" />\n        <figcaption>Illustration: William Joel / The Verge</figcaption>\n    </figure>\n\n  <p id=\"znBW9v\">Hi, friends! Welcome to <em>Installer</em> No. 19, your guide to the best and <em>Verge</em>-iest stuff in the world. (If you\u2019re new here, welcome, so psyched you found us, and also you can read all the old editions at the <a href=\"https://www.theverge.com/installer-newsletter\"><em>Installer</em> homepage</a>.) </p>\n<p id=\"QQtPY0\">It\u2019s the last <em>Installer</em> of the year, so we\u2019re going to do something a little different! We\u2019re going to talk about all our favorite things of 2023. Some ground rules / disclaimers: this list is not exhaustive, not everything in here is new this year it\u2019s just new to us, this is not an Official List of Every", "link": "https://www.theverge.com/2023/12/31/24019265/best-apps-games-movies-shows-2023", "date_published": "2023-12-31T13:00:00+00:00", "permanent": false, "bookmarked": false, "dead": false, "artist": "The Verge", "album": "The Verge", "user": null, "language": "en-US", "thumbnail": null, "age": null, "page_rating_contents": 0, "page_rating_votes": 0, "page_rating_visits": 0, "page_rating": 0, "tags": [], "comments": [], "vote": 0}, {"source": "https://www.theverge.com/rss/index.xml", "title": "LG says its new 4K projector is a \u2018stylish art object\u2019", "description": "<figure>\n      <img alt=\"An image showing the LG CineBeam Qube on a table\" src=\"https://cdn.vox-cdn.com/thumbor/ruXC-KKaNX_a0nVEB5rhn9mELxg=/39x0:2340x1534/1310x873/cdn.vox-cdn.com/uploads/chorus_image/image/73010850/LG_CineBeam_Qube_1.0.jpg\" />\n        <figcaption><em>The LG Qube is so tiny, so boxy, so handle-y.</em> | Image: LG</figcaption>\n    </figure>\n\n  <p id=\"tu6JDM\"><a href=\"https://www.prnewswire.com/news-releases/lgs-newest-4k-lifestyle-projector-doubles-as-a-stylish-art-object-302023612.html#:~:text=The%20new%204K%20model%20can,modern%20sophistication%20to%20the%20room\">LG announced</a> the CineBeam Qube (model <a href=\"https://www.anrdoezrs.net/links/8532386/type/dlg/sid/verge/https://www.lg.com/us/qube-projector\" rel=\"sponsored nofollow noopener\" target=\"_blank\">HU710PB</a>) laser projector yesterday: It\u2019s got a minimalist look and stature, weighing 3.28 pounds and measuring 135mm square on one side and just 80mm wide at the front. (For comparison, the iPhone 15 Pro is ", "link": "https://www.theverge.com/2023/12/30/24019922/lg-cinebeam-qube-4k-uhd-projector-webos", "date_published": "2023-12-31T00:45:50+00:00", "permanent": false, "bookmarked": false, "dead": false, "artist": "The Verge", "album": "The Verge", "user": null, "language": "en-US", "thumbnail": null, "age": null, "page_rating_contents": 0, "page_rating_votes": 0, "page_rating_visits": 0, "page_rating": 0, "tags": [], "comments": [], "vote": 0}]