[{"source": "https://www.youtube.com/feeds/videos.xml?channel_id=UC5T0tXJN5CrMZUEJuz4oovw", "title": "Top 5 Woke Hollywood DISASTERS of 2023", "description": "2023 was the Year Woke Hollywood FAILED, and that's a good thing.\n#hollywood #disney #marvel \n\nEdited by @PierryChan \n\nBecome a Nerdrotic Channel Member\nwww.youtube.com/c/sutrowatchtower/join\n\nSpecial thanks to @QTRBlackGarrett @XrayGirl_ @LadyGravemaster @MauLerYT @HeelvsBabyface @FilmThreat \n\nPlease subscribe to the Nerdrotic Network: @nerdrotic @NerdroticLive @NerdroticDaily \n\nFLEUR - Bang Bang (My Baby Shot Me Down)\nhttps://www.youtube.com/watch?v=RVMQZTDQDNY\n\nChapters:\nIntro: 00:00\nNumber 6 00:40\nNumber 5 04:58\nNumber 4 10:12\nNumber 3 15:00\nNumber 2 20:15\nDishonorable Mentions 25:35\nNumber 1 27:45\n\nNerdrotic Merch Store!\nhttps://mixedtees.com/nerdrotic\n\nFNT T-Shirt!\nhttps://mixedtees.com/nerdrotic/friday-night-tights\n\nSponsored by MetaPCs!\nClick here to get a discount on a PC: http://Metapcs.com/Nerdrotic/ref\n\nSponsored by GEEK GRIND!\nNerdrotic Blend Coffee from Geek Grind\nUse Promo Code \"Nerdrotic\" for 20% off:\nhttps://geekgrindcoffee.com/products/...\n\nNerdrotic Coffee Cup from", "link": "https://www.youtube.com/watch?v=GM9H02WvAHs", "date_published": "2023-12-31T22:29:51+00:00", "permanent": false, "bookmarked": false, "dead": false, "artist": "Nerdrotic", "album": "Nerdrotic", "user": null, "language": "en-US", "thumbnail": "https://i4.ytimg.com/vi/GM9H02WvAHs/hqdefault.jpg", "age": null, "page_rating_contents": 52, "page_rating_votes": 0, "page_rating_visits": 1, "page_rating": 52, "tags": [], "comments": [], "vote": 0}]