[{"source": "https://www.youtube.com/feeds/videos.xml?channel_id=UCwdh3MTrFq3sXlB4ct8B-Fg", "title": "This Week in Warhammer \u2013 Conquer the Old World", "description": "Return to the World of Legend! See what Warhammer: The Old World pre-orders are coming next week: https://ow.ly/xzaf50QlGy9\n\nFollow for more Warhammer, more often:\n- Twitter: https://twitter.com/warhammer\n- Facebook: https://www.facebook.com/warhammer40000uk\n- Instagram: https://www.instagram.com/warhammerofficial/\n- Warhammer Community: https://www.warhammer-community.com/", "link": "https://www.youtube.com/watch?v=QGE7y_a87Mo", "date_published": "2023-12-31T18:00:12+00:00", "permanent": false, "bookmarked": false, "dead": false, "artist": "Warhammer", "album": "Warhammer", "user": null, "language": "en-US", "thumbnail": "https://i2.ytimg.com/vi/QGE7y_a87Mo/hqdefault.jpg", "age": null, "page_rating_contents": 0, "page_rating_votes": 0, "page_rating_visits": 0, "page_rating": 0, "tags": [], "comments": [], "vote": 0}]