[{"source": "https://www.channelnewsasia.com/api/v1/rss-outbound-feed?_format=xml", "title": "US Supreme Court's Roberts urges 'caution' as AI reshapes legal field", "description": "", "link": "https://www.channelnewsasia.com/business/us-supreme-courts-roberts-urges-caution-ai-reshapes-legal-field-4019266", "date_published": "2023-12-31T23:04:02+00:00", "permanent": false, "bookmarked": false, "dead": false, "artist": "Channel Asia Latest News", "album": "Channel Asia Latest News", "user": null, "language": "en", "thumbnail": "https://onecms-res.cloudinary.com/image/upload/s--9rUb9weQ--/c_fill,h_900,w_1600/fl_relative,g_south_east,l_one-cms:core:watermark:reuters,w_0.1/f_auto,q_auto/v1/one-cms/core/2023-12-31t230402z_1_lynxmpejbu08y_rtroptp_3_people-o-connor.jpg?itok=xwIsRQOc", "age": null, "page_rating_contents": 0, "page_rating_votes": 0, "page_rating_visits": 0, "page_rating": 0, "tags": [], "comments": [], "vote": 0}, {"source": "https://www.channelnewsasia.com/api/v1/rss-outbound-feed?_format=xml", "title": "Zelenskyy vows to wreak 'wrath' against Russia in 2024", "description": "", "link": "https://www.channelnewsasia.com/world/ukraine-zelenskyy-vows-wrath-russia-2024-putin-4019246", "date_published": "2023-12-31T22:53:00+00:00", "permanent": false, "bookmarked": false, "dead": false, "artist": "Channel Asia Latest News", "album": "Channel Asia Latest News", "user": null, "language": "en", "thumbnail": "https://onecms-res.cloudinary.com/image/upload/s--ho4b-pd---/c_crop,h_450,w_800,x_0,y_0/c_fill,h_900,w_1600/fl_relative,g_south_east,l_one-cms:core:watermark:reuters,w_0.1/f_auto,q_auto/v1/one-cms/core/2023-06-01t113222z_1_lynxmpej501fh_rtroptp_3_ukraine-crisis-donbas-battle.jpg?itok=GA2M4jx8", "age": null, "page_rating_contents": 0, "page_rating_votes": 0, "page_rating_visits": 0, "page_rating": 0, "tags": [], "comments": [], "vote": 0}, {"source": "https://www.channelnewsasia.com/api/v1/rss-outbound-feed?_format=xml", "title": "A happy place, a sanctuary: Singapore's libraries through the eyes of volunteers who love them", "description": "These three individuals\u00a0dedicated themselves to libraries at different stages of their lives, and are now contributing in their own ways to the learning \"ecosystem\".", "link": "https://www.channelnewsasia.com/singapore/national-library-board-volunteer-learn-facilitate-books-4014381", "date_published": "2023-12-31T22:05:27+00:00", "permanent": false, "bookmarked": false, "dead": false, "artist": "Channel Asia Latest News", "album": "Channel Asia Latest News", "user": null, "language": "en", "thumbnail": "https://onecms-res.cloudinary.com/image/upload/s--KLqHyws3--/c_fill,h_900,w_1600/fl_relative,g_south_east,l_mediacorp:cna:watermark:2021-08:cna,w_0.1/f_auto,q_auto/v1/mediacorp/cna/image/2023/12/28/fotojet_1.jpg?itok=TlH2k-Z7", "age": null, "page_rating_contents": 0, "page_rating_votes": 0, "page_rating_visits": 0, "page_rating": 0, "tags": [], "comments": [], "vote": 0}, {"source": "https://www.channelnewsasia.com/api/v1/rss-outbound-feed?_format=xml", "title": "Commentary: A mid-life career change is as good as a rest", "description": "Options don\u2019t have to narrow for the over-50s, but it pays to prepare the ground, says Camilla Cavendish for the Financial Times.", "link": "https://www.channelnewsasia.com/commentary/mid-life-career-change-older-workers-reskill-upskill-4018516", "date_published": "2023-12-31T22:00:00+00:00", "permanent": false, "bookmarked": false, "dead": false, "artist": "Channel Asia Latest News", "album": "Channel Asia Latest News", "user": null, "language": "en", "thumbnail": "https://onecms-res.cloudinary.com/image/upload/s--ysZsRw42--/c_fill,h_900,w_1600/f_auto,q_auto/v1/mediacorp/cna/image/2023/12/31/istock-1293582925.jpg?itok=uimNNba5", "age": null, "page_rating_contents": 0, "page_rating_votes": 0, "page_rating_visits": 0, "page_rating": 0, "tags": [], "comments": [], "vote": 0}, {"source": "https://www.channelnewsasia.com/api/v1/rss-outbound-feed?_format=xml", "title": "Commentary: Our youths must make self-reflection their New Year resolution", "description": "Pausing to reflect feels like stagnant inactivity, but it\u2019s crucial for our youths, says NUS lecturer Jonathan Sim.", "link": "https://www.channelnewsasia.com/commentary/new-year-resolutions-youth-hustle-culture-learn-self-reflection-4015916", "date_published": "2023-12-31T22:00:00+00:00", "permanent": false, "bookmarked": false, "dead": false, "artist": "Channel Asia Latest News", "album": "Channel Asia Latest News", "user": null, "language": "en", "thumbnail": "https://onecms-res.cloudinary.com/image/upload/s--bI4Nh76R--/c_fill,h_900,w_1600/fl_relative,g_south_east,l_mediacorp:cna:watermark:2021-08:cna,w_0.1/f_auto,q_auto/v1/mediacorp/cna/image/2023/04/08/tp_millennials_5.jpg?itok=mB7PJbO_", "age": null, "page_rating_contents": 0, "page_rating_votes": 0, "page_rating_visits": 0, "page_rating": 0, "tags": [], "comments": [], "vote": 0}, {"source": "https://www.channelnewsasia.com/api/v1/rss-outbound-feed?_format=xml", "title": "Commentary: Will 2024 be the year fake news destroys democracy?", "description": "With almost a billion people heading to the polls, countries urgently need to band together to combat a flood of disinformation, says Mihir Sharma for Bloomberg Opinion.", "link": "https://www.channelnewsasia.com/commentary/2024-elections-us-eu-indonesia-india-fake-news-social-media-4018691", "date_published": "2023-12-31T22:00:00+00:00", "permanent": false, "bookmarked": false, "dead": false, "artist": "Channel Asia Latest News", "album": "Channel Asia Latest News", "user": null, "language": "en", "thumbnail": "https://onecms-res.cloudinary.com/image/upload/s--qGZqBZYj--/c_fill,h_900,w_1600/fl_relative,g_south_east,l_mediacorp:cna:watermark:2023-11:afp_watermark_14112023,w_0.1/f_auto,q_auto/v1/one-cms/core/20a4e55fbd4829720c0ebd73c3ed6b0b19c58539.jpg?itok=vjTJdoEi", "age": null, "page_rating_contents": 0, "page_rating_votes": 0, "page_rating_visits": 0, "page_rating": 0, "tags": [], "comments": [], "vote": 0}, {"source": "https://www.channelnewsasia.com/api/v1/rss-outbound-feed?_format=xml", "title": "Off-roading in the 2024 Range Rover Velar through the vineyards of the Champagne region in France", "description": "Navigating through rows and rows of neatly lined grapevines as far as the eye can see on this once-in-a-lifetime experience in the 2024 Range Rover Velar.", "link": "https://www.channelnewsasia.com/obsessions/2024-range-rover-velar-4012651", "date_published": "2023-12-31T21:41:19+00:00", "permanent": false, "bookmarked": false, "dead": false, "artist": "Channel Asia Latest News", "album": "Channel Asia Latest News", "user": null, "language": "en", "thumbnail": "https://onecms-res.cloudinary.com/image/upload/s--Itpr9KK6--/c_crop,h_843,w_1500,x_0,y_18/c_fill,h_900,w_1600/f_auto,q_auto/v1/mediacorp/cna/image/2023/12/27/hero_2024_range_rover_velar_1.jpg?itok=tqDEGeMw", "age": null, "page_rating_contents": 0, "page_rating_votes": 0, "page_rating_visits": 0, "page_rating": 0, "tags": [], "comments": [], "vote": 0}, {"source": "https://www.channelnewsasia.com/api/v1/rss-outbound-feed?_format=xml", "title": "German police arrest three more over alleged Cologne Cathedral attack plot", "description": "", "link": "https://www.channelnewsasia.com/world/german-police-arrest-three-more-over-alleged-cologne-cathedral-attack-plot-4019136", "date_published": "2023-12-31T21:11:03+00:00", "permanent": false, "bookmarked": false, "dead": false, "artist": "Channel Asia Latest News", "album": "Channel Asia Latest News", "user": null, "language": "en", "thumbnail": "https://onecms-res.cloudinary.com/image/upload/s--VptZBZ9M--/c_fill,h_900,w_1600/fl_relative,g_south_east,l_one-cms:core:watermark:reuters,w_0.1/f_auto,q_auto/v1/one-cms/core/2023-12-31t195052z_1_lynxmpejbu08e_rtroptp_3_germany-security.jpg?itok=tQFy2Q8A", "age": null, "page_rating_contents": 0, "page_rating_votes": 0, "page_rating_visits": 0, "page_rating": 0, "tags": [], "comments": [], "vote": 0}, {"source": "https://www.channelnewsasia.com/api/v1/rss-outbound-feed?_format=xml", "title": "Denmark's Queen Margrethe II to abdicate after 52 years on the throne", "description": "", "link": "https://www.channelnewsasia.com/world/denmark-queen-margrethe-abdicate-52-years-4019071", "date_published": "2023-12-31T18:43:06+00:00", "permanent": false, "bookmarked": false, "dead": false, "artist": "Channel Asia Latest News", "album": "Channel Asia Latest News", "user": null, "language": "en", "thumbnail": "https://onecms-res.cloudinary.com/image/upload/s--3Ay-hEwR--/c_fill,h_900,w_1600/fl_relative,g_south_east,l_one-cms:core:watermark:ap_data-1,w_0.1/f_auto,q_auto/v1/one-cms/core/denmark_queen_margrethe_ii_75430.jpg?itok=6qZHYasC", "age": null, "page_rating_contents": 0, "page_rating_votes": 0, "page_rating_visits": 0, "page_rating": 0, "tags": [], "comments": [], "vote": 0}, {"source": "https://www.channelnewsasia.com/api/v1/rss-outbound-feed?_format=xml", "title": "Arteta laments 'worst game of the season' as Arsenal miss out on top spot", "description": "", "link": "https://www.channelnewsasia.com/sport/arteta-laments-worst-game-season-arsenal-miss-out-top-spot-4019066", "date_published": "2023-12-31T18:06:07+00:00", "permanent": false, "bookmarked": false, "dead": false, "artist": "Channel Asia Latest News", "album": "Channel Asia Latest News", "user": null, "language": "en", "thumbnail": "{}", "age": null, "page_rating_contents": 0, "page_rating_votes": 0, "page_rating_visits": 0, "page_rating": 0, "tags": [], "comments": [], "vote": 0}, {"source": "https://www.channelnewsasia.com/api/v1/rss-outbound-feed?_format=xml", "title": "Djokovic delivers as Serbia beat China in United Cup", "description": "", "link": "https://www.channelnewsasia.com/sport/djokovic-delivers-serbia-beat-china-united-cup-4018966", "date_published": "2023-12-31T16:31:07+00:00", "permanent": false, "bookmarked": false, "dead": false, "artist": "Channel Asia Latest News", "album": "Channel Asia Latest News", "user": null, "language": "en", "thumbnail": "https://onecms-res.cloudinary.com/image/upload/s--FH3lHk_c--/c_fill,h_900,w_1600/fl_relative,g_south_east,l_one-cms:core:watermark:reuters,w_0.1/f_auto,q_auto/v1/one-cms/core/2023-12-31t163107z_1_lynxmpejbu06m_rtroptp_3_tennis-saudi.jpg?itok=oEh8SK4N", "age": null, "page_rating_contents": 0, "page_rating_votes": 0, "page_rating_visits": 0, "page_rating": 0, "tags": [], "comments": [], "vote": 0}, {"source": "https://www.channelnewsasia.com/api/v1/rss-outbound-feed?_format=xml", "title": "Tottenham end Bournemouth hot streak with 3-1 victory", "description": "", "link": "https://www.channelnewsasia.com/sport/tottenham-end-bournemouth-hot-streak-3-1-victory-4018951", "date_published": "2023-12-31T16:27:37+00:00", "permanent": false, "bookmarked": false, "dead": false, "artist": "Channel Asia Latest News", "album": "Channel Asia Latest News", "user": null, "language": "en", "thumbnail": "{}", "age": null, "page_rating_contents": 0, "page_rating_votes": 0, "page_rating_visits": 0, "page_rating": 0, "tags": [], "comments": [], "vote": 0}, {"source": "https://www.channelnewsasia.com/api/v1/rss-outbound-feed?_format=xml", "title": "Fulham fight back to beat Arsenal 2-1", "description": "", "link": "https://www.channelnewsasia.com/sport/fulham-fight-back-beat-arsenal-2-1-4018956", "date_published": "2023-12-31T16:24:20+00:00", "permanent": false, "bookmarked": false, "dead": false, "artist": "Channel Asia Latest News", "album": "Channel Asia Latest News", "user": null, "language": "en", "thumbnail": "{}", "age": null, "page_rating_contents": 0, "page_rating_votes": 0, "page_rating_visits": 0, "page_rating": 0, "tags": [], "comments": [], "vote": 0}, {"source": "https://www.channelnewsasia.com/api/v1/rss-outbound-feed?_format=xml", "title": "Luton's Lockyer doing well after cardiac arrest, thanks those who saved his life", "description": "", "link": "https://www.channelnewsasia.com/sport/lutons-lockyer-doing-well-after-cardiac-arrest-thanks-those-who-saved-his-life-4018866", "date_published": "2023-12-31T15:13:00+00:00", "permanent": false, "bookmarked": false, "dead": false, "artist": "Channel Asia Latest News", "album": "Channel Asia Latest News", "user": null, "language": "en", "thumbnail": "https://onecms-res.cloudinary.com/image/upload/s--RPDAlxlo--/c_fill,h_900,w_1600/fl_relative,g_south_east,l_one-cms:core:watermark:reuters,w_0.1/f_auto,q_auto/v1/one-cms/core/2023-12-31t151323z_1_lynxmpejbu05d_rtroptp_3_soccer-england-bou-lut-report.jpg?itok=dOg_4l58", "age": null, "page_rating_contents": 0, "page_rating_votes": 0, "page_rating_visits": 0, "page_rating": 0, "tags": [], "comments": [], "vote": 0}, {"source": "https://www.channelnewsasia.com/api/v1/rss-outbound-feed?_format=xml", "title": "Putin, in New Year address, makes only passing reference to Ukraine", "description": "", "link": "https://www.channelnewsasia.com/world/russia-president-vladimir-putin-new-year-address-upcoming-election-4018846", "date_published": "2023-12-31T15:10:11+00:00", "permanent": false, "bookmarked": false, "dead": false, "artist": "Channel Asia Latest News", "album": "Channel Asia Latest News", "user": null, "language": "en", "thumbnail": "https://onecms-res.cloudinary.com/image/upload/s--60rpTCzQ--/c_fill,h_900,w_1600/fl_relative,g_south_east,l_one-cms:core:watermark:reuters,w_0.1/f_auto,q_auto/v1/one-cms/core/2023-03-29t071059z_2_lynxmpej2r0xk_rtroptp_3_ukraine-crisis-russia-detentions.jpg?itok=HNM6pmzA", "age": null, "page_rating_contents": 0, "page_rating_votes": 0, "page_rating_visits": 0, "page_rating": 0, "tags": [], "comments": [], "vote": 0}, {"source": "https://www.channelnewsasia.com/api/v1/rss-outbound-feed?_format=xml", "title": "China's Li Auto expects to launch first fully electric EV in March", "description": "", "link": "https://www.channelnewsasia.com/business/chinas-li-auto-expects-launch-first-fully-electric-ev-march-4018861", "date_published": "2023-12-31T14:58:01+00:00", "permanent": false, "bookmarked": false, "dead": false, "artist": "Channel Asia Latest News", "album": "Channel Asia Latest News", "user": null, "language": "en", "thumbnail": "https://onecms-res.cloudinary.com/image/upload/s--RiREqW8u--/c_fill,h_900,w_1600/fl_relative,g_south_east,l_one-cms:core:watermark:reuters,w_0.1/f_auto,q_auto/v1/one-cms/core/2023-12-31t145801z_1_lynxmpejbu057_rtroptp_3_totw-ev-brands.jpg?itok=i8AWELhP", "age": null, "page_rating_contents": 0, "page_rating_votes": 0, "page_rating_visits": 0, "page_rating": 0, "tags": [], "comments": [], "vote": 0}, {"source": "https://www.channelnewsasia.com/api/v1/rss-outbound-feed?_format=xml", "title": "China's Xi hails 'resilient' economy in bullish New Year speech", "description": "", "link": "https://www.channelnewsasia.com/asia/china-2024-enhance-economic-recovery-xi-jinping-4018791", "date_published": "2023-12-31T13:10:00+00:00", "permanent": false, "bookmarked": false, "dead": false, "artist": "Channel Asia Latest News", "album": "Channel Asia Latest News", "user": null, "language": "en", "thumbnail": "https://onecms-res.cloudinary.com/image/upload/s--Of9E7ate--/c_fill,h_900,w_1600/fl_relative,g_south_east,l_one-cms:core:watermark:reuters,w_0.1/f_auto,q_auto/v1/one-cms/core/2023-12-31t123059z_1_lynxmpejbu045_rtroptp_3_china-bri-opening.jpg?itok=-ynnKCY4", "age": null, "page_rating_contents": 0, "page_rating_votes": 0, "page_rating_visits": 0, "page_rating": 0, "tags": [], "comments": [], "vote": 0}, {"source": "https://www.channelnewsasia.com/api/v1/rss-outbound-feed?_format=xml", "title": "Israelis and Palestinians end dark year, with no end in sight to war", "description": "", "link": "https://www.channelnewsasia.com/world/israel-hamas-war-no-end-sight-palestinians-gaza-4018786", "date_published": "2023-12-31T12:04:28+00:00", "permanent": false, "bookmarked": false, "dead": false, "artist": "Channel Asia Latest News", "album": "Channel Asia Latest News", "user": null, "language": "en", "thumbnail": "https://onecms-res.cloudinary.com/image/upload/s--ZSCIU0Yl--/c_fill,h_900,w_1600/fl_relative,g_south_east,l_mediacorp:cna:watermark:2023-11:afp_watermark_14112023,w_0.1/f_auto,q_auto/v1/one-cms/core/e9bfe0be0a853d2a62e0db6982b475bc17d5bdf6.jpg?itok=tTsgfjMb", "age": null, "page_rating_contents": 0, "page_rating_votes": 0, "page_rating_visits": 0, "page_rating": 0, "tags": [], "comments": [], "vote": 0}, {"source": "https://www.channelnewsasia.com/api/v1/rss-outbound-feed?_format=xml", "title": "Eurostar services resume as cause of flooded tunnel probed", "description": "", "link": "https://www.channelnewsasia.com/world/eurostar-services-resume-flooded-tunnel-4018731", "date_published": "2023-12-31T11:30:00+00:00", "permanent": false, "bookmarked": false, "dead": false, "artist": "Channel Asia Latest News", "album": "Channel Asia Latest News", "user": null, "language": "en", "thumbnail": "https://onecms-res.cloudinary.com/image/upload/s--t1hzoq8w--/c_fill,h_900,w_1600/fl_relative,g_south_east,l_mediacorp:cna:watermark:2023-11:afp_watermark_14112023,w_0.1/f_auto,q_auto/v1/one-cms/core/613850a0f9d479109b075f3009984098501b45ad.jpg?itok=L_4AfbZ-", "age": null, "page_rating_contents": 0, "page_rating_votes": 0, "page_rating_visits": 0, "page_rating": 0, "tags": [], "comments": [], "vote": 0}, {"source": "https://www.channelnewsasia.com/api/v1/rss-outbound-feed?_format=xml", "title": "Maersk pauses Red Sea sailings after Houthi attack on Singapore-flagged container ship", "description": "", "link": "https://www.channelnewsasia.com/world/maersk-container-vessel-sailing-pause-houthi-attack-red-sea-yemen-israel-hamas-war-4018741", "date_published": "2023-12-31T11:20:00+00:00", "permanent": false, "bookmarked": false, "dead": false, "artist": "Channel Asia Latest News", "album": "Channel Asia Latest News", "user": null, "language": "en", "thumbnail": "https://onecms-res.cloudinary.com/image/upload/s--K6Fk2btY--/c_fill,h_900,w_1600/fl_relative,g_south_east,l_one-cms:core:watermark:reuters,w_0.1/f_auto,q_auto/v1/one-cms/core/2023-12-31t103340z_1_lynxmpejbu03h_rtroptp_3_maersk-results.jpg?itok=GHkUQBZ8", "age": null, "page_rating_contents": 0, "page_rating_votes": 0, "page_rating_visits": 0, "page_rating": 0, "tags": [], "comments": [], "vote": 0}, {"source": "https://www.channelnewsasia.com/api/v1/rss-outbound-feed?_format=xml", "title": "Australian Open 2024 prize money: how much do winners of men's, women's and doubles finals win?", "description": "", "link": "https://www.channelnewsasia.com/sport/australian-open-2024-prize-money-how-much-do-winners-mens-womens-and-doubles-finals-win-4018766", "date_published": "2023-12-31T11:19:55+00:00", "permanent": false, "bookmarked": false, "dead": false, "artist": "Channel Asia Latest News", "album": "Channel Asia Latest News", "user": null, "language": "en", "thumbnail": "https://onecms-res.cloudinary.com/image/upload/s--GiKtRLGA--/c_fill,h_900,w_1600/fl_relative,g_south_east,l_one-cms:core:watermark:reuters,w_0.1/f_auto,q_auto/v1/one-cms/core/2023-12-31t111955z_1_lynxmpejbu03o_rtroptp_3_tennis-ausopen.jpg?itok=cLV0RQ8i", "age": null, "page_rating_contents": 0, "page_rating_votes": 0, "page_rating_visits": 0, "page_rating": 0, "tags": [], "comments": [], "vote": 0}, {"source": "https://www.channelnewsasia.com/api/v1/rss-outbound-feed?_format=xml", "title": "Kewell takes over from Muscat as new Yokohama F Marinos manager", "description": "", "link": "https://www.channelnewsasia.com/sport/kewell-takes-over-muscat-new-yokohama-f-marinos-manager-4018756", "date_published": "2023-12-31T11:03:40+00:00", "permanent": false, "bookmarked": false, "dead": false, "artist": "Channel Asia Latest News", "album": "Channel Asia Latest News", "user": null, "language": "en", "thumbnail": "https://onecms-res.cloudinary.com/image/upload/s--bcgSdpLD--/c_fill,h_900,w_1600/fl_relative,g_south_east,l_one-cms:core:watermark:reuters,w_0.1/f_auto,q_auto/v1/one-cms/core/2023-12-31t110340z_1_lynxmpejbu03m_rtroptp_3_soccer-scotland-cel-abe-report.jpg?itok=nOa4I4kL", "age": null, "page_rating_contents": 0, "page_rating_votes": 0, "page_rating_visits": 0, "page_rating": 0, "tags": [], "comments": [], "vote": 0}, {"source": "https://www.channelnewsasia.com/api/v1/rss-outbound-feed?_format=xml", "title": "Israeli government approves appointment of new foreign minister", "description": "", "link": "https://www.channelnewsasia.com/world/israel-government-approves-new-foreign-minister-4018751", "date_published": "2023-12-31T11:02:45+00:00", "permanent": false, "bookmarked": false, "dead": false, "artist": "Channel Asia Latest News", "album": "Channel Asia Latest News", "user": null, "language": "en", "thumbnail": "https://onecms-res.cloudinary.com/image/upload/s--FQUVH9Vx--/c_fill,h_900,w_1600/fl_relative,g_south_east,l_one-cms:core:watermark:reuters,w_0.1/f_auto,q_auto/v1/one-cms/core/2023-12-31t105232z_1_lynxmpejbu03l_rtroptp_3_israel-politics.jpg?itok=r9GPujhC", "age": null, "page_rating_contents": 0, "page_rating_votes": 0, "page_rating_visits": 0, "page_rating": 0, "tags": [], "comments": [], "vote": 0}, {"source": "https://www.channelnewsasia.com/api/v1/rss-outbound-feed?_format=xml", "title": "Nadal makes long-awaited comeback in Brisbane doubles defeat", "description": "", "link": "https://www.channelnewsasia.com/sport/nadal-makes-long-awaited-comeback-brisbane-doubles-defeat-4018726", "date_published": "2023-12-31T10:02:00+00:00", "permanent": false, "bookmarked": false, "dead": false, "artist": "Channel Asia Latest News", "album": "Channel Asia Latest News", "user": null, "language": "en", "thumbnail": "https://onecms-res.cloudinary.com/image/upload/s--NNml_a8R--/c_fill,h_900,w_1600/fl_relative,g_south_east,l_one-cms:core:watermark:reuters,w_0.1/f_auto,q_auto/v1/one-cms/core/2023-12-31t100245z_1_lynxmpejbu03d_rtroptp_3_tennis-ausopen.jpg?itok=fBSpX7JK", "age": null, "page_rating_contents": 0, "page_rating_votes": 0, "page_rating_visits": 0, "page_rating": 0, "tags": [], "comments": [], "vote": 0}, {"source": "https://www.channelnewsasia.com/api/v1/rss-outbound-feed?_format=xml", "title": "Singapore GDP grew 1.2% in 2023 but expect less favourable external environment ahead: PM Lee", "description": "Prime Minister Lee Hsien Loong also addressed Singapore's leadership transition and the Israel-Hamas war in his New Year message for 2024.", "link": "https://www.channelnewsasia.com/singapore/pm-lee-new-year-message-2024-singapore-gdp-grew-12-cent-2023-4018631", "date_published": "2023-12-31T10:00:21+00:00", "permanent": false, "bookmarked": false, "dead": false, "artist": "Channel Asia Latest News", "album": "Channel Asia Latest News", "user": null, "language": "en", "thumbnail": "https://onecms-res.cloudinary.com/image/upload/s--pGx0xkcm--/c_crop,h_816,w_1452,x_0,y_250/c_fill,h_900,w_1600/f_auto,q_auto/v1/mediacorp/cna/image/2023/12/31/231231_mci_photo_02.jpg?itok=GIv78rSP", "age": null, "page_rating_contents": 0, "page_rating_votes": 0, "page_rating_visits": 0, "page_rating": 0, "tags": [], "comments": [], "vote": 0}, {"source": "https://www.channelnewsasia.com/api/v1/rss-outbound-feed?_format=xml", "title": "Salah leads Egypt at African Cup of Nations", "description": "", "link": "https://www.channelnewsasia.com/sport/salah-leads-egypt-african-cup-nations-4018711", "date_published": "2023-12-31T09:46:54+00:00", "permanent": false, "bookmarked": false, "dead": false, "artist": "Channel Asia Latest News", "album": "Channel Asia Latest News", "user": null, "language": "en", "thumbnail": "{}", "age": null, "page_rating_contents": 0, "page_rating_votes": 0, "page_rating_visits": 0, "page_rating": 0, "tags": [], "comments": [], "vote": 0}, {"source": "https://www.channelnewsasia.com/api/v1/rss-outbound-feed?_format=xml", "title": "Final bodies found after China's most serious earthquake in a decade", "description": "", "link": "https://www.channelnewsasia.com/asia/china-earthquake-most-serious-decade-final-two-found-4018666", "date_published": "2023-12-31T09:24:12+00:00", "permanent": false, "bookmarked": false, "dead": false, "artist": "Channel Asia Latest News", "album": "Channel Asia Latest News", "user": null, "language": "en", "thumbnail": "https://onecms-res.cloudinary.com/image/upload/s--Uoj0AQPa--/c_fill,h_900,w_1600/fl_relative,g_south_east,l_one-cms:core:watermark:reuters,w_0.1/f_auto,q_auto/v1/one-cms/core/2023-12-31t070142z_1_lynxmpejbu02a_rtroptp_3_china-quake.jpg?itok=FMpAuNYh", "age": null, "page_rating_contents": 0, "page_rating_votes": 0, "page_rating_visits": 0, "page_rating": 0, "tags": [], "comments": [], "vote": 0}, {"source": "https://www.channelnewsasia.com/api/v1/rss-outbound-feed?_format=xml", "title": "Fit-again Nadal leaves door open to continuing career beyond 2024", "description": "", "link": "https://www.channelnewsasia.com/sport/fit-again-nadal-leaves-door-open-continuing-career-beyond-2024-4018706", "date_published": "2023-12-31T09:10:08+00:00", "permanent": false, "bookmarked": false, "dead": false, "artist": "Channel Asia Latest News", "album": "Channel Asia Latest News", "user": null, "language": "en", "thumbnail": "https://onecms-res.cloudinary.com/image/upload/s--V2iyz7r1--/c_fill,h_900,w_1600/fl_relative,g_south_east,l_one-cms:core:watermark:reuters,w_0.1/f_auto,q_auto/v1/one-cms/core/2023-12-31t091008z_1_lynxmpejbu033_rtroptp_3_tennis-nadal.jpg?itok=nAagh2Mt", "age": null, "page_rating_contents": 0, "page_rating_votes": 0, "page_rating_visits": 0, "page_rating": 0, "tags": [], "comments": [], "vote": 0}, {"source": "https://www.channelnewsasia.com/api/v1/rss-outbound-feed?_format=xml", "title": "Marina Bay New Year countdown: Expect large crowds, road closures and security checks", "description": "Members of the public are encouraged to check the crowd situation online using the Crowd@MarinaBay platform\u00a0before heading down for the festivities.", "link": "https://www.channelnewsasia.com/singapore/marina-bay-new-year-countdown-2023-singapore-police-4016186", "date_published": "2023-12-31T09:00:00+00:00", "permanent": false, "bookmarked": false, "dead": false, "artist": "Channel Asia Latest News", "album": "Channel Asia Latest News", "user": null, "language": "en", "thumbnail": "https://onecms-res.cloudinary.com/image/upload/s--M6jPEzLt--/c_crop,h_843,w_1500,x_0,y_1/c_fill,h_900,w_1600/fl_relative,g_south_east,l_mediacorp:cna:watermark:2021-08:cna,w_0.1/f_auto,q_auto/v1/mediacorp/cna/image/2022/12/31/53ad15c6-faf6-4c0d-879c-34d49579b466.jpg?itok=uj2a3j_7", "age": null, "page_rating_contents": 0, "page_rating_votes": 0, "page_rating_visits": 0, "page_rating": 0, "tags": [], "comments": [], "vote": 0}, {"source": "https://www.channelnewsasia.com/api/v1/rss-outbound-feed?_format=xml", "title": "Russia pounds Kharkiv with missiles and drones, Ukraine says", "description": "", "link": "https://www.channelnewsasia.com/world/russia-ukraine-missiles-drones-belgorod-4018686", "date_published": "2023-12-31T08:29:00+00:00", "permanent": false, "bookmarked": false, "dead": false, "artist": "Channel Asia Latest News", "album": "Channel Asia Latest News", "user": null, "language": "en", "thumbnail": "https://onecms-res.cloudinary.com/image/upload/s--fYiX310_--/c_fill,h_900,w_1600/fl_relative,g_south_east,l_one-cms:core:watermark:reuters,w_0.1/f_auto,q_auto/v1/one-cms/core/2023-12-31t075831z_1_lynxmpejbu02m_rtroptp_3_ukraine-crisis-attack-kharkiv.jpg?itok=7ue1mRSN", "age": null, "page_rating_contents": 0, "page_rating_votes": 0, "page_rating_visits": 0, "page_rating": 0, "tags": [], "comments": [], "vote": 0}, {"source": "https://www.channelnewsasia.com/api/v1/rss-outbound-feed?_format=xml", "title": "Sabalenka equipped with new mindset to handle pressure of 2024 season", "description": "", "link": "https://www.channelnewsasia.com/sport/sabalenka-equipped-new-mindset-handle-pressure-2024-season-4018641", "date_published": "2023-12-31T06:43:01+00:00", "permanent": false, "bookmarked": false, "dead": false, "artist": "Channel Asia Latest News", "album": "Channel Asia Latest News", "user": null, "language": "en", "thumbnail": "https://onecms-res.cloudinary.com/image/upload/s--AiHm0uSk--/c_fill,h_900,w_1600/fl_relative,g_south_east,l_one-cms:core:watermark:reuters,w_0.1/f_auto,q_auto/v1/one-cms/core/2023-12-31t064301z_1_lynxmpejbu024_rtroptp_3_tennis-saudi.jpg?itok=RDTXbMo6", "age": null, "page_rating_contents": 0, "page_rating_votes": 0, "page_rating_visits": 0, "page_rating": 0, "tags": [], "comments": [], "vote": 0}, {"source": "https://www.channelnewsasia.com/api/v1/rss-outbound-feed?_format=xml", "title": "Villarreal re-sign former Man Utd defender Bailly on free transfer", "description": "", "link": "https://www.channelnewsasia.com/sport/villarreal-re-sign-former-man-utd-defender-bailly-free-transfer-4018581", "date_published": "2023-12-31T05:01:23+00:00", "permanent": false, "bookmarked": false, "dead": false, "artist": "Channel Asia Latest News", "album": "Channel Asia Latest News", "user": null, "language": "en", "thumbnail": "https://onecms-res.cloudinary.com/image/upload/s--27qwfvEd--/c_fill,h_900,w_1600/fl_relative,g_south_east,l_one-cms:core:watermark:reuters,w_0.1/f_auto,q_auto/v1/one-cms/core/2023-12-31t050123z_1_lynxmpejbu01l_rtroptp_3_soccer-england-mun-eve.jpg?itok=5KKGiSTa", "age": null, "page_rating_contents": 0, "page_rating_votes": 0, "page_rating_visits": 0, "page_rating": 0, "tags": [], "comments": [], "vote": 0}, {"source": "https://www.channelnewsasia.com/api/v1/rss-outbound-feed?_format=xml", "title": "Adversity has strengthened A-League table-topping Victory claims Popovic", "description": "", "link": "https://www.channelnewsasia.com/sport/adversity-has-strengthened-league-table-topping-victory-claims-popovic-4018561", "date_published": "2023-12-31T04:25:39+00:00", "permanent": false, "bookmarked": false, "dead": false, "artist": "Channel Asia Latest News", "album": "Channel Asia Latest News", "user": null, "language": "en", "thumbnail": "https://onecms-res.cloudinary.com/image/upload/s--HoeYKV3S--/c_fill,h_900,w_1600/fl_relative,g_south_east,l_one-cms:core:watermark:reuters,w_0.1/f_auto,q_auto/v1/one-cms/core/2023-12-31t042539z_1_lynxmpejbu01g_rtroptp_3_soccer-asia-champions-wanderers.jpg?itok=zrf80tHO", "age": null, "page_rating_contents": 0, "page_rating_votes": 0, "page_rating_visits": 0, "page_rating": 0, "tags": [], "comments": [], "vote": 0}, {"source": "https://www.channelnewsasia.com/api/v1/rss-outbound-feed?_format=xml", "title": "New Zealand beat Bangladesh in rain-hit final T20 to level series", "description": "", "link": "https://www.channelnewsasia.com/sport/new-zealand-beat-bangladesh-rain-hit-final-t20-level-series-4018511", "date_published": "2023-12-31T03:42:06+00:00", "permanent": false, "bookmarked": false, "dead": false, "artist": "Channel Asia Latest News", "album": "Channel Asia Latest News", "user": null, "language": "en", "thumbnail": "https://onecms-res.cloudinary.com/image/upload/s--IrjilMuv--/c_fill,h_900,w_1600/fl_relative,g_south_east,l_one-cms:core:watermark:reuters,w_0.1/f_auto,q_auto/v1/one-cms/core/2023-12-31t034206z_1_lynxmpejbu017_rtroptp_3_cricket-t20worldcup-eng-nzl.jpg?itok=i_QjaS1e", "age": null, "page_rating_contents": 0, "page_rating_votes": 0, "page_rating_visits": 0, "page_rating": 0, "tags": [], "comments": [], "vote": 0}, {"source": "https://www.channelnewsasia.com/api/v1/rss-outbound-feed?_format=xml", "title": "Villa good but want to get better, says boss Emery", "description": "", "link": "https://www.channelnewsasia.com/sport/villa-good-want-get-better-says-boss-emery-4018501", "date_published": "2023-12-31T03:26:21+00:00", "permanent": false, "bookmarked": false, "dead": false, "artist": "Channel Asia Latest News", "album": "Channel Asia Latest News", "user": null, "language": "en", "thumbnail": "https://onecms-res.cloudinary.com/image/upload/s--NCEL_ypc--/c_fill,h_900,w_1600/fl_relative,g_south_east,l_one-cms:core:watermark:reuters,w_0.1/f_auto,q_auto/v1/one-cms/core/2023-12-31t032621z_1_lynxmpejbu016_rtroptp_3_soccer-england-ava-bur-report.jpg?itok=cP3sajM4", "age": null, "page_rating_contents": 0, "page_rating_votes": 0, "page_rating_visits": 0, "page_rating": 0, "tags": [], "comments": [], "vote": 0}, {"source": "https://www.channelnewsasia.com/api/v1/rss-outbound-feed?_format=xml", "title": "US destroyer shoots down anti-ship missiles fired from Yemen", "description": "", "link": "https://www.channelnewsasia.com/world/houthi-red-sea-attacks-us-destroyer-shoots-down-anti-ship-missiles-fired-yemen-4018461", "date_published": "2023-12-31T02:46:35+00:00", "permanent": false, "bookmarked": false, "dead": false, "artist": "Channel Asia Latest News", "album": "Channel Asia Latest News", "user": null, "language": "en", "thumbnail": "https://onecms-res.cloudinary.com/image/upload/s--8CaVGFHC--/c_crop,h_576,w_1024,x_0,y_13/c_fill,h_900,w_1600/fl_relative,g_south_east,l_mediacorp:cna:watermark:2023-11:afp_watermark_14112023,w_0.1/f_auto,q_auto/v1/mediacorp/cna/image/2023/12/31/000_Nic6244260.jpg?itok=PsThrhwf", "age": null, "page_rating_contents": 0, "page_rating_votes": 0, "page_rating_visits": 0, "page_rating": 0, "tags": [], "comments": [], "vote": 0}, {"source": "https://www.channelnewsasia.com/api/v1/rss-outbound-feed?_format=xml", "title": "China Dec factory contraction deepens, more stimulus on the cards", "description": "", "link": "https://www.channelnewsasia.com/business/china-dec-factory-contraction-deepens-more-stimulus-cards-4018431", "date_published": "2023-12-31T01:44:11+00:00", "permanent": false, "bookmarked": false, "dead": false, "artist": "Channel Asia Latest News", "album": "Channel Asia Latest News", "user": null, "language": "en", "thumbnail": "{}", "age": null, "page_rating_contents": 0, "page_rating_votes": 0, "page_rating_visits": 0, "page_rating": 0, "tags": [], "comments": [], "vote": 0}]