[{"source": "https://www.youtube.com/feeds/videos.xml?channel_id=UCq6VFHwMzcMXbuKyG7SQYIg", "title": "Last Night Was Goofy", "description": "This is the greatest driveway of All Time\nMerch https://moistglobal.com/\nComics https://badegg.co/\nGet Gamer Supps https://gamersupps.gg/?ref=moist", "link": "https://www.youtube.com/watch?v=4sRL0oWNGwM", "date_published": "2023-12-31T21:15:00+00:00", "permanent": false, "bookmarked": false, "dead": false, "artist": "penguinz0", "album": "penguinz0", "user": null, "language": "en-US", "thumbnail": "https://i1.ytimg.com/vi/4sRL0oWNGwM/hqdefault.jpg", "age": null, "page_rating_contents": 0, "page_rating_votes": 0, "page_rating_visits": 0, "page_rating": 0, "tags": [], "comments": [], "vote": 0}, {"source": "https://www.youtube.com/feeds/videos.xml?channel_id=UCq6VFHwMzcMXbuKyG7SQYIg", "title": "Top 5 Worst Games of 2023", "description": "This is the greatest sweep of All Time\nMerch https://moistglobal.com/\nComics https://badegg.co/\nGet Gamer Supps https://gamersupps.gg/?ref=moist", "link": "https://www.youtube.com/watch?v=5XxEedtFCLY", "date_published": "2023-12-31T02:00:02+00:00", "permanent": false, "bookmarked": false, "dead": false, "artist": "penguinz0", "album": "penguinz0", "user": null, "language": "en-US", "thumbnail": "https://i2.ytimg.com/vi/5XxEedtFCLY/hqdefault.jpg", "age": null, "page_rating_contents": 0, "page_rating_votes": 0, "page_rating_visits": 0, "page_rating": 0, "tags": [], "comments": [], "vote": 0}]