[{"source": "https://www.youtube.com/feeds/videos.xml?channel_id=UCXGgrKt94gR6lmN4aN3mYTg", "title": "I WASTED so Much on Mystery Tech [megavid]", "description": "See ya in 2024 my friends.\n\nSubscribe for more! https://www.youtube.com/austinevans\nTikTok: https://www.tiktok.com/@austintechtips\nInstagram: https://instagram.com/austinnotduncan\nTwitter: https://twitter.com/austinnotduncan\nThreads: https://www.threads.net/@austinnotduncan", "link": "https://www.youtube.com/watch?v=lJ1Um0sFkL8", "date_published": "2023-12-31T16:01:26+00:00", "permanent": false, "bookmarked": false, "dead": false, "artist": "Austin Evans", "album": "Austin Evans", "user": null, "language": "en-US", "thumbnail": "https://i1.ytimg.com/vi/lJ1Um0sFkL8/hqdefault.jpg", "age": null, "page_rating_contents": 0, "page_rating_votes": 0, "page_rating_visits": 0, "page_rating": 0, "tags": [], "comments": [], "vote": 0}]