[{"source": "https://tvn24.pl/najwazniejsze.xml", "title": "\"Nigdy si\u0119 nie cofniemy\". Or\u0119dzie noworoczne Putina", "description": "<img alt=\"\" src=\"https://tvn24.pl/najnowsze/cdn-zdjecie-jyr5kw-2023-12-31t210140z_1_lwd907631122023rp1_rtrwnev_c_9076-new-year-russia-putin-0002-7663639/alternates/LANDSCAPE_1280\" />\n    Nie u\u017cy\u0142 s\u0142owa \"Ukraina\" ani zwrotu \"specjalna operacja wojskowa\", jak w\u0142adze Rosji nazywaj\u0105 trwaj\u0105c\u0105 od lutego 2022 roku inwazj\u0119 na Ukrain\u0119 - pisze Reuters.", "link": "https://tvn24.pl/swiat/rosja-wladimir-putin-wyglosil-oredzie-noworoczne-7663596?source=rss", "date_published": "2023-12-31T21:30:51+00:00", "permanent": false, "bookmarked": false, "dead": false, "artist": "TNV24 Najwa\u017cniejsze", "album": "TNV24 Najwa\u017cniejsze", "user": null, "language": "pl-PL", "thumbnail": null, "age": null, "page_rating_contents": 0, "page_rating_votes": 0, "page_rating_visits": 0, "page_rating": 0, "tags": [], "comments": [], "vote": 0}, {"source": "https://tvn24.pl/najwazniejsze.xml", "title": "Prezydent u\u017cy\u0142 kilku sformu\u0142owa\u0144, kt\u00f3rych \"szczeg\u00f3lnie nie wypada mu u\u017cywa\u0107\"", "description": "<img alt=\"Prezydent u\u017cy\u0142 kilku sformu\u0142owa\u0144, kt\u00f3rych \" src=\"https://tvn24.pl/najnowsze/cdn-zdjecie-osxpir-andrzej-duda-7663598/alternates/LANDSCAPE_1280\" />\n    Komentarze po wyst\u0105pieniu noworocznym prezydenta.", "link": "https://tvn24.pl/polska/oredzie-noworoczne-prezydenta-andrzeja-dudy-dominika-sitnicka-i-lukasz-lipinski-komentuja-7663602?source=rss", "date_published": "2023-12-31T20:40:34+00:00", "permanent": false, "bookmarked": false, "dead": false, "artist": "TNV24 Najwa\u017cniejsze", "album": "TNV24 Najwa\u017cniejsze", "user": null, "language": "pl-PL", "thumbnail": null, "age": null, "page_rating_contents": 0, "page_rating_votes": 0, "page_rating_visits": 0, "page_rating": 0, "tags": [], "comments": [], "vote": 0}, {"source": "https://tvn24.pl/najwazniejsze.xml", "title": "\"Odchodz\u0105cy 2023 rok by\u0142 pe\u0142en cud\u00f3w. Ostatni z nich to s\u0142owa z or\u0119dzia Prezydenta\"", "description": "<img alt=\"\" src=\"https://tvn24.pl/najnowsze/cdn-zdjecie-fmuzxn-pap_20231227_0v4-7654592/alternates/LANDSCAPE_1280\" />\n    Premier Donald Tusk skomentowa\u0142 noworoczne or\u0119dzie Andrzeja Dudy,", "link": "https://tvn24.pl/polska/andrzej-duda-w-noworocznym-oredziu-donald-tusk-komentuje-2023-rok-byl-pelen-cudow-ostatni-z-nich-to-slowa-z-oredzia-prezydenta-7663614?source=rss", "date_published": "2023-12-31T20:03:56+00:00", "permanent": false, "bookmarked": false, "dead": false, "artist": "TNV24 Najwa\u017cniejsze", "album": "TNV24 Najwa\u017cniejsze", "user": null, "language": "pl-PL", "thumbnail": null, "age": null, "page_rating_contents": 0, "page_rating_votes": 0, "page_rating_visits": 0, "page_rating": 0, "tags": [], "comments": [], "vote": 0}, {"source": "https://tvn24.pl/najwazniejsze.xml", "title": "Nowy Rok, nowe miasta. \"Sprawiedliwo\u015bci dziejowej staje si\u0119 zado\u015b\u0107\"", "description": "<img alt=\"Nowy Rok, nowe miasta. \" src=\"https://fakty.tvn24.pl/najnowsze/cdn-zdjecie-nhhni0-mazur-2-7663593/alternates/LANDSCAPE_1280\" />\n    Na mapie Polski pojawi\u0105 si\u0119 nowe miasta.", "link": "https://fakty.tvn24.pl/zobacz-fakty/nowy-rok-nowe-miasta-sprawiedliwosci-dziejowej-staje-sie-zadosc-st7663589?source=rss", "date_published": "2023-12-31T19:23:40+00:00", "permanent": false, "bookmarked": false, "dead": false, "artist": "TNV24 Najwa\u017cniejsze", "album": "TNV24 Najwa\u017cniejsze", "user": null, "language": "pl-PL", "thumbnail": null, "age": null, "page_rating_contents": 0, "page_rating_votes": 0, "page_rating_visits": 0, "page_rating": 0, "tags": [], "comments": [], "vote": 0}, {"source": "https://tvn24.pl/najwazniejsze.xml", "title": "Nieoczekiwana abdykacja kr\u00f3lowej", "description": "<img alt=\"Nieoczekiwana abdykacja kr\u00f3lowej \" src=\"https://tvn24.pl/najnowsze/cdn-zdjecie-8jxexq-krolowa-malgorzata-ii-7663573/alternates/LANDSCAPE_1280\" />\n    Tron obejmie jej syn.", "link": "https://tvn24.pl/swiat/dania-krolowa-malgorzata-ii-nieoczekiwanie-oglosila-abdykacje-7663569?source=rss", "date_published": "2023-12-31T18:38:16+00:00", "permanent": false, "bookmarked": false, "dead": false, "artist": "TNV24 Najwa\u017cniejsze", "album": "TNV24 Najwa\u017cniejsze", "user": null, "language": "pl-PL", "thumbnail": null, "age": null, "page_rating_contents": 0, "page_rating_votes": 0, "page_rating_visits": 0, "page_rating": 0, "tags": [], "comments": [], "vote": 0}, {"source": "https://tvn24.pl/najwazniejsze.xml", "title": "Finalista igrzysk znaleziony martwy. \"Policja szuka wskaz\u00f3wek\"", "description": "<img alt=\"Finalista igrzysk znaleziony martwy. \" src=\"https://tvn24.pl/najnowsze/cdn-zdjecie-wfcyp5-benjamin-kiplagat-7663575/alternates/LANDSCAPE_1280\" />\n    Mia\u0142 34 lata.", "link": "https://eurosport.tvn24.pl/lekkoatletyka/benjamin-kiplagat-znaleziony-martwy-w-kenii.-ugandyjski-lekkoatleta-mogl-zostac-zamordowany_sto9940233/story.shtml?source=rss", "date_published": "2023-12-31T18:28:37+00:00", "permanent": false, "bookmarked": false, "dead": false, "artist": "TNV24 Najwa\u017cniejsze", "album": "TNV24 Najwa\u017cniejsze", "user": null, "language": "pl-PL", "thumbnail": null, "age": null, "page_rating_contents": 0, "page_rating_votes": 0, "page_rating_visits": 0, "page_rating": 0, "tags": [], "comments": [], "vote": 0}, {"source": "https://tvn24.pl/najwazniejsze.xml", "title": "Atak hakerski na Centralny O\u015brodek Sportu. Mog\u0142o doj\u015b\u0107 do wycieku danych", "description": "<img alt=\"Atak hakerski na Centralny O\u015brodek Sportu. Mog\u0142o doj\u015b\u0107 do wycieku danych\" src=\"https://tvn24.pl/najnowsze/cdn-zdjecie-wpa1mr-cos-zakopane-7663523/alternates/LANDSCAPE_1280\" />\n    W Zakopanem.", "link": "https://tvn24.pl/polska/zakopane-atak-hakerski-na-centralny-osrodek-sportu-moglo-dojsc-do-wycieku-danych-7663536?source=rss", "date_published": "2023-12-31T17:47:17+00:00", "permanent": false, "bookmarked": false, "dead": false, "artist": "TNV24 Najwa\u017cniejsze", "album": "TNV24 Najwa\u017cniejsze", "user": null, "language": "pl-PL", "thumbnail": null, "age": null, "page_rating_contents": 0, "page_rating_votes": 0, "page_rating_visits": 0, "page_rating": 0, "tags": [], "comments": [], "vote": 0}, {"source": "https://tvn24.pl/najwazniejsze.xml", "title": "O pracy z politykami, prezydenturze i srebrnym przycisku z YouTube'a", "description": "<img alt=\"O pracy z politykami, prezydenturze i srebrnym przycisku z YouTube'a\" src=\"https://fakty.tvn24.pl/najnowsze/cdn-zdjecie-5ryuno-holownia-7663509/alternates/LANDSCAPE_1280\" />\n    Szymon Ho\u0142ownia by\u0142 go\u015bciem \"Dzie\u0144 Dobry TVN\".", "link": "https://fakty.tvn24.pl/fakty-po-poludniu/o-pracy-z-politykami-prezydenturze-i-srebrnym-przycisku-z-youtubea-szymon-holownia-byl-gosciem-dzien-dobry-tvn-st7663506?source=rss", "date_published": "2023-12-31T17:18:11+00:00", "permanent": false, "bookmarked": false, "dead": false, "artist": "TNV24 Najwa\u017cniejsze", "album": "TNV24 Najwa\u017cniejsze", "user": null, "language": "pl-PL", "thumbnail": null, "age": null, "page_rating_contents": 0, "page_rating_votes": 0, "page_rating_visits": 0, "page_rating": 0, "tags": [], "comments": [], "vote": 0}, {"source": "https://tvn24.pl/najwazniejsze.xml", "title": "Kubacki \u015bwiadomy problemu", "description": "<img alt=\"Kubacki \u015bwiadomy problemu\" src=\"https://tvn24.pl/najnowsze/cdn-zdjecie-g2quhk-dawid-kubacki-7663516/alternates/LANDSCAPE_1280\" />\n     \"To jak dwie, trzy belki ni\u017cej\".", "link": "https://eurosport.tvn24.pl/skoki-narciarskie/garmisch-partenkirchen/2023-2024/skoki-narciarskie-garmisch-partenkirchen-2023.-dawid-kubacki-po-kwalifikacjach.-co-powiedzial-turnie_sto9940207/story.shtml?source=rss", "date_published": "2023-12-31T17:14:28+00:00", "permanent": false, "bookmarked": false, "dead": false, "artist": "TNV24 Najwa\u017cniejsze", "album": "TNV24 Najwa\u017cniejsze", "user": null, "language": "pl-PL", "thumbnail": null, "age": null, "page_rating_contents": 0, "page_rating_votes": 0, "page_rating_visits": 0, "page_rating": 0, "tags": [], "comments": [], "vote": 0}, {"source": "https://tvn24.pl/najwazniejsze.xml", "title": "Niemowl\u0119 z obra\u017ceniami g\u0142owy w szpitalu. Zatrzymano rodzic\u00f3w", "description": "<img alt=\"Niemowl\u0119 z obra\u017ceniami g\u0142owy w szpitalu. Zatrzymano rodzic\u00f3w\" src=\"https://tvn24.pl/najnowsze/cdn-zdjecie-5qpnqe-kepno-szpital-7663479/alternates/LANDSCAPE_1280\" />\n    19-letnia kobieta przywioz\u0142a dziewczynk\u0119 do szpitala w K\u0119pnie.", "link": "https://tvn24.pl/polska/kepno-niemowle-z-obrazeniami-glowy-trafilo-do-szpitala-zatrzymano-rodzicow-7663507?source=rss", "date_published": "2023-12-31T17:13:39+00:00", "permanent": false, "bookmarked": false, "dead": false, "artist": "TNV24 Najwa\u017cniejsze", "album": "TNV24 Najwa\u017cniejsze", "user": null, "language": "pl-PL", "thumbnail": null, "age": null, "page_rating_contents": 0, "page_rating_votes": 0, "page_rating_visits": 0, "page_rating": 0, "tags": [], "comments": [], "vote": 0}, {"source": "https://tvn24.pl/najwazniejsze.xml", "title": "Niemowl\u0119 z p\u0119kni\u0119ciem czaszki w szpitalu. Zatrzymano rodzic\u00f3w", "description": "<img alt=\"Niemowl\u0119 z p\u0119kni\u0119ciem czaszki w szpitalu. Zatrzymano rodzic\u00f3w\" src=\"https://tvn24.pl/najnowsze/cdn-zdjecie-5qpnqe-kepno-szpital-7663479/alternates/LANDSCAPE_1280\" />\n    19-letnia kobieta przywioz\u0142a dziewczynk\u0119 do szpitala w K\u0119pnie.", "link": "https://tvn24.pl/polska/kepno-niemowle-z-peknieciem-czaszki-trafilo-do-szpitala-zatrzymano-rodzicow-7663507?source=rss", "date_published": "2023-12-31T17:13:39+00:00", "permanent": false, "bookmarked": false, "dead": false, "artist": "TNV24 Najwa\u017cniejsze", "album": "TNV24 Najwa\u017cniejsze", "user": null, "language": "pl-PL", "thumbnail": null, "age": null, "page_rating_contents": 0, "page_rating_votes": 0, "page_rating_visits": 0, "page_rating": 0, "tags": [], "comments": [], "vote": 0}, {"source": "https://tvn24.pl/najwazniejsze.xml", "title": "\"Nie wyobra\u017camy sobie, \u017ceby WO\u015aP-u nie by\u0142o\"", "description": "<img alt=\"\" src=\"https://fakty.tvn24.pl/najnowsze/cdn-zdjecie-4v2ug7-wosp-7663476/alternates/LANDSCAPE_1280\" />\n    32. Fina\u0142 Wielkiej Orkiestry \u015awi\u0105tecznej Pomocy odb\u0119dzie si\u0119 28 stycznia.", "link": "https://fakty.tvn24.pl/fakty-po-poludniu/nadchodzi-final-wielkiej-orkiestry-swiatecznej-pomocy-nie-wyobrazamy-sobie-zeby-wosp-u-nie-bylo-st7663473?source=rss", "date_published": "2023-12-31T17:00:09+00:00", "permanent": false, "bookmarked": false, "dead": false, "artist": "TNV24 Najwa\u017cniejsze", "album": "TNV24 Najwa\u017cniejsze", "user": null, "language": "pl-PL", "thumbnail": null, "age": null, "page_rating_contents": 0, "page_rating_votes": 0, "page_rating_visits": 0, "page_rating": 0, "tags": [], "comments": [], "vote": 0}, {"source": "https://tvn24.pl/najwazniejsze.xml", "title": "Fatalna ko\u0144c\u00f3wka roku Arsenalu", "description": "<img alt=\"Fatalna ko\u0144c\u00f3wka roku Arsenalu\" src=\"https://tvn24.pl/najnowsze/cdn-zdjecie-ifjum-jakub-kiwior-w-meczu-fulham-arsenal-7663474/alternates/LANDSCAPE_1280\" />\n    Nieudany mecz reprezentanta Polski.", "link": "https://eurosport.tvn24.pl/pilka-nozna/premier-league/2023-2024/fulham-arsenal-wynik-meczu-i-relacja-premier-league_sto9940153/story.shtml?source=rss", "date_published": "2023-12-31T16:31:50+00:00", "permanent": false, "bookmarked": false, "dead": false, "artist": "TNV24 Najwa\u017cniejsze", "album": "TNV24 Najwa\u017cniejsze", "user": null, "language": "pl-PL", "thumbnail": null, "age": null, "page_rating_contents": 0, "page_rating_votes": 0, "page_rating_visits": 0, "page_rating": 0, "tags": [], "comments": [], "vote": 0}, {"source": "https://tvn24.pl/najwazniejsze.xml", "title": "Wojna i \u015bmier\u0107. Nadzieja i krzyk rado\u015bci. 2023 rok na zdj\u0119ciach", "description": "<img alt=\"Wojna i \u015bmier\u0107. Nadzieja i krzyk rado\u015bci. 2023 rok na zdj\u0119ciach\" src=\"https://tvn24.pl/najnowsze/cdn-zdjecie-6suhrh-epa10997234-7640980/alternates/LANDSCAPE_1280\" />\n    W obiektywach \u015bwiatowych fotograf\u00f3w.", "link": "https://tvn24.pl/premium/najlepsze-zdjecia-2023-roku-7641033?source=rss", "date_published": "2023-12-31T16:29:39+00:00", "permanent": false, "bookmarked": false, "dead": false, "artist": "TNV24 Najwa\u017cniejsze", "album": "TNV24 Najwa\u017cniejsze", "user": null, "language": "pl-PL", "thumbnail": null, "age": null, "page_rating_contents": 0, "page_rating_votes": 0, "page_rating_visits": 0, "page_rating": 0, "tags": [], "comments": [], "vote": 0}, {"source": "https://tvn24.pl/najwazniejsze.xml", "title": "Powr\u00f3t zimy. W prognozie zagro\u017ce\u0144 wida\u0107 zawieje i zamiecie \u015bnie\u017cne", "description": "<img alt=\"Powr\u00f3t zimy. W prognozie zagro\u017ce\u0144 wida\u0107 zawieje i zamiecie \u015bnie\u017cne\" src=\"https://tvn24.pl/tvnmeteo/najnowsze/cdn-zdjecie-plt0sn-intensywne-opady-sniegu-7663446/alternates/LANDSCAPE_1280\" />\n    Prognoza zagro\u017ce\u0144 IMGW.", "link": "https://tvn24.pl/tvnmeteo/prognoza/pogoda-sie-zmieni-zima-wraca-do-polski-prognoza-zagrozen-imgw-na-poczatek-stycznia-st7663433?source=rss", "date_published": "2023-12-31T16:09:29+00:00", "permanent": false, "bookmarked": false, "dead": false, "artist": "TNV24 Najwa\u017cniejsze", "album": "TNV24 Najwa\u017cniejsze", "user": null, "language": "pl-PL", "thumbnail": null, "age": null, "page_rating_contents": 0, "page_rating_votes": 0, "page_rating_visits": 0, "page_rating": 0, "tags": [], "comments": [], "vote": 0}, {"source": "https://tvn24.pl/najwazniejsze.xml", "title": "Czas powrot\u00f3w, po\u017cegna\u0144 i wielkich debiut\u00f3w", "description": "<img alt=\"Czas powrot\u00f3w, po\u017cegna\u0144 i wielkich debiut\u00f3w\" src=\"https://fakty.tvn24.pl/najnowsze/cdn-zdjecie-d4ibvr-laskosz-7663441/alternates/LANDSCAPE_1280\" />\n    Muzyczne podsumowanie 2023 roku.", "link": "https://fakty.tvn24.pl/fakty-po-poludniu/muzyczne-podsumowanie-2023-roku-czas-powrotow-pozegnan-i-wielkich-debiutow-st7663391?source=rss", "date_published": "2023-12-31T15:57:33+00:00", "permanent": false, "bookmarked": false, "dead": false, "artist": "TNV24 Najwa\u017cniejsze", "album": "TNV24 Najwa\u017cniejsze", "user": null, "language": "pl-PL", "thumbnail": null, "age": null, "page_rating_contents": 0, "page_rating_votes": 0, "page_rating_visits": 0, "page_rating": 0, "tags": [], "comments": [], "vote": 0}, {"source": "https://tvn24.pl/najwazniejsze.xml", "title": "Ten jeden blok jest jak ca\u0142e miasto powiatowe", "description": "<img alt=\"Ten jeden blok jest jak ca\u0142e miasto powiatowe\" src=\"https://tvn24.pl/najnowsze/cdn-zdjecie-fm34tj-falowiec-7663423/alternates/LANDSCAPE_1280\" />\n    Jak wygl\u0105da codzienno\u015b\u0107 w gda\u0144skim falowcu? Reporta\u017c Mateusza P\u00f3\u0142ch\u0142opka i Kamila Klamuta.", "link": "https://tvn24.pl/go/programy,7/tylko-w-tvn24-go-odcinki,283316/odcinek-3197,S00E3197,1248018?source=rss", "date_published": "2023-12-31T15:29:20+00:00", "permanent": false, "bookmarked": false, "dead": false, "artist": "TNV24 Najwa\u017cniejsze", "album": "TNV24 Najwa\u017cniejsze", "user": null, "language": "pl-PL", "thumbnail": null, "age": null, "page_rating_contents": 0, "page_rating_votes": 0, "page_rating_visits": 0, "page_rating": 0, "tags": [], "comments": [], "vote": 0}, {"source": "https://tvn24.pl/najwazniejsze.xml", "title": "\"Co jako premier odradzam robi\u0107 w sylwestra?\"", "description": "<img alt=\"\" src=\"https://tvn24.pl/najnowsze/cdn-zdjecie-u5ppv6-co-jako-premier-odradzam-robic-w-sylwestra-donald-tusk-opublikowal-nagranie-7663402/alternates/LANDSCAPE_1280\" />\n    Donald Tusk opublikowa\u0142 nagranie.", "link": "https://tvn24.pl/polska/donald-tusk-na-nagraniu-co-jako-premier-odradzam-robic-w-sylwestra-odpalac-petardy-przy-tych-ktorzy-sie-boja-7663382?source=rss", "date_published": "2023-12-31T15:27:38+00:00", "permanent": false, "bookmarked": false, "dead": false, "artist": "TNV24 Najwa\u017cniejsze", "album": "TNV24 Najwa\u017cniejsze", "user": null, "language": "pl-PL", "thumbnail": null, "age": null, "page_rating_contents": 0, "page_rating_votes": 0, "page_rating_visits": 0, "page_rating": 0, "tags": [], "comments": [], "vote": 0}, {"source": "https://tvn24.pl/najwazniejsze.xml", "title": "Kwa\u015bna mina Stocha", "description": "<img alt=\"Kwa\u015bna mina Stocha\" src=\"https://tvn24.pl/najnowsze/cdn-zdjecie-1vrz7x-kamil-stoch-7663414/alternates/LANDSCAPE_1280\" />\n    \"\u017baden skok mi si\u0119 nie podoba\u0142\".", "link": "https://eurosport.tvn24.pl/skoki-narciarskie/garmisch-partenkirchen-1/2023-2024/kamil-stoch-po-kwalifikacjach-w-garmisch-partenkirchen-turniej-czterech-skoczni_sto9940010/story.shtml?source=rss", "date_published": "2023-12-31T15:22:25+00:00", "permanent": false, "bookmarked": false, "dead": false, "artist": "TNV24 Najwa\u017cniejsze", "album": "TNV24 Najwa\u017cniejsze", "user": null, "language": "pl-PL", "thumbnail": null, "age": null, "page_rating_contents": 0, "page_rating_votes": 0, "page_rating_visits": 0, "page_rating": 0, "tags": [], "comments": [], "vote": 0}, {"source": "https://tvn24.pl/najwazniejsze.xml", "title": "Mistrz \u015bwiata podejrzewany o spowodowanie \u015bmierci \u017cony", "description": "<img alt=\"Mistrz \u015bwiata podejrzewany o spowodowanie \u015bmierci \u017cony\" src=\"https://tvn24.pl/najnowsze/cdn-zdjecie-t553hj-rohan-dennis-7663397/alternates/LANDSCAPE_1280\" />\n    13 marca stanie przed s\u0105dem.", "link": "https://eurosport.tvn24.pl/kolarstwo/rohan-dennis-oskarzony-o-zabicie-zony_sto9939768/story.shtml?source=rss", "date_published": "2023-12-31T15:14:00+00:00", "permanent": false, "bookmarked": false, "dead": false, "artist": "TNV24 Najwa\u017cniejsze", "album": "TNV24 Najwa\u017cniejsze", "user": null, "language": "pl-PL", "thumbnail": null, "age": null, "page_rating_contents": 0, "page_rating_votes": 0, "page_rating_visits": 0, "page_rating": 0, "tags": [], "comments": [], "vote": 0}, {"source": "https://tvn24.pl/najwazniejsze.xml", "title": "Z rzeki wy\u0142owili kobiet\u0119. Nie uda\u0142o si\u0119 jej uratowa\u0107", "description": "<img alt=\"Z rzeki wy\u0142owili kobiet\u0119. Nie uda\u0142o si\u0119 jej uratowa\u0107\" src=\"https://tvn24.pl/najnowsze/cdn-zdjecie-uyxyhg-brutalne-zabojstwo-60-letniej-kobiety-7439944/alternates/LANDSCAPE_1280\" />\n    W Kole (woj. wielkopolskie).", "link": "https://tvn24.pl/poznan/kolo-z-rzeki-wydobyli-kobiete-nie-udalo-sie-jej-uratowac-7663390?source=rss", "date_published": "2023-12-31T15:13:47+00:00", "permanent": false, "bookmarked": false, "dead": false, "artist": "TNV24 Najwa\u017cniejsze", "album": "TNV24 Najwa\u017cniejsze", "user": null, "language": "pl-PL", "thumbnail": null, "age": null, "page_rating_contents": 0, "page_rating_votes": 0, "page_rating_visits": 0, "page_rating": 0, "tags": [], "comments": [], "vote": 0}, {"source": "https://tvn24.pl/najwazniejsze.xml", "title": "Tusk na koniec 2023 roku", "description": "<img alt=\"Tusk na koniec 2023 roku\" src=\"https://tvn24.pl/najnowsze/cdn-zdjecie-8y0nq8-tusk-klip_03-7663408/alternates/LANDSCAPE_1280\" />\n    Premier w nagraniu.", "link": "https://tvn24.pl/polska/donald-tusk-w-nagraniu-podsumowujacym-2023-rok-bedziemy-mogli-naprawiac-krzywdy-zeby-wszyscy-w-polsce-poczuli-sie-jak-w-domu-7663383?source=rss", "date_published": "2023-12-31T15:13:32+00:00", "permanent": false, "bookmarked": false, "dead": false, "artist": "TNV24 Najwa\u017cniejsze", "album": "TNV24 Najwa\u017cniejsze", "user": null, "language": "pl-PL", "thumbnail": null, "age": null, "page_rating_contents": 0, "page_rating_votes": 0, "page_rating_visits": 0, "page_rating": 0, "tags": [], "comments": [], "vote": 0}, {"source": "https://tvn24.pl/najwazniejsze.xml", "title": "Sp\u0119dzacie sylwestra na \u015bwie\u017cym powietrzu? Sprawd\u017acie najnowsz\u0105 prognoz\u0119 pogody", "description": "<img alt=\"Sp\u0119dzacie sylwestra na \u015bwie\u017cym powietrzu? Sprawd\u017acie najnowsz\u0105 prognoz\u0119 pogody\" src=\"https://tvn24.pl/najnowsze/cdn-zdjecie-1f62lh-zakopane-sylwester-nowy-rok-fajerwerki-shutterstock_2118566765-7663318/alternates/LANDSCAPE_1280\" />\n    Sprawd\u017a prognoz\u0119 na noc sylwestrow\u0105 i Nowy Rok.", "link": "https://tvn24.pl/tvnmeteo/prognoza/pogoda-na-noc-sylwestrowa-i-nowy-rok-2024-st7663284?source=rss", "date_published": "2023-12-31T14:10:42+00:00", "permanent": false, "bookmarked": false, "dead": false, "artist": "TNV24 Najwa\u017cniejsze", "album": "TNV24 Najwa\u017cniejsze", "user": null, "language": "pl-PL", "thumbnail": null, "age": null, "page_rating_contents": 0, "page_rating_votes": 0, "page_rating_visits": 0, "page_rating": 0, "tags": [], "comments": [], "vote": 0}, {"source": "https://tvn24.pl/najwazniejsze.xml", "title": "Nie wszyscy Polacy przebrn\u0119li przez kwalifikacje w Ga-Pa", "description": "<img alt=\"Nie wszyscy Polacy przebrn\u0119li przez kwalifikacje w Ga-Pa\" src=\"https://tvn24.pl/najnowsze/cdn-zdjecie-apk0xo-kamil-stoch-oberstdorf-7663345/alternates/LANDSCAPE_1280\" />\n    Konkurs w poniedzia\u0142ek.", "link": "https://eurosport.tvn24.pl/skoki-narciarskie/garmisch-partenkirchen/2023-2024/skoki-narciarskie-garmisch-partenkirchen-2023.-kwalifikacje-wyniki-i-relacja-72.-turniej-czterech-sk_sto9939827/story.shtml?source=rss", "date_published": "2023-12-31T14:01:28+00:00", "permanent": false, "bookmarked": false, "dead": false, "artist": "TNV24 Najwa\u017cniejsze", "album": "TNV24 Najwa\u017cniejsze", "user": null, "language": "pl-PL", "thumbnail": null, "age": null, "page_rating_contents": 0, "page_rating_votes": 0, "page_rating_visits": 0, "page_rating": 0, "tags": [], "comments": [], "vote": 0}, {"source": "https://tvn24.pl/najwazniejsze.xml", "title": "Podatek od nieruchomo\u015bci w g\u00f3r\u0119", "description": "<img alt=\"Podatek od nieruchomo\u015bci w g\u00f3r\u0119\" src=\"https://tvn24.pl/najnowsze/cdn-zdjecie-13kv33-niedoszly-zlodziej-wszedl-do-mieszkania-przez-uchylone-okno-zdj-ilustracyjne-7442587/alternates/LANDSCAPE_1280\" />\n    Wzrosn\u0105 maksymalne stawki.", "link": "https://tvn24.pl/biznes/nieruchomosci/podatek-od-nieruchomosci-2024-maksymalne-stawki-w-gore-st7663223?source=rss", "date_published": "2023-12-31T13:43:51+00:00", "permanent": false, "bookmarked": false, "dead": false, "artist": "TNV24 Najwa\u017cniejsze", "album": "TNV24 Najwa\u017cniejsze", "user": null, "language": "pl-PL", "thumbnail": null, "age": null, "page_rating_contents": 0, "page_rating_votes": 0, "page_rating_visits": 0, "page_rating": 0, "tags": [], "comments": [], "vote": 0}, {"source": "https://tvn24.pl/najwazniejsze.xml", "title": "O\u015bmiolatka w pi\u017camce chodzi\u0142a w nocy sama po ulicy. Rodzice spali pijani w domu", "description": "<img alt=\"O\u015bmiolatka w pi\u017camce chodzi\u0142a w nocy sama po ulicy. Rodzice spali pijani w domu\" src=\"https://tvn24.pl/najnowsze/cdn-zdjecie-5jd9oa-jedno-z-dzieci-bylo-na-jezdni-drugie-na-chodniku-zdjecie-ilustracyjne-7348986/alternates/LANDSCAPE_1280\" />\n    \"Dziewczynka trz\u0119s\u0142a si\u0119 z zimna\".", "link": "https://tvn24.pl/lublin/wlodawa-8-latka-w-pizamce-chodzila-w-nocy-sama-po-ulicy-rodzice-spali-pijani-w-domu-7663244?source=rss", "date_published": "2023-12-31T13:14:00+00:00", "permanent": false, "bookmarked": false, "dead": false, "artist": "TNV24 Najwa\u017cniejsze", "album": "TNV24 Najwa\u017cniejsze", "user": null, "language": "pl-PL", "thumbnail": null, "age": null, "page_rating_contents": 0, "page_rating_votes": 0, "page_rating_visits": 0, "page_rating": 0, "tags": [], "comments": [], "vote": 0}, {"source": "https://tvn24.pl/najwazniejsze.xml", "title": "Bezprecedensowy atak, wielkie straty Rosji, najtrudniejszy miesi\u0105c dla ukrai\u0144skich si\u0142 zbrojnych", "description": "<img alt=\"Bezprecedensowy atak, wielkie straty Rosji, najtrudniejszy miesi\u0105c dla ukrai\u0144skich si\u0142 zbrojnych  \" src=\"https://tvn24.pl/najnowsze/cdn-zdjecie-9cm685-ukraina-wojsko-7663186/alternates/LANDSCAPE_1280\" />\n    Podsumowujemy miniony tydzie\u0144 walk w Ukrainie.", "link": "https://tvn24.pl/swiat/tydzien-w-ukrainie-bezprecedensowy-atak-rakietowy-rosja-stracila-desantowiec-najtrudniejszy-miesiac-dla-sil-ukrainskich-7662788?source=rss", "date_published": "2023-12-31T13:09:34+00:00", "permanent": false, "bookmarked": false, "dead": false, "artist": "TNV24 Najwa\u017cniejsze", "album": "TNV24 Najwa\u017cniejsze", "user": null, "language": "pl-PL", "thumbnail": null, "age": null, "page_rating_contents": 0, "page_rating_votes": 0, "page_rating_visits": 0, "page_rating": 0, "tags": [], "comments": [], "vote": 0}, {"source": "https://tvn24.pl/najwazniejsze.xml", "title": "Porzucony szczeniak w centrum miasta. Stra\u017cnicy o \"nieudanym prezencie \u015bwi\u0105tecznym\"", "description": "<img alt=\"Porzucony szczeniak w centrum miasta. Stra\u017cnicy o \" src=\"https://tvn24.pl/najnowsze/cdn-zdjecie-g502zw-zwierze-trafilo-do-schroniska-7663231/alternates/LANDSCAPE_1280\" />\n    Sprawcy grozi kara do trzech lat wi\u0119zienia.", "link": "https://tvn24.pl/lodz/lodz-porzucony-szczeniak-w-kartonie-straz-miejska-szuka-sprawcy-7663202?source=rss", "date_published": "2023-12-31T12:59:37+00:00", "permanent": false, "bookmarked": false, "dead": false, "artist": "TNV24 Najwa\u017cniejsze", "album": "TNV24 Najwa\u017cniejsze", "user": null, "language": "pl-PL", "thumbnail": null, "age": null, "page_rating_contents": 0, "page_rating_votes": 0, "page_rating_visits": 0, "page_rating": 0, "tags": [], "comments": [], "vote": 0}, {"source": "https://tvn24.pl/najwazniejsze.xml", "title": "Ukrad\u0142 46 milion\u00f3w dolar\u00f3w i \"my\u015bla\u0142, \u017ce to gra\"", "description": "<img alt=\"Ukrad\u0142 46 milion\u00f3w dolar\u00f3w i \" src=\"https://tvn24.pl/najnowsze/cdn-zdjecie-n7e0wx-filmdokumentalny-7663253/alternates/LANDSCAPE_1280\" />\n    Historia najwi\u0119kszej, indywidualnej kradzie\u017cy kryptowalut, kt\u00f3ra zosta\u0142a zaplanowana przez 17-letniego ch\u0142opaka.", "link": "https://tvn24.pl/go/programy,7/filmy-dokumentalne-odcinki,74501/odcinek-3200,S00E3200,1248014?source=rss", "date_published": "2023-12-31T12:50:52+00:00", "permanent": false, "bookmarked": false, "dead": false, "artist": "TNV24 Najwa\u017cniejsze", "album": "TNV24 Najwa\u017cniejsze", "user": null, "language": "pl-PL", "thumbnail": null, "age": null, "page_rating_contents": 0, "page_rating_votes": 0, "page_rating_visits": 0, "page_rating": 0, "tags": [], "comments": [], "vote": 0}, {"source": "https://tvn24.pl/najwazniejsze.xml", "title": "\"Og\u0142uszaj\u0105ca kakofonia pobitych rekord\u00f3w\". W 2023 by\u0142o \u017ale, w nowym roku mo\u017ce nie by\u0107 lepiej", "description": "<img alt=\"\" src=\"https://tvn24.pl/tvnmeteo/najnowsze/cdn-zdjecie-5h9gzv-zmiany-klimatu-wplywaja-na-powstanie-zagrazajacych-zyciu-powodzi-5573263/alternates/LANDSCAPE_1280\" />\n    2023 to rok, w kt\u00f3rym w klimacie dzia\u0142o si\u0119 wiele.", "link": "https://tvn24.pl/tvnmeteo/nauka/2023-rok-w-klimacie-ogluszajaca-kakofonia-pobitych-rekordow-bylo-zle-moze-byc-jeszcze-gorzej-st7641900?source=rss", "date_published": "2023-12-31T12:50:44+00:00", "permanent": false, "bookmarked": false, "dead": false, "artist": "TNV24 Najwa\u017cniejsze", "album": "TNV24 Najwa\u017cniejsze", "user": null, "language": "pl-PL", "thumbnail": null, "age": null, "page_rating_contents": 0, "page_rating_votes": 0, "page_rating_visits": 0, "page_rating": 0, "tags": [], "comments": [], "vote": 0}, {"source": "https://tvn24.pl/najwazniejsze.xml", "title": "Tak \u015bwiat wita Nowy Rok", "description": "<img alt=\"Tak \u015bwiat wita Nowy Rok\" src=\"https://tvn24.pl/najnowsze/cdn-zdjecie-itm402-tancerze-podczas-sylwestrowej-parady-w-czasie-obchodow-sylwestra-przy-glownej-drodze-w-miejscowosci-denpasar-na-bali-w-indonezji-7663225/alternates/LANDSCAPE_1280\" />\n    Relacja z ostatniego dnia mijaj\u0105cego roku.", "link": "https://tvn24.pl/swiat/sylwester-2023-i-nowy-rok-2024-jak-swiat-wchodzi-w-nowy-rok-relacja-7663208?source=rss", "date_published": "2023-12-31T12:50:24+00:00", "permanent": false, "bookmarked": false, "dead": false, "artist": "TNV24 Najwa\u017cniejsze", "album": "TNV24 Najwa\u017cniejsze", "user": null, "language": "pl-PL", "thumbnail": null, "age": null, "page_rating_contents": 0, "page_rating_votes": 0, "page_rating_visits": 0, "page_rating": 0, "tags": [], "comments": [], "vote": 0}, {"source": "https://tvn24.pl/najwazniejsze.xml", "title": "Druga ods\u0142ona Turnieju Czterech Skoczni. Kwalifikacje w Garmisch-Partenkirchen", "description": "<img alt=\"Druga ods\u0142ona Turnieju Czterech Skoczni. Kwalifikacje w Garmisch-Partenkirchen\" src=\"https://tvn24.pl/najnowsze/cdn-zdjecie-30hicf-zyla-w-locie-7653483/alternates/LANDSCAPE_1280\" />\n    Wyniki i relacja na \u017cywo w Eurosport.pl.", "link": "https://eurosport.tvn24.pl/skoki-narciarskie/garmisch-partenkirchen-1/2023-2024/liveevent.shtml?source=rss", "date_published": "2023-12-31T12:44:38+00:00", "permanent": false, "bookmarked": false, "dead": false, "artist": "TNV24 Najwa\u017cniejsze", "album": "TNV24 Najwa\u017cniejsze", "user": null, "language": "pl-PL", "thumbnail": null, "age": null, "page_rating_contents": 0, "page_rating_votes": 0, "page_rating_visits": 0, "page_rating": 0, "tags": [], "comments": [], "vote": 0}, {"source": "https://tvn24.pl/najwazniejsze.xml", "title": "Niedziele handlowe w 2024 roku. Kiedy b\u0119d\u0105 otwarte wi\u0119ksze sklepy?", "description": "<img alt=\"Niedziele handlowe w 2024 roku. Kiedy b\u0119d\u0105 otwarte wi\u0119ksze sklepy?\" src=\"https://tvn24.pl/najnowsze/cdn-zdjecie-nd1t8b-sklepy-zakupy-inflacja-7438523/alternates/LANDSCAPE_1280\" />\n    Kalendarz handlowy.", "link": "https://tvn24.pl/biznes/z-kraju/zakaz-handlu-w-niedziele-2024-niedziele-handlowe-w-2024-roku-kalendarz-handlowy-st7663201?source=rss", "date_published": "2023-12-31T12:28:55+00:00", "permanent": false, "bookmarked": false, "dead": false, "artist": "TNV24 Najwa\u017cniejsze", "album": "TNV24 Najwa\u017cniejsze", "user": null, "language": "pl-PL", "thumbnail": null, "age": null, "page_rating_contents": 0, "page_rating_votes": 0, "page_rating_visits": 0, "page_rating": 0, "tags": [], "comments": [], "vote": 0}, {"source": "https://tvn24.pl/najwazniejsze.xml", "title": "Rosjanie \"dali prezent na Nowy Rok\"", "description": "<img alt=\"Rosjanie \" src=\"https://tvn24.pl/najnowsze/cdn-zdjecie-wezuxh-mieszkanka-charkowa-zaatakowanego-przez-sily-rosyjskie-7663206/alternates/LANDSCAPE_1280\" />\n    Kolejny atak si\u0142 rosyjskich na centrum Charkowa.", "link": "https://tvn24.pl/swiat/ukraina-charkow-pocisk-iskander-spadl-na-hotel-w-centrum-miasta-sa-ranni-7662791?source=rss", "date_published": "2023-12-31T12:19:13+00:00", "permanent": false, "bookmarked": false, "dead": false, "artist": "TNV24 Najwa\u017cniejsze", "album": "TNV24 Najwa\u017cniejsze", "user": null, "language": "pl-PL", "thumbnail": null, "age": null, "page_rating_contents": 0, "page_rating_votes": 0, "page_rating_visits": 0, "page_rating": 0, "tags": [], "comments": [], "vote": 0}, {"source": "https://tvn24.pl/najwazniejsze.xml", "title": "Du\u017ce zmiany w Bu\u0142garii i Rumunii. Jest jednog\u0142o\u015bna decyzja", "description": "<img alt=\"Du\u017ce zmiany w Bu\u0142garii i Rumunii. Jest jednog\u0142o\u015bna decyzja\" src=\"https://tvn24.pl/najnowsze/cdn-zdjecie-04kt9h-sofia-bulgaria-s-shutterstock605510027-5051298/alternates/LANDSCAPE_1280\" />\n    Poinformowa\u0142a Rada Unii Europejskiej.", "link": "https://tvn24.pl/biznes/turystyka/bulgaria-i-rumunia-w-strefie-schengen-rada-unii-europejskiej-o-szczegolach-st7663139?source=rss", "date_published": "2023-12-31T12:06:30+00:00", "permanent": false, "bookmarked": false, "dead": false, "artist": "TNV24 Najwa\u017cniejsze", "album": "TNV24 Najwa\u017cniejsze", "user": null, "language": "pl-PL", "thumbnail": null, "age": null, "page_rating_contents": 0, "page_rating_votes": 0, "page_rating_visits": 0, "page_rating": 0, "tags": [], "comments": [], "vote": 0}, {"source": "https://tvn24.pl/najwazniejsze.xml", "title": "\"To nie jest likwidacja medi\u00f3w publicznych. To jest likwidacja waszego szarog\u0119szenia\"", "description": "<img alt=\"\" src=\"https://tvn24.pl/najnowsze/cdn-zdjecie-p0xi3v-31-1045-kawa-cl-0005-7663031/alternates/LANDSCAPE_1280\" />\n    Dyskusja w \"Kawie na \u0142aw\u0119\".", "link": "https://tvn24.pl/polska/zmiany-w-mediach-publicznych-dyskusja-politykow-w-kawie-na-lawe-to-jest-likwidacja-waszego-szarogeszenia-7663066?source=rss", "date_published": "2023-12-31T11:57:50+00:00", "permanent": false, "bookmarked": false, "dead": false, "artist": "TNV24 Najwa\u017cniejsze", "album": "TNV24 Najwa\u017cniejsze", "user": null, "language": "pl-PL", "thumbnail": null, "age": null, "page_rating_contents": 0, "page_rating_votes": 0, "page_rating_visits": 0, "page_rating": 0, "tags": [], "comments": [], "vote": 0}, {"source": "https://tvn24.pl/najwazniejsze.xml", "title": "Zamiast do Czech, wjecha\u0142 do parku narodowego. Twierdzi, \u017ce \"zaufa\u0142 nawigacji\"", "description": "<img alt=\"Zamiast do Czech, wjecha\u0142 do parku narodowego. Twierdzi, \u017ce \" src=\"https://tvn24.pl/najnowsze/cdn-zdjecie-qob4li-kierowca-zostal-ukarany-mandatem-w-wysokosci-tysiaca-zlotych-7663172/alternates/LANDSCAPE_1280\" />\n    Obywatel Niemiec dosta\u0142 tysi\u0105c z\u0142otych mandatu.", "link": "https://tvn24.pl/wroclaw/jagniatkow-wjechal-samochodem-do-parku-narodowego-twierdzi-ze-zaufal-nawigacji-7663171?source=rss", "date_published": "2023-12-31T11:52:39+00:00", "permanent": false, "bookmarked": false, "dead": false, "artist": "TNV24 Najwa\u017cniejsze", "album": "TNV24 Najwa\u017cniejsze", "user": null, "language": "pl-PL", "thumbnail": null, "age": null, "page_rating_contents": 0, "page_rating_votes": 0, "page_rating_visits": 0, "page_rating": 0, "tags": [], "comments": [], "vote": 0}, {"source": "https://tvn24.pl/najwazniejsze.xml", "title": "Jak dobrze wej\u015b\u0107 w nowy rok? Psycholo\u017cka radzi \"mikro korekty\" zamiast twardych postanowie\u0144", "description": "<img alt=\"Jak dobrze wej\u015b\u0107 w nowy rok? Psycholo\u017cka radzi \" src=\"https://tvn24.pl/najnowsze/cdn-zdjecie-gb6iw1-joanna-heidtman-7662975/alternates/LANDSCAPE_1280\" />\n    Joanna Heidtman by\u0142a go\u015bcini\u0105 programu \"Wstajesz i weekend\".", "link": "https://tvn24.pl/polska/postanowienia-na-nowy-rok-2024-psycholog-radzi-jak-do-tego-podejsc-7662946?source=rss", "date_published": "2023-12-31T11:46:25+00:00", "permanent": false, "bookmarked": false, "dead": false, "artist": "TNV24 Najwa\u017cniejsze", "album": "TNV24 Najwa\u017cniejsze", "user": null, "language": "pl-PL", "thumbnail": null, "age": null, "page_rating_contents": 0, "page_rating_votes": 0, "page_rating_visits": 0, "page_rating": 0, "tags": [], "comments": [], "vote": 0}, {"source": "https://tvn24.pl/najwazniejsze.xml", "title": "Ceny pr\u0105du w\u00a02024 roku. Zmiany wesz\u0142y w \u017cycie", "description": "<img alt=\"Ceny pr\u0105du w\u00a02024 roku. Zmiany wesz\u0142y w \u017cycie\" src=\"https://tvn24.pl/najnowsze/cdn-zdjecie-94m9rm-prad-listwa-zasilanie-wlacznik-wylacznik-przedluzacz-wtyczka-shutterstock_566836174-5412254/alternates/LANDSCAPE_1280\" />\n    W niedziel\u0119.", "link": "https://tvn24.pl/biznes/z-kraju/ceny-energii-w2024-roku-ustawa-weszla-w-zycie-st7663042?source=rss", "date_published": "2023-12-31T11:03:25+00:00", "permanent": false, "bookmarked": false, "dead": false, "artist": "TNV24 Najwa\u017cniejsze", "album": "TNV24 Najwa\u017cniejsze", "user": null, "language": "pl-PL", "thumbnail": null, "age": null, "page_rating_contents": 0, "page_rating_votes": 0, "page_rating_visits": 0, "page_rating": 0, "tags": [], "comments": [], "vote": 0}, {"source": "https://tvn24.pl/najwazniejsze.xml", "title": "Pogoda na 16 dni: dojdzie do starcia dw\u00f3ch kolos\u00f3w", "description": "<img alt=\"Pogoda na 16 dni: dojdzie do starcia dw\u00f3ch kolos\u00f3w\" src=\"https://tvn24.pl/tvnmeteo/najnowsze/cdn-zdjecie-jcb10-pogoda-na-16-dni-7663097/alternates/LANDSCAPE_1280\" />\n    Autorska d\u0142ugoterminowa prognoza pogody Tomasza Wasilewskiego z tvnmeteo.pl.", "link": "https://tvn24.pl/tvnmeteo/pogoda/pogoda-na-16-dni-dojdzie-do-starcia-dwoch-kolosow-st7663079?source=rss", "date_published": "2023-12-31T10:57:39+00:00", "permanent": false, "bookmarked": false, "dead": false, "artist": "TNV24 Najwa\u017cniejsze", "album": "TNV24 Najwa\u017cniejsze", "user": null, "language": "pl-PL", "thumbnail": null, "age": null, "page_rating_contents": 0, "page_rating_votes": 0, "page_rating_visits": 0, "page_rating": 0, "tags": [], "comments": [], "vote": 0}, {"source": "https://tvn24.pl/najwazniejsze.xml", "title": "Chcia\u0142a \"postraszy\u0107\" znajomego, odpowie za zab\u00f3jstwo", "description": "<img alt=\"Chcia\u0142a \" src=\"https://tvn24.pl/najnowsze/cdn-zdjecie-99t1uj-do-zdarzenia-doszlo-na-jednym-z-krosnienskich-osiedli-6930915/alternates/LANDSCAPE_1280\" />\n    32-latce grozi do\u017cywocie.", "link": "https://tvn24.pl/rzeszow/krosno-ugodzila-nozem-znajomego-mezczyzna-zmarl-sledczym-tlumaczyla-ze-nie-chciala-zabic-a-jedynie-postraszyc-odpowie-za-zabojstwo-7662917?source=rss", "date_published": "2023-12-31T10:45:22+00:00", "permanent": false, "bookmarked": false, "dead": false, "artist": "TNV24 Najwa\u017cniejsze", "album": "TNV24 Najwa\u017cniejsze", "user": null, "language": "pl-PL", "thumbnail": null, "age": null, "page_rating_contents": 0, "page_rating_votes": 0, "page_rating_visits": 0, "page_rating": 0, "tags": [], "comments": [], "vote": 0}, {"source": "https://tvn24.pl/najwazniejsze.xml", "title": "Dezinformacja w 2023 roku. Pi\u0119\u0107 nowych trend\u00f3w", "description": "<img alt=\"Dezinformacja w 2023 roku. Pi\u0119\u0107 nowych trend\u00f3w\" src=\"https://tvn24.pl/najnowsze/cdn-zdjecie-2fs4rh-piec-nowych-trendow-w-dezinformacji-w-2023-roku-7651785/alternates/LANDSCAPE_1280\" />\n    Podsumowanie.", "link": "https://konkret24.tvn24.pl/polityka/dezinformacja-w-2023-roku-piec-nowych-trendow-st7653041?source=rss", "date_published": "2023-12-31T10:27:19+00:00", "permanent": false, "bookmarked": false, "dead": false, "artist": "TNV24 Najwa\u017cniejsze", "album": "TNV24 Najwa\u017cniejsze", "user": null, "language": "pl-PL", "thumbnail": null, "age": null, "page_rating_contents": 0, "page_rating_votes": 0, "page_rating_visits": 0, "page_rating": 0, "tags": [], "comments": [], "vote": 0}, {"source": "https://tvn24.pl/najwazniejsze.xml", "title": "Zdawa\u0142a egzamin w Gdyni, w tym czasie zatrzymano \"jej\" prawo jazdy w stolicy", "description": "<img alt=\"Zdawa\u0142a egzamin w Gdyni, w tym czasie zatrzymano \" src=\"https://tvn24.pl/tvnwarszawa/najnowsze/cdn-zdjecie-idqbp4-do-kontroli-doszlo-na-ulicy-sobieskiego-7653429/alternates/LANDSCAPE_1280\" />\n    \u015aledczy ju\u017c wiedz\u0105, co si\u0119 sta\u0142o.", "link": "https://tvn24.pl/tvnwarszawa/najnowsze/warszawa-zdawala-egzamin-w-gdyni-w-tym-czasie-zatrzymano-jej-prawo-jazdy-w-stolicy-sledczy-wiedza-co-sie-stalo-st7653217?source=rss", "date_published": "2023-12-31T10:21:20+00:00", "permanent": false, "bookmarked": false, "dead": false, "artist": "TNV24 Najwa\u017cniejsze", "album": "TNV24 Najwa\u017cniejsze", "user": null, "language": "pl-PL", "thumbnail": null, "age": null, "page_rating_contents": 0, "page_rating_votes": 0, "page_rating_visits": 0, "page_rating": 0, "tags": [], "comments": [], "vote": 0}, {"source": "https://tvn24.pl/najwazniejsze.xml", "title": "Od jutra zakaz w kilku wojew\u00f3dztwach. Kara mo\u017ce si\u0119gn\u0105\u0107 pi\u0119ciu tysi\u0119cy z\u0142otych", "description": "<img alt=\"Od jutra zakaz w kilku wojew\u00f3dztwach. Kara mo\u017ce si\u0119gn\u0105\u0107 pi\u0119ciu tysi\u0119cy z\u0142otych\" src=\"https://tvn24.pl/najnowsze/cdn-zdjecie-nlc92s-uwaga-na-smog-5648893/alternates/LANDSCAPE_1280\" />\n    Szczeg\u00f3\u0142y.", "link": "https://tvn24.pl/biznes/z-kraju/kopciuchy-z-zakazem-od-1-stycznia-2024-roku-lista-wojewodztw-st7662933?source=rss", "date_published": "2023-12-31T10:13:20+00:00", "permanent": false, "bookmarked": false, "dead": false, "artist": "TNV24 Najwa\u017cniejsze", "album": "TNV24 Najwa\u017cniejsze", "user": null, "language": "pl-PL", "thumbnail": null, "age": null, "page_rating_contents": 0, "page_rating_votes": 0, "page_rating_visits": 0, "page_rating": 0, "tags": [], "comments": [], "vote": 0}, {"source": "https://tvn24.pl/najwazniejsze.xml", "title": "By\u0142 nieprzytomny, kiedy postawiono mu zarzuty zab\u00f3jstwa. 37-latek zmar\u0142", "description": "<img alt=\"By\u0142 nieprzytomny, kiedy postawiono mu zarzuty zab\u00f3jstwa. 37-latek zmar\u0142\" src=\"https://tvn24.pl/najnowsze/cdn-zdjecie-site4s-okolicznosci-tragedii-bada-policja-zdjecie-ilustracyjne-7378167/alternates/LANDSCAPE_1280\" />\n    M\u0119\u017cczyzna by\u0142 podejrzany o zabicie 81-letniej \u0142odzianki.", "link": "https://tvn24.pl/lodz/lodz-zabojstwo-81-latki-podejrzany-37-latek-nie-zyje-sledztwo-zostalo-umorzone-7663020?source=rss", "date_published": "2023-12-31T10:10:38+00:00", "permanent": false, "bookmarked": false, "dead": false, "artist": "TNV24 Najwa\u017cniejsze", "album": "TNV24 Najwa\u017cniejsze", "user": null, "language": "pl-PL", "thumbnail": null, "age": null, "page_rating_contents": 0, "page_rating_votes": 0, "page_rating_visits": 0, "page_rating": 0, "tags": [], "comments": [], "vote": 0}, {"source": "https://tvn24.pl/najwazniejsze.xml", "title": "Zw\u0142oki kobiety w stawie. Cia\u0142o 36-latki zauwa\u017cy\u0142 spacerowicz", "description": "<img alt=\"Zw\u0142oki kobiety w stawie. Cia\u0142o 36-latki zauwa\u017cy\u0142 spacerowicz\" src=\"https://tvn24.pl/tvnwarszawa/najnowsze/cdn-zdjecie-shhmq9-w-stawie-odnaleziono-cialo-7662943/alternates/LANDSCAPE_1280\" />\n    Policja ustala okoliczno\u015bci jej \u015bmierci.", "link": "https://tvn24.pl/tvnwarszawa/najnowsze/kroczewo-cialo-kobiety-w-stawie-w-parku-st7662932?source=rss", "date_published": "2023-12-31T09:50:44+00:00", "permanent": false, "bookmarked": false, "dead": false, "artist": "TNV24 Najwa\u017cniejsze", "album": "TNV24 Najwa\u017cniejsze", "user": null, "language": "pl-PL", "thumbnail": null, "age": null, "page_rating_contents": 0, "page_rating_votes": 0, "page_rating_visits": 0, "page_rating": 0, "tags": [], "comments": [], "vote": 0}, {"source": "https://tvn24.pl/najwazniejsze.xml", "title": "Je\u015bli ju\u017c strzela\u0107 z fajerwerk\u00f3w, to tylko w taki spos\u00f3b", "description": "<img alt=\"Je\u015bli ju\u017c strzela\u0107 z fajerwerk\u00f3w, to tylko w taki spos\u00f3b\" src=\"https://tvn24.pl/najnowsze/cdn-zdjecie-pyp96t-sluzby-kontroluja-punkty-sprzedazy-fajerwerkow-7663002/alternates/LANDSCAPE_1280\" />\n    Podstawowe zasady bezpiecze\u0144stwa.", "link": "https://tvn24.pl/lodz/noc-sylwestrowa-jak-bezpiecznie-korzystac-z-fajerwerkow-podstawowe-zasady-bezpieczenstwa-7662980?source=rss", "date_published": "2023-12-31T09:37:32+00:00", "permanent": false, "bookmarked": false, "dead": false, "artist": "TNV24 Najwa\u017cniejsze", "album": "TNV24 Najwa\u017cniejsze", "user": null, "language": "pl-PL", "thumbnail": null, "age": null, "page_rating_contents": 0, "page_rating_votes": 0, "page_rating_visits": 0, "page_rating": 0, "tags": [], "comments": [], "vote": 0}, {"source": "https://tvn24.pl/najwazniejsze.xml", "title": "By\u0142 prezydentem przez 13 lat. Wi\u0119cej ju\u017c nie mo\u017ce", "description": "<img alt=\"By\u0142 prezydentem przez 13 lat. Wi\u0119cej ju\u017c nie mo\u017ce\" src=\"https://tvn24.pl/najnowsze/cdn-zdjecie-kohcwv-evo-morales-7662876/alternates/LANDSCAPE_1280\" />\n    Po wyroku Trybuna\u0142u Konstytucyjnego.", "link": "https://tvn24.pl/swiat/boliwia-evo-morales-nie-moze-ubiegac-sie-o-urzad-prezydenta-7662900?source=rss", "date_published": "2023-12-31T09:02:25+00:00", "permanent": false, "bookmarked": false, "dead": false, "artist": "TNV24 Najwa\u017cniejsze", "album": "TNV24 Najwa\u017cniejsze", "user": null, "language": "pl-PL", "thumbnail": null, "age": null, "page_rating_contents": 0, "page_rating_votes": 0, "page_rating_visits": 0, "page_rating": 0, "tags": [], "comments": [], "vote": 0}, {"source": "https://tvn24.pl/najwazniejsze.xml", "title": "Jak \"kozacy\" stali si\u0119 \"idiotami\". Przestajemy by\u0107 drogowym piek\u0142em", "description": "<img alt=\"Jak \" src=\"https://tvn24.pl/najnowsze/cdn-zdjecie-9bcmh-smiertelny-wypadek-w-okolicach-przystanku-grenadierow-na-alei-waszyngtona-7430176/alternates/LANDSCAPE_1280\" />\n    Wiemy, jak zmieni\u0142y si\u0119 statystyki wypadk\u00f3w w por\u00f3wnaniu do 2022 roku.", "link": "https://tvn24.pl/lodz/statystyki-wypadkow-w-2023-roku-lepsze-niz-rok-temu-polska-zbliza-sie-do-europejskiej-sredniej-7544272?source=rss", "date_published": "2023-12-31T09:01:31+00:00", "permanent": false, "bookmarked": false, "dead": false, "artist": "TNV24 Najwa\u017cniejsze", "album": "TNV24 Najwa\u017cniejsze", "user": null, "language": "pl-PL", "thumbnail": null, "age": null, "page_rating_contents": 0, "page_rating_votes": 0, "page_rating_visits": 0, "page_rating": 0, "tags": [], "comments": [], "vote": 0}, {"source": "https://tvn24.pl/najwazniejsze.xml", "title": "Wakacje kredytowe nie dla wszystkich ch\u0119tnych", "description": "<img alt=\"Wakacje kredytowe nie dla wszystkich ch\u0119tnych\" src=\"https://tvn24.pl/najnowsze/cdn-zdjecie-lkvkoy-komputer-podatki-platnosc-bankowosc-cyberbezpieczenstwo-6721732/alternates/LANDSCAPE_1280\" />\n    Wyliczenia ekonomisty Rafa\u0142a Mundrego.", "link": "https://tvn24.pl/biznes/pieniadze/wakacje-kredytowe-2024-parametr-raty-do-dochodu-rata-a-dochody-wyliczenia-ekonomisty-rafala-mundrego-st7662875?source=rss", "date_published": "2023-12-31T08:44:21+00:00", "permanent": false, "bookmarked": false, "dead": false, "artist": "TNV24 Najwa\u017cniejsze", "album": "TNV24 Najwa\u017cniejsze", "user": null, "language": "pl-PL", "thumbnail": null, "age": null, "page_rating_contents": 0, "page_rating_votes": 0, "page_rating_visits": 0, "page_rating": 0, "tags": [], "comments": [], "vote": 0}, {"source": "https://tvn24.pl/najwazniejsze.xml", "title": "Mieszka\u0144cy Poland powitali Nowy Rok jako pierwsi na \u015bwiecie", "description": "<img alt=\"Mieszka\u0144cy Poland powitali Nowy Rok jako pierwsi na \u015bwiecie\" src=\"https://tvn24.pl/tvnmeteo/najnowsze/cdn-zdjecie-umth4y-wioska-poland-polozona-na-atolu-kiritimati-7662890/alternates/LANDSCAPE_1280\" />\n    Wioska po\u0142o\u017cona jest na Pacyfiku.", "link": "https://tvn24.pl/tvnmeteo/swiat/nowy-rok-2024-kto-powita-nowy-rok-jako-pierwszy-mieszkancy-wioski-poland-st7662859?source=rss", "date_published": "2023-12-31T08:15:01+00:00", "permanent": false, "bookmarked": false, "dead": false, "artist": "TNV24 Najwa\u017cniejsze", "album": "TNV24 Najwa\u017cniejsze", "user": null, "language": "pl-PL", "thumbnail": null, "age": null, "page_rating_contents": 0, "page_rating_votes": 0, "page_rating_visits": 0, "page_rating": 0, "tags": [], "comments": [], "vote": 0}, {"source": "https://tvn24.pl/najwazniejsze.xml", "title": "2023 rokiem sztucznej inteligencji. I zbiorowej \"halucynacji\" o niej", "description": "<img alt=\"2023 rokiem sztucznej inteligencji. I zbiorowej \" src=\"https://tvn24.pl/najnowsze/cdn-zdjecie-l2ta3f-shutterstock_2278965815-7653779/alternates/LANDSCAPE_1280\" />\n    ChatGPT od roku programuje, pisze listy motywacyjne, wypracowania i korporacyjne raporty. Sta\u0142 si\u0119 kolejnym narz\u0119dziem w walce o nasz\u0105 uwag\u0119. I przeni\u00f3s\u0142 debat\u0119 o sztucznej inteligencji do mainstreamu. Z pomoc\u0105 ekspert\u00f3w w tvn24.pl spr\u00f3bowali\u015bmy odsia\u0107 to, co jest w tej dyskusji wa\u017cne, od tego, co jest tylko \"zbiorow\u0105 halucynacj\u0105\".", "link": "https://tvn24.pl/premium/2023-rokiem-sztucznej-inteligencji-i-zbiorowej-halucynacji-o-niej-7653717?source=rss", "date_published": "2023-12-31T08:11:50+00:00", "permanent": false, "bookmarked": false, "dead": false, "artist": "TNV24 Najwa\u017cniejsze", "album": "TNV24 Najwa\u017cniejsze", "user": null, "language": "pl-PL", "thumbnail": null, "age": null, "page_rating_contents": 0, "page_rating_votes": 0, "page_rating_visits": 0, "page_rating": 0, "tags": [], "comments": [], "vote": 0}, {"source": "https://tvn24.pl/najwazniejsze.xml", "title": "Wymiana ognia na Morzu Czerwonym. Trzy \u0142odzie zatopione", "description": "<img alt=\"Wymiana ognia na Morzu Czerwonym. Trzy \u0142odzie zatopione\" src=\"https://tvn24.pl/najnowsze/cdn-zdjecie-ryxcdt-gcoyk3cbeaax8i5-7662825/alternates/LANDSCAPE_1280\" />\n    Poda\u0142o Dow\u00f3dztwo Centralne Stan\u00f3w Zjednoczonych.", "link": "https://tvn24.pl/swiat/jemen-sily-amerykanskie-stracily-dwa-pociski-wystrzelone-z-terenow-kontrolowanych-przez-bojownikow-huti-7662786?source=rss", "date_published": "2023-12-31T07:41:44+00:00", "permanent": false, "bookmarked": false, "dead": false, "artist": "TNV24 Najwa\u017cniejsze", "album": "TNV24 Najwa\u017cniejsze", "user": null, "language": "pl-PL", "thumbnail": null, "age": null, "page_rating_contents": 0, "page_rating_votes": 0, "page_rating_visits": 0, "page_rating": 0, "tags": [], "comments": [], "vote": 0}, {"source": "https://tvn24.pl/najwazniejsze.xml", "title": "\"Obietnica pojednania\", \"pustos\u0142owie\". Polityczne komentarze po or\u0119dziu", "description": "<img alt=\"\" src=\"https://tvn24.pl/polska/cdn-zdjecie-11x7mm-tusk-7662858/alternates/LANDSCAPE_1280\" />\n    Premier wyg\u0142osi\u0142 w sobot\u0119 or\u0119dzie do narodu.", "link": "https://tvn24.pl/polska/oredzie-donalda-tuska-komentarze-politykow-7662839?source=rss", "date_published": "2023-12-31T07:39:12+00:00", "permanent": false, "bookmarked": false, "dead": false, "artist": "TNV24 Najwa\u017cniejsze", "album": "TNV24 Najwa\u017cniejsze", "user": null, "language": "pl-PL", "thumbnail": null, "age": null, "page_rating_contents": 0, "page_rating_votes": 0, "page_rating_visits": 0, "page_rating": 0, "tags": [], "comments": [], "vote": 0}, {"source": "https://tvn24.pl/najwazniejsze.xml", "title": "\"Ukraina odzyska\u0142a morze, niebo sta\u0142o si\u0119 bezpieczniejsze\"", "description": "<img alt=\"\" src=\"https://tvn24.pl/najnowsze/cdn-zdjecie-1v6m3z-zelenski-7662840/alternates/LANDSCAPE_1280\" />\n    Wo\u0142odymyr Ze\u0142enski o\u015bwiadczy\u0142, \u017ce si\u0142y ukrai\u0144skie nie wycofa\u0142y si\u0119 na \u017cadnym kierunku w wojnie z Rosj\u0105.", "link": "https://tvn24.pl/swiat/wolodymyr-zelenski-ukraina-odzyskala-morze-niebo-stalo-sie-bezpieczniejsze-7658243?source=rss", "date_published": "2023-12-31T07:13:57+00:00", "permanent": false, "bookmarked": false, "dead": false, "artist": "TNV24 Najwa\u017cniejsze", "album": "TNV24 Najwa\u017cniejsze", "user": null, "language": "pl-PL", "thumbnail": null, "age": null, "page_rating_contents": 0, "page_rating_votes": 0, "page_rating_visits": 0, "page_rating": 0, "tags": [], "comments": [], "vote": 0}, {"source": "https://tvn24.pl/najwazniejsze.xml", "title": "Wielkie chwile \u015awi\u0105tek, z\u0142oci siatkarze i skompromitowani pi\u0142karze. Taki by\u0142 rok 2023", "description": "<img alt=\"Wielkie chwile \u015awi\u0105tek, z\u0142oci siatkarze i skompromitowani pi\u0142karze. Taki by\u0142 rok 2023\" src=\"https://tvn24.pl/najnowsze/cdn-zdjecie-qil88g-sportowe-podsumowanie-2023-roku-7662860/alternates/LANDSCAPE_1280\" />\n    Eurosport.pl wybra\u0142 pi\u0119\u0107 najwa\u017cniejszych wydarze\u0144 w polskim i \u015bwiatowym sporcie.", "link": "https://eurosport.tvn24.pl/inne-sporty/sportowe-podsumowanie-2023.-piec-najwazniejszych-wydarzen-w-polskim-i-swiatowym-sporcie_sto9936419/story.shtml?source=rss", "date_published": "2023-12-31T07:13:38+00:00", "permanent": false, "bookmarked": false, "dead": false, "artist": "TNV24 Najwa\u017cniejsze", "album": "TNV24 Najwa\u017cniejsze", "user": null, "language": "pl-PL", "thumbnail": null, "age": null, "page_rating_contents": 0, "page_rating_votes": 0, "page_rating_visits": 0, "page_rating": 0, "tags": [], "comments": [], "vote": 0}, {"source": "https://tvn24.pl/najwazniejsze.xml", "title": "Pot\u0119\u017cne fale porywaj\u0105 ludzi i zalewaj\u0105 ulice", "description": "<img alt=\"Pot\u0119\u017cne fale porywaj\u0105 ludzi i zalewaj\u0105 ulice\" src=\"https://tvn24.pl/tvnmeteo/najnowsze/cdn-zdjecie-8783u3-kalifornia-7662820/alternates/LANDSCAPE_1280\" />\n    Sztorm szaleje u wybrze\u017cy Kalifornii.", "link": "https://tvn24.pl/tvnmeteo/swiat/usa-kalifornia-potezne-fale-porywaja-ludzi-i-zalewaja-ulice-wydano-nakaz-ewakuacji-st7662795?source=rss", "date_published": "2023-12-31T06:13:12+00:00", "permanent": false, "bookmarked": false, "dead": false, "artist": "TNV24 Najwa\u017cniejsze", "album": "TNV24 Najwa\u017cniejsze", "user": null, "language": "pl-PL", "thumbnail": null, "age": null, "page_rating_contents": 0, "page_rating_votes": 0, "page_rating_visits": 0, "page_rating": 0, "tags": [], "comments": [], "vote": 0}, {"source": "https://tvn24.pl/najwazniejsze.xml", "title": "Szturm na plac\u00f3wki medyczne \"najwi\u0119kszy od 15 lat\". Lekarze alarmuj\u0105", "description": "<img alt=\"Szturm na plac\u00f3wki medyczne \" src=\"https://tvn24.pl/najnowsze/cdn-zdjecie-9tga8f-szpital-wlochy-7662805/alternates/LANDSCAPE_1280\" />\n    W Hiszpanii i we W\u0142oszech.", "link": "https://tvn24.pl/swiat/hiszpania-wlochy-coraz-wiecej-zachorowan-na-grype-i-koronawirusa-trwa-szturm-na-placowki-medyczne-7660360?source=rss", "date_published": "2023-12-31T05:51:15+00:00", "permanent": false, "bookmarked": false, "dead": false, "artist": "TNV24 Najwa\u017cniejsze", "album": "TNV24 Najwa\u017cniejsze", "user": null, "language": "pl-PL", "thumbnail": null, "age": null, "page_rating_contents": 0, "page_rating_votes": 0, "page_rating_visits": 0, "page_rating": 0, "tags": [], "comments": [], "vote": 0}, {"source": "https://tvn24.pl/najwazniejsze.xml", "title": "\u015awi\u0105tek w czo\u0142\u00f3wce, odleg\u0142a lokata Lewandowskiego", "description": "<img alt=\"\u015awi\u0105tek w czo\u0142\u00f3wce, odleg\u0142a lokata Lewandowskiego\" src=\"https://tvn24.pl/najnowsze/cdn-zdjecie-9esrsb-iga-swiatek-7662796/alternates/LANDSCAPE_1280\" />\n    Bezkonkurencyjni okazali si\u0119 gimnastyczka Simone Biles i tenisista Novak Djokovi\u0107.", "link": "https://eurosport.tvn24.pl/tenis/iga-swiatek-szosta-w-w-plebiscycie-swiatowego-stowarzyszenia-prasy-sportowej-aips-.-robert-lewandows_sto9939526/story.shtml?source=rss", "date_published": "2023-12-31T05:21:40+00:00", "permanent": false, "bookmarked": false, "dead": false, "artist": "TNV24 Najwa\u017cniejsze", "album": "TNV24 Najwa\u017cniejsze", "user": null, "language": "pl-PL", "thumbnail": null, "age": null, "page_rating_contents": 0, "page_rating_votes": 0, "page_rating_visits": 0, "page_rating": 0, "tags": [], "comments": [], "vote": 0}, {"source": "https://tvn24.pl/najwazniejsze.xml", "title": "Specjalny patrol wyruszy w sylwestrow\u0105 noc", "description": "<img alt=\"Specjalny patrol wyruszy w sylwestrow\u0105 noc\" src=\"https://tvn24.pl/najnowsze/cdn-zdjecie-mjqpil-noc-sylwestrowa-to-dla-zwierzat-najtrudniejszy-czas-w-roku-7654906/alternates/LANDSCAPE_1280\" />\n    OTOZ Animals chce wesprze\u0107 s\u0142u\u017cby odpowiedzialne za zabezpieczenie uciekaj\u0105cych zwierz\u0105t.", "link": "https://tvn24.pl/trojmiasto/sylwester-2024-zaginione-psy-specjalny-partol-w-warszawie-i-na-pomorzu-gdzie-dzwonic-7654913?source=rss", "date_published": "2023-12-31T04:46:37+00:00", "permanent": false, "bookmarked": false, "dead": false, "artist": "TNV24 Najwa\u017cniejsze", "album": "TNV24 Najwa\u017cniejsze", "user": null, "language": "pl-PL", "thumbnail": null, "age": null, "page_rating_contents": 0, "page_rating_votes": 0, "page_rating_visits": 0, "page_rating": 0, "tags": [], "comments": [], "vote": 0}, {"source": "https://tvn24.pl/najwazniejsze.xml", "title": "\"Polska religijno\u015b\u0107, etyka jest bezmy\u015blna kompletnie\". Profesor Gadacz o \"\u015blepych ideach\" w Polsce", "description": "<img alt=\"\" src=\"https://tvn24.pl/najnowsze/cdn-zdjecie-l9phpc-prof-tadeusz-gadacz-piotr-jacon-7654376/alternates/LANDSCAPE_1280\" />\n    Rozmowa Piotra Jaconia.", "link": "https://tvn24.pl/go/programy,7/bez-polityki-odcinki,413879/odcinek-165,S00E165,1246300?source=rss", "date_published": "2023-12-31T04:10:00+00:00", "permanent": false, "bookmarked": false, "dead": false, "artist": "TNV24 Najwa\u017cniejsze", "album": "TNV24 Najwa\u017cniejsze", "user": null, "language": "pl-PL", "thumbnail": null, "age": null, "page_rating_contents": 0, "page_rating_votes": 0, "page_rating_visits": 0, "page_rating": 0, "tags": [], "comments": [], "vote": 0}, {"source": "https://tvn24.pl/najwazniejsze.xml", "title": "Sylwester z dodatni\u0105 temperatur\u0105. W cz\u0119\u015bci kraju musimy spodziewa\u0107 si\u0119 deszczu", "description": "<img alt=\"Sylwester z dodatni\u0105 temperatur\u0105. W cz\u0119\u015bci kraju musimy spodziewa\u0107 si\u0119 deszczu\" src=\"https://tvn24.pl/tvnmeteo/najnowsze/cdn-zdjecie-jq2lg2-deszcz-6591723/alternates/LANDSCAPE_1280\" />\n    Sprawd\u017a szczeg\u00f3\u0142y prognozy pogody.", "link": "https://tvn24.pl/tvnmeteo/prognoza/pogoda-na-dzis-niedziela-3112-miejscami-moze-popadac-od-3-do-8-stopni-st7654901?source=rss", "date_published": "2023-12-31T01:00:00+00:00", "permanent": false, "bookmarked": false, "dead": false, "artist": "TNV24 Najwa\u017cniejsze", "album": "TNV24 Najwa\u017cniejsze", "user": null, "language": "pl-PL", "thumbnail": null, "age": null, "page_rating_contents": 0, "page_rating_votes": 0, "page_rating_visits": 0, "page_rating": 0, "tags": [], "comments": [], "vote": 0}]