[{"source": "https://hnrss.org/frontpage", "title": "Bazzite \u2013 a Steam0S-like OCI image for desktop, living room, and handheld PCs", "description": "<p>Article URL: <a href=\"https://github.com/ublue-os/bazzite\">https://github.com/ublue-os/bazzite</a></p>\n<p>Comments URL: <a href=\"https://news.ycombinator.com/item?id=38828040\">https://news.ycombinator.com/item?id=38828040</a></p>\n<p>Points: 7</p>\n<p># Comments: 0</p>", "link": "https://github.com/ublue-os/bazzite", "date_published": "2023-12-31T22:21:56+00:00", "permanent": false, "bookmarked": false, "dead": false, "artist": "Hacker News - frontpage", "album": "Hacker News - frontpage", "user": null, "language": "en-US", "thumbnail": null, "age": null, "page_rating_contents": 0, "page_rating_votes": 0, "page_rating_visits": 0, "page_rating": 0, "tags": [], "comments": [], "vote": 0}, {"source": "https://hnrss.org/frontpage", "title": "Molecular jackhammers eradicate cancer cells by vibronic-driven action", "description": "<p>Article URL: <a href=\"https://www.nature.com/articles/s41557-023-01383-y\">https://www.nature.com/articles/s41557-023-01383-y</a></p>\n<p>Comments URL: <a href=\"https://news.ycombinator.com/item?id=38827620\">https://news.ycombinator.com/item?id=38827620</a></p>\n<p>Points: 9</p>\n<p># Comments: 1</p>", "link": "https://www.nature.com/articles/s41557-023-01383-y", "date_published": "2023-12-31T21:21:30+00:00", "permanent": false, "bookmarked": false, "dead": false, "artist": "Hacker News - frontpage", "album": "Hacker News - frontpage", "user": null, "language": "en-US", "thumbnail": null, "age": null, "page_rating_contents": 0, "page_rating_votes": 0, "page_rating_visits": 0, "page_rating": 0, "tags": [], "comments": [], "vote": 0}, {"source": "https://hnrss.org/frontpage", "title": "Half of High School Seniors Won't Apply to Colleges Costing More Than $40k", "description": "<p>Article URL: <a href=\"https://www.forbes.com/sites/emmawhitford/2023/11/07/half-of-high-school-seniors-wont-apply-to-colleges-costing-more-than-40000/\">https://www.forbes.com/sites/emmawhitford/2023/11/07/half-of-high-school-seniors-wont-apply-to-colleges-costing-more-than-40000/</a></p>\n<p>Comments URL: <a href=\"https://news.ycombinator.com/item?id=38827388\">https://news.ycombinator.com/item?id=38827388</a></p>\n<p>Points: 31</p>\n<p># Comments: 39</p>", "link": "https://www.forbes.com/sites/emmawhitford/2023/11/07/half-of-high-school-seniors-wont-apply-to-colleges-costing-more-than-40000", "date_published": "2023-12-31T20:45:42+00:00", "permanent": false, "bookmarked": false, "dead": false, "artist": "Hacker News - frontpage", "album": "Hacker News - frontpage", "user": null, "language": "en-US", "thumbnail": null, "age": null, "page_rating_contents": 0, "page_rating_votes": 0, "page_rating_visits": 0, "page_rating": 0, "tags": [], "comments": [], "vote": 0}, {"source": "https://hnrss.org/frontpage", "title": "2023: Year in Review", "description": "<p>Article URL: <a href=\"https://jvns.ca/blog/2023/12/31/2023--year-in-review/\">https://jvns.ca/blog/2023/12/31/2023--year-in-review/</a></p>\n<p>Comments URL: <a href=\"https://news.ycombinator.com/item?id=38827026\">https://news.ycombinator.com/item?id=38827026</a></p>\n<p>Points: 9</p>\n<p># Comments: 1</p>", "link": "https://jvns.ca/blog/2023/12/31/2023--year-in-review", "date_published": "2023-12-31T19:59:33+00:00", "permanent": false, "bookmarked": false, "dead": false, "artist": "Hacker News - frontpage", "album": "Hacker News - frontpage", "user": null, "language": "en-US", "thumbnail": null, "age": null, "page_rating_contents": 0, "page_rating_votes": 0, "page_rating_visits": 0, "page_rating": 0, "tags": [], "comments": [], "vote": 0}, {"source": "https://hnrss.org/frontpage", "title": "Test Smarter, Not Harder: Focus on Outcomes, Not Outputs", "description": "<p>Article URL: <a href=\"https://markus.oberlehner.net/blog/test-smarter-not-harder-focus-on-outcomes-not-outputs/\">https://markus.oberlehner.net/blog/test-smarter-not-harder-focus-on-outcomes-not-outputs/</a></p>\n<p>Comments URL: <a href=\"https://news.ycombinator.com/item?id=38826649\">https://news.ycombinator.com/item?id=38826649</a></p>\n<p>Points: 3</p>\n<p># Comments: 0</p>", "link": "https://markus.oberlehner.net/blog/test-smarter-not-harder-focus-on-outcomes-not-outputs", "date_published": "2023-12-31T19:16:11+00:00", "permanent": false, "bookmarked": false, "dead": false, "artist": "Hacker News - frontpage", "album": "Hacker News - frontpage", "user": null, "language": "en-US", "thumbnail": "https://markus.oberlehner.net/images/c_fit,w_1600,l_text:Roboto_152_heavy:Outcome-Focused%20Testing/fl_layer_apply,g_north_west,x_0.04,y_0.09/c_fit,w_1400,h_240,co_rgb:666666,l_text:Roboto_64:Streamline%20your%20development%20with%20efficient%20testing%20strategies/fl_layer_apply,g_north_west,x_0.04,y_0.44/c_fit,w_1500,co_rgb:0597be,l_text:Roboto_64:READ%20MORE/fl_layer_apply,g_north_west,x_0.04,y_0.65/c_fit,w_1500,co_rgb:666666,l_text:Roboto_64:TDD/fl_layer_apply,g_north_west,x_0.04,y_0.9/q_auto:best/v1683898941/blog/assets/og-overlay-article", "age": null, "page_rating_contents": 52, "page_rating_votes": 0, "page_rating_visits": 1, "page_rating": 52, "tags": [], "comments": [], "vote": 0}, {"source": "https://hnrss.org/frontpage", "title": "Meta could pull off the most extraordinary pivot in tech history", "description": "<p>Article URL: <a href=\"https://www.fromjason.xyz/p/notebook/copy-acquire-kill-how-meta-could-pull-off-the-most-extraordinary-pivot-in-tech-history/\">https://www.fromjason.xyz/p/notebook/copy-acquire-kill-how-meta-could-pull-off-the-most-extraordinary-pivot-in-tech-history/</a></p>\n<p>Comments URL: <a href=\"https://news.ycombinator.com/item?id=38826617\">https://news.ycombinator.com/item?id=38826617</a></p>\n<p>Points: 3</p>\n<p># Comments: 0</p>", "link": "https://www.fromjason.xyz/p/notebook/copy-acquire-kill-how-meta-could-pull-off-the-most-extraordinary-pivot-in-tech-history", "date_published": "2023-12-31T19:13:01+00:00", "permanent": false, "bookmarked": false, "dead": false, "artist": "Hacker News - frontpage", "album": "Hacker News - frontpage", "user": null, "language": "en-US", "thumbnail": "https://fromjason.xyz/img/opengraph-threadsdotnet.png", "age": null, "page_rating_contents": 51, "page_rating_votes": 0, "page_rating_visits": 1, "page_rating": 51, "tags": [], "comments": [], "vote": 0}, {"source": "https://hnrss.org/frontpage", "title": "Happy New Year HN!", "description": "<p>I spend too much time on HN. But of all the places on the internet, this is the only place which feels worth visiting multiple times a day!<p>Wishing everyone a great 2024!</p>\n<hr />\n<p>Comments URL: <a href=\"https://news.ycombinator.com/item?id=38826283\">https://news.ycombinator.com/item?id=38826283</a></p>\n<p>Points: 338</p>\n<p># Comments: 77</p>", "link": "https://news.ycombinator.com/item?id=38826283", "date_published": "2023-12-31T18:33:34+00:00", "permanent": false, "bookmarked": false, "dead": false, "artist": "Hacker News - frontpage", "album": "Hacker News - frontpage", "user": null, "language": "en-US", "thumbnail": null, "age": null, "page_rating_contents": 0, "page_rating_votes": 0, "page_rating_visits": 0, "page_rating": 0, "tags": [], "comments": [], "vote": 0}, {"source": "https://hnrss.org/frontpage", "title": "Electric school buses more than doubled in USA from March 2022 to June 2023", "description": "<p>Article URL: <a href=\"https://cleantechnica.com/2023/12/29/electric-school-buses-more-than-doubled-in-usa-from-march-2022-to-june-2023/\">https://cleantechnica.com/2023/12/29/electric-school-buses-more-than-doubled-in-usa-from-march-2022-to-june-2023/</a></p>\n<p>Comments URL: <a href=\"https://news.ycombinator.com/item?id=38826242\">https://news.ycombinator.com/item?id=38826242</a></p>\n<p>Points: 11</p>\n<p># Comments: 2</p>", "link": "https://cleantechnica.com/2023/12/29/electric-school-buses-more-than-doubled-in-usa-from-march-2022-to-june-2023", "date_published": "2023-12-31T18:28:41+00:00", "permanent": false, "bookmarked": false, "dead": false, "artist": "Hacker News - frontpage", "album": "Hacker News - frontpage", "user": null, "language": "en-US", "thumbnail": null, "age": null, "page_rating_contents": 0, "page_rating_votes": 0, "page_rating_visits": 0, "page_rating": 0, "tags": [], "comments": [], "vote": 0}, {"source": "https://hnrss.org/frontpage", "title": "Interesting double-poly latches inside AMD's vintage LANCE Ethernet chip", "description": "<p>Article URL: <a href=\"https://www.righto.com/2023/12/amd-lance-ethernet-double-poly.html\">https://www.righto.com/2023/12/amd-lance-ethernet-double-poly.html</a></p>\n<p>Comments URL: <a href=\"https://news.ycombinator.com/item?id=38826187\">https://news.ycombinator.com/item?id=38826187</a></p>\n<p>Points: 10</p>\n<p># Comments: 2</p>", "link": "https://www.righto.com/2023/12/amd-lance-ethernet-double-poly.html", "date_published": "2023-12-31T18:20:55+00:00", "permanent": false, "bookmarked": false, "dead": false, "artist": "Hacker News - frontpage", "album": "Hacker News - frontpage", "user": null, "language": "en-US", "thumbnail": null, "age": null, "page_rating_contents": 0, "page_rating_votes": 0, "page_rating_visits": 0, "page_rating": 0, "tags": [], "comments": [], "vote": 0}, {"source": "https://hnrss.org/frontpage", "title": "WWII heroics of 'Bazooka Charlie' doubted until daughter sets record straight", "description": "<p>Article URL: <a href=\"https://www.dispatch.com/story/news/local/2023/12/31/bazooka-charlies-granville-daughter-shares-wwii-heroics-in-new-book/72033226007/\">https://www.dispatch.com/story/news/local/2023/12/31/bazooka-charlies-granville-daughter-shares-wwii-heroics-in-new-book/72033226007/</a></p>\n<p>Comments URL: <a href=\"https://news.ycombinator.com/item?id=38826130\">https://news.ycombinator.com/item?id=38826130</a></p>\n<p>Points: 11</p>\n<p># Comments: 1</p>", "link": "https://www.dispatch.com/story/news/local/2023/12/31/bazooka-charlies-granville-daughter-shares-wwii-heroics-in-new-book/72033226007", "date_published": "2023-12-31T18:13:16+00:00", "permanent": false, "bookmarked": false, "dead": false, "artist": "Hacker News - frontpage", "album": "Hacker News - frontpage", "user": null, "language": "en-US", "thumbnail": null, "age": null, "page_rating_contents": 0, "page_rating_votes": 0, "page_rating_visits": 0, "page_rating": 0, "tags": [], "comments": [], "vote": 0}, {"source": "https://hnrss.org/frontpage", "title": "Get your work recognized: write a brag document", "description": "<p>Article URL: <a href=\"https://jvns.ca/blog/brag-documents/\">https://jvns.ca/blog/brag-documents/</a></p>\n<p>Comments URL: <a href=\"https://news.ycombinator.com/item?id=38826014\">https://news.ycombinator.com/item?id=38826014</a></p>\n<p>Points: 9</p>\n<p># Comments: 5</p>", "link": "https://jvns.ca/blog/brag-documents", "date_published": "2023-12-31T17:58:48+00:00", "permanent": false, "bookmarked": false, "dead": false, "artist": "Hacker News - frontpage", "album": "Hacker News - frontpage", "user": null, "language": "en-US", "thumbnail": null, "age": null, "page_rating_contents": 42, "page_rating_votes": 0, "page_rating_visits": 1, "page_rating": 42, "tags": [], "comments": [], "vote": 0}, {"source": "https://hnrss.org/frontpage", "title": "Warchalking", "description": "<p>Article URL: <a href=\"https://en.wikipedia.org/wiki/Warchalking\">https://en.wikipedia.org/wiki/Warchalking</a></p>\n<p>Comments URL: <a href=\"https://news.ycombinator.com/item?id=38825884\">https://news.ycombinator.com/item?id=38825884</a></p>\n<p>Points: 13</p>\n<p># Comments: 4</p>", "link": "https://en.wikipedia.org/wiki/Warchalking", "date_published": "2023-12-31T17:44:58+00:00", "permanent": false, "bookmarked": false, "dead": false, "artist": "Hacker News - frontpage", "album": "Hacker News - frontpage", "user": null, "language": "en-US", "thumbnail": null, "age": null, "page_rating_contents": 0, "page_rating_votes": 0, "page_rating_visits": 0, "page_rating": 0, "tags": [], "comments": [], "vote": 0}, {"source": "https://hnrss.org/frontpage", "title": "Sony software updates breaks movie theater projectors", "description": "<p>Article URL: <a href=\"https://bsky.app/profile/donohoe.dev/post/3khu7w2kz7l2b\">https://bsky.app/profile/donohoe.dev/post/3khu7w2kz7l2b</a></p>\n<p>Comments URL: <a href=\"https://news.ycombinator.com/item?id=38825623\">https://news.ycombinator.com/item?id=38825623</a></p>\n<p>Points: 22</p>\n<p># Comments: 0</p>", "link": "https://bsky.app/profile/donohoe.dev/post/3khu7w2kz7l2b", "date_published": "2023-12-31T17:20:51+00:00", "permanent": false, "bookmarked": false, "dead": false, "artist": "Hacker News - frontpage", "album": "Hacker News - frontpage", "user": null, "language": "en-US", "thumbnail": null, "age": null, "page_rating_contents": 0, "page_rating_votes": 0, "page_rating_visits": 0, "page_rating": 0, "tags": [], "comments": [], "vote": 0}, {"source": "https://hnrss.org/frontpage", "title": "How to run a small social network", "description": "<p>Article URL: <a href=\"https://runyourown.social/\">https://runyourown.social/</a></p>\n<p>Comments URL: <a href=\"https://news.ycombinator.com/item?id=38825520\">https://news.ycombinator.com/item?id=38825520</a></p>\n<p>Points: 32</p>\n<p># Comments: 14</p>", "link": "https://runyourown.social", "date_published": "2023-12-31T17:08:13+00:00", "permanent": false, "bookmarked": false, "dead": false, "artist": "Hacker News - frontpage", "album": "Hacker News - frontpage", "user": null, "language": "en-US", "thumbnail": null, "age": null, "page_rating_contents": 0, "page_rating_votes": 0, "page_rating_visits": 0, "page_rating": 0, "tags": [], "comments": [], "vote": 0}, {"source": "https://hnrss.org/frontpage", "title": "Logistic Regression for Image Classification Using OpenCV", "description": "<p>Article URL: <a href=\"https://machinelearningmastery.com/logistic-regression-for-image-classification-using-opencv/\">https://machinelearningmastery.com/logistic-regression-for-image-classification-using-opencv/</a></p>\n<p>Comments URL: <a href=\"https://news.ycombinator.com/item?id=38825158\">https://news.ycombinator.com/item?id=38825158</a></p>\n<p>Points: 6</p>\n<p># Comments: 0</p>", "link": "https://machinelearningmastery.com/logistic-regression-for-image-classification-using-opencv", "date_published": "2023-12-31T16:26:37+00:00", "permanent": false, "bookmarked": false, "dead": false, "artist": "Hacker News - frontpage", "album": "Hacker News - frontpage", "user": null, "language": "en-US", "thumbnail": null, "age": null, "page_rating_contents": 0, "page_rating_votes": 0, "page_rating_visits": 0, "page_rating": 0, "tags": [], "comments": [], "vote": 0}, {"source": "https://hnrss.org/frontpage", "title": "Ambient Co-Presence", "description": "<p>Article URL: <a href=\"https://maggieappleton.com/ambient-copresence\">https://maggieappleton.com/ambient-copresence</a></p>\n<p>Comments URL: <a href=\"https://news.ycombinator.com/item?id=38824886\">https://news.ycombinator.com/item?id=38824886</a></p>\n<p>Points: 8</p>\n<p># Comments: 1</p>", "link": "https://maggieappleton.com/ambient-copresence", "date_published": "2023-12-31T15:54:55+00:00", "permanent": false, "bookmarked": false, "dead": false, "artist": "Hacker News - frontpage", "album": "Hacker News - frontpage", "user": null, "language": "en-US", "thumbnail": null, "age": null, "page_rating_contents": 0, "page_rating_votes": 0, "page_rating_visits": 0, "page_rating": 0, "tags": [], "comments": [], "vote": 0}, {"source": "https://hnrss.org/frontpage", "title": "iOS Wi-Fi Profile Generator", "description": "<p>Article URL: <a href=\"https://daduckmsft.github.io/WiFiProfileGenerator/\">https://daduckmsft.github.io/WiFiProfileGenerator/</a></p>\n<p>Comments URL: <a href=\"https://news.ycombinator.com/item?id=38824644\">https://news.ycombinator.com/item?id=38824644</a></p>\n<p>Points: 23</p>\n<p># Comments: 8</p>", "link": "https://daduckmsft.github.io/WiFiProfileGenerator", "date_published": "2023-12-31T15:25:49+00:00", "permanent": false, "bookmarked": false, "dead": false, "artist": "Hacker News - frontpage", "album": "Hacker News - frontpage", "user": null, "language": "en-US", "thumbnail": null, "age": null, "page_rating_contents": 0, "page_rating_votes": 0, "page_rating_visits": 0, "page_rating": 0, "tags": [], "comments": [], "vote": 0}, {"source": "https://hnrss.org/frontpage", "title": "Synctify \u2013 Sync a music drop with a time in the real world", "description": "<p>Article URL: <a href=\"https://synctify.app\">https://synctify.app</a></p>\n<p>Comments URL: <a href=\"https://news.ycombinator.com/item?id=38824504\">https://news.ycombinator.com/item?id=38824504</a></p>\n<p>Points: 5</p>\n<p># Comments: 2</p>", "link": "https://synctify.app", "date_published": "2023-12-31T15:05:32+00:00", "permanent": false, "bookmarked": false, "dead": false, "artist": "Hacker News - frontpage", "album": "Hacker News - frontpage", "user": null, "language": "en-US", "thumbnail": null, "age": null, "page_rating_contents": 0, "page_rating_votes": 0, "page_rating_visits": 0, "page_rating": 0, "tags": [], "comments": [], "vote": 0}, {"source": "https://hnrss.org/frontpage", "title": "Farewell, Java stingaree: Scientist declare the first marine fish extinction", "description": "<p>Article URL: <a href=\"https://news.mongabay.com/2023/12/farewell-java-stingaree-scientist-declare-the-first-marine-fish-extinction/\">https://news.mongabay.com/2023/12/farewell-java-stingaree-scientist-declare-the-first-marine-fish-extinction/</a></p>\n<p>Comments URL: <a href=\"https://news.ycombinator.com/item?id=38824149\">https://news.ycombinator.com/item?id=38824149</a></p>\n<p>Points: 11</p>\n<p># Comments: 1</p>", "link": "https://news.mongabay.com/2023/12/farewell-java-stingaree-scientist-declare-the-first-marine-fish-extinction", "date_published": "2023-12-31T14:12:48+00:00", "permanent": false, "bookmarked": false, "dead": false, "artist": "Hacker News - frontpage", "album": "Hacker News - frontpage", "user": null, "language": "en-US", "thumbnail": null, "age": null, "page_rating_contents": 0, "page_rating_votes": 0, "page_rating_visits": 0, "page_rating": 0, "tags": [], "comments": [], "vote": 0}, {"source": "https://hnrss.org/frontpage", "title": "Genuary 2024: Generative Art / Creative Coding Month", "description": "<p>Article URL: <a href=\"https://genuary.art\">https://genuary.art</a></p>\n<p>Comments URL: <a href=\"https://news.ycombinator.com/item?id=38824121\">https://news.ycombinator.com/item?id=38824121</a></p>\n<p>Points: 9</p>\n<p># Comments: 1</p>", "link": "https://genuary.art", "date_published": "2023-12-31T14:09:15+00:00", "permanent": false, "bookmarked": false, "dead": false, "artist": "Hacker News - frontpage", "album": "Hacker News - frontpage", "user": null, "language": "en-US", "thumbnail": null, "age": null, "page_rating_contents": 0, "page_rating_votes": 0, "page_rating_visits": 0, "page_rating": 0, "tags": [], "comments": [], "vote": 0}, {"source": "https://hnrss.org/frontpage", "title": "A Modern Web for Hacker News \u2013 Open-Source and Seeking Feedback", "description": "<p>Article URL: <a href=\"https://modern-hacker-news.vercel.app/\">https://modern-hacker-news.vercel.app/</a></p>\n<p>Comments URL: <a href=\"https://news.ycombinator.com/item?id=38824070\">https://news.ycombinator.com/item?id=38824070</a></p>\n<p>Points: 4</p>\n<p># Comments: 7</p>", "link": "https://modern-hacker-news.vercel.app", "date_published": "2023-12-31T14:00:00+00:00", "permanent": false, "bookmarked": false, "dead": false, "artist": "Hacker News - frontpage", "album": "Hacker News - frontpage", "user": null, "language": "en-US", "thumbnail": null, "age": null, "page_rating_contents": 0, "page_rating_votes": 0, "page_rating_visits": 0, "page_rating": 0, "tags": [], "comments": [], "vote": 0}, {"source": "https://hnrss.org/frontpage", "title": "January 1, 2024 is Public Domain Day", "description": "<p>Article URL: <a href=\"https://web.law.duke.edu/cspd/publicdomainday/2024/\">https://web.law.duke.edu/cspd/publicdomainday/2024/</a></p>\n<p>Comments URL: <a href=\"https://news.ycombinator.com/item?id=38823973\">https://news.ycombinator.com/item?id=38823973</a></p>\n<p>Points: 18</p>\n<p># Comments: 0</p>", "link": "https://web.law.duke.edu/cspd/publicdomainday/2024", "date_published": "2023-12-31T13:40:20+00:00", "permanent": false, "bookmarked": false, "dead": false, "artist": "Hacker News - frontpage", "album": "Hacker News - frontpage", "user": null, "language": "en-US", "thumbnail": null, "age": null, "page_rating_contents": 0, "page_rating_votes": 0, "page_rating_visits": 0, "page_rating": 0, "tags": [], "comments": [], "vote": 0}, {"source": "https://hnrss.org/frontpage", "title": "Instant Messaging: Protocols Are \"Commons\", Let's Take Them Seriously", "description": "<p>Article URL: <a href=\"https://www.process-one.net/blog/instant-messaging-protocols-are-commons-lets-take-them-seriously/\">https://www.process-one.net/blog/instant-messaging-protocols-are-commons-lets-take-them-seriously/</a></p>\n<p>Comments URL: <a href=\"https://news.ycombinator.com/item?id=38823819\">https://news.ycombinator.com/item?id=38823819</a></p>\n<p>Points: 19</p>\n<p># Comments: 6</p>", "link": "https://www.process-one.net/blog/instant-messaging-protocols-are-commons-lets-take-them-seriously", "date_published": "2023-12-31T13:13:05+00:00", "permanent": false, "bookmarked": false, "dead": false, "artist": "Hacker News - frontpage", "album": "Hacker News - frontpage", "user": null, "language": "en-US", "thumbnail": null, "age": null, "page_rating_contents": 0, "page_rating_votes": 0, "page_rating_visits": 0, "page_rating": 0, "tags": [], "comments": [], "vote": 0}, {"source": "https://hnrss.org/frontpage", "title": "Email addresses are not good 'permanent' identifiers for accounts", "description": "<p>Article URL: <a href=\"https://utcc.utoronto.ca/~cks/space/blog/tech/EmailAddressesBadPermanentIDs\">https://utcc.utoronto.ca/~cks/space/blog/tech/EmailAddressesBadPermanentIDs</a></p>\n<p>Comments URL: <a href=\"https://news.ycombinator.com/item?id=38823817\">https://news.ycombinator.com/item?id=38823817</a></p>\n<p>Points: 42</p>\n<p># Comments: 16</p>", "link": "https://utcc.utoronto.ca/~cks/space/blog/tech/EmailAddressesBadPermanentIDs", "date_published": "2023-12-31T13:13:00+00:00", "permanent": false, "bookmarked": false, "dead": false, "artist": "Hacker News - frontpage", "album": "Hacker News - frontpage", "user": null, "language": "en-US", "thumbnail": null, "age": null, "page_rating_contents": 0, "page_rating_votes": 0, "page_rating_visits": 0, "page_rating": 0, "tags": [], "comments": [], "vote": 0}, {"source": "https://hnrss.org/frontpage", "title": "There is an oom kill count in Linux", "description": "<p>Article URL: <a href=\"https://medium.com/opsops/there-is-an-oom-kill-count-in-linux-e9936aa33102\">https://medium.com/opsops/there-is-an-oom-kill-count-in-linux-e9936aa33102</a></p>\n<p>Comments URL: <a href=\"https://news.ycombinator.com/item?id=38823719\">https://news.ycombinator.com/item?id=38823719</a></p>\n<p>Points: 16</p>\n<p># Comments: 3</p>", "link": "https://medium.com/opsops/there-is-an-oom-kill-count-in-linux-e9936aa33102", "date_published": "2023-12-31T12:49:04+00:00", "permanent": false, "bookmarked": false, "dead": false, "artist": "Hacker News - frontpage", "album": "Hacker News - frontpage", "user": null, "language": "en-US", "thumbnail": null, "age": null, "page_rating_contents": 0, "page_rating_votes": 0, "page_rating_visits": 0, "page_rating": 0, "tags": [], "comments": [], "vote": 0}, {"source": "https://hnrss.org/frontpage", "title": "Bun, JavaScript, and TCO", "description": "<p>Article URL: <a href=\"https://www.onsclom.net/posts/javascript-tco\">https://www.onsclom.net/posts/javascript-tco</a></p>\n<p>Comments URL: <a href=\"https://news.ycombinator.com/item?id=38823673\">https://news.ycombinator.com/item?id=38823673</a></p>\n<p>Points: 16</p>\n<p># Comments: 4</p>", "link": "https://www.onsclom.net/posts/javascript-tco", "date_published": "2023-12-31T12:40:39+00:00", "permanent": false, "bookmarked": false, "dead": false, "artist": "Hacker News - frontpage", "album": "Hacker News - frontpage", "user": null, "language": "en-US", "thumbnail": null, "age": null, "page_rating_contents": 0, "page_rating_votes": 0, "page_rating_visits": 0, "page_rating": 0, "tags": [], "comments": [], "vote": 0}, {"source": "https://hnrss.org/frontpage", "title": "The Forecasting Fallacy", "description": "<p>Article URL: <a href=\"https://www.alexmurrell.co.uk/articles/the-forecasting-fallacy\">https://www.alexmurrell.co.uk/articles/the-forecasting-fallacy</a></p>\n<p>Comments URL: <a href=\"https://news.ycombinator.com/item?id=38823542\">https://news.ycombinator.com/item?id=38823542</a></p>\n<p>Points: 3</p>\n<p># Comments: 2</p>", "link": "https://www.alexmurrell.co.uk/articles/the-forecasting-fallacy", "date_published": "2023-12-31T12:16:36+00:00", "permanent": false, "bookmarked": false, "dead": false, "artist": "Hacker News - frontpage", "album": "Hacker News - frontpage", "user": null, "language": "en-US", "thumbnail": null, "age": null, "page_rating_contents": 0, "page_rating_votes": 0, "page_rating_visits": 0, "page_rating": 0, "tags": [], "comments": [], "vote": 0}, {"source": "https://hnrss.org/frontpage", "title": "7 watts idle \u2013 building a low powered server/NAS on Intel 12th/13th gen", "description": "<p>Article URL: <a href=\"https://mattgadient.com/7-watts-idle-on-intel-12th-13th-gen-the-foundation-for-building-a-low-power-server-nas/\">https://mattgadient.com/7-watts-idle-on-intel-12th-13th-gen-the-foundation-for-building-a-low-power-server-nas/</a></p>\n<p>Comments URL: <a href=\"https://news.ycombinator.com/item?id=38823514\">https://news.ycombinator.com/item?id=38823514</a></p>\n<p>Points: 32</p>\n<p># Comments: 9</p>", "link": "https://mattgadient.com/7-watts-idle-on-intel-12th-13th-gen-the-foundation-for-building-a-low-power-server-nas", "date_published": "2023-12-31T12:10:52+00:00", "permanent": false, "bookmarked": false, "dead": false, "artist": "Hacker News - frontpage", "album": "Hacker News - frontpage", "user": null, "language": "en-US", "thumbnail": null, "age": null, "page_rating_contents": 0, "page_rating_votes": 0, "page_rating_visits": 0, "page_rating": 0, "tags": [], "comments": [], "vote": 0}, {"source": "https://hnrss.org/frontpage", "title": "Sweden Solar System", "description": "<p>Article URL: <a href=\"https://en.wikipedia.org/wiki/Sweden_Solar_System\">https://en.wikipedia.org/wiki/Sweden_Solar_System</a></p>\n<p>Comments URL: <a href=\"https://news.ycombinator.com/item?id=38823482\">https://news.ycombinator.com/item?id=38823482</a></p>\n<p>Points: 23</p>\n<p># Comments: 2</p>", "link": "https://en.wikipedia.org/wiki/Sweden_Solar_System", "date_published": "2023-12-31T12:04:23+00:00", "permanent": false, "bookmarked": false, "dead": false, "artist": "Hacker News - frontpage", "album": "Hacker News - frontpage", "user": null, "language": "en-US", "thumbnail": null, "age": null, "page_rating_contents": 0, "page_rating_votes": 0, "page_rating_visits": 0, "page_rating": 0, "tags": [], "comments": [], "vote": 0}, {"source": "https://hnrss.org/frontpage", "title": "A future for SQL on the web (2021)", "description": "<p>Article URL: <a href=\"https://jlongster.com/future-sql-web\">https://jlongster.com/future-sql-web</a></p>\n<p>Comments URL: <a href=\"https://news.ycombinator.com/item?id=38823445\">https://news.ycombinator.com/item?id=38823445</a></p>\n<p>Points: 10</p>\n<p># Comments: 0</p>", "link": "https://jlongster.com/future-sql-web", "date_published": "2023-12-31T11:56:29+00:00", "permanent": false, "bookmarked": false, "dead": false, "artist": "Hacker News - frontpage", "album": "Hacker News - frontpage", "user": null, "language": "en-US", "thumbnail": null, "age": null, "page_rating_contents": 0, "page_rating_votes": 0, "page_rating_visits": 0, "page_rating": 0, "tags": [], "comments": [], "vote": 0}, {"source": "https://hnrss.org/frontpage", "title": "A 1690s Peanut is Reborn", "description": "<p>Article URL: <a href=\"https://nationalpeanutboard.org/news/a-1690s-peanut-is-reborn/\">https://nationalpeanutboard.org/news/a-1690s-peanut-is-reborn/</a></p>\n<p>Comments URL: <a href=\"https://news.ycombinator.com/item?id=38823304\">https://news.ycombinator.com/item?id=38823304</a></p>\n<p>Points: 29</p>\n<p># Comments: 7</p>", "link": "https://nationalpeanutboard.org/news/a-1690s-peanut-is-reborn", "date_published": "2023-12-31T11:28:25+00:00", "permanent": false, "bookmarked": false, "dead": false, "artist": "Hacker News - frontpage", "album": "Hacker News - frontpage", "user": null, "language": "en-US", "thumbnail": null, "age": null, "page_rating_contents": 0, "page_rating_votes": 0, "page_rating_visits": 0, "page_rating": 0, "tags": [], "comments": [], "vote": 0}, {"source": "https://hnrss.org/frontpage", "title": "Mazzle \u2013 A Pipelines as Code Tool", "description": "<p>Article URL: <a href=\"http://devops-pipeline.com/\">http://devops-pipeline.com/</a></p>\n<p>Comments URL: <a href=\"https://news.ycombinator.com/item?id=38823252\">https://news.ycombinator.com/item?id=38823252</a></p>\n<p>Points: 4</p>\n<p># Comments: 0</p>", "link": "https://devops-pipeline.com", "date_published": "2023-12-31T11:15:08+00:00", "permanent": false, "bookmarked": false, "dead": false, "artist": "Hacker News - frontpage", "album": "Hacker News - frontpage", "user": null, "language": "en-US", "thumbnail": null, "age": null, "page_rating_contents": 0, "page_rating_votes": 0, "page_rating_visits": 0, "page_rating": 0, "tags": [], "comments": [], "vote": 0}, {"source": "https://hnrss.org/frontpage", "title": "I forked SteamOS for my living room PC", "description": "<p>Article URL: <a href=\"https://iliana.fyi/blog/build-your-own-steamos-updates/\">https://iliana.fyi/blog/build-your-own-steamos-updates/</a></p>\n<p>Comments URL: <a href=\"https://news.ycombinator.com/item?id=38823101\">https://news.ycombinator.com/item?id=38823101</a></p>\n<p>Points: 8</p>\n<p># Comments: 0</p>", "link": "https://iliana.fyi/blog/build-your-own-steamos-updates", "date_published": "2023-12-31T10:45:33+00:00", "permanent": false, "bookmarked": false, "dead": false, "artist": "Hacker News - frontpage", "album": "Hacker News - frontpage", "user": null, "language": "en-US", "thumbnail": null, "age": null, "page_rating_contents": 0, "page_rating_votes": 0, "page_rating_visits": 0, "page_rating": 0, "tags": [], "comments": [], "vote": 0}, {"source": "https://hnrss.org/frontpage", "title": "Emacs-copilot: Large language model code completion for Emacs", "description": "<p>Article URL: <a href=\"https://github.com/jart/emacs-copilot\">https://github.com/jart/emacs-copilot</a></p>\n<p>Comments URL: <a href=\"https://news.ycombinator.com/item?id=38822164\">https://news.ycombinator.com/item?id=38822164</a></p>\n<p>Points: 153</p>\n<p># Comments: 46</p>", "link": "https://github.com/jart/emacs-copilot", "date_published": "2023-12-31T05:59:11+00:00", "permanent": false, "bookmarked": false, "dead": false, "artist": "Hacker News - frontpage", "album": "Hacker News - frontpage", "user": null, "language": "en-US", "thumbnail": null, "age": null, "page_rating_contents": 0, "page_rating_votes": 0, "page_rating_visits": 0, "page_rating": 0, "tags": [], "comments": [], "vote": 0}, {"source": "https://hnrss.org/frontpage", "title": "Pascal in Forth (1983)", "description": "<p>Article URL: <a href=\"http://tangentstorm.github.io/winfield-pascal-83.html\">http://tangentstorm.github.io/winfield-pascal-83.html</a></p>\n<p>Comments URL: <a href=\"https://news.ycombinator.com/item?id=38822094\">https://news.ycombinator.com/item?id=38822094</a></p>\n<p>Points: 66</p>\n<p># Comments: 7</p>", "link": "https://tangentstorm.github.io/winfield-pascal-83.html", "date_published": "2023-12-31T05:38:44+00:00", "permanent": false, "bookmarked": false, "dead": false, "artist": "Hacker News - frontpage", "album": "Hacker News - frontpage", "user": null, "language": "en-US", "thumbnail": null, "age": null, "page_rating_contents": 0, "page_rating_votes": 0, "page_rating_visits": 0, "page_rating": 0, "tags": [], "comments": [], "vote": 0}, {"source": "https://hnrss.org/frontpage", "title": "Design Principles Behind Smalltalk (1981)", "description": "<p>Article URL: <a href=\"https://www.cs.virginia.edu/~evans/cs655/readings/smalltalk.html\">https://www.cs.virginia.edu/~evans/cs655/readings/smalltalk.html</a></p>\n<p>Comments URL: <a href=\"https://news.ycombinator.com/item?id=38821506\">https://news.ycombinator.com/item?id=38821506</a></p>\n<p>Points: 33</p>\n<p># Comments: 4</p>", "link": "https://www.cs.virginia.edu/~evans/cs655/readings/smalltalk.html", "date_published": "2023-12-31T03:36:01+00:00", "permanent": false, "bookmarked": false, "dead": false, "artist": "Hacker News - frontpage", "album": "Hacker News - frontpage", "user": null, "language": "en-US", "thumbnail": null, "age": null, "page_rating_contents": 0, "page_rating_votes": 0, "page_rating_visits": 0, "page_rating": 0, "tags": [], "comments": [], "vote": 0}, {"source": "https://hnrss.org/frontpage", "title": "Compare Google, Bing, Marginalia, Kagi, Mwmbl, and ChatGPT", "description": "<p>Article URL: <a href=\"https://danluu.com/seo-spam/\">https://danluu.com/seo-spam/</a></p>\n<p>Comments URL: <a href=\"https://news.ycombinator.com/item?id=38821248\">https://news.ycombinator.com/item?id=38821248</a></p>\n<p>Points: 576</p>\n<p># Comments: 257</p>", "link": "https://danluu.com/seo-spam", "date_published": "2023-12-31T02:32:22+00:00", "permanent": false, "bookmarked": false, "dead": false, "artist": "Hacker News - frontpage", "album": "Hacker News - frontpage", "user": null, "language": "en-US", "thumbnail": null, "age": null, "page_rating_contents": 26, "page_rating_votes": 0, "page_rating_visits": 1, "page_rating": 26, "tags": [], "comments": [], "vote": 0}, {"source": "https://hnrss.org/frontpage", "title": "Building ColdFusion for the Web", "description": "<p>Article URL: <a href=\"https://thehistoryoftheweb.com/building-coldfusion-for-the-web/\">https://thehistoryoftheweb.com/building-coldfusion-for-the-web/</a></p>\n<p>Comments URL: <a href=\"https://news.ycombinator.com/item?id=38821224\">https://news.ycombinator.com/item?id=38821224</a></p>\n<p>Points: 46</p>\n<p># Comments: 31</p>", "link": "https://thehistoryoftheweb.com/building-coldfusion-for-the-web", "date_published": "2023-12-31T02:28:56+00:00", "permanent": false, "bookmarked": false, "dead": false, "artist": "Hacker News - frontpage", "album": "Hacker News - frontpage", "user": null, "language": "en-US", "thumbnail": null, "age": null, "page_rating_contents": 0, "page_rating_votes": 0, "page_rating_visits": 0, "page_rating": 0, "tags": [], "comments": [], "vote": 0}, {"source": "https://hnrss.org/frontpage", "title": "Show HN: Spindle, a cross between Wordle and a Rubik's Cube made in PHP", "description": "<p>Hi HN,<p>I was late to wordle, so I am also late to making my own version.<p>In Spindle, you rotate words on a grid with the aim of assembling the day\u2019s target word. I enjoy it, so I thought some of you might enjoy it too.<p>From a tech perspective, it\u2019s a very simple Laravel / Livewire app. My happy place in recent years has been Typescript and SvelteKit, so this was a bit of an adjustment, but it allowed me to take advantage of an existing shared hosting server meaning no additional financial outlay. Happy to report a positive experience with PHP and this framework, although I do miss types! Deploying with rsync feels enjoyably old school.<p>(I gather PHP does have types now, but perhaps I\u2019m using the wrong IDE or need a specific VS.Code plugin\u2026)<p>Very happy to answer any questions, although I\u2019m the first to admit it\u2019s very simple from a tech perspective. Your guess at how it was implemented is probably a better solution than what I actually did :)<p>Happy holidays all!</p>\n<hr", "link": "https://playspindle.com", "date_published": "2023-12-31T02:20:44+00:00", "permanent": false, "bookmarked": false, "dead": false, "artist": "Hacker News - frontpage", "album": "Hacker News - frontpage", "user": null, "language": "en-US", "thumbnail": null, "age": null, "page_rating_contents": 0, "page_rating_votes": 0, "page_rating_visits": 0, "page_rating": 0, "tags": [], "comments": [], "vote": 0}, {"source": "https://hnrss.org/frontpage", "title": "Simulating Non-CRT Monitors with FFmpeg: Flat Panel Displays (2021)", "description": "<p>Article URL: <a href=\"https://int10h.org/blog/2021/03/simulating-non-crt-monitors-ffmpeg-flat-panels/\">https://int10h.org/blog/2021/03/simulating-non-crt-monitors-ffmpeg-flat-panels/</a></p>\n<p>Comments URL: <a href=\"https://news.ycombinator.com/item?id=38821166\">https://news.ycombinator.com/item?id=38821166</a></p>\n<p>Points: 30</p>\n<p># Comments: 0</p>", "link": "https://int10h.org/blog/2021/03/simulating-non-crt-monitors-ffmpeg-flat-panels", "date_published": "2023-12-31T02:16:24+00:00", "permanent": false, "bookmarked": false, "dead": false, "artist": "Hacker News - frontpage", "album": "Hacker News - frontpage", "user": null, "language": "en-US", "thumbnail": null, "age": null, "page_rating_contents": 0, "page_rating_votes": 0, "page_rating_visits": 0, "page_rating": 0, "tags": [], "comments": [], "vote": 0}, {"source": "https://hnrss.org/frontpage", "title": "Cuis-Smalltalk", "description": "<p>Article URL: <a href=\"https://cuis.st/\">https://cuis.st/</a></p>\n<p>Comments URL: <a href=\"https://news.ycombinator.com/item?id=38820557\">https://news.ycombinator.com/item?id=38820557</a></p>\n<p>Points: 79</p>\n<p># Comments: 18</p>", "link": "https://cuis.st", "date_published": "2023-12-31T00:10:41+00:00", "permanent": false, "bookmarked": false, "dead": false, "artist": "Hacker News - frontpage", "album": "Hacker News - frontpage", "user": null, "language": "en-US", "thumbnail": null, "age": null, "page_rating_contents": 0, "page_rating_votes": 0, "page_rating_visits": 0, "page_rating": 0, "tags": [], "comments": [], "vote": 0}]