[{"source": "https://www.polygon.com/rss/index.xml", "title": "The year I read 20 Hercule Poirot mysteries and fell for Agatha Christie", "description": "<figure>\n      <img alt=\"A black-and-white image of Agatha Christie sitting at her desk. Huge stacks of books sit on either side of her.\" src=\"https://cdn.vox-cdn.com/thumbor/TPOUVJQWLzXJFRz5nCxaRLO5tMQ=/0x1230:4105x3539/640x360/cdn.vox-cdn.com/uploads/chorus_image/image/73012329/1450652626.0.jpg\" />\n        <figcaption>Photo: Daily Mirror/Mirrorpix via Getty Images</figcaption>\n    </figure>\n\n\n  \t\t<p>The man, the myth, the mustaches</p>\n  <p>\n    <a href=\"https://www.polygon.com/24009421/agatha-christie-hercule-poirot-mystery-books\">Continue reading&hellip;</a>\n  </p>", "link": "https://www.polygon.com/24009421/agatha-christie-hercule-poirot-mystery-books", "date_published": "2023-12-31T18:00:00+00:00", "permanent": false, "bookmarked": false, "dead": false, "artist": "Polygon -  All", "album": "Polygon -  All", "user": null, "language": "en", "thumbnail": null, "age": null, "page_rating_contents": 0, "page_rating_votes": 0, "page_rating_visits": 0, "page_rating": 0, "tags": [], "comments": [], "vote": 0}, {"source": "https://www.polygon.com/rss/index.xml", "title": "The Legend of Zelda games, ranked", "description": "<figure>\n      <img alt=\"Link stands on a rock and surveys the sunrise over Hyrule in Zelda: Breath of the Wild\" src=\"https://cdn.vox-cdn.com/thumbor/tJmgKJgiw2YhHAXmAKZ_hiZSSfM=/0x231:4500x2762/640x360/cdn.vox-cdn.com/uploads/chorus_image/image/73011710/NintendoSwitch_TLOZBreathoftheWild_artwork_illustration_01.0.jpg\" />\n        <figcaption>Image: Nintendo</figcaption>\n    </figure>\n\n\n  \t\t<p>In a series that\u2019s (almost) all classics, which of Link\u2019s adventures is best?</p>\n  <p>\n    <a href=\"https://www.polygon.com/zelda/24012081/best-zelda-games-ranked\">Continue reading&hellip;</a>\n  </p>", "link": "https://www.polygon.com/zelda/24012081/best-zelda-games-ranked", "date_published": "2023-12-31T14:00:00+00:00", "permanent": false, "bookmarked": false, "dead": false, "artist": "Polygon -  All", "album": "Polygon -  All", "user": null, "language": "en", "thumbnail": null, "age": null, "page_rating_contents": 0, "page_rating_votes": 0, "page_rating_visits": 0, "page_rating": 0, "tags": [], "comments": [], "vote": 0}]