[{"source": "https://www.youtube.com/feeds/videos.xml?channel_id=UCq6VFHwMzcMXbuKyG7SQYIg", "title": "I'm A Professional Wrestler Now", "description": "This is the greatest wrestling class of All Time\nMerch https://moistglobal.com/\nComics https://badegg.co/\nGet Gamer Supps https://gamersupps.gg/", "link": "https://www.youtube.com/watch?v=mxjfmy1rJv4", "date_published": "2023-10-06T19:00:33+00:00", "bookmarked": false, "dead": null, "artist": "penguinz0", "album": "penguinz0", "user": null, "language": "en-US", "thumbnail": "https://i2.ytimg.com/vi/mxjfmy1rJv4/hqdefault.jpg"}, {"source": "https://www.youtube.com/feeds/videos.xml?channel_id=UCq6VFHwMzcMXbuKyG7SQYIg", "title": "New Assassin's Creed Mirage", "description": "Merch https://moistglobal.com/\nComics https://badegg.co/", "link": "https://www.youtube.com/watch?v=yi7b3UxmDSw", "date_published": "2023-10-06T06:44:46+00:00", "bookmarked": false, "dead": null, "artist": "penguinz0", "album": "penguinz0", "user": null, "language": "en-US", "thumbnail": "https://i2.ytimg.com/vi/yi7b3UxmDSw/hqdefault.jpg"}, {"source": "https://www.youtube.com/feeds/videos.xml?channel_id=UCq6VFHwMzcMXbuKyG7SQYIg", "title": "YandereDev Situation is Crazy", "description": "Official Podcast channel https://www.youtube.com/@theofficialytchannel \nThis is the greatest yandere dev moment of All Time\nMerch https://moistglobal.com/\nComics https://badegg.co/\nGet Gamer Supps https://gamersupps.gg/moist", "link": "https://www.youtube.com/watch?v=TpCeUyy6264", "date_published": "2023-10-06T00:00:10+00:00", "bookmarked": false, "dead": null, "artist": "penguinz0", "album": "penguinz0", "user": null, "language": "en-US", "thumbnail": "https://i1.ytimg.com/vi/TpCeUyy6264/hqdefault.jpg"}]