[{"source": "https://theintercept.com/feed/?lang=en", "title": "Hijacked Hope: Why a Decade of Mass Protest Backfired", "description": "<p>Vincent Bevins discusses his new book, \u201cIf We Burn: The Mass Protest Decade and the Missing Revolution,\u201d and the global protest movements of the 2010s.</p>\n<p>The post <a href=\"https://theintercept.com/2023/10/06/deconstructed-mass-protest-movements-vincent-bevins/\" rel=\"nofollow\">Hijacked Hope: Why a Decade of Mass Protest Backfired</a> appeared first on <a href=\"https://theintercept.com\" rel=\"nofollow\">The Intercept</a>.</p>", "link": "https://theintercept.com/2023/10/06/deconstructed-mass-protest-movements-vincent-bevins/", "date_published": "2023-10-06T10:00:00+00:00", "bookmarked": false, "dead": null, "artist": "The Intercept", "album": "The Intercept", "user": null, "language": "en-US", "thumbnail": null}]