[{"source": "https://www.bankier.pl/rss/wiadomosci.xml", "title": "Odbicie na Wall Street. S&P500 zanotowa\u0142 najlepszy dzie\u0144 od sierpnia", "description": "<p><img align=\"left\" alt=\"\" class=\"webfeedsFeaturedVisual\" height=\"560\" src=\"http://galeria.bankier.pl/p/9/a/b740b7a30831a5-948-568-0-97-3000-1799.jpg\" style=\"display: block; margin-bottom: 5px; clear: both;\" width=\"945\" />Pomimo pocz\u0105tkowych spadk\u00f3w dzie\u0144 zako\u0144czy\u0142 si\u0119 po\nmy\u015bli gie\u0142dowych byk\u00f3w, a S&amp;P500 odnotowa\u0142 najwi\u0119kszy dzienny wzrost od\nsierpnia.</p>", "link": "https://www.bankier.pl/wiadomosc/Odbicie-na-Wall-Street-S-P500-zanotowal-najlepszy-dzien-od-sierpnia-8624829.html?utm_source=RSS&utm_medium=RSS&utm_campaign=Wiadomosci", "date_published": "2023-10-06T20:57:50.606251+00:00", "bookmarked": false, "dead": null, "artist": "Bankier", "album": "Bankier", "user": null, "language": "pl-PL", "thumbnail": "https://www.bankier.pl/gfx/rsslogo.png"}, {"source": "https://www.bankier.pl/rss/wiadomosci.xml", "title": "49 firm z restrykcjami. Posz\u0142o o zaopatrywanie Rosji w p\u00f3\u0142przewodniki", "description": "<p><img align=\"left\" alt=\"\" class=\"webfeedsFeaturedVisual\" height=\"560\" src=\"http://galeria.bankier.pl/p/4/2/4c5649941491ca-948-568-0-0-2001-1200.jpg\" style=\"display: block; margin-bottom: 5px; clear: both;\" width=\"945\" />Ameryka\u0144skie ministerstwo (departament) handlu og\u0142osi\u0142 w pi\u0105tek na\u0142o\u017cenie restrykcji handlowych na 49 firm, zaopatruj\u0105cych Rosj\u0119 w p\u00f3\u0142przewodniki i elektronik\u0119 pochodz\u0105c\u0105 z USA. Zdecydowana wi\u0119kszo\u015b\u0107 z nich - 42 - to podmioty z Chin.</p>", "link": "https://www.bankier.pl/wiadomosc/49-firm-z-restrykcjami-Poszlo-o-zaopatrywanie-Rosji-w-polprzewodniki-8624767.html?utm_source=RSS&utm_medium=RSS&utm_campaign=Wiadomosci", "date_published": "2023-10-06T17:42:41.996993+00:00", "bookmarked": false, "dead": null, "artist": "Bankier", "album": "Bankier", "user": null, "language": "pl-PL", "thumbnail": "https://www.bankier.pl/gfx/rsslogo.png"}, {"source": "https://www.bankier.pl/rss/wiadomosci.xml", "title": "Holandia przeznaczy dodatkowe 102 mln euro na pomoc Ukrainie", "description": "<p><img align=\"left\" alt=\"\" class=\"webfeedsFeaturedVisual\" height=\"560\" src=\"http://galeria.bankier.pl/p/a/c/6b9e46dacabd3f-948-568-0-39-1773-1064.jpg\" style=\"display: block; margin-bottom: 5px; clear: both;\" width=\"945\" />Holandia przeznaczy 102 mln euro na kolejny, trzeci w tym roku, pakiet pomocowy dla Ukrainy - poinformowa\u0142 w pi\u0105tek holenderski rz\u0105d.</p>", "link": "https://www.bankier.pl/wiadomosc/Holandia-przeznaczy-dodatkowe-102-mln-euro-na-pomoc-Ukrainie-8624784.html?utm_source=RSS&utm_medium=RSS&utm_campaign=Wiadomosci", "date_published": "2023-10-06T17:42:41.995983+00:00", "bookmarked": false, "dead": null, "artist": "Bankier", "album": "Bankier", "user": null, "language": "pl-PL", "thumbnail": "https://www.bankier.pl/gfx/rsslogo.png"}, {"source": "https://www.bankier.pl/rss/wiadomosci.xml", "title": "Amazon wystrzeli na orbit\u0119 dwa satelity systemu Kuiper. To konkurencja dla Starlinka", "description": "<p><img align=\"left\" alt=\"\" class=\"webfeedsFeaturedVisual\" height=\"560\" src=\"http://galeria.bankier.pl/p/7/d/ca33febce2bda5-948-568-0-60-2977-1786.jpg\" style=\"display: block; margin-bottom: 5px; clear: both;\" width=\"945\" />Firma Amazona zamierza w pi\u0105tek wystrzeli\u0107 na orbit\u0119 dwa pierwsze satelity konstelacji Kuiper, kt\u00f3ra ma docelowo liczy\u0107 ponad 3,2 tys. satelit\u00f3w dostarczaj\u0105cych internet. System ten ma by\u0107 konkurencj\u0105 dla Starlinka Elona Muska - podaje w pi\u0105tek ameryka\u0144ski portal Semafor.</p>", "link": "https://www.bankier.pl/wiadomosc/Amazon-wystrzeli-na-orbite-dwa-satelity-systemu-Kuiper-To-konkurencja-dla-Starlinka-8624753.html?utm_source=RSS&utm_medium=RSS&utm_campaign=Wiadomosci", "date_published": "2023-10-06T17:33:00+00:00", "bookmarked": false, "dead": null, "artist": "Bankier", "album": "Bankier", "user": null, "language": "pl-PL", "thumbnail": "https://www.bankier.pl/gfx/rsslogo.png"}, {"source": "https://www.bankier.pl/rss/wiadomosci.xml", "title": "Czy kobiety interesuj\u0105 si\u0119 polityk\u0105? Nast\u0105pi\u0142a zmiana", "description": "<p><img align=\"left\" alt=\"\" class=\"webfeedsFeaturedVisual\" height=\"560\" src=\"http://galeria.bankier.pl/p/6/8/652977a33d46db-948-568-172-67-2650-1589.jpg\" style=\"display: block; margin-bottom: 5px; clear: both;\" width=\"945\" />Kobiety rzadziej interesuj\u0105 si\u0119 polityk\u0105, rzadziej deklaruj\u0105 pewno\u015b\u0107 udzia\u0142u w wyborach i cz\u0119\u015bciej maj\u0105 niesprecyzowane pogl\u0105dy polityczne. W ostatnim czasie nast\u0105pi\u0142 jednak umiarkowany wzrost zainteresowania t\u0105 tematyk\u0105 w\u015br\u00f3d Polek \u2013 wynika z komunikatu z bada\u0144 CBOS pt. \u201eKobiety i polityka\u201d.</p>", "link": "https://www.bankier.pl/wiadomosc/Czy-kobiety-interesuja-sie-polityka-Nastapila-zmiana-8624745.html?utm_source=RSS&utm_medium=RSS&utm_campaign=Wiadomosci", "date_published": "2023-10-06T17:18:00+00:00", "bookmarked": false, "dead": null, "artist": "Bankier", "album": "Bankier", "user": null, "language": "pl-PL", "thumbnail": "https://www.bankier.pl/gfx/rsslogo.png"}, {"source": "https://www.bankier.pl/rss/wiadomosci.xml", "title": "Tysi\u0105ce dzieci bez lekcji w efekcie strajku nauczycieli", "description": "<p><img align=\"left\" alt=\"\" class=\"webfeedsFeaturedVisual\" height=\"560\" src=\"http://galeria.bankier.pl/p/2/4/c1128db2fd2416-948-568-0-12-1730-1038.jpg\" style=\"display: block; margin-bottom: 5px; clear: both;\" width=\"945\" />W\u0142adze o\u015bwiatowe Portugalii odwo\u0142a\u0142y w pi\u0105tek zaj\u0119cia w kilkuset szko\u0142ach na terenie ca\u0142ego kraju z powodu rozpocz\u0119tego rano strajku nauczycieli. W efekcie protestu tysi\u0105ce uczni\u00f3w pozosta\u0142o w domach.</p>", "link": "https://www.bankier.pl/wiadomosc/Tysiace-dzieci-bez-lekcji-w-efekcie-strajku-nauczycieli-8624715.html?utm_source=RSS&utm_medium=RSS&utm_campaign=Wiadomosci", "date_published": "2023-10-06T16:37:38.346288+00:00", "bookmarked": false, "dead": null, "artist": "Bankier", "album": "Bankier", "user": null, "language": "pl-PL", "thumbnail": "https://www.bankier.pl/gfx/rsslogo.png"}, {"source": "https://www.bankier.pl/rss/wiadomosci.xml", "title": "Przemys\u0142 energoch\u0142onny otrzyma miliardy z\u0142otych. KE wyda\u0142a zgod\u0119", "description": "<p><img align=\"left\" alt=\"\" class=\"webfeedsFeaturedVisual\" height=\"560\" src=\"http://galeria.bankier.pl/p/7/6/87c1bff76025ec-948-568-0-57-1920-1151.jpg\" style=\"display: block; margin-bottom: 5px; clear: both;\" width=\"945\" />Komisja Europejska zatwierdzi\u0142a w pi\u0105tek polski program pomocy pa\u0144stwowej o warto\u015bci 1,2 mld euro (5,5 mld z\u0142otych), maj\u0105cy na celu wsparcie energoch\u0142onnych przedsi\u0119biorstw, borykaj\u0105cych si\u0119 z rosn\u0105cymi kosztami energii w kontek\u015bcie wojny Rosji z Ukrain\u0105.</p>", "link": "https://www.bankier.pl/wiadomosc/Przemysl-energochlonny-otrzyma-miliardy-zlotych-UE-wydala-zgode-8624694.html?utm_source=RSS&utm_medium=RSS&utm_campaign=Wiadomosci", "date_published": "2023-10-06T16:19:00+00:00", "bookmarked": false, "dead": null, "artist": "Bankier", "album": "Bankier", "user": null, "language": "pl-PL", "thumbnail": "https://www.bankier.pl/gfx/rsslogo.png"}, {"source": "https://www.bankier.pl/rss/wiadomosci.xml", "title": "Donald Trump ujawni\u0142 tajemnice o nuklearnych okr\u0119tach podwodnych", "description": "<p><img align=\"left\" alt=\"\" class=\"webfeedsFeaturedVisual\" height=\"560\" src=\"http://galeria.bankier.pl/p/5/2/5e0635acb2afd4-948-568-0-119-1773-1063.jpg\" style=\"display: block; margin-bottom: 5px; clear: both;\" width=\"945\" />By\u0142y prezydent Donald Trump ujawni\u0142 tajemnice nt. nuklearnych okr\u0119t\u00f3w podwodnych australijskiemu miliarderowi Anthony'emu Prattowi, zdradzaj\u0105c mu szczeg\u00f3\u0142y dotycz\u0105ce zdolno\u015bci okr\u0119t\u00f3w - poda\u0142y w czwartek ABC News i \"New York Times\". Pratt mia\u0142 p\u00f3\u017aniej powt\u00f3rzy\u0107 te informacje dziesi\u0105tkom os\u00f3b.</p>", "link": "https://www.bankier.pl/wiadomosc/Donald-Trump-ujawnil-tajemnice-o-nuklearnych-okretach-podwodnych-8624641.html?utm_source=RSS&utm_medium=RSS&utm_campaign=Wiadomosci", "date_published": "2023-10-06T15:32:43.372689+00:00", "bookmarked": false, "dead": null, "artist": "Bankier", "album": "Bankier", "user": null, "language": "pl-PL", "thumbnail": "https://www.bankier.pl/gfx/rsslogo.png"}, {"source": "https://www.bankier.pl/rss/wiadomosci.xml", "title": "Premier: Oficjalnie odrzucam ca\u0142y paragraf konkluzji szczytu RE dotycz\u0105cy migracji", "description": "<p><img align=\"left\" alt=\"\" class=\"webfeedsFeaturedVisual\" height=\"560\" src=\"http://galeria.bankier.pl/p/f/d/1205d525a6cd60-948-568-372-248-968-580.jpg\" style=\"display: block; margin-bottom: 5px; clear: both;\" width=\"945\" />Odpowiadam za bezpiecze\u0144stwo Polski i jej obywateli; dlatego jako odpowiedzialny polityk oficjalnie odrzucam ca\u0142y paragraf konkluzji szczytu Rady Europejskiej dotycz\u0105cy migracji - przekaza\u0142 w pi\u0105tek premier Mateusz Morawiecki.</p>", "link": "https://www.bankier.pl/wiadomosc/Premier-Oficjalnie-odrzucam-caly-paragraf-konkluzji-szczytu-RE-dotyczacy-migracji-8624652.html?utm_source=RSS&utm_medium=RSS&utm_campaign=Wiadomosci", "date_published": "2023-10-06T15:32:43.372178+00:00", "bookmarked": false, "dead": null, "artist": "Bankier", "album": "Bankier", "user": null, "language": "pl-PL", "thumbnail": "https://www.bankier.pl/gfx/rsslogo.png"}, {"source": "https://www.bankier.pl/rss/wiadomosci.xml", "title": "Si\u0142a bank\u00f3w i s\u0142abo\u015b\u0107 bran\u017cowych gigant\u00f3w na WIG20. GPW zareagowa\u0142a na ameryka\u0144skie zaskoczenie", "description": "<p><img align=\"left\" alt=\"\" class=\"webfeedsFeaturedVisual\" height=\"560\" src=\"http://galeria.bankier.pl/p/7/3/92a0f94f34fb2f-948-568-872-223-3383-2030.jpg\" style=\"display: block; margin-bottom: 5px; clear: both;\" width=\"945\" />Fina\u0142 gie\u0142dowego tygodnia na GPW skoncentrowany by\u0142 wok\u00f3\u0142 przeceny Allegro i CD Projektu, kolejnej mocnej sesji sektora bankowego oraz reakcji inwestor\u00f3w na dane z ameryka\u0144skiego rynku pracy. Chocia\u017c reprezentacyjny indeks zdo\u0142a\u0142 w pi\u0105tek utrzyma\u0107 si\u0119 nad kresk\u0105, to w skali tygodnia zaliczy\u0142 najwi\u0119kszy spadek od pocz\u0105tku wrze\u015bnia.</p>", "link": "https://www.bankier.pl/wiadomosc/Sila-bankow-i-slabosc-branzowych-gigantow-na-WIG20-GPW-zareagowala-na-amerykanskie-zaskoczenie-8624664.html?utm_source=RSS&utm_medium=RSS&utm_campaign=Wiadomosci", "date_published": "2023-10-06T15:32:43.363832+00:00", "bookmarked": false, "dead": null, "artist": "Bankier", "album": "Bankier", "user": null, "language": "pl-PL", "thumbnail": "https://www.bankier.pl/gfx/rsslogo.png"}, {"source": "https://www.bankier.pl/rss/wiadomosci.xml", "title": "Kupowanie letnich paliw przed zim\u0105 na zapas nie ma sensu", "description": "<p><img align=\"left\" alt=\"\" class=\"webfeedsFeaturedVisual\" height=\"560\" src=\"http://galeria.bankier.pl/p/7/f/899ea628cc042d-945-560-617-0-1534-920.jpg\" style=\"display: block; margin-bottom: 5px; clear: both;\" width=\"945\" />Kupowanie na zapas benzyn i oleju nap\u0119dowego o parametrach letnich przed zim\u0105 nie ma sensu i mo\u017ce przysporzy\u0107 problem\u00f3w kierowcom - ostrzega prezes Instytutu Jagiello\u0144skiego Marcin Roszkowski. Jego zdaniem to nie jest, wi\u0119c najlepszy moment, \u017ceby wpada\u0107 w zakupow\u0105 panik\u0119.</p>", "link": "https://www.bankier.pl/wiadomosc/Kupowanie-letnich-paliw-przed-zima-na-zapas-nie-ma-sensu-8624584.html?utm_source=RSS&utm_medium=RSS&utm_campaign=Wiadomosci", "date_published": "2023-10-06T14:27:53.907386+00:00", "bookmarked": false, "dead": null, "artist": "Bankier", "album": "Bankier", "user": null, "language": "pl-PL", "thumbnail": "https://www.bankier.pl/gfx/rsslogo.png"}, {"source": "https://www.bankier.pl/rss/wiadomosci.xml", "title": "Wizz Air stawia na lotnisko w Radomiu. Ju\u017c nied\u0142ugo pierwsze loty", "description": "<p><img align=\"left\" alt=\"\" class=\"webfeedsFeaturedVisual\" height=\"560\" src=\"http://galeria.bankier.pl/p/4/4/07cfcb78926209-948-568-0-37-3012-1807.jpg\" style=\"display: block; margin-bottom: 5px; clear: both;\" width=\"945\" />Serwis Fly4Free.pl bazuj\u0105c na informacjach z Radio dla Ciebie, poinformowa\u0142, \u017ce w\u0119gierski przewo\u017anik zdecydowa\u0142 si\u0119 na uruchomienie swojej siatki po\u0142\u0105cze\u0144 z Radomia. Niekt\u00f3re z nich maj\u0105 mie\u0107 premier\u0119 ju\u017c nied\u0142ugo.</p>", "link": "https://www.bankier.pl/wiadomosc/Wizz-Air-stawia-na-lotnisko-w-Radomiu-Juz-niedlugo-pierwsze-loty-8624596.html?utm_source=RSS&utm_medium=RSS&utm_campaign=Wiadomosci", "date_published": "2023-10-06T14:27:53.903312+00:00", "bookmarked": false, "dead": null, "artist": "Bankier", "album": "Bankier", "user": null, "language": "pl-PL", "thumbnail": "https://www.bankier.pl/gfx/rsslogo.png"}, {"source": "https://www.bankier.pl/rss/wiadomosci.xml", "title": "Samoch\u00f3d elektryczny porwa\u0142 kierowc\u0119. Musia\u0142a interweniowa\u0107 policja", "description": "<p><img align=\"left\" alt=\"\" class=\"webfeedsFeaturedVisual\" height=\"560\" src=\"http://galeria.bankier.pl/p/f/f/6494dbac6aedc0-948-568-11-0-1488-893.jpg\" style=\"display: block; margin-bottom: 5px; clear: both;\" width=\"945\" />Samochody elektryczne jako pierwsze zacz\u0119\u0142y bunt \nmaszyn? Ten w Wielkiej Brytanii na pewno. Podczas przeja\u017cd\u017cki przesta\u0142 \nreagowa\u0107 na polecenia kierowcy - sam hamowa\u0142, a nast\u0119pnie przyspiesza\u0142 \ndo pr\u0119dko\u015bci 50 km/h. Nikt nie wiedzia\u0142, jak go wy\u0142\u0105czy\u0107. Nawet wypadek \ngo nie zatrzyma\u0142.\n</p>", "link": "https://www.bankier.pl/wiadomosc/Samochod-elektryczny-porwal-kierowce-Musiala-interweniowac-policja-8624312.html?utm_source=RSS&utm_medium=RSS&utm_campaign=Wiadomosci", "date_published": "2023-10-06T14:00:00+00:00", "bookmarked": false, "dead": null, "artist": "Bankier", "album": "Bankier", "user": null, "language": "pl-PL", "thumbnail": "https://www.bankier.pl/gfx/rsslogo.png"}, {"source": "https://www.bankier.pl/rss/wiadomosci.xml", "title": "Szalone dane z ameryka\u0144skiego rynku pracy", "description": "<p><img align=\"left\" alt=\"\" class=\"webfeedsFeaturedVisual\" height=\"560\" src=\"http://galeria.bankier.pl/p/4/c/3223700a993bd5-948-568-220-160-3780-2267.jpg\" style=\"display: block; margin-bottom: 5px; clear: both;\" width=\"945\" />\nTak mocnego wyniku nie spodziewa\u0142 si\u0119 chyba nikt. Liczba nowych miejsc pracy w sektorach pozarolniczych okaza\u0142a si\u0119 by\u0107 blisko dwukrotnie wy\u017csza od rynkowego konsensusu. Co wi\u0119cej, wyra\u017anie w g\u00f3r\u0119 zrewidowano dane za sierpie\u0144.\n\n</p>", "link": "https://www.bankier.pl/wiadomosc/Amerykanski-rynek-pracy-wrzesien-2023-8624526.html?utm_source=RSS&utm_medium=RSS&utm_campaign=Wiadomosci", "date_published": "2023-10-06T13:22:34.986100+00:00", "bookmarked": false, "dead": null, "artist": "Bankier", "album": "Bankier", "user": null, "language": "pl-PL", "thumbnail": "https://www.bankier.pl/gfx/rsslogo.png"}, {"source": "https://www.bankier.pl/rss/wiadomosci.xml", "title": "NBP \u201eca\u0142y czas\u201d kupuje z\u0142oto", "description": "<p><img align=\"left\" alt=\"\" class=\"webfeedsFeaturedVisual\" height=\"560\" src=\"http://galeria.bankier.pl/p/5/3/057bcabff7f529-948-568-2-14-954-572.png\" style=\"display: block; margin-bottom: 5px; clear: both;\" width=\"945\" />Statystyki za wrzesie\u0144 niedwuznacznie sugeruj\u0105, \u017ce Narodowy Bank Polski ponownie zwi\u0119kszy\u0142 rezerwy z\u0142ota. Wed\u0142ug oblicze\u0144 Bankier.pl w skarbcach NBP przyby\u0142o ponad 19 ton \u017c\u00f3\u0142tego metalu.\n</p>", "link": "https://www.bankier.pl/wiadomosc/NBP-kupuje-zloto-wrzesien-2023-8624478.html?utm_source=RSS&utm_medium=RSS&utm_campaign=Wiadomosci", "date_published": "2023-10-06T13:00:00+00:00", "bookmarked": false, "dead": null, "artist": "Bankier", "album": "Bankier", "user": null, "language": "pl-PL", "thumbnail": "https://www.bankier.pl/gfx/rsslogo.png"}, {"source": "https://www.bankier.pl/rss/wiadomosci.xml", "title": "Pekao: Najbli\u017csze miesi\u0105ce mog\u0105 by\u0107 wyzwaniem", "description": "<p><img align=\"left\" alt=\"\" class=\"webfeedsFeaturedVisual\" height=\"560\" src=\"http://galeria.bankier.pl/p/e/7/d8799b46b313f9-948-568-0-158-1672-1003.jpg\" style=\"display: block; margin-bottom: 5px; clear: both;\" width=\"945\" />Najbli\u017csze miesi\u0105ce w gospodarce mog\u0105 by\u0107 wyzwaniem, gdy\u017c jest sporo sygna\u0142\u00f3w \u015bwiadcz\u0105cych o spowolnieniu, zw\u0142aszcza w Europie - ocenia wiceprezes Banku Pekao Jerzy Kwieci\u0144ski. Jego zdaniem, nie maleje jednak ch\u0119\u0107 przedsi\u0119biorstw do inwestowania, a w akcji kredytowej dla firm w Pekao jest stabilizacja.</p>", "link": "https://www.bankier.pl/wiadomosc/Najblizsze-miesiace-moga-byc-wyzwaniem-ale-w-Pekao-akcja-kredytowa-firm-nie-slabnie-wywiad-8624507.html?utm_source=RSS&utm_medium=RSS&utm_campaign=Wiadomosci", "date_published": "2023-10-06T12:17:52.743012+00:00", "bookmarked": false, "dead": null, "artist": "Bankier", "album": "Bankier", "user": null, "language": "pl-PL", "thumbnail": "https://www.bankier.pl/gfx/rsslogo.png"}, {"source": "https://www.bankier.pl/rss/wiadomosci.xml", "title": "Tym b\u0119d\u0105 \u017cy\u0142y rynki: bankowy pi\u0105tek, 13-tego", "description": "<p><img align=\"left\" alt=\"\" class=\"webfeedsFeaturedVisual\" height=\"560\" src=\"http://galeria.bankier.pl/p/9/5/a4e4e8f8307545-948-568-11-0-2276-1365.jpg\" style=\"display: block; margin-bottom: 5px; clear: both;\" width=\"945\" />Na Wall Street najwa\u017cniejszym dniem tygodnia b\u0119dzie pi\u0105tek, 13 pa\u017adziernika, gdy wyniki\nkwartalne poka\u017c\u0105 trzy wielkie banki.</p>", "link": "https://www.bankier.pl/wiadomosc/Tym-beda-zyly-rynki-bankowy-piatek-13-tego-8624476.html?utm_source=RSS&utm_medium=RSS&utm_campaign=Wiadomosci", "date_published": "2023-10-06T12:17:52.737939+00:00", "bookmarked": false, "dead": null, "artist": "Bankier", "album": "Bankier", "user": null, "language": "pl-PL", "thumbnail": "https://www.bankier.pl/gfx/rsslogo.png"}, {"source": "https://www.bankier.pl/rss/wiadomosci.xml", "title": "Niekt\u00f3rzy z RPP oceniali we wrze\u015bniu, \u017ce poziom st\u00f3p jest w\u0142a\u015bciwy z mo\u017cliwo\u015bci\u0105 ich ci\u0119cia w przysz\u0142o\u015bci", "description": "<p><img align=\"left\" alt=\"\" class=\"webfeedsFeaturedVisual\" height=\"560\" src=\"http://galeria.bankier.pl/p/9/3/1d514eb0348ac0-948-568-0-122-2048-1228.jpg\" style=\"display: block; margin-bottom: 5px; clear: both;\" width=\"945\" />Niekt\u00f3rzy z RPP oceniali we wrze\u015bniu, \u017ce poziom st\u00f3p proc. jest w\u0142a\u015bciwy, z mo\u017cliwo\u015bci\u0105 ich ci\u0119cia w przysz\u0142o\u015bci - podano w opisie dyskusji z posiedzenia RPP w dn. 5-6 wrze\u015bnia. Wi\u0119kszo\u015b\u0107 Rady popar\u0142a dostosowanie st\u00f3p procentowych o 75 pb. Pojawi\u0142a si\u0119 opinia, \u017ce poziom st\u00f3p proc. w IX jest zbyt niski.</p>", "link": "https://www.bankier.pl/wiadomosc/Niektorzy-z-RPP-oceniali-we-wrzesniu-ze-poziom-stop-jest-wlasciwy-8624515.html?utm_source=RSS&utm_medium=RSS&utm_campaign=Wiadomosci", "date_published": "2023-10-06T12:17:52.736389+00:00", "bookmarked": false, "dead": null, "artist": "Bankier", "album": "Bankier", "user": null, "language": "pl-PL", "thumbnail": "https://www.bankier.pl/gfx/rsslogo.png"}, {"source": "https://www.bankier.pl/rss/wiadomosci.xml", "title": "Silne spadki gie\u0142dowych cen paliw. Po wyborach jednak dro\u017cej nie b\u0119dzie?", "description": "<p><img align=\"left\" alt=\"\" class=\"webfeedsFeaturedVisual\" height=\"560\" src=\"http://galeria.bankier.pl/p/9/1/77981639f698f2-948-568-0-150-4000-2399.jpg\" style=\"display: block; margin-bottom: 5px; clear: both;\" width=\"945\" />Ko\u0144c\u00f3wka wrze\u015bnia przynios\u0142a stabilizacj\u0119 cen paliw w Polsce\nna nienaturalnie niskich poziomach. Nie oznacza to jednak, \u017ce po wyborach benzyna\ni ON skokowo podro\u017cej\u0105.</p>", "link": "https://www.bankier.pl/wiadomosc/Ceny-paliw-w-Polsce-pazdziernik-2023-Ile-kosztuje-benzyna-i-olej-napedowy-8624467.html?utm_source=RSS&utm_medium=RSS&utm_campaign=Wiadomosci", "date_published": "2023-10-06T12:09:00+00:00", "bookmarked": false, "dead": null, "artist": "Bankier", "album": "Bankier", "user": null, "language": "pl-PL", "thumbnail": "https://www.bankier.pl/gfx/rsslogo.png"}, {"source": "https://www.bankier.pl/rss/wiadomosci.xml", "title": "Polska powstrzyma\u0142a wzrost cen pr\u0105du lepiej od Niemiec i Francji", "description": "<p><img align=\"left\" alt=\"\" class=\"webfeedsFeaturedVisual\" height=\"560\" src=\"http://galeria.bankier.pl/p/6/9/74c620a92020e1-948-567-0-42-980-587.jpg\" style=\"display: block; margin-bottom: 5px; clear: both;\" width=\"945\" />Ceny pr\u0105du dla gospodarstw domowych w Polsce od wrze\u015bnia 2021 r. do stycznia br. wzros\u0142y o 12,9 proc., a wydatki na ich ochron\u0119 wynios\u0142y ok. 2 proc. PKB - wynika z raportu Agencji Rynku Energii. Zaznaczono, \u017ce Polska powstrzyma\u0142a wzrost cen energii bardziej ni\u017c Niemcy i Francja, wydaj\u0105c na ten cel mniej.</p>", "link": "https://www.bankier.pl/wiadomosc/Polska-powstrzymala-wzrost-cen-pradu-lepiej-od-Niemiec-i-Francji-8624466.html?utm_source=RSS&utm_medium=RSS&utm_campaign=Wiadomosci", "date_published": "2023-10-06T12:08:00+00:00", "bookmarked": false, "dead": null, "artist": "Bankier", "album": "Bankier", "user": null, "language": "pl-PL", "thumbnail": "https://www.bankier.pl/gfx/rsslogo.png"}, {"source": "https://www.bankier.pl/rss/wiadomosci.xml", "title": "S\u0105d Najwy\u017cszy pyta TSUE o kredyty we frankach. Chodzi o prawo zatrzymania", "description": "<p><img align=\"left\" alt=\"\" class=\"webfeedsFeaturedVisual\" height=\"560\" src=\"http://galeria.bankier.pl/p/4/d/854e83e36b4596-948-568-20-77-979-587.jpg\" style=\"display: block; margin-bottom: 5px; clear: both;\" width=\"945\" />SN doszed\u0142 do przekonania, \u017ce umowa kredytu jest umow\u0105 wzajemn\u0105, ale otwart\u0105 kwesti\u0105 pozostaje w zwi\u0105zku z tym stosowanie tzw. prawa zatrzymania - oceni\u0142 szerszy sk\u0142ad Izby Cywilnej SN. W zwi\u0105zku z tym zdecydowa\u0142 w pi\u0105tek o skierowaniu pytania do Trybuna\u0142u Sprawiedliwo\u015bci UE.</p>", "link": "https://www.bankier.pl/wiadomosc/Sad-Najwyzszy-pyta-TSUE-o-kredyty-we-frankach-Chodzi-o-prawo-zatrzymania-8624444.html?utm_source=RSS&utm_medium=RSS&utm_campaign=Wiadomosci", "date_published": "2023-10-06T11:12:28.111230+00:00", "bookmarked": false, "dead": null, "artist": "Bankier", "album": "Bankier", "user": null, "language": "pl-PL", "thumbnail": "https://www.bankier.pl/gfx/rsslogo.png"}, {"source": "https://www.bankier.pl/rss/wiadomosci.xml", "title": "\"TVP \u2013 Bizancjum za publiczne pieni\u0105dze\". Mocny raport NIK o finansach Telewizji Polskiej", "description": "<p><img align=\"left\" alt=\"\" class=\"webfeedsFeaturedVisual\" height=\"560\" src=\"http://galeria.bankier.pl/p/4/e/da860c6d6f2a17-948-568-0-244-3763-2257.jpg\" style=\"display: block; margin-bottom: 5px; clear: both;\" width=\"945\" />Telewizja Publiczna w coraz wi\u0119kszym stopniu jest finansowana z bud\u017cetu pa\u0144stwa. NIK postanowi\u0142a zbada\u0107 finanse TVP w latach 2021 i 2022. Wyniki kontroli nie s\u0105 pocieszaj\u0105ce.</p>", "link": "https://www.bankier.pl/wiadomosc/TVP-Bizancjum-za-publiczne-pieniadze-Mocny-raport-NIK-o-finansach-Telewizji-Polskiej-8624424.html?utm_source=RSS&utm_medium=RSS&utm_campaign=Wiadomosci", "date_published": "2023-10-06T11:12:28.108082+00:00", "bookmarked": false, "dead": null, "artist": "Bankier", "album": "Bankier", "user": null, "language": "pl-PL", "thumbnail": "https://www.bankier.pl/gfx/rsslogo.png"}, {"source": "https://www.bankier.pl/rss/wiadomosci.xml", "title": "Polacy na zakupach obligacji, cho\u0107 do rekordu daleko. Pa\u017adziernikowe papiery dadz\u0105 zarobi\u0107 wi\u0119cej", "description": "<p><img align=\"left\" alt=\"\" class=\"webfeedsFeaturedVisual\" height=\"560\" src=\"http://galeria.bankier.pl/p/a/d/03866e938cb859-948-568-0-239-3543-2125.jpg\" style=\"display: block; margin-bottom: 5px; clear: both;\" width=\"945\" />Znamy przybli\u017cone wrze\u015bniowe wyniki sprzeda\u017cy \nobligacji oszcz\u0119dno\u015bciowych Skarbu Pa\u0144stwa. \u0141\u0105czna kwota zakup\u00f3w \nsi\u0119gn\u0119\u0142a 4,7 mld z\u0142. Kt\u00f3re papiery cieszy\u0142y si\u0119 najwi\u0119kszym \nzainteresowaniem Polak\u00f3w?</p>", "link": "https://www.bankier.pl/wiadomosc/Wrzesniowa-sprzedaz-obligacji-byla-nizsza-niz-w-wakacje-8624372.html?utm_source=RSS&utm_medium=RSS&utm_campaign=Wiadomosci", "date_published": "2023-10-06T11:00:00+00:00", "bookmarked": false, "dead": null, "artist": "Bankier", "album": "Bankier", "user": null, "language": "pl-PL", "thumbnail": "https://www.bankier.pl/gfx/rsslogo.png"}, {"source": "https://www.bankier.pl/rss/wiadomosci.xml", "title": "Taylor Swift bije rekordy. Jej trasa koncertowa mo\u017ce przynie\u015b\u0107 1,4 mld dol", "description": "<p><img align=\"left\" alt=\"\" class=\"webfeedsFeaturedVisual\" height=\"560\" src=\"http://galeria.bankier.pl/p/8/4/55636a3cd5ef3a-948-567-50-45-950-569.jpg\" style=\"display: block; margin-bottom: 5px; clear: both;\" width=\"945\" />Trasa Eras Tour Taylor Swift okaza\u0142 si\u0119 ogromnym \nsukcesem. Za tydzie\u0144 odb\u0119dzie si\u0119 kinowa premiera filmu stanowi\u0105cego \nzapis jednego z koncert\u00f3w. Ju\u017c teraz globalna sprzeda\u017c bilet\u00f3w \nprzekroczy\u0142a 100 mln dolar\u00f3w, co czyni go niekwestionowanym hitem. </p>", "link": "https://www.bankier.pl/wiadomosc/Taylor-Swift-bije-rekordy-Jej-trasa-koncertowa-moze-przyniesc-1-4-mld-dol-8624276.html?utm_source=RSS&utm_medium=RSS&utm_campaign=Wiadomosci", "date_published": "2023-10-06T11:00:00+00:00", "bookmarked": false, "dead": null, "artist": "Bankier", "album": "Bankier", "user": null, "language": "pl-PL", "thumbnail": "https://www.bankier.pl/gfx/rsslogo.png"}, {"source": "https://www.bankier.pl/rss/wiadomosci.xml", "title": "Polregio zawar\u0142o porozumienie z pracownikami. B\u0119d\u0105 podwy\u017cki dla wszystkich", "description": "<p><img align=\"left\" alt=\"\" class=\"webfeedsFeaturedVisual\" height=\"560\" src=\"http://galeria.bankier.pl/p/f/6/3773fd6eb95b82-945-560-0-37-979-587.jpg\" style=\"display: block; margin-bottom: 5px; clear: both;\" width=\"945\" />Zarz\u0105d Polregio podpisa\u0142 porozumienie z pracownikami dotycz\u0105ce podwy\u017cki w woj. zachodniopomorskim. Oznacza to, \u017ce pracownicy Polregio we wszystkich zak\u0142adach przewo\u017anika od 1 wrze\u015bnia otrzymaj\u0105 podwy\u017cki wynagrodzenia w wysoko\u015bci 800 z\u0142 - poinformowa\u0142 w pi\u0105tek kolejowy przewo\u017anik.</p>", "link": "https://www.bankier.pl/wiadomosc/Polregio-zawarlo-porozumienie-z-pracownikami-Beda-podwyzki-dla-wszystkich-8624387.html?utm_source=RSS&utm_medium=RSS&utm_campaign=Wiadomosci", "date_published": "2023-10-06T10:49:00+00:00", "bookmarked": false, "dead": null, "artist": "Bankier", "album": "Bankier", "user": null, "language": "pl-PL", "thumbnail": "https://www.bankier.pl/gfx/rsslogo.png"}, {"source": "https://www.bankier.pl/rss/wiadomosci.xml", "title": "Tomasz Grodzki wy\u0142udza\u0142 pieni\u0105dze od pacjent\u00f3w? Jest wniosek o uchylenie immunitetu marsza\u0142kowi senatu", "description": "<p><img align=\"left\" alt=\"\" class=\"webfeedsFeaturedVisual\" height=\"560\" src=\"http://galeria.bankier.pl/p/0/6/aa3eec9d54463a-948-568-0-4-1773-1063.jpg\" style=\"display: block; margin-bottom: 5px; clear: both;\" width=\"945\" />Prokuratura Regionalna w Szczecinie skierowa\u0142a do Senatu RP wniosek o wyra\u017cenie zgody na poci\u0105gni\u0119cie do odpowiedzialno\u015bci karnej marsza\u0142ka senatu Tomasza Grodzkiego - poinformowa\u0142 w pi\u0105tek rzecznik Prokuratury Krajowej \u0141ukasz \u0141apczy\u0144ski.</p>", "link": "https://www.bankier.pl/wiadomosc/Tomasz-Grodzki-wyludzal-pieniadze-od-pacjentow-Jest-wniosek-o-uchylenie-immunitetu-marszalkowi-senatu-8624383.html?utm_source=RSS&utm_medium=RSS&utm_campaign=Wiadomosci", "date_published": "2023-10-06T10:48:00+00:00", "bookmarked": false, "dead": null, "artist": "Bankier", "album": "Bankier", "user": null, "language": "pl-PL", "thumbnail": "https://www.bankier.pl/gfx/rsslogo.png"}, {"source": "https://www.bankier.pl/rss/wiadomosci.xml", "title": "Pokojowa Nagroda Nobla trafia do b\u0119d\u0105cej w wi\u0119zieniu ira\u0144skiej obro\u0144czyni praw kobiet", "description": "<p><img align=\"left\" alt=\"\" class=\"webfeedsFeaturedVisual\" height=\"560\" src=\"http://galeria.bankier.pl/p/2/6/a3442445957136-948-568-0-163-1630-977.jpg\" style=\"display: block; margin-bottom: 5px; clear: both;\" width=\"945\" />Przebywaj\u0105ca w wi\u0119zieniu obro\u0144czyni praw kobiet w \nIranie Narges Mohammadi zosta\u0142a laureatk\u0105 Pokojowej Nagrody Nobla za \n2023 rok - og\u0142osi\u0142 w pi\u0105tek Norweski Komitet Noblowski.</p>", "link": "https://www.bankier.pl/wiadomosc/Pokojowa-Nagroda-Nobla-dla-Narges-Mohammadi-iranskiej-obronczyni-praw-kobiet-8624356.html?utm_source=RSS&utm_medium=RSS&utm_campaign=Wiadomosci", "date_published": "2023-10-06T10:06:00+00:00", "bookmarked": false, "dead": null, "artist": "Bankier", "album": "Bankier", "user": null, "language": "pl-PL", "thumbnail": "https://www.bankier.pl/gfx/rsslogo.png"}, {"source": "https://www.bankier.pl/rss/wiadomosci.xml", "title": "CD Projekt najni\u017cej od maja. Sprzeda\u017c fakt\u00f3w i nowa cena analityka", "description": "<p><img align=\"left\" alt=\"\" class=\"webfeedsFeaturedVisual\" height=\"560\" src=\"http://galeria.bankier.pl/p/2/d/d41ccc9036a937-948-568-65-160-1935-1160.jpg\" style=\"display: block; margin-bottom: 5px; clear: both;\" width=\"945\" />Cena akcji CD Projektu w czasie pi\u0105tkowej sesji na GPW znalaz\u0142a si\u0119 najni\u017cej od maja, a obserwowane spadki w\u015br\u00f3d najwi\u0119kszych polskich sp\u00f3\u0142ek\u00a0ust\u0119puj\u0105 tylko tym na walorach Allegro. Wzmo\u017cona wyprzeda\u017c papier\u00f3w CD Projektu to kontynuacja przeceny, jaka nast\u0105pi\u0142a w dniu inwestora oraz kolejny etap sprzeda\u017cy fakt\u00f3w zwi\u0105zanej z ostatni\u0105 du\u017c\u0105 premier\u0105 studia. W dodatku jedno z biur obni\u017cy\u0142o cen\u0119 docelow\u0105 dla sp\u00f3\u0142ki.\u00a0</p>", "link": "https://www.bankier.pl/wiadomosc/CD-Projekt-najnizej-od-maja-Sprzedaz-faktow-i-nowa-cena-analityka-8624335.html?utm_source=RSS&utm_medium=RSS&utm_campaign=Wiadomosci", "date_published": "2023-10-06T09:50:00+00:00", "bookmarked": false, "dead": null, "artist": "Bankier", "album": "Bankier", "user": null, "language": "pl-PL", "thumbnail": "https://www.bankier.pl/gfx/rsslogo.png"}, {"source": "https://www.bankier.pl/rss/wiadomosci.xml", "title": "Poczta Polska chce zarobi\u0107 na nowej obowi\u0105zkowej us\u0142udze. \"E-maile b\u0119d\u0105 dro\u017csze ni\u017c papierowy list\"", "description": "<p><img align=\"left\" alt=\"\" class=\"webfeedsFeaturedVisual\" height=\"560\" src=\"http://galeria.bankier.pl/p/2/f/f06c71e668823b-948-568-0-225-2100-1259.jpg\" style=\"display: block; margin-bottom: 5px; clear: both;\" width=\"945\" />Poczta Polska podnosi ceny za\u00a0e-dor\u0119czenia. Operator \nnarodowy zamierza zarobi\u0107 na nowej i obowi\u0105zkowej od 10 grudnia br. \nkorespondencji elektronicznej dla podmiot\u00f3w sektora publicznego w \nPolsce. </p>", "link": "https://www.bankier.pl/wiadomosc/Poczta-Polska-ma-monopol-na-nowa-obowiazkowa-usluge-Operator-sporo-na-niej-zarobi-8624285.html?utm_source=RSS&utm_medium=RSS&utm_campaign=Wiadomosci", "date_published": "2023-10-06T09:30:00+00:00", "bookmarked": false, "dead": null, "artist": "Bankier", "album": "Bankier", "user": null, "language": "pl-PL", "thumbnail": "https://www.bankier.pl/gfx/rsslogo.png"}, {"source": "https://www.bankier.pl/rss/wiadomosci.xml", "title": "Kurs euro blisko 4,60 z\u0142. Zdecyduj\u0105 dane z Ameryki", "description": "<p><img align=\"left\" alt=\"\" class=\"webfeedsFeaturedVisual\" height=\"560\" src=\"http://galeria.bankier.pl/p/b/5/0024dfd64ae747-948-568-0-97-3550-2129.jpg\" style=\"display: block; margin-bottom: 5px; clear: both;\" width=\"945\" />Kurs euro stabilizuje si\u0119 w pobli\u017cu 4,60 z\u0142 w\noczekiwaniu na popo\u0142udniowy raport z ameryka\u0144skiego rynku pracy.</p>", "link": "https://www.bankier.pl/wiadomosc/Kurs-euro-blisko-4-60-zl-Zdecyduja-dane-z-Ameryki-8624291.html?utm_source=RSS&utm_medium=RSS&utm_campaign=Wiadomosci", "date_published": "2023-10-06T08:37:33.597418+00:00", "bookmarked": false, "dead": null, "artist": "Bankier", "album": "Bankier", "user": null, "language": "pl-PL", "thumbnail": "https://www.bankier.pl/gfx/rsslogo.png"}, {"source": "https://www.bankier.pl/rss/wiadomosci.xml", "title": "ZUS kontroluje firmy. Chodzi o r\u00f3\u017cnice w deklaracji PIT i do sk\u0142adki zdrowotnej", "description": "<p><img align=\"left\" alt=\"\" class=\"webfeedsFeaturedVisual\" height=\"560\" src=\"http://galeria.bankier.pl/p/6/1/81fe54b30fefbc-948-568-168-0-2529-1517.jpg\" style=\"display: block; margin-bottom: 5px; clear: both;\" width=\"945\" />Zak\u0142ad Ubezpiecze\u0144 Spo\u0142ecznych\u00a0rozpocz\u0105\u0142 kontrole \nrocznych rozlicze\u0144 sk\u0142adki zdrowotnej przedsi\u0119biorc\u00f3w. W\u0142a\u015bciciele firm,\n kt\u00f3re wykaza\u0142y inny doch\u00f3d w deklaracji PIT ni\u017c w zeznaniu sk\u0142adanym do\n ZUS-u, musz\u0105 wyt\u0142umaczy\u0107 rozbie\u017cno\u015bci. Instytucja rozpocz\u0119\u0142a wysy\u0142k\u0119 \npism z informacj\u0105 o wszcz\u0119ciu post\u0119powania administracyjnego.</p>", "link": "https://www.bankier.pl/wiadomosc/ZUS-kontroluje-dochody-firm-Interesuja-go-roznice-w-deklaracji-PIT-i-do-skladki-zdrowotnej-8624234.html?utm_source=RSS&utm_medium=RSS&utm_campaign=Wiadomosci", "date_published": "2023-10-06T08:37:33.593283+00:00", "bookmarked": false, "dead": null, "artist": "Bankier", "album": "Bankier", "user": null, "language": "pl-PL", "thumbnail": "https://www.bankier.pl/gfx/rsslogo.png"}, {"source": "https://www.bankier.pl/rss/wiadomosci.xml", "title": "Trwa proces \"kr\u00f3la kryptowalut\". \"Zabra\u0142 miliardy dolar\u00f3w tysi\u0105com ofiar\"", "description": "<p><img align=\"left\" alt=\"\" class=\"webfeedsFeaturedVisual\" height=\"560\" src=\"http://galeria.bankier.pl/p/a/5/88eff738e57164-948-568-0-0-3024-1814.jpg\" style=\"display: block; margin-bottom: 5px; clear: both;\" width=\"945\" />Upadek gie\u0142dy kryptowalut FTX w listopadzie ubieg\u0142ego roku wstrz\u0105sn\u0105\u0142 rynkiem. W Nowym Jorku trwa proces Samuela Bankmana-Frieda, a prokuratorzy przyznaj\u0105, \u017ce \"wszystko zbudowano na k\u0142amstwach\".</p>", "link": "https://www.bankier.pl/wiadomosc/Trwa-proces-zalozyciela-gieldy-FTX-8624293.html?utm_source=RSS&utm_medium=RSS&utm_campaign=Wiadomosci", "date_published": "2023-10-06T08:37:33.592688+00:00", "bookmarked": false, "dead": null, "artist": "Bankier", "album": "Bankier", "user": null, "language": "pl-PL", "thumbnail": "https://www.bankier.pl/gfx/rsslogo.png"}, {"source": "https://www.bankier.pl/rss/wiadomosci.xml", "title": "Druga du\u017ca transakcja na Allegro w tym roku. Kurs nurkuje", "description": "<p><img align=\"left\" alt=\"\" class=\"webfeedsFeaturedVisual\" height=\"560\" src=\"http://galeria.bankier.pl/p/d/9/490f5bb7a2ceca-948-568-105-135-1895-1136.jpg\" style=\"display: block; margin-bottom: 5px; clear: both;\" width=\"945\" />Kurs Allegro szybko dostosowa\u0142 si\u0119 w pi\u0105tek do ceny zwi\u0105zanej z kolejnym w tym roku procesem budowy przyspieszonej ksi\u0119gi popytu (ABB) i rozpocz\u0105\u0142 sesj\u0119 luk\u0105 spadkow\u0105. Handel akcjami giganta e-commerce do\u0142uje indeks WIG20, chocia\u017c na rynkach bazowych obserwowane s\u0105 wzrosty. Drugim hamulcowym benchmarku jest kurs CD Projektu.</p>", "link": "https://www.bankier.pl/wiadomosc/Drugie-ABB-na-Allegro-w-tym-roku-Kurs-nurkuje-8624281.html?utm_source=RSS&utm_medium=RSS&utm_campaign=Wiadomosci", "date_published": "2023-10-06T08:37:33.590248+00:00", "bookmarked": false, "dead": null, "artist": "Bankier", "album": "Bankier", "user": null, "language": "pl-PL", "thumbnail": "https://www.bankier.pl/gfx/rsslogo.png"}, {"source": "https://www.bankier.pl/rss/wiadomosci.xml", "title": "Borys: Skala spadku inflacji jest du\u017ca, a z\u0142oty zacz\u0105\u0142 si\u0119 umacnia\u0107", "description": "<p><img align=\"left\" alt=\"\" class=\"webfeedsFeaturedVisual\" height=\"560\" src=\"http://galeria.bankier.pl/p/b/5/9a0d5ed3b8010e-948-568-0-190-4000-2399.jpg\" style=\"display: block; margin-bottom: 5px; clear: both;\" width=\"945\" />Decyzja o obci\u0119ciu st\u00f3p o 75 pkt. bazowych zaskoczy\u0142a inwestor\u00f3w, co zaszkodzi\u0142o z\u0142otemu. Teraz wydaje si\u0119, \u017ce nie by\u0142a b\u0142\u0119dna, skala spadku inflacji jest du\u017ca, a z\u0142oty ostatnio zacz\u0105\u0142 si\u0119 umacnia\u0107 - powiedzia\u0142 w pi\u0105tek prezes Polskiego Funduszu Rozwoju Pawe\u0142 Borys w TVN24.</p>", "link": "https://www.bankier.pl/wiadomosc/Borys-Skala-spadku-inflacji-jest-duza-a-zloty-zaczal-sie-umacniac-8624241.html?utm_source=RSS&utm_medium=RSS&utm_campaign=Wiadomosci", "date_published": "2023-10-06T07:32:25.363160+00:00", "bookmarked": false, "dead": null, "artist": "Bankier", "album": "Bankier", "user": null, "language": "pl-PL", "thumbnail": "https://www.bankier.pl/gfx/rsslogo.png"}, {"source": "https://www.bankier.pl/rss/wiadomosci.xml", "title": "Mas\u0142owska (RPP): Wydaje si\u0119, \u017ce trend obni\u017cek st\u00f3p b\u0119dzie utrzymany", "description": "<p><img align=\"left\" alt=\"\" class=\"webfeedsFeaturedVisual\" height=\"560\" src=\"http://galeria.bankier.pl/p/2/8/8cdcdf22f24b3a-948-568-26-131-3473-2084.jpg\" style=\"display: block; margin-bottom: 5px; clear: both;\" width=\"945\" />Wydaje si\u0119, \u017ce trend obni\u017cania st\u00f3p b\u0119dzie utrzymywany, ale nie mo\u017cna obecnie powiedzie\u0107, czy b\u0119dzie to po 25 pb., czy wi\u0119cej - wynika z wypowiedzi cz\u0142onkini RPP Gabrieli Mas\u0142owskiej w Radiu Lublin.</p>", "link": "https://www.bankier.pl/wiadomosc/Maslowska-RPP-Wydaje-sie-ze-trend-obnizek-stop-bedzie-utrzymany-8624258.html?utm_source=RSS&utm_medium=RSS&utm_campaign=Wiadomosci", "date_published": "2023-10-06T07:32:25.362582+00:00", "bookmarked": false, "dead": null, "artist": "Bankier", "album": "Bankier", "user": null, "language": "pl-PL", "thumbnail": "https://www.bankier.pl/gfx/rsslogo.png"}, {"source": "https://www.bankier.pl/rss/wiadomosci.xml", "title": "Milionerzy z \"Wiadomo\u015bci\". Praca w TVP si\u0119 op\u0142aca - im szczeg\u00f3lnie", "description": "<p><img align=\"left\" alt=\"\" class=\"webfeedsFeaturedVisual\" height=\"560\" src=\"http://galeria.bankier.pl/p/3/9/71d6cd2fa282a6-945-560-0-0-1750-1049.jpg\" style=\"display: block; margin-bottom: 5px; clear: both;\" width=\"945\" />Ogl\u0105daj\u0105c programy informacyjne w pa\u0144stwowej \ntelewizji, mo\u017cna odnie\u015b\u0107 wra\u017cenie, \u017ce \u017cyje si\u0119 w innym \u015bwiecie. Jednak \nprowadz\u0105cy \"Wiadomo\u015bci\" nie moga narzeka\u0107, bo program da\u0142 im zarobi\u0107 \nmiliony.</p>", "link": "https://www.bankier.pl/wiadomosc/Milionerzy-z-Wiadomosci-Ile-zarabia-Holecka-i-Adamczyk-8624240.html?utm_source=RSS&utm_medium=RSS&utm_campaign=Wiadomosci", "date_published": "2023-10-06T07:32:25.360447+00:00", "bookmarked": false, "dead": null, "artist": "Bankier", "album": "Bankier", "user": null, "language": "pl-PL", "thumbnail": "https://www.bankier.pl/gfx/rsslogo.png"}, {"source": "https://www.bankier.pl/rss/wiadomosci.xml", "title": "PKO BP i sp\u00f3\u0142ka bez bankowo\u015bci internetowej i mobilnej w weekend", "description": "<p><img align=\"left\" alt=\"\" class=\"webfeedsFeaturedVisual\" height=\"560\" src=\"http://galeria.bankier.pl/p/7/7/7a767b96b5a767-948-568-0-133-1980-1188.jpg\" style=\"display: block; margin-bottom: 5px; clear: both;\" width=\"945\" />Zbli\u017caj\u0105cy si\u0119 wielkimi krokami weekend dla klient\u00f3w kilku du\u017cych bank\u00f3w b\u0119dzie sta\u0142 pod znakiem utrudnie\u0144 w korzystaniu z us\u0142ug bankowo\u015bci internetowej i mobilnej. Jak co tydzie\u0144 na Bankier.pl publikujemy pe\u0142n\u0105 list\u0105 przerw technicznych zaplanowanych przez instytucje na nadchodz\u0105cy weekend. Sprawd\u017a, czy tw\u00f3j bank planuje ograniczenia w dost\u0119pie do podstawowych us\u0142ug.</p>", "link": "https://www.bankier.pl/wiadomosc/PKO-BP-Alior-Santander-i-Toyota-Banku-z-przerwa-techniczna-8624236.html?utm_source=RSS&utm_medium=RSS&utm_campaign=Wiadomosci", "date_published": "2023-10-06T07:32:25.359899+00:00", "bookmarked": false, "dead": null, "artist": "Bankier", "album": "Bankier", "user": null, "language": "pl-PL", "thumbnail": "https://www.bankier.pl/gfx/rsslogo.png"}, {"source": "https://www.bankier.pl/rss/wiadomosci.xml", "title": "Borys: PFR prefinansowa\u0142 ok. 5 mld z\u0142 projekt\u00f3w z KPO", "description": "<p><img align=\"left\" alt=\"\" class=\"webfeedsFeaturedVisual\" height=\"560\" src=\"http://galeria.bankier.pl/p/2/c/198b7c15b74edc-948-568-0-0-4000-2399.jpg\" style=\"display: block; margin-bottom: 5px; clear: both;\" width=\"945\" />Do tej pory PFR prefinansowa\u0142 ok. 5 mld z\u0142 projekt\u00f3w z KPO - poinformowa\u0142 prezes PFR Pawe\u0142 Borys. Doda\u0142, \u017ce obecnie PFR nie podejmuje dzia\u0142a\u0144 zwi\u0105zanych z emisj\u0105 obligacji.</p>", "link": "https://www.bankier.pl/wiadomosc/Borys-PFR-prefinansowal-ok-5-mld-zl-projektow-z-KPO-8624221.html?utm_source=RSS&utm_medium=RSS&utm_campaign=Wiadomosci", "date_published": "2023-10-06T07:06:00+00:00", "bookmarked": false, "dead": null, "artist": "Bankier", "album": "Bankier", "user": null, "language": "pl-PL", "thumbnail": "https://www.bankier.pl/gfx/rsslogo.png"}, {"source": "https://www.bankier.pl/rss/wiadomosci.xml", "title": "SPAR zniknie z Polski? Sp\u00f3\u0142ka wyda\u0142a nowy komunikat", "description": "<p><img align=\"left\" alt=\"\" class=\"webfeedsFeaturedVisual\" height=\"560\" src=\"http://galeria.bankier.pl/p/2/f/9669c579fb3bed-948-567-0-0-1080-647.jpg\" style=\"display: block; margin-bottom: 5px; clear: both;\" width=\"945\" />Cho\u0107 by\u0142o blisko do po\u017cegnania si\u0119 z polskim rynkiem, sie\u0107 sklep\u00f3w SPAR jednak na nim pozostanie. W\u0105tpliwo\u015bci rozwiano w najnowszym komunikacie sp\u00f3\u0142ki.</p>", "link": "https://www.bankier.pl/wiadomosc/SPAR-zniknie-z-Polski-Spolka-wydala-nowy-komunikat-8624220.html?utm_source=RSS&utm_medium=RSS&utm_campaign=Wiadomosci", "date_published": "2023-10-06T06:27:36.119513+00:00", "bookmarked": false, "dead": null, "artist": "Bankier", "album": "Bankier", "user": null, "language": "pl-PL", "thumbnail": "https://www.bankier.pl/gfx/rsslogo.png"}, {"source": "https://www.bankier.pl/rss/wiadomosci.xml", "title": "Kredytobiorcy ciesz\u0105 si\u0119 z obni\u017cek st\u00f3p proc. Nie odczuj\u0105 ich od razu", "description": "<p><img align=\"left\" alt=\"\" class=\"webfeedsFeaturedVisual\" height=\"560\" src=\"http://galeria.bankier.pl/p/5/9/b4c90632ae05e8-948-568-0-230-4000-2399.jpg\" style=\"display: block; margin-bottom: 5px; clear: both;\" width=\"945\" />Przy wysokich stopach procentowych, kredytobiorcy ogl\u0105daj\u0105 ka\u017cd\u0105 z\u0142ot\u00f3wk\u0119 przed zrobieniem przelewu. I niestety wci\u0105\u017c b\u0119d\u0105 musieli to zrobi\u0107. O tym, kiedy odczuj\u0105 \"ulg\u0119\", decydowa\u0107 b\u0119dzie moment, kiedy banki aktualizuj\u0105 oprocentowanie. - Cz\u0119\u015b\u0107 klient\u00f3w obni\u017ck\u0119 zobaczy ju\u017c w listopadzie, ale niekt\u00f3rzy dopiero na pocz\u0105tku przysz\u0142ego roku \u2013 powiedzia\u0142 g\u0142\u00f3wny analityk firmy Expander Advisors Jaros\u0142aw Sadowski.</p>", "link": "https://www.bankier.pl/wiadomosc/Kredytobiorcy-ciesza-sie-z-obnizek-stop-proc-Nie-odczuja-ich-od-razu-8624188.html?utm_source=RSS&utm_medium=RSS&utm_campaign=Wiadomosci", "date_published": "2023-10-06T06:01:00+00:00", "bookmarked": false, "dead": null, "artist": "Bankier", "album": "Bankier", "user": null, "language": "pl-PL", "thumbnail": "https://www.bankier.pl/gfx/rsslogo.png"}, {"source": "https://www.bankier.pl/rss/wiadomosci.xml", "title": "Ziobro z odsiecz\u0105 dla frankowc\u00f3w. Z\u0142o\u017cy\u0142 ju\u017c 56 skarg nadzwyczajnych", "description": "<p><img align=\"left\" alt=\"\" class=\"webfeedsFeaturedVisual\" height=\"560\" src=\"http://galeria.bankier.pl/p/c/a/96c820112cec41-948-568-0-90-2000-1199.jpg\" style=\"display: block; margin-bottom: 5px; clear: both;\" width=\"945\" />Dotychczas Prokurator Generalny skierowa\u0142 do S\u0105du Najwy\u017cszego \u0142\u0105cznie 56 skarg nadzwyczajnych zwi\u0105zanych z kwestiami kredyt\u00f3w frankowych; w ostatnim czasie do SN trafi\u0142y trzy takie skargi - poinformowa\u0142a PAP Prokuratura Krajowa.</p>", "link": "https://www.bankier.pl/wiadomosc/Ziobro-z-odsiecza-dla-frankowcow-Zlozyl-juz-56-skarg-nadzwyczajnych-8624186.html?utm_source=RSS&utm_medium=RSS&utm_campaign=Wiadomosci", "date_published": "2023-10-06T05:57:00+00:00", "bookmarked": false, "dead": null, "artist": "Bankier", "album": "Bankier", "user": null, "language": "pl-PL", "thumbnail": "https://www.bankier.pl/gfx/rsslogo.png"}, {"source": "https://www.bankier.pl/rss/wiadomosci.xml", "title": "Polskie firmy coraz \u015bmielej podbijaj\u0105 globalne rynki", "description": "<p><img align=\"left\" alt=\"\" class=\"webfeedsFeaturedVisual\" height=\"560\" src=\"http://galeria.bankier.pl/p/0/5/4b51450bb6a466-948-568-0-30-1732-1039.jpg\" style=\"display: block; margin-bottom: 5px; clear: both;\" width=\"945\" />Wi\u0119kszo\u015b\u0107 polskich inwestycji jest zlokalizowana w\u00a0Europie, ale coraz popularniejszym kierunkiem s\u0105 r\u00f3wnie\u017c Stany Zjednoczone, Indie czy Bliski Wsch\u00f3d. Wed\u0142ug danych NBP na koniec 2022 roku warto\u015b\u0107 polskich...</p>", "link": "https://www.bankier.pl/wiadomosc/Polskie-firmy-coraz-smielej-podbijaja-globalne-rynki-8624182.html?utm_source=RSS&utm_medium=RSS&utm_campaign=Wiadomosci", "date_published": "2023-10-06T05:50:00+00:00", "bookmarked": false, "dead": null, "artist": "Bankier", "album": "Bankier", "user": null, "language": "pl-PL", "thumbnail": "https://www.bankier.pl/gfx/rsslogo.png"}, {"source": "https://www.bankier.pl/rss/wiadomosci.xml", "title": "WARS planuje rozw\u00f3j gastronomii kolejowej i stacjonarnego cateringu", "description": "<p><img align=\"left\" alt=\"\" class=\"webfeedsFeaturedVisual\" height=\"560\" src=\"http://galeria.bankier.pl/p/e/5/7509bc5d68d480-945-560-0-90-1732-1039.jpg\" style=\"display: block; margin-bottom: 5px; clear: both;\" width=\"945\" />G\u0142\u00f3wnym celem sp\u00f3\u0142ki WARS jest rozw\u00f3j gastronomii kolejowej w poci\u0105gach oraz stacjonarnych us\u0142ug cateringowych - przekaza\u0142 PAP Grzegorz B\u0119benek, g\u0142\u00f3wny specjalista ds. Marketingu w sp\u00f3\u0142ce.</p>", "link": "https://www.bankier.pl/wiadomosc/WARS-planuje-rozwoj-gastronomii-kolejowej-i-stacjonarnego-cateringu-8624171.html?utm_source=RSS&utm_medium=RSS&utm_campaign=Wiadomosci", "date_published": "2023-10-06T05:22:21.355225+00:00", "bookmarked": false, "dead": null, "artist": "Bankier", "album": "Bankier", "user": null, "language": "pl-PL", "thumbnail": "https://www.bankier.pl/gfx/rsslogo.png"}, {"source": "https://www.bankier.pl/rss/wiadomosci.xml", "title": "Polacy mniej ch\u0119tni, by pomaga\u0107 Ukrainie", "description": "<p><img align=\"left\" alt=\"\" class=\"webfeedsFeaturedVisual\" height=\"560\" src=\"http://galeria.bankier.pl/p/d/4/0294ae55d2b1c1-948-568-0-110-1773-1063.jpg\" style=\"display: block; margin-bottom: 5px; clear: both;\" width=\"945\" />Polacy s\u0105 mniej ch\u0119tni, by pomaga\u0107 Ukrainie; przeciwni przed\u0142u\u017caniu pomocy dla uchod\u017ac\u00f3w z Ukrainy s\u0105 w wi\u0119kszo\u015bci wyborcy partii opozycyjnych, a nie PiS - informuje w pi\u0105tek \"Rzeczpospolita\", powo\u0142uj\u0105c si\u0119 na sonda\u017c IBRiS przeprowadzony dla tej gazety i radia RMF FM.</p>", "link": "https://www.bankier.pl/wiadomosc/Polacy-mniej-chetni-by-pomagac-Ukrainie-8624178.html?utm_source=RSS&utm_medium=RSS&utm_campaign=Wiadomosci", "date_published": "2023-10-06T05:22:21.353641+00:00", "bookmarked": false, "dead": null, "artist": "Bankier", "album": "Bankier", "user": null, "language": "pl-PL", "thumbnail": "https://www.bankier.pl/gfx/rsslogo.png"}, {"source": "https://www.bankier.pl/rss/wiadomosci.xml", "title": "Burmistrz Nowego Jorku stara si\u0119 zniech\u0119ci\u0107 migrant\u00f3w: nie mamy ju\u017c miejsca", "description": "<p><img align=\"left\" alt=\"\" class=\"webfeedsFeaturedVisual\" height=\"560\" src=\"http://galeria.bankier.pl/p/0/8/2ef224fe4bcbf8-948-568-52-131-1447-868.jpg\" style=\"display: block; margin-bottom: 5px; clear: both;\" width=\"945\" />Burmistrz Nowego Jorku podczas wizyty w meksyka\u0144skim stanie Puebla podkre\u015bla\u0142 przyjazne relacje, ale jednocze\u015bnie w obliczu narastaj\u0105cego kryzysu migracyjnego stara\u0142 si\u0119 zniech\u0119ci\u0107 kolejne osoby do przyjazdu. \u201eM\u00f3j dom jest twoim domem\", ale \u201enie ma ju\u017c miejsca\u201d \u2013 m\u00f3wi\u0142 Eric Adams .</p>", "link": "https://www.bankier.pl/wiadomosc/Burmistrz-Nowego-Jorku-stara-sie-zniechecic-migrantow-nie-mamy-juz-miejsca-8624168.html?utm_source=RSS&utm_medium=RSS&utm_campaign=Wiadomosci", "date_published": "2023-10-06T05:16:00+00:00", "bookmarked": false, "dead": null, "artist": "Bankier", "album": "Bankier", "user": null, "language": "pl-PL", "thumbnail": "https://www.bankier.pl/gfx/rsslogo.png"}, {"source": "https://www.bankier.pl/rss/wiadomosci.xml", "title": "Pieni\u0105dze to nie wszystko. \"Bran\u017ca IT wymaga dba\u0142o\u015bci o dobrostan psychiczny pracownik\u00f3w\"", "description": "<p><img align=\"left\" alt=\"\" class=\"webfeedsFeaturedVisual\" height=\"560\" src=\"http://galeria.bankier.pl/p/1/a/a69f6b23d717a6-948-568-0-60-4000-2399.jpg\" style=\"display: block; margin-bottom: 5px; clear: both;\" width=\"945\" />Konkurencyjno\u015b\u0107 na rynku pracy to nie tylko atrakcyjne wynagrodzenie, to tak\u017ce dba\u0142o\u015b\u0107 o dobrostan psychiczny pracownik\u00f3w, w tym dost\u0119p do opieki psychologicznej - przekonuj\u0105 eksperci Organizacji Pracodawc\u00f3w Us\u0142ug IT SoDA.</p>", "link": "https://www.bankier.pl/wiadomosc/Pieniadze-to-nie-wszystko-Branza-IT-wymaga-dbalosci-o-dobrostan-psychiczny-pracownikow-8624165.html?utm_source=RSS&utm_medium=RSS&utm_campaign=Wiadomosci", "date_published": "2023-10-06T05:08:00+00:00", "bookmarked": false, "dead": null, "artist": "Bankier", "album": "Bankier", "user": null, "language": "pl-PL", "thumbnail": "https://www.bankier.pl/gfx/rsslogo.png"}, {"source": "https://www.bankier.pl/rss/wiadomosci.xml", "title": "\"Dom za opiek\u0119 nad rodzicami\". Czy bank przyzna \"Bezpieczny kredyt\" w przypadku do\u017cywotniej renty?", "description": "<p><img align=\"left\" alt=\"\" class=\"webfeedsFeaturedVisual\" height=\"560\" src=\"http://galeria.bankier.pl/p/d/d/e21a1b57593fbf-948-568-0-240-4000-2399.jpg\" style=\"display: block; margin-bottom: 5px; clear: both;\" width=\"945\" />Sp\u0142ywaj\u0105 do nas kolejne pytania\ndotycz\u0105ce \u201eBezpiecznego kredytu 2 proc.\u201d. Pani Sylwia pyta, czy b\u0119dzie mog\u0142a\nskorzysta\u0107 z dofinansowania, je\u015bli rodzice planuj\u0105 zapisa\u0107 jej dom w ramach tzw. renty\ndo\u017cywotniej. Za opiek\u0119 nad nimi mia\u0142aby w przysz\u0142o\u015bci otrzyma\u0107 dom rodzinny.\nEkspert wyja\u015bnia jej w\u0105tpliwo\u015bci.</p>", "link": "https://www.bankier.pl/wiadomosc/Bezpieczny-kredyt-2-proc-a-renta-dozywotnia-Co-z-dofinansowaniem-8623486.html?utm_source=RSS&utm_medium=RSS&utm_campaign=Wiadomosci", "date_published": "2023-10-06T04:17:23.892853+00:00", "bookmarked": false, "dead": null, "artist": "Bankier", "album": "Bankier", "user": null, "language": "pl-PL", "thumbnail": "https://www.bankier.pl/gfx/rsslogo.png"}, {"source": "https://www.bankier.pl/rss/wiadomosci.xml", "title": "Tak sprawdzisz, czy jeste\u015b na li\u015bcie wyborc\u00f3w i gdzie mo\u017cesz g\u0142osowa\u0107", "description": "<p><img align=\"left\" alt=\"\" class=\"webfeedsFeaturedVisual\" height=\"560\" src=\"http://galeria.bankier.pl/p/d/5/92579748a61d38-948-567-10-7-990-593.jpg\" style=\"display: block; margin-bottom: 5px; clear: both;\" width=\"945\" />Wybory do Sejmu i Senatu Rzeczypospolitej Polskiej odb\u0119d\u0105 si\u0119 15 pa\u017adziernika. Aby unikn\u0105\u0107 niemi\u0142ej niespodzianki, warto przed g\u0142osowaniem upewni\u0107 si\u0119, czy znajdujemy si\u0119 na li\u015bcie wyborc\u00f3w w miejscu, gdzie planujemy odda\u0107 g\u0142os.</p>", "link": "https://www.bankier.pl/wiadomosc/Tak-sprawdzisz-czy-jestes-na-liscie-wyborcow-i-gdzie-mozesz-glosowac-8623603.html?utm_source=RSS&utm_medium=RSS&utm_campaign=Wiadomosci", "date_published": "2023-10-06T04:17:23.892323+00:00", "bookmarked": false, "dead": null, "artist": "Bankier", "album": "Bankier", "user": null, "language": "pl-PL", "thumbnail": "https://www.bankier.pl/gfx/rsslogo.png"}, {"source": "https://www.bankier.pl/rss/wiadomosci.xml", "title": "Coraz trudniej o darmowe przelewy i konto za 0 z\u0142 dla firm", "description": "<p><img align=\"left\" alt=\"\" class=\"webfeedsFeaturedVisual\" height=\"560\" src=\"http://galeria.bankier.pl/p/c/a/24bf93c6a4a054-948-568-1207-0-2310-1386.jpg\" style=\"display: block; margin-bottom: 5px; clear: both;\" width=\"945\" />Nielimitowane bezp\u0142atne przelewy i konto firmowe za 0 z\u0142 przestaj\u0105 by\u0107 standardem w bankach. Z analizy Bankier.pl wynika, \u017ce jeszcze trzy miesi\u0105ce temu tak\u0105 ofert\u0119 dla przedsi\u0119biorc\u00f3w mia\u0142o w swoim portfolio sze\u015b\u0107 instytucji. W pa\u017adzierniku ich liczba stopnia\u0142a do trzech na rynku. Sprawd\u017a najnowszy ranking kont firmowych.</p>", "link": "https://www.bankier.pl/wiadomosc/Ranking-kont-firmowych-pazdziernik-2023-r-8623622.html?utm_source=RSS&utm_medium=RSS&utm_campaign=Wiadomosci", "date_published": "2023-10-06T04:17:23.891243+00:00", "bookmarked": false, "dead": null, "artist": "Bankier", "album": "Bankier", "user": null, "language": "pl-PL", "thumbnail": "https://www.bankier.pl/gfx/rsslogo.png"}, {"source": "https://www.bankier.pl/rss/wiadomosci.xml", "title": "Przemeblowanie w hipotekach \u2013 dominuj\u0105 podwy\u017cki. Ale obni\u017cki st\u00f3p odwracaj\u0105 uwag\u0119 klient\u00f3w", "description": "<p><img align=\"left\" alt=\"\" class=\"webfeedsFeaturedVisual\" height=\"560\" src=\"http://galeria.bankier.pl/p/8/8/d7d196c5574c55-845-506-155-55-845-506.jpg\" style=\"display: block; margin-bottom: 5px; clear: both;\" width=\"945\" />U progu jesieni wiele bank\u00f3w zaktualizowa\u0142o warunki proponowane kredytobiorcom hipotecznym. W promocyjnych cennikach zasz\u0142o sporo zmian, w wi\u0119kszo\u015bci zbie\u017cnych z og\u00f3lnym trendem na rynku \u2013 dominuj\u0105 podwy\u017cki. Okoliczno\u015bci s\u0105 sprzyjaj\u0105ce dla kredytodawc\u00f3w \u2013 spadek st\u00f3p odwraca uwag\u0119 klient\u00f3w.</p>", "link": "https://www.bankier.pl/wiadomosc/Promocje-kredytow-hipotecznych-pazdziernik-2023-8623597.html?utm_source=RSS&utm_medium=RSS&utm_campaign=Wiadomosci", "date_published": "2023-10-06T04:17:23.890633+00:00", "bookmarked": false, "dead": null, "artist": "Bankier", "album": "Bankier", "user": null, "language": "pl-PL", "thumbnail": "https://www.bankier.pl/gfx/rsslogo.png"}, {"source": "https://www.bankier.pl/rss/wiadomosci.xml", "title": "Palikot t\u0142umaczy si\u0119 wierzycielom. Zastawi\u0142 dom, w kt\u00f3rym mieszka", "description": "<p><img align=\"left\" alt=\"\" class=\"webfeedsFeaturedVisual\" height=\"560\" src=\"http://galeria.bankier.pl/p/e/0/58c4dcbf6de769-948-568-7-207-3179-1907.jpg\" style=\"display: block; margin-bottom: 5px; clear: both;\" width=\"945\" />W Polmosie si\u0119 uda\u0142o i tu te\u017c mo\u017ce si\u0119 uda\u0107 - zapewnia Janusz Palikot w nowym nagraniu skierowanym do wierzycieli Manufaktury Piwa W\u00f3dki i Wina. Jak twierdzi, sp\u00f3\u0142ka mo\u017ce rozwin\u0105\u0107 si\u0119 i przynosi\u0107 200 mln z\u0142 rocznego przychodu. Jest jednak kilka \"ale\" oraz \"je\u015bli\".</p>", "link": "https://www.bankier.pl/wiadomosc/Palikot-odpowiada-na-pytania-wierzycieli-Zastawil-dom-8623752.html?utm_source=RSS&utm_medium=RSS&utm_campaign=Wiadomosci", "date_published": "2023-10-06T04:17:23.890066+00:00", "bookmarked": false, "dead": null, "artist": "Bankier", "album": "Bankier", "user": null, "language": "pl-PL", "thumbnail": "https://www.bankier.pl/gfx/rsslogo.png"}, {"source": "https://www.bankier.pl/rss/wiadomosci.xml", "title": "Mur mi\u0119dzy USA a Meksykiem przed\u0142u\u017cony. Biden: Zosta\u0142em do tego zmuszony", "description": "<p><img align=\"left\" alt=\"\" class=\"webfeedsFeaturedVisual\" height=\"560\" src=\"http://galeria.bankier.pl/p/e/6/4fd9ad2c6fd8bc-945-560-0-58-3370-2021.jpg\" style=\"display: block; margin-bottom: 5px; clear: both;\" width=\"945\" />Bia\u0142y Dom zrzuca win\u0119 za budow\u0119 kolejnego odcinka muru na granicy z Meksykiem, twierdz\u0105c \u017ce do wydania pieni\u0119dzy na ten cel zosta\u0142 zmuszony przez Kongres jeszcze w 2019 r. Jak sam Biden przyznaje, zapora nie jest skuteczna.\u00a0</p>", "link": "https://www.bankier.pl/wiadomosc/Mur-miedzy-USA-a-Meksykiem-przedluzony-Biden-Zostalem-do-tego-zmuszony-8624154.html?utm_source=RSS&utm_medium=RSS&utm_campaign=Wiadomosci", "date_published": "2023-10-06T04:07:00+00:00", "bookmarked": false, "dead": null, "artist": "Bankier", "album": "Bankier", "user": null, "language": "pl-PL", "thumbnail": "https://www.bankier.pl/gfx/rsslogo.png"}, {"source": "https://www.bankier.pl/rss/wiadomosci.xml", "title": "Media: Korea P\u00f3\u0142nocna zacz\u0119\u0142a wysy\u0142a\u0107 artyleri\u0119 do Rosji po spotkaniu Kima z Putinem", "description": "<p><img align=\"left\" alt=\"\" class=\"webfeedsFeaturedVisual\" height=\"560\" src=\"http://galeria.bankier.pl/p/8/b/21b2436b61ee17-948-568-0-9-3822-2293.jpg\" style=\"display: block; margin-bottom: 5px; clear: both;\" width=\"945\" />Korea P\u00f3\u0142nocna zacz\u0119\u0142a wysy\u0142a\u0107 artyleri\u0119 do atakuj\u0105cej Ukrain\u0119 Rosji \u2013 poda\u0142a w czwartek CBS News, powo\u0142uj\u0105c si\u0119 na anonimowe \u017ar\u00f3d\u0142o rz\u0105dowe w USA. Ameryka\u0144ska stacja wi\u0105\u017ce to z niedawnym spotkaniem Kim Dzong Una i W\u0142adimira Putina.</p>", "link": "https://www.bankier.pl/wiadomosc/Media-Korea-Polnocna-zaczela-wysylac-artylerie-do-Rosji-po-spotkaniu-Kima-z-Putinem-8624152.html?utm_source=RSS&utm_medium=RSS&utm_campaign=Wiadomosci", "date_published": "2023-10-06T03:17:00+00:00", "bookmarked": false, "dead": null, "artist": "Bankier", "album": "Bankier", "user": null, "language": "pl-PL", "thumbnail": "https://www.bankier.pl/gfx/rsslogo.png"}]