[{"source": "https://www.telegraph.co.uk/news/rss.xml", "title": "Don\u2019t travel to Scotland because of heavy rain, train company warns", "description": "", "link": "https://www.telegraph.co.uk/news/2023/10/07/weather-scotland-rain-travel-trains-latest-manchester-uk/", "date_published": "2023-10-06T23:06:33+00:00", "bookmarked": false, "dead": null, "artist": "The Telegraph News", "album": "The Telegraph News", "user": null, "language": "en-UK", "thumbnail": "https://www.telegraph.co.uk/content/dam/telegraph-logos/Micro%2089-189w%20-%20Black.png"}, {"source": "https://www.telegraph.co.uk/news/rss.xml", "title": "Top Gear will not return after Flintoff crash \u2013 report", "description": "", "link": "https://www.telegraph.co.uk/news/2023/10/06/top-gear-new-series-andrew-freddie-flintoff-crash-bbc/", "date_published": "2023-10-06T22:54:28+00:00", "bookmarked": false, "dead": null, "artist": "The Telegraph News", "album": "The Telegraph News", "user": null, "language": "en-UK", "thumbnail": "https://www.telegraph.co.uk/content/dam/telegraph-logos/Micro%2089-189w%20-%20Black.png"}, {"source": "https://www.telegraph.co.uk/news/rss.xml", "title": "Rapists wrongly labelled as \u2018women\u2019 by police", "description": "", "link": "https://www.telegraph.co.uk/news/2023/10/06/rapists-wrongly-labelled-as-women-by-police/", "date_published": "2023-10-06T20:00:00+00:00", "bookmarked": false, "dead": null, "artist": "The Telegraph News", "album": "The Telegraph News", "user": null, "language": "en-UK", "thumbnail": "https://www.telegraph.co.uk/content/dam/telegraph-logos/Micro%2089-189w%20-%20Black.png"}, {"source": "https://www.telegraph.co.uk/news/rss.xml", "title": "Friday evening news briefing: By-election win \u2018big step\u2019 towards becoming PM, says Starmer", "description": "", "link": "https://www.telegraph.co.uk/news/2023/10/06/friday-evening-news-briefing-starmer-by-election-win/", "date_published": "2023-10-06T16:31:29+00:00", "bookmarked": false, "dead": null, "artist": "The Telegraph News", "album": "The Telegraph News", "user": null, "language": "en-UK", "thumbnail": "https://www.telegraph.co.uk/content/dam/telegraph-logos/Micro%2089-189w%20-%20Black.png"}, {"source": "https://www.telegraph.co.uk/news/rss.xml", "title": "Pictured: Sinkhole swallows bin lorry on Welsh promenade", "description": "", "link": "https://www.telegraph.co.uk/news/2023/10/06/bin-lorry-falls-down-sinkhole-promenade-wales-rhyl/", "date_published": "2023-10-06T12:15:39+00:00", "bookmarked": false, "dead": null, "artist": "The Telegraph News", "album": "The Telegraph News", "user": null, "language": "en-UK", "thumbnail": "https://www.telegraph.co.uk/content/dam/telegraph-logos/Micro%2089-189w%20-%20Black.png"}, {"source": "https://www.telegraph.co.uk/news/rss.xml", "title": "Mercy killings may not always be prosecuted, new guidance suggests", "description": "", "link": "https://www.telegraph.co.uk/news/2023/10/06/mercy-killings-may-not-always-be-prosecuted-new-guidance/", "date_published": "2023-10-06T05:00:00+00:00", "bookmarked": false, "dead": null, "artist": "The Telegraph News", "album": "The Telegraph News", "user": null, "language": "en-UK", "thumbnail": "https://www.telegraph.co.uk/content/dam/telegraph-logos/Micro%2089-189w%20-%20Black.png"}]