[{"source": "https://nautil.us/feed/", "title": "The Usefulness of a Memory Guides Where the Brain Saves It", "description": "<p>New research finds that the memories useful for future generalizations are held in the brain separately from those recording unusual events.</p>\n<p>The post <a href=\"https://nautil.us/the-usefulness-of-a-memory-guides-where-the-brain-saves-it-410256/\" rel=\"nofollow\">The Usefulness of a Memory Guides Where the Brain Saves It</a> appeared first on <a href=\"https://nautil.us\" rel=\"nofollow\">Nautilus</a>.</p>", "link": "https://nautil.us/the-usefulness-of-a-memory-guides-where-the-brain-saves-it-410256/", "date_published": "2023-10-06T21:19:45+00:00", "bookmarked": false, "dead": null, "artist": "Nautilus", "album": "Nautilus", "user": null, "language": "en-US", "thumbnail": null}, {"source": "https://nautil.us/feed/", "title": "My 3 Greatest Revelations", "description": "<p>The author on writing his new book \u201cCrossings,\u201d about the environmental destruction of roads.</p>\n<p>The post <a href=\"https://nautil.us/my-3-greatest-revelations-3-410146/\" rel=\"nofollow\">My 3 Greatest Revelations</a> appeared first on <a href=\"https://nautil.us\" rel=\"nofollow\">Nautilus</a>.</p>", "link": "https://nautil.us/my-3-greatest-revelations-3-410146/", "date_published": "2023-10-06T19:18:50+00:00", "bookmarked": false, "dead": null, "artist": "Nautilus", "album": "Nautilus", "user": null, "language": "en-US", "thumbnail": null}]