[{"source": "https://www.youtube.com/feeds/videos.xml?channel_id=UC2CKTY1TXQ4YQ3AHvyCgtbQ", "title": "SOLUTION: Should I Switch to One Page Rules from 40k?", "description": "Warhammer 40k rules are a constantly moving target - and an expensive one, at that. Can I move my 1000 Imperial Guard army over to Grimdark Future from One Page Rules? How will it translate?\n\nVince Venturella and I made another game! Check out MAJESTIC 13 at http://www.majestic13game.com\n\nI'm now a partner on Twitch! I paint minis every Friday morning and Monday night, and sometimes take paint breaks (play video games poorly). Follow me: http://www.twitch.tv/tabletopminions\n\nOfficial Tabletop Minions t-shirts: http://bit.ly/merchbunker\n\nHelp support the channel on Patreon, and get access to the Discord: http://www.patreon.com/tabletopminions\n\nTwitter: http://www.twitter.com/tabletopminions\nInstagram: http://www.instagram.com/tabletopminions", "link": "https://www.youtube.com/watch?v=OlKzaLF9jGc", "date_published": "2023-10-06T07:00:10+00:00", "bookmarked": false, "dead": null, "artist": "Tabletop Miniatures", "album": "Tabletop Miniatures", "user": null, "language": "en-US", "thumbnail": "https://i4.ytimg.com/vi/OlKzaLF9jGc/hqdefault.jpg"}]