[{"source": "https://www.lemonde.fr/en/rss/une.xml", "title": "In Cameroon, an insect helps fishermen combat an invasive fern", "description": "Weevils have been introduced into Lake Ossa to combat the proliferation of 'Salvinia molesta,' an aquatic fern threatening the survival of marine mammals.", "link": "https://www.lemonde.fr/en/le-monde-africa/article/2023/10/07/in-cameroon-an-insect-helps-fishermen-in-combating-an-invasive-fern_6154491_124.html", "date_published": "2023-10-06T23:12:46+00:00", "bookmarked": false, "dead": null, "artist": "Le Monde", "album": "Le Monde", "user": null, "language": "en-US", "thumbnail": null}, {"source": "https://www.lemonde.fr/en/rss/une.xml", "title": "US gymnast Simone Biles secures 21st world title", "description": "Less than three months after returning to competition, the American superstar is back at the top of world gymnastics once again.", "link": "https://www.lemonde.fr/en/international/article/2023/10/07/us-gymnast-simone-biles-secures-21st-world-title_6154425_4.html", "date_published": "2023-10-06T22:32:21+00:00", "bookmarked": false, "dead": null, "artist": "Le Monde", "album": "Le Monde", "user": null, "language": "en-US", "thumbnail": null}, {"source": "https://www.lemonde.fr/en/rss/une.xml", "title": "Rugby World Cup: France dismantles Italy 60-7 to secure quarter-final qualification", "description": "Finishing atop Pool A, France is now set to face the defending champion, South Africa, in what promises to be an exciting quarterfinal clash next weekend.", "link": "https://www.lemonde.fr/en/france/article/2023/10/06/rugby-world-cup-france-dismantles-italy-60-7-to-secure-quarter-final-qualification_6154359_7.html", "date_published": "2023-10-06T21:33:03+00:00", "bookmarked": false, "dead": null, "artist": "Le Monde", "album": "Le Monde", "user": null, "language": "en-US", "thumbnail": null}, {"source": "https://www.lemonde.fr/en/rss/une.xml", "title": "China's property developers, awash in inventory, will do anything to sell apartments and houses", "description": "In order to circumvent regulations prohibiting price reductions, Chinese developers are offering gifts ranging from electric kettles and cars to gold bars.", "link": "https://www.lemonde.fr/en/economy/article/2023/10/06/china-s-property-developers-employ-creative-tactics-to-sell-apartments-and-houses_6154292_19.html", "date_published": "2023-10-06T21:08:02+00:00", "bookmarked": false, "dead": null, "artist": "Le Monde", "album": "Le Monde", "user": null, "language": "en-US", "thumbnail": null}, {"source": "https://www.lemonde.fr/en/rss/une.xml", "title": "France closes seven schools due to bedbug infestation", "description": "French Education Minister Gabriel Attal called for 'an immediate response' in order to have 'institutions treated within 24 hours.'", "link": "https://www.lemonde.fr/en/france/article/2023/10/06/france-closes-seven-schools-due-to-bedbug-infestation_6154226_7.html", "date_published": "2023-10-06T20:39:39+00:00", "bookmarked": false, "dead": null, "artist": "Le Monde", "album": "Le Monde", "user": null, "language": "en-US", "thumbnail": null}, {"source": "https://www.lemonde.fr/en/rss/une.xml", "title": "18 migrants killed in Mexico bus crash", "description": "The dead, three of them minors, were from Venezuela and Haiti, according to a statement from the prosecutor's office in Oaxaca state.", "link": "https://www.lemonde.fr/en/international/article/2023/10/06/18-migrants-killed-in-mexico-bus-crash_6154160_4.html", "date_published": "2023-10-06T18:38:55+00:00", "bookmarked": false, "dead": null, "artist": "Le Monde", "album": "Le Monde", "user": null, "language": "en-US", "thumbnail": null}, {"source": "https://www.lemonde.fr/en/rss/une.xml", "title": "'During the Yom Kippur War, the \"oil weapon\" was used successfully for the first time'", "description": "The Yom Kippur War caused a major energy shock but failed to raise global awareness of the need to replace oil, writes economist Michel Lepetit.", "link": "https://www.lemonde.fr/en/opinion/article/2023/10/06/during-the-yom-kippur-war-oil-weapon-was-used-successfully-for-the-first-time_6153927_23.html", "date_published": "2023-10-06T16:05:01+00:00", "bookmarked": false, "dead": null, "artist": "Le Monde", "album": "Le Monde", "user": null, "language": "en-US", "thumbnail": null}, {"source": "https://www.lemonde.fr/en/rss/une.xml", "title": "Over 500 migrants arrive on Spain's Canary Islands", "description": "They have come over the past 24 hours in six large wooden boats after traversing the perilous Atlantic route from West Africa.", "link": "https://www.lemonde.fr/en/immigration/article/2023/10/06/over-500-migrants-arrive-on-spain-s-canary-islands_6153828_144.html", "date_published": "2023-10-06T15:36:48+00:00", "bookmarked": false, "dead": null, "artist": "Le Monde", "album": "Le Monde", "user": null, "language": "en-US", "thumbnail": null}, {"source": "https://www.lemonde.fr/en/rss/une.xml", "title": "2023 Nobel Peace Prize winner Narges Mohammadi honored for fight against oppression of Iranian women", "description": "The 51-year-old activist and journalist, who sacrificed everything to continue her struggle in Iran, is rewarded 'her fight against the oppression of women in Iran and her fight to promote human rights and freedom for all.'", "link": "https://www.lemonde.fr/en/international/article/2023/10/06/2023-nobel-peace-prize-winner-narges-mohammadi-honored-for-fight-against-oppression-of-iranian-women_6153762_4.html", "date_published": "2023-10-06T15:23:33+00:00", "bookmarked": false, "dead": null, "artist": "Le Monde", "album": "Le Monde", "user": null, "language": "en-US", "thumbnail": null}, {"source": "https://www.lemonde.fr/en/rss/une.xml", "title": "Tunisian opposition politician Abir Moussi lumped 'together with the Islamists'", "description": "The former MP, a harsh critic of the Ennahda party that is nostalgic for the Ben Ali regime, has been arrested. She is accused of 'an attack aimed at changing the form of government.'", "link": "https://www.lemonde.fr/en/le-monde-africa/article/2023/10/06/tunisian-opposition-politician-abir-moussi-lumped-together-with-the-islamists_6153662_124.html", "date_published": "2023-10-06T15:02:21+00:00", "bookmarked": false, "dead": null, "artist": "Le Monde", "album": "Le Monde", "user": null, "language": "en-US", "thumbnail": null}, {"source": "https://www.lemonde.fr/en/rss/une.xml", "title": "How Morocco became co-host of the 2030 FIFA World Cup", "description": "After multiple bids to host the World Cup, the kingdom's candidacy alongside Spain and Portugal was helped by the good relations between the three countries.", "link": "https://www.lemonde.fr/en/le-monde-africa/article/2023/10/06/how-morocco-became-co-host-of-the-2030-fifa-world-cup_6153596_124.html", "date_published": "2023-10-06T14:49:15+00:00", "bookmarked": false, "dead": null, "artist": "Le Monde", "album": "Le Monde", "user": null, "language": "en-US", "thumbnail": null}, {"source": "https://www.lemonde.fr/en/rss/une.xml", "title": "French ex-president Sarkozy charged over possible witness tampering", "description": "Sarkozy has been charged with 'concealment of witness tampering' and 'participation in a criminal conspiracy to commit the offense of organized fraud.'", "link": "https://www.lemonde.fr/en/france/article/2023/10/06/french-ex-president-sarkozy-charged-over-possible-witness-tampering_6153396_7.html", "date_published": "2023-10-06T13:43:26+00:00", "bookmarked": false, "dead": null, "artist": "Le Monde", "album": "Le Monde", "user": null, "language": "en-US", "thumbnail": null}, {"source": "https://www.lemonde.fr/en/rss/une.xml", "title": "Algeria begins anti-bedbug campaign amid French panic", "description": "The preventative measures come amid a surge of reported sightings in France, home to a large Algerian diaspora.", "link": "https://www.lemonde.fr/en/algeria/article/2023/10/06/algeria-begins-anti-bedbug-campaign-amid-french-panic_6153330_221.html", "date_published": "2023-10-06T13:16:33+00:00", "bookmarked": false, "dead": null, "artist": "Le Monde", "album": "Le Monde", "user": null, "language": "en-US", "thumbnail": null}, {"source": "https://www.lemonde.fr/en/rss/une.xml", "title": "UK judge throws out harassment case against Spain's former king", "description": "Danish businesswoman Corinna zu Sayn-Wittgenstein-Sayn had sued Juan Carlos, who abdicated in 2014. She wanted damages for personal injury.", "link": "https://www.lemonde.fr/en/international/article/2023/10/06/uk-judge-throws-out-harassment-case-against-spain-s-former-king_6153230_4.html", "date_published": "2023-10-06T12:34:04+00:00", "bookmarked": false, "dead": null, "artist": "Le Monde", "album": "Le Monde", "user": null, "language": "en-US", "thumbnail": null}, {"source": "https://www.lemonde.fr/en/rss/une.xml", "title": "Rugby World Cup: Lucu's big night filling Dupont's shoes as France take on Italy in crucial decider", "description": "In France's important match against Italy on Friday, the Bordeaux scrum-half will have the onerous task of standing in for the French national team's injured captain. It's a situation that he is very familiar with.", "link": "https://www.lemonde.fr/en/sports/article/2023/10/06/rugby-world-cup-lucu-s-big-night-filling-dupont-s-shoes-as-france-take-on-italy-in-crucial-decider_6153128_9.html", "date_published": "2023-10-06T12:01:13+00:00", "bookmarked": false, "dead": null, "artist": "Le Monde", "album": "Le Monde", "user": null, "language": "en-US", "thumbnail": null}, {"source": "https://www.lemonde.fr/en/rss/une.xml", "title": "German discount giants Aldi and Lidl buoyed by inflation and changing consumer habits", "description": "The two discount champions are gaining market share, particularly in the United States and the United Kingdom. But the race for size is weighing on profits.", "link": "https://www.lemonde.fr/en/economy/article/2023/10/06/german-discount-giants-aldi-and-lidl-buoyed-by-inflation-and-changing-consumer-habits_6153093_19.html", "date_published": "2023-10-06T11:57:07+00:00", "bookmarked": false, "dead": null, "artist": "Le Monde", "album": "Le Monde", "user": null, "language": "en-US", "thumbnail": null}, {"source": "https://www.lemonde.fr/en/rss/une.xml", "title": "Sub-Saharan Africa set for 'stronger voice' at IMF: Georgieva", "description": "The IMF chief said Sub-Saharan Africa will get a third seat on the global lender's executive board.", "link": "https://www.lemonde.fr/en/economy/article/2023/10/06/sub-saharan-africa-set-for-stronger-voice-at-imf-georgieva_6152827_19.html", "date_published": "2023-10-06T10:23:32+00:00", "bookmarked": false, "dead": null, "artist": "Le Monde", "album": "Le Monde", "user": null, "language": "en-US", "thumbnail": null}, {"source": "https://www.lemonde.fr/en/rss/une.xml", "title": "French real estate has reached a crisis but not yet a crash", "description": "After years of boom, the property market is now experiencing a sharp downturn in transactions, due to the rise in lending rates, as well as the beginnings of a decline in prices.", "link": "https://www.lemonde.fr/en/economy/article/2023/10/06/french-real-estate-has-reached-a-crisis-but-not-yet-a-crash_6152761_19.html", "date_published": "2023-10-06T10:03:52+00:00", "bookmarked": false, "dead": null, "artist": "Le Monde", "album": "Le Monde", "user": null, "language": "en-US", "thumbnail": null}, {"source": "https://www.lemonde.fr/en/rss/une.xml", "title": "European doubt in US support for Ukraine on display during summit in Granada", "description": "The current crisis in Washington only serves to aid 'Russia and other enemies to our way of life who want to ride such political storms' said Ukrainian President Volodymyr Zelensky following the US Congress' failure to approve the latest aid package to Kyiv.", "link": "https://www.lemonde.fr/en/international/article/2023/10/06/european-doubt-in-us-support-for-ukraine-on-display-during-summit-in-granada_6152693_4.html", "date_published": "2023-10-06T09:52:20+00:00", "bookmarked": false, "dead": null, "artist": "Le Monde", "album": "Le Monde", "user": null, "language": "en-US", "thumbnail": null}, {"source": "https://www.lemonde.fr/en/rss/une.xml", "title": "Fabien Galthi\u00e9 in Le Monde, from rebel scrum-half to esteemed coach for the French national team", "description": "After defeating New Zealand, the French rugby team has kept an unbroken winning streak ahead of their crucial match against Italy on Friday and their coach has played a major role. Le Monde has been following his lifetime of rugby since June 13, 1991.", "link": "https://www.lemonde.fr/en/m-le-mag/article/2023/10/06/fabien-galthie-in-le-monde-from-rebel-scrum-half-to-esteemed-coach-for-the-french-national-team_6152626_117.html", "date_published": "2023-10-06T09:25:19+00:00", "bookmarked": false, "dead": null, "artist": "Le Monde", "album": "Le Monde", "user": null, "language": "en-US", "thumbnail": null}, {"source": "https://www.lemonde.fr/en/rss/une.xml", "title": "Nobel Peace Prize awarded to Iranian women's rights campaigner Narges Mohammadi", "description": "The imprisoned Iranian activist was named as the recipient of the 2023 Nobel Peace Prize on Friday 'for her fight against the oppression of women in Iran and her fight to promote human rights and freedom for all.'", "link": "https://www.lemonde.fr/en/international/article/2023/10/06/nobel-peace-prize-awarded-to-iranian-women-s-rights-campaigner-narges-mohammadi_6152559_4.html", "date_published": "2023-10-06T09:09:37+00:00", "bookmarked": false, "dead": null, "artist": "Le Monde", "album": "Le Monde", "user": null, "language": "en-US", "thumbnail": null}, {"source": "https://www.lemonde.fr/en/rss/une.xml", "title": "Covid-19 monitoring integrated into French wastewater treatment process", "description": "From the beginning of the pandemic, researchers have been exploring the possibility of tracking the circulation of SARS-CoV-2 based on the presence of the virus in human feces, and therefore in wastewater. France was one of the pioneers in this field.", "link": "https://www.lemonde.fr/en/environment/article/2023/10/06/covid-19-monitoring-integrated-into-french-wastewater-treatment-process_6152459_114.html", "date_published": "2023-10-06T08:12:24+00:00", "bookmarked": false, "dead": null, "artist": "Le Monde", "album": "Le Monde", "user": null, "language": "en-US", "thumbnail": null}, {"source": "https://www.lemonde.fr/en/rss/une.xml", "title": "In Rio de Janeiro, jackfruits threaten both\u00a0cyclists and biodiversity", "description": "The jackfruit, known for its tough skin covered with small spikes, can weigh up to 30 kg. Considered an 'invasive species,' the tree in which it grows is proliferating in the Brazilian city.", "link": "https://www.lemonde.fr/en/international/article/2023/10/06/in-rio-de-janeiro-jackfruits-threaten-both-and-biodiversity_6152392_4.html", "date_published": "2023-10-06T07:49:31+00:00", "bookmarked": false, "dead": null, "artist": "Le Monde", "album": "Le Monde", "user": null, "language": "en-US", "thumbnail": null}, {"source": "https://www.lemonde.fr/en/rss/une.xml", "title": "Fukushima water discharge: Local businesses will receive compensation for damage to reputation", "description": "As of Monday, the plant operator Tepco has been accepting claims for compensation from the fishing industry, whose image has been particularly affected by the official discharge of treated and diluted water from the nuclear power plant.", "link": "https://www.lemonde.fr/en/environment/article/2023/10/06/fukushima-water-discharge-local-businesses-will-receive-compensation-for-damage-to-reputation_6152325_114.html", "date_published": "2023-10-06T07:02:29+00:00", "bookmarked": false, "dead": null, "artist": "Le Monde", "album": "Le Monde", "user": null, "language": "en-US", "thumbnail": null}, {"source": "https://www.lemonde.fr/en/rss/une.xml", "title": "How Ukraine is dealing with the reality of a long war", "description": "The first phase of the conflict was marked by so many unexpected jolts that it defied the rhythm of the conventional war Ukraine is now facing.", "link": "https://www.lemonde.fr/en/international/article/2023/10/06/how-ukraine-is-dealing-with-the-reality-of-a-long-war_6152256_4.html", "date_published": "2023-10-06T03:30:17+00:00", "bookmarked": false, "dead": null, "artist": "Le Monde", "album": "Le Monde", "user": null, "language": "en-US", "thumbnail": null}, {"source": "https://www.lemonde.fr/en/rss/une.xml", "title": "'Lupin' Part 3 on Netflix: The indolence of the gentleman burglar", "description": "Assane Diop's cat-and-mouse game with the law continues but with a sense of familiarity.", "link": "https://www.lemonde.fr/en/culture/article/2023/10/06/lupin-part-3-on-netflix-the-indolence-of-the-gentleman-burglar_6152189_30.html", "date_published": "2023-10-06T02:36:36+00:00", "bookmarked": false, "dead": null, "artist": "Le Monde", "album": "Le Monde", "user": null, "language": "en-US", "thumbnail": null}, {"source": "https://www.lemonde.fr/en/rss/une.xml", "title": "For this Rugby World Cup, the French national team goes all out to charm the crowds", "description": "In 2007, during the first World Cup held in France, Les Bleus hunkered down in their base camp. Sixteen years later, they are now crisscrossing the country, happily getting up close and personal with fans.", "link": "https://www.lemonde.fr/en/sports/article/2023/10/06/for-this-rugby-world-cup-the-french-national-team-goes-all-out-to-charm-the-crowds_6152156_9.html", "date_published": "2023-10-06T02:00:13+00:00", "bookmarked": false, "dead": null, "artist": "Le Monde", "album": "Le Monde", "user": null, "language": "en-US", "thumbnail": null}, {"source": "https://www.lemonde.fr/en/rss/une.xml", "title": "Venezuela issues arrest warrant for opposition leader Juan Guaido", "description": "Exiled in the United States, the former president of the National Assembly proclaimed himself 'interim president' in January 2019 after the contested re-election of Nicolas Maduro in 2018. He faces notable charges of treason and usurpation of office.", "link": "https://www.lemonde.fr/en/international/article/2023/10/06/venezuela-issues-arrest-warrant-for-opposition-leader-juan-guaido_6152090_4.html", "date_published": "2023-10-06T01:53:55+00:00", "bookmarked": false, "dead": null, "artist": "Le Monde", "album": "Le Monde", "user": null, "language": "en-US", "thumbnail": null}, {"source": "https://www.lemonde.fr/en/rss/une.xml", "title": "The French army has begun its withdrawal from Niger", "description": "The Ministry of the Armed Forces has announced that about 1,500 troops will be withdrawn starting 'this week' and be completed 'by the end of the year.' This departure is taking place against a backdrop of continuing tension with the coup leaders in Niger.", "link": "https://www.lemonde.fr/en/le-monde-africa/article/2023/10/06/the-french-army-has-begun-its-withdrawal-from-niger_6152023_124.html", "date_published": "2023-10-06T01:11:25+00:00", "bookmarked": false, "dead": null, "artist": "Le Monde", "album": "Le Monde", "user": null, "language": "en-US", "thumbnail": null}, {"source": "https://www.lemonde.fr/en/rss/une.xml", "title": "US to resume deportation flights to Venezuela", "description": "The Biden administration is set to recommence deportations of Venezuelan migrants, the largest group encountered at the US-Mexico border last month, as their numbers continue to increase amidst economic challenges in their home country.", "link": "https://www.lemonde.fr/en/united-states/article/2023/10/06/us-to-resume-deportation-flights-to-venezuela_6151989_133.html", "date_published": "2023-10-06T01:00:11+00:00", "bookmarked": false, "dead": null, "artist": "Le Monde", "album": "Le Monde", "user": null, "language": "en-US", "thumbnail": null}, {"source": "https://www.lemonde.fr/en/rss/une.xml", "title": "'The international order born in 1945 is obsolete. But proposals to amend or replace it are not rushing in'", "description": "The growing number of players on the international scene would require rules of the game to exist, now more than ever. Alain Franchon observes that the opposite trend is currently unfolding.", "link": "https://www.lemonde.fr/en/opinion/article/2023/10/06/the-international-order-born-in-1945-is-obsolete-but-proposals-to-amend-or-replace-it-are-not-rushing-in_6151922_23.html", "date_published": "2023-10-06T00:19:31+00:00", "bookmarked": false, "dead": null, "artist": "Le Monde", "album": "Le Monde", "user": null, "language": "en-US", "thumbnail": null}]