[{"source": "https://www.youtube.com/feeds/videos.xml?channel_id=UCAKcSON6PSG_JkTbXh2WdIg", "title": "Guitarist Nels Cline reflects on 19 years in Wilco #shorts", "description": "In an interview with The Current's Bill DeVille, Wilco guitarist Nels Cline reflects on his 19 years (and counting!) with the band Wilco. Listen to The Current on Saturday, Oct. 7, at 1:30 p.m. CDT to hear Bill's complete interview with Nels Cline; at that same time, the complete interview video will be posted at thecurrent.org and on our YouTube and Facebook channels.\n\nWilco's latest album, \"Cousin\" \u2014 which Bill and Nels talk about in the full interview \u2014 is out now. @wilco \n\nYou rely on The Current to keep you connected to the music you love, and we rely on you to power this station. Everything you find here is only possible because of listener support. Give now at: http://www.support.mpr.org/youtube  \n\nSubscribe to our channel:\nhttp://www.youtube.com/user/893TheCurrent?sub_confirmation=1  \n\nLike/Follow:\nhttps://www.facebook.com/TheCurrent/  \nhttps://www.instagram.com/thecurrent/\nhttps://www.tiktok.com/@thecurrent.org\n\n#interview #music #wilco", "link": "https://www.youtube.com/watch?v=fQGHaqfe1vo", "date_published": "2023-10-06T22:21:20+00:00", "bookmarked": false, "dead": null, "artist": "The Current", "album": "The Current", "user": null, "language": "en-US", "thumbnail": "https://i3.ytimg.com/vi/fQGHaqfe1vo/hqdefault.jpg"}, {"source": "https://www.youtube.com/feeds/videos.xml?channel_id=UCAKcSON6PSG_JkTbXh2WdIg", "title": "Lucius -- Stranger Danger (live on The Current)", "description": "Lucius visited The Current in St. Paul, Minnesota, where they lit up The Current studio with a performance of \"Stranger Danger\", above.\n\nMusicians\nLead singers \u2013\u00a0Jess Wolfe, Holly Laessig\nDrums \u2013\u00a0Dan Molad\nBass \u2013\u00a0Solomon Dorsey\nPiano, Guitar \u2013\u00a0Alex Pfender\nGuitar \u2013\u00a0Jacob Peter\n\nCredits\nGuests \u2013 @Luciusyt \nHost \u2013\u00a0Jill Riley\nProducer \u2013\u00a0Derrick Stevens\nVideo Director \u2013\u00a0Eric Xu Romani\nCamera Operators \u2013\u00a0Micah Kopecky, Eric Xu Romani\nAudio \u2013\u00a0Josh Sauvageau\nGraphics \u2013\u00a0Natalia Toledo\nDigital Producer \u2013\u00a0Luke Taylor\n\nYou rely on The Current to keep you connected to the music you love, and we rely on you to power this station. Everything you find here is only possible because of listener support. Give now at: http://www.support.mpr.org/youtube  \n\nSubscribe to our channel:\nhttp://www.youtube.com/user/893TheCurrent?sub_confirmation=1  \n\nLike/Follow:\nhttps://www.facebook.com/TheCurrent/  \nhttps://www.instagram.com/thecurrent/\nhttps://www.tiktok.com/@thecurrent.org\n\n#lucius #studio #music", "link": "https://www.youtube.com/watch?v=Jz1TZObHhgI", "date_published": "2023-10-06T02:00:06+00:00", "bookmarked": false, "dead": null, "artist": "The Current", "album": "The Current", "user": null, "language": "en-US", "thumbnail": "https://i3.ytimg.com/vi/Jz1TZObHhgI/hqdefault.jpg"}]