[{"source": "https://www.youtube.com/feeds/videos.xml?channel_id=UCKtu_JtQCY0yryIy6zK4ZCg", "title": "This is by FAR the #1 art skill \ud83d\uded1 #drawingtips #learntodraw  #howtodraw", "description": "\ud83d\udc68\u200d\ud83c\udfa8 Don't miss out on the HUGE SALE for my ART School program here! \u27a1\ufe0f cgart.school", "link": "https://www.youtube.com/watch?v=sqltfkMIdcw", "date_published": "2023-10-06T01:30:49+00:00", "bookmarked": false, "dead": null, "artist": "Marc Brunet", "album": "Marc Brunet", "user": null, "language": "en-US", "thumbnail": "https://i4.ytimg.com/vi/sqltfkMIdcw/hqdefault.jpg"}]