[{"source": "https://tvn24.pl/najwazniejsze.xml", "title": "\"Czas Decyzji. Wybory Kobiet\". Program specjalny z udzia\u0142em dziennikarek \"Fakt\u00f3w\" TVN i TVN24", "description": "<img alt=\"\" src=\"https://tvn24.pl/najnowsze/cdn-zdjecie-qnj4br-on-czas-decyji-wybory-kobiet-0810_h-7379043/alternates/LANDSCAPE_1280\" />\n    W najbli\u017csz\u0105 niedziel\u0119 na antenie TVN24.", "link": "https://tvn24.pl/wybory-parlamentarne-2023/czas-decyzji-wybory-kobiet-program-specjalny-z-udzialem-dziennikarek-faktow-tvn-i-tvn24-7378542?source=rss", "date_published": "2023-10-06T20:03:20+00:00", "bookmarked": false, "dead": null, "artist": "TNV24 Najwa\u017cniejsze", "album": "TNV24 Najwa\u017cniejsze", "user": null, "language": "pl-PL", "thumbnail": null}, {"source": "https://tvn24.pl/najwazniejsze.xml", "title": "Gauff bez tajemnic przed \u015awi\u0105tek. \"Wykorzystam te informacje\"", "description": "<img alt=\"Gauff bez tajemnic przed \u015awi\u0105tek. \" src=\"https://tvn24.pl/najnowsze/cdn-zdjecie-9pbj0k-iga-swiatek-i-coco-gauff-7379272/alternates/LANDSCAPE_1280\" />\n    P\u00f3\u0142fina\u0142 w sobot\u0119.", "link": "https://eurosport.tvn24.pl/tenis/wta-pekin/2023/iga-swiatek-przed-meczem-z-coco-gauff-w-1-2-finalu-turnieju-wta-china-open-w-pekinie_sto9826151/story.shtml?source=rss", "date_published": "2023-10-06T20:00:01+00:00", "bookmarked": false, "dead": null, "artist": "TNV24 Najwa\u017cniejsze", "album": "TNV24 Najwa\u017cniejsze", "user": null, "language": "pl-PL", "thumbnail": null}, {"source": "https://tvn24.pl/najwazniejsze.xml", "title": "Kumulacja w Eurojackpot ro\u015bnie", "description": "<img alt=\"Kumulacja w Eurojackpot ro\u015bnie\" src=\"https://tvn24.pl/najnowsze/cdn-zdjecie-u5ba2s-eurojackpot-4729989/alternates/LANDSCAPE_1280\" />\n    Wyniki losowania.", "link": "https://tvn24.pl/biznes/pieniadze/eurojackpot-wyniki-z-dnia-061023-liczby-z-ostatniego-losowania-7379195?source=rss", "date_published": "2023-10-06T19:51:44+00:00", "bookmarked": false, "dead": null, "artist": "TNV24 Najwa\u017cniejsze", "album": "TNV24 Najwa\u017cniejsze", "user": null, "language": "pl-PL", "thumbnail": null}, {"source": "https://tvn24.pl/najwazniejsze.xml", "title": "Alert RCB dla dw\u00f3ch region\u00f3w. \"Zabezpiecz rzeczy, kt\u00f3re mo\u017ce porwa\u0107 wiatr\"", "description": "<img alt=\"Alert RCB dla dw\u00f3ch region\u00f3w. \" src=\"https://tvn24.pl/tvnmeteo/najnowsze/cdn-zdjecie-fbgooy-alert-rcb-7379262/alternates/LANDSCAPE_1280\" />\n    Ostrze\u017cenie dotyczy silnego wiatru.", "link": "https://tvn24.pl/tvnmeteo/pogoda/alert-rcb-w-piatek-i-sobote-6710-silny-wiatr-7379248?source=rss", "date_published": "2023-10-06T19:36:40+00:00", "bookmarked": false, "dead": null, "artist": "TNV24 Najwa\u017cniejsze", "album": "TNV24 Najwa\u017cniejsze", "user": null, "language": "pl-PL", "thumbnail": null}, {"source": "https://tvn24.pl/najwazniejsze.xml", "title": "\"Pan si\u0119 tak nie poci\", czyli co dziennikarz mo\u017ce us\u0142ysze\u0107 od polityka", "description": "<img alt=\"\" src=\"https://tvn24.pl/najnowsze/cdn-zdjecie-8tiuee-sejm-wita-7379218/alternates/LANDSCAPE_1280\" />\n    Wrze\u015bniowe wakacje, czekaj\u0105ce ustawy, wsp\u00f3lne zdj\u0119cie i wycieczka.", "link": "https://tvn24.pl/go/programy,7/sejm-wita-odcinki,404598/odcinek-137,S00E137,1178670?source=rss", "date_published": "2023-10-06T19:03:44+00:00", "bookmarked": false, "dead": null, "artist": "TNV24 Najwa\u017cniejsze", "album": "TNV24 Najwa\u017cniejsze", "user": null, "language": "pl-PL", "thumbnail": null}, {"source": "https://tvn24.pl/najwazniejsze.xml", "title": "Tysi\u0105ce ludzi bior\u0105 za\u015bwiadczenia. Padnie rekord frekwencji w wyborach?", "description": "<img alt=\"Tysi\u0105ce ludzi bior\u0105 za\u015bwiadczenia. Padnie rekord frekwencji w wyborach?\" src=\"https://tvn24.pl/najnowsze/cdn-zdjecie-wpmtyc-komisja-wyborcza-wybory-7333465/alternates/LANDSCAPE_1280\" />\n    Wszystko wskazuje na to, \u017ce idziemy na rekord. Urz\u0119dy wydaj\u0105 rekordowe liczby za\u015bwiadcze\u0144 o prawie do g\u0142osowania.", "link": "https://fakty.tvn24.pl/zobacz-fakty/polacy-szturmuja-urzedy-dopisuja-sie-do-spisu-pobieraja-zaswiadczenia-o-prawie-do-glosowania-7379025?source=rss", "date_published": "2023-10-06T18:55:49+00:00", "bookmarked": false, "dead": null, "artist": "TNV24 Najwa\u017cniejsze", "album": "TNV24 Najwa\u017cniejsze", "user": null, "language": "pl-PL", "thumbnail": null}, {"source": "https://tvn24.pl/najwazniejsze.xml", "title": "Polska Akcja Humanitarna: w ataku zgin\u0119\u0142a nasza pracownica", "description": "<img alt=\"Polska Akcja Humanitarna: w ataku zgin\u0119\u0142a nasza pracownica\" src=\"https://tvn24.pl/najnowsze/cdn-zdjecie-8bbzg7-akcja-ratunkowo-poszukiwawcza-we-wsi-hroza-w-obwodzie-charkowskim-7377567/alternates/LANDSCAPE_1280\" />\n    \"Uczestniczy\u0142a w uroczysto\u015bci rodzinnej\".", "link": "https://tvn24.pl/swiat/polska-akcja-humanitarna-w-ataku-na-ukrainska-wioske-zginela-nasza-pracownica-7379182?source=rss", "date_published": "2023-10-06T18:42:02+00:00", "bookmarked": false, "dead": null, "artist": "TNV24 Najwa\u017cniejsze", "album": "TNV24 Najwa\u017cniejsze", "user": null, "language": "pl-PL", "thumbnail": null}, {"source": "https://tvn24.pl/najwazniejsze.xml", "title": "Jest \u015bledztwo w sprawie afery z udzia\u0142em legionist\u00f3w", "description": "<img alt=\"Jest \u015bledztwo w sprawie afery z udzia\u0142em legionist\u00f3w\" src=\"https://tvn24.pl/najnowsze/cdn-zdjecie-ws5huj-legia-warszawa-7379185/alternates/LANDSCAPE_1280\" />\n    Poinformowa\u0142a UEFA.", "link": "https://eurosport.tvn24.pl/pilka-nozna/liga-konferencji/2023-2024/afera-w-alkmaar.-uefa-wszczela-sledztwo_sto9826310/story.shtml?source=rss", "date_published": "2023-10-06T18:23:48+00:00", "bookmarked": false, "dead": null, "artist": "TNV24 Najwa\u017cniejsze", "album": "TNV24 Najwa\u017cniejsze", "user": null, "language": "pl-PL", "thumbnail": null}, {"source": "https://tvn24.pl/najwazniejsze.xml", "title": "Tomczyk: jestem przekonany, \u017ce kandydat PiS-u b\u0119dzie zna\u0142 pytania", "description": "<img alt=\"Tomczyk: jestem przekonany, \u017ce kandydat PiS-u b\u0119dzie zna\u0142 pytania\" src=\"https://tvn24.pl/najnowsze/cdn-zdjecie-8ssud2-fakty-po-faktach-7379130/alternates/LANDSCAPE_1280\" />\n    Dyskusja w \"Faktach po Faktach\" o przedwyborczej debacie.", "link": "https://tvn24.pl/wybory-parlamentarne-2023/debata-w-telewizji-rzadowej-donald-tusk-zapowiada-udzial-jaroslaw-kaczynski-ma-byc-nieobecny-cezary-tomczyk-i-paulina-hennig-kloska-komentuja-7379134?source=rss", "date_published": "2023-10-06T18:23:41+00:00", "bookmarked": false, "dead": null, "artist": "TNV24 Najwa\u017cniejsze", "album": "TNV24 Najwa\u017cniejsze", "user": null, "language": "pl-PL", "thumbnail": null}, {"source": "https://tvn24.pl/najwazniejsze.xml", "title": "Cz\u0142onek RPP przeprasza za Glapi\u0144skiego. \"Brak szacunku\"", "description": "<img alt=\"Cz\u0142onek RPP przeprasza za Glapi\u0144skiego. \" src=\"https://tvn24.pl/najnowsze/cdn-zdjecie-y1092c-adam-glapinski-7377063/alternates/LANDSCAPE_1280\" />\n    Echa konferencji szefa NBP.", "link": "https://tvn24.pl/biznes/z-kraju/czlonek-rpp-ludwik-kotecki-przeprasza-za-slowa-adama-glapinskiego-7379038?source=rss", "date_published": "2023-10-06T18:16:23+00:00", "bookmarked": false, "dead": null, "artist": "TNV24 Najwa\u017cniejsze", "album": "TNV24 Najwa\u017cniejsze", "user": null, "language": "pl-PL", "thumbnail": null}, {"source": "https://tvn24.pl/najwazniejsze.xml", "title": "Czarzasty o Kaczy\u0144skim: wie, \u017ce nie da rady", "description": "<img alt=\"Czarzasty o Kaczy\u0144skim: wie, \u017ce nie da rady\" src=\"https://tvn24.pl/najnowsze/cdn-zdjecie-fa2gje-forum-0811463434-1-7378973/alternates/LANDSCAPE_1280\" />\n    Lider Lewicy komentuje decyzj\u0119 Jaros\u0142awa Kaczy\u0144skiego.", "link": "https://tvn24.pl/wybory-parlamentarne-2023/czarzasty-w-radomiu-zeby-trafic-na-debate-trzeba-nie-bac-sie-ludzi-7378942?source=rss", "date_published": "2023-10-06T17:34:26+00:00", "bookmarked": false, "dead": null, "artist": "TNV24 Najwa\u017cniejsze", "album": "TNV24 Najwa\u017cniejsze", "user": null, "language": "pl-PL", "thumbnail": null}, {"source": "https://tvn24.pl/najwazniejsze.xml", "title": "Noc\u0105 porywy wiatru mog\u0105 si\u0119ga\u0107 100 kilometr\u00f3w na godzin\u0119", "description": "<img alt=\"Noc\u0105 porywy wiatru mog\u0105 si\u0119ga\u0107 100 kilometr\u00f3w na godzin\u0119\" src=\"https://tvn24.pl/tvnmeteo/najnowsze/cdn-zdjecie-kfi39r-silny-wiatr-noc-6686902/alternates/LANDSCAPE_1280\" />\n    Sprawd\u017a prognoz\u0119 pogody na noc i na jutro.", "link": "https://tvn24.pl/tvnmeteo/pogoda/pogoda-na-jutro-sobota-0710noca-porywy-wiatru-moga-siegac-100-kilometrow-na-godzine-7379087?source=rss", "date_published": "2023-10-06T17:28:13+00:00", "bookmarked": false, "dead": null, "artist": "TNV24 Najwa\u017cniejsze", "album": "TNV24 Najwa\u017cniejsze", "user": null, "language": "pl-PL", "thumbnail": null}, {"source": "https://tvn24.pl/najwazniejsze.xml", "title": "Joel Embiid wybra\u0142 reprezentacj\u0119, z kt\u00f3r\u0105 powalczy o medal igrzysk", "description": "<img alt=\"Joel Embiid wybra\u0142 reprezentacj\u0119, z kt\u00f3r\u0105 powalczy o medal igrzysk\" src=\"https://tvn24.pl/najnowsze/cdn-zdjecie-xelwd6-joel-embiid-7379084/alternates/LANDSCAPE_1280\" />\n    Gospodarze najwa\u017cniejszej imprezy czterolecia nie b\u0119d\u0105 zachwyceni.", "link": "https://eurosport.tvn24.pl/koszykowka/media-joel-embiid-podjal-decyzje-w-sprawie-wyboru-reprezentacji-narodowej_sto9825228/story.shtml?source=rss", "date_published": "2023-10-06T17:04:41+00:00", "bookmarked": false, "dead": null, "artist": "TNV24 Najwa\u017cniejsze", "album": "TNV24 Najwa\u017cniejsze", "user": null, "language": "pl-PL", "thumbnail": null}, {"source": "https://tvn24.pl/najwazniejsze.xml", "title": "Musz\u0105 opu\u015bci\u0107 \u0141otw\u0119. Rosjanie otrzymuj\u0105 wilcze bilety", "description": "<img alt=\"Musz\u0105 opu\u015bci\u0107 \u0141otw\u0119. Rosjanie otrzymuj\u0105 wilcze bilety\" src=\"https://tvn24.pl/najnowsze/cdn-zdjecie-ozs4db-ryga-litwa-shutterstock_2215937405-7379000/alternates/LANDSCAPE_1280\" />\n    Powodem s\u0105 zmiany w prawie imigracyjnym.", "link": "https://tvn24.pl/swiat/lotwa-ponad-trzy-tysiace-rosjan-musi-opuscic-kraj-7379004?source=rss", "date_published": "2023-10-06T16:42:50+00:00", "bookmarked": false, "dead": null, "artist": "TNV24 Najwa\u017cniejsze", "album": "TNV24 Najwa\u017cniejsze", "user": null, "language": "pl-PL", "thumbnail": null}, {"source": "https://tvn24.pl/najwazniejsze.xml", "title": "Media: pi\u0142karz Legii opu\u015bci\u0142 areszt, drugi z\u0142o\u017cy\u0142 wyja\u015bnienia", "description": "<img alt=\"Media: pi\u0142karz Legii opu\u015bci\u0142 areszt, drugi z\u0142o\u017cy\u0142 wyja\u015bnienia\" src=\"https://tvn24.pl/najnowsze/cdn-zdjecie-ymlgu7-radovan-pankov-z-lewej-i-josue-7379054/alternates/LANDSCAPE_1280\" />\n    Josue i Radovan Pankov zostali zatrzymani przez holendersk\u0105 policj\u0119 po meczu Ligi Konferencji z AZ Alkmaar.", "link": "https://eurosport.tvn24.pl/pilka-nozna/liga-konferencji/2023-2024/media-josue-opuscil-areszt-radovan-pankov-zlozyl-wyjasnienia-po-meczu-az-alkmaar-legia-warszawa-w-li_sto9826176/story.shtml?source=rss", "date_published": "2023-10-06T16:15:40+00:00", "bookmarked": false, "dead": null, "artist": "TNV24 Najwa\u017cniejsze", "album": "TNV24 Najwa\u017cniejsze", "user": null, "language": "pl-PL", "thumbnail": null}, {"source": "https://tvn24.pl/najwazniejsze.xml", "title": "\"Jarek, gdzie jeste\u015b, gdzie si\u0119 chowasz?\" Tusk o \"abdykacji\" Kaczy\u0144skiego", "description": "<img alt=\"\" src=\"https://tvn24.pl/najnowsze/cdn-zdjecie-5p22s8-donald-tusk-7378951/alternates/LANDSCAPE_1280\" />\n    Spotkanie lidera PO w Przemy\u015blu.", "link": "https://tvn24.pl/wybory-parlamentarne-2023/wybory-parlamentarne-2023-donald-tusk-w-przemyslu-prezes-pis-jaroslaw-kaczynski-chowa-sie-abdykowal-7378900?source=rss", "date_published": "2023-10-06T16:11:02+00:00", "bookmarked": false, "dead": null, "artist": "TNV24 Najwa\u017cniejsze", "album": "TNV24 Najwa\u017cniejsze", "user": null, "language": "pl-PL", "thumbnail": null}, {"source": "https://tvn24.pl/najwazniejsze.xml", "title": "Ostrze\u017cenie przed produktem. Spo\u017cycie mo\u017ce wywo\u0142a\u0107 reakcj\u0119 alergiczn\u0105", "description": "<img alt=\"Ostrze\u017cenie przed produktem. Spo\u017cycie mo\u017ce wywo\u0142a\u0107 reakcj\u0119 alergiczn\u0105\" src=\"https://tvn24.pl/najnowsze/cdn-zdjecie-rz67f8-sklep-zakupy-shutterstock_2142130445-7308428/alternates/LANDSCAPE_1280\" />\n    Komunikat GIS.", "link": "https://tvn24.pl/biznes/z-kraju/wycofanie-produktu-maka-z-ziarna-ciecierzycy-1-kg-o-numerze-partiidacie-trwalosci-25022024-ostrzezenie-gis-7378740?source=rss", "date_published": "2023-10-06T16:07:37+00:00", "bookmarked": false, "dead": null, "artist": "TNV24 Najwa\u017cniejsze", "album": "TNV24 Najwa\u017cniejsze", "user": null, "language": "pl-PL", "thumbnail": null}, {"source": "https://tvn24.pl/najwazniejsze.xml", "title": "Reporta\u017ce \"Czarno na bia\u0142ym\" na antenie TVN7", "description": "<img alt=\"Reporta\u017ce \" src=\"https://tvn24.pl/najnowsze/cdn-zdjecie-xaiu2y-czarno-na-bialym-7307533/alternates/LANDSCAPE_1280\" />\n    Emisje do 13 pa\u017adziernika, w dni robocze o 17:55, w sobot\u0119 14:25, w niedziel\u0119 13:05.", "link": "https://tvn24.pl/polska/reportaze-czarno-na-bialym-na-antenie-tvn7-7378827?source=rss", "date_published": "2023-10-06T15:43:09+00:00", "bookmarked": false, "dead": null, "artist": "TNV24 Najwa\u017cniejsze", "album": "TNV24 Najwa\u017cniejsze", "user": null, "language": "pl-PL", "thumbnail": null}, {"source": "https://tvn24.pl/najwazniejsze.xml", "title": "Ambasador Kr\u00f3lestwa Niderland\u00f3w wezwana do polskiego MSZ", "description": "<img alt=\"Ambasador Kr\u00f3lestwa Niderland\u00f3w wezwana do polskiego MSZ\" src=\"https://tvn24.pl/najnowsze/cdn-zdjecie-x05dk9-dariusz-mioduski-7378980/alternates/LANDSCAPE_1280\" />\n    Jest reakcja na wydarzenia w Alkmaar.", "link": "https://eurosport.tvn24.pl/pilka-nozna/liga-konferencji/2023-2024/msz-reaguje-po-skandalu-w-holandii.-wezwa-ambasador_sto9826118/story.shtml?source=rss", "date_published": "2023-10-06T15:39:00+00:00", "bookmarked": false, "dead": null, "artist": "TNV24 Najwa\u017cniejsze", "album": "TNV24 Najwa\u017cniejsze", "user": null, "language": "pl-PL", "thumbnail": null}, {"source": "https://tvn24.pl/najwazniejsze.xml", "title": "\"Oka\u017ce si\u0119 nagle, \u017ce ca\u0142a ta propaganda, kt\u00f3ra by\u0142a nam serwowana, nie ma pokrycia w rzeczywisto\u015bci\"", "description": "<img alt=\"\" src=\"https://tvn24.pl/najnowsze/cdn-zdjecie-nmxrvy-rafal-trzaskowski-w-bytomiu-7378901/alternates/LANDSCAPE_1280\" />\n    Rafa\u0142 Trzaskowski na spotkaniu w Bytomiu.", "link": "https://tvn24.pl/wybory-parlamentarne-2023/wybory-parlamentarne-2023-debata-wyborcza-w-tvp-trzaskowski-widzowie-zobacza-ze-donald-tusk-umie-mowic-po-polsku-7378871?source=rss", "date_published": "2023-10-06T15:22:10+00:00", "bookmarked": false, "dead": null, "artist": "TNV24 Najwa\u017cniejsze", "album": "TNV24 Najwa\u017cniejsze", "user": null, "language": "pl-PL", "thumbnail": null}, {"source": "https://tvn24.pl/najwazniejsze.xml", "title": "Nowe \u015bwiat\u0142o na wydarzenia w Alkmaar. Holendrzy przedstawiaj\u0105 swoj\u0105 wersj\u0119", "description": "<img alt=\"Nowe \u015bwiat\u0142o na wydarzenia w Alkmaar. Holendrzy przedstawiaj\u0105 swoj\u0105 wersj\u0119\" src=\"https://tvn24.pl/najnowsze/cdn-zdjecie-y2ai1s-mecz-az-alkmaar-legia-warszawa-zakonczyl-sie-skandalem-7378944/alternates/LANDSCAPE_1280\" />\n    \"Legia nierzetelnym partnerem\".", "link": "https://eurosport.tvn24.pl/pilka-nozna/liga-konferencji/2023-2024/oswiadczenie-holenderskiej-policji-prokuratury-wladz-alkmaar-i-klubu-po-meczu-az-alkmaar-legia-warsz_sto9826107/story.shtml?source=rss", "date_published": "2023-10-06T15:17:05+00:00", "bookmarked": false, "dead": null, "artist": "TNV24 Najwa\u017cniejsze", "album": "TNV24 Najwa\u017cniejsze", "user": null, "language": "pl-PL", "thumbnail": null}, {"source": "https://tvn24.pl/najwazniejsze.xml", "title": "Ho\u0142ownia: jeste\u015bmy atakowani przez PiS \"wyssanymi z palca odgrzewanymi kotletami\"", "description": "<img alt=\"Ho\u0142ownia: jeste\u015bmy atakowani przez PiS \" src=\"https://tvn24.pl/najnowsze/cdn-zdjecie-f83ssm-szymon-holownia-7378807/alternates/LANDSCAPE_1280\" />\n    \"D\u0142ugopis. 15 pa\u017adziernika to b\u0119dzie nasze ber\u0142o i narz\u0119dzie sprawowania w Polsce w\u0142adzy.\"", "link": "https://tvn24.pl/wybory-parlamentarne-2023/wybory-parlamentarne-2023-szymon-holownia-trzecia-droga-jest-atakowana-przez-pis-odgrzewanymi-kotletami-7378666?source=rss", "date_published": "2023-10-06T14:38:53+00:00", "bookmarked": false, "dead": null, "artist": "TNV24 Najwa\u017cniejsze", "album": "TNV24 Najwa\u017cniejsze", "user": null, "language": "pl-PL", "thumbnail": null}, {"source": "https://tvn24.pl/najwazniejsze.xml", "title": "Polonia w USA zmobilizowana, listy p\u0119kaj\u0105 w szwach. Konsulat ostrzega przed kolejkami", "description": "<img alt=\"Polonia w USA zmobilizowana, listy p\u0119kaj\u0105 w szwach. Konsulat ostrzega przed kolejkami\" src=\"https://tvn24.pl/najnowsze/cdn-zdjecie-ocrq0f-nowy-jork-usa-13102019-polacy-glosuja-w-konsulacie-rp-w-nowym-jorku-7378799/alternates/LANDSCAPE_1280\" />\n    W ca\u0142ych Stanach Zjednoczonych utworzono 5 okr\u0119g\u00f3w wyborczych i 52 komisje.", "link": "https://tvn24.pl/wybory-parlamentarne-2023/wybory-parlamentarne-2023-glosowanie-polonii-w-usa-konsulat-ostrzega-przed-mozliwymi-kolejkami-w-komisjach-wyborczych-7378825?source=rss", "date_published": "2023-10-06T14:35:38+00:00", "bookmarked": false, "dead": null, "artist": "TNV24 Najwa\u017cniejsze", "album": "TNV24 Najwa\u017cniejsze", "user": null, "language": "pl-PL", "thumbnail": null}, {"source": "https://tvn24.pl/najwazniejsze.xml", "title": "\u015awi\u0105tek pozna\u0142a ostatnie rywalki w WTA Finals", "description": "<img alt=\"\u015awi\u0105tek pozna\u0142a ostatnie rywalki w WTA Finals\" src=\"https://tvn24.pl/najnowsze/cdn-zdjecie-42j8z2-ons-jabeur-san-diego-open-7378847/alternates/LANDSCAPE_1280\" />\n    Marketa Vondrousova, Ons Jabeur i Karolina Muchova uzupe\u0142ni\u0142y stawk\u0119 ko\u0144cz\u0105cego sezon turnieju WTA Finals w Cancun. Wcze\u015bniej udzia\u0142 w meksyka\u0144skiej imprezie zapewni\u0142a sobie mi\u0119dzy innymi Iga \u015awi\u0105tek.", "link": "https://eurosport.tvn24.pl/tenis/marketa-vondrousova-ons-jabeur-i-karolina-muchova-zagraja-w-wta-finals-w-cancun_sto9826036/story.shtml?source=rss", "date_published": "2023-10-06T14:17:33+00:00", "bookmarked": false, "dead": null, "artist": "TNV24 Najwa\u017cniejsze", "album": "TNV24 Najwa\u017cniejsze", "user": null, "language": "pl-PL", "thumbnail": null}, {"source": "https://tvn24.pl/najwazniejsze.xml", "title": "Prawybory w liceum. Wygra\u0142a opozycja, a PiS na 5. miejscu. Zareagowa\u0142o kuratorium", "description": "<img alt=\"Prawybory w liceum. Wygra\u0142a opozycja, a PiS na 5. miejscu. Zareagowa\u0142o kuratorium\" src=\"https://tvn24.pl/najnowsze/cdn-zdjecie-j9lg2j-prawybory-w-liceum-w-gorzowie-wielkopolskim-wygrala-opozycja-7378775/alternates/LANDSCAPE_1280\" />\n    Szko\u0142a organizuje tego typu akcje od ponad 20 lat.", "link": "https://tvn24.pl/lubuskie/gorzow-wielkopolski-prawybory-w-liceum-wygrala-opozycja-pis-dopiero-na-piatym-miejscu-kuratorium-reaguje-7378795?source=rss", "date_published": "2023-10-06T14:15:22+00:00", "bookmarked": false, "dead": null, "artist": "TNV24 Najwa\u017cniejsze", "album": "TNV24 Najwa\u017cniejsze", "user": null, "language": "pl-PL", "thumbnail": null}, {"source": "https://tvn24.pl/najwazniejsze.xml", "title": "Co z cenami paliw? \"Mamy pierwsze podwy\u017cki\"", "description": "<img alt=\"Co z cenami paliw? \" src=\"https://tvn24.pl/najnowsze/cdn-zdjecie-m5e0rt-stacja-benzynowa-tankowanie-benzyna-shutterstock1704390262jpg/alternates/LANDSCAPE_1280\" />\n    Analizy i prognozy.", "link": "https://tvn24.pl/biznes/moto/ceny-paliw-pb95-i-diesla-pazdziernik-2023-analiza-reflex-i-e-petrol-7378667?source=rss", "date_published": "2023-10-06T13:55:12+00:00", "bookmarked": false, "dead": null, "artist": "TNV24 Najwa\u017cniejsze", "album": "TNV24 Najwa\u017cniejsze", "user": null, "language": "pl-PL", "thumbnail": null}, {"source": "https://tvn24.pl/najwazniejsze.xml", "title": "Rakiety uderzy\u0142y w Chark\u00f3w. Spod gruz\u00f3w wydobyto cia\u0142o 10-letniego ch\u0142opca, zgin\u0119\u0142a te\u017c jego babcia", "description": "<img alt=\"Rakiety uderzy\u0142y w Chark\u00f3w. Spod gruz\u00f3w wydobyto cia\u0142o 10-letniego ch\u0142opca, zgin\u0119\u0142a te\u017c jego babcia \" src=\"https://tvn24.pl/najnowsze/cdn-zdjecie-s9dy80-charkow-7378655/alternates/LANDSCAPE_1280\" />\n    Liczba os\u00f3b rannych w wyniku ataku wzros\u0142a do 30.", "link": "https://tvn24.pl/swiat/charkow-rosyjski-atak-spod-gruzow-wydobyto-cialo-10-letniego-chlopca-zginela-takze-jego-babcie-7378603?source=rss", "date_published": "2023-10-06T13:00:09+00:00", "bookmarked": false, "dead": null, "artist": "TNV24 Najwa\u017cniejsze", "album": "TNV24 Najwa\u017cniejsze", "user": null, "language": "pl-PL", "thumbnail": null}, {"source": "https://tvn24.pl/najwazniejsze.xml", "title": "Awaryjne l\u0105dowanie bez wysuni\u0119tego podwozia", "description": "<img alt=\"Awaryjne l\u0105dowanie bez wysuni\u0119tego podwozia\" src=\"https://tvn24.pl/najnowsze/cdn-zdjecie-vxji74-samolot-twitter-7378647/alternates/LANDSCAPE_1280\" />\n    Media publikuj\u0105 nagranie.", "link": "https://tvn24.pl/swiat/usa-samolot-firmy-fedex-ladowal-bez-wysunietego-podwozia-w-miescie-chattanooga-nagranie-7378578?source=rss", "date_published": "2023-10-06T12:58:19+00:00", "bookmarked": false, "dead": null, "artist": "TNV24 Najwa\u017cniejsze", "album": "TNV24 Najwa\u017cniejsze", "user": null, "language": "pl-PL", "thumbnail": null}, {"source": "https://tvn24.pl/najwazniejsze.xml", "title": "Uczelnia go\u015bci\u0142a polityk\u00f3w w swojej auli, teraz jej rektor startuje w wyborach", "description": "<img alt=\"Uczelnia go\u015bci\u0142a polityk\u00f3w w swojej auli, teraz jej rektor startuje w wyborach\" src=\"https://tvn24.pl/najnowsze/cdn-zdjecie-k44skb-prezes-pis-podczas-wystapienia-w-auli-politechniki-opolskiej-7373595/alternates/LANDSCAPE_1280\" />\n    Senat Politechniki Opolskiej zakaza\u0142 udost\u0119pniania sali na wydarzenia polityczne, ale zdaniem rektora tej uczelni wspomniana uchwa\u0142a go nie obowi\u0105zuje. We wrze\u015bniu ubieg\u0142ego roku sal\u0119 wynaj\u0119\u0142o Prawo i Sprawiedliwo\u015b\u0107, a w grudniu konferencj\u0119 naukow\u0105 zorganizowali tam parlamentarzy\u015bci Suwerennej Polski. Rok po wiecu prezesa PiS rektor Politechniki Opolskiej zosta\u0142 kandydatem tej partii w wyborach do Senatu RP.", "link": "https://tvn24.pl/premium/uczelnia-goscila-politykow-w-swojej-auli-teraz-jej-rektor-startuje-w-wyborach-7373007?source=rss", "date_published": "2023-10-06T12:34:32+00:00", "bookmarked": false, "dead": null, "artist": "TNV24 Najwa\u017cniejsze", "album": "TNV24 Najwa\u017cniejsze", "user": null, "language": "pl-PL", "thumbnail": null}, {"source": "https://tvn24.pl/najwazniejsze.xml", "title": "W mieszkaniu znaleziono cia\u0142a m\u0119\u017cczyzny i kobiety", "description": "<img alt=\"W mieszkaniu znaleziono cia\u0142a m\u0119\u017cczyzny i kobiety\" src=\"https://tvn24.pl/najnowsze/cdn-zdjecie-fwlvdn-okolicznosci-tragedii-bada-policja-zdjecie-ilustracyjne-7378167/alternates/LANDSCAPE_1280\" />\n    Prokuratura bada okoliczno\u015bci.", "link": "https://tvn24.pl/katowice/radlin-zwloki-dwoch-osob-w-mieszkaniu-przy-ulicy-mariackiej-7378175?source=rss", "date_published": "2023-10-06T12:32:36+00:00", "bookmarked": false, "dead": null, "artist": "TNV24 Najwa\u017cniejsze", "album": "TNV24 Najwa\u017cniejsze", "user": null, "language": "pl-PL", "thumbnail": null}, {"source": "https://tvn24.pl/najwazniejsze.xml", "title": "Konferencja Legii po wydarzeniach w Holandii. \"To nie by\u0142 incydent\"", "description": "<img alt=\"Konferencja Legii po wydarzeniach w Holandii. \" src=\"https://tvn24.pl/najnowsze/cdn-zdjecie-jf91x3-konferencja-prezesa-legii-po-przyjezdzie-z-holandii-7378650/alternates/LANDSCAPE_1280\" />\n    Prezes Legii Warszawa na spotkaniu z dziennikarzami.", "link": "https://eurosport.tvn24.pl/pilka-nozna/liga-konferencji/2023-2024/dariusz-mioduski-na-konferencji-w-warszawie-dzien-po-meczu-az-alkmaar-legia-w-lidze-konferencji-i-sk_sto9825744/story.shtml?source=rss", "date_published": "2023-10-06T12:26:00+00:00", "bookmarked": false, "dead": null, "artist": "TNV24 Najwa\u017cniejsze", "album": "TNV24 Najwa\u017cniejsze", "user": null, "language": "pl-PL", "thumbnail": null}, {"source": "https://tvn24.pl/najwazniejsze.xml", "title": "Nowe informacje o stanie zdrowia Sophii Loren", "description": "<img alt=\"Nowe informacje o stanie zdrowia Sophii Loren\" src=\"https://tvn24.pl/najnowsze/cdn-zdjecie-gilhh4-sophia-loren-7359673/alternates/LANDSCAPE_1280\" />\n    Aktorka przewr\u00f3ci\u0142a si\u0119 w swoim domu.", "link": "https://tvn24.pl/kultura-i-styl/sophia-loren-nowe-informacje-o-stanie-zdrowia-po-wypadku-7378409?source=rss", "date_published": "2023-10-06T12:01:41+00:00", "bookmarked": false, "dead": null, "artist": "TNV24 Najwa\u017cniejsze", "album": "TNV24 Najwa\u017cniejsze", "user": null, "language": "pl-PL", "thumbnail": null}, {"source": "https://tvn24.pl/najwazniejsze.xml", "title": "\"Wyzywa\u0142 od zdrajc\u00f3w Polski, potem wyci\u0105gn\u0105\u0142 scyzoryk\". Atak na biuro senatora", "description": "<img alt=\"\" src=\"https://tvn24.pl/najnowsze/cdn-zdjecie-83103k-do-zdarzenia-doszlo-w-piatek-7378545/alternates/LANDSCAPE_1280\" />\n    O zdarzeniu zosta\u0142a poinformowana policja.", "link": "https://tvn24.pl/lodz/lodz-atak-na-biuro-senatorskie-krzysztofa-kwiatkowskiego-7378537?source=rss", "date_published": "2023-10-06T11:59:54+00:00", "bookmarked": false, "dead": null, "artist": "TNV24 Najwa\u017cniejsze", "album": "TNV24 Najwa\u017cniejsze", "user": null, "language": "pl-PL", "thumbnail": null}, {"source": "https://tvn24.pl/najwazniejsze.xml", "title": "Kajdanki na r\u0119kach pi\u0142karzy. \"W Europie jeszcze chyba nie by\u0142o takiej sytuacji\"", "description": "<img alt=\"Kajdanki na r\u0119kach pi\u0142karzy. \" src=\"https://tvn24.pl/najnowsze/cdn-zdjecie-u8nabs-legia-wrocila-do-kraju-bez-dwoch-pilkarzy-7378549/alternates/LANDSCAPE_1280\" />\n    Wydarzenia, do jakich dosz\u0142o w Holandii przy okazji spotkania Legii, to sytuacja bez precedensu.", "link": "https://eurosport.tvn24.pl/pilka-nozna/zatrzymanie-pilkarzy-legii.-w-europie-jeszcze-chyba-nie-bylo-takiej-sytuacji_sto9825843/story.shtml?source=rss", "date_published": "2023-10-06T11:46:03+00:00", "bookmarked": false, "dead": null, "artist": "TNV24 Najwa\u017cniejsze", "album": "TNV24 Najwa\u017cniejsze", "user": null, "language": "pl-PL", "thumbnail": null}, {"source": "https://tvn24.pl/najwazniejsze.xml", "title": "\"Policja grozi\u0142a, \u017ce autokar zostanie wzi\u0119ty szturmem\"", "description": "<img alt=\"\" src=\"https://tvn24.pl/najnowsze/cdn-zdjecie-q1aknb-josue-i-pankov-opuscili-autokar-i-zostali-w-holandii-7378493/alternates/LANDSCAPE_1280\" />\n    - Ci\u0105gle jestem w szoku, nikt nie wie, z czego to, ta ca\u0142a agresja, wynikn\u0119\u0142o \u2013 wspomina nocne zaj\u015bcia w Alkmaar Marcin Szymczyk. By\u0142 jednym z dziennikarzy, kt\u00f3ry z bliska obserwowa\u0142 przepychanki.", "link": "https://eurosport.tvn24.pl/pilka-nozna/awantura-w-alkmaar.-zatrzymani-pilkarze-legii-popychany-prezes.-krzyczelismy-ze-to-wlasciciel-klubu_sto9825811/story.shtml?source=rss", "date_published": "2023-10-06T11:17:27+00:00", "bookmarked": false, "dead": null, "artist": "TNV24 Najwa\u017cniejsze", "album": "TNV24 Najwa\u017cniejsze", "user": null, "language": "pl-PL", "thumbnail": null}, {"source": "https://tvn24.pl/najwazniejsze.xml", "title": "Nie zjawi\u0105 si\u0119 na debacie, s\u0105 gotowi jecha\u0107 do Przysuchy. \"By Jaros\u0142aw Kaczy\u0144ski czu\u0142 nasz oddech na plecach\"", "description": "<img alt=\"Nie zjawi\u0105 si\u0119 na debacie, s\u0105 gotowi jecha\u0107 do Przysuchy. \" src=\"https://tvn24.pl/najnowsze/cdn-zdjecie-m66d88-jaroslaw-kaczynski-7378376/alternates/LANDSCAPE_1280\" />\n    Prezes PiS odm\u00f3wi\u0142 udzia\u0142u w debacie telewizji rz\u0105dowej.", "link": "https://tvn24.pl/wybory-parlamentarne-2023/wybory-debata-w-telewizji-rzadowej-politycy-opozycji-sugeruja-wyjazd-za-jaroslawem-kaczynskim-do-przysuchy-7378245?source=rss", "date_published": "2023-10-06T10:59:32+00:00", "bookmarked": false, "dead": null, "artist": "TNV24 Najwa\u017cniejsze", "album": "TNV24 Najwa\u017cniejsze", "user": null, "language": "pl-PL", "thumbnail": null}, {"source": "https://tvn24.pl/najwazniejsze.xml", "title": "Raport NIK po kontroli w telewizji rz\u0105dowej. \"Wyniki s\u0105 zatrwa\u017caj\u0105ce\"", "description": "<img alt=\"Raport NIK po kontroli w telewizji rz\u0105dowej. \" src=\"https://tvn24.pl/najnowsze/cdn-zdjecie-ds8h8x-06-1115-nik-0004-7378232/alternates/LANDSCAPE_1280\" />\n    Marian Bana\u015b na konferencji prasowej.", "link": "https://tvn24.pl/polska/raport-nik-po-kontroli-w-tvp-marian-banas-wyniki-sa-zatrwazajace-niewiele-wspolnego-z-realizacja-misji-publicznej-7378267?source=rss", "date_published": "2023-10-06T10:53:06+00:00", "bookmarked": false, "dead": null, "artist": "TNV24 Najwa\u017cniejsze", "album": "TNV24 Najwa\u017cniejsze", "user": null, "language": "pl-PL", "thumbnail": null}, {"source": "https://tvn24.pl/najwazniejsze.xml", "title": "Zakaz chodzenia po schodach ruchomych wszed\u0142 w \u017cycie", "description": "<img alt=\"Zakaz chodzenia po schodach ruchomych wszed\u0142 w \u017cycie\" src=\"https://tvn24.pl/najnowsze/cdn-zdjecie-z6zj1k-tokio-japonia-schody-ruchome-streetvj-shutterstock_1100620739-7378347/alternates/LANDSCAPE_1280\" />\n    Ma zapobiega\u0107 wypadkom.", "link": "https://tvn24.pl/swiat/japonia-zakaz-chodzenia-po-schodach-ruchomych-w-miescie-nagoja-ma-zapobiegac-wypadkom-7378214?source=rss", "date_published": "2023-10-06T10:52:43+00:00", "bookmarked": false, "dead": null, "artist": "TNV24 Najwa\u017cniejsze", "album": "TNV24 Najwa\u017cniejsze", "user": null, "language": "pl-PL", "thumbnail": null}, {"source": "https://tvn24.pl/najwazniejsze.xml", "title": "Zb\u0142\u0105kana kula trafi\u0142a ci\u0119\u017carn\u0105 w autobusie. Jej dziecko nie prze\u017cy\u0142o", "description": "<img alt=\"Zb\u0142\u0105kana kula trafi\u0142a ci\u0119\u017carn\u0105 w autobusie. Jej dziecko nie prze\u017cy\u0142o\" src=\"https://tvn24.pl/najnowsze/cdn-zdjecie-cz5u1z-policja-usa-6743069/alternates/LANDSCAPE_1280\" />\n    Dw\u00f3ch m\u0119\u017cczyzn z zarzutami.", "link": "https://tvn24.pl/swiat/usa-zblakana-kula-trafila-ciezarna-w-autobusie-jej-dziecko-nie-przezylo-dwoch-mezczyzn-z-zarzutami-7377980?source=rss", "date_published": "2023-10-06T10:39:34+00:00", "bookmarked": false, "dead": null, "artist": "TNV24 Najwa\u017cniejsze", "album": "TNV24 Najwa\u017cniejsze", "user": null, "language": "pl-PL", "thumbnail": null}, {"source": "https://tvn24.pl/najwazniejsze.xml", "title": "Szanta\u017c Brukseli, linia ha\u0144by Tuska, przymusowa relokacja. Fa\u0142sz w wyborczych przekazach PiS", "description": "<img alt=\"Szanta\u017c Brukseli, linia ha\u0144by Tuska, przymusowa relokacja. Fa\u0142sz w wyborczych przekazach PiS\" src=\"https://tvn24.pl/najnowsze/cdn-zdjecie-tcqhy7-glowne-tezy-wyborcze-pis-na-czym-polega-manipulacja-7376829/alternates/LANDSCAPE_1280\" />\n    Przedstawiamy istotne narracje w kampanii Prawa i Sprawiedliwo\u015bci, kt\u00f3re wprowadzaj\u0105 w b\u0142\u0105d.", "link": "https://konkret24.tvn24.pl/polityka/wybory-parlamentarne-2023-szantaz-brukseli-linia-hanby-tuska-przymusowa-relokacja-falsz-w-wyborczych-przekazach-pis-st7377647?source=rss", "date_published": "2023-10-06T10:07:16+00:00", "bookmarked": false, "dead": null, "artist": "TNV24 Najwa\u017cniejsze", "album": "TNV24 Najwa\u017cniejsze", "user": null, "language": "pl-PL", "thumbnail": null}, {"source": "https://tvn24.pl/najwazniejsze.xml", "title": "Debata w telewizji rz\u0105dowej. Kto zmierzy si\u0119 z Donaldem Tuskiem?", "description": "<img alt=\"Debata w telewizji rz\u0105dowej. Kto zmierzy si\u0119 z Donaldem Tuskiem?\" src=\"https://tvn24.pl/najnowsze/cdn-zdjecie-fipmfw-donald-tusk-7375144/alternates/LANDSCAPE_1280\" />\n    Dojdzie do niej w poniedzia\u0142ek.", "link": "https://tvn24.pl/wybory-parlamentarne-2023/wybory-parlamentarne-2023-debata-tvp-kto-wystapi-lista-uczestnikow-7377717?source=rss", "date_published": "2023-10-06T10:03:09+00:00", "bookmarked": false, "dead": null, "artist": "TNV24 Najwa\u017cniejsze", "album": "TNV24 Najwa\u017cniejsze", "user": null, "language": "pl-PL", "thumbnail": null}, {"source": "https://tvn24.pl/najwazniejsze.xml", "title": "Szokuj\u0105ce zimno, ale i letnie gor\u0105co", "description": "<img alt=\"Szokuj\u0105ce zimno, ale i letnie gor\u0105co\" src=\"https://tvn24.pl/najnowsze/cdn-zdjecie-itgdof-jesien-drv-7378054/alternates/LANDSCAPE_1280\" />\n    Nasza synoptyk przygotowa\u0142a prognoz\u0119 na pa\u017adziernik.", "link": "https://tvn24.pl/tvnmeteo/prognoza/jet-stream-zmrozi-polske-pogoda-na-pazdziernik-2023-wroci-duze-cieplo-i-pojawi-sie-mroz-dlugoterminowa-prognoza-7377955?source=rss", "date_published": "2023-10-06T09:58:30+00:00", "bookmarked": false, "dead": null, "artist": "TNV24 Najwa\u017cniejsze", "album": "TNV24 Najwa\u017cniejsze", "user": null, "language": "pl-PL", "thumbnail": null}, {"source": "https://tvn24.pl/najwazniejsze.xml", "title": "Apel Tuska do wyborc\u00f3w Trzeciej Drogi i Lewicy", "description": "<img alt=\"Apel Tuska do wyborc\u00f3w Trzeciej Drogi i Lewicy \" src=\"https://tvn24.pl/najnowsze/cdn-zdjecie-8ec2uy-donald-tusk-w-rzeszowie-7378174/alternates/LANDSCAPE_1280\" />\n    W czasie spotkania z mieszka\u0144cami Rzeszowa.", "link": "https://tvn24.pl/polska/wybory-2023-apel-donalda-tuska-do-wyborcow-trzeciej-drogi-i-lewicy-glosujcie-na-swoich-7378173?source=rss", "date_published": "2023-10-06T09:52:46+00:00", "bookmarked": false, "dead": null, "artist": "TNV24 Najwa\u017cniejsze", "album": "TNV24 Najwa\u017cniejsze", "user": null, "language": "pl-PL", "thumbnail": null}, {"source": "https://tvn24.pl/najwazniejsze.xml", "title": "Nie \u017cyje Keith Jefferson", "description": "<img alt=\"Nie \u017cyje Keith Jefferson\" src=\"https://tvn24.pl/najnowsze/cdn-zdjecie-2ugrl4-keith-jefferson-7378140/alternates/LANDSCAPE_1280\" />\n    Gra\u0142 w filmach Quentina Tarantino.", "link": "https://tvn24.pl/kultura-i-styl/keith-jefferson-nie-zyje-aktor-gral-w-filmach-quentina-tarantino-7378144?source=rss", "date_published": "2023-10-06T09:52:19+00:00", "bookmarked": false, "dead": null, "artist": "TNV24 Najwa\u017cniejsze", "album": "TNV24 Najwa\u017cniejsze", "user": null, "language": "pl-PL", "thumbnail": null}, {"source": "https://tvn24.pl/najwazniejsze.xml", "title": "Pi\u0142karze Legii \"zatrzymani za napa\u015b\u0107\". Holendrzy pisz\u0105 o poszkodowanym ochroniarzu", "description": "<img alt=\"Pi\u0142karze Legii \" src=\"https://tvn24.pl/najnowsze/cdn-zdjecie-aako8-po-meczu-legii-bylo-niespokojnie-7378224/alternates/LANDSCAPE_1280\" />\n    Holenderska policja przekaza\u0142a pierwsze informacje dotycz\u0105ce zawodnik\u00f3w Legii i wydarze\u0144 po jej czwartkowym meczu z AZ Alkmaar.", "link": "https://eurosport.tvn24.pl/pilka-nozna/skandal-po-meczu-legii-w-holandii.-policja-podala-za-co-zostali-zatrzymani-pilkarze_sto9825741/story.shtml?source=rss", "date_published": "2023-10-06T09:52:09+00:00", "bookmarked": false, "dead": null, "artist": "TNV24 Najwa\u017cniejsze", "album": "TNV24 Najwa\u017cniejsze", "user": null, "language": "pl-PL", "thumbnail": null}, {"source": "https://tvn24.pl/najwazniejsze.xml", "title": "Przyznano Pokojow\u0105 Nagrod\u0119 Nobla", "description": "<img alt=\"Przyznano Pokojow\u0105 Nagrod\u0119 Nobla\" src=\"https://tvn24.pl/najnowsze/cdn-zdjecie-iiuvgd-narges-mohammadi-7378157/alternates/LANDSCAPE_1280\" />\n    Uhonorowana ira\u0144ska dzia\u0142aczka na rzecz praw cz\u0142owieka.", "link": "https://tvn24.pl/swiat/przyznano-pokojowa-nagrode-nobla-narges-mohammadi-laureatka-7378130?source=rss", "date_published": "2023-10-06T09:06:49+00:00", "bookmarked": false, "dead": null, "artist": "TNV24 Najwa\u017cniejsze", "album": "TNV24 Najwa\u017cniejsze", "user": null, "language": "pl-PL", "thumbnail": null}, {"source": "https://tvn24.pl/najwazniejsze.xml", "title": "Mistrzyni US Open czeka na \u015awi\u0105tek", "description": "<img alt=\"Mistrzyni US Open czeka na \u015awi\u0105tek\" src=\"https://tvn24.pl/najnowsze/cdn-zdjecie-ilxew-coco-gauff-podczas-china-open-7378126/alternates/LANDSCAPE_1280\" />\n    Polka ju\u017c wie, z kim zagra w p\u00f3\u0142finale turnieju WTA 1000 w Pekinie.", "link": "https://eurosport.tvn24.pl/tenis/wta-pekin/2023/iga-swiatek-poznala-rywalke-w-polfinale-turnieju-wta-1000-w-pekinie.-z-kim-zagra-w-1-2-finalu_sto9825694/story.shtml?source=rss", "date_published": "2023-10-06T09:05:00+00:00", "bookmarked": false, "dead": null, "artist": "TNV24 Najwa\u017cniejsze", "album": "TNV24 Najwa\u017cniejsze", "user": null, "language": "pl-PL", "thumbnail": null}, {"source": "https://tvn24.pl/najwazniejsze.xml", "title": "Aplauz na korcie po s\u0142owach \u015awi\u0105tek", "description": "<img alt=\"Aplauz na korcie po s\u0142owach \u015awi\u0105tek\" src=\"https://tvn24.pl/najnowsze/cdn-zdjecie-y66kcv-iga-swiatek-zagra-o-final-w-pekinie-7378059/alternates/LANDSCAPE_1280\" />\n    Jest ju\u017c w p\u00f3\u0142finale turnieju WTA 1000 w Pekinie.", "link": "https://eurosport.tvn24.pl/tenis/wta-pekin/2023/wypowiedz-igi-swiatek-po-meczu-z-caroline-garcia-wta-1000-pekin_sto9825655/story.shtml?source=rss", "date_published": "2023-10-06T08:32:41+00:00", "bookmarked": false, "dead": null, "artist": "TNV24 Najwa\u017cniejsze", "album": "TNV24 Najwa\u017cniejsze", "user": null, "language": "pl-PL", "thumbnail": null}, {"source": "https://tvn24.pl/najwazniejsze.xml", "title": "Morawiecki: zawetowa\u0142em zapis dotycz\u0105cy migracji. Macron: to nie zablokuje porozumienia", "description": "<img alt=\"Morawiecki: zawetowa\u0142em zapis dotycz\u0105cy migracji. Macron: to nie zablokuje porozumienia\" src=\"https://tvn24.pl/najnowsze/cdn-zdjecie-5mdbw4-premier-mateusz-morawiecki-po-szczycie-ue-w-grenadzie-7378975/alternates/LANDSCAPE_1280\" />\n    Nieformalny szczyt Unii Europejskiej w Hiszpanii.", "link": "https://tvn24.pl/swiat/unia-europejska-migracja-szczyt-w-grenadzie-premier-morawiecki-o-wecie-komentarze-europejskich-liderow-7377903?source=rss", "date_published": "2023-10-06T08:15:29+00:00", "bookmarked": false, "dead": null, "artist": "TNV24 Najwa\u017cniejsze", "album": "TNV24 Najwa\u017cniejsze", "user": null, "language": "pl-PL", "thumbnail": null}, {"source": "https://tvn24.pl/najwazniejsze.xml", "title": "Trudny pocz\u0105tek Polak\u00f3w. Rywale odje\u017cd\u017caj\u0105", "description": "<img alt=\"Trudny pocz\u0105tek Polak\u00f3w. Rywale odje\u017cd\u017caj\u0105\" src=\"https://tvn24.pl/najnowsze/cdn-zdjecie-7rl9ww-siatkarze-reprezentacji-polski-sliwka-kaczmarek-i-kochanowski-7377956/alternates/LANDSCAPE_1280\" />\n    Polska - Argentyna, kolejny mecz naszych zawodnik\u00f3w w kwalifikacjach do igrzysk olimpijskich. Relacja z meczu w eurosport.pl.", "link": "https://eurosport.tvn24.pl/siatkowka/kwalifikacje-olimpijskie-siatkarzy/2023/polska-argentyna-wynik-meczu-na-zywo-i-relacja-live-kwalifikacje-do-igrzysk-olimpijskich-siatkarzy_sto9825627/story.shtml?source=rss", "date_published": "2023-10-06T08:13:00+00:00", "bookmarked": false, "dead": null, "artist": "TNV24 Najwa\u017cniejsze", "album": "TNV24 Najwa\u017cniejsze", "user": null, "language": "pl-PL", "thumbnail": null}, {"source": "https://tvn24.pl/najwazniejsze.xml", "title": "3,5 miliona za nadzorowanie \"Wiadomo\u015bci\" TVP. \"By\u0142y moim oczkiem w g\u0142owie\". Ujawniamy raport NIK", "description": "<img alt=\"3,5 miliona za nadzorowanie \" src=\"https://tvn24.pl/najnowsze/cdn-zdjecie-nnlxmb-pap_20210914_2s4-7377941/alternates/LANDSCAPE_1280\" />\n    10 najlepiej zarabiaj\u0105cych pracownik\u00f3w TVP tylko w 2022 roku zarobi\u0142o \u0142\u0105cznie 9 mln z\u0142, a odpowiadaj\u0105cy za \"Wiadomo\u015bci\" Jaros\u0142aw Olechowski przez trzy lata zarobi\u0142 ponad 3,5 mln z\u0142otych -\u00a0wynika z raportu pokontrolnego Najwy\u017cszej Izby Kontroli w TVP, do kt\u00f3rego dotar\u0142 portal tvn24.pl. By\u0142y prezes TVP Jacek Kurski zezna\u0142 w NIK, \u017ce godzi\u0142 si\u0119 na takie stawki, bo \"za po\u015brednictwem 'Wiadomo\u015bci'\" on\u00a0sam by\u0142 \"oceniany przez czynniki polityczne\".", "link": "https://tvn24.pl/premium/35-miliona-za-nadzorowanie-wiadomosci-tvp-byly-moim-oczkiem-w-glowie-ujawniamy-raport-nik-7377798?source=rss", "date_published": "2023-10-06T07:57:20+00:00", "bookmarked": false, "dead": null, "artist": "TNV24 Najwa\u017cniejsze", "album": "TNV24 Najwa\u017cniejsze", "user": null, "language": "pl-PL", "thumbnail": null}, {"source": "https://tvn24.pl/najwazniejsze.xml", "title": "Kosmiczny mecz \u015awi\u0105tek. By\u0142a w opa\u0142ach, jest w p\u00f3\u0142finale", "description": "<img alt=\"Kosmiczny mecz \u015awi\u0105tek. By\u0142a w opa\u0142ach, jest w p\u00f3\u0142finale\" src=\"https://tvn24.pl/najnowsze/cdn-zdjecie-hhyrm9-iga-swiatek-podczas-china-open-7377882/alternates/LANDSCAPE_1280\" />\n    Po emocjonuj\u0105cym meczu pokona\u0142a Caroline Garci\u0119 w \u0107wier\u0107finale turnieju w Pekinie 6:7(8), 7:6(5), 6:1.", "link": "https://eurosport.tvn24.pl/tenis/wta-pekin/2023/iga-swiatek-caroline-garcia-wynik-i-relacja-z-cwiercfinalu-wta-1000-w-pekinie-2023_sto9825538/story.shtml?source=rss", "date_published": "2023-10-06T07:16:22+00:00", "bookmarked": false, "dead": null, "artist": "TNV24 Najwa\u017cniejsze", "album": "TNV24 Najwa\u017cniejsze", "user": null, "language": "pl-PL", "thumbnail": null}, {"source": "https://tvn24.pl/najwazniejsze.xml", "title": "Jak zmieni\u0142 si\u0119 poziom bezpiecze\u0144stwa kobiet podczas porod\u00f3w za rz\u0105d\u00f3w PiS?", "description": "<img alt=\"Jak zmieni\u0142 si\u0119 poziom bezpiecze\u0144stwa kobiet podczas porod\u00f3w za rz\u0105d\u00f3w PiS?\" src=\"https://tvn24.pl/najnowsze/cdn-zdjecie-ggqdhm-szpital-porod-ciaza-shutterstock_1181843014-7350377/alternates/LANDSCAPE_1280\" />\n    Sonda\u017c dla \"Fakt\u00f3w\" TVN i\u00a0TVN24", "link": "https://tvn24.pl/polska/bezpieczenstwo-kobiet-podczas-porodow-wczasie-rzadow-pis-sondaz-dla-faktow-tvn-itvn24-7377767?source=rss", "date_published": "2023-10-06T07:11:49+00:00", "bookmarked": false, "dead": null, "artist": "TNV24 Najwa\u017cniejsze", "album": "TNV24 Najwa\u017cniejsze", "user": null, "language": "pl-PL", "thumbnail": null}, {"source": "https://tvn24.pl/najwazniejsze.xml", "title": "Przepychanki i zatrzymania legionist\u00f3w. PZPN reaguje", "description": "<img alt=\"Przepychanki i zatrzymania legionist\u00f3w. PZPN reaguje\" src=\"https://tvn24.pl/najnowsze/cdn-zdjecie-cx26me-policja-prowadzi-josue-7377827/alternates/LANDSCAPE_1280\" />\n    Po awanturze w Holandii.", "link": "https://eurosport.tvn24.pl/pilka-nozna/pzpn-reaguje-po-zatrzymaniach-pilkarzy-legii-w-holandii_sto9825559/story.shtml?source=rss", "date_published": "2023-10-06T06:47:47+00:00", "bookmarked": false, "dead": null, "artist": "TNV24 Najwa\u017cniejsze", "album": "TNV24 Najwa\u017cniejsze", "user": null, "language": "pl-PL", "thumbnail": null}, {"source": "https://tvn24.pl/najwazniejsze.xml", "title": "Sk\u0105d si\u0119 bior\u0105 \"awarie\" na stacjach Orlenu? Szef PFR odpowiada", "description": "<img alt=\"Sk\u0105d si\u0119 bior\u0105 \" src=\"https://tvn24.pl/najnowsze/cdn-zdjecie-jxgr57-zdjecia-ze-stacji-orlenu-przy-ulicy-powsinskiej-w-warszawie-29-wrzesnia-2023-7367630/alternates/LANDSCAPE_1280\" />\n    Prezes Polskiego Funduszu Rozwoju (PFR) Pawe\u0142 Borys w \"Jeden na jeden\" w TVN24.", "link": "https://tvn24.pl/polska/awarie-na-stacjach-orlenu-skad-sie-biora-szef-pfr-pawel-borys-odpowiada-7377784?source=rss", "date_published": "2023-10-06T06:39:56+00:00", "bookmarked": false, "dead": null, "artist": "TNV24 Najwa\u017cniejsze", "album": "TNV24 Najwa\u017cniejsze", "user": null, "language": "pl-PL", "thumbnail": null}, {"source": "https://tvn24.pl/najwazniejsze.xml", "title": "Pot\u0119\u017cne pieni\u0105dze dla Polski w zawieszeniu. \"Dyskutujemy z ministerstwem jak zarz\u0105dza\u0107 p\u0142ynno\u015bci\u0105\"", "description": "<img alt=\"Pot\u0119\u017cne pieni\u0105dze dla Polski w zawieszeniu. \" src=\"https://tvn24.pl/najnowsze/cdn-zdjecie-k3ftdu-06-0730-jnj-cl-0004-7377756/alternates/LANDSCAPE_1280\" />\n    Szef PFR Pawe\u0142 Borys \"Jeden na Jeden\".", "link": "https://tvn24.pl/biznes/z-kraju/kpo-pawel-borys-jezeli-srodki-naplyna-do-to-nie-ma-problemu-7377747?source=rss", "date_published": "2023-10-06T06:36:14+00:00", "bookmarked": false, "dead": null, "artist": "TNV24 Najwa\u017cniejsze", "album": "TNV24 Najwa\u017cniejsze", "user": null, "language": "pl-PL", "thumbnail": null}, {"source": "https://tvn24.pl/najwazniejsze.xml", "title": "\"Znaleziono fragmenty granat\u00f3w r\u0119cznych\". Putin o katastrofie, w kt\u00f3rej zgin\u0105\u0142 Prigo\u017cyn", "description": "<img alt=\"\" src=\"https://tvn24.pl/najnowsze/cdn-zdjecie-nhh6kf-wladimir-putin-7377704/alternates/LANDSCAPE_1280\" />\n    Zapewnia, \u017ce nie dosz\u0142o do ataku rakietowego.", "link": "https://tvn24.pl/swiat/rosja-wladimir-putin-o-mozliwej-przyczynie-katastrofy-samolotu-jewgienija-prigozyna-7377707?source=rss", "date_published": "2023-10-06T06:18:28+00:00", "bookmarked": false, "dead": null, "artist": "TNV24 Najwa\u017cniejsze", "album": "TNV24 Najwa\u017cniejsze", "user": null, "language": "pl-PL", "thumbnail": null}, {"source": "https://tvn24.pl/najwazniejsze.xml", "title": "By\u0142e pierwsze damy zach\u0119caj\u0105 do udzia\u0142u w wyborach", "description": "<img alt=\"By\u0142e pierwsze damy zach\u0119caj\u0105 do udzia\u0142u w wyborach\" src=\"https://tvn24.pl/najnowsze/cdn-zdjecie-65agkn-byle-pierwsze-damy-2251494/alternates/LANDSCAPE_1280\" />\n    Odpowied\u017a obecnej pierwszej damy wymaga\u0142a komentarza.", "link": "https://tvn24.pl/wybory-parlamentarne-2023/wybory-2023-byle-pierwsze-damy-zachecaja-do-udzialu-w-wyborach-7377686?source=rss", "date_published": "2023-10-06T05:31:41+00:00", "bookmarked": false, "dead": null, "artist": "TNV24 Najwa\u017cniejsze", "album": "TNV24 Najwa\u017cniejsze", "user": null, "language": "pl-PL", "thumbnail": null}, {"source": "https://tvn24.pl/najwazniejsze.xml", "title": "Partia popularnego produktu wycofana ze sklep\u00f3w. Ostrze\u017cenie", "description": "<img alt=\"Partia popularnego produktu wycofana ze sklep\u00f3w. Ostrze\u017cenie\" src=\"https://tvn24.pl/najnowsze/cdn-zdjecie-unrtv6-koszyk-sklep-supermarketshutterstock_1933509284-1-5670658/alternates/LANDSCAPE_1280\" />\n    Komunikat GIS.", "link": "https://tvn24.pl/biznes/z-kraju/parowki-z-szynki-stowki-firmy-sokolow-jedna-z-partii-wycofana-ze-sklepow-ostrzezenie-gis-7377581?source=rss", "date_published": "2023-10-06T05:12:27+00:00", "bookmarked": false, "dead": null, "artist": "TNV24 Najwa\u017cniejsze", "album": "TNV24 Najwa\u017cniejsze", "user": null, "language": "pl-PL", "thumbnail": null}, {"source": "https://tvn24.pl/najwazniejsze.xml", "title": "50 milion\u00f3w czulszy od oka. Powstaje najpot\u0119\u017cniejszy teleskop w historii", "description": "<img alt=\"50 milion\u00f3w czulszy od oka. Powstaje najpot\u0119\u017cniejszy teleskop w historii\" src=\"https://tvn24.pl/najnowsze/cdn-zdjecie-snee4h-gigantyczny-teleskop-magellana-budowa-7377666/alternates/LANDSCAPE_1280\" />\n    Teleskop ma by\u0107 cztery razy pot\u0119\u017cniejszym od kosmicznego obserwatorium Jamesa Webba.", "link": "https://tvn24.pl/go/programy,7/kijek-w-kosmosie-odcinki,607116/odcinek-95,S00E95,1177839?source=rss", "date_published": "2023-10-06T05:00:00+00:00", "bookmarked": false, "dead": null, "artist": "TNV24 Najwa\u017cniejsze", "album": "TNV24 Najwa\u017cniejsze", "user": null, "language": "pl-PL", "thumbnail": null}, {"source": "https://tvn24.pl/najwazniejsze.xml", "title": "Kiedy Lewandowski wr\u00f3ci do gry?", "description": "<img alt=\"Kiedy Lewandowski wr\u00f3ci do gry?\" src=\"https://tvn24.pl/najnowsze/cdn-zdjecie-3qcslf-robert-lewandowski-doznal-kontuzji-po-tym-ataku-carmo-7376168/alternates/LANDSCAPE_1280\" />\n    W Barcelonie obawiaj\u0105 si\u0119 najgorszego.", "link": "https://eurosport.tvn24.pl/pilka-nozna/primera-division/2023-2024/robert-lewandowski-jest-kontuzjowany.-czy-napastnik-barcelony-zdazy-na-el-clasico-z-realem-madryt-ki_sto9825076/story.shtml?source=rss", "date_published": "2023-10-06T04:58:08+00:00", "bookmarked": false, "dead": null, "artist": "TNV24 Najwa\u017cniejsze", "album": "TNV24 Najwa\u017cniejsze", "user": null, "language": "pl-PL", "thumbnail": null}, {"source": "https://tvn24.pl/najwazniejsze.xml", "title": "Uwaga, nadci\u0105ga wichura! IMGW og\u0142osi\u0142 pomara\u0144czowe alerty", "description": "<img alt=\"Uwaga, nadci\u0105ga wichura! IMGW og\u0142osi\u0142 pomara\u0144czowe alerty\" src=\"https://tvn24.pl/tvnmeteo/najnowsze/cdn-zdjecie-tbmfbe-uwaga-na-silny-wiatr-5601408/alternates/LANDSCAPE_1280\" />\n    Sprawd\u017a, gdzie b\u0119dzie niebezpiecznie.", "link": "https://tvn24.pl/tvnmeteo/pogoda/alerty-imgw-silny-wiatr-w-piatek-i-sobote-nadciaga-wichura-porywy-beda-przekraczac-100-kmh-7377720?source=rss", "date_published": "2023-10-06T04:36:59+00:00", "bookmarked": false, "dead": null, "artist": "TNV24 Najwa\u017cniejsze", "album": "TNV24 Najwa\u017cniejsze", "user": null, "language": "pl-PL", "thumbnail": null}, {"source": "https://tvn24.pl/najwazniejsze.xml", "title": "Uwaga, nadci\u0105ga wichura! IMGW og\u0142osi\u0142 pomara\u0144czowe alerty", "description": "<img alt=\"Uwaga, nadci\u0105ga wichura! IMGW og\u0142osi\u0142 pomara\u0144czowe alerty\" src=\"https://tvn24.pl/tvnmeteo/najnowsze/cdn-zdjecie-tbmfbe-uwaga-na-silny-wiatr-5601408/alternates/LANDSCAPE_1280\" />\n    Sprawd\u017a, gdzie b\u0119dzie niebezpiecznie.", "link": "https://tvn24.pl/tvnmeteo/prognoza/alerty-imgw-silny-wiatr-w-piatek-i-sobote-nadciaga-wichura-porywy-beda-przekraczac-100-kmh-7377720?source=rss", "date_published": "2023-10-06T04:36:59+00:00", "bookmarked": false, "dead": null, "artist": "TNV24 Najwa\u017cniejsze", "album": "TNV24 Najwa\u017cniejsze", "user": null, "language": "pl-PL", "thumbnail": null}, {"source": "https://tvn24.pl/najwazniejsze.xml", "title": "\u015awi\u0105tek walczy o p\u00f3\u0142fina\u0142 w Pekinie", "description": "<img alt=\"\u015awi\u0105tek walczy o p\u00f3\u0142fina\u0142 w Pekinie\" src=\"https://tvn24.pl/najnowsze/cdn-zdjecie-8ivssw-iga-swiatek-gra-w-pekinie-7377723/alternates/LANDSCAPE_1280\" />\n    Rywalk\u0105 Caroline Garcia. Relacja w eurosport.pl.", "link": "https://eurosport.tvn24.pl/tenis/wta-pekin/2023/live-caroline-garcia-iga-swiatek_mtc1475460/live-commentary.shtml?source=rss", "date_published": "2023-10-06T04:35:51+00:00", "bookmarked": false, "dead": null, "artist": "TNV24 Najwa\u017cniejsze", "album": "TNV24 Najwa\u017cniejsze", "user": null, "language": "pl-PL", "thumbnail": null}, {"source": "https://tvn24.pl/najwazniejsze.xml", "title": "Kumulacja w Lotto ro\u015bnie", "description": "<img alt=\"Kumulacja w Lotto ro\u015bnie \" src=\"https://tvn24.pl/najnowsze/cdn-zdjecie-lojhor-lotto-s-shutterstock_275295956-5128640/alternates/LANDSCAPE_1280\" />\n    Wyniki losowania.", "link": "https://tvn24.pl/biznes/z-kraju/wyniki-lotto-i-lotto-plus-z-dnia-051023-liczby-z-ostatniego-losowania-7377721?source=rss", "date_published": "2023-10-06T04:34:20+00:00", "bookmarked": false, "dead": null, "artist": "TNV24 Najwa\u017cniejsze", "album": "TNV24 Najwa\u017cniejsze", "user": null, "language": "pl-PL", "thumbnail": null}, {"source": "https://tvn24.pl/najwazniejsze.xml", "title": "Pi\u0142karze Legii zatrzymani przez policj\u0119. Skandal po meczu w Holandii", "description": "<img alt=\"Pi\u0142karze Legii zatrzymani przez policj\u0119. Skandal po meczu w Holandii\" src=\"https://tvn24.pl/najnowsze/cdn-zdjecie-z5rsx7-do-przepychanek-doszlo-po-meczu-7377718/alternates/LANDSCAPE_1280\" />\n    Josue i Radovan Pankov zakuci w kajdanki, w\u0142a\u015bciciel Legii Dariusz Mioduski poturbowany.", "link": "https://eurosport.tvn24.pl/pilka-nozna/josue-i-radovan-pankov-z-legii-zatrzymani-przez-policje-po-meczu-z-az-alkmaar_sto9825533/story.shtml?source=rss", "date_published": "2023-10-06T04:13:52+00:00", "bookmarked": false, "dead": null, "artist": "TNV24 Najwa\u017cniejsze", "album": "TNV24 Najwa\u017cniejsze", "user": null, "language": "pl-PL", "thumbnail": null}, {"source": "https://tvn24.pl/najwazniejsze.xml", "title": "Polityk PiS pochwali\u0142 si\u0119 budow\u0105 drogi. Inwestycja nie mia\u0142a wsparcia bud\u017cetu pa\u0144stwa", "description": "<img alt=\"Polityk PiS pochwali\u0142 si\u0119 budow\u0105 drogi. Inwestycja nie mia\u0142a wsparcia bud\u017cetu pa\u0144stwa\" src=\"https://tvn24.pl/najnowsze/cdn-zdjecie-exe55i-0510n360xr-pis-dnz-wieczorek-7377606/alternates/LANDSCAPE_1280\" />\n    Samorz\u0105d szybko skomentowa\u0142 wideo.", "link": "https://tvn24.pl/polska/polityk-pis-pochwalil-sie-budowa-drogi-inwestycja-nie-miala-wsparcia-budzetu-panstwa-7377646?source=rss", "date_published": "2023-10-06T04:10:41+00:00", "bookmarked": false, "dead": null, "artist": "TNV24 Najwa\u017cniejsze", "album": "TNV24 Najwa\u017cniejsze", "user": null, "language": "pl-PL", "thumbnail": null}, {"source": "https://tvn24.pl/najwazniejsze.xml", "title": "\"Boimy si\u0119, \u017ce nagle si\u0119 oka\u017ce, \u017ce co\u015b zostanie wykryte\"", "description": "<img alt=\"\" src=\"https://tvn24.pl/najnowsze/cdn-zdjecie-bpzwsf-mammografia-6164678/alternates/LANDSCAPE_1280\" />\n    Z roku na rok coraz mniej kobiet w Polsce robi mammografi\u0119.", "link": "https://tvn24.pl/polska/mammografia-badanie-ktore-moze-uratowac-zycie-7377648?source=rss", "date_published": "2023-10-06T04:07:38+00:00", "bookmarked": false, "dead": null, "artist": "TNV24 Najwa\u017cniejsze", "album": "TNV24 Najwa\u017cniejsze", "user": null, "language": "pl-PL", "thumbnail": null}, {"source": "https://tvn24.pl/najwazniejsze.xml", "title": "Gajewska: Mam tego ju\u017c cholernie dosy\u0107. Ja nie przysz\u0142am do Sejmu po to, \u017ceby si\u0119 komu\u015b podoba\u0107", "description": "<img alt=\"Gajewska: Mam tego ju\u017c cholernie dosy\u0107. Ja nie przysz\u0142am do Sejmu po to, \u017ceby si\u0119 komu\u015b podoba\u0107 \" src=\"https://tvn24.pl/najnowsze/cdn-zdjecie-6wn84u-wybory-kobiet-aleksandra-gajewskaok-7377660/alternates/LANDSCAPE_1280\" />\n    Pos\u0142anka KO by\u0142a go\u015bcini\u0105 podcastu \"Wybory Kobiet\".", "link": "https://tvn24.pl/go/programy,7/wybory-kobiet-odcinki,1172124/odcinek-2,S00E02,1177825?source=rss", "date_published": "2023-10-06T04:00:00+00:00", "bookmarked": false, "dead": null, "artist": "TNV24 Najwa\u017cniejsze", "album": "TNV24 Najwa\u017cniejsze", "user": null, "language": "pl-PL", "thumbnail": null}, {"source": "https://tvn24.pl/najwazniejsze.xml", "title": "Topnieje r\u00f3\u017cnica mi\u0119dzy PiS i KO. Opozycja z sejmow\u0105 wi\u0119kszo\u015bci\u0105", "description": "<img alt=\"Topnieje r\u00f3\u017cnica mi\u0119dzy PiS i KO. Opozycja z sejmow\u0105 wi\u0119kszo\u015bci\u0105\" src=\"https://tvn24.pl/najnowsze/cdn-zdjecie-jq2ws4-donald-tusk-7377708/alternates/LANDSCAPE_1280\" />\n    Najnowszy sonda\u017c IBRiS dla Onetu.", "link": "https://tvn24.pl/wybory-parlamentarne-2023/wybory-2023-sondaz-topnieje-roznica-miedzy-pis-i-ko-opozycja-przejmuje-wladze-7377709?source=rss", "date_published": "2023-10-06T03:55:12+00:00", "bookmarked": false, "dead": null, "artist": "TNV24 Najwa\u017cniejsze", "album": "TNV24 Najwa\u017cniejsze", "user": null, "language": "pl-PL", "thumbnail": null}, {"source": "https://tvn24.pl/najwazniejsze.xml", "title": "Tusk p\u00f3jdzie do TVP, Trump my\u015bli o urz\u0119dzie spikera, tragiczny wypadek z udzia\u0142em miliardera i aktorki", "description": "<img alt=\"Tusk p\u00f3jdzie do TVP, Trump my\u015bli o urz\u0119dzie spikera, tragiczny wypadek z udzia\u0142em miliardera i aktorki\" src=\"https://tvn24.pl/najnowsze/cdn-zdjecie-e08a4c-donald-trump-7377710/alternates/LANDSCAPE_1280\" />\n    Podsumowujemy.", "link": "https://tvn24.pl/swiat/piec-rzeczy-ktore-warto-wiedziec-6-pazdziernika-2023-roku-7377712?source=rss", "date_published": "2023-10-06T03:32:03+00:00", "bookmarked": false, "dead": null, "artist": "TNV24 Najwa\u017cniejsze", "album": "TNV24 Najwa\u017cniejsze", "user": null, "language": "pl-PL", "thumbnail": null}, {"source": "https://tvn24.pl/najwazniejsze.xml", "title": "Gutek: zmaga\u0142em si\u0119 z \u017cyciem i odpowiedzi szuka\u0142em w kinie", "description": "<img alt=\"Gutek: zmaga\u0142em si\u0119 z \u017cyciem i odpowiedzi szuka\u0142em w kinie\" src=\"https://tvn24.pl/najnowsze/cdn-zdjecie-5b53j2-roman-gutek-i-monika-olejnik-7377618/alternates/LANDSCAPE_1280\" />\n    Tw\u00f3rca Warszawskiego Festiwalu Filmowego i wsp\u00f3\u0142za\u0142o\u017cyciel firmy Gutek Film w rozmowie z Monik\u0105 Olejnik.", "link": "https://tvn24.pl/go/programy,7/monika-olejnik-otwarcie-odcinki,511079/odcinek-50,S00E50,1177849?source=rss", "date_published": "2023-10-06T03:30:00+00:00", "bookmarked": false, "dead": null, "artist": "TNV24 Najwa\u017cniejsze", "album": "TNV24 Najwa\u017cniejsze", "user": null, "language": "pl-PL", "thumbnail": null}, {"source": "https://tvn24.pl/najwazniejsze.xml", "title": "Prezydent ostrzega przed \"scenariuszem zastosowanym przez Rosj\u0119 na Krymie\"", "description": "<img alt=\"Prezydent ostrzega przed \" src=\"https://tvn24.pl/najnowsze/cdn-zdjecie-4hrmmp-funkcjonariusz-kosowskiej-policji-przy-klasztorze-we-wsi-banjska-7366115/alternates/LANDSCAPE_1280\" />\n    Prezydent Kosowa w rozmowie z niemieckim dziennikiem \"Welt\".", "link": "https://tvn24.pl/swiat/kosowo-prezydent-serbia-planuje-anektowanie-polnocy-kraju-korzystajac-ze-scenariusza-zastosowanego-na-krymie-7377702?source=rss", "date_published": "2023-10-06T03:28:40+00:00", "bookmarked": false, "dead": null, "artist": "TNV24 Najwa\u017cniejsze", "album": "TNV24 Najwa\u017cniejsze", "user": null, "language": "pl-PL", "thumbnail": null}, {"source": "https://tvn24.pl/najwazniejsze.xml", "title": "Ukraina walczy. Najwa\u017cniejsze wydarzenia ostatnich godzin", "description": "<img alt=\"Ukraina walczy. Najwa\u017cniejsze wydarzenia ostatnich godzin\" src=\"https://tvn24.pl/najnowsze/cdn-zdjecie-tfegkj-uczestnik-akcji-ratunkowo-poszukiwawczej-we-wsi-hroza-w-obwodzie-charkowskim-7377564/alternates/LANDSCAPE_1280\" />\n    Rosyjska pe\u0142noskalowa inwazja na Ukrain\u0119 trwa od 590 dni.", "link": "https://tvn24.pl/swiat/ukraina-walczy-najwazniejsze-wydarzenia-ostatnich-godzin-7377713?source=rss", "date_published": "2023-10-06T03:09:48+00:00", "bookmarked": false, "dead": null, "artist": "TNV24 Najwa\u017cniejsze", "album": "TNV24 Najwa\u017cniejsze", "user": null, "language": "pl-PL", "thumbnail": null}, {"source": "https://tvn24.pl/najwazniejsze.xml", "title": "Media: Korea P\u00f3\u0142nocna zacz\u0119\u0142a wysy\u0142a\u0107 artyleri\u0119 do Rosji", "description": "<img alt=\"Media: Korea P\u00f3\u0142nocna zacz\u0119\u0142a wysy\u0142a\u0107 artyleri\u0119 do Rosji\" src=\"https://tvn24.pl/najnowsze/cdn-zdjecie-tpkx9y-rosyjska-artyleria-5757946/alternates/LANDSCAPE_1280\" />\n    W tvn24.pl relacjonujemy najwa\u017cniejsze wydarzenia z i wok\u00f3\u0142 Ukrainy.", "link": "https://tvn24.pl/swiat/wojna-w-ukrainie-relacja-w-piatek-6-pazdziernika-2023-7377714?source=rss", "date_published": "2023-10-06T03:05:07+00:00", "bookmarked": false, "dead": null, "artist": "TNV24 Najwa\u017cniejsze", "album": "TNV24 Najwa\u017cniejsze", "user": null, "language": "pl-PL", "thumbnail": null}]