[{"source": "https://rss.nytimes.com/services/xml/rss/nyt/HomePage.xml", "title": "Biden\u2019s Dog Is Banished. Some Insiders Wonder Why It Took So Long.", "description": "The end of a pet\u2019s troubled term in the White House hints at the complicated dynamics inside one of the world\u2019s most exclusive mansions.", "link": "https://www.nytimes.com/2023/10/06/us/politics/biden-commander-dog-bites-secret-service.html", "date_published": "2023-10-06T23:05:45+00:00", "bookmarked": false, "dead": null, "artist": "NYT > Top Stories", "album": "NYT > Top Stories", "user": null, "language": "en-us", "thumbnail": "https://static01.nyt.com/images/misc/NYT_logo_rss_250x40.png"}, {"source": "https://rss.nytimes.com/services/xml/rss/nyt/HomePage.xml", "title": "Why Is Biden Building a New Border Wall? Here\u2019s What We Know.", "description": "The Biden administration\u2019s decision to add to the border wall is a confusing one. And the president has insisted that he does not think the new wall will be effective.", "link": "https://www.nytimes.com/2023/10/06/us/border-wall-biden.html", "date_published": "2023-10-06T22:16:59+00:00", "bookmarked": false, "dead": null, "artist": "NYT > Top Stories", "album": "NYT > Top Stories", "user": null, "language": "en-us", "thumbnail": "https://static01.nyt.com/images/misc/NYT_logo_rss_250x40.png"}, {"source": "https://rss.nytimes.com/services/xml/rss/nyt/HomePage.xml", "title": "As Venezuelans Face Deportation by U.S., Migrants Are Not Deterred", "description": "The attempt to reduce unlawful crossings at the southern border will not deter Venezuelan migrants from traveling north, advocates say.", "link": "https://www.nytimes.com/2023/10/06/world/us-venezuela-deportation-border.html", "date_published": "2023-10-06T22:09:27+00:00", "bookmarked": false, "dead": null, "artist": "NYT > Top Stories", "album": "NYT > Top Stories", "user": null, "language": "en-us", "thumbnail": "https://static01.nyt.com/images/misc/NYT_logo_rss_250x40.png"}, {"source": "https://rss.nytimes.com/services/xml/rss/nyt/HomePage.xml", "title": "Why Does the Nobel Committee Overlook Saudi Women Activists?", "description": "Political calculations should not keep others from joining Narges Mohammadi of Iran.", "link": "https://www.nytimes.com/2023/10/06/opinion/nobel-prize-womens-rights.html", "date_published": "2023-10-06T22:07:45+00:00", "bookmarked": false, "dead": null, "artist": "NYT > Top Stories", "album": "NYT > Top Stories", "user": null, "language": "en-us", "thumbnail": "https://static01.nyt.com/images/misc/NYT_logo_rss_250x40.png"}, {"source": "https://rss.nytimes.com/services/xml/rss/nyt/HomePage.xml", "title": "U.S. Job Growth Surges Past Expectations", "description": "Also, Narges Mohammadi wins the Nobel Peace Prize. Here\u2019s the latest at the end of Friday.", "link": "https://www.nytimes.com/2023/10/06/briefing/us-job-growth-nobel-peace-prize.html", "date_published": "2023-10-06T21:41:04+00:00", "bookmarked": false, "dead": null, "artist": "NYT > Top Stories", "album": "NYT > Top Stories", "user": null, "language": "en-us", "thumbnail": "https://static01.nyt.com/images/misc/NYT_logo_rss_250x40.png"}, {"source": "https://rss.nytimes.com/services/xml/rss/nyt/HomePage.xml", "title": "Judge Allows Oklahoma Ban on Transition Care for Minors to Take Effect", "description": "A federal judge in Oklahoma denied a request to temporarily block the state\u2019s law banning transition care for transgender minors.", "link": "https://www.nytimes.com/2023/10/06/us/oklahoma-transgender-ban.html", "date_published": "2023-10-06T21:29:21+00:00", "bookmarked": false, "dead": null, "artist": "NYT > Top Stories", "album": "NYT > Top Stories", "user": null, "language": "en-us", "thumbnail": "https://static01.nyt.com/images/misc/NYT_logo_rss_250x40.png"}, {"source": "https://rss.nytimes.com/services/xml/rss/nyt/HomePage.xml", "title": "Baseball\u2019s Mets Investigation Will Seek to Answer What Steve Cohen Knew", "description": "The league is looking into whether the team, which Mr. Cohen bought three years ago and has spent lavishly on, violated rules regarding its injury list.", "link": "https://www.nytimes.com/2023/10/06/business/steve-cohen-mets-major-league-baseball.html", "date_published": "2023-10-06T20:41:46+00:00", "bookmarked": false, "dead": null, "artist": "NYT > Top Stories", "album": "NYT > Top Stories", "user": null, "language": "en-us", "thumbnail": "https://static01.nyt.com/images/misc/NYT_logo_rss_250x40.png"}, {"source": "https://rss.nytimes.com/services/xml/rss/nyt/HomePage.xml", "title": "How Biden\u2019s Promises to Reverse Trump\u2019s Immigration Policies Crumbled", "description": "President Biden has tried to contain a surge of migration by embracing, or at least tolerating, some of his predecessor\u2019s approaches.", "link": "https://www.nytimes.com/2023/10/06/us/politics/biden-trump-immigration.html", "date_published": "2023-10-06T20:30:26+00:00", "bookmarked": false, "dead": null, "artist": "NYT > Top Stories", "album": "NYT > Top Stories", "user": null, "language": "en-us", "thumbnail": "https://static01.nyt.com/images/misc/NYT_logo_rss_250x40.png"}, {"source": "https://rss.nytimes.com/services/xml/rss/nyt/HomePage.xml", "title": "More Brokerages Leave Powerful Realtor Group", "description": "Re/Max and Anywhere Real Estate, a brokerage franchiser, will no longer require agents to belong to the National Association of Realtors, as part of agreements to settle two class-action lawsuits.", "link": "https://www.nytimes.com/2023/10/06/realestate/national-association-realtors-brokerages.html", "date_published": "2023-10-06T20:30:07+00:00", "bookmarked": false, "dead": null, "artist": "NYT > Top Stories", "album": "NYT > Top Stories", "user": null, "language": "en-us", "thumbnail": "https://static01.nyt.com/images/misc/NYT_logo_rss_250x40.png"}, {"source": "https://rss.nytimes.com/services/xml/rss/nyt/HomePage.xml", "title": "Strong U.S. Job Growth Shows Economy Is Defying Challenges", "description": "The labor market is providing solid income growth, even as inflated prices frustrate consumers.", "link": "https://www.nytimes.com/2023/10/06/business/economy/september-jobs-report.html", "date_published": "2023-10-06T19:39:58+00:00", "bookmarked": false, "dead": null, "artist": "NYT > Top Stories", "album": "NYT > Top Stories", "user": null, "language": "en-us", "thumbnail": "https://static01.nyt.com/images/misc/NYT_logo_rss_250x40.png"}, {"source": "https://rss.nytimes.com/services/xml/rss/nyt/HomePage.xml", "title": "U.A.W., Citing Progress in Talks, Does Not Expand Strikes", "description": "The United Automobile Workers said on Friday it had secured an important concession from General Motors regarding the contracts of workers at battery factories.", "link": "https://www.nytimes.com/2023/10/06/business/economy/uaw-strike-automakers.html", "date_published": "2023-10-06T19:09:07+00:00", "bookmarked": false, "dead": null, "artist": "NYT > Top Stories", "album": "NYT > Top Stories", "user": null, "language": "en-us", "thumbnail": "https://static01.nyt.com/images/misc/NYT_logo_rss_250x40.png"}, {"source": "https://rss.nytimes.com/services/xml/rss/nyt/HomePage.xml", "title": "Chaos in Washington Feeds Americans\u2019 Dismal View of Politics", "description": "Voters\u2019 broad discontent with disarray in Washington transcends political parties, race, age and geography.", "link": "https://www.nytimes.com/2023/10/06/us/kevin-mccarthy-congress-matt-gaetz-speaker-biden-trump-voters.html", "date_published": "2023-10-06T18:50:22+00:00", "bookmarked": false, "dead": null, "artist": "NYT > Top Stories", "album": "NYT > Top Stories", "user": null, "language": "en-us", "thumbnail": "https://static01.nyt.com/images/misc/NYT_logo_rss_250x40.png"}, {"source": "https://rss.nytimes.com/services/xml/rss/nyt/HomePage.xml", "title": "Gary Wang, a FTX Founder, Says Sam Bankman-Fried Steered Misuse of Funds", "description": "Mr. Wang is one of three key witnesses who pleaded guilty and agreed to cooperate against Mr. Bankman-Fried, the onetime crypto mogul on trial for fraud.", "link": "https://www.nytimes.com/2023/10/06/technology/gary-wang-ftx-sam-bankman-fried-trial.html", "date_published": "2023-10-06T18:18:04+00:00", "bookmarked": false, "dead": null, "artist": "NYT > Top Stories", "album": "NYT > Top Stories", "user": null, "language": "en-us", "thumbnail": "https://static01.nyt.com/images/misc/NYT_logo_rss_250x40.png"}, {"source": "https://rss.nytimes.com/services/xml/rss/nyt/HomePage.xml", "title": "The M.T.A. Is No Longer Broke. Now It Must Make Riders Happy.", "description": "For as long as many New Yorkers can remember, the transit system has needed more money. Now its budget is finally whole, and the pressure for good service is on.", "link": "https://www.nytimes.com/2023/10/06/nyregion/mta-nyc-subway-service.html", "date_published": "2023-10-06T17:25:25+00:00", "bookmarked": false, "dead": null, "artist": "NYT > Top Stories", "album": "NYT > Top Stories", "user": null, "language": "en-us", "thumbnail": "https://static01.nyt.com/images/misc/NYT_logo_rss_250x40.png"}, {"source": "https://rss.nytimes.com/services/xml/rss/nyt/HomePage.xml", "title": "House Speaker, Ukraine War, Border Wall: Trump\u2019s Influence Reaches a Post-Presidency Peak", "description": "A Republican leadership vacuum has allowed the former president to exert power over his party \u2014 and in the country \u2014 in a way that lacks much historical precedent.", "link": "https://www.nytimes.com/2023/10/06/us/politics/trump-influence.html", "date_published": "2023-10-06T17:19:01+00:00", "bookmarked": false, "dead": null, "artist": "NYT > Top Stories", "album": "NYT > Top Stories", "user": null, "language": "en-us", "thumbnail": "https://static01.nyt.com/images/misc/NYT_logo_rss_250x40.png"}, {"source": "https://rss.nytimes.com/services/xml/rss/nyt/HomePage.xml", "title": "U.S. Aid to Ukraine, and When It Might Run Out, Explained", "description": "President Biden has said the United States will assist Ukraine\u2019s fight against Russia \u201cfor as long as it takes.\u201d But Republican support for continuing aid has declined.", "link": "https://www.nytimes.com/2023/10/06/us/politics/ukraine-aid-congress.html", "date_published": "2023-10-06T16:38:06+00:00", "bookmarked": false, "dead": null, "artist": "NYT > Top Stories", "album": "NYT > Top Stories", "user": null, "language": "en-us", "thumbnail": "https://static01.nyt.com/images/misc/NYT_logo_rss_250x40.png"}, {"source": "https://rss.nytimes.com/services/xml/rss/nyt/HomePage.xml", "title": "At City Ballet, Barbie Basics at the Gala, and a Glittering Revival", "description": "New York City Ballet hosted a gala with unfortunate new costumes for Balanchine\u2019s \u201cWho Cares?\u201d But the repertory is what matters, and it\u2019s been dazzling.", "link": "https://www.nytimes.com/2023/10/06/arts/dance/new-york-city-ballet-gala-bourree-fantasque.html", "date_published": "2023-10-06T16:17:08+00:00", "bookmarked": false, "dead": null, "artist": "NYT > Top Stories", "album": "NYT > Top Stories", "user": null, "language": "en-us", "thumbnail": "https://static01.nyt.com/images/misc/NYT_logo_rss_250x40.png"}, {"source": "https://rss.nytimes.com/services/xml/rss/nyt/HomePage.xml", "title": "N.J. Attorney General Opens Inquiry Into Nadine Menendez\u2019s Fatal Crash", "description": "The scrutiny could create fresh legal and political peril for Senator Robert Menendez, a Democrat, who has been charged with accepting bribes.", "link": "https://www.nytimes.com/2023/10/06/nyregion/nadine-menendez-investigation-koop.html", "date_published": "2023-10-06T16:06:34+00:00", "bookmarked": false, "dead": null, "artist": "NYT > Top Stories", "album": "NYT > Top Stories", "user": null, "language": "en-us", "thumbnail": "https://static01.nyt.com/images/misc/NYT_logo_rss_250x40.png"}, {"source": "https://rss.nytimes.com/services/xml/rss/nyt/HomePage.xml", "title": "Russia Bids to Rejoin U.N. Human Rights Council", "description": "The vote scheduled for Tuesday in the U.N. General Assembly could be close, in part because of Russia\u2019s support among some countries of the global south.", "link": "https://www.nytimes.com/2023/10/06/world/europe/russia-un-human-rights-council.html", "date_published": "2023-10-06T15:22:31+00:00", "bookmarked": false, "dead": null, "artist": "NYT > Top Stories", "album": "NYT > Top Stories", "user": null, "language": "en-us", "thumbnail": "https://static01.nyt.com/images/misc/NYT_logo_rss_250x40.png"}, {"source": "https://rss.nytimes.com/services/xml/rss/nyt/HomePage.xml", "title": "Russia Bids to Rejoin U.N. Human Rights Council", "description": "The vote scheduled for Tuesday in the U.N. General Assembly could be close, in part because of Russia\u2019s support among some countries of the global south.", "link": "https://www.nytimes.com/2023/10/06/world/europe/russia-bids-to-rejoin-un-human-rights-council.html", "date_published": "2023-10-06T15:22:30+00:00", "bookmarked": false, "dead": null, "artist": "NYT > Top Stories", "album": "NYT > Top Stories", "user": null, "language": "en-us", "thumbnail": "https://static01.nyt.com/images/misc/NYT_logo_rss_250x40.png"}, {"source": "https://rss.nytimes.com/services/xml/rss/nyt/HomePage.xml", "title": "Michael Lewis Doesn\u2019t Do Villains", "description": "With his new book about the crypto mogul Sam Bankman-Fried \u2014 and new questions about his old work \u2014 the famously charmed writer finds himself under a microscope.", "link": "https://www.nytimes.com/2023/10/06/business/michael-lewis-going-infinite.html", "date_published": "2023-10-06T15:18:53+00:00", "bookmarked": false, "dead": null, "artist": "NYT > Top Stories", "album": "NYT > Top Stories", "user": null, "language": "en-us", "thumbnail": "https://static01.nyt.com/images/misc/NYT_logo_rss_250x40.png"}, {"source": "https://rss.nytimes.com/services/xml/rss/nyt/HomePage.xml", "title": "I Was a Pop-Tarts Taste Tester", "description": "When my family was enlisted nearly 60 years ago, little did we suspect that the pastry would become a pop-culture phenomenon and inspire a Seinfeld movie.", "link": "https://www.nytimes.com/2023/10/06/dining/pop-tarts-taste-tester.html", "date_published": "2023-10-06T15:06:04+00:00", "bookmarked": false, "dead": null, "artist": "NYT > Top Stories", "album": "NYT > Top Stories", "user": null, "language": "en-us", "thumbnail": "https://static01.nyt.com/images/misc/NYT_logo_rss_250x40.png"}, {"source": "https://rss.nytimes.com/services/xml/rss/nyt/HomePage.xml", "title": "For Gaetz, Washington Drama Could Fuel Florida Ambitions", "description": "As rumors swirl about a 2026 bid for governor of Florida, Matt Gaetz said his only political goal was \u201celecting President Trump again.\u201d", "link": "https://www.nytimes.com/2023/10/06/us/politics/matt-gaetz-mccarthy-florida.html", "date_published": "2023-10-06T14:59:02+00:00", "bookmarked": false, "dead": null, "artist": "NYT > Top Stories", "album": "NYT > Top Stories", "user": null, "language": "en-us", "thumbnail": "https://static01.nyt.com/images/misc/NYT_logo_rss_250x40.png"}, {"source": "https://rss.nytimes.com/services/xml/rss/nyt/HomePage.xml", "title": "Drake Releases \u2018For All the Dogs\u2019 Album, With Assists From Bad Bunny and Kevin Durant", "description": "The album, which had been teased all summer and then delayed, also features appearances by SZA, 21 Savage and J. Cole, plus a surprise role for an NBA star.", "link": "https://www.nytimes.com/2023/10/06/arts/music/drake-for-all-the-dogs-album-release.html", "date_published": "2023-10-06T14:51:43+00:00", "bookmarked": false, "dead": null, "artist": "NYT > Top Stories", "album": "NYT > Top Stories", "user": null, "language": "en-us", "thumbnail": "https://static01.nyt.com/images/misc/NYT_logo_rss_250x40.png"}, {"source": "https://rss.nytimes.com/services/xml/rss/nyt/HomePage.xml", "title": "There\u2019s a New Beach in Manhattan. Just Don\u2019t Try to Swim There.", "description": "You can find sand, sun and Adirondack chairs along the Hudson River. New Yorkers in bathing suits are taking advantage of the still warm weather.", "link": "https://www.nytimes.com/2023/10/06/nyregion/manhattan-beach-hudson-river.html", "date_published": "2023-10-06T14:36:17+00:00", "bookmarked": false, "dead": null, "artist": "NYT > Top Stories", "album": "NYT > Top Stories", "user": null, "language": "en-us", "thumbnail": "https://static01.nyt.com/images/misc/NYT_logo_rss_250x40.png"}, {"source": "https://rss.nytimes.com/services/xml/rss/nyt/HomePage.xml", "title": "In Mexico, NYC Mayor Adams Praises Migrants and Tells them to Stop Coming", "description": "Mayor Eric Adams went to Latin America with two missions: to promote New York City and praise earlier immigrants, and to tell new immigrants about the misery that awaits them if they come.", "link": "https://www.nytimes.com/2023/10/06/nyregion/eric-adams-migrants-mexico.html", "date_published": "2023-10-06T14:06:59+00:00", "bookmarked": false, "dead": null, "artist": "NYT > Top Stories", "album": "NYT > Top Stories", "user": null, "language": "en-us", "thumbnail": "https://static01.nyt.com/images/misc/NYT_logo_rss_250x40.png"}, {"source": "https://rss.nytimes.com/services/xml/rss/nyt/HomePage.xml", "title": "Stocks Slip as Strong Jobs Report Pushes Bond Yields Higher", "description": "The report for September showed surprising strength in the economy, but that strength has become a cause for concern among investors.", "link": "https://www.nytimes.com/2023/10/06/business/stock-market-today.html", "date_published": "2023-10-06T13:50:04+00:00", "bookmarked": false, "dead": null, "artist": "NYT > Top Stories", "album": "NYT > Top Stories", "user": null, "language": "en-us", "thumbnail": "https://static01.nyt.com/images/misc/NYT_logo_rss_250x40.png"}, {"source": "https://rss.nytimes.com/services/xml/rss/nyt/HomePage.xml", "title": "Deadly India Flood Shows Danger Lurking in Melting Glaciers", "description": "A glacial lake\u2019s overflow swept away more than 100 people in the Himalayan state of Sikkim in India. Climate change is aggravating the threat of such phenomena.", "link": "https://www.nytimes.com/2023/10/06/world/asia/india-flood-sikkim-climate-change.html", "date_published": "2023-10-06T13:09:39+00:00", "bookmarked": false, "dead": null, "artist": "NYT > Top Stories", "album": "NYT > Top Stories", "user": null, "language": "en-us", "thumbnail": "https://static01.nyt.com/images/misc/NYT_logo_rss_250x40.png"}, {"source": "https://rss.nytimes.com/services/xml/rss/nyt/HomePage.xml", "title": "Jobs Gains Surge, Troubling News for the Federal Reserve", "description": "Federal Reserve officials are happy when the labor market looks strong, but they are trying to cool the economy down to fully wrangle inflation.", "link": "https://www.nytimes.com/2023/10/06/business/jobs-september-federal-reserve.html", "date_published": "2023-10-06T13:04:44+00:00", "bookmarked": false, "dead": null, "artist": "NYT > Top Stories", "album": "NYT > Top Stories", "user": null, "language": "en-us", "thumbnail": "https://static01.nyt.com/images/misc/NYT_logo_rss_250x40.png"}, {"source": "https://rss.nytimes.com/services/xml/rss/nyt/HomePage.xml", "title": "Exxon Mobil Reportedly Nears a Deal for Pioneer, a Shale Giant", "description": "Exxon Mobil is reportedly in talks to buy Pioneer Natural Resources, a major shale driller, in what would be the biggest takeover of the year.", "link": "https://www.nytimes.com/2023/10/06/business/dealbook/exxon-pioneer-deal.html", "date_published": "2023-10-06T11:53:14+00:00", "bookmarked": false, "dead": null, "artist": "NYT > Top Stories", "album": "NYT > Top Stories", "user": null, "language": "en-us", "thumbnail": "https://static01.nyt.com/images/misc/NYT_logo_rss_250x40.png"}, {"source": "https://rss.nytimes.com/services/xml/rss/nyt/HomePage.xml", "title": "Abe Lincoln and Kevin McCarthy", "description": "Refusing to listen to the other side of a debate doesn\u2019t have a very good record of success.", "link": "https://www.nytimes.com/2023/10/06/briefing/kevin-mccarthy.html", "date_published": "2023-10-06T10:24:18+00:00", "bookmarked": false, "dead": null, "artist": "NYT > Top Stories", "album": "NYT > Top Stories", "user": null, "language": "en-us", "thumbnail": "https://static01.nyt.com/images/misc/NYT_logo_rss_250x40.png"}, {"source": "https://rss.nytimes.com/services/xml/rss/nyt/HomePage.xml", "title": "Chaos or Conscience? A Republican Explains His Vote to Oust McCarthy.", "description": "Representative Tim Burchett of Tennessee talks about why he felt so betrayed.", "link": "https://www.nytimes.com/2023/10/06/podcasts/the-daily/mccarthy-burchett-republican.html", "date_published": "2023-10-06T10:00:05+00:00", "bookmarked": false, "dead": null, "artist": "NYT > Top Stories", "album": "NYT > Top Stories", "user": null, "language": "en-us", "thumbnail": "https://static01.nyt.com/images/misc/NYT_logo_rss_250x40.png"}, {"source": "https://rss.nytimes.com/services/xml/rss/nyt/HomePage.xml", "title": "Biden Will Continue Border Wall, and More", "description": "Plus, a Republican split on Ukraine aid and a lawsuit by female truck drivers.", "link": "https://www.nytimes.com/2023/10/06/podcasts/headlines-nyt-audio-app.html", "date_published": "2023-10-06T09:45:07+00:00", "bookmarked": false, "dead": null, "artist": "NYT > Top Stories", "album": "NYT > Top Stories", "user": null, "language": "en-us", "thumbnail": "https://static01.nyt.com/images/misc/NYT_logo_rss_250x40.png"}, {"source": "https://rss.nytimes.com/services/xml/rss/nyt/HomePage.xml", "title": "Strike Killed 1 in 6 of Ukraine Village\u2019s Residents, Officials Say", "description": "The population of Hroza, near Kharkiv, had dwindled to 300 before Thursday\u2019s strike, which hit people gathered for a memorial service.", "link": "https://www.nytimes.com/2023/10/06/world/europe/ukraine-hroza-kharkiv-attack-russia.html", "date_published": "2023-10-06T09:39:39+00:00", "bookmarked": false, "dead": null, "artist": "NYT > Top Stories", "album": "NYT > Top Stories", "user": null, "language": "en-us", "thumbnail": "https://static01.nyt.com/images/misc/NYT_logo_rss_250x40.png"}, {"source": "https://rss.nytimes.com/services/xml/rss/nyt/HomePage.xml", "title": "As Winter Looms, Venezuelan Migrant Surge Overwhelms Chicago", "description": "Police stations have become tent encampments. More than 800 migrants are sleeping at Chicago O\u2019Hare International Airport. City officials are scrambling.", "link": "https://www.nytimes.com/2023/10/06/us/chicago-migrants.html", "date_published": "2023-10-06T09:05:15+00:00", "bookmarked": false, "dead": null, "artist": "NYT > Top Stories", "album": "NYT > Top Stories", "user": null, "language": "en-us", "thumbnail": "https://static01.nyt.com/images/misc/NYT_logo_rss_250x40.png"}, {"source": "https://rss.nytimes.com/services/xml/rss/nyt/HomePage.xml", "title": "Google\u2019s Trial Heats Up + How to Wear A.I. + It\u2019s Our Birthday!", "description": "How long can Google hold on to its jackpot of business models?", "link": "https://www.nytimes.com/2023/10/06/podcasts/hard-fork-google-trial.html", "date_published": "2023-10-06T09:04:23+00:00", "bookmarked": false, "dead": null, "artist": "NYT > Top Stories", "album": "NYT > Top Stories", "user": null, "language": "en-us", "thumbnail": "https://static01.nyt.com/images/misc/NYT_logo_rss_250x40.png"}, {"source": "https://rss.nytimes.com/services/xml/rss/nyt/HomePage.xml", "title": "The Question of Joe Biden", "description": "As worried as many of us are about the president\u2019s chances, he is our best shot at beating Trump.", "link": "https://www.nytimes.com/2023/10/06/opinion/joe-biden-trump-election.html", "date_published": "2023-10-06T09:04:22+00:00", "bookmarked": false, "dead": null, "artist": "NYT > Top Stories", "album": "NYT > Top Stories", "user": null, "language": "en-us", "thumbnail": "https://static01.nyt.com/images/misc/NYT_logo_rss_250x40.png"}, {"source": "https://rss.nytimes.com/services/xml/rss/nyt/HomePage.xml", "title": "Rates Are Jumping on Wall Street. What Will It Do to Housing and the Economy?", "description": "A run-up in longer-term interest rates could help the Federal Reserve get the economic cool-down it wants \u2014 but it also risks a bumpy landing.", "link": "https://www.nytimes.com/2023/10/06/business/economy/higher-longer-term-interest-rates.html", "date_published": "2023-10-06T09:04:13+00:00", "bookmarked": false, "dead": null, "artist": "NYT > Top Stories", "album": "NYT > Top Stories", "user": null, "language": "en-us", "thumbnail": "https://static01.nyt.com/images/misc/NYT_logo_rss_250x40.png"}, {"source": "https://rss.nytimes.com/services/xml/rss/nyt/HomePage.xml", "title": "Trump\u2019s Fraud Trial and McCarthy\u2019s Ouster Show How Chaotic the GOP Has Become", "description": "A revolt in Congress. Insurgent candidacies in swing states. A likely nominee on trial. This week showed how the party has turned more insular, antagonistic and repellent to general-election voters.", "link": "https://www.nytimes.com/2023/10/06/us/politics/republicans-trump-mccarthy.html", "date_published": "2023-10-06T09:03:57+00:00", "bookmarked": false, "dead": null, "artist": "NYT > Top Stories", "album": "NYT > Top Stories", "user": null, "language": "en-us", "thumbnail": "https://static01.nyt.com/images/misc/NYT_logo_rss_250x40.png"}, {"source": "https://rss.nytimes.com/services/xml/rss/nyt/HomePage.xml", "title": "The Mystery of What Happened to a 9/11 Suspect\u2019s Sons", "description": "A psychologist working for the C.I.A. had threatened while interrogating Khalid Shaikh Mohammed to kill one of his preteen sons. But they were never in U.S. custody.", "link": "https://www.nytimes.com/2023/10/06/us/politics/guantanamo-prisoner-sons-torture.html", "date_published": "2023-10-06T09:03:52+00:00", "bookmarked": false, "dead": null, "artist": "NYT > Top Stories", "album": "NYT > Top Stories", "user": null, "language": "en-us", "thumbnail": "https://static01.nyt.com/images/misc/NYT_logo_rss_250x40.png"}, {"source": "https://rss.nytimes.com/services/xml/rss/nyt/HomePage.xml", "title": "Why I Keep Watching In-Flight Meltdowns", "description": "How the airplane became a viral sensation, the star of videos about questionable behavior \u2014 and the new backdrop for social disillusionment.", "link": "https://www.nytimes.com/2023/10/06/arts/airplanes-bad-behavior-fights.html", "date_published": "2023-10-06T09:03:37+00:00", "bookmarked": false, "dead": null, "artist": "NYT > Top Stories", "album": "NYT > Top Stories", "user": null, "language": "en-us", "thumbnail": "https://static01.nyt.com/images/misc/NYT_logo_rss_250x40.png"}, {"source": "https://rss.nytimes.com/services/xml/rss/nyt/HomePage.xml", "title": "Stateless Dominicans Live in Fear of Deportation", "description": "Ten years after a court order ruled that children of Haitian migrants in the Dominican Republic were not entitled to citizenship, many live in fear of arrest or expulsion.", "link": "https://www.nytimes.com/2023/10/06/world/americas/haiti-dominican-republic-deportation.html", "date_published": "2023-10-06T09:03:20+00:00", "bookmarked": false, "dead": null, "artist": "NYT > Top Stories", "album": "NYT > Top Stories", "user": null, "language": "en-us", "thumbnail": "https://static01.nyt.com/images/misc/NYT_logo_rss_250x40.png"}, {"source": "https://rss.nytimes.com/services/xml/rss/nyt/HomePage.xml", "title": "Rich Paul, N.B.A. Power Broker, Growing Up and Finding Peace", "description": "In a new memoir, Rich Paul, known to many for his long association with LeBron James, details his difficult upbringing and the valuable lessons it taught him.", "link": "https://www.nytimes.com/2023/10/06/business/rich-paul-nba-agent.html", "date_published": "2023-10-06T09:03:04+00:00", "bookmarked": false, "dead": null, "artist": "NYT > Top Stories", "album": "NYT > Top Stories", "user": null, "language": "en-us", "thumbnail": "https://static01.nyt.com/images/misc/NYT_logo_rss_250x40.png"}, {"source": "https://rss.nytimes.com/services/xml/rss/nyt/HomePage.xml", "title": "With Childhood Cancer, Survival Takes a Lifetime", "description": "Years after they overcame a diagnosis, patients are still living with their treatment\u2019s toll.", "link": "https://www.nytimes.com/2023/10/06/opinion/childhood-cancer-recovery.html", "date_published": "2023-10-06T09:01:24+00:00", "bookmarked": false, "dead": null, "artist": "NYT > Top Stories", "album": "NYT > Top Stories", "user": null, "language": "en-us", "thumbnail": "https://static01.nyt.com/images/misc/NYT_logo_rss_250x40.png"}, {"source": "https://rss.nytimes.com/services/xml/rss/nyt/HomePage.xml", "title": "Why Are Investors So Jittery?", "description": "There\u2019s unease on Wall Street, especially in the market for government bonds. The September jobs report could be pivotal.", "link": "https://www.nytimes.com/2023/10/06/business/economy/markets-bonds-yields.html", "date_published": "2023-10-06T08:50:08+00:00", "bookmarked": false, "dead": null, "artist": "NYT > Top Stories", "album": "NYT > Top Stories", "user": null, "language": "en-us", "thumbnail": "https://static01.nyt.com/images/misc/NYT_logo_rss_250x40.png"}, {"source": "https://rss.nytimes.com/services/xml/rss/nyt/HomePage.xml", "title": "Why the Jobs Report Might be Pivotal for a Jittery Stock Market", "description": "There\u2019s unease on Wall Street, especially in the market for government bonds. The September jobs report could be pivotal.", "link": "https://www.nytimes.com/2023/10/06/business/economy/stock-market-bonds-jobs-report.html", "date_published": "2023-10-06T08:50:08+00:00", "bookmarked": false, "dead": null, "artist": "NYT > Top Stories", "album": "NYT > Top Stories", "user": null, "language": "en-us", "thumbnail": "https://static01.nyt.com/images/misc/NYT_logo_rss_250x40.png"}, {"source": "https://rss.nytimes.com/services/xml/rss/nyt/HomePage.xml", "title": "New York\u2019s Right to Shelter Is Under Attack. Again.", "description": "The mayor is going to court over the city\u2019s unique decree guaranteeing a room to all New Yorkers. It is not the city\u2019s first time, with dozens of similar challenges over the past decades.", "link": "https://www.nytimes.com/2023/10/06/nyregion/nyc-right-to-shelter-migrants.html", "date_published": "2023-10-06T07:00:09+00:00", "bookmarked": false, "dead": null, "artist": "NYT > Top Stories", "album": "NYT > Top Stories", "user": null, "language": "en-us", "thumbnail": "https://static01.nyt.com/images/misc/NYT_logo_rss_250x40.png"}, {"source": "https://rss.nytimes.com/services/xml/rss/nyt/HomePage.xml", "title": "With \u2018Poisoning the Blood\u2019 Comment, Trump Escalates Anti-Immigrant Rhetoric", "description": "When asked about immigration in a recent interview, the former president used language with echoes of white supremacy and Hitler.", "link": "https://www.nytimes.com/2023/10/05/us/politics/trump-immigration-rhetoric.html", "date_published": "2023-10-06T02:37:41+00:00", "bookmarked": false, "dead": null, "artist": "NYT > Top Stories", "album": "NYT > Top Stories", "user": null, "language": "en-us", "thumbnail": "https://static01.nyt.com/images/misc/NYT_logo_rss_250x40.png"}, {"source": "https://rss.nytimes.com/services/xml/rss/nyt/HomePage.xml", "title": "Trump Drops Lawsuit Against Michael Cohen, His Former Fixer", "description": "The suit had been seen as an effort to silence Mr. Cohen, who is scheduled to testify against Mr. Trump in the civil fraud case brought by New York\u2019s attorney general.", "link": "https://www.nytimes.com/2023/10/05/nyregion/trump-michael-cohen-lawsuit-dropped.html", "date_published": "2023-10-06T02:15:12+00:00", "bookmarked": false, "dead": null, "artist": "NYT > Top Stories", "album": "NYT > Top Stories", "user": null, "language": "en-us", "thumbnail": "https://static01.nyt.com/images/misc/NYT_logo_rss_250x40.png"}, {"source": "https://rss.nytimes.com/services/xml/rss/nyt/HomePage.xml", "title": "Remembering Senator Dianne Feinstein: \u2018She Showed the Way\u2019", "description": "Women dominated the stage at a memorial on Thursday for Ms. Feinstein, who broke barriers, over and over.", "link": "https://www.nytimes.com/2023/10/05/us/politics/dianne-feinstein-memorial-san-francisco.html", "date_published": "2023-10-06T02:04:01+00:00", "bookmarked": false, "dead": null, "artist": "NYT > Top Stories", "album": "NYT > Top Stories", "user": null, "language": "en-us", "thumbnail": "https://static01.nyt.com/images/misc/NYT_logo_rss_250x40.png"}]