[{"source": "https://www.theverge.com/rss/index.xml", "title": "Today the FTX jury suffered through a code review", "description": "<figure>\n      <img alt=\"Photo illustration of Sam Bankman Fried on a background of a glitch style hundred dollar bill graphic.\" src=\"https://cdn.vox-cdn.com/thumbor/RNFL5Bx4pXwmOec3YoYVChl5S40=/0x0:2040x1360/1310x873/cdn.vox-cdn.com/uploads/chorus_image/image/72730020/236817_SBF_Trial_Stock_CVirginia_H.0.jpg\" />\n        <figcaption>What did Gary Wang commit? | Photo Illustration by Cath Virginia / The Verge</figcaption>\n    </figure>\n\n\n  \t\t <p>Gary Wang supervised the code that gave Alameda special privileges at FTX. But it\u2019s hard to conclude anyone but Sam Bankman-Fried gave the orders.</p>\n  <p>\n    <a href=\"https://www.theverge.com/2023/10/6/23906899/ftx-alameda-sam-bankman-fried-trial-gary-wang-testimony\">Continue reading&hellip;</a>\n  </p>", "link": "https://www.theverge.com/2023/10/6/23906899/ftx-alameda-sam-bankman-fried-trial-gary-wang-testimony", "date_published": "2023-10-06T22:21:46+00:00", "bookmarked": false, "dead": null, "artist": "The Verge", "album": "The Verge", "user": null, "language": "en-US", "thumbnail": null}, {"source": "https://www.theverge.com/rss/index.xml", "title": "The BBC is blocking OpenAI data scraping but is open to AI-powered journalism", "description": "<figure>\n      <img alt=\"BBC Logo Red 640\" src=\"https://cdn.vox-cdn.com/thumbor/QWgXzUH60f13pQ7xUH-NRULoTSU=/0x27:640x454/1310x873/cdn.vox-cdn.com/uploads/chorus_image/image/72729584/bbc_logo_red.0.jpg\" />\n        <figcaption>Image: BBC</figcaption>\n    </figure>\n\n  <p id=\"IcNW3r\">The BBC, the UK\u2019s largest news organization, laid out principles it plans to follow as it evaluates the use of generative AI \u2014 including for research and production of journalism, archival, and \u201cpersonalized experiences.\u201d</p>\n<p id=\"ZLS9iP\">In a <a href=\"https://www.bbc.co.uk/mediacentre/articles/2023/generative-ai-at-the-bbc/\">blog post</a>, BBC director of nations Rhodri Talfan Davies said the broadcaster believes the technology provides opportunities to deliver \u201cmore value to our audiences and society.\u201d </p>\n<p id=\"3gTI71\">The three guiding principles are that the BBC will always act in the public\u2019s best interests, prioritize talent and creativity by respecting the rights of artists, and be open and tran", "link": "https://www.theverge.com/2023/10/6/23906645/bbc-generative-ai-news-openai", "date_published": "2023-10-06T20:16:51+00:00", "bookmarked": false, "dead": null, "artist": "The Verge", "album": "The Verge", "user": null, "language": "en-US", "thumbnail": null}, {"source": "https://www.theverge.com/rss/index.xml", "title": "Podcasting\u2019s fallout continues", "description": "<figure>\n      <img alt=\"Repeating green microphones over a black background\" src=\"https://cdn.vox-cdn.com/thumbor/w730tjQpAq11pBBjgb1ySC6Ri4c=/0x0:2040x1360/1310x873/cdn.vox-cdn.com/uploads/chorus_image/image/72729579/VRG_Illo_STK427_K_Radtke_Getty_Mics_2.0.jpg\" />\n        <figcaption>Illustration by Kristen Radtke / The Verge; Getty Images</figcaption>\n    </figure>\n\n  <p id=\"RbEQB6\">The pain is not over yet for the podcast industry, with layoffs and cancellations continuing to pile up. Amrita covered the <a href=\"https://www.theverge.com/2023/10/5/23905644/canada-podcast-platform-registration-requirement\">WNYC layoffs yesterday</a>, which, thanks to negotiations between management and the union, were not as steep as initially expected (6 percent laid off versus 12 percent previously announced). Last week, Pushkin laid off another 30 percent of staff in its third round of cuts this year, with shakeups even targeting its C-suite. And live audio took another hit on Wednesday, with <a", "link": "https://www.theverge.com/2023/10/6/23906685/podcast-fallout-wnyc-pushkin-spotify-amazon-amp-kelce-swift", "date_published": "2023-10-06T20:15:00+00:00", "bookmarked": false, "dead": null, "artist": "The Verge", "album": "The Verge", "user": null, "language": "en-US", "thumbnail": null}, {"source": "https://www.theverge.com/rss/index.xml", "title": "The best price ever on Sharge\u2019s transparent batteries and retro Mac chargers", "description": "<figure>\n      <img alt=\"\" src=\"https://cdn.vox-cdn.com/thumbor/2AAhCOt5_sd-940zKgv2Llh4Eug=/86x0:2114x1352/1310x873/cdn.vox-cdn.com/uploads/chorus_image/image/72729382/sharge_chargers.0.jpg\" />\n        <figcaption><em>Sharge\u2019s transparent batteries and retro Mac charger.</em> | Image: Sharge</figcaption>\n    </figure>\n\n  <p id=\"5MhgGs\">Ever heard of Sharge? The company is arguably just as responsible <a href=\"https://www.theverge.com/23792961/nothing-phone-2-review-glyph-screen-battery-camera\">as Nothing</a> for <a href=\"https://www.theverge.com/23774468/clear-transparent-tech-gadgets-news-announcements-products\">bringing transparent gadgets back</a> \u2014 its see-through batteries swarmed social media and have inspired a wave of copycats. Less famously, it sells a kickass charger shaped like a classic Mac that offers 67 watts of USB-C PD charging across <em>three</em> ports despite its tiny frame.</p>\n<p id=\"zvIU9y\">They all tend to be pricey, but through October 11th, almost all of it", "link": "https://www.theverge.com/2023/10/6/23906552/sharge-sharegeek-storm-retro-mac-sale-best-price", "date_published": "2023-10-06T19:32:58+00:00", "bookmarked": false, "dead": null, "artist": "The Verge", "album": "The Verge", "user": null, "language": "en-US", "thumbnail": null}, {"source": "https://www.theverge.com/rss/index.xml", "title": "Lenovo exec promises 80 percent of its devices will be consumer-repairable by 2025", "description": "<figure>\n      <img alt=\"Lenovo\u2019s rollable laptop concept sitting on a desk with its screen fully extended.\" src=\"https://cdn.vox-cdn.com/thumbor/NBqyN1bec-wdqrMU5o0EEirMED0=/0x0:6240x4160/1310x873/cdn.vox-cdn.com/uploads/chorus_image/image/72728909/DSCF0016.0.jpeg\" />\n        <figcaption><a class=\"ql-link\" href=\"https://www.theverge.com/2023/2/26/23615842/lenovo-rollable-laptop-smartphone-prototype-concept\" target=\"_blank\"><em>Lenovo\u2019s rollable laptop concept.</em></a> | <em>Photo by Jon Porter / The Verge</em></figcaption>\n    </figure>\n\n  <p id=\"I689xH\">At first, Lenovo only seemed casually jealous of Framework\u2019s <a href=\"https://www.theverge.com/23725039/framework-laptop-13-2023-intel-review\">modular repairable laptops</a> \u2014 first, it sent <a href=\"https://www.theverge.com/2022/8/19/23312697/lenovo-framework-laptop-power-button-trademark-infringement\">a cease-and-desist over a Framework power button</a>, then it unveiled its own modular concept laptop dubbed <a href=\"https://www.", "link": "https://www.theverge.com/2023/10/6/23884108/lenovo-consumer-repair-pcs-serviceability-framework", "date_published": "2023-10-06T17:54:53+00:00", "bookmarked": false, "dead": null, "artist": "The Verge", "album": "The Verge", "user": null, "language": "en-US", "thumbnail": null}, {"source": "https://www.theverge.com/rss/index.xml", "title": "Castlevania: Nocturne is coming back for a second season", "description": "<figure>\n      <img alt=\"A man in a tall blue and white coat brandishing a golden blade towards the viewer.\" src=\"https://cdn.vox-cdn.com/thumbor/lMooZ3cTN7HcudNX11Q0XvoBYV8=/150x0:1770x1080/1310x873/cdn.vox-cdn.com/uploads/chorus_image/image/72728488/Castlevania___Nocturne___Trailer___12.0.jpeg\" />\n        <figcaption>Richter Belmont. | Netflix</figcaption>\n    </figure>\n\n  <p id=\"1eyaeg\"><a href=\"https://www.theverge.com/23891310/netflix-castlevania-nocturne-review-konami-animated\"><em>Castlevania: Nocturne</em></a>\u2019s season 1 finale made it crystal clear that there was even more to Richter Belmont\u2019s story still waiting to be told. But just in case there was any doubt that Netflix planned to bring the show back, the streamer\u2019s already teasing what\u2019s coming next.</p>\n<p id=\"Bic3mF\">Along with a brief teaser video featuring production footage from the series, Netflix announced today that <em>Castlevania: Nocturne </em>will return for a second season following the adventures of Richte", "link": "https://www.theverge.com/23906342/castlevania-nocturne-season-2", "date_published": "2023-10-06T16:43:22+00:00", "bookmarked": false, "dead": null, "artist": "The Verge", "album": "The Verge", "user": null, "language": "en-US", "thumbnail": null}, {"source": "https://www.theverge.com/rss/index.xml", "title": "EV buyers will get an instant rebate of as much as $7,500 starting in 2024", "description": "<figure>\n      <img alt=\"KIA dealership\" src=\"https://cdn.vox-cdn.com/thumbor/x9zsfvxyQPqpyNormiiY3Y16mRw=/4x0:4924x3280/1310x873/cdn.vox-cdn.com/uploads/chorus_image/image/72728356/1532640345.0.jpg\" />\n        <figcaption>Image: Getty Images</figcaption>\n    </figure>\n\n  <p id=\"hWpJwy\">The Treasury Department released <a href=\"https://www.irs.gov/newsroom/irs-issues-guidance-for-the-transfer-of-clean-vehicle-credits-and-updates-frequently-asked-questions\">new guidance</a> Friday outlining how car dealers can give customers instant access to the electric vehicle rebate starting in January 2024. It\u2019s the latest move by the Biden administration to bring down the cost of EVs in the hopes that more people will buy them. </p>\n<p id=\"uCLYQZ\">The new guidance lays out how dealers can effectively reduce the price of an EV by as much as $7,500 at the point of purchase rather than the customer having to wait until they file their taxes to claim the credit. </p>\n<p id=\"gE7j7Z\">The administratio", "link": "https://www.theverge.com/2023/10/6/23906238/ev-tax-credit-instant-rebate-dealership-irs-guidance", "date_published": "2023-10-06T16:14:44+00:00", "bookmarked": false, "dead": null, "artist": "The Verge", "album": "The Verge", "user": null, "language": "en-US", "thumbnail": null}, {"source": "https://www.theverge.com/rss/index.xml", "title": "Google\u2019s seven-year Pixel update promise is historic \u2014 or meaningless", "description": "<figure>\n      <img alt=\"Close-up of the Pixel 8\u2019s rear camera bar.\" src=\"https://cdn.vox-cdn.com/thumbor/uKE4sUXbg_I3F0qjyo8LTr-g4hs=/0x0:2040x1360/1310x873/cdn.vox-cdn.com/uploads/chorus_image/image/72728167/236823_Pixel_8_8Pro_Watch2_VPavic_0011.0.jpg\" />\n        <figcaption>Photo by Vjeran Pavic / The Verge</figcaption>\n    </figure>\n\n  <p id=\"khVpP4\">I can\u2019t believe Google finally did it. I\u2019m still in disbelief. <a href=\"https://www.theverge.com/2023/10/4/23899900/google-pixel-8-pro-android-updates-7-years-security-features\">An Android phone with seven years of updates</a> \u2014 not security patches, but real OS and feature updates? It\u2019s unheard of. It\u2019s historic. </p>\n<p id=\"zZzF5k\">It\u2019s the opposite of what we\u2019ve come to expect from Google over the past decade and change \u2014 so many great smartphone features sadly left locked away because of <a href=\"https://www.theverge.com/2011/10/27/2519359/android-software-fragmentation-visualized-back-to\">Android fragmentation</a>, so many prod", "link": "https://www.theverge.com/23904092/google-pixel-update-seven-years-editorial", "date_published": "2023-10-06T15:35:00+00:00", "bookmarked": false, "dead": null, "artist": "The Verge", "album": "The Verge", "user": null, "language": "en-US", "thumbnail": null}, {"source": "https://www.theverge.com/rss/index.xml", "title": "The Pixel Watch 2\u2019s switch to pin charging highlights wearable design challenges", "description": "<figure>\n      <img alt=\"Sensor array on the Pixel Watch 2\" src=\"https://cdn.vox-cdn.com/thumbor/GNWZMZA44ZjgrT_psyCHCxmWrQ4=/0x0:2040x1360/1310x873/cdn.vox-cdn.com/uploads/chorus_image/image/72728139/236823_Pixel_8_8Pro_Watch2_VPavic_0008.0.jpg\" />\n        <figcaption><em>There\u2019s contact pin charging now. </em> | Photo by Vjeran Pavic / The Verge</figcaption>\n    </figure>\n\n  <p id=\"mgQYR5\">Unlike the smooth puck used with the first-gen Pixel Watch, Google\u2019s new Pixel Watch 2 has switched to a charger with pogo pins \u2014 a design used by Fitbit on all of its fitness trackers and smartwatches. Complicating matters, it also looks like first-gen Pixel Watch cases aren\u2019t compatible with the new watch, either. All this can be frustrating from a user standpoint, but it highlights why smartwatches and wearables will rely on proprietary accessories for a good long while.</p>\n<p id=\"IdWo08\">Switching to pogo pin charging might seem like a step back, but it\u2019s a functional choice. With the Pixel ", "link": "https://www.theverge.com/2023/10/6/23906028/google-pixel-watch-2-wireless-charging-smartwatch", "date_published": "2023-10-06T15:31:47+00:00", "bookmarked": false, "dead": null, "artist": "The Verge", "album": "The Verge", "user": null, "language": "en-US", "thumbnail": null}, {"source": "https://www.theverge.com/rss/index.xml", "title": "How to use the new Messages features in iOS 17", "description": "<figure>\n      <img alt=\"iPhone lock screen\" src=\"https://cdn.vox-cdn.com/thumbor/TiDF4jtnIuKgFsXdnxO7yLunmAU=/0x0:2040x1360/1310x873/cdn.vox-cdn.com/uploads/chorus_image/image/72728080/HT015_S_Haddad_ios_iphone_14_03.0.jpg\" />\n        <figcaption>Illustration by Samar Haddad / The Verge</figcaption>\n    </figure>\n\n  <p id=\"Dhe3QE\">iOS 17 is <a href=\"https://www.theverge.com/2023/9/18/23875703/apple-ios-17-ipados-17-now-available-iphone-ipad\">available now</a> and <a href=\"https://www.theverge.com/23878612/ios-17-iphone-install-update-how-to\">ready to install</a> if you\u2019ve got an iPhone released in the last five years \u2014 and as usual, Apple has added upgrades and new features to its iOS apps as well as to the mobile operating system itself.</p>\n<p id=\"2ofBUL\">Here, we\u2019ll show you what you can now do in Messages using iOS 17 that you couldn\u2019t do before. There are several new features that you\u2019re likely to find useful, while a few existing features have been reorganized and improved upo", "link": "https://www.theverge.com/23906072/apple-ios-17-iphone-messages-how-to", "date_published": "2023-10-06T15:23:22+00:00", "bookmarked": false, "dead": null, "artist": "The Verge", "album": "The Verge", "user": null, "language": "en-US", "thumbnail": null}, {"source": "https://www.theverge.com/rss/index.xml", "title": "Microsoft launches new web app store for Windows", "description": "<figure>\n      <img alt=\"Microsoft Edge running on a Surface Laptop Studio 2\" src=\"https://cdn.vox-cdn.com/thumbor/o2YdbWpzZuVwLaCEsaRGJLaCr8E=/0x0:2040x1360/1310x873/cdn.vox-cdn.com/uploads/chorus_image/image/72728035/236818_Surface_Laptop_Studio_2_AKrales_0080.0.jpg\" />\n        <figcaption>Photo by Amelia Holowaty Krales / The Verge</figcaption>\n    </figure>\n\n  <p id=\"KgR2o8\">Microsoft has launched a new web version of its app store for Windows. It\u2019s designed as a replacement for the existing way to find Windows apps on the web, with links from the site opening in the Microsoft Store client on Windows 10 or Windows 11. </p>\n<p id=\"H37N0W\">The software giant has ditched its old React codebase from its previous web version of the Microsoft Store and replaced it with a modern web version that uses Shoelace, Lit, Vite, and a C# ASPNET backend.</p>\n<p id=\"MQuZGb\">\u201cThe old site was a React codebase built on an obsoleted UI framework,\u201d explains Microsoft engineer Judah Gabriel in a <a hr", "link": "https://www.theverge.com/2023/10/6/23906082/microsoft-windows-app-store-web-version-launch", "date_published": "2023-10-06T15:13:06+00:00", "bookmarked": false, "dead": null, "artist": "The Verge", "album": "The Verge", "user": null, "language": "en-US", "thumbnail": null}, {"source": "https://www.theverge.com/rss/index.xml", "title": "Yale Assure Lock 2 review: almost perfect", "description": "<p>Yale\u2019s latest smart locks offer something for everyone: Apple Home Key, a fingerprint reader, and compatibility with every platform. You just can\u2019t have it all. (And there\u2019s <em>still</em> no support for Thread or Matter.)</p>\n  <p>\n    <a href=\"https://www.theverge.com/23367464/yale-assure-lock-2-touchscreen-keypad-wifi-review\">Continue reading&hellip;</a>\n  </p>", "link": "https://www.theverge.com/23367464/yale-assure-lock-2-touchscreen-keypad-wifi-review", "date_published": "2023-10-06T14:00:28+00:00", "bookmarked": false, "dead": null, "artist": "The Verge", "album": "The Verge", "user": null, "language": "en-US", "thumbnail": null}, {"source": "https://www.theverge.com/rss/index.xml", "title": "Mark Hamill explains space in new video series for State Department", "description": "<figure>\n      <img alt=\"Mark Hamill in a screenshot from the State Department video series on space\" src=\"https://cdn.vox-cdn.com/thumbor/stilE2YVpRpGlZmjkGhGj4xYtq8=/257x0:2612x1570/1310x873/cdn.vox-cdn.com/uploads/chorus_image/image/72727751/image.0.png\" />\n        <figcaption><em>God bless Mark Hamill and his willingness to still say this after nearly 50 years. </em> | Image: State Department / Screenshot</figcaption>\n    </figure>\n\n  <p id=\"Neo0KP\">The first thing we see is the planet Earth, floating in space like the beautiful marble it is before plunging through a wormhole and racing across space. We emerge in a well-lit California living room in front of an older man with a graying goatee and a familiar voice. </p>\n<p id=\"7ecFfv\">\u201cHello, I\u2019m Mark Hamill,\u201d he says. \u201cThe guy who played \u2018Luke\u2019 in all those <em>Star Wars</em> movies.\u201d</p>\n<p id=\"JmrmER\">As if we needed to be reminded. Hamill is lending his famous face and voice to the US State Department for a series of videos ab", "link": "https://www.theverge.com/2023/10/6/23903477/mark-hamill-state-department-videos-iss-star-wars-luke-skywalker", "date_published": "2023-10-06T14:00:00+00:00", "bookmarked": false, "dead": null, "artist": "The Verge", "album": "The Verge", "user": null, "language": "en-US", "thumbnail": null}, {"source": "https://www.theverge.com/rss/index.xml", "title": "The Verge\u2019s favorite tools to stay organized", "description": "<figure>\n      <img alt=\"A phone showing Google Tasks on the screen\" src=\"https://cdn.vox-cdn.com/thumbor/c263p6iMzU3c0rtnGl058aqfK9A=/0x0:2040x1360/1310x873/cdn.vox-cdn.com/uploads/chorus_image/image/72727746/akrales_180426_2511_0021.0.jpg\" />\n        <figcaption>Photo by Amelia Holowaty Krales / The Verge</figcaption>\n    </figure>\n\n  <p id=\"J6gNu7\">Life these days can be very complicated, and many of us \u2014 I\u2019d guess that most of us \u2014 are constantly looking for the best method to keep our lives in order. What do you need on your grocery list? When is that work project due, and who is working on it with you? A friend wants to do a movie-watching session, but is that the same day you promised your parents to help clean the garage? Which bills are due, and can you afford to pay them all? Where is that article about which masks to wear? And on and on.</p>\n<p id=\"wlJzbE\">So we\u2019ve asked the staff of <em>The Verge</em> what they use to keep track of all their appointments, tasks, projects,", "link": "https://www.theverge.com/23904502/organize-tools-journal-notes-apps", "date_published": "2023-10-06T14:00:00+00:00", "bookmarked": false, "dead": null, "artist": "The Verge", "album": "The Verge", "user": null, "language": "en-US", "thumbnail": null}, {"source": "https://www.theverge.com/rss/index.xml", "title": "Google\u2019s Pixel 8 launch was a parade of AI", "description": "<figure>\n      <img alt=\"A pile of five Pixel 8 devices.\" src=\"https://cdn.vox-cdn.com/thumbor/MtbT1YI4vPnOaw7zmdb0lmo7N4s=/0x0:2040x1360/1310x873/cdn.vox-cdn.com/uploads/chorus_image/image/72727598/236823_Pixel_8_8Pro_Watch2_VPavic_0003.0.jpg\" />\n        <figcaption><em>A pile of new Pixel 8 devices.</em> | Photo by Vjeran Pavic / The Verge</figcaption>\n    </figure>\n\n  <p id=\"dfvFdQ\">I don\u2019t know if you\u2019ve heard, but Google\u2019s latest products are filled with AI. There\u2019s <a href=\"https://blog.google/products/pixel/google-pixel-8-pro/#:~:text=Magic%20Editor%20in%20Google%20Photos%20is%20a%20new%20experimental%20editing%20experience%20that%20uses%20generative%20AI%20to%20help%20you%20bring%20your%20photos%20in%20line%20with%20the%20essence%20of%20the%20moment%20you%20were%20trying%20to%20capture.%20You%20can%20reposition%20and%20resize%20subjects%20or%20use%20presets%20to%20make%20the%20background%20pop%20%E2%80%94%20all%20with%20just%20a%20few%20taps.\">Magic Editor</a>, a photo editin", "link": "https://www.theverge.com/2023/10/6/23905985/google-pixel-8-launch-artificial-intelligence-ai-hype-parade", "date_published": "2023-10-06T13:30:00+00:00", "bookmarked": false, "dead": null, "artist": "The Verge", "album": "The Verge", "user": null, "language": "en-US", "thumbnail": null}, {"source": "https://www.theverge.com/rss/index.xml", "title": "X is testing new paid membership tiers to compensate for poor ad revenue", "description": "<figure>\n      <img alt=\"An image showing the X logo\" src=\"https://cdn.vox-cdn.com/thumbor/sDJO7y8UwsRHODVl9c4HV4nzZq4=/1x0:3001x2000/1310x873/cdn.vox-cdn.com/uploads/chorus_image/image/72727404/STK160_X_Twitter_005.0.jpg\" />\n        <figcaption><em>The free membership plan may soon be removed entirely.</em> | Illustration: The Verge</figcaption>\n    </figure>\n\n  <p id=\"Lml7rH\">X (formerly Twitter) is looking to split its premium subscription service into three membership tiers, allowing the company to vary subscription pricing based on how many ads are shown to the user. <a href=\"https://www.bloomberg.com/news/articles/2023-10-05/x-tells-bankers-that-advertisers-are-back-but-spending-less?leadSource=uverify%20wall&amp;sref=ExbtjcSG\">According to <em>Bloomberg</em>\u2019s source</a> who attended a Thursday call with X and debt holders that helped Musk finance the acquisition, the company is currently testing Basic, Standard, and Plus variations of the existing premium plan, which currentl", "link": "https://www.theverge.com/2023/10/6/23906000/x-twitter-new-paid-membership-tiers-ad-revenue", "date_published": "2023-10-06T12:48:07+00:00", "bookmarked": false, "dead": null, "artist": "The Verge", "album": "The Verge", "user": null, "language": "en-US", "thumbnail": null}, {"source": "https://www.theverge.com/rss/index.xml", "title": "Save $65 on Google\u2019s Pixel Buds Pro ahead of their big software updates", "description": "<figure>\n      <img alt=\"Google\u2019s Pixel Buds Pro earbuds, in yellow lemongrass color, resting at the foot of their white charging case on a tabletop.\" src=\"https://cdn.vox-cdn.com/thumbor/u2AXRhZUIMT_n82MoK-uD022WX0=/0x0:2040x1360/1310x873/cdn.vox-cdn.com/uploads/chorus_image/image/72727381/DSCF8502.0.jpg\" />\n        <figcaption><em>The Pixel Buds Pro will be getting software updates with new features over the next few weeks.</em> | Photo by Chris Welch / The Verge</figcaption>\n    </figure>\n\n  <p id=\"8DNfBC\">It\u2019s been a week of Google news, both on the <a href=\"https://www.theverge.com/23902026/google-pixel-8-launch-event-biggest-announcements-watch-buds-pro\">announcement stage</a> and even <a href=\"https://www.theverge.com/23869483/us-v-google-search-antitrust-case-updates\">in the courtroom</a>. While the <a href=\"https://www.theverge.com/23902229/google-pixel-8-hands-on-specs-price-release-date\">Pixel 8</a> and <a href=\"https://www.theverge.com/23900556/google-pixel-8-pro-hands-on", "link": "https://www.theverge.com/2023/10/6/23904491/google-pixel-buds-pro-nest-doorbell-floodlight-apple-watch-se-deal-sale", "date_published": "2023-10-06T12:30:00+00:00", "bookmarked": false, "dead": null, "artist": "The Verge", "album": "The Verge", "user": null, "language": "en-US", "thumbnail": null}, {"source": "https://www.theverge.com/rss/index.xml", "title": "Google\u2019s Magnifier accessibility app is ready for download to Pixel phones", "description": "<figure>\n      <img alt=\"Three phones displaying the Magnifier app for Google Pixel phones.\" src=\"https://cdn.vox-cdn.com/thumbor/F77Zn_ytY3UIfiMo3z3RUwD0fZs=/0x0:3000x2000/1310x873/cdn.vox-cdn.com/uploads/chorus_image/image/72727069/Google_Pixel_Magnifier.0.jpg\" />\n        <figcaption><em>Magnifier includes some additional accessibility benefits that go beyond simply zooming into distant text.</em> | Image: Google</figcaption>\n    </figure>\n\n  <p id=\"X7Bwq6\">Google has released its Magnifier app for Pixel phones that\u2019s designed to make small, dimly lit, or distant text easier to read. The new accessibility app debuted on the <a href=\"https://www.theverge.com/23902229/google-pixel-8-hands-on-specs-price-release-date\">Pixel 8 series</a> introduced at <a href=\"https://www.theverge.com/2023/10/4/23895660/google-pixel-8-event-news-roundup\">Google\u2019s Pixel event earlier this week</a>, and allows users to \u201cmagnify small text, see object details, or zoom in on faraway text like street signs ", "link": "https://www.theverge.com/2023/10/6/23905966/google-pixel-magnifier-accessibility-app-zoom-release-date", "date_published": "2023-10-06T10:07:30+00:00", "bookmarked": false, "dead": null, "artist": "The Verge", "album": "The Verge", "user": null, "language": "en-US", "thumbnail": null}, {"source": "https://www.theverge.com/rss/index.xml", "title": "Microsoft\u00a0eyes closing its giant Activision Blizzard deal next week", "description": "<figure>\n      <img alt=\"An illustration of the Xbox logo.\" src=\"https://cdn.vox-cdn.com/thumbor/8zSjgdneJ1pZd1DIFQ6gqDR5aqc=/0x0:3000x2000/1310x873/cdn.vox-cdn.com/uploads/chorus_image/image/72727055/acastro_STK048_04.0.jpg\" />\n        <figcaption>Illustration by Alex Castro / The Verge</figcaption>\n    </figure>\n\n  <p id=\"aBoBHm\">Microsoft is planning to finalize its $68.7 billion proposed acquisition of Activision Blizzard next week. A source familiar with Microsoft\u2019s plans tells <em>The Verge </em>that the company is eyeing up Friday October 13th as the closing date where it announces to the world that the 20-month process to buy <em>Call of Duty </em>maker Activision Blizzard is over.</p>\n<p id=\"Cml9kL\">That date will still depend on the UK\u2019s Competition and Markets Authority though, a regulator that blocked Microsoft\u2019s deal earlier this year. Microsoft recently <a href=\"https://www.theverge.com/2023/8/22/23828302/microsoft-activision-blizzard-acquisition-ubisoft-cloud-gaming-ri", "link": "https://www.theverge.com/2023/10/6/23905946/microsoft-activision-blizzard-deal-finalization-timing-cma", "date_published": "2023-10-06T10:00:05+00:00", "bookmarked": false, "dead": null, "artist": "The Verge", "album": "The Verge", "user": null, "language": "en-US", "thumbnail": null}, {"source": "https://www.theverge.com/rss/index.xml", "title": "Silent Hill: Ascension premieres on Halloween", "description": "<figure>\n      <img alt=\"Two figures walk across a frozen lake with a demonic presence underneath.\" src=\"https://cdn.vox-cdn.com/thumbor/CM5QC_iQR8iXjqscJTV5_md9HtE=/0x0:1080x720/1310x873/cdn.vox-cdn.com/uploads/chorus_image/image/72726948/maxresdefault__2_.0.jpg\" />\n        <figcaption>Image: Genvid</figcaption>\n    </figure>\n\n  <p id=\"3jglbm\"><em>Silent Hill: Ascension</em>, the interactive streaming series set in the universe of the classic horror games, will have its \u201cworld premiere\u201d on October 31st at 9PM ET, says <a href=\"https://twitter.com/SHAscension/status/1710060757134586347\">Jacob Navok</a>, the game\u2019s executive producer and CEO of developer Genvid. If you want to take part you\u2019ll be able to participate through <em>Ascension</em>\u2019s <a href=\"https://apps.apple.com/us/app/silent-hill-ascension/id6468639920\">iOS</a> and <a href=\"https://play.google.com/store/apps/details?id=com.genvid.shascension&amp;hl=en_US\">Android</a> apps, or by visiting <a href=\"https://ascension.com/\"", "link": "https://www.theverge.com/2023/10/6/23905933/silent-hill-ascension-release-date-october-31st-halloween", "date_published": "2023-10-06T08:33:02+00:00", "bookmarked": false, "dead": null, "artist": "The Verge", "album": "The Verge", "user": null, "language": "en-US", "thumbnail": null}, {"source": "https://www.theverge.com/rss/index.xml", "title": "Was Sam Bankman-Fried\u2019s bean bag chair a lie too?", "description": "<figure>\n      <img alt=\"Photo illustration of Sam Bankman-Fried on a graphic background of currency symbols and arrows.\" src=\"https://cdn.vox-cdn.com/thumbor/i3chxcTPvTjtdSXqYA4xi1Cb9AQ=/0x0:2040x1360/1310x873/cdn.vox-cdn.com/uploads/chorus_image/image/72726363/236817_SBF_Trial_Stock_CVirginia_C.0.jpg\" />\n        <figcaption>Choose your college roommates carefully... | Photo illustration by Cath Virginia / The Verge | Photo by Drew Angerer, Getty Images</figcaption>\n    </figure>\n\n\n  \t\t <p>Two of Bankman-Fried\u2019s MIT roommates make a damning case for the prosecution.</p>\n  <p>\n    <a href=\"https://www.theverge.com/2023/10/5/23905665/sam-bankman-fried-fraud-trial-wang-yedidia-testimony\">Continue reading&hellip;</a>\n  </p>", "link": "https://www.theverge.com/2023/10/5/23905665/sam-bankman-fried-fraud-trial-wang-yedidia-testimony", "date_published": "2023-10-06T00:29:22+00:00", "bookmarked": false, "dead": null, "artist": "The Verge", "album": "The Verge", "user": null, "language": "en-US", "thumbnail": null}]