[{"source": "https://www.youtube.com/feeds/videos.xml?channel_id=UCDvZTWvHZPTxJ4K1yTD2a1g", "title": "Duel of the Titans \u2013 unreal diorama / 12 months work / 70 kg of clear resin / Warhammer", "description": "Head to https://squarespace.com/squidmar to save 10% off your first purchase of a website or domain using code squidmar\n\nThis video is the ultimate compilation of all the work we put in to the Warlord Titan diorama featuring 2 warhammer warlord titans from forgeworld. We spent over 8 months working on this beast and we're so happy to finally be done with it!\n\n________________________\n\nGrab the brand spanking new Squidmar Airbrush - H&amp;S Ultra while you can: https://harder-airbrush.net/products/squidmar-ultra-2024?sca_ref=4445841.N2Xdu4mHZE\n________________________\n\n\ud83c\udfc6 Support me on Patreon: https://www.patreon.com/squidmarminiatures \n\ud83d\udc4d Squidmars website for full list of gear I use: https://www.squidmar.com/gear  \n\ud83d\udc55 Order Squidmar Merch: https://teespring.com/stores/squidmarminiatures\n\n__________________________\n\n\ud83d\udd8c\ufe0fEU/UK hobby store affiliate - Reference code for extra store credit: EMI7383 \nhttps://elementgames.co.uk/paints-hobby-and-scenery/element-essentials/egaps/squidmar-miniat", "link": "https://www.youtube.com/watch?v=xV3QKhGscTI", "date_published": "2023-10-06T14:53:04+00:00", "bookmarked": false, "dead": null, "artist": "Squidmar Miniatures", "album": "Squidmar Miniatures", "user": null, "language": "en-US", "thumbnail": "https://i1.ytimg.com/vi/xV3QKhGscTI/hqdefault.jpg"}]