[{"source": "https://www.youtube.com/feeds/videos.xml?channel_id=UCEq_Dr1GHvnNPQNfgOzhZ8Q", "title": "Doctor Doom Takes Charge", "description": "Spider-Man faces off against Doctor Doom as he claims the entire world for himself. Of course these videos would start getting political\u2026 boo!\n\n10% Gamer Supps (Code: SOLID) \u25bc\nhttps://gamersupps.gg/SOLID\n\nSecond channel: @Solidusjj   \nPatreon: https://patreon.com/solidjj\nBadTakeDelete Discord: https://discord.gg/X5ttfJR6es", "link": "https://www.youtube.com/watch?v=nQlaLoGU3pY", "date_published": "2023-10-06T19:11:18+00:00", "bookmarked": false, "dead": null, "artist": "Solid jj", "album": "Solid jj", "user": null, "language": "en-US", "thumbnail": "https://i3.ytimg.com/vi/nQlaLoGU3pY/hqdefault.jpg"}]