[{"source": "https://www.youtube.com/feeds/videos.xml?channel_id=UCswH8ovgUp5Bdg-0_JTYFNw", "title": "This Is What They Planned All Along", "description": "Go to http://stickermule.com/russell for FREE STICKERS\n\nGeorge W. Bush Is Building a Memorial to the War on Terror. He Wants Your Feedback. Over 4.5 million people will not be submitting comments because they are dead.\n\nWATCH THE FULL UNCUT VIDEO HERE: https://rumble.com/v3new2p-this-is-what-they-planned-all-along.html\n\nSupport Me Directly HERE: https://rb.rumble.com\n\nWATCH me LIVE weekdays on Rumble: https://bit.ly/russellbrand-rumble", "link": "https://www.youtube.com/watch?v=hEn13LgMnC4", "date_published": "2023-10-06T17:38:29+00:00", "bookmarked": false, "dead": null, "artist": "Russel Brand", "album": "Russel Brand", "user": null, "language": "en-US", "thumbnail": "https://i1.ytimg.com/vi/hEn13LgMnC4/hqdefault.jpg"}, {"source": "https://www.youtube.com/feeds/videos.xml?channel_id=UCswH8ovgUp5Bdg-0_JTYFNw", "title": "\u201cTHEY\u2019LL SHUT YOU DOWN!\u201d - Dr John Campbell On Vaccines, Big Pharma & WHO Treaty - #218 PREVIEW", "description": "Join us here for a PREVIEW of our daily one-hour RUMBLE show.\nTo continue watching the show in full, join me exclusively over on RUMBLE:\nhttps://bit.ly/StayFree-218-Dr-Campbell\n\nGrab a limited-edition sticker pack here: https://www.stickermule.com/russell\n\nTODAY - Chrystia Freeland & Hillary Clinton say Ukrainians are dying right now so that NATO can send a message to China. In \u2018Here\u2019s The News\u2019, George W. Bush is building a memorial to the War on Terror and he wants your feedback! Over 4.5 million people will not be submitting comments though\u2026 because they\u2019re dead. Plus, our guest is Dr John Campbell on the truth behind the WHO\u2019s Pandemic Treaty, will AI be used for control? And concern over elites dominating our food sources.\n\n--------------------------------------------------------------------------------------------------------------------------\n\nFOLLOW and WATCH me LIVE weekdays on Rumble https://rumble.com/russellbrand\n5:00PM BST | 12:00 PM EST | 9:00AM PST\n\nSupport this channe", "link": "https://www.youtube.com/watch?v=oLjNhe7kIUg", "date_published": "2023-10-06T12:17:13+00:00", "bookmarked": false, "dead": null, "artist": "Russel Brand", "album": "Russel Brand", "user": null, "language": "en-US", "thumbnail": "https://i4.ytimg.com/vi/oLjNhe7kIUg/hqdefault.jpg"}]