[{"source": "https://www.youtube.com/feeds/videos.xml?channel_id=UCme4ZOv65uzGADXuvtHkSvA", "title": "Ksi\u0119ga Jeremiasza || Rozdzia\u0142 15", "description": "Przeczytajmy razem ca\u0142e Pismo \u015awi\u0119te! Od 1 pa\u017adziernika 2020 czytamy Pismo \u015awi\u0119te, codziennie 1 rozdzia\u0142 \u017cyciodajnego S\u0141OWA BOGA.\nWykorzystano Najnowszy przek\u0142ad Pisma \u015awi\u0119tego z komentarzem opracowany przez Zesp\u00f3\u0142 Biblist\u00f3w Polskich z inicjatywy Towarzystwa \u015awi\u0119tego Paw\u0142a (Edycja \u015awi\u0119tego Paw\u0142a). Pierwszy przek\u0142ad w trzecim tysi\u0105cleciu.\n\n________________________________________\nAudiobooka znajdziecie tu \u2661\n\u27a1  https://bit.ly/nowennapompejanska\nDost\u0119pny tak\u017ce w zestawie z Audiobookiem \"Jak si\u0119 modli\u0107\"\n\u27a1 https://bit.ly/nowennaijaksi\u0119modlic\n________________________________________\nKsi\u0105\u017ck\u0119 \"Jak si\u0119 modli\u0107?\" znajdziecie tu:\n\u2192 https://langustanapalmie.pl/produkt/jaksiemodlic/\n\nKsi\u0105\u017cka jest cegie\u0142k\u0105 i ca\u0142y doch\u00f3d ze sprzeda\u017cy jest przeznaczony na dzia\u0142alno\u015b\u0107 Niez\u0142ej Fundacji zajmuj\u0105cej si\u0119 dzie\u0142ami Langusty Na Palmie.\n________________________________________\nAby nas wesprze\u0107 kliknij tu \n\u2192 https://patronite.pl/langustanapalmie\n\u2192 http://bit.ly/Subskrybuj_Languste\n\n\u2661 Historie pot\u0142uczone\nSpreake", "link": "https://www.youtube.com/watch?v=r7Mf728KZ8s", "date_published": "2023-10-06T22:00:26+00:00", "bookmarked": false, "dead": null, "artist": "Langusta na palmie", "album": "Langusta na palmie", "user": null, "language": "pl-PL", "thumbnail": "https://i3.ytimg.com/vi/r7Mf728KZ8s/hqdefault.jpg"}, {"source": "https://www.youtube.com/feeds/videos.xml?channel_id=UCme4ZOv65uzGADXuvtHkSvA", "title": "Zasypiaki || 06.10.2023 Pia\u0328tek", "description": "Czy szukasz czego\u015b wi\u0119cej ni\u017c zwyk\u0142ej ko\u0142ysanki na dobranoc? Oto \"Zasypiaki\" - wieczorne Langustowe spotkania z Bogiem. \ud83c\udf19\ud83d\ude4f\n\nBez wzgl\u0119du na to, czy jeste\u015b na pocz\u0105tku swojej podr\u00f3\u017cy, czy jeste\u015b ju\u017c w przyja\u017ani z Nim, znajdziesz tu co\u015b dla siebie. \ud83d\udee4\ufe0f\ud83d\udc96 To wi\u0119cej ni\u017c podcast, to spo\u0142eczno\u015b\u0107 ludzi, kt\u00f3rzy, podobnie jak Ty, szukaj\u0105 prawdziwych odpowiedzi. \ud83c\udfa7\ud83d\udcad\n\nDzia\u0142aj! \ud83d\ude80 Do\u0142\u0105cz do nas na \"Zasypiakach\" i daj szans\u0119 Bogu i sobie. Czekamy na Ciebie codziennie o 20:00. \u23f0\ud83c\udf1f\n\n\ud83c\udfa5 Chod\u017a tu pos\u0142ucha\u0107! \u261e\n\u2192 https://bit.ly/zasypiaki\n\n\ud83d\udd25 Dzia\u0142aj z nami! \u261e\n\u2192 https://niezlafundacja.pl/#darowizna\n\u2192 https://langustanapalmie.pl/przekaz-darowizne/\n\u2192 https://patronite.pl/langustanapalmie\n\n#Zasypiaki #Podcast #AdamSzustak #NocneSpotkania \ud83d\udcab\ud83c\udf0c\n\n@Langustanapalmie \n________________________________________\nAby nas wesprze\u0107 kliknij tu \n\u2192 https://patronite.pl/langustanapalmie\n\u2192 http://bit.ly/Subskrybuj_Languste\n\n\u2661 Historie pot\u0142uczone\nSpreaker \u2192 https://www.spreaker.com/show/historie-potluczone\nSpotify \u2192 https://spoti.fi/2", "link": "https://www.youtube.com/watch?v=6xOheB4f0wk", "date_published": "2023-10-06T18:00:08+00:00", "bookmarked": false, "dead": null, "artist": "Langusta na palmie", "album": "Langusta na palmie", "user": null, "language": "pl-PL", "thumbnail": "https://i3.ytimg.com/vi/6xOheB4f0wk/hqdefault.jpg"}, {"source": "https://www.youtube.com/feeds/videos.xml?channel_id=UCme4ZOv65uzGADXuvtHkSvA", "title": "Wstawaki [#1501] Knucie", "description": "Wstawaj, \u017cyj i kochaj, czyli poranna dawka energii na ca\u0142y dzie\u0144 i nie tylko. \n\n\"Wstawaki 2.0\" muz: Jan Smoczy\u0144ski || Agnieszka Musia\u0142\n\n#Wstawaki #zr\u00f3bmydobrydzie\u0144 #adamszustakop \n\n________________________________________\nKartkownik na 2024 rok znajdziecie tutaj:\n\u2192 https://langustanapalmie.pl/produkt/kartkownik-2024/\n\nZam\u00f3wienie przedsprzeda\u017cowe.\nWysy\u0142ka b\u0119dzie realizowana po 27 listopada 2023 r. \n________________________________________\nZASYPIAKI znajdziesz tutaj: \n\u2192 https://bit.ly/zasypiaki\n________________________________________\nWydarzenie U\u015aWI\u0118CENI.\n24.11.2023 r. (pi\u0105tek)\n\u0141\u00f3d\u017a Atlas Arena.\n\n\ud835\uddd5\ud835\udddc\ud835\udddf\ud835\uddd8\ud835\udde7\ud835\uddec \u261e  \ud835\uddf5\ud835\ude01\ud835\ude01\ud835\uddfd\ud835\ude00://\ud835\uddef\ud835\uddf6\ud835\ude01.\ud835\uddf9\ud835\ude06/\ud835\uddf8\ud835\ude02\ud835\uddfd\ud835\uddd5\ud835\uddf6\ud835\uddf9\ud835\uddf2\ud835\ude01\ud835\uddfb\ud835\uddee\ud835\udde8\ud835\ude00\ud835\ude04\ud835\uddf6\ud835\uddf2\ud835\uddf0\ud835\uddfc\ud835\uddfb\ud835\ude06\ud835\uddf0\ud835\uddf5\nWydarzenie na FB \u261ehttps://fb.me/e/4uTahH50v\n________________________________________\nAudiobooka znajdziecie tu \u2661\n\u27a1  https://bit.ly/nowennapompeja\u0144ska\nDost\u0119pny tak\u017ce w zestawie z Audiobookiem \"Jak si\u0119 modli\u0107\"\n\u27a1 https://bit.ly/nowennaijaksi\u0119modli\u0107\n________________________________________\nAby wesprze\u0107 NIEZ\u0141\u0104 FUNDACJ\u0118 zajmuj\u0105c\u0105 si\u0119 dzie\u0142ami Langusty ", "link": "https://www.youtube.com/watch?v=vabI2NNM5fA", "date_published": "2023-10-06T02:30:24+00:00", "bookmarked": false, "dead": null, "artist": "Langusta na palmie", "album": "Langusta na palmie", "user": null, "language": "pl-PL", "thumbnail": "https://i3.ytimg.com/vi/vabI2NNM5fA/hqdefault.jpg"}]