[{"source": "https://matt-rickard.com/rss", "title": "3D as the New Modality", "description": "The third dimension is coming to computing.\n\n * Capture 3D natively. Spatial video can be captured on the iPhone 15. Higher quality video and photos that can map to 3D settings.\n * From 2D to 3D. Techniques like Gaussian Splatting, Photogrammetry, Neural Radiance Fields (NeRF) predict complex 3D scenes from 2D objects.\n * Display 3D easily on 2D devices. Rendering and interacting with 3D objects in the browser has become easier and easier over the years. There\u2019s three.js, which has been around s", "link": "https://matt-rickard.com/3d-as-the-new-modality", "date_published": "2023-10-06T13:30:23+00:00", "bookmarked": false, "dead": null, "artist": "Matt Rickard", "album": "Matt Rickard", "user": null, "language": "en-US", "thumbnail": "https://matt-rickard.com/favicon-32x32.png"}]