[{"source": "https://www.youtube.com/feeds/videos.xml?channel_id=UCRG_N2uO405WO4P3Ruef9NA", "title": "First major smartphone made in Europe!", "description": "Get a $20 discount on Nebula using my link (sponsored): https://go.nebula.tv/tfc\n\n \u25ac\u25ac\u25ac\u25ac\u25ac\u25ac\u25ac\u25ac\u25ac\u25ac\u25ac\u25ac\u25ac\u25ac\u25ac\u25ac\u25ac\u25ac\u25ac\u25ac\u25ac\u25ac\u25ac\u25ac  \n \n\u25ba\u25ba\u25ba This video \u25c4\u25c4\u25c4  \n\nThis week Nokia launched its first phone made in Europe, the Google Pixel 8 series was announced, ending the age of good prices, Microsoft admits Bing is worse than Google and Samung Developer Conference reveals new updates.\n\nEpisode 167\n \nThis video on Nebula: https://nebula.tv/videos/tfc-first-major-smartphone-made-in-europe\n\n\u25ac\u25ac\u25ac\u25ac\u25ac\u25ac\u25ac\u25ac\u25ac\u25ac\u25ac\u25ac\u25ac\u25ac\u25ac\u25ac\u25ac\u25ac\u25ac\u25ac\u25ac\u25ac\u25ac\u25ac\n\n\u25ba\u25ba\u25ba TechAltar links \u25c4\u25c4\u25c4  \n \nSocial media:  \nhttps://mas.to/@techaltar\nhttps://bsky.app/profile/techaltar.bsky.social\nhttps://instagram.com/TechAltar \nhttps://discord.gg/npKQebe  \n \n\u25ac\u25ac\u25ac\u25ac\u25ac\u25ac\u25ac\u25ac\u25ac\u25ac\u25ac\u25ac\u25ac\u25ac\u25ac\u25ac\u25ac\u25ac\u25ac\u25ac\u25ac\u25ac\u25ac\u25ac\n \n\u25ba\u25ba\u25ba Attributions & Time stamps\u25c4\u25c4\u25c4\n \nWriting & Research: Tristan Rayner\nMusic by Edemski: https://soundcloud.com/edemski \nFingerprint icon by Pixel perfect, via Flaticon: https://www.flaticon.com/free-icons/touch-id\n\n0:00 Intro\n0:17 Nokia, made in Europe\n1:24 Pixel price thoughts\n4:06 Satya blames Bi", "link": "https://www.youtube.com/watch?v=IAo6Oumr6mA", "date_published": "2023-10-06T16:32:40+00:00", "bookmarked": false, "dead": null, "artist": "Friday Checkout", "album": "Friday Checkout", "user": null, "language": "en-US", "thumbnail": "https://i2.ytimg.com/vi/IAo6Oumr6mA/hqdefault.jpg"}]