[{"source": "https://www.bleepingcomputer.com/feed/", "title": "Blackbaud agrees to $49.5 million settlement for ransomware data breach", "description": "Cloud computing provider Blackbaud\u00a0reached a $49.5 million agreement with attorneys general from 49 U.S. states to settle a multi-state investigation of a May 2020 ransomware attack and the resulting data breach. [...]", "link": "https://www.bleepingcomputer.com/news/security/blackbaud-agrees-to-495-million-settlement-for-ransomware-data-breach/", "date_published": "2023-10-06T18:43:05+00:00", "bookmarked": false, "dead": null, "artist": "BleepingComputer", "album": "BleepingComputer", "user": null, "language": "en-US", "thumbnail": null}, {"source": "https://www.bleepingcomputer.com/feed/", "title": "FTC warns of \u2018staggering\u2019 losses to social media scams since 2021", "description": "The Federal Trade Commission says Americans have lost at least $2.7 billion to social media scams since 2021, with the real number likely many times larger due to unreported incidents.\u00a0 [...]", "link": "https://www.bleepingcomputer.com/news/security/ftc-warns-of-staggering-losses-to-social-media-scams-since-2021/", "date_published": "2023-10-06T17:07:17+00:00", "bookmarked": false, "dead": null, "artist": "BleepingComputer", "album": "BleepingComputer", "user": null, "language": "en-US", "thumbnail": null}, {"source": "https://www.bleepingcomputer.com/feed/", "title": "Genetics firm 23andMe says user data stolen in credential stuffing attack", "description": "23andMe has confirmed to BleepingComputer that it is aware of user data from its platform circulating\u00a0on hacker forums and attributes the leak to a credential-stuffing attack. [...]", "link": "https://www.bleepingcomputer.com/news/security/genetics-firm-23andme-says-user-data-stolen-in-credential-stuffing-attack/", "date_published": "2023-10-06T15:48:13+00:00", "bookmarked": false, "dead": null, "artist": "BleepingComputer", "album": "BleepingComputer", "user": null, "language": "en-US", "thumbnail": null}, {"source": "https://www.bleepingcomputer.com/feed/", "title": "MGM Resorts ransomware attack led to $100 million loss, data theft", "description": "MGM Resorts reveals that last month's cyberattack cost the company $100 million and allowed the hackers to steal customers' personal information. [...]", "link": "https://www.bleepingcomputer.com/news/security/mgm-resorts-ransomware-attack-led-to-100-million-loss-data-theft/", "date_published": "2023-10-06T13:53:05+00:00", "bookmarked": false, "dead": null, "artist": "BleepingComputer", "album": "BleepingComputer", "user": null, "language": "en-US", "thumbnail": null}, {"source": "https://www.bleepingcomputer.com/feed/", "title": "MGM Resorts says ransomware attack cost $100 million, data stolen", "description": "MGM Resorts reveals that last month's cyberattack cost the company $100 million and allowed the hackers to steal customers' personal information. [...]", "link": "https://www.bleepingcomputer.com/news/security/mgm-resorts-says-ransomware-attack-cost-100-million-data-stolen/", "date_published": "2023-10-06T13:53:05+00:00", "bookmarked": false, "dead": null, "artist": "BleepingComputer", "album": "BleepingComputer", "user": null, "language": "en-US", "thumbnail": null}]