[{"source": "https://www.youtube.com/feeds/videos.xml?channel_id=UCcyq283he07B7_KUX07mmtA", "title": "Fish maw trade is not only harmful to #marinelife but also impacts #ecosystems worldwide. #FishMaw", "description": "", "link": "https://www.youtube.com/watch?v=5pbrrx6pcMI", "date_published": "2023-10-06T20:17:13+00:00", "bookmarked": false, "dead": null, "artist": "InsiderBusiness", "album": "InsiderBusiness", "user": null, "language": "en-US", "thumbnail": "https://i2.ytimg.com/vi/5pbrrx6pcMI/hqdefault.jpg"}, {"source": "https://www.youtube.com/feeds/videos.xml?channel_id=UCcyq283he07B7_KUX07mmtA", "title": "Driving Company Growth Through Creating a Culture of Ownership", "description": "Sponsored by Morgan Stanely at Work\n\nAs companies stay private longer, businesses must navigate a changing landscape when it comes to driving growth and managing liquidity expectations for shareholders, investors and employees. At the same time, embracing a culture of ownership can be essential for talent recruitment and longevity while driving performance.\n\nIn this panel discussion, hear from thought leaders at Morgan Stanley at Work, Acorns and Norwest Venture Partners, as they explore:\n\nCurrent practices for attracting and retaining talent and how companies can create a compelling employee equity experience that supports a culture of ownership\nWhat retention equity is and how companies can adjust their compensation plans to account for staying private longer\nExpansion into global markets and how companies can provide a holistic participant experience to international employees\nTrends in the market when it comes to liquidity events, secondaries, and availability of capital, and how", "link": "https://www.youtube.com/watch?v=xJRFvhGljWo", "date_published": "2023-10-06T20:16:58+00:00", "bookmarked": false, "dead": null, "artist": "InsiderBusiness", "album": "InsiderBusiness", "user": null, "language": "en-US", "thumbnail": "https://i1.ytimg.com/vi/xJRFvhGljWo/hqdefault.jpg"}, {"source": "https://www.youtube.com/feeds/videos.xml?channel_id=UCcyq283he07B7_KUX07mmtA", "title": "Workers clip and shear these carpets to a specific height by hand. #carpet #cleaning #weaving", "description": "------------------------------------------------------\n\nBusiness Insider tells you all you need to know about business, finance, tech, retail, and more.\n\nVisit our homepage for the top stories of the day: https://www.businessinsider.com\nInsider Business on Facebook: https://www.facebook.com/businessinsider\nInsider Business on Instagram: https://www.instagram.com/insiderbusiness\nInsider Business on Twitter: https://www.twitter.com/businessinsider\nInsider Business on Snapchat: https://www.snapchat.com/discover/Business_Insider/5319643143\nInsider Business on TikTok: https://www.tiktok.com/@businessinsider", "link": "https://www.youtube.com/watch?v=6qHrOJlC2iI", "date_published": "2023-10-06T19:00:03+00:00", "bookmarked": false, "dead": null, "artist": "InsiderBusiness", "album": "InsiderBusiness", "user": null, "language": "en-US", "thumbnail": "https://i3.ytimg.com/vi/6qHrOJlC2iI/hqdefault.jpg"}, {"source": "https://www.youtube.com/feeds/videos.xml?channel_id=UCcyq283he07B7_KUX07mmtA", "title": "14 Fascinating Jobs In India That Go Back Centuries | Still Standing Marathon | Insider Business", "description": "India is home to some of the world\u2019s oldest and rarest crafts and traditions. From a family stomping cashew fruit to a small community transforming pumpkins into musical instruments, we\u2019ll take you on a tour of 14 ancient traditions still standing in India. \n\n00:00:00 Mud Wrestling\n00:10:05 Perfume\n00:17:38 Feni\n00:26:45 Pumpkin Tanpuras\n00:39:41 Mirrors\n00:50:35 Shuttlecocks\n00:57:54 Bidri Art\n01:04:40 Silk Saris\n01:12:18 Bone Carving\n01:21:51 Dhokra\n01:32:30 Paper\n01:38:00 Floating Market\n01:47:42 Rogan Art\n01:54:32 Carpets\n\nMORE STILL STANDING VIDEOS:\nHow Lebanon\u2019s Oldest Soap Factory Makes 30,000 Olive Oil Bars | Still Standing | Insider Business\nhttps://youtu.be/2YVb4s1DGzw\nWhy The Moulin Rouge Spent $4 Million In Costumes | Still Standing | Insider Business\nhttps://www.youtube.com/watch?v=Qpf90cB7Kh4\nFive Fascinating Ancient Japanese Traditions Survived Centuries | Still Standing | Insider Business\nhttps://www.youtube.com/watch?v=iQ5kbdGR93Q\n\n#Marathon #India #StillStanding\n---", "link": "https://www.youtube.com/watch?v=O030fzDUAOw", "date_published": "2023-10-06T15:00:29+00:00", "bookmarked": false, "dead": null, "artist": "InsiderBusiness", "album": "InsiderBusiness", "user": null, "language": "en-US", "thumbnail": "https://i4.ytimg.com/vi/O030fzDUAOw/hqdefault.jpg"}]