[{"source": "https://wydarzenia.interia.pl/polska/feed", "title": "Wybory 2023. Co za\u0142atwisz przez internet? Lista jest d\u0142uga", "description": "<p><a href=\"https://wydarzenia.interia.pl/raport-wybory-parlamentarne-2023/news-wybory-2023-co-zalatwisz-przez-internet-lista-jest-dluga,nId,7071148\"><img align=\"left\" alt=\"Wybory 2023. Co za\u0142atwisz przez internet? Lista jest d\u0142uga\" src=\"https://i.iplsc.com/wybory-2023-co-zalatwisz-przez-internet-lista-jest-dluga/000HRCZRIML4QH5A-C321.jpg\" /></a>Wybory parlamentarne 2023 do Sejmu i Senatu zbli\u017caj\u0105 si\u0119 wielkimi krokami. Niekt\u00f3re osoby chc\u0105ce za\u0142atwi\u0107 sprawy zwi\u0105zane z wyborami musz\u0105 si\u0119 pospieszy\u0107. Na szcz\u0119\u015bcie w wielu przypadkach mo\u017cna to zrobi\u0107 za po\u015brednictwem internetu. Jakie wnioski zwi\u0105zane z wyborami parlamentarnymi mo\u017cna wys\u0142a\u0107 przez ePUAP? Odpowiadamy.</p><br clear=\"all\" />", "link": "https://wydarzenia.interia.pl/raport-wybory-parlamentarne-2023/news-wybory-2023-co-zalatwisz-przez-internet-lista-jest-dluga,nId,7071148", "date_published": "2023-10-06T12:50:50+00:00", "bookmarked": false, "dead": null, "artist": "Wydarzenia Interia - Polska", "album": "Wydarzenia Interia - Polska", "user": null, "language": "pl-PL", "thumbnail": "https://wydarzenia.interia.pl/i/wydarzenia-ico-144x144.png?v=2"}, {"source": "https://wydarzenia.interia.pl/polska/feed", "title": "Atak na biuro senatora Krzysztofa Kwiatkowskiego. \"Wyci\u0105gn\u0105\u0142 n\u00f3\u017c\"", "description": "<p><a href=\"https://wydarzenia.interia.pl/raport-wybory-parlamentarne-2023/news-atak-na-biuro-senatora-krzysztofa-kwiatkowskiego-wyciagnal-n,nId,7071387\"><img align=\"left\" alt=\"Atak na biuro senatora Krzysztofa Kwiatkowskiego. &quot;Wyci\u0105gn\u0105\u0142 n\u00f3\u017c&quot;\" src=\"https://i.iplsc.com/atak-na-biuro-senatora-krzysztofa-kwiatkowskiego-wyciagnal-n/000HRCDCKX2F0PN3-C321.jpg\" /></a>Nieznany m\u0119\u017cczyzna z no\u017cem w r\u0119ku wtargn\u0105\u0142 do biura senatora Krzysztofa Kwiatkowskiego. Napastnik mia\u0142 obra\u017ca\u0107 parlamentarzystce i grozi\u0107 wsp\u00f3\u0142pracowniczce polityka. - Ja rozumiem, \u017ce jest kampania wyborcza, ale to nie jest normalne, nie powinno by\u0107 na to przyzwolenia - powiedzia\u0142a zaatakowana dyrektorka biura Kwiatkowskiego. Parlamentarzysta zapowiedzia\u0142 zg\u0142oszenie sprawy na policj\u0119.</p><br clear=\"all\" />", "link": "https://wydarzenia.interia.pl/raport-wybory-parlamentarne-2023/news-atak-na-biuro-senatora-krzysztofa-kwiatkowskiego-wyciagnal-n,nId,7071387", "date_published": "2023-10-06T10:54:04+00:00", "bookmarked": false, "dead": null, "artist": "Wydarzenia Interia - Polska", "album": "Wydarzenia Interia - Polska", "user": null, "language": "pl-PL", "thumbnail": "https://wydarzenia.interia.pl/i/wydarzenia-ico-144x144.png?v=2"}, {"source": "https://wydarzenia.interia.pl/polska/feed", "title": "Wybory 2023. Politycy walcz\u0105 o g\u0142osy. Relacja na \u017cywo [POLSKA WYBIERA]", "description": "<p><a href=\"https://wydarzenia.interia.pl/raport-wybory-parlamentarne-2023/na-zywo-wybory-2023-politycy-walcza-o-glosy-relacja-na-zywo-polska-w,nzId,4822\"><img align=\"left\" alt=\"Wybory 2023. Politycy walcz\u0105 o g\u0142osy. Relacja na \u017cywo [POLSKA WYBIERA]\" src=\"https://i.iplsc.com/wybory-2023-politycy-walcza-o-glosy-relacja-na-zywo-polska-w/000HRAGQQMVJ4W9K-C321.jpg\" /></a>Wybory parlamentarne za 9 dni. Politycy niemal wszystkich ugrupowa\u0144 kontynuuj\u0105 kampani\u0119 i w czwartek ponownie wyruszaj\u0105 w Polsk\u0119.</p><br clear=\"all\" />", "link": "https://wydarzenia.interia.pl/raport-wybory-parlamentarne-2023/na-zywo-wybory-2023-politycy-walcza-o-glosy-relacja-na-zywo-polska-w,nzId,4822", "date_published": "2023-10-06T04:29:36+00:00", "bookmarked": false, "dead": null, "artist": "Wydarzenia Interia - Polska", "album": "Wydarzenia Interia - Polska", "user": null, "language": "pl-PL", "thumbnail": "https://wydarzenia.interia.pl/i/wydarzenia-ico-144x144.png?v=2"}]