[{"source": "https://www.scmp.com/rss/4/feed", "title": "Alibaba closes social science institute that Jack Ma once hoped would exist for 300 years", "description": "Alibaba has closed its Luohan Academy, a social science institute that founder Jack Ma had hoped could exist for 300 years when it was created five years ago, according to sources familiar with the matter.", "link": "https://www.scmp.com/tech/big-tech/article/3237066/alibaba-closes-social-science-institute-jack-ma-once-hoped-would-exist-300-years?utm_source=rss_feed", "date_published": "2023-10-06T23:00:13+00:00", "bookmarked": false, "dead": null, "artist": "China - South China Morning Post", "album": "China - South China Morning Post", "user": null, "language": "en", "thumbnail": "https://assets.i-scmp.com/static/img/icons/scmp-meta-1200x630.png"}, {"source": "https://www.scmp.com/rss/4/feed", "title": "Foreign tourism in China well below pre-pandemic levels, strikes at wider economy", "description": "Slow recovery of travel sector expected to have wider implications on Chinese economy", "link": "https://www.scmp.com/economy/china-economy/article/3236984/foreign-tourism-china-well-below-pre-pandemic-levels-strikes-wider-economy?utm_source=rss_feed", "date_published": "2023-10-06T22:00:10+00:00", "bookmarked": false, "dead": null, "artist": "China - South China Morning Post", "album": "China - South China Morning Post", "user": null, "language": "en", "thumbnail": "https://cdn.i-scmp.com/sites/default/files/styles/1280x720/public/d8/video/thumbnail/2023/09/25/clean-thumb_2.jpg?itok=ltQmGyzc"}, {"source": "https://www.scmp.com/rss/4/feed", "title": "US adds 42 more Chinese companies to its \u2018entities\u2019 economic blacklist", "description": "US Commerce Department says the businesses support Russia\u2019s military by supplying microelectronics that can be used for missile and drone guidance systems.", "link": "https://www.scmp.com/news/china/article/3237134/us-adds-42-more-chinese-companies-its-entities-economic-blacklist?utm_source=rss_feed", "date_published": "2023-10-06T21:04:13+00:00", "bookmarked": false, "dead": null, "artist": "China - South China Morning Post", "album": "China - South China Morning Post", "user": null, "language": "en", "thumbnail": "https://cdn.i-scmp.com/sites/default/files/styles/1280x720/public/d8/video/thumbnail/2023/02/20/CLIP---Blinken-warn-WangYi.jpg?itok=ZERc_8MJ"}, {"source": "https://www.scmp.com/rss/4/feed", "title": "Ex-US soldier Joseph Daniel Schmidt arrested for trying to provide defence info to China", "description": "Former army sergeant Joseph Daniel Schmidt, who served in an intelligence unit, allegedly offered Chinese authorities a device that allowed access to secure military networks.", "link": "https://www.scmp.com/news/world/united-states-canada/article/3237133/ex-us-soldier-joseph-daniel-schmidt-arrested-trying-provide-defence-info-china?utm_source=rss_feed", "date_published": "2023-10-06T19:15:06+00:00", "bookmarked": false, "dead": null, "artist": "China - South China Morning Post", "album": "China - South China Morning Post", "user": null, "language": "en", "thumbnail": "https://assets.i-scmp.com/static/img/icons/scmp-meta-1200x630.png"}, {"source": "https://www.scmp.com/rss/4/feed", "title": "\u2018We are overjoyed\u2019: Chinese mRNA researchers celebrate Nobel win for field\u2019s pioneers", "description": "It will take up to a decade for China to catch up with global developments in the technology, scientist says.", "link": "https://www.scmp.com/news/china/science/article/3237111/we-are-overjoyed-chinese-mrna-researchers-celebrate-nobel-win-fields-pioneers?utm_source=rss_feed", "date_published": "2023-10-06T14:00:23+00:00", "bookmarked": false, "dead": null, "artist": "China - South China Morning Post", "album": "China - South China Morning Post", "user": null, "language": "en", "thumbnail": "https://cdn.i-scmp.com/sites/default/files/styles/1280x720/public/d8/video/thumbnail/2023/10/03/clean.jpg?itok=vmHG7_7r"}, {"source": "https://www.scmp.com/rss/4/feed", "title": "China\u2019s smartphone market rides an 8-month slump, but Huawei\u2019s release of new 5G handsets offers hope for rest of year", "description": "China produced 679 million smartphones from January to August this year, down 7.5 per cent from the same period in 2022, according to data from China\u2019s Ministry of Industry and Information Technology.", "link": "https://www.scmp.com/tech/tech-trends/article/3237100/chinas-smartphone-market-rides-8-month-slump-huaweis-release-new-5g-handsets-offers-hope-rest-year?utm_source=rss_feed", "date_published": "2023-10-06T14:00:17+00:00", "bookmarked": false, "dead": null, "artist": "China - South China Morning Post", "album": "China - South China Morning Post", "user": null, "language": "en", "thumbnail": "https://assets.i-scmp.com/static/img/icons/scmp-meta-1200x630.png"}, {"source": "https://www.scmp.com/rss/4/feed", "title": "China\u2019s \u2018golden week\u2019 holiday sees consumption boom as pent-up demand takes wing", "description": "The National Day and Mid-Autumn Festival holiday period has sparked a flurry of activity, and consumption and tourism have reached multi-year highs. But time will tell whether the boom is sustainable in the long run.", "link": "https://www.scmp.com/economy/china-economy/article/3237090/chinas-golden-week-holiday-sees-consumption-boom-pent-demand-takes-wing?utm_source=rss_feed", "date_published": "2023-10-06T14:00:12+00:00", "bookmarked": false, "dead": null, "artist": "China - South China Morning Post", "album": "China - South China Morning Post", "user": null, "language": "en", "thumbnail": "https://cdn.i-scmp.com/sites/default/files/styles/1280x720/public/d8/video/thumbnail/2023/05/01/clean.jpg?itok=PS-sCM_u"}, {"source": "https://www.scmp.com/rss/4/feed", "title": "Taiwanese presidential front runner William Lai says Japanese support could help deter security threats from mainland China", "description": "Lai says in newspaper interview that if the island is \u2018invaded and annexed\u2019 by Beijing it will \u2018surely threaten Japan\u2019", "link": "https://www.scmp.com/news/china/politics/article/3237088/taiwanese-presidential-front-runner-william-lai-says-japanese-support-could-help-deter-security?utm_source=rss_feed", "date_published": "2023-10-06T12:00:30+00:00", "bookmarked": false, "dead": null, "artist": "China - South China Morning Post", "album": "China - South China Morning Post", "user": null, "language": "en", "thumbnail": "https://cdn.i-scmp.com/sites/default/files/styles/1280x720/public/d8/video/thumbnail/2023/09/29/clean.jpg?itok=XKGb6zVI"}, {"source": "https://www.scmp.com/rss/4/feed", "title": "China adds finance-economy and social affairs bureaus to top Hong Kong-Macau body amid Beijing\u2019s administrative upgrade", "description": "Economy and finance bureau and social work bureau will be added to new Central Hong Kong and Macau Works Office (CHKMWO).", "link": "https://www.scmp.com/news/china/politics/article/3237072/china-adds-finance-economy-and-social-affairs-bureaus-top-hong-kong-macau-body-amid-beijings?utm_source=rss_feed", "date_published": "2023-10-06T11:00:09+00:00", "bookmarked": false, "dead": null, "artist": "China - South China Morning Post", "album": "China - South China Morning Post", "user": null, "language": "en", "thumbnail": "https://cdn.i-scmp.com/sites/default/files/styles/1280x720/public/d8/video/thumbnail/2023/10/05/Thumbnail---Clean.jpg?itok=diOjrMua"}, {"source": "https://www.scmp.com/rss/4/feed", "title": "China, Russia ties aimed at global good, Putin tells Sochi forum, slams West for making \u2018an enemy out of everyone\u2019", "description": "Russia-China cooperation \u2018very important\u2019 for global stability, Putin says weeks ahead of planned visit to Beijing and meeting with Chinese President Xi Jinping.", "link": "https://www.scmp.com/news/china/diplomacy/article/3237058/china-russia-ties-aimed-global-good-putin-tells-sochi-forum-slams-west-making-enemy-out-everyone?utm_source=rss_feed", "date_published": "2023-10-06T09:21:56+00:00", "bookmarked": false, "dead": null, "artist": "China - South China Morning Post", "album": "China - South China Morning Post", "user": null, "language": "en", "thumbnail": "https://cdn.i-scmp.com/sites/default/files/styles/1280x720/public/d8/video/thumbnail/2023/05/24/Clean_0.jpg?itok=zjjHICvK"}, {"source": "https://www.scmp.com/rss/4/feed", "title": "Did citrus fruit originate in China? Genetic scientists may have solved the bitter debate", "description": "Researchers say fruits like oranges and lemons emerged in south-central China millions of years ago.", "link": "https://www.scmp.com/news/china/science/article/3236950/did-citrus-fruit-originate-china-genetic-scientists-may-have-solved-bitter-debate?utm_source=rss_feed", "date_published": "2023-10-06T07:19:45+00:00", "bookmarked": false, "dead": null, "artist": "China - South China Morning Post", "album": "China - South China Morning Post", "user": null, "language": "en", "thumbnail": "https://cdn.i-scmp.com/sites/default/files/styles/1280x720/public/d8/video/thumbnail/2022/07/26/Thumbnail.jpg?itok=2Zou05xw"}, {"source": "https://www.scmp.com/rss/4/feed", "title": "As China seeks to supercharge energy deals in Middle East, Qatar eyes benefits of a free-trade agreement", "description": "Qatar\u2019s consul general in Hong Kong discusses the role that China has played in helping Qatar position itself as an \u2018economic hub\u2019 in the Persian Gulf.", "link": "https://www.scmp.com/economy/china-economy/article/3237028/china-seeks-supercharge-energy-deals-middle-east-qatar-eyes-benefits-free-trade-agreement?utm_source=rss_feed", "date_published": "2023-10-06T06:59:39+00:00", "bookmarked": false, "dead": null, "artist": "China - South China Morning Post", "album": "China - South China Morning Post", "user": null, "language": "en", "thumbnail": "https://cdn.i-scmp.com/sites/default/files/styles/1280x720/public/d8/video/thumbnail/2023/07/03/20230703-Thumbnail.00_00_06_10.Still002.jpg?itok=YAAZdILp"}, {"source": "https://www.scmp.com/rss/4/feed", "title": "Pop music played at Asian Games shows host China singing a new tune to rally young people", "description": "Cantopop, love ballads and rock classics appear in the official playlist in Hangzhou multi-sport event, sparking enthusiasm and analysis by observers.", "link": "https://www.scmp.com/news/china/politics/article/3236944/pop-music-played-asian-games-shows-host-china-singing-new-tune-rally-young-people?utm_source=rss_feed", "date_published": "2023-10-06T05:00:18+00:00", "bookmarked": false, "dead": null, "artist": "China - South China Morning Post", "album": "China - South China Morning Post", "user": null, "language": "en", "thumbnail": "https://cdn.i-scmp.com/sites/default/files/styles/1280x720/public/d8/video/thumbnail/2023/09/25/thumbnail-clean.jpg?itok=zV8Oy4FW"}, {"source": "https://www.scmp.com/rss/4/feed", "title": "Hong Kong pension fund losses, Singapore minister\u2019s \u2018cringe\u2019 advice, Chinese scientists inspired by worms: SCMP\u2019s 7 highlights", "description": "From an escalating war of narratives between China and the US to Hong Kong\u2019s unprecedented pension fund losses, here are few highlights from SCMP\u2019s recent reporting.", "link": "https://www.scmp.com/news/china/article/3236998/hong-kong-pension-fund-losses-singapore-ministers-cringe-advice-chinese-scientists-inspired-worms?utm_source=rss_feed", "date_published": "2023-10-06T04:15:14+00:00", "bookmarked": false, "dead": null, "artist": "China - South China Morning Post", "album": "China - South China Morning Post", "user": null, "language": "en", "thumbnail": "https://assets.i-scmp.com/static/img/icons/scmp-meta-1200x630.png"}, {"source": "https://www.scmp.com/rss/4/feed", "title": "New curbs on chip tool exports to China are nearly finalised as the US seeks to close loopholes", "description": "An updated rule on chip-making equipment exports would add to restrictions implemented in October 2022, which further strained US-China relations.", "link": "https://www.scmp.com/tech/tech-war/article/3236994/new-curbs-chip-tool-exports-china-are-nearly-finalised-us-seeks-close-loopholes?utm_source=rss_feed", "date_published": "2023-10-06T02:57:29+00:00", "bookmarked": false, "dead": null, "artist": "China - South China Morning Post", "album": "China - South China Morning Post", "user": null, "language": "en", "thumbnail": "https://assets.i-scmp.com/static/img/icons/scmp-meta-1200x630.png"}, {"source": "https://www.scmp.com/rss/4/feed", "title": "Terror threat to China \u2018is challenge to our own\u2019: Taliban FM says", "description": "Amir Khan Muttaqi also gives \u2018effective guarantee\u2019 of Chinese nationals\u2019 safety in the country during talks with counterpart Wang Yi on sidelines of regional forum in Tibet.", "link": "https://www.scmp.com/news/china/diplomacy/article/3236981/terror-threat-china-challenge-our-own-taliban-fm-says?utm_source=rss_feed", "date_published": "2023-10-06T02:07:11+00:00", "bookmarked": false, "dead": null, "artist": "China - South China Morning Post", "album": "China - South China Morning Post", "user": null, "language": "en", "thumbnail": "https://cdn.i-scmp.com/sites/default/files/styles/1280x720/public/d8/video/thumbnail/2023/08/14/Explainer_thu_Clean.jpg?itok=RJ3iKnru"}, {"source": "https://www.scmp.com/rss/4/feed", "title": "China wind farm sets high-altitude records, but how do turbines keep up in the thin Himalayan air?", "description": "Visiting the Zhegu Wind Farm in Tibet could literally take your breath away at well over three miles above sea level, and Beijing sees it as an ideal place for a power play in its energy-security push.", "link": "https://www.scmp.com/economy/china-economy/article/3236942/china-wind-farm-sets-high-altitude-records-how-do-turbines-keep-thin-himalayan-air?utm_source=rss_feed", "date_published": "2023-10-06T01:00:14+00:00", "bookmarked": false, "dead": null, "artist": "China - South China Morning Post", "album": "China - South China Morning Post", "user": null, "language": "en", "thumbnail": "https://cdn.i-scmp.com/sites/default/files/styles/1280x720/public/d8/video/thumbnail/2021/07/06/china_wind_web_clear.jpg?itok=Lb0Dey2X"}]