[{"source": "https://www.youtube.com/feeds/videos.xml?channel_id=UCl2mFZoRqjw_ELax4Yisf6w", "title": "HP is scraping the bottom of the barrel", "description": "\ud83d\udd35 We fix Macbooks & offer free estimates. https://rossmanngroup.com\n\ud83d\udd35 Send us your Macbook for repair! http://bit.ly/sendmacbook\n\ud83d\udd35 We'll send you a box with a pre-paid shipping label for your repair! http://bit.ly/sendyourmacbook\n\ud83d\udd35 We offer iPhone data recovery: http://bit.ly/2BDBX4G\n\ud83d\udd35 We offer lab hard drive data recovery: http://bit.ly/labdatarecovery\n\n\ud83d\udc49 Matrix chat: https://matrix.to/#/#rossmannrepair-general:matrix.org\n\n\ud83d\udc49 LEARN HOW TO DO THIS:\n\u203a Beginner's guide: http://bit.ly/2k6uz84\n\u203a Support forum: $29/mo https://boards.rossmanngroup.com\n\n\ud83d\udc49 CHIPS & COMPONENTS:\n\u203a http://bit.ly/2jaAOXM\n\n\ud83d\udc49 TOOLS USED:\n\u2713 Soldering Irons:\n\u203a Louis' Hakko station(no tweezers): http://amzn.to/2cKkMyO \n\u203a Paul's Hakko station(works with tweezers): http://amzn.to/2yMvWNy\n\u203a Micro Soldering Pencil: http://amzn.to/2d5MWUP\n\u203a Hot tweezers: http://amzn.to/2yMvZsZ\n\u203a Atten ST-862D hot air station with bent nozzles: https://bit.ly/atten862\n\n\u2713 CHEAP HAKKO ALTERNATIVES:\n\u203a TS100 soldering iron: https://amzn.to/2Gy1F", "link": "https://www.youtube.com/watch?v=ACX_VfsjkZA", "date_published": "2023-10-06T19:35:27+00:00", "bookmarked": false, "dead": null, "artist": "Louis Rossman", "album": "Louis Rossman", "user": null, "language": "en-US", "thumbnail": "https://i2.ytimg.com/vi/ACX_VfsjkZA/hqdefault.jpg"}, {"source": "https://www.youtube.com/feeds/videos.xml?channel_id=UCl2mFZoRqjw_ELax4Yisf6w", "title": "the most important clickbait you'll ever click", "description": "", "link": "https://www.youtube.com/watch?v=D-szlVc0jk8", "date_published": "2023-10-06T13:40:13+00:00", "bookmarked": false, "dead": null, "artist": "Louis Rossman", "album": "Louis Rossman", "user": null, "language": "en-US", "thumbnail": "https://i1.ytimg.com/vi/D-szlVc0jk8/hqdefault.jpg"}]