[{"source": "https://feed.theepochtimes.com/world/feed", "title": "Liberal MP Who Broke Ranks on Vote to Axe Carbon Tax Says Policy is Hurting Rural Canadians", "description": "A woman fills up her vehicle with gas in Toronto on April 1, 2019. (The Canadian Press/Christopher Katsarov)", "link": "https://www.theepochtimes.com/world/liberal-mp-who-broke-ranks-on-vote-to-axe-carbon-tax-says-policy-is-hurting-rural-canadians-5505180", "date_published": "2023-10-06T16:23:47+00:00", "bookmarked": false, "dead": null, "artist": "Epoch Times - World", "album": "Epoch Times - World", "user": null, "language": "en-US", "thumbnail": null}, {"source": "https://feed.theepochtimes.com/world/feed", "title": "Heavy Rain and Floods Kill 6 People in Sri Lanka and Force Schools to Close", "description": "A security officer stands by a bus that was damaged when a tree fell on it in Colombo, Sri Lanka, on Oct. 6, 2023. (AP Photo)", "link": "https://www.theepochtimes.com/world/heavy-rain-and-floods-kill-6-people-in-sri-lanka-and-force-schools-to-close-5505244", "date_published": "2023-10-06T15:23:10+00:00", "bookmarked": false, "dead": null, "artist": "Epoch Times - World", "album": "Epoch Times - World", "user": null, "language": "en-US", "thumbnail": null}, {"source": "https://feed.theepochtimes.com/world/feed", "title": "Russia Signals Intent to Quickly Revoke Ratification of Nuclear Test Ban Treaty", "description": "Russia's State Duma Speaker Vyacheslav Volodin attends a military parade on Victory Day, in Red Square in central Moscow on May 9, 2022. (Maxim Shemetov/Reuters)", "link": "https://www.theepochtimes.com/world/russia-signals-intent-to-quickly-revoke-ratification-of-nuclear-test-ban-treaty-5505163", "date_published": "2023-10-06T15:04:25+00:00", "bookmarked": false, "dead": null, "artist": "Epoch Times - World", "album": "Epoch Times - World", "user": null, "language": "en-US", "thumbnail": null}, {"source": "https://feed.theepochtimes.com/world/feed", "title": "Depression, Self-Harm, Suicidal Thoughts Plagued Elderly in Lockdowns, COVID-19 Inquiry Hears", "description": "Care home resident Dot Hendy holds her daughter Louise's hand for the first time since March after Louise successfully passed a Rapid COVID-19 Test immediately before meeting her mother at the King Charles Court Care Home, Falmouth, England, on Nov. 18, 2020. (Hugh Hastings/Getty Images)", "link": "https://www.theepochtimes.com/world/depression-self-harm-suicidal-thoughts-plagued-elderly-in-lockdowns-covid-19-inquiry-hears-5505111", "date_published": "2023-10-06T14:44:22+00:00", "bookmarked": false, "dead": null, "artist": "Epoch Times - World", "album": "Epoch Times - World", "user": null, "language": "en-US", "thumbnail": null}, {"source": "https://feed.theepochtimes.com/world/feed", "title": "Economy Adds 64K Jobs in September, Unemployment Rate Holds Steady at 5.5%", "description": "Signage marks the Statistics Canada offices in Ottawa on July 21, 2010. (The Canadian Press/Sean Kilpatrick)", "link": "https://www.theepochtimes.com/world/economy-adds-64k-jobs-in-september-unemployment-rate-holds-steady-at-5-5-post-5505185", "date_published": "2023-10-06T14:08:22+00:00", "bookmarked": false, "dead": null, "artist": "Epoch Times - World", "album": "Epoch Times - World", "user": null, "language": "en-US", "thumbnail": null}, {"source": "https://feed.theepochtimes.com/world/feed", "title": "Ghost Guns Showing up at Crime Scenes in Canada but RCMP Not Keeping Statistics", "description": "Quebec provincial police Sgt. Audrey-Ane Bilodeau shows some of the 3D-printed ghost guns seized in Operation Centaure during a news conference in Montreal, on June 21, 2023. (The Canadian Press/Ryan Remiorz)", "link": "https://www.theepochtimes.com/world/ghost-guns-showing-up-at-crime-scenes-in-canada-but-rcmp-not-keeping-statistics-5505174", "date_published": "2023-10-06T13:58:43+00:00", "bookmarked": false, "dead": null, "artist": "Epoch Times - World", "album": "Epoch Times - World", "user": null, "language": "en-US", "thumbnail": null}, {"source": "https://feed.theepochtimes.com/world/feed", "title": "BC and Ottawa Applaud NAFTA Decision on US Softwood Lumber Duties", "description": "A stack of lumber is pictured in Merritt, B.C., on May 2, 2017. (The Canadian Press/Jonathan Hayward)", "link": "https://www.theepochtimes.com/world/bc-and-ottawa-applaud-nafta-decision-on-us-softwood-lumber-duties-5505162", "date_published": "2023-10-06T13:27:40+00:00", "bookmarked": false, "dead": null, "artist": "Epoch Times - World", "album": "Epoch Times - World", "user": null, "language": "en-US", "thumbnail": null}, {"source": "https://feed.theepochtimes.com/world/feed", "title": "China Will Invade Taiwan Unless Convinced Peaceful Unification Possible: Experts", "description": "Taiwan's armed forces hold two days of routine drills to show combat readiness ahead of Lunar New Year holidays at a military base in Kaohsiung, Taiwan, on Jan. 12, 2023. (Annabelle Chih/Getty Images)", "link": "https://www.theepochtimes.com/china/china-will-invade-taiwan-unless-convinced-peaceful-unification-possible-experts-5504812", "date_published": "2023-10-06T13:26:45+00:00", "bookmarked": false, "dead": null, "artist": "Epoch Times - World", "album": "Epoch Times - World", "user": null, "language": "en-US", "thumbnail": null}, {"source": "https://feed.theepochtimes.com/world/feed", "title": "Jailed Iranian Activist Narges Mohammadi Wins Nobel Peace Prize", "description": "Iranian human rights activist and the vice president of the Defenders of Human Rights Center (DHRC) Narges Mohammadi poses in this undated handout picture. (Mohammadi family archive photos/Handout via Reuters)", "link": "https://www.theepochtimes.com/world/jailed-iranian-activist-narges-mohammadi-wins-nobel-peace-prize-5505149", "date_published": "2023-10-06T13:08:41+00:00", "bookmarked": false, "dead": null, "artist": "Epoch Times - World", "album": "Epoch Times - World", "user": null, "language": "en-US", "thumbnail": null}, {"source": "https://feed.theepochtimes.com/world/feed", "title": "Sunak Makes Deals With European Countries to Tackle Illegal Immigration", "description": "A group of illegal immigrants in a small boat travelling France and heading in the direction of Dover, England, on Aug. 29, 2023. (Gareth Fuller/PA)", "link": "https://www.theepochtimes.com/world/sunak-makes-deals-with-european-countries-to-tackle-illegal-immigration-5505123", "date_published": "2023-10-06T12:10:23+00:00", "bookmarked": false, "dead": null, "artist": "Epoch Times - World", "album": "Epoch Times - World", "user": null, "language": "en-US", "thumbnail": null}, {"source": "https://feed.theepochtimes.com/world/feed", "title": "Couple With \u2018Everything in Life\u2019 Quit Jobs and Sell Everything to Travel the World With Their 4 Kids", "description": "(SWNS)", "link": "https://www.theepochtimes.com/bright/couple-with-everything-in-life-quit-jobs-and-sell-everything-to-travel-the-world-with-their-4-kids-5503679", "date_published": "2023-10-06T10:30:30+00:00", "bookmarked": false, "dead": null, "artist": "Epoch Times - World", "album": "Epoch Times - World", "user": null, "language": "en-US", "thumbnail": null}, {"source": "https://feed.theepochtimes.com/world/feed", "title": "MPs Back Call to \u2018Immediately Stop\u2019 Live Facial Recognition Surveillance", "description": "An undated image showing two activists holding up placards and wearing masks of policing minister Chris Philp (L) and Home Secretary Suella Braverman (R) outside the Houses of Parliament in Westminster, London. (Big Brother Watch)", "link": "https://www.theepochtimes.com/world/mps-back-call-to-immediately-stop-live-facial-recognition-surveillance-5505094", "date_published": "2023-10-06T10:22:54+00:00", "bookmarked": false, "dead": null, "artist": "Epoch Times - World", "album": "Epoch Times - World", "user": null, "language": "en-US", "thumbnail": null}, {"source": "https://feed.theepochtimes.com/world/feed", "title": "Labour Hails \u2018Seismic\u2019 By-election Win in Rutherglen and Hamilton West", "description": "Scottish Labour leader Anas Sarwar (R) with candidate Michael Shanks after Labour won the Rutherglen and Hamilton West by-election, at South Lanarkshire Council Headquarters in Hamilton, England, on Oct. 6, 2023. (Jane Barlow/PA)", "link": "https://www.theepochtimes.com/world/labour-hails-seismic-by-election-win-in-rutherglen-and-hamilton-west-5505078", "date_published": "2023-10-06T09:46:27+00:00", "bookmarked": false, "dead": null, "artist": "Epoch Times - World", "album": "Epoch Times - World", "user": null, "language": "en-US", "thumbnail": null}, {"source": "https://feed.theepochtimes.com/world/feed", "title": "Japan Starts Releasing Second Batch of Fukushima Treated Water", "description": "The Fukushima Daiichi nuclear power plant in Fukushima, northern Japan, on Aug. 24, 2023. (Kyodo News via AP)", "link": "https://www.theepochtimes.com/world/japan-starts-releasing-second-batch-of-fukushima-treated-water-5504971", "date_published": "2023-10-06T07:00:23+00:00", "bookmarked": false, "dead": null, "artist": "Epoch Times - World", "album": "Epoch Times - World", "user": null, "language": "en-US", "thumbnail": null}, {"source": "https://feed.theepochtimes.com/world/feed", "title": "Melbourne\u2019s e-Scooter Trial Extended Again", "description": "In this file image, a row of electric scooters is seen in in London, England on July 5, 2021. (Leon Neal/Getty Images)", "link": "https://www.theepochtimes.com/world/melbournes-e-scooter-trial-extended-again-5505029", "date_published": "2023-10-06T06:28:16+00:00", "bookmarked": false, "dead": null, "artist": "Epoch Times - World", "album": "Epoch Times - World", "user": null, "language": "en-US", "thumbnail": null}, {"source": "https://feed.theepochtimes.com/world/feed", "title": "\u2018Incredibly Weak\u2019: Greens Push Victorian Government to Pass Lenient Bail Laws", "description": "Victorian Deputy Premier Jacinta Allan addresses the media during a press conference in Melbourne, Australia, on Dec. 29, 2020. (AAP Image/James Ross)", "link": "https://www.theepochtimes.com/world/incredibly-weak-greens-push-victorian-government-to-pass-lenient-bail-laws-5504990", "date_published": "2023-10-06T05:25:21+00:00", "bookmarked": false, "dead": null, "artist": "Epoch Times - World", "album": "Epoch Times - World", "user": null, "language": "en-US", "thumbnail": null}, {"source": "https://feed.theepochtimes.com/world/feed", "title": "NSW Commission Calls for 2 Million Flu Jabs in Mass Campaign Against the Flu", "description": "Three 10-dose influenza virus vaccine vials are seen at Ballin Pharmacy in Chicago, Illinois on October 8, 2004. (Tim Boyle/Getty Images)", "link": "https://www.theepochtimes.com/world/nsw-commission-calls-for-2-million-flu-jabs-in-mass-campaign-against-the-flu-5505026", "date_published": "2023-10-06T04:56:54+00:00", "bookmarked": false, "dead": null, "artist": "Epoch Times - World", "album": "Epoch Times - World", "user": null, "language": "en-US", "thumbnail": null}, {"source": "https://feed.theepochtimes.com/world/feed", "title": "Australia Will Closely Monitor the UK\u2019s Crackdown on Cigarettes: Health Minister", "description": "A person shows off the new rubbish bins for smokers as part of the ACC plan to keep cigarette butts off the streets, in Auckland, New Zealand, on Dec. 10 2004. (Michael Bradley/Getty Images)", "link": "https://www.theepochtimes.com/world/australia-will-closely-monitor-the-uks-crackdown-on-cigarettes-health-minister-5505015", "date_published": "2023-10-06T04:28:42+00:00", "bookmarked": false, "dead": null, "artist": "Epoch Times - World", "album": "Epoch Times - World", "user": null, "language": "en-US", "thumbnail": null}, {"source": "https://feed.theepochtimes.com/world/feed", "title": "Australian Living in the US Receives Multiple Mail-In Votes for the Voice Referendum", "description": "Two postal votes were received by an Australian voter currently living in Seattle (Credit: Aisling Salisbury)", "link": "https://www.theepochtimes.com/world/australian-living-in-the-us-receives-multiple-mail-in-votes-for-the-voice-referendum-5504988", "date_published": "2023-10-06T04:26:53+00:00", "bookmarked": false, "dead": null, "artist": "Epoch Times - World", "album": "Epoch Times - World", "user": null, "language": "en-US", "thumbnail": null}, {"source": "https://feed.theepochtimes.com/world/feed", "title": "Tropical Storm Philippe Chugs Toward Bermuda on Path to Atlantic Canada and New England", "description": "A satellite image shows Tropical Storm Philippe (center R) on Oct. 2 2023. (NOAA via AP)", "link": "https://www.theepochtimes.com/us/tropical-storm-philippe-chugs-toward-bermuda-on-path-to-atlantic-canada-and-new-england-5504834", "date_published": "2023-10-06T03:54:32+00:00", "bookmarked": false, "dead": null, "artist": "Epoch Times - World", "album": "Epoch Times - World", "user": null, "language": "en-US", "thumbnail": null}, {"source": "https://feed.theepochtimes.com/world/feed", "title": "Over 1,000 Coles, Woolies Workers Set to Strike", "description": "Coles and Woolworths signs are seen outside a shopping centre in Melbourne, Australia, on May 25, 2015. (Quinn Rooney/Getty Images)", "link": "https://www.theepochtimes.com/world/over-1000-coles-woolies-workers-set-to-strike-in-nationally-coordinated-effort-5504910", "date_published": "2023-10-06T03:38:01+00:00", "bookmarked": false, "dead": null, "artist": "Epoch Times - World", "album": "Epoch Times - World", "user": null, "language": "en-US", "thumbnail": null}, {"source": "https://feed.theepochtimes.com/world/feed", "title": "\u2018None of Us Understood\u2019 Hunka\u2019s Nazi Background, Says Freeland", "description": "Canada\u2019s Deputy Prime Minister Chrystia Freeland addresses a crowd at the Empire Club of Canada in Toronto, on June 16, 2022. (The Canadian Press/Cole Burston)", "link": "https://www.theepochtimes.com/world/none-of-us-understood-hunkas-nazi-background-says-freeland-5504719", "date_published": "2023-10-06T02:40:26+00:00", "bookmarked": false, "dead": null, "artist": "Epoch Times - World", "album": "Epoch Times - World", "user": null, "language": "en-US", "thumbnail": null}, {"source": "https://feed.theepochtimes.com/world/feed", "title": "Trudeau Contradicts Defence Officials on $1 Billion in Cuts to Military", "description": "Prime Minister Justin Trudeau arrives to a caucus meeting on Parliament Hill in Ottawa on Oct. 4, 2023. (The Canadian Press/Sean Kilpatrick)", "link": "https://www.theepochtimes.com/world/trudeau-contradicts-defence-officials-on-1-billion-in-cuts-to-military-5504702", "date_published": "2023-10-06T02:31:19+00:00", "bookmarked": false, "dead": null, "artist": "Epoch Times - World", "album": "Epoch Times - World", "user": null, "language": "en-US", "thumbnail": null}, {"source": "https://feed.theepochtimes.com/world/feed", "title": "York School Board Memo Directs Teachers to Keep Gender Transition of Students Secret From Parents", "description": "A person walks in the hall at a school in Scarborough, Ont., in a file photo. (The Canadian Press/Nathan Denette)", "link": "https://www.theepochtimes.com/world/york-school-board-memo-directs-teachers-to-keep-gender-transition-of-students-secret-from-parents-5504903", "date_published": "2023-10-06T01:22:21+00:00", "bookmarked": false, "dead": null, "artist": "Epoch Times - World", "album": "Epoch Times - World", "user": null, "language": "en-US", "thumbnail": null}, {"source": "https://feed.theepochtimes.com/world/feed", "title": "Chinese \u2018Thousand Talents\u2019 Scholar Serves on Academic Committee at Toronto Private School", "description": "A Chinese flag is seen among Canadian flags in the Hall of Honour on Parliament Hill in Ottawa in a file photo. (The Canadian Press/Adrian Wyld)", "link": "https://www.theepochtimes.com/world/chinese-thousand-talents-scholar-serves-on-academic-committee-at-toronto-private-school-5501088", "date_published": "2023-10-06T00:50:48+00:00", "bookmarked": false, "dead": null, "artist": "Epoch Times - World", "album": "Epoch Times - World", "user": null, "language": "en-US", "thumbnail": null}, {"source": "https://feed.theepochtimes.com/world/feed", "title": "Daniel Andrews Has Left Victoria Worse for Wear", "description": "Former Victorian Premier Daniel Andrews arrives ahead of the Labor caucus meeting  at Victorian Parliament House in Melbourne, Australia, on Sept. 27, 2023. (Asanka Ratnayake/Getty Images)", "link": "https://www.theepochtimes.com/opinion/daniel-andrews-has-left-victoria-worse-for-wear-5504406", "date_published": "2023-10-06T00:46:19+00:00", "bookmarked": false, "dead": null, "artist": "Epoch Times - World", "album": "Epoch Times - World", "user": null, "language": "en-US", "thumbnail": null}, {"source": "https://feed.theepochtimes.com/world/feed", "title": "Australian State Removes Common Anaesthetic in \u2018Low Carbon\u2019 Push", "description": "(Ryan M. Breeden/Getty Images)", "link": "https://www.theepochtimes.com/world/australian-state-removes-common-anaesthetic-in-low-carbon-push-5503615", "date_published": "2023-10-06T00:09:31+00:00", "bookmarked": false, "dead": null, "artist": "Epoch Times - World", "album": "Epoch Times - World", "user": null, "language": "en-US", "thumbnail": null}]