[{"source": "https://feeds.nbcnews.com/nbcnews/public/tech", "title": "Simone Biles wins her 6th world all-around gold medal, breaking her own record", "description": "Ten years after she won her first world title in Antwerp, Belgium, at age 16, Simone Biles added another all-around gold medal to her collection Friday in the same city where it all began.", "link": "https://www.nbcnews.com/news/sports/simone-biles-wins-6th-world-gold-medal-breaking-record-rcna119072", "date_published": "2023-10-06T19:50:58+00:00", "bookmarked": false, "dead": null, "artist": "NBC tech", "album": "NBC tech", "user": null, "language": "en-US", "thumbnail": "https://media-cldnry.s-nbcnews.com/image/upload/t_fit_1500w/rockcms/2023-10/231006-simone-biles-mjf-1403-69140e.jpg"}, {"source": "https://feeds.nbcnews.com/nbcnews/public/tech", "title": "NBA can shift the balance of power in media with its next rights deal", "description": "The National Basketball Association\u2019s upcoming decision on which companies will acquire the TV and streaming rights for its live games could transform the entire media industry.", "link": "https://www.nbcnews.com/media/nba-can-shift-balance-power-media-rights-deal-rcna119174", "date_published": "2023-10-06T12:49:09+00:00", "bookmarked": false, "dead": null, "artist": "NBC tech", "album": "NBC tech", "user": null, "language": "en-US", "thumbnail": "https://media-cldnry.s-nbcnews.com/image/upload/t_fit_1500w/rockcms/2023-10/231006-nba-mn-0825-3778f5.jpg"}, {"source": "https://feeds.nbcnews.com/nbcnews/public/tech", "title": "Iranian human rights activist Narges Mohammadi wins Nobel Peace Prize for fight against 'oppression of women'", "description": "Iranian human rights activist Narges Mohammadi won the Nobel Peace Prize on Friday for her fight against women's oppression in Iran and advocating for human rights.", "link": "https://www.nbcnews.com/news/world/iranian-human-rights-activist-narges-mohammadi-wins-nobel-peace-prize-rcna119156", "date_published": "2023-10-06T09:08:12+00:00", "bookmarked": false, "dead": null, "artist": "NBC tech", "album": "NBC tech", "user": null, "language": "en-US", "thumbnail": "https://media-cldnry.s-nbcnews.com/image/upload/t_fit_1500w/rockcms/2023-10/231003-nobel-statue-mb-0933-559dfc.jpg"}, {"source": "https://feeds.nbcnews.com/nbcnews/public/tech", "title": "During an online fundraiser, Matt Gaetz denounced the Biden impeachment effort as unserious", "description": "Rep. Matt Gaetz and Rep. Matt Rosendale denounced as a political stunt Republicans\u2019 high-stakes effort to impeach President Joe Biden.", "link": "https://www.nbcnews.com/politics/congress/gaetz-biden-impeachment-rosendale-rcna119131", "date_published": "2023-10-06T09:00:00+00:00", "bookmarked": false, "dead": null, "artist": "NBC tech", "album": "NBC tech", "user": null, "language": "en-US", "thumbnail": "https://media-cldnry.s-nbcnews.com/image/upload/t_fit_1500w/rockcms/2023-10/231005-Matt-Rosendale-matt-gaetz-ac-736p-0626db.jpg"}, {"source": "https://feeds.nbcnews.com/nbcnews/public/tech", "title": "It's not just long Covid: Symptoms can linger after other illnesses, leading to 'long colds'", "description": "How long do cold and flu symptoms last? New research finds that lingering cold symptoms can lead to a syndrome similar to long Covid, in this case, long colds.", "link": "https://www.nbcnews.com/health/health-news/long-cold-symptoms-last-long-covid-people-can-develop-long-colds-rcna119041", "date_published": "2023-10-06T09:00:00+00:00", "bookmarked": false, "dead": null, "artist": "NBC tech", "album": "NBC tech", "user": null, "language": "en-US", "thumbnail": "https://media-cldnry.s-nbcnews.com/image/upload/t_fit_1500w/rockcms/2023-10/231005-cold-stock-mn-1325-6983b4.jpg"}, {"source": "https://feeds.nbcnews.com/nbcnews/public/tech", "title": "Russia is taking a beating in the Black Sea. Is it plotting a new escalation?", "description": "Russia is seeking to target cargo ships carrying grain in the Black Sea, the U.K. says, planning to cover up the attacks by blaming them on Ukraine.", "link": "https://www.nbcnews.com/news/world/russia-planning-mine-black-sea-target-ukraine-grain-ships-rcna118946", "date_published": "2023-10-06T08:27:34+00:00", "bookmarked": false, "dead": null, "artist": "NBC tech", "album": "NBC tech", "user": null, "language": "en-US", "thumbnail": "https://media-cldnry.s-nbcnews.com/image/upload/t_fit_1500w/rockcms/2023-10/231005-putin-mb-1030-68d117.jpg"}, {"source": "https://feeds.nbcnews.com/nbcnews/public/tech", "title": "One-on-one with Taylor Lorenz", "description": "It started out as a way to grow person brands from home. Now, it\u2019s turned into a multi-billion dollar global industry. But are influencers starting to lose their influence now that they\u2019re getting paid? Stephanie Ruhle sits down one-on-one with Taylor Lorenz to find out and discuss her new book, \u201cExtremely Online.\u201d", "link": "https://www.msnbc.com/11th-hour/watch/one-on-one-with-taylor-lorenz-194554437680", "date_published": "2023-10-06T03:56:17+00:00", "bookmarked": false, "dead": null, "artist": "NBC tech", "album": "NBC tech", "user": null, "language": "en-US", "thumbnail": "https://media-cldnry.s-nbcnews.com/image/upload/t_fit_1500w/mpx/2704722219/2023_10/1696564560329_n_11thhour_influencers_231005_1920x1080-xns4jb.jpg"}, {"source": "https://feeds.nbcnews.com/nbcnews/public/tech", "title": "New Jersey AG's public integrity unit reviewing handling of fatal crash involving Sen. Menendez's wife", "description": "New Jersey state investigators are now reviewing how officials handled a deadly 2018 car crash involving the woman who is now Sen. Bob Menendez's wife.", "link": "https://www.nbcnews.com/politics/congress/new-jersey-ags-public-integrity-unit-reviewing-handling-fatal-crash-in-rcna119140", "date_published": "2023-10-06T01:40:39+00:00", "bookmarked": false, "dead": null, "artist": "NBC tech", "album": "NBC tech", "user": null, "language": "en-US", "thumbnail": "https://media-cldnry.s-nbcnews.com/image/upload/t_fit_1500w/rockcms/2023-10/231005-bob-menendez-Nadine-Arslanian-ac-929p-a5d64c.jpg"}, {"source": "https://feeds.nbcnews.com/nbcnews/public/tech", "title": "Cyberattack cost MGM Resorts about $100 million, Las Vegas company says", "description": "The criminal cyberattack on MGM Resorts in Las Vegas last month resulted in the company losing around $100 million, it said in a Thursday evening filing with the Securities and Exchange Commission.", "link": "https://www.nbcnews.com/business/business-news/cyberattack-cost-mgm-resorts-100-million-las-vegas-company-says-rcna119138", "date_published": "2023-10-06T00:40:12+00:00", "bookmarked": false, "dead": null, "artist": "NBC tech", "album": "NBC tech", "user": null, "language": "en-US", "thumbnail": "https://media-cldnry.s-nbcnews.com/image/upload/t_fit_1500w/rockcms/2023-09/230913-mgm-resorts-se-157p-084ab1.jpg"}, {"source": "https://feeds.nbcnews.com/nbcnews/public/tech", "title": "Biden administration to resume direct deportation flights for Venezuelan migrants", "description": "The U.S. government has already identified people in federal custody who \u201cwill be removed promptly in the coming days,\u201d a senior Biden administration official said.", "link": "https://www.nbcnews.com/politics/white-house/us-resume-direct-deportation-flights-venezuelan-migrants-rcna119107", "date_published": "2023-10-06T00:18:13+00:00", "bookmarked": false, "dead": null, "artist": "NBC tech", "album": "NBC tech", "user": null, "language": "en-US", "thumbnail": "https://media-cldnry.s-nbcnews.com/image/upload/t_fit_1500w/rockcms/2023-10/231005-eagle-pass-texas-venezuelan-migrants-barbed-wire-ac-429p-fe742e.jpg"}]