{"entries": [{"source": "https://forsal.pl/.feed", "link": "https://forsal.pl/swiat/aktualnosci/artykuly/8635381,brazylia-jair-bolsonaro-zamach-stanu.html", "title": "Bolsonaro przygotowywa\u0142 zamach stanu", "date_published": "2023-01-13 21:35:31+00:00", "description": "<img align=\"right\" hspace=\"5\" src=\"https://ocdn.eu/pulscms-transforms/1/EYQktkuTURBXy83MWQ0NjZiOC1lMGZjLTQxNzctOWY2Ni1lODcyZDliYzU4YjMuanBlZ5GTBc0BHcyg\" />W dokumentach by\u0142ego brazylijskiego ministra sprawiedliwo\u015bci Andersona Torresa znaleziono projekt dekretu, przewiduj\u0105cy wprowadzenie w kraju nadzwyczajnych \u015brodk\u00f3w, kt\u00f3re mog\u0142y pozwoli\u0107 na anulowanie wyniku wybor\u00f3w prezydenckich, przegranych przez Jaira Bolsonaro - napisa\u0142 w pi\u0105tek dziennik &quot;Folha de S.Paulo&quot;.", "persistent": false, "language": "pl-PL", "user": null}, {"source": "https://forsal.pl/.feed", "link": "https://forsal.pl/swiat/bezpieczenstwo/artykuly/8635380,wybory-czechy-prorosyjscy-crackerzy.html", "title": "Prorosyjscy crackerzy pr\u00f3bowali zhakowa\u0107 wybory w Czechach", "date_published": "2023-01-13 21:28:53+00:00", "description": "<img align=\"right\" hspace=\"5\" src=\"https://ocdn.eu/pulscms-transforms/1/PDSktkuTURBXy8xZTJjMmRiMC1mOGE5LTRhMmUtOTBjZi1kOTg1ZmU1NTc0NWMuanBlZ5GTBc0BHcyg\" />Pierwszy dzie\u0144 wybor\u00f3w prezydenckich w Czechach przebiega\u0142 prawie bez incydent\u00f3w, ale dwa sztaby kandydat\u00f3w zg\u0142osi\u0142y w pi\u0105tek ataki hakerskie na ich serwery. Ataki potwierdzi\u0142 Krajowy Urz\u0105d do spraw bezpiecze\u0144stwa cybernetycznego i informatycznego (NUKiB). Zdaniem ekspert\u00f3w ataki s\u0105 powi\u0105zane z dzia\u0142alno\u015bci\u0105 prorosyjskich haker\u00f3w.", "persistent": false, "language": "pl-PL", "user": null}, {"source": "https://forsal.pl/.feed", "link": "https://forsal.pl/swiat/aktualnosci/artykuly/8635379,odszkodowania-wojenne-dla-polski-pismo-do-onz.html", "title": "Polski ambasador wr\u0119czy\u0142 Zgromadzeniu Og\u00f3lnemu ONZ pismo nt. odszkodowa\u0144 wojennych", "date_published": "2023-01-13 21:18:57+00:00", "description": "<img align=\"right\" hspace=\"5\" src=\"https://ocdn.eu/pulscms-transforms/1/PQhktkuTURBXy81NmQ0N2MxZC05YWZkLTQ5ODItOTJkYy1lNjFmMGNlYjZlN2YuanBlZ5GTBc0BHcyg\" />Ambasador RP przy ONZ Krzysztof Szczerski spotka\u0142 si\u0119 w pi\u0105tek z przewodnicz\u0105cym Zgromadzenia Og\u00f3lnego ONZ Csab\u0105 Korosim i przekaza\u0142 mu pismo z pro\u015bb\u0105 o przyjrzenie si\u0119 sprawie odszkodowa\u0144 wojennych od Niemiec, o kt\u00f3re stara si\u0119 Polska. Jak powiedzia\u0142 PAP Szczerski, kopi\u0119 listu otrzyma\u0142 te\u017c sekretarz generalny ONZ Antonio Guterres.", "persistent": false, "language": "pl-PL", "user": null}, {"source": "https://forsal.pl/.feed", "link": "https://forsal.pl/swiat/aktualnosci/artykuly/8635367,christine-malmbrech-dymisja.html", "title": "Najbardziej k\u0142opotliwa minister niemieckiego rz\u0105du poda si\u0119 do dymisji?", "date_published": "2023-01-13 20:39:22+00:00", "description": "<img align=\"right\" hspace=\"5\" src=\"https://ocdn.eu/pulscms-transforms/1/1P-ktkuTURBXy8zZDA5YWY2ZS1iODNjLTRkMzktOWMxMS1jYjgwMGE4ZmFjYWYuanBlZ5GTBc0BHcyg\" />Niemiecka minister obrony narodowej Christine Lambrecht (SPD), najbardziej k\u0142opotliwy minister obecnego rz\u0105du, postanowi\u0142a poda\u0107 si\u0119 do dymisji \u2013 informuje w pi\u0105tek portal dziennika \u201eBild\u201d, powo\u0142uj\u0105c si\u0119 na kilka \u017ar\u00f3de\u0142.", "persistent": false, "language": "pl-PL", "user": null}, {"source": "https://forsal.pl/.feed", "link": "https://forsal.pl/gospodarka/polityka/artykuly/8635365,szymon-szynkowski-vel-sek-ustawa-o-sn-senat-poprawki.html", "title": "Szynkowski vel S\u0119k: Wprowadzanie poprawek do ustawy o SN to igranie z pozyskaniem \u015brodk\u00f3w europejskich", "date_published": "2023-01-13 20:13:51+00:00", "description": "<img align=\"right\" hspace=\"5\" src=\"https://ocdn.eu/pulscms-transforms/1/7MAktkuTURBXy9iMjkzMzQ1NC02ZDE4LTRlZmMtOTQwNy04NzlhZjA5OTExYTcuanBlZ5GTBc0BHcyg\" />Zwlekanie przez Senat lub wprowadzanie daleko id\u0105cych poprawek do nowelizacji ustawy o S\u0105dzie Najwy\u017cszym jest bardzo ryzykowne, jest de facto igraniem z pozyskaniem \u015brodk\u00f3w europejskich - m\u00f3wi\u0142 w pi\u0105tek minister ds. UE Szymon Szynkowski vel S\u0119k.", "persistent": false, "language": "pl-PL", "user": null}, {"source": "https://forsal.pl/.feed", "link": "https://forsal.pl/biznes/aktualnosci/artykuly/8635342,rafako-tauron-spor-o-jaworzno.html", "title": "Rafako vs. Tauron. Kolejny zwrot w sporze sp\u00f3\u0142ek", "date_published": "2023-01-13 19:51:25+00:00", "description": "<img align=\"right\" hspace=\"5\" src=\"https://ocdn.eu/pulscms-transforms/1/0axktkuTURBXy83ODBiZDdhYi05YTc5LTQ2MjgtOTU2Yy01ZDFhZWUxYTU5OGYuanBlZ5GTBc0BHcyg\" />Rafako wezwa\u0142o Tauron Wytwarzanie do zap\u0142aty 606,5 mln z\u0142 oraz sp\u00f3\u0142k\u0119 Tauron Polska Energia do zap\u0142aty 251,1 mln z\u0142 - poda\u0142a w pi\u0105tek w komunikacie sp\u00f3\u0142ka", "persistent": false, "language": "pl-PL", "user": null}, {"source": "https://forsal.pl/.feed", "link": "https://forsal.pl/swiat/aktualnosci/artykuly/8635338,joe-biden-tajne-dokumenty-biuro-willa-przeszukanie.html", "title": "Joe Biden ma k\u0142opoty? Co znajdowa\u0142o si\u0119 w tajnych dokumentach, kt\u00f3re \"zawieruszy\u0142y si\u0119\" w jego willi?", "date_published": "2023-01-13 19:33:22+00:00", "description": "<img align=\"right\" hspace=\"5\" src=\"https://ocdn.eu/pulscms-transforms/1/scPktkuTURBXy8xMzFkNWIwZS1jMjExLTRlMWYtYmM5YS02NWM5N2U5MDcyOGEuanBlZ5GTBc0BHcyg\" />W\u015br\u00f3d niejawnych dokument\u00f3w, znalezionych w domu i biurze Joe Bidena, by\u0142y materia\u0142y przygotowuj\u0105ce go do rozmowy z przewodnicz\u0105cym Rady Europejskiej i premierem Wielkiej Brytanii - przekaza\u0142a w pi\u0105tek CNN. Pochodzi\u0142y one z czasu, kiedy Biden - obecny prezydent USA - by\u0142 wiceprezydentem.", "persistent": false, "language": "pl-PL", "user": null}, {"source": "https://forsal.pl/.feed", "link": "https://forsal.pl/swiat/aktualnosci/artykuly/8634785,uganda-chiny-turcja-kontrakt-linie-kolejowe.html", "title": "Rz\u0105d Ugandy anuluje kontrakt na budow\u0119 linii kolejowej z Chinami. Mo\u017ce go przej\u0105\u0107 Turcja", "date_published": "2023-01-13 18:20:32+00:00", "description": "<img align=\"right\" hspace=\"5\" src=\"https://ocdn.eu/pulscms-transforms/1/QVKktkuTURBXy84YjJlMDYzYi02ZDQ1LTRmZjEtYjNjYy05MTljYzI1ODdhNWEuanBlZ5GTBc0BHcyg\" />Po o\u015bmiu latach oczekiwania na wdro\u017cenie projektu rz\u0105d Ugandy rozwi\u0105za\u0142 kontrakt o warto\u015bci 2,2 mld USD z China Harbor Engineering Company (CHEC) na budow\u0119 pierwszej w kraju dalekobie\u017cnej linii kolejowej. W perspektywie porozumienie z inwestorem tureckim - poda\u0142 w pi\u0105tek serwis The EastAfrican.", "persistent": false, "language": "pl-PL", "user": null}, {"source": "https://forsal.pl/.feed", "link": "https://forsal.pl/swiat/aktualnosci/artykuly/8634736,wybuch-gazociagu-litwa-lotwa.html", "title": "Wybuch gazoci\u0105gu \u0142\u0105cz\u0105cego Litw\u0119 z \u0141otw\u0105", "date_published": "2023-01-13 18:09:15+00:00", "description": "<img align=\"right\" hspace=\"5\" src=\"https://ocdn.eu/pulscms-transforms/1/ejxktkuTURBXy9hNzg3NzA0ZS0wMjhiLTRkMzctOGZiNS1iODdhZGEyMWMyNjIuanBlZ5GTBc0BHcyg\" />Litewski operator przesy\u0142u gazu Amber Grid poinformowa\u0142 w pi\u0105tek, \u017ce dosz\u0142o do eksplozji gazoci\u0105gu \u0142\u0105cz\u0105cego Litw\u0119 i \u0141otw\u0119 na odcinku w okolicach litewskiego miasta Paswol na p\u00f3\u0142nocy kraju. Nikt nie zosta\u0142 ranny.", "persistent": false, "language": "pl-PL", "user": null}, {"source": "https://forsal.pl/.feed", "link": "https://forsal.pl/gospodarka/polityka/artykuly/8634728,von-der-leyen-ustawa-o-sn.html", "title": "Wdro\u017cycie, to ocenimy. Von der Leyen o polskiej ustawie o SN", "date_published": "2023-01-13 17:25:58+00:00", "description": "<img align=\"right\" hspace=\"5\" src=\"https://ocdn.eu/pulscms-transforms/1/yx7ktkuTURBXy8wNzg3NjUzMC05NjI2LTQyYTAtODJhZS01YTQ0ZWMzZjAxODkuanBlZ5GTBc0BHcyg\" />Komisja Europejska oceni, czy ostatnie zmiany w polskim s\u0105downictwie mog\u0105 doprowadzi\u0107 do wyp\u0142aty \u015brodk\u00f3w z Funduszu Odbudowy dopiero wtedy, gdy nowe prawo zostanie wdro\u017cone - przekaza\u0142a przewodnicz\u0105ca KE Ursula von der Leyen w pi\u0105tek w szwedzkiej Kirunie.", "persistent": false, "language": "pl-PL", "user": null}, {"source": "https://forsal.pl/.feed", "link": "https://forsal.pl/finanse/notowania/artykuly/8634724,cena-ropy-13-stycznia.html", "title": "Ropa na rynku w pi\u0105tek dro\u017ceje o ponad 1 proc.", "date_published": "2023-01-13 17:08:23+00:00", "description": "<img align=\"right\" hspace=\"5\" src=\"https://ocdn.eu/pulscms-transforms/1/cuyktkuTURBXy9lYzViNDkzMS0wMGZlLTQ2MTctODQ4Mi1iODUwM2YxZGI4YzkuanBlZ5GTBc0BHcyg\" />Notowania ropy na rynku w pi\u0105tek wzros\u0142y o ponad 1 proc. Cena bary\u0142ki Brent zdro\u017ca\u0142a o nieco ponad 1 proc., do nieca\u0142ych 85 dol. Ameryka\u0144ska ropa WTI podro\u017ca\u0142a o 1,4 proc., do 79,5 dol. za bary\u0142k\u0119.", "persistent": false, "language": "pl-PL", "user": null}, {"source": "https://forsal.pl/.feed", "link": "https://forsal.pl/finanse/notowania/artykuly/8634723,gaz-tanieje-13-stycznia.html", "title": "Gaz na europejskim rynku w pi\u0105tek tanieje o ponad 5 proc.", "date_published": "2023-01-13 17:06:15+00:00", "description": "<img align=\"right\" hspace=\"5\" src=\"https://ocdn.eu/pulscms-transforms/1/4HmktkuTURBXy8yOGZiNGNhNS01N2FhLTQ0MzItYmY1Yy0xMDkwY2UwOTM4YTcuanBlZ5GTBc0BHcyg\" />Gaz w holenderskim hubie TTF w pi\u0105tek tanieje o ponad 5 proc. Wycena kontrakt\u00f3w z dostaw\u0105 w najbli\u017cszych miesi\u0105cach jest ju\u017c poni\u017cej 65 euro za MWh.", "persistent": false, "language": "pl-PL", "user": null}, {"source": "https://forsal.pl/.feed", "link": "https://forsal.pl/swiat/aktualnosci/artykuly/8634721,olaf-scholz-import-gazu-z-iraku.html", "title": "Import gazu z Iraku? Scholz jest na \"tak\"", "date_published": "2023-01-13 17:01:40+00:00", "description": "<img align=\"right\" hspace=\"5\" src=\"https://ocdn.eu/pulscms-transforms/1/Aq1ktkuTURBXy9mNWY4ZTY5MC1mNmU4LTQ4ZDEtOWI3Mi1jNGRmYjdjYmRlOGUuanBlZ5GTBc0BHcyg\" />Kanclerz Niemiec Olaf Scholz opowiedzia\u0142 si\u0119 za importem gazu z Iraku. &quot;Irak by\u0142by dla nas bardzo mile widzianym partnerem do wsp\u00f3\u0142pracy w zakresie importu gazu i ropy do Niemiec&quot; - powiedzia\u0142 Scholz w pi\u0105tek na konferencji prasowej z nowym premierem Iraku Mohammedem Szia al-Sudanim w Berlinie.", "persistent": false, "language": "pl-PL", "user": null}, {"source": "https://forsal.pl/.feed", "link": "https://forsal.pl/swiat/usa/artykuly/8634719,trump-organization-oszustwa-podatkowe-kara.html", "title": "Trump oszukiwa\u0142 na podatkach. Jego firma zap\u0142aci kar\u0119", "date_published": "2023-01-13 16:57:30+00:00", "description": "<img align=\"right\" hspace=\"5\" src=\"https://ocdn.eu/pulscms-transforms/1/PunktkuTURBXy8zY2M3OTM0NC00MzU0LTRjYzAtOTAxYS04YzZhZjgwMThjNTguanBlZ5GTBc0BHcyg\" />S\u0105d najwy\u017cszy stanu Nowy Jork nakaza\u0142 w pi\u0105tek Trump Organization - grupie sp\u00f3\u0142ek by\u0142ego prezydenta USA Donalda Trumpa - zap\u0142at\u0119 maksymalnej kary 1,61 mln dolar\u00f3w za trwaj\u0105ce przez 15 lat oszustwa podatkowe. Wcze\u015bniej dyrektor finansowy konglomeratu Allan Weisselberg zosta\u0142 skazany na pi\u0119\u0107 miesi\u0119cy wi\u0119zienia.", "persistent": false, "language": "pl-PL", "user": null}, {"source": "https://forsal.pl/.feed", "link": "https://forsal.pl/swiat/aktualnosci/artykuly/8634714,brazylia-jair-bolsonaro-zwolennicy.html", "title": "Brazylia: Radykalni zwolennicy Bolsonaro z zablokowanymi kontami", "date_published": "2023-01-13 16:45:02+00:00", "description": "<img align=\"right\" hspace=\"5\" src=\"https://ocdn.eu/pulscms-transforms/1/_x8ktkuTURBXy84MjRhZWQ4Ni04MThmLTQzOTEtODUzNy03ZjE5YjM1Y2EzZWQuanBlZ5GTBc0BHcyg\" />S\u0105d federalny w Brasilii nakaza\u0142 w pi\u0105tek zablokowa\u0107 maj\u0105tek 52 os\u00f3b i siedmiu firm, kt\u00f3re mia\u0142y sponsorowa\u0107 radykalnych zwolennik\u00f3w by\u0142ego prezydenta Brazylii Jaira Bolsonaro. Orzeczenie jest konsekwencj\u0105 niedzielnego szturmu prawicowych manifestant\u00f3w na budynki instytucji pa\u0144stwowych.", "persistent": false, "language": "pl-PL", "user": null}, {"source": "https://forsal.pl/.feed", "link": "https://forsal.pl/biznes/aktualnosci/artykuly/8634700,niemcy-fryzjer-przyjazd-do-polski-ceny-inflacja.html", "title": "Mieszka\u0144cy Niemiec przyje\u017cd\u017caj\u0105 do Polski, by farbowa\u0107 w\u0142osy", "date_published": "2023-01-13 16:43:16+00:00", "description": "<img align=\"right\" hspace=\"5\" src=\"https://ocdn.eu/pulscms-transforms/1/gxQktkuTURBXy82Yjc0MDBhYS0wNmRiLTQ5MzEtOGUzOS04N2ExNjNmZGM5NGQuanBlZ5GTBc0BHcyg\" />Fryzjerzy w stolicy Niemiec i Brandenburgii podwy\u017cszaj\u0105 ceny z powodu inflacji. Wi\u0119cej mieszka\u0144c\u00f3w RFN \u201eprzyje\u017cd\u017ca do Polski, by farbowa\u0107 w\u0142osy\u201d \u2013 pisze \u201eBerliner Zeitung\u201d.", "persistent": false, "language": "pl-PL", "user": null}, {"source": "https://forsal.pl/.feed", "link": "https://forsal.pl/finanse/finanse-osobiste/artykuly/8634711,lex-pilot-telewizja-oplaty.html", "title": "Lex Pilot. Mniejsza oferta, wi\u0119ksze op\u0142aty za telewizj\u0119", "date_published": "2023-01-13 16:41:19+00:00", "description": "<img align=\"right\" hspace=\"5\" src=\"https://ocdn.eu/pulscms-transforms/1/0P7ktkuTURBXy80MGNmYmFhMy0wZTBhLTQ5M2EtOGEyMy0zNTQ1NWVlNmFlNWQuanBlZ5GTBc0BHcyg\" />Regulacje, zawarte w projekcie prawa komunikacji elektronicznej, kt\u00f3ry dzisiaj trafi\u0142 do prac w sejmowej Komisji Cyfryzacji, Innowacyjno\u015bci i Nowoczesnych Technologii w zakresie tzw. Lex Pilot doprowadzi do wy\u017cszych op\u0142at za telewizj\u0119, przyczyni si\u0119 do pogorszenia jako\u015bci kana\u0142\u00f3w i ograniczy wyb\u00f3r, uwa\u017ca Polska Izba Komunikacji Elektronicznej (PKIE).", "persistent": false, "language": "pl-PL", "user": null}, {"source": "https://forsal.pl/.feed", "link": "https://forsal.pl/finanse/waluty/artykuly/8634710,zloty-euro-frank-dolar-13-stycznia.html", "title": "Sytuacja z\u0142otego na tle dolara, franka i euro", "date_published": "2023-01-13 16:33:24+00:00", "description": "<img align=\"right\" hspace=\"5\" src=\"https://ocdn.eu/pulscms-transforms/1/xnyktkuTURBXy9lMmFkNzVlYy02ODJjLTRmOTAtOWE1Yy03MTdkMjI1YjllNzYuanBlZ5GTBc0BHcyg\" />W pi\u0105tek po po\u0142udniu z\u0142oty traci na warto\u015bci do dolara i franka szwajcarskiego, kt\u00f3re kosztuj\u0105 odpowiednio 4,34 z\u0142 i 4,68 z\u0142. Euro jest po 4,70 z\u0142, stabilnie wzgl\u0119dem czwartku.", "persistent": false, "language": "pl-PL", "user": null}, {"source": "https://forsal.pl/.feed", "link": "https://forsal.pl/swiat/rosja/artykuly/8634706,rosja-media-zalecenia-informacje-o-wojnie-w-ukrainie.html", "title": "Media powinny m\u00f3wi\u0107, \u017ce jest to konflikt Rosji z NATO. Nowe zalecenia rosyjskiej armii ws. informacji o wojnie", "date_published": "2023-01-13 16:30:22+00:00", "description": "<img align=\"right\" hspace=\"5\" src=\"https://ocdn.eu/pulscms-transforms/1/CmEktkuTURBXy81YTM5ZjI1MS00ZjBkLTQ3ZWYtOThjZi01YjNiYzU2NzI0MGMuanBlZ5GTBc0BHcyg\" />Sztab rosyjskiej armii wyda\u0142 zalecenia w sprawie informowania o wojnie przeciwko Ukrainie, zgodnie z kt\u00f3rymi media powinny m\u00f3wi\u0107, \u017ce jest to konflikt Rosji z NATO, usprawiedliwia\u0107 ataki na ukrai\u0144sk\u0105 infrastruktur\u0119 cywiln\u0105 i podnosi\u0107 zas\u0142ugi formalnych dow\u00f3dc\u00f3w - przekaza\u0142 ukrai\u0144ski wywiad wojskowy w pi\u0105tek.", "persistent": false, "language": "pl-PL", "user": null}, {"source": "https://forsal.pl/.feed", "link": "https://forsal.pl/swiat/aktualnosci/artykuly/8634703,dlug-publiczny-pkb-strefa-euro.html", "title": "D\u0142ugi publiczne wielu pa\u0144stw strefy euro przekraczaj\u0105 ich PKB", "date_published": "2023-01-13 16:21:14+00:00", "description": "<img align=\"right\" hspace=\"5\" src=\"https://ocdn.eu/pulscms-transforms/1/g9JktkuTURBXy8yZTYyYWRlYy1hMWNmLTQyYTEtYmMzNS01YzAyMzRkYTgyOTIuanBlZ5GTBc0BHcyg\" />Najwi\u0119kszy d\u0142ug publiczny w UE maj\u0105: Grecja - 182 proc. w stosunku do PKB, W\u0142ochy - 150 proc., Portugalia - 123 proc., Hiszpania - 116,1 proc. - poda\u0142y w pi\u0105tek hiszpa\u0144skie media, przypominaj\u0105c, \u017ce Komisja Europejska zaleca \u201ekonsolidacj\u0119 fiskaln\u0105\u201d, co oznacza podwy\u017cszenie podatk\u00f3w lub zredukowanie wydatk\u00f3w bud\u017cetowych.", "persistent": false, "language": "pl-PL", "user": null}, {"source": "https://forsal.pl/.feed", "link": "https://forsal.pl/swiat/rosja/artykuly/8634702,rosja-bomby-w-zabawkach.html", "title": "Lalki i samochodziki-bomby. Perfidne dzia\u0142ania rosyjskiego agresora", "date_published": "2023-01-13 16:17:12+00:00", "description": "<img align=\"right\" hspace=\"5\" src=\"https://ocdn.eu/pulscms-transforms/1/AnlktkuTURBXy8xZGUyMWZmMC0xMmJhLTQ4NmYtYWE0OS04NWE2ZDNiZTkxZWEuanBlZ5GTBc0BHcyg\" />Zast\u0119pca ministra koordynatora s\u0142u\u017cb specjalnych publikuje w mediach spo\u0142eczno\u015bciowych zdj\u0119cia min-pu\u0142apek, kt\u00f3re rosyjscy agresorzy montuj\u0105 na Ukrainie. \u015amierciono\u015bne \u0142adunki, kt\u00f3re sfotografowano, zosta\u0142y ukryte m.in. w lalce przypominaj\u0105cej niemowl\u0119, w graj\u0105cej zabawce, w samochodziku z klock\u00f3w. Zdaniem Stanis\u0142awa \u017baryna to kolejna rosyjska zbrodnia wojenna.", "persistent": false, "language": "pl-PL", "user": null}, {"source": "https://forsal.pl/.feed", "link": "https://forsal.pl/gospodarka/aktualnosci/artykuly/8634693,kpo-kiedy-pieniadze.html", "title": "Ustawa przeg\u0142osowana, kiedy kasa z KPO? [KOMENTARZ]", "date_published": "2023-01-13 16:01:23+00:00", "description": "<img align=\"right\" hspace=\"5\" src=\"https://ocdn.eu/pulscms-transforms/1/H-tktkuTURBXy8zYjlmMTBmNC02ZWRkLTRkYzEtODM0Mi1jMGYzZmQ3NTI2NWEuanBlZ5GTBc0BHcyg\" />Wygrana PiS w Sejmie przy g\u0142osowaniu nad ustaw\u0105 o SN rzeczywi\u015bcie zbli\u017ca nas do odblokowania 36 mld euro z KPO. Ale to jeszcze nie znaczy, \u017ce droga do tych pieni\u0119dzy nie jest d\u0142uga i kr\u0119ta.", "persistent": false, "language": "pl-PL", "user": null}, {"source": "https://forsal.pl/.feed", "link": "https://forsal.pl/gospodarka/galeria/8634678,tunel-swinoujscie-budowa-zdjecia.html", "title": "Koniec budowy tunelu w \u015awinouj\u015bciu coraz bli\u017cej. Zobacz ZDJ\u0118CIA", "date_published": "2023-01-13 15:52:07+00:00", "description": "<img align=\"right\" hspace=\"5\" src=\"https://ocdn.eu/pulscms-transforms/1/8efktkuTURBXy8yZjA5YTEwOC1jOWE5LTQzN2QtYTY3Ni1hNTkwMmU5YzE4NzcuanBlZ5GTBc0BHcyg\" />W tunelu pomi\u0119dzy wyspami Uznam i Wolin trwaj\u0105 prace porz\u0105dkowe przed rozpocz\u0119ciem wylewania asfaltu na nawierzchni\u0119 drogow\u0105. Pierwsze pojazdy przejad\u0105 nim jeszcze przed tegorocznymi wakacjami. Zobacz, jak teraz wygl\u0105da najd\u0142u\u017csza podwodna przeprawa w Polsce.", "persistent": false, "language": "pl-PL", "user": null}, {"source": "https://forsal.pl/.feed", "link": "https://forsal.pl/biznes/energetyka/artykuly/8634675,ustawa-elektrownie-wiatrowe-zasada-10h.html", "title": "Zniesienie zasady 10H. Nowelizacja ustawy o elektrowniach wiatrowych w komisji sejmowej", "date_published": "2023-01-13 14:59:53+00:00", "description": "<img align=\"right\" hspace=\"5\" src=\"https://ocdn.eu/pulscms-transforms/1/BTfktkuTURBXy83ZGNmYTJlYi02NDE1LTQyNTctYmE4Zi01Nzk0N2IzNzZjNjguanBlZ5GTBc0BHcyg\" />Rz\u0105dowy projekt nowelizacji ustawy o inwestycjach w zakresie elektrowni wiatrowych, zak\u0142adaj\u0105cy zniesienie zasady 10H, czyli zakazu lokowania elektrowni w promieniu wyznaczonym przez odleg\u0142o\u015b\u0107 r\u00f3wn\u0105 dziesi\u0119ciokrotno\u015bci ca\u0142kowitej wysoko\u015bci projektowanej elektrowni wiatrowej do zabudowy mieszkaniowej zosta\u0142 skierowany do prac w sejmowej Komisji do Spraw Energii, Klimatu i Aktyw\u00f3w Pa\u0144stwowych oraz Komisji Samorz\u0105du Terytorialnego i Polityki Regionalnej.", "persistent": false, "language": "pl-PL", "user": null}, {"source": "https://forsal.pl/.feed", "link": "https://forsal.pl/swiat/aktualnosci/artykuly/8634672,lotwa-praca-dla-rosyjskojezycznych-dziennikarzy.html", "title": "Represje wobec medi\u00f3w w Rosji i w Bia\u0142orusi. \u0141otwa daje mo\u017cliwo\u015b\u0107 uczciwej pracy rosyjskoj\u0119zycznym dziennikarzom", "date_published": "2023-01-13 14:51:53+00:00", "description": "<img align=\"right\" hspace=\"5\" src=\"https://ocdn.eu/pulscms-transforms/1/xN7ktkuTURBXy9lZDNiZmU5NC04Mzk2LTQyYjgtOWFhNi03NDRiYTI2YWNhMWQuanBlZ5GTBc0BHcyg\" />Radio Wolna Europa/Radio Swoboda (RFE/RL) otworzy\u0142o now\u0105 redakcj\u0119 w Rydze, gdzie b\u0119d\u0105 pracowa\u0107 m.in. dziennikarze z kilku rosyjskoj\u0119zycznych oddzia\u0142\u00f3w RFE, a w Wilnie niedawno otwarto redakcj\u0119, kt\u00f3ra zajmuje si\u0119 publikowaniem wiadomo\u015bci z Bia\u0142orusi.", "persistent": false, "language": "pl-PL", "user": null}, {"source": "https://forsal.pl/.feed", "link": "https://forsal.pl/biznes/artykuly/8634670,ceo-apple-obnizka-pensji.html", "title": "Finansowy cios w CEO Apple\u2019a. Jego wynagrodzenie spadnie o 40 proc.", "date_published": "2023-01-13 14:50:28+00:00", "description": "<img align=\"right\" hspace=\"5\" src=\"https://ocdn.eu/pulscms-transforms/1/Uw6ktkuTURBXy9iZmY4ZGNkOC1mNDcyLTQ4YzUtODk1Ny0yYWQxMGIyN2MwOTUuanBlZ5GTBc0BHcyg\" />Apple poinformowa\u0142o, \u017ce ca\u0142kowite wynagrodzenie dyrektora generalnego firmy spadnie w 2023 roku do 49 mln dol. - pisze CNBC.", "persistent": false, "language": "pl-PL", "user": null}, {"source": "https://forsal.pl/.feed", "link": "https://forsal.pl/finanse/finanse-osobiste/artykuly/8634667,podwyzki-cen-biletow-pkp-intercity-ko.html", "title": "Ogromne podwy\u017cki bilet\u00f3w na PKP Intercity nie maj\u0105 uzasadnienia. Wed\u0142ug klubu KO", "date_published": "2023-01-13 14:43:41+00:00", "description": "<img align=\"right\" hspace=\"5\" src=\"https://ocdn.eu/pulscms-transforms/1/0ZVktkuTURBXy8wMTc2MDcwZC1iNWI5LTQxMTQtOGIyNC1mMzYyNTQ5N2Q5NzMuanBlZ5GTBc0BHcyg\" />Ogromne podwy\u017cki bilet\u00f3w na PKP Intercity nie maj\u0105 uzasadnienia; ceny bilet\u00f3w mo\u017cna by nawet obni\u017cy\u0107, gdyby wprowadzono np. zerowy VAT na przejazdy kolejowe - m\u00f3wili na pi\u0105tkowej konferencji Urszula Zieli\u0144ska, Maciej Lasek i Franciszek Sterczewski z klubu KO.", "persistent": false, "language": "pl-PL", "user": null}, {"source": "https://forsal.pl/.feed", "link": "https://forsal.pl/swiat/unia-europejska/artykuly/8634662,christian-wigand-komisja-europejska-ustawa-o-sn.html", "title": "\"Pozostajemy w kontakcie z polskimi w\u0142adzami\". Rzecznik KE o ustawie o SN", "date_published": "2023-01-13 14:38:03+00:00", "description": "<img align=\"right\" hspace=\"5\" src=\"https://ocdn.eu/pulscms-transforms/1/7l6ktkuTURBXy8zM2QzNDMyMy04ZDZjLTRlYzUtODdmMC04YTJlY2E2ZDY0YzUuanBlZ5GTBc0BHcyg\" />Nowy projekt ustawy o s\u0105downictwie z\u0142o\u017cony przez polski rz\u0105d w grudniu 2022 r., a obecnie przyj\u0119ty przez Sejm, jest wa\u017cnym krokiem w kierunku wype\u0142nienia zobowi\u0105za\u0144 wynikaj\u0105cych z polskiego Krajowego Planu Odbudowy - powiedzia\u0142 PAP rzecznik Komisji Europejskiej Christian Wigand.", "persistent": false, "language": "pl-PL", "user": null}, {"source": "https://forsal.pl/.feed", "link": "https://forsal.pl/finanse/finanse-osobiste/artykuly/8634659,grecja-wzrost-cen-hotele.html", "title": "M\u00f3j drogi, grecki urlop. Jak wzros\u0142y ceny w hotelach?", "date_published": "2023-01-13 14:31:20+00:00", "description": "<img align=\"right\" hspace=\"5\" src=\"https://ocdn.eu/pulscms-transforms/1/c5uktkuTURBXy9mMTUxZTBjOC03YzUwLTQ5ZWQtYmRkNS1jYTAzNjZkMGM5Y2QuanBlZ5GTBc0BHcyg\" />Ceny w umowach, kt\u00f3re podpisuj\u0105 greccy hotelarze z g\u0142\u00f3wnymi europejskimi organizatorami wycieczek, wzros\u0142y \u015brednio o 12 procent w sezonie turystycznym 2023 w stosunku do zesz\u0142ego roku. W przypadku prywatnych rezerwacji wzrost cen mo\u017ce przekroczy\u0107 nawet 100 procent - poinformowa\u0142 w pi\u0105tek grecki portal Ekathimerini.", "persistent": false, "language": "pl-PL", "user": null}, {"source": "https://forsal.pl/.feed", "link": "https://forsal.pl/finanse/finanse-osobiste/artykuly/8634653,cena-paliw-pierwszy-tydzien-ferii.html", "title": "W pierwszym tygodniu ferii benzyna mo\u017ce podro\u017ce\u0107", "date_published": "2023-01-13 14:23:41+00:00", "description": "<img align=\"right\" hspace=\"5\" src=\"https://ocdn.eu/pulscms-transforms/1/fl8ktkuTURBXy9mMzcwYjc4MS03NmI4LTQ1Y2UtYmFlYy0zYmUyY2MwOTI4ZGYuanBlZ5GTBc0BHcyg\" />W pierwszym tygodniu ferii na stacje mog\u0105 wr\u00f3ci\u0107 kilkugroszowe podwy\u017cki - przewiduj\u0105 analitycy Refleksu. W przypadku benzyny i diesla to b\u0119dzie efekt wzrostu cen hurtowych od 13 stycznia i ewentualnych dalszych podwy\u017cek - wyja\u015bnili.", "persistent": false, "language": "pl-PL", "user": null}, {"source": "https://forsal.pl/.feed", "link": "https://forsal.pl/swiat/aktualnosci/artykuly/8634644,niemcy-wzrost-pkb-2022.html", "title": "Niemcy unikn\u0105 za\u0142amania gospodarczego. O ile wzros\u0142o PKB s\u0105siada z zachodu?", "date_published": "2023-01-13 14:08:18+00:00", "description": "<img align=\"right\" hspace=\"5\" src=\"https://ocdn.eu/pulscms-transforms/1/h7LktkuTURBXy8xZWQ0ZWM1ZC1hMjYzLTRhNWEtYWM4ZS0yMzUwOTFjMGYzYWMuanBlZ5GTBc0BHcyg\" />Mimo inflacji, wojny w Ukrainie i problem\u00f3w z dostawami niemiecka gospodarka odnotowa\u0142a wzrost w ubieg\u0142ym roku. Produkt krajowy brutto (PKB) wzr\u00f3s\u0142 o 1,9 procent - og\u0142osi\u0142 w pi\u0105tek Federalny Urz\u0105d Statystyczny na podstawie wst\u0119pnych szacunk\u00f3w. Gospodarka nie dor\u00f3wna\u0142a jednak wynikowi z roku 2021, kiedy to PKB poszed\u0142 w g\u00f3r\u0119 o 2,6 proc.", "persistent": false, "language": "pl-PL", "user": null}, {"source": "https://forsal.pl/.feed", "link": "https://forsal.pl/biznes/firma/artykuly/8634661,najwazniejsze-cechy-polskich-liderow-2023.html", "title": "Oto najwa\u017cniejsze cechy polskich lider\u00f3w w 2023 roku", "date_published": "2023-01-13 14:00:00+00:00", "description": "<img align=\"right\" hspace=\"5\" src=\"https://ocdn.eu/pulscms-transforms/1/5-tktkuTURBXy9jZTU3NmI2OC03NzE0LTQ5MjItOWJiMC02OTA2MTNkNDIyNzMuanBlZ5GTBc0BHcyg\" />Uczucie niepewno\u015bci zdominowa\u0142o Europ\u0119 i nie powinno nas dziwi\u0107, \u017ce przeci\u0119tny Polak czuje niepok\u00f3j my\u015bl\u0105c o 2023 roku \u2013 uwa\u017ca Piotr Arak z Polskiego Instytutu Ekonomicznego. Przed jakimi wyzwaniami staj\u0105 wi\u0119c polscy liderzy w perspektywie kolejnych 12 miesi\u0119cy? Jakie cechy i umiej\u0119tno\u015bci powinni przede wszystkim rozwija\u0107, by m\u00f3c im sprosta\u0107?", "persistent": false, "language": "pl-PL", "user": null}, {"source": "https://forsal.pl/.feed", "link": "https://forsal.pl/swiat/aktualnosci/artykuly/8634639,wybory-prezydenckie-czechy-2023.html", "title": "Wybory prezydenckie w Czechach. Faworyci maj\u0105 za sob\u0105 cz\u0142onkostwo w partii komunistycznej", "date_published": "2023-01-13 13:59:09+00:00", "description": "<img align=\"right\" hspace=\"5\" src=\"https://ocdn.eu/pulscms-transforms/1/Y2gktkuTURBXy8xNmJiMTM2MS1mOGRiLTRhN2MtYjBiZS02YWNhNmFiZjRmYTAuanBlZ5GTBc0BHcyg\" />O godz. 14.00 w pi\u0105tek w Czechach rozpocz\u0119\u0142y si\u0119 bezpo\u015brednie wybory prezydenckie, w kt\u00f3rych uczestniczy o\u015bmioro kandydat\u00f3w. Prezydent Milosz Zeman ko\u0144czy drug\u0105 kadencj\u0119 i nie m\u00f3g\u0142 ju\u017c kandydowa\u0107. Lokale wyborcze zostan\u0105 zamkni\u0119te o godz. 22.00 i ponownie b\u0119d\u0105 czynne w sobot\u0119 od godz. 8.00 do 14.00.", "persistent": false, "language": "pl-PL", "user": null}, {"source": "https://forsal.pl/.feed", "link": "https://forsal.pl/swiat/aktualnosci/artykuly/8634637,pakt-wolnych-miast-spotkanie-rekonstrukcja-ukrainy.html", "title": "Spotkanie przedstawicieli Paktu Wolnych Miast. Powstanie Dom Rekonstrukcji Ukrainy?", "date_published": "2023-01-13 13:48:04+00:00", "description": "<img align=\"right\" hspace=\"5\" src=\"https://ocdn.eu/pulscms-transforms/1/1SEktkuTURBXy8zNDUwNGZmNy0zNzExLTRlYjUtYmY5OC03MGUwNDlkOTVjNjAuanBlZ5GTBc0BHcyg\" />W pi\u0105tek przed po\u0142udniem czterej w\u0142odarze miast europejskich: Warszawy, Pragi, Bratys\u0142awy i Budapesztu zrzeszeni w Pakcie Wolnych Miast, dojechali do Warszawy. Przez dwa dni go\u015bcili na Ukrainie.", "persistent": false, "language": "pl-PL", "user": null}, {"source": "https://forsal.pl/.feed", "link": "https://forsal.pl/gospodarka/finanse-publiczne/artykuly/8634618,ustawa-o-pomocy-obywatelom-ukrainy-nowelizacja.html", "title": "Od marca uchod\u017acy b\u0119d\u0105 partycypowa\u0107 w kosztach utrzymania w o\u015brodkach zbiorowego zakwaterowania", "date_published": "2023-01-13 13:29:36+00:00", "description": "<img align=\"right\" hspace=\"5\" src=\"https://ocdn.eu/pulscms-transforms/1/APxktkuTURBXy85MTg5MTRhOC1kYmI2LTRkMmUtOTUyOS0xMDAyMzM4OTllZWYuanBlZ5GTBc0BHcyg\" />Sejm odrzuci\u0142 poprawki Senatu do nowelizacji ustawy o pomocy obywatelom Ukrainy w zwi\u0105zku z konfliktem zbrojnym na terytorium tego pa\u0144stwa, przesuwaj\u0105ce termin wej\u015bcia w \u017cycie przepis\u00f3w dot. partycypacji uchod\u017ac\u00f3w w cz\u0119\u015bci koszt\u00f3w, zwi\u0105zanej z zakwaterowaniem i wy\u017cywieniem.", "persistent": false, "language": "pl-PL", "user": null}, {"source": "https://forsal.pl/.feed", "link": "https://forsal.pl/gospodarka/aktualnosci/artykuly/8634610,eksport-import-listopad-2022-polska.html", "title": "Po raz pierwszy od kwietnia 2021 r. warto\u015b\u0107 polskiego eksportu ros\u0142a szybciej ni\u017c warto\u015b\u0107 importu", "date_published": "2023-01-13 13:14:35+00:00", "description": "<img align=\"right\" hspace=\"5\" src=\"https://ocdn.eu/pulscms-transforms/1/bAsktkuTURBXy81MDkyYTM1Ny1jMjc0LTRmZTgtODJlMy0xMTMxNzliODRkMGEuanBlZ5GTBc0BHcyg\" />Eksport towar\u00f3w z Polski wzr\u00f3s\u0142 o 20,3 proc. w por\u00f3wnaniu do zesz\u0142ego roku, do 30 018 mln euro w listopadzie 2022 r., za\u015b import wzr\u00f3s\u0142 o 17,7 proc. do 31 514 mln euro, wynika z danych przedstawionych przez Narodowy Bank Polski (NBP). Po raz pierwszy od kwietnia 2021 r. warto\u015b\u0107 eksportu ros\u0142a szybciej ni\u017c warto\u015b\u0107 importu.", "persistent": false, "language": "pl-PL", "user": null}, {"source": "https://forsal.pl/.feed", "link": "https://forsal.pl/gospodarka/aktualnosci/artykuly/8634604,inflacja-fed-usa-stopy-procentowe.html", "title": "Eksperci: Odczyty inflacji CPI sugeruj\u0105, \u017ce tempo podwy\u017cek st\u00f3p w USA mo\u017ce zwolni\u0107", "date_published": "2023-01-13 13:04:53+00:00", "description": "<img align=\"right\" hspace=\"5\" src=\"https://ocdn.eu/pulscms-transforms/1/eywktkuTURBXy9iYTBkOTEwYy1jMzE1LTQxNDYtYTlhZi02Nzg4YWVlNDZjYjYuanBlZ5GTBc0BHcyg\" />Pomimo napi\u0119cia zwi\u0105zanego z rozbie\u017cno\u015bci\u0105 prognoz Rezerwy Federalnej (Fed) na ten rok z konsensusem rynkowym, odczyty inflacji CPI sugeruj\u0105, \u017ce tempo podwy\u017cek st\u00f3p procentowych w USA mo\u017ce zwolni\u0107 do 25 pkt bazowych na posiedzeniu Fed 1 lutego \u2013 przekazali w pi\u0105tek analitycy UBS.", "persistent": false, "language": "pl-PL", "user": null}, {"source": "https://forsal.pl/.feed", "link": "https://forsal.pl/swiat/aktualnosci/artykuly/8634599,niemiecki-polityk-ws-leopardow-dla-ukrainy-polska-przeszla-do-ofensywy-a-uparty-kanclerz-stoi-na-drodze.html", "title": "Niemiecki polityk ws. Leopard\u00f3w dla Ukrainy: Polska przesz\u0142a do ofensywy, a uparty kanclerz stoi na drodze", "date_published": "2023-01-13 12:56:02+00:00", "description": "<img align=\"right\" hspace=\"5\" src=\"https://ocdn.eu/pulscms-transforms/1/cXlktkuTURBXy9iMDc2MjVkMi1hNGUyLTQ4NzItYmU5NS1iNDJkYjc3YzViYjAuanBlZ5GTBc0BHcyg\" />Johann Wadephul (CDU), wiceszef frakcji Unii, zarzuci\u0142 kanclerzowi Scholzowi up\u00f3r w kwestii dostawy czo\u0142g\u00f3w na Ukrain\u0119. Wiele kraj\u00f3w od dawna chce co\u015b zrobi\u0107 w tej sprawie, \u201ePolska przesz\u0142a do ofensywy, a uparty kanclerz stoi na drodze\u201d \u2013 stwierdzi\u0142 Wadephul w pi\u0105tek w programie \u201eFruehstart\u201d RTL/ntv.", "persistent": false, "language": "pl-PL", "user": null}, {"source": "https://forsal.pl/.feed", "link": "https://forsal.pl/swiat/rosja/artykuly/8634592,rosja-dochody-najbiedniejsi-rosjanie-dochody.html", "title": "Oto grupa w Rosji, u kt\u00f3rej rosn\u0105 dochody podczas wojny. \"Wzrost \u015bwiadcze\u0144 socjalnych\"", "date_published": "2023-01-13 12:45:13+00:00", "description": "<img align=\"right\" hspace=\"5\" src=\"https://ocdn.eu/pulscms-transforms/1/CCNktkuTURBXy8xMWM5ODc1ZC02NzkxLTRkOTgtODhhZS1hMjIyYjcyMGY0Y2EuanBlZ5GTBc0BHcyg\" />Wzrost \u015bwiadcze\u0144 socjalnych, zwi\u0105zany z rosyjsk\u0105 inwazj\u0105 na Ukrain\u0119, podni\u00f3s\u0142 dochody najbiedniejszych w Rosji ponad dwukrotnie w stosunku do stopy inflacji; to jedyna grupa w Rosji, kt\u00f3ra radzi sobie tak dobrze - oceni\u0142a w pi\u0105tek agencja Bloomberga. Rosja przeznacza obecnie oko\u0142o dw\u00f3ch trzecich swojego bud\u017cetu na programy socjalne, obronne oraz bezpiecze\u0144stwa.", "persistent": false, "language": "pl-PL", "user": null}, {"source": "https://forsal.pl/.feed", "link": "https://forsal.pl/praca/aktualnosci/artykuly/8634578,praca-zdalna-zostaje-wprowadzona-do-kodeksu-pracy.html", "title": "Mal\u0105g: Praca zdalna zostaje wprowadzona do Kodeksu pracy", "date_published": "2023-01-13 12:28:59+00:00", "description": "<img align=\"right\" hspace=\"5\" src=\"https://ocdn.eu/pulscms-transforms/1/huektkuTURBXy9mMmVjYTg4My0wZmNkLTQ2MzItYWZlMC0wMWFiMzk2MDhmYWUuanBlZ5GTBc0BHcyg\" />Dzisiaj jest bardzo dobry dzie\u0144 \u2013 przeg\u0142osowano dwie bardzo wa\u017cne zmiany: nowelizacj\u0119 Kodeksu pracy i ustawy o przeciwdzia\u0142aniu przemocy w rodzinie. Praca zdalna funkcjonowa\u0142a do tej pory na mocy przepis\u00f3w covidowych, teraz zostaje wprowadzona do Kodeksu pracy \u2013 poinformowa\u0142a szefowa MRiPS Marlena Mal\u0105g.", "persistent": false, "language": "pl-PL", "user": null}, {"source": "https://forsal.pl/.feed", "link": "https://forsal.pl/gospodarka/inflacja/artykuly/8634577,inflacja-styczen-luty-prognozy.html", "title": "PKO BP: W styczniu i lutym inflacja wzro\u015bnie do 19-20 proc. r:r", "date_published": "2023-01-13 12:26:48+00:00", "description": "<img align=\"right\" hspace=\"5\" src=\"https://ocdn.eu/pulscms-transforms/1/83cktkuTURBXy9kMmJmOTk5MC1hMTI1LTQxMmItYmE0YS0zMzMxMDIwYjllN2UuanBlZ5GTBc0BHcyg\" />W styczniu i lutym br. inflacja CPI wzro\u015bnie do 19-20 proc. r/r, by wej\u015b\u0107 w trend spadkowy, kt\u00f3ry na koniec roku sprowadzi j\u0105 nieco poni\u017cej 10 proc. r/r. - prognozuj\u0105 ekonomi\u015bci PKO BP komentuj\u0105c dane GUS. Kluczowe znaczenie dla najbli\u017cszych dw\u00f3ch odczyt\u00f3w b\u0119d\u0105 mia\u0142y ceny energii i paliw - dodano.", "persistent": false, "language": "pl-PL", "user": null}, {"source": "https://forsal.pl/.feed", "link": "https://forsal.pl/gospodarka/polityka/artykuly/8634568,ziobro-ustawa-sn-polska-kpo.html", "title": "Ziobro: B\u0119dziemy podejmowa\u0107 wszystkie dzia\u0142ania, by rozwi\u0105zania ustawy o SN nie wesz\u0142y w \u017cycie", "date_published": "2023-01-13 12:16:55+00:00", "description": "<img align=\"right\" hspace=\"5\" src=\"https://ocdn.eu/pulscms-transforms/1/Xa3ktkuTURBXy8zNzUzN2ViNy1hNWE5LTQ1N2ItOGExYy0wYjFmZThmOTY0ODYuanBlZ5GTBc0BHcyg\" />B\u0119dziemy podejmowa\u0107 wszystkie mo\u017cliwe dzia\u0142ania, by rozwi\u0105zania ustawy o SN nie wesz\u0142y w \u017cycie, bo uwa\u017camy, \u017ce polityka prowadzona pod &quot;szanta\u017cem ze strony Brukseli czy Berlina&quot; musi si\u0119 dla Polski i dla Polak\u00f3w \u017ale sko\u0144czy\u0107 - powiedzia\u0142 w pi\u0105tek szef MS Zbigniew Ziobro.", "persistent": false, "language": "pl-PL", "user": null}, {"source": "https://forsal.pl/.feed", "link": "https://forsal.pl/gospodarka/polityka/artykuly/8634548,ustawa-o-sn-premier-kpo-ke.html", "title": "Premier ws. ustawy o SN: Trudny kompromis, ale przede wszystkim trzeba zako\u0144czy\u0107 sp\u00f3r z KE", "date_published": "2023-01-13 11:58:47+00:00", "description": "<img align=\"right\" hspace=\"5\" src=\"https://ocdn.eu/pulscms-transforms/1/LM8ktkuTURBXy9lNjEzMjYxOC03Yzc2LTRhMzgtODFmYy1kZjk2NzcwOTc5MjkuanBlZ5GTBc0BHcyg\" />Nowelizacja ustawy o S\u0105dzie Najwy\u017cszym to trudnym kompromis, ale przede wszystkim chodzi w niej o to, by zako\u0144czy\u0107 jeden sp\u00f3r i skupi\u0107 si\u0119 na prawdziwym przeciwniku, kt\u00f3ry jest na Wschodzie, nie na Zachodzie - powiedzia\u0142 premier Mateusz Morawiecki w Sejmie po uchwaleniu noweli.", "persistent": false, "language": "pl-PL", "user": null}, {"source": "https://forsal.pl/.feed", "link": "https://forsal.pl/gospodarka/polityka/artykuly/8634525,kpo-polska-ke-ustawa-rzad.html", "title": "Co dalej z polskim KPO? Jest komentarz rzecznika KE", "date_published": "2023-01-13 11:41:07+00:00", "description": "<img align=\"right\" hspace=\"5\" src=\"https://ocdn.eu/pulscms-transforms/1/QRhktkuTURBXy8yZDM5NjM2MS1mMWZmLTRlOWMtODJkYy0wNjcxMzAwOTQ1NDUuanBlZ5GTBc0BHcyg\" />Nowy projekt ustawy o s\u0105downictwie z\u0142o\u017cony przez polski rz\u0105d w grudniu 2022 r., a obecnie przyj\u0119ty przez Sejm, jest wa\u017cnym krokiem w kierunku wype\u0142nienia zobowi\u0105za\u0144 wynikaj\u0105cych z polskiego Krajowego Planu Odbudowy - powiedzia\u0142 PAP rzecznik Komisji Europejskiej Christian Wigand.", "persistent": false, "language": "pl-PL", "user": null}, {"source": "https://forsal.pl/.feed", "link": "https://forsal.pl/gospodarka/inflacja/artykuly/8634503,szczyt-inflacji-w-polsce-kiedy.html", "title": "ING: Szczyt inflacji przypadnie w lutym", "date_published": "2023-01-13 11:24:48+00:00", "description": "<img align=\"right\" hspace=\"5\" src=\"https://ocdn.eu/pulscms-transforms/1/4lbktkuTURBXy84NDZmN2I4Zi01NzI3LTQxOWUtYmIzOC01ZTNhZDRiNzA1YjYuanBlZ5GTBc0BHcyg\" />Szczyt inflacji nadal pozostaje przed nami, przypadnie w lutym 2023 i wyniesie ok. 20 proc. rdr - przewiduj\u0105 ekonomi\u015bci ING. Ich zdaniem bie\u017c\u0105cy rok b\u0119dzie up\u0142ywa\u0142 pod znakiem dezinflacji, jednak inflacja bazowa pozostanie wysoka.", "persistent": false, "language": "pl-PL", "user": null}, {"source": "https://forsal.pl/.feed", "link": "https://forsal.pl/gospodarka/aktualnosci/artykuly/8634485,wielka-brytania-recesja-gospodarka.html", "title": "Gospodarka Wielkiej Brytanii nie jest jeszcze w recesji?", "date_published": "2023-01-13 10:59:10+00:00", "description": "<img align=\"right\" hspace=\"5\" src=\"https://ocdn.eu/pulscms-transforms/1/-hNktkuTURBXy8yNTZmMjVlYi02NDRkLTQ4N2UtODNlYi0yMzMzOTE0Y2U2ZmUuanBlZ5GTBc0BHcyg\" />W listopadzie gospodarka Wielkiej Brytanii zanotowa\u0142a wzrost, a nie spadek PKB, kt\u00f3rego spodziewali si\u0119 analitycy, co znaczy, \u017ce wbrew podnoszonym od kilku tygodni obawom, kraj najprawdopodobniej nie jest jeszcze w recesji - poda\u0142 w pi\u0105tek urz\u0105d statystyczny ONS.", "persistent": false, "language": "pl-PL", "user": null}, {"source": "https://forsal.pl/.feed", "link": "https://forsal.pl/biznes/aktualnosci/artykuly/8634470,orlen-vc-dokonal-piatej-najwiekszej-dotad-inwestycji-w-platforme-shippeo.html", "title": "Orlen VC dokona\u0142 pi\u0105tej, najwi\u0119kszej dot\u0105d inwestycji, w platform\u0119 Shippeo", "date_published": "2023-01-13 10:48:15+00:00", "description": "<img align=\"right\" hspace=\"5\" src=\"https://ocdn.eu/pulscms-transforms/1/4DSktkuTURBXy83OGZhZDFmMS01OThlLTQ0MTMtOTczYi0xZDFlMDlmNmI3NzAuanBlZ5GTBc0BHcyg\" />Nale\u017c\u0105cy do PKN Orlen fundusz korporacyjny Orlen VC zrealizowa\u0142 pi\u0105t\u0105 i najwi\u0119ksz\u0105 jak do tej pory inwestycj\u0119 bezpo\u015bredni\u0105 - w platform\u0119 francuskiej firmy Shippeo, kt\u00f3ra pozwala wydajniej zarz\u0105dza\u0107 procesami logistycznymi w firmach operuj\u0105cych niemal w ka\u017cdej ga\u0142\u0119zi przemys\u0142u, poda\u0142 koncern. Pierwszy rok dzia\u0142alno\u015bci Orlen VC zamkn\u0105\u0142 z siedmioma inwestycjami kapita\u0142owymi w \u0142\u0105cznej kwocie ponad 150 mln z\u0142.", "persistent": false, "language": "pl-PL", "user": null}, {"source": "https://forsal.pl/.feed", "link": "https://forsal.pl/biznes/energetyka/artykuly/8634464,inwestycje-w-obiekty-energetyki-jadrowej.html", "title": "Sejm przyj\u0105\u0142 ustaw\u0119 o inwestycjach w obiekty energetyki j\u0105drowej", "date_published": "2023-01-13 10:43:20+00:00", "description": "<img align=\"right\" hspace=\"5\" src=\"https://ocdn.eu/pulscms-transforms/1/AMMktkuTURBXy8yYzE3NjYxYi04YzU2LTRjMzQtYWY4Yy1jOTYwMzg2YWRkYmYuanBlZ5GTBc0BHcyg\" />Sejm przyj\u0105\u0142 ustaw\u0119 o inwestycjach w zakresie obiekt\u00f3w energetyki j\u0105drowej w Polsce z pi\u0119cioma poprawkami. Umo\u017cliwi to przyspieszenie realizacji strategicznych dla bezpiecze\u0144stwa energetycznego projekt\u00f3w, zmniejszy ryzyko po stronie inwestor\u00f3w.", "persistent": false, "language": "pl-PL", "user": null}, {"source": "https://forsal.pl/.feed", "link": "https://forsal.pl/biznes/przemysl/artykuly/8634456,produkcja-przemyslowa-w-polsce-dane.html", "title": "Eurostat: Produkcja przemys\u0142owa w Polsce wzros\u0142a w listopadzie", "date_published": "2023-01-13 10:36:05+00:00", "description": "<img align=\"right\" hspace=\"5\" src=\"https://ocdn.eu/pulscms-transforms/1/NiQktkuTURBXy83ZjYzNjIxYS04MmZmLTRiY2QtYmQ1NS00NzMwZTMzZDExMzMuanBlZ5GTBc0BHcyg\" />Produkcja przemys\u0142owa w Polsce wzros\u0142a o 4,6% r/r w listopadzie 2022 r., poda\u0142 unijny urz\u0105d statystyczny Eurostat. W uj\u0119ciu miesi\u0119cznym, w Polsce produkcja wzros\u0142a o 1,3%.", "persistent": false, "language": "pl-PL", "user": null}, {"source": "https://forsal.pl/.feed", "link": "https://forsal.pl/swiat/rosja/artykuly/8634448,rosja-armia-wywiad-wojskowy.html", "title": "Wywiad wojskowy: Rosja d\u0105\u017cy do sformowania dwumilionowej armii", "date_published": "2023-01-13 10:31:20+00:00", "description": "<img align=\"right\" hspace=\"5\" src=\"https://ocdn.eu/pulscms-transforms/1/VakktkuTURBXy80NTQ4Nzc4Yi04MTVhLTQ1ZGEtYmYwOS01MmE3ODk0YmE1Y2MuanBlZ5GTBc0BHcyg\" />Dzia\u0142ania mobilizacyjne Rosji \u015bwiadcz\u0105, \u017ce d\u0105\u017cy ona do sformowania dwumilionowej armii \u2013 oceni\u0142 w pi\u0105tek G\u0142\u00f3wny Zarz\u0105d Wywiadu Ministerstwa Obrony Ukrainy (HUR). W ramach nowej fali mobilizacji do wojska mo\u017ce trafi\u0107 500 tysi\u0119cy os\u00f3b \u2013 ostrzeg\u0142 wywiad.", "persistent": false, "language": "pl-PL", "user": null}, {"source": "https://forsal.pl/.feed", "link": "https://forsal.pl/gospodarka/prawo/artykuly/8634427,sad-najwyzszy-nowelizacja-ustawy.html", "title": "Sejm uchwali\u0142 nowelizacj\u0119 ustawy o S\u0105dzie Najwy\u017cszym", "date_published": "2023-01-13 10:11:02+00:00", "description": "<img align=\"right\" hspace=\"5\" src=\"https://ocdn.eu/pulscms-transforms/1/LG0ktkuTURBXy85ZmMxZmIwNi0yM2NiLTRjNTUtYWQyYS1lOGZiNWMwNmJmNmYuanBlZ5GTBc0BHcyg\" />Sejm uchwali\u0142 nowelizacj\u0119 ustawy o S\u0105dzie Najwy\u017cszym w dniu 13 stycznia 2022 roku.", "persistent": false, "language": "pl-PL", "user": null}, {"source": "https://forsal.pl/.feed", "link": "https://forsal.pl/lifestyle/turystyka/artykuly/8634403,bon-turystyczny-do-kiedy-jest-wazny-ferie-zimowe.html", "title": "Bon turystyczny. Do kiedy jest wa\u017cny?", "date_published": "2023-01-13 09:44:59+00:00", "description": "<img align=\"right\" hspace=\"5\" src=\"https://ocdn.eu/pulscms-transforms/1/I2iktkuTURBXy85MTE1YmI4NS01ZGVlLTQ2OGUtYWI1YS02MjUzOWRmNWI4MDEuanBlZ5GTBc0BHcyg\" />Dotychczas nie aktywowano, nie u\u017cyto, b\u0105d\u017a u\u017cyto jedynie cz\u0119\u015bciowo ok. 1,7 mln bon\u00f3w turystycznych. Zgodnie z obowi\u0105zuj\u0105cymi przepisami mo\u017cna z nich skorzysta\u0107 jedynie do 31 marca br., przypomina Zak\u0142ad Ubezpiecze\u0144 Spo\u0142ecznych (ZUS).", "persistent": false, "language": "pl-PL", "user": null}, {"source": "https://forsal.pl/.feed", "link": "https://forsal.pl/gospodarka/inflacja/artykuly/8634398,inflacja-na-wegrzech-rekord.html", "title": "Inflacja na W\u0119grzech. Jest kolejny rekord", "date_published": "2023-01-13 09:32:59+00:00", "description": "<img align=\"right\" hspace=\"5\" src=\"https://ocdn.eu/pulscms-transforms/1/HG4ktkuTURBXy81YmJmMzBkYy1jODMwLTRjNTMtODNlZS1jMjMxM2IzZjhhMzcuanBlZ5GTBc0BHcyg\" />Podczas gdy w wielu krajach europejskich obserwuje si\u0119 spadek inflacji w ostatnim czasie, na W\u0119grzech odnotowano kolejny rekord. Wed\u0142ug danych w\u0119gierskiego G\u0142\u00f3wnego Urz\u0119du Statystycznego (KSH) \u015brednioroczna inflacja w 2022 r. by\u0142a najwy\u017csza od 25 lat.", "persistent": false, "language": "pl-PL", "user": null}, {"source": "https://forsal.pl/.feed", "link": "https://forsal.pl/biznes/rolnictwo/artykuly/8634397,ceny-nawozow-regulacje-ograniczajace.html", "title": "Kowalczyk: B\u0119d\u0105 regulacje ograniczaj\u0105ce ceny nawoz\u00f3w", "date_published": "2023-01-13 09:28:31+00:00", "description": "<img align=\"right\" hspace=\"5\" src=\"https://ocdn.eu/pulscms-transforms/1/b8kktkuTURBXy9jNzJiNmNmZC03NzE3LTRlY2YtOTc3ZS01NDA3NDlkM2U0MjguanBlZ5GTBc0BHcyg\" />B\u0119d\u0105 regulacje ograniczaj\u0105ce ceny nawoz\u00f3w, tak by utrzyma\u0107 je na akceptowalnym poziomie - poinformowa\u0142 w pi\u0105tek wicepremier, minister rolnictwa i rozwoju wsi Henryk Kowalczyk. Doda\u0142, \u017ce dwa tygodnie powinny pojawi\u0107 si\u0119 rozwi\u0105zania w tej sprawie.", "persistent": false, "language": "pl-PL", "user": null}, {"source": "https://forsal.pl/.feed", "link": "https://forsal.pl/biznes/aktualnosci/artykuly/8634389,synektik-mial-szacunkowo-130-mln-zl-przychodow-w-i-kw-rfin-20222023-wzrost-o-267-proc-rr.html", "title": "Synektik mia\u0142 szacunkowo 130 mln z\u0142 przychod\u00f3w w I kw. r.fin. 2022/2023, wzrost o 267 proc. r/r", "date_published": "2023-01-13 09:18:02+00:00", "description": "<img align=\"right\" hspace=\"5\" src=\"https://ocdn.eu/pulscms-transforms/1/dk1ktkuTURBXy84ZDM4M2FkNC02OTczLTQ3MjUtYmI5MC00NDk1NjlhNGRiMTguanBlZ5GTBc0BHcyg\" />Synektik odnotowa\u0142 szacunkowo 130 mln z\u0142 przychod\u00f3w w I kw. roku finansowego 2022/2023 (pa\u017adziernik-grudzie\u0144 2022), co oznacza wzrost o 267% r/r, poda\u0142a sp\u00f3\u0142ka. Spektakularny wzrost przychod\u00f3w to zas\u0142uga dynamicznego rozwoju segmentu dostaw sprz\u0119tu oraz us\u0142ug, nap\u0119dzanego przez sprzeda\u017c innowacyjnych system\u00f3w do terapii.", "persistent": false, "language": "pl-PL", "user": null}, {"source": "https://forsal.pl/.feed", "link": "https://forsal.pl/gospodarka/inflacja/artykuly/8634385,inflacja-w-grudniu-2022-roku-dane-ostateczne.html", "title": "Inflacja w grudniu. GUS poda\u0142 ostateczne dane", "date_published": "2023-01-13 09:00:32+00:00", "description": "<img align=\"right\" hspace=\"5\" src=\"https://ocdn.eu/pulscms-transforms/1/08-ktkuTURBXy8yZjI2YTc0Mi04ZDA3LTQ1ZjktYWRhMS1kMGE5ODBkMDIzYjUuanBlZ5GTBc0BHcyg\" />G\u0142\u00f3wny Urz\u0105d Statystyczny poda\u0142 ostateczne dane ws. inflacji w grudniu 2022 r. O ile wzros\u0142y ceny towar\u00f3w i us\u0142ug konsumpcyjnych?", "persistent": false, "language": "pl-PL", "user": null}, {"source": "https://forsal.pl/.feed", "link": "https://forsal.pl/lifestyle/turystyka/artykuly/8634376,ferie-2023-ceny-skipassow-ceny-noclegow.html", "title": "Ferie 2023. Ile zap\u0142acimy w tym roku? [CENY NOCLEG\u00d3W I SKIPASS\u00d3W]", "date_published": "2023-01-13 09:00:28+00:00", "description": "<img align=\"right\" hspace=\"5\" src=\"https://ocdn.eu/pulscms-transforms/1/cN7ktkuTURBXy85N2UwYWI5Ni1iZTFlLTQ1MzItYTdjMS0zZGU0OTJkMzY4NTcuanBlZ5GTBc0BHcyg\" />Ruszaj\u0105 ferie 2023. Jak w tym roku kszta\u0142tuj\u0105 si\u0119 ceny nocleg\u00f3w w turystycznych miejscowo\u015bciach, ile kosztuj\u0105 karnety narciarskie i jak mo\u017cna ciekawie sp\u0119dzi\u0107 na tzw. city breakach w du\u017cych miastach? Podpowiadamy!", "persistent": false, "language": "pl-PL", "user": null}, {"source": "https://forsal.pl/.feed", "link": "https://forsal.pl/lifestyle/turystyka/artykuly/8634376,ferie-2023-polska-jedzie-w-gory.html", "title": "Ferie 2023: Polska jedzie w g\u00f3ry", "date_published": "2023-01-13 09:00:28+00:00", "description": "<img align=\"right\" hspace=\"5\" src=\"https://ocdn.eu/pulscms-transforms/1/cN7ktkuTURBXy85N2UwYWI5Ni1iZTFlLTQ1MzItYTdjMS0zZGU0OTJkMzY4NTcuanBlZ5GTBc0BHcyg\" />Zima w tym roku sp\u0142ata\u0142a bran\u017cy turystycznej brzydkiego psikusa. W ca\u0142ej Polsce jest ciep\u0142o, a \u015bnieg mo\u017cna znale\u017a\u0107 tylko w g\u00f3rach. Oto kilka propozycji jak sp\u0119dzi\u0107 tegoroczn\u0105 zimow\u0105 przerw\u0119.", "persistent": false, "language": "pl-PL", "user": null}, {"source": "https://forsal.pl/.feed", "link": "https://forsal.pl/biznes/energetyka/artykuly/8634370,odbiorcy-ciepla-dodatkowe-przepisy-anna-moskwa.html", "title": "Moskwa: Rz\u0105d zamierza przedstawi\u0107 dodatkowe przepisy, chroni\u0105ce odbiorc\u00f3w ciep\u0142a", "date_published": "2023-01-13 08:52:22+00:00", "description": "<img align=\"right\" hspace=\"5\" src=\"https://ocdn.eu/pulscms-transforms/1/MJFktkuTURBXy85YmM5YzE2Zi0wY2RmLTQ3OGItODQ5MS1lMjZmZTEzM2VlNzQuanBlZ5GTBc0BHcyg\" />Rz\u0105d planuje w najbli\u017cszym czasie przedstawi\u0107 dodatkowe przepisy, chroni\u0105ce odbiorc\u00f3w ciep\u0142a, poinformowa\u0142a minister klimatu i \u015brodowiska Anna Moskwa.", "persistent": false, "language": "pl-PL", "user": null}, {"source": "https://forsal.pl/.feed", "link": "https://forsal.pl/gospodarka/prawo/artykuly/8634362,lgbt-kontra-tvp-przelomowe-orzeczenie-tsue.html", "title": "LGBT kontra TVP. Prze\u0142omowe orzeczenie TSUE", "date_published": "2023-01-13 08:38:53+00:00", "description": "<img align=\"right\" hspace=\"5\" src=\"https://ocdn.eu/pulscms-transforms/1/7Q2ktkuTURBXy9jM2FmZjU4Ni00YjI1LTQxNTQtOWQyZS1iZTAzNTIzMmNjMWMuanBlZ5GTBc0BHcyg\" />Zerwanie wsp\u00f3\u0142pracy z samozatrudnionym kontrahentem tylko z powodu jego orientacji seksualnej jest sprzeczne z prawem wsp\u00f3lnotowym i prawo polskie tak\u017ce powinno traktowa\u0107 takie zachowanie jako nier\u00f3wne traktowanie w zatrudnieniu \u2013 orzek\u0142 TSUE odpowiadaj\u0105c na pytanie prejudycjalne w sprawie jak\u0105 wytoczy\u0142 telewizji publicznej jej by\u0142y wsp\u00f3\u0142pracownik.", "persistent": false, "language": "pl-PL", "user": null}, {"source": "https://forsal.pl/.feed", "link": "https://forsal.pl/gospodarka/polityka/artykuly/8634357,sluzby-beda-mogly-korzystac-z-danych-z-komunikatorow.html", "title": "S\u0142u\u017cby b\u0119d\u0105 mog\u0142y korzysta\u0107 z danych z komunikator\u00f3w? Jest komentarz rzecznika rz\u0105du", "date_published": "2023-01-13 08:33:43+00:00", "description": "<img align=\"right\" hspace=\"5\" src=\"https://ocdn.eu/pulscms-transforms/1/2ydktkuTURBXy81NTA0MGEyZS0zODVhLTRjNDQtYmUzNi0xM2JhMDZmODc4YTkuanBlZ5GTBc0BHcyg\" />To aktualizacja uprawnie\u0144, je\u017celi chodzi o funkcjonowanie s\u0142u\u017cb pa\u0144stwowych w XXI w.; s\u0142u\u017cby b\u0119d\u0105 mog\u0142y korzysta\u0107 z danych z komunikator\u00f3w tylko w sytuacjach, gdy wynika to z przepis\u00f3w prawa i z kontrol\u0105 s\u0105d\u00f3w - m\u00f3wi\u0142 rzecznik rz\u0105du Piotr M\u00fcller pytany o zmiany w Prawie komunikacji elektronicznej.", "persistent": false, "language": "pl-PL", "user": null}, {"source": "https://forsal.pl/.feed", "link": "https://forsal.pl/swiat/rosja/artykuly/8634348,konfiskata-majatkow-osob-krytykujacych-wojne.html", "title": "Konfiskata maj\u0105tk\u00f3w os\u00f3b krytykuj\u0105cych wojn\u0119? W Rosji pojawi\u0142a si\u0119 propozycja ws. kary", "date_published": "2023-01-13 08:14:22+00:00", "description": "<img align=\"right\" hspace=\"5\" src=\"https://ocdn.eu/pulscms-transforms/1/LjHktkuTURBXy9hZjNmZTViNS0yYzYyLTQ3MWUtODNiMS1iNWIzMDUyZjE2YTYuanBlZ5GTBc0BHcyg\" />Przewodnicz\u0105cy Dumy Pa\u0144stwowej (ni\u017cszej izby rosyjskiego parlamentu) Wiaczes\u0142aw Wo\u0142odin proponuje konfiskat\u0119 maj\u0105tk\u00f3w os\u00f3b krytykuj\u0105cych wojn\u0119 oraz tych, kt\u00f3rzy wyjechali za granic\u0119; uwa\u017ca, \u017ce dotychczasowe ustawodawstwo przewiduje niedostateczne kary za &quot;dyskredytacj\u0119&quot; Rosji i dzia\u0142a\u0144 jej wojska - poinformowa\u0142a w pi\u0105tek agencja Reutera.", "persistent": false, "language": "pl-PL", "user": null}, {"source": "https://forsal.pl/.feed", "link": "https://forsal.pl/biznes/aktualnosci/artykuly/8634338,rafako-propozycja-taurona-o-zamrozeniu-kar.html", "title": "Rafako: Propozycja Taurona o \"zamro\u017ceniu\" kar nie znosi przes\u0142anek dla wniosku o upad\u0142o\u015b\u0107", "date_published": "2023-01-13 07:56:06+00:00", "description": "<img align=\"right\" hspace=\"5\" src=\"https://ocdn.eu/pulscms-transforms/1/u2UktkuTURBXy85MWU5MTliZi0wMDgzLTQ3NjEtYTEyNS1kM2IzY2I5ZmE0YzIuanBlZ5GTBc0BHcyg\" />Rafako zwraca uwag\u0119, \u017ce proponowane przez Tauron &quot;zamro\u017cenie&quot; noty ws. p\u0142atno\u015bci 1,31 mld z\u0142 kar i odszkodowa\u0144 zwi\u0105zanych z realizacj\u0105 bloku energetycznego 910 MW w Jaworznie nie jest zdefiniowane prawnie, a ponadto nie niweluje skutk\u00f3w wystawionej noty, poda\u0142a sp\u00f3\u0142ka. Rafako jest natomiast gotowe do dalszych mediacji.", "persistent": false, "language": "pl-PL", "user": null}, {"source": "https://forsal.pl/.feed", "link": "https://forsal.pl/swiat/unia-europejska/artykuly/8634331,ekspert-korumpowanie-waznych-europoslow-oplaca-sie-bo-maja-oni-wplyw-na-unijne-prawo.html", "title": "Ekspert: Korumpowanie wa\u017cnych europos\u0142\u00f3w op\u0142aca si\u0119, bo maj\u0105 oni wp\u0142yw na unijne prawo", "date_published": "2023-01-13 07:42:11+00:00", "description": "<img align=\"right\" hspace=\"5\" src=\"https://ocdn.eu/pulscms-transforms/1/cKYktkuTURBXy9kNmM0MjM1Mi0wOTU0LTQxYzQtYWE0NS01NTI0ZDY5YTFlZTkuanBlZ5GTBc0BHcyg\" />Firmom i pa\u0144stwom op\u0142aca si\u0119 korumpowanie wp\u0142ywowych eurodeputowanych; maj\u0105 oni wp\u0142yw na unijne prawo, a za jego po\u015brednictwem na rynek o wielko\u015bci prawie 500 mln os\u00f3b - m\u00f3wi w rozmowie z PAP dyrektor brytyjskiego think tanku analizuj\u0105cego polityk\u0119 europejsk\u0105 - The Bruges Group - Robert Oulds, komentuj\u0105c skandal korupcyjny w Parlamencie Europejskim.", "persistent": false, "language": "pl-PL", "user": null}, {"source": "https://forsal.pl/.feed", "link": "https://forsal.pl/biznes/energetyka/artykuly/8634327,zuzycie-gazu-w-polsce-w-2022-rok.html", "title": "O ile spad\u0142o zu\u017cycie gazu w Polsce w 2022 r. ? [DANE]", "date_published": "2023-01-13 07:39:06+00:00", "description": "<img align=\"right\" hspace=\"5\" src=\"https://ocdn.eu/pulscms-transforms/1/O3fktkuTURBXy84YTllZDM2YS1kYTE4LTRkYmMtOGYyNC1jOWE4ODM2N2FhMDkuanBlZ5GTBc0BHcyg\" />Wed\u0142ug wst\u0119pnych szacunk\u00f3w zu\u017cycie gazu ziemnego w 2022 r. mog\u0142o spa\u015b\u0107 o ok. 16-17 proc. wzgl\u0119dem roku poprzedniego \u2013 przekaza\u0142 PAP resort klimatu i \u015brodowiska. Podkre\u015blono, \u017ce system jest przygotowany na najmro\u017aniejsz\u0105 zim\u0119, a ryzyka wprowadzenia ogranicze\u0144 w poborze gazu na dzi\u015b nie ma.", "persistent": false, "language": "pl-PL", "user": null}, {"source": "https://forsal.pl/.feed", "link": "https://forsal.pl/swiat/aktualnosci/artykuly/8634325,wlochy-oddadza-do-dyspozycji-ukrainy-porty-w-triescie-i-weronie.html", "title": "W\u0142ochy oddadz\u0105 do dyspozycji Ukrainy porty w Trie\u015bcie i Weronie", "date_published": "2023-01-13 07:35:17+00:00", "description": "<img align=\"right\" hspace=\"5\" src=\"https://ocdn.eu/pulscms-transforms/1/gE6ktkuTURBXy8xNjdiMjU4Zi1iN2E5LTQ0OTEtODk3Yy05NDEwYzNlNGM5MzIuanBlZ5GTBc0BHcyg\" />W\u0142ochy oddadz\u0105 do dyspozycji Ukrainy swoje porty w Trie\u015bcie i Wenecji; w Rzymie w marcu odb\u0119dzie si\u0119 konferencja na temat odbudowy tego kraju - o takich ustaleniach poinformowa\u0142 w\u0142oski minister przedsi\u0119biorczo\u015bci Adolfo Urso po wizycie w Kijowie.", "persistent": false, "language": "pl-PL", "user": null}, {"source": "https://forsal.pl/.feed", "link": "https://forsal.pl/gospodarka/inflacja/artykuly/8634323,spadek-cen-zywnosci-w-2023-r-63-proc-polakow-nie-wierzy-w-to-badanie.html", "title": "Spadek cen \u017cywno\u015bci w 2023 r.? 63 proc. Polak\u00f3w nie wierzy w to [BADANIE]", "date_published": "2023-01-13 07:32:33+00:00", "description": "<img align=\"right\" hspace=\"5\" src=\"https://ocdn.eu/pulscms-transforms/1/Wi0ktkuTURBXy8xOWY1ODhiZS00NDM5LTRhMTEtODkzMi1kNWRmYmY3YTcxZTkuanBlZ5GTBc0BHcyg\" />Ponad 63 proc. Polak\u00f3w nie wierzy, \u017ce w tym roku dojdzie do spadku cen \u017cywno\u015bci w sklepach. Przesz\u0142o 36 proc. ankietowanych w og\u00f3le nie uwa\u017ca, aby mo\u017cliwy by\u0142 spadek cen kiedykolwiek - wynika z przekazanego PAP badania.", "persistent": false, "language": "pl-PL", "user": null}, {"source": "https://forsal.pl/.feed", "link": "https://forsal.pl/swiat/aktualnosci/artykuly/8634319,mitchell-ameryka-powinna-pomoc-ukrainie-szybko-pokonac-rosje-i-skupic-sie-na-chinach.html", "title": "Mitchell: Ameryka powinna pom\u00f3c Ukrainie szybko pokona\u0107 Rosj\u0119 i skupi\u0107 si\u0119 na Chinach", "date_published": "2023-01-13 07:31:39+00:00", "description": "<img align=\"right\" hspace=\"5\" src=\"https://ocdn.eu/pulscms-transforms/1/AxqktkuTURBXy8zYzIwYzJhMi1iNjQxLTRmYzItYjNmOC1jMWZjOGZiYTNmYjQuanBlZ5GTBc0BHcyg\" />USA powinny skupi\u0107 si\u0119 na zagro\u017ceniu p\u0142yn\u0105cym z Chin, ale w\u0142a\u015bnie dlatego w naszym interesie le\u017cy jak najszybsze pokonanie Rosji - m\u00f3wi PAP by\u0142y asystent zast\u0119pcy sekretarza stanu USA ds. europejskich Wess Mitchell. Jak dodaje, Chiny jednak w d\u0142ugim terminie mog\u0105 skorzysta\u0107 na efektach wojny.", "persistent": false, "language": "pl-PL", "user": null}, {"source": "https://forsal.pl/.feed", "link": "https://forsal.pl/gospodarka/aktualnosci/artykuly/8634318,paih-polski-eksport-wzrosl-ponad-25-krotnie-top-20.html", "title": "W 30 lat polski eksport wzr\u00f3s\u0142 ponad 25-krotnie. Jeste\u015bmy blisko wej\u015bcia do \u015bwiatowego TOP-20", "date_published": "2023-01-13 07:27:40+00:00", "description": "<img align=\"right\" hspace=\"5\" src=\"https://ocdn.eu/pulscms-transforms/1/-PUktkuTURBXy9hMzczMTIxMy01NTY2LTQzZWUtYjI3MS01YTQ2NjkxMjk4MmYuanBlZ5GTBc0BHcyg\" />W ci\u0105gu ostatnich trzech dekad polski eksport wzr\u00f3s\u0142 ponad dwudziestopi\u0119ciokrotnie - poinformowa\u0142 \u0141ukasz Grabowski z Polskiej Agencji Inwestycji i Handlu. Warto\u015b\u0107 eksportu stycze\u0144-pa\u017adziernik 2022 r. wynios\u0142a prawie 285 mld euro, zbli\u017caj\u0105c si\u0119 do psychologicznej granicy 300 mld euro - doda\u0142.", "persistent": false, "language": "pl-PL", "user": null}, {"source": "https://forsal.pl/.feed", "link": "https://forsal.pl/lifestyle/zdrowie/artykuly/8634315,osoby-suplementujace-witamine-d-rzadziej-choruja-na-czerniaka-skory-badania.html", "title": "Osoby suplementuj\u0105ce witamin\u0119 D rzadziej choruj\u0105 na czerniaka sk\u00f3ry [BADANIA]", "date_published": "2023-01-13 07:22:32+00:00", "description": "<img align=\"right\" hspace=\"5\" src=\"https://ocdn.eu/pulscms-transforms/1/5TGktkuTURBXy8xOWFhODBiMS02ZjllLTQ0ZjYtOTQ0NS03NmJmYThkNWE1NWIuanBlZ5GTBc0BHcyg\" />W\u015br\u00f3d os\u00f3b za\u017cywaj\u0105cych regularnie suplementy z witamin\u0105 D obserwuje si\u0119 mniej przypadk\u00f3w czerniaka sk\u00f3ry ni\u017c w\u015br\u00f3d tych, kt\u00f3rzy nie przyjmuj\u0105 tej witaminy \u2013 wynika z fi\u0144skiego badania, kt\u00f3re publikuje czasopismo &quot;Melanoma Research\u201d.", "persistent": false, "language": "pl-PL", "user": null}, {"source": "https://forsal.pl/.feed", "link": "https://forsal.pl/lifestyle/zdrowie/artykuly/8634311,wczesniejsza-emerytura-i-samotnosc-moga-przyspieszac-rozwoj-demencji-badania.html", "title": "Wcze\u015bniejsza emerytura i samotno\u015b\u0107 mog\u0105 przyspiesza\u0107 rozw\u00f3j demencji [BADANIA]", "date_published": "2023-01-13 07:21:05+00:00", "description": "<img align=\"right\" hspace=\"5\" src=\"https://ocdn.eu/pulscms-transforms/1/9NektkuTURBXy8xZDdlYTA4Yy1lMjI2LTQ1NGItYmM2OC05ZWJhNzNkZjYzZGMuanBlZ5GTBc0BHcyg\" />Wcze\u015bniejsze przechodzenie na emerytur\u0119, jak r\u00f3wnie\u017c izolacja spo\u0142eczna mog\u0105 przyspiesza\u0107 zaburzenia poznawcze i rozw\u00f3j demencji w starszym wieku \u2013 wynika z dw\u00f3ch ameryka\u0144skich bada\u0144.", "persistent": false, "language": "pl-PL", "user": null}, {"source": "https://forsal.pl/.feed", "link": "https://forsal.pl/lifestyle/zdrowie/artykuly/8634310,duze-osiagniecie-w-usa-wskaznik-zgonow-z-powodu-raka-spadl-o-jedna-trzecia.html", "title": "Du\u017ce osi\u0105gni\u0119cie w USA. Wska\u017anik zgon\u00f3w z powodu raka spad\u0142 o jedn\u0105 trzeci\u0105", "date_published": "2023-01-13 07:17:48+00:00", "description": "<img align=\"right\" hspace=\"5\" src=\"https://ocdn.eu/pulscms-transforms/1/c4mktkuTURBXy84YmEzODAwOC04MzU1LTQ4M2EtOGY0Mi1hYjc0MjI2ZjQwNDAuanBlZ5GTBc0BHcyg\" />W ci\u0105gu ostatnich trzech dekad w USA spad\u0142 wska\u017anik \u015bmiertelno\u015bci z powodu raka o jedn\u0105 trzeci\u0105. Eksperci wyra\u017caj\u0105 jednak niepok\u00f3j z powodu wzrostu liczby rozpozna\u0144 zaawansowanego raka prostaty.", "persistent": false, "language": "pl-PL", "user": null}, {"source": "https://forsal.pl/.feed", "link": "https://forsal.pl/finanse/waluty/artykuly/8634305,zloty-kurs-walut-euro-dolar-frank.html", "title": "Z\u0142oty traci do euro i dolara, umacnia si\u0119 wzgl\u0119dem franka szwajcarskiego", "date_published": "2023-01-13 07:15:43+00:00", "description": "<img align=\"right\" hspace=\"5\" src=\"https://ocdn.eu/pulscms-transforms/1/4cyktkuTURBXy83NTNhZjczNy00YzNmLTRhMzctYmM1My02MGQyMzgwYTM3NTcuanBlZ5GTBc0BHcyg\" />W pi\u0105tek rano z\u0142oty os\u0142abia si\u0119 wzgl\u0119dem euro o ok. 0,14 proc. - wsp\u00f3lna waluta wyceniana jest na blisko 4,70 z\u0142. Wzgl\u0119dem dolara z\u0142oty s\u0142abnie o 0,18 proc., umacnia si\u0119 natomiast w stosunku do franka szwajcarskiego o 0,03 proc.", "persistent": false, "language": "pl-PL", "user": null}, {"source": "https://forsal.pl/.feed", "link": "https://forsal.pl/lifestyle/technologie/artykuly/8634296,dlaczego-nie-powiodla-sie-misja-kosmiczna-virgin-orbit-firma-zapowiada-kolejna-probe.html", "title": "Dlaczego nie powiod\u0142a si\u0119 misja kosmiczna Virgin Orbit? Firma zapowiada kolejn\u0105 pr\u00f3b\u0119", "date_published": "2023-01-13 07:08:31+00:00", "description": "<img align=\"right\" hspace=\"5\" src=\"https://ocdn.eu/pulscms-transforms/1/36dktkuTURBXy9hMzE1YjgzZS0zYTUwLTQ0ZGUtYTkwOS1hOGU0Y2Y2NWY4YWIuanBlZ5GTBc0BHcyg\" />Firma Virgin Orbit zapewni\u0142a w czwartek, \u017ce podejmie kolejn\u0105 pr\u00f3b\u0119 wys\u0142ania rakiety w przestrze\u0144 kosmiczn\u0105 z portu kosmicznego w Kornwalii i przekaza\u0142a wst\u0119pne ustalenia na temat przyczyn niepowodzenia pierwszej misji, kt\u00f3ra mia\u0142a miejsce w poniedzia\u0142ek.", "persistent": false, "language": "pl-PL", "user": null}, {"source": "https://forsal.pl/.feed", "link": "https://forsal.pl/finanse/gielda/artykuly/8634295,wall-street-w-gore-pomogly-dane-o-inflacji.html", "title": "Wall Street w g\u00f3r\u0119. Pomog\u0142y dane o inflacji", "date_published": "2023-01-13 07:06:02+00:00", "description": "<img align=\"right\" hspace=\"5\" src=\"https://ocdn.eu/pulscms-transforms/1/6sfktkuTURBXy9hMzMzMGYyNy1kNWI5LTQ4MTYtYmZiYi1lOWUzMjFlOGQzMWMuanBlZ5GTBc0BHcyg\" />Czwartkowa sesja na Wall Street zako\u0144czy\u0142a si\u0119 wzrostami g\u0142\u00f3wnych indeks\u00f3w, a Nasdaq zanotowa\u0142 pi\u0105ty zwy\u017ckowy dzie\u0144 z rz\u0119du. W centrum uwagi jest rozpoczynaj\u0105cy si\u0119 w pi\u0105tek sezon publikacji wynik\u00f3w przez ameryka\u0144skie sp\u00f3\u0142ki za czwarty kwarta\u0142 2022 roku. Na pierwszy ogie\u0144 p\u00f3jd\u0105 najwi\u0119ksze banki.", "persistent": false, "language": "pl-PL", "user": null}, {"source": "https://forsal.pl/.feed", "link": "https://forsal.pl/swiat/ukraina/artykuly/8634293,zelenski-chce-utworzenia-hubow-zywnosciowych-w-afryce.html", "title": "Ze\u0142enski chce utworzenia hub\u00f3w \u017cywno\u015bciowych w Afryce", "date_published": "2023-01-13 07:04:00+00:00", "description": "<img align=\"right\" hspace=\"5\" src=\"https://ocdn.eu/pulscms-transforms/1/yrYktkuTURBXy83NmNjOTU3MS0wYTFkLTQzODItOWYxNi0zZmRiNTY4ODA3MmYuanBlZ5GTBc0BHcyg\" />Nasz\u0105 bardzo wa\u017cn\u0105 inicjatyw\u0105 jest utworzenie hub\u00f3w \u017cywno\u015bciowych w Afryce; mieszka\u0144cy kraj\u00f3w tego kontynentu ju\u017c zrozumieli, \u017ce bezpiecze\u0144stwo r\u00f3\u017cnych pa\u0144stw bezpo\u015brednio zale\u017cy od eksportu ukrai\u0144skiej \u017cywno\u015bci - oznajmi\u0142 w czwartek w wieczornym wyst\u0105pieniu na Facebooku prezydent Ukrainy Wo\u0142odymyr Ze\u0142enski.", "persistent": false, "language": "pl-PL", "user": null}, {"source": "https://forsal.pl/.feed", "link": "https://forsal.pl/swiat/unia-europejska/artykuly/8634292,irlandia-wprowadza-ostrzezenia-na-winie-jak-na-papierosach-wloscy-ministrowie-to-absurdalne.html", "title": "Irlandia wprowadza ostrze\u017cenia na winie jak na papierosach. W\u0142oscy ministrowie: To absurdalne", "date_published": "2023-01-13 07:01:46+00:00", "description": "<img align=\"right\" hspace=\"5\" src=\"https://ocdn.eu/pulscms-transforms/1/w0ektkuTURBXy8xYzJlZjk1Zi1mNzliLTRjM2EtODAzMC1kMmRhN2QyMzJhNzEuanBlZ5GTBc0BHcyg\" />W\u0142oscy ministrowie: spraw zagranicznych - Antonio Tajani i rolnictwa - Francesco Lollobrigida, w li\u015bcie do komisarza UE ds. rynku wewn\u0119trznego Thierry Bretona poprosili o interwencj\u0119 w zwi\u0105zku z decyzj\u0105 w\u0142adz Irlandii, kt\u00f3re postanowi\u0142y, \u017ce na butelkach z winem, piwem i likierem widnie\u0107 b\u0119dzie napis: &quot;Spo\u017cycie alkoholu powoduje choroby w\u0105troby&quot;. B\u0119dzie te\u017c ostrze\u017cenie o zwi\u0105zku mi\u0119dzy piciem alkoholu i nowotworami.", "persistent": false, "language": "pl-PL", "user": null}, {"source": "https://forsal.pl/.feed", "link": "https://forsal.pl/praca/aktualnosci/artykuly/8634286,wielki-strajk-na-brytyjskich-uniwersytetach-i-w-sluzbie-cywilnej.html", "title": "Wielki strajk na brytyjskich uniwersytetach i w s\u0142u\u017cbie cywilnej", "date_published": "2023-01-13 06:56:50+00:00", "description": "<img align=\"right\" hspace=\"5\" src=\"https://ocdn.eu/pulscms-transforms/1/m6KktkuTURBXy8wOThiNDJhNy1hZDZiLTQ2MTctOWU4OS1iOTg1NzFhMzEyYmMuanBlZ5GTBc0BHcyg\" />Dwa kolejne du\u017ce strajki zapowiedzia\u0142y w czwartek brytyjskie zwi\u0105zki zawodowe - a\u017c przez 18 dni strajkowa\u0107 b\u0119dzie ponad 70 tys. pracownik\u00f3w na 150 uniwersytetach, za\u015b jednodniowy protest przeprowadzi ok. 100 tys. pracownik\u00f3w s\u0142u\u017cby cywilnej.", "persistent": false, "language": "pl-PL", "user": null}, {"source": "https://forsal.pl/.feed", "link": "https://forsal.pl/swiat/usa/artykuly/8634284,wysylanie-czolgow-na-ukraine-pentagon-popieramy.html", "title": "Wysy\u0142anie czo\u0142g\u00f3w na Ukrain\u0119. Pentagon: Popieramy", "date_published": "2023-01-13 06:52:49+00:00", "description": "<img align=\"right\" hspace=\"5\" src=\"https://ocdn.eu/pulscms-transforms/1/zL-ktkuTURBXy9iYjU3NmIwYy0xZTc1LTQzNDAtOTJjOS0zYmFhMzBkZDVlNzAuanBlZ5GTBc0BHcyg\" />Absolutnie popieramy wysy\u0142anie jakichkolwiek zdolno\u015bci wojskowych Ukrainie, w tym czo\u0142g\u00f3w - o\u015bwiadczy\u0142 w czwartek rzecznik Pentagonu gen. Pat Ryder. Jednocze\u015bnie doda\u0142, \u017ce s\u0105 to suwerenne decyzje pa\u0144stw i nale\u017cy bra\u0107 w tym pod uwag\u0119 kwestie m.in. logistyki.", "persistent": false, "language": "pl-PL", "user": null}, {"source": "https://forsal.pl/.feed", "link": "https://forsal.pl/lifestyle/turystyka/artykuly/8633367,gdzie-jest-najwiecej-slonca-europa-miasta-sloneczne-miejsca.html", "title": "\"Najbardziej s\u0142oneczne\" miasta. Jeden kraj w Europie ma ich najwi\u0119cej", "date_published": "2023-01-13 05:50:32+00:00", "description": "<img align=\"right\" hspace=\"5\" src=\"https://ocdn.eu/pulscms-transforms/1/UXmktkuTURBXy9hNzMyOGRiMS04NTQwLTQyNWYtYmU2My0xOWI4Njk2ZDVhZGMuanBlZ5GTBc0BHcyg\" />W Hiszpanii jest najwi\u0119cej \u201enajbardziej s\u0142onecznych\u201d miast w Europie wed\u0142ug raportu na podstawie danych z World Weather Online, opublikowanego przez Holidu.", "persistent": false, "language": "pl-PL", "user": null}, {"source": "https://forsal.pl/.feed", "link": "https://forsal.pl/transport/kolej/artykuly/8633980,pkp-intercity-podwyzki-biletow-felieton-zbigniew-bartus.html", "title": "Bileciki do kontroli. Pa\u0144stwowy pr\u0105d kopie pa\u0144stwow\u0105 kolej, a kolej nas [FELIETON]", "date_published": "2023-01-13 05:30:53+00:00", "description": "<img align=\"right\" hspace=\"5\" src=\"https://ocdn.eu/pulscms-transforms/1/W3SktkuTURBXy9iODNmNTZlOS1mMDM1LTRmYTItOWJiOC05YjgyNzg3OGRkNTEuanBlZ5GTBc0BHcyg\" />Chc\u0119 wierzy\u0107, \u017ce nasza pa\u0144stwowa kolej jako jedyna w Europie wywindowa\u0142a w\u0142a\u015bnie ceny bilet\u00f3w po to, by mie\u0107 za co r\u00f3wna\u0107 do niemieckiej. Chc\u0119, ale nie wierz\u0119 - pisze w felietonie Zbigniew Bartu\u015b, publicysta Forsal.pl.", "persistent": false, "language": "pl-PL", "user": null}, {"source": "https://forsal.pl/.feed", "link": "https://forsal.pl/swiat/chiny/artykuly/8633986,chiny-handel-europa-polska-niemcy-zagrozenie-przyszlosc.html", "title": "Niebezpieczne uzale\u017cnienie od Chin? Smok mo\u017ce potraktowa\u0107 to jako \"bro\u0144\"", "date_published": "2023-01-13 05:30:51+00:00", "description": "<img align=\"right\" hspace=\"5\" src=\"https://ocdn.eu/pulscms-transforms/1/jzbktkuTURBXy8wZjNmNzZiZi00OTg0LTQ3OGItOTViZS1mMzE0M2VjNDVkZjguanBlZ5GTBc0BHcyg\" />Lekarstwa, urz\u0105dzenia, surowce\u2026 Kraje w Europie sprowadzaj\u0105 wiele rzeczy z Pa\u0144stwa \u015arodka. Jakie ryzyko dla Starego Kontynentu stwarza to uzale\u017cnienie od w\u0142adz w Pekinie?", "persistent": false, "language": "pl-PL", "user": null}, {"source": "https://forsal.pl/.feed", "link": "https://forsal.pl/swiat/ukraina/artykuly/8632696,wojna-w-ukrainie-nowy-porzadek-wykuwa-sie-w-ukrainie.html", "title": "Nowy \u015bwiat wykuwa si\u0119 w Ukrainie. Losy wojny przes\u0105dz\u0105 o przysz\u0142ym porz\u0105dku mi\u0119dzynarodowym", "date_published": "2023-01-13 05:30:40+00:00", "description": "<img align=\"right\" hspace=\"5\" src=\"https://ocdn.eu/pulscms-transforms/1/KF-ktkuTURBXy8wZTc5ZjUzMy1iZjBkLTQ1ZDYtYjMxNy01ZDkzMjFlMmE5ZGIuanBlZ5GTBc0BHcyg\" />Ukraina, dzi\u0119ki swojemu po\u0142o\u017ceniu i zasobom, ma kluczowe znaczenie strategiczne. Losy wojny w Ukrainie wp\u0142yn\u0105 na kszta\u0142t nowego \u015bwiatowego porz\u0105dku \u2013 pisze w opinii dla agencji Bloomberg prof. Hal Brands.", "persistent": false, "language": "pl-PL", "user": null}, {"source": "https://forsal.pl/.feed", "link": "https://forsal.pl/biznes/energetyka/artykuly/8633792,energetyczny-twist-szwecja-stala-sie-najwiekszym-eksporterem-pradu-w-europie.html", "title": "Energetyczny twist w Europie. Polska sta\u0142a si\u0119 eksporterem energii netto, Francja musia\u0142a importowa\u0107 [MAPA]", "date_published": "2023-01-13 05:30:32+00:00", "description": "<img align=\"right\" hspace=\"5\" src=\"https://ocdn.eu/pulscms-transforms/1/xmOktktTURBXy8yN2ZkYzVmYS02OTdkLTRiZjctOWU1Zi0wZjM3Y2YwOTNhYjgucG5nkZMFzQEdzKA\" />Kryzys energetyczny w 2022 roku namiesza\u0142 w obrocie energi\u0105 elektryczn\u0105 na Starym Kontynencie. Efekt? Szwecja sta\u0142a si\u0119 najwi\u0119kszym eksporterem pr\u0105du w Europie, a posiadaj\u0105ca najwi\u0119cej reaktor\u00f3w j\u0105drowych Francja musia\u0142a importowa\u0107 pr\u0105d.", "persistent": false, "language": "pl-PL", "user": null}, {"source": "https://forsal.pl/.feed", "link": "https://forsal.pl/gospodarka/artykuly/8633841,ebc-oczekiwania-inflacyjne-konsumentow-spadly.html", "title": "Konsumenci spodziewaj\u0105 si\u0119 ju\u017c ni\u017cszego wzrostu inflacji. S\u0105 nowe dane EBC", "date_published": "2023-01-13 05:30:14+00:00", "description": "<img align=\"right\" hspace=\"5\" src=\"https://ocdn.eu/pulscms-transforms/1/Y5VktkuTURBXy9lZjhhNjk5MC1mMGFmLTQxZGUtOGE0ZS0yZjRhMjNiYTQxNTEuanBlZ5GTBc0BHcyg\" />Oczekiwania konsument\u00f3w dotycz\u0105ce poziomu inflacji w ci\u0105gu najbli\u017cszych 12 miesi\u0119cy spad\u0142y po raz pierwszy od maja 2022 r., wynika z comiesi\u0119cznego badania Europejskiego Banku Centralnego.", "persistent": false, "language": "pl-PL", "user": null}, {"source": "https://forsal.pl/.feed", "link": "https://forsal.pl/lifestyle/psychologia/artykuly/8633739,jak-wychowywac-dzieci-osiagajace-sukcesy.html", "title": "Jak wychowywa\u0107 dziecko, by osi\u0105gn\u0119\u0142o sukces? Oto najskuteczniejszy styl", "date_published": "2023-01-13 05:30:03+00:00", "description": "<img align=\"right\" hspace=\"5\" src=\"https://ocdn.eu/pulscms-transforms/1/CbLktkuTURBXy9hMTUwN2ZmNS00YzZjLTQ1MDAtOTQ4OS0xNzQ1MWFmNDlkOTAuanBlZ5GTBc0BHcyg\" />Jaki jest najbardziej skuteczny styl wychowywania dzieci pod k\u0105tem osi\u0105gania przez nie sukces\u00f3w? Odpowiedzi\u0105 jest tzw. rodzicielstwo szacunku \u2013 pisze CNBC.", "persistent": false, "language": "pl-PL", "user": null}], "source": {"url": "https://forsal.pl/.feed", "title": "Forsal.pl"}}