{"entries": [{"source": "https://www.cnet.com/rss/all/", "link": "https://www.cnet.com/tech/services-and-software/new-apple-music-tv-and-devices-apps-now-available-on-windows/#ftag=CADf328eec", "title": "New Apple Music, TV and Devices Apps Now Available on Windows     - CNET", "date_published": "2023-01-13 23:51:39+00:00", "description": "You can forget about iTunes.", "persistent": false, "language": "en-US", "user": null}, {"source": "https://www.cnet.com/rss/all/", "link": "https://www.cnet.com/tech/home-entertainment/lg-recalls-over-52000-4k-tvs-over-tipping-hazards/#ftag=CADf328eec", "title": "LG Recalls Over 52,000 4K TVs Over Tipping Hazards     - CNET", "date_published": "2023-01-13 23:24:00+00:00", "description": "The included leg stands don't keep the TV stable enough, resulting in tip-overs.", "persistent": false, "language": "en-US", "user": null}, {"source": "https://www.cnet.com/rss/all/", "link": "https://www.cnet.com/how-to/10-effective-ways-to-deter-burglars-and-prevent-home-break-ins/#ftag=CADf328eec", "title": "10 Effective Ways to Deter Burglars and Prevent Home Break-Ins     - CNET", "date_published": "2023-01-13 23:00:13+00:00", "description": "Follow these steps to keep your home secure from would-be porch pirates and intruders.", "persistent": false, "language": "en-US", "user": null}, {"source": "https://www.cnet.com/rss/all/", "link": "https://www.cnet.com/culture/entertainment/the-mandalorian-season-3-new-trailer-hints-march-release-date-and-baby-yoda-future/#ftag=CADf328eec", "title": "'The Mandalorian' Season 3: New Trailer Hints, March Release Date and Baby Yoda's Future     - CNET", "date_published": "2023-01-13 22:37:38+00:00", "description": "The third season of the Star Wars show returns to Disney Plus in a few weeks, and a fresh trailer is coming Monday.", "persistent": false, "language": "en-US", "user": null}, {"source": "https://www.cnet.com/rss/all/", "link": "https://www.cnet.com/personal-finance/banking/pnc-bank-review/#ftag=CADf328eec", "title": "PNC Bank: 2023 Banking Review     - CNET", "date_published": "2023-01-13 22:18:00+00:00", "description": "Despite a notable high-yield savings account, PNC has relatively low savings rates and isn't available in all states.", "persistent": false, "language": "en-US", "user": null}, {"source": "https://www.cnet.com/rss/all/", "link": "https://www.cnet.com/science/new-us-government-ufo-report-adds-hundreds-of-sightings/#ftag=CADf328eec", "title": "New US Government UFO Report Adds Hundreds of Sightings     - CNET", "date_published": "2023-01-13 22:10:00+00:00", "description": "The US government now uses the term UAP, for \"unidentified aerial phenomena.\"", "persistent": false, "language": "en-US", "user": null}, {"source": "https://www.cnet.com/rss/all/", "link": "https://www.cnet.com/health/mental/7-habits-youll-need-to-better-your-mental-health/#ftag=CADf328eec", "title": "7 Habits You'll Need to Better Your Mental Health     - CNET", "date_published": "2023-01-13 22:00:00+00:00", "description": "Make your mental health a priority by using these seven daily habits.", "persistent": false, "language": "en-US", "user": null}, {"source": "https://www.cnet.com/rss/all/", "link": "https://www.cnet.com/tech/computing/10-horrible-tech-gadgets-from-the-last-25-years-that-just-suck/#ftag=CADf328eec", "title": "10 Horrible Tech Gadgets From the Last 25 Years That Just Suck     - CNET", "date_published": "2023-01-13 21:51:03+00:00", "description": "The annual CES show has given us thousands of gadgets this quarter-century. These are the worst.", "persistent": false, "language": "en-US", "user": null}, {"source": "https://www.cnet.com/rss/all/", "link": "https://www.cnet.com/news/frontpoint-home-security-review/#ftag=CADf328eec", "title": "Frontpoint Home Security Review: Ace DIY System Grounded by Pricey Subscription Fees     - CNET", "date_published": "2023-01-13 21:39:21+00:00", "description": "This DIY security system competes with offerings from industry leaders like SimpliSafe and Abode, but demands too much for its monthly monitoring fees.", "persistent": false, "language": "en-US", "user": null}, {"source": "https://www.cnet.com/rss/all/", "link": "https://www.cnet.com/health/medical/how-to-stop-drinking-8-tips-that-actually-work/#ftag=CADf328eec", "title": "How to Stop Drinking: 8 Tips That Actually Work     - CNET", "date_published": "2023-01-13 21:12:44+00:00", "description": "Use these tried-and-true tips to quit alcohol this year -- or just cut back.", "persistent": false, "language": "en-US", "user": null}, {"source": "https://www.cnet.com/rss/all/", "link": "https://www.cnet.com/how-to/making-distilled-water-at-home-is-easy-and-free-heres-how-to-do-it-in-5-steps/#ftag=CADf328eec", "title": "Making Distilled Water at Home Is Easy and Free. Here's How to Do It in 5 Steps     - CNET", "date_published": "2023-01-13 21:00:08+00:00", "description": "Why spend money on distilled water when you can easily make it yourself for free?", "persistent": false, "language": "en-US", "user": null}, {"source": "https://www.cnet.com/rss/all/", "link": "https://www.cnet.com/personal-finance/credit-cards/can-you-buy-a-gift-card-with-a-credit-card/#ftag=CADf328eec", "title": "Can You Buy a Gift Card With a Credit Card?     - CNET", "date_published": "2023-01-13 20:57:00+00:00", "description": "Yes -- and it can be quite rewarding. But there are risks, too.", "persistent": false, "language": "en-US", "user": null}, {"source": "https://www.cnet.com/rss/all/", "link": "https://www.cnet.com/personal-finance/social-security-cheat-sheet-2023-understand-your-benefits/#ftag=CADf328eec", "title": "Social Security Cheat Sheet 2023: Understand Your Benefits     - CNET", "date_published": "2023-01-13 20:30:09+00:00", "description": "Curious about the cost-of-living adjustment or other Social Security benefits questions? We have answers.", "persistent": false, "language": "en-US", "user": null}, {"source": "https://www.cnet.com/rss/all/", "link": "https://www.cnet.com/science/space/webb-telescope-finds-massive-shock-wave-wreaking-havoc-among-5-galaxies/#ftag=CADf328eec", "title": "Webb Telescope Finds Massive Shock Wave Wreaking Havoc Among 5 Galaxies     - CNET", "date_published": "2023-01-13 20:26:00+00:00", "description": "Larger than the Milky Way, this wave managed to form a mysterious hydrogen \"recycling plant\" in one of space's scariest regions.", "persistent": false, "language": "en-US", "user": null}, {"source": "https://www.cnet.com/rss/all/", "link": "https://www.cnet.com/personal-finance/mortgages/simmons-bank-home-equity-review/#ftag=CADf328eec", "title": "Simmons Bank: 2023 Home Equity Review     - CNET", "date_published": "2023-01-13 20:15:00+00:00", "description": "This lender offers limited information on its website about the terms of its HELOC.", "persistent": false, "language": "en-US", "user": null}, {"source": "https://www.cnet.com/rss/all/", "link": "https://www.cnet.com/science/space/youll-need-keen-eyes-to-spot-nasas-mars-helicopter-in-this-rover-image/#ftag=CADf328eec", "title": "You'll Need Keen Eyes to Spot NASA's Mars Helicopter in This Rover Image     - CNET", "date_published": "2023-01-13 20:06:00+00:00", "description": "Ingenuity is hiding out in the sandy Martian distance.", "persistent": false, "language": "en-US", "user": null}, {"source": "https://www.cnet.com/rss/all/", "link": "https://www.cnet.com/culture/entertainment/the-absolute-best-sci-fi-tv-shows-on-hbo-max-tonight/#ftag=CADf328eec", "title": "The Absolute Best Sci-Fi TV Shows on HBO Max     - CNET", "date_published": "2023-01-13 20:05:04+00:00", "description": "Don't worry, Station Eleven is in here.", "persistent": false, "language": "en-US", "user": null}, {"source": "https://www.cnet.com/rss/all/", "link": "https://www.cnet.com/science/biology/biggest-flower-ever-found-preserved-in-amber-is-at-least-33-million-years-old/#ftag=CADf328eec", "title": "Biggest Flower Ever Found Preserved in Amber Is at Least 33 Million Years Old     - CNET", "date_published": "2023-01-13 20:04:00+00:00", "description": "The absolute unit of a fossil flower has been given a new name.", "persistent": false, "language": "en-US", "user": null}, {"source": "https://www.cnet.com/rss/all/", "link": "https://www.cnet.com/health/medical/how-health-tech-wants-to-change-the-way-we-age/#ftag=CADf328eec", "title": "How Health Tech Wants to Change the Way We Age     - CNET", "date_published": "2023-01-13 20:03:00+00:00", "description": "We're all getting older. New technology, some of which was unveiled at CES this year, is bridging care gaps and keeping up with the times.", "persistent": false, "language": "en-US", "user": null}, {"source": "https://www.cnet.com/rss/all/", "link": "https://www.cnet.com/personal-finance/keep-this-cola-letter-in-a-safe-place-heres-why/#ftag=CADf328eec", "title": "Keep This COLA Letter in a Safe Place. Here's Why     - CNET", "date_published": "2023-01-13 20:00:10+00:00", "description": "Letters containing Social Security recipients' new 2023 COLA benefit amount arrived in December. Here's why you should probably keep it around.", "persistent": false, "language": "en-US", "user": null}, {"source": "https://www.cnet.com/rss/all/", "link": "https://www.cnet.com/culture/entertainment/hbo-max-the-absolute-best-sci-fi-movies-to-watch-this-evening/#ftag=CADf328eec", "title": "HBO Max: The Absolute Best Sci-Fi Movies to Watch     - CNET", "date_published": "2023-01-13 20:00:04+00:00", "description": "Looking for a sci-fi flick this evening? HBO Max is sci-fi movie central.", "persistent": false, "language": "en-US", "user": null}, {"source": "https://www.cnet.com/rss/all/", "link": "https://www.cnet.com/personal-finance/banking/what-is-annual-percentage-yield/#ftag=CADf328eec", "title": "What Is an Annual Percentage Yield?     - CNET", "date_published": "2023-01-13 19:51:00+00:00", "description": "It tells you how much you'll earn by depositing money into a savings account.", "persistent": false, "language": "en-US", "user": null}, {"source": "https://www.cnet.com/rss/all/", "link": "https://www.cnet.com/personal-finance/banking/what-is-overdraft-protection-and-do-you-need-it/#ftag=CADf328eec", "title": "What Is Overdraft Protection and Do You Need It?     - CNET", "date_published": "2023-01-13 19:42:00+00:00", "description": "Protect yourself from onerous overdraft fees.", "persistent": false, "language": "en-US", "user": null}, {"source": "https://www.cnet.com/rss/all/", "link": "https://www.cnet.com/tech/mobile/t-mobile-layoffs-hit-retail-staff-as-carrier-shifts-store-strategy/#ftag=CADf328eec", "title": "T-Mobile Layoffs Hit Retail Staff     - CNET", "date_published": "2023-01-13 19:20:00+00:00", "description": "The company is refocusing on more retail store formats.", "persistent": false, "language": "en-US", "user": null}, {"source": "https://www.cnet.com/rss/all/", "link": "https://www.cnet.com/science/space/funky-mars-rock-spotted-by-nasa-rover-might-be-a-meteorite/#ftag=CADf328eec", "title": "Funky Mars Rock Spotted by NASA Rover Might Be a Meteorite     - CNET", "date_published": "2023-01-13 19:16:00+00:00", "description": "The lumpy rock may have an off-world origin story.", "persistent": false, "language": "en-US", "user": null}, {"source": "https://www.cnet.com/rss/all/", "link": "https://www.cnet.com/tech/services-and-software/the-new-search-button-may-be-the-most-annoying-ios-16-feature-but-luckily-theres-a-fix/#ftag=CADf328eec", "title": "The New Search Button May Be the Most Annoying iOS 16 Feature, but There Is a Fix     - CNET", "date_published": "2023-01-13 19:15:03+00:00", "description": "If you keep accidentally hitting the new Search button on your iPhone, there's a way to completely remove it.", "persistent": false, "language": "en-US", "user": null}, {"source": "https://www.cnet.com/rss/all/", "link": "https://www.cnet.com/news/best-washing-machine/#ftag=CADf328eec", "title": "Best Washing Machine of 2023     - CNET", "date_published": "2023-01-13 19:09:49+00:00", "description": "Whether you're looking for a washing machine that won't break the bank, a machine that does it all or one that will easily fit in any small space, these are the best washing machines to buy right now.", "persistent": false, "language": "en-US", "user": null}, {"source": "https://www.cnet.com/rss/all/", "link": "https://www.cnet.com/science/space/nasas-james-webb-telescope-finds-its-first-exoplanet-a-major-milestone/#ftag=CADf328eec", "title": "NASA's James Webb Telescope Finds Its First Exoplanet, a Major Milestone     - CNET", "date_published": "2023-01-13 19:09:00+00:00", "description": "The world isn't too far off and nearly the exact same size as Earth.", "persistent": false, "language": "en-US", "user": null}, {"source": "https://www.cnet.com/rss/all/", "link": "https://www.cnet.com/personal-finance/credit-cards/bank-of-america-business-advantage-unlimited-cash-rewards-mastercard-credit-card-review/#ftag=CADf328eec", "title": "Bank of America Business Advantage Unlimited Cash Rewards Mastercard Credit Card Review     - CNET", "date_published": "2023-01-13 19:04:00+00:00", "description": "This business credit card won't earn you the highest rewards rate, but it makes earning cash back easy.", "persistent": false, "language": "en-US", "user": null}, {"source": "https://www.cnet.com/rss/all/", "link": "https://www.cnet.com/how-to/yes-you-can-cut-your-heat-and-electric-bills-5-easy-tips/#ftag=CADf328eec", "title": "Yes, You Can Cut Your Heat and Electric Bills: 5 Easy Tips     - CNET", "date_published": "2023-01-13 18:56:00+00:00", "description": "Stop letting your utility bills ruin your budget. Here's how to save this winter.", "persistent": false, "language": "en-US", "user": null}, {"source": "https://www.cnet.com/rss/all/", "link": "https://www.cnet.com/how-to/you-might-want-to-throw-away-your-leftover-rice/#ftag=CADf328eec", "title": "You Might Want to Throw Away Your Leftover Rice     - CNET", "date_published": "2023-01-13 18:55:00+00:00", "description": "Throw away that five-day-old rice and save your stomach from possible food poisoning.", "persistent": false, "language": "en-US", "user": null}, {"source": "https://www.cnet.com/rss/all/", "link": "https://www.cnet.com/science/scientists-may-have-discovered-the-long-lost-ancient-temple-of-poseidon/#ftag=CADf328eec", "title": "Scientists May Have Discovered the Long Lost Ancient Temple of Poseidon     - CNET", "date_published": "2023-01-13 18:49:00+00:00", "description": "A buried shrine matches an ancient description of a place dedicated to the mythological god of the sea.", "persistent": false, "language": "en-US", "user": null}, {"source": "https://www.cnet.com/rss/all/", "link": "https://www.cnet.com/personal-finance/mortgages/homebridge-home-equity-review/#ftag=CADf328eec", "title": "Homebridge: 2023 Home Equity Review     - CNET", "date_published": "2023-01-13 18:47:51+00:00", "description": "You can receive a decision on the spot and receive your funds in as little as five days.", "persistent": false, "language": "en-US", "user": null}, {"source": "https://www.cnet.com/rss/all/", "link": "https://www.cnet.com/science/biology/biggest-flower-ever-found-preserved-in-amber-dates-back-33-million-years/#ftag=CADf328eec", "title": "Biggest Flower Yet Found Preserved in Amber Is at Least 33 Million Years Old     - CNET", "date_published": "2023-01-13 18:35:00+00:00", "description": "The absolute unit of a fossil flower has been given a new name.", "persistent": false, "language": "en-US", "user": null}, {"source": "https://www.cnet.com/rss/all/", "link": "https://www.cnet.com/deals/journey-is-offering-20-off-its-tech-sitewide-for-a-limited-time/#ftag=CADf328eec", "title": "Journey Is Offering 20% Off Its Tech Sitewide For a Limited Time     - CNET", "date_published": "2023-01-13 18:33:57+00:00", "description": "Explore new tech for your favorite smart devices with savings on Journey chargers, mounts, mats and more.", "persistent": false, "language": "en-US", "user": null}, {"source": "https://www.cnet.com/rss/all/", "link": "https://www.cnet.com/health/sleep/groggy-after-taking-melatonin-try-these-7-natural-sleep-aids/#ftag=CADf328eec", "title": "Groggy After Taking Melatonin? Try These 7 Natural Sleep Aids     - CNET", "date_published": "2023-01-13 18:10:00+00:00", "description": "Herbal tea, lavender oil and other natural aids have certain properties to promote sleepiness.", "persistent": false, "language": "en-US", "user": null}, {"source": "https://www.cnet.com/rss/all/", "link": "https://www.cnet.com/science/space/spacex-set-to-launch-falcon-heavy-for-us-space-force-mission-this-weekend/#ftag=CADf328eec", "title": "SpaceX Set to Launch Falcon Heavy for US Space Force Mission This Weekend     - CNET", "date_published": "2023-01-13 18:02:36+00:00", "description": "After months and even years of delays in some cases, SpaceX is beginning to work through a backlog of launches involving its biggest rocket.", "persistent": false, "language": "en-US", "user": null}, {"source": "https://www.cnet.com/rss/all/", "link": "https://www.cnet.com/culture/entertainment/the-last-of-us-hbo-adaptation-pushes-its-universe-way-beyond-the-playstation-games/#ftag=CADf328eec", "title": "'The Last of Us' HBO Adaptation Pushes Its Universe Way Beyond the PlayStation Games     - CNET", "date_published": "2023-01-13 18:00:22+00:00", "description": "Writer Craig Mazin, Pedro Pascal and the rest of the cast reveal how the TV series goes beyond its source material while maintaining its powerful emotional core (and bringing back familiar faces).", "persistent": false, "language": "en-US", "user": null}, {"source": "https://www.cnet.com/rss/all/", "link": "https://www.cnet.com/tech/services-and-software/nfl-wild-card-how-to-watch-stream-ravens-vs-bengals-on-sunday-without-cable/#ftag=CADf328eec", "title": "NFL Wild Card: How to Watch, Stream Ravens vs. Bengals on Sunday Without Cable     - CNET", "date_published": "2023-01-13 18:00:03+00:00", "description": "The AFC North foes meet in Cincinnati for a Wild Card showdown on NBC.", "persistent": false, "language": "en-US", "user": null}, {"source": "https://www.cnet.com/rss/all/", "link": "https://www.cnet.com/tech/gaming/play-storytelling-puzzle-game-illustrated-now-on-apple-arcade/#ftag=CADf328eec", "title": "Play Storytelling Puzzle Game Illustrated Now on Apple Arcade     - CNET", "date_published": "2023-01-13 17:54:15+00:00", "description": "Puzzle out Van Gogh paintings in this Apple Arcade game, out today.", "persistent": false, "language": "en-US", "user": null}, {"source": "https://www.cnet.com/rss/all/", "link": "https://www.cnet.com/tech/services-and-software/tech-security-rests-on-the-wrong-shoulders/#ftag=CADf328eec", "title": "Tech Security Rests on the Wrong Shoulders     - CNET", "date_published": "2023-01-13 17:48:49+00:00", "description": "Right now, it's all about you. But experts say companies must be held accountable for security.", "persistent": false, "language": "en-US", "user": null}, {"source": "https://www.cnet.com/rss/all/", "link": "https://www.cnet.com/tech/services-and-software/you-can-easily-fix-these-4-annoying-ios-16-features/#ftag=CADf328eec", "title": "You Can Easily Fix These 4 Annoying iOS 16 Features     - CNET", "date_published": "2023-01-13 17:15:00+00:00", "description": "Here's how to disable the most irritating features on your iPhone.", "persistent": false, "language": "en-US", "user": null}, {"source": "https://www.cnet.com/rss/all/", "link": "https://www.cnet.com/culture/entertainment/hbo-the-last-of-us-is-a-stunning-triumph-of-video-game-adaptation/#ftag=CADf328eec", "title": "HBO's 'The Last of Us' Is a Stunning Triumph of Video Game Adaptation     - CNET", "date_published": "2023-01-13 17:00:16+00:00", "description": "Joel and Ellie's dark odyssey, starting this Sunday, is a journey you need to take.", "persistent": false, "language": "en-US", "user": null}, {"source": "https://www.cnet.com/rss/all/", "link": "https://www.cnet.com/tech/services-and-software/nfl-wild-card-game-how-to-watch-stream-giants-vs-vikings-on-sunday-without-cable/#ftag=CADf328eec", "title": "NFL Wild Card Game: How to Watch, Stream Giants vs. Vikings on Sunday Without Cable     - CNET", "date_published": "2023-01-13 17:00:12+00:00", "description": "The Giants are heading back to Minnesota to battle the Vikings in the NFC's second Wild Card game.", "persistent": false, "language": "en-US", "user": null}, {"source": "https://www.cnet.com/rss/all/", "link": "https://www.cnet.com/culture/fashion/ditch-your-hanes-t-shirt-and-shop-sustainable-basics-at-terra-thread/#ftag=CADf328eec", "title": "Ditch Your Hanes T-Shirt and Shop Sustainable Basics at Terra Thread     - CNET", "date_published": "2023-01-13 17:00:03+00:00", "description": "This new year it's out with the old and in with the new. Leave your old t-shirts in 2022 and add Terra Thread's sustainable cotton apparel to your wardrobe.", "persistent": false, "language": "en-US", "user": null}, {"source": "https://www.cnet.com/rss/all/", "link": "https://www.cnet.com/culture/fashion/shop-sustainable-basics-at-terra-thread/#ftag=CADf328eec", "title": "Shop Sustainable Basics at Terra Thread     - CNET", "date_published": "2023-01-13 17:00:00+00:00", "description": "Leave your old T-shirts in 2022 and add Terra Thread's sustainable cotton apparel to your wardrobe.", "persistent": false, "language": "en-US", "user": null}, {"source": "https://www.cnet.com/rss/all/", "link": "https://www.cnet.com/science/space/epic-photos-show-spacex-starship-beaming-on-the-launchpad/#ftag=CADf328eec", "title": "Epic Photos Show SpaceX Starship Beaming on the Launchpad     - CNET", "date_published": "2023-01-13 16:35:00+00:00", "description": "The next-gen spacecraft poses for glamour shots as SpaceX aims for orbit.", "persistent": false, "language": "en-US", "user": null}, {"source": "https://www.cnet.com/rss/all/", "link": "https://www.cnet.com/culture/entertainment/the-absolute-best-netflix-fantasy-movies-to-watch-this-evening/#ftag=CADf328eec", "title": "The Absolute Best Fantasy Movies on Netflix     - CNET", "date_published": "2023-01-13 16:33:43+00:00", "description": "Netflix's fantasy options range from pure magic to touching allegories of the human condition.", "persistent": false, "language": "en-US", "user": null}, {"source": "https://www.cnet.com/rss/all/", "link": "https://www.cnet.com/culture/entertainment/amazon-prime-video-the-35-absolute-best-tv-shows-january/#ftag=CADf328eec", "title": "Prime Video: The 35 Absolute Best TV Shows to Watch     - CNET", "date_published": "2023-01-13 16:30:09+00:00", "description": "Check out The English, starring Emily Blunt.", "persistent": false, "language": "en-US", "user": null}, {"source": "https://www.cnet.com/rss/all/", "link": "https://www.cnet.com/personal-finance/banking/keybank-banking-review/#ftag=CADf328eec", "title": "KeyBank: 2023 Banking Review     - CNET", "date_published": "2023-01-13 16:29:00+00:00", "description": "KeyBank offers a wide array of deposit accounts, but fees apply.", "persistent": false, "language": "en-US", "user": null}, {"source": "https://www.cnet.com/rss/all/", "link": "https://www.cnet.com/culture/entertainment/apple-tv-plus-tv-shows-to-watch-in-january-this-evening/#ftag=CADf328eec", "title": "Apple TV Plus: Every New TV Show Arriving in January     - CNET", "date_published": "2023-01-13 16:25:58+00:00", "description": "Here's a complete list of shows coming in January.", "persistent": false, "language": "en-US", "user": null}, {"source": "https://www.cnet.com/rss/all/", "link": "https://www.cnet.com/tech/services-and-software/monday-night-football-how-to-watch-stream-cowboys-vs-bucs-wild-card-game-without-cable/#ftag=CADf328eec", "title": "Monday Night Football: How to Watch, Stream Cowboys vs. Bucs Wild Card Game Without Cable     - CNET", "date_published": "2023-01-13 16:21:40+00:00", "description": "Dallas and Tampa Bay wrap up Wild Card weekend on Monday night on ESPN with the Peyton and Eli and the ManningCast on ESPN2.", "persistent": false, "language": "en-US", "user": null}, {"source": "https://www.cnet.com/rss/all/", "link": "https://www.cnet.com/culture/entertainment/exclusive-marvel-show-coming-to-a-disney-park-uses-500-drones/#ftag=CADf328eec", "title": "Exclusive Marvel Night Show With 500 Drones Coming to a Disney Park     - CNET", "date_published": "2023-01-13 16:16:00+00:00", "description": "Avengers: Power the Night celebrates superheroes such as Captain America, Captain Marvel, Iron Man, Hulk, Scarlet Witch and Shang-Chi.", "persistent": false, "language": "en-US", "user": null}, {"source": "https://www.cnet.com/rss/all/", "link": "https://www.cnet.com/culture/entertainment/the-absolute-best-netflix-sci-fi-tv-shows-to-watch-over-the-weekend/#ftag=CADf328eec", "title": "The Absolute Best Sci-Fi TV Shows on Netflix     - CNET", "date_published": "2023-01-13 16:14:00+00:00", "description": "These are the best of the sci-fi series on Netflix.", "persistent": false, "language": "en-US", "user": null}, {"source": "https://www.cnet.com/rss/all/", "link": "https://www.cnet.com/culture/entertainment/the-best-movies-you-can-catch-on-apple-tv-plus-over-the-weekend/#ftag=CADf328eec", "title": "The Best Movies on Apple TV Plus     - CNET", "date_published": "2023-01-13 16:03:10+00:00", "description": "Apple TV Plus has an assortment of options, from dramas to music documentaries and animated movies.", "persistent": false, "language": "en-US", "user": null}, {"source": "https://www.cnet.com/rss/all/", "link": "https://www.cnet.com/tech/services-and-software/nfl-wild-card-weekend-how-to-watch-stream-dolphins-vs-bills-on-sunday-without-cable/#ftag=CADf328eec", "title": "NFL Wild Card Weekend: How to Watch, Stream Dolphins vs. Bills on Sunday Without Cable     - CNET", "date_published": "2023-01-13 16:00:30+00:00", "description": "The AFC East rivals meet in Buffalo for a Wild Card matchup.", "persistent": false, "language": "en-US", "user": null}, {"source": "https://www.cnet.com/rss/all/", "link": "https://www.cnet.com/personal-finance/taxes/extra-tax-refunds-from-irs-how-to-see-if-you-overpaid-taxes-in-2020/#ftag=CADf328eec", "title": "Extra Tax Refunds From IRS: How to See If You Overpaid Taxes in 2020     - CNET", "date_published": "2023-01-13 15:55:00+00:00", "description": "Americans who paid too much taxes on unemployment benefits are receiving nearly $15 billion back.", "persistent": false, "language": "en-US", "user": null}, {"source": "https://www.cnet.com/rss/all/", "link": "https://www.cnet.com/tech/services-and-software/lastpass-breach-5-things-to-do-right-now-if-you-use-the-password-manager/#ftag=CADf328eec", "title": "LastPass Breach: 5 Things to Do Right Now if You Use the Password Manager     - CNET", "date_published": "2023-01-13 15:41:55+00:00", "description": "The first thing LastPass subscribers need to do is find a new password manager.", "persistent": false, "language": "en-US", "user": null}, {"source": "https://www.cnet.com/rss/all/", "link": "https://www.cnet.com/news/2-studies-show-gas-stoves-are-dangerous/#ftag=CADf328eec", "title": "If Gas Stoves Are Banned, These 2 Studies May Be the Reason     - CNET", "date_published": "2023-01-13 15:31:00+00:00", "description": "Two major studies released in the last seven months may lead to strict regulation or even a federal ban on natural gas stoves.", "persistent": false, "language": "en-US", "user": null}, {"source": "https://www.cnet.com/rss/all/", "link": "https://www.cnet.com/culture/entertainment/the-last-of-us-release-schedule-when-does-episode-1-land-on-hbo-max/#ftag=CADf328eec", "title": "'The Last of Us' Release Schedule: When Does Episode 1 Land on HBO Max?     - CNET", "date_published": "2023-01-13 15:30:07+00:00", "description": "HBO's adaptation of the beloved PlayStation game begins this Sunday.", "persistent": false, "language": "en-US", "user": null}, {"source": "https://www.cnet.com/rss/all/", "link": "https://www.cnet.com/personal-finance/banking/ways-to-save-money-and-earn-interest/#ftag=CADf328eec", "title": "5 Ways to Save Money and Earn Interest     - CNET", "date_published": "2023-01-13 15:23:50+00:00", "description": "Consider these alternatives to a traditional savings account to protect the value of your money and earn the most interest.", "persistent": false, "language": "en-US", "user": null}, {"source": "https://www.cnet.com/rss/all/", "link": "https://www.cnet.com/deals/score-up-to-60-off-apparel-during-adidas-end-of-season-sale/#ftag=CADf328eec", "title": "Score Up to 60% Off Apparel During Adidas' End of Season Sale     - CNET", "date_published": "2023-01-13 15:23:00+00:00", "description": "With this sale, you have thousands of options to upgrade your athletic style.", "persistent": false, "language": "en-US", "user": null}, {"source": "https://www.cnet.com/rss/all/", "link": "https://www.cnet.com/personal-finance/apple-macbook-keyboard-settlement-how-to-file-claim/#ftag=CADf328eec", "title": "Are You a MacBook Owner? Apple Might Owe You Up to $395     - CNET", "date_published": "2023-01-13 15:00:15+00:00", "description": "Apple has agreed to a $50 million settlement over claims its butterfly keyboards were defective.", "persistent": false, "language": "en-US", "user": null}, {"source": "https://www.cnet.com/rss/all/", "link": "https://www.cnet.com/health/will-there-be-a-gas-stove-ban-heres-what-to-know/#ftag=CADf328eec", "title": "Will There Be a Gas Stove Ban? Here's What to Know     - CNET", "date_published": "2023-01-13 14:50:34+00:00", "description": "Research shows that natural gas stoves produce dangerous levels of air pollutants.", "persistent": false, "language": "en-US", "user": null}, {"source": "https://www.cnet.com/rss/all/", "link": "https://www.cnet.com/culture/entertainment/lisa-marie-presley-singer-and-elvis-presley-daughter-dies-at-54/#ftag=CADf328eec", "title": "Lisa Marie Presley, Singer and Elvis Presley's Daughter, Dies at 54     - CNET", "date_published": "2023-01-13 14:38:00+00:00", "description": "The singer-songwriter was rushed to hospital suffering a suspected cardiac arrest. She was Elvis' only child.", "persistent": false, "language": "en-US", "user": null}, {"source": "https://www.cnet.com/rss/all/", "link": "https://www.cnet.com/deals/get-25-off-sitewide-and-two-free-dream-pillows-with-a-mattress-purchase-at-helix/#ftag=CADf328eec", "title": "Get 25% Off Sitewide and Two Free Dream Pillows With a Mattress Purchase at Helix     - CNET", "date_published": "2023-01-13 14:33:00+00:00", "description": "If you've want a new mattress for better sleep, here's a deal to help you out.", "persistent": false, "language": "en-US", "user": null}, {"source": "https://www.cnet.com/rss/all/", "link": "https://www.cnet.com/personal-finance/the-best-budget-for-you-might-be-no-budget-at-all-heres-why/#ftag=CADf328eec", "title": "The Best Budget for You Might Be No Budget at All. Here's Why     - CNET", "date_published": "2023-01-13 14:13:02+00:00", "description": "If you're struggling to start a budget, you can start with a low-key approach that stresses fundamentals over details.", "persistent": false, "language": "en-US", "user": null}, {"source": "https://www.cnet.com/rss/all/", "link": "https://www.cnet.com/personal-finance/mortgages/current-mortgage-rates-for-jan-13-2023-rates-tick-down/#ftag=CADf328eec", "title": "Current Mortgage Rates for Jan. 13, 2023: Rates in a Nosedive     - CNET", "date_published": "2023-01-13 14:00:00+00:00", "description": "Both 15- and 30-year mortgage rates sharply fell this week, though rates remain high compared to a year ago. The Fed's interest rate hikes have increased costs for prospective homebuyers.", "persistent": false, "language": "en-US", "user": null}, {"source": "https://www.cnet.com/rss/all/", "link": "https://www.cnet.com/personal-finance/mortgages/here-are-todays-refinance-rates-jan-13-2023-rates-drop-off/#ftag=CADf328eec", "title": "Here Are Today's Refinance Rates, Jan. 13, 2023: Rates Drop Off a Cliff     - CNET", "date_published": "2023-01-13 14:00:00+00:00", "description": "Several benchmark refinance rates plummeted this week. The Fed's interest rate hikes over the last year have affected the refinance market.", "persistent": false, "language": "en-US", "user": null}, {"source": "https://www.cnet.com/rss/all/", "link": "https://www.cnet.com/deals/snag-the-apple-studio-display-at-a-discount-save-up-to-150/#ftag=CADf328eec", "title": "Snag the Apple Studio Display at a Discount -- Save Up to $150     - CNET", "date_published": "2023-01-13 13:53:00+00:00", "description": "This 27-inch monitor delivers excellent color accuracy, solid speakers and more that make it a worthy splurge for Mac owners.", "persistent": false, "language": "en-US", "user": null}, {"source": "https://www.cnet.com/rss/all/", "link": "https://www.cnet.com/tech/services-and-software/tech-companies-need-to-be-held-accountable-for-security-experts-say/#ftag=CADf328eec", "title": "Tech Companies Need to Be Held Accountable for Security, Experts Say     - CNET", "date_published": "2023-01-13 13:00:17+00:00", "description": "All that tech may look cool, but it also needs to be secure.", "persistent": false, "language": "en-US", "user": null}, {"source": "https://www.cnet.com/rss/all/", "link": "https://www.cnet.com/tech/mobile/nothing-phone-1-comes-to-the-us-for-299-but-this-is-no-bargain/#ftag=CADf328eec", "title": "Nothing Phone 1 Comes to the US for $299 but This Is No Bargain     - CNET", "date_published": "2023-01-13 13:00:11+00:00", "description": "Commentary: Nothing's US launch is called a beta for a reason.", "persistent": false, "language": "en-US", "user": null}, {"source": "https://www.cnet.com/rss/all/", "link": "https://www.cnet.com/tech/gaming/marvel-snap-beginners-guide-and-top-tips-to-get-cards-and-win-games/#ftag=CADf328eec", "title": "Marvel Snap: Beginner's Guide and Top Tips to Get Cards and Win Games     - CNET", "date_published": "2023-01-13 13:00:07+00:00", "description": "Just starting out with Marvel's new mobile card game? Here's what you need to begin.", "persistent": false, "language": "en-US", "user": null}, {"source": "https://www.cnet.com/rss/all/", "link": "https://www.cnet.com/how-to/a-sommelier-reveals-how-to-find-cheap-wines-that-taste-expensive/#ftag=CADf328eec", "title": "A Sommelier Reveals How to Find Cheap Wines That Taste Expensive     - CNET", "date_published": "2023-01-13 13:00:03+00:00", "description": "Good wine doesn't always have to be expensive. Here's how to tell which bottles are the best value.", "persistent": false, "language": "en-US", "user": null}, {"source": "https://www.cnet.com/rss/all/", "link": "https://www.cnet.com/videos/apple-please-steal-this-tech-for-apple-watch/#ftag=CADf328eec", "title": "Apple Please Steal This Tech for Apple Watch video     - CNET", "date_published": "2023-01-13 13:00:01+00:00", "description": "CNET's Bridget Carey saw some cool tech at CES that she would really like Apple to adopt now. Like the BHeart health-tracking wristband that never needs a charging cord.", "persistent": false, "language": "en-US", "user": null}, {"source": "https://www.cnet.com/rss/all/", "link": "https://www.cnet.com/how-to/6-practical-storage-hacks-to-organize-your-tiny-apartment-or-home/#ftag=CADf328eec", "title": "6 Practical Storage Hacks to Organize Your Tiny Apartment or Home     - CNET", "date_published": "2023-01-13 12:30:03+00:00", "description": "Make any small space feel bigger with these hacks.", "persistent": false, "language": "en-US", "user": null}, {"source": "https://www.cnet.com/rss/all/", "link": "https://www.cnet.com/tech/mobile/think-twice-before-buying-a-new-samsung-galaxy-s22-right-now/#ftag=CADf328eec", "title": "Think Twice Before Buying a New Samsung Galaxy S22 Right Now     - CNET", "date_published": "2023-01-13 12:00:38+00:00", "description": "The Galaxy S23 is likely right around the corner, so it's a good idea to wait.", "persistent": false, "language": "en-US", "user": null}, {"source": "https://www.cnet.com/rss/all/", "link": "https://www.cnet.com/tech/computing/is-it-finally-time-for-a-touchscreen-macbook/#ftag=CADf328eec", "title": "Is It Finally Time for a Touchscreen MacBook?     - CNET", "date_published": "2023-01-13 12:00:00+00:00", "description": "Apple may be ready to flip-flop on this controversial laptop feature request.", "persistent": false, "language": "en-US", "user": null}, {"source": "https://www.cnet.com/rss/all/", "link": "https://www.cnet.com/how-to/stop-putting-your-security-cameras-in-these-3-spots/#ftag=CADf328eec", "title": "Stop Putting Your Security Cameras in These 3 Spots     - CNET", "date_published": "2023-01-13 11:00:15+00:00", "description": "Improve your home security by understanding where you should actually put your cameras.", "persistent": false, "language": "en-US", "user": null}, {"source": "https://www.cnet.com/rss/all/", "link": "https://www.cnet.com/deals/the-best-buy-membership-and-support-option-you-need-to-know-about/#ftag=CADf328eec", "title": "The Best Buy Membership and Support Option You Need to Know About     - CNET", "date_published": "2023-01-13 11:00:07+00:00", "description": "If you shop at Best Buy frequently, this is a membership to consider.", "persistent": false, "language": "en-US", "user": null}, {"source": "https://www.cnet.com/rss/all/", "link": "https://www.cnet.com/health/nutrition/simple-meal-prep-ideas-for-simple-hearty-meals/#ftag=CADf328eec", "title": "Easy Meal Prep Ideas for Simple, Hearty Meals     - CNET", "date_published": "2023-01-13 11:00:03+00:00", "description": "Here are four tips on effective meal prepping and a few easy recipes for breakfast, lunch and dinner.", "persistent": false, "language": "en-US", "user": null}, {"source": "https://www.cnet.com/rss/all/", "link": "https://www.cnet.com/deals/5-super-simple-ways-to-improve-your-target-shopping-trip/#ftag=CADf328eec", "title": "5 Super-Simple Ways to Improve Your Next Target Trip and Save Some Cash     - CNET", "date_published": "2023-01-13 09:00:02+00:00", "description": "Use these tips and tricks on your next trip to Target.", "persistent": false, "language": "en-US", "user": null}, {"source": "https://www.cnet.com/rss/all/", "link": "https://www.cnet.com/health/mental/top-signs-you-might-have-depression-and-how-to-get-help/#ftag=CADf328eec", "title": "Top Signs You Might Have Depression, and How to Get Help     - CNET", "date_published": "2023-01-13 06:00:00+00:00", "description": "Depression rates have spiked in both teens and adults. Here's what you should know.", "persistent": false, "language": "en-US", "user": null}, {"source": "https://www.cnet.com/rss/all/", "link": "https://www.cnet.com/tech/mobile/my-favorite-hidden-iphone-shortcut-to-turn-on-the-flashlight-and-more/#ftag=CADf328eec", "title": "My Favorite Hidden iPhone Shortcut To Turn On The Flashlight (And More)     - CNET", "date_published": "2023-01-13 03:03:00+00:00", "description": "This simple pro iPhone tip will save you time and fumbling.", "persistent": false, "language": "en-US", "user": null}, {"source": "https://www.cnet.com/rss/all/", "link": "https://www.cnet.com/culture/entertainment/lisa-marie-presley-rock-legends-daughter-dies-at-54/#ftag=CADf328eec", "title": "Lisa Marie Presley, Rock Legend's Daughter, Dies at 54     - CNET", "date_published": "2023-01-13 02:06:00+00:00", "description": "The singer and actor's only child was rushed to hospital suffering a suspected cardiac arrest.", "persistent": false, "language": "en-US", "user": null}, {"source": "https://www.cnet.com/rss/all/", "link": "https://www.cnet.com/culture/entertainment/lisa-marie-presley-singers-daughter-dies-at-54/#ftag=CADf328eec", "title": "Lisa Marie Presley, Singer's Daughter, Dies at 54     - CNET", "date_published": "2023-01-13 02:06:00+00:00", "description": "The singer and actor's only child was rushed to hospital suffering a suspected cardiac arrest.", "persistent": false, "language": "en-US", "user": null}, {"source": "https://www.cnet.com/rss/all/", "link": "https://www.cnet.com/culture/entertainment/more-people-need-to-watch-this-captivating-mystery-on-prime-video/#ftag=CADf328eec", "title": "More People Need to Watch This Captivating Mystery on Prime Video     - CNET", "date_published": "2023-01-13 02:02:00+00:00", "description": "Don your detective hat for a whodunit done right.", "persistent": false, "language": "en-US", "user": null}, {"source": "https://www.cnet.com/rss/all/", "link": "https://www.cnet.com/science/biology/behold-the-biggest-ancient-flower-ever-found-preserved-in-amber/#ftag=CADf328eec", "title": "Behold the Biggest Ancient Flower Ever Found Preserved in Amber     - CNET", "date_published": "2023-01-13 01:52:00+00:00", "description": "The absolute unit of a fossil flower is over 33 million years old and has been given a new name.", "persistent": false, "language": "en-US", "user": null}, {"source": "https://www.cnet.com/rss/all/", "link": "https://www.cnet.com/science/space/good-luck-spotting-nasas-mars-helicopter-in-this-puzzling-rover-image/#ftag=CADf328eec", "title": "Good Luck Spotting NASA's Mars Helicopter in This Puzzling Rover Image     - CNET", "date_published": "2023-01-13 01:48:00+00:00", "description": "Ingenuity is hiding out in the sandy Martian distance, but you'll need keen eyes to find it.", "persistent": false, "language": "en-US", "user": null}, {"source": "https://www.cnet.com/rss/all/", "link": "https://www.cnet.com/science/space/see-spacex-starship-gleaming-on-the-launchpad-in-epic-new-images/#ftag=CADf328eec", "title": "See SpaceX Starship Gleaming on the Launchpad in Epic New Images     - CNET", "date_published": "2023-01-13 01:46:00+00:00", "description": "Shine on, you crazy diamond.", "persistent": false, "language": "en-US", "user": null}, {"source": "https://www.cnet.com/rss/all/", "link": "https://www.cnet.com/culture/rick-and-morty-creator-justin-roiland-charged-with-battery/#ftag=CADf328eec", "title": "'Rick and Morty' Creator Justin Roiland Charged With Battery     - CNET", "date_published": "2023-01-13 01:28:39+00:00", "description": "Roiland has been charged with felony domestic violence in relation to a 2020 incident, according to documents seen by NBC.", "persistent": false, "language": "en-US", "user": null}, {"source": "https://www.cnet.com/rss/all/", "link": "https://www.cnet.com/tech/apple-ceo-tim-cook-could-take-40-pay-cut-in-2023/#ftag=CADf328eec", "title": "Apple CEO Tim Cook Could Take 40% Pay Cut in 2023     - CNET", "date_published": "2023-01-13 00:42:01+00:00", "description": "If the shareholders agree, Cook will have a lower stock compensation.", "persistent": false, "language": "en-US", "user": null}, {"source": "https://www.cnet.com/rss/all/", "link": "https://www.cnet.com/tech/computing/scroll-wheel-click-will-help-you-comparison-shop/#ftag=CADf328eec", "title": "Scroll-Wheel Click Will Help You Comparison Shop     - CNET", "date_published": "2023-01-13 00:18:00+00:00", "description": "Your mouse's scroll wheel has a hidden trick that helps when you need to open multiple tabs.", "persistent": false, "language": "en-US", "user": null}], "source": {"url": "https://www.cnet.com/rss/all/", "title": "CNET"}}