{"entries": [{"source": "https://feeds.a.dj.com/rss/RSSWorldNews.xml", "link": "https://www.wsj.com/articles/biden-administration-to-ask-congress-to-approve-f-16-sale-to-turkey-11673630059", "title": "Biden Administration to Ask Congress to Approve of F-16 Sale to Turkey", "date_published": "2023-01-13 20:22:00+00:00", "description": "The $20 billion sale is contingent on Ankara\u2019s approval of NATO expansion, administration officials said, and comes alongside a sale of F-35s to Greece.", "persistent": false, "language": "en-US", "user": null}, {"source": "https://feeds.a.dj.com/rss/RSSWorldNews.xml", "link": "https://www.wsj.com/articles/seoul-crowd-crush-probe-faults-officials-recommends-prosecution-in-itaewon-deaths-11673628477", "title": "Seoul Crowd-Crush Probe Faults Officials, Recommends Prosecution in Itaewon Deaths", "date_published": "2023-01-13 16:47:00+00:00", "description": "South Korea investigators blamed local police, the district government and emergency responders", "persistent": false, "language": "en-US", "user": null}, {"source": "https://feeds.a.dj.com/rss/RSSWorldNews.xml", "link": "https://www.wsj.com/articles/ukraine-war-long-west-ready-11673571215", "title": "The War in Ukraine Will Be Long. Is the West Ready?", "date_published": "2023-01-13 15:00:00+00:00", "description": "Time could be on Russia\u2019s side if the U.S. and its allies don\u2019t adjust to a prolonged conflict.", "persistent": false, "language": "en-US", "user": null}, {"source": "https://feeds.a.dj.com/rss/RSSWorldNews.xml", "link": "https://www.wsj.com/articles/moscow-says-it-has-seized-ukrainian-town-of-soledar-11673608375", "title": "Moscow Says It Has Seized Ukrainian Town of Soledar", "date_published": "2023-01-13 14:45:00+00:00", "description": "Ukrainian officials say battles are continuing for control of the eastern town.", "persistent": false, "language": "en-US", "user": null}, {"source": "https://feeds.a.dj.com/rss/RSSWorldNews.xml", "link": "https://www.wsj.com/articles/chinas-shortage-of-antivirals-puts-vulnerable-people-at-risk-11673614377", "title": "China's Shortage of Antivirals Puts Vulnerable People at Risk", "date_published": "2023-01-13 13:00:00+00:00", "description": "China is struggling with shortages of lifesaving antivirals more than a month after its government made an abrupt U-turn on its zero-Covid policies.", "persistent": false, "language": "en-US", "user": null}, {"source": "https://feeds.a.dj.com/rss/RSSWorldNews.xml", "link": "https://www.wsj.com/articles/south-korean-president-takes-aim-at-north-korea-u-s-with-nuclear-comments-11673608334", "title": "South Korean President Takes Aim at North Korea, U.S. With Nuclear Comments", "date_published": "2023-01-13 11:12:00+00:00", "description": "For years, most of the fiery rhetoric has been coming from North Korea. Now it\u2019s coming from Seoul.", "persistent": false, "language": "en-US", "user": null}, {"source": "https://feeds.a.dj.com/rss/RSSWorldNews.xml", "link": "https://www.wsj.com/articles/meeting-between-biden-kishida-to-focus-on-boosting-security-cooperation-11673564726", "title": "Meeting Between Biden, Kishida to Focus on Boosting Security Cooperation", "date_published": "2023-01-13 10:30:00+00:00", "description": "The two leaders will discuss countering China\u2019s military buildup, with semiconductors and electric-vehicle subsidies likely the on agenda.", "persistent": false, "language": "en-US", "user": null}, {"source": "https://feeds.a.dj.com/rss/RSSWorldNews.xml", "link": "https://www.wsj.com/articles/chinas-export-decline-deepens-threatening-growth-11673601066", "title": "China's Export Decline Deepens, Threatening Growth", "date_published": "2023-01-13 09:11:00+00:00", "description": "The export boom that carried China\u2019s economy through much of the Covid-19 pandemic has lost momentum, adding urgency for Beijing to seek growth drivers elsewhere as the global economy struggles.", "persistent": false, "language": "en-US", "user": null}, {"source": "https://feeds.a.dj.com/rss/RSSWorldNews.xml", "link": "https://www.wsj.com/articles/shinzo-abe-assassination-suspect-is-charged-with-murder-11673593022", "title": "Shinzo Abe Assassination Suspect Is Charged With Murder", "date_published": "2023-01-13 09:01:00+00:00", "description": "The charges against Tetsuya Yamagami in the former Japanese prime minister\u2019s killing were delayed for months while authorities conducted a psychiatric assessment that ultimately found he was fit to stand trial.", "persistent": false, "language": "en-US", "user": null}], "source": {"url": "https://feeds.a.dj.com/rss/RSSWorldNews.xml", "title": "The Wall Street Journal"}}