{"entries": [{"source": "https://sekurak.pl/rss", "link": "https://sekurak.pl/piatek-13-stego-najnowsze-reguly-windows-defender-moga-pomylkowo-usuwac-programy-z-menu-start/", "title": "Pi\u0105tek 13-stego. Najnowsze regu\u0142y Windows Defender mog\u0105 pomy\u0142kowo \u201eusuwa\u0107 Programy z Menu Start\u201d", "date_published": "2023-01-13 14:02:13+00:00", "description": "<p>Najnowsze doniesienia s\u0105 jeszcze bardziej alarmuj\u0105ce bo m\u00f3wi\u0105 o &#8222;usuwaniu ca\u0142ych aplikacji&#8221;: Have you had anyone report applications going missing from there laptops today? I&#8217;ve seemed to have lost all Microsoft apps, outlook/excel/word. An error message comes up saying it&#8217;s not supported and then the app seems to have uninstalled....</p>\n<p>Artyku\u0142 <a href=\"https://sekurak.pl/piatek-13-stego-najnowsze-reguly-windows-defender-moga-pomylkowo-usuwac-programy-z-menu-start/\" rel=\"nofollow\">Pi\u0105tek 13-stego. Najnowsze regu\u0142y Windows Defender mog\u0105 pomy\u0142kowo &#8222;usuwa\u0107 Programy z Menu Start&#8221;</a> pochodzi z serwisu <a href=\"https://sekurak.pl\" rel=\"nofollow\">Sekurak</a>.</p>", "persistent": false, "language": "pl-PL", "user": null}, {"source": "https://sekurak.pl/rss", "link": "https://sekurak.pl/czesc-pralek-samsunga-stanowi-zagrozenie-pozarowe-producent-daje-automatyczna-aktualizacje-po-wifi-jesli-pralka-nie-ma-wifi-wysylaja-dongla/", "title": "Cz\u0119\u015b\u0107 pralek Samsunga stanowi zagro\u017cenie po\u017carowe. Producent daje automatyczn\u0105 aktualizacj\u0119 po WiFi. Je\u015bli pralka nie ma WiFi \u2013 wysy\u0142aj\u0105 dongla :-]", "date_published": "2023-01-13 12:29:54+00:00", "description": "<p>Samsung wspomina o nast\u0119puj\u0105cych problemach, kt\u00f3re mog\u0105 wyst\u0105pi\u0107 w pewnych modelach pralek (rynek USA): This announcement addresses potential overheating within the control panel of certain models. Such events present a smoking, melting, overheating, or fire hazard to the product and consumer. Nie wygl\u0105da to dobrze, przy czym warto zwr\u00f3ci\u0107 uwag\u0119...</p>\n<p>Artyku\u0142 <a href=\"https://sekurak.pl/czesc-pralek-samsunga-stanowi-zagrozenie-pozarowe-producent-daje-automatyczna-aktualizacje-po-wifi-jesli-pralka-nie-ma-wifi-wysylaja-dongla/\" rel=\"nofollow\">Cz\u0119\u015b\u0107 pralek Samsunga stanowi zagro\u017cenie po\u017carowe. Producent daje automatyczn\u0105 aktualizacj\u0119 po WiFi. Je\u015bli pralka nie ma WiFi &#8211; wysy\u0142aj\u0105 dongla :-]</a> pochodzi z serwisu <a href=\"https://sekurak.pl\" rel=\"nofollow\">Sekurak</a>.</p>", "persistent": false, "language": "pl-PL", "user": null}, {"source": "https://sekurak.pl/rss", "link": "https://sekurak.pl/kolezka-kupil-androidowy-tv-box-t95-allwinner-t616-a-tam-domyslnie-dziala-sobie-malwarek-analiza/", "title": "Kole\u017cka kupi\u0142 androidowy TV box (T95 AllWinner T616). A tam domy\u015blnie dzia\u0142a sobie malwarek. Analiza.", "date_published": "2023-01-13 09:35:11+00:00", "description": "<p>Bohaterem s\u0105 tanie urz\u0105dzenia dost\u0119pne np. na Amazonie: Badacz zakupi\u0142 je najpewniej na standardowe potrzeby (tj. ogl\u0105danie TV ;) ale postanowi\u0142 nieco przeanalizowa\u0107 zdobyty okaz: This device&#8217;s ROM turned out to be very very sketchy &#8212; Android 10 is signed with test keys, and named &#8222;Walleye&#8221; after the Google Pixel...</p>\n<p>Artyku\u0142 <a href=\"https://sekurak.pl/kolezka-kupil-androidowy-tv-box-t95-allwinner-t616-a-tam-domyslnie-dziala-sobie-malwarek-analiza/\" rel=\"nofollow\">Kole\u017cka kupi\u0142 androidowy TV box (T95 AllWinner T616). A tam domy\u015blnie dzia\u0142a sobie malwarek. Analiza.</a> pochodzi z serwisu <a href=\"https://sekurak.pl\" rel=\"nofollow\">Sekurak</a>.</p>", "persistent": false, "language": "pl-PL", "user": null}, {"source": "https://sekurak.pl/rss", "link": "https://sekurak.pl/kolejna-fala-zlosliwych-reklam-w-google-niezainfekowany-wynik-moze-pojawiac-sie-dopiero-na-4-miejscu/", "title": "Kolejna fala z\u0142o\u015bliwych reklam w Google. Niezainfekowany wynik mo\u017ce pojawia\u0107 si\u0119 dopiero na 4 (!) miejscu.", "date_published": "2023-01-13 08:44:54+00:00", "description": "<p>Ostatnio pisali\u015bmy cho\u0107by o fa\u0142szywych reklamach Gimpa: Nasz czytelnik wygoogla\u0142 pakiet instalacyjny Gimpa. Trafi\u0142 na fejkow\u0105 reklam\u0119, zainfekowa\u0142 komputer i straci\u0142 dost\u0119p do konta Google Blender to darmowe oprogramowanie do tworzenia grafiki 3D, a kto\u015b na reddicie &#8222;pochwali\u0142 si\u0119&#8221; takim widokiem: Jak widzicie, mamy tu a\u017c trzy reklamy, a prawdziwy...</p>\n<p>Artyku\u0142 <a href=\"https://sekurak.pl/kolejna-fala-zlosliwych-reklam-w-google-niezainfekowany-wynik-moze-pojawiac-sie-dopiero-na-4-miejscu/\" rel=\"nofollow\">Kolejna fala z\u0142o\u015bliwych reklam w Google. Niezainfekowany wynik mo\u017ce pojawia\u0107 si\u0119 dopiero na 4 (!) miejscu.</a> pochodzi z serwisu <a href=\"https://sekurak.pl\" rel=\"nofollow\">Sekurak</a>.</p>", "persistent": false, "language": "pl-PL", "user": null}, {"source": "https://sekurak.pl/rss", "link": "https://sekurak.pl/mozna-bylo-hurtem-pobierac-cv-z-linkedin-rowniez-cv-uploadowane-przez-rekruterow-najbardziej-banalna-podatnosc-z-mozliwych/", "title": "Mo\u017cna by\u0142o hurtem pobiera\u0107 CV z Linkedin (r\u00f3wnie\u017c CV uploadowane przez rekruter\u00f3w). Najbardziej banalna podatno\u015b\u0107 z mo\u017cliwych\u2026", "date_published": "2023-01-13 08:25:39+00:00", "description": "<p>W tym miejscu mo\u017cecie poczyta\u0107 o szczeg\u00f3\u0142ach podatno\u015bci znalezionej w ramach programu bug bounty LinkedIna: Unauthorized access to resumes stored on Linkedin [resumes &#8211; czyli CV &#8211; przyp. sekurak] Podatno\u015b\u0107 jest klasy IDOR (insecure direct object references), czyli po ludzku mo\u017cna by\u0142o wykona\u0107 mniej wi\u0119cej co\u015b takiego:linkedin.com/api/v4/download_resume?id=827387 oraz iterowa\u0107 po...</p>\n<p>Artyku\u0142 <a href=\"https://sekurak.pl/mozna-bylo-hurtem-pobierac-cv-z-linkedin-rowniez-cv-uploadowane-przez-rekruterow-najbardziej-banalna-podatnosc-z-mozliwych/\" rel=\"nofollow\">Mo\u017cna by\u0142o hurtem pobiera\u0107 CV z Linkedin (r\u00f3wnie\u017c CV uploadowane przez rekruter\u00f3w). Najbardziej banalna podatno\u015b\u0107 z mo\u017cliwych&#8230;</a> pochodzi z serwisu <a href=\"https://sekurak.pl\" rel=\"nofollow\">Sekurak</a>.</p>", "persistent": false, "language": "pl-PL", "user": null}], "source": {"url": "https://sekurak.pl/rss", "title": "Sekurak"}}