{"entries": [{"source": "https://ithardware.pl/feed", "link": "https://ithardware.pl/aktualnosci/konsola_playstation_zawiesza_sie_powod_zaskakuje-25297.html", "title": "Konsola PlayStation zawiesza si\u0119. Pow\u00f3d zaskakuje", "date_published": "2023-01-13 21:13:50+00:00", "description": "<img src=\"https://ithardware.pl/artykuly/min/25297_1.jpg\" />            Po aktualizacji oprogramowania systemowego PlayStation 5 zawiesza si\u0119 podczas grania, a pow&oacute;d mo\u017ce by\u0107 zaskakuj\u0105cy, chodzi bowiem o nowe warunki korzystania z us\u0142ugi PlayStation Network.\n\nSony udost\u0119pni\u0142o ostatnio now\u0105 aktualizacj\u0119 dla...\n            <p>Pe\u0142na wersja strony <a href=\"https://ithardware.pl/aktualnosci/konsola_playstation_zawiesza_sie_powod_zaskakuje-25297.html\">https://ithardware.pl/aktualnosci/konsola_playstation_zawiesza_sie_powod_zaskakuje-25297.html</a></p>", "persistent": false, "language": "pl-PL", "user": null}, {"source": "https://ithardware.pl/feed", "link": "https://ithardware.pl/aktualnosci/gears_of_war_remastered_collection_projekt_zyje_i_moze_zostac_zaprezentowany_niebawem-25296.html", "title": "Gears of War Remastered Collection. Projekt \u017cyje i mo\u017ce zosta\u0107 zaprezentowany niebawem", "date_published": "2023-01-13 18:30:00+00:00", "description": "<img src=\"https://ithardware.pl/artykuly/min/25296_1.jpg\" />            Gears of War mo\u017ce powr&oacute;ci\u0107, ale nie za spraw\u0105 pe\u0142noprawej nowej ods\u0142ony tylko kolekcji remaster&oacute;w poprzednich cz\u0119\u015bci. Projekt podobno pozostaje \u017cywy i zostanie zaprezentowany wkr&oacute;tce.\n\nO Gears of War od pewnego czasu jest...\n            <p>Pe\u0142na wersja strony <a href=\"https://ithardware.pl/aktualnosci/gears_of_war_remastered_collection_projekt_zyje_i_moze_zostac_zaprezentowany_niebawem-25296.html\">https://ithardware.pl/aktualnosci/gears_of_war_remastered_collection_projekt_zyje_i_moze_zostac_zaprezentowany_niebawem-25296.html</a></p>", "persistent": false, "language": "pl-PL", "user": null}, {"source": "https://ithardware.pl/feed", "link": "https://ithardware.pl/aktualnosci/nvidia_i_google_wyrazaja_obawy_zwiazane_z_przejeciem_activision_blizzard_przez_microsoft-25295.html", "title": "NVIDIA i Google wyra\u017caj\u0105 obawy zwi\u0105zane z przej\u0119ciem Activision Blizzard przez Microsoft", "date_published": "2023-01-13 16:30:00+00:00", "description": "<img src=\"https://ithardware.pl/artykuly/min/25295_1.jpg\" />            Google i NVIDIA do\u0142\u0105czy\u0142y do grona krytykuj\u0105cych przej\u0119cie Activision Blizzard przez Microsoft. Firmy wyrazi\u0142y zaniepokojenie przewag\u0105, jak\u0105 producent z Redmond mo\u017ce mie\u0107 na rynku chmury, gier mobilnych oraz subskrypcji.\n\nJak informuje...\n            <p>Pe\u0142na wersja strony <a href=\"https://ithardware.pl/aktualnosci/nvidia_i_google_wyrazaja_obawy_zwiazane_z_przejeciem_activision_blizzard_przez_microsoft-25295.html\">https://ithardware.pl/aktualnosci/nvidia_i_google_wyrazaja_obawy_zwiazane_z_przejeciem_activision_blizzard_przez_microsoft-25295.html</a></p>", "persistent": false, "language": "pl-PL", "user": null}, {"source": "https://ithardware.pl/feed", "link": "https://ithardware.pl/artykuly/hikvision_g4000e_trwaly_dysk_ssd_z_tbw_1800_tb_dla_wymagajacych-25291.html", "title": "Hikvision G4000E. Trwa\u0142y dysk SSD z TBW 1800 TB dla wymagaj\u0105cych", "date_published": "2023-01-13 14:00:00+00:00", "description": "<img src=\"https://ithardware.pl/artykuly/min/25291_1.jpg\" />            Wprowadzenie na rynek pierwszych konsumenckich dysk&oacute;w SSD przez wielu uwa\u017cane jest za najwi\u0119ksz\u0105 innowacj\u0119 ostatniej dekady. Przez ten okres p&oacute;\u0142przewodnikowe no\u015bniki danych wypar\u0142y uwa\u017cane w&oacute;wczas za standardowe dyski HDD...\n            <p>Pe\u0142na wersja strony <a href=\"https://ithardware.pl/artykuly/hikvision_g4000e_trwaly_dysk_ssd_z_tbw_1800_tb_dla_wymagajacych-25291.html\">https://ithardware.pl/artykuly/hikvision_g4000e_trwaly_dysk_ssd_z_tbw_1800_tb_dla_wymagajacych-25291.html</a></p>", "persistent": false, "language": "pl-PL", "user": null}, {"source": "https://ithardware.pl/feed", "link": "https://ithardware.pl/aktualnosci/bill_gates_zdradzil_microsoft_stawia_na_skladany_smartfon_samsunga-25293.html", "title": "Bill Gates zdradzi\u0142 Microsoft. Stawia na sk\u0142adany smartfon Samsunga", "date_published": "2023-01-13 13:22:40+00:00", "description": "<img src=\"https://ithardware.pl/artykuly/min/25293_1.jpg\" />            Skoro nawet przedstawiciele najwi\u0119kszych producent&oacute;w smartfon&oacute;w regularnie daj\u0105 si\u0119 z\u0142apa\u0107 na korzystaniu z rozwi\u0105za\u0144 konkurencji, to Bill Gates chwal\u0105cy sk\u0142adane smartfony Samsunga nie powinien by\u0107 dla nikogo wybitnym...\n            <p>Pe\u0142na wersja strony <a href=\"https://ithardware.pl/aktualnosci/bill_gates_zdradzil_microsoft_stawia_na_skladany_smartfon_samsunga-25293.html\">https://ithardware.pl/aktualnosci/bill_gates_zdradzil_microsoft_stawia_na_skladany_smartfon_samsunga-25293.html</a></p>", "persistent": false, "language": "pl-PL", "user": null}, {"source": "https://ithardware.pl/feed", "link": "https://ithardware.pl/aktualnosci/ubisoft_podobno_zostal_wysmiany_gdy_proponowal_fuzje_przejecia-25292.html", "title": "Ubisoft podobno \u201ezosta\u0142 wy\u015bmiany\u201d, gdy proponowa\u0142 fuzje / przej\u0119cia", "date_published": "2023-01-13 12:27:20+00:00", "description": "<img src=\"https://ithardware.pl/artykuly/min/25292_1.jpg\" />            W ostatnim czasie mo\u017cna zaobserwowa\u0107 pewien trend wch\u0142aniania mniejszych deweloper&oacute;w i wydawc&oacute;w przez gigant&oacute;w bran\u017cy. Wystarczy spojrze\u0144 na ostatnie dzia\u0142ania Microsoftu, kt&oacute;ry przej\u0105\u0142 kilku naprawd\u0119 powa\u017cnych...\n            <p>Pe\u0142na wersja strony <a href=\"https://ithardware.pl/aktualnosci/ubisoft_podobno_zostal_wysmiany_gdy_proponowal_fuzje_przejecia-25292.html\">https://ithardware.pl/aktualnosci/ubisoft_podobno_zostal_wysmiany_gdy_proponowal_fuzje_przejecia-25292.html</a></p>", "persistent": false, "language": "pl-PL", "user": null}, {"source": "https://ithardware.pl/feed", "link": "https://ithardware.pl/aktualnosci/byli_dyrektorzy_twittera_wezwani_do_zlozenia_zeznan_w_sprawie_cenzury_musk_wlozyl_kij_w_mrowisko-25290.html", "title": "Byli dyrektorzy Twittera wezwani do z\u0142o\u017cenia zezna\u0144 w sprawie cenzury. Musk w\u0142o\u017cy\u0142 kij w mrowisko", "date_published": "2023-01-13 11:24:40+00:00", "description": "<img src=\"https://ithardware.pl/artykuly/min/25290_1.jpg\" />            Przewodnicz\u0105cy Komisji Nadzoru Izby Reprezentant James Comer wezwa\u0142 by\u0142e kierownictwo&nbsp;Twittera&nbsp;do z\u0142o\u017cenia oficjalnych zezna\u0144 w sprawie cenzury raport&oacute;w New York Post dotycz\u0105cych laptopa Huntera Bidena.\n\nTwitter ograniczy\u0142...\n            <p>Pe\u0142na wersja strony <a href=\"https://ithardware.pl/aktualnosci/byli_dyrektorzy_twittera_wezwani_do_zlozenia_zeznan_w_sprawie_cenzury_musk_wlozyl_kij_w_mrowisko-25290.html\">https://ithardware.pl/aktualnosci/byli_dyrektorzy_twittera_wezwani_do_zlozenia_zeznan_w_sprawie_cenzury_musk_wlozyl_kij_w_mrowisko-25290.html</a></p>", "persistent": false, "language": "pl-PL", "user": null}, {"source": "https://ithardware.pl/feed", "link": "https://ithardware.pl/aktualnosci/nadchodzacy_ev_xiaomi_to_sredniej_wielkosci_sedan_poznalismy_wiecej_szczegolow_oraz_ceny-25289.html", "title": "Nadchodz\u0105cy EV Xiaomi to \u015bredniej wielko\u015bci sedan. Poznali\u015bmy wi\u0119cej szczeg\u00f3\u0142\u00f3w oraz ceny", "date_published": "2023-01-13 10:44:00+00:00", "description": "<img src=\"https://ithardware.pl/artykuly/min/25289_1.jpg\" />            Wiadomo ju\u017c, \u017ce Xiaomi przygotowuje sw&oacute;j pierwszy samoch&oacute;d elektryczny.&nbsp;Teraz pojawiaj\u0105 si\u0119 jednak bardziej szczeg&oacute;\u0142owe informacje na temat systemu autonomicznej jazdy i innych funkcji auta, kt&oacute;re do sprzeda\u017cy ma...\n            <p>Pe\u0142na wersja strony <a href=\"https://ithardware.pl/aktualnosci/nadchodzacy_ev_xiaomi_to_sredniej_wielkosci_sedan_poznalismy_wiecej_szczegolow_oraz_ceny-25289.html\">https://ithardware.pl/aktualnosci/nadchodzacy_ev_xiaomi_to_sredniej_wielkosci_sedan_poznalismy_wiecej_szczegolow_oraz_ceny-25289.html</a></p>", "persistent": false, "language": "pl-PL", "user": null}, {"source": "https://ithardware.pl/feed", "link": "https://ithardware.pl/aktualnosci/corsair_przygotowuje_nowa_serie_zasilaczy_ze_zlaczami_umieszczonymi_z_boku-25287.html", "title": "Corsair przygotowuje now\u0105 seri\u0119 zasilaczy ze z\u0142\u0105czami umieszczonymi z boku", "date_published": "2023-01-13 10:37:01+00:00", "description": "<img src=\"https://ithardware.pl/artykuly/min/25287_1.jpg\" />            Corsair tworzy now\u0105 lini\u0119 zasilaczy, znan\u0105 jako seria RMx Shift, kt&oacute;ra ma na celu przeniesienie wewn\u0119trznych z\u0142\u0105czy zasilania z ty\u0142u zasilacza na bok. Ta zmiana konstrukcyjna ma na celu popraw\u0119 zarz\u0105dzania kablami poprzez udost\u0119pnienie...\n            <p>Pe\u0142na wersja strony <a href=\"https://ithardware.pl/aktualnosci/corsair_przygotowuje_nowa_serie_zasilaczy_ze_zlaczami_umieszczonymi_z_boku-25287.html\">https://ithardware.pl/aktualnosci/corsair_przygotowuje_nowa_serie_zasilaczy_ze_zlaczami_umieszczonymi_z_boku-25287.html</a></p>", "persistent": false, "language": "pl-PL", "user": null}, {"source": "https://ithardware.pl/feed", "link": "https://ithardware.pl/aktualnosci/acer_predator_gm7_ssd_korzysta_w_innowacyjnych_chinskich_pamieci_i_ma_przez_to_duzy_problem-25288.html", "title": "Acer Predator GM7 SSD korzysta z innowacyjnych chi\u0144skich pami\u0119ci i ma przez to du\u017cy problem", "date_published": "2023-01-13 10:28:20+00:00", "description": "<img src=\"https://ithardware.pl/artykuly/min/25288_1.jpg\" />            Acer, a w\u0142a\u015bciwie licencjobiorca marki firma&nbsp;Biwin Technology, pokaza\u0142a jeden z najciekawszych dysk&oacute;w SSD tegorocznych targ&oacute;w CES 2023.&nbsp;Acer Predator GM7 SSD zbudowany jest w oparciu o pami\u0119\u0107 flash chi\u0144skiego producenta...\n            <p>Pe\u0142na wersja strony <a href=\"https://ithardware.pl/aktualnosci/acer_predator_gm7_ssd_korzysta_w_innowacyjnych_chinskich_pamieci_i_ma_przez_to_duzy_problem-25288.html\">https://ithardware.pl/aktualnosci/acer_predator_gm7_ssd_korzysta_w_innowacyjnych_chinskich_pamieci_i_ma_przez_to_duzy_problem-25288.html</a></p>", "persistent": false, "language": "pl-PL", "user": null}, {"source": "https://ithardware.pl/feed", "link": "https://ithardware.pl/aktualnosci/amd_naprawia_firmware_ktory_wylaczal_rdzenie_w_ryzenach-25286.html", "title": "AMD naprawia firmware, kt\u00f3ry wy\u0142\u0105cza\u0142 rdzenie w Ryzenach", "date_published": "2023-01-13 09:11:01+00:00", "description": "<img src=\"https://ithardware.pl/artykuly/min/25286_1.jpg\" />            Ryzen 5 7600X to jeden z najlepszych procesor&oacute;w dla os&oacute;b z ograniczonym bud\u017cetem, jednak firmware AMD AGESA ComboAM5PI 1.0.0.4 z SMU 84.79.204 przypadkowo wy\u0142\u0105czy\u0142 rdzenie w tych CPU z podw&oacute;jnymi CCD. Wygl\u0105da jednak na to, \u017ce...\n            <p>Pe\u0142na wersja strony <a href=\"https://ithardware.pl/aktualnosci/amd_naprawia_firmware_ktory_wylaczal_rdzenie_w_ryzenach-25286.html\">https://ithardware.pl/aktualnosci/amd_naprawia_firmware_ktory_wylaczal_rdzenie_w_ryzenach-25286.html</a></p>", "persistent": false, "language": "pl-PL", "user": null}, {"source": "https://ithardware.pl/feed", "link": "https://ithardware.pl/aktualnosci/microsoft_directstorage_testy_wykazuja_bardzo_duzy_wzrost_predkosci_transferow-25285.html", "title": "Microsoft DirectStorage - testy wykazuj\u0105 bardzo du\u017cy wzrost pr\u0119dko\u015bci transfer\u00f3w", "date_published": "2023-01-13 08:28:01+00:00", "description": "<img src=\"https://ithardware.pl/artykuly/min/25285_1.jpg\" />            API Microsoft DirectStorage obiecuje ultraszybkie czasy \u0142adowania w grach na PC, podobne do tego, jakiego do\u015bwiadczaj\u0105 u\u017cytkownicy konsol Xbox Series i PlayStation 5 od dw&oacute;ch lat. Poniewa\u017c pierwsza gra obs\u0142uguj\u0105ca DirectStorage przygotowuje...\n            <p>Pe\u0142na wersja strony <a href=\"https://ithardware.pl/aktualnosci/microsoft_directstorage_testy_wykazuja_bardzo_duzy_wzrost_predkosci_transferow-25285.html\">https://ithardware.pl/aktualnosci/microsoft_directstorage_testy_wykazuja_bardzo_duzy_wzrost_predkosci_transferow-25285.html</a></p>", "persistent": false, "language": "pl-PL", "user": null}, {"source": "https://ithardware.pl/feed", "link": "https://ithardware.pl/aktualnosci/blad_w_systemie_mailowej_weryfikacji_nvidii_nie_pozwala_sie_zalogowac_do_geforce_experience_i_now-25284.html", "title": "B\u0142\u0105d w systemie mailowej weryfikacji NVIDII nie pozwala si\u0119 zalogowa\u0107 do GeForce Experience i Now", "date_published": "2023-01-13 07:19:01+00:00", "description": "<img src=\"https://ithardware.pl/artykuly/min/25284_1.jpg\" />            Czasami ma\u0142a usterka powoduje powa\u017cne problemy. Wczoraj b\u0142\u0105d w systemie weryfikacji adresu e-mail w us\u0142ugach NVIDII zablokowa\u0142 u\u017cytkownikom dost\u0119p do us\u0142ug GeForce Experience i GeForce Now. W rezultacie niekt&oacute;rzy u\u017cytkownicy nie mog\u0105...\n            <p>Pe\u0142na wersja strony <a href=\"https://ithardware.pl/aktualnosci/blad_w_systemie_mailowej_weryfikacji_nvidii_nie_pozwala_sie_zalogowac_do_geforce_experience_i_now-25284.html\">https://ithardware.pl/aktualnosci/blad_w_systemie_mailowej_weryfikacji_nvidii_nie_pozwala_sie_zalogowac_do_geforce_experience_i_now-25284.html</a></p>", "persistent": false, "language": "pl-PL", "user": null}, {"source": "https://ithardware.pl/feed", "link": "https://ithardware.pl/aktualnosci/premiera_flagowego_procesora_intel_core_i9_13900ks_cena_zaskakuje-25283.html", "title": "Premiera flagowego procesora Intel Core i9-13900KS. Cena zaskakuje", "date_published": "2023-01-13 05:50:41+00:00", "description": "<img src=\"https://ithardware.pl/artykuly/min/25283_1.jpg\" />            Intel zgodnie z planem wypu\u015bci\u0142 sw&oacute;j najnowszy flagowy procesor z rodziny Raptor Lake, czyli 24-rdzeniowy i 32-w\u0105tkowy Core i9-13900KS. Tym samym poznali\u015bmy sugerowan\u0105 cen\u0119 tego CPU i ta pozytywnie zaskakuje, bo jest ni\u017csza ni\u017c w przypadku...\n            <p>Pe\u0142na wersja strony <a href=\"https://ithardware.pl/aktualnosci/premiera_flagowego_procesora_intel_core_i9_13900ks_cena_zaskakuje-25283.html\">https://ithardware.pl/aktualnosci/premiera_flagowego_procesora_intel_core_i9_13900ks_cena_zaskakuje-25283.html</a></p>", "persistent": false, "language": "pl-PL", "user": null}], "source": {"url": "https://ithardware.pl/feed", "title": "IT hardware PL"}}