{"entries": [{"source": "https://www.theepochtimes.com/c-tech/feed/", "link": "https://www.theepochtimes.com/mississippi-governor-bans-tiktok-from-state-devices-and-networks_4983170.html", "title": "Mississippi Governor Bans TikTok From State Devices and Networks", "date_published": "2023-01-13 17:38:16+00:00", "description": "A symbol of TikTok (Douyin) is pictured at The Place shopping mall at dusk in Beijing, on Aug. 22, 2020. (VCG/VCG via Getty Images)", "persistent": false, "language": "en-US", "user": null}, {"source": "https://www.theepochtimes.com/c-tech/feed/", "link": "https://www.theepochtimes.com/prominent-exchange-and-token-issuer-crypto-com-slashing-20-percent-of-workforce_4983661.html", "title": "Prominent Exchange and Token Issuer Crypto.com Slashing 20 Percent of Workforce", "date_published": "2023-01-13 17:31:54+00:00", "description": "Representations of virtual cryptocurrencies are placed on U.S. dollar banknotes in this illustration taken on Nov. 28, 2021. (Dado Ruvic/Reuters)", "persistent": false, "language": "en-US", "user": null}, {"source": "https://www.theepochtimes.com/c-tech/feed/", "link": "https://www.theepochtimes.com/supreme-courts-section-230-case-could-upend-the-internet-google-claims_4982129.html", "title": "Supreme Court\u2019s Section 230 Case Could \u2018Upend the Internet\u2019: Google", "date_published": "2023-01-13 16:11:35+00:00", "description": "The Google logo at the entrance to the Google offices in London on Jan.18, 2019. (Hannah McKay/Reuters)", "persistent": false, "language": "en-US", "user": null}], "source": {"url": "https://www.theepochtimes.com/c-tech/feed/", "title": "Epoch Times Tech"}}