{"entries": [{"source": "https://www.wired.com/feed/category/business/latest/rss", "link": "https://www.wired.com/story/plaintext-lina-khans-plan-to-liberate-us-workers/", "title": "Lina Khan\u2019s Plan to Liberate US Workers", "date_published": "2023-01-13 14:00:00+00:00", "description": "The chair of the Federal Trade Commission explains why she wants to ban companies from locking up employees with noncompete clauses.", "persistent": false, "language": "en-US", "user": null}, {"source": "https://www.wired.com/feed/category/business/latest/rss", "link": "https://www.wired.com/story/chatgpt-has-investors-drooling-but-can-it-bring-home-the-bacon/", "title": "ChatGPT Has Investors Drooling\u2014but Can It Bring Home the Bacon?", "date_published": "2023-01-13 12:00:00+00:00", "description": "The loquacious bot has Microsoft ready to sink a reported $10 billion into OpenAI. It\u2019s unclear what products can be built on the technology.", "persistent": false, "language": "en-US", "user": null}, {"source": "https://www.wired.com/feed/category/business/latest/rss", "link": "https://www.wired.com/story/heathrow-radioactive-cargo-screening/", "title": "How Airports Catch Illicit Radioactive Cargo", "date_published": "2023-01-13 12:00:00+00:00", "description": "Hidden screening devices are used to track the movement of dangerous materials\u2014and recently caught a shipment of uranium at London\u2019s Heathrow Airport.", "persistent": false, "language": "en-US", "user": null}], "source": {"url": "https://www.wired.com/feed/category/business/latest/rss", "title": "Wired business"}}