{"entries": [{"source": "https://www.instalki.pl/", "link": "https://www.instalki.pl/aktualnosci/hardware/57707-mikrofon-ktory-zakrywa-usta-i-tlumi-to-co-sie-mowi.html", "title": "Mikrofon, kt\u00f3ry zakrywa usta i t\u0142umi to, co m\u00f3wisz? Tego jeszcze nie widzia\u0142e\u015b - Instalki.pl", "date_published": "2023-01-13 12:19:05.271240+00:00", "description": "Mikrofon, kt\u00f3ry zakrywa usta i t\u0142umi to, co m\u00f3wisz? Tego jeszcze nie widzia\u0142e\u015b - Instalki.pl", "persistent": false, "language": "pl-PL", "user": null}, {"source": "https://www.instalki.pl/", "link": "https://www.instalki.pl/aktualnosci/internet/57710-allegro-zwiekszenie-wartosci-shopee.html", "title": "Z\u0142ote \u017cniwa Allegro. Warto\u015b\u0107 firmy mocno wystrzeli\u0142a po informacji o \u015bmierci Shopee - Instalki.pl", "date_published": "2023-01-13 12:19:04.927991+00:00", "description": "Z\u0142ote \u017cniwa Allegro. Warto\u015b\u0107 firmy mocno wystrzeli\u0142a po informacji o \u015bmierci Shopee - Instalki.pl", "persistent": false, "language": "pl-PL", "user": null}, {"source": "https://www.instalki.pl/", "link": "https://www.instalki.pl/aktualnosci/software/57703-windows-11-build-25276-zrzut-pamieci-jadra-na-zywo-menedzer-zadan.html", "title": "Windows 11 Build 25276 z now\u0105 funkcj\u0105 Mened\u017cera Zada\u0144 - Instalki.pl", "date_published": "2023-01-13 10:18:38.258844+00:00", "description": "Windows 11 Build 25276 z now\u0105 funkcj\u0105 Mened\u017cera Zada\u0144 - Instalki.pl", "persistent": false, "language": "pl-PL", "user": null}, {"source": "https://www.instalki.pl/", "link": "https://www.instalki.pl/aktualnosci/software/57704-nowy-media-player-juz-dostepny-dla-komputerow-z-windows-10.html", "title": "Nowy Media Player ju\u017c dost\u0119pny dla komputer\u00f3w z Windows 10 - Instalki.pl", "date_published": "2023-01-13 10:18:37.980212+00:00", "description": "Nowy Media Player ju\u017c dost\u0119pny dla komputer\u00f3w z Windows 10 - Instalki.pl", "persistent": false, "language": "pl-PL", "user": null}], "source": {"url": "https://www.instalki.pl/", "title": "instalki.pl"}}