{"entries": [{"source": "https://www.lemonde.fr/en/rss/une.xml", "link": "https://www.lemonde.fr/en/opinion/article/2023/01/13/the-environment-and-africa-hollywood-plays-a-cunning-game-of-societal-manipulation-and-wins_6011523_23.html", "title": "The environment and Africa: Hollywood plays a cunning game of manipulation and wins", "date_published": "2023-01-13 19:37:31+00:00", "description": "'Avatar' and 'Black Panther' are meant to be enough to settle the studios' accounts as far as climate, minorities and even Western imperialism are concerned.", "persistent": false, "language": "en-US", "user": null}, {"source": "https://www.lemonde.fr/en/rss/une.xml", "link": "https://www.lemonde.fr/en/france/article/2023/01/13/the-ton-of-cocaine-the-sailboat-and-the-innocent_6011522_7.html", "title": "The ton of cocaine, the sailboat and the 'innocent'", "date_published": "2023-01-13 19:00:09+00:00", "description": "French and Spanish police officers uncovered an international cocaine-importing network composed of a motley crew.", "persistent": false, "language": "en-US", "user": null}, {"source": "https://www.lemonde.fr/en/rss/une.xml", "link": "https://www.lemonde.fr/en/politics/article/2023/01/13/marine-le-pen-does-not-want-to-be-locked-in-at-assemblee-nationale_6011519_5.html", "title": "Marine Le Pen does not want to be\u00a0'locked in'  at Assembl\u00e9e Nationale", "date_published": "2023-01-13 18:52:06+00:00", "description": "Already looking ahead to the presidential election of 2027, the leader of the far-right Rassemblement National MPs at the Assembl\u00e9e Nationale has resumed her travels in France and abroad.", "persistent": false, "language": "en-US", "user": null}, {"source": "https://www.lemonde.fr/en/rss/une.xml", "link": "https://www.lemonde.fr/en/international/article/2023/01/13/czech-presidential-election-marks-end-of-zeman-era-with-its-abuses-of-power_6011516_4.html", "title": "Czech presidential election marks end of Zeman era, with its abuses of power", "date_published": "2023-01-13 18:01:57+00:00", "description": "Three candidates, including the populist former prime minister Andrej Babis, are in a tight race to replace the outgoing president, who has been in power for 10 years.", "persistent": false, "language": "en-US", "user": null}, {"source": "https://www.lemonde.fr/en/rss/une.xml", "link": "https://www.lemonde.fr/en/united-states/article/2023/01/13/us-expected-to-hit-debt-limit-thursday-treasury-department_6011512_133.html", "title": "US expected to hit debt limit Thursday: Treasury Department", "date_published": "2023-01-13 17:50:55+00:00", "description": "US Treasury Secretary Janet Yellen warned the Treasury will need to begin 'extraordinary measures' to prevent a default if it hits the limit.", "persistent": false, "language": "en-US", "user": null}, {"source": "https://www.lemonde.fr/en/rss/une.xml", "link": "https://www.lemonde.fr/en/pixels/article/2023/01/13/apple-boss-tim-cook-accepts-more-than-40-pay-cut_6011511_13.html", "title": "Apple boss Tim Cook accepts more than 40% pay cut", "date_published": "2023-01-13 17:45:06+00:00", "description": "The technology giant says its CEO requested the cut himself after criticism from shareholders.", "persistent": false, "language": "en-US", "user": null}, {"source": "https://www.lemonde.fr/en/rss/une.xml", "link": "https://www.lemonde.fr/en/europe/article/2023/01/13/man-pleads-guilty-for-attempted-egging-of-king-charles_6011507_143.html", "title": "Man pleads guilty for attempted egging of King Charles", "date_published": "2023-01-13 16:50:43+00:00", "description": "Another man is also pending trial for attempting to strike the British monarch by hurling eggs.", "persistent": false, "language": "en-US", "user": null}, {"source": "https://www.lemonde.fr/en/rss/une.xml", "link": "https://www.lemonde.fr/en/culture/article/2023/01/13/pokemon-series-ends-after-25-years-and-1-200-episodes_6011499_30.html", "title": "'Pok\u00e9mon' series ends after 25 years and 1,200 episodes", "date_published": "2023-01-13 16:00:14+00:00", "description": "After more than 1,200 episodes, the adventures of Sacha and Pikachu are coming to a close.", "persistent": false, "language": "en-US", "user": null}, {"source": "https://www.lemonde.fr/en/rss/une.xml", "link": "https://www.lemonde.fr/en/environment/article/2023/01/13/greta-thunberg-visits-german-village-being-cleared-for-coal-mine_6011497_114.html", "title": "Greta Thunberg visits German village being cleared for coal mine", "date_published": "2023-01-13 15:54:25+00:00", "description": "The Swedish climate campaigner held up a placard bearing the words 'Keep it in the ground' in reference to the open coal mine, as some protesters remained in treehouses.", "persistent": false, "language": "en-US", "user": null}, {"source": "https://www.lemonde.fr/en/rss/une.xml", "link": "https://www.lemonde.fr/en/united-states/article/2023/01/13/us-judge-fines-trump-organization-1-6-million-for-tax-fraud_6011494_133.html", "title": "US judge fines Trump Organization $1.6 million for tax fraud", "date_published": "2023-01-13 15:11:58+00:00", "description": "The former president's firm was fined for running a scheme to defraud and evade taxes through falsifying business records.", "persistent": false, "language": "en-US", "user": null}, {"source": "https://www.lemonde.fr/en/rss/une.xml", "link": "https://www.lemonde.fr/en/environment/article/2023/01/13/in-response-to-covid-19-outbreak-china-suggests-reintroducing-domestic-travel-controls_6011488_114.html", "title": "In response to Covid-19 outbreak, China 'suggests' reintroducing domestic travel controls", "date_published": "2023-01-13 14:17:26+00:00", "description": "Authorities are braced for a surge in coronavirus infections during the upcoming Lunar New Year, when hundreds of millions of Chinese will travel to see family for the holidays.", "persistent": false, "language": "en-US", "user": null}, {"source": "https://www.lemonde.fr/en/rss/une.xml", "link": "https://www.lemonde.fr/en/football/article/2023/01/13/man-city-footballer-mendy-cleared-of-six-counts-of-rape-facing-retrial-for-other-charges_6011483_130.html", "title": "Man City footballer Mendy cleared of six counts of rape, facing retrial for other charges", "date_published": "2023-01-13 13:47:44+00:00", "description": "Manchester City and France footballer Benjamin Mendy was told on Friday that he will be retried later this year for one further count of rape and another of attempted rape.", "persistent": false, "language": "en-US", "user": null}, {"source": "https://www.lemonde.fr/en/rss/une.xml", "link": "https://www.lemonde.fr/en/culture/article/2023/01/13/greece-claims-divisive-debate-to-recover-parthenon-marbles-not-closed_6011478_30.html", "title": "Greece claims divisive debate to recover  Parthenon Marbles 'not closed'", "date_published": "2023-01-13 13:40:20+00:00", "description": "Pope Francis weighed into the lopng-standing row in December, when he decided to return three of the ancient Parthenon pieces to Greece.", "persistent": false, "language": "en-US", "user": null}, {"source": "https://www.lemonde.fr/en/rss/une.xml", "link": "https://www.lemonde.fr/en/international/article/2023/01/13/eu-mulls-adding-iran-s-revolutionary-guards-to-list-of-terrorist-groups_6011477_4.html", "title": "EU mulls adding Iran's Revolutionary Guards to list of terrorist groups", "date_published": "2023-01-13 13:30:16+00:00", "description": "The debate in Brussels shows the willingness of European leaders to increase their pressure on Tehran, amid ongoing repression in the country.", "persistent": false, "language": "en-US", "user": null}, {"source": "https://www.lemonde.fr/en/rss/une.xml", "link": "https://www.lemonde.fr/en/europe/article/2023/01/13/greek-court-drops-spying-charges-against-migrant-rescuers_6011471_143.html", "title": "Greek court drops spying charges against migrant rescuers", "date_published": "2023-01-13 13:04:21+00:00", "description": "Among those charged was Syrian swimmer Sarah Mardini, who along with the other activists still faces another investigation.", "persistent": false, "language": "en-US", "user": null}, {"source": "https://www.lemonde.fr/en/rss/une.xml", "link": "https://www.lemonde.fr/en/russia/article/2023/01/13/war-in-ukraine-russia-says-it-has-taken-control-of-soledar_6011466_140.html", "title": "War in Ukraine: Russia says it has taken control of Soledar", "date_published": "2023-01-13 12:26:18+00:00", "description": "Both sides experienced heavy losses in the battle over the salt mine town and Ukraine has yet to confirm the Russian victory.", "persistent": false, "language": "en-US", "user": null}, {"source": "https://www.lemonde.fr/en/rss/une.xml", "link": "https://www.lemonde.fr/en/opinion/article/2023/01/13/french-pension-reform-the-mother-of-all-social-battles_6011456_23.html", "title": "French pension reform: The mother of all social battles", "date_published": "2023-01-13 11:30:11+00:00", "description": "A broad coalition is unhappy with President Emmanuel Macron's pension reform, but it remains unclear if the left and trade unions are strong enough to present a united front.", "persistent": false, "language": "en-US", "user": null}, {"source": "https://www.lemonde.fr/en/rss/une.xml", "link": "https://www.lemonde.fr/en/international/article/2023/01/13/qatargate-european-parliament-wants-to-ban-lobbying-by-meps-after-they-leave-office_6011455_4.html", "title": "'Qatargate': European Parliament wants to ban lobbying by MEPs after they leave office", "date_published": "2023-01-13 11:08:35+00:00", "description": "The Belgian justice system continues to investigate the corruption scandal. After Qatar and Morocco, Mauritania appears to have been involved.", "persistent": false, "language": "en-US", "user": null}, {"source": "https://www.lemonde.fr/en/rss/une.xml", "link": "https://www.lemonde.fr/en/international/article/2023/01/13/us-republicans-determined-to-track-down-hunter-biden-scandal_6011454_4.html", "title": "US Republicans determined to track down Hunter Biden scandal", "date_published": "2023-01-13 11:00:08+00:00", "description": "An investigation is already targeting the son of US President Joe Biden in a tax evasion case, but it is his business activities in Ukraine and China that fuel most of the theories around him.", "persistent": false, "language": "en-US", "user": null}, {"source": "https://www.lemonde.fr/en/rss/une.xml", "link": "https://www.lemonde.fr/en/united-states/article/2023/01/13/biden-administration-ruffled-by-discovery-of-classified-documents_6011450_133.html", "title": "Biden administration ruffled by discovery of classified documents", "date_published": "2023-01-13 10:38:39+00:00", "description": "A special counsel has been appointed to investigate the US president for the handling of these documents, dating back to his time as Barack Obama's vice president.", "persistent": false, "language": "en-US", "user": null}, {"source": "https://www.lemonde.fr/en/rss/une.xml", "link": "https://www.lemonde.fr/en/les-decodeurs/article/2023/01/13/is-the-french-pension-reform-dictated-by-brussels_6011446_8.html", "title": "Is the French pension reform dictated by Brussels?", "date_published": "2023-01-13 10:10:15+00:00", "description": "France has made several commitments to the European Commission to reform its pension system, but can we really say that the EU is forcing it to do so?", "persistent": false, "language": "en-US", "user": null}, {"source": "https://www.lemonde.fr/en/rss/une.xml", "link": "https://www.lemonde.fr/en/international/article/2023/01/13/war-in-ukraine-kyiv-and-its-allies-fear-a-new-russian-mobilization_6011438_4.html", "title": "War in Ukraine: Kyiv and its allies fear a new Russian mobilization", "date_published": "2023-01-13 09:28:52+00:00", "description": "Military experts have said that this new wave of soldiers, though inexperienced, would be difficult to contain.", "persistent": false, "language": "en-US", "user": null}, {"source": "https://www.lemonde.fr/en/rss/une.xml", "link": "https://www.lemonde.fr/en/pixels/article/2023/01/13/why-are-us-states-banning-tiktok_6011435_13.html", "title": "Why are US states banning TikTok?", "date_published": "2023-01-13 08:50:23+00:00", "description": "Almost half of all states banned the app from state-owned devices, in addition to it being banned on most federal-owned and military devices.", "persistent": false, "language": "en-US", "user": null}, {"source": "https://www.lemonde.fr/en/rss/une.xml", "link": "https://www.lemonde.fr/en/environment/article/2023/01/13/climate-the-last-eight-years-are-the-warmest-on-record_6011426_114.html", "title": "Climate: The last eight years are the warmest on record", "date_published": "2023-01-13 07:43:53+00:00", "description": "According to the World Meteorological Organization, 2022 ranks as the fifth or sixth warmest year since measurements began.", "persistent": false, "language": "en-US", "user": null}, {"source": "https://www.lemonde.fr/en/rss/une.xml", "link": "https://www.lemonde.fr/en/international/article/2023/01/13/nouriel-roubini-we-are-entering-the-great-stagflation_6011422_4.html", "title": "Nouriel Roubini: 'We are entering the great stagflation'", "date_published": "2023-01-13 04:14:42+00:00", "description": "Inflation, trade war, global warming... The American economist, known for his pessimism, lists in his latest book the major threats facing economies in the coming years.", "persistent": false, "language": "en-US", "user": null}, {"source": "https://www.lemonde.fr/en/rss/une.xml", "link": "https://www.lemonde.fr/en/opinion/article/2023/01/13/despite-what-they-say-and-perhaps-dream-harry-and-meghan-have-not-managed-to-break-free_6011421_23.html", "title": "'Despite what they say and perhaps dream, Harry and Meghan have not managed to break free'", "date_published": "2023-01-13 04:14:34+00:00", "description": "The fallen prince and his wife 'are not Romeo and Juliet fighting against the Montagues and the Capulets. Love is not the only thing that interests them,' says sociologist Jean-Claude Kaufmann.", "persistent": false, "language": "en-US", "user": null}, {"source": "https://www.lemonde.fr/en/rss/une.xml", "link": "https://www.lemonde.fr/en/environment/article/2023/01/13/exxonmobil-has-had-reliable-global-warming-projections-since-the-1970s_6011420_114.html", "title": "ExxonMobil has had reliable global warming projections since the 1970s", "date_published": "2023-01-13 04:14:07+00:00", "description": "Modelling carried out by the oil and gas company has enabled it to assess the scale of global warming, while its official statements have been built on climate denial.", "persistent": false, "language": "en-US", "user": null}, {"source": "https://www.lemonde.fr/en/rss/une.xml", "link": "https://www.lemonde.fr/en/le-monde-africa/article/2023/01/13/morocco-accuses-spanish-journalist-of-boasting_6011419_124.html", "title": "Morocco accuses Spanish journalist of 'boasting'", "date_published": "2023-01-13 04:13:59+00:00", "description": "Morocco has accused Ignacio Cembrero of lying when he said he was spied on by Morocco using the powerful spyware Pegasus.", "persistent": false, "language": "en-US", "user": null}, {"source": "https://www.lemonde.fr/en/rss/une.xml", "link": "https://www.lemonde.fr/en/politics/article/2023/01/13/pensions-the-reform-is-courageous-and-will-be-difficult_6011418_5.html", "title": "Pensions: 'The reform is courageous and will be difficult'", "date_published": "2023-01-13 04:13:46+00:00", "description": "Franck Morel, former social adviser to Prime Minister Edouard Philippe, recommends that the Borne government's reform be accompanied by a more ambitious plan to promote the employment of seniors.", "persistent": false, "language": "en-US", "user": null}, {"source": "https://www.lemonde.fr/en/rss/une.xml", "link": "https://www.lemonde.fr/en/china/article/2023/01/13/chinese-citizens-are-desperate-for-antiviral-covid-19-drugs_6011417_162.html", "title": "Chinese citizens are desperate for antiviral Covid-19 drugs", "date_published": "2023-01-13 04:13:27+00:00", "description": "With the recent explosion of Covid-19 cases, some people are seeking antiviral drugs, hoping to save elderly relatives.", "persistent": false, "language": "en-US", "user": null}, {"source": "https://www.lemonde.fr/en/rss/une.xml", "link": "https://www.lemonde.fr/en/international/article/2023/01/13/a-year-after-bloody-january-kazakhstan-ignores-the-victims_6011416_4.html", "title": "A year after 'Bloody January', Kazakhstan wants its citizens to forget", "date_published": "2023-01-13 04:13:20+00:00", "description": "President Kassym-Jomart Tokayev would prefer to turn the page on the deadly uprising of January 2022, as well as his promises of democratization.", "persistent": false, "language": "en-US", "user": null}, {"source": "https://www.lemonde.fr/en/rss/une.xml", "link": "https://www.lemonde.fr/en/economy/article/2023/01/13/paris-commuters-brace-for-travel-woes-during-year-of-major-rail-works_6011415_19.html", "title": "Paris commuters brace for travel woes during year of major rail works", "date_published": "2023-01-13 04:00:12+00:00", "description": "For 2023, an unprecedented amount of maintenance has been planned on rail networks in the Paris region, which will have a significant impact on commuters.", "persistent": false, "language": "en-US", "user": null}, {"source": "https://www.lemonde.fr/en/rss/une.xml", "link": "https://www.lemonde.fr/en/culture/article/2023/01/13/lisa-marie-presley-singer-and-only-daughter-of-elvis-dies-at-54_6011413_30.html", "title": "Lisa Marie Presley, singer and only daughter of Elvis, dies at 54", "date_published": "2023-01-13 02:22:37+00:00", "description": "Ms. Presley shared her father's brooding charisma and released her own rock albums in the 2000s.", "persistent": false, "language": "en-US", "user": null}, {"source": "https://www.lemonde.fr/en/rss/une.xml", "link": "https://www.lemonde.fr/en/united-states/article/2023/01/13/severe-storm-slamming-the-south-of-the-us-kills-at-least-6-people-in-alabama_6011411_133.html", "title": "Severe storm slamming the south of the US kills at least 6 people in Alabama", "date_published": "2023-01-13 01:34:57+00:00", "description": "There were multiple tornado warnings issued Thursday in Alabama, Mississippi and Tennessee as the storm system moved through the region.", "persistent": false, "language": "en-US", "user": null}, {"source": "https://www.lemonde.fr/en/rss/une.xml", "link": "https://www.lemonde.fr/en/le-monde-africa/article/2023/01/13/in-benin-pro-government-parties-win-a-parliament-majority_6011409_124.html", "title": "In Benin, pro-government parties win a parliament majority", "date_published": "2023-01-13 00:54:34+00:00", "description": "In a vote markign the return of the opposition after four years of absense, political parties supporting President Patrice Talon won 81 out of 109 seats.", "persistent": false, "language": "en-US", "user": null}, {"source": "https://www.lemonde.fr/en/rss/une.xml", "link": "https://www.lemonde.fr/en/economy/article/2023/01/13/imf-chief-warns-that-unemployment-could-be-on-the-rise_6011406_19.html", "title": "IMF chief warns that unemployment could be on the rise", "date_published": "2023-01-13 00:16:16+00:00", "description": "IMF chief Kristalina Georgieva said that central banks still have work to in their inflation battle, which could hit the labor market.", "persistent": false, "language": "en-US", "user": null}], "source": {"url": "https://www.lemonde.fr/en/rss/une.xml", "title": "Le Monde"}}