{"entries": [{"source": "https://www.cnbc.com/id/100727362/device/rss/rss.html", "link": "https://www.cnbc.com/2023/01/13/pfizer-covid-booster-likely-doesnt-carry-stroke-risk-for-seniors-cdc-says.html", "title": "CDC says it\u2019s \u2018very unlikely\u2019 Pfizer booster carries stroke risk for seniors after launching review", "date_published": "2023-01-13 23:29:04+00:00", "description": "The CDC said one of its monitoring systems detected a preliminary safety signal for stroke in people ages 65 and older who received the Pfizer omicron booster.", "persistent": false, "language": "en-US", "user": null}, {"source": "https://www.cnbc.com/id/100727362/device/rss/rss.html", "link": "https://www.cnbc.com/2023/01/13/us-will-hit-its-debt-limit-thursday-start-taking-steps-to-avoid-default-yellen-warns-congress.html", "title": "U.S. will hit its debt limit Thursday, start taking steps to avoid default, Yellen warns Congress", "date_published": "2023-01-13 20:12:26+00:00", "description": "Treasury Secretary Janet Yellen wrote House Speaker Kevin McCarthy, \"It is unlikely that cash and extraordinary measures will be exhausted before early June.\"", "persistent": false, "language": "en-US", "user": null}, {"source": "https://www.cnbc.com/id/100727362/device/rss/rss.html", "link": "https://www.cnbc.com/2023/01/13/bank-of-america-expects-a-mild-recession-but-is-preparing-for-worse.html", "title": "Brian Moynihan says Bank of America expects 'mild recession' and is preparing for worse", "date_published": "2023-01-13 18:46:16+00:00", "description": "The CEO's statement mirrors the earnings report for JPMorgan Chase, whose economic outlook calls for \"a mild recession in the central case.\"", "persistent": false, "language": "en-US", "user": null}, {"source": "https://www.cnbc.com/id/100727362/device/rss/rss.html", "link": "https://www.cnbc.com/2023/01/13/flash-star-ezra-miller-avoids-jail-trespassing-plea-deal.html", "title": "'Flash' star Ezra Miller avoids jail with plea deal for unlawful trespass in Vermont", "date_published": "2023-01-13 17:42:30+00:00", "description": "Ezra Miller, star of \"The Flash,\" agreed to a plea deal to avoid jail related to an incident in which they allegedly stole alcohol from a neighbor's home.", "persistent": false, "language": "en-US", "user": null}, {"source": "https://www.cnbc.com/id/100727362/device/rss/rss.html", "link": "https://www.cnbc.com/2023/01/13/4-troubling-global-trade-trends-flashing-consumer-weakness-recession.html", "title": "Four troubling global trade trends flashing consumer weakness for a market already fearing recession", "date_published": "2023-01-13 17:38:54+00:00", "description": "Global trade, manufacturing, and warehouse trends provide a picture of consumer health and the economy. It's not looking good right now.", "persistent": false, "language": "en-US", "user": null}, {"source": "https://www.cnbc.com/id/100727362/device/rss/rss.html", "link": "https://www.cnbc.com/2023/01/13/trump-organization-to-be-sentenced-for-criminal-tax-fraud-and-conspiracy.html", "title": "Trump Organization hit with $1.6 million fine for criminal tax fraud scheme", "date_published": "2023-01-13 16:40:06+00:00", "description": "Two subsidiaries of the Trump Organization, former President Donald Trump's business, were hit with fines of $1.6 million at sentencing.", "persistent": false, "language": "en-US", "user": null}, {"source": "https://www.cnbc.com/id/100727362/device/rss/rss.html", "link": "https://www.cnbc.com/2023/01/13/citigroup-shares-decline-after-bank-reports-21percent-decline-in-fourth-quarter-profit.html", "title": "Citigroup's fourth-quarter profit declines by 21% as bank sets aside more money for credit losses", "date_published": "2023-01-13 14:24:02+00:00", "description": "Citigroup reported fourth-quarter earnings on Friday. Here's how they did.", "persistent": false, "language": "en-US", "user": null}, {"source": "https://www.cnbc.com/id/100727362/device/rss/rss.html", "link": "https://www.cnbc.com/2023/01/13/germanys-scholz-only-g7-leader-set-to-attend-davos.html", "title": "Just one G-7 leader will join the Davos elite this year as regular people battle cost-of-living crisis", "date_published": "2023-01-13 13:44:52+00:00", "description": "While the WEF summit has had low G-7 attendance in the past, one political advisor said leaders would be especially wary amid the cost-of-living crisis.", "persistent": false, "language": "en-US", "user": null}, {"source": "https://www.cnbc.com/id/100727362/device/rss/rss.html", "link": "https://www.cnbc.com/2023/01/13/scaramucci-says-skybridge-can-buy-back-ftx-stake-this-year-alleges-sbf-committed-fraud.html", "title": "Scaramucci says SkyBridge can buy back FTX stake this year, alleges SBF 'committed fraud\u2019", "date_published": "2023-01-13 13:16:09+00:00", "description": "SkyBridge Capital can buy back the stake it sold to FTX, founder Anthony Scaramucci told CNBC.", "persistent": false, "language": "en-US", "user": null}, {"source": "https://www.cnbc.com/id/100727362/device/rss/rss.html", "link": "https://www.cnbc.com/2023/01/13/uk-economy-ekes-out-growth-in-surprise-but-recession-still-seen-as-inevitable.html", "title": "UK economy ekes out growth in November surprise \u2014 but recession still seen as inevitable", "date_published": "2023-01-13 10:06:44+00:00", "description": "A Reuters poll of economists had forecast a 0.2% contraction amid a\u00a0bleak overall picture for the British economy.", "persistent": false, "language": "en-US", "user": null}, {"source": "https://www.cnbc.com/id/100727362/device/rss/rss.html", "link": "https://www.cnbc.com/2023/01/13/biden-advisor-says-oil-price-cap-is-working-as-russia-takes-economic-hit.html", "title": "Biden advisor says oil price cap is working as Russia takes economic hit", "date_published": "2023-01-13 10:04:02+00:00", "description": "Amos Hochstein, special presidential coordinator to Joe Biden, told CNBC the G7's oil price cap had so far \"achieved our interest.\"", "persistent": false, "language": "en-US", "user": null}, {"source": "https://www.cnbc.com/id/100727362/device/rss/rss.html", "link": "https://www.cnbc.com/2023/01/13/sweden-mining-company-lkap-finds-big-deposit-of-rare-earth-metals.html", "title": "Sweden finds Europe's largest deposit of rare earth metals, which could become 'more important than oil and gas'", "date_published": "2023-01-13 09:17:27+00:00", "description": "Swedish mining company LKAB discovered one million metric tons of rare earth oxides, which are used in electric vehicles and wind turbines.", "persistent": false, "language": "en-US", "user": null}, {"source": "https://www.cnbc.com/id/100727362/device/rss/rss.html", "link": "https://www.cnbc.com/2023/01/13/putins-reshuffle-of-ukraines-military-command-reveals-power-struggle.html", "title": "Putin's military command reshuffle reveals a power struggle at the heart of the Ukraine war", "date_published": "2023-01-13 08:29:19+00:00", "description": "Tension has been mounting in recent months between Russia's military commanders and Wagner Group leader Yevgeny Prigozhin.", "persistent": false, "language": "en-US", "user": null}, {"source": "https://www.cnbc.com/id/100727362/device/rss/rss.html", "link": "https://www.cnbc.com/2023/01/13/tesla-cuts-prices-in-us-and-europe-to-stoke-sales.html", "title": "Tesla cuts prices in the U.S. and Europe to stoke sales after lackluster year-end deliveries", "date_published": "2023-01-13 08:22:54+00:00", "description": "Electric vehicle maker Tesla is cutting prices in the United States and throughout Europe again, according to listings on the company's website.", "persistent": false, "language": "en-US", "user": null}, {"source": "https://www.cnbc.com/id/100727362/device/rss/rss.html", "link": "https://www.cnbc.com/2023/01/13/wef-2023-the-davos-predictions-that-did-not-work-out.html", "title": "The Davos elite likes to make bold predictions. But they often get them wrong", "date_published": "2023-01-13 06:27:35+00:00", "description": "The World Economic Forum in Davos, Switzerland, kicks off next week. Here's a recap of some of the calls made at the high-profile meeting in recent years.", "persistent": false, "language": "en-US", "user": null}, {"source": "https://www.cnbc.com/id/100727362/device/rss/rss.html", "link": "https://www.cnbc.com/2023/01/13/jpmorgan-chase-jpm-earnings-4q-2022.html", "title": "JPMorgan Chase is set to report fourth-quarter earnings \u2014 here's what the Street expects", "date_published": "2023-01-13 05:01:01+00:00", "description": "JPMorgan, the biggest U.S. bank by assets, will be closely watched for clues on how the industry is navigating an economy at a crossroads.", "persistent": false, "language": "en-US", "user": null}, {"source": "https://www.cnbc.com/id/100727362/device/rss/rss.html", "link": "https://www.cnbc.com/2023/01/13/a-stablecoin-collapse-could-spill-into-us-bond-market-academic.html", "title": "A stablecoin collapse could spill into the U.S. bond market and economy, professor warns", "date_published": "2023-01-13 04:18:12+00:00", "description": "While there are no signs of major stablecoins collapsing, an economics professor at Cornell\u00a0University says it's something regulators are worried about.", "persistent": false, "language": "en-US", "user": null}, {"source": "https://www.cnbc.com/id/100727362/device/rss/rss.html", "link": "https://www.cnbc.com/2023/01/13/chinas-exports-slump-less-than-expected-in-december.html", "title": "China\u2019s exports slump less than expected in December", "date_published": "2023-01-13 03:57:20+00:00", "description": "Strong exports bolstered China's economy in the last two years. But economists anticipate a slowdown in demand from the U.S. and Europe.", "persistent": false, "language": "en-US", "user": null}, {"source": "https://www.cnbc.com/id/100727362/device/rss/rss.html", "link": "https://www.cnbc.com/2023/01/13/south-koreans-are-the-worlds-biggest-spenders-on-luxury-goods.html", "title": "South Koreans are the world's biggest spenders on luxury goods", "date_published": "2023-01-13 02:15:11+00:00", "description": "Morgan Stanley says South Koreans spend more on luxury goods per capita than even American or Chinese nationals.", "persistent": false, "language": "en-US", "user": null}, {"source": "https://www.cnbc.com/id/100727362/device/rss/rss.html", "link": "https://www.cnbc.com/2023/01/13/singapore-covid-travel-rules-why-singapore-isnt-singling-china-out.html", "title": "Why Singapore isn't imposing new travel rules on visitors from China", "date_published": "2023-01-13 00:10:07+00:00", "description": "Singapore's government cites statistics to show why new rules for Chinese travelers won't necessarily make Singapore safer from Covid-19 right now.", "persistent": false, "language": "en-US", "user": null}, {"source": "https://www.cnbc.com/id/100727362/device/rss/rss.html", "link": "https://www.cnbc.com/2023/01/12/apple-ceo-tim-cook-receives-a-40percent-pay-cut-after-shareholder-vote.html", "title": "Apple CEO Tim Cook requests and receives a 40% pay cut after shareholder vote", "date_published": "2023-01-13 00:04:59+00:00", "description": "Apple CEO Tim Cook will receive a pay cut in 2023, targeting $49 million in total compensation, the company said in an SEC filing.", "persistent": false, "language": "en-US", "user": null}], "source": {"url": "https://www.cnbc.com/id/100727362/device/rss/rss.html", "title": "CNBC"}}