{"entries": [{"source": "https://news.itsfoss.com/rss/", "link": "https://news.itsfoss.com/medium-mastodon/", "title": "Mastodon's Growth Continues, Medium Joins in With its New Community Platform", "date_published": "2023-01-13 10:16:54+00:00", "description": "Another win for Mastodon's adoption! Medium launches an instance for its users.", "persistent": false, "language": "en-US", "user": null}, {"source": "https://news.itsfoss.com/rss/", "link": "https://news.itsfoss.com/foss-weekly-23-02/", "title": "FOSS Weekly #23.02: Free Linux Book, Cooler Master Goes Open Source and More", "date_published": "2023-01-13 08:14:37+00:00", "description": "I've got a gift for you in this edition of FOSS Weekly. A new Linux book you can download for free.", "persistent": false, "language": "en-US", "user": null}], "source": {"url": "https://news.itsfoss.com/rss/", "title": "It's FOSS News"}}