{"entries": [{"source": "https://www.money.pl/rss/", "link": "https://www.money.pl/gospodarka/inflacyjne-uderzenie-jeszcze-przed-nami-ekonomisci-wskazuja-kiedy-mozemy-spodziewac-sie-szczytu-6855133465283488a.html", "title": "Inflacyjne uderzenie jeszcze przed nami. Ekonomi\u015bci wskazuj\u0105, kiedy mo\u017cemy spodziewa\u0107 si\u0119 szczytu", "date_published": "2023-01-13 13:29:25+00:00", "description": "<img src=\"https://i.wpimg.pl/308x/filerepo.grupawp.pl/api/v1/display/embed/279aa1d7-d224-4db4-9268-717c3705ddcb\" width=\"308\" /> Inflacja jeszcze nie powiedzia\u0142a ostatniego s\u0142owa. W styczniu i w lutym wska\u017anik wzrostu cen wzro\u015bnie do 19-20 proc. W tych miesi\u0105cach mo\u017cemy spodziewa\u0107 si\u0119 szczytu. W nast\u0119pnych rozpocznie si\u0119 powolny trend spadkowy \u2013 prognozuj\u0105 ekonomi\u015bci PKO BP. Najwa\u017cniejszymi sk\u0142adowymi dla najbli\u017cszych odczyt\u00f3w b\u0119d\u0105 ceny energii i paliw.", "persistent": false, "language": "pl-PL", "user": null}, {"source": "https://www.money.pl/rss/", "link": "https://www.money.pl/gospodarka/afrykanskie-panstwo-podnosi-pensje-o-30-proc-w-srodku-najwiekszego-kryzysu-od-dekad-6855116853832608a.html", "title": "Afryka\u0144skie pa\u0144stwo podnosi pensje o 30 proc. w \u015brodku najwi\u0119kszego kryzysu od dekad", "date_published": "2023-01-13 12:21:51+00:00", "description": "<img src=\"https://i.wpimg.pl/308x/filerepo.grupawp.pl/api/v1/display/embed/4474b1af-5f13-4c08-8324-853c2fb90ba9\" width=\"308\" /> Rz\u0105d Ghany uzgodni\u0142 w ramach negocjacji ze zwi\u0105zkami zawodowymi, \u017ce w 2023 roku pensje wszystkich urz\u0119dnik\u00f3w pa\u0144stwowych wzrosn\u0105 o 30 proc. - poinformowano we wsp\u00f3lnym o\u015bwiadczeniu obu stron, na kt\u00f3re powo\u0142uje si\u0119 portal aljazeera.com. Kraj zmaga si\u0119 z najwi\u0119kszym od pokole\u0144 kryzysem gospodarczym. Inflacja w Ghanie si\u0119ga 50,3 proc.", "persistent": false, "language": "pl-PL", "user": null}, {"source": "https://www.money.pl/rss/", "link": "https://www.money.pl/gospodarka/kilkadziesiat-mieszkan-sprzedawanych-w-pakiecie-nowy-typ-ofert-pojawia-sie-w-sieci-6855082003966880a.html", "title": "Kilkadziesi\u0105t mieszka\u0144 sprzedawanych w pakiecie. Nowy typ ofert pojawia si\u0119 w sieci", "date_published": "2023-01-13 11:53:34+00:00", "description": "<img src=\"https://i.wpimg.pl/308x/filerepo.grupawp.pl/api/v1/display/embed/5f49622a-39b7-43d2-a7b6-0e06cf593577\" width=\"308\" /> Na portalach internetowych pojawi\u0142a si\u0119 oferta kilkudziesi\u0119ciu mieszka\u0144 w pakiecie. Ch\u0119tni mog\u0105 kupi\u0107 30 lub 70 mieszka\u0144 w Warszawie albo 75 w \u017byrardowie. Cho\u0107 nie jest to nowo\u015b\u0107 na rynku, to jednak zazwyczaj sprzeda\u017c pakietu mieszka\u0144 zawierano w deweloperskich biurach sprzeda\u017cy", "persistent": false, "language": "pl-PL", "user": null}, {"source": "https://www.money.pl/rss/", "link": "https://www.money.pl/gielda/gpw-notowania-allegro-rekordowe-wzrosty-kursu-oto-co-sie-stalo-6855088565459520a.html", "title": "Rekordowe wzrosty kurs Allegro. Oto co si\u0119 sta\u0142o", "date_published": "2023-01-13 11:50:14+00:00", "description": "<img src=\"https://i.wpimg.pl/308x/filerepo.grupawp.pl/api/v1/display/embed/f612de0b-f14a-4ee9-b474-f5c3e66867db\" width=\"308\" /> Akcje Allegro zyska\u0142y wczoraj 6,5 proc., a por\u00f3wnaniu z pa\u017adziernikowym do\u0142kiem kurs jest wy\u017cszy o ponad 50 proc. Z jednej strony Allegro zyskuje na fali wzrost\u00f3w ca\u0142ej polskiej gie\u0142dy. Z drugiej \u2013 jak podkre\u015bla Maciej Kietli\u0144ski z domu maklerskiego XTB \u2013 du\u017c\u0105 rol\u0119 odgrywa pozytywna dla sp\u00f3\u0142ki informacja, \u017ce z Polski wycofuje si\u0119 Shopee.", "persistent": false, "language": "pl-PL", "user": null}, {"source": "https://www.money.pl/rss/", "link": "https://www.money.pl/gospodarka/sejm-przyjal-ustawe-o-sadzie-najwyzszym-to-ona-ma-odblokowac-pieniadze-z-kpo-6855083285899840a.html", "title": "Sejm przyj\u0105\u0142 ustaw\u0119 o S\u0105dzie Najwy\u017cszym. To ona ma odblokowa\u0107 pieni\u0105dze z KPO", "date_published": "2023-01-13 10:05:16+00:00", "description": "<img src=\"https://i.wpimg.pl/308x/filerepo.grupawp.pl/api/v1/display/embed/3f2d2361-3e9e-4ca3-90c8-7bcc6c50dbf9\" width=\"308\" /> Opozycja nie chcia\u0142a poprze\u0107 nowelizacji ustawy o S\u0105dzie Najwy\u017cszym w obecnym brzmieniu. Jednak Prawo i Sprawiedliwo\u015b\u0107 ani my\u015bla\u0142o przyj\u0105\u0107 jej poprawki. Wobec tego wi\u0119kszo\u015b\u0107 pos\u0142\u00f3w partii opozycyjnych wstrzyma\u0142a si\u0119 od g\u0142osu. Tym samym PiS, mimo braku wi\u0119kszo\u015bci w zwi\u0105zku ze sprzeciwem Solidarnej Polski, ostatecznie przeprowadzi\u0142o ustaw\u0119 przez Sejm.", "persistent": false, "language": "pl-PL", "user": null}, {"source": "https://www.money.pl/rss/", "link": "https://www.money.pl/emerytury/to-wplynie-na-emerytury-polakow-gus-podal-kluczowy-wskaznik-6855065939278400a.html", "title": "To wp\u0142ynie na emerytury Polak\u00f3w. GUS poda\u0142 kluczowy wska\u017anik", "date_published": "2023-01-13 09:01:09+00:00", "description": "<img src=\"https://i.wpimg.pl/308x/filerepo.grupawp.pl/api/v1/display/embed/3b2f6cc4-d761-4eef-ac65-14ee278537df\" width=\"308\" /> \u015arednioroczny wska\u017anik cen towar\u00f3w i us\u0142ug konsumpcyjnych og\u00f3\u0142em w 2022 r. wyni\u00f3s\u0142 14,4 proc. - poda\u0142 w pi\u0105tek G\u0142\u00f3wny Urz\u0105d Statystyczny. To kluczowe dane dla kilku milion\u00f3w emeryt\u00f3w i rencist\u00f3w w Polsce. S\u0142u\u017c\u0105 one m.in. do ustawowego wyliczenia wska\u017anika waloryzacji \u015bwiadcze\u0144. W 2021 r. \u015brednioroczna inflacja wynosi\u0142a 5,1 proc.", "persistent": false, "language": "pl-PL", "user": null}, {"source": "https://www.money.pl/rss/", "link": "https://www.money.pl/gielda/apple-obniza-wynagrodzenie-swojego-szefa-dyrektor-generalny-bedzie-zarabiac-o-40-proc-mniej-6855056321002048a.html", "title": "Apple obni\u017ca wynagrodzenie swojego szefa. Dyrektor generalny b\u0119dzie zarabia\u0107 o 40 proc. mniej", "date_published": "2023-01-13 08:15:31+00:00", "description": "<img src=\"https://i.wpimg.pl/308x/filerepo.grupawp.pl/api/v1/display/embed/f3619a2a-c4d4-487c-89f5-4f0047d03fb4\" width=\"308\" /> Apple obni\u017cy wynagrodzenie dyrektora generalnego. Tim Cook ma od teraz zarabia\u0107 o ponad 40 proc. mniej. W ten spos\u00f3b koncern reaguje na oczekiwania w\u0142asnych inwestor\u00f3w, a tak\u017ce na pro\u015bb\u0119 samego Cooka, by dostosowa\u0107 jego pensj\u0119. W zamian b\u0119dzie m\u00f3g\u0142 liczy\u0107 na wi\u0119kszy pakiet akcji \u2013 pisze Bloomberg.", "persistent": false, "language": "pl-PL", "user": null}, {"source": "https://www.money.pl/rss/", "link": "https://www.money.pl/gospodarka/czym-jest-podatek-belki-6854406118185536a.html", "title": "Czym jest podatek Belki?", "date_published": "2023-01-13 07:59:44+00:00", "description": "<img src=\"https://i.wpimg.pl/308x/filerepo.grupawp.pl/api/v1/display/embed/f026d2f5-4746-47d3-b0d0-39becf063f4f\" width=\"308\" /> Lokuj\u0105c \u015brodki na lokatach bankowych, uzyskujesz odsetki, kt\u00f3re naliczane s\u0105 wed\u0142ug okre\u015blonej z g\u00f3ry stawki. Podawana jest ona w ofertach bankowych w skali roku. Pami\u0119taj jednak, \u017ce wyliczone odsetki s\u0105 pomniejszane o tak zwany podatek Belki. Co to jest i czy zawsze trzeba go p\u0142aci\u0107?", "persistent": false, "language": "pl-PL", "user": null}, {"source": "https://www.money.pl/rss/", "link": "https://www.money.pl/gospodarka/czym-zajmuje-sie-rada-polityki-pienieznej-6854407536356256a.html", "title": "Czym zajmuje si\u0119 Rada Polityki Pieni\u0119\u017cnej?", "date_published": "2023-01-13 07:57:45+00:00", "description": "<img src=\"https://i.wpimg.pl/308x/filerepo.grupawp.pl/api/v1/display/embed/8a0f2fc2-8803-4477-8be5-b0e242b6ed8b\" width=\"308\" /> Posiedzenia Rady Polityki Pieni\u0119\u017cnej w kolejnych miesi\u0105cach 2022 roku budzi\u0142y ogromne zainteresowanie Polak\u00f3w. Przeci\u0119tny Kowalski \u015bledzi\u0142 je z zapartym tchem, zw\u0142aszcza wtedy, gdy sp\u0142aca\u0142 kredyt w z\u0142ot\u00f3wkach. Od decyzji RPP zale\u017ca\u0142o bowiem to, czy koszt zobowi\u0105zania wzro\u015bnie, czy te\u017c nie. Zobacz zatem, czym zajmuje si\u0119 Rada Polityki Pieni\u0119\u017cnej. Jakie podejmuje decyzje?", "persistent": false, "language": "pl-PL", "user": null}, {"source": "https://www.money.pl/rss/", "link": "https://www.money.pl/banki/domy-na-raty-z-pominieciem-banku-miliarder-ma-nowy-pomysl-6855033682852416a.html", "title": "Domy na raty z pomini\u0119ciem banku. Miliarder ma nowy pomys\u0142", "date_published": "2023-01-13 07:15:44+00:00", "description": "<img src=\"https://i.wpimg.pl/308x/filerepo.grupawp.pl/api/v1/display/embed/ad5bf852-2000-4e28-b8ce-215069413011\" width=\"308\" /> - Uruchamiamy sprzeda\u017c dom\u00f3w jednorodzinnych na raty \u2014 poinformowa\u0142 J\u00f3zef Wojciechowski, szef rady nadzorczej J.W. Construction Holding SA. W rozmowie z portalem wnp.pl deweloper zapowiedzia\u0142, \u017ce jego firma chce zast\u0105pi\u0107 banki do czasu, a\u017c na rynku pojawi\u0105 si\u0119 ta\u0144sze kredyty. - B\u0119dziemy tu pionierami na rynku - uwa\u017ca.", "persistent": false, "language": "pl-PL", "user": null}, {"source": "https://www.money.pl/rss/", "link": "https://www.money.pl/gospodarka/biedronka-przekroczyla-kolejna-granice-zwiekszyla-sprzedaz-o-ponad-jedna-piata-6855036611848768a.html", "title": "Biedronka przekroczy\u0142a kolejn\u0105 granic\u0119. Zwi\u0119kszy\u0142a sprzeda\u017c o ponad jedn\u0105 pi\u0105t\u0105", "date_published": "2023-01-13 06:55:00+00:00", "description": "<img src=\"https://i.wpimg.pl/308x/filerepo.grupawp.pl/api/v1/display/embed/03059d47-dbdf-49cc-b940-af2915f5286b\" width=\"308\" /> Rekordowy rok za Biedronk\u0105. Sie\u0107 handlowa zanotowa\u0142a sprzeda\u017c na poziomie 17,58 mld euro. To oznacza wzrost o niemal 21 proc. w por\u00f3wnaniu z wynikiem za 2021 r. Tym samym firma na naszym rynku przekroczy\u0142a barier\u0119 ponad 80 mld z\u0142 przychod\u00f3w \u2013 podaje portal wiadomoscihandlowe.pl.", "persistent": false, "language": "pl-PL", "user": null}, {"source": "https://www.money.pl/rss/", "link": "https://www.money.pl/pieniadze/tak-pis-zebralo-1-3-mln-zl-na-kampanie-wyborcza-zrzutka-od-zarzadow-panstwowych-spolek-6855024559069760a.html", "title": "Tak PiS zebra\u0142o 1,3 mln z\u0142 na kampani\u0119 wyborcz\u0105. \"Zrzutka\" od zarz\u0105d\u00f3w pa\u0144stwowych sp\u00f3\u0142ek", "date_published": "2023-01-13 06:29:31+00:00", "description": "<img src=\"https://i.wpimg.pl/308x/filerepo.grupawp.pl/api/v1/display/embed/bd6d1311-efd6-4081-8e22-c884083492ca\" width=\"308\" /> Wyborcza kampania wymaga od partii sporych wydatk\u00f3w. Pieni\u0105dze trzeba przeznaczy\u0107 m.in. na jej organizacj\u0119 i promocj\u0119 swoich kandydat\u00f3w. Dlatego te\u017c ugrupowania licz\u0105 na wp\u0142aty od darczy\u0144c\u00f3w i sympatyk\u00f3w. Szczeg\u00f3lnie Prawo i Sprawiedliwo\u015b\u0107, kt\u00f3re swoich zwolennik\u00f3w upycha w sp\u00f3\u0142kach Skarbu Pa\u0144stwa. W zamian partia uzyska\u0142a od nich prawie 1,3 mln z\u0142.", "persistent": false, "language": "pl-PL", "user": null}, {"source": "https://www.money.pl/rss/", "link": "https://www.money.pl/pieniadze/kursy-walut-13-01-2023-piatkowy-kurs-funta-euro-dolara-i-franka-szwajcarskiego-6855025568066112a.html", "title": "Kursy walut 13.01.2023. Pi\u0105tkowy kurs funta, euro, dolara i franka szwajcarskiego", "date_published": "2023-01-13 06:10:24+00:00", "description": "<img src=\"https://i.wpimg.pl/308x/filerepo.grupawp.pl/api/v1/display/embed/f25df134-ca5f-469f-b693-7773e001842b\" width=\"308\" /> Kursy walut - 13.01.2023. W pi\u0105tek za jednego dolara (USD) zap\u0142acimy 4.3348 z\u0142. Cena jednego funta szterlinga (GBP) to 5.2828 z\u0142, a franka szwajcarskiego (CHF) 4.6570 z\u0142. Z kolei euro (EUR) mo\u017cemy zakupi\u0107 za 4.6980 z\u0142.", "persistent": false, "language": "pl-PL", "user": null}, {"source": "https://www.money.pl/rss/", "link": "https://www.money.pl/pieniadze/ile-kosztuje-dolar-kurs-dolara-do-zlotego-pln-usd-13-01-2023-6855024314510240a.html", "title": "Ile kosztuje dolar? Kurs dolara do z\u0142otego PLN/USD 13.01.2023", "date_published": "2023-01-13 06:05:22+00:00", "description": "<img src=\"https://i.wpimg.pl/308x/filerepo.grupawp.pl/api/v1/display/embed/e0ba71a8-9c02-482d-85dd-ebac5362ee3b\" width=\"308\" /> Kurs dolara - 13.01.2023. W pi\u0105tek za jednego dolara (USD) trzeba zap\u0142aci\u0107 4.3317 z\u0142.", "persistent": false, "language": "pl-PL", "user": null}, {"source": "https://www.money.pl/rss/", "link": "https://www.money.pl/pieniadze/ile-kosztuje-funt-kurs-funta-do-zlotego-pln-gbp-13-01-2023-6855024311073696a.html", "title": "Ile kosztuje funt? Kurs funta do z\u0142otego PLN/GBP 13.01.2023", "date_published": "2023-01-13 06:05:21+00:00", "description": "<img src=\"https://i.wpimg.pl/308x/filerepo.grupawp.pl/api/v1/display/embed/c374eefc-9e8b-424a-aaa7-91759b47d116\" width=\"308\" /> Kurs funta szterlinga - 13.01.2023. W pi\u0105tek za jednego funta brytyjskiego (GBP) trzeba zap\u0142aci\u0107 5.2793 z\u0142.", "persistent": false, "language": "pl-PL", "user": null}, {"source": "https://www.money.pl/rss/", "link": "https://www.money.pl/pieniadze/ile-kosztuje-euro-kurs-euro-do-zlotego-pln-eur-13-01-2023-6855024309214112a.html", "title": "Ile kosztuje euro? Kurs euro do z\u0142otego PLN/EUR 13.01.2023", "date_published": "2023-01-13 06:05:20+00:00", "description": "<img src=\"https://i.wpimg.pl/308x/filerepo.grupawp.pl/api/v1/display/embed/cf3a8300-d9c9-461f-9fbc-2f314332a28c\" width=\"308\" /> Kurs euro - 13.01.2023. W pi\u0105tek za jedno euro (EUR) trzeba zap\u0142aci\u0107 4.6957 z\u0142.", "persistent": false, "language": "pl-PL", "user": null}, {"source": "https://www.money.pl/rss/", "link": "https://www.money.pl/pieniadze/ile-kosztuje-frank-szwajcarski-kurs-franka-do-zlotego-pln-chf-13-01-2023-6855024306215488a.html", "title": "Ile kosztuje frank szwajcarski? Kurs franka do z\u0142otego PLN/CHF 13.01.2023", "date_published": "2023-01-13 06:05:20+00:00", "description": "<img src=\"https://i.wpimg.pl/308x/filerepo.grupawp.pl/api/v1/display/embed/b1c04e3f-7bce-4c35-b03c-7a8d7b0adc65\" width=\"308\" /> Kurs franka szwajcarskiego - 13.01.2023. W pi\u0105tek za jednego franka (CHF) trzeba zap\u0142aci\u0107 4.6553 z\u0142.", "persistent": false, "language": "pl-PL", "user": null}, {"source": "https://www.money.pl/rss/", "link": "https://www.money.pl/gospodarka/rzad-chce-chronic-polakow-a-przy-okazji-dowiedziec-sie-o-nich-wiecej-6855021223820192a.html", "title": "Rz\u0105d chce chroni\u0107 Polak\u00f3w. A przy okazji dowiedzie\u0107 si\u0119 o nich wi\u0119cej", "date_published": "2023-01-13 05:52:41+00:00", "description": "<img src=\"https://i.wpimg.pl/308x/filerepo.grupawp.pl/api/v1/display/embed/45a9ca44-0b34-4d74-828a-fac8b76b5009\" width=\"308\" /> Rz\u0105d chce zmieni\u0107 przepisy dotycz\u0105ce prawa komunikacji elektronicznej. Nowelizacja ma wprowadzi\u0107 korzystne rozwi\u0105zania dla klient\u00f3w telekom\u00f3w. Przy okazji jednak chce jednak wyd\u0142u\u017cy\u0107 obowi\u0105zek przetrzymywania danych z komunikator\u00f3w, z kt\u00f3rych korzystaj\u0105 Polacy.", "persistent": false, "language": "pl-PL", "user": null}], "source": {"url": "https://www.money.pl/rss/", "title": "Money PL"}}