[{"source": "https://www.youtube.com/feeds/videos.xml?channel_id=UCO2x-p9gg9TLKneXlibGR7w", "title": "Roborock S8 Pro Ultra - Is It Worth the Upgrade?", "description": "Is the Roborock S8 Pro Ultra the best robotic vacuum/mop you can buy? And if it is, is it worth upgrading from your current one?\n\nGet the Roborock S8 Pro Ultra and Dyad Pro Bundle: https://amzn.to/3mGHYHA\nGet the Roborock S8 Pro Ultra: https://amzn.to/41sGH5O\n\nThis video is sponsored by Roborock. Read our ethics statement here: https://snazzylabs.com/ethics/\n\nFollow me on Mastodon - http://snazzy.fm/mdn\nFollow Snazzy Labs on Twitter - https://twitter.com/snazzylabs\nFollow me on Instagram - http://instagram.com/snazzyq", "link": "https://www.youtube.com/watch?v=y3-iyHqHEF0", "date_published": "2023-04-19 15:00:50+00:00", "persistent": false, "user": null, "language": "en-US"}]