[{"source": "https://feeds.npr.org/1001/rss.xml", "title": "Damar Hamlin wants to raise awareness for this rare cardiac condition", "description": "Commotio cordis is the leading cause of death in youth athletes across all sports. He wants to change that.", "link": "https://www.npr.org/2023/04/19/1170920589/damar-hamlin-cardiac-awareness-commotio-cordis-collapse-return-nfl", "date_published": "2023-04-19 21:11:10+00:00", "persistent": false, "user": null, "language": "en-US"}, {"source": "https://feeds.npr.org/1001/rss.xml", "title": "McCarthy's bill for the looming debit limit would slash federal spending", "description": "Speaker McCarthy's proposal would lift the nation's credit limit for one year in exchange for spending cuts.", "link": "https://www.npr.org/2023/04/19/1170887856/mccarthys-bill-for-the-looming-debit-limit-would-slash-federal-spending", "date_published": "2023-04-19 20:10:23+00:00", "persistent": false, "user": null, "language": "en-US"}, {"source": "https://feeds.npr.org/1001/rss.xml", "title": "The race to protect people from dangerous glacial lakes", "description": "An estimated 15 million people are threatened by floods that happen when glaciers melt rapidly. Nepal's Himalayan communities are on the front lines.", "link": "https://www.npr.org/2023/04/19/1170717742/the-race-to-protect-people-from-dangerous-glacial-lakes", "date_published": "2023-04-19 20:10:21+00:00", "persistent": false, "user": null, "language": "en-US"}, {"source": "https://feeds.npr.org/1001/rss.xml", "title": "Supreme Court extends freeze on changes to abortion pill access until Friday", "description": "The announcement kicks the can down the road on what the high court will do for another few days. Mifepristone is used in about half of all abortions nationwide.", "link": "https://www.npr.org/2023/04/19/1170631254/abortion-pill-decision-supreme-court", "date_published": "2023-04-19 19:39:57+00:00", "persistent": false, "user": null, "language": "en-US"}, {"source": "https://feeds.npr.org/1001/rss.xml", "title": "Residents in Khartoum live in fear and desperation as fighting rages on", "description": "As rival military factions fight on the streets of Sudan's capital, three women describe what life is like for them. \"I think we can die at any time. Nobody can feel safe in Khartoum now,\" one says.", "link": "https://www.npr.org/2023/04/19/1170838123/sudan-khartoum-fighting", "date_published": "2023-04-19 17:49:15+00:00", "persistent": false, "user": null, "language": "en-US"}, {"source": "https://feeds.npr.org/1001/rss.xml", "title": "Generic abortion pill manufacturer sues FDA in effort to preserve access", "description": "GenBioPro, which makes a generic form of mifepristone, is suing the FDA seeking to preserve access to the drug amidst ongoing federal litigation.", "link": "https://www.npr.org/2023/04/19/1170806176/abortion-pill-mifepristone-supreme-court-fda-generic-genbiopro", "date_published": "2023-04-19 17:49:11+00:00", "persistent": false, "user": null, "language": "en-US"}, {"source": "https://feeds.npr.org/1001/rss.xml", "title": "2 teens charged with murder in Alabama shooting that left 4 dead and dozens injured", "description": "The suspects, 16 and 17, were arrested in connection with the shooting at a Sweet Sixteen birthday party, investigators said Wednesday. The district attorney said the two would be tried as adults.", "link": "https://www.npr.org/2023/04/19/1170875258/alabama-birthday-party-shooting-teens-arrested-dadeville", "date_published": "2023-04-19 17:36:04+00:00", "persistent": false, "user": null, "language": "en-US"}, {"source": "https://feeds.npr.org/1001/rss.xml", "title": "12 are arrested after a Beijing hospital fire killed 29 people", "description": "A dozen people have been arrested after a hospital fire in Beijing killed 29 people. Chinese netizens question why they weren't informed immediately.", "link": "https://www.npr.org/2023/04/19/1170849984/beijing-hospital-fire-arrests-deaths", "date_published": "2023-04-19 16:18:58+00:00", "persistent": false, "user": null, "language": "en-US"}, {"source": "https://feeds.npr.org/1001/rss.xml", "title": "Charles Stanley, whose Christian broadcasts spanned the world, dies at 90", "description": "His \"In Touch with Dr. Charles Stanley,\" a Christian teaching program, first aired on the Christian Broadcasting Network in 1978. He was senior pastor of First Baptist Church of Atlanta for 50 years.", "link": "https://www.npr.org/2023/04/19/1170844779/televangelist-charles-stanley-dies-christian-baptist", "date_published": "2023-04-19 14:50:11+00:00", "persistent": false, "user": null, "language": "en-US"}, {"source": "https://feeds.npr.org/1001/rss.xml", "title": "2 Texas cheerleaders were shot after 1 tried to get in the wrong car after practice", "description": "The shooting happened just after midnight in the grocery store parking lot the cheerleaders use when carpooling to practice. One of them, described as an all-star cheer icon, was critically injured.", "link": "https://www.npr.org/2023/04/19/1170823978/texas-cheerleaders-shot-car-parking-lot-practice", "date_published": "2023-04-19 14:22:24+00:00", "persistent": false, "user": null, "language": "en-US"}, {"source": "https://feeds.npr.org/1001/rss.xml", "title": "As pandemic emergencies end, some patients with long COVID feel 'swept under the rug'", "description": "Millions of Americans suffer from long COVID, which can have debilitating physical effects, including fatigue and difficulty breathing. Yet many patients feel abandoned, as federal aid winds down.", "link": "https://www.npr.org/sections/health-shots/2023/04/19/1164284653/as-pandemic-emergencies-end-some-patients-with-long-covid-feel-swept-under-the-r", "date_published": "2023-04-19 14:13:50+00:00", "persistent": false, "user": null, "language": "en-US"}, {"source": "https://feeds.npr.org/1001/rss.xml", "title": "Florida's abortion laws protect a pregnant person's life, but not for mental health", "description": "If a pregnant person is struggling with mental health and considering suicide, several states' laws, including Florida's, specifically say the \"life of the mother\" exception does not apply to them.", "link": "https://www.npr.org/2023/04/19/1170553504/florida-abortion-life-of-the-mother-exception-mental-health-suicide-psychiatric", "date_published": "2023-04-19 12:55:06+00:00", "persistent": false, "user": null, "language": "en-US"}, {"source": "https://feeds.npr.org/1001/rss.xml", "title": "Epic drought in Taiwan pits farmers against high-tech factories for water", "description": "The island is facing one of its worst dry spells in a century, and both the agricultural and high-tech sectors are competing for scarce water resources.", "link": "https://www.npr.org/sections/goatsandsoda/2023/04/19/1170425349/epic-drought-in-taiwan-pits-farmers-against-high-tech-factories-for-water", "date_published": "2023-04-19 12:38:35+00:00", "persistent": false, "user": null, "language": "en-US"}, {"source": "https://feeds.npr.org/1001/rss.xml", "title": "In 'The New Earth,' a family's pain echoes America's suffering", "description": "Jess Row's new novel is about an American family that has imploded, one that's broken, possibly irretrievably. It's a stunning book, a high-wire balancing act that tries to do a lot \u2014 and succeeds.", "link": "https://www.npr.org/2023/04/19/1168384777/jess-row-the-new-earth-book-review", "date_published": "2023-04-19 12:29:47+00:00", "persistent": false, "user": null, "language": "en-US"}, {"source": "https://feeds.npr.org/1001/rss.xml", "title": "'Leave pity city,' MillerKnoll CEO tells staff who asked whether they'd lose bonuses", "description": "In a leaked video that's spreading on social media, the head of a furniture giant tells her staff to focus on being better employees instead of worrying about their own financial futures.", "link": "https://www.npr.org/2023/04/19/1170669245/millerknoll-ceo-andi-owen-video-bonuses", "date_published": "2023-04-19 10:01:00+00:00", "persistent": false, "user": null, "language": "en-US"}, {"source": "https://feeds.npr.org/1001/rss.xml", "title": "As schools face calls to drop Native American mascots, some could lose state money", "description": "New York on Tuesday became the latest state in the nation to move to force schools to do away with the use of Native American team names or mascots. Those that don't comply risk losing their funding.", "link": "https://www.npr.org/2023/04/19/1170590167/native-american-school-mascots-new-york-ban", "date_published": "2023-04-19 09:39:00+00:00", "persistent": false, "user": null, "language": "en-US"}, {"source": "https://feeds.npr.org/1001/rss.xml", "title": "4 are killed in a Maine home and 3 others are wounded in a linked highway shooting", "description": "Four people were fatally shot at a Maine house on Tuesday shortly before gunfire wounded three others on a highway, in crimes that are linked, authorities said. A man was charged with murder.", "link": "https://www.npr.org/2023/04/19/1170805270/4-are-killed-in-a-maine-home-and-3-others-are-wounded-in-a-linked-highway-shooti", "date_published": "2023-04-19 09:29:09+00:00", "persistent": false, "user": null, "language": "en-US"}, {"source": "https://feeds.npr.org/1001/rss.xml", "title": "There are even more 2020 election defamation suits beyond the Fox-Dominion case", "description": "In addition to the Dominion case against Fox News, more than a dozen similar cases related to lies spread about the 2020 election are slowly making their way through the legal system.", "link": "https://www.npr.org/2023/04/19/1170673893/there-are-even-more-2020-election-defamation-suits-beyond-the-fox-dominion-case", "date_published": "2023-04-19 09:16:00+00:00", "persistent": false, "user": null, "language": "en-US"}, {"source": "https://feeds.npr.org/1001/rss.xml", "title": "Tyre Nichols' family plans to sue the Memphis police force, the officers and the city", "description": "The family's attorneys say they also intend to sue Memphis police for \"intentional infliction of emotional distress for lying to [Tyre Nichols'] mother\" about his beating at the hands of police.", "link": "https://www.npr.org/2023/04/19/1170698273/tyre-nichols-family-civil-lawsuit-memphis-ben-crump", "date_published": "2023-04-19 09:07:00+00:00", "persistent": false, "user": null, "language": "en-US"}, {"source": "https://feeds.npr.org/1001/rss.xml", "title": "Some Republicans say New York is in the grips of a crime wave. Experts say not at all", "description": "Earlier this week the House Judiciary Committee held a hearing in Manhattan about New York City's crime problem. But experts say, there is no problem.", "link": "https://www.npr.org/2023/04/19/1170771921/republicans-new-york-crime-wave-experts-disagree", "date_published": "2023-04-19 09:01:01+00:00", "persistent": false, "user": null, "language": "en-US"}, {"source": "https://feeds.npr.org/1001/rss.xml", "title": "Rural grocery stores are dying. Here's how some small towns are trying to save them", "description": "When a town loses its grocery store, it also lose a local source of healthy food and a place for neighbors to gather and connect. But some communities are finding innovative ways to keep shops open.", "link": "https://www.npr.org/sections/health-shots/2023/04/19/1170757257/rural-grocery-stores-are-dying-heres-how-some-small-towns-are-trying-to-save-the", "date_published": "2023-04-19 09:00:33+00:00", "persistent": false, "user": null, "language": "en-US"}, {"source": "https://feeds.npr.org/1001/rss.xml", "title": "The Supreme Court ponders when a threat is really a 'true threat'", "description": "The court hears arguments Wednesday in a case that looks at whether the prosecution has to show that the defendant frightened his target intentionally.", "link": "https://www.npr.org/2023/04/19/1169689996/the-supreme-court-ponders-when-a-threat-is-really-a-true-threat", "date_published": "2023-04-19 09:00:31+00:00", "persistent": false, "user": null, "language": "en-US"}, {"source": "https://feeds.npr.org/1001/rss.xml", "title": "Utah is in a state of emergency as melting snow is likely to cause months of flooding", "description": "The state experienced record snowfall last winter, and as snow melts, it could cause natural disasters, such as avalanches and mudslides, Gov. Spencer Cox says.", "link": "https://www.npr.org/2023/04/19/1170803173/utah-state-of-emergency-flooding", "date_published": "2023-04-19 08:47:45+00:00", "persistent": false, "user": null, "language": "en-US"}, {"source": "https://feeds.npr.org/1001/rss.xml", "title": "A coroner rules the singer Aaron Carter drowned in a tub from sedatives and inhalant", "description": "Aaron Carter, the younger brother of the Backstreet Boys' Nick Carter, was found submerged and dead at age 34 in the bathtub of his home in Lancaster, California, last November.", "link": "https://www.npr.org/2023/04/19/1170801540/a-coroner-rules-the-singer-aaron-carter-drowned-in-a-tub-from-sedatives-and-inha", "date_published": "2023-04-19 06:48:22+00:00", "persistent": false, "user": null, "language": "en-US"}, {"source": "https://feeds.npr.org/1001/rss.xml", "title": "Multiple torch-carrying marchers in the Charlottesville rally are indicted", "description": "Nearly six years after white nationalists in Virginia clashed with counter-protesters, a grand jury indicted multiple people on felony charges for carrying flaming torches intended to intimidate.", "link": "https://www.npr.org/2023/04/19/1170800582/multiple-torch-carrying-marchers-in-the-charlottesville-rally-are-indicted", "date_published": "2023-04-19 05:48:45+00:00", "persistent": false, "user": null, "language": "en-US"}, {"source": "https://feeds.npr.org/1001/rss.xml", "title": "1 person is dead after a parking garage collapses in New York City", "description": "A parking garage collapsed Tuesday in lower Manhattan's Financial District, killing one worker, injuring five and crushing cars as concrete floors fell on top of each other, officials said.", "link": "https://www.npr.org/2023/04/19/1170799492/parking-garage-collapses-in-new-york-city", "date_published": "2023-04-19 05:05:01+00:00", "persistent": false, "user": null, "language": "en-US"}, {"source": "https://feeds.npr.org/1001/rss.xml", "title": "Musician Pras Michel undergoes withering cross examination about foreign money", "description": "Pras Michel faces several federal criminal charges stemming from money he accepted from a fugitive billionaire, allegedly seeking to win access to the White House.", "link": "https://www.npr.org/2023/04/18/1170752495/musician-pras-michel-undergoes-withering-cross-examination-about-foreign-money", "date_published": "2023-04-19 00:07:08+00:00", "persistent": false, "user": null, "language": "en-US"}]