[{"source": "https://www.instalki.pl", "title": "YouTuber zaplanowa\u0142 publikacj\u0119 tego filmu dok\u0142adnie 10 lat temu - Instalki.pl", "description": "YouTuber zaplanowa\u0142 publikacj\u0119 tego filmu dok\u0142adnie 10 lat temu - Instalki.pl", "link": "https://www.instalki.pl/aktualnosci/internet/58869-youtuber-publikacja-filmu-po-10-latach.html", "date_published": "2023-04-19 17:32:32.890733+00:00", "persistent": false, "user": null, "language": "pl-PL"}, {"source": "https://www.instalki.pl", "title": "Popularna aplikacja szpiegowa\u0142a u\u017cytkownik\u00f3w. Mia\u0142a prawie miliard pobra\u0144 - Instalki.pl", "description": "Popularna aplikacja szpiegowa\u0142a u\u017cytkownik\u00f3w. Mia\u0142a prawie miliard pobra\u0144 - Instalki.pl", "link": "https://www.instalki.pl/aktualnosci/software/58868-popularna-aplikacja-malware-miliard-pobran.html", "date_published": "2023-04-19 15:32:26.950481+00:00", "persistent": false, "user": null, "language": "pl-PL"}, {"source": "https://www.instalki.pl", "title": "PlayStation 5 Gaming Van to samoch\u00f3d dla prawdziwych fan\u00f3w konsoli - Instalki.pl", "description": "PlayStation 5 Gaming Van to samoch\u00f3d dla prawdziwych fan\u00f3w konsoli - Instalki.pl", "link": "https://www.instalki.pl/aktualnosci/rozrywka/58867-playstation-5-gaming-van.html", "date_published": "2023-04-19 14:32:39.818142+00:00", "persistent": false, "user": null, "language": "pl-PL"}, {"source": "https://www.instalki.pl", "title": "Darmowe laptopy dla uczni\u00f3w dostarcz\u0105 ASUS i x-kom - Instalki.pl", "description": "Darmowe laptopy dla uczni\u00f3w dostarcz\u0105 ASUS i x-kom - Instalki.pl", "link": "https://www.instalki.pl/aktualnosci/hardware/58866-darmowe-laptopy-dla-uczniow-model-asus-od-x-kom-wiodaca-oferta.html", "date_published": "2023-04-19 14:32:39.503115+00:00", "persistent": false, "user": null, "language": "pl-PL"}, {"source": "https://www.instalki.pl", "title": "Mobilna aplikacja Lidla nie zadzia\u0142a na starszych smartfonach - Instalki.pl", "description": "Mobilna aplikacja Lidla nie zadzia\u0142a na starszych smartfonach - Instalki.pl", "link": "https://www.instalki.pl/aktualnosci/software/58865-lidl-aplikacja-mobilna-android-7.html", "date_published": "2023-04-19 13:32:31.449510+00:00", "persistent": false, "user": null, "language": "pl-PL"}, {"source": "https://www.instalki.pl", "title": "Wskrzesi\u0142 babci\u0119 dzi\u0119ki ChatGPT. Robi si\u0119 coraz dziwniej - Instalki.pl", "description": "Wskrzesi\u0142 babci\u0119 dzi\u0119ki ChatGPT. Robi si\u0119 coraz dziwniej - Instalki.pl", "link": "https://www.instalki.pl/aktualnosci/software/58864-rozmowy-ze-zmarlymi-chatgpt-wu-wuliu.html", "date_published": "2023-04-19 13:32:31.141333+00:00", "persistent": false, "user": null, "language": "pl-PL"}, {"source": "https://www.instalki.pl", "title": "Netflix si\u0119 nie poddaje. Walka z dzieleniem kont nabiera tempa - Instalki.pl", "description": "Netflix si\u0119 nie poddaje. Walka z dzieleniem kont nabiera tempa - Instalki.pl", "link": "https://www.instalki.pl/aktualnosci/rozrywka/58862-netflix-dzielenie-kont-walka-usa.html", "date_published": "2023-04-19 11:04:16.637371+00:00", "persistent": false, "user": null, "language": "pl-PL"}, {"source": "https://www.instalki.pl", "title": "Zbyt ciche dialogi w filmie lub serialu? Amazon Prime Video znalaz\u0142 na to spos\u00f3b - Instalki.pl", "description": "Zbyt ciche dialogi w filmie lub serialu? Amazon Prime Video znalaz\u0142 na to spos\u00f3b - Instalki.pl", "link": "https://www.instalki.pl/aktualnosci/rozrywka/58863-ciche-dialogi-w-filmie-serialu-co-robic-amazon-prime-video.html", "date_published": "2023-04-19 11:04:16.361869+00:00", "persistent": false, "user": null, "language": "pl-PL"}, {"source": "https://www.instalki.pl", "title": "Xiaomi 13 Ultra oficjalnie. Aparat ze smartfonem czy smartfon z aparatem? - Instalki.pl", "description": "Xiaomi 13 Ultra oficjalnie. Aparat ze smartfonem czy smartfon z aparatem? - Instalki.pl", "link": "https://www.instalki.pl/aktualnosci/hardware/58860-xiaomi-13-ultra-oficjalnie-specyfikacja-cena-premiera.html", "date_published": "2023-04-19 10:04:22.119368+00:00", "persistent": false, "user": null, "language": "pl-PL"}, {"source": "https://www.instalki.pl", "title": "Gigantyczna asteroida zmierza w kierunku Ziemi. Jest wi\u0119ksza ni\u017c stadion pi\u0142karski - Instalki.pl", "description": "Gigantyczna asteroida zmierza w kierunku Ziemi. Jest wi\u0119ksza ni\u017c stadion pi\u0142karski - Instalki.pl", "link": "https://www.instalki.pl/aktualnosci/nauka/58861-asteroida-2006-hv5-wielkosc-kiedy.html", "date_published": "2023-04-19 10:04:21.804618+00:00", "persistent": false, "user": null, "language": "pl-PL"}, {"source": "https://www.instalki.pl", "title": "TCL: nowe soundbary i telewizory serii C. Ceny zaskakuj\u0105 - Instalki.pl", "description": "TCL: nowe soundbary i telewizory serii C. Ceny zaskakuj\u0105 - Instalki.pl", "link": "https://www.instalki.pl/aktualnosci/hardware/58859-tcl-nowe-soundbary-i-telewizory-serii-c-ceny-zaskakuja.html", "date_published": "2023-04-19 09:04:14.332097+00:00", "persistent": false, "user": null, "language": "pl-PL"}, {"source": "https://www.instalki.pl", "title": "Znikaj\u0105cy pasek zada\u0144 w Windows 11. Co si\u0119 dzieje? - Instalki.pl", "description": "Znikaj\u0105cy pasek zada\u0144 w Windows 11. Co si\u0119 dzieje? - Instalki.pl", "link": "https://www.instalki.pl/aktualnosci/software/58848-pasek-zadan-w-windows-11-znika-co-sie-dzieje.html", "date_published": "2023-04-19 09:04:14.074084+00:00", "persistent": false, "user": null, "language": "pl-PL"}]