[{"source": "https://www.youtube.com/feeds/videos.xml?channel_id=UCFLFc8Lpbwt4jPtY1_Ai5yA", "title": "Good Luck Stopping AI", "description": "Universal Music Group tells streaming platforms to block AI scraping. \n\nWatch the full WAN Show: https://www.youtube.com/watch?v=T5PNAeE6fOY\n\n\u25ba GET MERCH: https://lttstore.com\n\u25ba LTX 2023 TICKETS AVAILABLE NOW: https://lmg.gg/ltx23\n\u25ba GET EXCLUSIVE CONTENT ON FLOATPLANE: https://lmg.gg/lttfloatplane\n\u25ba SPONSORS, AFFILIATES, AND PARTNERS: https://lmg.gg/partners\n\u25ba OUR WAN PODCAST GEAR: https://lmg.gg/wanset\n \nFOLLOW US ON SOCIAL\n---------------------------------------------------  \nTwitter: https://twitter.com/linustech\nFacebook: http://www.facebook.com/LinusTech\nInstagram: https://www.instagram.com/linustech\nTikTok: https://www.tiktok.com/@linustech\nTikTok (LMG Clips): www.tiktok.com/@_lmgclips_\nTwitch: https://www.twitch.tv/linustech", "link": "https://www.youtube.com/watch?v=rF_MktZK3PM", "date_published": "2023-04-19 16:00:38+00:00", "persistent": false, "user": null, "language": "en-US"}, {"source": "https://www.youtube.com/feeds/videos.xml?channel_id=UCFLFc8Lpbwt4jPtY1_Ai5yA", "title": "Linus gets sticker shock", "description": "Question: in what niche market have you encountered serious sticker shock?\n\nWatch the full WAN Show: https://www.youtube.com/watch?v=T5PNAeE6fOY\n\n\u25ba GET MERCH: https://lttstore.com\n\u25ba LTX 2023 TICKETS AVAILABLE NOW: https://lmg.gg/ltx23\n\u25ba GET EXCLUSIVE CONTENT ON FLOATPLANE: https://lmg.gg/lttfloatplane\n\u25ba SPONSORS, AFFILIATES, AND PARTNERS: https://lmg.gg/partners\n\u25ba OUR WAN PODCAST GEAR: https://lmg.gg/wanset\n \nFOLLOW US ON SOCIAL\n---------------------------------------------------  \nTwitter: https://twitter.com/linustech\nFacebook: http://www.facebook.com/LinusTech\nInstagram: https://www.instagram.com/linustech\nTikTok: https://www.tiktok.com/@linustech\nTikTok (LMG Clips): www.tiktok.com/@_lmgclips_\nTwitch: https://www.twitch.tv/linustech", "link": "https://www.youtube.com/watch?v=rXeYl75jROU", "date_published": "2023-04-19 16:00:30+00:00", "persistent": false, "user": null, "language": "en-US"}, {"source": "https://www.youtube.com/feeds/videos.xml?channel_id=UCFLFc8Lpbwt4jPtY1_Ai5yA", "title": "Are GPUs Even Worth it Anymore?", "description": "The RTX 4070 has been released \u2013 what\u2019s the future of GPUs?\n\nWatch the full WAN Show: https://www.youtube.com/watch?v=T5PNAeE6fOY\n\n\u25ba GET MERCH: https://lttstore.com\n\u25ba LTX 2023 TICKETS AVAILABLE NOW: https://lmg.gg/ltx23\n\u25ba GET EXCLUSIVE CONTENT ON FLOATPLANE: https://lmg.gg/lttfloatplane\n\u25ba SPONSORS, AFFILIATES, AND PARTNERS: https://lmg.gg/partners\n\u25ba OUR WAN PODCAST GEAR: https://lmg.gg/wanset\n \nFOLLOW US ON SOCIAL\n---------------------------------------------------  \nTwitter: https://twitter.com/linustech\nFacebook: http://www.facebook.com/LinusTech\nInstagram: https://www.instagram.com/linustech\nTikTok: https://www.tiktok.com/@linustech\nTikTok (LMG Clips): www.tiktok.com/@_lmgclips_\nTwitch: https://www.twitch.tv/linustech", "link": "https://www.youtube.com/watch?v=94SLImnYYRQ", "date_published": "2023-04-19 16:00:06+00:00", "persistent": false, "user": null, "language": "en-US"}]