[{"source": "https://www.youtube.com/feeds/videos.xml?channel_id=UCIHdDJ0tjn_3j-FS7s_X1kQ", "title": "\"Austin Is The San Francisco of Texas!\" - Priciest Cities In America", "description": "In this short clip, Patrick Bet-David, Elizabeth Pipko, Adam Sosnick and Vincent Oshana talk about the priciest cities in America. \n\nFaceTime or Ask Patrick any questions on https://minnect.com/\n\nWatch the full podcast here: https://youtube.com/live/Qg4Sjc-jDrc\n\nSubscribe to our channel: http://bit.ly/2aPEwD4 \n\nTo reach the Valuetainment team, you can email: info@valuetainment.com", "link": "https://www.youtube.com/watch?v=3XUCa7YyNYU", "date_published": "2023-04-19 21:30:00+00:00", "persistent": false, "user": null, "language": "en-US"}, {"source": "https://www.youtube.com/feeds/videos.xml?channel_id=UCIHdDJ0tjn_3j-FS7s_X1kQ", "title": "Reaction To Teenagers Smashing Car Windows In downtown Chicago Prompting Police Intervention", "description": "In this short clip, Patrick Bet-David, Elizabeth Pipko, Adam Sosnick and Vincent Oshana talk about teenagers smashing car windows and promoting police intervention in Chicago. \n\nFaceTime or Ask Patrick any questions on https://minnect.com/\n\nWatch the full podcast here: https://youtube.com/live/Qg4Sjc-jDrc\n\nSubscribe to our channel: http://bit.ly/2aPEwD4 \n\nTo reach the Valuetainment team, you can email: info@valuetainment.com", "link": "https://www.youtube.com/watch?v=MAnm5AazHpI", "date_published": "2023-04-19 19:45:17+00:00", "persistent": false, "user": null, "language": "en-US"}, {"source": "https://www.youtube.com/feeds/videos.xml?channel_id=UCIHdDJ0tjn_3j-FS7s_X1kQ", "title": "How To Create Massive Wealth During a Recession", "description": "#shorts #short #valuetainment #patrickbetdavid", "link": "https://www.youtube.com/watch?v=sKZtekptApw", "date_published": "2023-04-19 19:01:43+00:00", "persistent": false, "user": null, "language": "en-US"}, {"source": "https://www.youtube.com/feeds/videos.xml?channel_id=UCIHdDJ0tjn_3j-FS7s_X1kQ", "title": "The One Thing Business Conferences Won't Teach You", "description": "#shorts #short #valuetainment #patrickbetdavid", "link": "https://www.youtube.com/watch?v=RrbnrKRCq2I", "date_published": "2023-04-19 18:20:52+00:00", "persistent": false, "user": null, "language": "en-US"}, {"source": "https://www.youtube.com/feeds/videos.xml?channel_id=UCIHdDJ0tjn_3j-FS7s_X1kQ", "title": "Why Indian Immigrants Become Rich and Raise Successful Kids", "description": "Did you know that Indian Americans have the highest median household income among all ethnicities in the United States? Have you ever wondered why Indian immigrants seem to have a knack for raising successful and accomplished children?\n\nIn this eye-opening video, we dive into the fascinating reasons behind the success of Indian Americans and explore the factors that contribute to their incredible achievements. From cultural values to educational priorities, we'll explore the unique characteristics of these families that set them apart from other communities.\n\nFaceTime or Ask Patrick any questions on https://minnect.com/\n\nRecommended video: \nHow to Raise Successful Kids: https://youtu.be/gT5eRCqT9F0\n\nSubscribe to our channel: http://bit.ly/2aPEwD4 \n\nTo reach the Valuetainment team, you can email: info@valuetainment.com", "link": "https://www.youtube.com/watch?v=-eMLAFV4cx8", "date_published": "2023-04-19 13:00:00+00:00", "persistent": false, "user": null, "language": "en-US"}]