[{"source": "http://feeds.arstechnica.com/arstechnica/index/", "title": "Twitter quietly edited its hateful conduct policy to drop transgender protections", "description": "Musk says his own tweets might be labeled under new hateful conduct policy.", "link": "https://arstechnica.com/?p=1933162", "date_published": "2023-04-19 22:40:16+00:00", "persistent": false, "user": null, "language": "en-US"}, {"source": "http://feeds.arstechnica.com/arstechnica/index/", "title": "Google Fi gets third rebrand in 8 years, adds free trial for eSim phones", "description": "There's a new app coming and an option for a free phone after 24 months of service.", "link": "https://arstechnica.com/?p=1933098", "date_published": "2023-04-19 21:13:13+00:00", "persistent": false, "user": null, "language": "en-US"}, {"source": "http://feeds.arstechnica.com/arstechnica/index/", "title": "Reddit will start charging AI models learning from its extremely human archives", "description": "LLMs can no longer lurk, learn, and profit from 18 years of links and chatter.", "link": "https://arstechnica.com/?p=1933080", "date_published": "2023-04-19 20:32:25+00:00", "persistent": false, "user": null, "language": "en-US"}, {"source": "http://feeds.arstechnica.com/arstechnica/index/", "title": "First teaser for Star Trek: Strange New Worlds S2 is giving us all the feels", "description": "\"The next great Age of Exploration starts with us.\"", "link": "https://arstechnica.com/?p=1933065", "date_published": "2023-04-19 20:27:54+00:00", "persistent": false, "user": null, "language": "en-US"}, {"source": "http://feeds.arstechnica.com/arstechnica/index/", "title": "Quantum effects of D-Wave\u2019s hardware boost its performance", "description": "A clear performance edge, though the relevance to practical problems remains unclear.", "link": "https://arstechnica.com/?p=1933111", "date_published": "2023-04-19 19:52:44+00:00", "persistent": false, "user": null, "language": "en-US"}, {"source": "http://feeds.arstechnica.com/arstechnica/index/", "title": "Meta plan to make Facebook messages more secure faces law enforcement backlash", "description": "Global task force claims tech firms \"blindfold themselves to child sexual abuse.\"", "link": "https://arstechnica.com/?p=1933073", "date_published": "2023-04-19 19:12:19+00:00", "persistent": false, "user": null, "language": "en-US"}, {"source": "http://feeds.arstechnica.com/arstechnica/index/", "title": "Archaeologists are unlocking the secrets of Maya lime plasters and mortars", "description": "Organic additives produced plasters with similar properties to sea urchin spines, mollusk shells.", "link": "https://arstechnica.com/?p=1932932", "date_published": "2023-04-19 18:35:56+00:00", "persistent": false, "user": null, "language": "en-US"}, {"source": "http://feeds.arstechnica.com/arstechnica/index/", "title": "Dealmaster: Ars Technica readers\u2019 favorite kitchen appliance is 25% off", "description": "Savings on Instant Pot cookers, coffee machines, and waffle makers.", "link": "https://arstechnica.com/?p=1932989", "date_published": "2023-04-19 17:36:08+00:00", "persistent": false, "user": null, "language": "en-US"}, {"source": "http://feeds.arstechnica.com/arstechnica/index/", "title": "CNBC says the Pixel Fold will launch in June for $1,700+", "description": "We have a price and release window, so when do the live pictures start leaking?", "link": "https://arstechnica.com/?p=1932991", "date_published": "2023-04-19 17:32:39+00:00", "persistent": false, "user": null, "language": "en-US"}, {"source": "http://feeds.arstechnica.com/arstechnica/index/", "title": "So long, red envelopes: DVDs-in-the-mail version of Netflix ends in September", "description": "The company has delivered \"over 5 billion\" red envelopes since 1997.", "link": "https://arstechnica.com/?p=1932979", "date_published": "2023-04-19 15:06:07+00:00", "persistent": false, "user": null, "language": "en-US"}, {"source": "http://feeds.arstechnica.com/arstechnica/index/", "title": "Used routers often come loaded with corporate secrets", "description": "Over half of enterprise routers researchers bought secondhand hadn\u2019t been wiped.", "link": "https://arstechnica.com/?p=1932973", "date_published": "2023-04-19 13:28:33+00:00", "persistent": false, "user": null, "language": "en-US"}, {"source": "http://feeds.arstechnica.com/arstechnica/index/", "title": "Can an e-bike\u2019s fat tires be offset by a fat battery?", "description": "A well-implemented electric boost handles some of the worst of ultra-fat tires.", "link": "https://arstechnica.com/?p=1931954", "date_published": "2023-04-19 11:30:11+00:00", "persistent": false, "user": null, "language": "en-US"}, {"source": "http://feeds.arstechnica.com/arstechnica/index/", "title": "Building telescopes on the Moon is becoming an achievable\u00a0goal", "description": "The current race to the Moon is opening up opportunities for lunar astronomy.", "link": "https://arstechnica.com/?p=1932920", "date_published": "2023-04-19 11:22:15+00:00", "persistent": false, "user": null, "language": "en-US"}, {"source": "http://feeds.arstechnica.com/arstechnica/index/", "title": "Dealmaster: New low on 55-inch LG C2 TV and 2021 iPad Pro, and more", "description": "These are the lowest prices we've seen on LG's 55-inch C2 and Apple's 2021 iPad Pro", "link": "https://arstechnica.com/?p=1932287", "date_published": "2023-04-19 00:26:07+00:00", "persistent": false, "user": null, "language": "en-US"}]