[{"source": "https://www.youtube.com/feeds/videos.xml?channel_id=UCLRlryMfL8ffxzrtqv0_k_w", "title": "Fast X: Fast & Furious 10 Trailer 2 (2023)", "description": "Official Fast X Movie Trailer 2 2023 | Subscribe \u27a4 https://abo.yt/ki | Vin Diesel Movie Trailer | Theaters: 19 May 2023 | More https://KinoCheck.com/movie/k14/fast-furious-10-2023\nThe end of the road begins. The family has to face their biggest threat yet.\n\nFast X rent/buy \u27a4 https://amzo.in/se/Fast-X\nMost popular movies right now \u27a4 https://amzo.in/bestsellermovies\nMost wanted movies of all time \u27a4 https://amzo.in/wishlistmovies\n\nFast X (2023) is the new action movie starring Vin Diesel, Jason Momoa and Brie Larson.\n\nNote | #FastX #Trailer courtesy of Universal Pictures. | All Rights Reserved. | https://amzo.in are affiliate-links. That add no additional cost to you, but will support our work through a small commission. | #KinoCheck\u00ae", "link": "https://www.youtube.com/watch?v=1Yk8eRtlG44", "date_published": "2023-04-19 21:23:49+00:00", "persistent": false, "user": null, "language": "en-US"}, {"source": "https://www.youtube.com/feeds/videos.xml?channel_id=UCLRlryMfL8ffxzrtqv0_k_w", "title": "Godzilla x Kong: The New Empire Teaser Trailer (2024) Godzilla vs. Kong 2", "description": "Official Godzilla x Kong: The New Empire Movie Teaser Trailer 2024 | Subscribe \u27a4 https://abo.yt/ki | Dan Stevens Movie Trailer | Theaters: 15 Mar 2024 | More https://KinoCheck.com/movie/9wd/godzilla-and-kong-2024\nFollowing their explosive showdown, Godzilla and Kong must reunite against a colossal undiscovered threat hidden within our world, challenging their very existence \u2013 and our own. Delve further into the histories of these Titans, their origins and the mysteries of Skull Island and beyond, and uncover the mythic battle that helped forge these extraordinary beings and tied them to humankind forever.\n\nGodzilla x Kong: The New Empire rent/buy \u27a4 https://amzo.in/se/Godzilla-x-Kong-The-New-Empire\nMost popular movies right now \u27a4 https://amzo.in/bestsellermovies\nMost wanted movies of all time \u27a4 https://amzo.in/wishlistmovies\n\nGodzilla x Kong: The New Empire (2024) is the new action movie starring Dan Stevens, Rebecca Hall and Brian Tyree Henry.\n\nNote | #GodzillaAndKong #Teaser Trailer courtesy of Warner Bros. Pictures Germany. | All Rights Reserved. | https://amzo.in are affiliate-links. That add no additional cost to you, but will support our work through a small commission. | #KinoCheck\u00ae", "link": "https://www.youtube.com/watch?v=0nbClU-9OT0", "date_published": "2023-04-19 16:10:06+00:00", "persistent": false, "user": null, "language": "en-US"}, {"source": "https://www.youtube.com/feeds/videos.xml?channel_id=UCLRlryMfL8ffxzrtqv0_k_w", "title": "Insidious 5: The Red Door Trailer (2023)", "description": "Official Insidious: The Red Door Movie Trailer 2023 | Subscribe \u27a4 https://abo.yt/ki | Patrick Wilson Movie Trailer | Theaters: 7 Jul 2023 | More https://KinoCheck.com/movie/xmq/insidious-5-the-red-door-2023\nInsidious: Chapter 5 will pick up with the Lambert family ten years after the events of Chapter 2, as their son Dalton begins college.\n\nInsidious: The Red Door rent/buy \u27a4 https://amzo.in/se/Insidious-The-Red-Door\nMost popular movies right now \u27a4 https://amzo.in/bestsellermovies\nMost wanted movies of all time \u27a4 https://amzo.in/wishlistmovies\n\nInsidious: The Red Door (2023) is the new horror movie starring Patrick Wilson, Ty Simpkins and Lin Shaye.\n\nNote | #InsidiousTheRedDoor #Trailer courtesy of Sony Pictures. | All Rights Reserved. | https://amzo.in are affiliate-links. That add no additional cost to you, but will support our work through a small commission. | #KinoCheck\u00ae", "link": "https://www.youtube.com/watch?v=QpSHIUVrpEA", "date_published": "2023-04-19 14:09:44+00:00", "persistent": false, "user": null, "language": "en-US"}]