[{"source": "https://www.youtube.com/feeds/videos.xml?channel_id=UCTTZqMWBvLsUYqYwKTdjvkw", "title": "\ud83d\udeb0 Zatruta woda: hakerzy czy wpadka?", "description": "W lutym dwa tysi\u0105ce dwudziestego pierwszego roku media obieg\u0142a sensacyjna wiadomo\u015b\u0107 o hakerach, kt\u00f3rzy pr\u00f3bowali zmieni\u0107 parametry wody w zak\u0142adzie jej uzdatniania na Florydzie. Nic dziwnego, \u017ce sprawa odbi\u0142a si\u0119 szerokim echem, bo to niesie za sob\u0105 potencjalnie znacznie wi\u0119ksze konsekwencje ni\u017c zaatakowanie oprogramowaniem ransomware jakiej\u015b korporacji.\n\n\n\u0179r\u00f3d\u0142o:\nhttp://bit.ly/3UsNgCM\n\n\n#oldsmar #hackowanie #cyberprzest\u0119pczo\u015b\u0107 #badactor", "link": "https://www.youtube.com/watch?v=o0QTJV5cR9k", "date_published": "2023-04-19 04:00:31+00:00", "persistent": false, "user": null, "language": "pl-PL"}]