[{"source": "https://www.youtube.com/feeds/videos.xml?channel_id=UCcyq283he07B7_KUX07mmtA", "title": "Icelandic sea salt is all harvested by hand in one remote region. #Iceland #SeaSalt #SoExpensive", "description": "------------------------------------------------------\n\nBusiness Insider tells you all you need to know about business, finance, tech, retail, and more.\n\nVisit our homepage for the top stories of the day: https://www.businessinsider.com\nInsider Business on Facebook: https://www.facebook.com/businessinsider\nInsider Business on Instagram: https://www.instagram.com/insiderbusiness\nInsider Business on Twitter: https://www.twitter.com/businessinsider\nInsider Business on Snapchat: https://www.snapchat.com/discover/Business_Insider/5319643143\nInsider Business on TikTok: https://www.tiktok.com/@businessinsider", "link": "https://www.youtube.com/watch?v=XJgfAltePqQ", "date_published": "2023-04-19 21:02:56+00:00", "persistent": false, "user": null, "language": "en-US"}, {"source": "https://www.youtube.com/feeds/videos.xml?channel_id=UCcyq283he07B7_KUX07mmtA", "title": "How People Profit Off Invasive Species | World Wide Waste | Insider Business", "description": "Every year, invasive species cause up to $1.4 trillion worth of damage in places they weren't meant to live. Now, people are hunting harmful crabs, snakes, fish, and plants to make whiskey, wallets, and dinner. \n\nIntro 00:00\nPythons  00:51\nSargassum 11:22\nWater Hyacinth 12:23\nGreen Crabs: 16:58\nLionfish 26:47\nTypha 29:25\nCredits 32:48\n\nMORE WORLD WIDE WASTE VIDEOS: \n10 Surprising Things You Can Recycle | World Wide Waste | Insider Business\nhttps://youtu.be/fakIBrTIOqI\nCan Pineapple Skins Replace Soap? | World Wide Waste | Insider Business\nhttps://youtu.be/v8QnB5q9aGo\nHow Mushroom Startups Use Fungi To Fight Waste | World Wide Waste | Insider Business\nhttps://youtu.be/dtZehr9KsmM\n\n------------------------------------------------------\n\n#InvasiveSpecies #WorldWideWaste #InsiderBusiness \n\nBusiness Insider tells you all you need to know about business, finance, tech, retail, and more.\n\nVisit our homepage for the top stories of the day: https://www.businessinsider.com\nInsider Business on Facebook: https://www.facebook.com/businessinsider\nInsider Business on Instagram: https://www.instagram.com/insiderbusiness\nInsider Business on Twitter: https://www.twitter.com/businessinsider\nInsider Business on Snapchat: https://www.snapchat.com/discover/Business_Insider/5319643143\nInsider Business on TikTok: https://www.tiktok.com/@businessinsider\n\nHow People Profit Off Invasive Species | World Wide Waste | Insider Business", "link": "https://www.youtube.com/watch?v=WEMoo1NW8d8", "date_published": "2023-04-19 20:40:06+00:00", "persistent": false, "user": null, "language": "en-US"}, {"source": "https://www.youtube.com/feeds/videos.xml?channel_id=UCcyq283he07B7_KUX07mmtA", "title": "Harvesting \u201cmad honey\u201d is a high-risk job. #Nepal #MadHoney #HoneyHunting", "description": "------------------------------------------------------\n\nBusiness Insider tells you all you need to know about business, finance, tech, retail, and more.\n\nVisit our homepage for the top stories of the day: https://www.businessinsider.com\nInsider Business on Facebook: https://www.facebook.com/businessinsider\nInsider Business on Instagram: https://www.instagram.com/insiderbusiness\nInsider Business on Twitter: https://www.twitter.com/businessinsider\nInsider Business on Snapchat: https://www.snapchat.com/discover/Business_Insider/5319643143\nInsider Business on TikTok: https://www.tiktok.com/@businessinsider", "link": "https://www.youtube.com/watch?v=bZRnVKe5mxA", "date_published": "2023-04-19 17:02:19+00:00", "persistent": false, "user": null, "language": "en-US"}]