[{"source": "https://forsal.pl/.feed", "title": "\"Washington post\": Trudeau: Kanada nigdy nie wype\u0142ni zobowi\u0105za\u0144 NATO ws. wydatk\u00f3w na obron\u0119", "description": "<img align=\"right\" hspace=\"5\" src=\"https://ocdn.eu/pulscms-transforms/1/d5ektkuTURBXy9jZTM4NTM4Zi1lZjQzLTRjNmEtYWQ4Ny1lZmQ2YTdiNzFmM2QuanBlZ5GTBc0BHcyg\" />Premier Kanady Justin Trudeau mia\u0142 powiedzie\u0107 w prywatnej rozmowie, \u017ce Kanada nigdy nie sprosta NATO-wskiemu celowi wydatk\u00f3w 2 proc. PKB na obronno\u015b\u0107 - poda\u0142 w \u015brod\u0119 &quot;Washington Post&quot;, powo\u0142uj\u0105c si\u0119 na tajne dokumenty ameryka\u0144skich s\u0142u\u017cb, zamieszczone w sieci przez Jacka Teixeir\u0119.", "link": "https://forsal.pl/swiat/bezpieczenstwo/artykuly/8702422,trudeau-kanada-nie-wypelni-zobowiazan-wydatki-na-obrone.html", "date_published": "2023-04-19 19:52:00+00:00", "persistent": false, "user": null, "language": "pl-PL"}, {"source": "https://forsal.pl/.feed", "title": "KE o imporcie ukrai\u0144skich produkt\u00f3w rolnych: Kluczowe jest wypracowanie od jednolitego stanowiska", "description": "<img align=\"right\" hspace=\"5\" src=\"https://ocdn.eu/pulscms-transforms/1/aGsktkuTURBXy9hMWZhZjM0Ny0wZDUwLTRjZmQtOWJhZS02MjRlNTY2MzFjM2IuanBlZ5GTBc0BHcyg\" />W sprawie problemu importu ukrai\u0144skich produkt\u00f3w rolnych kluczowe jest szybkie przyj\u0119cie wsp\u00f3lnego unijnego podej\u015bcia zamiast stosowania jednostronnych rozwi\u0105za\u0144 - czytamy we wsp\u00f3lnym o\u015bwiadczeniu wiceprzewodnicz\u0105cego KE Valdisa Dombrovskisa i unijnego komisarz ds. rolnictwa Janusza Wojciechowskiego po wideokonferencji z przedstawicielami pi\u0119ciu pa\u0144stw cz\u0142onkowskich granicz\u0105cych z Ukrain\u0105.", "link": "https://forsal.pl/swiat/unia-europejska/artykuly/8702409,ke-o-ukrainskich-produktach-rolnych-kluczowe-jednolite-stanowisko.html", "date_published": "2023-04-19 19:41:34+00:00", "persistent": false, "user": null, "language": "pl-PL"}, {"source": "https://forsal.pl/.feed", "title": "Ustawa legalizuj\u0105ca eutanazj\u0119 w Portugalii zawetowana przez prezydenta", "description": "<img align=\"right\" hspace=\"5\" src=\"https://ocdn.eu/pulscms-transforms/1/bxektkuTURBXy8zYzM2MmYzMy1kNGJjLTQ0NDEtOGRmMC02YjQzYjI5MDBiZmQuanBlZ5GTBc0BHcyg\" />Prezydent Portugalii Marcelo Rebelo de Sousa zawetowa\u0142 w \u015brod\u0119 ustaw\u0119 legalizuj\u0105c\u0105 w tym kraju eutanazj\u0119. Zosta\u0142a ona przyj\u0119ta przez jednoizbowy parlament Portugalii 31 marca br.", "link": "https://forsal.pl/gospodarka/prawo/artykuly/8702406,ustawa-legalizujaca-eutanazje-w-portugalii-zawetowana-przez-prezydenta.html", "date_published": "2023-04-19 19:35:09+00:00", "persistent": false, "user": null, "language": "pl-PL"}, {"source": "https://forsal.pl/.feed", "title": "Telus: W przysz\u0142ym tygodniu b\u0119dziemy kontynuowa\u0107 rozmowy z KE o imporcie \u017cywno\u015bci z Ukrainy", "description": "<img align=\"right\" hspace=\"5\" src=\"https://ocdn.eu/pulscms-transforms/1/JsektkuTURBXy80YTEwYjJhNy0xNDRjLTQzM2ItOWQ3Ni0xYWNhMTlmYWI5YzYuanBlZ5GTBc0BHcyg\" />Rozmowy na temat importu produkt\u00f3w rolnych z Ukrainy, jakie prowadzili w \u015brod\u0119 z unijnymi komisarzami ds. rolnictwa i ds. handlu ministrowie z pi\u0119ciu kraj\u00f3w UE, b\u0119d\u0105 kontynuowane w przysz\u0142ym tygodniu - zapowiedzia\u0142 w \u015brod\u0119 w TVP1 minister rolnictwa Robert Telus.", "link": "https://forsal.pl/swiat/unia-europejska/artykuly/8702404,telus-bedziemy-kontynuowac-rozmowy-z-ke-o-imporcie-zywnosci-z-ukrainy.html", "date_published": "2023-04-19 19:23:58+00:00", "persistent": false, "user": null, "language": "pl-PL"}, {"source": "https://forsal.pl/.feed", "title": "Niedzielski: Stan zagro\u017cenia epidemicznego mo\u017ce zosta\u0107 odwo\u0142any pod koniec czerwca", "description": "<img align=\"right\" hspace=\"5\" src=\"https://ocdn.eu/pulscms-transforms/1/AROktkuTURBXy9jMDE1MmFiNi1kMTY0LTRiMmUtODFlNC01NWVhODdlZjA0OGEuanBlZ5GTBc0BHcyg\" />Wst\u0119pn\u0105, planowan\u0105 dat\u0105 zniesienia stanu zagro\u017cenia epidemicznego jest koniec czerwca tego roku - powiedzia\u0142 w \u015brod\u0119 w Pile (woj. wielkopolskie) minister zdrowia Adam Niedzielski. Doda\u0142, \u017ce resort &quot;przymierza si\u0119&quot; do zniesienia obowi\u0105zku noszenia maseczek w aptekach.", "link": "https://forsal.pl/gospodarka/prawo/artykuly/8702365,niedzielski-stan-zagrozenia-epidemicznego-do-konca-czerwca.html", "date_published": "2023-04-19 19:16:01+00:00", "persistent": false, "user": null, "language": "pl-PL"}, {"source": "https://forsal.pl/.feed", "title": "Brytyjscy eksperci: Chiny dzi\u0119ki przewadze technologicznej chc\u0105 zdominowa\u0107 \u015bwiat", "description": "<img align=\"right\" hspace=\"5\" src=\"https://ocdn.eu/pulscms-transforms/1/Sn3ktkuTURBXy80OWJjYzcyMy1hZDViLTQ5YjEtOTYxMS03NzE2ODBkZWQ1MjYuanBlZ5GTBc0BHcyg\" />Chiny d\u0105\u017c\u0105 nie do technologicznego parytetu z Zachodem, lecz do technologicznej supremacji, aby poprzez ni\u0105 osi\u0105gn\u0105\u0107 dominuj\u0105c\u0105 roli we wszystkich sprawach globalnych \u2013 ostrzeg\u0142a w \u015brod\u0119 szefowa brytyjskiego Narodowego Centrum Cyberbezpiecze\u0144stwa (NSCS) Lindy Cameron.", "link": "https://forsal.pl/swiat/chiny/artykuly/8702097,brytyjscy-ekspercihjyuyj23-chiny-przewaga-technologiczna-chca-zdominowac-swiat.html", "date_published": "2023-04-19 18:39:51+00:00", "persistent": false, "user": null, "language": "pl-PL"}, {"source": "https://forsal.pl/.feed", "title": "Bia\u0142y Dom: USA przeka\u017ce kolejny pakiet broni i amunicji artyleryjskiej na Ukrain\u0119", "description": "<img align=\"right\" hspace=\"5\" src=\"https://ocdn.eu/pulscms-transforms/1/nBOktkuTURBXy84NDU1OTIyNS1mNTdlLTQyMWMtOTJjMi02MTk4YTU5YjU5ZjQuanBlZ5GTBc0BHcyg\" />Bia\u0142y Dom og\u0142osi\u0142 w \u015brod\u0119 kolejny, 36. pakiet pomocy wojskowej dla Ukrainy. Jak zapowiedzia\u0142a rzeczniczka Bia\u0142ego Domu Karine Jean-Pierre, b\u0119dzie on zawiera\u0107 m.in. amunicj\u0119 do system\u00f3w HIMARS, amunicj\u0119 artyleryjsk\u0105 i &quot;systemy przeciwpancerne&quot;.", "link": "https://forsal.pl/swiat/usa/artykuly/8702095,usa-przekaze-kolejny-pakiet-broni-i-amunicji-artyleryjskiej-na-ukraine.html", "date_published": "2023-04-19 18:30:37+00:00", "persistent": false, "user": null, "language": "pl-PL"}, {"source": "https://forsal.pl/.feed", "title": "Sudan: Armia i si\u0142y paramilitarne porozumia\u0142y si\u0119 w kwestii zawieszenia broni", "description": "<img align=\"right\" hspace=\"5\" src=\"https://ocdn.eu/pulscms-transforms/1/mgZktkuTURBXy8wY2MxYTgyNS1lM2U0LTRmYmUtYjJlYy0wYjEyNjY4YjMzYzcuanBlZ5GTBc0BHcyg\" />Suda\u0144ska armia i paramilitarne Si\u0142y Szybkiego Wsparcia (RSF) zgodzi\u0142y si\u0119 w \u015brod\u0119 na kolejne 24-godzinne zawieszenie broni, kt\u00f3re obowi\u0105zuje od godziny 18.00. Wcze\u015bniej ju\u017c trzykrotnie og\u0142aszano rozejm, ale za ka\u017cdym razem dzia\u0142ania zbrojne mi\u0119dzy obiema stronami by\u0142y szybko wznawiane.", "link": "https://forsal.pl/swiat/bezpieczenstwo/artykuly/8702093,sudan-armia-i-sily-paramilitarne-porozumialy-sie-zawieszenie-broni.html", "date_published": "2023-04-19 18:23:39+00:00", "persistent": false, "user": null, "language": "pl-PL"}, {"source": "https://forsal.pl/.feed", "title": "BBC: Rosja wie jak zak\u0142\u00f3ci\u0107 prac\u0119 farm wiatrowych na Morzu P\u00f3\u0142nocnym i przerwa\u0107 dostawy energii", "description": "<img align=\"right\" hspace=\"5\" src=\"https://ocdn.eu/pulscms-transforms/1/mfwktkuTURBXy8yNjM5MWZhNi1iYmQ5LTQ4YzEtODFjMi1lYmIzZWY3YmU0OGUuanBlZ5GTBc0BHcyg\" />Rosja opracowa\u0142a program sabota\u017cu farm wiatrowych i kabli komunikacyjnych na Morzu P\u00f3\u0142nocnym - poda\u0142a w \u015brod\u0119 BBC, przytaczaj\u0105c szczeg\u00f3\u0142y \u015bledztwa, przeprowadzonego przez publicznych nadawc\u00f3w w Danii, Norwegii, Szwecji i Finlandii.", "link": "https://forsal.pl/swiat/brexit/artykuly/8702092,rosja-wie-jak-zaklocic-prace-farm-wiatrowych-na-morzu-polnocnym.html", "date_published": "2023-04-19 18:04:36+00:00", "persistent": false, "user": null, "language": "pl-PL"}, {"source": "https://forsal.pl/.feed", "title": "Egipski prawnik pozwa\u0142 Netflix. Powodem jest \"afrocentryzm\" i zagro\u017cenie dla egipskiej to\u017csamo\u015bci", "description": "<img align=\"right\" hspace=\"5\" src=\"https://ocdn.eu/pulscms-transforms/1/iVLktkuTURBXy8zMzQzMWZmYS1kNGFjLTRlZGUtODU3Zi1hMTBkMGEzOTQ2ZjYuanBlZ5GTBc0BHcyg\" />Egipski prawnik wni\u00f3s\u0142 pozew przeciwko platformie Netflix. Przeszkadza mu to, \u017ce rol\u0119 Kleopatry w nowym serialu gra czarnosk\u00f3ra aktorka, Adele James, co - zdaniem skar\u017c\u0105cego - stanowi zamach na egipsk\u0105 to\u017csamo\u015b\u0107, poda\u0142 we wtorek portal Egypt Independent.", "link": "https://forsal.pl/lifestyle/rozrywka/artykuly/8702085,egipski-prawnik-pozwal-netflix-o-afrocentryzm-i-egipska-tozsamosc.html", "date_published": "2023-04-19 17:36:15+00:00", "persistent": false, "user": null, "language": "pl-PL"}, {"source": "https://forsal.pl/.feed", "title": "Cyrus Reza Pahlawi w Tel Awiwie: Obywatele Iranu s\u0105 gotowi do normalizacji relacji z Izraelem", "description": "<img align=\"right\" hspace=\"5\" src=\"https://ocdn.eu/pulscms-transforms/1/F5FktkuTURBXy9jZjNhNzQyYS0wZWY4LTQ4OTAtOWQ2OC1hN2RjZDI2M2IxM2QuanBlZ5GTBc0BHcyg\" />Cyrus Reza Pahlawi, syn ostatniego w\u0142adcy Iranu, stwierdzi\u0142, goszcz\u0105c w Tel Awiwie, \u017ce Republika Islamska nie reprezentuje narodu ira\u0144skiego, kt\u00f3ry jest &quot;absolutnie got\u00f3w&quot; do normalizacji relacji z Izraelem, poda\u0142 w \u015brod\u0119 Times of Israel.", "link": "https://forsal.pl/swiat/aktualnosci/artykuly/8702073,pahlawi-w-tel-awiwie-obywatele-iranu-gotowi-do-normalizacji-relacji.html", "date_published": "2023-04-19 16:52:32+00:00", "persistent": false, "user": null, "language": "pl-PL"}, {"source": "https://forsal.pl/.feed", "title": "\"NYT\": Rosja omija sankcje. Importuje du\u017ce ilo\u015bci chip\u00f3w przez Armeni\u0119 i Kazachstan", "description": "<img align=\"right\" hspace=\"5\" src=\"https://ocdn.eu/pulscms-transforms/1/2vsktkuTURBXy9hYzRiNWUxNi1iMDVmLTQzOGUtODllZi1lOGI1MDQ3NzMyZDcuanBlZ5GTBc0BHcyg\" />Instytucje handlowe w Stanach Zjednoczonych i Unii Europejskiej odnotowa\u0142y gwa\u0142towny wzrost ilo\u015bci chip\u00f3w i innych komponent\u00f3w elektronicznych wysy\u0142anych do Rosji przede wszystkim przez Armeni\u0119, Kazachstan i kilka innych kraj\u00f3w - poda\u0142 &quot;New York Times&quot;.", "link": "https://forsal.pl/swiat/rosja/artykuly/8702071,nyt-rosja-omija-sankcje-import-chipow-przez-armenie-i-kazachstan.html", "date_published": "2023-04-19 16:43:31+00:00", "persistent": false, "user": null, "language": "pl-PL"}, {"source": "https://forsal.pl/.feed", "title": "Najdro\u017csze destynacje turystyczne w 2023 roku? Ranking otwiera Monako", "description": "<img align=\"right\" hspace=\"5\" src=\"https://ocdn.eu/pulscms-transforms/1/UmxktkuTURBXy8xM2E0NGIwMS1iMzU3LTRmZGQtYmMwNS00MWE0ODEyODYzMTIuanBlZ5GTBc0BHcyg\" />Delhi w Indiach, Phnom Penh w Kambod\u017cy i Katmandu w Nepalu, to najta\u0144sze miejsca na \u015bwiecie do odwiedzenia w 2023 r. - wynika z rankingu portalu Traveller\u2019s Elixir. Najdro\u017cszymi s\u0105 natomiast Monako, Saint-Barthelemy w Ma\u0142ych Antylach i Gstaad w Szwajcarii.", "link": "https://forsal.pl/lifestyle/turystyka/artykuly/8702068,najdrozsze-destynacje-turystyczne-w-2023-roku-ranking-otwiera-monako.html", "date_published": "2023-04-19 16:23:43+00:00", "persistent": false, "user": null, "language": "pl-PL"}, {"source": "https://forsal.pl/.feed", "title": "Ameryka\u0144skie sankcje zadzia\u0142a\u0142y. Rosyjski MBI wycofuje si\u0119 z W\u0119gier", "description": "<img align=\"right\" hspace=\"5\" src=\"https://ocdn.eu/pulscms-transforms/1/AaIktkuTURBXy8xZDJlZjEyNC0zYTQzLTQzNDYtYThjOS1lMjExMDI2Y2ZkNjAuanBlZ5GTBc0BHcyg\" />W zwi\u0105zku z obj\u0119ciem przez USA sankcjami Mi\u0119dzynarodowego Banku Inwestycyjnego (IIB), nazywanego cz\u0119sto rosyjskim \u201ebankiem szpieg\u00f3w\u201d, instytucja rozpocz\u0119\u0142a proces przenosin swojej siedziby z Budapesztu do Rosji - poinformowa\u0142 bank na swojej stronie internetowej.", "link": "https://forsal.pl/swiat/unia-europejska/artykuly/8702066,amerykanskie-sankcje-zadzialaly-rosyjski-mbi-wycofuje-sie-z-wegier.html", "date_published": "2023-04-19 16:17:25+00:00", "persistent": false, "user": null, "language": "pl-PL"}, {"source": "https://forsal.pl/.feed", "title": "Ira\u0144scy producenci dron\u00f3w z nowymi ameryka\u0144skimi sankcjami", "description": "<img align=\"right\" hspace=\"5\" src=\"https://ocdn.eu/pulscms-transforms/1/Sl1ktkuTURBXy8xMDQyZjE3Yy03MzExLTRkMTUtOTkzNC05OTA4MWQ4ZjIwNWUuanBlZ5GTBc0BHcyg\" />Ameryka\u0144ski resort finans\u00f3w og\u0142osi\u0142 w \u015brod\u0119 kolejny pakiet sankcji przeciwko Iranowi, wymierzonych w sie\u0107 ira\u0144skich podmiot\u00f3w zaopatruj\u0105cych wbrew dotychczasowym ograniczeniom ira\u0144ski przemys\u0142 zbrojeniowy i program budowy dron\u00f3w. Na czarn\u0105 list\u0119 trafi\u0142y firmy sprowadzaj\u0105ce elektronik\u0119 z Chin, Hongkongu i Malezji.", "link": "https://forsal.pl/swiat/usa/artykuly/8702062,iranscy-producenci-dronow-z-nowymi-amerykanskimi-sankcjami.html", "date_published": "2023-04-19 16:04:53+00:00", "persistent": false, "user": null, "language": "pl-PL"}, {"source": "https://forsal.pl/.feed", "title": "Stoltenberg o Putinie: Rosyjski prezydent chce przeczeka\u0107 Ukrain\u0119 i Zach\u00f3d. To mu si\u0119 nie uda", "description": "<img align=\"right\" hspace=\"5\" src=\"https://ocdn.eu/pulscms-transforms/1/NzpktkuTURBXy82YjY2MWRmZC05YzlmLTQ5N2ItYTA1My00ZDg0ZDk5MWQ4YWEuanBlZ5GTBc0BHcyg\" />W\u0142adimir Putin my\u015bli, \u017ce we\u017amie Ukrai\u0144c\u00f3w i Zach\u00f3d na przeczekanie; trzeba mu udowodni\u0107, \u017ce si\u0119 myli - powiedzia\u0142 w \u015brod\u0119 sekretarz generalny NATO Jens Stoltenberg na konferencji prasowej w Brukseli.", "link": "https://forsal.pl/swiat/rosja/artykuly/8702053,stoltenberg-putin-chce-przeczekac-ukraine-i-zachod-to-bledne-zalozenia.html", "date_published": "2023-04-19 15:59:12+00:00", "persistent": false, "user": null, "language": "pl-PL"}, {"source": "https://forsal.pl/.feed", "title": "MRiT o tranzycie ukrai\u0144skiego zbo\u017ca: Akcja zostanie wznowiona w nocy z czwartku na pi\u0105tek", "description": "<img align=\"right\" hspace=\"5\" src=\"https://ocdn.eu/pulscms-transforms/1/Oq_ktkuTURBXy8xYTE2YWMxNy1jMDU1LTQxN2UtYmQ5Yy1kZjZmYjBmNDNkZjIuanBlZ5GTBc0BHcyg\" />Tranzyt produkt\u00f3w rolnych z Ukrainy zostanie wznowiony 21 kwietnia o p\u00f3\u0142nocy, czyli w nocy z czwartku na pi\u0105tek - wynika z odpowiedzi resortu rozwoju i technologii przekazanej PAP. Dodano, \u017ce trwaj\u0105 prace nad nowelizacj\u0105 odpowiedniego rozporz\u0105dzenia.", "link": "https://forsal.pl/biznes/rolnictwo/artykuly/8702049,mrit-tranzyt-ukrainskiego-zboza-ruszy-w-nocy-z-czwartku-na-piatek.html", "date_published": "2023-04-19 15:52:15+00:00", "persistent": false, "user": null, "language": "pl-PL"}, {"source": "https://forsal.pl/.feed", "title": "Rumunia b\u0119dzie plombowa\u0107 i monitorowa\u0107 transporty z ukrai\u0144skim zbo\u017cem", "description": "<img align=\"right\" hspace=\"5\" src=\"https://ocdn.eu/pulscms-transforms/1/pWXktkuTURBXy80YjVlZWE0YS04NTUxLTQ5ZDMtYmEwMC1lM2M2NWE5MmM4MTMuanBlZ5GTBc0BHcyg\" />Rumunia b\u0119dzie kontrolowa\u0107 tranzyt ukrai\u0144skiego zbo\u017ca, plombuj\u0105c przekraczaj\u0105ce granic\u0119 \u0142adunki oraz monitoruj\u0105c ich przemieszczanie si\u0119 po swoim terytorium, og\u0142osi\u0142 w \u015brod\u0119 po po\u0142udniu rz\u0105d kierowany przez premiera Nicolae Ciuc\u0119.", "link": "https://forsal.pl/biznes/rolnictwo/artykuly/8702035,rumunia-bedzie-plombowac-i-monitorowac-transporty-z-ukrainskim-zbozem.html", "date_published": "2023-04-19 15:26:28+00:00", "persistent": false, "user": null, "language": "pl-PL"}, {"source": "https://forsal.pl/.feed", "title": "W\u0119gierska prezydent studzi oczekiwania Ukrainy co do akcesji do UE. W tle sprawa W\u0119gr\u00f3w z Zakarpacia", "description": "<img align=\"right\" hspace=\"5\" src=\"https://ocdn.eu/pulscms-transforms/1/P0WktkuTURBXy8wY2Y4ZTYwNy05MTdhLTQyMTktOTVkMy1kMGUyMTliY2NkMTguanBlZ5GTBc0BHcyg\" />Nie wolno zach\u0119ca\u0107 Ukrainy do nierealistycznych oczekiwa\u0144 co do pomocy. Nie b\u0119dziemy wysy\u0142a\u0107 naszych m\u0119\u017c\u00f3w i syn\u00f3w na pole bitwy \u2013 powiedzia\u0142a cytowana przez agencj\u0119 MTI prezydent W\u0119gier Katalin Novak po spotkaniu z prezydent S\u0142owenii Natasz\u0105 Pirc Musar w \u015brod\u0119 w Budapeszcie.", "link": "https://forsal.pl/swiat/unia-europejska/artykuly/8702032,novak-studzi-oczekiwania-ukrainy-ajcesja-do-ue-wegrzy-z-zakarpacia.html", "date_published": "2023-04-19 15:16:45+00:00", "persistent": false, "user": null, "language": "pl-PL"}, {"source": "https://forsal.pl/.feed", "title": "Pracownik ambasady Rosji zostanie wydalony z Mo\u0142dawii", "description": "<img align=\"right\" hspace=\"5\" src=\"https://ocdn.eu/pulscms-transforms/1/FkzktkuTURBXy9jMWE3ZjA3Yy04NGRmLTRiZDQtYmZjOC04NWI0YTRjMDkxNzQuanBlZ5GTBc0BHcyg\" />W\u0142adze Mo\u0142dawii wezwa\u0142y ambasadora Rosji w Kiszyniowie, aby poinformowa\u0107 go, \u017ce jeden z pracownik\u00f3w ambasady zosta\u0142 uznany za osob\u0119 niepo\u017c\u0105dan\u0105 - powiadomi\u0142 w \u015brod\u0119 rzecznik rz\u0105du mo\u0142dawskiego Daniel Voda.", "link": "https://forsal.pl/swiat/rosja/artykuly/8702025,pracownik-ambasady-rosji-zostanie-wydalony-z-moldawii.html", "date_published": "2023-04-19 14:48:54+00:00", "persistent": false, "user": null, "language": "pl-PL"}, {"source": "https://forsal.pl/.feed", "title": "Rynek walutowy: EUR/PLN mo\u017ce zmierza\u0107 do 4,56-4,58", "description": "<img align=\"right\" hspace=\"5\" src=\"https://ocdn.eu/pulscms-transforms/1/xnyktkuTURBXy9lMmFkNzVlYy02ODJjLTRmOTAtOWE1Yy03MTdkMjI1YjllNzYuanBlZ5GTBc0BHcyg\" />Przy wsparciu globalnych nastroj\u00f3w i krajowych danych makro kurs EUR/PLN wybija si\u0119 do\u0142em ze \u015brednioterminowej konsolidacji, co otwiera drog\u0119 w kierunku strefy 4,56-4,58 - wskaza\u0142 Miros\u0142aw Budzicki z PKO BP. W jego opinii, w najbli\u017cszym czasie rentowno\u015bci SPW mog\u0105 zmierza\u0107 w kierunku 6 proc.", "link": "https://forsal.pl/finanse/waluty/artykuly/8702022,rynek-walutowy-eurpln-moze-zmierzac-do-456-458.html", "date_published": "2023-04-19 14:29:14+00:00", "persistent": false, "user": null, "language": "pl-PL"}, {"source": "https://forsal.pl/.feed", "title": "Belgia: Wolno\u015b\u0107 s\u0142owa kontra bezpiecze\u0144stwo. Neonazistowski polityk wyg\u0142osi wyk\u0142ad na uniwersytecie", "description": "<img align=\"right\" hspace=\"5\" src=\"https://ocdn.eu/pulscms-transforms/1/ZOHktkuTURBXy9lYWQ1NTdlNi02NGUyLTRkM2MtODQ3OS01OThhYjczYWJlNTAuanBlZ5GTBc0BHcyg\" />S\u0105d nakaza\u0142 katolickiemu uniwersytetowi KU Leuven, by zezwoli\u0142 neonazistowskiemu i antysemickiemu politykowi z Austrii Martinowi Sellnerowi wyg\u0142osi\u0107 na uczelni wyk\u0142ad. Wcze\u015bniej uniwersytet odrzuci\u0142 wniosek Nacjonalistycznego Stowarzyszenia Student\u00f3w (NSV) w tej sprawie, powo\u0142uj\u0105c si\u0119 na wzgl\u0119dy bezpiecze\u0144stwa.", "link": "https://forsal.pl/swiat/unia-europejska/artykuly/8702019,belgia-neonazistowski-polityk-wyglosi-wyklad-na-uniwersytecie.html", "date_published": "2023-04-19 14:25:36+00:00", "persistent": false, "user": null, "language": "pl-PL"}, {"source": "https://forsal.pl/.feed", "title": "Moskwa: Polska nie poprze \u017cadnego przyj\u0119tego dzi\u015b przez PE aktu prawnego", "description": "<img align=\"right\" hspace=\"5\" src=\"https://ocdn.eu/pulscms-transforms/1/JHRktkuTURBXy85MTU2N2Q4Ni1iNTc5LTQyYzgtODdhYS1iMjZjN2E1OTI3YmQuanBlZ5GTBc0BHcyg\" />Polska nie poprze w Radzie UE \u017cadnego z akt\u00f3w prawnych, kt\u00f3re zosta\u0142y we wtorek przyj\u0119te przez Parlament Europejski wz. z &quot;Fit for 55&quot; - zapowiedzia\u0142a w rozmowie z portalem i.pl minister klimatu i \u015brodowiska Anna Moskwa.", "link": "https://forsal.pl/biznes/energetyka/artykuly/8702010,moskwa-polska-nie-poprze-zadnego-przyjetego-dzis-przez-pe-aktu-prawnego.html", "date_published": "2023-04-19 14:11:21+00:00", "persistent": false, "user": null, "language": "pl-PL"}, {"source": "https://forsal.pl/.feed", "title": "Puda o programie Dost\u0119pno\u015b\u0107 Plus: W ci\u0105gu pi\u0119ciu lat warto\u015b\u0107 inwestycji wynios\u0142a 16,7 mld z\u0142", "description": "<img align=\"right\" hspace=\"5\" src=\"https://ocdn.eu/pulscms-transforms/1/1nWktkuTURBXy9kNDRhMGU2Ni00ODhmLTQ0NDktYTgxZi1hMTVlNjUxYWVlYzMuanBlZ5GTBc0BHcyg\" />Najwa\u017cniejsze cele programu Dost\u0119pno\u015b\u0107 Plus to skuteczna likwidacja barier w normalnym \u017cyciu os\u00f3b z niepe\u0142nosprawno\u015bciami. Bilans pi\u0119ciu lat programu to inwestycje o warto\u015bci 16,7 mld z\u0142 - powiedzia\u0142 w \u015brod\u0119 minister funduszy i polityki regionalnej Grzegorz Puda.", "link": "https://forsal.pl/gospodarka/finanse-publiczne/artykuly/8701994,puda-program-dostepnosc-plus-przez-5-lat-zainwestowano-167-mld-zl.html", "date_published": "2023-04-19 13:17:54+00:00", "persistent": false, "user": null, "language": "pl-PL"}, {"source": "https://forsal.pl/.feed", "title": "Telus: Wci\u0105\u017c brakuje narz\u0119dzi by ukrai\u0144skie zbo\u017ce nie zostawa\u0142o w Polsce i innych krajach przyfrontowych", "description": "<img align=\"right\" hspace=\"5\" src=\"https://ocdn.eu/pulscms-transforms/1/4zoktkuTURBXy82M2RjN2RkYS1kZDE1LTQ5OTgtYmExZS1lMDA5MGUxMWI0MzUuanBlZ5GTBc0BHcyg\" />Cho\u0107 zgadzamy si\u0119 z decyzj\u0105 UE o bezc\u0142owym i bez kontyngent\u00f3w handlu z Ukrain\u0105, spowodowa\u0142o to nap\u0142yw ukrai\u0144skich produkt\u00f3w do Polski i nadal brakuje narz\u0119dzi, by by\u0142y rozdysponowane w ca\u0142ej Europie. Otworzyli\u015bmy oczy UE, \u017ce jest problem - powiedzia\u0142 w \u015brod\u0119 minister rolnictwa Robert Telus.", "link": "https://forsal.pl/biznes/rolnictwo/artykuly/8701984,telus-brakuje-narzedzi-by-ukrainskie-zboze-nie-zostawalo-w-polsce.html", "date_published": "2023-04-19 12:48:10+00:00", "persistent": false, "user": null, "language": "pl-PL"}, {"source": "https://forsal.pl/.feed", "title": "UE: PE chce rozpocz\u0105\u0107 negocjacje akcesyjne z Mo\u0142dawi\u0105 do ko\u0144ca 2023 r.", "description": "<img align=\"right\" hspace=\"5\" src=\"https://ocdn.eu/pulscms-transforms/1/q4qktkuTURBXy8zNDZhNTVjYS1mZDExLTRiODAtOTEwMi1iNmJhNWJhNjkyODEuanBlZ5GTBc0BHcyg\" />Parlament Europejski wezwa\u0142 do rozpocz\u0119cia rozm\u00f3w o przyst\u0105pieniu Mo\u0142dawii do Unii Europejskiej do ko\u0144ca 2023 r., po spe\u0142nieniu przez ten kraj wst\u0119pnych warunk\u00f3w okre\u015blonych przez Komisj\u0119 Europejsk\u0105, poda\u0142 Parlament.", "link": "https://forsal.pl/swiat/unia-europejska/artykuly/8701968,ue-pe-chce-rozpoczac-negocjacje-akcesyjne-z-moldawia-do-konca-2023-r.html", "date_published": "2023-04-19 12:31:09+00:00", "persistent": false, "user": null, "language": "pl-PL"}, {"source": "https://forsal.pl/.feed", "title": "Poparcie dla Bidena do\u0142uje. To prawie najgorszy wynik w czasie jego prezydentury", "description": "<img align=\"right\" hspace=\"5\" src=\"https://ocdn.eu/pulscms-transforms/1/qYBktkuTURBXy9lNmQxY2FkNS1hOWM2LTRkOGUtOWVkZi0yMDE1ZTAxMWE3NzYuanBlZ5GTBc0BHcyg\" />Polityk\u0119 prezydenta USA Joe Bidena popiera 39 proc. Amerykan\u00f3w - informuje w \u015brod\u0119 Reuters, przedstawiaj\u0105c sonda\u017c przeprowadzony przez Ipsos. W marcu ten wska\u017anik wynosi\u0142 42 proc., w po\u0142owie 2022 r. - 36 proc. i by\u0142o to najni\u017csze poparcie dla Bidena za czas\u00f3w jego prezydentury.", "link": "https://forsal.pl/swiat/usa/artykuly/8701962,poparcie-dla-bidena-doluje-to-prawie-najgorszy-wynik-w-czasie-jego-prezydentury.html", "date_published": "2023-04-19 12:20:08+00:00", "persistent": false, "user": null, "language": "pl-PL"}, {"source": "https://forsal.pl/.feed", "title": "PIE: Spowolnienie gospodarcze zwi\u0119kszy r\u00f3\u017cnice mi\u0119dzy cenami ofertowymi a transakcyjnymi mieszka\u0144", "description": "<img align=\"right\" hspace=\"5\" src=\"https://ocdn.eu/pulscms-transforms/1/w46ktkuTURBXy8zYzM3MDQ4Mi0zMGZkLTRiMDItYjFmNS1iMzU0ZmQ2NjgyMzEuanBlZ5GTBc0BHcyg\" />Spowolnienie gospodarcze zwi\u0119kszy r\u00f3\u017cnice mi\u0119dzy cenami ofertowymi i transakcyjnymi na mieszkaniowym rynku pierwotnym i wt\u00f3rnym - wskazano w raporcie PIE. Dodano, \u017ce w II kwartale ub.r. nieruchomo\u015bci na rynku pierwotnym osi\u0105ga\u0142y przeci\u0119tnie wy\u017csze ceny ni\u017c te na rynku wt\u00f3rnym.", "link": "https://forsal.pl/nieruchomosci/mieszkania/artykuly/8701960,pie-spowolnienie-gospodarcze-zwiekszy-roznice-miedzy-cenami-ofertowymi-a-transakcyjnymi-mieszkan.html", "date_published": "2023-04-19 12:18:08+00:00", "persistent": false, "user": null, "language": "pl-PL"}, {"source": "https://forsal.pl/.feed", "title": "Urteste wyd\u0142u\u017cy\u0142o zapisy w ofercie publicznej akcji serii E do 4 maja", "description": "<img align=\"right\" hspace=\"5\" src=\"https://ocdn.eu/pulscms-transforms/1/E-ZktkuTURBXy8yMzE5ODk3MS00NDNiLTRkOWYtYjhmMS1jMmRlN2ExMzdkNjQuanBlZ5GTBc0BHcyg\" />undefined", "link": "https://forsal.pl/finanse/gielda/artykuly/8701951,urteste-wydluzylo-zapisy-w-ofercie-publicznej-akcji-serii-e-do-4-maja.html", "date_published": "2023-04-19 11:59:54+00:00", "persistent": false, "user": null, "language": "pl-PL"}, {"source": "https://forsal.pl/.feed", "title": "Redan mia\u0142 0,7 mln z\u0142 zysku netto, 72 tys. z\u0142 straty EBITDA w 2022 r.", "description": "<img align=\"right\" hspace=\"5\" src=\"https://ocdn.eu/pulscms-transforms/1/jZUktkuTURBXy81MTFhNDNjNC1kMThlLTQ5NDAtYjUyNS1hNGFiYmE0YjJlY2YuanBlZ5GTBc0BHcyg\" />undefined", "link": "https://forsal.pl/finanse/gielda/artykuly/8701950,redan-mial-07-mln-zl-zysku-netto-72-tys-zl-straty-ebitda-w-2022-r.html", "date_published": "2023-04-19 11:56:02+00:00", "persistent": false, "user": null, "language": "pl-PL"}, {"source": "https://forsal.pl/.feed", "title": "Vigo Photonics mia\u0142o 7,22 mln z\u0142 zysku netto, 14,9 mln z\u0142 skoryg. zysku EBITDA w 2022 r.", "description": "<img align=\"right\" hspace=\"5\" src=\"https://ocdn.eu/pulscms-transforms/1/Xh_ktkuTURBXy8zNjY5ODllOS1lMTVlLTQ5MTMtYjNmZS05MWE0MWYyZmZiOGQuanBlZ5GTBc0BHcyg\" />undefined", "link": "https://forsal.pl/finanse/gielda/artykuly/8701949,vigo-photonics-mialo-722-mln-zl-zysku-netto-149-mln-zl-skoryg-zysku-ebitda-w-2022-r.html", "date_published": "2023-04-19 11:52:29+00:00", "persistent": false, "user": null, "language": "pl-PL"}, {"source": "https://forsal.pl/.feed", "title": "Atende rekomenduje niewyp\u0142acanie dywidendy z zysku za 2022 r i z kapita\u0142u zapasowego", "description": "<img align=\"right\" hspace=\"5\" src=\"https://ocdn.eu/pulscms-transforms/1/OCpktkuTURBXy9kNTZlOGE1Yy00OTEyLTQ1YjktYTZiNS1lN2Y2YTk1YzIzNDYuanBlZ5GTBc0BHcyg\" />undefined", "link": "https://forsal.pl/finanse/gielda/artykuly/8701948,atende-rekomenduje-niewyplacanie-dywidendy-z-zysku-za-2022-r-i-z-kapitalu-zapasowego.html", "date_published": "2023-04-19 11:47:12+00:00", "persistent": false, "user": null, "language": "pl-PL"}, {"source": "https://forsal.pl/.feed", "title": "Asseco Poland rekomenduje wyp\u0142at\u0119 3,5 z\u0142 dywidendy na akcj\u0119 z zysku za 2022 r.", "description": "<img align=\"right\" hspace=\"5\" src=\"https://ocdn.eu/pulscms-transforms/1/vY6ktkuTURBXy81OTk1NTUzYy00MmNlLTQ4M2QtYjUyZi1jNGQ4OWY2NzMyMzkuanBlZ5GTBc0BHcyg\" />undefined", "link": "https://forsal.pl/finanse/gielda/artykuly/8701947,asseco-poland-rekomenduje-wyplate-35-zl-dywidendy-na-akcje-z-zysku-za-2022-r.html", "date_published": "2023-04-19 11:45:11+00:00", "persistent": false, "user": null, "language": "pl-PL"}, {"source": "https://forsal.pl/.feed", "title": "Asseco Poland mia\u0142o 126,4 mln z\u0142 zysku netto, 703,7 mln z\u0142 zysku EBITDA non-IFRS w IV kw.", "description": "<img align=\"right\" hspace=\"5\" src=\"https://ocdn.eu/pulscms-transforms/1/zn1ktkuTURBXy8yN2U3OTYxYS0wNWVmLTRmYzctOTgwNC1mZjkyOWJkYjkyZTkuanBlZ5GTBc0BHcyg\" />undefined", "link": "https://forsal.pl/finanse/gielda/artykuly/8701946,asseco-poland-mialo-1264-mln-zl-zysku-netto-7037-mln-zl-zysku-ebitda-non-ifrs-w-iv-kw.html", "date_published": "2023-04-19 11:43:47+00:00", "persistent": false, "user": null, "language": "pl-PL"}, {"source": "https://forsal.pl/.feed", "title": "Newag mia\u0142 wst\u0119pnie 22,7 mln z\u0142 zysku netto w 2022 r.", "description": "<img align=\"right\" hspace=\"5\" src=\"https://ocdn.eu/pulscms-transforms/1/72dktkuTURBXy9iZTE3Nzk4Yi01MmVlLTQ1YjctOWQzYi01ZGFjMDU1ZWZmZGUuanBlZ5GTBc0BHcyg\" />undefined", "link": "https://forsal.pl/finanse/gielda/artykuly/8701945,newag-mial-wstepnie-227-mln-zl-zysku-netto-w-2022-r.html", "date_published": "2023-04-19 11:41:53+00:00", "persistent": false, "user": null, "language": "pl-PL"}, {"source": "https://forsal.pl/.feed", "title": "Boryszew rekomenduje 0,74 z\u0142 dywidendy na akcj\u0119 z kapita\u0142u zapasowego", "description": "<img align=\"right\" hspace=\"5\" src=\"https://ocdn.eu/pulscms-transforms/1/bfEktkuTURBXy81MTY0NTc4MS01MDE0LTRjYjMtOTk0MS1kYjRiNDVjN2E3MjYuanBlZ5GTBc0BHcyg\" />undefined", "link": "https://forsal.pl/finanse/gielda/artykuly/8701944,boryszew-rekomenduje-074-zl-dywidendy-na-akcje-z-kapitalu-zapasowego.html", "date_published": "2023-04-19 11:39:44+00:00", "persistent": false, "user": null, "language": "pl-PL"}, {"source": "https://forsal.pl/.feed", "title": "Boryszew mia\u0142 111,72 mln z\u0142 zysku netto z dz.kont., 387,4 mln z\u0142 znorm. EBITDA w 2022 r.", "description": "<img align=\"right\" hspace=\"5\" src=\"https://ocdn.eu/pulscms-transforms/1/1z2ktkuTURBXy8zNDMwZjU0OS03NjgyLTQ3MzAtYjlkOC04ZGQ1NGNhM2NhNGEuanBlZ5GTBc0BHcyg\" />undefined", "link": "https://forsal.pl/finanse/gielda/artykuly/8701942,boryszew-mial-11172-mln-zl-zysku-netto-z-dzkont-3874-mln-zl-znorm-ebitda-w-2022-r.html", "date_published": "2023-04-19 11:38:31+00:00", "persistent": false, "user": null, "language": "pl-PL"}, {"source": "https://forsal.pl/.feed", "title": "Torpol rekomenduje niewyp\u0142acanie dywidendy z zysku za 2022 r.", "description": "<img align=\"right\" hspace=\"5\" src=\"https://ocdn.eu/pulscms-transforms/1/MuektkuTURBXy9lNzg1MzY3MC1kZTg0LTQzYWQtYWIyNi0zZDVlY2I3MGUwMzkuanBlZ5GTBc0BHcyg\" />undefined", "link": "https://forsal.pl/finanse/gielda/artykuly/8701939,torpol-rekomenduje-niewyplacanie-dywidendy-z-zysku-za-2022-r.html", "date_published": "2023-04-19 11:37:06+00:00", "persistent": false, "user": null, "language": "pl-PL"}, {"source": "https://forsal.pl/.feed", "title": "\"The Spectator\": Sp\u00f3r o zbo\u017ce z Ukrainy dowodzi, jak bardzo UE nie rozumie Europy Wschodniej", "description": "<img align=\"right\" hspace=\"5\" src=\"https://ocdn.eu/pulscms-transforms/1/CJ_ktkuTURBXy9iNzk2Zjk2ZS0zZjEzLTQ1MTAtOWFiMi04NzBlMDk3ZmU4MGIuanBlZ5GTBc0BHcyg\" />Sp\u00f3r o ukrai\u0144skie zbo\u017ce pokazuje, jak bardzo brukselska eurokracja nie rozumie pa\u0144stw cz\u0142onkowskich z Europy Wschodniej i to, \u017ce je\u015bli nie zmieni tego podej\u015bcia, grozi to nawet rozpadem Unii Europejskiej - pisze na portalu brytyjskiego tygodnika &quot;The Spectator&quot; prof. Andrew Tettenborn z Uniwersytetu w Swansea.", "link": "https://forsal.pl/gospodarka/polityka/artykuly/8701937,the-spectator-spor-o-zboze-z-ukrainy-dowodzi-jak-bardzo-ue-nie-rozumie-europy-wschodniej.html", "date_published": "2023-04-19 11:34:53+00:00", "persistent": false, "user": null, "language": "pl-PL"}, {"source": "https://forsal.pl/.feed", "title": "Wczoraj Bombaj, jutro Delhi. Apple otwiera sklepy stacjonarne w Indiach", "description": "<img align=\"right\" hspace=\"5\" src=\"https://ocdn.eu/pulscms-transforms/1/ROmktkuTURBXy84ZGJjZjkxNS1mZjdlLTRhNWItYjJhYS05ZjY0OWNhNDEwYzMuanBlZ5GTBc0BHcyg\" />To wielkie wydarzenie dla firmy \u2013 Indie s\u0105 drugim co do wielko\u015bci rynkiem smarfon\u00f3w na \u015bwiecie. Dyrektor generalny Apple, Tim Cook, osobi\u015bcie wita\u0142 klient\u00f3w pierwszego, \u015bwie\u017co otworzonego stacjonarnego sklepu w Bombaju. Oczekuje si\u0119, \u017ce w czwartek pojawi si\u0119 r\u00f3wnie\u017c na otwarciu w Delhi.", "link": "https://forsal.pl/biznes/aktualnosci/artykuly/8701936,wczoraj-bombaj-jutro-delhi-apple-otwiera-sklepy-stacjonarne-w-indiach.html", "date_published": "2023-04-19 11:33:26+00:00", "persistent": false, "user": null, "language": "pl-PL"}, {"source": "https://forsal.pl/.feed", "title": "Chiny d\u0105\u017c\u0105 do samowystarczalno\u015bci w bran\u017cy czip\u00f3w. Zapowiadaj\u0105 inwestycje warte 74 mld dol.", "description": "<img align=\"right\" hspace=\"5\" src=\"https://ocdn.eu/pulscms-transforms/1/rrtktkuTURBXy9kZGMxNDFmMS1mNGUyLTQxNjYtYjlkMC03MGNjM2M2M2EyZTUuanBlZ5GTBc0BHcyg\" />W obliczu wojny technologicznej z USA Chiny d\u0105\u017c\u0105 do samowystarczalno\u015bci w bran\u017cy uk\u0142ad\u00f3w scalonych. W\u0142adze prowincji Guangdong zapowiadaj\u0105 inwestycje warte 74 mld dolar\u00f3w w sektor produkcji czip\u00f3w \u2013 poda\u0142 w \u015brod\u0119 dziennik \u201eSouth China Morning Post\u201d.", "link": "https://forsal.pl/swiat/chiny/artykuly/8701935,chiny-daza-do-samowystarczalnosci-w-branzy-czipow-zapowiadaja-inwestycje-warte-74-mld-dol.html", "date_published": "2023-04-19 11:32:06+00:00", "persistent": false, "user": null, "language": "pl-PL"}, {"source": "https://forsal.pl/.feed", "title": "Von der Leyen odpowiada na list przyw\u00f3dc\u00f3w pa\u0144stw UE w sprawie ukrai\u0144skiego zbo\u017ca", "description": "<img align=\"right\" hspace=\"5\" src=\"https://ocdn.eu/pulscms-transforms/1/yx7ktkuTURBXy8wNzg3NjUzMC05NjI2LTQyYTAtODJhZS01YTQ0ZWMzZjAxODkuanBlZ5GTBc0BHcyg\" />Szefowa KE Ursula von der Leyen odpowiedzia\u0142a w \u015brod\u0119 na list pi\u0119ciu przyw\u00f3dc\u00f3w pa\u0144stw UE w sprawie ukrai\u0144skiego zbo\u017ca. Podkre\u015bli\u0142a, \u017ce potrzebne jest wsp\u00f3lne europejskie podej\u015bcie w tej sprawie - przekaza\u0142a dziennikarzom w Brukseli rzeczniczka KE Dana Spinant.", "link": "https://forsal.pl/swiat/unia-europejska/artykuly/8701917,von-der-leyen-odpowiada-na-list-przywodcow-panstw-ue-w-sprawie-ukrainskiego-zboza.html", "date_published": "2023-04-19 10:46:57+00:00", "persistent": false, "user": null, "language": "pl-PL"}, {"source": "https://forsal.pl/.feed", "title": "Elektryki nie zwalniaj\u0105 w Polsce. Imponuj\u0105cy wzrost liczby rejestracji", "description": "<img align=\"right\" hspace=\"5\" src=\"https://ocdn.eu/pulscms-transforms/1/jaXktkuTURBXy8xODVlZGE1NC0yNGFjLTQ0NDctOGVmMC0yNTFiMDBlOGVkYTIuanBlZ5GTBc0BHcyg\" />Liczba pojazd\u00f3w elektrycznych wzros\u0142a w I kw. 2023 o 84 proc. w por\u00f3wnaniu z podobnym okresem 2022 r. - wynika z danych Licznika Elektromobilno\u015bci. W raporcie poinformowano te\u017c, \u017ce w marcu br. uruchomiono 19 nowych, og\u00f3lnodost\u0119pnych stacji \u0142adowania - 39 punkt\u00f3w.", "link": "https://forsal.pl/motoforsal/artykuly/8701902,elektryki-nie-zwalniaja-w-polsce-imponujacy-wzrost-liczby-rejestracji.html", "date_published": "2023-04-19 10:14:11+00:00", "persistent": false, "user": null, "language": "pl-PL"}, {"source": "https://forsal.pl/.feed", "title": "PE przyj\u0105\u0142 dyrektywy i rozporz\u0105dzenia z pakietu \"Fit for 55\"", "description": "<img align=\"right\" hspace=\"5\" src=\"https://ocdn.eu/pulscms-transforms/1/nlYktkuTURBXy81MDhhZDJiYi0zMDBhLTRmNDMtOWZiOC0zMTQzNDE4M2IwM2UuanBlZ5GTBc0BHcyg\" />Parlament Europejski przyj\u0105\u0142 we wtorek dyrektywy i rozporz\u0105dzenia z pakietu &quot;Fit for 55&quot;, kt\u00f3re maj\u0105 prowadzi\u0107 do ograniczenia emisji gaz\u00f3w cieplarnianych o co najmniej 55 proc. do 2030 r. (w por\u00f3wnaniu z 1990 r.) i osi\u0105gni\u0119cia neutralno\u015bci klimatycznej do 2050 r.", "link": "https://forsal.pl/swiat/unia-europejska/artykuly/8701901,pe-przyjal-dyrektywy-i-rozporzadzenia-z-pakietu-fit-for-55.html", "date_published": "2023-04-19 10:11:41+00:00", "persistent": false, "user": null, "language": "pl-PL"}, {"source": "https://forsal.pl/.feed", "title": "Rosja szykuje si\u0119 na d\u0142ug\u0105 wojn\u0119. Dowody? Silne poparcie dla w\u0142adz i charakter naboru", "description": "<img align=\"right\" hspace=\"5\" src=\"https://ocdn.eu/pulscms-transforms/1/CCNktkuTURBXy8xMWM5ODc1ZC02NzkxLTRkOTgtODhhZS1hMjIyYjcyMGY0Y2EuanBlZ5GTBc0BHcyg\" />Silne poparcie dla w\u0142adz utrzymuj\u0105ce si\u0119 w\u015br\u00f3d Rosjan i poparcie dla agresji wobec Ukrainy, a tak\u017ce rozbudowany system promocji i naboru do armii wskazuj\u0105, \u017ce ten kraj przygotowuje si\u0119 na d\u0142ug\u0105 wojn\u0119 - oceni\u0142 minister w kancelarii premiera Stanis\u0142aw \u017baryn.", "link": "https://forsal.pl/swiat/rosja/artykuly/8701880,rosja-szykuje-sie-na-dluga-wojne-dowody-silne-poparcie-dla-wladz-i-charakter-naboru.html", "date_published": "2023-04-19 09:23:02+00:00", "persistent": false, "user": null, "language": "pl-PL"}, {"source": "https://forsal.pl/.feed", "title": "Ceny konsumpcyjne w strefie euro w marcu w g\u00f3r\u0119", "description": "<img align=\"right\" hspace=\"5\" src=\"https://ocdn.eu/pulscms-transforms/1/r97ktkuTURBXy9hZjdkN2RiOS1lZmQxLTQ3YjktODEwNS03MGY1YWE5ZGFkZjYuanBlZ5GTBc0BHcyg\" />Ceny konsumpcyjne w strefie euro wzros\u0142y o 6,9 proc. w marcu w uj\u0119ciu rdr - poda\u0142 w komunikacie Eurostat, biuro statystyczne Unii Europejskiej, w II wyliczeniu. Wst\u0119pnie szacowano wzrost o 6,9 proc.", "link": "https://forsal.pl/gospodarka/inflacja/artykuly/8701879,ceny-konsumpcyjne-w-strefie-euro-w-marcu-w-gore.html", "date_published": "2023-04-19 09:20:56+00:00", "persistent": false, "user": null, "language": "pl-PL"}, {"source": "https://forsal.pl/.feed", "title": "Inflacja w Polsce wed\u0142ug Eurostatu. Sytuacja nadal jest bardzo trudna", "description": "<img align=\"right\" hspace=\"5\" src=\"https://ocdn.eu/pulscms-transforms/1/IwOktkuTURBXy9kNjlmMzQ0MS1iZDQyLTRkNjgtYjBhOS04MWZjYmFmOWU5YTkuanBlZ5GTBc0BHcyg\" />Ceny liczone wed\u0142ug HICP w Polsce w marcu 2023 r. w uj\u0119ciu rocznym wzros\u0142y o 15,2 proc. wobec 17,2 proc. w lutym - poda\u0142 Eurostat. Miesi\u0119cznie ceny wzros\u0142y o 1,1 proc.", "link": "https://forsal.pl/gospodarka/inflacja/artykuly/8701877,inflacja-w-polsce-wedlug-eurostatu-sytuacja-nadal-jest-bardzo-trudna.html", "date_published": "2023-04-19 09:19:38+00:00", "persistent": false, "user": null, "language": "pl-PL"}, {"source": "https://forsal.pl/.feed", "title": "Nadwy\u017cka na rachunku obrot\u00f3w bie\u017c\u0105cych eurolandu. EBC poda\u0142o najnowsze dane", "description": "<img align=\"right\" hspace=\"5\" src=\"https://ocdn.eu/pulscms-transforms/1/6M1ktkuTURBXy84YjUwNDIxNi1lYmM5LTQzZjgtOWRjMi1lOGIzM2Q4NzBjYTAuanBlZ5GTBc0BHcyg\" />Na rachunku obrot\u00f3w bie\u017c\u0105cych eurolandu nadwy\u017cka (sa) w lutym wynios\u0142a 24,3 mld euro - poda\u0142 Europejski Bank Centralny w komunikacie.", "link": "https://forsal.pl/gospodarka/finanse-publiczne/artykuly/8701875,nadwyzka-na-rachunku-obrotow-biezacych-eurolandu-ebc-podalo-najnowsze-dane.html", "date_published": "2023-04-19 09:17:30+00:00", "persistent": false, "user": null, "language": "pl-PL"}, {"source": "https://forsal.pl/.feed", "title": "Ukrai\u0144ska kontrofensywa: to zadecyduje o jej fiasku lub powodzeniu", "description": "<img align=\"right\" hspace=\"5\" src=\"https://ocdn.eu/pulscms-transforms/1/cZlktkuTURBXy9hZjRjOGVjMC0zMjcxLTRhNDQtYmEwOS0xYjU3YmNmNWEwZTAuanBlZ5GTBc0BHcyg\" />Pierwsze 24 godziny ukrai\u0144skiej kontrofensywy przeciwko rosyjskim wojskom b\u0119d\u0105 mia\u0142y decyduj\u0105ce znaczenie dla powodzenia ca\u0142ej operacji; niezb\u0119dny warunek sukcesu to wykorzystanie elementu zaskoczenia i wywo\u0142anie paniki w szeregach przeciwnika - oceni\u0142 we wtorkowej analizie ameryka\u0144ski magazyn &quot;Foreign Policy&quot;.", "link": "https://forsal.pl/swiat/ukraina/artykuly/8701861,czy-ukrainska-kontrofensywa-bedzie-skuteczna.html", "date_published": "2023-04-19 08:50:53+00:00", "persistent": false, "user": null, "language": "pl-PL"}, {"source": "https://forsal.pl/.feed", "title": "ISW: Putin przyjecha\u0142 na front, by wskaza\u0107 winnych w razie sukcesu kontrofensywy ukrai\u0144skiej", "description": "<img align=\"right\" hspace=\"5\" src=\"https://ocdn.eu/pulscms-transforms/1/q5GktkuTURBXy80NGUxNWQ1MS1mYmIwLTQwNGQtOWNiOS0wNmUzNTVhNWNjNzEuanBlZ5GTBc0BHcyg\" />Celem domniemanej wizyty W\u0142adimira Putina na froncie by\u0142o przedstawienie go jako rosyjskiego lidera wojennego oraz publiczne wskazanie &quot;potencjalnych koz\u0142\u00f3w ofiarnych&quot; przed planowan\u0105 kontrofensyw\u0105 ukrai\u0144sk\u0105 - ocenia ameryka\u0144ski Instytut Studi\u00f3w nad Wojn\u0105 (ISW).", "link": "https://forsal.pl/swiat/rosja/artykuly/8701833,isw-putin-przyjechal-na-front-by-wskazac-winnych-w-razie-sukcesu-kontrofensywy-ukrainskiej.html", "date_published": "2023-04-19 07:54:08+00:00", "persistent": false, "user": null, "language": "pl-PL"}, {"source": "https://forsal.pl/.feed", "title": "\"Washington Post\": Rosja u\u017cywa\u0142a systemu walki elektronicznej, by zak\u0142\u00f3ca\u0107 transmisje Starlink\u00f3w na Ukrainie", "description": "<img align=\"right\" hspace=\"5\" src=\"https://ocdn.eu/pulscms-transforms/1/pvLktkuTURBXy8yNjc4NjZhYy1kMjRjLTQ2YzMtYTZhZS1jNTI4ODczNzU0ZjAuanBlZ5GTBc0BHcyg\" />Rosja przez kilka miesi\u0119cy eksperymentowa\u0142a z systemem walki elektronicznej Tobo\u0142, aby zak\u0142\u00f3ca\u0107 transmisje satelit\u00f3w Starlink, wykorzystywanych przez Ukrain\u0119 - pisze &quot;Washington Post&quot; omawiaj\u0105c kolejne dokumenty ameryka\u0144skiego wywiadu, kt\u00f3re wyciek\u0142y do internetu.", "link": "https://forsal.pl/swiat/ukraina/artykuly/8701799,washington-post-rosja-uzywala-systemu-walki-elektronicznej-by-zaklocac-transmisje-starlinkow-na-ukrainie.html", "date_published": "2023-04-19 07:02:18+00:00", "persistent": false, "user": null, "language": "pl-PL"}, {"source": "https://forsal.pl/.feed", "title": "Kt\u00f3re regiony Polski maj\u0105 najwi\u0119ksze trudno\u015bci w zrekrutowaniu pracownik\u00f3w?", "description": "<img align=\"right\" hspace=\"5\" src=\"https://ocdn.eu/pulscms-transforms/1/0xFktkuTURBXy8zM2ZjM2MxYi1jMjFjLTQzZDItOTE3Yi1iNGM0ZTQ0YTU5MTYuanBlZ5GTBc0BHcyg\" />Najwi\u0119ksze trudno\u015bci w zrekrutowaniu pracownik\u00f3w o po\u017c\u0105danych umiej\u0119tno\u015bciach maj\u0105 firmy z po\u0142udniowej i centralnej Polski - wynika z raportu ManpowerGroup. Aby poradzi\u0107 sobie z niedoborem kandydat\u00f3w o okre\u015blonych kompetencjach, pracodawcy najcz\u0119\u015bciej inwestuj\u0105 w rozw\u00f3j obecnych pracownik\u00f3w.", "link": "https://forsal.pl/praca/artykuly/8701798,ktore-regiony-polski-maja-najwieksze-trudnosci-w-zrekrutowaniu-pracownikow.html", "date_published": "2023-04-19 06:58:58+00:00", "persistent": false, "user": null, "language": "pl-PL"}, {"source": "https://forsal.pl/.feed", "title": "Jak napisa\u0107 testament? Wyrok SN: Wola spadkodawc\u00f3w wa\u017cniejsza ni\u017c poprawna forma testamentu", "description": "<img align=\"right\" hspace=\"5\" src=\"https://ocdn.eu/pulscms-transforms/1/ZAlktkuTURBXy80OGZmZTQwYi1kODQ0LTQ1NmYtOWFhMS02OTI2N2ZhNjUyYTguanBlZ5GTBc0BHcyg\" />Niezachowanie poprawnej formy testamentu przez sekretarza urz\u0119du gminy w 1980 r. nie powinno niweczy\u0107 woli spadkodawc\u00f3w. Prymat przede wszystkim nale\u017cy przyzna\u0107 woli spadkodawc\u00f3w - wynika z wyroku S\u0105du Najwy\u017cszego uwzgl\u0119dniaj\u0105cego skarg\u0119 nadzwyczajn\u0105 Prokuratora Generalnego.", "link": "https://forsal.pl/finanse/artykuly/8701789,jak-napisac-testament-wyrok-sn-wola-spadkodawcow-wazniejsza-niz-poprawna-forma-testamentu.html", "date_published": "2023-04-19 06:52:19+00:00", "persistent": false, "user": null, "language": "pl-PL"}, {"source": "https://forsal.pl/.feed", "title": "Indie wyprzedz\u0105 Chiny i w po\u0142owie 2023 roku stan\u0105 si\u0119 najludniejszym krajem \u015bwiata", "description": "<img align=\"right\" hspace=\"5\" src=\"https://ocdn.eu/pulscms-transforms/1/XIgktkuTURBXy9jNjgzODJjOC1mNzZhLTQzZTItOWI4ZC01ZDI4NGJiYTM5MjYuanBlZ5GTBc0BHcyg\" />Indie s\u0105 na drodze do stania si\u0119 najludniejszym krajem \u015bwiata, maj\u0105 wyprzedzi\u0107 Chiny o 2,9 miliona os\u00f3b w po\u0142owie 2023 roku - wynika z danych opublikowanych w \u015brod\u0119 przez ONZ.", "link": "https://forsal.pl/gospodarka/demografia/artykuly/8701786,indie-wyprzedza-chiny-i-w-polowie-2023-roku-stana-sie-najludniejszym-krajem-swiata.html", "date_published": "2023-04-19 06:49:18+00:00", "persistent": false, "user": null, "language": "pl-PL"}, {"source": "https://forsal.pl/.feed", "title": "Gdzie w Polsce najch\u0119tniej pracuj\u0105 Ukrai\u0144cy? [BADANIE]", "description": "<img align=\"right\" hspace=\"5\" src=\"https://ocdn.eu/pulscms-transforms/1/yUrktkuTURBXy82ZjM3MDYwYS04ZmNhLTQ4ZGQtYTk3OC00Y2Q4NWY1NjM4ODAuanBlZ5GTBc0BHcyg\" />Ukrai\u0144cy nie trafiaj\u0105 tam, gdzie jest na nich zapotrzebowanie \u2013 stwierdzono w raporcie &quot;Przestrzenne niedopasowanie Ukrai\u0144c\u00f3w na rynku pracy&quot;. Zauwa\u017cono, \u017ce po wybuchu wojny przyjecha\u0142o du\u017co Ukrai\u0144c\u00f3w z wy\u017cszym wykszta\u0142ceniem, kt\u00f3rzy wkr\u00f3tce b\u0119d\u0105 pracowa\u0107 w us\u0142ugach, finansach czy bankowo\u015bci.", "link": "https://forsal.pl/praca/artykuly/8701783,gdzie-w-polsce-najchetniej-pracuja-ukraincy-badanie.html", "date_published": "2023-04-19 06:45:30+00:00", "persistent": false, "user": null, "language": "pl-PL"}, {"source": "https://forsal.pl/.feed", "title": "Kolejna spokojna sesja na Wall Street", "description": "<img align=\"right\" hspace=\"5\" src=\"https://ocdn.eu/pulscms-transforms/1/WSbktkuTURBXy8yYzk0Yjg0Yi0yOTUzLTQyMGEtYTRjNi0yYjkyYzUwZWQ2MTguanBlZ5GTBc0BHcyg\" />Wtorkowa sesja na Wall Street zako\u0144czy\u0142a si\u0119 niewielkimi zmianami g\u0142\u00f3wnych indeks\u00f3w. W centrum uwagi inwestor\u00f3w znajduj\u0105 si\u0119 raporty najwi\u0119kszych bank\u00f3w i sp\u00f3\u0142ek za pierwszy kwarta\u0142 2023 roku.", "link": "https://forsal.pl/finanse/artykuly/8701776,kolejna-spokojna-sesja-na-wall-street.html", "date_published": "2023-04-19 06:36:27+00:00", "persistent": false, "user": null, "language": "pl-PL"}, {"source": "https://forsal.pl/.feed", "title": "KGHM chce inwestowa\u0107 w wydobycie litu w Chile", "description": "<img align=\"right\" hspace=\"5\" src=\"https://ocdn.eu/pulscms-transforms/1/xRcktkuTURBXy9iZmM2MTUyZS1lNzUxLTRjMmEtOWNkMC02NTMxMTY1OThlMjEuanBlZ5GTBc0BHcyg\" />Sp\u00f3\u0142ka KGHM jest zainteresowana inwestowaniem w wydobycie litu w Chile - przekaza\u0142 we wtorek wicepremier Jacek Sasin. Doda\u0142, \u017ce inwestycje w tym zakresie mia\u0142yby by\u0107 prowadzone na zasadzie partnerstwa publiczno-prywatnego, czyli wsp\u00f3\u0142pracy zagranicznych firm z podmiotami chilijskimi.", "link": "https://forsal.pl/biznes/energetyka/artykuly/8701775,kghm-chce-inwestowac-w-wydobycie-litu-w-chile.html", "date_published": "2023-04-19 06:34:49+00:00", "persistent": false, "user": null, "language": "pl-PL"}, {"source": "https://forsal.pl/.feed", "title": "Oto najwi\u0119ksze na \u015bwiecie skupisko milioner\u00f3w", "description": "<img align=\"right\" hspace=\"5\" src=\"https://ocdn.eu/pulscms-transforms/1/MFIktkuTURBXy8xZDZhODZlNi03MDBlLTQyZmQtOGMyNS1jMDk4NTViZjY3NzQuanBlZ5GTBc0BHcyg\" />W Nowym Jorku jest najwi\u0119ksze na \u015bwiecie skupisko milioner\u00f3w. Z 340 tys. ameryka\u0144skie miasto wyprzedza Tokio (290 300) oraz rejon Zatoki San Francisco (285 tys.).", "link": "https://forsal.pl/finanse/artykuly/8701769,nowy-jork-najwieksze-na-swiecie-skupisko-milionerow.html", "date_published": "2023-04-19 06:22:49+00:00", "persistent": false, "user": null, "language": "pl-PL"}, {"source": "https://forsal.pl/.feed", "title": "Koniec McDonald's na Bia\u0142orusi. Wiadomo, jaka firma go zast\u0105pi", "description": "<img align=\"right\" hspace=\"5\" src=\"https://ocdn.eu/pulscms-transforms/1/HgQktkuTURBXy82Yzk2ODE5My00ZDhjLTQzMTUtYjE2NS0xZjdkYmU5MTIxZWUuanBlZ5GTBc0BHcyg\" />Bia\u0142oruski McDonald's b\u0119dzie dzia\u0142a\u0142 jako Mak.by, poda\u0142a we wtorek agencja Reutera, powo\u0142uj\u0105c si\u0119 na bia\u0142oruskiego operatora fast-foodu.", "link": "https://forsal.pl/biznes/artykuly/8701766,koniec-mcdonalds-na-bialorusi-wiadomo-jaka-firma-go-zastapi.html", "date_published": "2023-04-19 06:19:09+00:00", "persistent": false, "user": null, "language": "pl-PL"}, {"source": "https://forsal.pl/.feed", "title": "Rusza lotnisko w Radomiu. Jak dotrzemy do nowego portu i dok\u0105d polecimy?", "description": "<img align=\"right\" hspace=\"5\" src=\"https://ocdn.eu/pulscms-transforms/1/icgktkuTURBXy9mNzkzZmYyYS1mODg1LTRjNmUtYmQxMi1jY2M2NDUxM2U3ZTUuanBlZ5GTBc0BHcyg\" />Do uruchamianego 27 kwietnia lotniska dotrze z Warszawy wahad\u0142owa linia autobusowa.", "link": "https://forsal.pl/transport/lotnictwo/artykuly/8701489,rusza-lotnisko-w-radomiu-jak-dotrzemy-do-nowego-portu-i-dokad-polecimy.html", "date_published": "2023-04-19 05:56:59+00:00", "persistent": false, "user": null, "language": "pl-PL"}, {"source": "https://forsal.pl/.feed", "title": "Jakie obietnice wyborcze dadz\u0105 zwyci\u0119stwo? Polacy zabrali g\u0142os [SONDA\u017b DGP I RMF]", "description": "<img align=\"right\" hspace=\"5\" src=\"https://ocdn.eu/pulscms-transforms/1/PaCktkuTURBXy81ZWEzMTE2MC05MzRkLTRkMTUtYjEyMy03MGQwMDAzMTQ5ZjAuanBlZ5GTBc0BHcyg\" />Transfery, us\u0142ugi publiczne i kwestie bezpiecze\u0144stwa \u2013 tak wygl\u0105da podium spraw, kt\u00f3rymi wygrywa si\u0119 kampani\u0119 wyborcz\u0105. To wyniki najnowszego sonda\u017cu United Surveys dla DGP i RMF FM.", "link": "https://forsal.pl/gospodarka/polityka/artykuly/8701481,jakie-obietnice-wyborcze-dadza-zwyciestwo-polacy-zabrali-glos-sondaz-dgp-i-rmf.html", "date_published": "2023-04-19 05:47:37+00:00", "persistent": false, "user": null, "language": "pl-PL"}, {"source": "https://forsal.pl/.feed", "title": "Jak wygl\u0105da polska kontrola zbo\u017ca z Ukrainy na granicy?", "description": "<img align=\"right\" hspace=\"5\" src=\"https://ocdn.eu/pulscms-transforms/1/aGsktkuTURBXy9hMWZhZjM0Ny0wZDUwLTRjZmQtOWJhZS02MjRlNTY2MzFjM2IuanBlZ5GTBc0BHcyg\" />Kontrola mia\u0142a rozwi\u0105za\u0107 problem ziarna z Ukrainy na polskim rynku. Tyle \u017ce nasze s\u0142u\u017cby nieprawid\u0142owo\u015bci wykrywa\u0142y incydentalnie.", "link": "https://forsal.pl/biznes/rolnictwo/artykuly/8701505,jak-wyglada-polska-kontrola-zboza-z-ukrainy-na-granicy.html", "date_published": "2023-04-19 05:41:28+00:00", "persistent": false, "user": null, "language": "pl-PL"}, {"source": "https://forsal.pl/.feed", "title": "Zbo\u017ce wje\u017cd\u017ca na salony UE. Otwiera si\u0119 okno mo\u017cliwo\u015bci rozwi\u0105zania sporu?", "description": "<img align=\"right\" hspace=\"5\" src=\"https://ocdn.eu/pulscms-transforms/1/b6dktkuTURBXy83YTEwNjk0My1jN2I0LTQ0MDYtYTU1ZS1lYWE0ZWQ3NDY2YjUuanBlZ5GTBc0BHcyg\" />W sprawie problemu ukrai\u0144skiego zbo\u017ca zalegaj\u0105cego w Polsce rz\u0105d z jednej strony pr\u00f3buje przeforsowa\u0107 w\u0142asne pomys\u0142y na forum UE, a z drugiej \u2013 porozumie\u0107 si\u0119 z Ukrain\u0105.", "link": "https://forsal.pl/biznes/rolnictwo/artykuly/8701509,zboze-wjezdza-na-salony-ue-otwiera-sie-okno-mozliwosci-rozwiazania-sporu.html", "date_published": "2023-04-19 05:29:18+00:00", "persistent": false, "user": null, "language": "pl-PL"}, {"source": "https://forsal.pl/.feed", "title": "Inwestorzy farm s\u0142onecznych szturmuj\u0105 urz\u0119dy. Rz\u0105d szykuje im ograniczenia", "description": "<img align=\"right\" hspace=\"5\" src=\"https://ocdn.eu/pulscms-transforms/1/oqQktkuTURBXy9hMzYxOTY0MC1lNzkzLTQyZDEtYWZiYi1hYjMyOGY3NmM3YWUuanBlZ5GTBc0BHcyg\" />Nawet pi\u0119\u0107 lat luki inwestycyjnej czeka rynek elektrowni s\u0142onecznych, je\u015bli planowane zmiany w ustawie o planowaniu i zagospodarowaniu przestrzennym wejd\u0105 w \u017cycie.", "link": "https://forsal.pl/biznes/energetyka/artykuly/8700343,inwestorzy-farm-slonecznych-szturmuja-urzedy-rzad-szykuje-im-ograniczenia.html", "date_published": "2023-04-19 04:48:00+00:00", "persistent": false, "user": null, "language": "pl-PL"}, {"source": "https://forsal.pl/.feed", "title": "Pracujesz w nocy? Przys\u0142uguje ci dodatek", "description": "<img align=\"right\" hspace=\"5\" src=\"https://ocdn.eu/pulscms-transforms/1/-FlktkuTURBXy9hMjIyNGFkYS0zNDRlLTQ2NTUtYWZjNC1iNzk1OGM3NWI2MDcuanBlZ5GTBc0BHcyg\" />Dwukrotne (w styczniu i w lipcu) podniesienie wynagrodzenia minimalnego wi\u0105\u017ce si\u0119 tak\u017ce z wi\u0119kszym dodatkiem za prac\u0119 w nocy. Zgodnie z Kodeksem pracy musi on wynosi\u0107 nie mniej ni\u017c 20 proc. stawki godzinowej, kt\u00f3ra wynika z minimalnego wynagrodzenia.", "link": "https://forsal.pl/praca/wynagrodzenia/artykuly/8699728,pracujesz-w-nocy-przysluguje-ci-dodatek.html", "date_published": "2023-04-19 04:40:00+00:00", "persistent": false, "user": null, "language": "pl-PL"}, {"source": "https://forsal.pl/.feed", "title": "Adidas kontra Nike. Kr\u00f3l but\u00f3w sportowych jest tylko jeden", "description": "<img align=\"right\" hspace=\"5\" src=\"https://ocdn.eu/pulscms-transforms/1/7g4ktkuTURBXy85ZDg4M2NjYS04YjQzLTQxNzUtODliYi01M2NlZWRlNTZjMWEuanBlZ5GTBc0BHcyg\" />Nike jest zdecydowanym globalnym liderem w sprzeda\u017cy sportowych but\u00f3w. Korzysta na ogromnej popularno\u015bci tego typu obuwia, kt\u00f3re zdoby\u0142o szturmem nie tylko korty i boiska, ale tak\u017ce ulice i wn\u0119trza.", "link": "https://forsal.pl/biznes/handel/artykuly/8700227,adidas-kontra-nike-oto-najwieksi-producenci-butow-sportowych-na-swiecie.html", "date_published": "2023-04-19 04:33:00+00:00", "persistent": false, "user": null, "language": "pl-PL"}, {"source": "https://forsal.pl/.feed", "title": "Rynek gier stoi Millenialsami. Graj\u0105 wi\u0119cej ni\u017c Zetki i nastolatki", "description": "<img align=\"right\" hspace=\"5\" src=\"https://ocdn.eu/pulscms-transforms/1/mAHktkuTURBXy83YzI5NDY0NC1kN2Y2LTQyMjItYTBiMC00ZTE0ZmRlODMxYTYuanBlZ5GTBc0BHcyg\" />Wybieraj\u0105 gry typu MMO (rozgrywki odbywaj\u0105ce si\u0119 przez Internet), strategiczne i RPG. Jak wynika z raportu Inside Gaming, przedstawionego przez firm\u0119 Fandom, graj\u0105 wi\u0119cej ni\u017c zetki i nastolatki. Millenialsi \u2013 to w\u0142a\u015bnie nimi stoi rynek gier wideo.", "link": "https://forsal.pl/lifestyle/rozrywka/artykuly/8699724,rynek-gier-stoi-millenialsami-graja-wiecej-niz-zetki-i-nastolatki.html", "date_published": "2023-04-19 04:21:00+00:00", "persistent": false, "user": null, "language": "pl-PL"}, {"source": "https://forsal.pl/.feed", "title": "\u015amiertelne zagro\u017cenie na drogach? Autopilot Tesli na celowniku", "description": "<img align=\"right\" hspace=\"5\" src=\"https://ocdn.eu/pulscms-transforms/1/0dzktkuTURBXy9iNGI4YzgzOC00Y2Q4LTRjMmYtYTE3ZS1jODIwZWJkNjc1ZGQuanBlZ5GTBc0BHcyg\" />Tesla ujawni\u0142a ameryka\u0144skim organom regulacyjnym kolejn\u0105, tragiczn\u0105 w skutkach awari\u0119 z udzia\u0142em zautomatyzowanych system\u00f3w wspomagania kierowcy. Od czerwca 2021 r., kiedy za\u017c\u0105dano od producent\u00f3w samochod\u00f3w informacji o takich wypadkach, ich liczba wzros\u0142a do 17 przypadk\u00f3w.", "link": "https://forsal.pl/motoforsal/motobiznes/artykuly/8701159,smiertelne-zagrozenie-na-drogach-autopilot-tesli-na-celowniku.html", "date_published": "2023-04-19 04:10:05+00:00", "persistent": false, "user": null, "language": "pl-PL"}, {"source": "https://forsal.pl/.feed", "title": "Zapa\u015b\u0107 na rynku smartfon\u00f3w. Samsung wyprzedzi\u0142 Apple", "description": "<img align=\"right\" hspace=\"5\" src=\"https://ocdn.eu/pulscms-transforms/1/2jAktkuTURBXy81ZTc0ZjM2OS0zZDIwLTQ4YjgtOTlhNC0wMDU2YmE0MWJlNmUuanBlZ5GTBc0BHcyg\" />Spadek sprzeda\u017cy trwa ju\u017c od pi\u0119ciu kwarta\u0142\u00f3w. W uj\u0119ciu rok do roku wynosi 12 proc. Pomimo poprawy g\u0142\u00f3wnych czynnik\u00f3w makroekonomicznych, rynek jeszcze si\u0119 nie odbudowa\u0142.", "link": "https://forsal.pl/lifestyle/technologie/artykuly/8701198,zapasc-na-rynku-smartfonow-samsung-wyprzedzil-apple.html", "date_published": "2023-04-19 04:00:00+00:00", "persistent": false, "user": null, "language": "pl-PL"}, {"source": "https://forsal.pl/.feed", "title": "Koniec historii Credit Suisse", "description": "<img align=\"right\" hspace=\"5\" src=\"https://ocdn.eu/pulscms-transforms/1/BDWktkuTURBXy8zZmZhZGJhYy0wNzZmLTQyMjAtOGE1OC1mYzMzYmJhMDhmZjIuanBlZ5GTBc0BHcyg\" />Z krajobrazu szwajcarskiego i globalnego sektora bankowego znika Credit Suisse \u2013 bank ze 167-letni\u0105 tradycj\u0105. Jak to si\u0119 sta\u0142o, \u017ce systemowo istotny bank w skali globalnej ko\u0144czy tak nagle swoj\u0105 dzia\u0142alno\u015b\u0107?", "link": "https://forsal.pl/gospodarka/artykuly/8700302,koniec-historii-credit-suisse.html", "date_published": "2023-04-19 03:45:04+00:00", "persistent": false, "user": null, "language": "pl-PL"}]