[{"source": "https://www.chip.pl/feed", "title": "Powstanie kosmiczna elektrownia s\u0142oneczna. ESA zdradza szczeg\u00f3\u0142y na temat swojego projektu", "description": "<img alt=\"\" class=\"attachment-full size-full wp-post-image\" height=\"900\" src=\"https://konto.chip.pl/wp-content/uploads/2023/04/elektrownia-sloneczna.jpg\" style=\"margin-bottom: 10px;\" width=\"1600\" /><p><img src=\"https://konto.chip.pl/wp-content/uploads/2023/04/elektrownia-sloneczna.jpg\" style=\"display: block; margin: 1em auto;\" /></p>\n<p>Europejska Agencja Kosmiczna postanowi\u0142a przekaza\u0107 \u015bwiatu nieco informacji na temat tego, jak mog\u0142aby funkcjonowa\u0107 pierwsze kosmiczna elektrownia s\u0142oneczna. Takie przedsi\u0119wzi\u0119cie by\u0142oby rzecz jasna nie lada wyzwaniem, poniewa\u017c chodzi o\u00a0 pozyskiwanie energii s\u0142onecznej z kosmosu tak, by zadba\u0107 o ograniczenie emisji na Ziemi. Rzeczony projekt nazywa si\u0119 SOLARIS, a kluczowe dla jego powodzenia umowy maj\u0105 by\u0107 [&#8230;]</p>", "link": "https://www.chip.pl/2023/04/kosmiczna-elektrownia-sloneczna-projekt-solaris", "date_published": "2023-04-19 19:00:00+00:00", "persistent": false, "user": null, "language": "pl-PL"}, {"source": "https://www.chip.pl/feed", "title": "Test Motorola Edge 40 Pro. Tym razem naprawd\u0119 si\u0119 uda\u0142o", "description": "<img alt=\"Motorola Edge 40 Pro\" class=\"attachment-full size-full wp-post-image\" height=\"1200\" src=\"https://konto.chip.pl/wp-content/uploads/2023/04/motorola-edge-40-pro-recenzja-02.jpg\" style=\"margin-bottom: 10px;\" width=\"1800\" /><p><img src=\"https://konto.chip.pl/wp-content/uploads/2023/04/motorola-edge-40-pro-recenzja-02.jpg\" style=\"display: block; margin: 1em auto;\" /></p>\n<p>Motorola wypuszcza kolejne flagowce z niebywa\u0142\u0105 regularno\u015bci\u0105. Aktualnie \u015brednio co p\u00f3\u0142 roku wypuszczana jest na rynek kolejna generacja Motoroli Edge z dopiskiem \u201ePro\u201d lub \u201eUltra\u201d. Czy jednak w parze z wysok\u0105 cz\u0119stotliwo\u015bci\u0105 idzie r\u00f3wnie\u017c wysoka jako\u015b\u0107 i innowacyjno\u015b\u0107? Czy nowa Motorola Edge 40 Pro to smartfon wart ka\u017cdej wydanej na niego z\u0142ot\u00f3wki? Sprawd\u017amy to. Specyfikacja [&#8230;]</p>", "link": "https://www.chip.pl/2023/04/test-motorola-edge-40-pro-recenzja-specyfikacja", "date_published": "2023-04-19 18:00:00+00:00", "persistent": false, "user": null, "language": "pl-PL"}, {"source": "https://www.chip.pl/feed", "title": "Spl\u0105tanie kwantowe foton\u00f3w bez niepor\u0119cznego sprz\u0119tu? To mo\u017cliwe!", "description": "<img alt=\"laser\" class=\"attachment-full size-full wp-post-image\" height=\"1276\" src=\"https://konto.chip.pl/wp-content/uploads/2023/04/laser.jpg\" style=\"margin-bottom: 10px;\" width=\"1920\" /><p><img src=\"https://konto.chip.pl/wp-content/uploads/2023/04/laser.jpg\" style=\"display: block; margin: 1em auto;\" /></p>\n<p>O technologii kwantowej najcz\u0119\u015bciej s\u0142yszymy w kontek\u015bcie futurystycznych i wci\u0105\u017c zachwycaj\u0105cych komputer\u00f3w kwantowych czy te\u017c szyfrowania kwantowego informacji przesy\u0142anych za pomoc\u0105 niemo\u017cliwych do zhakowania sieci telekomunikacyjnych. M\u00f3wi si\u0119, \u017ce technologia kwantowa to przysz\u0142o\u015b\u0107 \u015bwiata technologii, kt\u00f3ra pozwoli nam dokona\u0107 prawdziwego prze\u0142omu w rozwoju nowoczesnych technologii. P\u00f3ki co jednak technologia kwantowa wci\u0105\u017c znajduje si\u0119 w powijakach. [&#8230;]</p>", "link": "https://www.chip.pl/2023/04/splatanie-kwantowe-fotonow-w-wersji-mini", "date_published": "2023-04-19 17:00:00+00:00", "persistent": false, "user": null, "language": "pl-PL"}, {"source": "https://www.chip.pl/feed", "title": "Ma\u0142a-wielka zmiana na Instagramie. Mark Zuckerberg zapowiedzia\u0142 zniesienie g\u0142upiego ograniczenia", "description": "<img alt=\"\" class=\"attachment-full size-full wp-post-image\" height=\"1193\" src=\"https://konto.chip.pl/wp-content/uploads/2019/12/KajbEC0mDYGXxlc2qtxoIYynX8nnECJf.jpeg\" style=\"margin-bottom: 10px;\" width=\"2121\" /><p><img src=\"https://konto.chip.pl/wp-content/uploads/2019/12/KajbEC0mDYGXxlc2qtxoIYynX8nnECJf.jpeg\" style=\"display: block; margin: 1em auto;\" /></p>\n<p>Nie zawsze potrzebne s\u0105 wielkie i rewolucyjne zmiany, by zadowoli\u0107 u\u017cytkownik\u00f3w. Ta nowo\u015b\u0107, kt\u00f3ra trafi na Instagrama, dobitnie pokazuje, \u017ce wystarczy niewielkie ulepszenie, a korzystanie z platformy od razu mo\u017ce sta\u0107 si\u0119 przyjemniejsze i mniej problemowe. W ostatnim czasie na Instagrama trafi\u0142o sporo nowo\u015bci i ta, kt\u00f3r\u0105 w\u0142a\u015bnie og\u0142osi\u0142a Meta, mo\u017ce wydawa\u0107 si\u0119 na ich [&#8230;]</p>", "link": "https://www.chip.pl/2023/04/instagram-wiecej-linkow-w-profilu", "date_published": "2023-04-19 16:00:00+00:00", "persistent": false, "user": null, "language": "pl-PL"}, {"source": "https://www.chip.pl/feed", "title": "Smartfony kupujemy coraz rzadziej. Rynek potrzebuje solidnego przeci\u0105gu", "description": "<img alt=\"\" class=\"attachment-full size-full wp-post-image\" height=\"1707\" src=\"https://konto.chip.pl/wp-content/uploads/2023/04/smartfony-scaled.jpg\" style=\"margin-bottom: 10px;\" width=\"2560\" /><p><img src=\"https://konto.chip.pl/wp-content/uploads/2023/04/smartfony-scaled.jpg\" style=\"display: block; margin: 1em auto;\" /></p>\n<p>Je\u015bli spojrzymy wy\u0142\u0105cznie na suche liczby, powod\u00f3w do marudzenia w bran\u017cy producent\u00f3w smartfon\u00f3w znajdzie si\u0119 bez liku. Rok do roku wida\u0107 ewidentny spadek dostaw nowych urz\u0105dze\u0144 na globalne rynki, a taka sytuacja utrzymuje si\u0119 ju\u017c bardzo d\u0142ugo. Jednak ludzie nie przestan\u0105 kupowa\u0107 nowych telefon\u00f3w, a spowolnienie mimo swojej negatywnej natury nie b\u0119dzie trwa\u0107 w niesko\u0144czono\u015b\u0107. [&#8230;]</p>", "link": "https://www.chip.pl/2023/04/smartfony-kupujemy-rzadziej-ale-nadal-je-kupujemy", "date_published": "2023-04-19 15:33:00+00:00", "persistent": false, "user": null, "language": "pl-PL"}, {"source": "https://www.chip.pl/feed", "title": "Koniec beztroskiego wsp\u00f3\u0142dzielenia kont. Netflix zabierze si\u0119 za ten temat na powa\u017cnie", "description": "<img alt=\"\" class=\"attachment-full size-full wp-post-image\" height=\"754\" src=\"https://konto.chip.pl/wp-content/uploads/2021/09/netflix-na-smartfonie.jpg\" style=\"margin-bottom: 10px;\" width=\"1298\" /><p><img src=\"https://konto.chip.pl/wp-content/uploads/2021/09/netflix-na-smartfonie.jpg\" style=\"display: block; margin: 1em auto;\" /></p>\n<p>Na moment sprawa ucich\u0142a, ale po raz kolejny wracamy do tematu. Netflix zapowiedzia\u0142, \u017ce koniec wsp\u00f3\u0142dzielenia kont \u2013 w takiej formie, w jakiej znamy t\u0119 opcj\u0119 dzi\u015b \u2013 jest ju\u017c bliski. Ile razy wa\u0142kowali\u015bmy to w ostatnich latach? Ja ju\u017c straci\u0142am rachub\u0119, jednak warto trzyma\u0107 r\u0119k\u0119 na pulsie. Po raz kolejny wracamy do udost\u0119pniania hase\u0142 [&#8230;]</p>", "link": "https://www.chip.pl/2023/04/netflix-oplaty-za-wspoldzielenie-kont-wbrew-regulaminowi", "date_published": "2023-04-19 15:00:00+00:00", "persistent": false, "user": null, "language": "pl-PL"}, {"source": "https://www.chip.pl/feed", "title": "Prawo Komunikacji Elektronicznej bez Lex Pilot. Czy mo\u017cemy si\u0119 zaj\u0105\u0107 prawdziwym problemem?", "description": "<img alt=\"\" class=\"attachment-full size-full wp-post-image\" height=\"1200\" src=\"https://konto.chip.pl/wp-content/uploads/2023/04/lg-flex-tv-06.jpg\" style=\"margin-bottom: 10px;\" width=\"1800\" /><p><img src=\"https://konto.chip.pl/wp-content/uploads/2023/04/lg-flex-tv-06.jpg\" style=\"display: block; margin: 1em auto;\" /></p>\n<p>Cho\u0107 wiadomo o tym od kilku tygodni, dopiero teraz mamy oficjalne potwierdzenie, \u017ce przepisy znane jako Lex Pilot znikn\u0105 z projektu ustawy Prawo Komunikacji Elektronicznej. Czy w zwi\u0105zku z tym media porzuc\u0105 ten temat i w ko\u0144cu zajm\u0105 si\u0119 realnymi problemami nowych przepis\u00f3w? Telewizyjnej dyktatury w ramach Lex Pilot nie b\u0119dzie W zasadzie ju\u017c po [&#8230;]</p>", "link": "https://www.chip.pl/2023/04/prawo-komunikacji-elektronicznej-bez-lex-pilot", "date_published": "2023-04-19 14:30:00+00:00", "persistent": false, "user": null, "language": "pl-PL"}, {"source": "https://www.chip.pl/feed", "title": "Masz u\u017cywa\u0107 konta Microsoftu i koniec. Inaczej Windows 11 zasypie ci\u0119 reklamami", "description": "<img alt=\"\" class=\"attachment-full size-full wp-post-image\" height=\"1080\" src=\"https://konto.chip.pl/wp-content/uploads/2023/04/windows-11-reklamy.jpg\" style=\"margin-bottom: 10px;\" width=\"1920\" /><p><img src=\"https://konto.chip.pl/wp-content/uploads/2023/04/windows-11-reklamy.jpg\" style=\"display: block; margin: 1em auto;\" /></p>\n<p>Microsoft zmieni\u0142 sw\u00f3j model ekonomiczny przy okazji system\u00f3w Windows 10 i 11. Darmowe aktualizacje sta\u0142y si\u0119 szans\u0105 dla firmy, by podreperowa\u0107 sw\u00f3j wizerunek. Wydaje si\u0119 jednak, \u017ce teraz trzeba podreperowa\u0107 stan portfela. Ostatnie inicjatywy w Windows 11 przekraczaj\u0105 znacz\u0105co wyczucie smaku i nadaj\u0105 nowe znaczenie nachalno\u015bci. Microsoft w ostatnim czasie potrafi wygenerowa\u0107 wok\u00f3\u0142 siebie du\u017cy [&#8230;]</p>", "link": "https://www.chip.pl/2023/04/windows-11-z-reklamami-w-systemie", "date_published": "2023-04-19 14:00:00+00:00", "persistent": false, "user": null, "language": "pl-PL"}, {"source": "https://www.chip.pl/feed", "title": "Ca\u0142y \u015bwiat patrzy na Arabi\u0119 Saudyjsk\u0105. Ich rekordowe ogniwo fotowoltaiczne mia\u017cd\u017cy sprawno\u015bci\u0105", "description": "<img alt=\"\" class=\"attachment-full size-full wp-post-image\" height=\"1920\" src=\"https://konto.chip.pl/wp-content/uploads/2023/04/Ft96YxkXgAABrRb-scaled.jpg\" style=\"margin-bottom: 10px;\" width=\"2560\" /><p><img src=\"https://konto.chip.pl/wp-content/uploads/2023/04/Ft96YxkXgAABrRb-scaled.jpg\" style=\"display: block; margin: 1em auto;\" /></p>\n<p>Naukowcy z Arabii Saudyjskiej pokazali na co ich sta\u0107. Najnowsze ogniwo fotowoltaiczne ich autorstwa osi\u0105gn\u0119\u0142o rekordow\u0105 wydajno\u015b\u0107, prze\u015bcigaj\u0105c poprzedniego zwyci\u0119zc\u0119 w wy\u015bcigu, kt\u00f3rego opracowali niemieccy badacze. Tandemowe ogniwo fotowoltaiczne, kt\u00f3re zbudowane jest z dw\u00f3ch jednostek \u2013 krzemowej i perowskitowej, stanowi najlepsz\u0105 alternatyw\u0119 dla tradycyjnych modu\u0142\u00f3w opartych tylko na krzemie. Stara technologia osi\u0105ga sprawno\u015b\u0107 rz\u0119du 20-22 [&#8230;]</p>", "link": "https://www.chip.pl/2023/04/tandemowe-ogniwo-fotowoltaiczne-arabia-saudyjska-rekord", "date_published": "2023-04-19 13:00:00+00:00", "persistent": false, "user": null, "language": "pl-PL"}, {"source": "https://www.chip.pl/feed", "title": "Wiemy, kto dostarczy laptopy dla czwartoklasist\u00f3w. To ten laptop trafi do szk\u00f3\u0142", "description": "<img alt=\"\" class=\"attachment-full size-full wp-post-image\" height=\"1281\" src=\"https://konto.chip.pl/wp-content/uploads/2022/12/asus-expertbook-b1-opinie-2.jpg\" style=\"margin-bottom: 10px;\" width=\"1920\" /><p><img src=\"https://konto.chip.pl/wp-content/uploads/2022/12/asus-expertbook-b1-opinie-2.jpg\" style=\"display: block; margin: 1em auto;\" /></p>\n<p>Popularny sklep internetowy x-kom z\u0142o\u017cy\u0142 najkorzystniejsz\u0105 ofert\u0119 dostarczenia laptop\u00f3w dla czwartoklasist\u00f3w. Mo\u017cemy m\u00f3wi\u0107 o sporym zaskoczeniu, zar\u00f3wno je\u015bli chodzi o dostawc\u0119, jak i wybrany model. To brzmi podejrzanie dobrze. x-kom dostarczy czwartoklasistom laptopy Asus Expert Book Zazwyczaj krytykowany pomys\u0142 dostarczenia czwartoklasistom nowych laptop\u00f3w wzbudza\u0142 wiele w\u0105tpliwo\u015bci w zakresie samego zakupu. Przypomnijmy, \u017ce dostawca musi zakupi\u0107 [&#8230;]</p>", "link": "https://www.chip.pl/2023/04/laptopy-dla-czwartoklasistow-x-kom-asus-expertbook-b1", "date_published": "2023-04-19 12:12:57+00:00", "persistent": false, "user": null, "language": "pl-PL"}, {"source": "https://www.chip.pl/feed", "title": "Klucz do wygrania wojny. Chi\u0144ski radar nowej generacji ma by\u0107 najlepszy w swojej klasie", "description": "<img alt=\"\" class=\"attachment-full size-full wp-post-image\" height=\"1080\" src=\"https://konto.chip.pl/wp-content/uploads/2023/01/Chinski-mysliwiec-nowej-generacji-porzuci-ogon.jpg\" style=\"margin-bottom: 10px;\" width=\"1919\" /><p><img src=\"https://konto.chip.pl/wp-content/uploads/2023/01/Chinski-mysliwiec-nowej-generacji-porzuci-ogon.jpg\" style=\"display: block; margin: 1em auto;\" /></p>\n<p>Wojsko bez radar\u00f3w wystawia si\u0119 na pogrom ze strony wrogiego lotnictwa i pocisk\u00f3w. Im te s\u0105 pot\u0119\u017cniejsze, tym wi\u0119cej, szybciej i dalej &#8220;widz\u0105&#8221;, co jest kluczowe w chwilach, kiedy na szali jest ludzkie \u017cycie. Chi\u0144ski radar nowej generacji o nazwie YLC-16 jest jednoznacznym potwierdzeniem, \u017ce Chiny doskonale wiedz\u0105, jak te radary s\u0105 wa\u017cne. YLC-16 to [&#8230;]</p>", "link": "https://www.chip.pl/2023/04/radar-nowej-generacji-ylc-16-chin", "date_published": "2023-04-19 10:30:00+00:00", "persistent": false, "user": null, "language": "pl-PL"}, {"source": "https://www.chip.pl/feed", "title": "Te procesory nap\u0119dz\u0105 smartfony nowej generacji. MediaTek i Snapdragon szykuj\u0105 si\u0119 do pojedynku", "description": "<img alt=\"\" class=\"attachment-full size-full wp-post-image\" height=\"1281\" src=\"https://konto.chip.pl/wp-content/uploads/2023/03/jaki-smartfon-wybrac-maly-smartfon-2023-9.jpg\" style=\"margin-bottom: 10px;\" width=\"1920\" /><p><img src=\"https://konto.chip.pl/wp-content/uploads/2023/03/jaki-smartfon-wybrac-maly-smartfon-2023-9.jpg\" style=\"display: block; margin: 1em auto;\" /></p>\n<p>Zgodnie z oczekiwaniami nadchodz\u0105ce flagowe procesory, kt\u00f3re nap\u0119dz\u0105 smartfony z Androidem nowej generacji, zapewni rynkowi doskonale znany duet &#8211; firma MediaTek oraz Qualcomm. B\u00f3j o miano tego najlepszego ju\u017c wkr\u00f3tce stocz\u0105 SoC Dimensity 9300 i Snapdragon 8 Gen 3. Co ju\u017c o nich wiemy? MediaTek Dimensity 9300 i Snapdragon 8 Gen 3 &#8211; co wiemy [&#8230;]</p>", "link": "https://www.chip.pl/2023/04/procesory-smartfony-nowej-generacji", "date_published": "2023-04-19 09:30:00+00:00", "persistent": false, "user": null, "language": "pl-PL"}, {"source": "https://www.chip.pl/feed", "title": "Jedyny lotniskowiec Rosji ma zn\u00f3w pop\u0142yn\u0105\u0107. Pomarzy\u0107 &#8211; dobra rzecz", "description": "<img alt=\"\" class=\"attachment-full size-full wp-post-image\" height=\"950\" src=\"https://konto.chip.pl/wp-content/uploads/2023/04/Lotniskowiec-Rosji-Admiral-Kuzniecow-1.jpg\" style=\"margin-bottom: 10px;\" width=\"1920\" /><p><img src=\"https://konto.chip.pl/wp-content/uploads/2023/04/Lotniskowiec-Rosji-Admiral-Kuzniecow-1.jpg\" style=\"display: block; margin: 1em auto;\" /></p>\n<p>Jest sobie takie pa\u0144stwo, kt\u00f3re bardzo chce przekona\u0107 \u015bwiat, \u017ce lotniskowc\u00f3w nie potrzebuje, ale jednocze\u015bnie za wszelk\u0105 cen\u0119 pr\u00f3buje sobie taki lotniskowiec wprowadzi\u0107 do marynarki wojennej. Tym pa\u0144stwem jest Rosja, kt\u00f3rej jedyny lotniskowiec mo\u017ce wreszcie doczeka\u0107 si\u0119 stanu gotowo\u015bci, ale nawet po jego osi\u0105gni\u0119ciu b\u0119dzie musia\u0142 stawi\u0107 czo\u0142a kolejnemu problemowi. Je\u015bli jedyny lotniskowiec Rosji wyp\u0142ynie [&#8230;]</p>", "link": "https://www.chip.pl/2023/04/jedyny-lotniskowiec-rosji-admiral-kuzniecow", "date_published": "2023-04-19 08:34:00+00:00", "persistent": false, "user": null, "language": "pl-PL"}, {"source": "https://www.chip.pl/feed", "title": "W pu\u0142apce abonament\u00f3w. Jak odzyska\u0107 kontrol\u0119 w erze streamingu?", "description": "<img alt=\"Jak wpadli\u015bmy w sid\u0142a subskrypcji\" class=\"attachment-full size-full wp-post-image\" height=\"1080\" src=\"https://konto.chip.pl/wp-content/uploads/2023/04/jak-wpadlismy-w-sidla-subskrypcji.jpg\" style=\"margin-bottom: 10px;\" width=\"1920\" /><p><img src=\"https://konto.chip.pl/wp-content/uploads/2023/04/jak-wpadlismy-w-sidla-subskrypcji.jpg\" style=\"display: block; margin: 1em auto;\" /></p>\n<p>\u017byjemy w jednym domu z subskrypcjami i nikt nie jest do ko\u0144ca pewien, kiedy zd\u0105\u017cy\u0142y si\u0119 one tak wygodnie rozgo\u015bci\u0107. Dost\u0119p do rozrywki jeszcze nigdy nie by\u0142 tak prosty i tak bezpo\u015bredni &#8211; jak do tego dosz\u0142o i czy w\u0142a\u015bciwie powinni\u015bmy si\u0119 tym martwi\u0107? Ostatnie lata w Internecie pokazuj\u0105, \u017ce producenci tre\u015bci wierz\u0105 w model [&#8230;]</p>", "link": "https://www.chip.pl/2023/04/dlaczego-kupujemy-subskrypcje", "date_published": "2023-04-19 08:00:00+00:00", "persistent": false, "user": null, "language": "pl-PL"}, {"source": "https://www.chip.pl/feed", "title": "Jak pachnie Ksi\u0119\u017cyc? Pewnego dnia zapach Srebrnego Globu mo\u017ce by\u0107 hitowym perfumem", "description": "<img alt=\"\" class=\"attachment-full size-full wp-post-image\" height=\"1271\" src=\"https://konto.chip.pl/wp-content/uploads/2022/02/szklane-kulki-na-ksiezycu-1.jpg\" style=\"margin-bottom: 10px;\" width=\"1920\" /><p><img src=\"https://konto.chip.pl/wp-content/uploads/2022/02/szklane-kulki-na-ksiezycu-1.jpg\" style=\"display: block; margin: 1em auto;\" /></p>\n<p>Otaczaj\u0105ce nas zapachy wydaj\u0105 si\u0119 czym\u015b naturalnym, ale przecie\u017c maj\u0105 swoje \u017ar\u00f3d\u0142o. Mog\u0105 to by\u0107 procesy o pod\u0142o\u017cu biologicznym, ale i takie, kt\u00f3re maj\u0105 z nim niewiele wsp\u00f3lnego. Tak w\u0142a\u015bnie si\u0119 dzieje na Ksi\u0119\u017cycu. Pr\u00f3buj\u0105c zrozumie\u0107, jakie zapachy mo\u017cna poczu\u0107 na powierzchni naszego naturalnego satelity, a tak\u017ce jak najskuteczniej je odtworzy\u0107, Michael Moisseeff z Institut [&#8230;]</p>", "link": "https://www.chip.pl/2023/04/jaki-zapach-ma-ksiezyc-eksperyment", "date_published": "2023-04-19 06:27:00+00:00", "persistent": false, "user": null, "language": "pl-PL"}, {"source": "https://www.chip.pl/feed", "title": "Rosja ma supertorped\u0119, kt\u00f3ra rozwija ogromne pr\u0119dko\u015bci. Czy marynarki powinny si\u0119 jej obawia\u0107?", "description": "<img alt=\"\" class=\"attachment-full size-full wp-post-image\" height=\"1080\" src=\"https://konto.chip.pl/wp-content/uploads/2023/04/Rosja-torpeda-Szkwal-1.jpg\" style=\"margin-bottom: 10px;\" width=\"1621\" /><p><img src=\"https://konto.chip.pl/wp-content/uploads/2023/04/Rosja-torpeda-Szkwal-1.jpg\" style=\"display: block; margin: 1em auto;\" /></p>\n<p>Rosja i jej wojsko nie wypadaj\u0105 najlepiej na tle dzia\u0142a\u0144 od lutego 2022 roku, ale to mo\u017ce jej marynarka wojenna jest klejnotem, kt\u00f3ry nie dosta\u0142 jeszcze szansy wykazania si\u0119 na polu bitwy w typowych bitwach morskich? Na papierze jej mo\u017cliwo\u015bci w tym zakresie maj\u0105 by\u0107 ogromne, czego elementem ma by\u0107 istna supertorpeda, bo tak zwana [&#8230;]</p>", "link": "https://www.chip.pl/2023/04/rosja-supertorpeda-superkawitacyjna-szkwal", "date_published": "2023-04-19 03:36:35+00:00", "persistent": false, "user": null, "language": "pl-PL"}]