[{"source": "https://feeds.washingtonpost.com/rss/world?itid=lk_inline_manual_36", "title": "Mexico finds 8 sacrificial victims at Gulf coast pyramid", "description": "Archaeologists in Mexico say they have found 13 buried sets of human remains, eight of which appear to be young men who were sacrificed to sanctify a temple", "link": "https://www.washingtonpost.com/world/2023/04/19/mexico-archeology-maya-sacrificial-victims/c500737a-df0a-11ed-a78e-9a7c2418b00c_story.html?utm_source=rss&utm_medium=referral&utm_campaign=wp_world", "date_published": "2023-04-19 19:34:46+00:00", "persistent": false, "user": null, "language": "en-US"}, {"source": "https://feeds.washingtonpost.com/rss/world?itid=lk_inline_manual_36", "title": "Stampede in Yemen\u2019s capital kills at least 78, official says", "description": "Yemen\u2019s Houthi rebels say people have stampeded at an event to distribute financial aid in Yemen\u2019s capital and at least 78 people are dead and dozens more are injured", "link": "https://www.washingtonpost.com/world/2023/04/19/yemen-houthis-stampede-sanaa/def1a76c-df06-11ed-a78e-9a7c2418b00c_story.html?utm_source=rss&utm_medium=referral&utm_campaign=wp_world", "date_published": "2023-04-19 19:33:04+00:00", "persistent": false, "user": null, "language": "en-US"}, {"source": "https://feeds.washingtonpost.com/rss/world?itid=lk_inline_manual_36", "title": "Brazil's Lula loses 1st minister after images during riot", "description": "Brazilian President Luiz In\u00e1cio Lula da Silva has lost his first Cabinet member after surveillance video showed the man present in the presidential palace as rioters trashed the building Jan. 8 while demanding the president\u2019s ouster", "link": "https://www.washingtonpost.com/world/2023/04/19/brazil-cabinet-minister-fired-uprising/4f435050-df08-11ed-a78e-9a7c2418b00c_story.html?utm_source=rss&utm_medium=referral&utm_campaign=wp_world", "date_published": "2023-04-19 19:17:10+00:00", "persistent": false, "user": null, "language": "en-US"}, {"source": "https://feeds.washingtonpost.com/rss/world?itid=lk_inline_manual_36", "title": "Bolshoi pulls Nureyev ballet citing ban on LGBT 'propaganda'", "description": "Russia\u2019s Bolshoi Theater has removed a ballet dedicated to dancer Rudolf Nureyev from its repertoire, citing a new Russian law that expands restrictions on activities seen as promoting LGBT rights", "link": "https://www.washingtonpost.com/world/2023/04/19/bolshoi-ballet-serebrennikov-nureyev-dropped-lgbt-law/bcf0c0d0-defc-11ed-a78e-9a7c2418b00c_story.html?utm_source=rss&utm_medium=referral&utm_campaign=wp_world", "date_published": "2023-04-19 18:25:41+00:00", "persistent": false, "user": null, "language": "en-US"}, {"source": "https://feeds.washingtonpost.com/rss/world?itid=lk_inline_manual_36", "title": "Russian foreign minister Lavrov visits Nicaragua's Ortega", "description": "Russian Foreign Minister Sergey Lavrov has met with Nicaraguan President Daniel Ortega, and the two commiserated about U.S. sanctions", "link": "https://www.washingtonpost.com/world/2023/04/19/nicaragua-ortega-russia-lavrov-latin-america/f5eff818-defe-11ed-a78e-9a7c2418b00c_story.html?utm_source=rss&utm_medium=referral&utm_campaign=wp_world", "date_published": "2023-04-19 18:10:14+00:00", "persistent": false, "user": null, "language": "en-US"}, {"source": "https://feeds.washingtonpost.com/rss/world?itid=lk_inline_manual_36", "title": "Generals\u2019 war chests have fueled fighting in Sudan. Now they\u2019re at risk.", "description": "With so much at stake, Burhan and Hemedti have an urgent incentive to keep battling.", "link": "https://www.washingtonpost.com/world/2023/04/19/sudan-burhan-army-hemedti-rsf/?utm_source=rss&utm_medium=referral&utm_campaign=wp_world", "date_published": "2023-04-19 17:09:51+00:00", "persistent": false, "user": null, "language": "en-US"}, {"source": "https://feeds.washingtonpost.com/rss/world?itid=lk_inline_manual_36", "title": "U.S. allies in Middle East target dissidents on American soil, report says", "description": "Egypt and Saudi Arabia use threats, surveillance, hostage-taking and prosecutions to try to silence dissidents on U.S. soil, according a new report.", "link": "https://www.washingtonpost.com/world/2023/04/19/saudi-arabia-egypt-repression-dissidents/?utm_source=rss&utm_medium=referral&utm_campaign=wp_world", "date_published": "2023-04-19 16:49:01+00:00", "persistent": false, "user": null, "language": "en-US"}, {"source": "https://feeds.washingtonpost.com/rss/world?itid=lk_inline_manual_36", "title": "Big public union strike in Canada could disrupt tax season", "description": "Canada\u2019s largest federal public-service union and the federal government continue to negotiate as workers go on strike, triggering warnings of major service disruptions", "link": "https://www.washingtonpost.com/world/2023/04/19/canada-public-union-strike/530b3e44-deec-11ed-a78e-9a7c2418b00c_story.html?utm_source=rss&utm_medium=referral&utm_campaign=wp_world", "date_published": "2023-04-19 16:07:25+00:00", "persistent": false, "user": null, "language": "en-US"}, {"source": "https://feeds.washingtonpost.com/rss/world?itid=lk_inline_manual_36", "title": "Caribbean leaders agree on plan to ban assault-style weapons", "description": "Caribbean Community leaders have agreed on plans to introduce bans in their countries on assault-style weapons to curb spikes in gun violence and weapons smuggling in the 15-nation Caricom bloc", "link": "https://www.washingtonpost.com/world/2023/04/19/caribbean-assault-weapon-ban-caricom-rowley/f531ccbe-dee3-11ed-a78e-9a7c2418b00c_story.html?utm_source=rss&utm_medium=referral&utm_campaign=wp_world", "date_published": "2023-04-19 14:56:57+00:00", "persistent": false, "user": null, "language": "en-US"}, {"source": "https://feeds.washingtonpost.com/rss/world?itid=lk_inline_manual_36", "title": "North Macedonia: Migrant fatally shot during border scuffle", "description": "Authorities in North Macedonia say a migrant woman was accidentally shot and killed by police during a struggle that broke out as an officer tried to arrest a suspected smuggler", "link": "https://www.washingtonpost.com/world/2023/04/19/mecedonia-greece-migrants-immigration-police-shooting/f83c6708-dee2-11ed-a78e-9a7c2418b00c_story.html?utm_source=rss&utm_medium=referral&utm_campaign=wp_world", "date_published": "2023-04-19 14:49:52+00:00", "persistent": false, "user": null, "language": "en-US"}, {"source": "https://feeds.washingtonpost.com/rss/world?itid=lk_inline_manual_36", "title": "Kenyan leader warns of regional effects from Sudan fighting", "description": "Kenya\u2019s president, who is among mediators tasked with brokering peace in Sudan, has called for an end to the fighting in the country, warning it could destabilize the region", "link": "https://www.washingtonpost.com/world/2023/04/19/sudan-fighting-ceasefire-kenya-ruto-igad/84f031f8-dee2-11ed-a78e-9a7c2418b00c_story.html?utm_source=rss&utm_medium=referral&utm_campaign=wp_world", "date_published": "2023-04-19 14:46:39+00:00", "persistent": false, "user": null, "language": "en-US"}, {"source": "https://feeds.washingtonpost.com/rss/world?itid=lk_inline_manual_36", "title": "UN court gets request for advisory opinion on climate change", "description": "The United Nations\u2019 highest court has confirmed that the General Assembly has asked for it to issue an advisory opinion on \u201cthe obligations of States in respect of climate change.\u201d", "link": "https://www.washingtonpost.com/world/2023/04/19/climate-change-court-advisory-opinion-un-islands/8a32a428-dedf-11ed-a78e-9a7c2418b00c_story.html?utm_source=rss&utm_medium=referral&utm_campaign=wp_world", "date_published": "2023-04-19 14:25:19+00:00", "persistent": false, "user": null, "language": "en-US"}, {"source": "https://feeds.washingtonpost.com/rss/world?itid=lk_inline_manual_36", "title": "Vatican inaugurates artisan apprentice school for basilica", "description": "The Vatican is inaugurating a new arts and crafts academy inside St. Peter\u2019s Basilica", "link": "https://www.washingtonpost.com/world/2023/04/19/vatican-arts-crafts-academy/c05f9412-dede-11ed-a78e-9a7c2418b00c_story.html?utm_source=rss&utm_medium=referral&utm_campaign=wp_world", "date_published": "2023-04-19 14:19:41+00:00", "persistent": false, "user": null, "language": "en-US"}, {"source": "https://feeds.washingtonpost.com/rss/world?itid=lk_inline_manual_36", "title": "Texas-born princess facing imminent eviction from Rome villa", "description": "A Texas-born princess is facing a court-ordered eviction from a Rome villa containing the only known ceiling painted by Caravaggio", "link": "https://www.washingtonpost.com/world/2023/04/19/italy-princess-aristocratic-inheritance-caravaggio-rome-villa/90a59402-dedd-11ed-a78e-9a7c2418b00c_story.html?utm_source=rss&utm_medium=referral&utm_campaign=wp_world", "date_published": "2023-04-19 14:11:11+00:00", "persistent": false, "user": null, "language": "en-US"}, {"source": "https://feeds.washingtonpost.com/rss/world?itid=lk_inline_manual_36", "title": "India's heat is underestimated, harming progress, study says", "description": "The full extent of the damage from India\u2019s sizzling heat that\u2019s causing more deaths, illnesses, school shutdowns and crop failures is underestimated by lawmakers and officials in the country and slowing the nation\u2019s development, a study Wednesday found", "link": "https://www.washingtonpost.com/world/2023/04/19/heat-waves-climate-change-india-extreme-heat/bbd56626-dedc-11ed-a78e-9a7c2418b00c_story.html?utm_source=rss&utm_medium=referral&utm_campaign=wp_world", "date_published": "2023-04-19 14:05:14+00:00", "persistent": false, "user": null, "language": "en-US"}, {"source": "https://feeds.washingtonpost.com/rss/world?itid=lk_inline_manual_36", "title": "Abortion pill facing restrictions in U.S. is approved in over 90 countries", "description": "U.S. court decisions affecting approval of the abortion drug mifepristone have placed the country on a different trajectory from much of the rest of the world.", "link": "https://www.washingtonpost.com/world/2023/04/19/abortion-pill-mifepristone-global-approved/?utm_source=rss&utm_medium=referral&utm_campaign=wp_world", "date_published": "2023-04-19 13:30:28+00:00", "persistent": false, "user": null, "language": "en-US"}, {"source": "https://feeds.washingtonpost.com/rss/world?itid=lk_inline_manual_36", "title": "Trudeau told NATO that Canada will never meet spending goal, Discord leak shows", "description": "The secret Pentagon assessment, posted to the messaging app Discord, says the country's \u201cwidespread\u201d military shortfalls are harming ties with its NATO and NORAD allies.", "link": "https://www.washingtonpost.com/national-security/2023/04/19/canada-military-trudeau-leaked-documents/?utm_source=rss&utm_medium=referral&utm_campaign=wp_world", "date_published": "2023-04-19 13:06:07+00:00", "persistent": false, "user": null, "language": "en-US"}, {"source": "https://feeds.washingtonpost.com/rss/world?itid=lk_inline_manual_36", "title": "Antiquities, plucked from storeroom, on Roman Forum display", "description": "Hundreds of remnants of ancient Roman life \u2014 from dice to rain gutter decorations to burial offerings 3,000 years old \u2014 have long been hidden from public view", "link": "https://www.washingtonpost.com/world/2023/04/19/ancient-rome-storerooms-antiquities-exhibition-forum-colosseum/fb2b9732-ded2-11ed-a78e-9a7c2418b00c_story.html?utm_source=rss&utm_medium=referral&utm_campaign=wp_world", "date_published": "2023-04-19 12:55:25+00:00", "persistent": false, "user": null, "language": "en-US"}, {"source": "https://feeds.washingtonpost.com/rss/world?itid=lk_inline_manual_36", "title": "Mexican president still vows to give National Guard to Army", "description": "Mexico\u2019s president has vowed to try again to give control of the National Guard to the Army, despite a Supreme Court ruling against such a move", "link": "https://www.washingtonpost.com/world/2023/04/19/mexico-national-guard-constitution-civilian-military/86efac7c-dece-11ed-a78e-9a7c2418b00c_story.html?utm_source=rss&utm_medium=referral&utm_campaign=wp_world", "date_published": "2023-04-19 12:23:32+00:00", "persistent": false, "user": null, "language": "en-US"}, {"source": "https://feeds.washingtonpost.com/rss/world?itid=lk_inline_manual_36", "title": "Mexico says U.S. police shooting 'unreasonable' use of force", "description": "The Mexican government is claiming the police shooting of a Mexican man in California represented an \u201cunreasonable\u201d use of lethal force", "link": "https://www.washingtonpost.com/world/2023/04/19/mexico-excessive-force-us-police-shooting/7087bd54-dec8-11ed-a78e-9a7c2418b00c_story.html?utm_source=rss&utm_medium=referral&utm_campaign=wp_world", "date_published": "2023-04-19 11:39:58+00:00", "persistent": false, "user": null, "language": "en-US"}, {"source": "https://feeds.washingtonpost.com/rss/world?itid=lk_inline_manual_36", "title": "UN criticizes Iraq's hasty closing of camp for displaced", "description": "The United Nations has expressed concern over Iraq\u2019s swift closure this week of a displacement camp that had housed more than 300 families with alleged ties to the militant Islamic State group", "link": "https://www.washingtonpost.com/world/2023/04/19/iraq-displaced-camp-closed-islamic-state/c5aaf380-dec5-11ed-a78e-9a7c2418b00c_story.html?utm_source=rss&utm_medium=referral&utm_campaign=wp_world", "date_published": "2023-04-19 11:20:52+00:00", "persistent": false, "user": null, "language": "en-US"}, {"source": "https://feeds.washingtonpost.com/rss/world?itid=lk_inline_manual_36", "title": "Madagascar faces 'catastrophic' hunger after 3 cyclones", "description": "Humanitarian groups say children in remote areas of southeast Madagascar are experiencing \u201ccatastrophic\u201d levels of hunger after three cyclones battered the region in the space of a year", "link": "https://www.washingtonpost.com/world/2023/04/19/madagascar-climate-hunger-cyclones/f69e2082-deb3-11ed-a78e-9a7c2418b00c_story.html?utm_source=rss&utm_medium=referral&utm_campaign=wp_world", "date_published": "2023-04-19 09:13:23+00:00", "persistent": false, "user": null, "language": "en-US"}, {"source": "https://feeds.washingtonpost.com/rss/world?itid=lk_inline_manual_36", "title": "Ukraine: US-made Patriot guided missile systems arrive", "description": "Ukraine\u2019s defense minister says his country has received U", "link": "https://www.washingtonpost.com/world/2023/04/19/russia-ukraine-war-patriot-missile-system/ca0043ac-deae-11ed-a78e-9a7c2418b00c_story.html?utm_source=rss&utm_medium=referral&utm_campaign=wp_world", "date_published": "2023-04-19 08:36:21+00:00", "persistent": false, "user": null, "language": "en-US"}, {"source": "https://feeds.washingtonpost.com/rss/world?itid=lk_inline_manual_36", "title": "US Navy sails first drone through Mideast's Strait of Hormuz", "description": "The U.S. Navy has sailed its first drone boat through the strategic Strait of Hormuz, a crucial waterway for global energy supplies where American sailors often faces tense encounters with Iranian forces", "link": "https://www.washingtonpost.com/world/2023/04/19/us-navy-iran-tensions-drone-hormuz/d3014322-dea2-11ed-a78e-9a7c2418b00c_story.html?utm_source=rss&utm_medium=referral&utm_campaign=wp_world", "date_published": "2023-04-19 07:33:18+00:00", "persistent": false, "user": null, "language": "en-US"}, {"source": "https://feeds.washingtonpost.com/rss/world?itid=lk_inline_manual_36", "title": "Fire in Beijing hospital kills 29. Its president is in custody.", "description": "Police detained 12, including construction workers, over the Changfeng Hospital fire. Video appeared to show patients escaping through windows using bedsheets.", "link": "https://www.washingtonpost.com/world/2023/04/19/china-hospital-fire-beijing-changfeng/?utm_source=rss&utm_medium=referral&utm_campaign=wp_world", "date_published": "2023-04-19 06:43:11+00:00", "persistent": false, "user": null, "language": "en-US"}, {"source": "https://feeds.washingtonpost.com/rss/world?itid=lk_inline_manual_36", "title": "UN: India on track to become world's most populous country", "description": "India is on track to become the world\u2019s most populous nation, surpassing China by 2.9 million people by mid-2023, according to data released by the United Nations on Wednesday", "link": "https://www.washingtonpost.com/world/2023/04/19/india-worlds-largest-population-china-un/99dcb1b0-de9a-11ed-a78e-9a7c2418b00c_story.html?utm_source=rss&utm_medium=referral&utm_campaign=wp_world", "date_published": "2023-04-19 06:38:06+00:00", "persistent": false, "user": null, "language": "en-US"}, {"source": "https://feeds.washingtonpost.com/rss/world?itid=lk_inline_manual_36", "title": "Strong earthquake shakes Papua New Guinea", "description": "A strong earthquake has shaken Papua New Guinea but no serious damage or casualties are expected", "link": "https://www.washingtonpost.com/world/2023/04/19/papua-new-guinea-earthquake/3563dbce-de9e-11ed-a78e-9a7c2418b00c_story.html?utm_source=rss&utm_medium=referral&utm_campaign=wp_world", "date_published": "2023-04-19 06:37:40+00:00", "persistent": false, "user": null, "language": "en-US"}, {"source": "https://feeds.washingtonpost.com/rss/world?itid=lk_inline_manual_36", "title": "Chinese panda on long-term loan to Thailand dies suddenly", "description": "A giant panda on long-term loan from China has died in a zoo in northern Thailand, six months before she was due to return home", "link": "https://www.washingtonpost.com/world/2023/04/19/china-thailand-panda-zoo-chiang-mai/782d2b7a-de96-11ed-a78e-9a7c2418b00c_story.html?utm_source=rss&utm_medium=referral&utm_campaign=wp_world", "date_published": "2023-04-19 05:42:16+00:00", "persistent": false, "user": null, "language": "en-US"}, {"source": "https://feeds.washingtonpost.com/rss/world?itid=lk_inline_manual_36", "title": "Warsaw Ghetto Uprising commemorated on 80th anniversary", "description": "Presidents and Holocaust survivors and their descendants are marking the 80th anniversary of the Warsaw Ghetto Uprising", "link": "https://www.washingtonpost.com/world/2023/04/19/warsaw-ghetto-uprising-poland-anniversary-israel/0513dc3a-de85-11ed-a78e-9a7c2418b00c_story.html?utm_source=rss&utm_medium=referral&utm_campaign=wp_world", "date_published": "2023-04-19 03:37:21+00:00", "persistent": false, "user": null, "language": "en-US"}, {"source": "https://feeds.washingtonpost.com/rss/world?itid=lk_inline_manual_36", "title": "Suspect at large in German gym stabbing that wounded 4", "description": "Police are searching for a man suspected of carrying out a knife attack at a gym in the western German city of Duisburg that left four people seriously wounded", "link": "https://www.washingtonpost.com/world/2023/04/19/germany-duisburg-stabbing-attack-gym-wounded/e4f3e810-de83-11ed-a78e-9a7c2418b00c_story.html?utm_source=rss&utm_medium=referral&utm_campaign=wp_world", "date_published": "2023-04-19 03:29:18+00:00", "persistent": false, "user": null, "language": "en-US"}, {"source": "https://feeds.washingtonpost.com/rss/world?itid=lk_inline_manual_36", "title": "In grim drought, Tunisians ration water in state-ordered ban", "description": "Tunisians are on the front lines of a battle against an increasingly severe drought, now in its fifth year in the north African country, with the government issuing a sudden order to its population to ration their water usage from April to September \u2014 or risk fines or jail", "link": "https://www.washingtonpost.com/world/2023/04/19/tunisia-water-rationing-drought-climate/280850ea-de7b-11ed-a78e-9a7c2418b00c_story.html?utm_source=rss&utm_medium=referral&utm_campaign=wp_world", "date_published": "2023-04-19 02:26:45+00:00", "persistent": false, "user": null, "language": "en-US"}, {"source": "https://feeds.washingtonpost.com/rss/world?itid=lk_inline_manual_36", "title": "Ukraine live briefing: Zelensky lobbies U.S. speaker on fighter jets, invites him to visit", "description": "Ukrainian President Volodymyr Zelensky said he raised the issue of F-16s in a call with House Speaker Kevin McCarthy (R-Calif.).", "link": "https://www.washingtonpost.com/world/2023/04/19/russia-ukraine-war-news/?utm_source=rss&utm_medium=referral&utm_campaign=wp_world", "date_published": "2023-04-19 02:21:09+00:00", "persistent": false, "user": null, "language": "en-US"}, {"source": "https://feeds.washingtonpost.com/rss/world?itid=lk_inline_manual_36", "title": "A contest encouraged children to hunt feral cats \u2014 until the backlash", "description": "The idea of enlisting children armed with air rifles in an effort to kill feral cats in New Zealand set off alarm bells among animal rights groups.", "link": "https://www.washingtonpost.com/world/2023/04/19/new-zealand-feral-cat-hunting-children/?utm_source=rss&utm_medium=referral&utm_campaign=wp_world", "date_published": "2023-04-19 02:08:31+00:00", "persistent": false, "user": null, "language": "en-US"}, {"source": "https://feeds.washingtonpost.com/rss/world?itid=lk_inline_manual_36", "title": "Death toll in Beijing hospital fire rises to 29", "description": "Authorities in Beijing say the death toll in a fire that broke out Tuesday afternoon in a hospital has risen to 29, with 26 of them patients", "link": "https://www.washingtonpost.com/world/2023/04/19/deadly-beijing-hospital-fire/6f54febc-de71-11ed-a78e-9a7c2418b00c_story.html?utm_source=rss&utm_medium=referral&utm_campaign=wp_world", "date_published": "2023-04-19 01:17:09+00:00", "persistent": false, "user": null, "language": "en-US"}, {"source": "https://feeds.washingtonpost.com/rss/world?itid=lk_inline_manual_36", "title": "Alleged Mara Salvatrucha gang leader arrested in Mexico City", "description": "Police and marines in Mexico\u2019s capital have arrested an alleged senior leader of the Mara Salvatrucha gang who is wanted in the United States for extortion, drug distribution and terrorism-related charges", "link": "https://www.washingtonpost.com/world/2023/04/19/mexico-arrest-texas-mara-salvatrucha/415b1a10-de70-11ed-a78e-9a7c2418b00c_story.html?utm_source=rss&utm_medium=referral&utm_campaign=wp_world", "date_published": "2023-04-19 01:08:43+00:00", "persistent": false, "user": null, "language": "en-US"}, {"source": "https://feeds.washingtonpost.com/rss/world?itid=lk_inline_manual_36", "title": "1 city, 2 people \u2014 and India\u2019s widening religious divide", "description": "Syed Mohammad Munir Abidi is convinced India is no longer the same country it once was for its minority Muslim citizens", "link": "https://www.washingtonpost.com/world/2023/04/19/india-population-ayodhya-religion-muslims-hindus/35361bec-de6e-11ed-a78e-9a7c2418b00c_story.html?utm_source=rss&utm_medium=referral&utm_campaign=wp_world", "date_published": "2023-04-19 00:54:04+00:00", "persistent": false, "user": null, "language": "en-US"}, {"source": "https://feeds.washingtonpost.com/rss/world?itid=lk_inline_manual_36", "title": "Meir Shalev, preeminent Israeli writer, dies at 74", "description": "In works of fiction, nonfiction and memoir, he captured his country\u2019s history without becoming mired in its politics.", "link": "https://www.washingtonpost.com/obituaries/2023/04/19/meir-shalev-israeli-novelist-dead/?utm_source=rss&utm_medium=referral&utm_campaign=wp_world", "date_published": "2023-04-19 00:21:54+00:00", "persistent": false, "user": null, "language": "en-US"}, {"source": "https://feeds.washingtonpost.com/rss/world?itid=lk_inline_manual_36", "title": "Brazil\u2019s Lula reaches out to China and Russia, stoking U.S. unease", "description": "Away from the West, the \u201cnonaligned\u201d world is finding its voice.", "link": "https://www.washingtonpost.com/world/2023/04/19/brazil-china-russia-lula-multipolar/?utm_source=rss&utm_medium=referral&utm_campaign=wp_world", "date_published": "2023-04-19 00:00:13+00:00", "persistent": false, "user": null, "language": "en-US"}]