[{"source": "http://feeds.skynews.com/feeds/rss/world.xml", "title": "Spain's victorious Women's World Cup side parade trophy through Madrid", "description": "Spain began their reign as Women's World Cup champions by arriving home to a hero's welcome on the streets of Madrid.", "link": "https://news.sky.com/story/a-heros-welcome-spains-victorious-womens-world-cup-side-parade-trophy-through-madrid-12944869", "date_published": "2023-08-21T22:31:00+00:00", "persistent": false, "dead": false, "artist": null, "album": null, "user": null, "language": "en-US", "thumbnail": "https://e3.365dm.com/23/08/70x70/skynews-spain-world-cup-madrid_6258603.jpg?20230821233313"}, {"source": "http://feeds.skynews.com/feeds/rss/world.xml", "title": "French airport to be renamed after Queen Elizabeth II", "description": "An airport in France is being named after Queen Elizabeth.", "link": "https://news.sky.com/story/french-airport-to-be-renamed-after-queen-elizabeth-ii-12944835", "date_published": "2023-08-21T20:40:00+00:00", "persistent": false, "dead": false, "artist": null, "album": null, "user": null, "language": "en-US", "thumbnail": "https://e3.365dm.com/23/08/70x70/skynews-le-touquet-queen_6258544.jpg?20230821214036"}, {"source": "http://feeds.skynews.com/feeds/rss/world.xml", "title": "Triathlon Ireland says it did not 'sanction' Ironman swim race in which two men died", "description": "Triathlon Ireland has said its officials did not sanction a swimming race in which two competitors died.", "link": "https://news.sky.com/story/triathlon-ireland-says-it-did-not-sanction-ironman-swim-race-in-which-two-men-died-in-co-cork-12944826", "date_published": "2023-08-21T20:22:00+00:00", "persistent": false, "dead": false, "artist": null, "album": null, "user": null, "language": "en-US", "thumbnail": "https://e3.365dm.com/23/08/70x70/skynews-cork-ironman_6257362.png?20230820180025"}, {"source": "http://feeds.skynews.com/feeds/rss/world.xml", "title": "Palm Springs cut off as desert Californian city deluged by Tropical Storm Hilary", "description": "The Californian desert city of Palm Springs has been cut off after Tropical Storm Hilary flooded streets and brought down power lines across southern parts of the Golden State.", "link": "https://news.sky.com/story/palm-springs-cut-off-as-desert-californian-city-deluged-by-storm-hilary-12944805", "date_published": "2023-08-21T19:45:00+00:00", "persistent": false, "dead": false, "artist": null, "album": null, "user": null, "language": "en-US", "thumbnail": "https://e3.365dm.com/23/08/70x70/skynews-palm-springs-cathedral-city_6258502.jpg?20230821205329"}, {"source": "http://feeds.skynews.com/feeds/rss/world.xml", "title": "'Bubbly and confident': School pays tribute to 10-year-old girl found dead at home", "description": "A 10-year-old girl found dead at her home in Woking has been described as a \"bubbly and confident\" pupil by her headteacher.", "link": "https://news.sky.com/story/sara-sharif-school-says-10-year-old-girl-found-dead-in-woking-was-bubbly-and-confident-pupil-12944806", "date_published": "2023-08-21T19:42:00+00:00", "persistent": false, "dead": false, "artist": null, "album": null, "user": null, "language": "en-US", "thumbnail": "https://e3.365dm.com/23/08/70x70/skynews-sara-sharif-woking_6252954.png?20230816164920"}, {"source": "http://feeds.skynews.com/feeds/rss/world.xml", "title": "Original voice of Mario in Nintendo games steps down after 27 years", "description": "The original voice of Mario in Nintendo's video games is stepping down.", "link": "https://news.sky.com/story/charles-martinet-original-voice-of-mario-in-nintendo-games-steps-down-after-27-years-12944780", "date_published": "2023-08-21T19:12:00+00:00", "persistent": false, "dead": false, "artist": null, "album": null, "user": null, "language": "en-US", "thumbnail": "https://e3.365dm.com/23/08/70x70/skynews-mario-charles-martinet_6258445.jpg?20230821201213"}, {"source": "http://feeds.skynews.com/feeds/rss/world.xml", "title": "Russian space agency boss blames decades of inactivity for moon crash", "description": "The head of Russia's space agency has blamed the Luna-25 spacecraft crashing into the moon on the country's decades-long pause in lunar exploration.", "link": "https://news.sky.com/story/russian-space-agency-boss-blames-decades-of-inactivity-for-luna-25-moon-crash-12944777", "date_published": "2023-08-21T19:05:00+00:00", "persistent": false, "dead": false, "artist": null, "album": null, "user": null, "language": "en-US", "thumbnail": "https://e3.365dm.com/23/08/70x70/skynews-soyuz-rocket-moon-lander_6249637.jpg?20230813152002"}, {"source": "http://feeds.skynews.com/feeds/rss/world.xml", "title": "Inquiry into claims of unlawful killings by UK soldiers in Afghanistan to be held partly in secret", "description": "A public inquiry into allegations of war crimes by British armed forces in Afghanistan will be held partly in secret, the chair has decided.", "link": "https://news.sky.com/story/public-inquiry-into-allegations-of-unlawful-killings-by-british-soldiers-in-afghanistan-to-be-held-partly-in-secret-12944744", "date_published": "2023-08-21T18:01:00+00:00", "persistent": false, "dead": false, "artist": null, "album": null, "user": null, "language": "en-US", "thumbnail": "https://e3.365dm.com/22/12/70x70/skynews-british-soldiers-afganistan_5997620.jpg?20230821204936"}, {"source": "http://feeds.skynews.com/feeds/rss/world.xml", "title": "Hospital patients evacuate onto ferry after burned body recovered as fresh fires hit Greece", "description": "One person has died and dozens have been evacuated from a hospital onto a boat as wildfires scorch a portion of northeastern mainland Greece.", "link": "https://news.sky.com/story/wildfires-in-greece-force-hospital-patients-to-evacuate-onto-a-ferry-after-burned-body-found-12944687", "date_published": "2023-08-21T16:15:00+00:00", "persistent": false, "dead": false, "artist": null, "album": null, "user": null, "language": "en-US", "thumbnail": "https://e3.365dm.com/23/08/70x70/skynews-greece-fire-wildfire_6258848.jpg?20230822093029"}, {"source": "http://feeds.skynews.com/feeds/rss/world.xml", "title": "Spain's FA chief says sorry after kissing player on the lips following their World Cup victory", "description": "The head of Spain's football federation has apologised after kissing a player on the lips following their Women's World Cup victory.", "link": "https://news.sky.com/story/womens-world-cup-spains-fa-chief-luis-rubiales-says-sorry-after-kissing-jennifer-hermoso-on-the-lips-following-victory-12944604", "date_published": "2023-08-21T13:27:00+00:00", "persistent": false, "dead": false, "artist": null, "album": null, "user": null, "language": "en-US", "thumbnail": "https://e3.365dm.com/23/08/70x70/skynews-jenni-hermoso-luis-rubiales_6258133.jpg?20230821140919"}, {"source": "http://feeds.skynews.com/feeds/rss/world.xml", "title": "Lionesses' online popularity climbs despite heartbreak in Women's World Cup final", "description": "The Lionesses may not have clinched the Women's World Cup after losing to Spain in the final, but interest in England's star players has not wavered as their online following continues to grow.", "link": "https://news.sky.com/story/lionesses-online-popularity-climbs-despite-heartbreak-in-womens-world-cup-final-12944576", "date_published": "2023-08-21T12:24:00+00:00", "persistent": false, "dead": false, "artist": null, "album": null, "user": null, "language": "en-US", "thumbnail": "https://e3.365dm.com/23/08/70x70/skynews-tiktok-lionesses_6258216.jpg?20230821154351"}, {"source": "http://feeds.skynews.com/feeds/rss/world.xml", "title": "850 people still missing after Hawaii wildfires", "description": "A total of 850 people are still missing following deadly wildfires in Maui, Hawaii, the county's mayor has said.", "link": "https://news.sky.com/story/hawaii-wildfires-850-people-still-missing-after-blaze-ripped-through-maui-12944534", "date_published": "2023-08-21T10:50:00+00:00", "persistent": false, "dead": false, "artist": null, "album": null, "user": null, "language": "en-US", "thumbnail": "https://e3.365dm.com/23/08/70x70/skynews-lahaina-maui-wildfire_6247594.jpg?20230811145806"}, {"source": "http://feeds.skynews.com/feeds/rss/world.xml", "title": "Saudi Arabia border guards likely killed hundreds of unarmed migrants in recent years, report claims", "description": "Saudi Arabian border guards launched mortars and fired machine guns at Ethiopians trying to cross into the country from Yemen and likely killed hundreds of unarmed migrants in recent years, a new report has claimed.", "link": "https://news.sky.com/story/saudi-arabia-border-guards-likely-killed-hundreds-of-unarmed-migrants-crossing-from-yemen-in-recent-years-report-claims-12944443", "date_published": "2023-08-21T08:30:00+00:00", "persistent": false, "dead": false, "artist": null, "album": null, "user": null, "language": "en-US", "thumbnail": "https://e3.365dm.com/23/08/70x70/skynews-yemen-saudi-arabia_6257923.jpg?20230821104115"}, {"source": "http://feeds.skynews.com/feeds/rss/world.xml", "title": "Deadly Storm Hilary brings 'life-threatening' floods and record rainfall to California", "description": "One person has died and another is missing as a tropical storm brings \"life-threatening\" floods and record rainfall to Mexico and California.", "link": "https://news.sky.com/story/one-dead-in-mexico-as-storm-hilary-brings-life-threatening-floods-and-record-rainfall-to-california-12944367", "date_published": "2023-08-21T05:46:00+00:00", "persistent": false, "dead": false, "artist": null, "album": null, "user": null, "language": "en-US", "thumbnail": "https://e3.365dm.com/23/08/70x70/skynews-storm-hilary-california_6257809.jpg?20230821082138"}, {"source": "http://feeds.skynews.com/feeds/rss/world.xml", "title": "India announces moon lander days from touching down - as Russian craft crashes", "description": "India could be about to take one giant leap ahead of Russia in the space race - with its latest lunar mission just days away from attempting to land.", "link": "https://news.sky.com/story/india-announces-moon-lander-days-from-touching-down-as-russian-craft-crashes-12944340", "date_published": "2023-08-21T01:44:00+00:00", "persistent": false, "dead": false, "artist": null, "album": null, "user": null, "language": "en-US", "thumbnail": "https://e3.365dm.com/23/07/70x70/skynews-india-space-mission_6218523.jpg?20230714120137"}]