[{"source": "https://www.youtube.com/feeds/videos.xml?channel_id=UCTTZqMWBvLsUYqYwKTdjvkw", "title": "\ud83d\udcf6 Android nie chce 2G", "description": "Sieci kom\u00f3rkowe drugiej generacji nie maj\u0105 wiele wsp\u00f3lnego z bezpiecze\u0144stwem. Niestety mimo tego, \u017ce mamy ju\u017c 3, 4, a nawet 5G, to kto\u015b z\u0142o\u015bliwy jest w stanie w sprytny spos\u00f3b zmusi\u0107 nasz telefon do po\u0142\u0105czenia si\u0119 do stacji bazowej korzystaj\u0105c z przestarza\u0142ych protoko\u0142\u00f3w komunikacji. A wtedy ju\u017c naprawd\u0119 \u0142atwo nas zaatakowa\u0107.\n \n\u0179r\u00f3d\u0142a:\nhttps://tinyurl.com/5n8zykp9\n\n \n#Android #bezpiecze\u0144stwo #2G #szyfrowanie", "link": "https://www.youtube.com/watch?v=DCjo1p54sk8", "date_published": "2023-08-21T04:00:07+00:00", "persistent": false, "dead": false, "artist": null, "album": null, "user": null, "language": "pl-PL", "thumbnail": "https://i1.ytimg.com/vi/DCjo1p54sk8/hqdefault.jpg"}]