[{"source": "https://www.youtube.com/feeds/videos.xml?channel_id=UCMiJRAwDNSNzuYeN2uWa0pA", "title": "7 INSANE Pop Sockets!", "description": "#shorts #popsockets #gadgets \n\nI spend a LOT of time trying to make my videos as concise, polished and useful as possible for you - if you would like to support me on that mission then consider subscribing to the channel - you'd make my day \ud83d\ude01\n\nFor my tech hot takes: http://twitter.com/Mrwhosetheboss\nFor my Personal Posts: http://instagram.com/mrwhosetheboss\nDoes anyone still use this anymore?: https://facebook.com/mrwhosetheboss\n\nAmazon Affiliate links (if you buy anything through these it will support the channel and allow us to buy better gear!):\nAmazon US: https://amzn.to/3mFix9d\nAmazon UK: https://amzn.to/3GMPPtM\n\nMy Filming Gear:\nhttps://bit.ly/35CuxwI\n\nMusic is from Epidemic sound:\nhttp://share.epidemicsound.com/pHDFT", "link": "https://www.youtube.com/watch?v=ZAjSOz3YWLM", "date_published": "2023-08-21T09:51:35+00:00", "persistent": false, "dead": false, "artist": null, "album": null, "user": null, "language": "en-US", "thumbnail": "https://i3.ytimg.com/vi/ZAjSOz3YWLM/hqdefault.jpg"}]