[{"source": "https://www.youtube.com/feeds/videos.xml?channel_id=UCcyq283he07B7_KUX07mmtA", "title": "How snipers test Ghillie suits by blending into #nature during stalk events. #usarmy #ghilliesuits", "description": "------------------------------------------------------\n\nBusiness Insider tells you all you need to know about business, finance, tech, retail, and more.\n\nVisit our homepage for the top stories of the day: https://www.businessinsider.com\nInsider Business on Facebook: https://www.facebook.com/businessinsider\nInsider Business on Instagram: https://www.instagram.com/insiderbusiness\nInsider Business on Twitter: https://www.twitter.com/businessinsider\nInsider Business on Snapchat: https://www.snapchat.com/discover/Business_Insider/5319643143\nInsider Business on TikTok: https://www.tiktok.com/@businessinsider", "link": "https://www.youtube.com/watch?v=5Aw5dfu0H9c", "date_published": "2023-08-21T22:11:51+00:00", "persistent": false, "dead": false, "artist": null, "album": null, "user": null, "language": "en-US", "thumbnail": "https://i2.ytimg.com/vi/5Aw5dfu0H9c/hqdefault.jpg"}, {"source": "https://www.youtube.com/feeds/videos.xml?channel_id=UCcyq283he07B7_KUX07mmtA", "title": "A Californian entrepreneur makes doggy treats out of devil fish. #devilfish #dogtreats #California", "description": "------------------------------------------------------\n\nBusiness Insider tells you all you need to know about business, finance, tech, retail, and more.\n\nVisit our homepage for the top stories of the day: https://www.businessinsider.com\nInsider Business on Facebook: https://www.facebook.com/businessinsider\nInsider Business on Instagram: https://www.instagram.com/insiderbusiness\nInsider Business on Twitter: https://www.twitter.com/businessinsider\nInsider Business on Snapchat: https://www.snapchat.com/discover/Business_Insider/5319643143\nInsider Business on TikTok: https://www.tiktok.com/@businessinsider", "link": "https://www.youtube.com/watch?v=zgW8c59k_xY", "date_published": "2023-08-21T17:15:33+00:00", "persistent": false, "dead": false, "artist": null, "album": null, "user": null, "language": "en-US", "thumbnail": "https://i3.ytimg.com/vi/zgW8c59k_xY/hqdefault.jpg"}, {"source": "https://www.youtube.com/feeds/videos.xml?channel_id=UCcyq283he07B7_KUX07mmtA", "title": "Every Uniform A US Air Force Academy Cadet Is Issued | Loadout | Insider Business", "description": "The vice wing commander of the US Air Force Academy, Motaz Ahmed, breaks down every uniform cadets are issued at the Academy. He explains the uses and features of all six uniforms and the meanings behind the various patches, awards, and badges found on his uniforms.\n\nThe six uniforms every cadet is issued:\n1. Operational Camouflage Pattern uniform\n2. Physical training uniform\n3. Flight suit\n4. Service dress\n5. Mess dress\n6. Parade dress\n\nArmy Ranger Breaks Down All The Gear He Takes On A Night Mission | Loadout | Insider Business\nhttps://www.youtube.com/watch?v=oLMF8TK-K5E\nEvery Piece Of Gear In An Army Jungle Soldier\u2019s 72-Hour Bag | Loadout | Insider Business\nhttps://www.youtube.com/watch?v=1Xkf60upUPU\nEvery Item In An Air Force Gunship Pilot's Go Bag | Loadout | Insider Business\nhttps://www.youtube.com/watch?v=MI-FqD7XLu4\n\n------------------------------------------------------\n\n#AirForce #Loadout #Uniform #InsiderBusiness\n\nBusiness Insider tells you all you need to know about business, finance, tech, retail, and more.\n\nVisit our homepage for the top stories of the day: https://www.businessinsider.com\nInsider Business on Facebook: https://www.facebook.com/businessinsider\nInsider Business on Instagram: https://www.instagram.com/insiderbusiness\nInsider Business on Twitter: https://www.twitter.com/businessinsider\nInsider Business on Snapchat: https://www.snapchat.com/discover/Business_Insider/5319643143\nInsider Business on TikTok: https://www.tiktok.com/@businessinsider\n\nEvery Uniform A US Air Force Academy Cadet Is Issued | Loadout | Insider Business", "link": "https://www.youtube.com/watch?v=APurVMddfNE", "date_published": "2023-08-21T15:00:14+00:00", "persistent": false, "dead": false, "artist": null, "album": null, "user": null, "language": "en-US", "thumbnail": "https://i2.ytimg.com/vi/APurVMddfNE/hqdefault.jpg"}]