[{"source": "https://www.youtube.com/feeds/videos.xml?channel_id=UCNvzD7Z-g64bPXxGzaQaa4g", "title": "10 SHAMELESS Video Game Clones That SUCKED", "description": "Some games attempt to ape other (much better) games in hilarious ways.\nSubscribe for more: https://www.youtube.com/gameranxTV?sub_confirmation=1  \n\nZeus of War source: https://youtu.be/dYwjMkEGhAY\n\n0:00 Intro\n0:25 Number 10\n2:48 Number 9\n4:17 Number 8\n5:49 Number 7\n7:36 Number 6\n9:05 Number 5\n10:36 Number 4\n11:54 Number 3\n13:08 Number 2\n14:40 Number 1\n16:14 Bonus", "link": "https://www.youtube.com/watch?v=hMjJmB4xooQ", "date_published": "2023-08-21T15:30:10+00:00", "persistent": false, "dead": false, "artist": null, "album": null, "user": null, "language": "en-US", "thumbnail": "https://i1.ytimg.com/vi/hMjJmB4xooQ/hqdefault.jpg"}]