[{"source": "https://www.youtube.com/feeds/videos.xml?channel_id=UCwjvvgGX6oby5mZ3gbDe8Ug", "title": "China's banks at risk. Explosions with thought-provoking underlying reasons", "description": "#Chinainsights#Chinanews\nOn August 13, 2023, an explosion erupted in Shandong Province. A bank and a barbecue fish restaurant were blown up and seriously damaged. The glass and facade of the 2-story building are gone, and the ground was covered in debris. \n\nHave questions? Do you have something to share with us about China? We want to hear from you! \nEmail: Cinsights.subscription@gmail.com\nFacebook www.facebook.com/EyesOnChina.\n\nYour support allows us to produce more high-quality videos. \nConsider donating at https://www.paypal.com/paypalme/ChinaInsights\n\nCopyright @ China Insights 2021. Any illegal reproduction of this content in any form will result in immediate action against the person(s) concerned.", "link": "https://www.youtube.com/watch?v=agQHS7ob9Us", "date_published": "2023-08-21T16:41:15+00:00", "persistent": false, "dead": false, "artist": null, "album": null, "user": null, "language": "en-US", "thumbnail": "https://i2.ytimg.com/vi/agQHS7ob9Us/hqdefault.jpg"}]