[{"source": "https://forsal.pl/.feed", "title": "Polska w recesji. Tak s\u0142abego pocz\u0105tku III kwarta\u0142u dawno nie by\u0142o", "description": "<img align=\"right\" hspace=\"5\" src=\"https://ocdn.eu/pulscms-transforms/1/S8PktkuTURBXy9lNjI4MGNmMC0zMGIzLTQzYTMtYmI5Ni1iOWIxZTQyNTNmODYuanBlZ5GTBc0BHcyg\" />W lipcu sz\u00f3sty miesi\u0105c z rz\u0119du produkcja przemys\u0142owa by\u0142a ni\u017csza ni\u017c przed rokiem, a tempo wzrostu wynagrodze\u0144 najs\u0142absze od lutego zesz\u0142ego roku. Ekonomi\u015bci oceniaj\u0105, \u017ce odbicie w II p\u00f3\u0142roczu b\u0119dzie powolne", "link": "https://forsal.pl/gospodarka/pkb/artykuly/9281409,polska-w-recesji-tak-slabego-poczatku-iii-kwartalu-dawno-nie-bylo.html", "date_published": "2023-08-22T00:00:00+00:00", "persistent": false, "dead": false, "artist": null, "album": null, "user": null, "language": "pl-PL", "thumbnail": null}, {"source": "https://forsal.pl/.feed", "title": "Wyborcze obietnice tanich mieszka\u0144 nie zbuduj\u0105", "description": "<img align=\"right\" hspace=\"5\" src=\"https://ocdn.eu/pulscms-transforms/1/jUrktkuTURBXy8xNjVjYWNlZS0xYjUxLTQ2NjEtOWRlNy1mNzZjMDkyNDJiZDAuanBlZ5GTBc0BHcyg\" />Wszystkie partie polityczne zgodnie zauwa\u017caj\u0105, \u017ce rynek mieszkaniowy w Polsce nie wygl\u0105da tak, jak powinien. Proponowane rozwi\u0105zania tej sytuacji s\u0105 jednak radykalnie inne", "link": "https://forsal.pl/nieruchomosci/mieszkania/artykuly/9281397,wyborcze-obietnice-tanich-mieszkan-nie-zbuduja.html", "date_published": "2023-08-22T00:00:00+00:00", "persistent": false, "dead": false, "artist": null, "album": null, "user": null, "language": "pl-PL", "thumbnail": null}, {"source": "https://forsal.pl/.feed", "title": "27 sierpnia 2023 - czy to niedziela handlowa?", "description": "<img align=\"right\" hspace=\"5\" src=\"https://ocdn.eu/pulscms-transforms/1/8LUktkuTURBXy9mYTI0N2ExMS1mNTM1LTQyZWEtYjEyZC04Y2YzN2M5YzJjNmYuanBlZ5GTBc0BHcyg\" />Czy w niedziel\u0119 27 sierpnia sklepy b\u0119d\u0105 otwarte? Kiedy przypada najbli\u017csza niedziela handlowa? Oto nasz kalendarz niedziel handlowych.", "link": "https://forsal.pl/artykuly/1398040,27-sierpnia-2023-czy-to-niedziela-handlowa.html", "date_published": "2023-08-21T21:00:50+00:00", "persistent": false, "dead": false, "artist": null, "album": null, "user": null, "language": "pl-PL", "thumbnail": null}, {"source": "https://forsal.pl/.feed", "title": "Media: Prigo\u017cyn twierdzi, \u017ce jest w Afryce i walczy z d\u017cihadystami", "description": "<img align=\"right\" hspace=\"5\" src=\"https://ocdn.eu/pulscms-transforms/1/iPbktkuTURBXy9iMzYyM2FjNi1lZDlhLTQ0YjAtYWY3OS1kZjg3ZGZjMzQ2MjUuanBlZ5GTBc0BHcyg\" />Za\u0142o\u017cyciel najemniczej Grupy Wagnera Jewgienij Prigo\u017cyn nagra\u0142 klip, w kt\u00f3rym m\u00f3wi, \u017ce znajduje si\u0119 w Afryce i walczy \u201eo sprawiedliwo\u015b\u0107 i szcz\u0119\u015bcie\u201d afryka\u0144skich narod\u00f3w \u2013 poinformowa\u0142 w poniedzia\u0142ek ukrai\u0144ski portal \u201eUkrai\u0144ska Prawda\u201d.", "link": "https://forsal.pl/swiat/aktualnosci/artykuly/9281570,media-prigozyn-twierdzi-ze-jest-w-afryce-i-walczy-z-dzihadystami.html", "date_published": "2023-08-21T20:47:02+00:00", "persistent": false, "dead": false, "artist": null, "album": null, "user": null, "language": "pl-PL", "thumbnail": null}, {"source": "https://forsal.pl/.feed", "title": "Dlaczego Goran Bregovi\u0107 dosta\u0142 zakaz wjazdu do Mo\u0142dawii?", "description": "<img align=\"right\" hspace=\"5\" src=\"https://ocdn.eu/pulscms-transforms/1/hidktkuTURBXy82M2I2ZmMyYi0zN2YxLTQxZWEtOTdhMS03ZDNlMjRhMjQyMjMuanBlZ5GTBc0BHcyg\" />Prorosyjskie pogl\u0105dy i poparcie udzielone nielegalnej aneksji Krymu przez Rosj\u0119 stoj\u0105 za decyzj\u0105 o zakazaniu wjazdu do Mo\u0142dawii Goranowi Bregoviciowi - powiedzia\u0142 w poniedzia\u0142ek Adrian Efros, minister spraw wewn\u0119trznych Mo\u0142dawii.", "link": "https://forsal.pl/swiat/aktualnosci/artykuly/9281567,dlaczego-goran-bregovic-dostal-zakaz-wjazdu-do-moldawii.html", "date_published": "2023-08-21T20:22:23+00:00", "persistent": false, "dead": false, "artist": null, "album": null, "user": null, "language": "pl-PL", "thumbnail": null}, {"source": "https://forsal.pl/.feed", "title": "Departament Stanu USA wyrazi\u0142 zgod\u0119 na sprzeda\u017c Polsce \u015bmig\u0142owc\u00f3w AH-64E Apache", "description": "<img align=\"right\" hspace=\"5\" src=\"https://ocdn.eu/pulscms-transforms/1/HP-ktkuTURBXy9iM2MyYWMzYS0wZjIzLTRjNTctYWVhYy02ZGU0NmZiNjE1YjEuanBlZ5GTBc0BHcyg\" />Departament Stanu wyrazi\u0142 zgod\u0119 na potencjaln\u0105 sprzeda\u017c Polsce 96 \u015bmig\u0142owc\u00f3w szturmowych AH-64E Apache wraz z uzbrojeniem, wyceniaj\u0105c je na 12 miliard\u00f3w dolar\u00f3w - poda\u0142a nale\u017c\u0105ca do Pentagonu agencja Defense Security Cooperation Agency (DSCA).", "link": "https://forsal.pl/swiat/bezpieczenstwo/artykuly/9281562,departament-stanu-usa-wyrazil-zgode-na-sprzedaz-polsce-smiglowcow-ah-6.html", "date_published": "2023-08-21T19:56:02+00:00", "persistent": false, "dead": false, "artist": null, "album": null, "user": null, "language": "pl-PL", "thumbnail": null}, {"source": "https://forsal.pl/.feed", "title": "Poparcie republikan\u00f3w dla Trumpa wzros\u0142o po najnowszej serii zarzut\u00f3w [SONDA\u017b]", "description": "<img align=\"right\" hspace=\"5\" src=\"https://ocdn.eu/pulscms-transforms/1/-K7ktkuTURBXy82YjY2YWVkOS0yYmVjLTRlMTctYTA4Mi00ZTZkNTQxODc0OGQuanBlZ5GTBc0BHcyg\" />Poparcie dla Donalda Trumpa w\u015br\u00f3d wyborc\u00f3w republikan\u00f3w wzros\u0142o po ostatniej serii zarzut\u00f3w wysuni\u0119tych przez \u015bledczych w Georgii - wynika z opublikowanego w poniedzia\u0142ek sonda\u017cu telewizji NBC News i gazety Des Moines Register w Iowa. W niedziel\u0119 Trump o\u015bwiadczy\u0142, \u017ce z powodu znacznej przewagi nad reszt\u0105 stawki zrezygnuje z udzia\u0142u w debatach przed republika\u0144skimi prawyborami.", "link": "https://forsal.pl/swiat/usa/artykuly/9281539,poparcie-republikanow-dla-trumpa-wzroslo-po-najnowszej-serii-zarzutow.html", "date_published": "2023-08-21T19:26:53+00:00", "persistent": false, "dead": false, "artist": null, "album": null, "user": null, "language": "pl-PL", "thumbnail": null}, {"source": "https://forsal.pl/.feed", "title": "\"New Yorker\": W\u0142adze USA w wielu obszarach s\u0105 zdane na \u0142ask\u0119 Elona Muska", "description": "<img align=\"right\" hspace=\"5\" src=\"https://ocdn.eu/pulscms-transforms/1/d0wktkuTURBXy8wZGU2MjZlMS1kZDM4LTQ4NWEtYmE4NS1kOWIyY2RhZTk4NTMuanBlZ5GTBc0BHcyg\" />Rz\u0105dowe agencje s\u0105 zdane na \u0142ask\u0119 i nie\u0142ask\u0119 miliardera Elona Muska, w obszarach od obronno\u015bci po eksploracj\u0119 kosmosu - zauwa\u017ca w poniedzia\u0142ek magazyn &quot;New Yorker&quot;. Pismo twierdzi, \u017ce poziom uzale\u017cnienia pa\u0144stwa od bogacza budzi obawy, m.in. w obliczu jego coraz bardziej impulsywnego zachowania, pogardy dla zasad i &quot;regularnych&quot; konsultacji z Kremlem.", "link": "https://forsal.pl/biznes/aktualnosci/artykuly/9281536,new-yorker-wladze-usa-w-wielu-obszarach-sa-zdane-na-elona-muska.html", "date_published": "2023-08-21T19:14:00+00:00", "persistent": false, "dead": false, "artist": null, "album": null, "user": null, "language": "pl-PL", "thumbnail": null}, {"source": "https://forsal.pl/.feed", "title": "Ze\u0142enski: Grecja przy\u0142\u0105czy si\u0119 do szkolenia ukrai\u0144skich pilot\u00f3w", "description": "<img align=\"right\" hspace=\"5\" src=\"https://ocdn.eu/pulscms-transforms/1/w6EktkuTURBXy9mY2Y5ZmFhOS0zNzIzLTQzNGItOWFjYi0zZDI2N2JiODMyMjMuanBlZ5GTBc0BHcyg\" />Grecja przy\u0142\u0105czy si\u0119 do szkolenia ukrai\u0144skich pilot\u00f3w na my\u015bliwcach F-16 \u2013 poinformowa\u0142 w poniedzia\u0142ek prezydent Ukrainy Wo\u0142odymyr Ze\u0142enski na konferencji prasowej w Atenach po spotkaniu z premierem Grecji Kyriakosem Micotakisem.", "link": "https://forsal.pl/swiat/bezpieczenstwo/artykuly/9281532,zelenski-grecja-przylaczy-sie-do-szkolenia-ukrainskich-pilotow.html", "date_published": "2023-08-21T19:07:00+00:00", "persistent": false, "dead": false, "artist": null, "album": null, "user": null, "language": "pl-PL", "thumbnail": null}, {"source": "https://forsal.pl/.feed", "title": "\"Times\": Pekin inwestuje obecnie w Serbii tyle, ile ca\u0142a UE; to z\u0142a wiadomo\u015b\u0107 dla zachodnich dyplomat\u00f3w", "description": "<img align=\"right\" hspace=\"5\" src=\"https://ocdn.eu/pulscms-transforms/1/jzbktkuTURBXy8wZjNmNzZiZi00OTg0LTQ3OGItOTViZS1mMzE0M2VjNDVkZjguanBlZ5GTBc0BHcyg\" />Chiny inwestuj\u0105 obecnie w Serbii tyle, ile ca\u0142a Unia Europejska \u0142\u0105cznie; to musi budzi\u0107 niepok\u00f3j zachodnich dyplomat\u00f3w - pisze w poniedzia\u0142ek brytyjski dziennik &quot;Times&quot;", "link": "https://forsal.pl/swiat/chiny/artykuly/9281464,times-pekin-inwestuje-obecnie-w-serbii-tyle-ile-cala-ue-to-zla-wi.html", "date_published": "2023-08-21T18:43:56+00:00", "persistent": false, "dead": false, "artist": null, "album": null, "user": null, "language": "pl-PL", "thumbnail": null}, {"source": "https://forsal.pl/.feed", "title": "Benefit Systems: S\u0105d UOKiK oddali\u0142 odwo\u0142anie sp\u00f3\u0142ki od decyzji Prezesa Urz\u0119du", "description": "<img align=\"right\" hspace=\"5\" src=\"https://ocdn.eu/pulscms-transforms/1/yj-ktkuTURBXy80MjFiNjdkNi1lZGE5LTQzYzQtYTY4MS03ZGNiYzQwOGEzNWYuanBlZ5GTBc0BHcyg\" />S\u0105d Ochrony Konkurencji i Konsument\u00f3w oddali\u0142 odwo\u0142anie Benefit Systems od decyzji wydanej przez Prezesa UOKiK - poinformowa\u0142a w poniedzia\u0142ek sp\u00f3\u0142ka. Chodzi o na\u0142o\u017cenie na Benefit Systems kary w wysoko\u015bci 26,9 mln z\u0142. Sp\u00f3\u0142ka zapowiedzia\u0142a wniesienie apelacji od wyroku S\u0105du.", "link": "https://forsal.pl/biznes/aktualnosci/artykuly/9281462,benefit-systems-sad-uokik-oddalil-odwolanie-spolki-od-decyzji-prezesa.html", "date_published": "2023-08-21T18:21:49+00:00", "persistent": false, "dead": false, "artist": null, "album": null, "user": null, "language": "pl-PL", "thumbnail": null}, {"source": "https://forsal.pl/.feed", "title": "Prezydent Portugalii zawetowa\u0142 ustaw\u0119 ws. wynajmu pustych dom\u00f3w", "description": "<img align=\"right\" hspace=\"5\" src=\"https://ocdn.eu/pulscms-transforms/1/bvwktkuTURBXy82M2M1ZDNhOC1lY2EyLTQzMTctOWU4ZS01OWQ4ZDg0YTQzNmEuanBlZ5GTBc0BHcyg\" />Prezydent Portugalii Marcelo Rebelo de Sousa zawetowa\u0142 w poniedzia\u0142ek zatwierdzon\u0105 w lipcu przez jednoizbowy parlament ustaw\u0119 o mieszkalnictwie. Regulacja ta zobowi\u0105zywa\u0142a m.in. posiadaczy pustych dom\u00f3w do ich wynaj\u0119cia.", "link": "https://forsal.pl/nieruchomosci/aktualnosci/artykuly/9281455,prezydent-portugalii-zawetowal-ustawe-ws-wynajmu-pustych-domow.html", "date_published": "2023-08-21T18:00:28+00:00", "persistent": false, "dead": false, "artist": null, "album": null, "user": null, "language": "pl-PL", "thumbnail": null}, {"source": "https://forsal.pl/.feed", "title": "Ukrai\u0144skie media: Otrzymamy F-16 z ubieg\u0142ego wieku, cz\u0119\u015b\u0107 z nich nie b\u0119dzie nadawa\u0142a si\u0119 do latania", "description": "<img align=\"right\" hspace=\"5\" src=\"https://ocdn.eu/pulscms-transforms/1/mNJktkuTURBXy9iNGExODQ5OC1iN2M4LTRmMTgtOWY5MC1kMDliNzgyMDU0YmEuanBlZ5GTBc0BHcyg\" />Ukraina otrzyma my\u015bliwce F-16 wyprodukowane jeszcze w ubieg\u0142ym wieku i cz\u0119\u015b\u0107 z nich nie b\u0119dzie nadawa\u0107 si\u0119 do latania \u2013 pisze w poniedzia\u0142ek ukrai\u0144ski portal Defence Express.", "link": "https://forsal.pl/swiat/ukraina/artykuly/9281454,ukrainskie-media-otrzymamy-f-16-z-ubieglego-wieku-czesc-z-nich-nie-b.html", "date_published": "2023-08-21T17:54:58+00:00", "persistent": false, "dead": false, "artist": null, "album": null, "user": null, "language": "pl-PL", "thumbnail": null}, {"source": "https://forsal.pl/.feed", "title": "MRiRW: Tajlandia dopuszcza na sw\u00f3j rynek polskie mi\u0119so wo\u0142owe", "description": "<img align=\"right\" hspace=\"5\" src=\"https://ocdn.eu/pulscms-transforms/1/Ce3ktkuTURBXy9iNmYyYTU0ZS0zMjAwLTRlYWEtOWY0MC04ZmNmM2ZjMzk4MDUuanBlZ5GTBc0BHcyg\" />11 polskich zak\u0142ad\u00f3w produkuj\u0105cych wo\u0142owin\u0119 uzyska\u0142o uprawnienia do eksportu tego mi\u0119sa na rynek Tajlandii - poinformowa\u0142o w poniedzia\u0142ek Ministerstwo Rolnictwa i Rozwoju Wsi. Zatwierdzenie obowi\u0105zuje przez 3 lat - dodano.", "link": "https://forsal.pl/biznes/aktualnosci/artykuly/9281452,mrirw-tajlandia-dopuszcza-na-swoj-rynek-polskie-mieso-wolowe.html", "date_published": "2023-08-21T17:26:40+00:00", "persistent": false, "dead": false, "artist": null, "album": null, "user": null, "language": "pl-PL", "thumbnail": null}, {"source": "https://forsal.pl/.feed", "title": "Minister energii i zasob\u00f3w naturalnych Turcji: Po raz pierwszy wy\u015blemy gaz naturalny do kraju europejskiego, z kt\u00f3rym nie graniczymy", "description": "<img align=\"right\" hspace=\"5\" src=\"https://ocdn.eu/pulscms-transforms/1/T2YktkuTURBXy9kOTNiNTQ1MS05YmQxLTQ5ZjMtYjdhYS02NjQwNTgxODM1NGQuanBlZ5GTBc0BHcyg\" />Po raz pierwszy w historii rozpoczniemy przesy\u0142anie gazu naturalnego do kraju europejskiego, z kt\u00f3rym nie dzielimy granicy. Eksport surowca na W\u0119gry powinien ruszy\u0107 w przysz\u0142ym roku - poinformowa\u0142 w poniedzia\u0142ek minister energii i zasob\u00f3w naturalnych Turcji Alparslan Bayraktar.", "link": "https://forsal.pl/biznes/energetyka/artykuly/9281450,minister-energii-i-zasobow-naturalnych-turcji-po-raz-pierwszy-wyslemy.html", "date_published": "2023-08-21T17:17:52+00:00", "persistent": false, "dead": false, "artist": null, "album": null, "user": null, "language": "pl-PL", "thumbnail": null}, {"source": "https://forsal.pl/.feed", "title": "Sasin o ofercie zakupu akcji Bogdanki: Realizujemy obietnice", "description": "<img align=\"right\" hspace=\"5\" src=\"https://ocdn.eu/pulscms-transforms/1/KS8ktkuTURBXy9hMTdhYjFiZS1iNzBmLTRmMzQtOGRkZS1hM2E4ZjYwM2RiNDIuanBlZ5GTBc0BHcyg\" />Realizujemy obietnice, zgodnie z wcze\u015bniejszymi zapowiedziami Skarb Pa\u0144stwa z\u0142o\u017cy\u0142 Grupie Enea ofert\u0119 nabycia wszystkich akcji Bogdanki - napisa\u0142 na twitterze minister aktyw\u00f3w pa\u0144stwowych Jacek Sasin. Skarb Pa\u0144stwa zaoferowa\u0142 Enei po 345 z\u0142 za akcj\u0119 Bogdanki.", "link": "https://forsal.pl/biznes/aktualnosci/artykuly/9281446,sasin-o-ofercie-zakupu-akcji-bogdanki-realizujemy-obietnice.html", "date_published": "2023-08-21T17:01:11+00:00", "persistent": false, "dead": false, "artist": null, "album": null, "user": null, "language": "pl-PL", "thumbnail": null}, {"source": "https://forsal.pl/.feed", "title": "Rekordowe powodzie i opady w Kalifornii; zalana Dolina \u015amierci", "description": "<img align=\"right\" hspace=\"5\" src=\"https://ocdn.eu/pulscms-transforms/1/PoUktkuTURBXy9lZDZmNDdmYy02MWI3LTQ4ZTgtYmE4Yy02ZGEzZGRlYmE0M2QuanBlZ5GTBc0BHcyg\" />Pierwsza od ponad 80 lat burza tropikalna Hilary spowodowa\u0142a rekordowe opady deszczu i powodzie w Kalifornii i Nevadzie, cho\u0107 jak dot\u0105d nie sprawdzi\u0142y si\u0119 najczarniejsze scenariusze - donosz\u0105 w poniedzia\u0142ek media. Z powodu powodzi zamkni\u0119to park narodowy w Dolinie \u015amierci, za\u015b pustynny kurort Palm Springs zosta\u0142 odci\u0119ty od \u015bwiata.", "link": "https://forsal.pl/swiat/usa/artykuly/9281444,rekordowe-powodzie-i-opady-w-kalifornii-zalana-dolina-smierci.html", "date_published": "2023-08-21T16:58:22+00:00", "persistent": false, "dead": false, "artist": null, "album": null, "user": null, "language": "pl-PL", "thumbnail": null}, {"source": "https://forsal.pl/.feed", "title": "Aforti zamierza odwo\u0142a\u0107 si\u0119 od decyzji Prezesa UOKIK o na\u0142o\u017ceniu kary", "description": "<img align=\"right\" hspace=\"5\" src=\"https://ocdn.eu/pulscms-transforms/1/QFBktkuTURBXy9jNjU2MjgzYS0xN2E3LTQxZTgtOTgzYy1mZjc4MzRmM2EzOTQuanBlZ5GTBc0BHcyg\" />Aforti Holding nie zgadza si\u0119 z decyzj\u0105 Prezesa UOKiK o na\u0142o\u017ceniu kary za wprowadzenie konsument\u00f3w w b\u0142\u0105d i odwo\u0142a si\u0119 do S\u0105du Ochrony Konkurencji i Konsument\u00f3w - przekaza\u0142a w poniedzia\u0142ek PAP sp\u00f3\u0142ka. Urz\u0105d antymonopolowy na\u0142o\u017cy\u0142 na Aforti 790 tys. z\u0142 kary.", "link": "https://forsal.pl/biznes/aktualnosci/artykuly/9281443,aforti-zamierza-odwolac-sie-od-decyzji-prezesa-uokik-o-nalozeniu-kary.html", "date_published": "2023-08-21T16:51:24+00:00", "persistent": false, "dead": false, "artist": null, "album": null, "user": null, "language": "pl-PL", "thumbnail": null}, {"source": "https://forsal.pl/.feed", "title": "Ambasada USA: Obywatele Stan\u00f3w Zjednoczonych powinni natychmiast wyjecha\u0107 z Bia\u0142orusi", "description": "<img align=\"right\" hspace=\"5\" src=\"https://ocdn.eu/pulscms-transforms/1/dSDktkuTURBXy8yZmY1NzFhNC1hYjJjLTQyODQtYTM5Ni1lY2E0ODMxZjhiNmEuanBlZ5GTBc0BHcyg\" />Przebywaj\u0105cy na Bia\u0142orusi obywatele Stan\u00f3w Zjednoczonych &quot;powinni st\u0105d natychmiast wyjecha\u0107&quot; - oznajmi\u0142a ameryka\u0144ska ambasada w tym kraju na swojej stronie internetowej.", "link": "https://forsal.pl/swiat/bezpieczenstwo/artykuly/9281441,ambasada-usa-obywatele-stanow-zjednoczonych-powinni-natychmiast-wyjec.html", "date_published": "2023-08-21T16:42:30+00:00", "persistent": false, "dead": false, "artist": null, "album": null, "user": null, "language": "pl-PL", "thumbnail": null}, {"source": "https://forsal.pl/.feed", "title": "Najwy\u017cszy alarm z powodu upa\u0142\u00f3w we w\u0142oskich miastach", "description": "<img align=\"right\" hspace=\"5\" src=\"https://ocdn.eu/pulscms-transforms/1/FxZktkuTURBXy83ZGQ2ZDgzZi00NzczLTQ0ZmQtYTkyZC00MjVjYTk4NThlZWMuanBlZ5GTBc0BHcyg\" />W 12 miastach W\u0142och, w tym w Rzymie i Florencji, obowi\u0105zuje w poniedzia\u0142ek najwy\u017cszy stopie\u0144 alarmu z powodu upa\u0142\u00f3w, si\u0119gaj\u0105cych 40 stopni Celsjusza. W \u015brod\u0119 liczba tych miast wzro\u015bnie do 17 - zapowiedzia\u0142o Ministerstwo Zdrowia.", "link": "https://forsal.pl/swiat/aktualnosci/artykuly/9281359,najwyzszy-alarm-z-powodu-upalow-we-wloskich-miastach.html", "date_published": "2023-08-21T16:17:54+00:00", "persistent": false, "dead": false, "artist": null, "album": null, "user": null, "language": "pl-PL", "thumbnail": null}, {"source": "https://forsal.pl/.feed", "title": "Z\u0142oty w poniedzia\u0142ek po po\u0142udniu straci\u0142 wobec g\u0142\u00f3wnych walut", "description": "<img align=\"right\" hspace=\"5\" src=\"https://ocdn.eu/pulscms-transforms/1/uw1ktkuTURBXy83YmM4MjBkMi04Y2E0LTQ0NjktOTNiOC1jY2RmZmY0MTE4ZTIuanBlZ5GTBc0BHcyg\" />W poniedzia\u0142ek po po\u0142udniu polska waluta straci\u0142a na warto\u015bci wobec euro, franka szwajcarskiego i dolara ameryka\u0144skiego. Euro kosztowa\u0142o 4,47 z\u0142, frank szwajcarski 4,67 z\u0142, a dolar 4,11 z\u0142.", "link": "https://forsal.pl/finanse/artykuly/9281356,zloty-w-poniedzialek-po-poludniu-stracil-wobec-glownych-walut.html", "date_published": "2023-08-21T16:01:02+00:00", "persistent": false, "dead": false, "artist": null, "album": null, "user": null, "language": "pl-PL", "thumbnail": null}, {"source": "https://forsal.pl/.feed", "title": "Gaz na europejskim rynku w poniedzia\u0142ek dro\u017ceje w granicach 12 proc.", "description": "<img align=\"right\" hspace=\"5\" src=\"https://ocdn.eu/pulscms-transforms/1/32yktkuTURBXy8zZTg1MDVkMi03Nzk5LTQ4NDAtYmMwOS1kMjIyNmMxMjQzZjQuanBlZ5GTBc0BHcyg\" />Gaz w holenderskim hubie TTF w poniedzia\u0142ek zdro\u017ca\u0142 w granicach 12 proc. Najbardziej, o 12 proc. podro\u017ca\u0142y kontrakty z dostaw\u0105 we wrze\u015bniu, wyceniane na prawie 41 euro. Powodem wzrost\u00f3w s\u0105 obawy przed strajkiem w terminalach eksportowych LNG w Australii.", "link": "https://forsal.pl/biznes/energetyka/artykuly/9281349,gaz-na-europejskim-rynku-w-poniedzialek-drozeje-w-granicach-12-proc.html", "date_published": "2023-08-21T15:43:41+00:00", "persistent": false, "dead": false, "artist": null, "album": null, "user": null, "language": "pl-PL", "thumbnail": null}, {"source": "https://forsal.pl/.feed", "title": "Bild: Kryzys uchod\u017aczy pog\u0142\u0119bia si\u0119; liczba nielegalnych migrant\u00f3w ro\u015bnie", "description": "<img align=\"right\" hspace=\"5\" src=\"https://ocdn.eu/pulscms-transforms/1/LobktkuTURBXy9mNjkxM2Y5MS1kODEyLTRhNDAtYjU4Yi0wMWFjODRlMDA0MzQuanBlZ5GTBc0BHcyg\" />Z najnowszych danych policji federalnej wynika, \u017ce w lipcu do Niemiec nielegalnie wjecha\u0142o 10 714 os\u00f3b \u2013 najwi\u0119cej od listopada 2022 roku. Dziennie ma miejsce ponad 300 nielegalnych przekrocze\u0144 granicy \u2013 poinformowa\u0142 w poniedzia\u0142ek portal dziennika \u201eBild\u201d.", "link": "https://forsal.pl/swiat/aktualnosci/artykuly/9281348,bild-kryzys-uchodzczy-poglebia-sie-liczba-nielegalnych-migrantow-ros.html", "date_published": "2023-08-21T15:41:18+00:00", "persistent": false, "dead": false, "artist": null, "album": null, "user": null, "language": "pl-PL", "thumbnail": null}, {"source": "https://forsal.pl/.feed", "title": "Policja zamkn\u0119\u0142a \u015bledztwo ws. odznacze\u0144 za dotacje dla fundacji Karola III", "description": "<img align=\"right\" hspace=\"5\" src=\"https://ocdn.eu/pulscms-transforms/1/FIpktkuTURBXy9iMTAyMWY2Ny1hMWFhLTRhNDYtODU0ZS01NzU3YmRlYTNkNTUuanBlZ5GTBc0BHcyg\" />Londy\u0144ska policja metropolitalna o\u015bwiadczy\u0142a w poniedzia\u0142ek, \u017ce nie podejmie \u017cadnych dalszych dzia\u0142a\u0144 w nast\u0119pstwie dochodzenia w sprawie doniesie\u0144 medialnych, jakoby fundacja za\u0142o\u017cona przez kr\u00f3la Karola III, gdy by\u0142 on jeszcze nast\u0119pc\u0105 tronu, oferowa\u0142a odznaczenia w zamian za darowizny.", "link": "https://forsal.pl/swiat/aktualnosci/artykuly/9281347,policja-zamknela-sledztwo-ws-odznaczen-za-dotacje-dla-fundacji-karola.html", "date_published": "2023-08-21T15:33:25+00:00", "persistent": false, "dead": false, "artist": null, "album": null, "user": null, "language": "pl-PL", "thumbnail": null}, {"source": "https://forsal.pl/.feed", "title": "Ekonomi\u015bci: Niepokoj\u0105ce sygna\u0142y z przemys\u0142u i rynku pracy", "description": "<img align=\"right\" hspace=\"5\" src=\"https://ocdn.eu/pulscms-transforms/1/z3JktkuTURBXy83Y2IzOWUwMi02ZGU3LTQ3MmItYmUyOC03N2RkNTVlMzk4MGMuanBlZ5GTBc0BHcyg\" />Drugie p\u00f3\u0142rocze, kt\u00f3re wed\u0142ug nas ma przynie\u015b\u0107 odbicie gospodarcze, zacz\u0119\u0142o si\u0119 od niepokoj\u0105cych sygna\u0142\u00f3w z przemys\u0142u i rynku pracy \u2013 stwierdzili ekonomi\u015bci Santander Bank Polska w komentarzu do poniedzia\u0142kowych danych GUS.", "link": "https://forsal.pl/praca/aktualnosci/artykuly/9281254,ekonomisci-niepokojace-sygnaly-z-przemyslu-i-rynku-pracy.html", "date_published": "2023-08-21T15:18:11+00:00", "persistent": false, "dead": false, "artist": null, "album": null, "user": null, "language": "pl-PL", "thumbnail": null}, {"source": "https://forsal.pl/.feed", "title": "\"Temperatura na rynku najmu ro\u015bnie\". O ile zwi\u0119kszy\u0142y si\u0119 stawki w lipcu?", "description": "<img align=\"right\" hspace=\"5\" src=\"https://ocdn.eu/pulscms-transforms/1/WTYktkuTURBXy8zZjUzM2NmNS0wMWMzLTRiOTAtODM1YS0xNjhhNzU0MjFjYWIuanBlZ5GTBc0BHcyg\" />undefined", "link": "https://forsal.pl/nieruchomosci/mieszkania/artykuly/9281246,temperatura-na-rynku-najmu-rosnie-o-ile-zwiekszyly-sie-stawki-w-lip.html", "date_published": "2023-08-21T14:55:29+00:00", "persistent": false, "dead": false, "artist": null, "album": null, "user": null, "language": "pl-PL", "thumbnail": null}, {"source": "https://forsal.pl/.feed", "title": "\"Pierwsze Mieszkanie. Ile os\u00f3b z\u0142o\u017cy\u0142o wnioski?", "description": "<img align=\"right\" hspace=\"5\" src=\"https://ocdn.eu/pulscms-transforms/1/QL5ktkuTURBXy8zODMxOGY5YS02NDg5LTQ4ZmMtOGZhNC03NzZlODI2YmVlMWIuanBlZ5GTBc0BHcyg\" />Ponad 32 tys. os\u00f3b z\u0142o\u017cy\u0142o wnioski w programie \u201ePierwsze Mieszkanie\u201d; podpisano 2 tys. 709 um\u00f3w na prawie 1 mld z\u0142otych - poinformowa\u0142 w poniedzia\u0142ek minister rozwoju i technologii Waldemar Buda. Doda\u0142, \u017ce za\u0142o\u017cono te\u017c 1 tys. 331 Kont Mieszkaniowych.", "link": "https://forsal.pl/nieruchomosci/mieszkania/artykuly/9281238,pierwsze-mieszkanie-ile-osob-zlozylo-wnioski.html", "date_published": "2023-08-21T14:30:06+00:00", "persistent": false, "dead": false, "artist": null, "album": null, "user": null, "language": "pl-PL", "thumbnail": null}, {"source": "https://forsal.pl/.feed", "title": "Jak nie pa\u015b\u0107 ofiar\u0105 \"oszustwa romantycznego\" w relacjach online? NASK udost\u0119pnia poradnik", "description": "<img align=\"right\" hspace=\"5\" src=\"https://ocdn.eu/pulscms-transforms/1/-hdktkuTURBXy9lYzU2MDljYy03MWRhLTQwOGQtOTczZi1iODdhNDY0MDBiMmIuanBlZ5GTBc0BHcyg\" />&quot;Internetowe love. Jak zadba\u0107 o swoje cyberbezpiecze\u0144stwo w relacjach online&quot; - to tytu\u0142 og\u00f3lnodost\u0119pnego poradnika wydanego przez Pa\u0144stwowy Instytut Badawczy NASK. Autorki publikacji t\u0142umacz\u0105, na czym polegaj\u0105 &quot;oszustwa romantyczne&quot; i jak si\u0119 przed nimi ustrzec.", "link": "https://forsal.pl/lifestyle/technologie/artykuly/9281231,jak-nie-pasc-ofiara-oszustwa-romantycznego-w-relacjach-online-nask.html", "date_published": "2023-08-21T14:19:12+00:00", "persistent": false, "dead": false, "artist": null, "album": null, "user": null, "language": "pl-PL", "thumbnail": null}, {"source": "https://forsal.pl/.feed", "title": "Mal\u0105g: Koszt 14. emerytury b\u0119dzie dla bud\u017cetu pa\u0144stwa wy\u017cszy o 9 mld z\u0142", "description": "<img align=\"right\" hspace=\"5\" src=\"https://ocdn.eu/pulscms-transforms/1/JLbktktTURBXy9hMDczYmRkYS01ZTM1LTRhNmYtYWM5Yy00OTdlNmIyYjVlYTkucG5nkZMFzQEdzKA\" />undefined", "link": "https://forsal.pl/finanse/artykuly/9281222,malag-koszt-14-emerytury-bedzie-dla-budzetu-panstwa-wyzszy-o-9-mld-z.html", "date_published": "2023-08-21T14:05:19+00:00", "persistent": false, "dead": false, "artist": null, "album": null, "user": null, "language": "pl-PL", "thumbnail": null}, {"source": "https://forsal.pl/.feed", "title": "Bezwzgl\u0119dne do\u017cywocie dla piel\u0119gniarki, kt\u00f3ra zabi\u0142a 7 noworodk\u00f3w", "description": "<img align=\"right\" hspace=\"5\" src=\"https://ocdn.eu/pulscms-transforms/1/LxaktkuTURBXy9mOWIyYzMxNC05MGYzLTQxZWYtOGQxMS05NTAwNDE0ODQ1ZDguanBlZ5GTBc0BHcyg\" />Na kar\u0119 bezwzgl\u0119dnego do\u017cywocia, czyli bez mo\u017cliwo\u015bci ubiegania si\u0119 kiedykolwiek o przedterminowe warunkowe zwolnienie, skaza\u0142 w poniedzia\u0142ek s\u0105d w Manchesterze 33-letni\u0105 Lucy Letby, piel\u0119gniark\u0119, kt\u00f3ra pracuj\u0105c na oddziale po\u0142o\u017cniczym zabi\u0142a siedmioro noworodk\u00f3w i usi\u0142owa\u0142a zabi\u0107 co najmniej sze\u015bcioro kolejnych.", "link": "https://forsal.pl/swiat/aktualnosci/artykuly/9281220,bezwzgledne-dozywocie-dla-pielegniarki-ktora-zabila-7-noworodkow.html", "date_published": "2023-08-21T14:01:42+00:00", "persistent": false, "dead": false, "artist": null, "album": null, "user": null, "language": "pl-PL", "thumbnail": null}, {"source": "https://forsal.pl/.feed", "title": "Zad\u0142u\u017cenie Skarbu Pa\u0144stwa. Ile wynios\u0142o na koniec lipca?", "description": "<img align=\"right\" hspace=\"5\" src=\"https://ocdn.eu/pulscms-transforms/1/kJWktkuTURBXy85NmJlYTkxNy04M2NiLTQ5ZmMtOGE5NC1lNDIxYjZkMjYxYTAuanBlZ5GTBc0BHcyg\" />undefined", "link": "https://forsal.pl/finanse/aktualnosci/artykuly/9281203,zadluzenie-skarbu-panstwa-ile-wynioslo-na-koniec-lipca.html", "date_published": "2023-08-21T13:45:53+00:00", "persistent": false, "dead": false, "artist": null, "album": null, "user": null, "language": "pl-PL", "thumbnail": null}, {"source": "https://forsal.pl/.feed", "title": "Szef MON: Do Polski dotar\u0142a pierwsza korea\u0144ska wyrzutnia rakietowa K239 Chunmoo", "description": "<img align=\"right\" hspace=\"5\" src=\"https://ocdn.eu/pulscms-transforms/1/DeVktkuTURBXy8wMWYzNmM1Yi02MzE5LTQ0ZjMtOWQwZS1kYTk2NmY5M2UxOWQuanBlZ5GTBc0BHcyg\" />Do Polski w\u0142a\u015bnie dotar\u0142a pierwsza korea\u0144ska wyrzutnia rakietowa K239 Chunmoo; jeszcze w tym roku dotr\u0105 do nas kolejne wyrzutnie - poinformowa\u0142 w poniedzia\u0142ek minister obrony narodowej Mariusz B\u0142aszczak.", "link": "https://forsal.pl/swiat/bezpieczenstwo/artykuly/9281189,szef-mon-do-polski-dotarla-pierwsza-koreanska-wyrzutnia-rakietowa-k23.html", "date_published": "2023-08-21T13:27:52+00:00", "persistent": false, "dead": false, "artist": null, "album": null, "user": null, "language": "pl-PL", "thumbnail": null}, {"source": "https://forsal.pl/.feed", "title": "Enea otrzyma\u0142a od SP ofert\u0119 nabycia pakietu akcji LW Bogdanki", "description": "<img align=\"right\" hspace=\"5\" src=\"https://ocdn.eu/pulscms-transforms/1/HnQktkuTURBXy9kZTcyMDUwMi00MzEwLTRjNDMtOTEyOC01YmI3MDg2ZDNlZjguanBlZ5GTBc0BHcyg\" />Enea otrzyma\u0142a od Skarbu Pa\u0144stwa, reprezentowanego przez Ministra Aktyw\u00f3w Pa\u0144stwowych, ofert\u0119 nabycia pakietu 21.962.189 akcji LW Bogdanki nale\u017c\u0105cych do Enei, po cenie 45 z\u0142 za akcj\u0119, czyli \u0142\u0105cznie ok. 988,3 mln z\u0142 - poda\u0142a Enea w komunikacie.", "link": "https://forsal.pl/biznes/aktualnosci/artykuly/9281164,enea-otrzymala-od-sp-oferte-nabycia-pakietu-akcji-lw-bogdanki.html", "date_published": "2023-08-21T12:45:51+00:00", "persistent": false, "dead": false, "artist": null, "album": null, "user": null, "language": "pl-PL", "thumbnail": null}, {"source": "https://forsal.pl/.feed", "title": "Media: Australia rozpoczyna gruntown\u0105 modernizacj\u0119 si\u0142 zbrojnych", "description": "<img align=\"right\" hspace=\"5\" src=\"https://ocdn.eu/pulscms-transforms/1/KFmktkuTURBXy9kMTg0ZTNmYi02ZDNlLTQ2MDItYjA4MS1iYjdhM2QxZTE0MGYuanBlZ5GTBc0BHcyg\" />undefined", "link": "https://forsal.pl/swiat/bezpieczenstwo/artykuly/9281155,media-australia-rozpoczyna-gruntowna-modernizacje-sil-zbrojnych.html", "date_published": "2023-08-21T12:35:49+00:00", "persistent": false, "dead": false, "artist": null, "album": null, "user": null, "language": "pl-PL", "thumbnail": null}, {"source": "https://forsal.pl/.feed", "title": "Setki Etiopczyk\u00f3w pr\u00f3buj\u0105cych dosta\u0107 si\u0119 przez Jemen do Arabii Saudyjskiej zgin\u0119\u0142o na granicy [RAPORT HRW]", "description": "<img align=\"right\" hspace=\"5\" src=\"https://ocdn.eu/pulscms-transforms/1/LobktkuTURBXy9mNjkxM2Y5MS1kODEyLTRhNDAtYjU4Yi0wMWFjODRlMDA0MzQuanBlZ5GTBc0BHcyg\" />Saudyjscy stra\u017cnicy graniczni zostali oskar\u017ceni o zabicie setek migrant\u00f3w, g\u0142\u00f3wnie Etiopczyk\u00f3w, mi\u0119dzy innymi przy u\u017cyciu artylerii - poinformowa\u0142 w poniedzia\u0142ek dziennik &quot;The Guardian&quot;, powo\u0142uj\u0105c si\u0119 na raport organizacji ochrony praw cz\u0142owieka Human Rights Watch z siedzib\u0105 w USA.", "link": "https://forsal.pl/swiat/artykuly/9281148,setki-etiopczykow-probujacych-dostac-sie-przez-jemen-do-arabii-saudyjs.html", "date_published": "2023-08-21T12:27:16+00:00", "persistent": false, "dead": false, "artist": null, "album": null, "user": null, "language": "pl-PL", "thumbnail": null}, {"source": "https://forsal.pl/.feed", "title": "NBP w lipcu zwi\u0119kszy\u0142 zasoby z\u0142ota", "description": "<img align=\"right\" hspace=\"5\" src=\"https://ocdn.eu/pulscms-transforms/1/bVuktkuTURBXy8wZDhlZTU5Yy05M2NmLTRhM2QtYTBlNi0xZmFkODFhZjFiYWMuanBlZ5GTBc0BHcyg\" />NBP w lipcu zwi\u0119kszy\u0142 zasoby z\u0142ota. Na koniec tego miesi\u0105ca posiada\u0142 blisko 9,3 mln uncji z\u0142ota, czyli o 0,72 mln uncji wi\u0119cej ni\u017c miesi\u0105c wcze\u015bniej \u2013 wynika z danych opublikowanych w poniedzia\u0142ek przez bank centralny.", "link": "https://forsal.pl/finanse/aktualnosci/artykuly/9281147,nbp-w-lipcu-zwiekszyl-zasoby-zlota.html", "date_published": "2023-08-21T12:23:50+00:00", "persistent": false, "dead": false, "artist": null, "album": null, "user": null, "language": "pl-PL", "thumbnail": null}, {"source": "https://forsal.pl/.feed", "title": "Credit Agricole: P\u0142ace b\u0119d\u0105 ros\u0142y coraz wolniej w nadchodz\u0105cych kwarta\u0142ach", "description": "<img align=\"right\" hspace=\"5\" src=\"https://ocdn.eu/pulscms-transforms/1/AycktkuTURBXy81ODBhMTkzYi01OGZhLTQ4ZjEtOTIzYi02M2U2MmY0ODc4M2IuanBlZ5GTBc0BHcyg\" />undefined", "link": "https://forsal.pl/praca/wynagrodzenia/artykuly/9281138,credit-agricole-place-beda-rosly-coraz-wolniej-w-nadchodzacych-kwarta.html", "date_published": "2023-08-21T12:07:36+00:00", "persistent": false, "dead": false, "artist": null, "album": null, "user": null, "language": "pl-PL", "thumbnail": null}, {"source": "https://forsal.pl/.feed", "title": "Budimex Mobility uruchomi\u0142 31 stacji \u0142adownia elektryk\u00f3w, ma ich \u0142\u0105cznie ponad 140", "description": "<img align=\"right\" hspace=\"5\" src=\"https://ocdn.eu/pulscms-transforms/1/enBktkuTURBXy8zZDRlNjFhZS1kNDk1LTRhMzYtYTVjNi00NDFhYWVhNTA0OTMuanBlZ5GTBc0BHcyg\" />undefined", "link": "https://forsal.pl/finanse/gielda/artykuly/9281137,budimex-mobility-uruchomil-31-stacji-ladownia-elektrykow-ma-ich-laczn.html", "date_published": "2023-08-21T12:07:28+00:00", "persistent": false, "dead": false, "artist": null, "album": null, "user": null, "language": "pl-PL", "thumbnail": null}, {"source": "https://forsal.pl/.feed", "title": "Kernel: Wzrost plon\u00f3w upraw ozimych w 2023 r., pszenicy do 6,6 t: ha, rzepaku do 3,3 t: ha", "description": "<img align=\"right\" hspace=\"5\" src=\"https://ocdn.eu/pulscms-transforms/1/cQZktkuTURBXy9kNDdjOWMxNS00ZDI3LTQ4ZjYtYTg1Yy1jYTRlYmZhM2Q5MDUuanBlZ5GTBc0BHcyg\" />undefined", "link": "https://forsal.pl/finanse/gielda/artykuly/9281136,kernel-wzrost-plonow-upraw-ozimych-w-2023-r-pszenicy-do-66-t-ha.html", "date_published": "2023-08-21T12:04:32+00:00", "persistent": false, "dead": false, "artist": null, "album": null, "user": null, "language": "pl-PL", "thumbnail": null}, {"source": "https://forsal.pl/.feed", "title": "Kernel: Capex na zniszczenia w rosyjskich atakach ok. 20 mln USD, straty towaru 12 mln USD", "description": "<img align=\"right\" hspace=\"5\" src=\"https://ocdn.eu/pulscms-transforms/1/HquktkuTURBXy9mZGYyYmI5ZC00YTU0LTQwOWMtYjYxNy1jZjNiOTM3OTEzYmIuanBlZ5GTBc0BHcyg\" />undefined", "link": "https://forsal.pl/finanse/gielda/artykuly/9281134,kernel-capex-na-zniszczenia-w-rosyjskich-atakach-ok-20-mln-usd-stra.html", "date_published": "2023-08-21T12:01:26+00:00", "persistent": false, "dead": false, "artist": null, "album": null, "user": null, "language": "pl-PL", "thumbnail": null}, {"source": "https://forsal.pl/.feed", "title": "Sajn\u00f3g: Mimo oznak spowolnienia gospodarczego zatrudnienie pozostaje stabilne", "description": "<img align=\"right\" hspace=\"5\" src=\"https://ocdn.eu/pulscms-transforms/1/wQ4ktkuTURBXy83NDkzMWUxYy1iMTlkLTQzNGMtODcyMS01Y2ZiYWMzYzI3NDkuanBlZ5GTBc0BHcyg\" />Spowolnienie gospodarcze ogranicza rekrutacje nowych pracownik\u00f3w, jednak nie niesie ze sob\u0105 wzrostu bezrobocia - wskaza\u0142 Sebastian Sajn\u00f3g z Polskiego Instytutu Ekonomicznego, komentuj\u0105c dane GUS. Zwr\u00f3ci\u0142 uwag\u0119, \u017ce w lipcu wynagrodzenia ros\u0142y wolniej od inflacji, a zatrudnienie pozostaje stabilne.", "link": "https://forsal.pl/praca/kariera/artykuly/9281104,sajnog-mimo-oznak-spowolnienia-gospodarczego-zatrudnienie-pozostaje-s.html", "date_published": "2023-08-21T11:18:39+00:00", "persistent": false, "dead": false, "artist": null, "album": null, "user": null, "language": "pl-PL", "thumbnail": null}, {"source": "https://forsal.pl/.feed", "title": "Niemcy nie zrealizuj\u0105 za\u0142o\u017ce\u0144 NATO w kwestii wydatk\u00f3w na obronno\u015b\u0107. Eksperci wiedz\u0105 dlaczego", "description": "<img align=\"right\" hspace=\"5\" src=\"https://ocdn.eu/pulscms-transforms/1/wOJktkuTURBXy9jZDhmZTlmNS1mMzNkLTQ4NGUtOWMzOS1jMzQ2YTgwNGIyMmUuanBlZ5GTBc0BHcyg\" />Wsp\u00f3\u0142przewodnicz\u0105cy SPD Lars Klingbeil uwa\u017ca, \u017ce Niemcy s\u0105 w stanie osi\u0105gn\u0105\u0107 wyznaczony przez NATO cel wydatk\u00f3w rocznych na obronno\u015b\u0107 wynosz\u0105cy 2 proc. PKB. Jednak z oblicze\u0144 ekspert\u00f3w wy\u0142ania si\u0119 inny obraz i do spe\u0142nienia celu brakuje od kilku do kilkunastu miliard\u00f3w euro \u2013 pisze w poniedzia\u0142ek portal ZDF.", "link": "https://forsal.pl/swiat/bezpieczenstwo/artykuly/9281100,niemcy-nie-zrealizuja-zalozen-nato-w-kwestii-wydatkow-na-obronnosc-ek.html", "date_published": "2023-08-21T11:11:03+00:00", "persistent": false, "dead": false, "artist": null, "album": null, "user": null, "language": "pl-PL", "thumbnail": null}, {"source": "https://forsal.pl/.feed", "title": "Kolejna ods\u0142ona konfliktu Chiny - Tajwan. Tym razem ofiar\u0105 politycznych decyzji Pekinu jest import... mango", "description": "<img align=\"right\" hspace=\"5\" src=\"https://ocdn.eu/pulscms-transforms/1/rWfktkuTURBXy81Mzk5ZjViOC04MGQ3LTQ3ZmUtODM5Ny00Y2RjMzc5MGMzMDMuanBlZ5GTBc0BHcyg\" />Pekin zawiesi\u0142 w poniedzia\u0142ek import mango z Tajwanu \u2013 poinformowa\u0142 oficjalny dziennik Komunistycznej Partii Chin &quot;Renmin Ribao&quot;. Powodem decyzji jest wykrycie pestycyd\u00f3w. W\u0142adze Tajwanu pot\u0119pi\u0142y decyzj\u0119, twierdz\u0105c, \u017ce jest ona motywowana politycznie.", "link": "https://forsal.pl/swiat/chiny/artykuly/9281095,kolejna-odslona-konfliktu-chiny-tajwan-tym-razem-ofiara-politycznyc.html", "date_published": "2023-08-21T10:54:01+00:00", "persistent": false, "dead": false, "artist": null, "album": null, "user": null, "language": "pl-PL", "thumbnail": null}, {"source": "https://forsal.pl/.feed", "title": "\"FT\": BRICS ma by\u0107 rywalem G7? Chiny chc\u0105 poszerzy\u0107 list\u0119 pa\u0144stw bloku", "description": "<img align=\"right\" hspace=\"5\" src=\"https://ocdn.eu/pulscms-transforms/1/SKkktkuTURBXy85NWNiMDkyMC03YmZiLTQxZmMtOTEzNy1iZjllMjdhZWM0YzIuanBlZ5GTBc0BHcyg\" />Chiny naciskaj\u0105 na rozszerzenie bloku BRICS (Brazylia, Rosja, Indie, Chiny, RPA) o kolejne pa\u0144stwa, aby sta\u0142 si\u0119 on pe\u0142nowymiarowym rywalem dla grupy G7, cho\u0107 pomys\u0142owi temu sprzeciwiaj\u0105 si\u0119 Indie - pisze w poniedzia\u0142ek &quot;Financial Times&quot;.", "link": "https://forsal.pl/swiat/artykuly/9281094,ft-brics-ma-byc-rywalem-g7-chiny-chca-poszerzyc-liste-panstw-bloku.html", "date_published": "2023-08-21T10:52:46+00:00", "persistent": false, "dead": false, "artist": null, "album": null, "user": null, "language": "pl-PL", "thumbnail": null}, {"source": "https://forsal.pl/.feed", "title": "Kolejna ods\u0142ona konfliktu Chiny - Tajwan. Tym razem ofiar\u0105 politycznych decyzji Pekinu jest import... mango", "description": "<img align=\"right\" hspace=\"5\" src=\"https://ocdn.eu/pulscms-transforms/1/rWfktkuTURBXy81Mzk5ZjViOC04MGQ3LTQ3ZmUtODM5Ny00Y2RjMzc5MGMzMDMuanBlZ5GTBc0BHcyg\" />Pekin zawiesi\u0142 w poniedzia\u0142ek import mango z Tajwanu \u2013 poinformowa\u0142 oficjalny dziennik Komunistycznej Partii Chin &quot;Renmin Ribao&quot;. Powodem decyzji jest wykrycie pestycyd\u00f3w. W\u0142adze Tajwanu pot\u0119pi\u0142y decyzj\u0119, twierdz\u0105c, \u017ce jest ona motywowana politycznie.", "link": "https://forsal.pl/swiat/chiny/artykuly/9281084,kolejna-odslona-konfliktu-chiny-tajwan-tym-razem-ofiara-politycznyc.html", "date_published": "2023-08-21T10:40:25+00:00", "persistent": false, "dead": false, "artist": null, "album": null, "user": null, "language": "pl-PL", "thumbnail": null}, {"source": "https://forsal.pl/.feed", "title": "PIE: Nadchodzi trudny czas dla produkcji przemys\u0142owej", "description": "<img align=\"right\" hspace=\"5\" src=\"https://ocdn.eu/pulscms-transforms/1/HMDktkuTURBXy9kYTRkY2YyNi04MGQ1LTRlMWQtYTIxMC1hMjcwYzVhNWU5NzMuanBlZ5GTBc0BHcyg\" />Kolejne miesi\u0105ce przynios\u0105 niewielk\u0105 popraw\u0119 wynik\u00f3w w przemy\u015ble; s\u0142abe wyniki to efekt pogarszaj\u0105cej si\u0119 globalnie koniunktury - poinformowali analitycy Polskiego Instytutu Ekonomicznego komentuj\u0105c poniedzia\u0142kowe dane GUS. Zobaczymy dalsze hamownie inflacji bazowej w Polsce - dodali.", "link": "https://forsal.pl/biznes/przemysl/artykuly/9281070,pie-nadchodzi-trudny-czas-dla-produkcji-przemyslowej.html", "date_published": "2023-08-21T10:21:43+00:00", "persistent": false, "dead": false, "artist": null, "album": null, "user": null, "language": "pl-PL", "thumbnail": null}, {"source": "https://forsal.pl/.feed", "title": "Nie tylko Eris. Naukowcy znale\u017ali kolejny wariant koronawirusa atakuj\u0105cego ludzi", "description": "<img align=\"right\" hspace=\"5\" src=\"https://ocdn.eu/pulscms-transforms/1/kGrktkuTURBXy8zOTU5YjFjOC0wY2MyLTRhZWEtYWIzNC0yM2MxMTY2NjA2MWQuanBlZ5GTBc0BHcyg\" />Brytyjscy specjali\u015bci opublikowali pierwsze wyniki bada\u0144 dotycz\u0105cych nowego wariantu koronawirusa o nazwie Pirola, wykrytego ostatnio na trzech kontynentach - w Europie, USA i Izraelu.", "link": "https://forsal.pl/lifestyle/zdrowie/artykuly/9281030,nie-tylko-eris-naukowcy-znalezli-kolejny-wariant-koronawirusa-atakuja.html", "date_published": "2023-08-21T09:44:44+00:00", "persistent": false, "dead": false, "artist": null, "album": null, "user": null, "language": "pl-PL", "thumbnail": null}, {"source": "https://forsal.pl/.feed", "title": "\u017bniwa 2023: Rolnicy zabrali zbo\u017ca z ponad 70 proc. area\u0142u upraw", "description": "<img align=\"right\" hspace=\"5\" src=\"https://ocdn.eu/pulscms-transforms/1/1HektkuTURBXy85NWQ4NDVkYy0xY2UyLTRkNGQtOTJhZS01ZDIwOGYyN2ZlYWMuanBlZ5GTBc0BHcyg\" />W skali kraju zbo\u017ca zebrano z ponad 70 proc. area\u0142u upraw \u2013 przekaza\u0142a Izba Zbo\u017cowo-Paszowa w newsletterze. Jak zaznaczono, obfite opady deszczu i upalna pogoda sprzyja\u0142y szybkiemu powstawaniu chor\u00f3b grzybowych. Dodano, \u017ce rosn\u0105 ceny pszenicy o parametrach konsumpcyjnych.", "link": "https://forsal.pl/biznes/rolnictwo/artykuly/9281022,zniwa-2023-rolnicy-zabrali-zboza-z-ponad-70-proc-arealu-upraw.html", "date_published": "2023-08-21T09:34:15+00:00", "persistent": false, "dead": false, "artist": null, "album": null, "user": null, "language": "pl-PL", "thumbnail": null}, {"source": "https://forsal.pl/.feed", "title": "Urlop d\u0142u\u017cszy ni\u017c 2 tygodnie i inne sposoby Polak\u00f3w na unikni\u0119cie wypalenia zawodowego", "description": "<img align=\"right\" hspace=\"5\" src=\"https://ocdn.eu/pulscms-transforms/1/8-zktkuTURBXy9lMWE4MzZkMC01Y2QxLTQyZDItYTdkNy0wNmVmZjIyOThlZjUuanBlZ5GTBc0BHcyg\" />Potrzeb\u0119 zrobienia sobie przerwy w pracy d\u0142u\u017cszej ni\u017c dwa tygodnie odczuwa 27 proc. pracownik\u00f3w - wynika z opublikowanego w poniedzia\u0142ek badania Pracuj.pl.", "link": "https://forsal.pl/praca/kariera/artykuly/9280992,urlop-dluzszy-niz-2-tygodnie-i-inne-sposoby-polakow-na-unikniecie-wypa.html", "date_published": "2023-08-21T09:02:20+00:00", "persistent": false, "dead": false, "artist": null, "album": null, "user": null, "language": "pl-PL", "thumbnail": null}, {"source": "https://forsal.pl/.feed", "title": "Fala bankructw przedsi\u0119biorstw w UE. Tak \u017ale nie by\u0142o od 2015 roku", "description": "<img align=\"right\" hspace=\"5\" src=\"https://ocdn.eu/pulscms-transforms/1/jfOktkuTURBXy9jMTgyYmNhYy1lZTI3LTQzNmQtOWY2My1hMzE0NjE1M2NiOTUuanBlZ5GTBc0BHcyg\" />Sz\u00f3sty kwarta\u0142 z rz\u0119du w 2023 roku wzros\u0142a liczba wniosk\u00f3w o upad\u0142o\u015b\u0107 unijnych przedsi\u0119biorstw. W por\u00f3wnaniu z poprzednim kwarta\u0142em liczba upad\u0142o\u015bci wzros\u0142a o 8,4 proc. i tym samym osi\u0105gn\u0119\u0142a najwy\u017cszy poziom od rozpocz\u0119cia zbierania danych w 2015 roku \u2013 poda\u0142 Eurostat.", "link": "https://forsal.pl/swiat/unia-europejska/artykuly/9280962,fala-bankructw-przedsiebiorstw-w-ue-tak-zle-nie-bylo-od-2015-roku.html", "date_published": "2023-08-21T08:36:25+00:00", "persistent": false, "dead": false, "artist": null, "album": null, "user": null, "language": "pl-PL", "thumbnail": null}, {"source": "https://forsal.pl/.feed", "title": "Wyra\u017any wzrost p\u0142ac w lipcu. Znamy pow\u00f3d", "description": "<img align=\"right\" hspace=\"5\" src=\"https://ocdn.eu/pulscms-transforms/1/ME9ktkuTURBXy8yYmIzOTU1MS1lODkzLTQ0NWUtYjYyMS1mYTg3NzVlMDUzYzcuanBlZ5GTBc0BHcyg\" />undefined", "link": "https://forsal.pl/praca/wynagrodzenia/artykuly/9280953,wyrazny-wzrost-plac-w-lipcu-znamy-powod.html", "date_published": "2023-08-21T08:30:01+00:00", "persistent": false, "dead": false, "artist": null, "album": null, "user": null, "language": "pl-PL", "thumbnail": null}, {"source": "https://forsal.pl/.feed", "title": "Zmiany w warto\u015bci produkcji sprzedanej w lipcu w uj\u0119ciu rdr. GUS poda\u0142 najnowsze dane", "description": "<img align=\"right\" hspace=\"5\" src=\"https://ocdn.eu/pulscms-transforms/1/h4dktkuTURBXy9lN2Q1ZTAwOC1kNjk4LTRlMjctYmZhZC1hMDBlMjQ2Yzc5OGUuanBlZ5GTBc0BHcyg\" />Produkcja sprzedana przedsi\u0119biorstw przemys\u0142owych spad\u0142a o 2,7 proc. r/r w lipcu 2023 r., poinformowa\u0142 G\u0142\u00f3wny Urz\u0105d Statystyczny (GUS). W uj\u0119ciu miesi\u0119cznym odnotowano spadek o 8,5 proc.", "link": "https://forsal.pl/biznes/przemysl/artykuly/9280949,zmiany-w-wartosci-produkcji-sprzedanej-w-lipcu-w-ujeciu-rdr-gus-podal.html", "date_published": "2023-08-21T08:25:35+00:00", "persistent": false, "dead": false, "artist": null, "album": null, "user": null, "language": "pl-PL", "thumbnail": null}, {"source": "https://forsal.pl/.feed", "title": "Ceny produkcji sprzedanej przemys\u0142u w lipcu spad\u0142y. Wiemy o ile", "description": "<img align=\"right\" hspace=\"5\" src=\"https://ocdn.eu/pulscms-transforms/1/Ze7ktkuTURBXy9mYTY4NzgxNC1hMDQ3LTRiNzgtYTZmZS1jMmQ0ZDQyMzczZDQuanBlZ5GTBc0BHcyg\" />undefined", "link": "https://forsal.pl/biznes/przemysl/artykuly/9280944,ceny-produkcji-sprzedanej-przemyslu-w-lipcu-spadly-wiemy-o-ile.html", "date_published": "2023-08-21T08:18:06+00:00", "persistent": false, "dead": false, "artist": null, "album": null, "user": null, "language": "pl-PL", "thumbnail": null}, {"source": "https://forsal.pl/.feed", "title": "W wi\u0119kszo\u015bci bran\u017c produkcja przemys\u0142owa w lipcu spad\u0142a w uj\u0119ciu rdr", "description": "<img align=\"right\" hspace=\"5\" src=\"https://ocdn.eu/pulscms-transforms/1/gbCktkuTURBXy8zYjhkNTA4OS02YTVjLTQ5OTItYjcxNC1jMDdlODcyN2Q1YmUuanBlZ5GTBc0BHcyg\" />undefined", "link": "https://forsal.pl/biznes/przemysl/artykuly/9280940,w-wiekszosci-branz-produkcja-przemyslowa-w-lipcu-spadla-w-ujeciu-rdr.html", "date_published": "2023-08-21T08:12:04+00:00", "persistent": false, "dead": false, "artist": null, "album": null, "user": null, "language": "pl-PL", "thumbnail": null}, {"source": "https://forsal.pl/.feed", "title": "Blitzkrieg zawi\u00f3d\u0142. Przed\u0142u\u017caj\u0105ca si\u0119 wojna w Ukrainie zmusza Rosj\u0119 do stworzenia nowej armii", "description": "<img align=\"right\" hspace=\"5\" src=\"https://ocdn.eu/pulscms-transforms/1/4HBktkuTURBXy83ZTVhZWVlYS0yZGJhLTQyMTEtOTYzZC03ODAxYjQ5MzA3ZDYuanBlZ5GTBc0BHcyg\" />Wobec przed\u0142u\u017caj\u0105cej si\u0119 wojny na Ukrainie Rosja rozbudowuje swoje struktury wojskowe i bardzo prawdopodobne jest utworzenie nowej formacji - 18. Armii Og\u00f3lnowojskowej - przekaza\u0142o w poniedzia\u0142ek brytyjskie ministerstwo obrony.", "link": "https://forsal.pl/swiat/rosja/artykuly/9280929,blitzkrieg-zawiodl-przedluzajaca-sie-wojna-w-ukrainie-zmusza-rosje-do.html", "date_published": "2023-08-21T07:59:25+00:00", "persistent": false, "dead": false, "artist": null, "album": null, "user": null, "language": "pl-PL", "thumbnail": null}, {"source": "https://forsal.pl/.feed", "title": "Rosyjska marynarka wojenna zamieni\u0142a port w Mariupolu w swoj\u0105 baz\u0119", "description": "<img align=\"right\" hspace=\"5\" src=\"https://ocdn.eu/pulscms-transforms/1/x-KktkuTURBXy9hYjQ5ZTk3NS1kM2MxLTRkMGYtOTkzMS1lMTc2NDEwOGFkMTMuanBlZ5GTBc0BHcyg\" />W niedziel\u0119 do portu w zniszczonym i okupowanym przez Rosjan Mariupolu nad Morzem Azowskim po raz pierwszy wp\u0142yn\u0105\u0142 okr\u0119t wojenny wroga; mo\u017cna zatem oficjalnie przyzna\u0107, \u017ce w tym mie\u015bcie utworzono baz\u0119 rosyjskiej floty - oznajmi\u0142 w poniedzia\u0142ek lojalny wobec Kijowa doradca mera Mariupola Petro Andriuszczenko.", "link": "https://forsal.pl/swiat/ukraina/artykuly/9280922,rosyjska-marynarka-wojenna-zamienila-port-w-mariupolu-w-swoja-baze.html", "date_published": "2023-08-21T07:49:46+00:00", "persistent": false, "dead": false, "artist": null, "album": null, "user": null, "language": "pl-PL", "thumbnail": null}, {"source": "https://forsal.pl/.feed", "title": "Przychody Asbisu wzros\u0142y szacunkowo o ok. 10 proc. r/r do ok. 222 mln USD w lipcu", "description": "<img align=\"right\" hspace=\"5\" src=\"https://ocdn.eu/pulscms-transforms/1/dk1ktkuTURBXy84ZDM4M2FkNC02OTczLTQ3MjUtYmI5MC00NDk1NjlhNGRiMTguanBlZ5GTBc0BHcyg\" />undefined", "link": "https://forsal.pl/finanse/gielda/artykuly/9280910,przychody-asbisu-wzrosly-szacunkowo-o-ok-10-proc-rr-do-ok-222-mln.html", "date_published": "2023-08-21T07:25:03+00:00", "persistent": false, "dead": false, "artist": null, "album": null, "user": null, "language": "pl-PL", "thumbnail": null}, {"source": "https://forsal.pl/.feed", "title": "Cognor oczekuje wyniku EBITDA za III kw. zbli\u017conego do 54 mln z\u0142 odnotowanych w II kw.", "description": "<img align=\"right\" hspace=\"5\" src=\"https://ocdn.eu/pulscms-transforms/1/fBMktkuTURBXy81ZTVlNDFlNy1hMzE1LTRlMGMtYmRjZS02NDlhZGZmZTk3NWIuanBlZ5GTBc0BHcyg\" />undefined", "link": "https://forsal.pl/finanse/gielda/artykuly/9280908,cognor-oczekuje-wyniku-ebitda-za-iii-kw-zblizonego-do-54-mln-zl-odnot.html", "date_published": "2023-08-21T07:22:46+00:00", "persistent": false, "dead": false, "artist": null, "album": null, "user": null, "language": "pl-PL", "thumbnail": null}, {"source": "https://forsal.pl/.feed", "title": "Cognor mia\u0142 23,72 mln z\u0142 zysku netto, 54,04 mln z\u0142 zysku EBITDA w II kw. 2023 r.", "description": "<img align=\"right\" hspace=\"5\" src=\"https://ocdn.eu/pulscms-transforms/1/hTdktkuTURBXy9mYWYxOTM2ZC0zMmI0LTRiYWEtYTFlYS1iN2ZiYTMxZmM3ODIuanBlZ5GTBc0BHcyg\" />undefined", "link": "https://forsal.pl/finanse/gielda/artykuly/9280907,cognor-mial-2372-mln-zl-zysku-netto-5404-mln-zl-zysku-ebitda-w-ii-k.html", "date_published": "2023-08-21T07:20:31+00:00", "persistent": false, "dead": false, "artist": null, "album": null, "user": null, "language": "pl-PL", "thumbnail": null}, {"source": "https://forsal.pl/.feed", "title": "Energa mia\u0142a szac. 147 mln z\u0142 straty netto, 276 mln z\u0142 zysku EBITDA w II kw. 2023 r.", "description": "<img align=\"right\" hspace=\"5\" src=\"https://ocdn.eu/pulscms-transforms/1/y7BktkuTURBXy85ZmZhNmFiNC01NTMwLTQxOTAtOTk2ZC0yZDgyOWMzM2FlZWIuanBlZ5GTBc0BHcyg\" />undefined", "link": "https://forsal.pl/finanse/gielda/artykuly/9280902,energa-miala-szac-147-mln-zl-straty-netto-276-mln-zl-zysku-ebitda-w.html", "date_published": "2023-08-21T07:16:17+00:00", "persistent": false, "dead": false, "artist": null, "album": null, "user": null, "language": "pl-PL", "thumbnail": null}, {"source": "https://forsal.pl/.feed", "title": "Akcjonariusze Livechat zdecydowali o \u0142\u0105cznie 5,95 z\u0142 dywidendy na akcj\u0119", "description": "<img align=\"right\" hspace=\"5\" src=\"https://ocdn.eu/pulscms-transforms/1/zn1ktkuTURBXy8yN2U3OTYxYS0wNWVmLTRmYzctOTgwNC1mZjkyOWJkYjkyZTkuanBlZ5GTBc0BHcyg\" />undefined", "link": "https://forsal.pl/finanse/gielda/artykuly/9280887,akcjonariusze-livechat-zdecydowali-o-lacznie-595-zl-dywidendy-na-akcj.html", "date_published": "2023-08-21T07:11:39+00:00", "persistent": false, "dead": false, "artist": null, "album": null, "user": null, "language": "pl-PL", "thumbnail": null}, {"source": "https://forsal.pl/.feed", "title": "Kaczy\u0144ski o 14. emeryturze: W tym roku wyniesie ona 2,2 tys. z\u0142 netto", "description": "<img align=\"right\" hspace=\"5\" src=\"https://ocdn.eu/pulscms-transforms/1/IttktkuTURBXy9lOGVlNjEzYS01NzE1LTQ0YWQtODI3Ny05YzBiN2Q5NmE1YmMuanBlZ5GTBc0BHcyg\" />undefined", "link": "https://forsal.pl/gospodarka/finanse-publiczne/artykuly/9280879,kaczynski-o-14-emeryturze-w-tym-roku-wyniesie-ona-22-tys-zl-netto.html", "date_published": "2023-08-21T07:04:59+00:00", "persistent": false, "dead": false, "artist": null, "album": null, "user": null, "language": "pl-PL", "thumbnail": null}, {"source": "https://forsal.pl/.feed", "title": "Zmiany na rynku miedzi", "description": "<img align=\"right\" hspace=\"5\" src=\"https://ocdn.eu/pulscms-transforms/1/fFaktkuTURBXy9iM2U1MjFhMy0wNzk3LTRjMWMtODU3OS1hMGE2NzcyM2NhOWMuanBlZ5GTBc0BHcyg\" />Ceny miedzi na gie\u0142dzie metali LME w Londynie id\u0105 w g\u00f3r\u0119 Metal na LME zyskuje 0,5 proc. wobec 8.240,00 USD za ton\u0119, notowanych na zako\u0144czenie poprzedniej sesji - podaj\u0105 maklerzy.", "link": "https://forsal.pl/finanse/notowania/artykuly/9280873,zmiany-na-rynku-miedzi.html", "date_published": "2023-08-21T06:57:29+00:00", "persistent": false, "dead": false, "artist": null, "album": null, "user": null, "language": "pl-PL", "thumbnail": null}, {"source": "https://forsal.pl/.feed", "title": "Jones: Niemcy s\u0105 podatne na rosyjsk\u0105 infiltracj\u0119. Problemem jest biurokratyczny nadz\u00f3r nad specs\u0142u\u017cbami", "description": "<img align=\"right\" hspace=\"5\" src=\"https://ocdn.eu/pulscms-transforms/1/oPoktkuTURBXy9kMmNjMmZiNS1lZmI4LTQ2ZTQtYjc5NS1iZjY2MWJlZTM0NDEuanBlZ5GTBc0BHcyg\" />Niemiecka nieufno\u015b\u0107 wobec w\u0142asnych agencji szpiegowskich, co jest spu\u015bcizn\u0105 nazistowskiej dyktatury, powoduje, \u017ce Niemcy s\u0105 wyj\u0105tkowo podatne na rosyjsk\u0105 infiltracj\u0119 - pisze w najnowszym numerze brytyjskiego tygodnika &quot;The Spectator&quot; Nigel Jones, historyk i dziennikarz.", "link": "https://forsal.pl/swiat/unia-europejska/artykuly/9280867,jones-niemcy-sa-podatne-na-rosyjska-infiltracje-problemem-jest-biuro.html", "date_published": "2023-08-21T06:53:23+00:00", "persistent": false, "dead": false, "artist": null, "album": null, "user": null, "language": "pl-PL", "thumbnail": null}, {"source": "https://forsal.pl/.feed", "title": "ISW: Ukrai\u0144skie ataki na ty\u0142y Rosjan wywo\u0142uj\u0105 krytyk\u0119 pod adresem rosyjskiego dow\u00f3dztwa", "description": "<img align=\"right\" hspace=\"5\" src=\"https://ocdn.eu/pulscms-transforms/1/vFektkuTURBXy83NDU4N2JmZC0zNmIyLTQ3MTEtOTU5Mi01OWQ2MTZmNzE5OWIuanBlZ5GTBc0BHcyg\" />Ukrai\u0144skie ataki na ty\u0142y Rosjan wywo\u0142uj\u0105 niezadowolenie w rosyjskiej przestrzeni informacyjnej i krytyk\u0119 pod adresem rosyjskiego dow\u00f3dztwa - pisze w najnowszej analizie ameryka\u0144ski Instytut Studi\u00f3w nad Wojn\u0105 (ISW). Jak dodaje, zapewne taki w\u0142a\u015bnie jest cel strony ukrai\u0144skiej.", "link": "https://forsal.pl/swiat/ukraina/artykuly/9280862,isw-ukrainskie-ataki-na-tyly-rosjan-wywoluja-krytyke-pod-adresem-rosy.html", "date_published": "2023-08-21T06:49:00+00:00", "persistent": false, "dead": false, "artist": null, "album": null, "user": null, "language": "pl-PL", "thumbnail": null}, {"source": "https://forsal.pl/.feed", "title": "PFR: Tempo wzrostu cen spada w ca\u0142ej Unii Europejskiej dziewi\u0105ty miesi\u0105c z rz\u0119du", "description": "<img align=\"right\" hspace=\"5\" src=\"https://ocdn.eu/pulscms-transforms/1/IwOktkuTURBXy9kNjlmMzQ0MS1iZDQyLTRkNjgtYjBhOS04MWZjYmFmOWU5YTkuanBlZ5GTBc0BHcyg\" />Lipiec by\u0142 dziewi\u0105tym z rz\u0119du miesi\u0105cem, w kt\u00f3rym odnotowano spowolnienie wzrostu cen w UE. W Polsce inflacja HICP wyhamowa\u0142a do 10,3 proc. z 11,0 proc. miesi\u0105c wcze\u015bniej \u2013 poda\u0142 PFR w udost\u0119pnionym PAP raporcie.", "link": "https://forsal.pl/gospodarka/inflacja/artykuly/9280861,pfr-tempo-wzrostu-cen-spada-w-calej-unii-europejskiej-dziewiaty-miesi.html", "date_published": "2023-08-21T06:47:23+00:00", "persistent": false, "dead": false, "artist": null, "album": null, "user": null, "language": "pl-PL", "thumbnail": null}, {"source": "https://forsal.pl/.feed", "title": "Mieszka\u0144cy Kijowa ju\u017c przygotowuj\u0105 si\u0119 do kolejnej ci\u0119\u017ckiej zimy w czasie wojny", "description": "<img align=\"right\" hspace=\"5\" src=\"https://ocdn.eu/pulscms-transforms/1/KF-ktkuTURBXy8wZTc5ZjUzMy1iZjBkLTQ1ZDYtYjMxNy01ZDkzMjFlMmE5ZGIuanBlZ5GTBc0BHcyg\" />Od dw\u00f3ch tygodni upa\u0142y w Kijowie uniemo\u017cliwiaj\u0105 wielu mieszka\u0144com ukrai\u0144skiej stolicy normalny sen, kt\u00f3ry i tak dodatkowo jest przerywany cz\u0119stymi alarmami przeciwlotniczymi. Jednak mimo wysokich temperatur kijowianie my\u015bl\u0105 ju\u017c o tym, jak b\u0119d\u0105 ogrzewa\u0107 mieszkania za kilka miesi\u0119cy w warunkach rosyjskiej inwazji.", "link": "https://forsal.pl/swiat/ukraina/artykuly/9280811,mieszkancy-kijowa-juz-przygotowuja-sie-do-kolejnej-ciezkiej-zimy-w-cza.html", "date_published": "2023-08-21T06:44:00+00:00", "persistent": false, "dead": false, "artist": null, "album": null, "user": null, "language": "pl-PL", "thumbnail": null}, {"source": "https://forsal.pl/.feed", "title": "Chi\u0144skie firmy pomagaj\u0105 Rosji obchodzi\u0107 sankcje. Chodzi o dziesi\u0105tki tysi\u0119cy przesy\u0142ek", "description": "<img align=\"right\" hspace=\"5\" src=\"https://ocdn.eu/pulscms-transforms/1/X8_ktkuTURBXy9jOTY1NWY4MS0yMmZlLTQ4N2ItYmM4Ny1hOTk2OWY4NzhhMzkuanBlZ5GTBc0BHcyg\" />Chiny pomagaj\u0105 zaopatrywa\u0107 Rosj\u0119 w helikoptery, drony, celowniki optyczne i kluczowe metale wykorzystywane przez przemys\u0142 obronny. Od pocz\u0105tku wojny rosyjskie firmy otrzyma\u0142y z Chin dziesi\u0105tki tysi\u0119cy przesy\u0142ek - wynika z ustale\u0144 brytyjskiego &quot;Sunday Telegraph&quot;.", "link": "https://forsal.pl/swiat/rosja/artykuly/9280777,chinskie-firmy-pomagaja-rosji-obchodzic-sankcje-chodzi-o-dziesiatki-t.html", "date_published": "2023-08-21T06:36:48+00:00", "persistent": false, "dead": false, "artist": null, "album": null, "user": null, "language": "pl-PL", "thumbnail": null}, {"source": "https://forsal.pl/.feed", "title": "Ruch na rynku ropy naftowej", "description": "<img align=\"right\" hspace=\"5\" src=\"https://ocdn.eu/pulscms-transforms/1/h59ktkuTURBXy82MDM4NzRjNi0xMWM3LTQ5ZGUtODZkZC05MDI0OWVkOWJhNjIuanBlZ5GTBc0BHcyg\" />W poniedzia\u0142ek po godz. 8 notowania ropy Brent na gie\u0142dzie w Londynie ros\u0142y o 0,55 proc., do 85,27 dol. za bary\u0142k\u0119. Spada\u0142y natomiast notowania ameryka\u0144skiej ropy WTI na gie\u0142dzie w Nowym Jorku - o 0,17 proc., do 81,11 dol. za bary\u0142k\u0119.", "link": "https://forsal.pl/finanse/notowania/artykuly/9280770,ruch-na-rynku-ropy-naftowej.html", "date_published": "2023-08-21T06:32:53+00:00", "persistent": false, "dead": false, "artist": null, "album": null, "user": null, "language": "pl-PL", "thumbnail": null}, {"source": "https://forsal.pl/.feed", "title": "Kursy walut: Z\u0142oty umocni\u0142 si\u0119 wzgl\u0119dem euro i franka. Straci\u0142 wobec dolara", "description": "<img align=\"right\" hspace=\"5\" src=\"https://ocdn.eu/pulscms-transforms/1/17sktkuTURBXy9hNmY4MGYzNC1kNDlhLTQwNmUtYTk4My1jZjJjYzUxYjA1NmEuanBlZ5GTBc0BHcyg\" />W poniedzia\u0142ek rano polska waluta zyskiwa\u0142a na warto\u015bci wobec euro i franka szwajcarskiego, a traci\u0142a wzgl\u0119dem dolara ameryka\u0144skiego. Euro kosztowa\u0142o ok. 4,47 z\u0142, dolar blisko 4,10 z\u0142, a frank szwajcarski - 4,67 z\u0142.", "link": "https://forsal.pl/finanse/waluty/artykuly/9280769,kursy-walut-zloty-umocnil-sie-wzgledem-euro-i-franka-stracil-wobec-d.html", "date_published": "2023-08-21T06:30:34+00:00", "persistent": false, "dead": false, "artist": null, "album": null, "user": null, "language": "pl-PL", "thumbnail": null}, {"source": "https://forsal.pl/.feed", "title": "W drugiej turze wybor\u00f3w prezydenckich w Ekwadorze faworytk\u0105 jest lewicowa kandydatka Luisa Gonzalez", "description": "<img align=\"right\" hspace=\"5\" src=\"https://ocdn.eu/pulscms-transforms/1/K3ektkuTURBXy80ZGMzODJiZi0yMWNjLTQ5ZTgtYmE2OC0wN2UwN2FjYjg2ZjYuanBlZ5GTBc0BHcyg\" />Lewicowa kandydatka Luisa Gonzalez, kt\u00f3ra uzyska\u0142a 33 proc. g\u0142os\u00f3w i przedstawiciel bogatej ekwadorskiej rodziny Daniel Noboa, na kt\u00f3rego w niedziel\u0119 g\u0142os odda\u0142o 24 proc. uprawnionych obywateli zmierz\u0105 si\u0119 w drugiej turze wybor\u00f3w prezydenckich w Ekwadorze, zaplanowanej na 15 pa\u017adziernika.", "link": "https://forsal.pl/gospodarka/polityka/artykuly/9280760,w-drugiej-turze-wyborow-prezydenckich-w-ekwadorze-faworytka-jest-lewic.html", "date_published": "2023-08-21T06:26:33+00:00", "persistent": false, "dead": false, "artist": null, "album": null, "user": null, "language": "pl-PL", "thumbnail": null}, {"source": "https://forsal.pl/.feed", "title": "Parali\u017c moskiewskich lotnisk. Po kilku godzinach wznowiono rejsy", "description": "<img align=\"right\" hspace=\"5\" src=\"https://ocdn.eu/pulscms-transforms/1/St1ktkuTURBXy9mY2VkNjRjZC1jZjA5LTQ4NTQtYmVkNi0yMTM2NTg2YjNmODQuanBlZ5GTBc0BHcyg\" />W Moskwie w poniedzia\u0142ek na lotnisku Domodiedowo czasowo ograniczono przyloty i odloty, a inny port lotniczy w rosyjskiej stolicy - Wnukowo ca\u0142kiem zawiesi\u0142 loty - poda\u0142a agencja Reutera. P\u00f3\u017aniej rejsy wznowiono.", "link": "https://forsal.pl/swiat/rosja/artykuly/9280749,paraliz-moskiewskich-lotnisk-po-kilku-godzinach-wznowiono-rejsy.html", "date_published": "2023-08-21T06:08:01+00:00", "persistent": false, "dead": false, "artist": null, "album": null, "user": null, "language": "pl-PL", "thumbnail": null}, {"source": "https://forsal.pl/.feed", "title": "Wojna o zbo\u017ce z udzia\u0142em Polski. Kij\u00f3w naciska na Warszaw\u0119", "description": "<img align=\"right\" hspace=\"5\" src=\"https://ocdn.eu/pulscms-transforms/1/1JPktkuTURBXy9mMTBmZTc1Ni0yZmZlLTRjMWYtYjFmNC0xNGRkNDY4NmE1MmUuanBlZ5GTBc0BHcyg\" />Sojusznicy Kijowa pracuj\u0105 nad wzmocnieniem transportu towar\u00f3w przez Dunaj. W\u0142adze kraju nie rezygnuj\u0105 jednak z Morza Czarnego i nacisk\u00f3w na Polsk\u0119 w sprawie odblokowania rynk\u00f3w \u015brodkowoeuropejskich", "link": "https://forsal.pl/swiat/artykuly/9280740,wojna-o-zboze-z-udzialem-polski-kijow-naciska-na-warszawe.html", "date_published": "2023-08-21T05:45:00+00:00", "persistent": false, "dead": false, "artist": null, "album": null, "user": null, "language": "pl-PL", "thumbnail": null}, {"source": "https://forsal.pl/.feed", "title": "Za p\u00f3\u017ano na szybkie wynurzenie polskiej Marynarki Wojennej", "description": "<img align=\"right\" hspace=\"5\" src=\"https://ocdn.eu/pulscms-transforms/1/hqwktkuTURBXy9lYzQ5MDkyZC0yMTUxLTQ0NTMtODM1MS0xYWVlYzUwM2IzZjMuanBlZ5GTBc0BHcyg\" />Jeste\u015bmy w Gdyni i jeste\u015bmy \u015bwiadkami kolejnego etapu wzmacniania polskiej Marynarki Wojennej. Fregaty, 3 fregaty w programie Miecznik b\u0119d\u0105 stanowi\u0142y now\u0105 jako\u015b\u0107 w polskiej Marynarce Wojennej. B\u0119d\u0105 silnie uzbrojone, zar\u00f3wno je\u017celi chodzi o bro\u0144 ofensywn\u0105, jak i je\u015bli chodzi o bro\u0144 przeciwlotnicz\u0105 \u2013 m\u00f3wi\u0142 w \u015brod\u0119, dzie\u0144 po wielkiej defiladzie minister obrony Mariusz B\u0142aszczak, podczas \u201epalenia blach\u201d dla pierwszego okr\u0119tu tego typu.", "link": "https://forsal.pl/swiat/bezpieczenstwo/artykuly/9280737,za-pozno-na-szybkie-wynurzenie-polskiej-marynarki-wojennej.html", "date_published": "2023-08-21T05:35:00+00:00", "persistent": false, "dead": false, "artist": null, "album": null, "user": null, "language": "pl-PL", "thumbnail": null}, {"source": "https://forsal.pl/.feed", "title": "Rynek nieruchomo\u015bci pogr\u0105\u017ca chi\u0144sk\u0105 gospodark\u0119", "description": "<img align=\"right\" hspace=\"5\" src=\"https://ocdn.eu/pulscms-transforms/1/27uktkuTURBXy82ZGIzZjg3Ny1lMDU3LTQ3MTgtYmRkMy1hN2IxYzE4M2YzNGMuanBlZ5GTBc0BHcyg\" />Zad\u0142u\u017cenie deweloper\u00f3w to kolejny problem dla w\u0142adz Pa\u0144stwa \u015arodka. Mierz\u0105 si\u0119 ju\u017c z deflacj\u0105 i rekordowym bezrobociem w\u015br\u00f3d m\u0142odych", "link": "https://forsal.pl/swiat/chiny/artykuly/9280734,rynek-nieruchomosci-pograza-chinska-gospodarke.html", "date_published": "2023-08-21T05:30:00+00:00", "persistent": false, "dead": false, "artist": null, "album": null, "user": null, "language": "pl-PL", "thumbnail": null}, {"source": "https://forsal.pl/.feed", "title": "Kt\u00f3re kraje zu\u017cywaj\u0105 najwi\u0119cej ropy? Dw\u00f3ch wielkich lider\u00f3w [RANKING]", "description": "<img align=\"right\" hspace=\"5\" src=\"https://ocdn.eu/pulscms-transforms/1/14QktkuTURBXy81ZTgzNTc4Mi1kYzQ5LTQ1OWQtYjM2ZS03YTM3ZWY0NjY0ZmEuanBlZ5GTBc0BHcyg\" />Nawet przy sta\u0142ym wzro\u015bcie udzia\u0142u odnawialnych \u017ar\u00f3de\u0142 energii w produkcji energii elektrycznej w ostatnich latach, ropa naftowa nadal pozostaje najwa\u017cniejszym \u017ar\u00f3d\u0142em energii na \u015bwiecie. Oto kraje, kt\u00f3re zu\u017cywaj\u0105 najwi\u0119cej tego surowca.", "link": "https://forsal.pl/biznes/przemysl/artykuly/9277385,ktore-kraje-zuzywaja-najwiecej-ropy-dwoch-wielkich-liderow-ranking.html", "date_published": "2023-08-21T04:00:48+00:00", "persistent": false, "dead": false, "artist": null, "album": null, "user": null, "language": "pl-PL", "thumbnail": null}, {"source": "https://forsal.pl/.feed", "title": "Afryka Zachodnia nie ma co je\u015b\u0107. Liczba g\u0142oduj\u0105cych wzros\u0142a w kilka lat ponad czterokrotnie", "description": "<img align=\"right\" hspace=\"5\" src=\"https://ocdn.eu/pulscms-transforms/1/F9NktkuTURBXy9lY2NiNWM1YS0yZWI2LTQ3OGItOWRmNi0zOTU2NGU2OTkzODYuanBlZ5GTBc0BHcyg\" />Niestabilna sytuacja w regionie, w tym walki w Nigerii z d\u017cihadystami oraz wojskowe zamachy stanu w Burkina Faso, a obecnie w Nigrze, sprawi\u0142y, \u017ce od 2019 r. liczba mieszka\u0144c\u00f3w Afryki Zachodniej cierpi\u0105cych z powodu ostrego g\u0142odu wzros\u0142a czterokrotnie.", "link": "https://forsal.pl/swiat/artykuly/9277335,afryka-zachodnia-nie-ma-co-jesc-liczba-glodujacych-wzrosla-w-kilka-la.html", "date_published": "2023-08-21T04:00:22+00:00", "persistent": false, "dead": false, "artist": null, "album": null, "user": null, "language": "pl-PL", "thumbnail": null}, {"source": "https://forsal.pl/.feed", "title": "Marzenie o pierwszej sieci kolei wodorowej umar\u0142o szybk\u0105 \u015bmierci\u0105. Niemcy wycofuj\u0105 si\u0119 z projektu", "description": "<img align=\"right\" hspace=\"5\" src=\"https://ocdn.eu/pulscms-transforms/1/YbgktkuTURBXy9mNjg3MTg1Ny1mYjAyLTQyYzEtOGU3ZS1jOWM3NWIzNzE1NjguanBlZ5GTBc0BHcyg\" />Rz\u0105d niemieckiej Dolnej Saksonii, kt\u00f3ra jako pierwsza zacz\u0119\u0142a komercyjnie u\u017cytkowa\u0107 14 poci\u0105g\u00f3w wodorowych, zmienia zdanie ws. technologii i stawia na ca\u0142kowicie elektryczn\u0105 przysz\u0142o\u015b\u0107 \u2014 poda\u0142 portal Quartz.", "link": "https://forsal.pl/transport/artykuly/9276420,marzenie-o-pierwszej-sieci-kolei-wodorowej-umarlo-szybka-smiercia-nie.html", "date_published": "2023-08-21T04:00:09+00:00", "persistent": false, "dead": false, "artist": null, "album": null, "user": null, "language": "pl-PL", "thumbnail": null}, {"source": "https://forsal.pl/.feed", "title": "Problemy mi\u0119snego giganta. Tyson Foods traci na warto\u015bci i zamyka kolejne fabryki", "description": "<img align=\"right\" hspace=\"5\" src=\"https://ocdn.eu/pulscms-transforms/1/pxQktkuTURBXy80MDJiODZmOC0zZDVlLTQwMDUtODU2My01YWE3ODRjNmI3YzMuanBlZ5GTBc0BHcyg\" />Jeszcze w 2015 roku Tyson Foods znalaz\u0142 si\u0119 na 311 miejscu w rankingu Global 500 magazynu \u201eFortune\u201d. Niew\u0105tpliwie mi\u0119sny gigant to ogromne przedsi\u0119biorstwo, generuj\u0105ce wielkie dochody swoim w\u0142a\u015bcicielom. Ostatnio jednak zebra\u0142y si\u0119 nad nim czarne chmury \u2013 funkcjonuj\u0105ca od 1935 roku ameryka\u0144ska firma na pocz\u0105tku tego roku odnotowa\u0142a spadek swojej warto\u015bci o 16 proc.", "link": "https://forsal.pl/biznes/ekologia/artykuly/9277449,problemy-miesnego-giganta-tyson-foods-traci-na-wartosci-i-zamyka-kole.html", "date_published": "2023-08-21T04:00:00+00:00", "persistent": false, "dead": false, "artist": null, "album": null, "user": null, "language": "pl-PL", "thumbnail": null}]