[{"source": "https://feeds.a.dj.com/rss/RSSWSJD.xml", "title": "How to Prepare Your Phone and Other Tech for a Natural Disaster", "description": "Having your tech ready to go could save your life during floods, hurricanes and wildfires.", "link": "https://www.wsj.com/articles/disaster-emergency-prepare-power-out-tips-e031c0bc?mod=rss_Technology", "date_published": "2023-08-21T09:30:00+00:00", "persistent": false, "dead": false, "artist": null, "album": null, "user": null, "language": "en-US", "thumbnail": null}]