[{"source": "https://www.androidauthority.com/feed/", "title": "How to use ChatGPT to make money: Is it really possible?", "description": "ChatGPT can go beyond personal favors and net you some money on the side.", "link": "https://www.androidauthority.com/how-to-use-chatgpt-to-make-money-3356831/", "date_published": "2023-08-21T23:35:03+00:00", "persistent": false, "dead": false, "artist": null, "album": null, "user": null, "language": "en-US", "thumbnail": null}, {"source": "https://www.androidauthority.com/feed/", "title": "How to watch Serie A in the USA", "description": "Here's how US viewers can get their Italian soccer fix.", "link": "https://www.androidauthority.com/how-to-watch-serie-a-in-usa-3356798/", "date_published": "2023-08-21T22:33:16+00:00", "persistent": false, "dead": false, "artist": null, "album": null, "user": null, "language": "en-US", "thumbnail": null}, {"source": "https://www.androidauthority.com/feed/", "title": "Rejoice, friends: The Galaxy S24 and S24 Plus batteries could get much larger", "description": "Remember the Galaxy S21's battery? Yeah, that big.", "link": "https://www.androidauthority.com/samsung-galaxy-s24-battery-3356783/", "date_published": "2023-08-21T20:12:17+00:00", "persistent": false, "dead": false, "artist": null, "album": null, "user": null, "language": "en-US", "thumbnail": null}, {"source": "https://www.androidauthority.com/feed/", "title": "Info leaks on Galaxy Buds 3, but could possibly be a new \u2018Fan Edition\u2019 variant", "description": "The model number suggests the Galaxy Buds 3, but release timing could mean something else.", "link": "https://www.androidauthority.com/samsung-galaxy-buds-r400n-3356759/", "date_published": "2023-08-21T19:09:06+00:00", "persistent": false, "dead": false, "artist": null, "album": null, "user": null, "language": "en-US", "thumbnail": null}, {"source": "https://www.androidauthority.com/feed/", "title": "Mysterious Fitbit tracker stops by the FCC, but what is it?", "description": "It could be a new Ace, a new Luxe, or something else entirely.", "link": "https://www.androidauthority.com/fitbit-tracker-2023-3356731/", "date_published": "2023-08-21T18:10:29+00:00", "persistent": false, "dead": false, "artist": null, "album": null, "user": null, "language": "en-US", "thumbnail": null}, {"source": "https://www.androidauthority.com/feed/", "title": "First price drop on the new Skullcandy Crusher ANC 2 headphones", "description": "This is your first chance to pick up the bass-focused headphones for under $200.", "link": "https://www.androidauthority.com/first-price-drop-on-the-new-skullcandy-crusher-anc-2-headphones-3356709/", "date_published": "2023-08-21T17:28:54+00:00", "persistent": false, "dead": false, "artist": null, "album": null, "user": null, "language": "en-US", "thumbnail": null}, {"source": "https://www.androidauthority.com/feed/", "title": "No Apple foldable yet, but iOS users can \u2018fold\u2019 two iPhones using Try Galaxy app", "description": "It won't be as cool as using a real foldable, but iPhone users can now get a taste of what they're missing.", "link": "https://www.androidauthority.com/try-galaxy-foldables-3356680/", "date_published": "2023-08-21T16:32:48+00:00", "persistent": false, "dead": false, "artist": null, "album": null, "user": null, "language": "en-US", "thumbnail": null}, {"source": "https://www.androidauthority.com/feed/", "title": "Samsung Galaxy Z Fold 5 vs Samsung Galaxy S23 Ultra: Which should you buy?", "description": "Samsung's most expensive smartphones offer very different experiences.", "link": "https://www.androidauthority.com/samsung-galaxy-z-fold-5-vs-samsung-galaxy-s23-ultra-3355204/", "date_published": "2023-08-21T16:30:40+00:00", "persistent": false, "dead": false, "artist": null, "album": null, "user": null, "language": "en-US", "thumbnail": null}, {"source": "https://www.androidauthority.com/feed/", "title": "The Samsung Galaxy S22 Plus plunges by $300 to an all-time low price", "description": "Getting the 256GB model of the previous generation Samsung for just $625 is a bargain.", "link": "https://www.androidauthority.com/samsung-galaxy-s22-plus-deal-3356676/", "date_published": "2023-08-21T16:16:23+00:00", "persistent": false, "dead": false, "artist": null, "album": null, "user": null, "language": "en-US", "thumbnail": null}, {"source": "https://www.androidauthority.com/feed/", "title": "T-Mobile has a new plan just for folks who like to upgrade phones every year", "description": "The icing on the cake here is that you don't even need to have fully paid off your phone before your yearly upgrade.", "link": "https://www.androidauthority.com/t-mobile-go5g-next-3356651/", "date_published": "2023-08-21T15:32:00+00:00", "persistent": false, "dead": false, "artist": null, "album": null, "user": null, "language": "en-US", "thumbnail": null}, {"source": "https://www.androidauthority.com/feed/", "title": "Tired of broken iPhone cables? The iPhone 15 could finally fix this", "description": "With braided cables and USB-C on the iPhone 15, we may finally usher in an era of omnipresent good quality USB-C cables.", "link": "https://www.androidauthority.com/iphone-15-series-braided-usb-c-cable-leak-3356613/", "date_published": "2023-08-21T13:17:13+00:00", "persistent": false, "dead": false, "artist": null, "album": null, "user": null, "language": "en-US", "thumbnail": null}, {"source": "https://www.androidauthority.com/feed/", "title": "One UI 6 brings official Chromecast support to Samsung Galaxy phones", "description": "Chromecast support on Samsung Galaxy smartphones is no longer hidden behind a developer password.", "link": "https://www.androidauthority.com/samsung-galaxy-chromecast-one-ui-6-3356571/", "date_published": "2023-08-21T11:52:54+00:00", "persistent": false, "dead": false, "artist": null, "album": null, "user": null, "language": "en-US", "thumbnail": null}, {"source": "https://www.androidauthority.com/feed/", "title": "You told us: You think the Mix Fold 3 is hot, so where\u2019s the global launch?", "description": "A powerful chip, slim design, periscope camera, and big battery with fast wired/wireless charging. What's not to love?", "link": "https://www.androidauthority.com/xiaomi-mix-fold-3-hot-not-poll-results-3356553/", "date_published": "2023-08-21T10:10:29+00:00", "persistent": false, "dead": false, "artist": null, "album": null, "user": null, "language": "en-US", "thumbnail": null}, {"source": "https://www.androidauthority.com/feed/", "title": "Specs and pricing for Xiaomi\u2019s Pixel 7 rival have leaked", "description": "The Pro model is also looking like a solid alternative to flagship phones from Google, Samsung, and OnePlus.", "link": "https://www.androidauthority.com/xiaomi-13t-series-specs-price-leak-3356520/", "date_published": "2023-08-21T06:54:40+00:00", "persistent": false, "dead": false, "artist": null, "album": null, "user": null, "language": "en-US", "thumbnail": null}, {"source": "https://www.androidauthority.com/feed/", "title": "iPhones now support RCS messages for the first time thanks to this app!", "description": "Beeper has become the first RCS chat app for iPhones.", "link": "https://www.androidauthority.com/iphone-rcs-support-beeper-3356511/", "date_published": "2023-08-21T05:36:34+00:00", "persistent": false, "dead": false, "artist": null, "album": null, "user": null, "language": "en-US", "thumbnail": null}, {"source": "https://www.androidauthority.com/feed/", "title": "This is how Google\u2019s upcoming eSIM transfer tool will work on Android", "description": "The process is as simple as scanning a QR code.", "link": "https://www.androidauthority.com/android-esim-transfer-3356508/", "date_published": "2023-08-21T04:54:04+00:00", "persistent": false, "dead": false, "artist": null, "album": null, "user": null, "language": "en-US", "thumbnail": null}]