[{"source": "https://tvn24.pl/wiadomosci-z-kraju,3.xml", "title": "Pogoda na dzi\u015b - wtorek, 22.08. Spora dawka s\u0142o\u0144ca, na termometrach do 32 stopni", "description": "<img alt=\"Pogoda na dzi\u015b - wtorek, 22.08. Spora dawka s\u0142o\u0144ca, na termometrach do 32 stopni\" src=\"https://tvn24.pl/tvnmeteo/najnowsze/cdn-zdjecie-tik1s0-upal-goraco-w-warszawie-7290405/alternates/LANDSCAPE_1280\" />\n    Pogoda na dzi\u015b. Wtorek 22.08 w wielu regionach kraju up\u0142ynie pod znakiem s\u0142onecznej aury. Miejscami b\u0119dzie si\u0119 chmurzy\u0107 i tam te\u017c przelotnie popada deszcz. Termometry wska\u017c\u0105 maksymalnie od 23 do 32 stopni Celsjusza.", "link": "https://tvn24.pl/tvnmeteo/pogoda/pogoda-na-dzis-wtorek-2208-spora-dawka-slonca-na-termometrach-do-32-stopni-7301500?source=rss", "date_published": "2023-08-22T00:00:00+00:00", "persistent": false, "dead": false, "artist": null, "album": null, "user": null, "language": "pl-PL", "thumbnail": null}, {"source": "https://tvn24.pl/wiadomosci-z-kraju,3.xml", "title": "Czy g\u0142osy Polonii s\u0105 zagro\u017cone? Dzia\u0142acze apeluj\u0105 do w\u0142adz o zmiany w przepisach", "description": "<img alt=\"Czy g\u0142osy Polonii s\u0105 zagro\u017cone? Dzia\u0142acze apeluj\u0105 do w\u0142adz o zmiany w przepisach\" src=\"https://fakty.tvn24.pl/najnowsze/cdn-zdjecie-n1lap2-2108b079x-fos-los-glosowanie-000712-7301344/alternates/LANDSCAPE_1280\" />\n    Czy Polacy, kt\u00f3rzy chc\u0105 g\u0142osowa\u0107 za granic\u0105, maj\u0105 powody do niepokoju? W Kodeksie wyborczym nast\u0105pi\u0142y zmiany, za spraw\u0105 kt\u00f3rych zag\u0142osowanie mo\u017ce sta\u0107 si\u0119 trudniejsze. I za spraw\u0105 kt\u00f3rych nie ma gwarancji, \u017ce wszystkie g\u0142osy b\u0119d\u0105 policzone.", "link": "https://fakty.tvn24.pl/fakty-o-swiecie/czy-glosy-polonii-sa-zagrozone-dzialacze-apeluja-do-wladz-o-zmiany-w-przepisach-7301403?source=rss", "date_published": "2023-08-21T20:33:35+00:00", "persistent": false, "dead": false, "artist": null, "album": null, "user": null, "language": "pl-PL", "thumbnail": null}, {"source": "https://tvn24.pl/wiadomosci-z-kraju,3.xml", "title": "Szef MON: jest zgoda Departamentu Stanu USA na sprzeda\u017c Polsce \u015bmig\u0142owc\u00f3w Apache", "description": "<img alt=\"Szef MON: jest zgoda Departamentu Stanu USA na sprzeda\u017c Polsce \u015bmig\u0142owc\u00f3w Apache\" src=\"https://tvn24.pl/najnowsze/cdn-zdjecie-dfh0yw-smiglowiec-apache-6103649/alternates/LANDSCAPE_1280\" />\n    Departament Stanu USA zatwierdzi\u0142 sprzeda\u017c Polsce 96 \u015bmig\u0142owc\u00f3w uderzeniowych AH-64E Apache - przekaza\u0142 minister obrony narodowej Mariusz B\u0142aszczak. Jak doda\u0142 szef MON, \"do czasu zako\u0144czenia procedur i dostarczenia do Polski zakupionych \u015bmig\u0142owc\u00f3w, armia USA udost\u0119pni nam \u015bmig\u0142owce Apache z w\u0142asnych zasob\u00f3w\".", "link": "https://tvn24.pl/polska/wojsko-polskie-jest-zgoda-usa-na-sprzedaz-polsce-smiglowcow-apache-7301526?source=rss", "date_published": "2023-08-21T20:04:16+00:00", "persistent": false, "dead": false, "artist": null, "album": null, "user": null, "language": "pl-PL", "thumbnail": null}, {"source": "https://tvn24.pl/wiadomosci-z-kraju,3.xml", "title": "Najwy\u017cszy ameryka\u0144ski dow\u00f3dca na audiencji u papie\u017ca Franciszka", "description": "<img alt=\"Najwy\u017cszy ameryka\u0144ski dow\u00f3dca na audiencji u papie\u017ca Franciszka\" src=\"https://tvn24.pl/najnowsze/cdn-zdjecie-bit1yy-papiez-franciszek-i-general-mark-milley-7301424/alternates/LANDSCAPE_1280\" />\n    Papie\u017c Franciszek przyj\u0105\u0142 w poniedzia\u0142ek na audiencji przewodnicz\u0105cego Kolegium Po\u0142\u0105czonych Szef\u00f3w Sztab\u00f3w si\u0142 zbrojnych Stan\u00f3w Zjednoczonych genera\u0142a Marka Milleya - poinformowa\u0142 Watykan. Tematem rozmowy by\u0142a mi\u0119dzy innymi wojna w Ukrainie.", "link": "https://tvn24.pl/swiat/watykan-general-mark-milley-na-audiencji-u-papieza-franciszka-7301489?source=rss", "date_published": "2023-08-21T20:00:54+00:00", "persistent": false, "dead": false, "artist": null, "album": null, "user": null, "language": "pl-PL", "thumbnail": null}, {"source": "https://tvn24.pl/wiadomosci-z-kraju,3.xml", "title": "Trzy \u015bledztwa w sprawie afery mailowej. \"Ca\u0142y czas trwa brudna, wewn\u0119trzna walka\"", "description": "<img alt=\"Trzy \u015bledztwa w sprawie afery mailowej. \" src=\"https://fakty.tvn24.pl/najnowsze/cdn-zdjecie-izdepo-tacik-003025-7301170/alternates/LANDSCAPE_1280\" />\n    Prokuratura prowadzi trzy post\u0119powania w sprawie maili z poczty ministra Dworczyka. \u015aledztwo dotyczy mi\u0119dzy innymi \"przekroczenia uprawnie\u0144 przez funkcjonariuszy publicznych wykorzystuj\u0105cych prywatne skrzynki do spraw s\u0142u\u017cbowych\". O mailach dowiedzieli\u015bmy si\u0119 po raz pierwszy ponad dwa lata temu, a o \u015bledztwie teraz - w czasie kampanii wyborczej.", "link": "https://fakty.tvn24.pl/zobacz-fakty/trzy-sledztwa-w-sprawie-afery-mailowej-caly-czas-trwa-brudna-wewnetrzna-walka-7301168?source=rss", "date_published": "2023-08-21T18:52:55+00:00", "persistent": false, "dead": false, "artist": null, "album": null, "user": null, "language": "pl-PL", "thumbnail": null}, {"source": "https://tvn24.pl/wiadomosci-z-kraju,3.xml", "title": "Sprzedawa\u0142a dzieci\u0119cy plecak, zosta\u0142a z po\u017cyczk\u0105 do sp\u0142acenia", "description": "<img alt=\"Sprzedawa\u0142a dzieci\u0119cy plecak, zosta\u0142a z po\u017cyczk\u0105 do sp\u0142acenia\" src=\"https://tvn24.pl/najnowsze/cdn-zdjecie-4yze3n-odebrala-telefon-od-kobiety-podajacej-sie-za-pracownice-banku-zostala-oszukana-zdj-ilustracyjne-7197958/alternates/LANDSCAPE_1280\" />\n    Chcia\u0142a w sieci sprzeda\u0107 dzieci\u0119cy plecak za 30 z\u0142otych i szybko znalaz\u0142a si\u0119 ch\u0119tna. 32-latka klikn\u0119\u0142a w przes\u0142any jej link i po jakim\u015b czasie na jej konto wp\u0142yn\u0119\u0142o sze\u015b\u0107 tysi\u0119cy z\u0142otych. Pieni\u0105dze szybko jednak znikn\u0119\u0142y, a kobieta zosta\u0142a z po\u017cyczk\u0105 do sp\u0142aty i plecakiem.", "link": "https://tvn24.pl/tvnwarszawa/okolice/oszustwo-sprzedawala-dzieciecy-plecak-zostala-z-pozyczka-do-splacenia-7301030?source=rss", "date_published": "2023-08-21T18:48:20+00:00", "persistent": false, "dead": false, "artist": null, "album": null, "user": null, "language": "pl-PL", "thumbnail": null}, {"source": "https://tvn24.pl/wiadomosci-z-kraju,3.xml", "title": "Bus zderzy\u0142 si\u0119 z lawet\u0105, kierowcy trafili do szpitala", "description": "<img alt=\"Bus zderzy\u0142 si\u0119 z lawet\u0105, kierowcy trafili do szpitala\" src=\"https://tvn24.pl/tvnwarszawa/najnowsze/cdn-zdjecie-ct8xfe-dwie-osoby-trafily-do-szpitala-7301397/alternates/LANDSCAPE_1280\" />\n    W poniedzia\u0142ek wieczorem w okolicy Nowego Dworu Mazowieckiego zderzy\u0142y si\u0119 dwa pojazdy. Kierowcy trafili do szpitala.", "link": "https://tvn24.pl/tvnwarszawa/najnowsze/szczypiorno-bus-zderzyl-sie-z-laweta-dwie-osoby-w-szpitalu-7301405?source=rss", "date_published": "2023-08-21T18:44:08+00:00", "persistent": false, "dead": false, "artist": null, "album": null, "user": null, "language": "pl-PL", "thumbnail": null}, {"source": "https://tvn24.pl/wiadomosci-z-kraju,3.xml", "title": "Atak siekier\u0105 w Lesznie. Trwaj\u0105 poszukiwania sprawcy", "description": "<img alt=\"Atak siekier\u0105 w Lesznie. Trwaj\u0105 poszukiwania sprawcy\" src=\"https://tvn24.pl/najnowsze/cdn-zdjecie-gr3u97-ulica-obroncow-lwowa-w-lesznie-7301385/alternates/LANDSCAPE_1280\" />\n    W Lesznie (Wielkopolska) 27-letni m\u0119\u017cczyzna zosta\u0142 zaatakowany w poniedzia\u0142ek siekier\u0105 \u2013 poinformowa\u0142a aspirant Daria \u017bmuda z Komendy Miejskiej Policji w Lesznie. Doda\u0142a, \u017ce poszkodowany otrzyma\u0142 pomoc medyczn\u0105\u00a0i zosta\u0142 zwolniony. - Trwaj\u0105 te\u017c czynno\u015bci zmierzaj\u0105ce do zatrzymania sprawcy \u2013 zaznaczy\u0142a.", "link": "https://tvn24.pl/polska/atak-siekiera-w-lesznie-wielkopolska-trwaja-poszukiwania-sprawcy-7301330?source=rss", "date_published": "2023-08-21T18:43:39+00:00", "persistent": false, "dead": false, "artist": null, "album": null, "user": null, "language": "pl-PL", "thumbnail": null}, {"source": "https://tvn24.pl/wiadomosci-z-kraju,3.xml", "title": "Gill-Pi\u0105tek: helikopter to nie jest gad\u017cet, kt\u00f3ry mo\u017cna wypo\u017cyczy\u0107 sobie na piknik wyborczy", "description": "<img alt=\"Gill-Pi\u0105tek: helikopter to nie jest gad\u017cet, kt\u00f3ry mo\u017cna wypo\u017cyczy\u0107 sobie na piknik wyborczy\" src=\"https://tvn24.pl/najnowsze/cdn-zdjecie-rhswd4-21-1925-fpf-cl-0052-7301315/alternates/LANDSCAPE_1280\" />\n    Doprowadzono do bardzo niebezpiecznej sytuacji, kt\u00f3ra mog\u0142a si\u0119 sko\u0144czy\u0107 tragicznie, gdyby ta przerwana sie\u0107 mia\u0142a po prostu w sobie napi\u0119cie - m\u00f3wi\u0142 w \"Faktach po Faktach\" w TVN24 wicemarsza\u0142ek Sejmu Piotr Zgorzelski (PSL). Odni\u00f3s\u0142 si\u0119 do incydentu z udzia\u0142em policyjnego Black Hawka podczas pikniku w Sarnowej G\u00f3rze. Pos\u0142anka Koalicji Obywatelskiej Hanna Gill-Pi\u0105tek podkre\u015bli\u0142a, \u017ce \"helikopter to nie jest gad\u017cet, kt\u00f3ry mo\u017cna wypo\u017cyczy\u0107 sobie na piknik wyborczy\".", "link": "https://tvn24.pl/polska/sarnowa-gora-policyjny-black-hawka-zerwal-linie-energetyczna-na-pikniku-hanna-gill-piatek-i-piotr-zgorzelski-komentuja-7301349?source=rss", "date_published": "2023-08-21T18:36:46+00:00", "persistent": false, "dead": false, "artist": null, "album": null, "user": null, "language": "pl-PL", "thumbnail": null}, {"source": "https://tvn24.pl/wiadomosci-z-kraju,3.xml", "title": "Bazgra\u0142 po wiacie przystankowej. Nie wiedzia\u0142, \u017ce ca\u0142y czas jest obserwowany", "description": "<img alt=\"Bazgra\u0142 po wiacie przystankowej. Nie wiedzia\u0142, \u017ce ca\u0142y czas jest obserwowany\" src=\"https://tvn24.pl/tvnwarszawa/najnowsze/cdn-zdjecie-hizcfe-malunki-na-przystanku-w-nocy-7301248/alternates/LANDSCAPE_1280\" />\n    Operator monitoringu miejskiego zauwa\u017cy\u0142 m\u0142odego m\u0119\u017cczyzn\u0119, kt\u00f3ry maza\u0142 flamastrem po wiacie przystankowej. Sko\u0144czy\u0142o si\u0119 to dla niego tylko mandatem, bo sam jeszcze tej samej nocy usun\u0105\u0142 swoje \"dzie\u0142a\".", "link": "https://tvn24.pl/tvnwarszawa/bielany/bielany-kasprowicza-bazgral-po-wiacie-przystankowej-nie-wiedzial-ze-caly-czas-jest-obserwowany-7301255?source=rss", "date_published": "2023-08-21T18:14:30+00:00", "persistent": false, "dead": false, "artist": null, "album": null, "user": null, "language": "pl-PL", "thumbnail": null}, {"source": "https://tvn24.pl/wiadomosci-z-kraju,3.xml", "title": "Kredyt z\u00a0dop\u0142at\u0105 do\u00a0raty. Minister podaje najnowsze dane", "description": "<img alt=\"Kredyt z\u00a0dop\u0142at\u0105 do\u00a0raty. Minister podaje najnowsze dane\" src=\"https://tvn24.pl/biznes/najnowsze/cdn-zdjecie-paxk3q-mieszkania-blok-kredyt-6047705/alternates/LANDSCAPE_1280\" />\n    W programie \"Pierwsze Mieszkanie\" zosta\u0142o z\u0142o\u017conych 32 tysi\u0105ce wniosk\u00f3w, podpisano ponad dwa tysi\u0105ce um\u00f3w na prawie miliard z\u0142otych - przekaza\u0142 minister rozwoju i technologii Waldemar Buda. \u015arednia kwota Bezpiecznego kredytu 2 procent wynios\u0142a 367 517 z\u0142otych. Za\u0142o\u017cono ponad 1 tysi\u0105c Kont Mieszkaniowych.", "link": "https://tvn24.pl/biznes/nieruchomosci/nieruchomosci-program-pierwsze-mieszkanie-komentuje-waldemar-buda-7301307?source=rss", "date_published": "2023-08-21T18:07:59+00:00", "persistent": false, "dead": false, "artist": null, "album": null, "user": null, "language": "pl-PL", "thumbnail": null}, {"source": "https://tvn24.pl/wiadomosci-z-kraju,3.xml", "title": "PiS wci\u0105\u017c nie za\u0142agodzi\u0142 sporu z rolnikami. Magazyny ze zbo\u017cem nie zosta\u0142y opr\u00f3\u017cnione", "description": "<img alt=\"PiS wci\u0105\u017c nie za\u0142agodzi\u0142 sporu z rolnikami. Magazyny ze zbo\u017cem nie zosta\u0142y opr\u00f3\u017cnione\" src=\"https://fakty.tvn24.pl/najnowsze/cdn-zdjecie-6uanr3-pluska-papgrzegorz-michalowski-7301184/alternates/LANDSCAPE_1280\" />\n    Minister rolnictwa zapowiada\u0142, \u017ce poda si\u0119 do dymisji, je\u015bli nie poradzi sobie ze zbo\u017cem zalegaj\u0105cym w magazynach. Nie poradzi\u0142 sobie, cho\u0107 na do\u017cynkach zapewnia\u0142, \u017ce kryzys opanowa\u0142. Ale nie tak to widz\u0105 rolnicy, kt\u00f3rzy od miesi\u0119cy ostrzegali przed k\u0142opotami. Zaskoczeni mog\u0105 by\u0107 te\u017c emeryci, je\u015bli policzyli, kto w\u0142a\u015bciwie ma szans\u0119 na pe\u0142n\u0105 wyp\u0142at\u0119 tak zwanej czternastki.", "link": "https://fakty.tvn24.pl/zobacz-fakty/pis-wciaz-nie-zalagodzil-sporu-z-rolnikami-magazyny-ze-zbozem-nie-zostaly-oproznione-7301179?source=rss", "date_published": "2023-08-21T18:02:40+00:00", "persistent": false, "dead": false, "artist": null, "album": null, "user": null, "language": "pl-PL", "thumbnail": null}, {"source": "https://tvn24.pl/wiadomosci-z-kraju,3.xml", "title": "Pogoda na jutro - wtorek, 22.08. Noc\u0105 mo\u017ce si\u0119 lokalnie b\u0142yska\u0107, w dzie\u0144 do 32 stopni", "description": "<img alt=\"Pogoda na jutro - wtorek, 22.08. Noc\u0105 mo\u017ce si\u0119 lokalnie b\u0142yska\u0107, w dzie\u0144 do 32 stopni\" src=\"https://tvn24.pl/najnowsze/cdn-zdjecie-az4amx-noca-pojawia-sie-burze-5755354/alternates/LANDSCAPE_1280\" />\n    Pogoda na jutro, czyli na wtorek 22.08. W nocy pojawi\u0105 si\u0119 miejscami zanikaj\u0105ce burze, a tak\u017ce mg\u0142y ograniczaj\u0105ce widzialno\u015b\u0107. Dzie\u0144 zapowiada si\u0119 na og\u00f3\u0142 s\u0142oneczny, termometry poka\u017c\u0105 maksymalnie 32 stopnie Celsjusza.", "link": "https://tvn24.pl/tvnmeteo/pogoda/pogoda-na-jutro-wtorek-2208-noca-moze-sie-lokalnie-blyskac-w-dzien-do-32-stopni-7301254?source=rss", "date_published": "2023-08-21T18:00:44+00:00", "persistent": false, "dead": false, "artist": null, "album": null, "user": null, "language": "pl-PL", "thumbnail": null}, {"source": "https://tvn24.pl/wiadomosci-z-kraju,3.xml", "title": "17-latek d\u017agni\u0119ty no\u017cem w brzuch", "description": "<img alt=\"17-latek d\u017agni\u0119ty no\u017cem w brzuch\" src=\"https://tvn24.pl/tvnwarszawa/najnowsze/cdn-zdjecie-jsm9dx-interweniowala-straz-miejska-zdjecie-ilustracyjne-7253315/alternates/LANDSCAPE_1280\" />\n    Do rozboju z u\u017cyciem no\u017ca dosz\u0142o w weekend na Ochocie. M\u0142ody m\u0119\u017cczyzna zosta\u0142 ranny w brzuch. Stra\u017cnicy miejscy udzielili mu pierwszej pomocy i pomogli policji schwyta\u0107 jednego z podejrzanych o napad.", "link": "https://tvn24.pl/tvnwarszawa/najnowsze/warszawa-chcieli-pieniedzy-nastolatkowe-odmowili-17-latek-zostal-powaznie-ranny-w-brzuch-7301259?source=rss", "date_published": "2023-08-21T17:46:24+00:00", "persistent": false, "dead": false, "artist": null, "album": null, "user": null, "language": "pl-PL", "thumbnail": null}, {"source": "https://tvn24.pl/wiadomosci-z-kraju,3.xml", "title": "\"Obywatele USA przebywaj\u0105cy na Bia\u0142orusi powinni natychmiast wyjecha\u0107\". Ambasada apeluje", "description": "<img alt=\"\" src=\"https://tvn24.pl/najnowsze/cdn-zdjecie-wrh7gs-minsk-7265728/alternates/LANDSCAPE_1280\" />\n    Obywatele USA, kt\u00f3rzy przebywaj\u0105 na Bia\u0142orusi, \"powinni natychmiast wyjecha\u0107\" - oznajmi\u0142a ambasada Stan\u00f3w Zjednoczonych w Mi\u0144sku na swojej stronie internetowej. Podkre\u015bli\u0142a te\u017c, \u017ce \"w\u0142adze bia\u0142oruskie stale u\u0142atwiaj\u0105 nieuzasadniony rosyjski atak na Ukrain\u0119\" oraz \u017ce w pa\u0144stwie tym wyst\u0119puj\u0105 \"arbitralne stosowanie miejscowego prawa, potencjalne niepokoje spo\u0142eczne, ryzyko zatrzymania\".", "link": "https://tvn24.pl/swiat/bialorus-ambasada-usa-obywatele-stanow-zjednoczonych-przebywajacy-na-bialorusi-powinni-natychmiast-wyjechac-7301199?source=rss", "date_published": "2023-08-21T16:55:26+00:00", "persistent": false, "dead": false, "artist": null, "album": null, "user": null, "language": "pl-PL", "thumbnail": null}, {"source": "https://tvn24.pl/wiadomosci-z-kraju,3.xml", "title": "Po\u017cary w Grecji. \"Mamy do czynienia z ekstremalnymi zjawiskami\"", "description": "<img alt=\"Po\u017cary w Grecji. \" src=\"https://tvn24.pl/tvnmeteo/najnowsze/cdn-zdjecie-14inoo-pozary-w-grecji-7301116/alternates/LANDSCAPE_1280\" />\n    W ci\u0105gu ostatniej doby w ca\u0142ej Grecji wybuch\u0142y \u0142\u0105cznie 64 po\u017cary. Z \u017cywio\u0142em walcz\u0105 setki stra\u017cak\u00f3w, a tak\u017ce samoloty ga\u015bnicze. Szczeg\u00f3lnie niebezpieczny po\u017car szaleje w pobli\u017cu miasta portowego Aleksandropolis. W\u0142adze Cypru maj\u0105 wys\u0142a\u0107 tam do pomocy swoje samoloty ga\u015bnicze.", "link": "https://tvn24.pl/tvnmeteo/swiat/grecja-pozary-wybuchlo-kilkadziesiat-pozarow-mamy-do-czynienia-z-ekstremalnymi-zjawiskami-7301094?source=rss", "date_published": "2023-08-21T16:14:34+00:00", "persistent": false, "dead": false, "artist": null, "album": null, "user": null, "language": "pl-PL", "thumbnail": null}, {"source": "https://tvn24.pl/wiadomosci-z-kraju,3.xml", "title": "Ponad 110 tysi\u0119cy firm zawiesi\u0142o dzia\u0142alno\u015b\u0107 w pierwszym p\u00f3\u0142roczu 2023 roku. \"Polska gospodarka jest w sytuacji recesyjnej\"", "description": "<img alt=\"Ponad 110 tysi\u0119cy firm zawiesi\u0142o dzia\u0142alno\u015b\u0107 w pierwszym p\u00f3\u0142roczu 2023 roku. \" src=\"https://fakty.tvn24.pl/najnowsze/cdn-zdjecie-pemsts-2108n237x-f16-sidorowicz-przedsiebiorstwa-000577-7301126/alternates/LANDSCAPE_1280\" />\n    Przez p\u00f3\u0142 roku w Polsce dzia\u0142alno\u015b\u0107 zawiesi\u0142o ju\u017c ponad 110 tysi\u0119cy firm. Najwi\u0119cej w bran\u017cach budowlanej i handlowej. Kolejne tysi\u0105ce czekaj\u0105 na rozpatrzenie wniosku o zawieszenie dzia\u0142alno\u015bci.", "link": "https://fakty.tvn24.pl/fakty-po-poludniu/ponad-110-tysiecy-firm-zawiesilo-dzialalnosc-w-pierwszym-polroczu-2023-roku-polska-gospodarka-jest-w-sytuacji-recesyjnej-7301131?source=rss", "date_published": "2023-08-21T15:49:24+00:00", "persistent": false, "dead": false, "artist": null, "album": null, "user": null, "language": "pl-PL", "thumbnail": null}, {"source": "https://tvn24.pl/wiadomosci-z-kraju,3.xml", "title": "Z Przasnysza, Makowa Mazowieckiego, Pu\u0142tuska i Serocka szybciej do stolicy. Jest przetarg", "description": "<img alt=\"Z Przasnysza, Makowa Mazowieckiego, Pu\u0142tuska i Serocka szybciej do stolicy. Jest przetarg\" src=\"https://tvn24.pl/tvnwarszawa/najnowsze/cdn-zdjecie-hv3eq4-pociagi-pojada-z-przasnysza-do-stolicy-7301090/alternates/LANDSCAPE_1280\" />", "link": "https://tvn24.pl/tvnwarszawa/najnowsze/z-przasnysza-makowa-mazowieckiego-pultuska-i-serocka-szybciej-do-stolicy-jest-przetarg-7301085?source=rss", "date_published": "2023-08-21T15:46:40+00:00", "persistent": false, "dead": false, "artist": null, "album": null, "user": null, "language": "pl-PL", "thumbnail": null}, {"source": "https://tvn24.pl/wiadomosci-z-kraju,3.xml", "title": "Ch\u0142opiec jecha\u0142 na rowerze poboczem ruchliwej drogi, za nim bieg\u0142a dziewczynka. Dzieci wybra\u0142y si\u0119 po \"zupk\u0119 chi\u0144sk\u0105\"", "description": "<img alt=\"Ch\u0142opiec jecha\u0142 na rowerze poboczem ruchliwej drogi, za nim bieg\u0142a dziewczynka. Dzieci wybra\u0142y si\u0119 po \" src=\"https://tvn24.pl/najnowsze/cdn-zdjecie-ju74in-rower-zdjecie-ilustracyjne-6900898/alternates/LANDSCAPE_1280\" />\n    Policjanci dostali zg\u0142oszenie o dwojgu ma\u0142ych dzieci bez opieki na ruchliwej drodze. Szybko znale\u017ali o\u015bmioletniego ch\u0142opca i sze\u015bcioletni\u0105 dziewczynk\u0119. Dzieci t\u0142umaczy\u0142y, \u017ce wybra\u0142y si\u0119 ze \u015awidnika do marketu w Lublinie po \"zupk\u0119 chi\u0144sk\u0105\".", "link": "https://tvn24.pl/bialystok/swidnik-lublin-chlopiec-jechal-na-rowerze-poboczem-ruchliwej-drogi-za-nim-biegla-dziewczynka-dzieci-wybraly-sie-po-zupke-chinska-7301160?source=rss", "date_published": "2023-08-21T15:44:12+00:00", "persistent": false, "dead": false, "artist": null, "album": null, "user": null, "language": "pl-PL", "thumbnail": null}, {"source": "https://tvn24.pl/wiadomosci-z-kraju,3.xml", "title": "Karambol pod Olsztynem. W\u015br\u00f3d poszkodowanych s\u0105 dzieci", "description": "<img alt=\"Karambol pod Olsztynem. W\u015br\u00f3d poszkodowanych s\u0105 dzieci\" src=\"https://tvn24.pl/najnowsze/cdn-zdjecie-wu1bya-wojtowo-7301127/alternates/LANDSCAPE_1280\" />\n    Pi\u0119\u0107 pojazd\u00f3w zderzy\u0142o si\u0119 w okolicach miejscowo\u015bci W\u00f3jtowo na drodze S16 pomi\u0119dzy Olsztynem i Barczewem. Cztery osoby, w tym dwoje dzieci, trafi\u0142y do szpitala. S\u0105 utrudnienia w ruchu.", "link": "https://tvn24.pl/polska/wojtowo-kolo-olsztyna-karambol-pieciu-samochodow-na-s16-wsrod-poszkodowanych-sa-dzieci-7301114?source=rss", "date_published": "2023-08-21T15:37:28+00:00", "persistent": false, "dead": false, "artist": null, "album": null, "user": null, "language": "pl-PL", "thumbnail": null}, {"source": "https://tvn24.pl/wiadomosci-z-kraju,3.xml", "title": "Bank centralny kupuje z\u0142oto. Nowe dane", "description": "<img alt=\"Bank centralny kupuje z\u0142oto. Nowe dane\" src=\"https://tvn24.pl/biznes/najnowsze/cdn-zdjecie-op67fy-zloto-sztabki-zlota-w-banku-4648982/alternates/LANDSCAPE_1280\" />\n    Narodowy Bank Polski (NBP) w lipcu kupi\u0142 z\u0142oto. Na koniec tego miesi\u0105ca posiada\u0142 blisko 9,3 miliona uncji z\u0142ota, czyli o 0,72 miliona uncji wi\u0119cej ni\u017c miesi\u0105c wcze\u015bniej - wynika z danych opublikowanych przez bank centralny.", "link": "https://tvn24.pl/biznes/pieniadze/nbp-kupuje-zloto-dane-za-lipiec-2023-7301112?source=rss", "date_published": "2023-08-21T15:35:31+00:00", "persistent": false, "dead": false, "artist": null, "album": null, "user": null, "language": "pl-PL", "thumbnail": null}, {"source": "https://tvn24.pl/wiadomosci-z-kraju,3.xml", "title": "Pakt senacki jest, paktu sejmowego nie b\u0119dzie? \"Nie ma potrzeby\"", "description": "<img alt=\"Pakt senacki jest, paktu sejmowego nie b\u0119dzie? \" src=\"https://fakty.tvn24.pl/najnowsze/cdn-zdjecie-jha6y7-2108n247x-f16-skalska-001950-7301040/alternates/LANDSCAPE_1280\" />\n    Opozycja og\u0142osi\u0142a pakt senacki. Teraz pojawia si\u0119 pytanie - co z paktem sejmowym? Lewica chce porozumienia w sprawie i stosownych um\u00f3w. Proponuje, \u017ceby inne partie podpisa\u0142y formalne zobowi\u0105zanie, \u017ce po wyborach b\u0119d\u0105 wsp\u00f3\u0142rz\u0105dzi\u0107 i ustal\u0105 list\u0119 priorytet\u00f3w, kt\u00f3rymi przysz\u0142y rz\u0105d mia\u0142by si\u0119 zaj\u0105\u0107.", "link": "https://fakty.tvn24.pl/fakty-po-poludniu/pakt-senacki-jest-paktu-sejmowego-nie-bedzie-nie-ma-potrzeby-7301053?source=rss", "date_published": "2023-08-21T15:34:38+00:00", "persistent": false, "dead": false, "artist": null, "album": null, "user": null, "language": "pl-PL", "thumbnail": null}, {"source": "https://tvn24.pl/wiadomosci-z-kraju,3.xml", "title": "Na \u017boliborzu powstanie nowy skwer. 100 drzew, kilkadziesi\u0105t tysi\u0119cy ro\u015blin i strefa zabaw", "description": "<img alt=\"Na \u017boliborzu powstanie nowy skwer. 100 drzew, kilkadziesi\u0105t tysi\u0119cy ro\u015blin i strefa zabaw \" src=\"https://tvn24.pl/tvnwarszawa/najnowsze/cdn-zdjecie-5un51s-na-zoliborzu-powstaje-skwer-krasinskiego-7301002/alternates/LANDSCAPE_1280\" />\n    Rozpoczyna si\u0119 budowa\u00a0skweru na \u017boliborzu. W pasie drogowym, wzd\u0142u\u017c Krasi\u0144skiego, pojawi\u0105 si\u0119 alejki, r\u00f3\u017cnorodna ziele\u0144 i strefa zabaw dla dzieci. - Zadanie b\u0119dzie realizowane etapami - informuj\u0105 urz\u0119dnicy.", "link": "https://tvn24.pl/tvnwarszawa/najnowsze/warszawa-na-zoliborzu-powstanie-nowy-skwer-7300997?source=rss", "date_published": "2023-08-21T14:47:13+00:00", "persistent": false, "dead": false, "artist": null, "album": null, "user": null, "language": "pl-PL", "thumbnail": null}, {"source": "https://tvn24.pl/wiadomosci-z-kraju,3.xml", "title": "Do Polski dotar\u0142a pierwsza korea\u0144ska wyrzutnia rakietowa K239 Chunmoo", "description": "<img alt=\"Do Polski dotar\u0142a pierwsza korea\u0144ska wyrzutnia rakietowa K239 Chunmoo \" src=\"https://tvn24.pl/najnowsze/cdn-zdjecie-gemwn1-k239-chunmoo-7301018/alternates/LANDSCAPE_1280\" />\n    Pierwszy egzemplarz wieloprowadnicowej wyrzutni rakietowej K239 Chunmoo przeznaczonego dla Wojska Polskiego dotar\u0142 do portu w Gda\u0144sku. Jak zapowiada\u0142 minister obrony Mariusz B\u0142aszczak, system mia\u0142 pojawi\u0107 si\u0119 w Polsce \"w pierwszej po\u0142owie sierpnia\", co umo\u017cliwi\u0142oby zaprezentowanie go na defiladzie z okazji \u015awi\u0119ta Wojska Polskiego. Ostatecznie pierwsza wyrzutnia trafi\u0142a do naszego kraju z kilkudniowym op\u00f3\u017anieniem, na kt\u00f3re z\u0142o\u017cy\u0142a si\u0119 mi\u0119dzy innymi akcja ratunkowa na Morzu \u015ar\u00f3dziemnym, w kt\u00f3rej bra\u0142 udzia\u0142 statek transportuj\u0105cy K239 Chunmoo - poinformowa\u0142 Portal Morski.", "link": "https://tvn24.pl/polska/wojsko-polskie-wyrzutnie-k239-chunmo-do-polski-dotarl-pierwszy-egzemplarz-7301036?source=rss", "date_published": "2023-08-21T14:42:37+00:00", "persistent": false, "dead": false, "artist": null, "album": null, "user": null, "language": "pl-PL", "thumbnail": null}, {"source": "https://tvn24.pl/wiadomosci-z-kraju,3.xml", "title": "Na zamku znale\u017ali nieznane pomieszczenie. \"Od oko\u0142o 200 lat nikt nie postawi\u0142 tam nogi\"", "description": "<img alt=\"Na zamku znale\u017ali nieznane pomieszczenie. \" src=\"https://tvn24.pl/najnowsze/cdn-zdjecie-ihby13-odkrycie-na-zamku-swiny-7300651/alternates/LANDSCAPE_1280\" />\n    Najpierw zbadali teren georadarem, ale to dopiero \"weryfikacja wykopaliskowa\" pozwoli\u0142a odkry\u0107 miejsce, w kt\u00f3rym nikogo nie by\u0142o prawdopodobnie od 200 lat. To \"kompletnie zachowana\" piwnica na Zamku \u015awiny (woj. dolno\u015bl\u0105skie). Warownia jest dost\u0119pna dla turyst\u00f3w, ale badania i prace rewitalizacyjne trwaj\u0105. Zamek mo\u017ce kry\u0107 jeszcze niejedn\u0105 tajemnic\u0119.", "link": "https://tvn24.pl/wroclaw/odkrycie-na-zamku-swiny-remontuja-zamek-natkneli-sie-na-nieznane-pomieszczenie-prawdopodobnie-od-200-lat-nikt-nie-zagladal-do-srodka-7300650?source=rss", "date_published": "2023-08-21T14:41:09+00:00", "persistent": false, "dead": false, "artist": null, "album": null, "user": null, "language": "pl-PL", "thumbnail": null}, {"source": "https://tvn24.pl/wiadomosci-z-kraju,3.xml", "title": "Tak rosn\u0105 stawki najmu mieszka\u0144 w najwi\u0119kszych miastach", "description": "<img alt=\"Tak rosn\u0105 stawki najmu mieszka\u0144 w najwi\u0119kszych miastach\" src=\"https://tvn24.pl/najnowsze/cdn-zdjecie-80zqzn-obok-zabudowy-jednorodzinnej-w-postaci-willi-miejskich-zbudowano-bloki-7143179/alternates/LANDSCAPE_1280\" />\n    W lipcu w miastach wojew\u00f3dzkich stawki najmu mieszka\u0144 wzros\u0142y \u015brednio o 1,5 procent wobec czerwca i o 8,5 procent rok do roku. Najwi\u0119kszy wzrost odnotowano w Tr\u00f3jmie\u015bcie oraz w Lublinie i Olsztynie.", "link": "https://tvn24.pl/biznes/nieruchomosci/polska-ceny-najmu-mieszkan-wzrosly-o-15-procent-miesiac-do-miesiaca-w-miastach-wojewodzkich-raport-z-rynku-najmu-7300959?source=rss", "date_published": "2023-08-21T14:24:02+00:00", "persistent": false, "dead": false, "artist": null, "album": null, "user": null, "language": "pl-PL", "thumbnail": null}, {"source": "https://tvn24.pl/wiadomosci-z-kraju,3.xml", "title": "Noworodek porwany ze szpitala. Policja zatrzyma\u0142a 30-letni\u0105 kobiet\u0119", "description": "<img alt=\"Noworodek porwany ze szpitala. Policja zatrzyma\u0142a 30-letni\u0105 kobiet\u0119\" src=\"https://tvn24.pl/najnowsze/cdn-zdjecie-jtt495-porod-domowy-jest-w-polsce-zgodny-z-prawem-6224086/alternates/LANDSCAPE_1280\" />\n    Indyjska policja prowadzi dochodzenie w sprawie porwania noworodka, kt\u00f3ry znikn\u0105\u0142 z oddzia\u0142u po\u0142o\u017cniczego zaledwie dwa dni po tym, jak si\u0119 urodzi\u0142. Odnalezienie porywaczki z dzieckiem zaj\u0119\u0142o s\u0142u\u017cbom osiem godzin, informuj\u0105 media.", "link": "https://tvn24.pl/swiat/indie-noworodek-porwany-ze-szpitala-zostal-odnaleziony-po-osmiu-godzinach-policja-zatrzymala-30-letnia-kobiete-7300860?source=rss", "date_published": "2023-08-21T14:21:08+00:00", "persistent": false, "dead": false, "artist": null, "album": null, "user": null, "language": "pl-PL", "thumbnail": null}, {"source": "https://tvn24.pl/wiadomosci-z-kraju,3.xml", "title": "Powietrze znad Sahary zn\u00f3w sp\u0142ywa do W\u0142och, na W\u0119grzech nawet 36 stopni", "description": "<img alt=\"Powietrze znad Sahary zn\u00f3w sp\u0142ywa do W\u0142och, na W\u0119grzech nawet 36 stopni\" src=\"https://tvn24.pl/tvnmeteo/najnowsze/cdn-zdjecie-nwjqd-wlochy-7300946/alternates/LANDSCAPE_1280\" />\n    Kolejna fala upa\u0142\u00f3w nawiedzi\u0142a W\u0142ochy. W tym tygodniu termometry mog\u0105 pokaza\u0107 miejscami prawie 40 stopni Celsjusza. Taka aura zwi\u0105zana jest z wy\u017cem Neron, kt\u00f3ry zaci\u0105ga do Starego Kontynentu gor\u0105ce powietrze znad Sahary. Spiekota daje si\u0119 we znaki r\u00f3wnie\u017c na W\u0119grzech.", "link": "https://tvn24.pl/tvnmeteo/swiat/upaly-w-europie-antycyklon-neron-powietrze-znad-sahary-znow-splywa-do-wloch-na-wegrzech-nawet-36-stopni-7300843?source=rss", "date_published": "2023-08-21T14:01:17+00:00", "persistent": false, "dead": false, "artist": null, "album": null, "user": null, "language": "pl-PL", "thumbnail": null}, {"source": "https://tvn24.pl/wiadomosci-z-kraju,3.xml", "title": "Niecodzienna akcja policjant\u00f3w. Musieli z\u0142apa\u0107 konie", "description": "<img alt=\"Niecodzienna akcja policjant\u00f3w. Musieli z\u0142apa\u0107 konie\" src=\"https://tvn24.pl/najnowsze/cdn-zdjecie-2nerqq-konie-udalo-sie-zlapac-7300949/alternates/LANDSCAPE_1280\" />\n    Na drodze wojew\u00f3dzkiej z Na\u0142\u0119czowa do Lublina w powiecie pu\u0142awskim biega\u0142y dwa konie. Z\u0142apali je policjanci, kt\u00f3rym pom\u00f3g\u0142 jeden z okolicznych mieszka\u0144c\u00f3w. Okaza\u0142o si\u0119, \u017ce zwierz\u0119ta uciek\u0142y z zagrody, bo sp\u0142oszy\u0142y si\u0119 s\u0142ysz\u0105c d\u017awi\u0119k kombajn\u00f3w, kt\u00f3re rano rozpocz\u0119\u0142y prac\u0119 na pobliskim polu.", "link": "https://tvn24.pl/bialystok/powiat-pulawski-policjanci-zlapali-konie-ktore-biegaly-po-drodze-wojewodzkiej-pomogl-jeden-z-mieszkancow-7300942?source=rss", "date_published": "2023-08-21T13:51:53+00:00", "persistent": false, "dead": false, "artist": null, "album": null, "user": null, "language": "pl-PL", "thumbnail": null}, {"source": "https://tvn24.pl/wiadomosci-z-kraju,3.xml", "title": "77-latek pr\u00f3bowa\u0142 gasi\u0107 p\u0142on\u0105c\u0105 traw\u0119 i drewno na swojej posesji. Zmar\u0142 w szpitalu. Mia\u0142 rozleg\u0142e oparzenia", "description": "<img alt=\"77-latek pr\u00f3bowa\u0142 gasi\u0107 p\u0142on\u0105c\u0105 traw\u0119 i drewno na swojej posesji. Zmar\u0142 w szpitalu. Mia\u0142 rozleg\u0142e oparzenia \" src=\"https://tvn24.pl/najnowsze/cdn-zdjecie-urjj1o-palila-sie-trawa-oraz-pryzma-drewna-7300891/alternates/LANDSCAPE_1280\" />\n    Nie \u017cyje 77-latek, kt\u00f3ry w gminie Wisznice (woj. lubelskie) chcia\u0142 zgasi\u0107 po\u017car na swojej posesji. Pali\u0142a si\u0119 trawa oraz pryzma drewna. W pewnym momencie upad\u0142. S\u0105siedzi pr\u00f3bowali go podnie\u015b\u0107, ale z uwagi na wysok\u0105 temperatur\u0119, im si\u0119 nie uda\u0142o. M\u0119\u017cczy\u017anie pomogli stra\u017cacy jednak dozna\u0142 on rozleg\u0142ych poparze\u0144.", "link": "https://tvn24.pl/bialystok/gmina-wisznice-77-latek-probowal-gasic-plonaca-trawe-i-pryzme-drewna-nie-zyje-7300889?source=rss", "date_published": "2023-08-21T13:46:51+00:00", "persistent": false, "dead": false, "artist": null, "album": null, "user": null, "language": "pl-PL", "thumbnail": null}, {"source": "https://tvn24.pl/wiadomosci-z-kraju,3.xml", "title": "\"Co prawda upa\u0142y nie odpuszczaj\u0105, ale uspokajam, to nie fatamorgana\"", "description": "<img alt=\"\" src=\"https://tvn24.pl/tvnwarszawa/najnowsze/cdn-zdjecie-c1znzx-w-sezonie-20232024-miejskie-ozdoby-swiateczne-nawiaza-do-lat-50-i-60-7300919/alternates/LANDSCAPE_1280\" />\n    Sto\u0142eczny ratusz poinformowa\u0142 w\u0142a\u015bnie o podpisaniu umowy na monta\u017c \u015bwi\u0105tecznej iluminacji. W sezonie 2023/2024 miejskie ozdoby \u015bwi\u0105teczne nawi\u0105\u017c\u0105 do lat 50. i 60. XX wieku.", "link": "https://tvn24.pl/tvnwarszawa/najnowsze/warszawa-iluminacja-swiateczna-na-sezon-20232024-jak-bedzie-wygladala-7300912?source=rss", "date_published": "2023-08-21T13:32:07+00:00", "persistent": false, "dead": false, "artist": null, "album": null, "user": null, "language": "pl-PL", "thumbnail": null}, {"source": "https://tvn24.pl/wiadomosci-z-kraju,3.xml", "title": "\u015amig\u0142owiec na pikniku \"dzi\u0119ki wsparciu\" wiceministra? Tak m\u00f3wi\u0142 w\u00f3jt, teraz \"nie ma wiedzy w tym temacie\"", "description": "<img alt=\"\u015amig\u0142owiec na pikniku \" src=\"https://tvn24.pl/polska/cdn-zdjecie-gebqpj-wojt-gminy-sonsk-jaroslaw-muchowski-7300863/alternates/LANDSCAPE_1280\" />\n    Dzi\u0119ki wsparciu MSWiA oraz wiceministra Macieja W\u0105sika g\u0142\u00f3wn\u0105 atrakcj\u0105 b\u0119dzie policyjny \u015bmig\u0142owiec Black Hawk - zapowiada\u0142 jeszcze w niedziel\u0119 w\u00f3jt gminy So\u0144sk Jaros\u0142aw Muchowski. W poniedzia\u0142ek w rozmowie z reporterem TVN24 powiedzia\u0142 jednak, \u017ce \"nie ma wiedzy\", czy W\u0105sik zorganizowa\u0142 ten \u015bmig\u0142owiec. Niebezpieczny przelot maszyny komentowali te\u017c w poniedzia\u0142ek politycy.", "link": "https://tvn24.pl/polska/sarnowa-gora-policyjny-smiglowiec-black-hawk-zahaczyl-o-linie-energetyczna-wojt-gminy-o-roli-wiceszefa-mswia-macieja-wasika-7300795?source=rss", "date_published": "2023-08-21T13:27:34+00:00", "persistent": false, "dead": false, "artist": null, "album": null, "user": null, "language": "pl-PL", "thumbnail": null}, {"source": "https://tvn24.pl/wiadomosci-z-kraju,3.xml", "title": "Porozrzucane wie\u0144ce i znicze na cmentarzu. Nie wiadomo, czy winni s\u0105 wandale, czy tr\u0105ba powietrzna", "description": "<img alt=\"Porozrzucane wie\u0144ce i znicze na cmentarzu. Nie wiadomo, czy winni s\u0105 wandale, czy tr\u0105ba powietrzna\" src=\"https://tvn24.pl/najnowsze/cdn-zdjecie-ysrg54-na-cmentarzu-porozrzucane-zostaly-kwiaty-wience-i-znicze-7300553/alternates/LANDSCAPE_1280\" />\n    Wykrzywiony krzy\u017c, wok\u00f3\u0142 porozrzucane kwiaty, wie\u0144ce i znicze. To wszystko widzimy na filmie nagranym przez policjant\u00f3w na cmentarzu komunalnym w miejscowo\u015bci Banie Mazurskie (woj. warmi\u0144sko-mazurskie). Ustalaj\u0105 oni, czy wszystko jest dzie\u0142em cz\u0142owieka czy mo\u017ce zjawiska atmosferycznego. Jeden ze \u015bwiadk\u00f3w m\u00f3wi\u0142 o tr\u0105bie powietrznej.", "link": "https://tvn24.pl/bialystok/goldap-porozrzucane-kwiaty-wience-i-znicze-na-cmentarzu-to-przez-wandali-lub-trabe-powietrzna-7300555?source=rss", "date_published": "2023-08-21T13:13:34+00:00", "persistent": false, "dead": false, "artist": null, "album": null, "user": null, "language": "pl-PL", "thumbnail": null}, {"source": "https://tvn24.pl/wiadomosci-z-kraju,3.xml", "title": "Skarb Pa\u0144stwa zaoferowa\u0142 prawie miliard z\u0142otych za Bogdank\u0119. Akcje mocno w g\u00f3r\u0119", "description": "<img alt=\"Skarb Pa\u0144stwa zaoferowa\u0142 prawie miliard z\u0142otych za Bogdank\u0119. Akcje mocno w g\u00f3r\u0119\" src=\"https://tvn24.pl/biznes/najnowsze/cdn-zdjecie-da4jbb-kopalnia-bogdanki-6112382/alternates/LANDSCAPE_1280\" />\n    Skarb Pa\u0144stwa z\u0142o\u017cy\u0142 ofert\u0119 za Lubelski W\u0119giel \"Bogdanka\" po 45 z\u0142otych za akcj\u0119, czyli za ponad 988 milion\u00f3w z\u0142otych - przekaza\u0142a sp\u00f3\u0142ka energetyczna Enea, kt\u00f3ra jest w\u0142a\u015bcicielem Bogdanki. W komunikacie dodano, \u017ce zap\u0142ata mia\u0142aby zosta\u0107 uregulowana w obligacjach skarbowych. Akcje Bogdanki zacz\u0119\u0142y po po\u0142udniu rosn\u0105\u0107 ponad 15 procent.", "link": "https://tvn24.pl/biznes/z-kraju/energetyka-enea-skarb-panstwa-zaoferowal-ponad-988-mln-zl-za-lw-bogdanka-7300897?source=rss", "date_published": "2023-08-21T13:13:15+00:00", "persistent": false, "dead": false, "artist": null, "album": null, "user": null, "language": "pl-PL", "thumbnail": null}, {"source": "https://tvn24.pl/wiadomosci-z-kraju,3.xml", "title": "Przekroczy\u0142 pr\u0119dko\u015b\u0107 i trafi\u0142 do wi\u0119zienia", "description": "<img alt=\"Przekroczy\u0142 pr\u0119dko\u015b\u0107 i trafi\u0142 do wi\u0119zienia\" src=\"https://tvn24.pl/tvnwarszawa/najnowsze/cdn-zdjecie-x2rnyi-kontrola-drogowa-6895712/alternates/LANDSCAPE_1280\" />\n    Jecha\u0142 za szybko i tym zwr\u00f3ci\u0142 na siebie policjant\u00f3w z drog\u00f3wki. Zosta\u0142 zatrzymany. Wszystko sko\u0144czy\u0142oby si\u0119 na mandacie, kt\u00f3ry - zgodnie z taryfikatorem - powinien wynie\u015b\u0107 300 z\u0142otych. Ale nie w tym przypadku. 24-latek po drogowej kontroli trafi\u0142 prosto do wi\u0119zienia, czeka go te\u017c proces.", "link": "https://tvn24.pl/tvnwarszawa/ulice/lipsko-przekroczyl-predkosc-i-trafil-do-wiezienia-7300849?source=rss", "date_published": "2023-08-21T13:06:25+00:00", "persistent": false, "dead": false, "artist": null, "album": null, "user": null, "language": "pl-PL", "thumbnail": null}, {"source": "https://tvn24.pl/wiadomosci-z-kraju,3.xml", "title": "Uciek\u0142, zostawiaj\u0105c w rozbitym aucie rannych pasa\u017cer\u00f3w. Jeden z nich, 16-latek, zmar\u0142", "description": "<img alt=\"Uciek\u0142, zostawiaj\u0105c w rozbitym aucie rannych pasa\u017cer\u00f3w. Jeden z nich, 16-latek, zmar\u0142\" src=\"https://tvn24.pl/tvnwarszawa/najnowsze/cdn-zdjecie-ei82vh-w-wypadku-zginal-16-letni-pasazer-7300823/alternates/LANDSCAPE_1280\" />\n    Samoch\u00f3d uderzy\u0142 w drzewo. Kierowca wydosta\u0142 si\u0119 z wraku i uciek\u0142, zostawiaj\u0105c rannych pasa\u017cer\u00f3w. Jeden z nich, 16-latek, nie prze\u017cy\u0142. Podejrzany o kierowanie autem nast\u0119pnego dnia sam si\u0119 zg\u0142osi\u0142.", "link": "https://tvn24.pl/tvnwarszawa/ulice/mlawa-uciekl-zostawiajac-w-rozbitym-aucie-rannych-pasazerow-jeden-z-nich-16-latek-zmarl-7300847?source=rss", "date_published": "2023-08-21T12:51:37+00:00", "persistent": false, "dead": false, "artist": null, "album": null, "user": null, "language": "pl-PL", "thumbnail": null}, {"source": "https://tvn24.pl/wiadomosci-z-kraju,3.xml", "title": "Du\u017ce zainteresowanie piwnicami pa\u0142acu Saskiego. Wyd\u0142u\u017cono godziny zwiedzania, zwi\u0119kszono limit os\u00f3b", "description": "<img alt=\"Du\u017ce zainteresowanie piwnicami pa\u0142acu Saskiego. Wyd\u0142u\u017cono godziny zwiedzania, zwi\u0119kszono limit os\u00f3b\" src=\"https://tvn24.pl/tvnwarszawa/najnowsze/cdn-zdjecie-hmsnr9-zwiedzanie-piwnic-palacu-saskiego-7300769/alternates/LANDSCAPE_1280\" />\n    Darmowe zwiedzanie piwnic pa\u0142acu Saskiego okaza\u0142o si\u0119 bardzo popularn\u0105 rozrywk\u0105 podczas tegorocznych wakacji. Sukces frekwencyjny zaskoczy\u0142 nawet organizatora wycieczek. Przez nieco ponad miesi\u0105c przewodnicy oprowadzili po piwnicach ponad trzy tysi\u0105ce os\u00f3b.", "link": "https://tvn24.pl/tvnwarszawa/najnowsze/warszawa-duze-zainteresowanie-piwnicami-palacu-saskiego-wydluzono-godziny-powiekszono-limit-osob-7300606?source=rss", "date_published": "2023-08-21T12:48:22+00:00", "persistent": false, "dead": false, "artist": null, "album": null, "user": null, "language": "pl-PL", "thumbnail": null}, {"source": "https://tvn24.pl/wiadomosci-z-kraju,3.xml", "title": "Karetka utkn\u0119\u0142a w parku. Zapad\u0142y si\u0119 pod ni\u0105 granitowe p\u0142yty", "description": "<img alt=\"Karetka utkn\u0119\u0142a w parku. Zapad\u0142y si\u0119 pod ni\u0105 granitowe p\u0142yty\" src=\"https://tvn24.pl/najnowsze/cdn-zdjecie-teshla-torun-pod-karetka-zapadly-sie-granitowe-plyty-7300568/alternates/LANDSCAPE_1280\" />\n    W Toruniu (woj. kujawsko-pomorskie) pod ci\u0119\u017carem karetki zapad\u0142y si\u0119 granitowe p\u0142yty. Interweniowa\u0142y s\u0142u\u017cby, kt\u00f3re pomog\u0142y w wyci\u0105gni\u0119ciu pojazdu. Poszkodowanego, do kt\u00f3rego zostali wezwani ratownicy, zabrano do szpitala zast\u0119pczym ambulansem.", "link": "https://tvn24.pl/pomorze/torun-ratownicy-medyczni-interweniowali-w-parku-nagle-pod-karetka-zapadly-sie-plyty-7300584?source=rss", "date_published": "2023-08-21T12:47:06+00:00", "persistent": false, "dead": false, "artist": null, "album": null, "user": null, "language": "pl-PL", "thumbnail": null}, {"source": "https://tvn24.pl/wiadomosci-z-kraju,3.xml", "title": "Ucieka\u0142 przed policj\u0105 na skuterze wodnym, by\u0142 pijany", "description": "<img alt=\"Ucieka\u0142 przed policj\u0105 na skuterze wodnym, by\u0142 pijany\" src=\"https://tvn24.pl/najnowsze/cdn-zdjecie-jrd297-nietrzezwy-sternik-skutera-wodnego-bez-uprawnien-zostal-zatrzymany-7300498/alternates/LANDSCAPE_1280\" />\n    Policjanci z Gda\u0144ska (woj. pomorskie) zatrzymali po po\u015bcigu pijanego 40-latka, kt\u00f3ry ucieka\u0142 na skuterze wodnym w okolicy pla\u017cy w Sopocie. M\u0119\u017cczyzna mia\u0142 ponad promil alkoholu w organizmie, a do tego prowadzi\u0142 bez uprawnie\u0144 i dowodu rejestracyjnego.", "link": "https://tvn24.pl/pomorze/sopot-uciekal-przed-policja-na-skuterze-wodnym-byl-pijany-7300505?source=rss", "date_published": "2023-08-21T12:37:17+00:00", "persistent": false, "dead": false, "artist": null, "album": null, "user": null, "language": "pl-PL", "thumbnail": null}, {"source": "https://tvn24.pl/wiadomosci-z-kraju,3.xml", "title": "Wie\u017ali \u015bwie\u017co \u015bci\u0119te konopie, w ich domach policjanci znale\u017ali narkotyki warte 850 tys. z\u0142", "description": "<img alt=\"Wie\u017ali \u015bwie\u017co \u015bci\u0119te konopie, w ich domach policjanci znale\u017ali narkotyki warte 850 tys. z\u0142\" src=\"https://tvn24.pl/najnowsze/cdn-zdjecie-izeom-lacznie-znaleziono-okolo-17-kilogramow-narkotykow-7300328/alternates/LANDSCAPE_1280\" />\n    Marihuana, haszysz i grzybki halucynogenne. Takie narkotyki zabezpieczyli policjanci, kt\u00f3rzy zatrzymali w okolicach Bia\u0142egostoku dw\u00f3ch mieszka\u0144c\u00f3w powiatu. Wie\u017ali w aucie kwiatostany suszu konopi wyci\u0119te na le\u015bnej plantacji. W ich domach mundurowi znale\u017ali s\u0142oiki, pude\u0142ka i opakowania pr\u00f3\u017cniowe z narkotykami. Ca\u0142o\u015b\u0107 o czarnorynkowej warto\u015bci oko\u0142o 850 tys. z\u0142.", "link": "https://tvn24.pl/bialystok/powiat-bialostocki-zatrzymali-35-i-40-latka-zabezpieczyli-narkotyki-warte-na-czarnym-rynku-okolo-850-tys-zl-7300324?source=rss", "date_published": "2023-08-21T12:07:54+00:00", "persistent": false, "dead": false, "artist": null, "album": null, "user": null, "language": "pl-PL", "thumbnail": null}, {"source": "https://tvn24.pl/wiadomosci-z-kraju,3.xml", "title": "Chc\u0105 wznie\u015b\u0107 jedyny w mie\u015bcie publiczny \u017c\u0142obek. Czekaj\u0105 na pieni\u0105dze z KPO", "description": "<img alt=\"Chc\u0105 wznie\u015b\u0107 jedyny w mie\u015bcie publiczny \u017c\u0142obek. Czekaj\u0105 na pieni\u0105dze z KPO\" src=\"https://tvn24.pl/najnowsze/cdn-zdjecie-d0mive-wladze-bielska-podlaskiego-chca-wybudowac-jedyny-w-miescie-publiczny-zlobek-7300715/alternates/LANDSCAPE_1280\" />\n    W Bielsku Podlaskim funkcjonuj\u0105 jedynie prywatne \u017c\u0142obki. Samorz\u0105d chce zbudowa\u0107 publiczny, co ma poch\u0142on\u0105\u0107 od 8 do 10 mln z\u0142. Jest wyznaczone miejsce i ko\u0144czy si\u0119 proces przygotowywania dokumentacji projektowej. Niezb\u0119dne s\u0105 jednak pieni\u0105dze - prawie 6,5 mln z\u0142 - przyznane miastu z Krajowego Planu Odbudowy, na kt\u00f3re samorz\u0105d wci\u0105\u017c czeka.", "link": "https://tvn24.pl/bialystok/bielsk-podlaski-wladze-chca-wzniesc-jedyny-w-miescie-publiczny-zlobek-czekaja-na-pieniadze-z-kpo-7300638?source=rss", "date_published": "2023-08-21T12:07:32+00:00", "persistent": false, "dead": false, "artist": null, "album": null, "user": null, "language": "pl-PL", "thumbnail": null}, {"source": "https://tvn24.pl/wiadomosci-z-kraju,3.xml", "title": "Po\u017car \u015bwidermajera. Konserwator zabytk\u00f3w zawiadamia prokuratur\u0119, stra\u017cacy m\u00f3wi\u0105 o mo\u017cliwym podpaleniu", "description": "<img alt=\"Po\u017car \u015bwidermajera. Konserwator zabytk\u00f3w zawiadamia prokuratur\u0119, stra\u017cacy m\u00f3wi\u0105 o mo\u017cliwym podpaleniu\" src=\"https://tvn24.pl/tvnwarszawa/najnowsze/cdn-zdjecie-jx5p9m-pozar-w-sulejowku-7299284/alternates/LANDSCAPE_1280\" />\n    Z\u0142o\u017cy\u0142em zawiadomienie do Prokuratury Rejonowej w Mi\u0144sku Mazowieckim o zniszczeniu zabytku oraz do Powiatowego Inspektora Nadzoru Budowlanego o zabezpieczenie i popraw\u0119 stanu technicznego obiektu - poinformowa\u0142 mazowiecki wojew\u00f3dzki konserwator zabytk\u00f3w prof. Jakub Lewicki. Chodzi o sobotni po\u017car zabytkowego \u015bwidermajera w Sulej\u00f3wku.", "link": "https://tvn24.pl/tvnwarszawa/okolice/sulejowek-pozar-swidermajera-konserwator-zabytkow-zawiadamia-prokurature-strazacy-mowia-o-mozliwym-podpaleniu-7300748?source=rss", "date_published": "2023-08-21T12:04:46+00:00", "persistent": false, "dead": false, "artist": null, "album": null, "user": null, "language": "pl-PL", "thumbnail": null}, {"source": "https://tvn24.pl/wiadomosci-z-kraju,3.xml", "title": "Rz\u0105d szykuje si\u0119 do wyp\u0142aty tak zwanej czternastej emerytury. Jest propozycja kwoty i terminu", "description": "<img alt=\"Rz\u0105d szykuje si\u0119 do wyp\u0142aty tak zwanej czternastej emerytury. Jest propozycja kwoty i terminu\" src=\"https://tvn24.pl/najnowsze/cdn-zdjecie-8gyges-shutterstock_1776949820-7300746/alternates/LANDSCAPE_1280\" />\n    Tak zwana 14. emerytura coraz bli\u017cej. Na rz\u0105dowych stronach pojawi\u0142y si\u0119 informacje o proponowanej wysoko\u015bci i terminie wyp\u0142aty \u015bwiadczenia.", "link": "https://tvn24.pl/biznes/dla-seniora/czternasta-emerytura-kwota-brutto-i-termin-wyplaty-jest-propozycja-rzadu-7300719?source=rss", "date_published": "2023-08-21T11:56:57+00:00", "persistent": false, "dead": false, "artist": null, "album": null, "user": null, "language": "pl-PL", "thumbnail": null}, {"source": "https://tvn24.pl/wiadomosci-z-kraju,3.xml", "title": "Chiny chc\u0105 rzuci\u0107 wyzwanie Zachodowi. Kilkadziesi\u0105t kraj\u00f3w na li\u015bcie", "description": "<img alt=\"Chiny chc\u0105 rzuci\u0107 wyzwanie Zachodowi. Kilkadziesi\u0105t kraj\u00f3w na li\u015bcie\" src=\"https://tvn24.pl/biznes/najnowsze/cdn-zdjecie-4t0xla-szanghaj-chiny-7300672/alternates/LANDSCAPE_1280\" />\n    Chiny naciskaj\u0105 na rozszerzenie bloku BRICS o kolejne pa\u0144stwa, aby sta\u0142 si\u0119 on pe\u0142nowymiarowym rywalem dla grupy G7 - napisa\u0142 \"Financial Times\". Brytyjski dziennik zauwa\u017cy\u0142, \u017ce temu pomys\u0142owi sprzeciwiaj\u0105 si\u0119 Indie. Wed\u0142ug \u017ar\u00f3de\u0142 agencji Reuters zainteresowanie przyst\u0105pieniem do BRICS wyrazi\u0142o ponad 40 kraj\u00f3w, cz\u0119\u015b\u0107 mia\u0142o formalnie poprosi\u0107 o akces. Obecnie do BRICS nale\u017c\u0105 Brazylia, Rosja, Indie, Chiny, RPA.", "link": "https://tvn24.pl/biznes/ze-swiata/brics-g7-chiny-chca-rozszerzenia-bloku-brics-kilkadziesiat-krajow-na-liscie-7300637?source=rss", "date_published": "2023-08-21T11:41:50+00:00", "persistent": false, "dead": false, "artist": null, "album": null, "user": null, "language": "pl-PL", "thumbnail": null}, {"source": "https://tvn24.pl/wiadomosci-z-kraju,3.xml", "title": "S\u0105 pieni\u0105dze na likwidacj\u0119 sk\u0142adowiska odpad\u00f3w w Przylepie. \"Miasto mo\u017ce przyst\u0105pi\u0107 do dzia\u0142a\u0144\"", "description": "<img alt=\"S\u0105 pieni\u0105dze na likwidacj\u0119 sk\u0142adowiska odpad\u00f3w w Przylepie. \" src=\"https://tvn24.pl/najnowsze/cdn-zdjecie-m96tpm-zgliszcza-magazynu-na-terenie-skladowiska-odpadow-w-zielonogorskim-przylepie-7284924/alternates/LANDSCAPE_1280\" />\n    43 miliony z\u0142otych na likwidacj\u0119 sk\u0142adowiska odpad\u00f3w w Przylepie (woj. lubuskie) trafi\u0142y do samorz\u0105du. Prezydent Zielonej G\u00f3ry liczy, \u017ce w ci\u0105gu kilku dni podpisana zostanie odpowiednia umowa i rozpocznie si\u0119 proces utylizacji.", "link": "https://tvn24.pl/poznan/przylep-sa-srodki-na-likwidacje-skladowiska-odpadow-7300658?source=rss", "date_published": "2023-08-21T11:40:50+00:00", "persistent": false, "dead": false, "artist": null, "album": null, "user": null, "language": "pl-PL", "thumbnail": null}, {"source": "https://tvn24.pl/wiadomosci-z-kraju,3.xml", "title": "Potr\u0105cenie rowerzystki. Rann\u0105 kobiet\u0119 zabra\u0142a karetka", "description": "<img alt=\"Potr\u0105cenie rowerzystki. Rann\u0105 kobiet\u0119 zabra\u0142a karetka\" src=\"https://tvn24.pl/tvnwarszawa/najnowsze/cdn-zdjecie-sfrdwq-wypadek-w-wesolej-7300572/alternates/LANDSCAPE_1280\" />\n    W Weso\u0142ej kierowca samochodu osobowego potr\u0105ci\u0142 rowerzystk\u0119. Na miejsce zadysponowano \u015bmig\u0142owiec Lotniczego Pogotowia Ratunkowego. Ostatecznie kobiet\u0119 zabra\u0142a karetka ko\u0142owa. Przyczyny wypadku wyja\u015bnia policja.", "link": "https://tvn24.pl/tvnwarszawa/najnowsze/warszawa-wesola-potracenie-rowerzystki-ranna-kobiete-zabrala-karetka-7300560?source=rss", "date_published": "2023-08-21T11:31:17+00:00", "persistent": false, "dead": false, "artist": null, "album": null, "user": null, "language": "pl-PL", "thumbnail": null}, {"source": "https://tvn24.pl/wiadomosci-z-kraju,3.xml", "title": "\"S\u0105 kilka d\u0142ugo\u015bci lepsze ni\u017c najlepsze postosowieckie\". B\u0142aszczak prezentuje nowe samoloty", "description": "<img alt=\"\" src=\"https://tvn24.pl/tvnwarszawa/najnowsze/cdn-zdjecie-bcroe4-prezentacja-samolotu-fa-50-w-minsku-mazowieckim-7300647/alternates/LANDSCAPE_1280\" />\n    W poniedzia\u0142ek w Mi\u0144sku Mazowieckim minister obrony narodowej zaprezentowa\u0142 po\u0142udniowokorea\u0144ski samolot szkolno-bojowy FA-50. Polska zam\u00f3wi\u0142a 48 egzemplarzy tej maszyny. Umowa na ich dostaw\u0119 zosta\u0142a zatwierdzona we wrze\u015bniu ubieg\u0142ego roku.", "link": "https://tvn24.pl/tvnwarszawa/najnowsze/minsk-mazowiecki-minister-blaszczak-prezentuje-nowe-samoloty-7300624?source=rss", "date_published": "2023-08-21T11:14:53+00:00", "persistent": false, "dead": false, "artist": null, "album": null, "user": null, "language": "pl-PL", "thumbnail": null}, {"source": "https://tvn24.pl/wiadomosci-z-kraju,3.xml", "title": "Akcja ratunkowa Tatrach. M\u0119\u017cczyzna upad\u0142 i zatrzyma\u0142 si\u0119 tu\u017c nad urwiskiem", "description": "<img alt=\"Akcja ratunkowa Tatrach. M\u0119\u017cczyzna upad\u0142 i zatrzyma\u0142 si\u0119 tu\u017c nad urwiskiem\" src=\"https://tvn24.pl/najnowsze/cdn-zdjecie-2ef24a-akcja-ratunkowa-hzs-7300630/alternates/LANDSCAPE_1280\" />\n    Ratownicy Horskiej Zachrannej S\u0142u\u017cby pomogli Polakowi, kt\u00f3ry w sobot\u0119 w okolicach szczytu Baranie Rogi niemal spad\u0142 z urwiska w przepa\u015b\u0107. Turysta mo\u017ce m\u00f3wi\u0107 o podw\u00f3jnym szcz\u0119\u015bciu, bo na miejscu by\u0142 akurat lekarz, kt\u00f3ry udzieli\u0142 mu pierwszej pomocy. M\u0119\u017cczyzna po upadku dozna\u0142 obra\u017ce\u0144 g\u0142owy i ko\u0144czyn, zosta\u0142 zabrany \u015bmig\u0142owcem.", "link": "https://tvn24.pl/krakow/tatry-slowacja-turysta-spadl-z-baranich-rogow-zatrzymal-sie-nad-urwiskiem-akcja-ratunkowa-hzs-7300639?source=rss", "date_published": "2023-08-21T11:12:31+00:00", "persistent": false, "dead": false, "artist": null, "album": null, "user": null, "language": "pl-PL", "thumbnail": null}, {"source": "https://tvn24.pl/wiadomosci-z-kraju,3.xml", "title": "Firma energetyczna rusza z kontrolami fotowoltaiki", "description": "<img alt=\"Firma energetyczna rusza z kontrolami fotowoltaiki\" src=\"https://tvn24.pl/najnowsze/cdn-zdjecie-qkyllo-panele-fotowoltaiczne-dom-shutterstock_1614190123-6961952/alternates/LANDSCAPE_1280\" />\n    Tauron Dystrybucja prowadzi kontrole mikroinstalacji fotowoltaicznych z powodu nadu\u017cy\u0107 klient\u00f3w - poinformowa\u0142a sp\u00f3\u0142ka w poniedzia\u0142ek. Tauron wskaza\u0142, \u017ce tylko na obszarze gliwickim wykry\u0142 ponad 1,5 tysi\u0105ca niepoprawnych nastaw falownik\u00f3w i 1,6 tysi\u0105ca przypadk\u00f3w przekrocze\u0144 mocy zainstalowanej.", "link": "https://tvn24.pl/biznes/z-kraju/energetyka-tauron-dystrybucja-prowadzi-kontrole-mikroinstalacji-fotowoltaicznych-7300544?source=rss", "date_published": "2023-08-21T11:11:37+00:00", "persistent": false, "dead": false, "artist": null, "album": null, "user": null, "language": "pl-PL", "thumbnail": null}, {"source": "https://tvn24.pl/wiadomosci-z-kraju,3.xml", "title": "Nurt w Wi\u015ble porwa\u0142 jednego z k\u0105pi\u0105cych si\u0119 m\u0119\u017cczyzn. Trwaj\u0105 poszukiwania", "description": "<img alt=\"Nurt w Wi\u015ble porwa\u0142 jednego z k\u0105pi\u0105cych si\u0119 m\u0119\u017cczyzn. Trwaj\u0105 poszukiwania\" src=\"https://tvn24.pl/najnowsze/cdn-zdjecie-cpmr4e-sluzby-poszukuja-39-latka-ktory-kapal-sie-w-wisle-7300237/alternates/LANDSCAPE_1280\" />\n    W Toruniu (woj. kujawsko-pomorskie) s\u0142u\u017cby od soboty poszukuj\u0105 39-latka, kt\u00f3ry k\u0105pa\u0142 si\u0119 w Wi\u015ble i zosta\u0142 porwany przez nurt rzeki. W poniedzia\u0142ek rano poszukiwania zosta\u0142y wznowione. Policja przestrzega przed k\u0105pielami w rzekach i zaleca korzystanie ze strze\u017conych k\u0105pielisk.", "link": "https://tvn24.pl/pomorze/torun-kapali-sie-w-wisle-jednego-z-nich-nagle-porwal-rzeczny-nurt-trwaja-poszukiwania-39-latka-7300245?source=rss", "date_published": "2023-08-21T11:04:19+00:00", "persistent": false, "dead": false, "artist": null, "album": null, "user": null, "language": "pl-PL", "thumbnail": null}, {"source": "https://tvn24.pl/wiadomosci-z-kraju,3.xml", "title": "Nie \u017cyje s\u0142ynny \"Cheems\". Pies znany z mem\u00f3w \"zasn\u0105\u0142 w pi\u0105tek rano podczas operacji\"", "description": "<img alt=\"Nie \u017cyje s\u0142ynny \" src=\"https://tvn24.pl/najnowsze/cdn-zdjecie-vuh1pu-cheems-pies-znany-z-memow-nie-zyje-7300603/alternates/LANDSCAPE_1280\" />\n    Nie \u017cyje \"Cheems\", pies znany z mem\u00f3w, kt\u00f3ry w rzeczywisto\u015bci wabi\u0142 si\u0119 \"Balltze\". S\u0142ynny czworon\u00f3g zmar\u0142 podczas operacji 18 sierpnia. O odej\u015bciu shiby-inu w sobot\u0119 poinformowa\u0142a za pomoc\u0105 medi\u00f3w spo\u0142eczno\u015bciowych jego opiekunka.", "link": "https://tvn24.pl/ciekawostki/nie-zyje-slynny-cheems-pies-znany-z-memow-balltze-zasnal-w-piatek-rano-podczas-operacji-7300563?source=rss", "date_published": "2023-08-21T10:54:29+00:00", "persistent": false, "dead": false, "artist": null, "album": null, "user": null, "language": "pl-PL", "thumbnail": null}, {"source": "https://tvn24.pl/wiadomosci-z-kraju,3.xml", "title": "Niebezpieczna pu\u0142apka na rowerzyst\u00f3w na Ursynowie. Kto\u015b powbija\u0142 gwo\u017adzie w \u015bcie\u017ck\u0119", "description": "<img alt=\"Niebezpieczna pu\u0142apka na rowerzyst\u00f3w na Ursynowie. Kto\u015b powbija\u0142 gwo\u017adzie w \u015bcie\u017ck\u0119\" src=\"https://tvn24.pl/tvnwarszawa/najnowsze/cdn-zdjecie-8sw0z5-gwozdzie-wystaja-ze-sciezki-rowerowej-7300473/alternates/LANDSCAPE_1280\" />\n    Na jednej z ursynowskich grup s\u0105siedzkich w mediach spo\u0142eczno\u015bciowych pojawi\u0142y si\u0119 zdj\u0119cia \u015bcie\u017cki rowerowej, z kt\u00f3rej wystaj\u0105 kilkucentymetrowe, ostre gwo\u017adzie. Jak informuje Zarz\u0105d Dr\u00f3g Miejskich, pracownicy pogotowia drogowego pojechali na miejsce, aby je usun\u0105\u0107.", "link": "https://tvn24.pl/tvnwarszawa/najnowsze/warszawa-pulapka-na-rowerzystow-na-ursynowie-ktos-powbijal-gwozdzie-w-sciezke-7300389?source=rss", "date_published": "2023-08-21T10:38:20+00:00", "persistent": false, "dead": false, "artist": null, "album": null, "user": null, "language": "pl-PL", "thumbnail": null}, {"source": "https://tvn24.pl/wiadomosci-z-kraju,3.xml", "title": "Kanada. Dziesi\u0105tki tysi\u0119cy ewakuowanych, tysi\u0105ce spalonych hektar\u00f3w", "description": "<img alt=\"Kanada. Dziesi\u0105tki tysi\u0119cy ewakuowanych, tysi\u0105ce spalonych hektar\u00f3w \" src=\"https://tvn24.pl/tvnmeteo/najnowsze/cdn-zdjecie-ta0c1l-pozary-w-kolumbii-brytyjskiej-7300503/alternates/LANDSCAPE_1280\" />\n    Kanada walczy z najgorszymi w historii kraju po\u017carami las\u00f3w. W prowincji Kolumbia Brytyjska nakazem ewakuacji obj\u0119to do tej pory ponad 35 tysi\u0119cy os\u00f3b, a jako\u015b\u0107 powietrza w wielu miastach by\u0142a niebezpieczna dla zdrowia. Pr\u00f3by opanowania ognia trwaj\u0105 tak\u017ce na p\u00f3\u0142nocy kraju w pobli\u017cu miasta Yellowknife.", "link": "https://tvn24.pl/tvnmeteo/swiat/pozary-w-kanadzie-dziesiatki-tysiecy-ewakuowanych-tysiace-spalonych-hektarow-7300406?source=rss", "date_published": "2023-08-21T10:35:16+00:00", "persistent": false, "dead": false, "artist": null, "album": null, "user": null, "language": "pl-PL", "thumbnail": null}, {"source": "https://tvn24.pl/wiadomosci-z-kraju,3.xml", "title": "10-latek uton\u0105\u0142 na strze\u017conej pla\u017cy. Policja przes\u0142uchuje \u015bwiadk\u00f3w i ratownik\u00f3w", "description": "<img alt=\"10-latek uton\u0105\u0142 na strze\u017conej pla\u017cy. Policja przes\u0142uchuje \u015bwiadk\u00f3w i ratownik\u00f3w\" src=\"https://tvn24.pl/najnowsze/cdn-zdjecie-oeno7d-do-tragedii-doszlo-na-strzezonym-kapielisku-7300456/alternates/LANDSCAPE_1280\" />\n    Po utoni\u0119ciu 10-latka na strze\u017conej pla\u017cy jeziora Sajmino w Kajkowie (woj. warmi\u0144sko-mazurskie) policja przes\u0142uchuje \u015bwiadk\u00f3w tragedii w tym ratownik\u00f3w, kt\u00f3rzy pe\u0142nili s\u0142u\u017cb\u0119 na k\u0105pielisku. Jak przekaza\u0142 prokurator rejonowy w Ostr\u00f3dzie Rafa\u0142 Kozi\u0144ski, na wtorek zaplanowano sekcj\u0119 zw\u0142ok dziecka.", "link": "https://tvn24.pl/pomorze/kajkowo-jezioro-sajmino-tragedia-na-strzezonej-plazy-nie-zyje-10-latek-policja-przesluchuje-ratownikow-7300445?source=rss", "date_published": "2023-08-21T10:08:44+00:00", "persistent": false, "dead": false, "artist": null, "album": null, "user": null, "language": "pl-PL", "thumbnail": null}, {"source": "https://tvn24.pl/wiadomosci-z-kraju,3.xml", "title": "Skazany 19-latek chcia\u0142 wyjecha\u0107 za granic\u0119 i przyszed\u0142 na policj\u0119 po sw\u00f3j telefon. Trafi\u0142 do wi\u0119zienia", "description": "<img alt=\"Skazany 19-latek chcia\u0142 wyjecha\u0107 za granic\u0119 i przyszed\u0142 na policj\u0119 po sw\u00f3j telefon. Trafi\u0142 do wi\u0119zienia\" src=\"https://tvn24.pl/najnowsze/cdn-zdjecie-qjazok-przyszedl-na-komende-odebrac-telefon-komorkowy-zdjecie-ilustracyjne-7300247/alternates/LANDSCAPE_1280\" />\n    19-latek z gminy Sosnowica (woj. lubelskie) podkrada\u0142 matce pieni\u0105dze. \u0141\u0105cznie ponad 27 tys. z\u0142. Przyzna\u0142, \u017ce jest uzale\u017cniony od hazardu. Gdy przyszed\u0142 na komend\u0119, \u017ceby odebra\u0107 sw\u00f3j \u2013 zabezpieczonym w czasie czynno\u015bci \u2013 telefon, policjanci dostali akurat korespondencj\u0119 z s\u0105du, z kt\u00f3rej wynika\u0142o, \u017ce m\u0119\u017cczyzna zosta\u0142 skazany na p\u00f3\u0142tora roku wi\u0119zienia. Zawie\u017ali go do zak\u0142adu karnego. Nast\u0119pnego dnia planowa\u0142 wyjecha\u0107 za granic\u0119.", "link": "https://tvn24.pl/bialystok/gmina-sosnowica-chcial-wyjechac-za-granice-gdy-byl-na-komendzie-policjanci-zawiezli-go-do-zakladu-karnego-7300224?source=rss", "date_published": "2023-08-21T09:46:38+00:00", "persistent": false, "dead": false, "artist": null, "album": null, "user": null, "language": "pl-PL", "thumbnail": null}, {"source": "https://tvn24.pl/wiadomosci-z-kraju,3.xml", "title": "Ratownicy medyczni bez dodatk\u00f3w za prac\u0119 w nocy i \u015bwi\u0119ta. \"Powsta\u0142a luka prawna\"", "description": "<img alt=\"Ratownicy medyczni bez dodatk\u00f3w za prac\u0119 w nocy i \u015bwi\u0119ta. \" src=\"https://tvn24.pl/tvnwarszawa/najnowsze/cdn-zdjecie-80y6lz-karetka-w01-001-przed-izba-przyjec-szpitala-orlowskiego-7183536/alternates/LANDSCAPE_1280\" />\n    Sto\u0142eczni ratownicy medyczni stracili dodatki do wynagrodzenia za prac\u0119 w nocy i \u015bwi\u0119ta. Przys\u0142ugiwa\u0142y im w zwi\u0105zku z epidemi\u0105 Covid 19. Stan zagro\u017cenia epidemicznego zniesiono 30 czerwca. Resort zdrowia podtrzymuje swoje wcze\u015bniejsze deklaracje i zapewnia, \u017ce dodatki powinny by\u0107 nadal wyp\u0142acane jako sta\u0142y element wynagrodzenia. Jednak projekt ustawy z zapisami gwarantuj\u0105cymi ich wyp\u0142at\u0119 jest dopiero procedowany w Sejmie, a termin wej\u015bcia w \u017cycie samej ustawy nie jest znany. Problem z dodatkowym wynagrodzeniem dotyczy ratownik\u00f3w tak\u017ce w innych miastach. \u2013 Pensje za lipiec s\u0105 ni\u017csze nawet o 30 proc. \u2013 alarmuj\u0105 ratownicy.", "link": "https://tvn24.pl/tvnwarszawa/najnowsze/warszawa-ratownicy-medyczni-bez-dodatkow-za-prace-w-nocy-i-swieta-7300060?source=rss", "date_published": "2023-08-21T09:39:16+00:00", "persistent": false, "dead": false, "artist": null, "album": null, "user": null, "language": "pl-PL", "thumbnail": null}, {"source": "https://tvn24.pl/wiadomosci-z-kraju,3.xml", "title": "M\u0142odzi rodzice z zarzutami po \u015bmierci pi\u0119ciomiesi\u0119cznego dziecka. Byli pijani", "description": "<img alt=\"M\u0142odzi rodzice z zarzutami po \u015bmierci pi\u0119ciomiesi\u0119cznego dziecka. Byli pijani\" src=\"https://tvn24.pl/najnowsze/cdn-zdjecie-dlatur-na-malarie-co-dwie-minuty-umiera-jedno-dziecko-6985787/alternates/LANDSCAPE_1280\" />\n    Rodzice niemowl\u0119cia, kt\u00f3re zmar\u0142o w sobot\u0119 we wsi Brzezowa na Podkarpaciu, us\u0142yszeli zarzuty nara\u017cenia dziecka na niebezpiecze\u0144stwo. Jak poinformowa\u0142a prokuratura, 22-letnia kobieta i 24-letni opiekowali si\u0119 pi\u0119ciomiesi\u0119czn\u0105 c\u00f3rk\u0105 w stanie upojenia alkoholowego. Gdy do ich domu przyjecha\u0142y s\u0142u\u017cby, matka mia\u0142a 1,5 promila alkoholu w organizmie, a ojciec jeden promil. - Pili na pewno wieczorem lub noc\u0105, ich stan wskazywa\u0142 na wypicie niema\u0142ej ilo\u015bci alkoholu - powiedzia\u0142a nam prokurator Gra\u017cyna Krzy\u017canowska. \u015aledczy zawnioskowali o areszt.", "link": "https://tvn24.pl/krakow/brzezowa-smierc-niemowlecia-rodzice-z-zarzutami-prokuratura-ustala-przyczyne-rodzinnej-tragedii-7300193?source=rss", "date_published": "2023-08-21T09:11:35+00:00", "persistent": false, "dead": false, "artist": null, "album": null, "user": null, "language": "pl-PL", "thumbnail": null}, {"source": "https://tvn24.pl/wiadomosci-z-kraju,3.xml", "title": "M\u0142odzi rodzice zatrzymani po \u015bmierci pi\u0119ciomiesi\u0119cznego dziecka", "description": "<img alt=\"M\u0142odzi rodzice zatrzymani po \u015bmierci pi\u0119ciomiesi\u0119cznego dziecka \" src=\"https://tvn24.pl/najnowsze/cdn-zdjecie-dlatur-na-malarie-co-dwie-minuty-umiera-jedno-dziecko-6985787/alternates/LANDSCAPE_1280\" />\n    Prokuratura bada okoliczno\u015bci \u015bmierci pi\u0119ciomiesi\u0119cznego dziecka we wsi Brzezowa na Podkarpaciu. Do tragedii dosz\u0142o w sobot\u0119, s\u0142u\u017cby powiadomi\u0142 jeden z cz\u0142onk\u00f3w rodziny. Mimo pr\u00f3by reanimacji dziewczynki nie uda\u0142o si\u0119 uratowa\u0107. Policja zatrzyma\u0142a rodzic\u00f3w, kt\u00f3rzy w chwili interwencji byli pijani. Przyczyny \u015bmierci niemowl\u0119cia wyka\u017ce sekcja zw\u0142ok.", "link": "https://tvn24.pl/krakow/brzezowa-smierc-niemowlecia-rodzice-zatrzymani-prokuratura-ustala-przyczyne-rodzinnej-tragedii-7300193?source=rss", "date_published": "2023-08-21T09:11:35+00:00", "persistent": false, "dead": false, "artist": null, "album": null, "user": null, "language": "pl-PL", "thumbnail": null}, {"source": "https://tvn24.pl/wiadomosci-z-kraju,3.xml", "title": "Hollywood w deszczu, Dolina \u015amierci pod wod\u0105. Burza tropikalna Hilary w Kalifornii", "description": "<img alt=\"Hollywood w deszczu, Dolina \u015amierci pod wod\u0105. Burza tropikalna Hilary w Kalifornii\" src=\"https://tvn24.pl/tvnmeteo/najnowsze/cdn-zdjecie-tlq6jp-burza-hilary-dotarla-do-kalifornii-7300198/alternates/LANDSCAPE_1280\" />\n    Burza tropikalna Hilary uderzy\u0142a w Meksyk i Stany Zjednoczone. W wielu miastach dosz\u0142o do niebezpiecznych podtopie\u0144, a strumienie wody opadowej sp\u0142yn\u0119\u0142y nawet Dolin\u0105 \u015amierci. Mieszka\u0144c\u00f3w Los Angeles zaskoczy\u0142o tak\u017ce trz\u0119sienie ziemi, do kt\u00f3rego dosz\u0142o w niedzielne popo\u0142udnie.", "link": "https://tvn24.pl/tvnmeteo/swiat/kalifornia-stany-zjednoczone-burza-tropikalna-hilary-hollywood-w-deszczu-dolina-smierci-pod-woda-trzesienie-ziemi-7300160?source=rss", "date_published": "2023-08-21T09:07:05+00:00", "persistent": false, "dead": false, "artist": null, "album": null, "user": null, "language": "pl-PL", "thumbnail": null}, {"source": "https://tvn24.pl/wiadomosci-z-kraju,3.xml", "title": "Dwie dziewczynki pogryzione przez psa. \"Wydosta\u0142 si\u0119 z posesji\"", "description": "<img alt=\"Dwie dziewczynki pogryzione przez psa. \" src=\"https://tvn24.pl/najnowsze/cdn-zdjecie-e4nok7-pies-pogryzl-dwie-dziewczynki-zdjecie-ilustracyjne-7300342/alternates/LANDSCAPE_1280\" />\n    W podwarszawskim Pruszkowie sze\u015bciolatka i o\u015bmiolatka zosta\u0142y pogryzione przez psa rasy amstaff. Obie trafi\u0142y do szpitala. Spraw\u0105 zajmuje si\u0119 policja.", "link": "https://tvn24.pl/tvnwarszawa/najnowsze/pruszkow-dwie-dziewczynki-pogryzione-przez-psa-7300333?source=rss", "date_published": "2023-08-21T09:01:57+00:00", "persistent": false, "dead": false, "artist": null, "album": null, "user": null, "language": "pl-PL", "thumbnail": null}, {"source": "https://tvn24.pl/wiadomosci-z-kraju,3.xml", "title": "Twierdzi\u0142, \u017ce znalaz\u0142 martwego koleg\u0119 i pobieg\u0142 po pomoc do s\u0105siada. Odpowie za zab\u00f3jstwo", "description": "<img alt=\"Twierdzi\u0142, \u017ce znalaz\u0142 martwego koleg\u0119 i pobieg\u0142 po pomoc do s\u0105siada. Odpowie za zab\u00f3jstwo\" src=\"https://tvn24.pl/najnowsze/cdn-zdjecie-otleie-trwaja-poszukiwania-sprawcy-7198710/alternates/LANDSCAPE_1280\" />\n    Do\u017cywotnie wi\u0119zienie grozi 25-latkowi, kt\u00f3ry w gminie Kroczyce ko\u0142o Zawiercia (woj. \u015bl\u0105skie) mia\u0142 zabi\u0107 swojego 52-letniego koleg\u0119. Wed\u0142ug ustale\u0144 policjant\u00f3w m\u0119\u017cczyzna wszed\u0142 do jego domu i kilkukrotnie d\u017agn\u0105\u0142 go no\u017cem. 25-latek m\u00f3wi\u0142 wcze\u015bniej \u015bledczym, \u017ce znalaz\u0142 swojego starszego koleg\u0119 nieprzytomnego, po czym pobieg\u0142 do najbli\u017cszego s\u0105siada, by wezwa\u0107 pomoc.", "link": "https://tvn24.pl/katowice/kroczyce-zarzut-zabojstwa-dla-25-latka-po-smierci-jego-52-letniego-kolegi-wczesniej-twierdzil-ze-tylko-znalazl-cialo-7300259?source=rss", "date_published": "2023-08-21T08:59:28+00:00", "persistent": false, "dead": false, "artist": null, "album": null, "user": null, "language": "pl-PL", "thumbnail": null}, {"source": "https://tvn24.pl/wiadomosci-z-kraju,3.xml", "title": "Nie \u017cyje Ron Cephas Jones. Aktor, znany m.in. z serialu \"Tacy jeste\u015bmy\", zmar\u0142 w wieku 66 lat", "description": "<img alt=\"Nie \u017cyje Ron Cephas Jones. Aktor, znany m.in. z serialu \" src=\"https://tvn24.pl/najnowsze/cdn-zdjecie-dr8pbb-ron-cephas-jones-nie-zyje-7300091/alternates/LANDSCAPE_1280\" />\n    Nie \u017cyje Ron Cephas Jones, ameryka\u0144ski aktor teatralny i telewizyjny. Mi\u0119dzynarodow\u0105 s\u0142aw\u0119 przynios\u0142a mu rola Williama \"Shakespeare'a\" Hilla w serialu \"Tacy jeste\u015bmy\", za kt\u00f3r\u0105 otrzyma\u0142 dwie statuetki Emmy. O \u015bmierci 66-latka poinformowa\u0142 w niedziel\u0119 jego menad\u017cer Dan Spilo.", "link": "https://tvn24.pl/kultura-i-styl/ron-cephas-jones-nie-zyje-aktor-znany-z-serialu-tacy-jestesmy-zmarl-w-wieku-66-lat-7300167?source=rss", "date_published": "2023-08-21T07:58:17+00:00", "persistent": false, "dead": false, "artist": null, "album": null, "user": null, "language": "pl-PL", "thumbnail": null}, {"source": "https://tvn24.pl/wiadomosci-z-kraju,3.xml", "title": "Du\u017ca wygrana w Lotto. Podano, gdzie pad\u0142a", "description": "<img alt=\"Du\u017ca wygrana w Lotto. Podano, gdzie pad\u0142a\" src=\"https://tvn24.pl/najnowsze/cdn-zdjecie-fpmpdt-gizycko-mazury-kisajno-7300191/alternates/LANDSCAPE_1280\" />\n    W sobotnim losowaniu Lotto pad\u0142a g\u0142\u00f3wna wygrana w wysoko\u015bci blisko 6 milion\u00f3w z\u0142otych. Sz\u00f3stk\u0119 odnotowano w Gi\u017cycku - wynika z informacji dost\u0119pnych na stronie Totalizatora Sportowego.", "link": "https://tvn24.pl/biznes/pieniadze/gizycko-szostka-wlotto-w-gizycku-wyniki-losowania-lotto-190823-7300183?source=rss", "date_published": "2023-08-21T07:56:03+00:00", "persistent": false, "dead": false, "artist": null, "album": null, "user": null, "language": "pl-PL", "thumbnail": null}, {"source": "https://tvn24.pl/wiadomosci-z-kraju,3.xml", "title": "Po\u017car na Teneryfie. Ogie\u0144 zniszczy\u0142 ponad po\u0142ow\u0119 drzewostan\u00f3w", "description": "<img alt=\"Po\u017car na Teneryfie. Ogie\u0144 zniszczy\u0142 ponad po\u0142ow\u0119 drzewostan\u00f3w\" src=\"https://tvn24.pl/tvnmeteo/najnowsze/cdn-zdjecie-yhonp7-pozary-na-teneryfie-7300135/alternates/LANDSCAPE_1280\" />\n    Na Teneryfie trwaj\u0105 pr\u00f3by opanowania gigantycznego po\u017caru, kt\u00f3ry od prawie tygodnia trawi lasy. Stra\u017cacy maj\u0105 nadziej\u0119, \u017ce bardziej sprzyjaj\u0105ce warunki meteorologiczne pomog\u0105 w walce z \u017cywio\u0142em. Do tej pory p\u0142omienie poch\u0142on\u0119\u0142y ponad po\u0142ow\u0119 drzewostan\u00f3w na wyspie.", "link": "https://tvn24.pl/tvnmeteo/swiat/teneryfa-walka-z-pozarem-ogien-zniszczyl-ponad-polowe-drzewostanow-7300085?source=rss", "date_published": "2023-08-21T07:38:06+00:00", "persistent": false, "dead": false, "artist": null, "album": null, "user": null, "language": "pl-PL", "thumbnail": null}, {"source": "https://tvn24.pl/wiadomosci-z-kraju,3.xml", "title": "\u015awiat\u0142a pami\u0119ci ku czci ofiar akcji likwidacyjnej bia\u0142ostockiego getta", "description": "<img alt=\"\u015awiat\u0142a pami\u0119ci ku czci ofiar akcji likwidacyjnej bia\u0142ostockiego getta\" src=\"https://tvn24.pl/najnowsze/cdn-zdjecie-7bo5j1-uczcili-ofiary-akcji-likwidacyjnej-bialostockiego-getta-7300080/alternates/LANDSCAPE_1280\" />\n    \u015awiat\u0142a pami\u0119ci ku czci ofiar akcji likwidacyjnej bia\u0142ostockiego getta zap\u0142on\u0119\u0142y w niedzielny wiecz\u00f3r na torach kolejowych w pobli\u017cu dawnego Dworca Poleskiego, z kt\u00f3rego do oboz\u00f3w koncentracyjnych odje\u017cd\u017ca\u0142y niemieckie transporty \u017byd\u00f3w.", "link": "https://tvn24.pl/bialystok/bialystok-swiatla-pamieci-ku-czci-ofiar-akcji-likwidacyjnej-getta-7299880?source=rss", "date_published": "2023-08-21T06:43:43+00:00", "persistent": false, "dead": false, "artist": null, "album": null, "user": null, "language": "pl-PL", "thumbnail": null}, {"source": "https://tvn24.pl/wiadomosci-z-kraju,3.xml", "title": "Mo\u0142dawia nie wpu\u015bci\u0142a Gorana Bregovicia. \"Byli\u015bmy bardzo rozczarowani\". Belgrad \u017c\u0105da wyja\u015bnie\u0144", "description": "<img alt=\"Mo\u0142dawia nie wpu\u015bci\u0142a Gorana Bregovicia. \" src=\"https://tvn24.pl/najnowsze/cdn-zdjeciec78479f7ad030fa4186509489fb958f1-goran-bregovic-gra-od-lat-tam-gdzie-mu-zaplaca-3807790/alternates/LANDSCAPE_1280\" />\n    Kompozytorowi Goranowi Bregoviciowi, kt\u00f3ry w niedziel\u0119 wyl\u0105dowa\u0142 na lotnisku w Kiszyniowie, odm\u00f3wiono wjazdu do Mo\u0142dawii. Muzyk mia\u0142 wzi\u0105\u0107 udzia\u0142 w organizowanym w stolicy kraju festiwalu. Wyja\u015bnienia sprawy za\u017c\u0105da\u0142 minister spraw zagranicznych Serbii Ivica Daczi\u0107 - poda\u0142a agencja Tanjug.", "link": "https://tvn24.pl/swiat/goran-bregovic-nie-wpuszczony-do-moldawii-szef-serbskiej-dyplomacji-zada-wyjasnien-7299889?source=rss", "date_published": "2023-08-21T04:42:17+00:00", "persistent": false, "dead": false, "artist": null, "album": null, "user": null, "language": "pl-PL", "thumbnail": null}, {"source": "https://tvn24.pl/wiadomosci-z-kraju,3.xml", "title": "Utrudnienia dla kierowc\u00f3w w trzech dzielnicach", "description": "<img alt=\"Utrudnienia dla kierowc\u00f3w w trzech dzielnicach  \" src=\"https://tvn24.pl/najnowsze/cdn-zdjecie-a11ky1-prace-drogowe-zdjecie-ilustracyjne-7224541/alternates/LANDSCAPE_1280\" />\n    W zwi\u0105zku z pracami kolejarzy, tramwajarzy i wodoci\u0105gowc\u00f3w, a tak\u017ce remontem ulicy nale\u017cy spodziewa\u0107 si\u0119 utrudnie\u0144 na Pradze Po\u0142udnie, Mokotowie i Bia\u0142o\u0142\u0119ce. W tej ostatniej dzielnicy niekt\u00f3re linie autobusowe zostan\u0105 skierowane na objazd.", "link": "https://tvn24.pl/tvnwarszawa/najnowsze/warszawa-zmiany-w-ruchu-w-trzech-dzielnicach-7299491?source=rss", "date_published": "2023-08-21T04:40:22+00:00", "persistent": false, "dead": false, "artist": null, "album": null, "user": null, "language": "pl-PL", "thumbnail": null}, {"source": "https://tvn24.pl/wiadomosci-z-kraju,3.xml", "title": "Gdzie jest burza? Po po\u0142udniu zn\u00f3w k\u0142\u0119bi\u0105 si\u0119 ciemne chmury", "description": "<img alt=\"Gdzie jest burza? Po po\u0142udniu zn\u00f3w k\u0142\u0119bi\u0105 si\u0119 ciemne chmury\" src=\"https://tvn24.pl/tvnmeteo/najnowsze/cdn-zdjecie-iupsgc-burze-burza-z-piorunami-5194282/alternates/LANDSCAPE_1280\" />\n    Gdzie jest burza? W poniedzia\u0142ek 21.08 nad Polsk\u0105 pojawiaj\u0105 si\u0119 wy\u0142adowania atmosferyczne. Wiatr w porywach osi\u0105ga pr\u0119dko\u015b\u0107 do 70 kilometr\u00f3w na godzin\u0119, mo\u017cliwy jest grad. Sprawd\u017a, gdzie jest burza, i \u015bled\u017a aktualn\u0105 sytuacj\u0119 pogodow\u0105 w Polsce na tvnmeteo.pl.", "link": "https://tvn24.pl/tvnmeteo/pogoda/gdzie-jest-burza-burze-w-polsce-w-poniedzialek-2108-sprawdz-gdzie-jest-burza-aktualna-mapa-i-radar-burz-7299978?source=rss", "date_published": "2023-08-21T04:20:21+00:00", "persistent": false, "dead": false, "artist": null, "album": null, "user": null, "language": "pl-PL", "thumbnail": null}, {"source": "https://tvn24.pl/wiadomosci-z-kraju,3.xml", "title": "Sinice w Ba\u0142tyku. Zamkni\u0119to wi\u0119kszo\u015b\u0107 k\u0105pielisk w Tr\u00f3jmie\u015bcie", "description": "<img alt=\"Sinice w Ba\u0142tyku. Zamkni\u0119to wi\u0119kszo\u015b\u0107 k\u0105pielisk w Tr\u00f3jmie\u015bcie\" src=\"https://tvn24.pl/najnowsze/cdn-zdjecie-kormc7-baltyk-sinice-6086528/alternates/LANDSCAPE_1280\" />\n    Z danych G\u0142\u00f3wnego Inspektoratu Sanitarnego przekazanych w niedziel\u0119, 20 sierpnia, wynika, \u017ce na nadmorskich k\u0105pieliskach ponownie pojawi\u0142y si\u0119 sinice - problem dotyczy wi\u0119kszo\u015bci pla\u017c w Gdyni, Sopocie i Gda\u0144sku. Obowi\u0105zuje tam zakaz k\u0105pieli tak\u017ce rano w poniedzia\u0142ek, 21 sierpnia, dop\u00f3ki sanepid nie poda najnowszych informacji. Na pla\u017cy w \u0141ebie pojawi\u0142a si\u0119 tak\u017ce czerwona flaga, ale w zwi\u0105zku z bakteriami E. coli w wodzie.", "link": "https://tvn24.pl/pomorze/sinice-w-baltyku-2023-mapa-ktore-plaze-sa-zamkniete-21082023-7201785?source=rss", "date_published": "2023-08-21T04:10:00+00:00", "persistent": false, "dead": false, "artist": null, "album": null, "user": null, "language": "pl-PL", "thumbnail": null}, {"source": "https://tvn24.pl/wiadomosci-z-kraju,3.xml", "title": "Pi\u0119\u0107\u00a0rzeczy, kt\u00f3re warto wiedzie\u0107 21 sierpnia", "description": "<img alt=\"Pi\u0119\u0107\u00a0rzeczy, kt\u00f3re warto wiedzie\u0107 21 sierpnia\" src=\"https://tvn24.pl/tvnmeteo/najnowsze/cdn-zdjecie-jn88wm-pozar-na-teneryfie-7298743/alternates/LANDSCAPE_1280\" />\n    Niebezpieczny incydent z udzia\u0142em policyjnego \u015bmig\u0142owca Black Hawk na pikniku wojskowym, tragiczny wypadek autobusu z kibicami klubu pi\u0142karskiego Corinthians w Brazylii, pot\u0119\u017cne po\u017cary las\u00f3w w Grecji i na Teneryfie, zapowied\u017a przekazania my\u015bliwc\u00f3w F-16 Ukrainie przez Holandi\u0119 i\u00a0Dani\u0119, Jaros\u0142aw Kaczy\u0144ski o wysoko\u015bci 14. emerytury. Oto pi\u0119\u0107 rzeczy, kt\u00f3re warto dzi\u015b wiedzie\u0107.", "link": "https://tvn24.pl/polska/piecrzeczy-ktore-warto-wiedziec-21-sierpnia-2023-roku-7299913?source=rss", "date_published": "2023-08-21T03:40:02+00:00", "persistent": false, "dead": false, "artist": null, "album": null, "user": null, "language": "pl-PL", "thumbnail": null}, {"source": "https://tvn24.pl/wiadomosci-z-kraju,3.xml", "title": "Wszcz\u0119to \u015bledztwo w sprawie incydentu z policyjnym Black Hawkiem", "description": "<img alt=\"Wszcz\u0119to \u015bledztwo w sprawie incydentu z policyjnym Black Hawkiem\" src=\"https://tvn24.pl/najnowsze/cdn-zdjecie-38kgv9-incydent-podczas-pikniku-policyjny-smiglowiec-zahaczyl-o-linie-energetyczna-7299834/alternates/LANDSCAPE_1280\" />\n    Prokuratura wszcz\u0119\u0142a \u015bledztwo w sprawie incydentu z udzia\u0142em policyjnego Black Hawka. \u015amig\u0142owiec wczoraj przyczyni\u0142 si\u0119 do zerwania linii energetycznej podczas pikniku w Sarnowej G\u00f3rze. Policja przekaza\u0142a, \u017ce powiadomi\u0142a o wydarzeniu \u015bledczych oraz Komisj\u0119 Badania Wypadk\u00f3w Lotniczych Lotnictwa Pa\u0144stwowego. Czynno\u015bci prowadzi te\u017c Biuro Kontroli KGP. Na pikniku obecny by\u0142 wiceminister w resorcie spraw wewn\u0119trznych i administracji Maciej W\u0105sik.", "link": "https://tvn24.pl/polska/mazowieckie-incydent-podczas-pikniku-wojskowego-policyjny-smiglowiec-zahaczyl-o-linie-energetyczna-sledztwo-prokuratury-7299844?source=rss", "date_published": "2023-08-21T03:31:00+00:00", "persistent": false, "dead": false, "artist": null, "album": null, "user": null, "language": "pl-PL", "thumbnail": null}, {"source": "https://tvn24.pl/wiadomosci-z-kraju,3.xml", "title": "Ukrai\u0144cy wci\u0105\u017c czekaj\u0105 na czo\u0142gi. \"Nie mamy zasob\u00f3w do przeprowadzenia atak\u00f3w, o kt\u00f3re Zach\u00f3d b\u0142aga\"", "description": "<img alt=\"Ukrai\u0144cy wci\u0105\u017c czekaj\u0105 na czo\u0142gi. \" src=\"https://tvn24.pl/najnowsze/cdn-zdjecie-54t34t-leopard-2-7218475/alternates/LANDSCAPE_1280\" />\n    Rosyjska inwazja na Ukrain\u0119 trwa od 544 dni. Ukraina do tej pory dosta\u0142a tylko 60 czo\u0142g\u00f3w Leopard, zamiast obiecanych kilkuset - poda\u0142 w niedziel\u0119 brytyjski tygodnik \"The Economist\", powo\u0142uj\u0105c si\u0119 na \u017ar\u00f3d\u0142o w Sztabie Generalnym Si\u0142 Zbrojnych Ukrainy. Jak twierdzi portal tygodnika, wobec rozczarowuj\u0105cego tempa ukrai\u0144skiej kontrofensywy, to \u017ce zachodnia bro\u0144 nie jest dostarczana w takich ilo\u015bciach, jak to by\u0142o zapowiadane, jest szczeg\u00f3lnie frustruj\u0105ce dla w\u0142adz w Kijowie. Przedstawiciel biura prezydenta Wo\u0142odymyra Ze\u0142enskiego Serhij \u0141eszczenko przyzna\u0142, \u017ce jest to \"martwi\u0105ce i demotywuj\u0105ce\". W tvn24.pl relacjonujemy wydarzenia z i wok\u00f3\u0142 Ukrainy.", "link": "https://tvn24.pl/swiat/atak-rosji-na-ukraine-relacja-niedziela-20-sierpnia-2023-roku-7299929?source=rss", "date_published": "2023-08-21T03:18:17+00:00", "persistent": false, "dead": false, "artist": null, "album": null, "user": null, "language": "pl-PL", "thumbnail": null}, {"source": "https://tvn24.pl/wiadomosci-z-kraju,3.xml", "title": "Pogoda na dzi\u015b - poniedzia\u0142ek 21.08. Front nad cz\u0119\u015bci\u0105 Polski", "description": "<img alt=\"Pogoda na dzi\u015b - poniedzia\u0142ek 21.08. Front nad cz\u0119\u015bci\u0105 Polski\" src=\"https://tvn24.pl/tvnmeteo/najnowsze/cdn-zdjecie-gn9szk-burze-intensywne-opady-deszczu-5707113/alternates/LANDSCAPE_1280\" />\n    Poniedzia\u0142ek w niekt\u00f3rych regionach przyniesie przelotne opady deszczu i burze. W wi\u0119kszo\u015bci kraju aura dopisze przez ca\u0142y dzie\u0144. B\u0119dzie gor\u0105co, a miejscami tak\u017ce upalnie.", "link": "https://tvn24.pl/tvnmeteo/prognoza/pogoda-na-dzis-poniedzialek-2108-front-nad-czescia-polski-7299864?source=rss", "date_published": "2023-08-21T00:00:00+00:00", "persistent": false, "dead": false, "artist": null, "album": null, "user": null, "language": "pl-PL", "thumbnail": null}]