[{"source": "http://wiadomosci.gazeta.pl/pub/rss/wiadomosci_kraj.htm", "title": "Burmistrz Kcyni Marek Szaruga nie \u017cyje. Mia\u0142 59 lat. \"Wiadomo\u015b\u0107, w kt\u00f3r\u0105 trudno uwierzy\u0107\"", "description": "<img align=\"left\" hspace=\"4\" src=\"https://bi.im-g.pl/im/14/b5/1c/z30103060M,Burmistrz-Kcyni-Marek-Szaruga.jpg\" vspace=\"2\" />Nie \u017cyje burmistrz Kcyni Marek Szaruga. Samorz\u0105dowiec zmar\u0142 19 sierpnia podczas urlopu. \"To bardzo smutna wiadomo\u015b\u0107, w kt\u00f3r\u0105 jest nam nadal bardzo trudno uwierzy\u0107\" - napisa\u0142a poinformowa\u0142 urz\u0105d miasta.", "link": "https://wiadomosci.gazeta.pl/wiadomosci/7,114883,30103048,burmistrz-kcyni-marek-szaruga-nie-zyje-mial-59-lat-trudno.html?utm_source=RSS&utm_medium=RSS&utm_campaign=10663636", "date_published": "2023-08-21T20:46:00+00:00", "persistent": false, "dead": false, "artist": null, "album": null, "user": null, "language": "pl-PL", "thumbnail": null}, {"source": "http://wiadomosci.gazeta.pl/pub/rss/wiadomosci_kraj.htm", "title": "Karambol pod Olsztynem. W zderzeniu pi\u0119ciu pojazd\u00f3w ucierpia\u0142o sze\u015b\u0107 os\u00f3b. W\u015br\u00f3d nich s\u0105 dzieci", "description": "<img align=\"left\" hspace=\"4\" src=\"https://bi.im-g.pl/im/e7/b5/1c/z30103015M,Do-poteznego-karambolu-z-udzialem-pieciu-pojazdow-.jpg\" vspace=\"2\" />Na drodze krajowej nr 16 \u0142\u0105cz\u0105cej miejscowo\u015bci Olsztyn i Barczewo (woj. warmi\u0144sko-mazurskie) dosz\u0142o do pot\u0119\u017cnego karambolu. W zdarzeniu uczestniczy\u0142o a\u017c pi\u0119\u0107 pojazd\u00f3w. W wyniku zdarzenia sze\u015b\u0107 os\u00f3b odnios\u0142o obra\u017cenia, z czego cztery z nich wymaga\u0142y hospitalizacji. W\u015br\u00f3d poszkodowanych s\u0105 dzieci.", "link": "https://wiadomosci.gazeta.pl/wiadomosci/7,114883,30102990,karambol-pod-olsztynem-w-zderzeniu-pieciu-pojazdow-ucierpialo.html?utm_source=RSS&utm_medium=RSS&utm_campaign=10663636", "date_published": "2023-08-21T20:18:00+00:00", "persistent": false, "dead": false, "artist": null, "album": null, "user": null, "language": "pl-PL", "thumbnail": null}, {"source": "http://wiadomosci.gazeta.pl/pub/rss/wiadomosci_kraj.htm", "title": "B\u0142aszczak: Departament Stanu zatwierdzi\u0142 sprzeda\u017c Polsce 96 \u015bmig\u0142owc\u00f3w uderzeniowych AH-64E Apache", "description": "<img align=\"left\" hspace=\"4\" src=\"https://bi.im-g.pl/im/f6/b5/1c/z30103030M,AH-64E-Apache.jpg\" vspace=\"2\" />Minister obrony narodowej Mariusz B\u0142aszczak poinformowa\u0142, \u017ce ameryka\u0144ski Departament Stanu zatwierdzi\u0142 sprzeda\u017c Polsce 96 \u015bmig\u0142owc\u00f3w uderzeniowych AH-64E Apache.", "link": "https://wiadomosci.gazeta.pl/wiadomosci/7,114883,30103004,blaszczak-departament-stanu-zatwierdzil-sprzedaz-polsce-96.html?utm_source=RSS&utm_medium=RSS&utm_campaign=10663636", "date_published": "2023-08-21T19:52:00+00:00", "persistent": false, "dead": false, "artist": null, "album": null, "user": null, "language": "pl-PL", "thumbnail": null}, {"source": "http://wiadomosci.gazeta.pl/pub/rss/wiadomosci_kraj.htm", "title": "Tysi\u0105c z\u0142otych za nocleg pod Morskim Okiem. Biwakowicze naruszyli zakaz obowi\u0105zuj\u0105cy w TPN", "description": "<img align=\"left\" hspace=\"4\" src=\"https://bi.im-g.pl/im/91/b5/1c/z30102673M,Mezczyzni--ktorzy-biwakowali-w-poblizu-Morskiego-O.jpg\" vspace=\"2\" />\"Nocleg pod go\u0142ym niebem w rejonie Morskiego Oka kosztowa\u0142 tych pan\u00f3w 1000 z\u0142\" - napisa\u0142 na swoim Facebooku TPN, publikuj\u0105c zdj\u0119cie dw\u00f3ch m\u0119\u017cczyzn i ich dobytku. Zatrzymuj\u0105c si\u0119 na noc, tury\u015bci naruszyli zakaz maj\u0105cy chroni\u0107 przyrod\u0119 i zapewnia\u0107 bezpiecze\u0144stwo odwiedzaj\u0105cym.", "link": "https://wiadomosci.gazeta.pl/wiadomosci/7,114883,30102592,tysiac-zlotych-za-nocleg-pod-morskim-okiem-biwakowicze-naruszyli.html?utm_source=RSS&utm_medium=RSS&utm_campaign=10663636", "date_published": "2023-08-21T18:24:00+00:00", "persistent": false, "dead": false, "artist": null, "album": null, "user": null, "language": "pl-PL", "thumbnail": null}, {"source": "http://wiadomosci.gazeta.pl/pub/rss/wiadomosci_kraj.htm", "title": "Tarnobrzeg. Nie \u017cyje 12-latek znaleziony w stawie. Poszed\u0142 tam \u0142owi\u0107 ryby", "description": "<img align=\"left\" hspace=\"4\" src=\"https://bi.im-g.pl/im/90/73/1c/z29833360M,Tasma-policyjna---zdjecie-ilustracyjne.jpg\" vspace=\"2\" />W stawie w Tarnobrzegu znaleziono nieprzytomnego 12-latka. Mimo reanimacji nie uda\u0142o si\u0119 go uratowa\u0107. Najprawdopodobniej ch\u0142opiec uda\u0142 si\u0119 nad zbiornik wodny, poniewa\u017c chcia\u0142 \u0142owi\u0107 ryby.", "link": "https://wiadomosci.gazeta.pl/wiadomosci/7,114883,30102711,tarnobrzeg-nie-zyje-12-latek-znaleziony-w-stawie-poszedl-tam.html?utm_source=RSS&utm_medium=RSS&utm_campaign=10663636", "date_published": "2023-08-21T17:54:00+00:00", "persistent": false, "dead": false, "artist": null, "album": null, "user": null, "language": "pl-PL", "thumbnail": null}, {"source": "http://wiadomosci.gazeta.pl/pub/rss/wiadomosci_kraj.htm", "title": "Nied\u017awied\u017a goni\u0142 turyst\u00f3w w Tatrach. TPN t\u0142umaczy, co oznacza stawanie na dw\u00f3ch \u0142apach", "description": "<img align=\"left\" hspace=\"4\" src=\"https://bi.im-g.pl/im/ab/b5/1c/z30102443M,Niedzwiedz---zdjecie-ilustracyjne.jpg\" vspace=\"2\" />Tury\u015bci poruszaj\u0105cy si\u0119 po tatrza\u0144skiej Dolinie Jaworzynki prze\u017cyli szok, gdy stan\u0119li oko w oko z m\u0142odym nied\u017awiedziem. Zwierz\u0119 przez kilkaset metr\u00f3w goni\u0142o grup\u0119 przera\u017conych spacerowicz\u00f3w. S\u0142u\u017cby TPN t\u0142umacz\u0105 zachowanie misia, obawiaj\u0105c si\u0119, \u017ce mo\u017ce by\u0107 ono spowodowane zachowaniem ludzi.", "link": "https://wiadomosci.gazeta.pl/wiadomosci/7,114883,30102372,niedzwiedz-gonil-turystow-w-tatrach-tpn-tlumaczy-co-oznacza.html?utm_source=RSS&utm_medium=RSS&utm_campaign=10663636", "date_published": "2023-08-21T16:39:00+00:00", "persistent": false, "dead": false, "artist": null, "album": null, "user": null, "language": "pl-PL", "thumbnail": null}, {"source": "http://wiadomosci.gazeta.pl/pub/rss/wiadomosci_kraj.htm", "title": "P\u00f3\u0142torametrowy pyton pe\u0142za\u0142 obok budynk\u00f3w na pozna\u0144skiej Wildzie. Zosta\u0142 z\u0142apany", "description": "<img align=\"left\" hspace=\"4\" src=\"https://bi.im-g.pl/im/41/b5/1c/z30102593M,Pyton.jpg\" vspace=\"2\" />W nocy na pozna\u0144skiej Wildzie dostrze\u017cono pe\u0142zaj\u0105cego obok budynk\u00f3w pytona. W\u0105\u017c mierzy\u0142 1,5 metra d\u0142ugo\u015bci. Na miejsce wezwano Stra\u017c Miejsk\u0105.", "link": "https://wiadomosci.gazeta.pl/wiadomosci/7,114883,30102507,poltorametrowy-pyton-pelzal-obok-budynkow-na-poznanskiej-wildzie.html?utm_source=RSS&utm_medium=RSS&utm_campaign=10663636", "date_published": "2023-08-21T16:31:00+00:00", "persistent": false, "dead": false, "artist": null, "album": null, "user": null, "language": "pl-PL", "thumbnail": null}, {"source": "http://wiadomosci.gazeta.pl/pub/rss/wiadomosci_kraj.htm", "title": "Incydent w Sarnowej G\u00f3rze. RMF FM: Cz\u0142onek za\u0142ogi Black Hawka spowodowa\u0142 \u015bmiertelny wypadek 14 lat temu", "description": "<img align=\"left\" hspace=\"4\" src=\"https://bi.im-g.pl/im/6c/b5/1c/z30102380M,Smiglowiec-Black-Hawk---zdjecie-ilustracyjne.jpg\" vspace=\"2\" />Nowe ustalenia dotycz\u0105ce incydentu z udzia\u0142em \u015bmig\u0142owca Black Hawk w Sarnowej G\u00f3rze. Jak ustali\u0142 dziennikarz RMF FM, jednym z cz\u0142onk\u00f3w za\u0142ogi by\u0142 pilot, kt\u00f3ry kilkana\u015bcie lat temu spowodowa\u0142 \u015bmiertelny wypadek \u015bmig\u0142owca wojskowego.", "link": "https://wiadomosci.gazeta.pl/wiadomosci/7,114883,30102275,incydent-w-sarnowej-gorze-rmf-fm-czlonek-zalogi-black-hawka.html?utm_source=RSS&utm_medium=RSS&utm_campaign=10663636", "date_published": "2023-08-21T15:25:00+00:00", "persistent": false, "dead": false, "artist": null, "album": null, "user": null, "language": "pl-PL", "thumbnail": null}, {"source": "http://wiadomosci.gazeta.pl/pub/rss/wiadomosci_kraj.htm", "title": "Chcieli zem\u015bci\u0107 si\u0119 na policjantce. Napadli na ni\u0105 w tramwaju po s\u0142u\u017cbie, by \"nikt jej nie obroni\u0142\"", "description": "<img align=\"left\" hspace=\"4\" src=\"https://bi.im-g.pl/im/95/b5/1c/z30101909M,Policjantka---zdjecie-ilustracyjne.jpg\" vspace=\"2\" />Nawet pi\u0119\u0107 lat wi\u0119zienia grozi parze, kt\u00f3ra w ramach zemsty zaatakowa\u0142a funkcjonariuszk\u0119. Wed\u0142ug informacji przekazanych przez \u0142\u00f3dzk\u0105 policj\u0119 28-latek i 25-latka mieli kilkakrotnie uderzy\u0107 policjantk\u0119 i grozi\u0107 jej \u015bmierci\u0105. - Krzyczeli przy tym, \u017ce nie jest na s\u0142u\u017cbie i nikt jej nie obroni - relacjonowa\u0142a asp. Kamila Sowi\u0144ska.", "link": "https://wiadomosci.gazeta.pl/wiadomosci/7,114883,30101842,chcieli-zemscic-sie-na-policjantce-napadli-na-nia-w-tramwaju.html?utm_source=RSS&utm_medium=RSS&utm_campaign=10663636", "date_published": "2023-08-21T15:15:00+00:00", "persistent": false, "dead": false, "artist": null, "album": null, "user": null, "language": "pl-PL", "thumbnail": null}, {"source": "http://wiadomosci.gazeta.pl/pub/rss/wiadomosci_kraj.htm", "title": "W\u0105\u017c schowa\u0142 si\u0119 w lod\u00f3wce supermarketu. Nietypowa interwencja stra\u017cak\u00f3w z K\u0119dzierzyna-Ko\u017ala", "description": "<img align=\"left\" hspace=\"4\" src=\"https://bi.im-g.pl/im/18/b5/1c/z30101528M,Do-weza-ukrytego-w-lodowce-jednego-z-supermarketow.jpg\" vspace=\"2\" />Tego wezwania stra\u017cacy z oddzia\u0142u w K\u0119dzierzynie-Ko\u017alu (woj. opolskie) d\u0142ugo nie zapomn\u0105. W jednej z lod\u00f3wek nale\u017c\u0105cych do tamtejszego supermarketu ukry\u0142 si\u0119 w\u0105\u017c. Przyby\u0142e na miejsce s\u0142u\u017cby od\u0142owi\u0142y gada i przekaza\u0142y go w r\u0119ce organu weterynarii.", "link": "https://wiadomosci.gazeta.pl/wiadomosci/7,114883,30101431,waz-schowal-sie-w-lodowce-supermarketu-nietypowa-interwencja.html?utm_source=RSS&utm_medium=RSS&utm_campaign=10663636", "date_published": "2023-08-21T13:40:00+00:00", "persistent": false, "dead": false, "artist": null, "album": null, "user": null, "language": "pl-PL", "thumbnail": null}, {"source": "http://wiadomosci.gazeta.pl/pub/rss/wiadomosci_kraj.htm", "title": "Tragiczny wypadek w Podg\u00f3rze. Osob\u00f3wka zderzy\u0142a si\u0119 z ci\u0119\u017car\u00f3wk\u0105. \"Kierowca sp\u0142on\u0105\u0142 w aucie\"", "description": "<img align=\"left\" hspace=\"4\" src=\"https://bi.im-g.pl/im/f4/b5/1c/z30101748M,Tragiczny-wypadek-w-Podgorze--Osobowka-zderzyla-si.jpg\" vspace=\"2\" />W Podg\u00f3rze dosz\u0142o do tragicznego wypadku. Samoch\u00f3d osobowy zjecha\u0142 na przeciwleg\u0142y pas i zderzy\u0142 si\u0119 czo\u0142owo z ci\u0119\u017car\u00f3wk\u0105. Auta stan\u0119\u0142y w p\u0142omieniach. Kierowca osob\u00f3wki zgin\u0105\u0142 na miejscu.", "link": "https://wiadomosci.gazeta.pl/wiadomosci/7,114883,30101656,tragiczny-wypadek-w-podgorze-osobowka-zderzyla-sie-z-ciezarowka.html?utm_source=RSS&utm_medium=RSS&utm_campaign=10663636", "date_published": "2023-08-21T13:15:00+00:00", "persistent": false, "dead": false, "artist": null, "album": null, "user": null, "language": "pl-PL", "thumbnail": null}, {"source": "http://wiadomosci.gazeta.pl/pub/rss/wiadomosci_kraj.htm", "title": "Incydent ze \u015bmig\u0142owcem Black Hawk. Prokuratura wszczyna \u015bledztwo", "description": "<img align=\"left\" hspace=\"4\" src=\"https://bi.im-g.pl/im/9d/b5/1c/z30101661M,Smiglowiec-Black-Hawk-zerwal-linie-energetyczne.jpg\" vspace=\"2\" />Policyjny Black Hawk podczas pikniku wojskowego w Sarnowej G\u00f3rze doprowadzi\u0142 do zerwania linii energetycznej. Prokuratura wszcz\u0119\u0142a \u015bledztwo w tej sprawie - podaje Polsat News.", "link": "https://wiadomosci.gazeta.pl/wiadomosci/7,114883,30101560,incydent-ze-smiglowcem-black-hawk-prokuratura-wszczyna-sledztwo.html?utm_source=RSS&utm_medium=RSS&utm_campaign=10663636", "date_published": "2023-08-21T12:51:00+00:00", "persistent": false, "dead": false, "artist": null, "album": null, "user": null, "language": "pl-PL", "thumbnail": null}, {"source": "http://wiadomosci.gazeta.pl/pub/rss/wiadomosci_kraj.htm", "title": "Cofa\u0142 na autostradzie A4. Uderzy\u0142 w inny samoch\u00f3d i pogryz\u0142 jego kierowc\u0119. T\u0142umaczy\u0142 si\u0119 upa\u0142em", "description": "<img align=\"left\" hspace=\"4\" src=\"https://bi.im-g.pl/im/65/b4/1c/z30101093M,Wypadek-na-autostradzie-A4.jpg\" vspace=\"2\" />Policjanci zatrzymali 30-letniego m\u0119\u017cczyzn\u0119, kt\u00f3ry na opolskim odcinku autostrady A4 niespodziewanie zacz\u0105\u0142 cofa\u0107, czym powodowa\u0142 kolizj\u0119 z innym autem. Po st\u0142uczce m\u0119\u017cczyzna chcia\u0142 uciec pieszo. Kiedy \u015bwiadkowie obecni na miejscu st\u0142uczki pr\u00f3bowali go zatrzyma\u0107, 30-latek pogryz\u0142 poszkodowanego w kolizji kierowc\u0119.", "link": "https://wiadomosci.gazeta.pl/wiadomosci/7,114883,30100968,cofal-na-autostradzie-a4-uderzyl-w-inny-samochod-i-pogryzl.html?utm_source=RSS&utm_medium=RSS&utm_campaign=10663636", "date_published": "2023-08-21T12:47:00+00:00", "persistent": false, "dead": false, "artist": null, "album": null, "user": null, "language": "pl-PL", "thumbnail": null}, {"source": "http://wiadomosci.gazeta.pl/pub/rss/wiadomosci_kraj.htm", "title": "Wielkopolska. Sze\u015bcioletnia dziewczynka wjecha\u0142a pod samoch\u00f3d. Helikopter zabra\u0142 j\u0105 do szpitala", "description": "<img align=\"left\" hspace=\"4\" src=\"https://bi.im-g.pl/im/47/b4/1c/z30101063M,Dziewczynka-wjechala-pod-samochod-w-powiecie-ostro.jpg\" vspace=\"2\" />Sze\u015bcioletnia dziewczynka wpad\u0142a pod samoch\u00f3d w miejscowo\u015bci Sieroszewice w Wielkopolsce. Nie us\u0142ysza\u0142a ostrze\u017cenia ojca przed nadje\u017cd\u017caj\u0105cym busem i gwa\u0142townie skr\u0119ci\u0142a na ulic\u0119. Pogotowie przywioz\u0142o j\u0105 do szpitala w Ostrowie Wielkopolskim, gdzie lekarze wykryli z\u0142amanie ko\u015bci czaszki. Sze\u015bciolatka zosta\u0142a przetransportowana helikopterem do szpitala w Poznaniu.", "link": "https://wiadomosci.gazeta.pl/wiadomosci/7,114883,30100583,wielkopolska-szescioletnia-dziewczynka-wjechala-pod-samochod.html?utm_source=RSS&utm_medium=RSS&utm_campaign=10663636", "date_published": "2023-08-21T12:02:00+00:00", "persistent": false, "dead": false, "artist": null, "album": null, "user": null, "language": "pl-PL", "thumbnail": null}, {"source": "http://wiadomosci.gazeta.pl/pub/rss/wiadomosci_kraj.htm", "title": "W P\u0142ocku 36-latka zostawi\u0142a w rozgrzanym aucie 10-latka i niemowl\u0119. Musia\u0142a i\u015b\u0107 do solarium", "description": "<img align=\"left\" hspace=\"4\" src=\"https://bi.im-g.pl/im/04/96/1c/z29975044M,Dziecko-w-samochodzie--zdjecie-ilustracyjne-.jpg\" vspace=\"2\" />36-latka z P\u0142ocka zaparkowa\u0142a w niedozwolonym miejscu, po czym zostawi\u0142a w samochodzie dw\u00f3jk\u0119 swoich dzieci w wieku 10 lat i 9 miesi\u0119cy. Kluczyk\u00f3w nie wyci\u0105gn\u0119\u0142a ze stacyjki auta. Sama posz\u0142a do solarium.", "link": "https://wiadomosci.gazeta.pl/wiadomosci/7,114883,30100754,w-plocku-36-latka-zostawila-w-rozgrzanym-aucie-10-latka-i-niemowle.html?utm_source=RSS&utm_medium=RSS&utm_campaign=10663636", "date_published": "2023-08-21T11:39:00+00:00", "persistent": false, "dead": false, "artist": null, "album": null, "user": null, "language": "pl-PL", "thumbnail": null}, {"source": "http://wiadomosci.gazeta.pl/pub/rss/wiadomosci_kraj.htm", "title": "Gniezno. Nag\u0142a \u015bmier\u0107 uczestniczki wycieczki. Przed wej\u015bciem do autokaru zemdla\u0142a. Chwil\u0119 p\u00f3\u017aniej zmar\u0142a", "description": "<img align=\"left\" hspace=\"4\" src=\"https://bi.im-g.pl/im/65/b4/1c/z30100581M,Ambulans--zdjecie-ilustracyjne-.jpg\" vspace=\"2\" />Na parkingu przy ulicy Sobieskiego w Gnie\u017anie jedna z uczestniczek wyjazdu wypoczynkowego nad polskie morze zas\u0142ab\u0142a, zanim wsiad\u0142a do autokaru. Dosz\u0142o do zatrzymania kr\u0105\u017cenia. Mimo podj\u0119tej reanimacji nie uda\u0142o si\u0119 jej uratowa\u0107.", "link": "https://wiadomosci.gazeta.pl/wiadomosci/7,114883,30100446,mieli-wspolnie-jechac-nad-morze-jedna-z-uczestniczek-wycieczki.html?utm_source=RSS&utm_medium=RSS&utm_campaign=10663636", "date_published": "2023-08-21T11:01:00+00:00", "persistent": false, "dead": false, "artist": null, "album": null, "user": null, "language": "pl-PL", "thumbnail": null}, {"source": "http://wiadomosci.gazeta.pl/pub/rss/wiadomosci_kraj.htm", "title": "Wstrz\u0105saj\u0105ce odkrycie w centrum Bytomia. Znaleziono cia\u0142o 30-latka. \"Bierzemy wszystko pod uwag\u0119\"", "description": "<img align=\"left\" hspace=\"4\" src=\"https://bi.im-g.pl/im/83/b4/1c/z30099587M,Policja--zdjecie-ilustracyjne-.jpg\" vspace=\"2\" />W centrum Bytomia przypadkowy przechodzie\u0144 natkn\u0105\u0142 si\u0119 w nocy z niedzieli na poniedzia\u0142ek na zw\u0142oki 30-latka. Obecnie trwa ustalanie okoliczno\u015bci \u015bmierci m\u0119\u017cczyzny, co mo\u017ce utrudnia\u0107 brak kamer monitoringu w miejscu znalezienia cia\u0142a. - Bierzemy wszystko pod uwag\u0119 - przekaza\u0142a st. asp. Anna Lenkiewicz z KMP w Bytomiu.", "link": "https://wiadomosci.gazeta.pl/wiadomosci/7,114883,30100470,wstrzasajace-odkrycie-w-centrum-bytomia-znaleziono-cialo-30-latka.html?utm_source=RSS&utm_medium=RSS&utm_campaign=10663636", "date_published": "2023-08-21T10:47:00+00:00", "persistent": false, "dead": false, "artist": null, "album": null, "user": null, "language": "pl-PL", "thumbnail": null}, {"source": "http://wiadomosci.gazeta.pl/pub/rss/wiadomosci_kraj.htm", "title": "Krzyki, przekle\u0144stwa i p\u0142acz dzieci - nagranie z przelotu \u015bmig\u0142owca nad lud\u017ami. S\u0105 pytania do Morawieckiego", "description": "<img align=\"left\" hspace=\"4\" src=\"https://bi.im-g.pl/im/8f/b4/1c/z30100623M,Krzyki--przeklenstwa-i-placz-dzieci---nagranie-z-p.jpg\" vspace=\"2\" />Najpierw s\u0142owa uznania dla policyjnego Black Hawka, podziwianego z bardzo bliska w czasie jego lotu, a za chwil\u0119 krzyki, przekle\u0144stwa, panika i p\u0142acz dzieci - to 60 sekund z pikniku wojskowego w Sarnowej G\u00f3rze ko\u0142o Ciechanowa, nagrane przez jednego z uczestnik\u00f3w imprezy. Policyjny \u015bmig\u0142owiec doprowadzi\u0142 do zerwania linii energetycznej. W sprawie incydentu u premiera interweniuje jeden z senator\u00f3w opozycji, z kolei policja prowadzi \"czynno\u015bci wyja\u015bniaj\u0105ce\".", "link": "https://wiadomosci.gazeta.pl/wiadomosci/7,114883,30100302,krzyki-przeklenstwa-i-placz-dzieci-nagranie-z-przelotu-smiglowca.html?utm_source=RSS&utm_medium=RSS&utm_campaign=10663636", "date_published": "2023-08-21T10:26:00+00:00", "persistent": false, "dead": false, "artist": null, "album": null, "user": null, "language": "pl-PL", "thumbnail": null}, {"source": "http://wiadomosci.gazeta.pl/pub/rss/wiadomosci_kraj.htm", "title": "Po\u015bcig samochodowy w Lublinie. M\u0119\u017cczyzna ruszy\u0142 na policjant\u00f3w z maczet\u0105. W aucie by\u0142y narkotyki", "description": "<img align=\"left\" hspace=\"4\" src=\"https://bi.im-g.pl/im/d0/b4/1c/z30100432M,Mezczyzna-zatrzymany-po-poscigu.jpg\" vspace=\"2\" />Kierowca renault megane, jad\u0105cy w niedziel\u0119 rano ulicami Lublina, zignorowa\u0142 sygna\u0142 policji do zatrzymania si\u0119 i zacz\u0105\u0142 ucieka\u0107. W miejscowo\u015bci Kalin\u00f3wka pod Lublinem auto uciekiniera zakopa\u0142o si\u0119 w ziemi, a kierowca ruszy\u0142 na policjant\u00f3w z maczet\u0105. Pad\u0142 strza\u0142 ostrzegawczy. W samochodzie i przy zatrzymanym m\u0119\u017cczy\u017anie funkcjonariusze znale\u017ali narkotyki.", "link": "https://wiadomosci.gazeta.pl/wiadomosci/7,114883,30100208,poscig-samochodowy-w-lublinie-mezczyzna-ruszyl-na-policjantow.html?utm_source=RSS&utm_medium=RSS&utm_campaign=10663636", "date_published": "2023-08-21T10:02:00+00:00", "persistent": false, "dead": false, "artist": null, "album": null, "user": null, "language": "pl-PL", "thumbnail": null}, {"source": "http://wiadomosci.gazeta.pl/pub/rss/wiadomosci_kraj.htm", "title": "Kiedy sko\u0144cz\u0105 si\u0119 upa\u0142y? Synoptycy IMGW zapowiadaj\u0105 zbli\u017caj\u0105ce si\u0119 och\u0142odzenie", "description": "<img align=\"left\" hspace=\"4\" src=\"https://bi.im-g.pl/im/6f/b4/1c/z30100079M,Pogody-dlugoterminowe-wskazuja-na-spadek-temperatu.jpg\" vspace=\"2\" />Ubieg\u0142y tydzie\u0144 by\u0142 najgor\u0119tszym w 2023 r. Prognozy opublikowane przez synoptyk\u00f3w IMGW wskazuj\u0105, \u017ce najbli\u017csze dni przynios\u0105 nieznaczne och\u0142odzenie, podczas kt\u00f3rego temperatura nie powinna przekracza\u0107 30 stopni Celsjusza. Wst\u0119pne przewidywania meteorolog\u00f3w zdaj\u0105 si\u0119 potwierdza\u0107, \u017ce od zbli\u017caj\u0105cego si\u0119 weekendu czeka nas koniec intensywnych upa\u0142\u00f3w.", "link": "https://wiadomosci.gazeta.pl/wiadomosci/7,114883,30099805,kiedy-skoncza-sie-upaly-synoptycy-imgw-zapowiadaja-zblizajace.html?utm_source=RSS&utm_medium=RSS&utm_campaign=10663636", "date_published": "2023-08-21T09:47:00+00:00", "persistent": false, "dead": false, "artist": null, "album": null, "user": null, "language": "pl-PL", "thumbnail": null}, {"source": "http://wiadomosci.gazeta.pl/pub/rss/wiadomosci_kraj.htm", "title": "Wypadek pod Mr\u0105gowem. Samoch\u00f3d uderzy\u0142 w drzewo. Nie \u017cyje dw\u00f3ch 21-latk\u00f3w", "description": "<img align=\"left\" hspace=\"4\" src=\"https://bi.im-g.pl/im/fd/b4/1c/z30100221M,Tragiczny-wypadek-pod-Mragowem--Nie-zyje-dwoch-21-.jpg\" vspace=\"2\" />Pod Mr\u0105gowem (woj. warmi\u0144sko-mazurskie) dw\u00f3ch m\u0142odych m\u0119\u017cczyzn zgin\u0119\u0142o w wypadku samochodowym. Trzeci trafi\u0142 do szpitala. Policjanci ustalaj\u0105 przyczny zdarzenia.", "link": "https://wiadomosci.gazeta.pl/wiadomosci/7,114883,30100175,wypadek-samochodowy-pod-mragowem-nie-zyje-dwoch-21-latkow.html?utm_source=RSS&utm_medium=RSS&utm_campaign=10663636", "date_published": "2023-08-21T08:56:00+00:00", "persistent": false, "dead": false, "artist": null, "album": null, "user": null, "language": "pl-PL", "thumbnail": null}, {"source": "http://wiadomosci.gazeta.pl/pub/rss/wiadomosci_kraj.htm", "title": "Gdzie jest burza? Synoptycy wydali ostrze\u017cenia pierwszego stopnia. Mo\u017ce zagrzmie\u0107, pojawi si\u0119 grad", "description": "<img align=\"left\" hspace=\"4\" src=\"https://bi.im-g.pl/im/5c/b4/1c/z30099804M,Kolejne-burze-pojawia-sie-na-poludniu-kraju.jpg\" vspace=\"2\" />Burze, intensywne opady deszczu i gradu b\u0119d\u0105 si\u0119 pojawia\u0107 od pocz\u0105tku tygodnia na po\u0142udniu kraju. Synoptycy z Instytutu Meteorologii i Gospodarki Wodnej (IMGW) wydali ostrze\u017cenia pierwszego stopnia przed nag\u0142ymi zjawiskami atmosferycznymi. Gdzie teraz jest burza?", "link": "https://wiadomosci.gazeta.pl/wiadomosci/7,114883,30099574,gdzie-jest-burza-synoptycy-wydali-ostrzezenia-pierwszego-stopnia.html?utm_source=RSS&utm_medium=RSS&utm_campaign=10663636", "date_published": "2023-08-21T08:06:00+00:00", "persistent": false, "dead": false, "artist": null, "album": null, "user": null, "language": "pl-PL", "thumbnail": null}, {"source": "http://wiadomosci.gazeta.pl/pub/rss/wiadomosci_kraj.htm", "title": "Poczesna. Operator koparki natkn\u0105\u0142 si\u0119 na ludzkie szcz\u0105tki. Mieszka\u0144cy m\u00f3wi\u0105 o zaginionym m\u0119\u017cczy\u017anie", "description": "<img align=\"left\" hspace=\"4\" src=\"https://bi.im-g.pl/im/83/b4/1c/z30099587M,Policja--zdjecie-ilustracyjne-.jpg\" vspace=\"2\" />Podczas prac ziemnych na terenie prywatnej posesji w miejscowo\u015bci Poczesna (woj. \u015bl\u0105skie), operator koparki odnalaz\u0142 ludzkie szcz\u0105tki. Prowadz\u0105cy \u015bledztwo policjanci zlecili badania DNA, kt\u00f3rych wyniki mog\u0105 by\u0107 kluczowe w ustaleniu to\u017csamo\u015bci ofiary. Mieszka\u0144cy Poczesnej spekuluj\u0105, \u017ce cia\u0142o mo\u017ce nale\u017ce\u0107 do zaginionego dwa lata temu m\u0119\u017cczyzny.", "link": "https://wiadomosci.gazeta.pl/wiadomosci/7,114883,30099462,poczesna-operator-koparki-natknal-sie-na-ludzkie-szczatki.html?utm_source=RSS&utm_medium=RSS&utm_campaign=10663636", "date_published": "2023-08-21T07:26:00+00:00", "persistent": false, "dead": false, "artist": null, "album": null, "user": null, "language": "pl-PL", "thumbnail": null}, {"source": "http://wiadomosci.gazeta.pl/pub/rss/wiadomosci_kraj.htm", "title": "D\u0119bica. Po\u017car zak\u0142adu produkuj\u0105cego opony. Na miejscu 140 stra\u017cak\u00f3w, ewakuowano ponad 200 os\u00f3b", "description": "<img align=\"left\" hspace=\"4\" src=\"https://bi.im-g.pl/im/56/b4/1c/z30099542M,Pozar-w-zakladzie-produkujacym-opony-w-Debicy.jpg\" vspace=\"2\" />W D\u0119bicy dosz\u0142o do po\u017caru segmentu hali produkcyjnej firmy produkuj\u0105cej opony. Ewakuowano ponad 200 pracownik\u00f3w. \"W kulminacyjnym momencie w akcj\u0119 ga\u015bnicz\u0105 zaanga\u017cowanych by\u0142o 35 zast\u0119p\u00f3w, blisko 140 stra\u017cak\u00f3w\" - przekazali stra\u017cacy z Komendy Wojew\u00f3dzkiej PSP w Rzeszowie.", "link": "https://wiadomosci.gazeta.pl/wiadomosci/7,114883,30099467,pozar-zakladu-produkujacego-opony-w-debicy-ponad-200-osob-zostalo.html?utm_source=RSS&utm_medium=RSS&utm_campaign=10663636", "date_published": "2023-08-21T07:05:00+00:00", "persistent": false, "dead": false, "artist": null, "album": null, "user": null, "language": "pl-PL", "thumbnail": null}, {"source": "http://wiadomosci.gazeta.pl/pub/rss/wiadomosci_kraj.htm", "title": "Liszna. Cia\u0142o 32-latka w zbiorniku retencyjnym. \u015awiadek s\u0142ysza\u0142 niepokoj\u0105ce g\u0142osy. Ruszy\u0142o \u015bledztwo", "description": "<img align=\"left\" hspace=\"4\" src=\"https://bi.im-g.pl/im/38/b4/1c/z30099512M,Liszna-na-Podkarpaciu--zdj--ilustracyjne-.jpg\" vspace=\"2\" />Ze zbiornika retencyjnego w miejscowo\u015bci Liszna na Podkarpaciu stra\u017cacy- p\u0142etwonurkowie wydobyli w niedziel\u0119 cia\u0142o 32-latka. S\u0142u\u017cby zaalarmowa\u0142 \u015bwiadek, kt\u00f3ry zobaczy\u0142 pozostawione na brzegu rzeczy osobiste i us\u0142ysza\u0142 niepokoj\u0105ce g\u0142osy.", "link": "https://wiadomosci.gazeta.pl/wiadomosci/7,114883,30099466,liszna-cialo-32-latka-w-zbiorniku-retencyjnym-swiadek-slyszal.html?utm_source=RSS&utm_medium=RSS&utm_campaign=10663636", "date_published": "2023-08-21T07:01:00+00:00", "persistent": false, "dead": false, "artist": null, "album": null, "user": null, "language": "pl-PL", "thumbnail": null}, {"source": "http://wiadomosci.gazeta.pl/pub/rss/wiadomosci_kraj.htm", "title": "Policyjny Black Hawk zerwa\u0142 lini\u0119 energetyczn\u0105. Ekspert: O w\u0142os od tragedii. Nie wolno lata\u0107 nad publiczno\u015bci\u0105", "description": "<img align=\"left\" hspace=\"4\" src=\"https://bi.im-g.pl/im/3b/b4/1c/z30099515M,Mazowsze--Policyjny-Black-Hawk-zerwal-linie-energe.jpg\" vspace=\"2\" />- Ewidentnie nie by\u0142a to profesjonalnie przygotowana impreza lotnicza - m\u00f3wi\u0142 o pikniku wojskowym w Sarnowej G\u00f3rze ko\u0142o Ciechanowa, w wojew\u00f3dztwie mazowieckim publicysta lotniczy Micha\u0142 Setlak. Na antenie TVN24 m\u00f3wi\u0142 o incydencie, do kt\u00f3rego tam dosz\u0142o - policyjny \u015bmig\u0142owiec Black Hawk doprowadzi\u0142 do zerwania linii energetycznej.", "link": "https://wiadomosci.gazeta.pl/wiadomosci/7,114883,30099458,policyjny-black-hawk-zerwal-linie-energetyczna-w-sarnowej-gorze.html?utm_source=RSS&utm_medium=RSS&utm_campaign=10663636", "date_published": "2023-08-21T05:59:00+00:00", "persistent": false, "dead": false, "artist": null, "album": null, "user": null, "language": "pl-PL", "thumbnail": null}]