[{"source": "https://www.youtube.com/feeds/videos.xml?channel_id=UCSFy-1JrpZf0tFlRZfo-Rvw", "title": "The age of insufferable Disney princesses...", "description": "Go to https://sponsr.is/wecultivate_sydneywatson_0823 and download Cultivate FOR FREE!\n\nLinks:\nDirector's son said his father would not be cool with this: https://news.yahoo.com/snow-white-director-son-says-173516576.html\n\nArticles about past princesses:\nhttps://www.teenvogue.com/story/emma-watson-explains-beauty-beast-belle-feminist\nhttps://theconversation.com/disneys-the-little-mermaid-review-ariel-finally-finds-her-feminist-voice-206695\nhttps://www.cbr.com/disney-little-mermaid-feminist-ariel-halle-bailey/\nhttps://screenrant.com/little-mermaid-movie-live-action-progressive-how/\n\nLinda Woolverton interview: https://www.youtube.com/watch?v=6w7zJYDK5DQ\n\nFind me:\nSubscribestar: https://www.subscribestar.com/sydney-watson\nFacebook: https://www.facebook.com/sydneywatsonofficial \nTwitter: https://twitter.com/sydneylwatson \nInstagram: https://www.instagram.com/sydneywatson__ \n\nSign up to my email list (I promise not to harass you haha): https://www.sydneywatson.com", "link": "https://www.youtube.com/watch?v=OW5uSVyc6Qc", "date_published": "2023-08-21T23:42:59+00:00", "persistent": false, "dead": false, "artist": null, "album": null, "user": null, "language": "en-US", "thumbnail": "https://i4.ytimg.com/vi/OW5uSVyc6Qc/hqdefault.jpg"}]