[{"source": "https://www.telegraph.co.uk/news/rss.xml", "title": "Lucy Letby will never be released, but this is not the end of the horror", "description": "", "link": "https://www.telegraph.co.uk/news/2023/08/21/lucy-letby-victims-families-real-life-sentence/", "date_published": "2023-08-21T21:19:06+00:00", "persistent": false, "dead": false, "artist": null, "album": null, "user": null, "language": "en-UK", "thumbnail": null}, {"source": "https://www.telegraph.co.uk/news/rss.xml", "title": "Crooked House campaigners stage sit-in to stop removal work", "description": "", "link": "https://www.telegraph.co.uk/news/2023/08/21/campaigners-sit-in-at-crooked-house-pub-try-stop-clear-up/", "date_published": "2023-08-21T20:36:19+00:00", "persistent": false, "dead": false, "artist": null, "album": null, "user": null, "language": "en-UK", "thumbnail": null}, {"source": "https://www.telegraph.co.uk/news/rss.xml", "title": "Monday evening news briefing: Lucy Letby to die in jail after 'cynical campaign of child murder'", "description": "", "link": "https://www.telegraph.co.uk/news/2023/08/21/monday-evening-news-briefing-lucy-letby-to-die-in-jail-afte/", "date_published": "2023-08-21T16:35:40+00:00", "persistent": false, "dead": false, "artist": null, "album": null, "user": null, "language": "en-UK", "thumbnail": null}, {"source": "https://www.telegraph.co.uk/news/rss.xml", "title": "Ukraine: The Latest - Former Nasa astronaut on working with Russia in space", "description": "", "link": "https://www.telegraph.co.uk/news/2023/08/21/russia-space-moon-mission-ukraine-cosmonauts-nasa/", "date_published": "2023-08-21T15:58:09+00:00", "persistent": false, "dead": false, "artist": null, "album": null, "user": null, "language": "en-UK", "thumbnail": null}, {"source": "https://www.telegraph.co.uk/news/rss.xml", "title": "Watch: Moment Lucy Letby is told she will spend the rest of her life in prison", "description": "", "link": "https://www.telegraph.co.uk/news/2023/08/21/lucy-letby-sentenced-whole-life-order-watch/", "date_published": "2023-08-21T14:11:05+00:00", "persistent": false, "dead": false, "artist": null, "album": null, "user": null, "language": "en-UK", "thumbnail": null}, {"source": "https://www.telegraph.co.uk/news/rss.xml", "title": "Lucy Letby's parents fail to appear in court for daughter's sentencing", "description": "", "link": "https://www.telegraph.co.uk/news/2023/08/21/lucy-letby-parents-absent-court-manchester-sentencing/", "date_published": "2023-08-21T12:04:50+00:00", "persistent": false, "dead": false, "artist": null, "album": null, "user": null, "language": "en-UK", "thumbnail": null}, {"source": "https://www.telegraph.co.uk/news/rss.xml", "title": "\u2018You are evil. You did this\u2019, victims\u2019 families tell Lucy Letby", "description": "", "link": "https://www.telegraph.co.uk/news/2023/08/21/lucy-letby-victim-impact-statement-manchester-sentencing/", "date_published": "2023-08-21T11:35:25+00:00", "persistent": false, "dead": false, "artist": null, "album": null, "user": null, "language": "en-UK", "thumbnail": null}, {"source": "https://www.telegraph.co.uk/news/rss.xml", "title": "'Cowardly' Lucy Letby refuses to enter dock for sentencing in 'final act of wickedness'", "description": "", "link": "https://www.telegraph.co.uk/news/2023/08/21/lucy-letby-refuses-appear-dock-court-sentencing-coward/", "date_published": "2023-08-21T10:21:09+00:00", "persistent": false, "dead": false, "artist": null, "album": null, "user": null, "language": "en-UK", "thumbnail": null}, {"source": "https://www.telegraph.co.uk/news/rss.xml", "title": "Lucy Letby live: Serial baby killer refuses to appear at sentencing", "description": "", "link": "https://www.telegraph.co.uk/news/2023/08/21/lucy-letby-nurse-murder-sentencing-live-hmp-bronzefield/", "date_published": "2023-08-21T09:06:53+00:00", "persistent": false, "dead": false, "artist": null, "album": null, "user": null, "language": "en-UK", "thumbnail": null}, {"source": "https://www.telegraph.co.uk/news/rss.xml", "title": "Mass brawl erupts \u2018between rival gangs\u2019 at kabaddi tournament", "description": "", "link": "https://www.telegraph.co.uk/news/2023/08/21/alvaston-india-kabaddi-tournament-derby-gang-gun-violence/", "date_published": "2023-08-21T08:47:24+00:00", "persistent": false, "dead": false, "artist": null, "album": null, "user": null, "language": "en-UK", "thumbnail": null}, {"source": "https://www.telegraph.co.uk/news/rss.xml", "title": "Virgin Radio DJ Chris Evans reveals skin cancer diagnosis live on air", "description": "", "link": "https://www.telegraph.co.uk/news/2023/08/21/chris-evans-dj-skin-cancer-diagnosis-live-air-virgin-radio/", "date_published": "2023-08-21T07:46:12+00:00", "persistent": false, "dead": false, "artist": null, "album": null, "user": null, "language": "en-UK", "thumbnail": null}, {"source": "https://www.telegraph.co.uk/news/rss.xml", "title": "Ucas Clearing 2023: How to get a last-minute university place on A-level results day", "description": "", "link": "https://www.telegraph.co.uk/news/2023/08/21/how-ucas-clearing-2023-works-university-placements-grades-rejection/", "date_published": "2023-08-21T06:50:57+00:00", "persistent": false, "dead": false, "artist": null, "album": null, "user": null, "language": "en-UK", "thumbnail": null}]