[{"source": "https://feeds.washingtonpost.com/rss/world?itid=lk_inline_manual_36", "title": "China hoped Fiji would be a template for the Pacific. Its plan backfired.", "description": "China used Fiji as a testing ground for pursuing closer security ties in the Pacific. But Beijing over reached, and the new government is tearing up the deal.", "link": "https://www.washingtonpost.com/world/interactive/2023/china-fiji-police-mou-pacific-islands/", "date_published": "2023-08-21T21:00:58+00:00", "persistent": false, "dead": false, "artist": null, "album": null, "user": null, "language": "en-US", "thumbnail": null}, {"source": "https://feeds.washingtonpost.com/rss/world?itid=lk_inline_manual_36", "title": "10 years after deadly chemical attack, Syria\u2019s survivors seek justice", "description": "The sarin-filled rockets that fell on Damascus in August 2013 killed over 1,400 people. A mountain of evidence implicating Syria\u2019s government continues to grow.", "link": "https://www.washingtonpost.com/national-security/2023/08/21/syria-sarin-chemical-weapons-justice/", "date_published": "2023-08-21T18:51:44+00:00", "persistent": false, "dead": false, "artist": null, "album": null, "user": null, "language": "en-US", "thumbnail": null}, {"source": "https://feeds.washingtonpost.com/rss/world?itid=lk_inline_manual_36", "title": "British nurse who killed 7 babies sentenced to life in prison", "description": "Lucy Letby was found guilty of killing the seven infants and of attempting to kill six more.", "link": "https://www.washingtonpost.com/world/2023/08/21/lucy-letby-sentencing/", "date_published": "2023-08-21T12:07:11+00:00", "persistent": false, "dead": false, "artist": null, "album": null, "user": null, "language": "en-US", "thumbnail": null}, {"source": "https://feeds.washingtonpost.com/rss/world?itid=lk_inline_manual_36", "title": "Spain\u2019s soccer president condemned for kissing player on the lips", "description": "Those watching the World Cup medal ceremony after Spain\u2019s win condemned Luis Rubiales for kissing Jenni Hermoso on the lips.", "link": "https://www.washingtonpost.com/sports/2023/08/21/spain-world-cup-kiss-jenni-hermoso-luis-rubiales/", "date_published": "2023-08-21T11:58:21+00:00", "persistent": false, "dead": false, "artist": null, "album": null, "user": null, "language": "en-US", "thumbnail": null}, {"source": "https://feeds.washingtonpost.com/rss/world?itid=lk_inline_manual_36", "title": "Who gets to curate \u2018David\u2019? In Italy, the culture wars get a nationalist edge.", "description": "Italy\u2019s new right-wing government is adopting a process that critics say injects nationalism into hiring decisions about who will run museums.", "link": "https://www.washingtonpost.com/world/2023/08/21/italy-meloni-museums-michelangelo/", "date_published": "2023-08-21T08:00:05+00:00", "persistent": false, "dead": false, "artist": null, "album": null, "user": null, "language": "en-US", "thumbnail": null}, {"source": "https://feeds.washingtonpost.com/rss/world?itid=lk_inline_manual_36", "title": "Ukraine live briefing: Zelensky hails \u2018historic\u2019 pledge of F-16s from Netherlands, Denmark", "description": "Copenhagen and Amsterdam agreed to deliver 61 of the fighter jets to Kyiv when conditions such as successful testing and training are met.", "link": "https://www.washingtonpost.com/world/2023/08/21/russia-ukraine-war-news/", "date_published": "2023-08-21T06:42:12+00:00", "persistent": false, "dead": false, "artist": null, "album": null, "user": null, "language": "en-US", "thumbnail": null}, {"source": "https://feeds.washingtonpost.com/rss/world?itid=lk_inline_manual_36", "title": "How Ukraine is exploiting Biden\u2019s cluster bomb gamble", "description": "The widely banned munition is wreaking havoc on Russian infantry, but concerns about unexploded ordnance remain.", "link": "https://www.washingtonpost.com/world/2023/08/21/ukraine-cluster-bombs-biden/", "date_published": "2023-08-21T05:00:36+00:00", "persistent": false, "dead": false, "artist": null, "album": null, "user": null, "language": "en-US", "thumbnail": null}, {"source": "https://feeds.washingtonpost.com/rss/world?itid=lk_inline_manual_36", "title": "Saudi forces killed hundreds of Ethiopians at Yemen border, report says", "description": "The killings, which have been both widespread and systematic, could qualify as crimes against humanity, Human Rights Watch says.", "link": "https://www.washingtonpost.com/world/2023/08/21/saudi-arabia-human-rights-watch-yemen-ethiopia/", "date_published": "2023-08-21T04:05:00+00:00", "persistent": false, "dead": false, "artist": null, "album": null, "user": null, "language": "en-US", "thumbnail": null}, {"source": "https://feeds.washingtonpost.com/rss/world?itid=lk_inline_manual_36", "title": "Ukraine\u2019s hopes for maximal victory look remote", "description": "The reality of Ukraine\u2019s difficult fight against Russia has led to some unusually blunt admissions.", "link": "https://www.washingtonpost.com/world/2023/08/21/ukraine-counteroffensive-hopes-endgame-victory-difficult/", "date_published": "2023-08-21T04:00:59+00:00", "persistent": false, "dead": false, "artist": null, "album": null, "user": null, "language": "en-US", "thumbnail": null}]