[{"source": "https://feeds.a.dj.com/rss/RSSWorldNews.xml", "title": "AUD/USD Downtrend Likely to See It Dip Below 0.6400", "description": "AUD/USD was a little higher from where it ended trading on Monday, hovering around 0.6400, but a downtrend seemed likely to mark the currency\u2019s run toward the end of the year, CBA said.", "link": "https://www.wsj.com/articles/aud-usd-downtrend-likely-to-see-it-dip-below-0-6400-be4ee01", "date_published": "2023-08-21T23:50:00+00:00", "persistent": false, "dead": false, "artist": null, "album": null, "user": null, "language": "en-US", "thumbnail": null}, {"source": "https://feeds.a.dj.com/rss/RSSWorldNews.xml", "title": "Judge Backs U.S. Sanctions on Crypto Platform Tornado Cash", "description": "A federal judge in Austin, Texas, sided with the government in a civil lawsuit that was brought by six individuals and financed by crypto exchange Coinbase.", "link": "https://www.wsj.com/articles/judge-backs-u-s-sanctions-on-crypto-platform-tornado-cash-fd3a85af", "date_published": "2023-08-21T23:48:00+00:00", "persistent": false, "dead": false, "artist": null, "album": null, "user": null, "language": "en-US", "thumbnail": null}, {"source": "https://feeds.a.dj.com/rss/RSSWorldNews.xml", "title": "Tucker Carlson's Trump Interview Showcases Potential of Tie-Up With Elon Musk's X", "description": "The former Fox News host plans to stream pretaped conversation with the former president on X during Wednesday\u2019s Republican presidential debate.", "link": "https://www.wsj.com/articles/donald-trump-tucker-carlson-x-twitter-gop-debate-15a14ab5", "date_published": "2023-08-21T23:45:00+00:00", "persistent": false, "dead": false, "artist": null, "album": null, "user": null, "language": "en-US", "thumbnail": null}, {"source": "https://feeds.a.dj.com/rss/RSSWorldNews.xml", "title": "Corrections & Amplifications", "description": "Corrections &amp; Amplifications for the edition of Aug. 22, 2023", "link": "https://www.wsj.com/articles/corrections-amplifications-42f224c7", "date_published": "2023-08-21T23:12:00+00:00", "persistent": false, "dead": false, "artist": null, "album": null, "user": null, "language": "en-US", "thumbnail": null}, {"source": "https://feeds.a.dj.com/rss/RSSWorldNews.xml", "title": "BHP Annual Profit Falls by 58% on Weaker Commodity Prices", "description": "The mining giant reported a net profit of $12.92 billion for its fiscal year through June, down from a profit of $30.90 billion a year earlier", "link": "https://www.wsj.com/articles/bhp-annual-profit-falls-by-58-on-weaker-commodity-prices-627293e2", "date_published": "2023-08-21T22:58:00+00:00", "persistent": false, "dead": false, "artist": null, "album": null, "user": null, "language": "en-US", "thumbnail": null}, {"source": "https://feeds.a.dj.com/rss/RSSWorldNews.xml", "title": "Ex-Vitol Employee Could Face Two Foreign Bribery Trials", "description": "Former oil trader Javier Aguilar, who faced foreign bribery charges in New York, has been charged in Texas.", "link": "https://www.wsj.com/articles/ex-vitol-employee-could-face-two-foreign-bribery-trials-f74a417c", "date_published": "2023-08-21T22:54:00+00:00", "persistent": false, "dead": false, "artist": null, "album": null, "user": null, "language": "en-US", "thumbnail": null}, {"source": "https://feeds.a.dj.com/rss/RSSWorldNews.xml", "title": "Scentre Reaffirms Annual Guidance, 1H Net Profit Falls 69%", "description": "The owner and operator of Westfield-branded shopping centers forecast a minimum annual distribution of 16.5 cents, up by at least 4.8% on the prior year.", "link": "https://www.wsj.com/articles/scentre-reaffirms-annual-guidance-1h-net-profit-falls-69-3e58f0b7", "date_published": "2023-08-21T22:48:00+00:00", "persistent": false, "dead": false, "artist": null, "album": null, "user": null, "language": "en-US", "thumbnail": null}, {"source": "https://feeds.a.dj.com/rss/RSSWorldNews.xml", "title": "The Threat to Make Joe Biden Testify", "description": "Hunter\u2019s attorney said he\u2019d turn any trial into a constitutional crisis.", "link": "https://www.wsj.com/articles/hunter-biden-chris-clark-joe-biden-david-weiss-correspondence-b0cbfcd1", "date_published": "2023-08-21T22:43:00+00:00", "persistent": false, "dead": false, "artist": null, "album": null, "user": null, "language": "en-US", "thumbnail": null}, {"source": "https://feeds.a.dj.com/rss/RSSWorldNews.xml", "title": "The EEOC Wants Employers to Assist With Abortions", "description": "Congress passed a law to protect pregnant women. Biden\u2019s bureaucracy rewrites it to underwrite abortion.", "link": "https://www.wsj.com/articles/the-eeoc-wants-employers-to-assist-with-abortions-c5986f51", "date_published": "2023-08-21T22:39:00+00:00", "persistent": false, "dead": false, "artist": null, "album": null, "user": null, "language": "en-US", "thumbnail": null}, {"source": "https://feeds.a.dj.com/rss/RSSWorldNews.xml", "title": "The Electric-Vehicle Bubble Starts to Deflate", "description": "Biden is imitating China just as its industrial policy starts to crack.", "link": "https://www.wsj.com/articles/electric-vehicles-china-biden-administration-industrial-policy-754e1937", "date_published": "2023-08-21T22:38:00+00:00", "persistent": false, "dead": false, "artist": null, "album": null, "user": null, "language": "en-US", "thumbnail": null}, {"source": "https://feeds.a.dj.com/rss/RSSWorldNews.xml", "title": "GOP Presidential Candidates Need to Talk About China", "description": "The 2020s are now calling for a new foreign policy to deal with a cold war that\u2019s been going on for a decade.", "link": "https://www.wsj.com/articles/gop-candidates-need-to-talk-about-china-asia-politics-election-2024-ccp-campaign-taiwan-gop-debate-422c460f", "date_published": "2023-08-21T22:37:00+00:00", "persistent": false, "dead": false, "artist": null, "album": null, "user": null, "language": "en-US", "thumbnail": null}, {"source": "https://feeds.a.dj.com/rss/RSSWorldNews.xml", "title": "PredictIt Triumphs Over Regulatory Arrogance", "description": "An appeals court rejects the CFTC\u2019s arbitrary order to shut down the political futures market.", "link": "https://www.wsj.com/articles/predictit-triumphs-over-regulatory-arrogance-political-futures-market-cftc-trading-australia-efe8780d", "date_published": "2023-08-21T22:37:00+00:00", "persistent": false, "dead": false, "artist": null, "album": null, "user": null, "language": "en-US", "thumbnail": null}, {"source": "https://feeds.a.dj.com/rss/RSSWorldNews.xml", "title": "New Chapter 11 Bankruptcy Filings -- Week Ending Month Aug. 20, 2023", "description": "A list of some new chapter 11 bankruptcy filings made during the last week.", "link": "https://www.wsj.com/articles/new-chapter-11-bankruptcy-filings-week-ending-month-aug-20-2023-767df39d", "date_published": "2023-08-21T22:36:00+00:00", "persistent": false, "dead": false, "artist": null, "album": null, "user": null, "language": "en-US", "thumbnail": null}, {"source": "https://feeds.a.dj.com/rss/RSSWorldNews.xml", "title": "Annals of Chinese Transparency", "description": "Beijing targets the Mintz Group, a Western due-diligence firm, over its research.", "link": "https://www.wsj.com/articles/mintz-group-china-beijing-randal-phillips-mao-ning-49260e9d", "date_published": "2023-08-21T22:35:00+00:00", "persistent": false, "dead": false, "artist": null, "album": null, "user": null, "language": "en-US", "thumbnail": null}, {"source": "https://feeds.a.dj.com/rss/RSSWorldNews.xml", "title": "Notable & Quotable: Kamala Harris", "description": "\u2018I can\u2019t get into people\u2019s heads about why they characterize things as being one way or another.\u2019", "link": "https://www.wsj.com/articles/notable-quotable-kamala-harris-politico-politics-a0e96758", "date_published": "2023-08-21T22:34:00+00:00", "persistent": false, "dead": false, "artist": null, "album": null, "user": null, "language": "en-US", "thumbnail": null}, {"source": "https://feeds.a.dj.com/rss/RSSWorldNews.xml", "title": "Australia Shares Poised to Rise at the Open", "description": "Australia\u2019s S&amp;P/ASX 200 looks set to rise modestly at the open after gains among tech shares helped support major U.S. stock indices at the start of the week.", "link": "https://www.wsj.com/articles/australia-shares-poised-to-rise-at-the-open-489daa16", "date_published": "2023-08-21T22:25:00+00:00", "persistent": false, "dead": false, "artist": null, "album": null, "user": null, "language": "en-US", "thumbnail": null}, {"source": "https://feeds.a.dj.com/rss/RSSWorldNews.xml", "title": "The Perfect Camping Pack List", "description": "We found 10 lightweight, compressible and collapsible essentials for an overnight stay in the woods, including bags to carry everything in.", "link": "https://www.wsj.com/articles/the-perfect-camping-pack-list-b7586f4b", "date_published": "2023-08-21T22:15:00+00:00", "persistent": false, "dead": false, "artist": null, "album": null, "user": null, "language": "en-US", "thumbnail": null}, {"source": "https://feeds.a.dj.com/rss/RSSWorldNews.xml", "title": "David Weiss Should Resign", "description": "The Delaware U.S. attorney should never have been named special counsel for the Hunter Biden case.", "link": "https://www.wsj.com/articles/david-weiss-should-resign-special-counsel-hunter-biden-plea-deal-delaware-oversight-c18ca47c", "date_published": "2023-08-21T22:14:00+00:00", "persistent": false, "dead": false, "artist": null, "album": null, "user": null, "language": "en-US", "thumbnail": null}, {"source": "https://feeds.a.dj.com/rss/RSSWorldNews.xml", "title": "Power Matters More Than Diplomacy", "description": "It is time to inject some realism into the post-Cold War era of geopolitical rivalry.", "link": "https://www.wsj.com/articles/power-matters-more-than-diplomacy-china-asia-south-korea-japan-allies-world-war-iii-russia-military-taiwan-fff84d94", "date_published": "2023-08-21T22:12:00+00:00", "persistent": false, "dead": false, "artist": null, "album": null, "user": null, "language": "en-US", "thumbnail": null}, {"source": "https://feeds.a.dj.com/rss/RSSWorldNews.xml", "title": "'Empire of the Sum' Review: It All Adds Up", "description": "The 1970s launched the era of calculator mania. Today pocket calculators are everywhere and nowhere at once.", "link": "https://www.wsj.com/articles/empire-of-the-sum-review-it-all-adds-up-b9ca65ad", "date_published": "2023-08-21T22:11:00+00:00", "persistent": false, "dead": false, "artist": null, "album": null, "user": null, "language": "en-US", "thumbnail": null}, {"source": "https://feeds.a.dj.com/rss/RSSWorldNews.xml", "title": "Biden Could Learn From Bush After Katrina", "description": "Lesson for the Maui wildfire response: The work doesn\u2019t end with one visit.", "link": "https://www.wsj.com/articles/biden-could-learn-from-bush-after-katrina-disaster-wildfires-2197fadc", "date_published": "2023-08-21T22:11:00+00:00", "persistent": false, "dead": false, "artist": null, "album": null, "user": null, "language": "en-US", "thumbnail": null}, {"source": "https://feeds.a.dj.com/rss/RSSWorldNews.xml", "title": "Donald Trump's Bond Set at $200,000 in Georgia Election Case", "description": "The agreement bars the former president from using social media to target co-defendants and potential witnesses.", "link": "https://www.wsj.com/articles/donald-trumps-bail-set-at-200-000-in-georgia-election-case-8720b5f3", "date_published": "2023-08-21T21:56:00+00:00", "persistent": false, "dead": false, "artist": null, "album": null, "user": null, "language": "en-US", "thumbnail": null}, {"source": "https://feeds.a.dj.com/rss/RSSWorldNews.xml", "title": "Sha'Carri Richardson Wins the 100 Meters at Track World Championships", "description": "The American sprinter, who missed the Tokyo Olympics after a failed marijuana test, sped to the World\u2019s Fastest Woman title in a time of 10.65.", "link": "https://www.wsj.com/articles/shacarri-richardson-100-meters-track-world-championships-6e014c50", "date_published": "2023-08-21T21:53:00+00:00", "persistent": false, "dead": false, "artist": null, "album": null, "user": null, "language": "en-US", "thumbnail": null}, {"source": "https://feeds.a.dj.com/rss/RSSWorldNews.xml", "title": "FDA Approves RSV Vaccine to Pass Protection From Mother to Child", "description": "Doctors expect tens of thousands fewer infant hospitalizations because of new RSV tools.", "link": "https://www.wsj.com/articles/rsv-vaccine-fda-pfizer-mother-child-bf7aaf24", "date_published": "2023-08-21T21:45:00+00:00", "persistent": false, "dead": false, "artist": null, "album": null, "user": null, "language": "en-US", "thumbnail": null}, {"source": "https://feeds.a.dj.com/rss/RSSWorldNews.xml", "title": "Health Care Roundup: Market Talk", "description": "Find insight on Moderna, anxiety treatment, Sinopharm and more in the latest Market Talks covering the Health Care sector.", "link": "https://www.wsj.com/articles/health-care-roundup-market-talk-93268478", "date_published": "2023-08-21T21:26:00+00:00", "persistent": false, "dead": false, "artist": null, "album": null, "user": null, "language": "en-US", "thumbnail": null}, {"source": "https://feeds.a.dj.com/rss/RSSWorldNews.xml", "title": "The Lahaina Horror and Leadership", "description": "Why did it take so long to approve an emergency water request?", "link": "https://www.wsj.com/articles/the-lahaina-horror-and-leadership-e42798cc", "date_published": "2023-08-21T21:14:00+00:00", "persistent": false, "dead": false, "artist": null, "album": null, "user": null, "language": "en-US", "thumbnail": null}, {"source": "https://feeds.a.dj.com/rss/RSSWorldNews.xml", "title": "The New Race to Reach the Moon---and Find Water", "description": "The promise of water draws countries and companies to the moon\u2019s south pole. Russia\u2019s Luna-25 spacecraft crash is the second failed landing this year.", "link": "https://www.wsj.com/articles/moon-water-south-pole-india-space-1e0fd41a", "date_published": "2023-08-21T21:11:00+00:00", "persistent": false, "dead": false, "artist": null, "album": null, "user": null, "language": "en-US", "thumbnail": null}, {"source": "https://feeds.a.dj.com/rss/RSSWorldNews.xml", "title": "What if the Slope Really Is Slippery?", "description": "Dissenters on gay and trans issues may have much to worry about.", "link": "https://www.wsj.com/articles/slippery-slope-catholic-parent-adoptions-lgbt-gay-trans-children-9ee2d291", "date_published": "2023-08-21T21:00:00+00:00", "persistent": false, "dead": false, "artist": null, "album": null, "user": null, "language": "en-US", "thumbnail": null}, {"source": "https://feeds.a.dj.com/rss/RSSWorldNews.xml", "title": "Making Life Easier for Bad Regulations", "description": "Congress needs to overhaul the cost-benefit assessment process.", "link": "https://www.wsj.com/articles/biden-administration-regulation-rules-d8fd9471", "date_published": "2023-08-21T20:59:00+00:00", "persistent": false, "dead": false, "artist": null, "album": null, "user": null, "language": "en-US", "thumbnail": null}, {"source": "https://feeds.a.dj.com/rss/RSSWorldNews.xml", "title": "Don't Let Biden Make 2024 All About Trump", "description": "The former president should step aside this election.", "link": "https://www.wsj.com/articles/biden-trump-primary-republican-2024-election-ab0c44a8", "date_published": "2023-08-21T20:58:00+00:00", "persistent": false, "dead": false, "artist": null, "album": null, "user": null, "language": "en-US", "thumbnail": null}, {"source": "https://feeds.a.dj.com/rss/RSSWorldNews.xml", "title": "Indictments Won't Change My Vote", "description": "President Biden lost me with the haphazard withdrawal from Afghanistan.", "link": "https://www.wsj.com/articles/donald-trump-politics-indictments-legal-gop-election-b81be261", "date_published": "2023-08-21T20:57:00+00:00", "persistent": false, "dead": false, "artist": null, "album": null, "user": null, "language": "en-US", "thumbnail": null}, {"source": "https://feeds.a.dj.com/rss/RSSWorldNews.xml", "title": "Weiss Wanted Special-Counsel Status, So He Got It", "description": "AG Garland was simply following through on his publicly stated commitment.", "link": "https://www.wsj.com/articles/weiss-garland-special-counsel-hunter-biden-1a0f09df", "date_published": "2023-08-21T20:57:00+00:00", "persistent": false, "dead": false, "artist": null, "album": null, "user": null, "language": "en-US", "thumbnail": null}, {"source": "https://feeds.a.dj.com/rss/RSSWorldNews.xml", "title": "All the Books I'd Never Read", "description": "Without audiobooks, forget it!", "link": "https://www.wsj.com/articles/reading-audio-books-history-876ece22", "date_published": "2023-08-21T20:56:00+00:00", "persistent": false, "dead": false, "artist": null, "album": null, "user": null, "language": "en-US", "thumbnail": null}, {"source": "https://feeds.a.dj.com/rss/RSSWorldNews.xml", "title": "'Unreal Unearth' by Hozier Review: Disappointingly Disengaged", "description": "Nominally inspired by Dante\u2019s trip through hell, the Irish singer-songwriter\u2019s third album fails to catch fire.", "link": "https://www.wsj.com/articles/unreal-unearth-by-hozier-review-disappointingly-disengaged-17b749d", "date_published": "2023-08-21T20:53:00+00:00", "persistent": false, "dead": false, "artist": null, "album": null, "user": null, "language": "en-US", "thumbnail": null}, {"source": "https://feeds.a.dj.com/rss/RSSWorldNews.xml", "title": "Circuit Designer Arm Files for IPO", "description": "The British company made official its plan to list shares in what is expected to be the biggest initial public offering of the year.", "link": "https://www.wsj.com/articles/circuit-designer-arm-files-for-ipo-83c9a584", "date_published": "2023-08-21T20:50:00+00:00", "persistent": false, "dead": false, "artist": null, "album": null, "user": null, "language": "en-US", "thumbnail": null}, {"source": "https://feeds.a.dj.com/rss/RSSWorldNews.xml", "title": "A Massive Gilded Age Mansion in San Francisco Asks $32 Million", "description": "The brick home near the Presidio is coming to market for the first time in decades.", "link": "https://www.wsj.com/articles/a-massive-gilded-age-mansion-in-san-francisco-asks-32-million-7a914441", "date_published": "2023-08-21T20:45:00+00:00", "persistent": false, "dead": false, "artist": null, "album": null, "user": null, "language": "en-US", "thumbnail": null}, {"source": "https://feeds.a.dj.com/rss/RSSWorldNews.xml", "title": "Stocks Climb Despite Rise in Treasury Yields", "description": "Tech shares helped support stock indexes even while government-bond yields reached new decade-plus highs.", "link": "https://www.wsj.com/articles/global-stocks-markets-dow-news-08-21-2023-826fa376", "date_published": "2023-08-21T20:12:00+00:00", "persistent": false, "dead": false, "artist": null, "album": null, "user": null, "language": "en-US", "thumbnail": null}, {"source": "https://feeds.a.dj.com/rss/RSSWorldNews.xml", "title": "Teva Agrees to Pay $225 Million to Settle U.S. Price-Fixing Charges", "description": "The generic drugmaker\u2019s U.S. unit also must sell drug line for cholesterol treatment pravastatin.", "link": "https://www.wsj.com/articles/teva-agrees-to-pay-225-million-to-settle-u-s-price-fixing-charges-e764e8fe", "date_published": "2023-08-21T20:12:00+00:00", "persistent": false, "dead": false, "artist": null, "album": null, "user": null, "language": "en-US", "thumbnail": null}, {"source": "https://feeds.a.dj.com/rss/RSSWorldNews.xml", "title": "Proper Nutrition Can Prevent Postpartum Depression", "description": "The new drug is a breakthrough, but taking calcium during pregnancy may minimize the need for it.", "link": "https://www.wsj.com/articles/nutrition-prevent-postpartum-postnatal-depression-calcium-nih-fda-zurzuvae-zuranolone-28b3f2a1", "date_published": "2023-08-21T19:42:00+00:00", "persistent": false, "dead": false, "artist": null, "album": null, "user": null, "language": "en-US", "thumbnail": null}, {"source": "https://feeds.a.dj.com/rss/RSSWorldNews.xml", "title": "Expect the Absent Trump to Dominate Wednesday's GOP Debate", "description": "When you have a 40-point lead in the polls and 100% name recognition, why risk getting on the stage?", "link": "https://www.wsj.com/articles/absent-trump-wednesday-aug-23-debate-2024-republican-gop-primary-desantis-ramaswamy-christie-70d16b2d", "date_published": "2023-08-21T19:41:00+00:00", "persistent": false, "dead": false, "artist": null, "album": null, "user": null, "language": "en-US", "thumbnail": null}, {"source": "https://feeds.a.dj.com/rss/RSSWorldNews.xml", "title": "Fool Me Once (Tuesday Crossword, August 22)", "description": "", "link": "https://www.wsj.com/articles/fool-me-once-tuesday-crossword-august-22-107e2dbc", "date_published": "2023-08-21T19:01:00+00:00", "persistent": false, "dead": false, "artist": null, "album": null, "user": null, "language": "en-US", "thumbnail": null}, {"source": "https://feeds.a.dj.com/rss/RSSWorldNews.xml", "title": "American Airlines' Pilots Ratify Contract With Big Pay Boost", "description": "The carrier agreed to sweeten terms to match a rival\u2019s deal, boosting wages by more than 40% over the contract\u2019s four-year period.", "link": "https://www.wsj.com/articles/american-airlines-pilots-ratify-contract-with-big-pay-boost-ef95521c", "date_published": "2023-08-21T18:56:00+00:00", "persistent": false, "dead": false, "artist": null, "album": null, "user": null, "language": "en-US", "thumbnail": null}, {"source": "https://feeds.a.dj.com/rss/RSSWorldNews.xml", "title": "What the Board Needs to Know", "description": "Everything from the week beginning August 21, 2023, that a corporate board director needs to know ahead of a board meeting. This week we look at the challenge of succession planning for the cybersecurity leader and why boards need to address the problem sooner rather than later. Plus: a focus from board directors in the composition of boards leads to the hiring of more directors with technology-related skills; the frustrations of security teams that lead to wasted time and how to solve them; and a data breach at Tesla caused by former employees.", "link": "https://www.wsj.com/articles/what-the-board-needs-to-know-acec160b", "date_published": "2023-08-21T18:34:00+00:00", "persistent": false, "dead": false, "artist": null, "album": null, "user": null, "language": "en-US", "thumbnail": null}, {"source": "https://feeds.a.dj.com/rss/RSSWorldNews.xml", "title": "More &raquo;", "description": "Car prices are becoming unsustainable", "link": "https://www.wsj.com/articles/more-amp-raquo-b39d9131", "date_published": "2023-08-21T18:10:00+00:00", "persistent": false, "dead": false, "artist": null, "album": null, "user": null, "language": "en-US", "thumbnail": null}, {"source": "https://feeds.a.dj.com/rss/RSSWorldNews.xml", "title": "The WSJ Stock Picking Contest", "description": "Follow along as our Heard on the Street writers make their choices in our seventh annual stock-picking series.", "link": "https://www.wsj.com/articles/the-wsj-stock-picking-contest-be056afc", "date_published": "2023-08-21T17:28:00+00:00", "persistent": false, "dead": false, "artist": null, "album": null, "user": null, "language": "en-US", "thumbnail": null}, {"source": "https://feeds.a.dj.com/rss/RSSWorldNews.xml", "title": "Ozempic, Weight-Loss Drugs Carry Costly, Complicated Logistics", "description": "", "link": "https://www.wsj.com/articles/ozempic-weight-loss-drugs-carry-costly-complicated-logistics-a73385de", "date_published": "2023-08-21T17:26:00+00:00", "persistent": false, "dead": false, "artist": null, "album": null, "user": null, "language": "en-US", "thumbnail": null}, {"source": "https://feeds.a.dj.com/rss/RSSWorldNews.xml", "title": "McKinsey Must Face Bankruptcy Racketeering Lawsuit", "description": "", "link": "https://www.wsj.com/articles/mckinsey-must-face-bankruptcy-racketeering-lawsuit-544c112c", "date_published": "2023-08-21T17:21:00+00:00", "persistent": false, "dead": false, "artist": null, "album": null, "user": null, "language": "en-US", "thumbnail": null}, {"source": "https://feeds.a.dj.com/rss/RSSWorldNews.xml", "title": "Billionaire Buyers Like Jeff Bezos Have Supercharged Miami's High-End Home Market", "description": "The Amazon founder\u2019s $68 million Indian Creek purchase is among the priciest deals to close in the South Florida city in recent years.", "link": "https://www.wsj.com/articles/most-expensive-miami-home-sales-c85bafe1", "date_published": "2023-08-21T17:20:00+00:00", "persistent": false, "dead": false, "artist": null, "album": null, "user": null, "language": "en-US", "thumbnail": null}, {"source": "https://feeds.a.dj.com/rss/RSSWorldNews.xml", "title": "Canada Wage Growth Needs to Cool to Bring Inflation Down", "description": "Wage growth may be the last leg for Canadian inflation, with a need for it to slow rapidly from its current pace to bring inflation down, Scotiabank director of forecasting Patrick Perrier and economist Laura Gu write in a note.", "link": "https://www.wsj.com/articles/canada-wage-growth-needs-to-cool-to-bring-inflation-down-be4cd85a", "date_published": "2023-08-21T17:17:00+00:00", "persistent": false, "dead": false, "artist": null, "album": null, "user": null, "language": "en-US", "thumbnail": null}, {"source": "https://feeds.a.dj.com/rss/RSSWorldNews.xml", "title": "Basic Materials Roundup: Market Talk", "description": "Find insights on DuPont, Ferro-Alloy Resources, Thungela Resources, and more in the latest Market Talks covering the Basic Materials sector.", "link": "https://www.wsj.com/articles/basic-materials-roundup-market-talk-f6608a84", "date_published": "2023-08-21T16:59:00+00:00", "persistent": false, "dead": false, "artist": null, "album": null, "user": null, "language": "en-US", "thumbnail": null}, {"source": "https://feeds.a.dj.com/rss/RSSWorldNews.xml", "title": "Energy & Utilities Roundup: Market Talk", "description": "Find insights on renewable and alternative energy companies, AGL Energy, Ampol, and more in the latest Market Talks covering the Energy and Utilities sectors.", "link": "https://www.wsj.com/articles/energy-utilities-roundup-market-talk-51676b6c", "date_published": "2023-08-21T16:54:00+00:00", "persistent": false, "dead": false, "artist": null, "album": null, "user": null, "language": "en-US", "thumbnail": null}, {"source": "https://feeds.a.dj.com/rss/RSSWorldNews.xml", "title": "Auto & Transport Roundup: Market Talk", "description": "Find insights on delinquencies for auto loans, FedEx pilots, Daimler Truck, and more in the latest Market Talks covering the Auto and Transport sectors.", "link": "https://www.wsj.com/articles/auto-transport-roundup-market-talk-836358dd", "date_published": "2023-08-21T16:48:00+00:00", "persistent": false, "dead": false, "artist": null, "album": null, "user": null, "language": "en-US", "thumbnail": null}, {"source": "https://feeds.a.dj.com/rss/RSSWorldNews.xml", "title": "India Imposes Export Tax on Onions to Curb Food Inflation", "description": "The move is the government\u2019s latest to restrain food prices buffeted by erratic weather as elections approach.", "link": "https://www.wsj.com/articles/india-imposes-export-tax-on-onions-to-curb-food-inflation-as-elections-near-eeddbd37", "date_published": "2023-08-21T16:28:00+00:00", "persistent": false, "dead": false, "artist": null, "album": null, "user": null, "language": "en-US", "thumbnail": null}, {"source": "https://feeds.a.dj.com/rss/RSSWorldNews.xml", "title": "RB Global CEO's Departure Sparks Unrest Among Investors", "description": "Shareholders have privately written to the vehicle marketplace\u2019s board voicing displeasure with management changes.", "link": "https://www.wsj.com/articles/rb-global-ceos-departure-sparks-unrest-among-investors-6d2f6567", "date_published": "2023-08-21T16:20:00+00:00", "persistent": false, "dead": false, "artist": null, "album": null, "user": null, "language": "en-US", "thumbnail": null}, {"source": "https://feeds.a.dj.com/rss/RSSWorldNews.xml", "title": "Analysis: Natural-Gas Supply Worries Resurface", "description": "Natural-gas prices in Europe surged as strikes in Australia continued to threaten global supply, highlighting volatility in the market despite gas storages in Europe being nearly full.", "link": "https://www.wsj.com/articles/talking-markets-natural-gas-supply-worries-resurface-amid-threats-of-strikes-in-australia-bb67a21a", "date_published": "2023-08-21T15:58:00+00:00", "persistent": false, "dead": false, "artist": null, "album": null, "user": null, "language": "en-US", "thumbnail": null}, {"source": "https://feeds.a.dj.com/rss/RSSWorldNews.xml", "title": "More Than 800 Missing Nearly Two Weeks After Lahaina Wildfire", "description": "About 85% of the Maui disaster site has been searched; President Biden is expected to visit Monday.", "link": "https://www.wsj.com/articles/hawaii-maui-lahaina-wildfire-more-than-800-missing-president-biden-visit-a0b9f9ea", "date_published": "2023-08-21T15:41:00+00:00", "persistent": false, "dead": false, "artist": null, "album": null, "user": null, "language": "en-US", "thumbnail": null}, {"source": "https://feeds.a.dj.com/rss/RSSWorldNews.xml", "title": "Brics Nations at Odds Over Adding to Their Number", "description": "The debate about whether and how to expand will likely feature prominently during the group\u2019s first in-person leaders\u2019 summit since the pandemic.", "link": "https://www.wsj.com/articles/brics-nations-at-odds-over-adding-to-their-number-63d2dd06", "date_published": "2023-08-21T15:30:00+00:00", "persistent": false, "dead": false, "artist": null, "album": null, "user": null, "language": "en-US", "thumbnail": null}, {"source": "https://feeds.a.dj.com/rss/RSSWorldNews.xml", "title": "Hilary Drenches Nevada After Causing Less Damage in California Than Feared", "description": "The post-tropical cyclone is still expected to lash the Southwest with heavy rains and potentially catastrophic flash floods.", "link": "https://www.wsj.com/articles/hilary-drenches-nevada-after-causing-less-damage-in-california-than-feared-cb2b66c6", "date_published": "2023-08-21T15:18:00+00:00", "persistent": false, "dead": false, "artist": null, "album": null, "user": null, "language": "en-US", "thumbnail": null}, {"source": "https://feeds.a.dj.com/rss/RSSWorldNews.xml", "title": "Subway Sandwich Chain Nears Sale", "description": "Private-equity firm Roark Capital is poised to clinch a deal for Subway with a $9.6 billion bid.", "link": "https://www.wsj.com/articles/subway-sandwich-chain-nears-sale-bd776623", "date_published": "2023-08-21T15:06:00+00:00", "persistent": false, "dead": false, "artist": null, "album": null, "user": null, "language": "en-US", "thumbnail": null}, {"source": "https://feeds.a.dj.com/rss/RSSWorldNews.xml", "title": "British Nurse Who Killed Babies on the Job Gets Life Sentence", "description": "The case of Lucy Letby, one of the U.K.\u2019s most notorious serial killers, raises questions about oversight at the state-run healthcare system.", "link": "https://www.wsj.com/articles/british-nurse-who-killed-babies-on-the-job-gets-life-sentence-a5753b87", "date_published": "2023-08-21T14:21:00+00:00", "persistent": false, "dead": false, "artist": null, "album": null, "user": null, "language": "en-US", "thumbnail": null}, {"source": "https://feeds.a.dj.com/rss/RSSWorldNews.xml", "title": "The R-Rated Sex Comedy Is Back", "description": "From the risky Jennifer Lawrence rom-com \u201cNo Hard Feelings\u201d to the raunchy girl trip \u201cJoy Ride\u201d to randy dogs in \u201cStrays,\u201d R-rated comedies are making a comeback in theaters this summer.", "link": "https://www.wsj.com/articles/r-rated-sex-comedy-movies-no-hard-feelings-bottoms-75091222", "date_published": "2023-08-21T14:12:00+00:00", "persistent": false, "dead": false, "artist": null, "album": null, "user": null, "language": "en-US", "thumbnail": null}, {"source": "https://feeds.a.dj.com/rss/RSSWorldNews.xml", "title": "Goldman Weighs Options for Investment-Adviser Business", "description": "Goldman Sachs said it is considering options for its $29 billion investment adviser business, in what could mark the latest step back from its ambitions to be a bigger Main Street player.", "link": "https://www.wsj.com/articles/goldman-weighs-options-for-investment-adviser-business-dba05cf8", "date_published": "2023-08-21T14:02:00+00:00", "persistent": false, "dead": false, "artist": null, "album": null, "user": null, "language": "en-US", "thumbnail": null}, {"source": "https://feeds.a.dj.com/rss/RSSWorldNews.xml", "title": "Who Needs an Entree? Diners Order Salad and Fries and Call It a Meal", "description": "Traditional guidelines for food combinations are being flung aside for menu mayhem", "link": "https://www.wsj.com/articles/dining-restaurants-entree-salad-fries-meal-9e5d0434", "date_published": "2023-08-21T14:01:00+00:00", "persistent": false, "dead": false, "artist": null, "album": null, "user": null, "language": "en-US", "thumbnail": null}, {"source": "https://feeds.a.dj.com/rss/RSSWorldNews.xml", "title": "FedEx Pilots Are Worried About Their Jobs", "description": "A decline in parcel volume and a combination of the Express and Ground units leaves the company with an excess of 700 pilots.", "link": "https://www.wsj.com/articles/fedex-pilots-are-worried-about-their-jobs-7ff2fcba", "date_published": "2023-08-21T14:00:00+00:00", "persistent": false, "dead": false, "artist": null, "album": null, "user": null, "language": "en-US", "thumbnail": null}, {"source": "https://feeds.a.dj.com/rss/RSSWorldNews.xml", "title": "Goldman Weighs Options for Investment-Adviser Business", "description": "Goldman Sachs said it is considering options for its $29 billion investment adviser business, in what could mark the latest step back from its ambitions to be a bigger Main Street player.", "link": "https://www.wsj.com/articles/goldman-weighs-options-for-investment-adviser-business-6439f85", "date_published": "2023-08-21T13:57:00+00:00", "persistent": false, "dead": false, "artist": null, "album": null, "user": null, "language": "en-US", "thumbnail": null}, {"source": "https://feeds.a.dj.com/rss/RSSWorldNews.xml", "title": "The Booming Business of American Anxiety", "description": "Americans are increasingly anxious, and a flurry of companies and opportunistic entrepreneurs aim to fill the demand for relief.", "link": "https://www.wsj.com/articles/the-booming-business-of-american-anxiety-d4ef0624", "date_published": "2023-08-21T13:10:00+00:00", "persistent": false, "dead": false, "artist": null, "album": null, "user": null, "language": "en-US", "thumbnail": null}, {"source": "https://feeds.a.dj.com/rss/RSSWorldNews.xml", "title": "The Morning Risk Report", "description": "China\u2019s 40-Year Boom Is Over. What Comes Next? Also, America\u2019s tech giants rush to comply with new curbs in Europe and Colombian prosecutors to charge 60 people with graft tied to Odebrecht building scandal.", "link": "https://createsend.com/t/d-6DDA6398DF4105FB2540EF23F30FEDED", "date_published": "2023-08-21T13:06:00+00:00", "persistent": false, "dead": false, "artist": null, "album": null, "user": null, "language": "en-US", "thumbnail": null}, {"source": "https://feeds.a.dj.com/rss/RSSWorldNews.xml", "title": "Hourly Jobs With Fertility Benefits Offer Some Workers a Path to Parenthood", "description": "More employers offer the perk to attract workers, including cashiers, baristas and even part-timers.", "link": "https://www.wsj.com/articles/hourly-jobs-with-fertility-benefits-offer-some-workers-a-path-to-parenthood-e56b4177", "date_published": "2023-08-21T13:00:00+00:00", "persistent": false, "dead": false, "artist": null, "album": null, "user": null, "language": "en-US", "thumbnail": null}, {"source": "https://feeds.a.dj.com/rss/RSSWorldNews.xml", "title": "How Frank Sinatra and Yo Gotti Are Influencing the Future of Music on YouTube", "description": "Universal Music artists and songwriters plan to explore the future of royalties and content-creation tools in the age of generative AI.", "link": "https://www.wsj.com/articles/how-frank-sinatra-and-yo-gotti-are-influencing-the-future-of-music-on-youtube-971db915", "date_published": "2023-08-21T13:00:00+00:00", "persistent": false, "dead": false, "artist": null, "album": null, "user": null, "language": "en-US", "thumbnail": null}, {"source": "https://feeds.a.dj.com/rss/RSSWorldNews.xml", "title": "China Punishes U.S. Due-Diligence Firm Mintz Over Statistical Work", "description": "Beijing imposed $1.5 million in penalties for unapproved investigations after detaining company staff members in March.", "link": "https://www.wsj.com/articles/china-punishes-u-s-due-diligence-firm-mintz-over-statistical-work-835a1bd1", "date_published": "2023-08-21T12:53:00+00:00", "persistent": false, "dead": false, "artist": null, "album": null, "user": null, "language": "en-US", "thumbnail": null}, {"source": "https://feeds.a.dj.com/rss/RSSWorldNews.xml", "title": "Natural Gas Rises on Gains in Europe, Gulf of Mexico Storms", "description": "Natural gas prices in the U.S. started the week with moderate gains in mostly speculative moves fueled by sharp gains in European gas markets.", "link": "https://www.wsj.com/articles/natural-gas-rises-on-gains-in-europe-gulf-of-mexico-storms-cc04fe49", "date_published": "2023-08-21T12:50:00+00:00", "persistent": false, "dead": false, "artist": null, "album": null, "user": null, "language": "en-US", "thumbnail": null}, {"source": "https://feeds.a.dj.com/rss/RSSWorldNews.xml", "title": "Coco Gauff Is Playing the Tennis of Her Life", "description": "Still just 19, the American phenom enters the U.S. Open amid a breakthrough month of winning.", "link": "https://www.wsj.com/articles/coco-gauff-us-open-c8afb2a8", "date_published": "2023-08-21T12:48:00+00:00", "persistent": false, "dead": false, "artist": null, "album": null, "user": null, "language": "en-US", "thumbnail": null}, {"source": "https://feeds.a.dj.com/rss/RSSWorldNews.xml", "title": "Trump Holds 23-Point Lead Over DeSantis in Closely Watched Iowa Poll", "description": "Donald Trump was the first choice of 42% of likely Republican caucus-goers out of 14 GOP presidential candidates tested, while 19% chose Ron DeSantis.", "link": "https://www.wsj.com/articles/donald-trump-iowa-poll-lead-ron-desantis-bc96c1b4", "date_published": "2023-08-21T12:45:00+00:00", "persistent": false, "dead": false, "artist": null, "album": null, "user": null, "language": "en-US", "thumbnail": null}, {"source": "https://feeds.a.dj.com/rss/RSSWorldNews.xml", "title": "Booming Trade With China Helps Boost Russia's War Effort", "description": "Mutually-beneficial ties have given Moscow a customer for its oil and gas and made China the world\u2019s top car-exporting nation.", "link": "https://www.wsj.com/articles/booming-china-russia-trade-sends-trench-digging-machines-to-ukraines-front-lines-85f5b5ff", "date_published": "2023-08-21T12:32:00+00:00", "persistent": false, "dead": false, "artist": null, "album": null, "user": null, "language": "en-US", "thumbnail": null}, {"source": "https://feeds.a.dj.com/rss/RSSWorldNews.xml", "title": "Uber CEO Dara Khosrowshahi Would Rather Take the Train", "description": "The head of the ride-hailing company talks about his strict morning routine, self-driving cars and lessons he\u2019s learned from Barry Diller.", "link": "https://www.wsj.com/articles/uber-ceo-dara-khosrowshahi-3ee8f97e", "date_published": "2023-08-21T12:30:00+00:00", "persistent": false, "dead": false, "artist": null, "album": null, "user": null, "language": "en-US", "thumbnail": null}, {"source": "https://feeds.a.dj.com/rss/RSSWorldNews.xml", "title": "Today's Logistics Report: Panama's Drought Backup; Amazon's Shipping Offer; Ghost Fleet Tankers", "description": "", "link": "https://createsend.com/t/d-89FDCEC9737EAE712540EF23F30FEDED", "date_published": "2023-08-21T12:29:00+00:00", "persistent": false, "dead": false, "artist": null, "album": null, "user": null, "language": "en-US", "thumbnail": null}, {"source": "https://feeds.a.dj.com/rss/RSSWorldNews.xml", "title": "Ukrainian Children Brought to Camps in Belarus, Exposed to Pro-Kremlin Propaganda", "description": "More than 2,000 Ukrainian children, some of them orphans,\u00a0have been transported from Russian-occupied areas in an effort that underscores Belarus\u2019s support for Moscow\u2019s invasion.", "link": "https://www.wsj.com/articles/ukrainian-children-brought-to-camps-in-belarus-exposed-to-pro-kremlin-propaganda-26be126", "date_published": "2023-08-21T12:14:00+00:00", "persistent": false, "dead": false, "artist": null, "album": null, "user": null, "language": "en-US", "thumbnail": null}, {"source": "https://feeds.a.dj.com/rss/RSSWorldNews.xml", "title": "Andreessen Co-Leads $200 Million Investment in Biotech Startup Genesis Therapeutics", "description": "Genesis plans to use the funding to help drugs discovered with artificial intelligence enter clinical trials.", "link": "https://www.wsj.com/articles/andreessen-co-leads-200-million-investment-in-biotech-startup-genesis-therapeutics-6c303ba8", "date_published": "2023-08-21T12:00:00+00:00", "persistent": false, "dead": false, "artist": null, "album": null, "user": null, "language": "en-US", "thumbnail": null}, {"source": "https://feeds.a.dj.com/rss/RSSWorldNews.xml", "title": "Don't Buy a Timeshare---Buy a Timeshare Seller", "description": "Marriott Vacations Worldwide has sold off as consumers grow cautious, but it has other ways to make money.", "link": "https://www.wsj.com/articles/dont-buy-a-timesharebuy-a-timeshare-seller-beb25b3e", "date_published": "2023-08-21T12:00:00+00:00", "persistent": false, "dead": false, "artist": null, "album": null, "user": null, "language": "en-US", "thumbnail": null}, {"source": "https://feeds.a.dj.com/rss/RSSWorldNews.xml", "title": "Solar Boom Spreads to Timberlands and Self-Storage Rooftops", "description": "Last year\u2019s climate bill sparked a solar bonanza for big property owners.", "link": "https://www.wsj.com/articles/solar-boom-spreads-to-timberlands-and-self-storage-rooftops-e6cd7b23", "date_published": "2023-08-21T12:00:00+00:00", "persistent": false, "dead": false, "artist": null, "album": null, "user": null, "language": "en-US", "thumbnail": null}, {"source": "https://feeds.a.dj.com/rss/RSSWorldNews.xml", "title": "Tech, Media & Telecom Roundup: Market Talk", "description": "The latest Market Talks covering Technology, Media and Telecom.", "link": "https://www.wsj.com/articles/tech-media-telecom-roundup-market-talk-36f4659c", "date_published": "2023-08-21T11:35:00+00:00", "persistent": false, "dead": false, "artist": null, "album": null, "user": null, "language": "en-US", "thumbnail": null}, {"source": "https://feeds.a.dj.com/rss/RSSWorldNews.xml", "title": "Dow Futures Rise; Tesla Stock Gains Premarket", "description": "Meanwhile, China\u2019s faltering economy remains in focus for investors, after key bank lending rates weren\u2019t cut as much as the market was expecting.", "link": "https://www.wsj.com/articles/dow-futures-rise-tesla-stock-gains-premarket-3ee736aa", "date_published": "2023-08-21T11:34:00+00:00", "persistent": false, "dead": false, "artist": null, "album": null, "user": null, "language": "en-US", "thumbnail": null}, {"source": "https://feeds.a.dj.com/rss/RSSWorldNews.xml", "title": "Trump Holds 23-Point Lead Over DeSantis in Closely Watched Iowa Poll", "description": "Donald Trump was the first choice of 42% of likely Republican caucus-goers out of 14 GOP presidential candidates tested, while 19% chose Ron DeSantis.", "link": "https://www.wsj.com/articles/trump-holds-23-point-lead-over-desantis-in-closely-watched-iowa-poll-bc96c1b4", "date_published": "2023-08-21T11:32:00+00:00", "persistent": false, "dead": false, "artist": null, "album": null, "user": null, "language": "en-US", "thumbnail": null}, {"source": "https://feeds.a.dj.com/rss/RSSWorldNews.xml", "title": "Financial Services Roundup: Market Talk", "description": "Westpac, Nib and more in the latest Market Talks covering Financial Services.", "link": "https://www.wsj.com/articles/financial-services-roundup-market-talk-58e8644b", "date_published": "2023-08-21T11:31:00+00:00", "persistent": false, "dead": false, "artist": null, "album": null, "user": null, "language": "en-US", "thumbnail": null}, {"source": "https://feeds.a.dj.com/rss/RSSWorldNews.xml", "title": "Heard on the Street's Stock-Picking Contest", "description": "Read about our columnists\u2019 most- and least-favorite stocks as they make their choices.", "link": "https://www.wsj.com/articles/heard-on-the-streets-stock-picking-contest-bbb58f00", "date_published": "2023-08-21T11:00:00+00:00", "persistent": false, "dead": false, "artist": null, "album": null, "user": null, "language": "en-US", "thumbnail": null}, {"source": "https://feeds.a.dj.com/rss/RSSWorldNews.xml", "title": "Sweetgreen Hires Former Chipotle Executives, Readies Mid-America Push", "description": "Sweetgreen hired two former Chipotle Mexican Grill executives to lead its marketing and culinary development, part of the salad chain\u2019s strategy to expand beyond large metropolitan areas on the east and west coasts.", "link": "https://www.wsj.com/articles/sweetgreen-hires-former-chipotle-executives-readies-mid-america-push-e33bb956", "date_published": "2023-08-21T11:00:00+00:00", "persistent": false, "dead": false, "artist": null, "album": null, "user": null, "language": "en-US", "thumbnail": null}, {"source": "https://feeds.a.dj.com/rss/RSSWorldNews.xml", "title": "Corporate Venture-Investing Arms Wrestle With Sagging Values, Sell Assets", "description": "Companies with in-house venture-capital arms such as French energy company Total are retrenching by selling assets after collapsing startup values led them to rethink how to invest.", "link": "https://www.wsj.com/articles/corporate-venture-investing-arms-wrestle-with-sagging-values-sell-assets-bbf38132", "date_published": "2023-08-21T10:30:00+00:00", "persistent": false, "dead": false, "artist": null, "album": null, "user": null, "language": "en-US", "thumbnail": null}, {"source": "https://feeds.a.dj.com/rss/RSSWorldNews.xml", "title": "Europe's Gas-Guzzling Days Are Fading", "description": "In a reality check for natural-gas producers, volatile prices are prompting European homes and factories to go green faster than expected.", "link": "https://www.wsj.com/articles/europes-gas-guzzling-days-are-fading-166b98bb", "date_published": "2023-08-21T10:30:00+00:00", "persistent": false, "dead": false, "artist": null, "album": null, "user": null, "language": "en-US", "thumbnail": null}, {"source": "https://feeds.a.dj.com/rss/RSSWorldNews.xml", "title": "The 2023 Women's World Cup Was a Wake-Up Call for the U.S.", "description": "European teams dominated, a young Spain team won the title and the U.S. pipeline showed cracks from youth to the pros.", "link": "https://www.wsj.com/articles/womens-world-cup-us-spain-england-nwsl-abfacd88", "date_published": "2023-08-21T10:00:00+00:00", "persistent": false, "dead": false, "artist": null, "album": null, "user": null, "language": "en-US", "thumbnail": null}, {"source": "https://feeds.a.dj.com/rss/RSSWorldNews.xml", "title": "A Bright Spot in Commercial Real Estate: Retail Shops", "description": "New store openings remain strong, overcoming inflation and interest-rate challenges.", "link": "https://www.wsj.com/articles/a-bright-spot-in-commercial-real-estate-retail-shops-a3ef009e", "date_published": "2023-08-21T09:30:00+00:00", "persistent": false, "dead": false, "artist": null, "album": null, "user": null, "language": "en-US", "thumbnail": null}, {"source": "https://feeds.a.dj.com/rss/RSSWorldNews.xml", "title": "AI Funds Are Missing Out on the AI Stock Boom", "description": "Tech stocks are powering the bull market, but AI-powered exchange-traded funds are lagging behind.", "link": "https://www.wsj.com/articles/ai-funds-are-missing-out-on-the-ai-stock-boom-45650843", "date_published": "2023-08-21T09:30:00+00:00", "persistent": false, "dead": false, "artist": null, "album": null, "user": null, "language": "en-US", "thumbnail": null}, {"source": "https://feeds.a.dj.com/rss/RSSWorldNews.xml", "title": "Car Prices Might Be Unsustainable for Buyers", "description": "Surging loan delinquencies signal that many consumers can\u2019t afford their auto loans.", "link": "https://www.wsj.com/articles/car-prices-might-be-unsustainable-for-buyers-18d7b395", "date_published": "2023-08-21T09:30:00+00:00", "persistent": false, "dead": false, "artist": null, "album": null, "user": null, "language": "en-US", "thumbnail": null}, {"source": "https://feeds.a.dj.com/rss/RSSWorldNews.xml", "title": "Debt-Addicted Landlord Struggles to Keep a Roof Over its Head", "description": "Swedish property owner SBB is running out of options to refinance its enormous borrowings.", "link": "https://www.wsj.com/articles/debt-addicted-landlord-struggles-to-keep-a-roof-over-its-head-cb7f18fb", "date_published": "2023-08-21T09:30:00+00:00", "persistent": false, "dead": false, "artist": null, "album": null, "user": null, "language": "en-US", "thumbnail": null}, {"source": "https://feeds.a.dj.com/rss/RSSWorldNews.xml", "title": "How to Prepare Your Phone and Other Tech for a Natural Disaster", "description": "Having your tech ready to go could save your life during floods, hurricanes and wildfires.", "link": "https://www.wsj.com/articles/disaster-emergency-prepare-power-out-tips-e031c0bc", "date_published": "2023-08-21T09:30:00+00:00", "persistent": false, "dead": false, "artist": null, "album": null, "user": null, "language": "en-US", "thumbnail": null}, {"source": "https://feeds.a.dj.com/rss/RSSWorldNews.xml", "title": "The Booming Business of American Anxiety", "description": "Americans are increasingly anxious, and a flurry of companies and opportunistic entrepreneurs aim to fill the demand for relief.", "link": "https://www.wsj.com/articles/anxiety-mental-health-treatment-supplements-ca4a7fc", "date_published": "2023-08-21T09:30:00+00:00", "persistent": false, "dead": false, "artist": null, "album": null, "user": null, "language": "en-US", "thumbnail": null}, {"source": "https://feeds.a.dj.com/rss/RSSWorldNews.xml", "title": "The Rising Trend in Private Education: Teeny, Tiny Schools", "description": "Families reacting to an influx of voucher funds and postpandemic woes are increasingly choosing schools with one to two dozen children.", "link": "https://www.wsj.com/articles/the-rising-trend-in-private-education-teeny-tiny-schools-8ca897c2", "date_published": "2023-08-21T09:30:00+00:00", "persistent": false, "dead": false, "artist": null, "album": null, "user": null, "language": "en-US", "thumbnail": null}, {"source": "https://feeds.a.dj.com/rss/RSSWorldNews.xml", "title": "Natural Gas Prices Rise on Prospect of Australia Strikes", "description": "Natural gas prices were rising as worries over strikes at Australian producer Woodside Energy threatened to limit supplies, but ING indicated that European prices would likely be capped given stores are 91% full.", "link": "https://www.wsj.com/articles/natural-gas-prices-rise-on-prospect-of-australia-strikes-81d6de3", "date_published": "2023-08-21T08:46:00+00:00", "persistent": false, "dead": false, "artist": null, "album": null, "user": null, "language": "en-US", "thumbnail": null}, {"source": "https://feeds.a.dj.com/rss/RSSWorldNews.xml", "title": "Rates in China Cut Again, but by Less Than Expected", "description": "Economists, saying Beijing needs to do more to reverse a steep slowdown, have slashed their 2023 growth forecasts.", "link": "https://www.wsj.com/articles/rates-in-china-cut-again-but-by-less-than-expected-c10fdc28", "date_published": "2023-08-21T08:32:00+00:00", "persistent": false, "dead": false, "artist": null, "album": null, "user": null, "language": "en-US", "thumbnail": null}, {"source": "https://feeds.a.dj.com/rss/RSSWorldNews.xml", "title": "Kim Jong Un Turns to High-Profile Visits to Mask North Korea's Internal Struggles", "description": "The latest on-site inspection of a navy unit seeks to boost morale as the country deals with starvation and a roughshod economy.", "link": "https://www.wsj.com/articles/kim-jong-un-turns-to-high-profile-visits-to-mask-north-koreas-internal-struggles-1a5a1b9f", "date_published": "2023-08-21T08:08:00+00:00", "persistent": false, "dead": false, "artist": null, "album": null, "user": null, "language": "en-US", "thumbnail": null}, {"source": "https://feeds.a.dj.com/rss/RSSWorldNews.xml", "title": "Eurozone Bond Yields Rise as Markets See Interest Rates to Stay High for Long", "description": "Eurozone government bond yields traded higher as global weakness in bonds continued as markets come to terms with the prospect of higher interest rates for a longer period, Deutsche Bank said.", "link": "https://www.wsj.com/articles/eurozone-bond-yields-rise-as-markets-see-interest-rates-to-stay-high-for-long-732bde51", "date_published": "2023-08-21T06:33:00+00:00", "persistent": false, "dead": false, "artist": null, "album": null, "user": null, "language": "en-US", "thumbnail": null}, {"source": "https://feeds.a.dj.com/rss/RSSWorldNews.xml", "title": "UK House Prices Fall at Fastest Rate Since 2018", "description": "The average house price in the U.K. fell 1.9% in the month to August 12, outpacing the usual summer slowdown.", "link": "https://www.wsj.com/articles/uk-house-prices-fell-at-fastest-rate-on-month-since-2018-a6a591d4", "date_published": "2023-08-21T05:47:00+00:00", "persistent": false, "dead": false, "artist": null, "album": null, "user": null, "language": "en-US", "thumbnail": null}, {"source": "https://feeds.a.dj.com/rss/RSSWorldNews.xml", "title": "A Matter of Degrees (Monday Crossword, August 21)", "description": "", "link": "https://www.wsj.com/articles/a-matter-of-degrees-monday-crossword-august-21-9651cfd", "date_published": "2023-08-21T04:01:00+00:00", "persistent": false, "dead": false, "artist": null, "album": null, "user": null, "language": "en-US", "thumbnail": null}, {"source": "https://feeds.a.dj.com/rss/RSSWorldNews.xml", "title": "Bernardo Ar\u00e9valo won a landslide presidential election victory in Guatemala as voters pinned their hopes on the center-left politician, who campaigned on an anticorruption platform.", "description": "Bernardo Ar\u00e9valo won a landslide presidential election victory in Guatemala as voters pinned their hopes on the center-left politician, who campaigned on an anticorruption platform.", "link": "https://www.wsj.com/world/americas/guatemalan-front-runner-calls-for-democratic-renewal-f51facb0", "date_published": "2023-08-21T04:01:00+00:00", "persistent": false, "dead": false, "artist": null, "album": null, "user": null, "language": "en-US", "thumbnail": null}, {"source": "https://feeds.a.dj.com/rss/RSSWorldNews.xml", "title": "Republican presidential primary candidates---the ones not named Trump---will seek to break out from the pack on a debate stage in Wisconsin this week.", "description": "Republican presidential primary candidates\u2014the ones not named Trump\u2014will seek to break out from the pack on a debate stage in Wisconsin this week.", "link": "https://www.wsj.com/politics/elections/trump-rivals-search-for-ways-to-break-through-with-voters-cb53b685", "date_published": "2023-08-21T04:01:00+00:00", "persistent": false, "dead": false, "artist": null, "album": null, "user": null, "language": "en-US", "thumbnail": null}, {"source": "https://feeds.a.dj.com/rss/RSSWorldNews.xml", "title": "Russia's first mission to the moon in nearly 50 years ended in a disaster as its unmanned Luna-25 spacecraft crashed while attempting to land on the unexplored south pole, Russian authorities said.", "description": "Russia\u2019s first mission to the moon in nearly 50 years ended in a disaster as its unmanned Luna-25 spacecraft crashed while attempting to land on the unexplored south pole, Russian authorities said.", "link": "https://www.wsj.com/world/europe/russian-spacecraft-crashes-into-moon-f57eb14b", "date_published": "2023-08-21T04:01:00+00:00", "persistent": false, "dead": false, "artist": null, "album": null, "user": null, "language": "en-US", "thumbnail": null}, {"source": "https://feeds.a.dj.com/rss/RSSWorldNews.xml", "title": "Southern California was hit by its first tropical storm in nearly a century, as an earthquake jolted the region.", "description": "Southern California was hit by its first tropical storm in nearly a century, as an earthquake jolted the region.", "link": "https://www.wsj.com/us-news/climate-environment/tropical-storm-hilary-makes-landfall-in-mexico-threatening-southern-california-30d14eae", "date_published": "2023-08-21T04:01:00+00:00", "persistent": false, "dead": false, "artist": null, "album": null, "user": null, "language": "en-US", "thumbnail": null}, {"source": "https://feeds.a.dj.com/rss/RSSWorldNews.xml", "title": "The crash left India better poised to become the first country to land on the moon's south pole, an achievement that would solidify its position as a major space power amid renewed global interest in lunar exploration.", "description": "The crash left India better poised to become the first country to land on the moon\u2019s south pole, an achievement that would solidify its position as a major space power amid renewed global interest in lunar exploration.", "link": "https://www.wsj.com/world/asia/india-races-russia-to-be-first-to-land-on-moons-south-pole-ad5d9d05", "date_published": "2023-08-21T04:01:00+00:00", "persistent": false, "dead": false, "artist": null, "album": null, "user": null, "language": "en-US", "thumbnail": null}, {"source": "https://feeds.a.dj.com/rss/RSSWorldNews.xml", "title": "What's News: World-Wide", "description": "What\u2019s News: World-Wide", "link": "https://www.wsj.com/articles/whats-news-world-wide-2b33d24e", "date_published": "2023-08-21T03:46:39.386300+00:00", "persistent": false, "dead": false, "artist": null, "album": null, "user": null, "language": "en-US", "thumbnail": null}, {"source": "https://feeds.a.dj.com/rss/RSSWorldNews.xml", "title": "What's News: Business & Finance", "description": "What\u2019s News: Business &amp; Finance", "link": "https://www.wsj.com/articles/whats-news-business-finance-1609c91a", "date_published": "2023-08-21T03:46:39.383816+00:00", "persistent": false, "dead": false, "artist": null, "album": null, "user": null, "language": "en-US", "thumbnail": null}, {"source": "https://feeds.a.dj.com/rss/RSSWorldNews.xml", "title": "Chinese Developers' Shares Fall After PBOC Holds Mortgage Rate", "description": "Shares of many Chinese property developers fell as investor sentiment took a hit after the country\u2019s central bank kept its mortgage rate unchanged, exacerbating concerns over problems in the country\u2019s property sector.", "link": "https://www.wsj.com/articles/chinese-developers-shares-fall-after-pboc-holds-mortgage-rate-f5961084", "date_published": "2023-08-21T03:26:00+00:00", "persistent": false, "dead": false, "artist": null, "album": null, "user": null, "language": "en-US", "thumbnail": null}, {"source": "https://feeds.a.dj.com/rss/RSSWorldNews.xml", "title": "Banks are tapping the brakes on jumbo mortgages, which they have typically viewed as a low-risk way to attract wealthy customers.", "description": "Banks are tapping the brakes on jumbo mortgages, which they have typically viewed as a low-risk way to attract wealthy customers.", "link": "https://www.wsj.com/finance/banking/mortgage-jumbo-loan-interest-rates-wealthy-a84e87d3", "date_published": "2023-08-21T03:22:00+00:00", "persistent": false, "dead": false, "artist": null, "album": null, "user": null, "language": "en-US", "thumbnail": null}, {"source": "https://feeds.a.dj.com/rss/RSSWorldNews.xml", "title": "Bond investors say the summer selloff in U.S. Treasury debt is providing the best buying opportunity in years.", "description": "Bond investors say the summer selloff in U.S. Treasury debt is providing the best buying opportunity in years.", "link": "https://www.wsj.com/finance/investing/big-treasury-rout-lures-fresh-buyers-4fa7dfeb", "date_published": "2023-08-21T03:22:00+00:00", "persistent": false, "dead": false, "artist": null, "album": null, "user": null, "language": "en-US", "thumbnail": null}, {"source": "https://feeds.a.dj.com/rss/RSSWorldNews.xml", "title": "China's biggest e-commerce firms, Alibaba and JD.com, are moving toward selling more discounted goods as Chinese shoppers hunt for bargains amid economic uncertainty.", "description": "China\u2019s biggest e-commerce firms, Alibaba and JD.com, are moving toward selling more discounted goods as Chinese shoppers hunt for bargains amid economic uncertainty.", "link": "https://www.wsj.com/business/retail/chinese-e-commerce-giants-pivot-to-selling-inexpensive-goods-6791bce5", "date_published": "2023-08-21T03:22:00+00:00", "persistent": false, "dead": false, "artist": null, "album": null, "user": null, "language": "en-US", "thumbnail": null}, {"source": "https://feeds.a.dj.com/rss/RSSWorldNews.xml", "title": "Chinese tourists are again flocking to Macau's casinos, propelling the city back above Las Vegas as the world's most lucrative gambling hub.", "description": "Chinese tourists are again flocking to Macau\u2019s casinos, propelling the city back above Las Vegas as the world\u2019s most lucrative gambling hub.", "link": "https://www.wsj.com/business/hospitality/macau-reclaims-crown-from-vegas-as-worlds-top-gambling-hub-edf318cd", "date_published": "2023-08-21T03:22:00+00:00", "persistent": false, "dead": false, "artist": null, "album": null, "user": null, "language": "en-US", "thumbnail": null}, {"source": "https://feeds.a.dj.com/rss/RSSWorldNews.xml", "title": "IKEA is set to open a store Wednesday in San Francisco's beleaguered downtown district, which has been hollowed out by an exodus of workers and has struggled with crime, drug abuse and homelessness.", "description": "IKEA is set to open a store Wednesday in San Francisco\u2019s beleaguered downtown district, which has been hollowed out by an exodus of workers and has struggled with crime, drug abuse and homelessness.", "link": "https://www.wsj.com/business/retail/retailers-are-fleeing-downtown-san-francisco-ikea-is-moving-in-ee359035", "date_published": "2023-08-21T03:22:00+00:00", "persistent": false, "dead": false, "artist": null, "album": null, "user": null, "language": "en-US", "thumbnail": null}, {"source": "https://feeds.a.dj.com/rss/RSSWorldNews.xml", "title": "Investors are rushing to scoop up money-market funds and other cash-like instruments that are offering robust returns after a decade of ultralow rates.", "description": "Investors are rushing to scoop up money-market funds and other cash-like instruments that are offering robust returns after a decade of ultralow rates.", "link": "https://www.wsj.com/finance/investing/where-investors-are-finding-returns-in-a-world-of-yield-eba82767", "date_published": "2023-08-21T03:22:00+00:00", "persistent": false, "dead": false, "artist": null, "album": null, "user": null, "language": "en-US", "thumbnail": null}, {"source": "https://feeds.a.dj.com/rss/RSSWorldNews.xml", "title": "Meta Platforms, Apple, Alphabet's Google and other large---and largely American---tech companies will by next week start facing the first of new EU tech rules set to come into effect over coming months, marking the largest expansion in digital regulation ever in the West.", "description": "Meta Platforms, Apple, Alphabet\u2019s Google and other large\u2014and largely American\u2014tech companies will by next week start facing the first of new EU tech rules set to come into effect over coming months, marking the largest expansion in digital regulation ever in the West.", "link": "https://www.wsj.com/tech/americas-tech-giants-rush-to-comply-with-new-curbs-in-europe-2076ade9", "date_published": "2023-08-21T03:22:00+00:00", "persistent": false, "dead": false, "artist": null, "album": null, "user": null, "language": "en-US", "thumbnail": null}, {"source": "https://feeds.a.dj.com/rss/RSSWorldNews.xml", "title": "Banks Don't Love Rich Mortgage Borrowers as Much as They Used To", "description": "Affluent home buyers are no longer getting special treatment and preferential rates, and it is the Federal Reserve\u2019s fault.", "link": "https://www.wsj.com/articles/mortgage-jumbo-loan-interest-rates-wealthy-a84e87d3", "date_published": "2023-08-21T03:00:00+00:00", "persistent": false, "dead": false, "artist": null, "album": null, "user": null, "language": "en-US", "thumbnail": null}, {"source": "https://feeds.a.dj.com/rss/RSSWorldNews.xml", "title": "Chinese E-Commerce Giants Pivot to Selling Inexpensive Goods", "description": "Alibaba\u2019s and JD.com\u2019s quarterly results exceeded expectations after they focused on offering discounted goods in an uncertain economic environment.", "link": "https://www.wsj.com/articles/chinese-e-commerce-giants-pivot-to-selling-inexpensive-goods-6791bce5", "date_published": "2023-08-21T03:00:00+00:00", "persistent": false, "dead": false, "artist": null, "album": null, "user": null, "language": "en-US", "thumbnail": null}, {"source": "https://feeds.a.dj.com/rss/RSSWorldNews.xml", "title": "U.A.E. Cashes In on Russia's Economic Woes", "description": "The Gulf state is capitalizing on the Ukraine war\u2019s economic opportunities like few other countries.", "link": "https://www.wsj.com/articles/u-a-e-cashes-in-on-russias-economic-woes-52700157", "date_published": "2023-08-21T03:00:00+00:00", "persistent": false, "dead": false, "artist": null, "album": null, "user": null, "language": "en-US", "thumbnail": null}, {"source": "https://feeds.a.dj.com/rss/RSSWorldNews.xml", "title": "Canada's oil-rich province of Alberta has become the latest jurisdiction to push back against renewable-energy initiatives, declaring a seven-month moratorium on new wind and solar projects.", "description": "Canada\u2019s oil-rich province of Alberta has become the latest jurisdiction to push back against renewable-energy initiatives, declaring a seven-month moratorium on new wind and solar projects.", "link": "https://www.wsj.com/world/americas/canadas-oil-rich-alberta-province-halts-renewable-energy-projects-96c3e369", "date_published": "2023-08-21T02:59:00+00:00", "persistent": false, "dead": false, "artist": null, "album": null, "user": null, "language": "en-US", "thumbnail": null}, {"source": "https://feeds.a.dj.com/rss/RSSWorldNews.xml", "title": "More than 200 ships are stuck on both sides of the Panama Canal, waiting for weeks to cross after the waterway's authorities cut transits to conserve water amid a serious drought.", "description": "More than 200 ships are stuck on both sides of the Panama Canal, waiting for weeks to cross after the waterway\u2019s authorities cut transits to conserve water amid a serious drought.", "link": "https://www.wsj.com/business/logistics/panama-canal-drought-causes-traffic-problems-ecd9d335", "date_published": "2023-08-21T02:59:00+00:00", "persistent": false, "dead": false, "artist": null, "album": null, "user": null, "language": "en-US", "thumbnail": null}, {"source": "https://feeds.a.dj.com/rss/RSSWorldNews.xml", "title": "Sen. Romney of Utah, who has become a pariah for some Republicans because of his rejection of Trump, plans to announce soon whether he will seek a second term.", "description": "Sen. Romney of Utah, who has become a pariah for some Republicans because of his rejection of Trump, plans to announce soon whether he will seek a second term.", "link": "https://www.wsj.com/politics/policy/mitt-romney-reelection-senate-utah-trump-bf6f386a", "date_published": "2023-08-21T02:59:00+00:00", "persistent": false, "dead": false, "artist": null, "album": null, "user": null, "language": "en-US", "thumbnail": null}, {"source": "https://feeds.a.dj.com/rss/RSSWorldNews.xml", "title": "The U.S. and China are accelerating research on how to integrate artificial intelligence into their militaries.", "description": "The U.S. and China are accelerating research on how to integrate artificial intelligence into their militaries.", "link": "https://www.wsj.com/world/china/china-u-s-test-intelligent-drone-swarms-in-race-for-military-ai-dominance-db361265", "date_published": "2023-08-21T02:59:00+00:00", "persistent": false, "dead": false, "artist": null, "album": null, "user": null, "language": "en-US", "thumbnail": null}, {"source": "https://feeds.a.dj.com/rss/RSSWorldNews.xml", "title": "BlueScope Annual Net Profit Falls 64%", "description": "BlueScope Steel reported a 64% fall in full-year profit, reflecting a fall in market prices, but said it would top up its share buyback and proceed with a major project to shore up production at a steelworks near Sydney.", "link": "https://www.wsj.com/articles/bluescope-annual-net-profit-falls-64-e3d69f56", "date_published": "2023-08-21T02:34:00+00:00", "persistent": false, "dead": false, "artist": null, "album": null, "user": null, "language": "en-US", "thumbnail": null}, {"source": "https://feeds.a.dj.com/rss/RSSWorldNews.xml", "title": "CNY Weakens, Pressured by China's Rate Cut", "description": "Chinese yuan was weaker against USD in the onshore and offshore markets in the morning Asian session, pressured by China\u2019s one-year loan prime rate cut.", "link": "https://www.wsj.com/articles/cny-weakens-pressured-by-chinas-rate-cut-af1cc41d", "date_published": "2023-08-21T02:32:00+00:00", "persistent": false, "dead": false, "artist": null, "album": null, "user": null, "language": "en-US", "thumbnail": null}, {"source": "https://feeds.a.dj.com/rss/RSSWorldNews.xml", "title": "China Cuts Benchmark Rate by Less Than Expected", "description": "China\u2019s benchmark lending rate was lowered by a smaller-than-expected margin after the central bank cut its key policy rates last week to offer more support for the slowing economy.", "link": "https://www.wsj.com/articles/china-cuts-benchmark-rate-by-less-than-expected-b607f55c", "date_published": "2023-08-21T02:08:00+00:00", "persistent": false, "dead": false, "artist": null, "album": null, "user": null, "language": "en-US", "thumbnail": null}, {"source": "https://feeds.a.dj.com/rss/RSSWorldNews.xml", "title": "Oil Gains on Chinese Policies, Tighter Market", "description": "Oil futures gained in early Asian trade as the market shows sign of tightening and after China announced more policies to boost economic growth.", "link": "https://www.wsj.com/articles/oil-gains-on-chinese-policies-tighter-market-d6c07cb9", "date_published": "2023-08-21T01:31:00+00:00", "persistent": false, "dead": false, "artist": null, "album": null, "user": null, "language": "en-US", "thumbnail": null}, {"source": "https://feeds.a.dj.com/rss/RSSWorldNews.xml", "title": "More &raquo;", "description": "It was a top-secret mission at the bottom of the ocean 65 years ago. It just helped solve one of the world&amp;#x27;s biggest mysteries.", "link": "https://www.wsj.com/articles/more-amp-raquo-36d78917", "date_published": "2023-08-21T01:06:00+00:00", "persistent": false, "dead": false, "artist": null, "album": null, "user": null, "language": "en-US", "thumbnail": null}, {"source": "https://feeds.a.dj.com/rss/RSSWorldNews.xml", "title": "How to Rally the Troops When They're Older (and Maybe Wiser) Than You", "description": "Generations are colliding at the office\u2014and in the corporate hierarchy.", "link": "https://www.wsj.com/articles/how-to-rally-the-troops-at-work-when-theyre-older-and-maybe-wiser-than-you-a00dd8bb", "date_published": "2023-08-21T01:00:00+00:00", "persistent": false, "dead": false, "artist": null, "album": null, "user": null, "language": "en-US", "thumbnail": null}, {"source": "https://feeds.a.dj.com/rss/RSSWorldNews.xml", "title": "Gold Edges Higher, Reversing After Recent Retreat", "description": "Gold edged higher in early Asian trade in a comeback after being suppressed for some time as the U.S. dollar strengthened.", "link": "https://www.wsj.com/articles/gold-edges-higher-reversing-after-recent-retreat-51586076", "date_published": "2023-08-21T00:50:00+00:00", "persistent": false, "dead": false, "artist": null, "album": null, "user": null, "language": "en-US", "thumbnail": null}, {"source": "https://feeds.a.dj.com/rss/RSSWorldNews.xml", "title": "Nikkei Up 0.3%, Led by Energy Stocks", "description": "Japanese stocks were slightly higher in early trade, helped by gains in energy stocks, despite uncertainty over the scope of policy tightening by central banks and its economic impact.", "link": "https://www.wsj.com/articles/nikkei-likely-rangebound-jackson-hole-in-focus-this-week-2fe91ccb", "date_published": "2023-08-21T00:22:00+00:00", "persistent": false, "dead": false, "artist": null, "album": null, "user": null, "language": "en-US", "thumbnail": null}]