[{"source": "https://feeds.feedburner.com/dcexaminer/Politics", "title": "'Watch out for young people!': Bill Nye encourages young voters to ask candidates about climate change", "description": "Celebrity Bill Nye has encouraged younger voters to ask 2024 presidential candidates what they will do about climate change.", "link": "https://www.washingtonexaminer.com/news/bill-nye-young-voters-ask-climate-change", "date_published": "2023-08-21T22:14:18+00:00", "persistent": false, "dead": false, "artist": null, "album": null, "user": null, "language": "en-US", "thumbnail": null}]