[{"source": "https://www.wired.com/feed/category/business/latest/rss", "title": "The Most Popular Digital Abortion Clinics, Ranked by Data Privacy", "description": "Telehealth companies that provide abortion pills are surging in popularity. Which are as safe as they claim to be?", "link": "https://www.wired.com/story/most-popular-digital-telehealth-medication-abortion-ranked-data-privacy/", "date_published": "2023-08-21T12:00:00+00:00", "persistent": false, "dead": false, "artist": null, "album": null, "user": null, "language": "en-US", "thumbnail": "https://media.wired.com/photos/64dfee45a6c1fece8f4bb65a/master/pass/security_online_abortion_privacy.jpg"}, {"source": "https://www.wired.com/feed/category/business/latest/rss", "title": "Scammers Used ChatGPT to Unleash a Crypto Botnet on X", "description": "A botnet apparently connected to ChatGPT shows how easily, and effectively, artificial intelligence can be harnessed for disinformation.", "link": "https://www.wired.com/story/chat-gpt-crypto-botnet-scam/", "date_published": "2023-08-21T11:00:00+00:00", "persistent": false, "dead": false, "artist": null, "album": null, "user": null, "language": "en-US", "thumbnail": "https://media.wired.com/photos/64dfc0e9c65d33e5f22478f8/master/pass/AI-Chatbot-Crypto-Scam-1591242588.jpg"}]