[{"source": "https://www.youtube.com/feeds/videos.xml?channel_id=UCZYTClx2T1of7BRZ86-8fow", "title": "Florida is in hot water #shorts #scishow #science #florida #stem", "description": "You might have seen the headlines that Florida's oceans were over a hundred degrees at the surface. Here's the reason it's so good that there wasn't a hurricane happening at the same time. \n\nHosted by: Hank Green (he/him)\nAlex Billow: Writer\nKeren Turton: Fact Checker\nAmy Peterson: Script Editor\nMadison Lynn: Videographer\nFaith Evelyn Schmidt: Script Supervisor\nBill Mead: Editor\nSavannah Geary: Associate Producer\n: Animator\nDaniel Comiskey: Editorial Director\nSavannah Geary: Producer\nNicole Sweeney: Executive Producer\nHank Green: Executive Producer\n\nSources:\nhttps://oceanservice.noaa.gov/facts/how-hurricanes-form.html\nhttps://oceanexplorer.noaa.gov/facts/hurricanes.html\nhttps://www.washingtonpost.com/weather/2023/07/25/florida-record-warm-ocean-climate/\nhttps://www.nature.com/articles/s41586-020-2867-7 \n\nIMAGES\n\nhttps://commons.wikimedia.org/wiki/File:Coral_Reef.jpg\nhttps://commons.wikimedia.org/wiki/File:Hurricane_Isabel_from_ISS.jpg\nhttps://www.gettyimages.com/detail/photo/deep-blue-ocean-royalty-free-image/175542403?phrase=clouds+dark+ocean&amp;adppopup=true\nhttps://www.gettyimages.com/detail/video/storm-clouds-moving-time-lapse-stock-footage/999246074?adppopup=true\nhttps://www.gettyimages.com/detail/video/beautiful-beach-and-seascape-during-orange-color-sunset-stock-footage/1468994635?adppopup=true", "link": "https://www.youtube.com/watch?v=0VjBsE15yhk", "date_published": "2023-08-22T00:00:00+00:00", "persistent": false, "dead": false, "artist": null, "album": null, "user": null, "language": "en-US", "thumbnail": "https://i1.ytimg.com/vi/0VjBsE15yhk/hqdefault.jpg"}, {"source": "https://www.youtube.com/feeds/videos.xml?channel_id=UCZYTClx2T1of7BRZ86-8fow", "title": "Half of All Plants Are Invisible", "description": "Visit https://brilliant.org/scishow/ to get started learning STEM for free. The first 200 people will get 20% off their annual premium subscription and a 30-day free trial.\n\n\nIf you see an acorn sprout under an oak tree, you're seeing that tree's grandchild. Here's why half of all higher plants are invisible, and why it works for them.\n\nHosted by: Reid Reimers\n----------\nSupport SciShow by becoming a patron on Patreon: https://www.patreon.com/scishow\n----------\nHuge thanks go to the following Patreon supporters for helping us keep SciShow free for everyone forever: Adam Brainard, Alex Hackman, Ash, Bryan Cloer, charles george, Chris Mackey, Chris Peters, Christoph Schwanke, Christopher R Boucher, Dr. Melvin Sanicas, Harrison Mills, Jaap Westera, Jason A Saslow, Jeffrey Mckishen, Kevin Bealer, Matt Curls, Michelle Dove, Piya Shedden, Rizwan Kassim, Sam Lutfi, Silas Emrys\n----------\nLooking for SciShow elsewhere on the internet?\nSciShow Tangents Podcast: https://scishow-tangents.simplecast.com/\nTikTok: https://www.tiktok.com/@scishow \nTwitter: http://www.twitter.com/scishow\nInstagram: http://instagram.com/thescishow\nFacebook: http://www.facebook.com/scishow\n\n#SciShow #science #education #learning #complexly\n----------\nSources:\n\nSources:\nhttps://www.frontiersin.org/articles/10.3389/fpls.2021.789789/full\nannualreviews.org/doi/pdf/10.1146/annurev-arplant-080620-021907\nhttps://www.ncbi.nlm.nih.gov/pmc/articles/PMC3268550/\nhttps://www.ncbi.nlm.nih.gov/pmc/articles/PMC1692790/pdf/10905608.pdf\nhttps://www.ncbi.nlm.nih.gov/books/NBK9980/\nhttps://en.wikipedia.org/wiki/Evolutionary_history_of_plants#life_cycles \nhttps://nph.onlinelibrary.wiley.com/doi/full/10.1111/j.1469-8137.2009.03054.x \nhttps://www.annualreviews.org/doi/abs/10.1146/annurev-genet-120215-035227\nhttps://www2.tulane.edu/~bfleury/diversity/labguide/mossfern.html \n\n\nIMAGES\n\nhttps://www.gettyimages.com/detail/video/oak-young-green-acorns-on-a-tree-branch-in-a-wild-forest-stock-footage/1511152180?adppopup=true\nhttps://www.gettyimages.com/detail/photo/a-young-oak-sprout-sprouting-from-an-acorn-close-up-royalty-free-image/1157219698?phrase=oak+sprout&amp;adppopup=true\nhttps://www.gettyimages.com/detail/video/australia_vic_macedon_ranges_11_sanatorium_lake_ferns-stock-footage/1455116484?adppopup=true\nhttps://www.gettyimages.com/detail/photo/gametophytes-of-fern-on-tree-trunk-royalty-free-image/1395499508?phrase=Fern+gametophytes&amp;adppopup=true\nhttps://www.gettyimages.com/detail/video/tree-tops-against-sunset-stock-footage/1341706528?adppopup=true\nhttps://commons.wikimedia.org/wiki/File:Angiosperm_life_cycle_diagram-en.svg#/media/File:Angiosperm_life_cycle_diagram-en.svg\nhttps://www.gettyimages.com/detail/photo/germinating-tree-a-small-oak-on-a-black-background-royalty-free-image/1125954485?phrase=oak+sprout&amp;adppopup=true\nhttps://en.wikipedia.org/wiki/File:Darwin_Hybrid_Tulip_Mutation_2014-05-01.jpg#/media/File:Darwin_Hybrid_Tulip_Mutation_2014-05-01.jpg\nhttps://en.wikipedia.org/wiki/File:Young_lemon_basil_plant_(Ocimum_%C3%97_africanum).jpg#/media/File:Young_lemon_basil_plant_(Ocimum_%C3%97_africanum).jpg\nhttps://www.gettyimages.com/detail/photo/haircap-moss-royalty-free-image/164641997?phrase=moss&amp;adppopup=true\nhttps://commons.wikimedia.org/wiki/File:Celery_cross_section.jpg#/media/File:Celery_cross_section.jpg\nhttps://commons.wikimedia.org/wiki/File:Gametophyte2.png#/media/File:Gametophyte2.png\nhttps://commons.wikimedia.org/wiki/File:Macro_Photography_of_Moss_Sporophytes.jpg#/media/File:Macro_Photography_of_Moss_Sporophytes.jpg\nhttps://www.gettyimages.com/detail/video/racks-of-cultivated-plant-crops-at-indoor-vertical-farm-stock-footage/1162045426?adppopup=true\n\nhttps://www.gettyimages.com/detail/photo/green-moss-with-spores-on-the-stump-moss-bloom-royalty-free-image/1406045227?phrase=moss+sporophyte&amp;adppopup=true\nhttps://www.gettyimages.com/detail/illustration/angiosperm-plant-life-cycle-diagram-of-life-royalty-free-illustration/1028211098?phrase=flower+gametophyte&amp;adppopup=true\nhttps://commons.wikimedia.org/wiki/File:Imbricate_Bog-moss_iNaturalist.jpg\nhttps://www.gettyimages.com/detail/illustration/mothers-and-daughters-in-matching-clothes-royalty-free-illustration/902827736?phrase=parent+child+matching+clothes&amp;adppopup=true", "link": "https://www.youtube.com/watch?v=l-FWwaTFvsw", "date_published": "2023-08-21T22:07:20+00:00", "persistent": false, "dead": false, "artist": null, "album": null, "user": null, "language": "en-US", "thumbnail": "https://i1.ytimg.com/vi/l-FWwaTFvsw/hqdefault.jpg"}]