[{"source": "https://securityaffairs.com/feed", "title": "BlackCat ransomware group claims the hack of Seiko network", "description": "<p>The BlackCat/ALPHV ransomware group claims to have hacked the Japanese maker of watches Seiko and added the company to its data leak site. On August 10, 2023, the Japanese maker of watches Seiko disclosed a data breach following a cyber attack. &#8220;Seiko Group Corporation (hereinafter referred to as \u201cthe Company\u201d or \u201cwe\u201d) has confirmed that [&#8230;]</p>\n<p>The post <a href=\"https://securityaffairs.com/149734/cyber-crime/blackcat-alphv-ransomware-group-seiko.html\" rel=\"nofollow\">BlackCat ransomware group claims the hack of Seiko network</a> appeared first on <a href=\"https://securityaffairs.com\" rel=\"nofollow\">Security Affairs</a>.</p>", "link": "https://securityaffairs.com/149734/cyber-crime/blackcat-alphv-ransomware-group-seiko.html", "date_published": "2023-08-21T17:53:27+00:00", "persistent": false, "dead": false, "artist": null, "album": null, "user": null, "language": "en-US", "thumbnail": null}, {"source": "https://securityaffairs.com/feed", "title": "New HiatusRAT campaign targets Taiwan and U.S.\u00a0military\u00a0procurement\u00a0system", "description": "<p>HiatusRAT malware operators resurfaced with a new wave of attacks targeting Taiwan-based organizations and a U.S. military procurement system. In March 2023, Lumen Black Lotus Labs researchers uncovered a sophisticated campaign called \u201cHiatusRAT\u201d that infected over 100 edge networking devices globally. Threat actors leveraged edge routers, or \u201cliving on the edge\u201d access, to passively collect [&#8230;]</p>\n<p>The post <a href=\"https://securityaffairs.com/149723/intelligence/hiatusrat-campaign-taiwan-us.html\" rel=\"nofollow\">New HiatusRAT campaign targets Taiwan and U.S.\u00a0military\u00a0procurement\u00a0system</a> appeared first on <a href=\"https://securityaffairs.com\" rel=\"nofollow\">Security Affairs</a>.</p>", "link": "https://securityaffairs.com/149723/intelligence/hiatusrat-campaign-taiwan-us.html", "date_published": "2023-08-21T17:07:26+00:00", "persistent": false, "dead": false, "artist": null, "album": null, "user": null, "language": "en-US", "thumbnail": null}, {"source": "https://securityaffairs.com/feed", "title": "Spoofing an Apple device and tricking users into sharing sensitive data", "description": "<p>White hat hackers at the recent hacking conference Def Con demonstrated how to spoof an Apple device and trick users into sharing their sensitive data. At the recent Def Con hacking conference, white hat hackers demonstrated how to spoof an Apple device and trick users into sharing their sensitive data. As reported by Techcrunch, attendees [&#8230;]</p>\n<p>The post <a href=\"https://securityaffairs.com/149711/hacking/spoofing-apple-device.html\" rel=\"nofollow\">Spoofing an Apple device and tricking users into sharing sensitive data</a> appeared first on <a href=\"https://securityaffairs.com\" rel=\"nofollow\">Security Affairs</a>.</p>", "link": "https://securityaffairs.com/149711/hacking/spoofing-apple-device.html", "date_published": "2023-08-21T08:02:08+00:00", "persistent": false, "dead": false, "artist": null, "album": null, "user": null, "language": "en-US", "thumbnail": null}, {"source": "https://securityaffairs.com/feed", "title": "Israel and US to Invest $3.85 Million in projects for critical infrastructure protection through the BIRD Cyber Program", "description": "<p>Israel and US government agencies announced the BIRD Cyber Program, an investment of roughly $4M in projects to enhance the cyber resilience of critical infrastructure. The BIRD Cyber Program is a joint initiative from the Israel National Cyber Directorate (INCD), the Israel-US Binational Industrial Research and Development (BIRD) Foundation, and the US Department of Homeland [&#8230;]</p>\n<p>The post <a href=\"https://securityaffairs.com/149703/security/bird-cyber-program.html\" rel=\"nofollow\">Israel and US to Invest $3.85 Million in projects for critical infrastructure protection through the BIRD Cyber Program</a> appeared first on <a href=\"https://securityaffairs.com\" rel=\"nofollow\">Security Affairs</a>.</p>", "link": "https://securityaffairs.com/149703/security/bird-cyber-program.html", "date_published": "2023-08-21T07:14:22+00:00", "persistent": false, "dead": false, "artist": null, "album": null, "user": null, "language": "en-US", "thumbnail": null}]