[{"source": "https://tracydurnell.com/feed/", "title": "A quiet life, a good life", "description": "what does it mean to live well by Winnie Lim I realised there and then: this is what it means to me to live well \u2013 to learn to truly love these mundane moments. &#160; It is just how our brain works. We grow numb to things we used to desire so much for, and [&#8230;]", "link": "https://tracydurnell.com/2023/08/21/a-quiet-life-a-good-life/", "date_published": "2023-08-21T21:24:24+00:00", "persistent": false, "dead": false, "artist": null, "album": null, "user": null, "language": "en-US", "thumbnail": null}]