[{"source": "https://www.youtube.com/feeds/videos.xml?channel_id=UCSJPFQdZwrOutnmSFYtbstA", "title": "Blue Beetle - Set Up To Fail", "description": "Blue Beetle has basically everything going against it: a hero nobody knows, no big stars attached, part of an almost-defunct cinematic universe and coming out at a time when superhero movies are in decline. And that's a shame, because as I'm about to show you, its not a bad movie.", "link": "https://www.youtube.com/watch?v=ZLWJ68p-nsk", "date_published": "2023-08-21T17:28:17+00:00", "persistent": false, "dead": false, "artist": null, "album": null, "user": null, "language": "en-US", "thumbnail": "https://i3.ytimg.com/vi/ZLWJ68p-nsk/hqdefault.jpg"}]