[{"source": "https://lifehacker.com/rss", "title": "The Best Ways to Keep Plants Alive During a Heatwave", "description": "<img class=\"type:primaryImage\" src=\"https://i.kinja-img.com/gawker-media/image/upload/s--7YKq7QZb--/c_fit,fl_progressive,q_80,w_636/52735e0186f62057286b45a68d5349c8.jpg\" /><p>When I left Arizona for the Pacific Northwest thirteen years ago, I anticipated never needing air conditioning again. Now, I sit at the intersection of an A/C and two fans, and my garden has to put up with spikes of over 100 degrees every summer. This has prompted a sad but amusing phenomenon all over the city where\u2026</p><p><a href=\"https://lifehacker.com/the-best-ways-to-keep-plants-alive-during-a-heatwave-1850756764\">Read more...</a></p>", "link": "https://lifehacker.com/the-best-ways-to-keep-plants-alive-during-a-heatwave-1850756764", "date_published": "2023-08-21T21:00:00+00:00", "persistent": false, "dead": false, "artist": null, "album": null, "user": null, "language": "en-US", "thumbnail": "https://i.kinja-img.com/gawker-media/image/upload/s--7YKq7QZb--/c_fit,fl_progressive,q_80,w_636/52735e0186f62057286b45a68d5349c8.jpg"}, {"source": "https://lifehacker.com/rss", "title": "The Best Tools to Make Moving a Lot Easier", "description": "<img class=\"type:primaryImage\" src=\"https://i.kinja-img.com/gawker-media/image/upload/s--uL-pRW1j--/c_fit,fl_progressive,q_80,w_636/a159b233c412752f60f523c7261de75a.jpg\" /><p>When you\u2019re moving, you\u2019re always looking for ways to make a painful process even a bit easier. You can study <a href=\"https://lifehacker.com/the-best-way-to-pack-a-moving-box-1838011535\" target=\"_blank\">how to perfectly pack a box</a>, but surely there has to be some way to offload some of this effort onto someone or something else? There is: You can get tools that will make any move go a lot faster and smoother.\u2026</p><p><a href=\"https://lifehacker.com/the-best-tools-to-make-moving-a-lot-easier-1850758392\">Read more...</a></p>", "link": "https://lifehacker.com/the-best-tools-to-make-moving-a-lot-easier-1850758392", "date_published": "2023-08-21T20:30:00+00:00", "persistent": false, "dead": false, "artist": null, "album": null, "user": null, "language": "en-US", "thumbnail": "https://i.kinja-img.com/gawker-media/image/upload/s--uL-pRW1j--/c_fit,fl_progressive,q_80,w_636/a159b233c412752f60f523c7261de75a.jpg"}, {"source": "https://lifehacker.com/rss", "title": "When to Fix Wood Rot Without Replacing It", "description": "<img class=\"type:primaryImage\" src=\"https://i.kinja-img.com/gawker-media/image/upload/s--lhmLqBkc--/c_fit,fl_progressive,q_80,w_636/d42acb2afabd766636d4e88fc11acf2e.jpg\" /><p>Wood is some incredible stuff. It literally grows from the ground and it\u2019s durable, attractive, and easy to cut and shape\u2014no wonder 90% of new houses are still framed at least partially <a href=\"https://time.com/6046368/wood-steel-houses-fires/\" rel=\"noopener noreferrer\" target=\"_blank\">using wood</a>. Chances are the house you\u2019re living in right now is absolutely <em>filled</em> with wood\u2014from the beams and studs holding\u2026</p><p><a href=\"https://lifehacker.com/when-to-fix-wood-rot-without-replacing-it-1850758026\">Read more...</a></p>", "link": "https://lifehacker.com/when-to-fix-wood-rot-without-replacing-it-1850758026", "date_published": "2023-08-21T20:00:00+00:00", "persistent": false, "dead": false, "artist": null, "album": null, "user": null, "language": "en-US", "thumbnail": "https://i.kinja-img.com/gawker-media/image/upload/s--lhmLqBkc--/c_fit,fl_progressive,q_80,w_636/d42acb2afabd766636d4e88fc11acf2e.jpg"}, {"source": "https://lifehacker.com/rss", "title": "Look for These Red Flags in Any HOA Contract", "description": "<img class=\"type:primaryImage\" src=\"https://i.kinja-img.com/gawker-media/image/upload/s--uPgz56Zg--/c_fit,fl_progressive,q_80,w_636/3246202b97d9220aabf28085297ae697.jpg\" /><p>Having a homeowner\u2019s association (HOA) for your neighborhood or condo building brings some advantages, such as regular community maintenance and improvement. However, HOA rules can also be extremely restrictive, and while some are optional to join, others are required if you want to purchase property in the area.\u2026</p><p><a href=\"https://lifehacker.com/look-for-these-red-flags-in-any-hoa-contract-1850756655\">Read more...</a></p>", "link": "https://lifehacker.com/look-for-these-red-flags-in-any-hoa-contract-1850756655", "date_published": "2023-08-21T19:30:00+00:00", "persistent": false, "dead": false, "artist": null, "album": null, "user": null, "language": "en-US", "thumbnail": "https://i.kinja-img.com/gawker-media/image/upload/s--uPgz56Zg--/c_fit,fl_progressive,q_80,w_636/3246202b97d9220aabf28085297ae697.jpg"}, {"source": "https://lifehacker.com/rss", "title": "The Safest Places to Be During a Tornado", "description": "<img class=\"type:primaryImage\" src=\"https://i.kinja-img.com/gawker-media/image/upload/s--yOoCTZqF--/c_fit,fl_progressive,q_80,w_636/e24abeaa5a9fea85c3079adf5862eda6.jpg\" /><p>Tornados are deadly and unpredictable. You might have as long as an hour of warning before one strikes, or you might have only a few minutes. Either way, your life could depend on using that time to get to the most tornado-safe spot possible, whether you\u2019re at home, outside, in your car, or in a public building when\u2026</p><p><a href=\"https://lifehacker.com/safest-places-during-tornado-1848493459\">Read more...</a></p>", "link": "https://lifehacker.com/safest-places-during-tornado-1848493459", "date_published": "2023-08-21T19:15:00+00:00", "persistent": false, "dead": false, "artist": null, "album": null, "user": null, "language": "en-US", "thumbnail": "https://i.kinja-img.com/gawker-media/image/upload/s--yOoCTZqF--/c_fit,fl_progressive,q_80,w_636/e24abeaa5a9fea85c3079adf5862eda6.jpg"}, {"source": "https://lifehacker.com/rss", "title": "What Is That String of Lights in the Sky?", "description": "<img class=\"type:primaryImage\" src=\"https://i.kinja-img.com/gawker-media/image/upload/s--QSy8Gw90--/c_fit,fl_progressive,q_80,w_636/55488ef21c2b437fb550f8aeaa5b6297.jpg\" /><p>The other night as I was walking home, I took a look up and saw a strange string of lights traveling across the sky. This was certainly no plane, and I doubted it was a procession of drones, as the lights were moving in a straight line at a consistent speed. But what was it?<br /></p><p><a href=\"https://lifehacker.com/what-is-string-of-lights-in-sky-starlink-1850757768\">Read more...</a></p>", "link": "https://lifehacker.com/what-is-string-of-lights-in-sky-starlink-1850757768", "date_published": "2023-08-21T19:00:00+00:00", "persistent": false, "dead": false, "artist": null, "album": null, "user": null, "language": "en-US", "thumbnail": "https://i.kinja-img.com/gawker-media/image/upload/s--QSy8Gw90--/c_fit,fl_progressive,q_80,w_636/55488ef21c2b437fb550f8aeaa5b6297.jpg"}, {"source": "https://lifehacker.com/rss", "title": "What the Fed's Rate Increase Means for Your Savings Account", "description": "<img class=\"type:primaryImage\" src=\"https://i.kinja-img.com/gawker-media/image/upload/s--rdQ22iZo--/c_fit,fl_progressive,q_80,w_636/dfa364887cf031979b3023103ff6e50a.jpg\" /><p>The Federal Reserve <a href=\"https://www.cnbc.com/2023/07/26/fed-meeting-july-2023-.html\" rel=\"noopener noreferrer\" target=\"_blank\">announced last month</a> another 0.25% interest rate hike. Part of the ongoing efforts to combat inflation, this quarter percentage point increase brings the fed funds rate to  their highest level in more than 22 years.<br /></p><p><a href=\"https://lifehacker.com/what-the-feds-rate-increase-means-for-your-savings-acco-1850758430\">Read more...</a></p>", "link": "https://lifehacker.com/what-the-feds-rate-increase-means-for-your-savings-acco-1850758430", "date_published": "2023-08-21T18:30:00+00:00", "persistent": false, "dead": false, "artist": null, "album": null, "user": null, "language": "en-US", "thumbnail": "https://i.kinja-img.com/gawker-media/image/upload/s--rdQ22iZo--/c_fit,fl_progressive,q_80,w_636/dfa364887cf031979b3023103ff6e50a.jpg"}, {"source": "https://lifehacker.com/rss", "title": "There\u2019s No Such Thing As a \u2018Normal\u2019 Body Count", "description": "<img class=\"type:primaryImage\" src=\"https://i.kinja-img.com/gawker-media/image/upload/s--YFPbaA1J--/c_fit,fl_progressive,q_80,w_636/7673cf38730d49e78e32ffe3b9644743.jpg\" /><p>Let\u2019s get this straight: there is no \u201cnormal\u201d body count, but statistically, there are average body counts. None of it matters. A  lot like \u201c<a href=\"https://lifehacker.com/the-adults-guide-to-losing-your-virginity-1709073198\" target=\"_blank\">virginity</a>,\u201d a \u201cbody count\u201d is an arbitrary metric used to define a person\u2019s sexual experiences in a rudimentary way, simply referring to how many people someone has had sex with.\u2026</p><p><a href=\"https://lifehacker.com/there-s-no-such-thing-as-a-normal-body-count-1849470386\">Read more...</a></p>", "link": "https://lifehacker.com/there-s-no-such-thing-as-a-normal-body-count-1849470386", "date_published": "2023-08-21T18:15:00+00:00", "persistent": false, "dead": false, "artist": null, "album": null, "user": null, "language": "en-US", "thumbnail": "https://i.kinja-img.com/gawker-media/image/upload/s--YFPbaA1J--/c_fit,fl_progressive,q_80,w_636/7673cf38730d49e78e32ffe3b9644743.jpg"}, {"source": "https://lifehacker.com/rss", "title": "How to Help Your Kid Recognize Toxic Friendships", "description": "<img class=\"type:primaryImage\" src=\"https://i.kinja-img.com/gawker-media/image/upload/s--t4PiY_oW--/c_fit,fl_progressive,q_80,w_636/df021a29a01924f61e41e5e5b5b54477.jpg\" /><p>We all want our kids to be accepted, included, and make special connections with their peers. While children are still developing their social skills and learning to express emotions, they may need some adult guidance on what friendship should look and feel like.<br /></p><p><a href=\"https://lifehacker.com/how-to-help-your-kid-recognize-toxic-friendships-1850757781\">Read more...</a></p>", "link": "https://lifehacker.com/how-to-help-your-kid-recognize-toxic-friendships-1850757781", "date_published": "2023-08-21T18:00:00+00:00", "persistent": false, "dead": false, "artist": null, "album": null, "user": null, "language": "en-US", "thumbnail": "https://i.kinja-img.com/gawker-media/image/upload/s--t4PiY_oW--/c_fit,fl_progressive,q_80,w_636/df021a29a01924f61e41e5e5b5b54477.jpg"}, {"source": "https://lifehacker.com/rss", "title": "The Noiselab Music Production Hub Is $59.99 Right Now", "description": "<img class=\"type:primaryImage\" src=\"https://i.kinja-img.com/gawker-media/image/upload/s--_3COaRHT--/c_fit,fl_progressive,q_80,w_636/9217ae467ba99dfefc97697610278d84.png\" /><p>Music production is cool, but there\u2019s a pretty major learning curve. If you want to learn music production, the Noiselab Music Production Hub is a good starting point, and <a href=\"https://shop.lifehacker.com/sales/noiselab-unlimited-access-lifetime-membership?utm_source=lifehacker.com&amp;utm_medium=referral&amp;utm_campaign=noiselab-unlimited-access-lifetime-membership&amp;utm_term=scsf-577023&amp;utm_content=a0x1P000005OtjBQAS&amp;scsonar=1\">a lifetime subscription is on sale for $59.99 right now</a>. It won\u2019t replace a formal education in this industry, but it does give you a library of\u2026</p><p><a href=\"https://lifehacker.com/the-noiselab-music-production-hub-is-59-99-right-now-1850743770\">Read more...</a></p>", "link": "https://lifehacker.com/the-noiselab-music-production-hub-is-59-99-right-now-1850743770", "date_published": "2023-08-21T17:30:00+00:00", "persistent": false, "dead": false, "artist": null, "album": null, "user": null, "language": "en-US", "thumbnail": "https://i.kinja-img.com/gawker-media/image/upload/s--_3COaRHT--/c_fit,fl_progressive,q_80,w_636/9217ae467ba99dfefc97697610278d84.png"}, {"source": "https://lifehacker.com/rss", "title": "How to Make Pesto Out of Any Leafy, Green Herb", "description": "<img class=\"type:primaryImage\" src=\"https://i.kinja-img.com/gawker-media/image/upload/s--swWMlhMG--/c_fit,fl_progressive,q_80,w_636/d9b3500e3697a2e74693ecc1c53e12b4.jpg\" /><p>Verdant, peppery, bright green pesto is one of those things we could put on anything\u2014heck, you could put it on a rubber shoe, and it\u2019d probably still taste delicious. It\u2019s usually made out of fresh basil, pine nuts, parmesan, garlic, and olive oil, but did you know you can actually make a pesto out of pretty much\u2026</p><p><a href=\"https://lifehacker.com/make-green-pesto-from-just-about-anything-with-these-ra-1704523343\">Read more...</a></p>", "link": "https://lifehacker.com/make-green-pesto-from-just-about-anything-with-these-ra-1704523343", "date_published": "2023-08-21T17:15:00+00:00", "persistent": false, "dead": false, "artist": null, "album": null, "user": null, "language": "en-US", "thumbnail": "https://i.kinja-img.com/gawker-media/image/upload/s--swWMlhMG--/c_fit,fl_progressive,q_80,w_636/d9b3500e3697a2e74693ecc1c53e12b4.jpg"}, {"source": "https://lifehacker.com/rss", "title": "A 'Going' Travel Membership Is Worth the Cost", "description": "<img class=\"type:primaryImage\" src=\"https://i.kinja-img.com/gawker-media/image/upload/s--weC2x7ua--/c_fit,fl_progressive,q_80,w_636/e4d1a58aea7b1e4f153d94b4db44bf71.jpg\" /><p><a href=\"https://www.going.com/\" rel=\"noopener noreferrer\" target=\"_blank\">Going</a>, a travel deal website (formerly known as Scott\u2019s Cheap Flights), is currently offering memberships for up to 60% off. Here\u2019s what each membership can offer you and how to know whether or not it\u2019s worth the price for you.</p><p><a href=\"https://lifehacker.com/a-going-travel-membership-is-worth-the-cost-1850757626\">Read more...</a></p>", "link": "https://lifehacker.com/a-going-travel-membership-is-worth-the-cost-1850757626", "date_published": "2023-08-21T17:00:00+00:00", "persistent": false, "dead": false, "artist": null, "album": null, "user": null, "language": "en-US", "thumbnail": "https://i.kinja-img.com/gawker-media/image/upload/s--weC2x7ua--/c_fit,fl_progressive,q_80,w_636/e4d1a58aea7b1e4f153d94b4db44bf71.jpg"}, {"source": "https://lifehacker.com/rss", "title": "How to Safely Mount a TV Between Studs", "description": "<img class=\"type:primaryImage\" src=\"https://i.kinja-img.com/gawker-media/image/upload/s--UdLzEbAf--/c_fit,fl_progressive,q_80,w_636/2549b9ae50ad99bcd18f0a1a5bf2b8d2.jpg\" /><p>Mounting a TV to the wall without damaging it can be tough if you don\u2019t have a stud to hold the weight. If you hang it from the bare wall board, you run the risk of damaging the wall and the TV. But having a TV that\u2019s not where you really want it can be annoying. There are a few simple tricks though, to getting your\u2026</p><p><a href=\"https://lifehacker.com/how-to-mount-a-tv-between-studs-1850756668\">Read more...</a></p>", "link": "https://lifehacker.com/how-to-mount-a-tv-between-studs-1850756668", "date_published": "2023-08-21T16:30:00+00:00", "persistent": false, "dead": false, "artist": null, "album": null, "user": null, "language": "en-US", "thumbnail": "https://i.kinja-img.com/gawker-media/image/upload/s--UdLzEbAf--/c_fit,fl_progressive,q_80,w_636/2549b9ae50ad99bcd18f0a1a5bf2b8d2.jpg"}, {"source": "https://lifehacker.com/rss", "title": "Capture Your Family History With These Tools", "description": "<img class=\"type:primaryImage\" src=\"https://i.kinja-img.com/gawker-media/image/upload/s--V4cWg_1j--/c_fit,fl_progressive,q_80,w_636/b2dea49a7c3b0f4b22fdf23d46d9b7d6.jpg\" /><p>Imagine popping your head into the attic of your childhood home and finding a box overflowing with recordings, photos, documents, and diaries compiled by relatives who have long passed. Congratulations: you\u2019ve won the family history lottery.</p><p><a href=\"https://lifehacker.com/capture-your-family-history-with-these-tools-1850754968\">Read more...</a></p>", "link": "https://lifehacker.com/capture-your-family-history-with-these-tools-1850754968", "date_published": "2023-08-21T16:00:00+00:00", "persistent": false, "dead": false, "artist": null, "album": null, "user": null, "language": "en-US", "thumbnail": "https://i.kinja-img.com/gawker-media/image/upload/s--V4cWg_1j--/c_fit,fl_progressive,q_80,w_636/b2dea49a7c3b0f4b22fdf23d46d9b7d6.jpg"}, {"source": "https://lifehacker.com/rss", "title": "When to Use a Weed Burner on Stubborn Weeds", "description": "<img class=\"type:primaryImage\" src=\"https://i.kinja-img.com/gawker-media/image/upload/s--aitxwzor--/c_fit,fl_progressive,q_80,w_636/1a7783c7b0f88f896e98798f379a5764.jpg\" /><p>By this point in the season, you are probably fed up with the annoying, scraggly grass growing up between the cracks in your driveway, the dandelions that dot your patio, and the moss on your rock wall. If that is the case, what you need is a legit <a href=\"https://zdcs.link/OMN4M\" rel=\"noopener noreferrer\" target=\"_blank\">weed burner</a>.</p><p><a href=\"https://lifehacker.com/when-to-use-a-weed-burner-on-stubborn-weeds-1850756781\">Read more...</a></p>", "link": "https://lifehacker.com/when-to-use-a-weed-burner-on-stubborn-weeds-1850756781", "date_published": "2023-08-21T15:30:00+00:00", "persistent": false, "dead": false, "artist": null, "album": null, "user": null, "language": "en-US", "thumbnail": "https://i.kinja-img.com/gawker-media/image/upload/s--aitxwzor--/c_fit,fl_progressive,q_80,w_636/1a7783c7b0f88f896e98798f379a5764.jpg"}, {"source": "https://lifehacker.com/rss", "title": "Skoove Premium Piano Lessons Are $150 for Life Right Now", "description": "<img class=\"type:primaryImage\" src=\"https://i.kinja-img.com/gawker-media/image/upload/s--QsaMv1Vx--/c_fit,fl_progressive,q_80,w_636/40fedacfe957ca82da20eadad5ad5cc1.png\" /><p>If it seems like there\u2019s a dedicated AI for everything lately, you\u2019re probably not wrong. Skoove Premium uses AI to teach you how to play piano, but it <em>does</em> include a human touch\u2014so if you don\u2019t want to pay for an in-person teacher, Skoove can be a helpful alternative that walks you through the basics until you can\u2026</p><p><a href=\"https://lifehacker.com/skoove-premium-piano-lessons-are-150-for-life-right-no-1850743670\">Read more...</a></p>", "link": "https://lifehacker.com/skoove-premium-piano-lessons-are-150-for-life-right-no-1850743670", "date_published": "2023-08-21T15:00:00+00:00", "persistent": false, "dead": false, "artist": null, "album": null, "user": null, "language": "en-US", "thumbnail": "https://i.kinja-img.com/gawker-media/image/upload/s--QsaMv1Vx--/c_fit,fl_progressive,q_80,w_636/40fedacfe957ca82da20eadad5ad5cc1.png"}, {"source": "https://lifehacker.com/rss", "title": "The Best Prime Video Original Movies", "description": "<img class=\"type:primaryImage\" src=\"https://i.kinja-img.com/gawker-media/image/upload/s--SUB-k1Vn--/c_fit,fl_progressive,q_80,w_636/b6d886533238404483c9613932686892.jpg\" /><p>Though streaming movies remain controversial among cinema\u2019s big thinkers (and money-makers), Amazon has managed a fairly impressive run of films that have broken through not merely in terms of viewership, but  in the broader world of movie awards\u2014more than one of the movies listed below has shown up among a given\u2026</p><p><a href=\"https://lifehacker.com/best-prime-video-original-movies-1850738750\">Read more...</a></p>", "link": "https://lifehacker.com/best-prime-video-original-movies-1850738750", "date_published": "2023-08-21T14:30:00+00:00", "persistent": false, "dead": false, "artist": null, "album": null, "user": null, "language": "en-US", "thumbnail": "https://i.kinja-img.com/gawker-media/image/upload/s--SUB-k1Vn--/c_fit,fl_progressive,q_80,w_636/b6d886533238404483c9613932686892.jpg"}, {"source": "https://lifehacker.com/rss", "title": "Five iOS 17 Features That Won\u2019t Be Available on Launch Day", "description": "<img class=\"type:primaryImage\" src=\"https://i.kinja-img.com/gawker-media/image/upload/s--f1mnU1SI--/c_fit,fl_progressive,q_80,w_636/0df1fd11cd9026ce696b2844229212b4.jpg\" /><p>iOS 17 is shaping up to be a <a href=\"https://lifehacker.com/all-the-ios-17-features-apple-announced-at-wwdc-1850510024\" target=\"_blank\">sizable update</a>. The OS, which will likely launch alongside the iPhone 15 series, is chock-full of features Apple announced back in June. However, some of those announced features <a href=\"https://www.macrumors.com/2023/08/16/ios-17-features-not-available-at-launch/\" rel=\"noopener noreferrer\" target=\"_blank\">won\u2019t be available upon iOS 17's launch</a>. There are five features that will come to your iPhones a little later\u2026</p><p><a href=\"https://lifehacker.com/the-ios-17-features-that-won-t-be-available-on-launch-d-1850757015\">Read more...</a></p>", "link": "https://lifehacker.com/the-ios-17-features-that-won-t-be-available-on-launch-d-1850757015", "date_published": "2023-08-21T14:00:00+00:00", "persistent": false, "dead": false, "artist": null, "album": null, "user": null, "language": "en-US", "thumbnail": "https://i.kinja-img.com/gawker-media/image/upload/s--f1mnU1SI--/c_fit,fl_progressive,q_80,w_636/0df1fd11cd9026ce696b2844229212b4.jpg"}, {"source": "https://lifehacker.com/rss", "title": "The Best Ways to Get Something You Dropped Down the Drain", "description": "<img class=\"type:primaryImage\" src=\"https://i.kinja-img.com/gawker-media/image/upload/s--C5zmWCkf--/c_fit,fl_progressive,q_80,w_636/5dbd9fbe02a227ad35f4331aa42baebd.jpg\" /><p>If you\u2019ve ever had that heart-stopping moment of dropping an expensive piece of jewelry down the sink (or had nightmares about the possibility), or if you have kids who like to play with the toilet, you should know the different ways to save small objects from being rinsed or flushed away forever.<br /></p><p><a href=\"https://lifehacker.com/the-best-ways-to-get-something-you-dropped-down-the-dra-1850756429\">Read more...</a></p>", "link": "https://lifehacker.com/the-best-ways-to-get-something-you-dropped-down-the-dra-1850756429", "date_published": "2023-08-21T13:30:00+00:00", "persistent": false, "dead": false, "artist": null, "album": null, "user": null, "language": "en-US", "thumbnail": "https://i.kinja-img.com/gawker-media/image/upload/s--C5zmWCkf--/c_fit,fl_progressive,q_80,w_636/5dbd9fbe02a227ad35f4331aa42baebd.jpg"}, {"source": "https://lifehacker.com/rss", "title": "The Safest Places to Be During an Earthquake", "description": "<img class=\"type:primaryImage\" src=\"https://i.kinja-img.com/gawker-media/image/upload/s--Fco0IU4j--/c_fit,fl_progressive,q_80,w_636/94ddecec39ee0166570c9f28ff219f54.jpg\" /><p>Earthquakes are a <em>bitch</em>. These seismic catastrophes are the most deadly of all natural disasters, claiming an average of 60,000 lives per year, but if you manage to hunker down in the right place when the ground starts shaking, you might be able to save yourself. <br /></p><p><a href=\"https://lifehacker.com/how-to-prepare-for-and-survive-an-earthquake-1848444086\">Read more...</a></p>", "link": "https://lifehacker.com/how-to-prepare-for-and-survive-an-earthquake-1848444086", "date_published": "2023-08-21T13:15:00+00:00", "persistent": false, "dead": false, "artist": null, "album": null, "user": null, "language": "en-US", "thumbnail": "https://i.kinja-img.com/gawker-media/image/upload/s--Fco0IU4j--/c_fit,fl_progressive,q_80,w_636/94ddecec39ee0166570c9f28ff219f54.jpg"}, {"source": "https://lifehacker.com/rss", "title": "Ten Myths About \u2018Gifted\u2019 Kids We Need to Debunk", "description": "<img class=\"type:primaryImage\" src=\"https://i.kinja-img.com/gawker-media/image/upload/s--1ZN1MN5v--/c_fit,fl_progressive,q_80,w_636/5d04d921336cf9eeeb2dc6cc09f0f99b.jpg\" /><p>\u201cGifted\u201d can be somewhat of a loaded term in education because it implies that some kids are better than others. While it is true that kids can have strengths and areas for improvement, when <a href=\"https://lifehacker.com/how-to-tell-if-your-child-is-gifted-and-what-to-do-if-1849598912\" target=\"_blank\">educators talk about \u201cgifted,\u201d they do often mean adhering to a certain set of criteria</a>, which can vary by school district but\u2026</p><p><a href=\"https://lifehacker.com/all-the-myths-about-gifted-kids-we-need-to-debunk-1850754215\">Read more...</a></p>", "link": "https://lifehacker.com/all-the-myths-about-gifted-kids-we-need-to-debunk-1850754215", "date_published": "2023-08-21T13:00:00+00:00", "persistent": false, "dead": false, "artist": null, "album": null, "user": null, "language": "en-US", "thumbnail": "https://i.kinja-img.com/gawker-media/image/upload/s--1ZN1MN5v--/c_fit,fl_progressive,q_80,w_636/5d04d921336cf9eeeb2dc6cc09f0f99b.jpg"}, {"source": "https://lifehacker.com/rss", "title": "Watch $4 Movies for National Cinema Day", "description": "<img class=\"type:primaryImage\" src=\"https://i.kinja-img.com/gawker-media/image/upload/s--M9v4CgfJ--/c_fit,fl_progressive,q_80,w_636/8bd78515df62e3bf0aa93398a4c6760b.jpg\" /><p>If you\u2019ve avoided dropping $10 or more on a theater ticket (plus concessions, obviously) for <em>Barbie</em>, <em>Oppenheimer</em>, or any other summer film, this might be the weekend to finally go to the movies. On Sunday, Aug. 27, more than 3,000 theaters nationwide will be dedicating 30,000 screens to primetime movies at matinee\u2026</p><p><a href=\"https://lifehacker.com/watch-4-movies-for-national-cinema-day-1850760586\">Read more...</a></p>", "link": "https://lifehacker.com/watch-4-movies-for-national-cinema-day-1850760586", "date_published": "2023-08-21T13:00:00+00:00", "persistent": false, "dead": false, "artist": null, "album": null, "user": null, "language": "en-US", "thumbnail": "https://i.kinja-img.com/gawker-media/image/upload/s--M9v4CgfJ--/c_fit,fl_progressive,q_80,w_636/8bd78515df62e3bf0aa93398a4c6760b.jpg"}, {"source": "https://lifehacker.com/rss", "title": "Seven Ways to Use Basil That Aren't Making Pesto", "description": "<img class=\"type:primaryImage\" src=\"https://i.kinja-img.com/gawker-media/image/upload/s--hcUjBoqe--/c_fit,fl_progressive,q_80,w_636/b3cbc3162560e07c6a58a6e3db281122.jpg\" /><p>It seems there\u2019s no way to buy or grow a small, or even medium amount of basil. It usually comes in huge plastic tubs, and a healthy plant can produce more than you know what to do with. You can get pretty far with <a href=\"https://lifehacker.com/make-green-pesto-from-just-about-anything-with-these-ra-1704523343\" target=\"_blank\">pesto</a> and <a href=\"https://lifehacker.com/use-stone-fruits-to-make-this-caprese-salad-1828631119\" target=\"_blank\">caprese</a> salads, but not everyone is a fan of repeat performances. If you\u2019ve already eaten your\u2026</p><p><a href=\"https://lifehacker.com/seven-ways-to-use-basil-that-arent-making-pesto-1850753415\">Read more...</a></p>", "link": "https://lifehacker.com/seven-ways-to-use-basil-that-arent-making-pesto-1850753415", "date_published": "2023-08-21T12:30:00+00:00", "persistent": false, "dead": false, "artist": null, "album": null, "user": null, "language": "en-US", "thumbnail": "https://i.kinja-img.com/gawker-media/image/upload/s--hcUjBoqe--/c_fit,fl_progressive,q_80,w_636/b3cbc3162560e07c6a58a6e3db281122.jpg"}, {"source": "https://lifehacker.com/rss", "title": "Make Better Ice Cream Sandwiches With Griddled Arepas", "description": "<img class=\"type:primaryImage\" src=\"https://i.kinja-img.com/gawker-media/image/upload/s--8kjpCUp4--/c_fit,fl_progressive,q_80,w_636/3e0627b6a04a68bf19caf9c2cc8c77e2.jpg\" /><p>The ice cream sandwich has always been ripe for innovation. Cookies and wafers were the \u201cbread\u201d first, but soon doughnuts, brioche rolls, and <a href=\"https://lifehacker.com/make-a-better-ice-cream-sandwich-with-frozen-pop-tarts-1849998087\" target=\"_blank\">Pop-Tarts broke the mold</a>. It\u2019s been a while since we\u2019ve had a new vehicle for ice cream. As luck would have it, I know just the thing. Make an incredible ice cream sandwich with\u2026</p><p><a href=\"https://lifehacker.com/make-better-ice-cream-sandwiches-with-griddled-arepas-1850753723\">Read more...</a></p>", "link": "https://lifehacker.com/make-better-ice-cream-sandwiches-with-griddled-arepas-1850753723", "date_published": "2023-08-21T12:00:00+00:00", "persistent": false, "dead": false, "artist": null, "album": null, "user": null, "language": "en-US", "thumbnail": "https://i.kinja-img.com/gawker-media/image/upload/s--8kjpCUp4--/c_fit,fl_progressive,q_80,w_636/3e0627b6a04a68bf19caf9c2cc8c77e2.jpg"}, {"source": "https://lifehacker.com/rss", "title": "This Refurbished 7th-Gen iPad Is $270 Right Now", "description": "<img class=\"type:primaryImage\" src=\"https://i.kinja-img.com/gawker-media/image/upload/s--GNrplkcl--/c_fit,fl_progressive,q_80,w_636/89003d98a7de197f75a5185ba4918882.png\" /><p>This\u00a0<a href=\"https://shop.lifehacker.com/sales/apple-ipad-7-10-2-2019-128gb-wi-fi-only-refurbished-space-gray?utm_source=lifehacker.com&amp;utm_medium=referral&amp;utm_campaign=apple-ipad-7-10-2-2019-128gb-wi-fi-only-refurbished-space-gray&amp;utm_term=scsf-577031&amp;utm_content=a0x1P000005OtjNQAS&amp;scsonar=1\" target=\"_blank\">refurbished 7th-Gen Apple iPad is on sale for $268.99 right now</a> (reg. $429). The model is from 2019 and has a Grade \u201cB\u201d refurbished rating, meaning there might be some light scuffs on the exterior and it has an older battery, but it\u2019s been tested, cleaned, and inspected to be in excellent working condition.</p><p><a href=\"https://lifehacker.com/this-refurbished-7th-gen-ipad-is-270-right-now-1850743908\">Read more...</a></p>", "link": "https://lifehacker.com/this-refurbished-7th-gen-ipad-is-270-right-now-1850743908", "date_published": "2023-08-21T11:30:00+00:00", "persistent": false, "dead": false, "artist": null, "album": null, "user": null, "language": "en-US", "thumbnail": "https://i.kinja-img.com/gawker-media/image/upload/s--GNrplkcl--/c_fit,fl_progressive,q_80,w_636/89003d98a7de197f75a5185ba4918882.png"}, {"source": "https://lifehacker.com/rss", "title": "Today's Wordle Hints (and Answer) for Monday, August 21", "description": "<img class=\"type:primaryImage\" src=\"https://i.kinja-img.com/gawker-media/image/upload/s--rfRrzQJd--/c_fit,fl_progressive,q_80,w_636/acf880ccbdf48679d9b81ead7b86f835.jpg\" /><p>If you\u2019re looking for the Wordle answer for Monday, August 21 (or just want the answer), read on. We\u2019ll share some clues, tips, and strategies, and finally the solution. <a href=\"https://www.nytimes.com/interactive/2022/upshot/wordle-bot.html\" rel=\"noopener noreferrer\" target=\"_blank\">WordleBot</a> says today\u2019s puzzle is on the moderate side, with the average player solving in 3.6 guesses. I probably could\u2019ve gotten it in three\u2026</p><p><a href=\"https://lifehacker.com/wordle-answer-today-monday-august-21-2023-1850756575\">Read more...</a></p>", "link": "https://lifehacker.com/wordle-answer-today-monday-august-21-2023-1850756575", "date_published": "2023-08-21T04:00:00+00:00", "persistent": false, "dead": false, "artist": null, "album": null, "user": null, "language": "en-US", "thumbnail": "https://i.kinja-img.com/gawker-media/image/upload/s--rfRrzQJd--/c_fit,fl_progressive,q_80,w_636/acf880ccbdf48679d9b81ead7b86f835.jpg"}]