[{"source": "https://www.bloomberg.com/politics/feeds/site.xml", "title": "Expelled Tennessee Lawmakers Say They Would Accept Reappointment", "description": "Local leaders in Tennessee will decide this week whether to reinstate two young Democratic lawmakers expelled from the Republican-controlled state legislature &mdash; and each said on Sunday he\u2019d accept.", "link": "https://www.bloomberg.com/news/articles/2023-04-09/expelled-tennessee-lawmakers-say-they-would-accept-reappointment", "date_published": "2023-04-09 16:25:21+00:00", "persistent": false, "user": null, "language": "en-US"}, {"source": "https://www.bloomberg.com/politics/feeds/site.xml", "title": "Macron Urges European Strategic Autonomy Amid US-China Tensions", "description": "Emmanuel Macron urged Europe to develop more strategic autonomy as a way to avoid the risk of turning EU countries into \u201cvassals\u201d in the event of a global crisis such as a US-China confrontation.", "link": "https://www.bloomberg.com/news/articles/2023-04-09/macron-says-europe-must-develop-its-own-autonomy-separate-from-us", "date_published": "2023-04-09 15:18:54+00:00", "persistent": false, "user": null, "language": "en-US"}, {"source": "https://www.bloomberg.com/politics/feeds/site.xml", "title": "Varadkar to Intensify Engagement With Sunak Over Northern Ireland", "description": "Irish premier Leo Varadkar has said he plans to \"intensify\" engagement with British Prime Minister Rishi Sunak over the Windsor Framework and powersharing in Northern Ireland.", "link": "https://www.bloomberg.com/en/news/thp/2023-04-09/varadkar-pledges-to-intensify-engagement-with-sunak-over-northern-ireland", "date_published": "2023-04-09 14:21:35+00:00", "persistent": false, "user": null, "language": "en-US"}, {"source": "https://www.bloomberg.com/politics/feeds/site.xml", "title": "Becerra Says \u2018Every Option\u2019 Being Weighed After Abortion Ruling", "description": "The Biden administration is weighing every option to strike down a \u201creckless\u201d ruling by a federal judge in Texas that suspended a US approval of a key drug used in medication abortions, Xavier Becerra, the Secretary of Health and Human Services, said on Sunday.", "link": "https://www.bloomberg.com/news/articles/2023-04-09/becerra-says-every-option-being-weighed-after-abortion-ruling", "date_published": "2023-04-09 14:13:37+00:00", "persistent": false, "user": null, "language": "en-US"}, {"source": "https://www.bloomberg.com/politics/feeds/site.xml", "title": "Kuwait Names New Finance Minister in Latest Cabinet Line-Up", "description": "Kuwait named the prime minister\u2019s fourth government in eight months, as the oil-rich OPEC member faces little let-up from political uncertainty and economic malaise.", "link": "https://www.bloomberg.com/news/articles/2023-04-09/kuwait-names-new-finance-minister-in-latest-cabinet-line-up", "date_published": "2023-04-09 13:28:04+00:00", "persistent": false, "user": null, "language": "en-US"}, {"source": "https://www.bloomberg.com/politics/feeds/site.xml", "title": "Chad Expels German Ambassador as Election Delay Raises Concern", "description": "Germany\u2019s ambassador flew out of Chad late Saturday after the central African nation\u2019s military leadership gave him 48 hours to leave the country.", "link": "https://www.bloomberg.com/news/articles/2023-04-09/chad-expels-german-ambassador-as-election-delay-raises-concern", "date_published": "2023-04-09 11:47:38+00:00", "persistent": false, "user": null, "language": "en-US"}, {"source": "https://www.bloomberg.com/politics/feeds/site.xml", "title": "\u2018Facebook Rapist\u2019\u00a0Who Faked Death Arrested in Tanzania", "description": "JOHANNESBURG (AP) &mdash; A South African convicted murderer who faked his death to escape from prison has been arrested in Tanzania following a two-week manhunt, police have announced.", "link": "https://www.bloomberg.com/en/news/thp/2023-04-09/south-africa-police-say-prison-escapee-arrested-in-tanzania", "date_published": "2023-04-09 10:30:14+00:00", "persistent": false, "user": null, "language": "en-US"}, {"source": "https://www.bloomberg.com/politics/feeds/site.xml", "title": "Saudi Arabia Pushes For End to Yemen War After Detente With Iran", "description": "Saudi Arabia is making one of its strongest pushes yet for an enduring peace deal with Iran-backed fighters in Yemen as it seeks to end a war that has unnerved oil markets and devastated the poorest country on the Arabian Peninsula.", "link": "https://www.bloomberg.com/news/articles/2023-04-09/saudi-arabia-pushes-for-end-to-yemen-war-after-detente-with-iran", "date_published": "2023-04-09 10:20:56+00:00", "persistent": false, "user": null, "language": "en-US"}, {"source": "https://www.bloomberg.com/politics/feeds/site.xml", "title": "UK Government to Unveil \u00a33 Million Plan to Tackle Youth Vaping", "description": "The UK government will unveil plans for combating the illegal sale of vapes to children.", "link": "https://www.bloomberg.com/news/articles/2023-04-09/uk-government-to-unveil-3-million-plan-to-tackle-youth-vaping", "date_published": "2023-04-09 09:19:15+00:00", "persistent": false, "user": null, "language": "en-US"}, {"source": "https://www.bloomberg.com/politics/feeds/site.xml", "title": "Pope Francis Leads Easter Mass at St. Peter\u2019s After Health Scare", "description": "VATICAN CITY (AP) &mdash; In an Easter message highlighting hope, Pope Francis on Sunday invoked prayers for both the Ukrainian and Russian people, praised nations which welcome refugees and called on Israelis and Palestinians wracked by the latest surge in deadly violence to forge a \u201cclimate of trust.\u201d", "link": "https://www.bloomberg.com/en/news/thp/2023-04-09/pope-big-crowd-mark-easter-in-flower-adorned-vatican-square", "date_published": "2023-04-09 09:10:08+00:00", "persistent": false, "user": null, "language": "en-US"}, {"source": "https://www.bloomberg.com/politics/feeds/site.xml", "title": "Tensions Build Around Jerusalem Shrine After Syria Rockets", "description": "JERUSALEM (AP) &mdash; Israeli warplanes and artillery struck targets in Syria following rare rocket fire from the northeastern neighbor, as Jewish-Muslim tensions reached a peak Sunday at a volatile Jerusalem shrine with simultaneous religious rituals.", "link": "https://www.bloomberg.com/en/news/thp/2023-04-09/tensions-build-around-jerusalem-shrine-after-syria-rockets", "date_published": "2023-04-09 08:30:48+00:00", "persistent": false, "user": null, "language": "en-US"}, {"source": "https://www.bloomberg.com/politics/feeds/site.xml", "title": "Ukraine Latest: Russia to Pay Bonuses for Tank Damage, NYT Says", "description": "Ukraine has laid thousands of anti-tank mines near its border with Belarus and Russia to fortify defensive positions, Ukraine\u2019s defense ministry said. On Sunday, Russia bombed what Ukrainian officials called an \u201cinfrastructure facility\u201d in the Chernihiv region. Social media images suggest a direct hit on a bridge near the Russian border.", "link": "https://www.bloomberg.com/news/articles/2023-04-09/russia-ukraine-latest-news-april-9-2023", "date_published": "2023-04-09 07:18:28+00:00", "persistent": false, "user": null, "language": "en-US"}, {"source": "https://www.bloomberg.com/politics/feeds/site.xml", "title": "Rare Rockets From Syria Embroil Israel on Another Front", "description": "Rare rocket attacks from Syria embroiled Israel on yet another front after days of escalating regional violence ignited by a clash at a Jerusalem holy site.", "link": "https://www.bloomberg.com/news/articles/2023-04-09/rare-rocket-attacks-from-syria-embroil-israel-on-another-front", "date_published": "2023-04-09 06:54:15+00:00", "persistent": false, "user": null, "language": "en-US"}, {"source": "https://www.bloomberg.com/politics/feeds/site.xml", "title": "North Korea Doesn\u2019t Answer\u00a0Calls From South Korea\u00a0for a Third Day", "description": "North Korea has not responded to regularly-held, inter-Korean phone calls for a third consecutive day, elevating tensions on the peninsula and increasing concern about the stability of the region.", "link": "https://www.bloomberg.com/news/articles/2023-04-09/north-korea-unresponsive-to-skorea-calls-for-third-straight-day", "date_published": "2023-04-09 01:55:05+00:00", "persistent": false, "user": null, "language": "en-US"}, {"source": "https://www.bloomberg.com/politics/feeds/site.xml", "title": "US Election in 2024 Won\u2019t Change Aukus Plans, Australia PM Says", "description": "Australia is confident its agreement with the US to purchase a fleet of nuclear submarines for delivery in the early 2030s will go ahead no matter who wins the 2024 election, Prime Minister Anthony Albanese said.", "link": "https://www.bloomberg.com/news/articles/2023-04-09/us-election-in-2024-won-t-change-aukus-plans-australia-pm-says", "date_published": "2023-04-09 01:14:04+00:00", "persistent": false, "user": null, "language": "en-US"}]