[{"source": "http://feeds.bbci.co.uk/news/rss.xml", "title": "The papers: 'Starmer backs attack ad' and 'coronation details'", "description": "Monday's papers have a mix of leads, focusing on attack ads by Labour and details of next month's coronation.", "link": "https://www.bbc.co.uk/news/blogs-the-papers-65228657?at_medium=RSS&at_campaign=KARANGA", "date_published": "2023-04-09 23:58:06+00:00", "persistent": false, "user": null, "language": "en-US"}, {"source": "http://feeds.bbci.co.uk/news/rss.xml", "title": "Masters 2023: Jon Rahm wins, beating Brooks Koepka and Phil Mickelson", "description": "Spain's Jon Rahm keeps his nerve and patience to win a first Masters, swinging an exciting final day in his favour from American Brooks Koepka.", "link": "https://www.bbc.co.uk/sport/golf/65227852?at_medium=RSS&at_campaign=KARANGA", "date_published": "2023-04-09 23:31:38+00:00", "persistent": false, "user": null, "language": "en-US"}, {"source": "http://feeds.bbci.co.uk/news/rss.xml", "title": "Good Friday Agreement: Rishi Sunak calls on Stormont return ahead of Joe Biden visit", "description": "Rishi Sunak praises \"brave\" Good Friday Agreement leaders but says \"there is work to be done\".", "link": "https://www.bbc.co.uk/news/uk-northern-ireland-65228411?at_medium=RSS&at_campaign=KARANGA", "date_published": "2023-04-09 23:03:05+00:00", "persistent": false, "user": null, "language": "en-US"}, {"source": "http://feeds.bbci.co.uk/news/rss.xml", "title": "MOTD2: Did Xhaka booking change the game at Anfield?", "description": "Match of the Day 2 pundits Stephen Warnock and Ian Wright think Granit Xhaka's brief loss of discipline against Liverpool woke up the Anfield crowd.", "link": "https://www.bbc.co.uk/sport/av/football/65228801?at_medium=RSS&at_campaign=KARANGA", "date_published": "2023-04-09 23:01:28+00:00", "persistent": false, "user": null, "language": "en-US"}, {"source": "http://feeds.bbci.co.uk/news/rss.xml", "title": "Unesco world heritage status: Seven sites win UK backing", "description": "York, Birkenhead Park and an iron age settlement in Shetland are among the sites being put forward.", "link": "https://www.bbc.co.uk/news/uk-65225817?at_medium=RSS&at_campaign=KARANGA", "date_published": "2023-04-09 23:00:28+00:00", "persistent": false, "user": null, "language": "en-US"}, {"source": "http://feeds.bbci.co.uk/news/rss.xml", "title": "Liverpool 2-2 Arsenal: Reds must keep on thinking they've got nothing to lose - Stephen Warnock", "description": "MOTD2 pundit Stephen Warnock says Liverpool must repeat the attitude they showed against Arsenal by trying different tactics as well as showing their fighting spirit between now and the end of the season.", "link": "https://www.bbc.co.uk/sport/football/65227091?at_medium=RSS&at_campaign=KARANGA", "date_published": "2023-04-09 22:07:10+00:00", "persistent": false, "user": null, "language": "en-US"}, {"source": "http://feeds.bbci.co.uk/news/rss.xml", "title": "Coronation carriage will be a more comfortable ride", "description": "Air conditioning and modern suspension will help with the King's procession to Westminster Abbey.", "link": "https://www.bbc.co.uk/news/uk-65194594?at_medium=RSS&at_campaign=KARANGA", "date_published": "2023-04-09 21:30:16+00:00", "persistent": false, "user": null, "language": "en-US"}, {"source": "http://feeds.bbci.co.uk/news/rss.xml", "title": "Small boats: An asylum seeker's five-nation trek to sanctuary", "description": "Rayan travelled 4,000 miles before taking a small boat across the English channel crossing.", "link": "https://www.bbc.co.uk/news/uk-wales-65174532?at_medium=RSS&at_campaign=KARANGA", "date_published": "2023-04-09 20:53:34+00:00", "persistent": false, "user": null, "language": "en-US"}, {"source": "http://feeds.bbci.co.uk/news/rss.xml", "title": "Masters 2023: Sahith Theegala emulates Tiger Woods' famous chip on 16th", "description": "Sahith Theegala finds the hole with a chip that resembles Tiger Woods' famous shot on 16th in 2005.", "link": "https://www.bbc.co.uk/sport/av/golf/65228605?at_medium=RSS&at_campaign=KARANGA", "date_published": "2023-04-09 20:43:59+00:00", "persistent": false, "user": null, "language": "en-US"}, {"source": "http://feeds.bbci.co.uk/news/rss.xml", "title": "Liverpool 2-2 Arsenal: 'Don't anger Anfield' - Gunners cede significant control in title race", "description": "Arsenal failed to follow the rules of the \"jungle\" at Anfield as Mikel Arteta's side drew 2-2 with Liverpool, write BBC Sport's chief football writer Phil McNulty.", "link": "https://www.bbc.co.uk/sport/football/65228569?at_medium=RSS&at_campaign=KARANGA", "date_published": "2023-04-09 20:32:36+00:00", "persistent": false, "user": null, "language": "en-US"}, {"source": "http://feeds.bbci.co.uk/news/rss.xml", "title": "Ukraine war: Who leaked top secret US documents - and why?", "description": "Almost 100 US defence department documents have been leaked - and it is unclear who will benefit.", "link": "https://www.bbc.co.uk/news/world-europe-65225985?at_medium=RSS&at_campaign=KARANGA", "date_published": "2023-04-09 20:01:48+00:00", "persistent": false, "user": null, "language": "en-US"}, {"source": "http://feeds.bbci.co.uk/news/rss.xml", "title": "Twitter: BBC objects to 'government funded media' tag", "description": "Corporation says it wants to resolve issue after one of its main accounts receives new designation.", "link": "https://www.bbc.co.uk/news/entertainment-arts-65226481?at_medium=RSS&at_campaign=KARANGA", "date_published": "2023-04-09 19:23:23+00:00", "persistent": false, "user": null, "language": "en-US"}, {"source": "http://feeds.bbci.co.uk/news/rss.xml", "title": "Super League: Leeds Rhinos 18-17 Huddersfield Giants - Hosts fight back for thrilling win", "description": "Leeds Rhinos fight back to beat Huddersfield in an enthralling West Yorkshire derby that sends them above the Giants in the table.", "link": "https://www.bbc.co.uk/sport/rugby-league/65189775?at_medium=RSS&at_campaign=KARANGA", "date_published": "2023-04-09 19:15:54+00:00", "persistent": false, "user": null, "language": "en-US"}, {"source": "http://feeds.bbci.co.uk/news/rss.xml", "title": "Andy Robertson: PGMOL to investigate potential elbow by official on Liverpool defender", "description": "Refereeing body PGMOL to investigate after Liverpool's Andy Robertson appeared to be elbowed in the chin by assistant referee Constantine Hatzidakis.", "link": "https://www.bbc.co.uk/sport/football/65228077?at_medium=RSS&at_campaign=KARANGA", "date_published": "2023-04-09 18:19:10+00:00", "persistent": false, "user": null, "language": "en-US"}, {"source": "http://feeds.bbci.co.uk/news/rss.xml", "title": "Liverpool 2-2 Arsenal: Roberto Firmino scores late equaliser to hurt Gunners' title bid", "description": "Roberto Firmino's late equaliser sees Arsenal's lead at the top of the Premier League cut six points after an incident-packed encounter with Liverpool at Anfield.", "link": "https://www.bbc.co.uk/sport/football/65152635?at_medium=RSS&at_campaign=KARANGA", "date_published": "2023-04-09 18:12:53+00:00", "persistent": false, "user": null, "language": "en-US"}, {"source": "http://feeds.bbci.co.uk/news/rss.xml", "title": "David Carrick: Serial rapist Met officer faces new sex crime claims", "description": "More than 10 people have reported new allegations about ex-Met officer David Carrick, police say.", "link": "https://www.bbc.co.uk/news/uk-england-beds-bucks-herts-65226358?at_medium=RSS&at_campaign=KARANGA", "date_published": "2023-04-09 17:55:11+00:00", "persistent": false, "user": null, "language": "en-US"}, {"source": "http://feeds.bbci.co.uk/news/rss.xml", "title": "Marseille building collapses with eight people unaccounted for", "description": "Five were injured in the building collapse, and the mayor said it was likely people had died.", "link": "https://www.bbc.co.uk/news/world-middle-east-65225984?at_medium=RSS&at_campaign=KARANGA", "date_published": "2023-04-09 17:53:13+00:00", "persistent": false, "user": null, "language": "en-US"}, {"source": "http://feeds.bbci.co.uk/news/rss.xml", "title": "French Alps avalanche: Four hikers killed, others injured", "description": "A wall of snow hit a group near Mont Blanc in south-eastern France.", "link": "https://www.bbc.co.uk/news/world-europe-65227410?at_medium=RSS&at_campaign=KARANGA", "date_published": "2023-04-09 17:19:27+00:00", "persistent": false, "user": null, "language": "en-US"}, {"source": "http://feeds.bbci.co.uk/news/rss.xml", "title": "Crystal Palace's remarkable revival under Roy Hodgson continues with Leeds rout", "description": "Few Crystal Palace fans would have dreamed of shouting 'Ole' for every pass from their side at Elland Road but the fact they were on Sunday underlines the remarkable revival under Roy Hodgson.", "link": "https://www.bbc.co.uk/sport/football/65227559?at_medium=RSS&at_campaign=KARANGA", "date_published": "2023-04-09 17:15:20+00:00", "persistent": false, "user": null, "language": "en-US"}, {"source": "http://feeds.bbci.co.uk/news/rss.xml", "title": "Celtic 3-2 Rangers: Watch the best of a five-goal Old Firm thriller", "description": "Watch the best of the action as Celtic edge out Rangers 3-2 in their Scottish Premiership Old Firm meeting.", "link": "https://www.bbc.co.uk/sport/av/football/65226731?at_medium=RSS&at_campaign=KARANGA", "date_published": "2023-04-09 17:12:09+00:00", "persistent": false, "user": null, "language": "en-US"}, {"source": "http://feeds.bbci.co.uk/news/rss.xml", "title": "Are audiences getting more rowdy? Theatre etiquette in the spotlight", "description": "After The Bodyguard musical was cut short and police called, actors say behaviour is getting worse.", "link": "https://www.bbc.co.uk/news/entertainment-arts-65224777?at_medium=RSS&at_campaign=KARANGA", "date_published": "2023-04-09 16:56:00+00:00", "persistent": false, "user": null, "language": "en-US"}, {"source": "http://feeds.bbci.co.uk/news/rss.xml", "title": "Masters 2023: Brooks Koepka leads from Jon Rahm, Tiger Woods withdraws", "description": "Brooks Koepka maintains his Masters lead over Jon Rahm after completing rain-delayed third rounds, setting up an exciting finale at Augusta.", "link": "https://www.bbc.co.uk/sport/golf/65223706?at_medium=RSS&at_campaign=KARANGA", "date_published": "2023-04-09 16:55:35+00:00", "persistent": false, "user": null, "language": "en-US"}, {"source": "http://feeds.bbci.co.uk/news/rss.xml", "title": "Cardiff: St David's apologises after drivers stuck in car park", "description": "Problems with traffic lights near the exit of a multi-storey car park are blamed for the chaos.", "link": "https://www.bbc.co.uk/news/uk-wales-65227293?at_medium=RSS&at_campaign=KARANGA", "date_published": "2023-04-09 16:44:06+00:00", "persistent": false, "user": null, "language": "en-US"}, {"source": "http://feeds.bbci.co.uk/news/rss.xml", "title": "Rishi Sunak praises Good Friday Agreement ahead of Joe Biden visit", "description": "Rishi Sunak will welcome the US president to Belfast on Tuesday to mark the peace deal anniversary.", "link": "https://www.bbc.co.uk/news/uk-northern-ireland-65225793?at_medium=RSS&at_campaign=KARANGA", "date_published": "2023-04-09 16:38:50+00:00", "persistent": false, "user": null, "language": "en-US"}, {"source": "http://feeds.bbci.co.uk/news/rss.xml", "title": "Masters 2023 tee-times: Round four groups", "description": "The groupings for the fourth round of the 87th Masters on Sunday, 9 April at Augusta National.", "link": "https://www.bbc.co.uk/sport/golf/65182244?at_medium=RSS&at_campaign=KARANGA", "date_published": "2023-04-09 16:23:29+00:00", "persistent": false, "user": null, "language": "en-US"}, {"source": "http://feeds.bbci.co.uk/news/rss.xml", "title": "Heineken Champions Cup: La Rochelle 24-10 Saracens - visitors lose quarter-final", "description": "Saracens lose their Heineken Champions Cup quarter-final to holders La Rochelle, who will play Exeter in the last four.", "link": "https://www.bbc.co.uk/sport/rugby-union/65220889?at_medium=RSS&at_campaign=KARANGA", "date_published": "2023-04-09 16:20:41+00:00", "persistent": false, "user": null, "language": "en-US"}, {"source": "http://feeds.bbci.co.uk/news/rss.xml", "title": "Robbie Neilson exits as Hearts manager after slump in form", "description": "Hearts say they have made the \"extremely difficult decision\" to part with manager Robbie Neilson.", "link": "https://www.bbc.co.uk/sport/football/65227436?at_medium=RSS&at_campaign=KARANGA", "date_published": "2023-04-09 16:10:12+00:00", "persistent": false, "user": null, "language": "en-US"}, {"source": "http://feeds.bbci.co.uk/news/rss.xml", "title": "Beckton flat fire: Girl who died named as Tiffany Regis", "description": "Officers are treating the fire as arson and say the 15-year-old died from smoke inhalation.", "link": "https://www.bbc.co.uk/news/uk-england-london-65225832?at_medium=RSS&at_campaign=KARANGA", "date_published": "2023-04-09 16:05:02+00:00", "persistent": false, "user": null, "language": "en-US"}, {"source": "http://feeds.bbci.co.uk/news/rss.xml", "title": "Maia and Rina Dee: Funerals of sisters killed in occupied West Bank taking place", "description": "Maia and Rina Dee, originally from the UK, were shot dead in a suspected Palestinian attack.", "link": "https://www.bbc.co.uk/news/world-middle-east-65224751?at_medium=RSS&at_campaign=KARANGA", "date_published": "2023-04-09 15:36:47+00:00", "persistent": false, "user": null, "language": "en-US"}, {"source": "http://feeds.bbci.co.uk/news/rss.xml", "title": "Leeds United 1-5 Crystal Palace: Eagles score four in second half", "description": "Crystal Palace stage a remarkable second-half turnaround to give a significant boost to their Premier League survival hopes and leave relegation rivals Leeds stunned.", "link": "https://www.bbc.co.uk/sport/football/65152636?at_medium=RSS&at_campaign=KARANGA", "date_published": "2023-04-09 15:29:25+00:00", "persistent": false, "user": null, "language": "en-US"}, {"source": "http://feeds.bbci.co.uk/news/rss.xml", "title": "Tiger Woods' ball from 1997 Masters fetches $64,000", "description": "Woods gave the ball to a nine-year-old boy during the final round of the tournament.", "link": "https://www.bbc.co.uk/news/world-us-canada-65225287?at_medium=RSS&at_campaign=KARANGA", "date_published": "2023-04-09 15:13:57+00:00", "persistent": false, "user": null, "language": "en-US"}, {"source": "http://feeds.bbci.co.uk/news/rss.xml", "title": "Pope Francis: Easter Mass brings relief to public after pontiff's illness", "description": "The pontiff \"looked in really good health\", said one of the thousands of people in St Peter's Square.", "link": "https://www.bbc.co.uk/news/world-europe-65226916?at_medium=RSS&at_campaign=KARANGA", "date_published": "2023-04-09 14:49:33+00:00", "persistent": false, "user": null, "language": "en-US"}, {"source": "http://feeds.bbci.co.uk/news/rss.xml", "title": "King Charles joined by family for first Easter service as monarch", "description": "The service in St George's Chapel at Windsor Castle is his first as monarch.", "link": "https://www.bbc.co.uk/news/uk-65225124?at_medium=RSS&at_campaign=KARANGA", "date_published": "2023-04-09 13:10:02+00:00", "persistent": false, "user": null, "language": "en-US"}, {"source": "http://feeds.bbci.co.uk/news/rss.xml", "title": "Masters 2023: Five-time champion Tiger Woods withdraws because of injury", "description": "Five-time champion Tiger Woods withdraws from the Masters because of injury, hours before the resumption of the third round on Sunday.", "link": "https://www.bbc.co.uk/sport/golf/65225953?at_medium=RSS&at_campaign=KARANGA", "date_published": "2023-04-09 12:22:48+00:00", "persistent": false, "user": null, "language": "en-US"}, {"source": "http://feeds.bbci.co.uk/news/rss.xml", "title": "Yemen war: Saudi-Houthi talks bring hope of ceasefire", "description": "The talks in Yemen could mean that the eight-year war is coming to an end.", "link": "https://www.bbc.co.uk/news/world-africa-65225981?at_medium=RSS&at_campaign=KARANGA", "date_published": "2023-04-09 11:36:30+00:00", "persistent": false, "user": null, "language": "en-US"}, {"source": "http://feeds.bbci.co.uk/news/rss.xml", "title": "Olivia Pratt-Korbel: I want violence to stop, murdered girl's mum says", "description": "Cheryl Korbel wants \"police, communities and charities\" to fight violent crime after Olivia's murder.", "link": "https://www.bbc.co.uk/news/uk-england-merseyside-65225176?at_medium=RSS&at_campaign=KARANGA", "date_published": "2023-04-09 10:42:11+00:00", "persistent": false, "user": null, "language": "en-US"}, {"source": "http://feeds.bbci.co.uk/news/rss.xml", "title": "Junior doctor strike: Union's pay demands unrealistic, says Steve Barclay", "description": "Many junior doctors will take part in a four-day walkout after the Easter weekend in an ongoing pay dispute.", "link": "https://www.bbc.co.uk/news/health-65223673?at_medium=RSS&at_campaign=KARANGA", "date_published": "2023-04-09 08:18:40+00:00", "persistent": false, "user": null, "language": "en-US"}, {"source": "http://feeds.bbci.co.uk/news/rss.xml", "title": "Mystery carvings came from dismantled royal church", "description": "For decades Daren Frankish wondered what the stone carvings were in his Edinburgh workshop.", "link": "https://www.bbc.co.uk/news/uk-scotland-edinburgh-east-fife-65163553?at_medium=RSS&at_campaign=KARANGA", "date_published": "2023-04-09 07:31:30+00:00", "persistent": false, "user": null, "language": "en-US"}, {"source": "http://feeds.bbci.co.uk/news/rss.xml", "title": "China simulates hitting 'key targets' on Taiwan", "description": "The US says it is \"monitoring Beijing's actions\" as China's military drills round Taiwan continue.", "link": "https://www.bbc.co.uk/news/world-65223970?at_medium=RSS&at_campaign=KARANGA", "date_published": "2023-04-09 07:13:20+00:00", "persistent": false, "user": null, "language": "en-US"}, {"source": "http://feeds.bbci.co.uk/news/rss.xml", "title": "How the hollow chocolate Easter egg was first produced", "description": "Chocolate company J. S. Fry & Sons first manufactured the hollow chocolate egg in 1873.", "link": "https://www.bbc.co.uk/news/uk-england-bristol-65190254?at_medium=RSS&at_campaign=KARANGA", "date_published": "2023-04-09 06:53:33+00:00", "persistent": false, "user": null, "language": "en-US"}, {"source": "http://feeds.bbci.co.uk/news/rss.xml", "title": "Misogyny and Northern Ireland's peace process", "description": "Twenty-five years on from the Good Friday Agreement, is the role of women being sidelined?", "link": "https://www.bbc.co.uk/news/uk-northern-ireland-64953527?at_medium=RSS&at_campaign=KARANGA", "date_published": "2023-04-09 05:52:29+00:00", "persistent": false, "user": null, "language": "en-US"}, {"source": "http://feeds.bbci.co.uk/news/rss.xml", "title": "Good Friday Agreement: The view from the Republic 25 years on", "description": "From constitutional change to the strife of Brexit, the deal still wields major influence in Ireland.", "link": "https://www.bbc.co.uk/news/uk-northern-ireland-65184915?at_medium=RSS&at_campaign=KARANGA", "date_published": "2023-04-09 05:33:15+00:00", "persistent": false, "user": null, "language": "en-US"}, {"source": "http://feeds.bbci.co.uk/news/rss.xml", "title": "The papers: Strike 'desperate measures' and 'Olivia mum speaks'", "description": "No one story dominates the Sunday papers, however, a couple of the headlines look ahead to King Charles' coronation next month.", "link": "https://www.bbc.co.uk/news/blogs-the-papers-65223825?at_medium=RSS&at_campaign=KARANGA", "date_published": "2023-04-09 04:36:52+00:00", "persistent": false, "user": null, "language": "en-US"}, {"source": "http://feeds.bbci.co.uk/news/rss.xml", "title": "Aur\u00e9lien Pradi\u00e9: The rising star shaking up French politics", "description": "Aged 37, Aur\u00e9lien Pradi\u00e9 has exploded onto France's political stage after ruining Macron's plans.", "link": "https://www.bbc.co.uk/news/world-europe-65186539?at_medium=RSS&at_campaign=KARANGA", "date_published": "2023-04-09 04:01:48+00:00", "persistent": false, "user": null, "language": "en-US"}]