[{"source": "https://businessinsider.com.pl/.feed", "title": "Trojan \u2014 co to jest? Jak dzia\u0142a ten wirus?", "description": "Rozw\u00f3j technologiczny, a wraz z nim coraz sprawniejsze urz\u0105dzenia cyfrowe sprawiaj\u0105, \u017ce \u017cyje nam si\u0119 coraz lepiej. Ma to jednak tak\u017ce negatywne konsekwencje, a w internecie mo\u017cemy natkn\u0105\u0107 si\u0119 na szereg zagro\u017ce\u0144, kt\u00f3re mog\u0105 skutecznie uprzykrzy\u0107 nam codzienno\u015b\u0107, m.in. poprzez uszkodzenie lub wykradni\u0119cie danych. Jednym z takich zagro\u017ce\u0144 jest trojan, czyli jeden z wirus\u00f3w, jakimi mog\u0105 zosta\u0107 zainfekowane nasze urz\u0105dzenia. Co to jest trojan i jak dzia\u0142a?", "link": "https://businessinsider.com.pl/technologie/trojan-co-to-jest-jak-dziala-ten-wirus/1s3slhh", "date_published": "2023-04-09 19:29:00+00:00", "persistent": false, "user": null, "language": "en-US"}, {"source": "https://businessinsider.com.pl/.feed", "title": "Uwaga na fa\u0142szywe maile. B\u0105d\u017acie czujni", "description": "W internecie, chocia\u017c czujemy si\u0119 swobodnie, nigdy nie jeste\u015bmy bezpieczni. Jednym z najpopularniejszych zagro\u017ce\u0144 w sieci jest phishing, kt\u00f3ry mo\u017ce doprowadzi\u0107 do utraty danych i pieni\u0119dzy. Dowiedz si\u0119, jak go rozpoznawa\u0107 i jak si\u0119 przed nim skutecznie chroni\u0107.", "link": "https://businessinsider.com.pl/technologie/uwaga-na-falszywe-maile-badzcie-czujni/fzp232r", "date_published": "2023-04-09 16:03:00+00:00", "persistent": false, "user": null, "language": "en-US"}, {"source": "https://businessinsider.com.pl/.feed", "title": "Szefowie zapomnieli, jak chwali\u0107 pracownik\u00f3w. Teraz ich trac\u0105", "description": "Kiedy ostatni raz us\u0142ysza\u0142e\u015b od szefa \"dobra robota\" i wiedzia\u0142e\u015b, \u017ce naprawd\u0119 mia\u0142 to na my\u015bli? Jak wynika z bada\u0144 Gallupa, zaledwie 30 proc. ameryka\u0144skich pracownik\u00f3w potwierdzi\u0142o, \u017ce w ci\u0105gu ostatniego tygodnia \"otrzyma\u0142o wyraz uznania lub pochwa\u0142\u0119 za dobrze wykonan\u0105 prac\u0119\".", "link": "https://businessinsider.com.pl/poradnik-finansowy/dwa-proste-slowa-tyle-wystarczy-by-nie-stracic-dobrego-prcownika/40p3n7j", "date_published": "2023-04-09 14:41:15+00:00", "persistent": false, "user": null, "language": "en-US"}, {"source": "https://businessinsider.com.pl/.feed", "title": "Tesla og\u0142asza nowy plan. Zbuduje fabryk\u0119 w Szanghaju", "description": "Tesla zbuduje w Szanghaju now\u0105 fabryk\u0119 produkuj\u0105c\u0105 wielkie magazyny energii \u2014 donosi Bloomberg. Ameryka\u0144ski gigant ma ju\u017c w tym chi\u0144skim mie\u015bcie fabryk\u0119 samochod\u00f3w.", "link": "https://businessinsider.com.pl/biznes/tesla-oglasza-nowy-plan-zbuduje-fabryke-w-szanghaju/1penf37", "date_published": "2023-04-09 13:58:23+00:00", "persistent": false, "user": null, "language": "en-US"}, {"source": "https://businessinsider.com.pl/.feed", "title": "Jest umowa koalicyjna w sprawie powo\u0142ania nowego rz\u0105du w Estonii. Podatek samochodowy i budynki z drewna", "description": "Negocjuj\u0105ce nowy rz\u0105d Estonii ugrupowania \u2014 Esto\u0144ska Partia Reform, Eesti 200 i Partia Socjaldemokratyczna \u2014 zawar\u0142y umow\u0119 koalicyjn\u0105, w ramach kt\u00f3rej przewidziane jest m.in. podniesienie podatk\u00f3w VAT i dochodowego oraz pog\u0142\u0119bienie wsp\u00f3\u0142pracy regionalnej.", "link": "https://businessinsider.com.pl/wiadomosci/jest-umowa-koalicyjna-w-sprawie-powolania-nowego-rzadu-w-estonii-podatek-samochodowy/6fd731h", "date_published": "2023-04-09 13:02:06+00:00", "persistent": false, "user": null, "language": "en-US"}, {"source": "https://businessinsider.com.pl/.feed", "title": "Tworzy tradycyjne tajskie maski. Do jednej potrzeba 1000 arkuszy czystego z\u0142ota", "description": "Prateep nauczy\u0142 si\u0119 robi\u0107 tradycyjne tajskie maski od swojego wuja, kiedy mia\u0142 14 lat. Dzi\u015b walczy o przetrwanie tego rzemios\u0142a, kt\u00f3re mocno podupad\u0142o m.in. przez pandemi\u0119.", "link": "https://businessinsider.com.pl/wideo/tworzy-tradycyjne-tajskie-maski-do-jednej-potrzeba-1000-arkuszy-czystego-zlota/6y0yycw", "date_published": "2023-04-09 12:50:00+00:00", "persistent": false, "user": null, "language": "en-US"}, {"source": "https://businessinsider.com.pl/.feed", "title": "Tak wydajemy swoje pieni\u0105dze. Na u\u017cywki jak Francuzi, na restauracje i hotele jak W\u0142osi", "description": "Dystans cywilizacyjny nadrobili\u015bmy, mamy wszelkie nowoczesne sprz\u0119ty elektroniczne, samochod\u00f3w nawet najwi\u0119cej w Europie na mieszka\u0144ca. Czy struktur\u0105 wydatk\u00f3w upodabniamy si\u0119 do najbogatszych? Wzgl\u0119dnie du\u017co wi\u0119cej wydajemy na \u017cywno\u015b\u0107, za to mniej nas kosztuje mieszkanie. Podstawowe trzy rodzaje wydatk\u00f3w kosztuj\u0105 nas znacz\u0105co mniej ni\u017c \u015brednia unijna.", "link": "https://businessinsider.com.pl/gospodarka/jak-wydajemy-swoje-pieniadze-na-uzywki-jak-francuzi-na-restauracje-i-hotele-jak-wlosi/34kt2lr", "date_published": "2023-04-09 12:14:26+00:00", "persistent": false, "user": null, "language": "en-US"}, {"source": "https://businessinsider.com.pl/.feed", "title": "10 sposob\u00f3w na przyspieszenie kariery. Najwa\u017cniejszy jest ten aspekt", "description": "Jak to si\u0119 dzieje, \u017ce spo\u015br\u00f3d tak wielu os\u00f3b nastawionych na sukces w pracy, cel osi\u0105gaj\u0105 tylko nieliczni? By\u0107 mo\u017ce byli do tego lepiej przygotowani mentalnie od tych, kt\u00f3rzy stan\u0119li w miejscu. Nie pope\u0142nij tego samego b\u0142\u0119du i dowiedz si\u0119, jak nada\u0107 rozp\u0119du swojej karierze.", "link": "https://businessinsider.com.pl/rozwoj-osobisty/kariera/10-sposobow-na-przyspieszenie-kariery-najwazniejszy-jest-ten-aspekt/r0vh376", "date_published": "2023-04-09 11:50:19+00:00", "persistent": false, "user": null, "language": "en-US"}, {"source": "https://businessinsider.com.pl/.feed", "title": "Wybierz si\u0119 w rejs najpi\u0119kniejszymi rzekami Europy \u2014 Rodan, Ren, Dunaj", "description": "Rejs jedn\u0105 z najpi\u0119kniejszych europejskich rzek mo\u017ce by\u0107 doskona\u0142\u0105 alternatyw\u0105 dla urlopu, podczas kt\u00f3rego wi\u0119kszo\u015b\u0107 czasu sp\u0119dzamy na pla\u017cy, opuszczaj\u0105c j\u0105 jedynie na posi\u0142ki w bogatej formule all inclusive. Rzeczne rejsy pasa\u017cerskie to interesuj\u0105ca forma wypoczynku dla wszystkich, kt\u00f3rym znudzi\u0142y si\u0119 tradycyjne urlopy i potrzebuj\u0105 prze\u017cy\u0107 co\u015b nowego. Rejsy wycieczkowe to po\u0142\u0105czenie innej perspektyw zwiedzania, poznawania zabytk\u00f3w, architektury, historii, kultury z jednoczesn\u0105 wygod\u0105 i relaksem. Widok kameralnych wiosek po\u0142o\u017conych wzd\u0142u\u017c Renu, wspania\u0142ej architektury Wiednia, Budapesztu i Bratys\u0142awy, kt\u00f3ry towarzyszy podczas rejsu Dunajem to tylko cz\u0119\u015b\u0107 atrakcji, jakie mo\u017cna podziwia\u0107 z pok\u0142adu statku. W artykule polecamy sprawdzone i docenione przez klient\u00f3w rejsy wycieczkowe biura podr\u00f3\u017cy Albatros. Zapraszamy!", "link": "https://businessinsider.com.pl/lifestyle/podroze/wybierz-sie-w-rejs-najpiekniejszymi-rzekami-europy-ren-dunaj-rodan/ntc0m7k", "date_published": "2023-04-09 11:47:00+00:00", "persistent": false, "user": null, "language": "en-US"}, {"source": "https://businessinsider.com.pl/.feed", "title": "Oto przypadki, w kt\u00f3rych mo\u017cna bez straty wyp\u0142aci\u0107 \u015brodki z PPK", "description": "Pracownicze Plany Kapita\u0142owe (PPK) zosta\u0142y uruchomione w 2019 r. Jest to program dobrowolnego, dodatkowego oszcz\u0119dzania emerytalnego, w kt\u00f3rym to zar\u00f3wno pracownik, jak i pracodawca odprowadzaj\u0105 sk\u0142adk\u0119. Wcze\u015bniejsza wyp\u0142ata \u015brodk\u00f3w z PPK wi\u0105\u017ce si\u0119 z potr\u0105ceniami. S\u0105 jednak przypadki, w kt\u00f3rych mo\u017cna wyp\u0142aci\u0107 ca\u0142o\u015b\u0107 \u015brodk\u00f3w.", "link": "https://businessinsider.com.pl/poradnik-finansowy/oszczedzanie/kiedy-mozna-wyplacic-srodki-z-ppk-bez-straty/5fep8vb", "date_published": "2023-04-09 10:58:39+00:00", "persistent": false, "user": null, "language": "en-US"}, {"source": "https://businessinsider.com.pl/.feed", "title": "Pracuje 30 godzin tygodniowo i zarabia rocznie siedmiocyfrow\u0105 kwot\u0119. Zdradza sw\u00f3j spos\u00f3b", "description": "Przedsi\u0119biorca korzysta z narz\u0119dzi wykorzystuj\u0105cych sztuczn\u0105 inteligencj\u0119, dzi\u0119ki czemu pracuje 30 godzin tygodniowo i zarabia rocznie siedmiocyfrow\u0105 kwot\u0119. To szczeg\u00f3lnie wa\u017cne dla niego teraz, gdy w domu ma noworodka. Jak m\u00f3wi, pracuje oko\u0142o sze\u015bciu godzin dziennie i nie odbiera wi\u0119cej ni\u017c dwa telefony w tym czasie. W rozmowie z Insiderem zdradza, jak doszed\u0142 do tego miejsca.", "link": "https://businessinsider.com.pl/praca/pracuje-30-h-tygodniowo-i-zarabia-rocznie-siedmiocyfrowa-kwote-zdradza-swoj-sposob/rhlz6yg", "date_published": "2023-04-09 10:25:00+00:00", "persistent": false, "user": null, "language": "en-US"}, {"source": "https://businessinsider.com.pl/.feed", "title": "Wabbit, czyli nietypowy rodzaj zagro\u017cenia w komputerze", "description": "Korzystaj\u0105c na co dzie\u0144 z internetu, musimy liczy\u0107 si\u0119 z licznymi zagro\u017ceniami czyhaj\u0105cymi na nas tak samo, jak na ka\u017cdego innego u\u017cytkownika sieci. Jednym z nich jest szkodliwe oprogramowanie, stworzone po to, by niszczy\u0107 systemy i sprz\u0119t oraz wykrada\u0107 dane z urz\u0105dze\u0144, na kt\u00f3rych zostan\u0105 zainstalowane. W\u015br\u00f3d takich program\u00f3w mo\u017cna wyr\u00f3\u017cni\u0107 wabbit, czyli stosunkowo nietypowy rodzaj zagro\u017cenia dla komputera. Co to jest wabbit, jak dzia\u0142a i w jaki spos\u00f3b si\u0119 przed nim uchroni\u0107?", "link": "https://businessinsider.com.pl/technologie/wabbit-czyli-nietypowy-rodzaj-zagrozenia-w-komputerze/l2x5jdb", "date_published": "2023-04-09 10:22:00+00:00", "persistent": false, "user": null, "language": "en-US"}, {"source": "https://businessinsider.com.pl/.feed", "title": "Przed nami okres szczytu na kolei. Rz\u0105d spodziewa si\u0119 rekordowej liczby pasa\u017cer\u00f3w", "description": "Liczba przewiezionych pasa\u017cer\u00f3w na kolei powinna rosn\u0105\u0107 w kolejnych miesi\u0105cach \u2014 uwa\u017ca wiceminister infrastruktury Andrzej Bittel. Skomentowa\u0142 on w ten spos\u00f3b informacj\u0119, \u017ce pierwszy kwarta\u0142 by\u0142 rekordowy pod wzgl\u0119dem przewoz\u00f3w dla PKP Intercity.", "link": "https://businessinsider.com.pl/wiadomosci/przed-nami-okres-szczytu-na-kolei-rzad-spodziewa-sie-rekordowej-liczby-pasazerow/h93tjhf", "date_published": "2023-04-09 10:09:54+00:00", "persistent": false, "user": null, "language": "en-US"}, {"source": "https://businessinsider.com.pl/.feed", "title": "Prezydent Gda\u0144ska o bud\u017cecie miasta: mamy dziur\u0119 na 600 mln z\u0142", "description": "W ubieg\u0142ym roku zmieni\u0142 si\u0119 spos\u00f3b wp\u0142ywu podatk\u00f3w do bud\u017cetu miasta i gminy. Zgodnie z nowymi zasadami pieni\u0105dze trafiaj\u0105 do miasta na podstawie sumy wp\u0142yw\u00f3w z PIT, przewidywanej we wrze\u015bniu poprzedniego roku. Zmiany te zwi\u0105zane s\u0105 z wprowadzeniem \"Polskiego \u0141adu\".", "link": "https://businessinsider.com.pl/wiadomosci/prezydent-gdanska-o-budzecie-miasta-mamy-dziure-na-600-mln-zl/es0jmpp", "date_published": "2023-04-09 09:50:15+00:00", "persistent": false, "user": null, "language": "en-US"}, {"source": "https://businessinsider.com.pl/.feed", "title": "Rosjanie chwal\u0105 si\u0119 rekordami eksportu mi\u0119sa i zbo\u017ca. Ile z tego ukradli Ukrainie?", "description": "Sukces za sukcesem. Szef nadzoru weterynaryjnego i fitosanitarnego Rosji poinformowa\u0142 o rewelacyjnych ubieg\u0142orocznych wynikach eksportu mi\u0119sa, kt\u00f3rego jeszcze kilka lat temu Rosja by\u0142a jednym z wiod\u0105cych w \u015bwiecie importer\u00f3w. Pochwali\u0142 si\u0119 te\u017c, \u017ce Rosja zosta\u0142a najwi\u0119kszym eksporterem zb\u00f3\u017c na \u015bwiecie. To musia\u0142 by\u0107 skok bez precedensu, bo rok temu od lidera, Stan\u00f3w Zjednoczonych, dzieli\u0142a j\u0105 przepa\u015b\u0107. Pytanie, ile z tego zbo\u017ca zrabowano Ukrainie? I kto je kupuje?", "link": "https://businessinsider.com.pl/gospodarka/rosjanie-chwala-sie-wzrostem-eksportu-miesa-i-zboza-ile-z-tego-ukradli-ukrainie/9n0d6h9", "date_published": "2023-04-09 09:35:53+00:00", "persistent": false, "user": null, "language": "en-US"}, {"source": "https://businessinsider.com.pl/.feed", "title": "Wyciek \u015bci\u015ble tajnych dokument\u00f3w. USA wszczynaj\u0105 \u015bledztwo", "description": "Resort sprawiedliwo\u015bci USA wszczyna \u015bledztwo w sprawie wycieku \u015bci\u015ble tajnych dokument\u00f3w pochodz\u0105cych z r\u00f3\u017cnych ameryka\u0144skich agencji i zamieszczonych mediach spo\u0142eczno\u015bciowych. Wcze\u015bniej w\u0142asne dochodzenie rozpocz\u0105\u0142 Pentagon \u2014 informuje w niedziel\u0119 \"Le Figaro\".", "link": "https://businessinsider.com.pl/wiadomosci/wyciek-scisle-tajnych-dokumentow-usa-wszczynaja-sledztwo/pcm0y6b", "date_published": "2023-04-09 08:51:17+00:00", "persistent": false, "user": null, "language": "en-US"}, {"source": "https://businessinsider.com.pl/.feed", "title": "Polacy chc\u0105 mie\u0107 mieszkania na w\u0142asno\u015b\u0107. Tak wypadamy na tle Europy", "description": "Polska ma jeden z najwi\u0119kszych w Europie i wi\u0119kszy ni\u017c \u015brednia unijna odsetek w\u0142asno\u015bci mieszka\u0144 i dom\u00f3w \u2014 wskaza\u0142 Polski Instytut Ekonomiczny. Analitycy PIE zwr\u00f3cili uwag\u0119 na du\u017cy udzia\u0142 mieszka\u0144 wybudowanych do lat 90. oraz wysoki odsetek ludzi m\u0142odych mieszkaj\u0105cych z rodzicami.", "link": "https://businessinsider.com.pl/poradnik-finansowy/polacy-chca-miec-mieszkania-na-wlasnosc-tak-wypadamy-na-tle-europy/n49tqrb", "date_published": "2023-04-09 08:22:39+00:00", "persistent": false, "user": null, "language": "en-US"}, {"source": "https://businessinsider.com.pl/.feed", "title": "Chcesz przekaza\u0107 maj\u0105tek konkretnej osobie? Zr\u00f3b zapis", "description": "Je\u015bli za \u017cycia kto\u015b nie zadba o podzielnie swojego maj\u0105tku, to po \u015bmierci odziedziczy go najbli\u017csza rodzina zgodnie z zasadami kodeksu cywilnego. Ka\u017cdy mo\u017ce jednak zdecydowa\u0107, co i komu chce przekaza\u0107. W tym celu trzeba jednak zrobi\u0107 zapis testamentowy, a najlepiej windykacyjny Wyja\u015bniamy, co one oznaczaj\u0105 w praktyce i czym si\u0119 r\u00f3\u017cni\u0105.", "link": "https://businessinsider.com.pl/prawo/chcesz-przekazac-majatek-konkretnej-osobie-zrob-zapis-windykacyjny/s962wqs", "date_published": "2023-04-09 07:35:01+00:00", "persistent": false, "user": null, "language": "en-US"}, {"source": "https://businessinsider.com.pl/.feed", "title": "Wielu Polak\u00f3w my\u015bli, \u017ce to raj. \"A ludzie \u017cyj\u0105 jak my w XV wieku\"", "description": "Madagaskar kojarzy nam si\u0119 troch\u0119 z plakatami, promuj\u0105cymi rajski wypoczynek \u2013 a troch\u0119 pewnie z filmem pod tym tytu\u0142em. Prawda jest natomiast taka, \u017ce jest to kraj ub\u00f3stwa. Niesamowitego wr\u0119cz ub\u00f3stwa \u2013 opowiadaj\u0105 nam pracownicy Polskiej Akcji Humanitarnej. I przekonuj\u0105, \u017ce z Polskiej perspektywy pom\u00f3c niezwykle \u0142atwo. Wystarczy dos\u0142ownie kilka z\u0142otych, by nakarmi\u0107 kilkoro dzieci.", "link": "https://businessinsider.com.pl/wiadomosci/druga-twarz-madagaskaru-ludzie-zyja-niczym-w-xv-wieku/63ee1by", "date_published": "2023-04-09 07:19:38+00:00", "persistent": false, "user": null, "language": "en-US"}, {"source": "https://businessinsider.com.pl/.feed", "title": "Brodz\u0105 w ciemno\u015bciach, by je zdoby\u0107. 3 tys. sztuk wa\u017cy kilogram", "description": "Male\u0144kie w\u0119gorze to przysmak, kt\u00f3ry sk\u0142ania szef\u00f3w kuchni do si\u0119gni\u0119cia g\u0142\u0119boko do kieszeni. Zw\u0142aszcza gdy chodzi o pierwszy po\u0142\u00f3w w sezonie.", "link": "https://businessinsider.com.pl/wideo/brodza-w-ciemnosciach-by-je-zdobyc-3-tys-sztuk-wazy-kilogram/0x51pws", "date_published": "2023-04-09 07:05:00+00:00", "persistent": false, "user": null, "language": "en-US"}, {"source": "https://businessinsider.com.pl/.feed", "title": "Oni maj\u0105 najwi\u0119cej farm fotowoltaicznych w Polsce. To wcale nie pa\u0144stwowe koncerny", "description": "W Polsce dzia\u0142a ju\u017c ponad 3,4 tys. farm fotowoltaicznych i ponad 1,3 tys. wiatrowych \u2014 wynika z najnowszej analizy Instytutu Energetyki Odnawialnej. Ostatnie lata to przede wszystkim szybki rozkwit energetyki s\u0142onecznej, ale liderami w tej bran\u017cy wcale nie s\u0105 pa\u0144stwowe koncerny. \u2014 Niestety, sp\u00f3\u0142ki z udzia\u0142em Skarbu Pa\u0144stwa w ostatnich kilku latach nie wzi\u0119\u0142y aktywnego udzia\u0142u w transformacji energetycznej i rozwoju OZE \u2014 twierdzi w rozmowie z Business Insiderem Grzegorz Wi\u015bniewski, prezes IEO.", "link": "https://businessinsider.com.pl/biznes/oni-maja-najwiecej-farm-fotowoltaicznych-w-polsce-to-wcale-nie-panstwowe-koncerny/yjhkqmb", "date_published": "2023-04-09 07:00:00+00:00", "persistent": false, "user": null, "language": "en-US"}]