[{"source": "https://www.bankier.pl/rss/wiadomosci.xml", "title": "Macron: Europa musi si\u0119 uniezale\u017cni\u0107 od USA. Nie mo\u017cemy da\u0107 si\u0105 wci\u0105ga\u0107 w konflikt o Tajwan", "description": "<p><img align=\"left\" alt=\"\" class=\"webfeedsFeaturedVisual\" height=\"560\" src=\"http://galeria.bankier.pl/p/7/d/517103d9bc0332-948-568-0-18-2509-1505.jpg\" style=\"display: block; margin-bottom: 5px; clear: both;\" width=\"945\" />Prezydent Francji Emmanuel Macron w drodze powrotnej z wizyty w Chinach, powiedzia\u0142, \u017ce Europa musi si\u0119 oprze\u0107 presji, by sta\u0107 si\u0119 \"na\u015bladowc\u0105 Ameryki\". Ostrzeg\u0142 te\u017c, \u017ce wielkim ryzykiem dla Europy jest \"uwik\u0142anie si\u0119 w kryzysy, kt\u00f3re nie s\u0105 nasze\" - chodzi oczywi\u015bcie o napi\u0119cia pomi\u0119dzy Pa\u0144stwem \u015arodka a USA w sprawie statusu Tajwanu.</p>", "link": "https://www.bankier.pl/wiadomosc/Xi-przekrecil-Macrona-Prezydent-Francji-o-Europie-USA-i-Tajwanie-8520347.html?utm_source=RSS&utm_medium=RSS&utm_campaign=Wiadomosci", "date_published": "2023-04-09 17:49:00+00:00", "persistent": false, "user": null, "language": "pl-PL"}, {"source": "https://www.bankier.pl/rss/wiadomosci.xml", "title": "Rzym bierze si\u0119 na hulajnogi elektryczne i drastycznie ograniczy ich liczb\u0119", "description": "<p><img align=\"left\" alt=\"\" class=\"webfeedsFeaturedVisual\" height=\"560\" src=\"http://galeria.bankier.pl/p/5/6/221bc8fc5ee44f-948-567-0-0-1000-599.jpg\" style=\"display: block; margin-bottom: 5px; clear: both;\" width=\"945\" />W Rzymie b\u0119dzie znacznie mniej hulajn\u00f3g elektrycznych i wi\u0119cej regu\u0142- og\u0142osi\u0142 burmistrz Roberto Gualtieri. Jak wyja\u015bni\u0142, w\u0142adze Wiecznego Miasta wybra\u0142y inn\u0105 drog\u0119 ni\u017c w Pary\u017cu, gdzie mieszka\u0144cy zdecydowali w referendum, \u017ce nie chc\u0105 wynajmu tych pojazd\u00f3w.</p>", "link": "https://www.bankier.pl/wiadomosc/Rzym-bierze-sie-na-hulajnogi-elektryczne-i-drastycznie-ograniczy-ich-liczbe-8517941.html?utm_source=RSS&utm_medium=RSS&utm_campaign=Wiadomosci", "date_published": "2023-04-09 14:00:00+00:00", "persistent": false, "user": null, "language": "pl-PL"}, {"source": "https://www.bankier.pl/rss/wiadomosci.xml", "title": "Partie dogada\u0142y si\u0119 i Estonia b\u0119dzie mie\u0107 nowy rz\u0105d. Cen\u0105 s\u0105 wy\u017csze podatki", "description": "<p><img align=\"left\" alt=\"\" class=\"webfeedsFeaturedVisual\" height=\"560\" src=\"http://galeria.bankier.pl/p/2/2/f2eb7650d107f0-948-568-0-337-3852-2311.jpg\" style=\"display: block; margin-bottom: 5px; clear: both;\" width=\"945\" />Negocjuj\u0105ce nowy rz\u0105d Estonii ugrupowania, Esto\u0144ska Partia Reform, Eesti 200 i Partia Socjaldemokratyczna, zawar\u0142y umow\u0119 koalicyjn\u0105, w ramach kt\u00f3rej przewidziane jest m.in. podniesienie podatk\u00f3w VAT i dochodowego oraz pog\u0142\u0119bienie wsp\u00f3\u0142pracy regionalnej.</p>", "link": "https://www.bankier.pl/wiadomosc/Partie-dogadaly-sie-i-Estonia-bedzie-miec-nowy-rzad-Cena-sa-wyzsze-podatki-8520323.html?utm_source=RSS&utm_medium=RSS&utm_campaign=Wiadomosci", "date_published": "2023-04-09 13:11:00+00:00", "persistent": false, "user": null, "language": "pl-PL"}, {"source": "https://www.bankier.pl/rss/wiadomosci.xml", "title": "Do 172 razy sztuka - hiszpa\u0144ski rekordzista zatrzyma\u0144. Przest\u0119pca ma na koncie kradzie\u017ce milion\u00f3w euro", "description": "<p><img align=\"left\" alt=\"\" class=\"webfeedsFeaturedVisual\" height=\"560\" src=\"http://galeria.bankier.pl/p/6/0/507f296fdbfd57-948-568-0-340-4000-2399.jpg\" style=\"display: block; margin-bottom: 5px; clear: both;\" width=\"945\" />Hiszpa\u0144ska policja rozbi\u0142a jedn\u0105 z najgro\u017aniejszych grup przest\u0119pczych okradaj\u0105cych bankomaty oraz oddzia\u0142y bankowe. Jej przyw\u00f3dc\u0105 by\u0142 rekordzista pod wzgl\u0119dem zatrzyma\u0144 \u2013 Jose Lopez Sanchez. Jak twierdz\u0105 s\u0142u\u017cby, m\u0119\u017cczyzna \u201cprzez ca\u0142e \u017cycie utrzymywa\u0142 si\u0119 z kradzie\u017cy\u201d i zosta\u0142 zatrzymany po raz 172.</p>", "link": "https://www.bankier.pl/wiadomosc/Do-172-razy-sztuka-hiszpanski-rekordzista-zatrzyman-Przestepca-ma-na-koncie-kradzieze-milionow-euro-8517066.html?utm_source=RSS&utm_medium=RSS&utm_campaign=Wiadomosci", "date_published": "2023-04-09 13:00:00+00:00", "persistent": false, "user": null, "language": "pl-PL"}, {"source": "https://www.bankier.pl/rss/wiadomosci.xml", "title": "Coraz wi\u0119cej Polak\u00f3w pali. Eksperci apeluj\u0105 o wy\u017cszy podatek od wyrob\u00f3w tytoniowych i zakaz ich reklamy", "description": "<p><img align=\"left\" alt=\"\" class=\"webfeedsFeaturedVisual\" height=\"560\" src=\"http://galeria.bankier.pl/p/f/3/0ec358137e189d-948-568-0-253-3750-2249.jpg\" style=\"display: block; margin-bottom: 5px; clear: both;\" width=\"945\" />Blisko 29 proc. Polak\u00f3w pali papierosy codziennie. Wynik ten ma tendencj\u0119 zwy\u017ckow\u0105 wzgl\u0119dem lat poprzednich, dlatego eksperci z Polskiej Akademii Nauk apeluj\u0105 m.in. o zwi\u0119kszenie podatku od wyrob\u00f3w tytoniowych oraz eliminacj\u0119 ich reklamy i promocji.</p>", "link": "https://www.bankier.pl/wiadomosc/Coraz-wiecej-Polakow-pali-Eksperci-apeluja-o-wyzszy-podatek-od-wyrobow-tytoniowych-i-zakaz-ich-reklamy-8517837.html?utm_source=RSS&utm_medium=RSS&utm_campaign=Wiadomosci", "date_published": "2023-04-09 11:00:00+00:00", "persistent": false, "user": null, "language": "pl-PL"}, {"source": "https://www.bankier.pl/rss/wiadomosci.xml", "title": "Pokolenie Z wymusi liczne zmiany, te\u017c w bran\u017cy turystycznej. Sztuczna inteligencja u\u0142atwi\u0142aby planowanie podr\u00f3\u017cy", "description": "<p><img align=\"left\" alt=\"\" class=\"webfeedsFeaturedVisual\" height=\"560\" src=\"http://galeria.bankier.pl/p/6/1/30eadf79a5ba4a-948-568-0-800-4000-2399.jpg\" style=\"display: block; margin-bottom: 5px; clear: both;\" width=\"945\" />Turystyka wci\u0105\u017c jest bran\u017c\u0105 o\u00a0niskim poziomie cyfryzacji w\u00a0por\u00f3wnaniu z\u00a0innymi sektorami takimi jak telekomunikacja, finanse, bankowo\u015b\u0107 czy e-commerce. Przyczyn\u0105 takiego stanu rzeczy w\u00a0du\u017cej mierze mo\u017ce...</p>", "link": "https://www.bankier.pl/wiadomosc/Pokolenie-Z-wymusi-liczne-zmiany-tez-w-branzy-turystycznej-Sztuczna-inteligencja-ulatwilaby-planowanie-podrozy-8517962.html?utm_source=RSS&utm_medium=RSS&utm_campaign=Wiadomosci", "date_published": "2023-04-09 11:00:00+00:00", "persistent": false, "user": null, "language": "pl-PL"}, {"source": "https://www.bankier.pl/rss/wiadomosci.xml", "title": "Polacy ch\u0119tnie sp\u0119dzaj\u0105 Wielkanoc poza domem. Wzrost o 50 proc. rdr", "description": "<p><img align=\"left\" alt=\"\" class=\"webfeedsFeaturedVisual\" height=\"560\" src=\"http://galeria.bankier.pl/p/a/2/a5627f94a7f6c4-948-568-0-116-3327-1996.jpg\" style=\"display: block; margin-bottom: 5px; clear: both;\" width=\"945\" />Poza domem tegoroczn\u0105 Wielkanoc sp\u0119dzi o 51 proc. wi\u0119cej Polak\u00f3w ni\u017c w ubieg\u0142ym roku \u2013 wynika z danych portalu Nocowanie.pl. Jak poda\u0142, przyczyn\u0105 wzrostu by\u0142 ko\u0144cz\u0105cy si\u0119 bon turystyczny, kt\u00f3rym do ko\u0144ca marca mo\u017cna by\u0142o p\u0142aci\u0107 za us\u0142ugi hotelarskie.</p>", "link": "https://www.bankier.pl/wiadomosc/Polacy-chetnie-spedzaja-Wielkanoc-poza-domem-Wzrost-o-50-proc-rdr-8520299.html?utm_source=RSS&utm_medium=RSS&utm_campaign=Wiadomosci", "date_published": "2023-04-09 10:34:00+00:00", "persistent": false, "user": null, "language": "pl-PL"}, {"source": "https://www.bankier.pl/rss/wiadomosci.xml", "title": "Ukraina pozbywa si\u0119 starych oligarch\u00f3w, ale obawia si\u0119 nowych. Odbudowie kraju mo\u017ce przeszkodzi\u0107 kleptokracja", "description": "<p><img align=\"left\" alt=\"\" class=\"webfeedsFeaturedVisual\" height=\"560\" src=\"http://galeria.bankier.pl/p/1/4/3f6dcbbbc8e958-948-568-0-180-4000-2399.jpg\" style=\"display: block; margin-bottom: 5px; clear: both;\" width=\"945\" />Ukraina pozbywa si\u0119 dawnych oligarch\u00f3w, a jednocze\u015bnie obawia si\u0119 nowych. Finansowanie odbudowy kraju po zako\u0144czeniu wojny b\u0119dzie zale\u017ca\u0142o od post\u0119p\u00f3w w wykorzenianiu korupcji i postsowieckiej kleptokracji - napisa\u0142a w czwartek agencja Bloomberg.</p>", "link": "https://www.bankier.pl/wiadomosc/Ukraina-pozbywa-sie-starych-oligarchow-ale-obawia-sie-nowych-Odbudowie-kraju-moze-przeszkodzic-kleptokracja-8518883.html?utm_source=RSS&utm_medium=RSS&utm_campaign=Wiadomosci", "date_published": "2023-04-09 09:00:00+00:00", "persistent": false, "user": null, "language": "pl-PL"}, {"source": "https://www.bankier.pl/rss/wiadomosci.xml", "title": "Warszawa w europejskiej czo\u0142\u00f3wce miast z najwi\u0119ksz\u0105 liczb\u0105 wie\u017cowc\u00f3w", "description": "<p><img align=\"left\" alt=\"\" class=\"webfeedsFeaturedVisual\" height=\"560\" src=\"http://galeria.bankier.pl/p/5/0/d3959e3690e3ce-948-568-0-338-3982-2389.jpg\" style=\"display: block; margin-bottom: 5px; clear: both;\" width=\"945\" />W Warszawie w 2022 r. oddano do u\u017cytku o prawie 30 proc. mniej powierzchni biurowych ni\u017c w rekordowym 2021 r. - podano w raporcie firmy doradczej Deloitte. 27 biurowc\u00f3w w stolicy ma ponad 100 m wysoko\u015bci, co plasuje j\u0105 w europejskiej czo\u0142\u00f3wce miast z najwi\u0119ksz\u0105 liczb\u0105 wie\u017cowc\u00f3w - dodano.</p>", "link": "https://www.bankier.pl/wiadomosc/Warszawa-w-europejskiej-czolowce-miast-z-najwieksza-liczba-wiezowcow-8517369.html?utm_source=RSS&utm_medium=RSS&utm_campaign=Wiadomosci", "date_published": "2023-04-09 08:00:00+00:00", "persistent": false, "user": null, "language": "pl-PL"}, {"source": "https://www.bankier.pl/rss/wiadomosci.xml", "title": "Id\u0105 zmiany w budowlance. \u017b\u00f3\u0142ta kartka od nadzoru ma by\u0107 u\u0142atwieniem dla inwestora", "description": "<p><img align=\"left\" alt=\"\" class=\"webfeedsFeaturedVisual\" height=\"560\" src=\"http://galeria.bankier.pl/p/7/5/fe90881286926d-948-568-0-50-2506-1503.jpg\" style=\"display: block; margin-bottom: 5px; clear: both;\" width=\"945\" />Rz\u0105d wraca do pomys\u0142u \u017c\u00f3\u0142tej kartki w prawie budowlanym. Otrzyma j\u0105 inwestor, kt\u00f3ry dopu\u015bci si\u0119 istotnego odst\u0105pienia od projektu lub przepis\u00f3w. Inspektor nadzoru budowalnego nie b\u0119dzie wtedy wstrzymywa\u0107 budowy, tylko pouczy inwestora. Dopiero gdy ten zlekcewa\u017cy zalecenia, nadz\u00f3r zastosuje ostrzejsze \u015brodki - czytamy na \u0142amach Prawo.pl.</p>", "link": "https://www.bankier.pl/wiadomosc/Ida-zmiany-w-budowlance-Zolta-kartka-od-nadzoru-ma-byc-ulatwieniem-dla-inwestora-8519051.html?utm_source=RSS&utm_medium=RSS&utm_campaign=Wiadomosci", "date_published": "2023-04-09 07:00:00+00:00", "persistent": false, "user": null, "language": "pl-PL"}, {"source": "https://www.bankier.pl/rss/wiadomosci.xml", "title": "Polacy kochaj\u0105 w\u0142asne nieruchomo\u015bci. Ale nie ma si\u0119 z czego cieszy\u0107", "description": "<p><img align=\"left\" alt=\"\" class=\"webfeedsFeaturedVisual\" height=\"560\" src=\"http://galeria.bankier.pl/p/5/5/6c792ce68dffbd-948-568-0-0-1773-1064.jpg\" style=\"display: block; margin-bottom: 5px; clear: both;\" width=\"945\" />Polska ma jeden z najwi\u0119kszych w Europie i wi\u0119kszy ni\u017c \u015brednia unijna odsetek w\u0142asno\u015bci mieszka\u0144 i dom\u00f3w - wskaza\u0142 Polski Instytut Ekonomiczny. Analitycy PIE zwr\u00f3cili uwag\u0119 na du\u017cy udzia\u0142 mieszka\u0144 wybudowanych do lat 90. oraz wysoki odsetek ludzi m\u0142odych mieszkaj\u0105cych z rodzicami.</p>", "link": "https://www.bankier.pl/wiadomosc/Polacy-kochaja-wlasne-nieruchomosci-Ale-nie-ma-sie-z-czego-cieszyc-8520243.html?utm_source=RSS&utm_medium=RSS&utm_campaign=Wiadomosci", "date_published": "2023-04-09 05:46:00+00:00", "persistent": false, "user": null, "language": "pl-PL"}, {"source": "https://www.bankier.pl/rss/wiadomosci.xml", "title": "Avada kedavra Netflixie. Czyli HBO wraca z Harrym Potterem", "description": "<p><img align=\"left\" alt=\"\" class=\"webfeedsFeaturedVisual\" height=\"560\" src=\"http://galeria.bankier.pl/p/a/3/bb350ec7144d2f-948-568-24-367-3239-1943.jpg\" style=\"display: block; margin-bottom: 5px; clear: both;\" width=\"945\" />Czarodziej w okularach z charakterystyczn\u0105 blizn\u0105 na czole przykryt\u0105 niesforn\u0105 grzywk\u0105 sta\u0142 si\u0119 symbolem. Ten, kt\u00f3rego imienia nie trzeba nawet wymawia\u0107, by by\u0142o wiadomo, o kogo chodzi powr\u00f3ci do telewizji dzi\u0119ki Warner Bros., grupy do kt\u00f3rej nale\u017cy HBO. Finalizowane s\u0105 w\u0142a\u015bnie rozmowy z tw\u00f3rczyni\u0105 Harry'ego Pottera J.K. Rowling.\u00a0</p>", "link": "https://www.bankier.pl/wiadomosc/Avada-kedavra-Netflixie-Czyli-HBO-wraca-z-Harrym-Potterem-8519773.html?utm_source=RSS&utm_medium=RSS&utm_campaign=Wiadomosci", "date_published": "2023-04-09 05:00:00+00:00", "persistent": false, "user": null, "language": "pl-PL"}, {"source": "https://www.bankier.pl/rss/wiadomosci.xml", "title": "Nie dawaj ksi\u0119dzu pieni\u0119dzy do r\u0119ki. Nie b\u0119dziesz m\u00f3g\u0142 odliczy\u0107 darowizny w PIT", "description": "<p><img align=\"left\" alt=\"\" class=\"webfeedsFeaturedVisual\" height=\"560\" src=\"http://galeria.bankier.pl/p/e/a/dd08b257285f21-945-567-0-135-1275-765.jpg\" style=\"display: block; margin-bottom: 5px; clear: both;\" width=\"945\" />Podatnicy\n maj\u0105 mo\u017cliwo\u015b\u0107 odliczenia darowizny - tak\u017ce na ko\u015bci\u00f3\u0142 - od podatku. Warto zadba\u0107 o to, aby \nprzekaza\u0107 je we w\u0142a\u015bciwy spos\u00f3b i zmniejszy\u0107 podatek do zap\u0142aty. \nDlaczego nie op\u0142aca si\u0119 wk\u0142ada\u0107 pieni\u0119dzy do koperty w trakcie kol\u0119dy \nczy przekazywa\u0107 got\u00f3wki? Wyja\u015bniamy.</p>", "link": "https://www.bankier.pl/wiadomosc/Darowizna-pieniezna-przekazana-na-rachunek-bankowy-podlega-odliczeniu-w-PIT-8519781.html?utm_source=RSS&utm_medium=RSS&utm_campaign=Wiadomosci", "date_published": "2023-04-09 05:00:00+00:00", "persistent": false, "user": null, "language": "pl-PL"}, {"source": "https://www.bankier.pl/rss/wiadomosci.xml", "title": "Oto 10 najdro\u017cszych jaj Faberg\u00e9. Cudowne, a ceny jeszcze pi\u0119kniejsze", "description": "<p><img align=\"left\" alt=\"\" class=\"webfeedsFeaturedVisual\" height=\"560\" src=\"http://galeria.bankier.pl/p/a/6/cc757cfcf7c82b-948-568-0-48-1773-1063.jpg\" style=\"display: block; margin-bottom: 5px; clear: both;\" width=\"945\" />Wielkanocne jaja\u00a0Faberg\u00e9\u00a0rozpalaj\u0105 wyobra\u017ani\u0119 wielu mi\u0142o\u015bnik\u00f3w b\u0142yskotek. Uwa\u017cane za arcydzie\u0142a sztuki jubilerskiej, wykonane z najcenniejszych materia\u0142\u00f3w, niejednokrotnie pomimo burzliwej historii - zachwycaj\u0105 do dzi\u015b. Na ile wycenia si\u0119 najcenniejsze okazy? Kwoty id\u0105 w grube miliony dolar\u00f3w...</p>", "link": "https://www.bankier.pl/wiadomosc/Najdrozsze-pisanki-swiata-Jaja-Faberge-warte-miliony-8517591.html?utm_source=RSS&utm_medium=RSS&utm_campaign=Wiadomosci", "date_published": "2023-04-09 05:00:00+00:00", "persistent": false, "user": null, "language": "pl-PL"}, {"source": "https://www.bankier.pl/rss/wiadomosci.xml", "title": "Potrzebni informatycy i marketingowcy. Najlepiej odporni na stres", "description": "<p><img align=\"left\" alt=\"\" class=\"webfeedsFeaturedVisual\" height=\"560\" src=\"http://galeria.bankier.pl/p/6/a/26c4584e6addae-948-568-0-0-3311-1987.jpg\" style=\"display: block; margin-bottom: 5px; clear: both;\" width=\"945\" />Ponad 70 proc. polskich pracodawc\u00f3w\nma problem z zatrudnieniem pracownik\u00f3w z niezb\u0119dnymi umiej\u0119tno\u015bciami.\nNajtrudniej znale\u017a\u0107 kandydat\u00f3w z obszaru IT i analizy danych, a tak\u017ce sprzeda\u017cy\ni marketingu \u2013 wynika z najnowszego raportu ManpowerGroup \u201eNiedob\u00f3r talent\u00f3w\u201d.</p>", "link": "https://www.bankier.pl/wiadomosc/Potrzebni-informatycy-i-marketingowcy-Najlepiej-odporni-na-stres-8519930.html?utm_source=RSS&utm_medium=RSS&utm_campaign=Wiadomosci", "date_published": "2023-04-09 05:00:00+00:00", "persistent": false, "user": null, "language": "pl-PL"}, {"source": "https://www.bankier.pl/rss/wiadomosci.xml", "title": "Rosn\u0105ca popularno\u015b\u0107 \"elektryk\u00f3w\" podbije ceny OC. Na co mog\u0105 liczy\u0107 posiadacze takich aut w ramach ubezpieczenia?", "description": "<p><img align=\"left\" alt=\"\" class=\"webfeedsFeaturedVisual\" height=\"560\" src=\"http://galeria.bankier.pl/p/a/d/2929d57a7fa35a-948-568-0-270-4000-2399.jpg\" style=\"display: block; margin-bottom: 5px; clear: both;\" width=\"945\" />Wzrost\npopularno\u015bci samochod\u00f3w elektrycznych motywuje ubezpieczycieli do modyfikacji oferty\nAC i assistance. Ciekawe zmiany mo\u017cna zaobserwowa\u0107 r\u00f3wnie\u017c w Polsce. </p>", "link": "https://www.bankier.pl/wiadomosc/Rosnaca-popularnosc-elektrykow-podbije-ceny-OC-Na-co-moga-liczyc-posiadacze-takich-aut-w-ramach-ubezpieczenia-8514740.html?utm_source=RSS&utm_medium=RSS&utm_campaign=Wiadomosci", "date_published": "2023-04-09 05:00:00+00:00", "persistent": false, "user": null, "language": "pl-PL"}, {"source": "https://www.bankier.pl/rss/wiadomosci.xml", "title": "Izrael i Syria dokona\u0142y atak\u00f3w rakietowych", "description": "<p><img align=\"left\" alt=\"\" class=\"webfeedsFeaturedVisual\" height=\"560\" src=\"http://galeria.bankier.pl/p/9/e/1f614cadd0422a-948-569-0-228-1576-946.jpg\" style=\"display: block; margin-bottom: 5px; clear: both;\" width=\"945\" />Izraelski rzecznik wojskowy poinformowa\u0142 w nocy z soboty na niedziel\u0119, \u017ce z Syrii wystrzelono 3 rakiety w kierunku Izraela, z kt\u00f3rych tylko jedna zdo\u0142a\u0142a osi\u0105gn\u0105\u0107 terytorium izraelskie. Atak, rzadki z tego kierunku, nast\u0105pi\u0142 po serii akt\u00f3w przemocy w Jerozolimie, Tel Awiwie i w rejonie Strefy Gazy.</p>", "link": "https://www.bankier.pl/wiadomosc/Izrael-i-Syria-dokonaly-atakow-rakietowych-8520221.html?utm_source=RSS&utm_medium=RSS&utm_campaign=Wiadomosci", "date_published": "2023-04-09 00:19:00+00:00", "persistent": false, "user": null, "language": "pl-PL"}]