[{"source": "https://www.polsatnews.pl/rss/swiat.xml", "title": "USA: Nauczyciele my\u015bleli, \u017ce si\u0119 bawi. Pi\u0119ciolatek zmar\u0142", "description": "Pi\u0119ciolatek z Connecticut upad\u0142 na ziemi\u0119 podczas przerwy w szkole. Nauczyciele, kt\u00f3rzy my\u015bleli, \u017ce ch\u0142opiec bawi si\u0119 i udaje martwego, nie udzielili mu pomocy. Jak si\u0119 okaza\u0142o, ch\u0142opiec nie \u017cy\u0142. Rodzina w sprawie \u015bmierci z\u0142o\u017cy\u0142a pozew s\u0105dowy, oskar\u017caj\u0105c miasto i szko\u0142\u0119 o zaniedbanie.", "link": "https://www.polsatnews.pl/wiadomosc/2023-04-09/usa-nauczyciele-mysleli-ze-sie-bawi-pieciolatek-zmarl/", "date_published": "2023-04-09 19:29:00+00:00", "persistent": false, "user": null, "language": "pl-PL"}, {"source": "https://www.polsatnews.pl/rss/swiat.xml", "title": "RPA: Sfingowa\u0142 swoj\u0105 \u015bmier\u0107 i uciek\u0142 z wi\u0119zienia. Rok by\u0142 na wolno\u015bci", "description": "Gwa\u0142ciciel i morderca, kt\u00f3ry sfingowa\u0142 w\u0142asn\u0105 \u015bmier\u0107 i uciek\u0142 z po\u0142udniowoafryka\u0144skiego wi\u0119zienia zosta\u0142 zatrzymany w Tanzanii - poda\u0142 portal BBC. Thabo Bester, znany jako Facebookowy gwa\u0142ciciel, na wolno\u015bci przebywa\u0142 rok.", "link": "https://www.polsatnews.pl/wiadomosc/2023-04-09/rpa-sfingowal-swoja-smierc-i-uciekl-z-wiezienia-rok-byl-na-wolnosci/", "date_published": "2023-04-09 18:37:00+00:00", "persistent": false, "user": null, "language": "pl-PL"}, {"source": "https://www.polsatnews.pl/rss/swiat.xml", "title": "Francja: Tragedia w Alpach. Lawina porwa\u0142a turyst\u00f3w", "description": "Cztery osoby zgin\u0119\u0142y, a dziewi\u0119\u0107 innych zosta\u0142o rannych po zej\u015bciu lawiny we francuskich Alpach. To\u017csamo\u015b\u0107 ofiar wci\u0105\u017c jest potwierdzana - ze wst\u0119pnych ustale\u0144 wynika, \u017ce grupa uprawia\u0142a tzw. narciarstwo \u015bladowe. Do tragedii odni\u00f3s\u0142 si\u0119 prezydent Francji Emmanuel Macron.", "link": "https://www.polsatnews.pl/wiadomosc/2023-04-09/francja-tragedia-w-alpach-lawina-porwala-turystow/", "date_published": "2023-04-09 18:07:00+00:00", "persistent": false, "user": null, "language": "pl-PL"}, {"source": "https://www.polsatnews.pl/rss/swiat.xml", "title": "USA: Nauczyciel kaza\u0142 pisa\u0107 uczniom w\u0142asne nekrologi. Zosta\u0142 zwolniony po kilku godzinach", "description": "Dla uczni\u00f3w jednej ze szk\u00f3\u0142 \u015brednich w Orlando zorganizowano \u0107wiczenia na wypadek strzelaniny. Sytuacj\u0119 postanowi\u0142 wykorzysta\u0107 nauczyciel psychologii Jeffrey Keene, kt\u00f3ry poleci\u0142 nastolatkom, by ci napisali swoje w\u0142asne nekrologii. Dyrekcja zareagowa\u0142a natychmiast i zwolni\u0142a m\u0119\u017cczyzn\u0119 kilka godzin p\u00f3\u017aniej. Keene rozmowie z mediami twierdzi, \u017ce nie zrobi\u0142 nic z\u0142ego.", "link": "https://www.polsatnews.pl/wiadomosc/2023-04-09/usa-nauczyciel-kazal-pisac-uczniom-wlasne-nekrologi-zostal-zwolniony-po-kilku-godzinach/", "date_published": "2023-04-09 15:36:00+00:00", "persistent": false, "user": null, "language": "pl-PL"}, {"source": "https://www.polsatnews.pl/rss/swiat.xml", "title": "Ukraina. Wo\u0142odymyr Ze\u0142enski dzi\u0119kuje Polakom. Pokaza\u0142 nagranie: Krok ku zwyci\u0119stwu", "description": "Moja wizyta i negocjacje w Warszawie sta\u0142y si\u0119 jeszcze jednym krokiem ku zwyci\u0119stwu - napisa\u0142 na Telegramie Wo\u0142odymyr Ze\u0142enski. Prezydent Ukrainy opublikowa\u0142 nagranie ze swojej wizyty w Polsce. Dzi\u0119kuj\u0119 za uzgodnione decyzje, za silny pakiet obronny. Dzi\u0119kuj\u0119 za \u017cycia, kt\u00f3re ratujemy dzi\u0119ki naszej solidarno\u015bci - podkre\u015bli\u0142.", "link": "https://www.polsatnews.pl/wiadomosc/2023-04-09/zelenski-dziekuje-pokazal-nagranie-z-polski-krok-ku-zwyciestwu/", "date_published": "2023-04-09 15:25:00+00:00", "persistent": false, "user": null, "language": "pl-PL"}, {"source": "https://www.polsatnews.pl/rss/swiat.xml", "title": "Rosja: Pogrzeb Tatarskiego w Moskwie. Ochrona, \"tajemnicza kobieta\" i Jewgienij Prigo\u017cyn", "description": "Tajemnicza kobieta w otoczeniu uzbrojonych ochroniarzy pojawi\u0142a si\u0119 na pogrzebie rosyjskiego blogera wojennego W\u0142adlena Tatarskiego - donosz\u0105 rosyjskie media. Podczas ceremonii po\u017cegnania podj\u0119to niezb\u0119dne \u015brodki ostro\u017cno\u015bci, by zminimalizowa\u0107 ryzyko ataku terrorystycznego - poda\u0142 jeden z portali. Zmar\u0142ego przyszed\u0142 po\u017cegna\u0107 r\u00f3wnie\u017c szef Grupy Wagnera Jewgienij Prigo\u017cyn.", "link": "https://www.polsatnews.pl/wiadomosc/2023-04-09/rosja-pogrzeb-tatarskiego-w-moskwie-ochrona-tajemnicza-kobieta-i-jewgienij-prigozyn/", "date_published": "2023-04-09 15:02:00+00:00", "persistent": false, "user": null, "language": "pl-PL"}, {"source": "https://www.polsatnews.pl/rss/swiat.xml", "title": "USA: Ucze\u0144 uderzy\u0142 nauczyciela, bo skonfiskowa\u0142 mu telefon. \"Widzimy zbyt wiele takich sytuacji\"", "description": "Nastolatek z Houston uderzy\u0142 nauczyciela w twarz po tym, jak skonfiskowano mu telefon kom\u00f3rkowy. W mediach spo\u0142eczno\u015bciowych zamieszczono nagranie ze zdarzenia.", "link": "https://www.polsatnews.pl/wiadomosc/2023-04-09/usa-uczen-uderzyl-nauczyciela-bo-skonfiskowal-mu-telefon-widzimy-zbyt-wiele-takich-sytuacji/", "date_published": "2023-04-09 11:40:00+00:00", "persistent": false, "user": null, "language": "pl-PL"}, {"source": "https://www.polsatnews.pl/rss/swiat.xml", "title": "Francja: Katastrofa budowlana w Marsylii. Trudna akcja", "description": "Czteropi\u0119trowy budynek mieszkalny zawali\u0142 si\u0119 w nocy z soboty na niedziel\u0119 w centrum Marsylii. Rozpocz\u0119cie akcji s\u0142u\u017cb ratunkowych uniemo\u017cliwi\u0142 po\u017car - poinformowa\u0142 burmistrz Benoit Payan. Cz\u0119\u015bciowo zawali\u0142y si\u0119 tak\u017ce s\u0105siednie budynki. Na miejsce katastrofy przyby\u0142 szef MSW Francji Gerald Darmanin, kt\u00f3ry przekaza\u0142, \u017ce pod gruzami jest od czterech do 10 os\u00f3b.", "link": "https://www.polsatnews.pl/wiadomosc/2023-04-09/francja-katastrofa-budowlana-w-marsylii-trudna-akcja/", "date_published": "2023-04-09 11:03:00+00:00", "persistent": false, "user": null, "language": "pl-PL"}, {"source": "https://www.polsatnews.pl/rss/swiat.xml", "title": "Urbi et Orbi. Papie\u017c modli\u0142 si\u0119 o pok\u00f3j dla Ukrainy", "description": "W Wielkanoc Franciszek udzieli\u0142 b\u0142ogos\u0142awie\u0144stwa Urbi et Orbi. Wcze\u015bniej wyg\u0142osi\u0142 or\u0119dzie, w kt\u00f3rym wzywa\u0142 do zako\u0144czenia wojny w Ukrainie. - Pom\u00f3\u017c umi\u0142owanemu narodowi ukrai\u0144skiemu na drodze do pokoju, a nar\u00f3d rosyjski obdarz \u015bwiat\u0142em paschalnym - modli\u0142 si\u0119 papie\u017c.", "link": "https://www.polsatnews.pl/wiadomosc/2023-04-09/urbi-et-orbi-papiez-modlil-sie-o-pokoj-dla-ukrainy/", "date_published": "2023-04-09 11:03:00+00:00", "persistent": false, "user": null, "language": "pl-PL"}, {"source": "https://www.polsatnews.pl/rss/swiat.xml", "title": "Hamburg: Po\u017car magazynu. Chmura toksycznego dymu przemieszcza si\u0119 w stron\u0119 centrum miasta", "description": "Stra\u017c po\u017carna w Hamburgu ostrzega mieszka\u0144c\u00f3w przed toksycznym dymem po du\u017cym po\u017carze w dzielnicy Rothenburgsort.", "link": "https://www.polsatnews.pl/wiadomosc/2023-04-09/hamburg-pozar-magazynu-chmura-toksycznego-dymu-przemieszcza-sie-w-strone-centrum-miasta/", "date_published": "2023-04-09 09:46:00+00:00", "persistent": false, "user": null, "language": "pl-PL"}, {"source": "https://www.polsatnews.pl/rss/swiat.xml", "title": "\u015awi\u0119ta w czasie wojny. \"Najwa\u017cniejsze, \u017ce kto\u015b o ludziach z Ukrainy pami\u0119ta\"", "description": "- Staramy si\u0119 w spos\u00f3b bezpieczny prze\u017cywa\u0107 te \u015bwi\u0119ta. To ju\u017c trzecie \u015bwi\u0119ta w cieniu dramatu tej wojny - m\u00f3wi przebywaj\u0105cy w Charkowie ks. Wojciech Stasiewicz. - W tej pomocy humanitarnej najwa\u017cniejsze jest to, \u017ce kto\u015b o tych ludziach pami\u0119ta - dodaje. - Sytuacja jest naprawd\u0119 trudna. Pomoc z Polski ci\u0105gle p\u0142ynie i ona jest bardzo potrzebna na miejscu - podkre\u015bla z kolei ks. Leszek Kry\u017ca.", "link": "https://www.polsatnews.pl/wiadomosc/2023-04-09/swieta-w-czasie-wojny-najwazniejsze-ze-ktos-o-ludziach-z-ukrainy-pamieta/", "date_published": "2023-04-09 09:28:00+00:00", "persistent": false, "user": null, "language": "pl-PL"}, {"source": "https://www.polsatnews.pl/rss/swiat.xml", "title": "W\u0142ochy: Pies rozszarpa\u0142 opiekuj\u0105c\u0105 si\u0119 nim kobiet\u0119", "description": "We W\u0142oszech kobieta zosta\u0142a rozszarpana i \u015bmiertelnie okaleczona przez psa swojego brata. Kobieta pr\u00f3bowa\u0142a nakarmi\u0107 zwierz\u0119.", "link": "https://www.polsatnews.pl/wiadomosc/2023-04-09/wlochy-pies-rozszarpal-kobiete/", "date_published": "2023-04-09 07:39:00+00:00", "persistent": false, "user": null, "language": "pl-PL"}, {"source": "https://www.polsatnews.pl/rss/swiat.xml", "title": "Izrael: Atak rakietowy z terytorium Syrii. Jest odpowied\u017a izraelskiego lotnictwa", "description": "Izraelski rzecznik wojskowy poinformowa\u0142 w nocy z soboty na niedziel\u0119, \u017ce z Syrii wystrzelono rakiety w kierunku Izraela. W odpowiedzi izraelskie lotnictwo zaatakowa\u0142o w niedziel\u0119 cele wojskowe w Syrii.", "link": "https://www.polsatnews.pl/wiadomosc/2023-04-09/izrael-atak-rakietowy-z-terytorium-syrii-jest-odpowiedz/", "date_published": "2023-04-09 05:29:00+00:00", "persistent": false, "user": null, "language": "pl-PL"}]