[{"source": "https://www.cnbc.com/id/100727362/device/rss/rss.html", "title": "Russian travelers say they fear one question: \u2018Where are you from?\u2019", "description": "CNBC Travel spoke with Russians about how traveling has changed for them \u2014 including how they've been treated \u2014 since the outbreak of the war in Ukraine.", "link": "https://www.cnbc.com/2023/04/10/russians-talk-about-how-travel-changed-after-the-ukraine-invasion.html", "date_published": "2023-04-09 22:54:01+00:00", "persistent": false, "user": null, "language": "en-US"}, {"source": "https://www.cnbc.com/id/100727362/device/rss/rss.html", "title": "Tesla to open a new Megafactory in Shanghai, China, company says", "description": "Tesla will open a new Megafactory in Shanghai, China, that is capable of producing 10,000 Megapacks a year.", "link": "https://www.cnbc.com/2023/04/09/tesla-to-open-a-new-megafactory-in-shanghai-china-company-says.html", "date_published": "2023-04-09 18:19:51+00:00", "persistent": false, "user": null, "language": "en-US"}, {"source": "https://www.cnbc.com/id/100727362/device/rss/rss.html", "title": "The top 3 countries where it\u2019s easy to settle into a new life abroad, according to expats", "description": "Expats who've moved abroad rate how easy it is to settle in based on digital infrastructure, housing, access to administrative agencies and more.", "link": "https://www.cnbc.com/2023/04/09/top-places-to-start-a-new-life-abroad-according-to-expats.html", "date_published": "2023-04-09 14:00:02+00:00", "persistent": false, "user": null, "language": "en-US"}]