[{"source": "https://www.youtube.com/feeds/videos.xml?channel_id=UCnQC_G5Xsjhp9fEJKuIcrSw", "title": "Man Enters Women Powerlifting Comp \ud83d\udcaa\ud83c\udffb", "description": "Watch the member-only portion of my show on DailyWire+: bit.ly/3SUaXn3\n\nLIKE & SUBSCRIBE for new videos every day. https://www.youtube.com/@BenShapiro?sub_confirmation=1\n\nStop giving your money to woke corporations that hate you. Get your Jeremy's Razors today at https://bit.ly/3IfCVEI\n\nGrab your Ben Shapiro merch here: https://bit.ly/3IgkGig\n\n#shorts #BenShapiro #TheBenShapiroShow #News #Politics #DailyWire #shortsfeed #shortsnews #lgbtq #gender #powerlifting #pride #trans #reaction", "link": "https://www.youtube.com/watch?v=YfOlMz9_yB0", "date_published": "2023-04-09 23:45:03+00:00", "persistent": false, "user": null, "language": "en-US"}, {"source": "https://www.youtube.com/feeds/videos.xml?channel_id=UCnQC_G5Xsjhp9fEJKuIcrSw", "title": "Ben & Russell Brand Uncover Shocking Biblical Truths", "description": "Ben Shapiro sits down with actor, comedian, and cultural thought leader, Russell Brand, to discuss the state of our culture today. They also analyze what the Bible says about slavery and the contrasts between Christian and Judeo beliefs. \n\nWatch the full version of The Search on DailyWire+: https://tinyurl.com/458jcdt5\n\nLIKE & SUBSCRIBE for new videos every day. https://www.youtube.com/@BenShapiro?sub_confirmation=1\n\nStop giving your money to woke corporations that hate you. Get your Jeremy's Razors today at https://bit.ly/3IfCVEI\n\nGrab your Ben Shapiro merch here: https://bit.ly/3IgkGig\n\n#BenShapiro #TheBenShapiroShow #News #Politics #DailyWire #russelbrand #christianity #religion #theology #christian #bible #bibleexplained", "link": "https://www.youtube.com/watch?v=imgI08FJwX8", "date_published": "2023-04-09 13:00:35+00:00", "persistent": false, "user": null, "language": "en-US"}]