[{"source": "http://www.pcgamer.com/rss", "title": "Get ready for a culinary throwdown when Cook Serve Forever launches in May", "description": "A new trailer shows off the story and gives Cook Serve Forever an early access launch date.", "link": "https://www.pcgamer.com/get-ready-for-a-culinary-throwdown-when-cook-serve-forever-launches-in-may", "date_published": "2023-04-09 20:40:43+00:00", "persistent": false, "user": null, "language": "en-US"}, {"source": "http://www.pcgamer.com/rss", "title": "Here's the final gameplay trailer for Star Wars Jedi: Survivor", "description": "Plus, a breakdown from Respawn's Stig Asmussen on Survivor's last trailer.", "link": "https://www.pcgamer.com/heres-the-final-gameplay-trailer-for-star-wars-jedi-survivor", "date_published": "2023-04-09 18:35:31+00:00", "persistent": false, "user": null, "language": "en-US"}, {"source": "http://www.pcgamer.com/rss", "title": "Tekken 8 will have cross-play, a series first", "description": "It'll also have rollback netcode.", "link": "https://www.pcgamer.com/tekken-8-will-have-cross-play-a-series-first", "date_published": "2023-04-09 17:23:44+00:00", "persistent": false, "user": null, "language": "en-US"}, {"source": "http://www.pcgamer.com/rss", "title": "Wordle hint and answer #659: Sunday, April 9", "description": "Here's a Wordle hint to help you out and the full answer if you need it.", "link": "https://www.pcgamer.com/wordle-hint-answer-today-659-april-9", "date_published": "2023-04-09 04:07:44+00:00", "persistent": false, "user": null, "language": "en-US"}, {"source": "http://www.pcgamer.com/rss", "title": "This immersive sim will be set in a gas station that might also be Hell", "description": "Survival Horror plus Immersive Sim equals Ad Infernum.", "link": "https://www.pcgamer.com/this-immersive-sim-will-be-set-in-a-gas-station-that-might-also-be-hell", "date_published": "2023-04-09 00:48:41+00:00", "persistent": false, "user": null, "language": "en-US"}]