[{"source": "https://feeds.a.dj.com/rss/RSSWorldNews.xml", "title": "Jon Rahm Rallies to Win the Masters", "description": "The Spaniard overtook Brooks Koepka to take the green jacket, while Phil Mickelson surged up the leaderboard on Sunday to finish tied for second.", "link": "https://www.wsj.com/articles/masters-2023-phil-mickelson-jon-rahm-brooks-koepka-d7770782", "date_published": "2023-04-09 23:24:00+00:00", "persistent": false, "user": null, "language": "en-US"}, {"source": "https://feeds.a.dj.com/rss/RSSWorldNews.xml", "title": "New Details on Intelligence Leak Show It Circulated for Weeks Before Raising Alarm", "description": "The FBI and Justice Department are searching for the source of what is shaping up to be one of the most damaging intelligence breaches in decades. The documents were first posted in January to a small group online on a messaging channel that trafficked in memes, jokes and racist talk.", "link": "https://www.wsj.com/articles/new-details-on-intelligence-leak-show-it-circulated-for-weeks-before-raising-alarm-7730a395", "date_published": "2023-04-09 23:16:00+00:00", "persistent": false, "user": null, "language": "en-US"}, {"source": "https://feeds.a.dj.com/rss/RSSWorldNews.xml", "title": "Here's the Math on How Super Commuters Make It Work", "description": "A new breed of commuter is going to great lengths\u2014and a lot of number-crunching\u2014to pull off living and working in far-apart places.", "link": "https://www.wsj.com/articles/heres-the-math-on-how-super-commuters-make-it-work-8b8babf0", "date_published": "2023-04-09 22:09:00+00:00", "persistent": false, "user": null, "language": "en-US"}, {"source": "https://feeds.a.dj.com/rss/RSSWorldNews.xml", "title": "Texas Governor Vows to Pardon Man Convicted of Killing BLM Protester", "description": "Daniel Perry was found guilty of murder for shooting Garrett Foster in 2020.", "link": "https://www.wsj.com/articles/texas-governor-vows-to-pardon-man-convicted-of-killing-blm-protester-c82d7134", "date_published": "2023-04-09 21:34:00+00:00", "persistent": false, "user": null, "language": "en-US"}, {"source": "https://feeds.a.dj.com/rss/RSSWorldNews.xml", "title": "A Legal Clash Over the Abortion Pill", "description": "Many on the right and left want courts to set national abortion policy again.", "link": "https://www.wsj.com/articles/a-legal-clash-over-the-abortion-pill-mifepristone-kacsmaryk-dobbs-courts-fda-rice-6ff2787e", "date_published": "2023-04-09 21:00:00+00:00", "persistent": false, "user": null, "language": "en-US"}, {"source": "https://feeds.a.dj.com/rss/RSSWorldNews.xml", "title": "Democrats for Defying Court Orders", "description": "Ron Wyden and Alexandria Ocasio-Cortez endorse law-breaking over an abortion drug.", "link": "https://www.wsj.com/articles/democrats-for-defying-court-orders-wyden-mifepristone-fda-texas-abortion-kacsmaryk-d8ee9973", "date_published": "2023-04-09 20:59:00+00:00", "persistent": false, "user": null, "language": "en-US"}, {"source": "https://feeds.a.dj.com/rss/RSSWorldNews.xml", "title": "Macron Blunders on Taiwan---and Ukraine", "description": "He weakens deterrence against Chinese aggression and undermines U.S. support for Europe.", "link": "https://www.wsj.com/articles/macron-blunders-on-taiwan-and-ukraine-france-asia-military-china-xi-jinping-military-support-303181c5", "date_published": "2023-04-09 20:57:00+00:00", "persistent": false, "user": null, "language": "en-US"}, {"source": "https://feeds.a.dj.com/rss/RSSWorldNews.xml", "title": "Oklahoma's McGirt Cleanup Continues", "description": "Is a Choctaw immune from Tulsa traffic cops? Ask the 10th Circuit.", "link": "https://www.wsj.com/articles/oklahoma-mcgirt-tribal-law-supreme-court-neil-gorsuch-richard-ray-roth-billy-lord-crime-victims-ef160680", "date_published": "2023-04-09 20:57:00+00:00", "persistent": false, "user": null, "language": "en-US"}, {"source": "https://feeds.a.dj.com/rss/RSSWorldNews.xml", "title": "A New Roster of Top Stock-Fund Managers", "description": "Winners\u2019 Circle: In a rough market, different names emerge among winning stock-pickers. But only 27 of 1,257 funds had 12-month gains.", "link": "https://www.wsj.com/articles/top-stock-fund-managers-14d3123", "date_published": "2023-04-09 20:04:00+00:00", "persistent": false, "user": null, "language": "en-US"}, {"source": "https://feeds.a.dj.com/rss/RSSWorldNews.xml", "title": "'The Super Mario Bros. Movie' Has Biggest Opening Weekend of 2023", "description": "The animated film racked up $146 million over three days, stomping competition in the U.S. box office.", "link": "https://www.wsj.com/articles/the-super-mario-bros-movie-has-biggest-opening-weekend-of-2023-3021c35c", "date_published": "2023-04-09 19:33:00+00:00", "persistent": false, "user": null, "language": "en-US"}, {"source": "https://feeds.a.dj.com/rss/RSSWorldNews.xml", "title": "Memories of and Thanks for the Print Edition", "description": "\u2018Our copy of the Long Island Press was delivered on bicycle by one Donald J. Trump.\u2019", "link": "https://www.wsj.com/articles/print-edition-paperboy-newspapers-trump-eisenhower-delivery-route-business-kids-7ba98c79", "date_published": "2023-04-09 19:32:00+00:00", "persistent": false, "user": null, "language": "en-US"}, {"source": "https://feeds.a.dj.com/rss/RSSWorldNews.xml", "title": "The Many Crises the Fed Was Made to Prevent", "description": "There have been 15 to 17 recessions and a couple of depressions since its inception.", "link": "https://www.wsj.com/articles/the-many-crises-the-fed-was-made-to-prevent-recesssion-depression-reserve-fdic-93e5c0de", "date_published": "2023-04-09 19:31:00+00:00", "persistent": false, "user": null, "language": "en-US"}, {"source": "https://feeds.a.dj.com/rss/RSSWorldNews.xml", "title": "Brandon Johnson, Chicago's Same-Old Mayor", "description": "\u2018Voters complained loudly about crime, then voted to stay the course.\u2019", "link": "https://www.wsj.com/articles/brandon-johnson-chicagos-same-old-mayor-election-crime-vallas-lightfoot-3910111", "date_published": "2023-04-09 19:30:00+00:00", "persistent": false, "user": null, "language": "en-US"}, {"source": "https://feeds.a.dj.com/rss/RSSWorldNews.xml", "title": "Joe Manchin Knew What He Was Voting For", "description": "But he is as skilled in Washington performance art as any of his colleagues.", "link": "https://www.wsj.com/articles/joe-manchin-ira-vote-and-the-mountain-valley-pipeline-infaltion-reduction-act-oil-2c90ec88", "date_published": "2023-04-09 19:28:00+00:00", "persistent": false, "user": null, "language": "en-US"}, {"source": "https://feeds.a.dj.com/rss/RSSWorldNews.xml", "title": "Biden Beating Trump on Oil Production", "description": "The current president's energy policies have thus far resulted in higher oil production than at any point in U.S. history.", "link": "https://www.wsj.com/articles/biden-beating-trump-on-oil-production-drilling-barrels-crude-green-policies-energy-9f37f14f", "date_published": "2023-04-09 19:27:00+00:00", "persistent": false, "user": null, "language": "en-US"}, {"source": "https://feeds.a.dj.com/rss/RSSWorldNews.xml", "title": "Why We Love College Sports", "description": "\u2018The appeal of college athletics is that universities compete against one another.\u2019", "link": "https://www.wsj.com/articles/why-we-love-college-sports-ncaa-tournament-march-madness-players-coaches-3368a1b2", "date_published": "2023-04-09 19:25:00+00:00", "persistent": false, "user": null, "language": "en-US"}, {"source": "https://feeds.a.dj.com/rss/RSSWorldNews.xml", "title": "Abortion-Pill Ruling Draws Muted Response from GOP", "description": "Republicans are wary of a political fight on abortion after a string of electoral defeats in several states.", "link": "https://www.wsj.com/articles/abortion-pill-ruling-draws-muted-response-from-gop-71bbdda9", "date_published": "2023-04-09 19:17:00+00:00", "persistent": false, "user": null, "language": "en-US"}, {"source": "https://feeds.a.dj.com/rss/RSSWorldNews.xml", "title": "The Fed's Climate Studies Are Full of Hot Air", "description": "One finds a correlation by\u00a0assigning equal weight to all countries, from China to tiny St. Vincent.", "link": "https://www.wsj.com/articles/the-feds-climate-studies-are-full-of-hot-air-environment-propaganda-activism-banking-crisis-recession-federal-reserve-c47492e7", "date_published": "2023-04-09 19:15:00+00:00", "persistent": false, "user": null, "language": "en-US"}, {"source": "https://feeds.a.dj.com/rss/RSSWorldNews.xml", "title": "Why FDR Limited FDIC Coverage", "description": "The objective was to protect depositors, not rich people and big companies.", "link": "https://www.wsj.com/articles/why-fdr-limited-fdic-coverage-silicon-valley-bank-deposit-insurance-risk-small-business-8cee7518", "date_published": "2023-04-09 19:14:00+00:00", "persistent": false, "user": null, "language": "en-US"}, {"source": "https://feeds.a.dj.com/rss/RSSWorldNews.xml", "title": "Education Freedom in North Carolina", "description": "State Rep. Tricia Cotham\u2019s switch to the Republican Party clears a path toward school choice.", "link": "https://www.wsj.com/articles/education-freedom-in-north-carolina-public-schools-democratic-party-switch-cotham-choice-universal-7b9a3a8", "date_published": "2023-04-09 19:12:00+00:00", "persistent": false, "user": null, "language": "en-US"}, {"source": "https://feeds.a.dj.com/rss/RSSWorldNews.xml", "title": "You Can't Throw the Bums Out if You've Voted With Your Feet", "description": "Brandon Johnson\u2019s victory in Chicago shows the city has lost the political base for sensible reforms.", "link": "https://www.wsj.com/articles/you-cant-throw-the-bums-out-if-youve-voted-with-your-feet-chicago-brandon-johnson-teachers-unions-db764440", "date_published": "2023-04-09 19:12:00+00:00", "persistent": false, "user": null, "language": "en-US"}, {"source": "https://feeds.a.dj.com/rss/RSSWorldNews.xml", "title": "More Death at Biden's Border", "description": "A fire that killed 38 migrants in Mexico reveals the spillover effects of bad policy.", "link": "https://www.wsj.com/articles/more-death-at-bidens-border-mexico-fire-amlo-asylum-human-trafficking-nicaragua-ortega-3f011f43", "date_published": "2023-04-09 19:07:00+00:00", "persistent": false, "user": null, "language": "en-US"}, {"source": "https://feeds.a.dj.com/rss/RSSWorldNews.xml", "title": "'The Peking Express' Review: Luxury Off the Rails", "description": "A train heist in early 1920s China set in motion a flurry of diplomatic exchanges and attempts to parley with the outlaws.", "link": "https://www.wsj.com/articles/the-peking-express-review-luxury-off-the-rails-8f26fc94", "date_published": "2023-04-09 19:05:00+00:00", "persistent": false, "user": null, "language": "en-US"}, {"source": "https://feeds.a.dj.com/rss/RSSWorldNews.xml", "title": "U.S. Soccer Star Mallory Swanson Injures Knee in Possible Blow to World Cup Hopes", "description": "The 24-year-old forward has been the top U.S. scorer this year. The Women\u2019s World Cup is 3\u00bd months away.", "link": "https://www.wsj.com/articles/mallory-swanson-knee-injury-us-womens-soccer-3e1bbb55", "date_published": "2023-04-09 17:48:00+00:00", "persistent": false, "user": null, "language": "en-US"}, {"source": "https://feeds.a.dj.com/rss/RSSWorldNews.xml", "title": "Turn Off the Fed Bubble Machine", "description": "Trying to ramp up aggregate demand serves no purpose if supply is constrained.", "link": "https://www.wsj.com/articles/turn-off-the-fed-bubble-machine-inflation-federal-funds-interest-rates-stimulus-regulation-keynes-supply-a90c462", "date_published": "2023-04-09 17:17:00+00:00", "persistent": false, "user": null, "language": "en-US"}, {"source": "https://feeds.a.dj.com/rss/RSSWorldNews.xml", "title": "A Biologist Explains Why Sex Is Binary", "description": "In an effort to confuse the issue, gender ideologues cite rare ambiguous \u2018intersex\u2019 cases.", "link": "https://www.wsj.com/articles/a-biologist-explains-why-sex-is-binary-gender-male-female-intersex-medical-supreme-court-ketanji-brown-jackson-lia-thomas-3d22237e", "date_published": "2023-04-09 17:15:00+00:00", "persistent": false, "user": null, "language": "en-US"}, {"source": "https://feeds.a.dj.com/rss/RSSWorldNews.xml", "title": "Pope Francis, in Easter Message, Calls for Peace in Ukraine", "description": "The pontiff followed his usual practice of not naming Russia as the aggressor but prayed for the wounded and bereaved and the return of prisoners on both sides.", "link": "https://www.wsj.com/articles/pope-francis-in-easter-message-calls-for-peace-in-ukraine-15f128fe", "date_published": "2023-04-09 16:58:00+00:00", "persistent": false, "user": null, "language": "en-US"}, {"source": "https://feeds.a.dj.com/rss/RSSWorldNews.xml", "title": "Saudi Arabia, Houthis Advance Toward Long-Term Cease-Fire in Yemen", "description": "Negotiators met to hammer out the final details of a long-term truce that could pave the way toward a lasting peace after eight years of war.", "link": "https://www.wsj.com/articles/saudi-arabia-houthis-advance-toward-long-term-cease-fire-in-yemen-afa10c9b", "date_published": "2023-04-09 16:03:00+00:00", "persistent": false, "user": null, "language": "en-US"}, {"source": "https://feeds.a.dj.com/rss/RSSWorldNews.xml", "title": "Stock Funds Rise 5.6% So Far in 2023", "description": "Investors looked on the bright side in the first quarter, pushing the average fund to a healthy gain.", "link": "https://www.wsj.com/articles/stock-equity-funds-2023-ca3835fc", "date_published": "2023-04-09 16:00:00+00:00", "persistent": false, "user": null, "language": "en-US"}, {"source": "https://feeds.a.dj.com/rss/RSSWorldNews.xml", "title": "WSJ Reporter's Detention Spotlights the Rise of Arrests by Authoritarian Regimes", "description": "The Evan Gershkovich case reflects a growing practice in which Americans are arrested to obtain concessions from the U.S.", "link": "https://www.wsj.com/articles/wsj-reporters-detention-spotlights-the-rise-of-arrests-by-authoritarian-regimes-f78ade76", "date_published": "2023-04-09 15:52:00+00:00", "persistent": false, "user": null, "language": "en-US"}, {"source": "https://feeds.a.dj.com/rss/RSSWorldNews.xml", "title": "Corporate Earnings Season Seen as Next Test for Stocks", "description": "First-quarter profits are projected to drop 6.8% from the same period a year earlier.", "link": "https://www.wsj.com/articles/corporate-earnings-season-seen-as-next-test-for-stocks-ada8d14f", "date_published": "2023-04-09 15:43:00+00:00", "persistent": false, "user": null, "language": "en-US"}, {"source": "https://feeds.a.dj.com/rss/RSSWorldNews.xml", "title": "Don't Be Surprised When the Boxers Start Belting Out Opera", "description": "The Met turns to fighting to draw a broader audience. The bass-baritone drops 60 pounds and perfects his right hook.", "link": "https://www.wsj.com/articles/metropolitan-opera-champion-boxing-singing-d9ca83fb", "date_published": "2023-04-09 15:31:00+00:00", "persistent": false, "user": null, "language": "en-US"}, {"source": "https://feeds.a.dj.com/rss/RSSWorldNews.xml", "title": "What Is Personal Cyber Insurance---and Should You Buy It?", "description": "Before you do, make sure you know the answers to these common questions.", "link": "https://www.wsj.com/articles/cyber-liability-insurance-coverage-8afc4fdd", "date_published": "2023-04-09 15:00:00+00:00", "persistent": false, "user": null, "language": "en-US"}, {"source": "https://feeds.a.dj.com/rss/RSSWorldNews.xml", "title": "Tesla to Build New China Plant for Energy Storage Battery", "description": "The planned expansion in Shanghai comes as U.S.-China tensions rise.", "link": "https://www.wsj.com/articles/tesla-to-build-new-china-plant-for-energy-storage-battery-aa8a76db", "date_published": "2023-04-09 14:22:00+00:00", "persistent": false, "user": null, "language": "en-US"}, {"source": "https://feeds.a.dj.com/rss/RSSWorldNews.xml", "title": "Food Prices Are New Inflation Threat for Governments and Central Banks", "description": "With food commodity prices down from their peaks, widening profit margins might explain why consumers are paying more.", "link": "https://www.wsj.com/articles/food-prices-are-new-inflation-threat-for-governments-and-central-banks-969e7483", "date_published": "2023-04-09 14:00:00+00:00", "persistent": false, "user": null, "language": "en-US"}, {"source": "https://feeds.a.dj.com/rss/RSSWorldNews.xml", "title": "Investors Turn to Options to Minimize Risk", "description": "The traditional use of options is to transfer or reduce risk, rather than to take risks to amplify returns. That\u2019s worth remembering now.", "link": "https://www.wsj.com/articles/investors-turn-to-options-to-minimize-risk-d3eb466b", "date_published": "2023-04-09 14:00:00+00:00", "persistent": false, "user": null, "language": "en-US"}, {"source": "https://feeds.a.dj.com/rss/RSSWorldNews.xml", "title": "Private Equity's Food Binge Goes Sour", "description": "Firms snapped up an orange-juice company, a dessert maker and other food and beverage companies using bundles of debt before interest rates started rising.", "link": "https://www.wsj.com/articles/private-equitys-food-binge-goes-sour-dcb8a9a5", "date_published": "2023-04-09 14:00:00+00:00", "persistent": false, "user": null, "language": "en-US"}, {"source": "https://feeds.a.dj.com/rss/RSSWorldNews.xml", "title": "More &raquo;", "description": "Putting is the hardest part of golf. These six steps can help you get better.", "link": "https://www.wsj.com/articles/more-amp-raquo-9a23ef5c", "date_published": "2023-04-09 13:42:00+00:00", "persistent": false, "user": null, "language": "en-US"}, {"source": "https://feeds.a.dj.com/rss/RSSWorldNews.xml", "title": "The Play-In Team That's a Preview of the NBA's Future", "description": "The Oklahoma City Thunder brought up the last generation of NBA superstars. After a remarkably short downturn, they\u2019re doing it again.", "link": "https://www.wsj.com/articles/oklahoma-city-thunder-nba-playoffs-79e9cbe6", "date_published": "2023-04-09 13:23:00+00:00", "persistent": false, "user": null, "language": "en-US"}, {"source": "https://feeds.a.dj.com/rss/RSSWorldNews.xml", "title": "As Ukraine Readies Counteroffensive, Russia Steps Up Campaign Against Partisans", "description": "Russia is deepening a crackdown on dissent in occupied areas of Ukraine, the Ukrainian military said, as Kyiv\u2019s forces launched fresh attacks aimed at weakening Moscow\u2019s hold in the south.", "link": "https://www.wsj.com/articles/as-ukraine-readies-counteroffensive-russia-steps-up-campaign-against-partisans-f839c12a", "date_published": "2023-04-09 13:01:00+00:00", "persistent": false, "user": null, "language": "en-US"}, {"source": "https://feeds.a.dj.com/rss/RSSWorldNews.xml", "title": "In a Civilian Hospital, Military Medicine Is Kept Alive", "description": "Army doctors and medics practice skills and relay combat lessons to trauma units.", "link": "https://www.wsj.com/articles/in-a-civilian-hospital-military-medicine-is-kept-alive-5fd99b7", "date_published": "2023-04-09 13:00:00+00:00", "persistent": false, "user": null, "language": "en-US"}, {"source": "https://feeds.a.dj.com/rss/RSSWorldNews.xml", "title": "Paris Protests and Israel Unrest Aren't Stopping Travelers", "description": "Civil unrest frequently affects travel plans. But the difference now is that many are unwilling to cancel plans after a few years of pandemic-limited travel.", "link": "https://www.wsj.com/articles/paris-protests-and-israel-unrest-arent-stopping-travelers-fdcd63d1", "date_published": "2023-04-09 13:00:00+00:00", "persistent": false, "user": null, "language": "en-US"}, {"source": "https://feeds.a.dj.com/rss/RSSWorldNews.xml", "title": "Private Equity's Food Binge Goes Sour", "description": "Firms snapped up an orange-juice company, a dessert maker and other food and beverage companies using bundles of debt before interest rates started rising.", "link": "https://www.wsj.com/articles/private-equitys-food-binge-goes-sour-8f830dd4", "date_published": "2023-04-09 13:00:00+00:00", "persistent": false, "user": null, "language": "en-US"}, {"source": "https://feeds.a.dj.com/rss/RSSWorldNews.xml", "title": "Saudi Arabia-Led Oil Cuts Run Into Gusher of Alternative Supplies", "description": "The wild card for the market lies in players such as Nigeria where production has risen unexpectedly but is prone to outages.", "link": "https://www.wsj.com/articles/saudi-arabia-led-oil-cuts-run-into-gusher-of-alternative-supplies-3fb9953f", "date_published": "2023-04-09 13:00:00+00:00", "persistent": false, "user": null, "language": "en-US"}]