[{"url": "http://feeds.abcnews.com/abcnews/topstories", "title": "ABC News", "category": "News", "subcategory": "News", "dead": false, "export_to_cms": true, "remove_after_days": "0", "language": "en-US", "favicon": "https://abcnews.go.com/favicon.ico", "on_hold": false}, {"url": "https://www.youtube.com/feeds/videos.xml?channel_id=UCnkp4xDOwqqJD7sSM3xdUiQ", "title": "AdamNeely", "category": "YouTube", "subcategory": "Music", "dead": false, "export_to_cms": true, "remove_after_days": "0", "language": "en-US", "favicon": null, "on_hold": false}, {"url": "http://www.aljazeera.com/xml/rss/all.xml", "title": "Aljazeera", "category": "News", "subcategory": "News", "dead": false, "export_to_cms": true, "remove_after_days": "0", "language": "en-US", "favicon": null, "on_hold": false}, {"url": "https://www.youtube.com/feeds/videos.xml?channel_id=UCu7_D0o48KbfhpEohoP7YSQ", "title": "Andreas Spiess", "category": "YouTube", "subcategory": "Tech", "dead": false, "export_to_cms": true, "remove_after_days": "0", "language": "en-US", "favicon": "https://yt3.ggpht.com/ytc/AL5GRJUrfkwqFb1U1CoNg75DaKcIutcXbf7R3uh6Ifxpdw=s48-c-k-c0x00ffffff-no-rj", "on_hold": false}, {"url": "https://www.androidauthority.com/feed/", "title": "Android Authority", "category": "Tech", "subcategory": "Tech", "dead": false, "export_to_cms": true, "remove_after_days": "0", "language": "en-US", "favicon": null, "on_hold": false}, {"url": "http://feeds.arstechnica.com/arstechnica/index/", "title": "ArsTechnica", "category": "Tech", "subcategory": "Tech", "dead": false, "export_to_cms": true, "remove_after_days": "0", "language": "en-US", "favicon": "https://arstechnica.com/favicon.ico", "on_hold": false}, {"url": "https://www.youtube.com/feeds/videos.xml?channel_id=UCC552Sd-3nyi_tk2BudLUzA", "title": "AsapSCIENCE", "category": "YouTube", "subcategory": "Science", "dead": false, "export_to_cms": true, "remove_after_days": "0", "language": "en-US", "favicon": "https://yt3.ggpht.com/ytc/AL5GRJU1smsnzPU533Gu1vekyh-uHcLt75Dh67ZuswiRew=s48-c-k-c0x00ffffff-no-rj", "on_hold": false}, {"url": "https://www.youtube.com/feeds/videos.xml?channel_id=UCXGgrKt94gR6lmN4aN3mYTg", "title": "Austin Evans", "category": "YouTube", "subcategory": "Tech", "dead": false, "export_to_cms": true, "remove_after_days": "0", "language": "en-US", "favicon": "https://yt3.ggpht.com/ytc/AL5GRJWCjDIPLeeYp1isZulIWVtM6FMQA4cw2FKMMFpveg=s48-c-k-c0x00ffffff-no-rj", "on_hold": false}, {"url": "https://www.youtube.com/feeds/videos.xml?channel_id=UCwUizOU8pPWXdXNniXypQEQ", "title": "AwakenWithJP", "category": "YouTube", "subcategory": "Misinformation", "dead": false, "export_to_cms": true, "remove_after_days": "0", "language": "en-US", "favicon": "https://yt3.ggpht.com/h5s6dVOF3Z35f12EMF7-7y7mXE2B1iyTcrIXiMcta-KyMvcK-kUgZXK-p36V8AKSp-vfJc_q=s48-c-k-c0x00ffffff-no-rj", "on_hold": false}, {"url": "http://feeds.bbci.co.uk/news/rss.xml", "title": "BBC", "category": "News", "subcategory": "UK", "dead": false, "export_to_cms": true, "remove_after_days": "0", "language": "en-US", "favicon": "https://www.bbc.com/favicon.ico", "on_hold": false}, {"url": "http://feeds.bbci.co.uk/news/technology/rss.xml", "title": "BBC tech", "category": "Tech", "subcategory": "Tech", "dead": false, "export_to_cms": true, "remove_after_days": "0", "language": "en-US", "favicon": "https://www.bbc.com/favicon.ico", "on_hold": false}, {"url": "https://www.youtube.com/feeds/videos.xml?channel_id=UCyl5V3-J_Bsy3x-EBCJwepg", "title": "Babylon Bee", "category": "YouTube", "subcategory": "Politics", "dead": false, "export_to_cms": true, "remove_after_days": "0", "language": "en-US", "favicon": "https://yt3.ggpht.com/ytc/AL5GRJU4TLMRkOCcpDDl7fdVpU7CcPNYQQBtsPo0cyYN=s48-c-k-c0x00ffffff-no-rj", "on_hold": false}, {"url": "https://www.bankier.pl/rss/wiadomosci.xml", "title": "Bankier", "category": "News", "subcategory": "PL", "dead": false, "export_to_cms": true, "remove_after_days": "0", "language": "pl-PL", "favicon": null, "on_hold": false}, {"url": "https://www.youtube.com/feeds/videos.xml?channel_id=UCH4BNI0-FOK2dMXoFtViWHw", "title": "Be Smart", "category": "YouTube", "subcategory": "Science", "dead": false, "export_to_cms": true, "remove_after_days": "0", "language": "en-US", "favicon": "https://yt3.ggpht.com/OTeVrhBf3byA2ofSUO1vbhzbB0XAmBpm6Rgm85xO6OUVmW3PoPQ0Siy5UJbuRJC16PGImImvm34=s48-c-k-c0x00ffffff-no-rj", "on_hold": false}, {"url": "https://www.youtube.com/feeds/videos.xml?channel_id=UC3osNjJeuDdvyALIEP-nh0g", "title": "BehindtheCurtain", "category": "YouTube", "subcategory": "Movies", "dead": false, "export_to_cms": true, "remove_after_days": "0", "language": "en-US", "favicon": "https://yt3.ggpht.com/ytc/AL5GRJWJw5Zh-5agFISTQ69Y7VJGRhAsBqmib_nuJZnOrw=s48-c-k-c0x00ffffff-no-rj", "on_hold": false}, {"url": "https://www.youtube.com/feeds/videos.xml?channel_id=UCnQC_G5Xsjhp9fEJKuIcrSw", "title": "Ben Shapiro", "category": "YouTube", "subcategory": "Politics", "dead": false, "export_to_cms": true, "remove_after_days": "0", "language": "en-US", "favicon": "https://yt3.ggpht.com/V7tykN38akg15o4vKzxDv3rIYfIYlHLAq-suDtcDeMt3IeEH7DS91hFf9-l7g_G4KJTQXKQJaQ=s48-c-k-c0x00ffffff-no-rj", "on_hold": false}, {"url": "https://www.youtube.com/feeds/videos.xml?channel_id=UCNu7GSRF7Y10OIWHQHpAx1g", "title": "BezPlanu", "category": "YouTube", "subcategory": "Travel", "dead": false, "export_to_cms": true, "remove_after_days": "0", "language": "pl-PL", "favicon": "https://yt3.ggpht.com/ytc/AL5GRJXhL4CGGvo-bXaPWBTmJWqKhUdWkjwlAlKFVBpxzw=s48-c-k-c0x00ffffff-no-rj", "on_hold": false}, {"url": "https://www.youtube.com/feeds/videos.xml?channel_id=UCmrLCXSDScliR7q8AxxjvXg", "title": "Black Pidgeon Speaks", "category": "YouTube", "subcategory": "Politics", "dead": false, "export_to_cms": true, "remove_after_days": "0", "language": "en-US", "favicon": "https://yt3.ggpht.com/ytc/AL5GRJU45YWtrzQ9ktj7u1_yUKeNhK5eY0Rc5Rp-PIy2fQ=s48-c-k-c0x00ffffff-no-rj", "on_hold": false}, {"url": "https://www.bloomberg.com/politics/feeds/site.xml", "title": "Bloomberg - politics", "category": "Politics", "subcategory": "Politics", "dead": false, "export_to_cms": true, "remove_after_days": "0", "language": "en-US", "favicon": "https://assets.bwbx.io/s3/javelin/public/hub/images/favicon-black-63fe5249d3.png", "on_hold": false}, {"url": "https://www.youtube.com/feeds/videos.xml?channel_id=UClozNP-QPyVatzpGKC25s0A", "title": "Brad Colbow", "category": "YouTube", "subcategory": "Art", "dead": false, "export_to_cms": true, "remove_after_days": "0", "language": "en-US", "favicon": "https://yt3.ggpht.com/ytc/AL5GRJUp-Uk5tYOmk70qOHygihIgckN7J_jX_CO1PRj8Zw=s48-c-k-c0x00ffffff-no-rj", "on_hold": false}, {"url": "https://www.youtube.com/feeds/videos.xml?channel_id=UCld68syR8Wi-GY_n4CaoJGA", "title": "Brodie Robertson", "category": "YouTube", "subcategory": "Tech", "dead": false, "export_to_cms": true, "remove_after_days": "0", "language": "en-US", "favicon": "https://yt3.ggpht.com/ytc/AL5GRJUHm-ZBH2w2dVrOYJ_oKvyyW6gqd6ytc3npfQIfQg=s48-c-k-c0x00ffffff-no-rj", "on_hold": false}, {"url": "https://businessinsider.com.pl/.feed", "title": "Business insider", "category": "News", "subcategory": "News", "dead": false, "export_to_cms": true, "remove_after_days": "0", "language": "en-US", "favicon": null, "on_hold": false}, {"url": "https://www.cnbc.com/id/100727362/device/rss/rss.html", "title": "CNBC", "category": "News", "subcategory": "Newd", "dead": false, "export_to_cms": true, "remove_after_days": "0", "language": "en-US", "favicon": null, "on_hold": false}, {"url": "https://www.cnet.com/rss/all/", "title": "CNET", "category": "Tech", "subcategory": "Tech", "dead": false, "export_to_cms": true, "remove_after_days": "0", "language": "en-US", "favicon": "https://www.cnet.com/favicon-v3.ico", "on_hold": false}, {"url": "http://rss.cnn.com/rss/edition.rss", "title": "CNN", "category": "News", "subcategory": "USA", "dead": false, "export_to_cms": true, "remove_after_days": "0", "language": "en-US", "favicon": "https://edition.cnn.com/favicon.ie9.ico", "on_hold": false}, {"url": "http://rss.cnn.com/rss/edition_technology.rss", "title": "CNN Tech", "category": "News", "subcategory": "Tech", "dead": false, "export_to_cms": true, "remove_after_days": "0", "language": "en-US", "favicon": null, "on_hold": false}, {"url": "http://rss.cnn.com/rss/cnn_world.rss", "title": "CNN World", "category": "News", "subcategory": "USA", "dead": false, "export_to_cms": true, "remove_after_days": "0", "language": "en-US", "favicon": "https://edition.cnn.com/favicon.ie9.ico", "on_hold": false}, {"url": "https://www.youtube.com/feeds/videos.xml?channel_id=UCL0QSFSUfW8cHua_rDpltTg", "title": "Call Me Chato", "category": "YouTube", "subcategory": "Movies", "dead": false, "export_to_cms": true, "remove_after_days": "0", "language": "en-US", "favicon": "https://yt3.ggpht.com/eu1jnmigzoVYR2G9ihKFS-7GkjPbLSqIiG0ajbiFkYY7H6Kme4ubyz_euoqd5RXBRiqkXVKr5A=s48-c-k-c0x00ffffff-no-rj", "on_hold": false}, {"url": "https://www.youtube.com/feeds/videos.xml?channel_id=UCROQqK3_z79JuTetNP3pIXQ", "title": "Captain Midnight", "category": "YouTube", "subcategory": "Movies", "dead": false, "export_to_cms": true, "remove_after_days": "0", "language": "en-US", "favicon": "https://yt3.ggpht.com/ytc/AL5GRJUq5QEMqetlBb3pk3daTB-uXOr1hin84mWpLGTyPQ=s48-c-k-c0x00ffffff-no-rj", "on_hold": false}, {"url": "https://www.youtube.com/feeds/videos.xml?channel_id=UCwjvvgGX6oby5mZ3gbDe8Ug", "title": "China Insights", "category": "YouTube", "subcategory": "Politics", "dead": false, "export_to_cms": true, "remove_after_days": "0", "language": "en-US", "favicon": "https://yt3.ggpht.com/ytc/AL5GRJXl-OqzDMLRSoaku8wR4lEhGVZtzlRHdP6HelyO=s48-c-k-c0x00ffffff-no-rj", "on_hold": false}, {"url": "https://www.chip.pl/feed", "title": "Chip.pl", "category": "Tech", "subcategory": "Tech", "dead": false, "export_to_cms": true, "remove_after_days": "0", "language": "pl-PL", "favicon": null, "on_hold": false}, {"url": "https://www.youtube.com/feeds/videos.xml?channel_id=UCctjGdm2NlMNzIlxz02IsXA", "title": "Chris Ray Gun", "category": "YouTube", "subcategory": "Comedy", "dead": false, "export_to_cms": true, "remove_after_days": "0", "language": "en-US", "favicon": "https://yt3.ggpht.com/ytc/AL5GRJU9HVx1QHdiAo5ZX3iH2-B2YMAI-kZnBFOUbVQpwA=s48-c-k-c0x00ffffff-no-rj", "on_hold": false}, {"url": "https://www.youtube.com/feeds/videos.xml?channel_id=UCuVLG9pThvBABcYCm7pkNkA", "title": "Climate Town", "category": "YouTube", "subcategory": "Science", "dead": false, "export_to_cms": true, "remove_after_days": "0", "language": "en-US", "favicon": "https://yt3.ggpht.com/JgeCuW8_HUm_M1w9ZyO4qr2-prBZ01Mh58AMoHjYh5snCf2oDydG8kphYIleQeXzd_Q1750x=s48-c-k-c0x00ffffff-no-rj", "on_hold": false}, {"url": "https://www.codeproject.com/WebServices/NewsRSS.aspx", "title": "CodeProject", "category": "Tech", "subcategory": "Tech", "dead": false, "export_to_cms": true, "remove_after_days": "0", "language": "en-US", "favicon": null, "on_hold": false}, {"url": "https://www.youtube.com/feeds/videos.xml?channel_id=UCFQMnBA3CS502aghlcr0_aw", "title": "Coffeezilla", "category": "YouTube", "subcategory": "News", "dead": false, "export_to_cms": true, "remove_after_days": "0", "language": "en-US", "favicon": "https://yt3.ggpht.com/ytc/AL5GRJW-pZGdbDEEiO9PGePE1Yl1thNw0hyKXfqwSlPpCg=s48-c-k-c0x00ffffff-no-rj", "on_hold": false}, {"url": "https://www.youtube.com/feeds/videos.xml?channel_id=UC4QZ_LsYcvcq7qOsOhpAX4A", "title": "Coldfusion", "category": "YouTube", "subcategory": "News", "dead": false, "export_to_cms": true, "remove_after_days": "0", "language": "en-US", "favicon": "https://yt3.ggpht.com/ytc/AL5GRJWoz4QOYSNYQj5SlqAWqRv2uernsmW5TRC0mqymjw=s48-c-k-c0x00ffffff-no-rj", "on_hold": false}, {"url": "https://www.computerworld.com/index.rss", "title": "ComputerWorld", "category": "Tech", "subcategory": "Tech", "dead": false, "export_to_cms": true, "remove_after_days": "0", "language": "en-US", "favicon": null, "on_hold": false}, {"url": "https://www.youtube.com/feeds/videos.xml?channel_id=UCX_t3BvnQtS5IHzto_y7tbw", "title": "Coreteks", "category": "YouTube", "subcategory": "Tech", "dead": false, "export_to_cms": true, "remove_after_days": "0", "language": "en-US", "favicon": "https://yt3.ggpht.com/ytc/AL5GRJXfks5P9CLOJmwCGNesze22KrU96GIbNhiGJ_6C=s48-c-k-c0x00ffffff-no-rj", "on_hold": false}, {"url": "https://www.dailymail.co.uk/news/index.rss", "title": "Daily Mail", "category": "News", "subcategory": "UK", "dead": false, "export_to_cms": true, "remove_after_days": "0", "language": "en-US", "favicon": null, "on_hold": false}, {"url": "https://www.dailywire.com/feeds/rss.xml", "title": "Daily Wire", "category": "News", "subcategory": "USA", "dead": false, "export_to_cms": true, "remove_after_days": "0", "language": "en-US", "favicon": "https://www.dailywire.com/favicons/favicon.ico", "on_hold": false}, {"url": "https://www.youtube.com/feeds/videos.xml?channel_id=UCw--xPGVVxYzRsWyV1nFqgg", "title": "Daniel Greene", "category": "YouTube", "subcategory": "Books", "dead": false, "export_to_cms": true, "remove_after_days": "0", "language": "en-US", "favicon": "https://yt3.ggpht.com/vjf0WYSyGHA5XsBdQ_TEVDNvHcPrCOTEkZi_wibKi8Ks7lD_mv_A5BYN3LGkB3pt88QWqNGQAQ=s48-c-k-c0x00ffffff-no-rj", "on_hold": false}, {"url": "https://www.digitaltrends.com/news/rss", "title": "Digital Trends", "category": "Tech", "subcategory": "Tech", "dead": false, "export_to_cms": true, "remove_after_days": "0", "language": "en-US", "favicon": "https://www.digitaltrends.com/wp-content/uploads/2020/08/dt-site-icon.png?fit=144%2C144&p=1", "on_hold": false}, {"url": "https://www.youtube.com/feeds/videos.xml?channel_id=UCVls1GmFKf6WlTraIb_IaJg", "title": "DistroTube", "category": "YouTube", "subcategory": "Tech", "dead": false, "export_to_cms": true, "remove_after_days": "0", "language": "en-US", "favicon": "https://yt3.ggpht.com/3aTiR8-i48HnwXZKBacKe_niYg1zmIH2BFv_OqQotxqu3eurYH64sKF2YITmj41Y1p5iPYdaLQ=s48-c-k-c0x00ffffff-no-rj", "on_hold": false}, {"url": "https://www.youtube.com/feeds/videos.xml?channel_id=UC_0CVCfC_3iuHqmyClu59Uw", "title": "ETA PRIME", "category": "YouTube", "subcategory": "Tech", "dead": false, "export_to_cms": true, "remove_after_days": "0", "language": "en-US", "favicon": "https://yt3.ggpht.com/ytc/AL5GRJX2iR9_rnkf6Rm1iNDJ5gqtlpgHgiuSI6giZ3LnqA=s48-c-k-c0x00ffffff-no-rj", "on_hold": false}, {"url": "https://www.youtube.com/feeds/videos.xml?channel_id=UCI7kKmUuSQOHUvSWIYFDf1Q", "title": "Eliminate", "category": "YouTube", "subcategory": "Music", "dead": false, "export_to_cms": true, "remove_after_days": "0", "language": "en-US", "favicon": "https://yt3.ggpht.com/GSArZUpwMU16dEEZouNSDxmz2r-0_IS40Iivv6dhHI7tiUWW2Vd6yQ26itTAcEX45_OO4QxeDw=s48-c-k-c0x00ffffff-no-nd-rj", "on_hold": false}, {"url": "https://www.engadget.com/rss.xml", "title": "Engadget", "category": "Tech", "subcategory": "Tech", "dead": false, "export_to_cms": true, "remove_after_days": "0", "language": "en-US", "favicon": null, "on_hold": false}, {"url": "https://www.theepochtimes.com/c-tech/feed/", "title": "Epoch Times Tech", "category": "Tech", "subcategory": "Tech", "dead": false, "export_to_cms": true, "remove_after_days": "0", "language": "en-US", "favicon": null, "on_hold": false}, {"url": "https://www.theepochtimes.com/c-world/feed/", "title": "Epoch times world", "category": "News", "subcategory": "News", "dead": false, "export_to_cms": true, "remove_after_days": "0", "language": "en-US", "favicon": null, "on_hold": false}, {"url": "https://www.youtube.com/feeds/videos.xml?channel_id=UC3ScyryU9Oy9Wse3a8OAmYQ", "title": "FRONTLINE PBS | Official", "category": "YouTube", "subcategory": "News", "dead": false, "export_to_cms": true, "remove_after_days": "0", "language": "en-US", "favicon": "https://yt3.ggpht.com/ytc/AL5GRJWg_f1iLymqTB0_Q-ZMXkbqrPTCKRujRuWskR4iKQ=s48-c-k-c0x00ffffff-no-rj", "on_hold": false}, {"url": "https://www.youtube.com/feeds/videos.xml?channel_id=UCO7fujFV_MuxTM0TuZrnE6Q", "title": "Felix Colgrave", "category": "YouTube", "subcategory": "Art", "dead": false, "export_to_cms": true, "remove_after_days": "0", "language": "en-US", "favicon": "https://yt3.ggpht.com/ytc/AL5GRJVXLkAMifTgVz7EOQF4GEpGTAAKvVLQhYykJJkXDA=s48-c-k-c0x00ffffff-no-rj", "on_hold": false}, {"url": "https://www.youtube.com/feeds/videos.xml?channel_id=UCG_nvdTLdijiAAuPKxtvBjA", "title": "Filmento", "category": "YouTube", "subcategory": "Movies", "dead": false, "export_to_cms": true, "remove_after_days": "0", "language": "en-US", "favicon": "https://yt3.ggpht.com/ytc/AL5GRJWGT0tNnT1ydFmMPM-Vx-2ZFLfaAXEIspHsCbIs=s48-c-k-c0x00ffffff-no-rj", "on_hold": false}, {"url": "https://www.ft.com/world?format=rss", "title": "Financial Times World", "category": "News", "subcategory": "News", "dead": false, "export_to_cms": true, "remove_after_days": "0", "language": "en-US", "favicon": "https://www.ft.com/__origami/service/image/v2/images/raw/ftlogo-v1%3Abrand-ft-logo-square-coloured?source=update-logos&width=32&height=32&format=png", "on_hold": false}, {"url": "https://www.youtube.com/feeds/videos.xml?channel_id=UCNnKprAG-MWLsk-GsbsC2BA", "title": "FlashGitz", "category": "YouTube", "subcategory": "Animation", "dead": false, "export_to_cms": true, "remove_after_days": "0", "language": "en-US", "favicon": "https://yt3.ggpht.com/4vq0thfQ3DZG7X3a_1xPENfpTWLXShU8N4IAlm9f_y1yXz7ci-9nL2yDo7GnTxmEvgL5woa6WQ4=s48-c-k-c0x00ffffff-no-rj", "on_hold": false}, {"url": "https://www.youtube.com/feeds/videos.xml?channel_id=UCyNtlmLB73-7gtlBz00XOQQ", "title": "FoldingIdeas", "category": "YouTube", "subcategory": "Random", "dead": false, "export_to_cms": true, "remove_after_days": "0", "language": "en-US", "favicon": "https://yt3.ggpht.com/ytc/AL5GRJVrfbTb3aPdkDvM4yktI-kqCwnZ-OGA2n_o2TZt0A=s48-c-k-c0x00ffffff-no-rj", "on_hold": false}, {"url": "https://www.forbes.com/innovation/feed2", "title": "Forbs - innovation", "category": "Tech", "subcategory": "Tech", "dead": false, "export_to_cms": true, "remove_after_days": "0", "language": "en-US", "favicon": null, "on_hold": false}, {"url": "https://www.youtube.com/feeds/videos.xml?channel_id=UC2WHjPDvbE6O328n17ZGcfg", "title": "ForrestKnight", "category": "YouTube", "subcategory": "Tech", "dead": false, "export_to_cms": true, "remove_after_days": "0", "language": "en-US", "favicon": "https://yt3.ggpht.com/avdsle4t42vMMUPALsh5wi5yD8CE2-ELOhwVjjd08OL1hUBobYaR1WhwACXjAdXe-VoESDwZ=s48-c-k-c0x00ffffff-no-rj", "on_hold": false}, {"url": "https://forsal.pl/.feed", "title": "Forsal.pl", "category": "News", "subcategory": "News", "dead": false, "export_to_cms": true, "remove_after_days": "0", "language": "pl-PL", "favicon": null, "on_hold": false}, {"url": "https://moxie.foxnews.com/google-publisher/latest.xml", "title": "Fox News", "category": "News", "subcategory": "USA", "dead": false, "export_to_cms": true, "remove_after_days": "0", "language": "en-US", "favicon": "https://www.foxnews.com/favicon.ico", "on_hold": false}, {"url": "https://www.youtube.com/feeds/videos.xml?channel_id=UCRG_N2uO405WO4P3Ruef9NA", "title": "Friday Checkout", "category": "YouTube", "subcategory": "News", "dead": false, "export_to_cms": true, "remove_after_days": "0", "language": "en-US", "favicon": "https://yt3.ggpht.com/ytc/AL5GRJW7UysDZnui8Hd5-CvoNNO8mfObFED1BsL-yFKB=s48-c-k-c0x00ffffff-no-rj", "on_hold": false}, {"url": "https://www.youtube.com/feeds/videos.xml?channel_id=UCkPjHTuNd_ycm__29dXM3Nw", "title": "G F Darwin", "category": "YouTube", "subcategory": "Comedy", "dead": false, "export_to_cms": true, "remove_after_days": "0", "language": "en-US", "favicon": "https://yt3.ggpht.com/ytc/AL5GRJVEDGhvYeymLvZRMZAM-jViqOG5Q5ofgj94zuhw=s48-c-k-c0x00ffffff-no-rj", "on_hold": false}, {"url": "https://www.gamespot.com/feeds/mashup", "title": "GameSpot", "category": "Tech", "subcategory": "Tech", "dead": false, "export_to_cms": true, "remove_after_days": "0", "language": "en-US", "favicon": null, "on_hold": false}, {"url": "https://www.youtube.com/feeds/videos.xml?channel_id=UCbu2SsF-Or3Rsn3NxqODImw", "title": "GameSpot", "category": "YouTube", "subcategory": "Gaming", "dead": false, "export_to_cms": true, "remove_after_days": "0", "language": "en-US", "favicon": "https://yt3.ggpht.com/F_k6mdmj3Png3GZj5zVJaSTKr_0noVxnqtWj56k_QLAhzl6Hk45c-vEHf3Pbg4w7Nu1jt6Hc1A=s48-c-k-c0x00ffffff-no-rj", "on_hold": false}, {"url": "https://www.youtube.com/feeds/videos.xml?channel_id=UCNvzD7Z-g64bPXxGzaQaa4g", "title": "Gameranx", "category": "YouTube", "subcategory": "Gaming", "dead": false, "export_to_cms": true, "remove_after_days": "0", "language": "en-US", "favicon": "https://yt3.ggpht.com/ytc/AL5GRJUPR-NTkM9BTnYPO4u_wV_r59mnvIE_eAlSVFpGPA=s48-c-k-c0x00ffffff-no-rj", "on_hold": false}, {"url": "https://www.youtube.com/feeds/videos.xml?channel_id=UCXa_bzvv7Oo1glaW9FldDhQ", "title": "GamingBolt", "category": "YouTube", "subcategory": "Gaming", "dead": false, "export_to_cms": true, "remove_after_days": "0", "language": "en-US", "favicon": "https://yt3.ggpht.com/ytc/AL5GRJVAIPX5gVhG266Jx6qyo_C5Dt2UHoXncEo0BBrW=s48-c-k-c0x00ffffff-no-rj", "on_hold": false}, {"url": "https://gizmodo.com/rss", "title": "Gizmodo", "category": "Tech", "subcategory": "Tech", "dead": false, "export_to_cms": true, "remove_after_days": "0", "language": "en-US", "favicon": null, "on_hold": false}, {"url": "https://www.youtube.com/feeds/videos.xml?channel_id=UCmEbe0XH51CI09gm_9Fcn8Q", "title": "Glass Reflection", "category": "YouTube", "subcategory": "Anime", "dead": false, "export_to_cms": true, "remove_after_days": "0", "language": "en-US", "favicon": "https://yt3.ggpht.com/ytc/AL5GRJVFTsTnKrjyfoor6t-xOJYVR8Dtv0o44a2tgee7ew=s48-c-k-c0x00ffffff-no-rj", "on_hold": false}, {"url": "https://www.youtube.com/feeds/videos.xml?channel_id=UCNTqu16j3F6RbtHZI-3untg", "title": "Glink", "category": "YouTube", "subcategory": "Documentaries", "dead": false, "export_to_cms": true, "remove_after_days": "0", "language": "en-US", "favicon": null, "on_hold": false}, {"url": "https://hnrss.org/frontpage", "title": "Hacker News - frontpage", "category": "Tech", "subcategory": "Tech", "dead": false, "export_to_cms": true, "remove_after_days": "0", "language": "en-US", "favicon": null, "on_hold": false}, {"url": "https://www.youtube.com/feeds/videos.xml?channel_id=UCQDhxkSxZA6lxdeXE19aoRA", "title": "Hugh Jeffreys", "category": "YouTube", "subcategory": "Tech", "dead": false, "export_to_cms": true, "remove_after_days": "0", "language": "en-US", "favicon": "https://yt3.ggpht.com/ytc/AL5GRJXpyRhGXxCynapGzpnQueSYWxYsTnFn-cFE9Smqew=s48-c-k-c0x00ffffff-no-rj", "on_hold": false}, {"url": "https://ithardware.pl/feed", "title": "IT hardware PL", "category": "Tech", "subcategory": "Tech", "dead": false, "export_to_cms": true, "remove_after_days": "0", "language": "pl-PL", "favicon": "https://ithardware.pl/img/ith_icon_192.png", "on_hold": false}, {"url": "https://www.youtube.com/feeds/videos.xml?channel_id=UCKy1dAqELo0zrOtPkf0eTMw", "title": "Ign - YouTube", "category": "YouTube", "subcategory": "Gaming", "dead": false, "export_to_cms": true, "remove_after_days": "0", "language": "en-US", "favicon": "https://yt3.ggpht.com/H_---ano_f27DOCejDhUdBMtBcxcv32MoXmFKQc_mBcxYSH4HPZTGuBUdm7UgI5VlutMOVX2=s48-c-k-c0x00ffffff-no-rj", "on_hold": false}, {"url": "https://www.youtube.com/feeds/videos.xml?channel_id=UCcyq283he07B7_KUX07mmtA", "title": "InsiderBusiness", "category": "YouTube", "subcategory": "Business", "dead": false, "export_to_cms": true, "remove_after_days": "0", "language": "en-US", "favicon": null, "on_hold": false}, {"url": "https://www.instalki.pl", "title": "Instalki.pl", "category": "News", "subcategory": "News", "dead": false, "export_to_cms": true, "remove_after_days": "0", "language": "pl-PL", "favicon": "https://www.instalki.pl/templates/819-instalki/images/favicon.png", "on_hold": false}, {"url": "https://news.itsfoss.com/rss/", "title": "It's FOSS News", "category": "IT", "subcategory": "News", "dead": false, "export_to_cms": true, "remove_after_days": "0", "language": "en-US", "favicon": null, "on_hold": false}, {"url": "https://www.youtube.com/feeds/videos.xml?channel_id=UCoOjH8D2XAgjzQlneM2W0EQ", "title": "Jake Tran", "category": "YouTube", "subcategory": "News", "dead": false, "export_to_cms": true, "remove_after_days": "0", "language": "en-US", "favicon": "https://yt3.ggpht.com/fbcg84ybnajrbHdiX5WZ54-FDtaEuZrpD_RQ4ELf6FvrvzoeXcO3ut8u_JhSjxE7qBT4IMWZKQ=s48-c-k-c0x00ffffff-no-rj", "on_hold": false}, {"url": "https://www.youtube.com/feeds/videos.xml?channel_id=UCHu2KNu6TtJ0p4hpSW7Yv7Q", "title": "Jazza", "category": "YouTube", "subcategory": "Art", "dead": false, "export_to_cms": true, "remove_after_days": "0", "language": "en-US", "favicon": null, "on_hold": false}, {"url": "https://www.youtube.com/feeds/videos.xml?channel_id=UCR-DXc1voovS8nhAvccRZhg", "title": "Jeff Gerling", "category": "YouTube", "subcategory": "Tech", "dead": false, "export_to_cms": true, "remove_after_days": "0", "language": "en-US", "favicon": "https://yt3.ggpht.com/ytc/AL5GRJX0qWy9fB0LHztwU3NYBEN9ZxxIm3pqw1p9oOTfFw=s48-c-k-c0x00ffffff-no-rj", "on_hold": false}, {"url": "https://www.jefftk.com/news.rss", "title": "Jeff Kaufmann", "category": "Blogs", "subcategory": "IT", "dead": false, "export_to_cms": true, "remove_after_days": "0", "language": "en-US", "favicon": null, "on_hold": false}, {"url": "https://www.youtube.com/feeds/videos.xml?channel_id=UC7v3-2K1N84V67IF-WTRG-Q", "title": "Jeremy Jahns", "category": "YouTube", "subcategory": "Movies", "dead": false, "export_to_cms": true, "remove_after_days": "0", "language": "en-US", "favicon": "https://yt3.ggpht.com/ytc/AL5GRJVOJf70EjSZBSQ4TqCAE3LQ_db7QC61sQ_docKa6Q=s48-c-k-c0x00ffffff-no-rj", "on_hold": false}, {"url": "https://www.youtube.com/feeds/videos.xml?channel_id=UC-2YHgc363EdcusLIBbgxzg", "title": "Joe Scott", "category": "YouTube", "subcategory": "Science", "dead": false, "export_to_cms": true, "remove_after_days": "0", "language": "en-US", "favicon": "https://yt3.ggpht.com/EVU50u7KqYoqHNKbpiEGCMkugLFBeKpsy3i_5UbE1b12NzVOyTNwBkvRZVICWtZ777jQYDpq=s48-c-k-c0x00ffffff-no-rj", "on_hold": false}, {"url": "https://www.youtube.com/feeds/videos.xml?channel_id=UCmGSJVG3mCRXVOP4yZrU1Dw", "title": "John Harris", "category": "YouTube", "subcategory": "Random", "dead": false, "export_to_cms": true, "remove_after_days": "0", "language": "en-US", "favicon": "https://yt3.ggpht.com/ytc/AL5GRJX3K0MB0AvItSqYBvGG-_uzTLyf6YMdIgu4imhw-g=s48-c-k-c0x00ffffff-no-rj", "on_hold": false}, {"url": "https://www.youtube.com/feeds/videos.xml?channel_id=UCL_f53ZEJxp8TtlOkHwMV9Q", "title": "Jordan B Peterson", "category": "YouTube", "subcategory": "Politics", "dead": false, "export_to_cms": true, "remove_after_days": "0", "language": "en-US", "favicon": "https://yt3.ggpht.com/Ko0UXEQL6PLt4CE_nQkI8aL6llY_GtWu-rQoZ3tgh1Gsmy7qKOrvazU4nBQOZ3kl0TZ3bivz4wM=s48-c-k-c0x00ffffff-no-rj", "on_hold": false}, {"url": "https://www.youtube.com/feeds/videos.xml?channel_id=UC-91UA-Xy2Cvb98deRXuggA", "title": "Joshua Fluke", "category": "YouTube", "subcategory": "Tech", "dead": false, "export_to_cms": true, "remove_after_days": "0", "language": "en-US", "favicon": null, "on_hold": false}, {"url": "https://www.youtube.com/feeds/videos.xml?channel_id=UCy0Pr5u-MwGXXzp_GDd4m_g", "title": "Julie Nolke", "category": "YouTube", "subcategory": "Comedy", "dead": false, "export_to_cms": true, "remove_after_days": "0", "language": "en-US", "favicon": "https://yt3.ggpht.com/lf7TfC4uyh5rb0KiUgEhl7sHzyrNvtxAosefWsCI1ldeIFclX8Rj8zWPlmKVYkIUkan8BantMQ=s48-c-k-c0x00ffffff-no-rj", "on_hold": false}, {"url": "https://www.youtube.com/feeds/videos.xml?channel_id=UC337i8LcUSM4UMbLf820I8Q", "title": "Just Some Guy", "category": "YouTube", "subcategory": "Movies", "dead": false, "export_to_cms": true, "remove_after_days": "0", "language": "en-US", "favicon": "https://yt3.ggpht.com/SV64iD0FHP_pZqFqLBQ2oi0VkMYyp-Z_G1FYyw_mE3MTXtXkTjcutkEose_dZ9GlMBNwyMlv=s48-c-k-c0x00ffffff-no-rj", "on_hold": false}, {"url": "https://www.youtube.com/feeds/videos.xml?channel_id=UCLRlryMfL8ffxzrtqv0_k_w", "title": "KinoCheck", "category": "YouTube", "subcategory": "Movies", "dead": false, "export_to_cms": true, "remove_after_days": "0", "language": "en-US", "favicon": "https://yt3.ggpht.com/Bxn3B2O3i3IwSLlkthvWRrVEEZVuxQKCJKEtT8__G_30lt8a7Ipyr_ZwiwJwOw4pvi5OFse6fLQ=s48-c-k-c0x00ffffff-no-rj", "on_hold": false}, {"url": "https://www.youtube.com/feeds/videos.xml?channel_id=UC2_KC8lshtCyiLApy27raYw", "title": "KnowledgeHusk", "category": "YouTube", "subcategory": "Random", "dead": false, "export_to_cms": true, "remove_after_days": "0", "language": "en-US", "favicon": "https://yt3.ggpht.com/h9tB1d9nRM6ok5bdxnfcxI9QrIcTYdTP84nXSQrnU5dROyl6sYYz-rFB9Pyv0PFNTinwVsiKxW8=s48-c-k-c0x00ffffff-no-rj", "on_hold": false}, {"url": "https://www.youtube.com/feeds/videos.xml?channel_id=UCG2kQBVlgG7kOigXZTcKrQw", "title": "Ko\u0142em si\u0119 toczy", "category": "YouTube", "subcategory": "Travel", "dead": false, "export_to_cms": true, "remove_after_days": "0", "language": "pl-PL", "favicon": "https://www.youtube.com/favicon.ico", "on_hold": false}, {"url": "https://www.youtube.com/feeds/videos.xml?channel_id=UCLr4hMhk_2KE0GUBSBrspGA", "title": "Kuba Klawiter", "category": "YouTube", "subcategory": "Tech", "dead": false, "export_to_cms": true, "remove_after_days": "0", "language": "pl-PL", "favicon": "https://yt3.ggpht.com/ytc/AL5GRJVjU781dvEmjDs8ezVLnWQSyR4npcGwPzpUVlBB=s48-c-k-c0x00ffffff-no-rj", "on_hold": false}, {"url": "https://www.youtube.com/feeds/videos.xml?channel_id=UCsXVk37bltHxD1rDPwtNM8Q", "title": "Kurzgesagt \u2013 In a Nutshell", "category": "YouTube", "subcategory": "Science", "dead": false, "export_to_cms": true, "remove_after_days": "0", "language": "en-US", "favicon": "https://yt3.ggpht.com/ytc/AL5GRJWjS7at2j0n5yn5dsfYFe5x_V8QeN66ppWjzChpoQ=s48-c-k-c0x00ffffff-no-rj", "on_hold": false}, {"url": "https://www.youtube.com/feeds/videos.xml?channel_id=UCFLFc8Lpbwt4jPtY1_Ai5yA", "title": "LMG Clips", "category": "YouTube", "subcategory": "IT", "dead": false, "export_to_cms": true, "remove_after_days": "0", "language": "en-US", "favicon": "https://yt3.ggpht.com/ytc/AL5GRJXkraGAqXfW9Hmo1hoL3FS_HPNS9aes1-Qmfm8H=s48-c-k-c0x00ffffff-no-rj", "on_hold": false}, {"url": "https://www.youtube.com/feeds/videos.xml?channel_id=UCme4ZOv65uzGADXuvtHkSvA", "title": "Langusta na palmie", "category": "YouTube", "subcategory": "Religion", "dead": false, "export_to_cms": true, "remove_after_days": "0", "language": "en-US", "favicon": "https://yt3.ggpht.com/ytc/AL5GRJVNL_iT5NeHk7L0hMZoxJMjvLP7PnzKKpC13e6s9g=s48-c-k-c0x00ffffff-no-rj", "on_hold": false}, {"url": "https://www.youtube.com/feeds/videos.xml?channel_id=UChvithwOECK5g_19TjldMKw", "title": "Laowhy86", "category": "YouTube", "subcategory": "China", "dead": false, "export_to_cms": true, "remove_after_days": "0", "language": "en-US", "favicon": "https://yt3.ggpht.com/ytc/AL5GRJUYoIDIsCm7MnhSQBT0vjULDAVV8O0HjiXL2E2maQ=s48-c-k-c0x00ffffff-no-rj", "on_hold": false}, {"url": "https://www.youtube.com/feeds/videos.xml?channel_id=UCtVGGeUqfVHOK4Q6nAwYO3g", "title": "LaterClips", "category": "YouTube", "subcategory": "Tech", "dead": false, "export_to_cms": true, "remove_after_days": "0", "language": "en-US", "favicon": "https://yt3.ggpht.com/Q0jp2B-7oekM2l6onYn9FRpqMrcAGKQWeQjepTdXERopIUc0VzH4U5e47rVd7H1cWcRvsINzWi8=s48-c-k-c0x00ffffff-no-rj", "on_hold": false}, {"url": "https://www.lemonde.fr/en/rss/une.xml", "title": "Le Monde", "category": "News", "subcategory": "News", "dead": false, "export_to_cms": true, "remove_after_days": "0", "language": "en-US", "favicon": null, "on_hold": false}, {"url": "https://www.lemonde.fr/en/science/rss_full.xml", "title": "Le Monde - science", "category": "Science", "subcategory": "Science", "dead": false, "export_to_cms": true, "remove_after_days": "0", "language": "en-US", "favicon": null, "on_hold": false}, {"url": "https://lifehacker.com/rss", "title": "Lifehacker", "category": "Tech", "subcategory": "Tech", "dead": false, "export_to_cms": true, "remove_after_days": "0", "language": "en-US", "favicon": null, "on_hold": false}, {"url": "https://www.youtube.com/watch?v=ZwtheNpAssQ", "title": "Lindsey Stirling", "category": "YouTube", "subcategory": "Music", "dead": false, "export_to_cms": true, "remove_after_days": "0", "language": "en-US", "favicon": null, "on_hold": false}, {"url": "https://www.youtube.com/feeds/videos.xml?channel_id=UCXuqSBlHAE6Xw-yeJA0Tunw", "title": "Linus Tech Tips", "category": "YouTube", "subcategory": "Tech", "dead": false, "export_to_cms": true, "remove_after_days": "0", "language": "en-US", "favicon": "https://yt3.ggpht.com/Vy6KL7EM_apxPSxF0pPy5w_c87YDTOlBQo3MADDF0Wl51kwxmt9wmRotnt2xQXwlrcyO0Xe56w=s48-c-k-c0x00ffffff-no-rj", "on_hold": false}, {"url": "https://www.youtube.com/feeds/videos.xml?channel_id=UCymYq4Piq0BrhnM18aQzTlg", "title": "LonTV", "category": "YouTube", "subcategory": "Tech", "dead": false, "export_to_cms": true, "remove_after_days": "0", "language": "en-US", "favicon": "https://yt3.ggpht.com/ytc/AL5GRJWHiRn9NLZGO0EyWQlT4P1kihUV3H-miNstlnXQ=s48-c-k-c0x00ffffff-no-rj", "on_hold": false}, {"url": "http://louderwithcrowder.com/feed/", "title": "Louder With Crowder", "category": "News", "subcategory": "USA", "dead": false, "export_to_cms": true, "remove_after_days": "0", "language": "en-US", "favicon": "https://assets.rebelmouse.io/eyJ0eXAiOiJKV1QiLCJhbGciOiJIUzI1NiJ9.eyJpbWFnZSI6Imh0dHBzOi8vYXNzZXRzLnJibC5tcy8yMzE1NTQ4OS9vcmlnaW4ucG5nIiwiZXhwaXJlc19hdCI6MTcwNDM1NDQzN30.CNCChHRoS9k1sXSFf_6ha5304-dwdrgqTwt45gO5uOE/img.png?width=32&height=32", "on_hold": false}, {"url": "https://www.youtube.com/feeds/videos.xml?channel_id=UC8RfCCzWsMgNspTI-GTFenQ", "title": "Luetin09", "category": "YouTube", "subcategory": "Tabletop", "dead": false, "export_to_cms": true, "remove_after_days": "0", "language": "en-US", "favicon": "https://yt3.ggpht.com/ytc/AL5GRJUm7XG_ahB3F_aLoObLOfuabnIAmgoOnNXF0bmhcg=s48-c-k-c0x00ffffff-no-rj", "on_hold": false}, {"url": "https://lukesmith.xyz/rss.xml", "title": "Luke Smith", "category": "Tech", "subcategory": "Tech", "dead": false, "export_to_cms": true, "remove_after_days": "0", "language": "en-US", "favicon": null, "on_hold": false}, {"url": "https://notrelated.xyz/rss", "title": "Luke Smith - Not Related", "category": "Random", "subcategory": "Random", "dead": false, "export_to_cms": true, "remove_after_days": "0", "language": "en-US", "favicon": null, "on_hold": false}, {"url": "https://www.youtube.com/feeds/videos.xml?channel_id=UC2eYFnH61tmytImy1mTYvhA", "title": "Luke Smith - YouTube", "category": "YouTube", "subcategory": "Tech", "dead": false, "export_to_cms": true, "remove_after_days": "0", "language": "en-US", "favicon": "https://yt3.ggpht.com/WEh3wNCWfxK7vgqVwTRLck3_76wm-pzsVO84gSeHUelk70-6njLXpP3jHTcEqHSjCrkSTtdL_w=s48-c-k-c0x00ffffff-no-rj", "on_hold": false}, {"url": "http://www.msn.com/rss/news.aspx", "title": "MSN", "category": "News", "subcategory": "News", "dead": false, "export_to_cms": true, "remove_after_days": "0", "language": "en-US", "favicon": null, "on_hold": false}, {"url": "https://www.youtube.com/feeds/videos.xml?channel_id=UClOGLGPOqlAiLmOvXW5lKbw", "title": "Mandalore Gaming", "category": "YouTube", "subcategory": "Gaming", "dead": false, "export_to_cms": true, "remove_after_days": "0", "language": "en-US", "favicon": "https://yt3.ggpht.com/ytc/AL5GRJVpuKY3rNk3posvt07T9rnor2UuhU_xf0KgCm7O7A=s48-c-k-c0x00ffffff-no-rj", "on_hold": false}, {"url": "https://www.youtube.com/feeds/videos.xml?channel_id=UCKtu_JtQCY0yryIy6zK4ZCg", "title": "Marc Brunet", "category": "YouTube", "subcategory": "Art", "dead": false, "export_to_cms": true, "remove_after_days": "0", "language": "en-US", "favicon": "https://yt3.ggpht.com/ytc/AL5GRJVSl-u4zKjslSpoyjRmleluFDy5BEC01OC4VtqiFg=s48-c-k-c0x00ffffff-no-rj", "on_hold": false}, {"url": "https://www.youtube.com/feeds/videos.xml?channel_id=UCBJycsmduvYEL83R_U4JriQ", "title": "Marques Brownlee", "category": "YouTube", "subcategory": "Tech", "dead": false, "export_to_cms": true, "remove_after_days": "0", "language": "en-US", "favicon": "https://yt3.ggpht.com/lkH37D712tiyphnu0Id0D5MwwQ7IRuwgQLVD05iMXlDWO-kDHut3uI4MgIEAQ9StK0qOST7fiA=s48-c-k-c0x00ffffff-no-rj", "on_hold": false}, {"url": "https://www.youtube.com/feeds/videos.xml?channel_id=UCTTZqMWBvLsUYqYwKTdjvkw", "title": "Mateusz Chrobok", "category": "YouTube", "subcategory": "Tech", "dead": false, "export_to_cms": true, "remove_after_days": "0", "language": "pl-PL", "favicon": "https://yt3.ggpht.com/fKHf_tAeCASfU155pK56Q-R7JexD4EKg4-cSsKWSNB4WnIPEnrjknesO1xmU5jioAMr0xZ9u=s48-c-k-c0x00ffffff-no-rj", "on_hold": false}, {"url": "https://www.youtube.com/feeds/videos.xml?channel_id=UC91V6D3nkhP89wUb9f_h17g", "title": "MeatCanyon", "category": "YouTube", "subcategory": "Random", "dead": false, "export_to_cms": true, "remove_after_days": "0", "language": "en-US", "favicon": "https://yt3.ggpht.com/OYJ2o_srGJnNp3hEICz3V9TjZfeGHe933FligVBNOh6jY--0QukWGLbk_a38WjLEHhOjk432Qik=s48-c-k-c0x00ffffff-no-rj", "on_hold": false}, {"url": "https://www.youtube.com/feeds/videos.xml?channel_id=UC7YOGHUfC1Tb6E4pudI9STA", "title": "Mental Outlaw", "category": "YouTube", "subcategory": "Tech", "dead": false, "export_to_cms": true, "remove_after_days": "0", "language": "en-US", "favicon": "https://yt3.ggpht.com/ytc/AL5GRJX53GeI5-5WuzsbqulRnkmxNd5X0u1uqdeOnvD3vQ=s48-c-k-c0x00ffffff-no-rj", "on_hold": false}, {"url": "https://www.money.pl/rss/", "title": "Money PL", "category": "News", "subcategory": "News", "dead": false, "export_to_cms": true, "remove_after_days": "0", "language": "pl-PL", "favicon": null, "on_hold": false}, {"url": "https://www.youtube.com/feeds/videos.xml?channel_id=UCmFeOdJI3IXgTBDzqBLD8qg", "title": "Moon", "category": "YouTube", "subcategory": "News", "dead": false, "export_to_cms": true, "remove_after_days": "0", "language": "en-US", "favicon": "https://yt3.ggpht.com/ytc/AL5GRJV4GnuUCV3C35PFuSOmMTcmGYDT5OHt4eBLIKibrw=s48-c-k-c0x00ffffff-no-rj", "on_hold": false}, {"url": "https://www.youtube.com/feeds/videos.xml?channel_id=UCMiJRAwDNSNzuYeN2uWa0pA", "title": "Mrwhosetheboss", "category": "YouTube", "subcategory": "Tech", "dead": false, "export_to_cms": true, "remove_after_days": "0", "language": "en-US", "favicon": "https://yt3.ggpht.com/Ikb1C4ih2VMvfjma8OO5b39JnHL2CQcQgksB_I7TM-gGA3ERTY589OeLKCYyRQQO0nkE54-f=s48-c-k-c0x00ffffff-no-rj", "on_hold": false}, {"url": "https://www.youtube.com/feeds/videos.xml?channel_id=UC1W8ShdwtfgjRHdbl1Lctcw", "title": "NASS", "category": "YouTube", "subcategory": "History", "dead": false, "export_to_cms": true, "remove_after_days": "0", "language": "en-US", "favicon": null, "on_hold": false}, {"url": "https://feeds.nbcnews.com/nbcnews/public/tech", "title": "NBC tech", "category": "Tech", "subcategory": "Tech", "dead": false, "export_to_cms": true, "remove_after_days": "0", "language": "en-US", "favicon": "https://nodeassets.nbcnews.com/cdnassets/projects/ramen/favicon/nbcnews/all-other-sizes-PNG.ico/favicon-32x32.png", "on_hold": false}, {"url": "https://feeds.nbcnews.com/nbcnews/public/world", "title": "NBC world", "category": "News", "subcategory": "News", "dead": false, "export_to_cms": true, "remove_after_days": "0", "language": "en-US", "favicon": "https://nodeassets.nbcnews.com/cdnassets/projects/ramen/favicon/nbcnews/all-other-sizes-PNG.ico/favicon-32x32.png", "on_hold": false}, {"url": "https://www.youtube.com/feeds/videos.xml?channel_id=UC4eYXhJI4-7wSWc8UNRwD4A", "title": "NPR Music", "category": "YouTube", "subcategory": "Music", "dead": false, "export_to_cms": true, "remove_after_days": "0", "language": "en-US", "favicon": "https://yt3.ggpht.com/0RCnYvq8jSek2EjKmzjtHNa3eQtBJ8Bx08YmpbqJ74WJ4R4OTuuiBc40mQvTwAlhaTXgRKSy=s48-c-k-c0x00ffffff-no-rj", "on_hold": false}, {"url": "https://rss.nytimes.com/services/xml/rss/nyt/World.xml", "title": "NY times", "category": "News", "subcategory": "USA", "dead": false, "export_to_cms": true, "remove_after_days": "0", "language": "en-US", "favicon": null, "on_hold": false}, {"url": "http://rss.nytimes.com/services/xml/rss/nyt/Technology.xml", "title": "NY times technology", "category": "Tech", "subcategory": "Tech", "dead": false, "export_to_cms": true, "remove_after_days": "0", "language": "en-US", "favicon": null, "on_hold": false}, {"url": "https://www.youtube.com/feeds/videos.xml?channel_id=UCW0gH2G-cMKAEjEkI4YhnPA", "title": "Nerd of the Rings", "category": "YouTube", "subcategory": "Books", "dead": false, "export_to_cms": true, "remove_after_days": "0", "language": "en-US", "favicon": null, "on_hold": false}, {"url": "https://www.youtube.com/feeds/videos.xml?channel_id=UCXjmz8dFzRJZrZY8eFiXNUQ", "title": "Nerdstalgic", "category": "YouTube", "subcategory": "Movies", "dead": false, "export_to_cms": true, "remove_after_days": "0", "language": "en-US", "favicon": "https://yt3.ggpht.com/ytc/AL5GRJVuCM1FgYCeHZtVoGkrSxJnmZsavlPWSlRXDZ0mOQ=s48-c-k-c0x00ffffff-no-rj", "on_hold": false}, {"url": "https://feeds.feedburner.com/niebezpiecznik/", "title": "Niebezpiecznik", "category": "Tech", "subcategory": "Tech", "dead": false, "export_to_cms": true, "remove_after_days": "0", "language": "pl-PL", "favicon": "https://niebezpiecznik.pl/favicon.ico", "on_hold": false}, {"url": "https://www.youtube.com/feeds/videos.xml?channel_id=UC8abMPJmTPmsaSc7j-lwIhQ", "title": "Nineteenth century videos. Back to life.", "category": "YouTube", "subcategory": "History", "dead": false, "export_to_cms": true, "remove_after_days": "0", "language": "en-US", "favicon": null, "on_hold": false}, {"url": "https://feeds.npr.org/1001/rss.xml", "title": "Npr", "category": "News", "subcategory": "News", "dead": false, "export_to_cms": true, "remove_after_days": "0", "language": "en-US", "favicon": "https://static-assets.npr.org/static/images/favicon/favicon-180x180.png", "on_hold": false}, {"url": "https://www.pcworld.com/index.rss", "title": "PC world", "category": "Tech", "subcategory": "Tech", "dead": false, "export_to_cms": true, "remove_after_days": "0", "language": "en-US", "favicon": "https://www.pcworld.com/wp-content/uploads/2021/09/cropped-cropped-PCWorld-Site-Icon.png?w=32", "on_hold": false}, {"url": "https://www.youtube.com/feeds/videos.xml?channel_id=UC9Kq-yEt1iYsbUzNOoIRK0g", "title": "Pitch Meeting", "category": "YouTube", "subcategory": "Comedy", "dead": false, "export_to_cms": true, "remove_after_days": "0", "language": "en-US", "favicon": "https://yt3.ggpht.com/agdQznSAhEyIdMr2e3z36hfMgMBmjeWej0-KGftGfsMPUcEBIn8pnQ-cpLkx-ufX8rM65zvxV7c=s48-c-k-c0x00ffffff-no-rj", "on_hold": false}, {"url": "https://www.youtube.com/feeds/videos.xml?channel_id=UCn-K7GIs62ENvdQe6ZZk9-w", "title": "Pogo", "category": "YouTube", "subcategory": "Music", "dead": false, "export_to_cms": true, "remove_after_days": "0", "language": "en-US", "favicon": "https://yt3.ggpht.com/L0JYigLsUOsuxlzcjTRtzWDxvVQflE5X1zq7MEJKUaiq1nFm3vi6hpzSvsVHafpwSWqBzdW8cw=s48-c-k-c0x00ffffff-no-rj", "on_hold": false}, {"url": "https://rss.politico.com/politics-news.xml", "title": "Politico", "category": "News", "subcategory": "News", "dead": false, "export_to_cms": true, "remove_after_days": "0", "language": "en-US", "favicon": "https://www.politico.com/favicon.ico", "on_hold": false}, {"url": "https://www.polsatnews.pl/rss/swiat.xml", "title": "Polsat News", "category": "News", "subcategory": "PL", "dead": false, "export_to_cms": true, "remove_after_days": "0", "language": "pl-PL", "favicon": null, "on_hold": false}, {"url": "https://www.youtube.com/feeds/videos.xml?channel_id=UCSiPjfAJBgbFlIUsxOWpK0w", "title": "Pomplamoose", "category": "YouTube", "subcategory": "Music", "dead": false, "export_to_cms": true, "remove_after_days": "0", "language": "en-US", "favicon": "https://yt3.ggpht.com/ytc/AL5GRJX9w-L019Y1-_RU6Ybh79rKCqQo_qY85zWEHfzq9g=s48-c-k-c0x00ffffff-no-rj-mo", "on_hold": false}, {"url": "https://www.youtube.com/feeds/videos.xml?channel_id=UCORIeT1hk6tYBuntEXsguLg", "title": "PostmodernJukebox", "category": "YouTube", "subcategory": "Music", "dead": false, "export_to_cms": true, "remove_after_days": "0", "language": "en-US", "favicon": null, "on_hold": false}, {"url": "https://www.youtube.com/feeds/videos.xml?channel_id=UCzQUP1qoWDoEbmsQxvdjxgQ", "title": "PowerfulJre", "category": "YouTube", "subcategory": "News", "dead": false, "export_to_cms": true, "remove_after_days": "0", "language": "en-US", "favicon": "https://yt3.ggpht.com/ytc/AL5GRJXxw6Z2O6R2LSeCbDFhcBITwJiVxR7-tFOW663eXg=s48-c-k-c0x00ffffff-no-rj", "on_hold": false}, {"url": "https://reclaimthenet.org/feed/", "title": "Reclaim The Net", "category": "Tech", "subcategory": "Tech", "dead": false, "export_to_cms": true, "remove_after_days": "0", "language": "en-US", "favicon": "https://reclaimthenet.org/wp-content/uploads/fbrfg/favicon-32x32.png", "on_hold": false}, {"url": "https://www.youtube.com/feeds/videos.xml?channel_id=UChnxLLvzviaR5NeKOevB8iQ", "title": "Red Means Recording", "category": "YouTube", "subcategory": "Music", "dead": false, "export_to_cms": true, "remove_after_days": "0", "language": "en-US", "favicon": "https://yt3.ggpht.com/ytc/AL5GRJXtGfSvxeND0sKUkHpgzibOGJL-QvJGQcqDWbjXvjY=s48-c-k-c0x00ffffff-no-rj", "on_hold": false}, {"url": "https://cdn.feedcontrol.net/8/1114-wioSIX3uu8MEj.xml", "title": "Reuters", "category": "News", "subcategory": "USA", "dead": false, "export_to_cms": true, "remove_after_days": "0", "language": "en-US", "favicon": "https://www.reuters.com/resources/images/favicon.ico", "on_hold": false}, {"url": "https://www.reutersagency.com/feed/?taxonomy=best-topics&post_type=best", "title": "Reuters - All", "category": "News", "subcategory": "News", "dead": false, "export_to_cms": true, "remove_after_days": "0", "language": "en-US", "favicon": "https://www.reuters.com/resources/images/favicon.ico", "on_hold": false}, {"url": "https://www.reutersagency.com/feed/?best-topics=tech&post_type=best", "title": "Reuters - Tech", "category": "Tech", "subcategory": "Tech", "dead": false, "export_to_cms": true, "remove_after_days": "0", "language": "en-US", "favicon": "https://www.reuters.com/resources/images/favicon.ico", "on_hold": false}, {"url": "https://www.youtube.com/feeds/videos.xml?channel_id=UCi8e0iOVk1fEOogdfu4YgfA", "title": "Rotten Tomatoes Trailers", "category": "YouTube", "subcategory": "Movies", "dead": false, "export_to_cms": true, "remove_after_days": "0", "language": "en-US", "favicon": "https://yt3.ggpht.com/_XxIsLgks3G7PJ1Yhfq6GWBeDr2PfYIi9xrbz-7AnsaiutSh6pItq4odcQgXRAvCn1KuGqlj4g=s48-c-k-c0x00ffffff-no-rj", "on_hold": false}, {"url": "https://www.youtube.com/feeds/videos.xml?channel_id=UCswH8ovgUp5Bdg-0_JTYFNw", "title": "Russel Brand", "category": "YouTube", "subcategory": "News", "dead": false, "export_to_cms": true, "remove_after_days": "0", "language": "en-US", "favicon": "https://yt3.ggpht.com/kiklvMxyTCDkEf7kGz4SXvBn1byYyZPfZ5gW-6vBNafCxbH0zUAI9AUvnzKNlTbHqCYuJdhiQg=s48-c-k-c0x00ffffff-no-rj", "on_hold": false}, {"url": "https://www.youtube.com/feeds/videos.xml?channel_id=UCh9IfI45mmk59eDvSWtuuhQ", "title": "Ryan George", "category": "YouTube", "subcategory": "Comedy", "dead": false, "export_to_cms": true, "remove_after_days": "0", "language": "en-US", "favicon": "https://yt3.ggpht.com/ytc/AL5GRJX84BF432y6qfaQsguAVbWLTlD0sCuMBU_1L3kWmQ=s48-c-k-c0x00ffffff-no-rj", "on_hold": false}, {"url": "https://www.youtube.com/feeds/videos.xml?channel_id=UCzKFvBRI6VT3jYJq6a820nA", "title": "Ryan Long", "category": "YouTube", "subcategory": "Comedy", "dead": false, "export_to_cms": true, "remove_after_days": "0", "language": "en-US", "favicon": "https://yt3.ggpht.com/ytc/AL5GRJV7PWUIo4FXdEeCQY3vuV2UH6CP6D30ydkXALNVpQ=s48-c-k-c0x00ffffff-no-rj", "on_hold": false}, {"url": "https://www.youtube.com/feeds/videos.xml?channel_id=UCA3-nIYWu4PTWkb6NwhEpzg", "title": "Ryan Reynolds", "category": "YouTube", "subcategory": "Comedy", "dead": false, "export_to_cms": true, "remove_after_days": "0", "language": "en-US", "favicon": "https://yt3.ggpht.com/ytc/AL5GRJUljiy0hnXnT52Jwkrz0by-ME2MmBh4RstgP0Ae2g=s48-c-k-c0x00ffffff-no-rj", "on_hold": false}, {"url": "https://www.youtube.com/feeds/videos.xml?channel_id=UCd6vEDS3SOhWbXZrxbrf_bw", "title": "SAMTIME", "category": "YouTube", "subcategory": "Comedy", "dead": false, "export_to_cms": true, "remove_after_days": "0", "language": "en-US", "favicon": "https://yt3.ggpht.com/3phYjWjFFLZE78bOlJ6iVfj69wUHj314avoxRDg8IhMwXcRCUzDAA60rKcrKtOGEp2xp24iBVA=s48-c-k-c0x00ffffff-no-rj", "on_hold": false}, {"url": "https://www.youtube.com/feeds/videos.xml?channel_id=UCyseFvMP4mZVlU5iEEbAamA", "title": "Salvatore Ganacci", "category": "YouTube", "subcategory": "Music", "dead": false, "export_to_cms": true, "remove_after_days": "0", "language": "en-US", "favicon": "https://yt3.ggpht.com/W5tJGcSW1us_0x5GxbymExurJmsk9LZEIDFCRzXScvgdC0ocR5etB-x_-wmJDsPQBONkQvlO=s48-c-k-c0x00ffffff-no-nd-rj", "on_hold": false}, {"url": "https://www.youtube.com/feeds/videos.xml?channel_id=UC-2JUs_G21BrJ0efehwGkUw", "title": "Scary Pockets", "category": "YouTube", "subcategory": "Music", "dead": false, "export_to_cms": true, "remove_after_days": "0", "language": "en-US", "favicon": "https://yt3.ggpht.com/ytc/AL5GRJUqkLtjr_4qXdiieftPcyNznKgcAYpJ83MB8W54jg=s48-c-k-c0x00ffffff-no-rj-mo", "on_hold": false}, {"url": "https://www.youtube.com/feeds/videos.xml?channel_id=UCWTA5Yd0rAkQt5-9etIFoBA", "title": "SciFun", "category": "YouTube", "subcategory": "Science", "dead": false, "export_to_cms": true, "remove_after_days": "0", "language": "pl-PL", "favicon": "https://yt3.ggpht.com/ytc/AL5GRJWBP4HCHTtj6-HEQxfrxw5b3H7m5XTOJLGiR1cm=s48-c-k-c0x00ffffff-no-rj", "on_hold": false}, {"url": "https://www.youtube.com/feeds/videos.xml?channel_id=UCZYTClx2T1of7BRZ86-8fow", "title": "SciShow", "category": "YouTube", "subcategory": "Science", "dead": false, "export_to_cms": true, "remove_after_days": "0", "language": "en-US", "favicon": "https://yt3.ggpht.com/QYr8VgYcdA4FBDExWgAqUHCrBq0dgJvPPy-S4hUa_H00wVlIej_otvyHMLmRFYz5FqH6zPlrvg=s48-c-k-c0x00ffffff-no-rj", "on_hold": false}, {"url": "https://www.youtube.com/feeds/videos.xml?channel_id=UCOpcACMWblDls9Z6GERVi1A", "title": "Screen Junkies", "category": "YouTube", "subcategory": "Movies", "dead": false, "export_to_cms": true, "remove_after_days": "0", "language": "en-US", "favicon": "https://yt3.ggpht.com/TkwJQBfOe-sI_sws8ON0ddevuxmbYQ4Ya-n54eLyTu-1BVjBMtbi6kBYv_DsaS8lf-Q1RCjC=s48-c-k-c0x00ffffff-no-rj", "on_hold": false}, {"url": "https://sekurak.pl/rss", "title": "Sekurak", "category": "Tech", "subcategory": "Tech", "dead": false, "export_to_cms": true, "remove_after_days": "0", "language": "pl-PL", "favicon": null, "on_hold": false}, {"url": "https://www.youtube.com/feeds/videos.xml?channel_id=UCl7mAGnY4jh4Ps8rhhh8XZg", "title": "Serpentza", "category": "YouTube", "subcategory": "China", "dead": false, "export_to_cms": true, "remove_after_days": "0", "language": "en-US", "favicon": "https://yt3.ggpht.com/ytc/AL5GRJXRo0KbkyEX0Pj-aWRDy6Bmnt_j8wbcUZNAhIVCQw=s48-c-k-c0x00ffffff-no-rj", "on_hold": false}, {"url": "https://www.youtube.com/feeds/videos.xml?channel_id=UCyRhIGDUKdIOw07Pd8pHxCw", "title": "Shut Up & Sit Down", "category": "YouTube", "subcategory": "Tabletop", "dead": false, "export_to_cms": true, "remove_after_days": "0", "language": "en-US", "favicon": "https://yt3.ggpht.com/wNFWqrqMlehXdBo-bhhaN-N1JNvaw6uqMYLQzXln8KzPYjs3w_WMJB9lMcpmwQTvyEVxbfR_FA=s48-c-k-c0x00ffffff-no-rj", "on_hold": false}, {"url": "http://feeds.skynews.com/feeds/rss/world.xml", "title": "Sky News", "category": "News", "subcategory": "News", "dead": false, "export_to_cms": true, "remove_after_days": "0", "language": "en-US", "favicon": null, "on_hold": false}, {"url": "https://www.youtube.com/feeds/videos.xml?channel_id=UCO2x-p9gg9TLKneXlibGR7w", "title": "Snazzy Labs", "category": "YouTube", "subcategory": "Tech", "dead": false, "export_to_cms": true, "remove_after_days": "0", "language": "en-US", "favicon": "https://yt3.ggpht.com/ytc/AL5GRJWBPhEgXa3bUp9cFVcMOhgR79UcZAaCnleDGlXRwA=s48-c-k-c0x00ffffff-no-rj", "on_hold": false}, {"url": "https://www.youtube.com/feeds/videos.xml?channel_id=UCEq_Dr1GHvnNPQNfgOzhZ8Q", "title": "Solid jj", "category": "YouTube", "subcategory": "Comedy", "dead": false, "export_to_cms": true, "remove_after_days": "0", "language": "en-US", "favicon": "https://yt3.ggpht.com/V_UxkRX63vdNi2lPv8g1pMRWhaYVKhx0ovvF4vz8EDKq2nZGsWh5fY7Tu6dgMr09-vHa4UPI8A=s48-c-k-c0x00ffffff-no-rj", "on_hold": false}, {"url": "https://www.youtube.com/feeds/videos.xml?channel_id=UCtMVHI3AJD4Qk4hcbZnI9ZQ", "title": "SomeOrdinaryGamers", "category": "YouTube", "subcategory": "Tech", "dead": false, "export_to_cms": true, "remove_after_days": "0", "language": "en-US", "favicon": "https://yt3.ggpht.com/ytc/AL5GRJWX4USeOA75C2jQMrPLTTxuTo8coCBDwknm5j5XEA=s48-c-k-c0x00ffffff-no-rj", "on_hold": false}, {"url": "https://www.youtube.com/feeds/videos.xml?channel_id=UC9lKBRxxsDIarUmNaPe0h0Q", "title": "Sorelle Amore Finance", "category": "YouTube", "subcategory": "News", "dead": false, "export_to_cms": true, "remove_after_days": "0", "language": "en-US", "favicon": "https://yt3.ggpht.com/jBPs5CpO3wlh3CbpEWuiSC4XpsB8Yyz3kHREpc7n0I9vEYBTOwCD8DE_J545KD2Nh2KQnE-gVQ=s48-c-k-c0x00ffffff-no-rj", "on_hold": false}, {"url": "https://www.youtube.com/feeds/videos.xml?channel_id=UCDvZTWvHZPTxJ4K1yTD2a1g", "title": "Squidmar Miniatures", "category": "YouTube", "subcategory": "Tabletop", "dead": false, "export_to_cms": true, "remove_after_days": "0", "language": "en-US", "favicon": "https://yt3.ggpht.com/ytc/AL5GRJVZ8FGG0747aBbkVswLxi6ztHSHgOCMIQ6pdDJ7hA=s48-c-k-c0x00ffffff-no-rj", "on_hold": false}, {"url": "https://www.youtube.com/feeds/videos.xml?channel_id=UCD6VugMZKRhSyzWEWA9W2fg", "title": "SssethTzeentach", "category": "YouTube", "subcategory": "Comedy", "dead": false, "export_to_cms": true, "remove_after_days": "0", "language": "en-US", "favicon": "https://yt3.ggpht.com/ytc/AL5GRJXAKbYgJTAg1tOZ-srMa-gubJe8iWsuxYOWzt4seA=s48-c-k-c0x00ffffff-no-rj", "on_hold": false}, {"url": "https://www.youtube.com/feeds/videos.xml?channel_id=UCSFy-1JrpZf0tFlRZfo-Rvw", "title": "Sydney Watson", "category": "YouTube", "subcategory": "Random", "dead": false, "export_to_cms": true, "remove_after_days": "0", "language": "en-US", "favicon": "https://yt3.ggpht.com/ytc/AL5GRJXyXS0WZhv_ViqAU2PXyqRw5gIp4Hy_6f32W4t00g=s48-c-k-c0x00ffffff-no-rj", "on_hold": false}, {"url": "https://tvn24.pl/najwazniejsze.xml", "title": "TNV24 Najwa\u017cniejsze", "category": "News", "subcategory": "PL", "dead": false, "export_to_cms": true, "remove_after_days": "0", "language": "pl-PL", "favicon": null, "on_hold": false}, {"url": "https://tvn24.pl/wiadomosci-z-kraju,3.xml", "title": "TVN24 Z kraju", "category": "News", "subcategory": "PL", "dead": false, "export_to_cms": true, "remove_after_days": "0", "language": "pl-PL", "favicon": null, "on_hold": false}, {"url": "https://tvn24.pl/wiadomosci-ze-swiata,2.xml", "title": "TVN24 Ze \u015bwiata", "category": "News", "subcategory": "PL", "dead": false, "export_to_cms": true, "remove_after_days": "0", "language": "pl-PL", "favicon": null, "on_hold": false}, {"url": "https://www.youtube.com/feeds/videos.xml?channel_id=UC2CKTY1TXQ4YQ3AHvyCgtbQ", "title": "Tabletop Miniatures", "category": "YouTube", "subcategory": "Tabletop", "dead": false, "export_to_cms": true, "remove_after_days": "0", "language": "en-US", "favicon": "https://yt3.ggpht.com/ytc/AL5GRJV1Ivk7TkcUrxqk48jJQiPiOCJIFcoP-zoly1az=s48-c-k-c0x00ffffff-no-rj", "on_hold": false}, {"url": "https://www.youtube.com/feeds/videos.xml?channel_id=UCtZO3K2p8mqFwiKWb9k7fXA", "title": "Techaltar", "category": "YouTube", "subcategory": "Tech", "dead": false, "export_to_cms": true, "remove_after_days": "0", "language": "en-US", "favicon": "https://yt3.ggpht.com/ytc/AL5GRJXbtWcMX5HhFo0OSBBOpwxw_86bacsh0RH55fHzkg=s48-c-k-c0x00ffffff-no-rj", "on_hold": false}, {"url": "https://www.youtube.com/feeds/videos.xml?channel_id=UCeeFfhMcJa1kjtfZAGskOCA", "title": "Techlinked", "category": "YouTube", "subcategory": "News", "dead": false, "export_to_cms": true, "remove_after_days": "0", "language": "en-US", "favicon": "https://yt3.ggpht.com/Jm63sJa4XhXAlj8mliaMCDVKuPD1u5KOlKGvFYSwjjn1KYlc5RttkjccS3d7W2Fporh4sKwCbuU=s48-c-k-c0x00ffffff-no-rj", "on_hold": false}, {"url": "https://www.youtube.com/feeds/videos.xml?channel_id=UCs6KfncB4OV6Vug4o_bzijg", "title": "Techlore", "category": "YouTube", "subcategory": "Tech", "dead": false, "export_to_cms": true, "remove_after_days": "0", "language": "en-US", "favicon": "https://yt3.ggpht.com/lwHqZYuTM3v0oBB_RevOFbD_cHL7AWUfYID_iv8trv6_4u4r7Go_t4qFJplYiJNQVC-14Tb8=s48-c-k-c0x00ffffff-no-rj", "on_hold": false}, {"url": "https://www.youtube.com/feeds/videos.xml?channel_id=UCy0tKL1T7wFoYcxCe0xjN6Q", "title": "Technology Connections", "category": "YouTube", "subcategory": "Tech", "dead": false, "export_to_cms": true, "remove_after_days": "0", "language": "en-US", "favicon": "https://yt3.ggpht.com/ytc/AL5GRJUibRzSS9sF8gpGKGOb97uTRdmXrER-g2Kp328o=s48-c-k-c0x00ffffff-no-rj", "on_hold": false}, {"url": "https://www.youtube.com/feeds/videos.xml?channel_id=UC0vBXGSyV14uvJ4hECDOl0Q", "title": "Techquickie", "category": "YouTube", "subcategory": "Tech", "dead": false, "export_to_cms": true, "remove_after_days": "0", "language": "en-US", "favicon": "https://yt3.ggpht.com/iN4UMsDqwvkFLnLYlLLA4fR-TT1bLRRHcLRKArl25XBxAT4zLItxShuE1UGS76g2tvP5rqC7kQ=s48-c-k-c0x00ffffff-no-rj", "on_hold": false}, {"url": "https://www.techradar.com/rss", "title": "Techradar", "category": "Tech", "subcategory": "Tech", "dead": false, "export_to_cms": true, "remove_after_days": "0", "language": "en-US", "favicon": null, "on_hold": false}, {"url": "https://www.youtube.com/feeds/videos.xml?channel_id=UCSJPFQdZwrOutnmSFYtbstA", "title": "The Critical Drinker", "category": "YouTube", "subcategory": "Movies", "dead": false, "export_to_cms": true, "remove_after_days": "0", "language": "en-US", "favicon": "https://yt3.ggpht.com/ytc/AL5GRJVOnMUA6-kOF0ig7E0P33aDIt0uYUCs3HJ9sMbHYg=s48-c-k-c0x00ffffff-no-rj", "on_hold": false}, {"url": "https://www.youtube.com/feeds/videos.xml?channel_id=UCDVb4m_5QHhZElT47E1oODg", "title": "The Dave Cullen Show", "category": "YouTube", "subcategory": "Movies", "dead": false, "export_to_cms": true, "remove_after_days": "0", "language": "en-US", "favicon": "https://yt3.ggpht.com/ytc/AL5GRJW6LfK2We3WRdhWN6I5eVqAZG0u9eOfF29kWK_g6w=s48-c-k-c0x00ffffff-no-rj", "on_hold": false}, {"url": "https://www.youtube.com/feeds/videos.xml?channel_id=UC3sznuotAs2ohg_U__Jzj_Q", "title": "The Film Theorists", "category": "YouTube", "subcategory": "Movies", "dead": false, "export_to_cms": true, "remove_after_days": "0", "language": "en-US", "favicon": "https://yt3.ggpht.com/p0VbwBtAwQtT7_9Go8_9ijdqz8J6IVc_Cs5uGfdpSbIZ884YyJ2-tx57507D9u5XTdq3bW3k=s48-c-k-c0x00ffffff-no-rj", "on_hold": false}, {"url": "https://www.theguardian.com/rss", "title": "The Guardian", "category": "News", "subcategory": "News", "dead": false, "export_to_cms": true, "remove_after_days": "0", "language": "en-UK", "favicon": null, "on_hold": false}, {"url": "https://www.theguardian.com/international/rss", "title": "The Guardian - International", "category": "News", "subcategory": "News", "dead": false, "export_to_cms": true, "remove_after_days": "0", "language": "en-US", "favicon": null, "on_hold": false}, {"url": "https://www.theguardian.com/world/rss", "title": "The Guardian - World", "category": "World", "subcategory": "World", "dead": false, "export_to_cms": true, "remove_after_days": "0", "language": "en-US", "favicon": "https://www.theguardian.com/favicon.ico", "on_hold": false}, {"url": "https://feeds.feedburner.com/TheHackersNews", "title": "The Hacker News", "category": "Tech", "subcategory": "Tech", "dead": false, "export_to_cms": true, "remove_after_days": "0", "language": "en-US", "favicon": "https://thehackernews.com/favicon.ico", "on_hold": false}, {"url": "https://www.youtube.com/feeds/videos.xml?channel_id=UCjr2bPAyPV7t35MvcgT3W8Q", "title": "The Hated One", "category": "YouTube", "subcategory": "Random", "dead": false, "export_to_cms": true, "remove_after_days": "0", "language": "en-US", "favicon": "https://yt3.ggpht.com/ytc/AL5GRJUXCaAee6kEnT9AZboCfVct0AGhcDcSByXJuMJGUw=s48-c-k-c0x00ffffff-no-rj", "on_hold": false}, {"url": "https://thehill.com/news/feed/", "title": "The Hill", "category": "News", "subcategory": "Politics", "dead": false, "export_to_cms": true, "remove_after_days": "0", "language": "en-US", "favicon": "https://thehill.com/wp-content/uploads/sites/2/2022/05/cropped-favicon.png?w=32", "on_hold": false}, {"url": "https://theintercept.com/feed/?lang=en", "title": "The Intercept", "category": "News", "subcategory": "News", "dead": false, "export_to_cms": true, "remove_after_days": "0", "language": "en-US", "favicon": null, "on_hold": false}, {"url": "https://www.youtube.com/feeds/videos.xml?channel_id=UC5UAwBUum7CPN5buc-_N1Fw", "title": "The Linux Experiment", "category": "YouTube", "subcategory": "Tech", "dead": false, "export_to_cms": true, "remove_after_days": "0", "language": "en-US", "favicon": "https://yt3.ggpht.com/ytc/AL5GRJUIrwcQ4dxtDZG5SMnFiK1gmsD7n7WCwgxhsDur=s48-c-k-c0x00ffffff-no-rj", "on_hold": false}, {"url": "https://www.youtube.com/feeds/videos.xml?channel_id=UCmKurapML4BF9Bjtj4RbvXw", "title": "The Piano Guys", "category": "YouTube", "subcategory": "Music", "dead": false, "export_to_cms": true, "remove_after_days": "0", "language": "en-US", "favicon": null, "on_hold": false}, {"url": "https://www.youtube.com/feeds/videos.xml?channel_id=UC7IcJI8PUf5Z3zKxnZvTBog", "title": "The School of Life", "category": "YouTube", "subcategory": "Psychology", "dead": false, "export_to_cms": true, "remove_after_days": "0", "language": "en-US", "favicon": null, "on_hold": false}, {"url": "https://www.theverge.com/rss/index.xml", "title": "The Verge", "category": "News", "subcategory": "USA", "dead": false, "export_to_cms": true, "remove_after_days": "0", "language": "en-US", "favicon": null, "on_hold": false}, {"url": "https://feeds.a.dj.com/rss/RSSWSJD.xml", "title": "The Wall Street - Tech", "category": "Tech", "subcategory": "Tech", "dead": false, "export_to_cms": true, "remove_after_days": "0", "language": "en-US", "favicon": "https://www.wsj.com/favicon.ico", "on_hold": false}, {"url": "https://feeds.a.dj.com/rss/RSSWorldNews.xml", "title": "The Wall Street Journal", "category": "News", "subcategory": "News", "dead": false, "export_to_cms": true, "remove_after_days": "0", "language": "en-US", "favicon": "https://www.wsj.com/favicon.ico", "on_hold": false}, {"url": "https://feeds.washingtonpost.com/rss/business/technology", "title": "The Washington Post - Tech", "category": "Tech", "subcategory": "Tech", "dead": false, "export_to_cms": true, "remove_after_days": "0", "language": "en-US", "favicon": "https://www.washingtonpost.com/favicon.ico", "on_hold": false}, {"url": "https://feeds.washingtonpost.com/rss/world?itid=lk_inline_manual_36", "title": "The Washington Post - World", "category": "News", "subcategory": "News", "dead": false, "export_to_cms": true, "remove_after_days": "0", "language": "en-US", "favicon": "https://www.washingtonpost.com/favicon.svg", "on_hold": false}, {"url": "https://www.youtube.com/feeds/videos.xml?channel_id=UCQSpnDG3YsFNf5-qHocF-WQ", "title": "ThioJoe", "category": "YouTube", "subcategory": "Tech", "dead": false, "export_to_cms": true, "remove_after_days": "0", "language": "en-US", "favicon": null, "on_hold": false}, {"url": "https://www.youtube.com/feeds/videos.xml?channel_id=UCRlICXvO4XR4HMeEB9JjDlA", "title": "Thoughy2", "category": "YouTube", "subcategory": "Science", "dead": false, "export_to_cms": true, "remove_after_days": "0", "language": "en-US", "favicon": "https://yt3.ggpht.com/ytc/AL5GRJXrJMRynwwMoOAbx7ipD4mpwUqvX3gnue3wIW3y1w=s48-c-k-c0x00ffffff-no-rj", "on_hold": false}, {"url": "https://www.youtube.com/feeds/videos.xml?channel_id=UCSbdMXOI_3HGiFviLZO6kNA", "title": "Thrillseeker", "category": "YouTube", "subcategory": "Tech", "dead": false, "export_to_cms": true, "remove_after_days": "0", "language": "en-US", "favicon": "https://yt3.ggpht.com/GMgKFyowL1s0J-4AkEU0CQ7KeYM0DsGbQM8I4gtHw07xOOCKKAjBiDr-VERttcAYDNlrdf5f=s48-c-k-c0x00ffffff-no-rj", "on_hold": false}, {"url": "https://www.youtube.com/feeds/videos.xml?channel_id=UCxt2r57cLastdmrReiQJkEg", "title": "Tom Nicholas", "category": "YouTube", "subcategory": "Random", "dead": false, "export_to_cms": true, "remove_after_days": "0", "language": "en-US", "favicon": "https://yt3.ggpht.com/ytc/AL5GRJXzppEM4Ckv74oqo5Aywd-mlqB8jGOQmGF7sQRUIw=s48-c-k-c0x00ffffff-no-rj", "on_hold": false}, {"url": "https://www.youtube.com/feeds/videos.xml?channel_id=UCBa659QWEk1AI4Tg--mrJ2A", "title": "Tom Scott", "category": "YouTube", "subcategory": "Science", "dead": false, "export_to_cms": true, "remove_after_days": "0", "language": "en-US", "favicon": "https://yt3.ggpht.com/ytc/AL5GRJUJgzwii8Ei8BsgrOp_DmMT3skUrUwOTu-0PGowLw=s48-c-k-c0x00ffffff-no-rj", "on_hold": false}, {"url": "https://www.youtube.com/feeds/videos.xml?channel_id=UCj5Ug7sV0Id9g-NEfFa1psg", "title": "Tomasz Samo\u0142yk", "category": "YouTube", "subcategory": "Religion", "dead": false, "export_to_cms": true, "remove_after_days": "0", "language": "en-US", "favicon": "https://yt3.ggpht.com/6xo0olAu5ZMugqM57-qyTjRXlQwnFBlW27iClFZ60_e5EefEgY7So7yj57sePnf0JxHv9upG_A=s48-c-k-c0x00ffffff-no-rj", "on_hold": false}, {"url": "https://www.youtube.com/feeds/videos.xml?channel_id=UCFLwN7vRu8M057qJF8TsBaA", "title": "UpIsNotJump", "category": "YouTube", "subcategory": "Comedy", "dead": false, "export_to_cms": true, "remove_after_days": "0", "language": "en-US", "favicon": "https://yt3.ggpht.com/ytc/AL5GRJU_fj3IiWK7xTwPytmB2DSBI8AMuiUxNtpf4gRgMQ=s48-c-k-c0x00ffffff-no-rj", "on_hold": false}, {"url": "https://www.youtube.com/feeds/videos.xml?channel_id=UCwSv086EAByBY-Z7y-QR_cQ", "title": "Uszi", "category": "YouTube", "subcategory": "Conspiracy", "dead": false, "export_to_cms": true, "remove_after_days": "0", "language": "en-US", "favicon": "https://yt3.ggpht.com/ytc/AL5GRJX5TNd1-pBQEQaETg81Og4CKW_QUjw1-41zHE0eHw=s48-c-k-c0x00ffffff-no-rj", "on_hold": false}, {"url": "https://www.youtube.com/feeds/videos.xml?channel_id=UC_7PqixGIdE-jjoHKMPYpGA", "title": "Uwaga! Naukowy Be\u0142kot", "category": "YouTube", "subcategory": "Science", "dead": false, "export_to_cms": true, "remove_after_days": "0", "language": "pl-PL", "favicon": "https://yt3.ggpht.com/ArVAdn46mUBoDsd8PV_V4Bpjr8iGdEIbLChyLs2h3949LFhogNJUt9qcSTDDiVk1jHozFaElKtA=s48-c-k-c0x00ffffff-no-rj", "on_hold": false}, {"url": "https://www.youtube.com/feeds/videos.xml?channel_id=UCHnyfMqiRRG1u-2MsSQLbXA", "title": "Veritasium", "category": "YouTube", "subcategory": "Science", "dead": false, "export_to_cms": true, "remove_after_days": "0", "language": "en-US", "favicon": "https://yt3.ggpht.com/ytc/AL5GRJVCEkKb1MGQDxzHm958YTnpEl1V0utKdZ2knmSCyA=s48-c-k-c0x00ffffff-no-rj", "on_hold": false}, {"url": "https://www.youtube.com/feeds/videos.xml?channel_id=UCsmk8NDVMct75j_Bfb9Ah7w", "title": "Virtual Reality Oasis", "category": "YouTube", "subcategory": "Tech", "dead": false, "export_to_cms": true, "remove_after_days": "0", "language": "en-US", "favicon": "https://yt3.ggpht.com/ytc/AL5GRJXwjUbEKJeOw3g7QPsoKOEiNpuo5oQnbaylPb7lYg=s48-c-k-c0x00ffffff-no-rj", "on_hold": false}, {"url": "https://www.youtube.com/feeds/videos.xml?channel_id=UCLsnJt_eyqkGZ4ZEM__xCOg", "title": "Vlog Casha", "category": "YouTube", "subcategory": "Travel", "dead": false, "export_to_cms": true, "remove_after_days": "0", "language": "en-US", "favicon": null, "on_hold": false}, {"url": "https://www.youtube.com/feeds/videos.xml?channel_id=UC6nSFpj9HTCZ5t-N3Rm3-HA", "title": "Vsauce", "category": "YouTube", "subcategory": "Science", "dead": false, "export_to_cms": true, "remove_after_days": "0", "language": "en-US", "favicon": "https://yt3.ggpht.com/ytc/AL5GRJWvTe2XC80z6_cZh5GZoYhRWaONosagXi6OnhiZGA=s48-c-k-c0x00ffffff-no-rj", "on_hold": false}, {"url": "https://www.youtube.com/feeds/videos.xml?channel_id=UCwdh3MTrFq3sXlB4ct8B-Fg", "title": "Warhammer", "category": "YouTube", "subcategory": "Tabletop", "dead": false, "export_to_cms": true, "remove_after_days": "0", "language": "en-US", "favicon": "https://yt3.ggpht.com/YZ5TgEIJXGJxQ0GqTDUhhKaQjqGBnf0xlQaeHr8QSjb-kEneCTKn4rZNtMpsX82pR0ZYkXPD=s48-c-k-c0x00ffffff-no-rj", "on_hold": false}, {"url": "https://feeds.feedburner.com/dcexaminer/tech", "title": "Washington Examiner - Tech", "category": "Tech", "subcategory": "Tech", "dead": false, "export_to_cms": true, "remove_after_days": "0", "language": "en-US", "favicon": "https://www.washingtonexaminer.com/favicon-32x32.png", "on_hold": false}, {"url": "https://feeds.feedburner.com/dcexaminer/Politics", "title": "Washington Examiner - politics", "category": "Politics", "subcategory": "Politics", "dead": false, "export_to_cms": true, "remove_after_days": "0", "language": "en-US", "favicon": "https://www.washingtonexaminer.com/favicon-32x32.png", "on_hold": false}, {"url": "https://feeds.feedburner.com/dcexaminer/WorldNews", "title": "Washington Examiner - world", "category": "News", "subcategory": "News", "dead": false, "export_to_cms": true, "remove_after_days": "0", "language": "en-US", "favicon": "https://www.washingtonexaminer.com/favicon-32x32.png", "on_hold": false}, {"url": "https://www.youtube.com/feeds/videos.xml?channel_id=UC9RM-iSvTu1uPJb8X5yp3EQ", "title": "Wendover Productions", "category": "YouTube", "subcategory": "Random", "dead": false, "export_to_cms": true, "remove_after_days": "0", "language": "en-US", "favicon": "https://yt3.ggpht.com/Qs26R6RA_ZNwCyPLsdtOS-8sM6k_TFVa6vNgFWbezvDr_mN097YVwT8fKGj5P_pY6midBYy6fQ=s48-c-k-c0x00ffffff-no-rj", "on_hold": false}, {"url": "https://www.youtube.com/feeds/videos.xml?channel_id=UCvg_4SPPEZ7y4pk_iB7z6sw", "title": "Whimsu", "category": "YouTube", "subcategory": "Tech", "dead": false, "export_to_cms": true, "remove_after_days": "0", "language": "en-US", "favicon": "https://yt3.ggpht.com/SAxka8Py6dF2heAH77kdwKmfeY-47Wr466tw70dx0ztB3A6ExSo2kgtPTDcfYw4Tgmjvaq99Fw=s48-c-k-c0x00ffffff-no-rj", "on_hold": false}, {"url": "https://www.youtube.com/feeds/videos.xml?channel_id=UCcXhhVwCT6_WqjkEniejRJQ", "title": "Wintergatan", "category": "YouTube", "subcategory": "Random", "dead": false, "export_to_cms": true, "remove_after_days": "0", "language": "en-US", "favicon": "https://yt3.ggpht.com/ytc/AL5GRJUzLZqYoK5YFedAnmo9IzMhEe0no6GNJDr7P8sgWg=s48-c-k-c0x00ffffff-no-rj", "on_hold": false}, {"url": "https://www.wired.com/feed/category/business/latest/rss", "title": "Wired business", "category": "Business", "subcategory": "Business", "dead": false, "export_to_cms": true, "remove_after_days": "0", "language": "en-US", "favicon": null, "on_hold": false}, {"url": "https://www.youtube.com/feeds/videos.xml?channel_id=UCxXu9tCU63mF1ntk89XPkzA", "title": "Worthkids", "category": "YouTube", "subcategory": "Comedy", "dead": false, "export_to_cms": true, "remove_after_days": "0", "language": "en-US", "favicon": "https://yt3.ggpht.com/hJYvl21SwX7OG-OrVGzxtsnMQTVL5hMC1-Lg8VUdOuj-Kwb-Uvg80vgj1nkRPgqlMu4RjlD5_A=s48-c-k-c0x00ffffff-no-rj", "on_hold": false}, {"url": "https://wydarzenia.interia.pl/feed", "title": "Wydarzenia Interia", "category": "News", "subcategory": "PL", "dead": false, "export_to_cms": true, "remove_after_days": "0", "language": "pl-PL", "favicon": null, "on_hold": false}, {"url": "https://wydarzenia.interia.pl/polska/feed", "title": "Wydarzenia Interia - Polska", "category": "News", "subcategory": "PL", "dead": false, "export_to_cms": true, "remove_after_days": "0", "language": "pl-PL", "favicon": null, "on_hold": false}, {"url": "https://wydarzenia.interia.pl/swiat/feed", "title": "Wydarzenia Interia - \u015awiat", "category": "News", "subcategory": "PL", "dead": false, "export_to_cms": true, "remove_after_days": "0", "language": "pl-PL", "favicon": null, "on_hold": false}, {"url": "https://www.youtube.com/feeds/videos.xml?channel_id=UCIw5fgJcTtR2Av-0JkZp-xg", "title": "Yuri Wong", "category": "YouTube", "subcategory": "Music", "dead": false, "export_to_cms": true, "remove_after_days": "0", "language": "en-US", "favicon": "https://yt3.ggpht.com/C7etTpCbsDErDSG0JOJDCdgCtv3vuXe-f9_xuo46gQYEJZSJpGY1V6sSdIuqa-xF-oL4ZUEd7w=s48-c-k-c0x00ffffff-no-rj", "on_hold": false}, {"url": "http://www.zdnet.com/news/rss.xml", "title": "ZDNET", "category": "Tech", "subcategory": "Tech", "dead": false, "export_to_cms": true, "remove_after_days": "0", "language": "en-US", "favicon": null, "on_hold": false}, {"url": "https://www.youtube.com/feeds/videos.xml?channel_id=UC9Ntx-EF3LzKY1nQ5rTUP2g", "title": "cyriak", "category": "YouTube", "subcategory": "Art", "dead": false, "export_to_cms": true, "remove_after_days": "0", "language": "en-US", "favicon": "https://yt3.ggpht.com/ytc/AL5GRJXg8JHpqw5iPiFDkDSmTL0V_gDPot90bkPSLzFFoQ=s48-c-k-c0x00ffffff-no-rj", "on_hold": false}, {"url": "https://www.instalki.pl/", "title": "instalki.pl", "category": "Tech", "subcategory": "PL", "dead": false, "export_to_cms": true, "remove_after_days": "0", "language": "pl-PL", "favicon": null, "on_hold": false}, {"url": "http://www.pcgamer.com/rss", "title": "pcgamer", "category": "Tech", "subcategory": "Tech", "dead": false, "export_to_cms": true, "remove_after_days": "0", "language": "en-US", "favicon": null, "on_hold": false}, {"url": "https://www.youtube.com/feeds/videos.xml?channel_id=UCq6VFHwMzcMXbuKyG7SQYIg", "title": "penguinz0", "category": "YouTube", "subcategory": "General", "dead": false, "export_to_cms": true, "remove_after_days": "0", "language": "en-US", "favicon": "https://yt3.ggpht.com/ytc/AL5GRJWOhJOuUC6C2b7gP-5D2q6ypXbcOOckyAE1En4RUQ=s48-c-k-c0x00ffffff-no-rj", "on_hold": false}, {"url": "http://wiadomosci.gazeta.pl/pub/rss/wiadomosci_kraj.htm", "title": "wiadomo\u015bci.gazeta.pl", "category": "News", "subcategory": "PL", "dead": false, "export_to_cms": true, "remove_after_days": "0", "language": "pl-PL", "favicon": null, "on_hold": false}]