[{"source": "https://www.youtube.com/feeds/videos.xml?channel_id=UC_0CVCfC_3iuHqmyClu59Uw", "title": "ROG Ally SSD Upgrade! Add More Storage So You Can Play All Your Games", "description": "In this video we do a quick SSD Upgrade in the ASUS ROG Ally to add more storage! Its Easy and I personally like doing a fresh Windows 11 Install by you could clone your Drive if you wanted to. The ASUS ROG Ally supports a 2230 NVME SSD so make sure that\u2019s the size you get.\n\nGet Windows 11 Here:https://www.microsoft.com/software-download/windows11\n\nINLAND TN436 1TB M.2 2230 SSD: https://amzn.to/3qbd4Z7\nSABRENT Rocket 2230 NVMe 4.0 1TB: https://amzn.to/43y4DFx\nUSB C HUB: https://amzn.to/43vfRLb\n\n\nFollow Me On Twitter: https://twitter.com/theetaprime\nFollow Me On Instagram: https://www.instagram.com/etaprime/\n\n25% Code for software: ETA\nWindows 10 Pro OEM Key($15): https://biitt.ly/KpEmf\nWindows10 Home Key($14): https://biitt.ly/2tPi1\nWindows 11 Pro Key($22): https://biitt.ly/RUZiX\nOffice 2019 pro key($49): https://biitt.ly/o0OQT\n\nEquipment I Use:\nMonitor: Pixio 277 Pro On Amazon: https://amzn.to/3PGUBwe\nElgato HD60 X Screen Capture Device: https://amzn.to/3GkP2AL\nTool Kit: https://amzn.to/3Wo8bpX\nCamera: https://amzn.to/3XJfFoI\n\nDISCLAIMER: This video and description contains affiliate links, which means that if you click on one of the product links, I\u2019ll receive a small commission at no extra cost to you!\nUnder section 107 of the Copyright Act 1976, allowance is made for \u201cfair use\u201d for purposes such as criticism, comment, news reporting, teaching, scholarship, education, and research.\nNo Games Are Included Or Added\n\nThis video and Channel and Video are for viewers 14 years older and up. This video is not made for viewers under the age of 14. \n\nWant to send me something?\nETAPRIME \n12520 Capital Blvd Ste 401 Number 108\nWake Forest, NC 27587 US\n\nTHIS VIDEO IS FOR EDUCATIONAL PURPOSES ONLY!\n\n00:00 Introduction\n00:15 Whats Needed to Upgrade\n02:24 Make A Bootable Windows 11 USB Installer\n03:50 How To Back Up Your Drivers\n05:49 How To Upgrade The ASUS ROG SSD\n08:14 Fresh Windows Install ROG ALLY\n\n#handheld #rogally #etaprime", "link": "https://www.youtube.com/watch?v=8Oxj5P-JLHY", "date_published": "2023-05-29 14:10:00+00:00", "persistent": false, "user": null, "language": "en-US"}]