[{"source": "https://thehill.com/news/feed/", "title": "Scorsese meets with pope, announces new film about Jesus", "description": "American film director Martin Scorsese announced over the weekend, shortly after meeting with the pope, that he would soon begin making a new film about Jesus, according to multiple reports.\u00a0 The announcement came at a Rome conference Saturday at the Vatican, entitled \u201cThe Global Aesthetics of the Catholic Imagination,\u201d and was a response to Pope...", "link": "https://thehill.com/blogs/in-the-know/4025410-scorsese-meets-with-pope-announces-new-film-about-jesus/", "date_published": "2023-05-29 23:03:54+00:00", "persistent": false, "user": null, "language": "en-US"}, {"source": "https://thehill.com/news/feed/", "title": "The bipartisan bill that could heal the mental health effects of climate change", "description": "Climate change affects every aspect of our lives. From heat waves that put our health at risk, to severe storms that damage our infrastructure and homes. From the stress of rising food insecurity to the disruptions of school closures when extreme weather hits. Another area that climate change hurts \u2014 and is deeply interconnected with...", "link": "https://thehill.com/opinion/congress-blog/4025419-the-bipartisan-bill-that-could-heal-the-mental-health-effects-of-climate-change/", "date_published": "2023-05-29 22:30:00+00:00", "persistent": false, "user": null, "language": "en-US"}, {"source": "https://thehill.com/news/feed/", "title": "Cruz condemns sweeping anti-gay Uganda law as 'horrific' and 'wrong'", "description": "Sen. Ted Cruz (R-Texas) took aim Monday at Uganda's sweeping new anti-gay law that could include the death penalty, describing it as \u201chorrific &#38; wrong\u201d and calling on other nations to join in his condemnation of the new legislation. \u201cThis Uganda law is horrific &#38; wrong. Any law criminalizing homosexuality or imposing the death penalty...", "link": "https://thehill.com/homenews/senate/4025387-cruz-condemns-sweeping-anti-gay-uganda-law-as-horrific-and-wrong/", "date_published": "2023-05-29 22:08:50+00:00", "persistent": false, "user": null, "language": "en-US"}, {"source": "https://thehill.com/news/feed/", "title": "Trump retakes lead from DeSantis in California GOP primary poll", "description": "Former President Trump has retaken the lead from Florida Gov. Ron DeSantis (R) among California\u2019s likely 2024 Republican primary voters, a new poll reveals.\u00a0 In the survey by the University of California-Berkeley Institute of Government Studies (IGS), 44 percent of the Golden State's likely GOP primary voters said they supported Trump, while 26 percent said...", "link": "https://thehill.com/homenews/campaign/4025370-trump-retakes-lead-from-desantis-in-california-gop-primary-poll/", "date_published": "2023-05-29 21:59:42+00:00", "persistent": false, "user": null, "language": "en-US"}, {"source": "https://thehill.com/news/feed/", "title": "Ramaswamy embraces 'outsider' label as he takes on Trump", "description": "Biotech entrepreneur Vivek Ramaswamy is casting himself as the true outsider in the Republican presidential field as he seeks to distinguish himself from a number of higher-profile names in his longshot bid for the White House. Recent national surveys have shown Ramaswamy, who\u2019s built a national brand for himself as an \u201canti-woke\u201d crusader, in the...", "link": "https://thehill.com/homenews/campaign/4021357-ramaswamy-embraces-outsider-label-as-he-takes-on-trump/", "date_published": "2023-05-29 21:29:00+00:00", "persistent": false, "user": null, "language": "en-US"}, {"source": "https://thehill.com/news/feed/", "title": "Biden calls for repeal of Uganda's new anti-gay law, threatens sanctions", "description": "President Biden on Monday called for the immediate repeal of Uganda\u2019s new Anti-Homosexuality Act and warned of possible sanctions as his administration evaluates \u201cthe implications of this law on all aspects of U.S. engagement with Uganda.\u201d\u00a0 \u201cThis shameful Act is the latest development in an alarming trend of human rights abuses and corruption in Uganda.\u00a0The...", "link": "https://thehill.com/homenews/administration/4025340-biden-calls-for-repeal-of-ugandas-new-anti-gay-law-threatens-sanctions/", "date_published": "2023-05-29 20:42:15+00:00", "persistent": false, "user": null, "language": "en-US"}, {"source": "https://thehill.com/news/feed/", "title": "Millions had Medicaid coverage tied to the pandemic. Now they stand to lose it", "description": "For months public health experts have been sounding the alarm over many Medicaid enrollees losing their coverage with the winding down of the COVID-19 public health emergency. But that hasn't stopped thousands from being caught off guard now that the emergency is officially over. Federal legislation passed during the pandemic prohibited states from terminating a...", "link": "https://thehill.com/policy/healthcare/4023041-millions-had-medicaid-coverage-tied-to-the-pandemic-now-they-stand-to-lose-it/", "date_published": "2023-05-29 19:56:00+00:00", "persistent": false, "user": null, "language": "en-US"}, {"source": "https://thehill.com/news/feed/", "title": "Texas lawmakers send anti-DEI bill to Abbott's desk", "description": "Texas lawmakers have moved to ban diversity, equity and inclusion (DEI) efforts at publicly funded universities in the state. Both chambers approved final language of a broad anti-DEI bill Sunday and sent it to Gov. Greg Abbott\u2019s (R) desk for his signature. If he signs the bill, Texas would become the second state in the...", "link": "https://thehill.com/homenews/state-watch/4025292-texas-lawmakers-send-anti-dei-bill-to-abbotts-desk/", "date_published": "2023-05-29 19:51:22+00:00", "persistent": false, "user": null, "language": "en-US"}, {"source": "https://thehill.com/news/feed/", "title": "DeSantis Disney governing board appointee quits a few months into job", "description": "One of the five members of Gov. Ron DeSantis\u2019s (R) handpicked Disney oversight board in Florida has resigned just three months after taking his post, according to local reports.\u00a0 Michael Sasso, a Florida attorney, was named to the Central Florida Tourism Oversight District by DeSantis on February 27, when legislation was signed giving the state...", "link": "https://thehill.com/homenews/state-watch/4025263-desantis-disney-governing-board-appointee-quits-a-few-months-into-job/", "date_published": "2023-05-29 19:02:48+00:00", "persistent": false, "user": null, "language": "en-US"}, {"source": "https://thehill.com/news/feed/", "title": "Reparations for climate change? Some think oil companies should pay", "description": "The idea that polluters should pay reparations for climate change is gaining steam among advocates.  Some environmentalists and academics argue the companies or states that are most significantly contributing to the climate crisis should be made to compensate the people bearing the brunt of its impacts.  Advocates have been calling for such reparations for years, especially since...", "link": "https://thehill.com/policy/energy-environment/4019510-reparations-for-climate-change-some-think-oil-companies-should-pay/", "date_published": "2023-05-29 19:00:00+00:00", "persistent": false, "user": null, "language": "en-US"}, {"source": "https://thehill.com/news/feed/", "title": "Zelensky lauds Americans 'defending the freedom' in Memorial Day message", "description": "Ukrainian President Volodymr Zelensky on Monday released a video message lauding Americans working to defend freedom, marking America's Memorial Day holiday as Ukrainian forces battle against Russia\u2019s latest gains in the country's east. \u201cOn behalf of all Ukrainians, I would like to honor the courage and self sacrifice of all Americans who stood in defense...", "link": "https://thehill.com/policy/international/4025259-zelensky-lauds-americans-defending-the-freedom-in-memorial-day-message/", "date_published": "2023-05-29 18:44:26+00:00", "persistent": false, "user": null, "language": "en-US"}, {"source": "https://thehill.com/news/feed/", "title": "Here are the top education issues state lawmakers battled over this year", "description": "Democrats and Republicans went head to head on education policy in state legislatures this year, with each side pulling out both wins and losses as many statehouses close their legislative sessions.  The heart of much of the fighting lay in culture war issues led by Republicans, from how lessons about race and gender should be...", "link": "https://thehill.com/homenews/education/4020930-here-are-the-top-education-issues-state-lawmakers-battled-over-this-year/", "date_published": "2023-05-29 18:00:00+00:00", "persistent": false, "user": null, "language": "en-US"}, {"source": "https://thehill.com/news/feed/", "title": "SpaceX and the science of failure", "description": "In the fields of science and technology in general, failure can be the key to success.", "link": "https://thehill.com/opinion/technology/4021083-spacex-and-the-science-of-failure/", "date_published": "2023-05-29 18:00:00+00:00", "persistent": false, "user": null, "language": "en-US"}, {"source": "https://thehill.com/news/feed/", "title": "Biden appeals to grieving families with late son Beau's story in Memorial Day speech", "description": "President Biden on Monday spoke to grieving families by paying tribute to his late son Beau in a Memorial Day speech, the day before the eighth anniversary of his son\u2019s death. \u201cTomorrow marks eight years since we lost our son Beau. Our losses are not the same. He didn't perish in the battlefield. It was...", "link": "https://thehill.com/homenews/administration/4025208-biden-appeals-to-grieving-families-with-late-son-beaus-story-in-memorial-day-speech/", "date_published": "2023-05-29 17:54:20+00:00", "persistent": false, "user": null, "language": "en-US"}, {"source": "https://thehill.com/news/feed/", "title": "DeSantis blasts debt ceiling deal: US is still 'careening toward bankruptcy'", "description": "Florida Gov. Ron DeSantis (R), who\u2019s running in the 2024 presidential race, blasted the bipartisan debt ceiling deal struck in principle over the weekend, arguing the U.S. is still \u201ccareening toward bankruptcy.\u201d  \u201cPrior to this deal \u2026 our country was careening towards bankruptcy. And after this deal, our country will still be careening towards bankruptcy,\u201d...", "link": "https://thehill.com/homenews/campaign/4025135-desantis-blasts-debt-ceiling-deal-us-is-still-careening-toward-bankruptcy/", "date_published": "2023-05-29 17:17:18+00:00", "persistent": false, "user": null, "language": "en-US"}, {"source": "https://thehill.com/news/feed/", "title": "Trump wishes happy Memorial Day to those fighting 'misfits and lunatic thugs' within the nation", "description": "Former President Trump wished a happy Memorial Day to \u201cthose who gave the ultimate sacrifice\u201d for the nation as well as to those who are \u201cstopping the threats of the terrorists, misfits and lunatic thugs who are working feverishly from within to overturn and destroy our once great nation.\u201d\u00a0 Trump warned on his social media...", "link": "https://thehill.com/homenews/campaign/4025169-trump-wishes-happy-memorial-day-to-those-fighting-misfits-and-lunatic-thugs-within-the-nation/", "date_published": "2023-05-29 16:46:46+00:00", "persistent": false, "user": null, "language": "en-US"}, {"source": "https://thehill.com/news/feed/", "title": "Thank you for your service: You\u2019re fired", "description": "The stigma that prevents veterans and others from seeking the mental health support they need is now compounded by the very real threat of losing their job if they obtain critical support for recovery and successful reintegration.", "link": "https://thehill.com/opinion/healthcare/4023606-thank-you-for-your-service-youre-fired/", "date_published": "2023-05-29 16:30:00+00:00", "persistent": false, "user": null, "language": "en-US"}, {"source": "https://thehill.com/news/feed/", "title": "Congress should not restrict care for veterans \u2014 deficit be damned", "description": "As the national debt ceiling negotiations in Washington reached a fever pitch again this year, health care for veterans took center stage.", "link": "https://thehill.com/opinion/healthcare/4020762-congress-should-not-restrict-care-for-veterans-deficit-be-damned/", "date_published": "2023-05-29 16:00:00+00:00", "persistent": false, "user": null, "language": "en-US"}, {"source": "https://thehill.com/news/feed/", "title": "Supreme Court preview: the major decisions still to come", "description": "The Supreme Court\u2019s decision season is in full swing. The justices in the coming weeks will hand down major rulings on student debt relief, affirmative action and the Voting Rights Act, with opinions in 30 remaining cases expected to be released by June 30.   Here\u2019s a preview of the major decisions. Student Debt Relief The...", "link": "https://thehill.com/regulation/court-battles/4022550-supreme-court-preview-the-major-decisions-still-to-come/", "date_published": "2023-05-29 16:00:00+00:00", "persistent": false, "user": null, "language": "en-US"}, {"source": "https://thehill.com/news/feed/", "title": "Why is Memorial Day in the spring?", "description": "Memorial Day is more than 155 years old - but do you know why it's always in May?", "link": "https://thehill.com/homenews/nexstar_media_wire/4021295-why-is-memorial-day-in-the-spring/", "date_published": "2023-05-29 16:00:00+00:00", "persistent": false, "user": null, "language": "en-US"}, {"source": "https://thehill.com/news/feed/", "title": "Lukashenko: 'Nuclear weapons for everyone' willing to join Russia and Belarus", "description": "Belarusian President Alexander Lukashenko has said he\u2019ll give nuclear weapons to states willing to join with Russia and Belarus, according to reports. \u201cIt\u2019s very simple. You have to join the union between Belarus and Russia, and that\u2019s it: There will be nuclear weapons for everyone,\u201d Lukashenko said on Russian state TV, as reported by NBC...", "link": "https://thehill.com/policy/international/4025106-lukashenko-nuclear-weapons-for-everyone-willing-to-join-russia-and-belarus/", "date_published": "2023-05-29 15:53:35+00:00", "persistent": false, "user": null, "language": "en-US"}, {"source": "https://thehill.com/news/feed/", "title": "WSJ: DeSantis would benefit from a little humor", "description": "The Wall Street Journal\u2019s editorial board, which is rooting for someone other than former President Trump to win the Republican Party\u2019s nomination for president, says Florida Gov. Ron DeSantis \u2014 Trump\u2019s strongest rival \u2014 should lighten up and show a little humor to win over voters.  Recent national polls show Trump with a huge lead...", "link": "https://thehill.com/homenews/campaign/4025120-wsj-desantis-would-benefit-from-a-little-humor/", "date_published": "2023-05-29 15:52:22+00:00", "persistent": false, "user": null, "language": "en-US"}, {"source": "https://thehill.com/news/feed/", "title": "Trader Joe's addresses 'conspiratorial theories' about its small parking lots", "description": "The grocery chain knows about customers' complaints, and has heard the far-fetched theories.", "link": "https://thehill.com/homenews/nexstar_media_wire/4024201-trader-joes-addresses-conspiratorial-theories-about-its-small-parking-lots/", "date_published": "2023-05-29 15:49:41+00:00", "persistent": false, "user": null, "language": "en-US"}, {"source": "https://thehill.com/news/feed/", "title": "Pros and cons of online apps for prescription meds", "description": "As a dermatologist and researcher on telemedicine for over a decade, I am both excited by and concerned about this recent trend of direct-to-consumer telemedicine platforms.", "link": "https://thehill.com/opinion/4022963-pros-and-cons-of-online-apps-for-prescription-meds/", "date_published": "2023-05-29 15:00:00+00:00", "persistent": false, "user": null, "language": "en-US"}, {"source": "https://thehill.com/news/feed/", "title": "Texas lawmakers send school safety bill to Gov. Abbott's desk a year after Uvalde shooting", "description": "State lawmakers in Texas on Sunday approved a school safety bill, sending the proposal to the governor\u2019s desk a year after the mass shooting massacre at Robb Elementary School in Uvalde, Texas. Texas House Bill 3 would require mental health training for school district employees who regularly interact with students and require at least one...", "link": "https://thehill.com/homenews/state-watch/4025072-texas-lawmakers-send-school-safety-bill-to-gov-abbotts-desk-a-year-after-uvalde-shooting/", "date_published": "2023-05-29 14:53:24+00:00", "persistent": false, "user": null, "language": "en-US"}, {"source": "https://thehill.com/news/feed/", "title": "We should memorialize all soldiers who died serving America\u2019s interests", "description": "Although our Memorial Day is for the commemoration of our war dead, it is also appropriate to honor those foreign partners on this special day.", "link": "https://thehill.com/opinion/national-security/4023646-we-should-memorialize-all-soldiers-who-died-serving-americas-interests/", "date_published": "2023-05-29 14:00:00+00:00", "persistent": false, "user": null, "language": "en-US"}, {"source": "https://thehill.com/news/feed/", "title": "GOP hopefuls are competing to become the next Trump", "description": "They certainly don\u2019t think they can defeat former President Trump, who retains a mammoth lead in the polls.\u00a0But if Trump's legal problems force him out of the race, Republican voters want a Trump-like candidate.", "link": "https://thehill.com/opinion/campaign/4020375-gop-hopefuls-are-competing-to-become-the-next-trump/", "date_published": "2023-05-29 13:30:00+00:00", "persistent": false, "user": null, "language": "en-US"}, {"source": "https://thehill.com/news/feed/", "title": "Ukrainian official hints counteroffensive coming \u2018soon\u2019", "description": "A Ukrainian official has indicated the country\u2019s expected counteroffensive is coming \u201csoon\u201d as Russian missiles hit Ukraine overnight and in a rarer daylight attack Monday.  The commander of Ukraine\u2019s ground forces, Oleksandr Syrskyi, said that \u201cthe time will soon come when we will move to active offensive actions,\u201d according to translations of a Telegram post,...", "link": "https://thehill.com/policy/defense/4024987-ukrainian-official-hints-counteroffensive-coming-soon/", "date_published": "2023-05-29 13:09:51+00:00", "persistent": false, "user": null, "language": "en-US"}, {"source": "https://thehill.com/news/feed/", "title": "Food delivery fees add up. Who keeps the money from all those surcharges?", "description": "There's nothing in the fridge and you don't have time to run out, so you open up a delivery app to order lunch. But by the time you go to check out, pay all the fees, and tip your driver, your $11 burrito has turned into an $19 splurge. Where does all that extra money go?", "link": "https://thehill.com/homenews/nexstar_media_wire/4020677-food-delivery-fees-add-up-who-keeps-the-money-from-all-those-surcharges/", "date_published": "2023-05-29 13:00:00+00:00", "persistent": false, "user": null, "language": "en-US"}, {"source": "https://thehill.com/news/feed/", "title": "Business groups endorse debt limit deal as McCarthy scrambles for votes", "description": "Major business groups are lining up behind Speaker Kevin McCarthy\u2019s (R-Calif.) deal with President Biden to raise the debt limit, giving more political momentum to the legislation as McCarthy urges skeptical members of the House GOP conference to back the bill.   \u201cFederal leaders should use this opportunity to limit out-of-control spending to avoid simply passing...", "link": "https://thehill.com/homenews/house/4024996-business-groups-endorse-debt-limit-deal-as-mccarthy-scrambles-for-votes/", "date_published": "2023-05-29 12:47:45+00:00", "persistent": false, "user": null, "language": "en-US"}, {"source": "https://thehill.com/news/feed/", "title": "Are you flying the flag correctly for Memorial Day?", "description": "Memorial Day is one of just a handful of days in which we fly the U.S. flag differently. Here's what to know.", "link": "https://thehill.com/homenews/nexstar_media_wire/4024479-are-you-flying-the-flag-correctly-for-memorial-day/", "date_published": "2023-05-29 12:00:00+00:00", "persistent": false, "user": null, "language": "en-US"}, {"source": "https://thehill.com/news/feed/", "title": "Russia issues arrest warrant for Lindsey Graham after Ukraine comments", "description": "Russia\u2019s Interior Ministry has issued an arrest warrant for Sen. Lindsey Graham (R-S.C.) after he praised U.S. military aid to Ukraine as \u201cthe best money we\u2019ve ever spent.\u201d  Russian officials reacted to a video of Graham\u2019s meeting Friday with Ukrainian President Volodymyr Zelensky in which Graham acknowledged \u201cRussians are dying\u201d and then said in another...", "link": "https://thehill.com/policy/defense/4024960-russia-issues-arrest-warrant-for-lindsey-graham-after-ukraine-comments/", "date_published": "2023-05-29 11:53:18+00:00", "persistent": false, "user": null, "language": "en-US"}, {"source": "https://thehill.com/news/feed/", "title": "How White House and GOP leaders are working to sell the budget deal", "description": "After President Biden and Speaker Kevin McCarthy (R-Calif.) signed off on a final budget agreement and a raise of the debt ceiling, the two sides moved onto a difficult task: selling the legislation to their respective parties to get it passed through Congress. Conservative Republicans and progressive Democrats have been quick to voice concerns with certain aspects of...", "link": "https://thehill.com/homenews/administration/4024752-how-white-house-and-gop-leaders-are-working-to-sell-the-budget-deal/", "date_published": "2023-05-29 10:00:00+00:00", "persistent": false, "user": null, "language": "en-US"}, {"source": "https://thehill.com/news/feed/", "title": "The Memo: Trump and his primary rivals get set for fight over Ukraine", "description": "The war in Ukraine is set to become one of the starkest dividing lines in the GOP presidential primary. Republicans who are largely united on a host of other issues \u2014 crime, immigration, the economy and the battle against \u201cwokeness\u201d \u2014 have deep tensions over a conflict that has now raged for more than 15...", "link": "https://thehill.com/homenews/campaign/4023109-the-memo-trump-and-his-primary-rivals-get-set-for-fight-over-ukraine/", "date_published": "2023-05-29 10:00:00+00:00", "persistent": false, "user": null, "language": "en-US"}, {"source": "https://thehill.com/news/feed/", "title": "Wagner founder scores bloody political victory in Bakhmut", "description": "The months-long siege of Bakhmut may have been a costly battlefield victory for the Wagner Group, but the private military company\u2019s founder, Yevgeny Prigozhin, scored a major political win by capturing the city.  The Wagner Group is now responsible for Russia\u2019s only two significant victories since last summer, having taken Bakhmut last weekend and the...", "link": "https://thehill.com/policy/defense/4023078-wagner-founder-scores-bloody-political-victory-in-bakhmut/", "date_published": "2023-05-29 10:00:00+00:00", "persistent": false, "user": null, "language": "en-US"}, {"source": "https://thehill.com/news/feed/", "title": "McConnell endorses debt-limit deal, calls on Senate conservatives not to delay it", "description": "Senate Republican Leader Mitch McConnell (R-Ky.) is calling on Senate colleagues, including conservative members of his conference, not to drag out the consideration of the debt-limit deal, which could be delayed past the June 5 deadline if senators use every procedural tool available to slow it down.   McConnell applauded Speaker Kevin McCarthy (R-Calif.) for...", "link": "https://thehill.com/homenews/senate/4024804-mcconnell-endorses-debt-limit-deal-calls-on-senate-conservatives-not-to-delay-it/", "date_published": "2023-05-29 02:13:13+00:00", "persistent": false, "user": null, "language": "en-US"}, {"source": "https://thehill.com/news/feed/", "title": "The FDA is ignoring patients in clinical trials", "description": "As a parent, what would you do? What would you say to the FDA?", "link": "https://thehill.com/opinion/healthcare/4020838-the-fda-is-turning-a-blind-eye-to-patients-in-clinical-trials/", "date_published": "2023-05-29 02:00:00+00:00", "persistent": false, "user": null, "language": "en-US"}, {"source": "https://thehill.com/news/feed/", "title": "Debt limit deal would approve West Virginia pipeline, curtail environmental law", "description": "The deal announced by President Biden and House Republican leaders this weekend would legislate the approval of a controversial West Virginia natural gas pipeline and shorten environmental reviews under one of the nation\u2019s bedrock environmental laws.  Included in the 99-page deal to lift the debt ceiling is the approval of the Mountain Valley Pipeline, a...", "link": "https://thehill.com/policy/energy-environment/4024767-debt-limit-deal-would-approve-west-virginia-pipeline-curtail-environmental-law/", "date_published": "2023-05-29 01:42:02+00:00", "persistent": false, "user": null, "language": "en-US"}]