[{"source": "https://www.computerworld.com/index.rss", "title": "China appeals to Japan to halt export restrictions as chip war escalates", "description": "<article>\n\t<section class=\"page\">\n<p>China is urging Japan to repeal restrictions on the export of chip-making technology, citing violations of international and trade regulations.</p><p>Beijing\u2019s condemnation is the latest development in <a href=\"https://www.computerworld.com/article/3683790/us-china-chip-war-puts-global-enterprises-in-the-crosshairs.html\">the ongoing chip war between the US and China</a>, which has seen moves from both nations to thwart each other\u2019s semiconductor manufacturing prowess.</p><p>The Japanese government\u2019s move to impose a ban on chip exports comes days after China <a href=\"https://www.computerworld.com/article/3697010/china-bans-chip-maker-micron-from-key-infrastructure-projects.html\">banned the use of Semiconductors manufactured by US-based chipmaker Micron</a>, citing a cybersecurity issue.</p><p class=\"jumpTag\"><a href=\"https://www.computerworld.com/article/3697791/china-appeals-to-japan-to-halt-export-restrictions-as-chip-war-escalates.html#jump\">To read this article in full, please click here</a></p></section></article>", "link": "https://www.computerworld.com/article/3697791/china-appeals-to-japan-to-halt-export-restrictions-as-chip-war-escalates.html#tk.rss_all", "date_published": "2023-05-29 10:33:00+00:00", "persistent": false, "user": null, "language": "en-US"}, {"source": "https://www.computerworld.com/index.rss", "title": "5 smart Chrome browser alternatives for Android", "description": "<article>\n\t<section class=\"page\">\n<p>Google Chrome is the default browser on Android phones. But maybe you want to use another browser because you prefer to avoid Google apps, you\u2019re looking for stronger privacy safeguards, or other reasons. Or maybe you simply want to keep a secondary browser on your phone to serve as a backup or for specific tasks.</p><p>There are a lot of alternative browsers that you can download from Google Play, but when using a browser for business, it\u2019s best to stick with the most trusted, well-known brands: DuckDuckGo, Microsoft Edge, Firefox, and Opera. This guide highlights the main features that set five business-friendly alternative browsers apart from Chrome, along with a few tips for getting the most out of each one. Unless otherwise noted, these browsers are free.</p><p class=\"jumpTag\"><a href=\"https://www.computerworld.com/article/3696975/chrome-alternatives-android-browsers.html#jump\">To read this article in full, please click here</a></p></section></article>", "link": "https://www.computerworld.com/article/3696975/chrome-alternatives-android-browsers.html#tk.rss_all", "date_published": "2023-05-29 10:00:00+00:00", "persistent": false, "user": null, "language": "en-US"}]