[{"source": "https://www.youtube.com/feeds/videos.xml?channel_id=UCKy1dAqELo0zrOtPkf0eTMw", "title": "Tekken 8 - Official Bryan Fury Gameplay Reveal Trailer", "description": "Tekken 8 has unveiled its latest fighter to the game, the one and only Bryan Fury. Bryan Fury is a former cop turned psychotic cyborg who is a wildcard for violence and destruction. Take a look at the trailer for brand new Bryan Fury gameplay in Tekken 8 coming to PlayStation 5, Xbox Series S|X, and PC.\n\n#Tekken8 #BryanFury", "link": "https://www.youtube.com/watch?v=IvI056RVHCk", "date_published": "2023-05-29 13:30:07+00:00", "persistent": false, "user": null, "language": "en-US"}]