[{"source": "https://www.youtube.com/feeds/videos.xml?channel_id=UCZYTClx2T1of7BRZ86-8fow", "title": "Does the Food Chain Stop At Jellyfish?", "description": "Order your stickers and all SciShow merch here: https://dftba.com/scishow\n\nJellyfish aren't the most nutritious animals in the ocean. Yet sea turtles and many other organisms get their nutrition from almost nothing else. Here's why they don't totally starve to death.\n\nHosted by: Hank Green (he/him)\n----------\nSupport SciShow by becoming a patron on Patreon: https://www.patreon.com/scishow\n----------\nHuge thanks go to the following Patreon supporters for helping us keep SciShow free for everyone forever: Matt Curls, Alisa Sherbow, Dr. Melvin Sanicas, Harrison Mills, Adam Brainard, Chris Peters, charles george, Piya Shedden, Alex Hackman, Christopher R, Boucher, Jeffrey Mckishen, Ash, Silas Emrys, Eric Jensen, Kevin Bealer, Jason A Saslow, Tom Mosner, Tom\u00e1s Lagos Gonz\u00e1lez, Jacob, Christoph Schwanke, Sam Lutfi, Bryan Cloer\n----------\nLooking for SciShow elsewhere on the internet?\nSciShow Tangents Podcast: https://scishow-tangents.simplecast.com/\nTikTok: https://www.tiktok.com/@scishow \nTwitter: http://www.twitter.com/scishow\nInstagram: http://instagram.com/thescishowFacebook: http://www.facebook.com/scishow\n\n#SciShow #science #education #learning #complexly\n----------\nSources:\nhttps://oceanservice.noaa.gov/facts/jellyfish.html \nhttps://www.sciencedirect.com/science/article/abs/pii/S0022098107000172 \nhttps://www.pnas.org/doi/10.1073/pnas.1015782108 \nhttps://link.springer.com/article/10.1007/BF00349462\nhttps://www.jstage.jst.go.jp/article/pbr/11/3/11_P110305/_pdf/-char/en\nhttps://journals.plos.org/plosone/article?id=10.1371/journal.pone.0031329 \nhttps://www.researchgate.net/publication/258158765_A_jellyfish_diet_for_the_herbivorous_green_turtle_Chelonia_mydas_in_the_temperate_SW_Atlantic\nhttps://link.springer.com/article/10.1007/s10750-010-0225-8 \nhttps://aslopubs.onlinelibrary.wiley.com/doi/full/10.1002/lno.11908 \nhttps://pureadmin.qub.ac.uk/ws/files/160982931/Hays_Doyle_Houghton_Editors_comments_revision_30Aug.pdf \nhttps://royalsocietypublishing.org/doi/10.1098/rspb.2014.2210 \nhttps://journals.plos.org/plosone/article?id=10.1371/journal.pone.0028478 \nhttps://www.cell.com/current-biology/pdf/S0960-9822(09)00596-X.pdf \n\n\nImage Sources:\nhttps://tinyurl.com/4ebz7m2n\nhttps://tinyurl.com/d3uz3nbj\nhttps://tinyurl.com/4mrewx2f\nhttps://tinyurl.com/34r2a2yj\nhttps://tinyurl.com/nhz3vxxt\nhttps://tinyurl.com/yr3vpazy\nhttps://tinyurl.com/4amzdsms\nhttps://www.flickr.com/photos/121935927@N06/13578885414\nhttps://tinyurl.com/2e4unubb\nhttps://tinyurl.com/yuwjvwkm\nhttps://tinyurl.com/4rze9bx7\nhttps://www.gettyimages.com/detail/photo/two-turtles-eating-a-jelly-fish-with-heads-together-royalty-free-image/470951018?phrase=turtle+eating+jellyfish&amp;adppopup=true\nhttps://www.gettyimages.com/detail/photo/colorful-blooming-jellyfish-in-the-sea-thailand-royalty-free-image/457206215?phrase=jellyfish+bloom&amp;adppopup=true\nhttps://www.flickr.com/photos/23261007@N05/2245137799/\nhttps://www.gettyimages.com/detail/photo/huge-school-of-water-jelly-royalty-free-image/594049296?phrase=jellyfish&amp;adppopup=true\nhttps://www.gettyimages.com/detail/photo/close-up-of-examining-of-test-sample-under-the-royalty-free-image/911834392?phrase=microscope&amp;adppopup=true\nhttps://www.gettyimages.com/detail/photo/tissue-of-liver-under-the-microscope-for-education-royalty-free-image/1080803362?phrase=animal+tissue&amp;adppopup=true\nhttps://www.gettyimages.com/detail/video/hawksbill-sea-turtle-eat-jellyfish-red-sea-abu-dabab-stock-footage/1132426647?adppopup=true\nhttps://www.gettyimages.com/detail/photo/turtle-eating-jellyfish-royalty-free-image/1252803921?phrase=green+turtle+jellyfish&amp;adppopup=true\nhttps://www.gettyimages.com/detail/video/many-dead-jellyfishes-on-beach-in-water-stock-footage/1457672512?adppopup=true\nhttps://www.flickr.com/photos/noaaphotolib/9734399523\nhttps://www.gettyimages.com/detail/photo/crabby-royalty-free-image/98466187?phrase=ghost+crab&amp;adppopup=true\nhttps://www.flickr.com/photos/noaaphotolib/9660899043/\nhttps://www.gettyimages.com/detail/illustration/deep-sea-cave-landscape-with-seaweed-and-royalty-free-illustration/1372242036?phrase=underwater&amp;adppopup=true\nhttps://www.gettyimages.com/detail/photo/bluefin-tuna-thunnus-thynnus-saltwater-fish-royalty-free-image/1334276621?phrase=Thunnus+Thynnus&amp;adppopup=true\nhttps://www.gettyimages.com/detail/photo/black-browed-albatrosses-on-the-coast-of-the-royalty-free-image/1366218793?phrase=albatross&amp;adppopup=true\nhttps://www.gettyimages.com/detail/photo/african-penguin-on-the-sandy-beach-royalty-free-image/636208434?phrase=african+penguin&amp;adppopup=true\nhttps://www.gettyimages.com/detail/video/scribbled-filefish-eating-jellyfish-stock-footage/1411191185?adppopup=true\nhttps://www.gettyimages.com/detail/video/jellyfish-swim-underwater-in-the-ocean-stock-footage/1413414579?adppopup=true\nhttps://www.gettyimages.com/detail/illustration/cosmic-illustration-beautiful-colorful-space-royalty-free-illustration/1402546586?phrase=space&amp;adppopup=true", "link": "https://www.youtube.com/watch?v=z5Rm3GB0f7I", "date_published": "2023-05-29 21:00:23+00:00", "persistent": false, "user": null, "language": "en-US"}, {"source": "https://www.youtube.com/feeds/videos.xml?channel_id=UCZYTClx2T1of7BRZ86-8fow", "title": "These octopuses have a shell, and it\u2019s not what you think #shorts #science #stem #scishow", "description": "Hosted by: Savannah Geary (they/them)\nEmily Davenport: Writer\nKelly Hills: Fact Checker\nAmy Peterson: Script Editor\nBill Mead: Videographer\nStefan Chin: Script Supervisor\nStefan Chin: Editor\nSavannah Geary: Associate Producer\nDaniel Comiskey: Editorial Director\nSarah Suta: Producer\nNicole Sweeney: Executive Producer\nHank Green: Executive Producer\n\nSources:\nhttps://academic.oup.com/gbe/article/14/11/evac140/6730389?login=false\nhttps://www.sciencealert.com/scientists-think-theyve-cracked-the-mystery-of-the-argonaut-octopus-and-its-shell\n\nImages:\nhttps://commons.wikimedia.org/wiki/File:Argonauta_argo_Merculiano.jpg\nhttps://www.gettyimages.com/detail/photo/pelagic-octopus-royalty-free-image/1403876350?phrase=argonaut&amp;adppopup=true\nhttps://www.gettyimages.com/detail/photo/chambered-nautilus-jetting-royalty-free-image/467325394?phrase=nautilus&amp;adppopup=true\nhttps://www.inaturalist.org/observations/5877500\nhttps://commons.wikimedia.org/wiki/File:Papierboot_Argonauta_200705181139.jpg", "link": "https://www.youtube.com/watch?v=Q0B9h_yAyEA", "date_published": "2023-05-29 19:00:18+00:00", "persistent": false, "user": null, "language": "en-US"}]