[{"source": "http://www.aljazeera.com/xml/rss/all.xml", "title": "As per your politics, debt ceiling plan is good or a \u2018disaster\u2019", "description": "While some of US Congress&#039;s most conservative members are not happy with the deal, business groups gave it a thumbs up.", "link": "https://www.aljazeera.com/economy/2023/5/29/as-per-your-politics-debt-ceiling-plan-is-good-or-a-disaster", "date_published": "2023-05-29 20:50:25+00:00", "persistent": false, "user": null, "language": "en-US"}, {"source": "http://www.aljazeera.com/xml/rss/all.xml", "title": "Iran journalist faces trial over charges tied to Amini protests", "description": "Iranian reporter tried in a closed court on charges linked to her coverage of Mahsa Amini\u2019s funeral.", "link": "https://www.aljazeera.com/news/2023/5/29/iranian-journalists-who-reported-aminis-death-stands-trial", "date_published": "2023-05-29 20:24:09+00:00", "persistent": false, "user": null, "language": "en-US"}, {"source": "http://www.aljazeera.com/xml/rss/all.xml", "title": "Teenaged student charged with murder in deadly Guyana school fire", "description": "The 15-year-old is accused of starting a fire in a school dormitory, killing 19, after her cell phone was confiscated.", "link": "https://www.aljazeera.com/news/2023/5/29/teenaged-student-charged-with-murder-in-deadly-guyana-school-fire", "date_published": "2023-05-29 19:35:20+00:00", "persistent": false, "user": null, "language": "en-US"}, {"source": "http://www.aljazeera.com/xml/rss/all.xml", "title": "Kosovo-Serbia tension: History, latest flare-up and what\u2019s next?", "description": "Clashes erupt between police and local Serbs in northern Kosovo after new ethnic Albanian mayors take office.", "link": "https://www.aljazeera.com/news/2023/5/29/kosovo-serbia-tension-history-latest-flare-up-and-whats-next", "date_published": "2023-05-29 19:33:02+00:00", "persistent": false, "user": null, "language": "en-US"}, {"source": "http://www.aljazeera.com/xml/rss/all.xml", "title": "What does re-election of Erdogan mean for Turkey and the world?", "description": "Leader set to begin a third term after winning presidential run-off vote.", "link": "https://www.aljazeera.com/program/inside-story/2023/5/29/what-does-re-election-of-erdogan-mean-for-turkey-and-the-world", "date_published": "2023-05-29 19:10:53+00:00", "persistent": false, "user": null, "language": "en-US"}, {"source": "http://www.aljazeera.com/xml/rss/all.xml", "title": "El Salvador ex-president sentenced to 14 years over gang talks", "description": "Mauricio Funes, who currently lives in Nicaragua, denies the charges and says 2012 truce was brokered by the church.", "link": "https://www.aljazeera.com/news/2023/5/29/el-salvador-ex-president-sentenced-to-14-years-over-gang-talks", "date_published": "2023-05-29 19:10:25+00:00", "persistent": false, "user": null, "language": "en-US"}, {"source": "http://www.aljazeera.com/xml/rss/all.xml", "title": "Libya court sentences 23 to death for ISIL campaign", "description": "Appeals court sentences 14 others to life in prison for campaign including beheading Egyptian Christians in 2015.", "link": "https://www.aljazeera.com/news/2023/5/29/libya-court-sentences-23-to-death-for-isil-campaign", "date_published": "2023-05-29 18:34:07+00:00", "persistent": false, "user": null, "language": "en-US"}, {"source": "http://www.aljazeera.com/xml/rss/all.xml", "title": "India files graft case against BAE Systems, Rolls-Royce", "description": "The &#039;criminal conspiracy&#039; case is related to the procurement and licensed manufacturing of 123 advanced jet trainers.", "link": "https://www.aljazeera.com/economy/2023/5/29/india-files-graft-case-against-bae-systems-rolls-royce", "date_published": "2023-05-29 17:42:14+00:00", "persistent": false, "user": null, "language": "en-US"}, {"source": "http://www.aljazeera.com/xml/rss/all.xml", "title": "Venezuela\u2019s Maduro meets Lula in Brazil as relations improve", "description": "Nicolas Maduro makes first visit to Brazil in years as Venezuela sees better ties with region&#039;s left-wing leaders.", "link": "https://www.aljazeera.com/news/2023/5/29/venezuelas-maduro-meets-lula-in-brazil-as-relations-improve", "date_published": "2023-05-29 17:35:41+00:00", "persistent": false, "user": null, "language": "en-US"}, {"source": "http://www.aljazeera.com/xml/rss/all.xml", "title": "US debt ceiling deal: What\u2019s in, what\u2019s out of the bill", "description": "The Democratic president and Republican speaker are trying to win over lawmakers to the plan in time to avert a default.", "link": "https://www.aljazeera.com/economy/2023/5/29/us-debt-ceiling-deal-whats-in-whats-out-of-the-bill", "date_published": "2023-05-29 17:29:15+00:00", "persistent": false, "user": null, "language": "en-US"}, {"source": "http://www.aljazeera.com/xml/rss/all.xml", "title": "Ukraine\u2019s parliament approves sanctions against Russia ally Iran", "description": "Package imposes trade, financial and technology sanctions against Iran and stops Tehran from using Ukraine&#039;s airspace.", "link": "https://www.aljazeera.com/news/2023/5/29/ukraines-parliament-approves-sanctions-against-russia-ally-iran", "date_published": "2023-05-29 16:42:07+00:00", "persistent": false, "user": null, "language": "en-US"}, {"source": "http://www.aljazeera.com/xml/rss/all.xml", "title": "Fighting continues in Sudan as latest ceasefire close to expiring", "description": "War inflicts widespread destruction on residential areas in Khartoum and adjacent cities of Omdurman and North Khartoum.", "link": "https://www.aljazeera.com/news/2023/5/29/fighting-continues-in-sudan-as-latest-ceasefire-close-to-expiring", "date_published": "2023-05-29 16:40:07+00:00", "persistent": false, "user": null, "language": "en-US"}, {"source": "http://www.aljazeera.com/xml/rss/all.xml", "title": "Nigeria\u2019s new President Bola Tinubu vows reset for ailing economy", "description": "Tinubu inherits economy riddled with huge debt from predecessor Buhari, whose protectionist policies spooked investors.", "link": "https://www.aljazeera.com/news/2023/5/29/nigerias-new-president-tinubu-promises-economic-reboot", "date_published": "2023-05-29 16:25:44+00:00", "persistent": false, "user": null, "language": "en-US"}, {"source": "http://www.aljazeera.com/xml/rss/all.xml", "title": "The adoption of sign language is a loud win for anti-capitalism", "description": "Its new status as a national language in South Africa follows a long struggle against forces putting profit over people.", "link": "https://www.aljazeera.com/opinions/2023/5/29/the-adoption-of-sign-language-is-a-loud-win-for-anti-capitalism", "date_published": "2023-05-29 16:18:56+00:00", "persistent": false, "user": null, "language": "en-US"}, {"source": "http://www.aljazeera.com/xml/rss/all.xml", "title": "Wildfire forces thousands of people to evacuate in eastern Canada", "description": "More than 16,000 people leave their homes as crews battle raging blaze near Halifax, Nova Scotia.", "link": "https://www.aljazeera.com/news/2023/5/29/wildfire-forces-thousands-of-people-to-evacuate-in-eastern-canada", "date_published": "2023-05-29 15:24:56+00:00", "persistent": false, "user": null, "language": "en-US"}, {"source": "http://www.aljazeera.com/xml/rss/all.xml", "title": "Shanghai records hottest day in May in 100 years", "description": "Temperature hits 36.7C in China&#039;s largest city as records fall across Southeast Asia and South Asia.", "link": "https://www.aljazeera.com/news/2023/5/29/shanghai-records-hottest-day-in-may-in-100-years", "date_published": "2023-05-29 15:06:42+00:00", "persistent": false, "user": null, "language": "en-US"}, {"source": "http://www.aljazeera.com/xml/rss/all.xml", "title": "Lavrov in shock Kenya visit days after Ukraine FM trip to Africa", "description": "The visits come as global powers continue to tussle for influence on the continent of 1.3 billion people.", "link": "https://www.aljazeera.com/news/2023/5/29/lavrov-in-shock-kenya-visit-days-after-ukraine-fm-trip-to-africa", "date_published": "2023-05-29 15:05:08+00:00", "persistent": false, "user": null, "language": "en-US"}, {"source": "http://www.aljazeera.com/xml/rss/all.xml", "title": "Saudi Arabia executes two Bahrainis accused of \u2018terrorism\u2019", "description": "Government did not specify the groups the men were associated with, but said they had been planning to launch attacks.", "link": "https://www.aljazeera.com/news/2023/5/29/saudi-arabia-executes-two-bahrainis-accused-of-terrorism", "date_published": "2023-05-29 14:59:25+00:00", "persistent": false, "user": null, "language": "en-US"}, {"source": "http://www.aljazeera.com/xml/rss/all.xml", "title": "After Turkey election win, what problems does Erdogan face next?", "description": "Economic concerns and relations with the West lie at the top of Erdogan&#039;s agenda after Sunday&#039;s presidential win.", "link": "https://www.aljazeera.com/news/2023/5/29/after-turkey-election-win-what-problems-does-erdogan-face-next", "date_published": "2023-05-29 13:34:46+00:00", "persistent": false, "user": null, "language": "en-US"}, {"source": "http://www.aljazeera.com/xml/rss/all.xml", "title": "Palestinian Authority officer killed by Israeli forces in Jenin", "description": "Ashraf Mohammad Ameen Ibrahim, 37, dies from gunshot wounds after a raid by Israeli forces on the Jenin refugee camp.", "link": "https://www.aljazeera.com/news/2023/5/29/palestinian-authority-officer-killed-by-israeli-forces-in-jenin", "date_published": "2023-05-29 13:26:28+00:00", "persistent": false, "user": null, "language": "en-US"}, {"source": "http://www.aljazeera.com/xml/rss/all.xml", "title": "Five key takeaways from Turkey\u2019s pivotal election", "description": "Erdogan a political survivor, Kurds put off by nationalist rhetoric and other reflections.", "link": "https://www.aljazeera.com/news/2023/5/29/five-key-takeaways-from-turkeys-pivotal-election", "date_published": "2023-05-29 13:23:54+00:00", "persistent": false, "user": null, "language": "en-US"}, {"source": "http://www.aljazeera.com/xml/rss/all.xml", "title": "Troubled Chelsea hire Mauricio Pochettino on two-year deal", "description": "The 51-year-old Argentinian is tasked with reviving Chelsea&#039;s fortunes after worst Premier League campaign since 1994.", "link": "https://www.aljazeera.com/sports/2023/5/29/chelsea-hire-mauricio-pochettino-coach", "date_published": "2023-05-29 13:12:57+00:00", "persistent": false, "user": null, "language": "en-US"}, {"source": "http://www.aljazeera.com/xml/rss/all.xml", "title": "\u2018Hope never dies\u2019: Venezuelan migrants disappear in Colombia", "description": "Human rights groups say the state is not doing enough to find hundreds of Venezuelans who have gone missing in Colombia.", "link": "https://www.aljazeera.com/news/2023/5/29/hope-never-dies-venezuelan-migrants-disappear-in-colombia", "date_published": "2023-05-29 13:07:05+00:00", "persistent": false, "user": null, "language": "en-US"}, {"source": "http://www.aljazeera.com/xml/rss/all.xml", "title": "Photos: Memories of Nakba inspire Palestinian artist\u2019s work", "description": "Abed Abdi, 81, is a Palestinian visual artist who was expelled from Haifa in 1948 and returned three years later.", "link": "https://www.aljazeera.com/gallery/2023/5/29/photos-memories-of-nakba-inspire-palestinian-artists-work", "date_published": "2023-05-29 12:52:46+00:00", "persistent": false, "user": null, "language": "en-US"}, {"source": "http://www.aljazeera.com/xml/rss/all.xml", "title": "\u2018Squandered goodwill\u2019: How Buhari failed Nigeria a second time", "description": "From the economy to security, Buhari&#039;s legacy will be one of missteps and misdeeds, analysts say as he hands over power.", "link": "https://www.aljazeera.com/features/2023/5/29/squandered-goodwill-how-buhari-failed-nigeria-a-second-time", "date_published": "2023-05-29 12:17:21+00:00", "persistent": false, "user": null, "language": "en-US"}, {"source": "http://www.aljazeera.com/xml/rss/all.xml", "title": "ICC leaders in Pakistan to secure cricket World Cup participation", "description": "After India declined to tour Pakistan for the Asia Cup, Pakistan says it won&#039;t play in the Cricket World Cup in India.", "link": "https://www.aljazeera.com/sports/2023/5/29/cricket-odi-world-cup-pakistan-india", "date_published": "2023-05-29 12:01:18+00:00", "persistent": false, "user": null, "language": "en-US"}, {"source": "http://www.aljazeera.com/xml/rss/all.xml", "title": "\u2018Ultimate influencer\u2019 Ronaldo\u2019s mixed season in Saudi Arabia", "description": "Ronaldo ends his first season in Saudi football empty-handed but his move to Al Nassr had impacts on and off the pitch.", "link": "https://www.aljazeera.com/sports/2023/5/29/football-cristiano-ronaldo-first-season-saudi-arabia-al-nassr", "date_published": "2023-05-29 11:43:10+00:00", "persistent": false, "user": null, "language": "en-US"}, {"source": "http://www.aljazeera.com/xml/rss/all.xml", "title": "US Senator Lindsey Graham on Russia wanted list after war remarks", "description": "Russia&#039;s Investigative Committee says it is opening a criminal investigation into comments made by Republican senator.", "link": "https://www.aljazeera.com/news/2023/5/29/us-senator-lindsey-graham-on-russia-wanted-list-after-war-remarks", "date_published": "2023-05-29 11:03:05+00:00", "persistent": false, "user": null, "language": "en-US"}, {"source": "http://www.aljazeera.com/xml/rss/all.xml", "title": "NATO troops form security cordons in Kosovo as Serbs protest", "description": "Soldiers block off four town halls to keep back Serbs protesting against ethnic Albanian mayors taking office.", "link": "https://www.aljazeera.com/news/2023/5/29/nato-troops-form-security-cordons-in-kosovo-as-serbs-protest", "date_published": "2023-05-29 10:57:58+00:00", "persistent": false, "user": null, "language": "en-US"}, {"source": "http://www.aljazeera.com/xml/rss/all.xml", "title": "Uganda\u2019s Museveni approves anti-LGBTQ law \u2013 parliament speaker", "description": "The new law, one of the world&#039;s strictest anti-LGBTQ laws, is in defiance of condemnations from international community.", "link": "https://www.aljazeera.com/news/2023/5/29/ugandas-museveni-approves-anti-lgbtq-law-parliament-speaker", "date_published": "2023-05-29 10:32:20+00:00", "persistent": false, "user": null, "language": "en-US"}, {"source": "http://www.aljazeera.com/xml/rss/all.xml", "title": "Not just Ben-Gvir: A new Al-Aqsa provocation is building up", "description": "The Israeli minister&#039;s visits have deep roots in religious Zionism. But his approach is now finding new takers too.", "link": "https://www.aljazeera.com/news/2023/5/29/not-just-ben-gvir-a-new-al-aqsa-provocation-is-building-up", "date_published": "2023-05-29 10:30:12+00:00", "persistent": false, "user": null, "language": "en-US"}, {"source": "http://www.aljazeera.com/xml/rss/all.xml", "title": "How did Turks living abroad vote in Turkey\u2019s run-off election?", "description": "Erdogan received 59.4 percent of international votes, while Kilicdaroglu managed to garner 40.6 percent.", "link": "https://www.aljazeera.com/news/2023/5/29/how-did-turks-living-abroad-vote-in-turkeys-run-off-election", "date_published": "2023-05-29 10:18:47+00:00", "persistent": false, "user": null, "language": "en-US"}, {"source": "http://www.aljazeera.com/xml/rss/all.xml", "title": "Lira hits record low, but stocks rise after Erdogan win in Turkey", "description": "The Turkish leader won the presidency for a third time after a run-off vote on Sunday.", "link": "https://www.aljazeera.com/economy/2023/5/29/lira-hits-record-low-but-stocks-rise-after-erdogan-win-in-turkey", "date_published": "2023-05-29 10:14:34+00:00", "persistent": false, "user": null, "language": "en-US"}, {"source": "http://www.aljazeera.com/xml/rss/all.xml", "title": "Tinubu sworn in as Nigeria\u2019s president, succeeds Buhari", "description": "Tinubu is Nigeria&#039;s fifth president since the return of democracy in 1999.", "link": "https://www.aljazeera.com/news/2023/5/29/tinubu-sworn-in-as-nigerias-president-succeeds-buhari", "date_published": "2023-05-29 09:55:54+00:00", "persistent": false, "user": null, "language": "en-US"}, {"source": "http://www.aljazeera.com/xml/rss/all.xml", "title": "Everest continues to attract climbers 70 years after first summit", "description": "Nepal&#039;s mountains captivate both adventurers and tourists and bring a vital lifeline to surrounding villages.", "link": "https://www.aljazeera.com/news/2023/5/29/everest-continues-to-attract-climbers-70-years-after-first-summit", "date_published": "2023-05-29 09:33:03+00:00", "persistent": false, "user": null, "language": "en-US"}, {"source": "http://www.aljazeera.com/xml/rss/all.xml", "title": "Spanish PM Pedro Sanchez calls early election for July 23", "description": "Prime minister says he will dissolve Spain&#039;s parliament after his party performed poorly in local and regional polls.", "link": "https://www.aljazeera.com/news/2023/5/29/spanish-pm-pedro-sanchez-calls-early-election-for-july-23", "date_published": "2023-05-29 09:31:30+00:00", "persistent": false, "user": null, "language": "en-US"}, {"source": "http://www.aljazeera.com/xml/rss/all.xml", "title": "History Illustrated: Wagner and the Rise of a Russian Mercenary", "description": "Yevgeny Prigozhin is a former convict and self-made oligarch who some now see as gunning for President Putin\u2019s job.", "link": "https://www.aljazeera.com/gallery/2023/5/29/history-illustrated-wagner-and-the-rise-of-a-russian-mercenary", "date_published": "2023-05-29 09:24:19+00:00", "persistent": false, "user": null, "language": "en-US"}, {"source": "http://www.aljazeera.com/xml/rss/all.xml", "title": "Carmakers emitting 74 million tonnes of CO2, Greenpeace says", "description": "Top automakers&#039; dependence on steel steering planet towards &#039;climate catastrophe&#039;, environmental group says.", "link": "https://www.aljazeera.com/economy/2023/5/29/carmakers-emitting-74-million-tonnes-of-co2-greenpeace-says", "date_published": "2023-05-29 06:28:36+00:00", "persistent": false, "user": null, "language": "en-US"}, {"source": "http://www.aljazeera.com/xml/rss/all.xml", "title": "Japan\u2019s Nikkei hits 33-year high on weak yen, US optimism", "description": "Japanese stock market rises to the highest level since July 1990 after the US finalises deal to raise the debt ceiling.", "link": "https://www.aljazeera.com/economy/2023/5/29/japans-nikkei-hits-33-year-high-on-weak-yen-us-optimism", "date_published": "2023-05-29 05:34:27+00:00", "persistent": false, "user": null, "language": "en-US"}, {"source": "http://www.aljazeera.com/xml/rss/all.xml", "title": "PwC Australia stands down staff amid tax plans leak scandal", "description": "Accounting firm pledges to do &#039;everything it takes&#039; to regain trust after leaking government information to clients.", "link": "https://www.aljazeera.com/economy/2023/5/29/pwc-australia-stands-down-staff-amid-deepening-tax-leak-scandal", "date_published": "2023-05-29 04:50:12+00:00", "persistent": false, "user": null, "language": "en-US"}, {"source": "http://www.aljazeera.com/xml/rss/all.xml", "title": "China to send its first civilian astronaut into space", "description": "Payload expert Gui Haichao will set off for the Tiangong space station as part of a three-person mission on Tuesday.", "link": "https://www.aljazeera.com/news/2023/5/29/china-to-send-its-first-civilian-astronaut-into-space", "date_published": "2023-05-29 04:39:52+00:00", "persistent": false, "user": null, "language": "en-US"}, {"source": "http://www.aljazeera.com/xml/rss/all.xml", "title": "Explosions as Russia launches 15th air assault on Kyiv in May", "description": "Overnight missile attack comes a day after Russia unleashed its largest ever drone assault on the Ukrainian capital.", "link": "https://www.aljazeera.com/news/2023/5/29/explosions-as-russia-launches-15th-air-assault-on-kyiv-in-may", "date_published": "2023-05-29 03:14:05+00:00", "persistent": false, "user": null, "language": "en-US"}, {"source": "http://www.aljazeera.com/xml/rss/all.xml", "title": "Philippines\u2019 crackdown on anonymous SIM cards prompts backlash", "description": "Some cybersecurity experts fear the SIM Card Registration Act will encourage identity theft and fraud.", "link": "https://www.aljazeera.com/economy/2023/5/29/philippines-crackdown-on-anonymous-sim-cards-prompts-backlash", "date_published": "2023-05-29 03:03:10+00:00", "persistent": false, "user": null, "language": "en-US"}, {"source": "http://www.aljazeera.com/xml/rss/all.xml", "title": "Biden says final US debt ceiling deal ready for Congress vote", "description": "US president and House Speaker Kevin McCarthy are confident they will be able to get enough support to avert a default.", "link": "https://www.aljazeera.com/news/2023/5/29/biden-says-final-us-debt-ceiling-deal-ready-for-congress-vote", "date_published": "2023-05-29 02:33:03+00:00", "persistent": false, "user": null, "language": "en-US"}, {"source": "http://www.aljazeera.com/xml/rss/all.xml", "title": "Russia-Ukraine war: List of key events, day 460", "description": "As the war enters its 460th day, we take a look at the main developments.", "link": "https://www.aljazeera.com/news/2023/5/29/russia-ukraine-war-list-of-key-events-day-460", "date_published": "2023-05-29 02:04:57+00:00", "persistent": false, "user": null, "language": "en-US"}, {"source": "http://www.aljazeera.com/xml/rss/all.xml", "title": "Dozens killed in clashes with troops in northeastern India", "description": "New Delhi has deployed security forces to Manipur to try and put down ethnic unrest that began earlier this month.", "link": "https://www.aljazeera.com/news/2023/5/29/dozens-killed-in-clashes-with-troops-in-northeastern-india", "date_published": "2023-05-29 01:26:40+00:00", "persistent": false, "user": null, "language": "en-US"}, {"source": "http://www.aljazeera.com/xml/rss/all.xml", "title": "North Korea plans \u2018satellite\u2019 launch in coming weeks: Japan", "description": "Pyongyang has said previously it completed work on a spy satellite, but Tokyo says launch could be ballistic missile.", "link": "https://www.aljazeera.com/news/2023/5/29/north-korea-plans-satellite-launch-in-coming-weeks-japan", "date_published": "2023-05-29 01:03:48+00:00", "persistent": false, "user": null, "language": "en-US"}]