[{"source": "https://www.codeproject.com/WebServices/NewsRSS.aspx", "title": "A conversation with a Muggle", "description": "", "link": "https://www.reddit.com/r/ProgrammerHumor/comments/xpa3hl/a_conversation_with_a_muggle/", "date_published": "2023-05-29 04:00:00+00:00", "persistent": false, "user": null, "language": "en-US"}, {"source": "https://www.codeproject.com/WebServices/NewsRSS.aspx", "title": "Break free from Windows and embrace the liberating experience of Bodhi Linux 7.0 Beta", "description": "Rota Fortunae though. Windows 11's windfall is coming, right?", "link": "https://betanews.com/2023/05/21/bodhi-linux-7-beta-windows-alternative-freedom-flexibility/", "date_published": "2023-05-29 04:00:00+00:00", "persistent": false, "user": null, "language": "en-US"}, {"source": "https://www.codeproject.com/WebServices/NewsRSS.aspx", "title": "Chinese hackers breach US critical infrastructure in stealthy attacks", "description": "Remember, hacking is more than just a crime. It's a survival trait.", "link": "https://www.bleepingcomputer.com/news/security/chinese-hackers-breach-us-critical-infrastructure-in-stealthy-attacks/", "date_published": "2023-05-29 04:00:00+00:00", "persistent": false, "user": null, "language": "en-US"}, {"source": "https://www.codeproject.com/WebServices/NewsRSS.aspx", "title": "France is fighting to save your iPhone from an early death", "description": "A few days ago I read articles saying that Apple is gaining significant market share because Apple phones are used longer, years longer, than Android phones. Now I'm reading that Apple makes their phones last shorter, by planning its obsolesence. I'm confused.", "link": "https://arstechnica.com/tech-policy/2023/05/france-is-fighting-to-save-your-iphone-from-an-early-death/", "date_published": "2023-05-29 04:00:00+00:00", "persistent": false, "user": null, "language": "en-US"}, {"source": "https://www.codeproject.com/WebServices/NewsRSS.aspx", "title": "Hackers target 1.5M WordPress sites with cookie consent plugin exploit", "description": "The plugin, Beautiful Cookie Consent Banner, is made with sweetener and carcinogens. Do not eat.", "link": "https://www.bleepingcomputer.com/news/security/hackers-target-15m-wordpress-sites-with-cookie-consent-plugin-exploit/", "date_published": "2023-05-29 04:00:00+00:00", "persistent": false, "user": null, "language": "en-US"}, {"source": "https://www.codeproject.com/WebServices/NewsRSS.aspx", "title": "Pushing the laptop performance envelope", "description": "I feel like adding a racing stripe to it would be quite sharp.", "link": "https://www.codeproject.com/Lounge.aspx?fid=1159&df=90&mpp=100&sort=Position&spc=Relaxed&tid=5944754", "date_published": "2023-05-29 04:00:00+00:00", "persistent": false, "user": null, "language": "en-US"}, {"source": "https://www.codeproject.com/WebServices/NewsRSS.aspx", "title": "Solar power due to overtake oil production investment for first time, IEA says", "description": "\"We could both buy a Cadillac Escalade, you spending $60k and myself spending close to $90k that doesnt specifically mean I have better features. It could mean I am bad at negotiating costs.\" You're both bad. You bought a Cadillac!", "link": "https://www.reuters.com/business/energy/solar-power-due-overtake-oil-production-investment-first-time-iea-2023-05-25/", "date_published": "2023-05-29 04:00:00+00:00", "persistent": false, "user": null, "language": "en-US"}]