[{"source": "https://www.gamespot.com/feeds/mashup", "title": "Diablo IV Everything To Know", "description": "<img height=\"480\" src=\"https://www.gamespot.com/a/uploads/square_medium/1574/15746725/4144394-etk_diablo4_site.jpg\" width=\"480\" /> From the game's different classes, to its locations and systems, here's everything we know about Diablo IV ahead of launch.", "link": "https://www.gamespot.com/videos/diablo-iv-everything-to-know/2300-6461497/", "date_published": "2023-05-29 15:00:00+00:00", "persistent": false, "user": null, "language": "en-US"}]