[{"source": "https://www.youtube.com/feeds/videos.xml?channel_id=UCTTZqMWBvLsUYqYwKTdjvkw", "title": "\ud83d\udcbc Pracownik gorszy ni\u017c cyberprzest\u0119pca", "description": "Czy mo\u017ce by\u0107 co\u015b gorszego ni\u017c atak ransomware, w dodatku skuteczny, na nasz\u0105 organizacj\u0119? Okazuje si\u0119, \u017ce tak.\n \n\u0179r\u00f3d\u0142a:\nhttps://tinyurl.com/bdf6jhet\n\n \n#ransomware #pracownik #z\u0142odziej #firma", "link": "https://www.youtube.com/watch?v=yEEZrc7F06Q", "date_published": "2023-05-29 04:00:23+00:00", "persistent": false, "user": null, "language": "pl-PL"}]