[{"source": "https://www.youtube.com/feeds/videos.xml?channel_id=UCBa659QWEk1AI4Tg--mrJ2A", "title": "This is an excuse to show you a really good tunnel", "description": "The Catesby Tunnel, in the UK, is an old Victorian railway tunnel that has a new use: a secretive car testing facility, like a wind tunnel but in reverse. So rather than just show it to the world, I thought I'd answer a question: if you stick a camera on the outside of your car, how much does the drag cost you? \u25a0 The tunnel: https://catesbytunnel.com/\n\nCamera: Jamie MacLeod https://www.jamiemacleod.co.uk/\nEditor: Michelle Martin https://twitter.com/mrsmmartin\n\nThis is not an advert, Catesby Projects and the tunnel team had no editorial control and I wasn't paid. (In fact, I paid quite a bit for the fire safety team!)\n\nThank you to the many people who suggested this over the years, but in particular to David who was able to put me in touch with them directly!\n\nI'm at https://tomscott.com\non Twitter at https://twitter.com/tomscott\non Facebook at https://facebook.com/tomscott\nand on Instagram as tomscottgo", "link": "https://www.youtube.com/watch?v=xWL40q3DMoQ", "date_published": "2023-05-29 15:00:45+00:00", "persistent": false, "user": null, "language": "en-US"}]