[{"source": "https://www.youtube.com/feeds/videos.xml?channel_id=UCs6KfncB4OV6Vug4o_bzijg", "title": "Aurora Users: Proceed with Caution!", "description": "For More Info: https://discuss.techlore.tech/t/aurora-store-anonymous-logins-are-removed-indefinitely/3817\nTo Support Aurora: https://auroraoss.com/\n\nAurora is a staple tool for people looking to de-google their Android devices. Currently, the anonymous login functionality is not working - and Google is rumored to be deleting some Google accounts used through Aurora. Proceed with caution, spread the word, and support the Aurora project if you\u2019re able. Aurora is looking into options to bring back anon login, so let\u2019s support and do our best to be patient \ud83d\ude80 \n\n\ud83d\udd10 Our Website: https://techlore.tech\n\ud83c\udfeb Techlore Coaching - to get direct support: https://techlore.tech/coaching\n\ud83d\udd75 Go Incognito Course - to learn about privacy: https://techlore.tech/goincognito\n\nConnect with our privacy community:\n\u2709\ufe0f Blog: https://dispatch.techlore.tech\n\ud83d\udcbb Forum: https://discuss.techlore.tech\n\u24c2\ufe0f Mastodon: https://social.lol/@techlore\n\nWe provide all content & resources for free, please consider supporting our work to help us expand our content:\n\ud83e\udde1 Patreon: https://www.patreon.com/techlore\n\ud83d\udc96 All Other Support Methods: https://techlore.tech/support\n#aurora #techlore #shorts", "link": "https://www.youtube.com/watch?v=NNyqbT_xvPA", "date_published": "2023-05-29 06:30:53+00:00", "persistent": false, "user": null, "language": "en-US"}]