[{"source": "https://www.youtube.com/feeds/videos.xml?channel_id=UCAKcSON6PSG_JkTbXh2WdIg", "title": "The New Pornographers \u2013 Continue as a Guest (live for The Current)", "description": "A band since 1997, the New Pornographers continue to evolve with their latest album, Continue as a Guest. The band visited The Current to play songs from the record, their ninth full-length release, and their first on Merge Records.\n\nWatch and listen to the complete session, including A.C. Newman's interview with Jill Riley: https://youtu.be/eQOfX8dB0Ic\n\nMusicians\nA.C. Newman \u2013 vocals, guitar\nKathryn Calder \u2013 keyboard, vocals\nAdam Schatz \u2013 saxophone, keyboard\nJoe Seiders \u2013 drums, vocals\n\nCredits\nGuests \u2013 @TheNewPornographers \nHost \u2013 Jill Riley\nProducer \u2013 Derrick Stevens\nVideo Director \u2013 Evan Clark\nCamera Operators \u2013 Guillermo Bonilla, Peter Ecklund\nAudio \u2013 Evan Clark\nGraphics \u2013 Natalia Toledo\nDigital Producer \u2013 Luke Taylor\n\nYou rely on The Current to keep you connected to the music you love, and we rely on you to power this station. Everything you find here is only possible because of listener support. Give now at: http://www.support.mpr.org/youtube  \n\nSubscribe to our channel:\nhttp://www.youtube.com/user/893TheCurrent?sub_confirmation=1  \n\nLike/Follow:\nhttps://www.facebook.com/TheCurrent/  \nhttps://twitter.com/TheCurrent  \nhttps://www.instagram.com/thecurrent/\nhttps://www.tiktok.com/@thecurrent.org\n\n#thenewpornographers @MergeRecords", "link": "https://www.youtube.com/watch?v=z7V-2xFWT-8", "date_published": "2023-05-29 02:00:29+00:00", "persistent": false, "user": null, "language": "en-US"}]