[{"source": "https://www.youtube.com/feeds/videos.xml?channel_id=UCzKFvBRI6VT3jYJq6a820nA", "title": "A Day in the Life of Ben Affleck", "description": "ON TOUR: Tampa, San Diego, Salt Lake City, New York, Tacoma, Kansas City, Omaha, Edmonton, Lost Angeles, Irvine, San Jose, Phoenix, Toronto - http://ryanlongcomedy.com\nMY PODCAST - THE BOYSCAST: http://youtube.com/theboyscast\nSupport me at http://patreon.com/theboyscast \nFELLAS FELLAS MERCH: http://ryanlongstore.com\nTOUR DATES: http://ryanlongcomedy.com\nMY VLOG CHANNEL: http://youtube.com/ryanlongpremium\nMY PODCAST AUDIO: https://podcasts.apple.com/us/podcast/the-boyscast-with-ryan-long/id1498829489\nInstagram: @ryanlongcomedy\nTwitter: @ryanlongcomedy\nFacebook.com/ryanlongcomedy\ntiktok @ryanlongcomedy", "link": "https://www.youtube.com/watch?v=NHl4YgTmFBk", "date_published": "2023-05-29 16:00:23+00:00", "persistent": false, "user": null, "language": "en-US"}]