[{"source": "https://www.youtube.com/feeds/videos.xml?channel_id=UCz1fTbwui7o5aDZ6W1dOLTQ", "title": "Morning Nonsense: Times - They Are A Crazy!", "description": "MAIN RULE: Please do NOT attack or insult other members of the chat with superchats.\n\nGet The Little Mercmaid here: https://www.fundmycomic.com/campaign/11/ar-13l-the-little-mercmaid\n\nGet Dr. Alpha: Dead Man's Lullaby: https://www.indiegogo.com/projects/dr-alpha-dead-man-s-lullaby-vol-1/coming_soon/x/22169562\n\nDr. Alpha: Miracle Child on Amazon: https://www.amazon.com/dp/B0B7F95YF3\n\nRumble: https://rumble.com/c/c-2621304\n\nMUSIC:\nThere You Are (POGO): https://www.youtube.com/watch?v=5tOAZkrkuVA\nSurrender (First to Eleven): https://www.youtube.com/watch?v=nUk6ARY7dSg\nWalk Like An Egyptian (Bangles): https://www.youtube.com/watch?v=tMnGmoLS6zo\nSaturday Night's Alright for Fighting (Elton John): https://www.youtube.com/watch?v=26wEWSUUsUc\nSmells Like Teen Spirit Major Key (Nirvana/Sleep Good): https://www.youtube.com/watch?v=dVehv_LDWaE\nSurface Pressure JoJo Remix (Thai McGrath): https://www.youtube.com/watch?v=MVOrUkLOEOI\nSegata Sanshiro: https://www.youtube.com/watch?v=POkU70cjYI8\nOut to Lunch: https://www.youtube.com/watch?v=Vn1pf0Xi3nU\nWalking Around in Circles: https://www.youtube.com/watch?v=S0-coASIjkQ\nGorilla for Sale: https://www.youtube.com/watch?v=r_oaVD4NzYo\nFeather&amp;BigPoppa by Chillappines g2ollopA: https://www.youtube.com/watch?v=FsB5LiqXERE&amp;list=RDMMulfeM8JGq7s&amp;index=24\nDirty Deeds by Joan Jett: https://www.youtube.com/watch?v=4Ikf3gclG7w\n\n\nSTREAMLABS Link: https://streamlabs.com/literaturedevil\n\nTwitch: https://www.twitch.tv/literaturedevil\n\nThumbnail: Nerd Wonder\n\nMinds: https://www.minds.com/literaturedevil/\n\nTwitter: https://twitter.com/literaturedevil\n\nDiscord server: https://discord.gg/CYZZTFS\n\nFight Censorship shirt (Color): https://teespring.com/fight-censorship-color?pid=387&amp;cid=100163&amp;sid=front\n\nFight Censorship: https://teespring.com/new-fight-censorship?pid=387&amp;cid=101810&amp;sid=front\n\nFight Censorship Mask: https://teespring.com/fight-censprship-mask?pid=972&amp;cid=103974\n\nFight Censorship Mug (colored): https://teespring.com/fight-censorship-mug-colored?pid=658&amp;cid=102908\n\nFight Censorship Mug: https://teespring.com/fight-censorship-mug-black?pid=658&amp;cid=102950\n\nSubscribeStar: https://www.subscribestar.com/literature-devil\n\nSmudboy: https://www.youtube.com/user/smudboy\nShiney FX:https://www.youtube.com/channel/UCS4jTMx3GHWZLlT7Rqy5GTQ\nVoice in the Radio: https://www.youtube.com/channel/UCvc8Ikvyuj_lHNWAo4Gu_lg\nGlib: https://www.youtube.com/channel/UC9zuyLdn1FncxrKnDuErYeA\nLord Commander Dunn: https://www.youtube.com/channel/UCbRyEIfMmJ2oWUMyOlrg4CA\n\nReylo Tears Mug (White): https://teespring.com/reylo-tears-mug-white?pid=658&amp;cid=102908\n\nReylo Tears Mug (Black): https://teespring.com/reylo-tears-mug-black?pid=658&amp;cid=102950", "link": "https://www.youtube.com/watch?v=4O41-EG_GqY", "date_published": "2023-05-29 02:32:37+00:00", "persistent": false, "user": null, "language": "en-US"}]