[{"source": "https://www.theepochtimes.com/c-world/feed/", "title": "John Robson: Elite Pushback Against a Canadian Foreign Agent Registry Is a Ruse", "description": "Sen. Yuen Pau Woo (R) denounces RCMP allegations of Beijing interference in Canada during a news conference in Montreal on May 5, 2023. (The Canadian Press/Ryan Remiorz)", "link": "https://www.theepochtimes.com/john-robson-elite-pushback-against-a-canadian-foreign-agent-registry-is-a-ruse_5298431.html", "date_published": "2023-05-29 23:04:20+00:00", "persistent": false, "user": null, "language": "en-US"}, {"source": "https://www.theepochtimes.com/c-world/feed/", "title": "Plan for Fate of Crumbling 24 Sussex Expected by Fall, Minister Tells MPs", "description": "A construction worker walks past the front entrance to 24 Sussex Drive in Ottawa on May 29, 2023. (The Canadian Press/Sean Kilpatrick)", "link": "https://www.theepochtimes.com/plan-for-fate-of-crumbling-24-sussex-expected-by-fall-minister-tells-mps_5298794.html", "date_published": "2023-05-29 22:25:09+00:00", "persistent": false, "user": null, "language": "en-US"}, {"source": "https://www.theepochtimes.com/c-world/feed/", "title": "Minister Reviewing CBC\u2019s Mandate With Eye to Making It Less Reliant on Advertising", "description": "Minister of Canadian Heritage Pablo Rodriguez prepares to appear before a Senate committee on Parliament Hill in Ottawa on Nov. 22, 2022. (Justin Tang/The Canadian Press)", "link": "https://www.theepochtimes.com/minister-reviewing-cbcs-mandate-with-eye-to-making-it-less-reliant-on-advertising_5298778.html", "date_published": "2023-05-29 22:21:48+00:00", "persistent": false, "user": null, "language": "en-US"}, {"source": "https://www.theepochtimes.com/c-world/feed/", "title": "Quebec, Ottawa Pledge $300 Million for GM Electric Car Battery Component Plant", "description": "Innovation, Science, and Industry Minister Francois-Philippe Champagne responds to a question during Question Period in Ottawa on Nov. 16, 2022. (Adrian Wyld/The Canadian Press)", "link": "https://www.theepochtimes.com/quebec-ottawa-pledge-300-million-for-gm-electric-car-battery-component-plant_5298643.html", "date_published": "2023-05-29 21:08:33+00:00", "persistent": false, "user": null, "language": "en-US"}, {"source": "https://www.theepochtimes.com/c-world/feed/", "title": "NDP MP Jenny Kwan Told by CSIS She\u2019s a Target of Beijing", "description": "NDP MP Jenny Kwan speaks to reporters about her briefing with CSIS where they confirmed that she was a target of foreign interference, in the Foyer of the House of Commons on Parliament Hill in Ottawa, on May 29, 2023. (THE CANADIAN PRESS/Justin Tang)", "link": "https://www.theepochtimes.com/ndp-mp-jenny-kwan-told-by-csis-shes-a-target-of-beijing_5298371.html", "date_published": "2023-05-29 20:50:48+00:00", "persistent": false, "user": null, "language": "en-US"}, {"source": "https://www.theepochtimes.com/c-world/feed/", "title": "Man Pleads Guilty to Murder, Assault in BC Library Stabbing Spree", "description": "A lady places flowers at a makeshift memorial as the RCMP give a news conference outside of the Lynn Valley Library in Lynn Valley in North Vancouver, B.C., on March 29, 2021. (The Canadian Press/Jonathan Hayward)", "link": "https://www.theepochtimes.com/man-pleads-guilty-to-murder-assault-in-bc-library-stabbing-spree_5298574.html", "date_published": "2023-05-29 20:41:23+00:00", "persistent": false, "user": null, "language": "en-US"}, {"source": "https://www.theepochtimes.com/c-world/feed/", "title": "BC Police Say Remains of Madison Scott, Last Seen in 2011, Have Been Found", "description": "Madison Scott is shown in this undated handout photo. (The Canadian Press/HO-RCMP)", "link": "https://www.theepochtimes.com/bc-police-say-remains-of-madison-scott-last-seen-in-2011-have-been-found_5298563.html", "date_published": "2023-05-29 20:38:27+00:00", "persistent": false, "user": null, "language": "en-US"}, {"source": "https://www.theepochtimes.com/c-world/feed/", "title": "NDP Motion Asks Johnston to Step Down as Special Rapporteur", "description": "New Democratic Party leader Jagmeet Singh listens to a question from a reporter during a news conference, on Oct. 5, 2022 in Ottawa. (The Canadian Press/Adrian Wyld)", "link": "https://www.theepochtimes.com/ndp-motion-asks-johnston-to-step-down-as-special-rapporteur_5298270.html", "date_published": "2023-05-29 20:12:49+00:00", "persistent": false, "user": null, "language": "en-US"}, {"source": "https://www.theepochtimes.com/c-world/feed/", "title": "Feds Will Introduce \u2018Online Safety Bill\u2019 by This Fall, Says Heritage Minister", "description": "Canadian Heritage Minister Pablo Rodriguez rises during question period on Parliament Hill in Ottawa on April 28, 2023. (The Canadian Press/Adrian Wyld)", "link": "https://www.theepochtimes.com/feds-will-introduce-online-safety-bill-by-this-fall-says-heritage-minister_5298046.html", "date_published": "2023-05-29 19:24:07+00:00", "persistent": false, "user": null, "language": "en-US"}, {"source": "https://www.theepochtimes.com/c-world/feed/", "title": "Canada Must Strengthen the Nation-State and Stop Eroding Its Sovereignty: Brian Peckford", "description": "Former Newfoundland and Labrador premier Brian Peckford holds a press conference on Parliament Hill in Ottawa on Sept. 19, 2012. (The Canadian Press/Adrian Wyld)", "link": "https://www.theepochtimes.com/canada-must-strengthen-the-nation-state-and-stop-eroding-its-sovereignty-brian-peckford_5297280.html", "date_published": "2023-05-29 18:04:43+00:00", "persistent": false, "user": null, "language": "en-US"}, {"source": "https://www.theepochtimes.com/c-world/feed/", "title": "Feds Scrap Cultural Fund That Spent Canadian Tax Dollars on Sex Toy Show", "description": "Canadian dollar coins sit atop Canada's flag in a file photo. (Mark Blinch/Reuters)", "link": "https://www.theepochtimes.com/feds-scrap-cultural-fund-that-spent-canadian-tax-dollars-on-sex-toy-show_5297796.html", "date_published": "2023-05-29 17:44:43+00:00", "persistent": false, "user": null, "language": "en-US"}, {"source": "https://www.theepochtimes.com/c-world/feed/", "title": "Libyan Court Sentences 23 Suspected ISIS Terrorists to Death", "description": "This is a locator map for Libya with its capital, Tripoli. (AP Photo)", "link": "https://www.theepochtimes.com/libyan-court-sentences-23-suspected-isis-terrorists-to-death_5297964.html", "date_published": "2023-05-29 16:50:47+00:00", "persistent": false, "user": null, "language": "en-US"}, {"source": "https://www.theepochtimes.com/c-world/feed/", "title": "When Environmental Radicalism Is More Harmful Than Good", "description": "Signs of regrowth are seen amongst bushfire affected natives and blue gum forestry west of Parndana, Australia, on Feb. 23, 2020. (Lisa Maree Williams/Getty Images)", "link": "https://www.theepochtimes.com/when-environmental-radicalism-is-more-harmful-than-good_5297320.html", "date_published": "2023-05-29 16:43:24+00:00", "persistent": false, "user": null, "language": "en-US"}, {"source": "https://www.theepochtimes.com/c-world/feed/", "title": "High School Student in Italy Wounds Teacher With Hunting Knife, Waves Toy Gun in Class", "description": "File photo of a police tape in Italy. (FooTToo/Shutterstock)", "link": "https://www.theepochtimes.com/high-school-student-in-italy-wounds-teacher-with-hunting-knife-waves-toy-gun-in-class_5297881.html", "date_published": "2023-05-29 16:18:00+00:00", "persistent": false, "user": null, "language": "en-US"}, {"source": "https://www.theepochtimes.com/c-world/feed/", "title": "Seven in Court Charged With Attempted Murder of Northern Ireland Detective", "description": "PSNI Detective Chief Inspector John Caldwell pictured at a garden party in Northern Ireland on May 24, 2023 (Brian Lawless/PA Wire)", "link": "https://www.theepochtimes.com/seven-in-court-charged-with-attempted-murder-of-northern-ireland-detective_5297734.html", "date_published": "2023-05-29 15:50:31+00:00", "persistent": false, "user": null, "language": "en-US"}, {"source": "https://www.theepochtimes.com/c-world/feed/", "title": "Two-Thirds of Canadian Marijuana Dealers Falling Behind in Tax Payments, Report Finds", "description": "As of September 2022, 66 percent of licensed marijuana prodcuers required to remit excise duties had an outstanding debt with the Canada Revenue Agency, and unpaid taxes last year totalled $52.4 million, according (Dmytro Tyshchenko/Shuterstock)", "link": "https://www.theepochtimes.com/two-thirds-of-canadian-marijuana-dealers-falling-behind-in-tax-payments-report-finds_5297730.html", "date_published": "2023-05-29 15:50:03+00:00", "persistent": false, "user": null, "language": "en-US"}, {"source": "https://www.theepochtimes.com/c-world/feed/", "title": "4 Dead After Tourist Boat Capsizes in Storm on Italian Lake", "description": "A helicopter searches for missing after a tourist boat capsized in a storm on Italy's Lago Maggiore in the northern Lombardy region on May 28, 2023. (Vigili Del Fuoco via AP)", "link": "https://www.theepochtimes.com/4-dead-after-tourist-boat-capsizes-in-storm-on-italian-lake_5297562.html", "date_published": "2023-05-29 15:40:26+00:00", "persistent": false, "user": null, "language": "en-US"}, {"source": "https://www.theepochtimes.com/c-world/feed/", "title": "14,000 People Evacuated From Areas Near Halifax as Wildfires Spread", "description": "Thick plumes of heavy smoke fill the Halifax sky as an out-of-control fire in a suburban community quickly spread, engulfing multiple homes and forcing the evacuation of local residents on May 28, 2023. \n(THE CANADIAN PRESS/Kelly Clark)", "link": "https://www.theepochtimes.com/14000-people-evacuated-from-areas-near-halifax-as-wildfires-spread_5297635.html", "date_published": "2023-05-29 15:14:48+00:00", "persistent": false, "user": null, "language": "en-US"}, {"source": "https://www.theepochtimes.com/c-world/feed/", "title": "Air France Flight Turns Back to Osaka After Malfunction: Kyodo", "description": "Logo of Air France KLM Group is pictured on the first Air France airliner's Airbus A350 during a ceremony at the aircraft builder's headquarters of Airbus in Colomiers near Toulouse, France, on Sept. 27, 2019. (Regis Duvignau/Reuters)", "link": "https://www.theepochtimes.com/air-france-flight-turns-back-to-osaka-after-malfunction-kyodo_5296741.html", "date_published": "2023-05-29 15:13:58+00:00", "persistent": false, "user": null, "language": "en-US"}, {"source": "https://www.theepochtimes.com/c-world/feed/", "title": "Conservatives on Finance Committee Resume Filibuster of Liberals\u2019 Budget Bills", "description": "The Parliament Hill Peace Tower is framed in an iron fence on Wellington Street in Ottawa on March 12, 2020. (Sean Kilpatrick/The Canadian Press)", "link": "https://www.theepochtimes.com/conservatives-on-finance-committee-resume-filibuster-of-liberals-budget-bills_5294850.html", "date_published": "2023-05-29 14:57:23+00:00", "persistent": false, "user": null, "language": "en-US"}, {"source": "https://www.theepochtimes.com/c-world/feed/", "title": "UK Police to Help Crack Down on People Smugglers in North Africa", "description": "An undated image of an NCA officer in front of a poster highlighting modern slavery. (Alamy/PA)", "link": "https://www.theepochtimes.com/uk-police-to-help-crack-down-on-people-smugglers-in-north-africa_5297687.html", "date_published": "2023-05-29 14:55:31+00:00", "persistent": false, "user": null, "language": "en-US"}, {"source": "https://www.theepochtimes.com/c-world/feed/", "title": "Malaysia Arrests Chinese Ship Suspected of Plundering British Warship Wrecks", "description": "A Malaysian Maritime Enforcement Agency boat takes part in the rescue operation for the missing sailors from the USS John S. McCain off the Johor coast of Malaysia on Aug. 24, 2017. (Mohd Rasfan/AFP via Getty Images)", "link": "https://www.theepochtimes.com/malaysia-arrests-chinese-ship-suspected-of-plundering-british-warship-wrecks_5297424.html", "date_published": "2023-05-29 14:32:03+00:00", "persistent": false, "user": null, "language": "en-US"}, {"source": "https://www.theepochtimes.com/c-world/feed/", "title": "Met Police to Stop Attending Mental Health Calls", "description": "A close-up photo of police insignia provided by the Metropolitan Police on Oct. 6, 2018. (Metropolitan Police)", "link": "https://www.theepochtimes.com/met-police-to-stop-attending-mental-health-calls_5297359.html", "date_published": "2023-05-29 13:58:46+00:00", "persistent": false, "user": null, "language": "en-US"}, {"source": "https://www.theepochtimes.com/c-world/feed/", "title": "Ontario Hospitals Prepare and Brace for Summer ER Staffing Challenges", "description": "Ontario Health Minister Sylvia Jones makes an announcement on health care with Premier Doug Ford in the province in Toronto, on Jan. 16, 2023. (The Canadian Press/Frank Gunn)", "link": "https://www.theepochtimes.com/ontario-hospitals-prepare-and-brace-for-summer-er-staffing-challenges_5297627.html", "date_published": "2023-05-29 13:48:37+00:00", "persistent": false, "user": null, "language": "en-US"}, {"source": "https://www.theepochtimes.com/c-world/feed/", "title": "UCP or NDP? Albertans Head to the Polls Today", "description": "UCP Leader Danielle Smith (L) and Alberta NDP Leader Rachel Notley. (Jeff McIntosh/The Canadian Press)", "link": "https://www.theepochtimes.com/ucp-or-ndp-albertans-head-to-the-polls-today_5297517.html", "date_published": "2023-05-29 13:15:47+00:00", "persistent": false, "user": null, "language": "en-US"}, {"source": "https://www.theepochtimes.com/c-world/feed/", "title": "13,000 Albanians Breach Bail Conditions", "description": "A 30-year-old Albanian national is arrested by National Crime Agency officers in a dawn raid in Surbiton, southwest London, on Oct. 7, 2022. (National Crime Agency)", "link": "https://www.theepochtimes.com/13000-albanians-breach-bail-conditions_5297504.html", "date_published": "2023-05-29 12:28:02+00:00", "persistent": false, "user": null, "language": "en-US"}, {"source": "https://www.theepochtimes.com/c-world/feed/", "title": "Heavy Clashes in Sudan\u2019s Capital as Truce Set to Expire", "description": "Smoke billows behind buildings in Khartoum, amid ongoing fighting between the forces of two rival generals in Sudan, on May 29, 2023. (AFP via Getty Images)", "link": "https://www.theepochtimes.com/heavy-clashes-in-sudans-capital-as-truce-set-to-expire_5297522.html", "date_published": "2023-05-29 11:54:21+00:00", "persistent": false, "user": null, "language": "en-US"}, {"source": "https://www.theepochtimes.com/c-world/feed/", "title": "Russia Hits Ukrainian Military Facility and Odesa Port in Air Strikes", "description": "An explosion is seen in the sky over the city during a Russian drone and missile strike in Kyiv, Ukraine, on May 29, 2023. (Gleb Garanich/Reuters)", "link": "https://www.theepochtimes.com/russia-hits-ukrainian-military-facility-and-odesa-port-in-air-strikes_5297500.html", "date_published": "2023-05-29 11:33:33+00:00", "persistent": false, "user": null, "language": "en-US"}, {"source": "https://www.theepochtimes.com/c-world/feed/", "title": "South Korea Forms Diplomatic Relations With Niue", "description": "South Korea's president-elect Yoon Suk-yeol attends a ceremony of disbanding his presidential election camp at the National Assembly Library in Seoul, South Korea, on March 10, 2022. (Song Kyung-seok/Pool via Reuters)", "link": "https://www.theepochtimes.com/south-korea-forms-diplomatic-relations-with-niue_5297051.html", "date_published": "2023-05-29 11:24:10+00:00", "persistent": false, "user": null, "language": "en-US"}, {"source": "https://www.theepochtimes.com/c-world/feed/", "title": "NATO Warns Kosovo Against Taking \u2018Destabilizing Steps\u2019 Amid Serbia Tensions", "description": "Serbian army self-propelled 155 mm gun-howitzers on position near administrative line with Kosovo, south Serbia, on Dec. 26, 2022. (Serbian Defense Ministry Press Service via AP)", "link": "https://www.theepochtimes.com/nato-warns-kosovo-against-taking-destabilizing-steps-amid-serbia-tensions_5297248.html", "date_published": "2023-05-29 08:26:29+00:00", "persistent": false, "user": null, "language": "en-US"}, {"source": "https://www.theepochtimes.com/c-world/feed/", "title": "China\u2019s New US Ambassador Calls on \u2018Compatriots\u2019, Chinese Students to \u2018Serve the Motherland\u2019", "description": "Xie Feng, China's new ambassador to the U.S., addresses the media as he arrives at JFK airport in New York City, U.S., May 23, 2023. REUTERS/Brendan McDermid", "link": "https://www.theepochtimes.com/chinas-new-us-ambassador-calls-on-compatriots-chinese-students-to-serve-the-motherland_5297202.html", "date_published": "2023-05-29 07:45:24+00:00", "persistent": false, "user": null, "language": "en-US"}, {"source": "https://www.theepochtimes.com/c-world/feed/", "title": "Lidia Thorpe to Abstain During Indigenous Voice to Parliament Senate Vote", "description": "Senator Lidia Thorpe announces she is resigning from the Greens and moving to the cross bench at a press conference at Parliament House in Canberra, Australia, on Feb. 6, 2023. (AAP Image/Mick Tsikas)", "link": "https://www.theepochtimes.com/lidia-thorpe-to-abstain-during-indigenous-voice-to-parliament-senate-vote_5297301.html", "date_published": "2023-05-29 07:34:02+00:00", "persistent": false, "user": null, "language": "en-US"}, {"source": "https://www.theepochtimes.com/c-world/feed/", "title": "\u2018I\u2019m Tired\u2019: WA Premier Steps Down Citing Exhaustion From COVID-19 Lockdown Years", "description": "Western Australian Labor Premier Mark McGowan speaks to media during a press conference at Dumas House in Perth, Australia on May 29, 2023. (AAP Image/Richard Wainwright)", "link": "https://www.theepochtimes.com/im-tired-wa-premier-steps-down-citing-exhaustion-from-covid-19-lockdown-years_5297276.html", "date_published": "2023-05-29 07:22:32+00:00", "persistent": false, "user": null, "language": "en-US"}, {"source": "https://www.theepochtimes.com/c-world/feed/", "title": "Australian Office Workers Still Reluctant to Return to Workplaces", "description": "Spanish consultant Antonio Linaje works at his home in Villalba de Duero, Spain, on Dec. 4, 2020. (Pierre-Philippe Marcou/AFP via Getty Images)", "link": "https://www.theepochtimes.com/australian-office-workers-still-reluctant-to-return-to-workplaces_5297261.html", "date_published": "2023-05-29 06:48:35+00:00", "persistent": false, "user": null, "language": "en-US"}, {"source": "https://www.theepochtimes.com/c-world/feed/", "title": "Sunrise Host David Koch Retires From Breakfast TV", "description": "Sunrise host David Koch is seen during the Fast &#038; Furious Presents: Hobbs &#038; Shaw movie premiere at Hoyts Entertainment Quarter in Sydney, Wednesday, July 31, 2019. (AAP Image/Bianca De Marchi)", "link": "https://www.theepochtimes.com/sunrise-host-david-koch-retires-from-breakfast-tv_5297271.html", "date_published": "2023-05-29 05:48:33+00:00", "persistent": false, "user": null, "language": "en-US"}, {"source": "https://www.theepochtimes.com/c-world/feed/", "title": "US and Australia Drink the Kool-Aid on Climate Change", "description": "US President Joe Biden (R) signs documents with Australia's Prime Minister Anthony Albanese during a bilateral meeting as part of the G7 Leaders' Summit  on May 20, 2023 in Hiroshima. (Brendan Smialowski/Getty Images)", "link": "https://www.theepochtimes.com/us-and-australia-drink-the-kool-aid-on-climate-change_5297181.html", "date_published": "2023-05-29 04:46:17+00:00", "persistent": false, "user": null, "language": "en-US"}, {"source": "https://www.theepochtimes.com/c-world/feed/", "title": "Halifax-Area Neighbourhoods Evacuated as Fast-Moving Fires Engulf Homes and Spread", "description": "Thick plumes of heavy smoke fill the Halifax sky as an out-of-control fire in a suburban community quickly spread, engulfing multiple homes and forcing the evacuation of local residents, Sunday May 28, 2023. (The Canadian Press/Kelly Clark)", "link": "https://www.theepochtimes.com/halifax-area-neighbourhoods-evacuated-as-fast-moving-fires-engulf-homes-and-spread_5297221.html", "date_published": "2023-05-29 04:23:27+00:00", "persistent": false, "user": null, "language": "en-US"}, {"source": "https://www.theepochtimes.com/c-world/feed/", "title": "PwC Stands Down 9 Executives and Apologises for Tax Scandal", "description": "The PricewaterhouseCoopers (PwC) offices stand in More London Riverside in London, England, on Oct. 2, 2018. (Jack Taylor/Getty Images)", "link": "https://www.theepochtimes.com/pwc-stands-down-9-executives-and-apologises-for-tax-scandal_5297026.html", "date_published": "2023-05-29 03:57:10+00:00", "persistent": false, "user": null, "language": "en-US"}, {"source": "https://www.theepochtimes.com/c-world/feed/", "title": "Army Air Force Pilot From Pennsylvania Killed During WWII Accounted For, Authorities Say", "description": "U.S. Army Air Forces 2nd Lt. James Litherland in a file photo. (Defense POW/MIA Accounting Agency)", "link": "https://www.theepochtimes.com/army-air-force-pilot-from-pennsylvania-killed-during-wwii-accounted-for-authorities-say_5296685.html", "date_published": "2023-05-29 02:45:23+00:00", "persistent": false, "user": null, "language": "en-US"}, {"source": "https://www.theepochtimes.com/c-world/feed/", "title": "John Paul II Would Not Have Supported The Voice", "description": "Pope John Paul II waves the faithful in Vercelli, May 23, 1998, during beatification ceremonies for Italian army chaplain Secondo Pollo, who died in 1941. (Gerard Julien/AFP via Getty Images)", "link": "https://www.theepochtimes.com/john-paul-ii-would-not-have-supported-the-voice_5296999.html", "date_published": "2023-05-29 02:07:11+00:00", "persistent": false, "user": null, "language": "en-US"}, {"source": "https://www.theepochtimes.com/c-world/feed/", "title": "North Korea Notifies Japan of Plan to Launch Satellite", "description": "North Korean leader Kim Jong Un inspects North Korea's National Aerospace Development Administration after recent satellite system tests, in Pyongyang, North Korea, in this photo released by state media on March 10, 2022. (KCNA via Reuters)", "link": "https://www.theepochtimes.com/north-korea-notifies-japan-of-plan-to-launch-satellite_5297050.html", "date_published": "2023-05-29 01:49:03+00:00", "persistent": false, "user": null, "language": "en-US"}, {"source": "https://www.theepochtimes.com/c-world/feed/", "title": "Amazon to Shut Down China App Store in Further Retreat From Country", "description": "Visitors gathering at Amazon booth during the 2016 China International Electronic Commerce Expo in Yiwu, east China's Zhejiang province, on April 11, 2016. (STR/AFP via Getty Images)", "link": "https://www.theepochtimes.com/amazon-to-shut-down-china-app-store-in-further-retreat-from-country_5296971.html", "date_published": "2023-05-29 00:49:08+00:00", "persistent": false, "user": null, "language": "en-US"}, {"source": "https://www.theepochtimes.com/c-world/feed/", "title": "Childcare Waitlists Delaying Parents Returning to Work", "description": "Australian Prime Minister Anthony Albanese visits a childcare centre in Perth, Australia, on May 16, 2022. (Lisa Maree Williams/Getty Images)", "link": "https://www.theepochtimes.com/childcare-waitlists-delaying-parents-returning-to-work_5296935.html", "date_published": "2023-05-29 00:17:11+00:00", "persistent": false, "user": null, "language": "en-US"}, {"source": "https://www.theepochtimes.com/c-world/feed/", "title": "Albanese Takes Aim at Indigenous Voice \u2018Doomsayers\u2019", "description": "Australia's Prime Minister Anthony Albanese arrives at Hiroshima airport in Mihara, Hiroshima prefecture on May 19, 2023, to attend the first day of the G7 Leaders' Summit. (Philip Fong/AFP via Getty Images)", "link": "https://www.theepochtimes.com/albanese-takes-aim-at-indigenous-voice-doomsayers_5296925.html", "date_published": "2023-05-29 00:11:47+00:00", "persistent": false, "user": null, "language": "en-US"}]