[{"source": "https://www.bloomberg.com/politics/feeds/site.xml", "title": "UK\u2019s Labour Party Studies Land Reforms to Cut Cost of House-Building", "description": "The UK\u2019s main opposition Labour Party is considering making it cheaper for councils to forcibly purchase land for development, part of its bid to spur house-building.", "link": "https://www.bloomberg.com/news/articles/2023-05-29/labour-studies-land-reforms-to-cut-cost-of-uk-house-building", "date_published": "2023-05-29 22:09:45+00:00", "persistent": false, "user": null, "language": "en-US"}, {"source": "https://www.bloomberg.com/politics/feeds/site.xml", "title": "Taiwan Rushes to Prevent China From Cutting Off Internet, Phones", "description": "Buffeted by earthquakes and the potential of conflict with China, Taiwan\u2019s leaders want to accelerate plans to make the island more resilient to communications breakdowns and direct attacks on its digital infrastructure.", "link": "https://www.bloomberg.com/news/articles/2023-05-29/taiwan-prepares-for-china-cutting-off-internet-phone-communications", "date_published": "2023-05-29 21:00:00+00:00", "persistent": false, "user": null, "language": "en-US"}, {"source": "https://www.bloomberg.com/politics/feeds/site.xml", "title": "US Says China Declined Request to Meet Austin in Singapore", "description": "China declined a US request for Secretary of Defense Lloyd Austin to meet his counterpart Li Shangfu in Singapore this week, part of what the Pentagon called a \u201cconcerning unwillingness\u201d to engage in military discussions.", "link": "https://www.bloomberg.com/news/articles/2023-05-29/us-says-china-declined-request-to-meet-austin-in-singapore", "date_published": "2023-05-29 20:15:07+00:00", "persistent": false, "user": null, "language": "en-US"}, {"source": "https://www.bloomberg.com/politics/feeds/site.xml", "title": "Spain\u2019s Embattled Prime Minister Gambles Again on Snap Election", "description": "Prime Minister Pedro Sanchez is betting that he can exploit the quirks of Spain\u2019s fractured political landscape to cling on to power after his Socialist party suffered a crushing defeat in Sunday\u2019s regional elections.", "link": "https://www.bloomberg.com/news/articles/2023-05-29/spain-s-embattled-prime-minister-gambles-again-on-snap-election", "date_published": "2023-05-29 19:31:31+00:00", "persistent": false, "user": null, "language": "en-US"}, {"source": "https://www.bloomberg.com/politics/feeds/site.xml", "title": "Turkey\u2019s Erdogan Meets Former Finance Minister in Cabinet Planning", "description": "Turkey\u2019s Recep Tayyip Erdogan met Mehmet Simsek, a market-friendly former finance minister, in the capital Ankara on Monday as the president looks to announce a new cabinet as early as Friday, according to two people familiar with the discussions.", "link": "https://www.bloomberg.com/news/articles/2023-05-29/turkey-s-erdogan-meets-former-finance-minister-in-cabinet-planning", "date_published": "2023-05-29 18:33:21+00:00", "persistent": false, "user": null, "language": "en-US"}, {"source": "https://www.bloomberg.com/politics/feeds/site.xml", "title": "GM Secures Financial Support for an EV Battery Plant in Quebec", "description": "General Motors Co. and Posco Future M Co., Ltd. have secured half of the financing for a C$600 million ($442 million) electric-vehicle battery component plant in Quebec from the provincial and federal governments.", "link": "https://www.bloomberg.com/news/articles/2023-05-29/gm-secures-financial-support-for-an-ev-battery-plant-in-quebec", "date_published": "2023-05-29 18:21:00+00:00", "persistent": false, "user": null, "language": "en-US"}, {"source": "https://www.bloomberg.com/politics/feeds/site.xml", "title": "Biden, McCarthy Work Lawmakers to Pass Deal as US Default Looms", "description": "The White House and Republican congressional leaders geared up lobbying campaigns to win approval of a deal to avert a US default as environmentalists, defense hawks and conservative hard-liners condemned concessions.", "link": "https://www.bloomberg.com/news/articles/2023-05-29/biden-mccarthy-work-lawmakers-to-pass-deal-as-us-default-looms", "date_published": "2023-05-29 18:10:52+00:00", "persistent": false, "user": null, "language": "en-US"}, {"source": "https://www.bloomberg.com/politics/feeds/site.xml", "title": "Venezuela\u2019s\u00a0Maduro Visits Brazil in a Blow to US Strategy of Isolation", "description": "Venezuelan President Nicolas Maduro called for a \u201cmulti-polar\u201d world rather than one dominated by the US, as he arrived in Brazil seeking to rebuild the nation\u2019s alliances after years of isolation.", "link": "https://www.bloomberg.com/news/articles/2023-05-29/maduro-visits-brazil-in-a-blow-to-us-strategy-of-isolation", "date_published": "2023-05-29 17:58:40+00:00", "persistent": false, "user": null, "language": "en-US"}, {"source": "https://www.bloomberg.com/politics/feeds/site.xml", "title": "Namibia Considers Taking Stakes in Mining and Petroleum Companies", "description": "Namibia is considering taking minority stakes in mining and petroleum production companies amid increasing concerns over local ownership of valuable resources.", "link": "https://www.bloomberg.com/news/articles/2023-05-29/namibia-mulls-taking-stakes-in-mining-petroleum-companies", "date_published": "2023-05-29 17:19:36+00:00", "persistent": false, "user": null, "language": "en-US"}, {"source": "https://www.bloomberg.com/politics/feeds/site.xml", "title": "Russian State-Owned Lessors Bid to Avoid Irish Liquidation Order", "description": "Two state-owned Russian leasing firms based in Ireland have sought to prevent the appointment of a liquidator to wind-up their affairs by lodging a \u201clast minute\u201d application for an examiner to be appointed.", "link": "https://www.bloomberg.com/news/articles/2023-05-29/russian-state-owned-lessors-bid-to-avoid-irish-liquidation-order", "date_published": "2023-05-29 16:11:56+00:00", "persistent": false, "user": null, "language": "en-US"}, {"source": "https://www.bloomberg.com/politics/feeds/site.xml", "title": "Spain\u2019s Snap Election Risks Derailing the EU\u2019s Top Priorities", "description": "The chaos in Spanish politics couldn\u2019t come at a worse time for the European Union.", "link": "https://www.bloomberg.com/news/articles/2023-05-29/spain-s-snap-election-risks-derailing-the-eu-s-top-priorities", "date_published": "2023-05-29 15:05:25+00:00", "persistent": false, "user": null, "language": "en-US"}, {"source": "https://www.bloomberg.com/politics/feeds/site.xml", "title": "South African Central Bank Sounds Alarm on Threat of Sanctions", "description": "South Africa\u2019s central bank has warned of dire consequences should the country face censure due to its stance on Russia\u2019s invasion of Ukraine", "link": "https://www.bloomberg.com/news/articles/2023-05-29/south-african-central-bank-sounds-alarm-on-threat-of-sanctions", "date_published": "2023-05-29 15:02:46+00:00", "persistent": false, "user": null, "language": "en-US"}, {"source": "https://www.bloomberg.com/politics/feeds/site.xml", "title": "Bulgaria Starts New Try for Cabinet as Wiretap Leak Hinders Deal", "description": "Bulgaria launched a new attempt to form a majority-backed government to find a way out of a years-long political crisis despite a wiretap scandal that blocked a power-sharing deal between the main parties.", "link": "https://www.bloomberg.com/news/articles/2023-05-29/bulgaria-starts-new-try-for-cabinet-as-wiretap-leak-hinders-deal", "date_published": "2023-05-29 14:47:03+00:00", "persistent": false, "user": null, "language": "en-US"}, {"source": "https://www.bloomberg.com/politics/feeds/site.xml", "title": "Nigeria Ex-Oil Minister Seeks $215 Million in Defamation Lawsuit", "description": "A former Nigerian oil minister filed a defamation lawsuit against the country\u2019s anti-corruption agency, demanding $215 million in damages.", "link": "https://www.bloomberg.com/news/articles/2023-05-29/nigeria-ex-oil-minister-seeks-215-million-in-defamation-lawsuit", "date_published": "2023-05-29 13:59:33+00:00", "persistent": false, "user": null, "language": "en-US"}, {"source": "https://www.bloomberg.com/politics/feeds/site.xml", "title": "Erdogan Overcomes Economic Woes to Extend Record Turkey Rule", "description": "Turkish President Recep Tayyip Erdogan sealed an election victory in a runoff vote, raising the prospect of more friction with Western governments and foreign investors.", "link": "https://www.bloomberg.com/news/articles/2023-05-29/erdogan-overcomes-economic-woes-to-extend-record-turkey-rule", "date_published": "2023-05-29 13:26:58+00:00", "persistent": false, "user": null, "language": "en-US"}, {"source": "https://www.bloomberg.com/politics/feeds/site.xml", "title": "Chile\u2019s Central Bank Says Local Inflation Woes Remain Unresolved", "description": "Chile\u2019s central bank said there\u2019s no evidence that the domestic inflation slowdown had been consolidated, even as headline consumer price and consumption readings head in the right direction.", "link": "https://www.bloomberg.com/news/articles/2023-05-29/chile-s-central-bank-says-local-inflation-woes-remain-unresolved", "date_published": "2023-05-29 13:07:46+00:00", "persistent": false, "user": null, "language": "en-US"}, {"source": "https://www.bloomberg.com/politics/feeds/site.xml", "title": "Xi Seeks to Upgrade China\u2019s Education System, Boost Global Sway", "description": "Chinese President Xi Jinping called on top officials to increase efforts to build a \u201chigh quality\u201d education system that has greater global influence.", "link": "https://www.bloomberg.com/news/articles/2023-05-29/xi-seeks-to-upgrade-china-s-education-system-boost-global-sway", "date_published": "2023-05-29 13:03:20+00:00", "persistent": false, "user": null, "language": "en-US"}, {"source": "https://www.bloomberg.com/politics/feeds/site.xml", "title": "Brazil Analysts Cut Inflation Calls and Reaffirm High Rate Bets", "description": "Brazil analysts cut their 2023 inflation forecast for the second straight week while reaffirming bets for a slow monetary easing cycle after central bank chief Roberto Campos Neto pointed to an \u201cimproving\u201d outlook.", "link": "https://www.bloomberg.com/news/articles/2023-05-29/brazil-analysts-cut-inflation-calls-and-reaffirm-high-rate-bets", "date_published": "2023-05-29 12:04:55+00:00", "persistent": false, "user": null, "language": "en-US"}, {"source": "https://www.bloomberg.com/politics/feeds/site.xml", "title": "How Shalanda Young Helped Broker Biden\u2019s Toughest Deal Yet", "description": "Shalanda Young found herself last week in a roomful of hand-picked peacemakers at the highest-stakes juncture of her career &mdash; and arguably of her boss\u2019s legacy.", "link": "https://www.bloomberg.com/news/articles/2023-05-29/how-shalanda-young-helped-broker-biden-s-toughest-deal-yet", "date_published": "2023-05-29 12:00:00+00:00", "persistent": false, "user": null, "language": "en-US"}, {"source": "https://www.bloomberg.com/politics/feeds/site.xml", "title": "Nigeria President Tinubu Takes Office Amid Escalating Challenges", "description": "Bola Tinubu took control of Africa\u2019s largest economy, immediately confronting myriad challenges including a ballooning debt bill, rampant unemployment and growing insecurity.", "link": "https://www.bloomberg.com/news/articles/2023-05-29/nigeria-president-tinubu-takes-office-amid-escalating-challenges", "date_published": "2023-05-29 11:28:00+00:00", "persistent": false, "user": null, "language": "en-US"}, {"source": "https://www.bloomberg.com/politics/feeds/site.xml", "title": "China Rejects US Claim That It\u2019s \u2018De-Risking\u2019 Not \u2018Decoupling\u2019", "description": "President Joe Biden and his European allies have repeatedly stressed their desire to \u201cde-risk,\u201d not \u201cdecouple,\u201d from the Chinese economy in recent months as a way to explain a slew of new restrictions on trade with Beijing. The problem is, for China there\u2019s no difference.", "link": "https://www.bloomberg.com/news/articles/2023-05-29/china-rejects-us-claim-that-it-s-de-risking-not-decoupling", "date_published": "2023-05-29 10:09:28+00:00", "persistent": false, "user": null, "language": "en-US"}, {"source": "https://www.bloomberg.com/politics/feeds/site.xml", "title": "Angry Voters Still See The Appeal of Populism", "description": "If you thought the electoral appeal of populism was on the wane, think again.", "link": "https://www.bloomberg.com/news/newsletters/2023-05-29/angry-voters-still-see-the-appeal-of-populism", "date_published": "2023-05-29 09:59:02+00:00", "persistent": false, "user": null, "language": "en-US"}, {"source": "https://www.bloomberg.com/politics/feeds/site.xml", "title": "Spanish Premier Calls Surprise Election After Socialist Loss", "description": "Spanish Prime Minister Pedro Sanchez said he will dissolve parliament and call a snap election for July 23 after his Socialist party suffered heavy losses in regional and local elections on Sunday.", "link": "https://www.bloomberg.com/news/articles/2023-05-29/spanish-premier-sanchez-calls-early-general-election-for-july-23", "date_published": "2023-05-29 09:21:26+00:00", "persistent": false, "user": null, "language": "en-US"}, {"source": "https://www.bloomberg.com/politics/feeds/site.xml", "title": "Russian Barrage Hits Air Base in Western Ukraine, Targets Kyiv", "description": "Russia hit an airbase in western Ukraine, damaging five aircraft and the runway, and targeted the nation\u2019s capital in the second massive rocket and drone attack in as many days.", "link": "https://www.bloomberg.com/news/articles/2023-05-29/russian-barrage-hits-air-base-in-western-ukraine-targets-kyiv", "date_published": "2023-05-29 09:20:10+00:00", "persistent": false, "user": null, "language": "en-US"}, {"source": "https://www.bloomberg.com/politics/feeds/site.xml", "title": "Polish President Approves Panel That May Probe Opposition Leader", "description": "Poland\u2019s ruling party got a green light to probe opposition leader Donald Tusk five months before a tightly contested election.", "link": "https://www.bloomberg.com/news/articles/2023-05-29/polish-president-approves-panel-that-may-probe-opposition-leader", "date_published": "2023-05-29 09:11:02+00:00", "persistent": false, "user": null, "language": "en-US"}, {"source": "https://www.bloomberg.com/politics/feeds/site.xml", "title": "NATO Boosts Presence in Northern Kosovo as Tensions Flare Anew", "description": "NATO-led peacekeepers beefed up their presence in northern Kosovo, where police clashed again with Serb protesters days after an uptick in violence raised fears that a conflict could reignite between the Balkan neighbors.", "link": "https://www.bloomberg.com/news/articles/2023-05-29/nato-boosts-presence-in-northern-kosovo-as-tensions-flare-anew", "date_published": "2023-05-29 09:05:00+00:00", "persistent": false, "user": null, "language": "en-US"}, {"source": "https://www.bloomberg.com/politics/feeds/site.xml", "title": "Erdogan Overcomes Economic Woes to Extend Record Rule in Turkey", "description": "Turkish President Recep Tayyip Erdogan sealed an election victory, raising the prospect of more friction with Western governments and foreign investors.", "link": "https://www.bloomberg.com/news/articles/2023-05-29/erdogan-overcomes-economic-woes-to-extend-record-rule-in-turkey", "date_published": "2023-05-29 08:58:32+00:00", "persistent": false, "user": null, "language": "en-US"}, {"source": "https://www.bloomberg.com/politics/feeds/site.xml", "title": "Spain Premier\u2019s Local Election Loss Opens Door to Conservatives", "description": "Prime Minister Pedro S\u00e1nchez\u2019s Socialist party suffered a massive defeat in Spain\u2019s local elections, handing Conservatives a strong platform for their bid to reclaim control of the national government later this year and giving a boost to Spanish assets.", "link": "https://www.bloomberg.com/news/articles/2023-05-29/spain-premier-s-local-election-loss-opens-door-to-conservatives", "date_published": "2023-05-29 08:29:22+00:00", "persistent": false, "user": null, "language": "en-US"}, {"source": "https://www.bloomberg.com/politics/feeds/site.xml", "title": "This Is How We'll Know If the CHIPS Act Is Working", "description": "<p>What to watch for in the coming years.</p>", "link": "https://www.bloomberg.com/news/articles/2023-05-29/is-the-chips-act-working-us-semiconductor-policy-under-pressure", "date_published": "2023-05-29 08:00:20+00:00", "persistent": false, "user": null, "language": "en-US"}, {"source": "https://www.bloomberg.com/politics/feeds/site.xml", "title": "Ugandan President Signs Anti-LGBTQ Bill With Death Penalty", "description": "Uganda\u2019s President Yoweri Museveni signed into law legislation with harsher penalties for LGBTQ people, including death and life-imprisonment sentences.", "link": "https://www.bloomberg.com/news/articles/2023-05-29/ugandan-president-signs-anti-lgbtq-bill-with-death-penalty", "date_published": "2023-05-29 07:54:23+00:00", "persistent": false, "user": null, "language": "en-US"}, {"source": "https://www.bloomberg.com/politics/feeds/site.xml", "title": "Police Kill Tribal People in India\u2019s Border State With Myanmar", "description": "Indian police forces killed at least 30 people from tribal groups identified as militants, part of an ongoing security operation in a northeastern state bordering Myanmar that\u2019s seen unrest over the access to affirmative action benefits.", "link": "https://www.bloomberg.com/news/articles/2023-05-29/police-kill-tribal-people-in-india-s-border-state-with-myanmar", "date_published": "2023-05-29 07:41:51+00:00", "persistent": false, "user": null, "language": "en-US"}, {"source": "https://www.bloomberg.com/politics/feeds/site.xml", "title": "Ukraine Recap: Kyiv Fends Off Second Massive Barrage in Two Days", "description": "Ukraine shot down more than 37 cruise Russian missiles and 30 drones overnight as Russia targeted military facilities and infrastructure in the second massive bombardment in as many days, Kyiv\u2019s General Staff of the Armed Forces said.", "link": "https://www.bloomberg.com/news/articles/2023-05-29/ukraine-recap-kyiv-fends-off-second-massive-barrage-in-two-days", "date_published": "2023-05-29 06:52:27+00:00", "persistent": false, "user": null, "language": "en-US"}, {"source": "https://www.bloomberg.com/politics/feeds/site.xml", "title": "Singapore President Halimah Says She Won\u2019t Stand for Re-Election", "description": "Singapore President Halimah Yacob will not contest this year\u2019s presidential election, she said in a Facebook post Monday.", "link": "https://www.bloomberg.com/news/articles/2023-05-29/singapore-president-halimah-says-she-won-t-stand-for-re-election", "date_published": "2023-05-29 06:32:50+00:00", "persistent": false, "user": null, "language": "en-US"}, {"source": "https://www.bloomberg.com/politics/feeds/site.xml", "title": "China, Japan Commerce Ministers Trade Barbs at Meeting in US", "description": "The trade ministers of China and Japan exchanged protests over chip export controls and the detention of Japanese citizens at a meeting in Detroit last week, according to statements from both governments.", "link": "https://www.bloomberg.com/news/articles/2023-05-29/china-japan-commerce-ministers-trade-protests-at-meeting-in-us", "date_published": "2023-05-29 04:15:29+00:00", "persistent": false, "user": null, "language": "en-US"}, {"source": "https://www.bloomberg.com/politics/feeds/site.xml", "title": "Seize, Not Just Freeze, Russian Assets? Why That\u2019s Hard", "description": "A few weeks after Russia invaded Ukraine in February 2022, then-UK Transport Minister Grant Shapps used TikTok to show off a 192-foot blue superyacht, the Phi, owned by a wealthy Russian businessman that the British government had just impounded at a London dock. It was a vivid display of Western sanctions designed to squeeze Russia\u2019s economy, and Russians\u2019 wealth. One thing Shapps couldn\u2019t do was step on board. That\u2019s because, by law, the UK hadn\u2019t seized the vessel, just frozen its ownership s", "link": "https://www.bloomberg.com/news/articles/2023-05-29/how-us-eu-uk-are-trying-to-seize-frozen-russian-assets-to-rebuild-ukraine", "date_published": "2023-05-29 04:02:00+00:00", "persistent": false, "user": null, "language": "en-US"}, {"source": "https://www.bloomberg.com/politics/feeds/site.xml", "title": "Turkish Lira Falls After Erdogan Wins Another Five Years in Power", "description": "Turkey\u2019s lira weakened toward a record low after Recep Tayyip Erdogan won a presidential runoff election, extending his time as the nation\u2019s longest-serving leader in a tenure that has increasingly alienated foreign investors.", "link": "https://www.bloomberg.com/news/articles/2023-05-29/turkish-lira-falls-after-erdogan-wins-another-five-years-in-power", "date_published": "2023-05-29 03:52:51+00:00", "persistent": false, "user": null, "language": "en-US"}, {"source": "https://www.bloomberg.com/politics/feeds/site.xml", "title": "Wuhan Names and Shames Hundreds of Debtors Amid Financial Woes", "description": "Wuhan, a city in central China, publicly named hundreds of debtors in a local newspaper article demanding payment, a rare move underscoring the fiscal problems facing provincial governments.", "link": "https://www.bloomberg.com/news/articles/2023-05-29/chinese-city-demands-money-from-hundreds-of-debtors-in-newspaper", "date_published": "2023-05-29 03:47:49+00:00", "persistent": false, "user": null, "language": "en-US"}, {"source": "https://www.bloomberg.com/politics/feeds/site.xml", "title": "Kishida\u2019s Support Peaks Out as Scandal Tarnishes G-7 Glow", "description": "Support for Japanese Prime Minister Fumio Kishida\u2019s cabinet stalled in some media polls, with a scandal involving his son adding to the problems starting to overshadow the kudos he gained for hosting the Group of Seven summit.", "link": "https://www.bloomberg.com/news/articles/2023-05-29/kishida-s-support-peaks-out-as-scandal-tarnishes-g-7-glow", "date_published": "2023-05-29 02:44:27+00:00", "persistent": false, "user": null, "language": "en-US"}, {"source": "https://www.bloomberg.com/politics/feeds/site.xml", "title": "US, Japan, Philippines to Hold Drills Amid China Tensions", "description": "The US will hold joint exercises with Coast Guards from Japan and the Philippines for the first time starting this week amid elevated tensions with China in the region.", "link": "https://www.bloomberg.com/news/articles/2023-05-29/us-japan-philippines-to-hold-joint-coast-guard-drills", "date_published": "2023-05-29 02:20:22+00:00", "persistent": false, "user": null, "language": "en-US"}, {"source": "https://www.bloomberg.com/politics/feeds/site.xml", "title": "Japan Calls on North Korea to Abandon \u2018Satellite\u2019 Launch", "description": "Japan called for North Korea to refrain from a planned rocket launch it described as a \u201cserious provocation\u201d following reports Pyongyang intends to put a satellite in orbit as early as this Wednesday.", "link": "https://www.bloomberg.com/news/articles/2023-05-29/japan-calls-on-north-korea-to-refrain-from-satellite-launch", "date_published": "2023-05-29 01:31:53+00:00", "persistent": false, "user": null, "language": "en-US"}, {"source": "https://www.bloomberg.com/politics/feeds/site.xml", "title": "How BRICS Became a Real Club and Why Others Want In", "description": "The BRICS group of emerging markets &mdash; Brazil, Russia, India and China, with South Africa added later &mdash; has gone from a slogan dreamed up at an investment bank to a real-world club that also controls a major development bank. It once might have seemed ironic to see Communist Party-ruled China embrace the Wall Street conceit. But now countries of all political stripes, including Iran and Saudi Arabia, are clamoring to join, setting up potential friction at the club\u2019s Aug. 22-24 summit in Johannesb", "link": "https://www.bloomberg.com/news/articles/2023-05-29/how-brics-became-a-real-club-and-why-others-want-in", "date_published": "2023-05-29 00:00:00+00:00", "persistent": false, "user": null, "language": "en-US"}]