[{"source": "https://businessinsider.com.pl/.feed", "title": "Brzezinski o lex Tusk: rz\u0105d USA podziela obawy", "description": "Rz\u0105d USA podziela obawy zwi\u0105zane z ustawami, kt\u00f3re mog\u0105 pozwala\u0107 na zmniejszenie mo\u017cliwo\u015bci wyborc\u00f3w do g\u0142osowania na tych kandydat\u00f3w, na kt\u00f3rych chc\u0105 g\u0142osowa\u0107, ustawami omijaj\u0105cymi jasno okre\u015blony proces przed niezawis\u0142ymi s\u0105dami \u2014 powiedzia\u0142 w TVN24 ambasador USA w Polsce Mark Brzezinski.", "link": "https://businessinsider.com.pl/wiadomosci/brzezinski-o-lex-tusk-rzad-usa-podziela-obawy/yxkqxke", "date_published": "2023-05-29 18:37:48+00:00", "persistent": false, "user": null, "language": "en-US"}, {"source": "https://businessinsider.com.pl/.feed", "title": "Cena truskawek. Drogo, ale nie pad\u0142 rekord", "description": "Za ile mo\u017cemy kupi\u0107 truskawki? Analitycy wzi\u0119li pod lup\u0119 ceny w maju. Wniosek? Wprawdzie w tym roku jest drogo, ale nie rekordowo drogo.", "link": "https://businessinsider.com.pl/wiadomosci/po-ile-truskawki-jest-drogo-ale-nie-padl-rekord/re8lcl9", "date_published": "2023-05-29 18:14:29+00:00", "persistent": false, "user": null, "language": "en-US"}, {"source": "https://businessinsider.com.pl/.feed", "title": "Powstanie Wy\u017csza Szko\u0142a Stra\u017cy Granicznej. Prezydent podpisa\u0142 ustaw\u0119", "description": "Prezydent Andrzej Duda podpisa\u0142 ustaw\u0119, kt\u00f3ra umo\u017cliwi powo\u0142anie Wy\u017cszej Szko\u0142y Stra\u017cy Granicznej w Koszalinie, a tak\u017ce zmieni nazwy Wy\u017cszej Szko\u0142y Policji na Akademi\u0119 Policji w Szczytnie oraz Szko\u0142y G\u0142\u00f3wnej S\u0142u\u017cby Po\u017carniczej na Akademi\u0119 Po\u017carnicz\u0105. Ta ustawa ma historyczne znaczenie \u2014 powiedzia\u0142.", "link": "https://businessinsider.com.pl/wiadomosci/powstanie-wyzsza-szkola-strazy-granicznej-prezydent-podpisal-ustawe/7zp5jvc", "date_published": "2023-05-29 18:12:21+00:00", "persistent": false, "user": null, "language": "en-US"}, {"source": "https://businessinsider.com.pl/.feed", "title": "Scania zamyka fabryk\u0119. Prac\u0119 straci ponad 800 os\u00f3b", "description": "Scania zamknie fabryk\u0119 nadwozi autobus\u00f3w w S\u0142upsku, w kt\u00f3rej zatrudnionych jest 847 pracownik\u00f3w. Zak\u0142ad ma przesta\u0107 dzia\u0142a\u0107 w pierwszym kwartale 2024 r.", "link": "https://businessinsider.com.pl/biznes/scania-zamyka-fabryke-w-slupsku-zwolni-ponad-800-osob/4zd60e6", "date_published": "2023-05-29 17:50:33+00:00", "persistent": false, "user": null, "language": "en-US"}, {"source": "https://businessinsider.com.pl/.feed", "title": "Nie wiesz, czy zmie\u015bcisz si\u0119 w limicie taniego pr\u0105du? Te narz\u0119dzia mog\u0105 ci pom\u00f3c", "description": "Gospodarstwa domowe korzystaj\u0105 w tym roku z zamro\u017conych cen pr\u0105du, ale tylko do okre\u015blonych przez ustaw\u0119 limit\u00f3w. Koncerny energetyczne przypominaj\u0105, \u017ce 30 czerwca mija czas na sk\u0142adanie o\u015bwiadcze\u0144 dla tych os\u00f3b, kt\u00f3re maj\u0105 prawo do wy\u017cszych prog\u00f3w zu\u017cycia energii w niskiej cenie. Pokazuj\u0105 te\u017c narz\u0119dzia, kt\u00f3re pomagaj\u0105 na bie\u017c\u0105co \u015bledzi\u0107 pob\u00f3r pr\u0105du i obni\u017ca\u0107 rachunki.", "link": "https://businessinsider.com.pl/poradnik-finansowy/nie-wiesz-czy-zmiescisz-sie-w-limicie-taniego-pradu-te-narzedzia-moga-ci-pomoc/fjexck9", "date_published": "2023-05-29 17:39:08+00:00", "persistent": false, "user": null, "language": "en-US"}, {"source": "https://businessinsider.com.pl/.feed", "title": "Bruksela reaguje na lex Tusk", "description": "Komisja Europejska zareagowa\u0142a na decyzj\u0119 prezydenta Andrzeja Dudy o podpisaniu tzw. lex Tusk. Jest te\u017c nieoficjalny komentarz z Brukseli na propozycj\u0119 prezydenta, kt\u00f3ry chcia\u0142by komisji ds. wp\u0142yw\u00f3w rosyjskich na poziomie europejskim.", "link": "https://businessinsider.com.pl/wiadomosci/lex-tusk-pierwsze-komentarze-z-brukseli/3x0eywn", "date_published": "2023-05-29 16:52:26+00:00", "persistent": false, "user": null, "language": "en-US"}, {"source": "https://businessinsider.com.pl/.feed", "title": "Polska zamyka granic\u0119 dla bia\u0142oruskich i rosyjskich ci\u0119\u017car\u00f3wek", "description": "Od 1 czerwca do odwo\u0142ania ruch towarowy na granicy z Bia\u0142orusi\u0105 zostanie zawieszony dla ci\u0119\u017car\u00f3wek, ci\u0105gnik\u00f3w samochodowych, przyczep, w tym naczep, oraz zespo\u0142\u00f3w pojazd\u00f3w zarejestrowanych na terytorium Bia\u0142orusi i Rosji \u2014 stanowi rozporz\u0105dzenie MSWiA.", "link": "https://businessinsider.com.pl/wiadomosci/polska-zamyka-granice-z-bialorusia-dla-bialoruskich-i-rosyjskich-ciezarowek/78bcqxl", "date_published": "2023-05-29 16:35:11+00:00", "persistent": false, "user": null, "language": "en-US"}, {"source": "https://businessinsider.com.pl/.feed", "title": "Nie tylko Tusk. Kto i za co powinien si\u0119 ba\u0107 speckomisji do badania wp\u0142yw\u00f3w rosyjskich", "description": "Pole ra\u017cenia lex Tusk jest ogromne. Specjalna komisja b\u0119dzie mog\u0142a bada\u0107 dzia\u0142alno\u015b\u0107 nie tylko pos\u0142\u00f3w, senator\u00f3w, radnych, pracownik\u00f3w administracji, ale te\u017c cz\u0142onk\u00f3w zarz\u0105du sp\u00f3\u0142ek i rad nadzorczych, dyrektor\u00f3w i pracownik\u00f3w sp\u00f3\u0142ek. Na jej celowniku mo\u017ce si\u0119 znale\u017a\u0107 nie tylko Donald Tusk, ale i sam Andrzej Duda. A uprawnienia komisji s\u0105 ogromne.", "link": "https://businessinsider.com.pl/prawo/lex-tusk-kto-i-za-co-powinien-sie-bac-speckomisji/bp729k2", "date_published": "2023-05-29 15:04:00+00:00", "persistent": false, "user": null, "language": "en-US"}, {"source": "https://businessinsider.com.pl/.feed", "title": "Orlen wraca z promocj\u0105 na wakacje. Tankowanie zn\u00f3w b\u0119dzie ta\u0144sze", "description": "Orlen r\u00f3wnie\u017c w tym roku zamierza wprowadzi\u0107 wakacyjne obni\u017cki cen paliw na swoich stacjach \u2014 informuje \"Rzeczpospolita\". Wed\u0142ug gazety kierowcy b\u0119d\u0105 mogli otrzyma\u0107 30 gr zni\u017cki za ka\u017cdy kupiony litr diesla lub benzyny. B\u0119d\u0105 jednak limity.", "link": "https://businessinsider.com.pl/poradnik-finansowy/orlen-wraca-z-promocja-na-wakacje-tankowanie-znow-bedzie-tansze/4c0ks03", "date_published": "2023-05-29 14:59:32+00:00", "persistent": false, "user": null, "language": "en-US"}, {"source": "https://businessinsider.com.pl/.feed", "title": "Wynajem ta\u0144szy ni\u017c kredyt 2 proc. tylko w trzech miastach. Nowy raport", "description": "Przy obecnych cenach wynajmu mieszka\u0144 nawet kredyt 2 proc. nie wsz\u0119dzie b\u0119dzie op\u0142aca\u0142o si\u0119 bra\u0107, \u017ceby mieszkanie kupowa\u0107, zamiast wynajmowa\u0107. Wed\u0142ug wylicze\u0144 Expandera i rentier.io tak by\u0142oby w trzech miastach, tj. nawet tak atrakcyjne raty kredytowe przekroczy\u0142yby tam koszt najmu. Ceny najmu przesta\u0142y rosn\u0105\u0107, a w wielu miastach w tym roku znacz\u0105co spad\u0142y. Najbardziej we Wroc\u0142awiu.", "link": "https://businessinsider.com.pl/poradnik-finansowy/oszczedzanie/wynajem-tanszy-niz-kredyt-2-proc-tylko-w-trzech-miastach-nowy-raport/4ekwcj5", "date_published": "2023-05-29 14:44:03+00:00", "persistent": false, "user": null, "language": "en-US"}, {"source": "https://businessinsider.com.pl/.feed", "title": "Jak zasn\u0105\u0107 szybko i bezproblemowo? Oto 12 wskaz\u00f3wek", "description": "Spanie dla wielu jest najprostsz\u0105 czynno\u015bci\u0105 (a raczej bezczynno\u015bci\u0105) \u015bwiata, ale nie ka\u017cdy zasypia minut\u0119 po tym, jak przy\u0142o\u017cy g\u0142ow\u0119 do poduszki.", "link": "https://businessinsider.com.pl/rozwoj-osobisty/bezsennosc-jak-zasnac-szybko-i-bezproblemowo-oto-12-wskazowek/z21n9zd", "date_published": "2023-05-29 14:10:00+00:00", "persistent": false, "user": null, "language": "en-US"}, {"source": "https://businessinsider.com.pl/.feed", "title": "Wydaje ci si\u0119, \u017ce wszyscy dooko\u0142a maj\u0105 wszystko, a ciebie na nic nie sta\u0107? Oto ich sekret", "description": "Nie opuszcza ci\u0119 wra\u017cenie, \u017ce wszyscy \u2014 koledzy z pracy, przyjaciele, s\u0105siedzi \u2014 ci\u0105gle gdzie\u015b wyje\u017cd\u017caj\u0105, kupuj\u0105 nowe przedmioty i chodz\u0105 w fantastyczne miejsca? Tymczasem tobie wci\u0105\u017c brakuje pieni\u0119dzy i nie mo\u017cesz pozwoli\u0107 sobie na wszystkie te wspania\u0142e rzeczy. I wiesz na pewno, \u017ce oni wcale nie zarabiaj\u0105 du\u017co wi\u0119cej ni\u017c ty. W czym tkwi sekret?", "link": "https://businessinsider.com.pl/rozwoj-osobisty/dlaczego-wszyscy-sa-bogatsi-ode-mnie/bzn9xy2", "date_published": "2023-05-29 14:02:00+00:00", "persistent": false, "user": null, "language": "en-US"}, {"source": "https://businessinsider.com.pl/.feed", "title": "Pi\u0119\u0107 b\u0142\u0119d\u00f3w zwi\u0105zanych z mow\u0105 cia\u0142a, przez kt\u00f3re inni postrzegaj\u0105 ci\u0119 jako s\u0142ab\u0105 osob\u0119", "description": "Nikt nie chce wygl\u0105da\u0107 na s\u0142abego. Jednak niekt\u00f3rzy tak w\u0142a\u015bnie wygl\u0105daj\u0105 - cz\u0119sto na w\u0142asn\u0105 pro\u015bb\u0119. Zdradza ich bowiem mowa cia\u0142a. Unikaj tych b\u0142\u0119d\u00f3w w komunikacji z innymi lud\u017ami, by sprawia\u0107 wra\u017cenie zdecydowanej, pewnej siebie osoby.", "link": "https://businessinsider.com.pl/rozwoj-osobisty/mowa-ciala-jakich-bledow-nie-popelniac/ez43wll", "date_published": "2023-05-29 14:00:00+00:00", "persistent": false, "user": null, "language": "en-US"}, {"source": "https://businessinsider.com.pl/.feed", "title": "Lex Tusk. Zagraniczne media o decyzji Andrzeja Dudy", "description": "Zagraniczne media komentuj\u0105 decyzj\u0119 Andrzeja Dudy o podpisaniu lex Tusk. Reuters pisze, \u017ce prezydent Polski podpisze ustaw\u0119 mimo protest\u00f3w opozycji, kt\u00f3ra wskazywa\u0142a, \u017ce jest to polowanie na czarownice przed wyborami. Bloomberg z kolei zwraca uwag\u0119 na bezprecedensowe uprawnienia komisji.", "link": "https://businessinsider.com.pl/wiadomosci/zagraniczne-media-o-lex-tusk-polowanie-na-czarownice/3f6m9rs", "date_published": "2023-05-29 13:49:41+00:00", "persistent": false, "user": null, "language": "en-US"}, {"source": "https://businessinsider.com.pl/.feed", "title": "Co rekruterzy chc\u0105 us\u0142ysze\u0107 w odpowiedzi na pytanie: \"Gdzie widzisz siebie za pi\u0119\u0107 lat?\"", "description": "Rozmowa rekrutacyjna to dla wielu os\u00f3b niezwykle stresuj\u0105cy etap zatrudniania. Cz\u0119\u015b\u0107 ubiegaj\u0105cych si\u0119 o prac\u0119 podchodzi do niej ze spokojem i bez przygotowania. Jednak czy aby na pewno jest to dobra decyzja? Jak w oczach rekrutera wypada kandydat, kt\u00f3ry dzia\u0142a spontanicznie oraz bez namys\u0142u? Jakie wymagania stawiaj\u0105 pracodawcy, niezale\u017cnie od stanowiska? Czy na rozmowie kwalifikacyjnej mog\u0105 pa\u015b\u0107 trudne, podchwytliwe pytania?", "link": "https://businessinsider.com.pl/rozwoj-osobisty/kariera/jak-powinna-przebiegac-rozmowa-kwalifikacyjna-i-dlaczego-rozwoj-osobisty-jest-tak/4l4tvrs", "date_published": "2023-05-29 13:28:00+00:00", "persistent": false, "user": null, "language": "en-US"}, {"source": "https://businessinsider.com.pl/.feed", "title": "S\u0142o\u0144ce, turkusowe wybrze\u017ce i niskie ceny. Turcja zaprasza na Riwier\u0119 Egejsk\u0105", "description": "Ciep\u0142e morze, g\u00f3ry, pi\u0119kne pla\u017ce, staro\u017cytne zabytki oraz baza hotelowo-turystyczna na najwy\u017cszym poziomie. Taka jest Riwiera Egejska w Turcji, gdzie mo\u017cesz sp\u0119dzi\u0107 wymarzone wakacje pe\u0142ne atrakcji i s\u0142o\u0144ca. Warto podkre\u015bli\u0107, \u017ce z \u0142atwo\u015bci\u0105 znajd\u0105 tu co\u015b dla siebie mi\u0142o\u015bnicy spacer\u00f3w, rejs\u00f3w \u017ceglarskich, zabytk\u00f3w i dzikich pla\u017c. Ceny rezerwacji w hotelach najwy\u017cszej klasy, s\u0105 teraz szczeg\u00f3lnie atrakcyjne. W artykule polecamy sprawdzone obiekty, kt\u00f3re maj\u0105 dost\u0119pne terminy wiosn\u0105 i latem, a jednocze\u015bnie s\u0105 r\u00f3\u017cnorodne pod wzgl\u0119dem standardu i ceny. Zapraszamy!", "link": "https://businessinsider.com.pl/lifestyle/podroze/slonce-turkusowe-wybrzeze-i-niskie-ceny-turcja-zaprasza-na-riwiere-egejska/57cp0ee", "date_published": "2023-05-29 13:00:00+00:00", "persistent": false, "user": null, "language": "en-US"}, {"source": "https://businessinsider.com.pl/.feed", "title": "Oto dlaczego \u017cywno\u015b\u0107 w Polsce tak zdro\u017ca\u0142a. Nowe dane wiele wyja\u015bniaj\u0105", "description": "W wyniku przerwania lub wyd\u0142u\u017cenia \u0142a\u0144cuch\u00f3w dostaw, nie tylko z Ukrainy, Bia\u0142orusi i Rosji, \u017cywno\u015bci zacz\u0119\u0142o brakowa\u0107 w ca\u0142ej Unii. To by\u0142a okazja dla polskiego przemys\u0142u spo\u017cywczego. Zamiast sprzedawa\u0107 towar w kraju, cz\u0119\u015bciowo skierowano go na eksport. To jedno z wyja\u015bnie\u0144, dlaczego w naszych sklepach ceny tak wzros\u0142y. Po prostu producenci mieli wi\u0119kszy wyb\u00f3r, gdzie sprzeda\u0107 i za jak\u0105 cen\u0119.", "link": "https://businessinsider.com.pl/gospodarka/oto-dlaczego-zywnosc-w-polsce-tak-zdrozala-nowe-dane-wiele-wyjasniaja/0c0c5eg", "date_published": "2023-05-29 12:52:36+00:00", "persistent": false, "user": null, "language": "en-US"}, {"source": "https://businessinsider.com.pl/.feed", "title": "Chiny wcale nie chc\u0105, \u017ceby juan zast\u0105pi\u0142 dolara. Oto dlaczego", "description": "Chi\u0144ska waluta nabra\u0142a znaczenia w miar\u0119 eskalacji napi\u0119\u0107 mi\u0119dzy USA a Chinami i sojuszu Pekinu z Rosj\u0105 w czasie wojny w Ukrainie. Juan ma swoje pi\u0119\u0107 minut, jako potencjalny rywal dominuj\u0105cego w globalnym systemie p\u0142atno\u015bci dolara. Jednak Chiny wcale nie chc\u0105, \u017ceby ich waluta zast\u0105pi\u0142a dolara. Oto dlaczego.", "link": "https://businessinsider.com.pl/gospodarka/juan-zastapi-dolara-problem-w-tym-ze-chiny-wcale-tego-nie-chca/p0h02lg", "date_published": "2023-05-29 12:42:31+00:00", "persistent": false, "user": null, "language": "en-US"}, {"source": "https://businessinsider.com.pl/.feed", "title": "Sankcje na przedstawicieli bia\u0142oruskiego re\u017cimu. Polska spe\u0142nia obietnic\u0119", "description": "Zdecydowa\u0142em o wpisaniu na list\u0119 sankcyjn\u0105 365 przedstawicieli bia\u0142oruskiego re\u017cimu. Osoby te dostan\u0105 m.in. zakaz wjazdu do strefy Schengen. Sankcje obejm\u0105 te\u017c 20 podmiot\u00f3w i 16 przedsi\u0119biorc\u00f3w powi\u0105zanych g\u0142\u00f3wnie z rosyjskim kapita\u0142em \u2014 poinformowa\u0142 szef MSWiA Mariusz Kami\u0144ski.", "link": "https://businessinsider.com.pl/wiadomosci/sankcje-na-przedstawicieli-bialoruskiego-rezimu-polska-spelnia-obietnice/bnz1enz", "date_published": "2023-05-29 12:40:58+00:00", "persistent": false, "user": null, "language": "en-US"}, {"source": "https://businessinsider.com.pl/.feed", "title": "USA uchronione przed bankructwem. Dla Polski wa\u017cny jest jeden szczeg\u00f3\u0142 umowy", "description": "Zawarte w ostatniej chwili porozumienie mi\u0119dzy Republikanami a Demokratami pozwoli USA na zad\u0142u\u017canie si\u0119 i tym samym utrzymanie wyp\u0142acalno\u015bci. Cho\u0107 Joe Biden musi i\u015b\u0107 na kompromisy z opozycj\u0105, to z porozumienia p\u0142ynie jedna bardzo wa\u017cna i dobra wiadomo\u015b\u0107 dla Polski.", "link": "https://businessinsider.com.pl/gospodarka/usa-uratowane-przed-bankructwem-dla-polski-wazny-jest-jeden-szczegol-umowy/ebhe9j4", "date_published": "2023-05-29 12:17:01+00:00", "persistent": false, "user": null, "language": "en-US"}, {"source": "https://businessinsider.com.pl/.feed", "title": "Influencer zamiast lekarza. Raport o medycynie estetycznej w Polsce", "description": "Jedynie 30 proc. os\u00f3b korzystaj\u0105cych w Polsce z zabieg\u00f3w medycyny estetycznej wykonuje je u lekarza. Ponadto to nie lekarz jest dla pacjenta g\u0142\u00f3wnym \u017ar\u00f3d\u0142em informacji. Prawie po\u0142owa os\u00f3b podejmuje decyzj\u0119 o zabiegu pod wp\u0142ywem influencera \u2014 wynika z najnowszego raportu \"Etyka i przysz\u0142o\u015b\u0107 medycyny estetycznej\".", "link": "https://businessinsider.com.pl/lifestyle/zamiast-do-lekarza-do-kosmetyczki-i-influencera-medycyna-estetyczna-w-polsce/6jxl4pk", "date_published": "2023-05-29 12:13:31+00:00", "persistent": false, "user": null, "language": "en-US"}, {"source": "https://businessinsider.com.pl/.feed", "title": "Influencer zamiast lekarza. Raport o medycynie estetycznej w Polsce", "description": "Jedynie 30 proc. os\u00f3b korzystaj\u0105cych w Polsce z zabieg\u00f3w medycyny estetycznej wykonuje je u lekarza. Ponadto to nie lekarz jest dla pacjenta g\u0142\u00f3wnym \u017ar\u00f3d\u0142em informacji. Prawie po\u0142owa os\u00f3b podejmuje decyzj\u0119 o zabiegu pod wp\u0142ywem influencera \u2014 wynika z najnowszego raportu \"Etyka i przysz\u0142o\u015b\u0107 medycyny estetycznej\".", "link": "https://businessinsider.com.pl/lifestyle/medycyna-estetyczna-w-polsce-tylko-30-proc-osob-robi-zabiegi-u-lekarza/6jxl4pk", "date_published": "2023-05-29 12:13:31+00:00", "persistent": false, "user": null, "language": "en-US"}, {"source": "https://businessinsider.com.pl/.feed", "title": "Siedem powod\u00f3w, dla kt\u00f3rych warto kupi\u0107 grill gazowy", "description": "Je\u015bli zastanawiasz si\u0119, czy warto kupi\u0107 grilla gazowego, koniecznie przeczytaj nasz kr\u00f3tki poradnik. Znajdziesz w nim siedem najwa\u017cniejszych zalet tego typu sprz\u0119tu. Nawet je\u015bli ju\u017c zdecydowa\u0142e\u015b si\u0119 na zakup tradycyjnego grilla w\u0119glowego, mo\u017ce si\u0119 okaza\u0107, \u017ce szybko zmienisz decyzj\u0119.", "link": "https://businessinsider.com.pl/technologie/siedem-powodow-dla-ktorych-warto-kupic-grill-gazowy/8km74sp", "date_published": "2023-05-29 11:48:19+00:00", "persistent": false, "user": null, "language": "en-US"}, {"source": "https://businessinsider.com.pl/.feed", "title": "Przedsi\u0119biorcy ostrzegali. Lex Tusk uderzy w reputacj\u0119 Polski", "description": "Podpisanie ustawy okre\u015blanej jako \"lex Tusk\" \u015bci\u0105gn\u0119\u0142o na prezydenta krytyk\u0119 nie tylko ze strony polityk\u00f3w opozycji. Dokument skrytykowali tak\u017ce przedsi\u0119biorcy. Szef Pracodawc\u00f3w RP Rafa\u0142 Dutkiewicz zarzuci\u0142 prezydentowi wsparcie dla formacji, z kt\u00f3rej si\u0119 wywodzi oraz ostrzeg\u0142 przed skutkami, kt\u00f3re ta ustawa mo\u017ce przynie\u015b\u0107 Polsce.", "link": "https://businessinsider.com.pl/wiadomosci/przedsiebiorcy-ostrzegali-lex-tusk-uderzy-w-reputacje-polski/4jwsmdn", "date_published": "2023-05-29 11:42:12+00:00", "persistent": false, "user": null, "language": "en-US"}, {"source": "https://businessinsider.com.pl/.feed", "title": "Du\u017cy bank zablokowa\u0142 cz\u0119\u015b\u0107 kart po wycieku danych", "description": "ING Bank \u015al\u0105ski zablokowa\u0142 cz\u0119\u015b\u0107 kart po tym, jak u jednego z operator\u00f3w kart nast\u0105pi\u0142 wyciek danych. Bank zapewnia, \u017ce pieni\u0105dze klient\u00f3w s\u0105 bezpieczne.", "link": "https://businessinsider.com.pl/twoje-pieniadze/wyciek-danych-duzy-bank-zablokowal-karty-czesci-klientow/xveg4tk", "date_published": "2023-05-29 11:40:17+00:00", "persistent": false, "user": null, "language": "en-US"}, {"source": "https://businessinsider.com.pl/.feed", "title": "Ostatni dzwonek, \u017ceby zapisa\u0107 si\u0119 do Poland Business Run 2023!", "description": "Do 31 maja mo\u017cna zg\u0142asza\u0107 swoje dru\u017cyny do charytatywnej sztafety biznesowej Poland Business Run 2023. Na li\u015bcie startowej s\u0105 ju\u017c 24 000 biegaczy, kt\u00f3rzy w Krakowie i w formule wirtualnej pobiegn\u0105 dla potrzebuj\u0105cych. Jednym z beneficjent\u00f3w jest 17-letni Mykola z Ukrainy, kt\u00f3ry po wybuchu wojny zamieszka\u0142 w Polsce i zbiera \u015brodki na nowy w\u00f3zek aktywny.", "link": "https://businessinsider.com.pl/biznes/ostatni-dzwonek-zeby-zapisac-sie-do-poland-business-run-2023/lwc28s1", "date_published": "2023-05-29 11:28:31+00:00", "persistent": false, "user": null, "language": "en-US"}, {"source": "https://businessinsider.com.pl/.feed", "title": "Inflacja jeszcze d\u0142ugo nam nie odpu\u015bci. Cz\u0142onek RPP wskazuje problemy", "description": "Maj przyniesie kolejny spadek inflacji, jednak pozostanie ona daleka od celu NBP. Zdaniem cz\u0142onka Rady Polityki Pieni\u0119\u017cnej Ludwika Koteckiego odczyt GUS poka\u017ce ok. 13 proc. wobec 14,7 proc. w kwietniu.", "link": "https://businessinsider.com.pl/gospodarka/inflacja-jeszcze-dlugo-nam-nie-odpusci/s0s719m", "date_published": "2023-05-29 11:19:08+00:00", "persistent": false, "user": null, "language": "en-US"}, {"source": "https://businessinsider.com.pl/.feed", "title": "W niedziel\u0119 zdecydowali, \u017ce w poniedzia\u0142ek ca\u0142y kraj ma wolne. Wystarczy\u0142 wygrany mecz", "description": "W niedzielny wiecz\u00f3r mieszka\u0144cy \u0141otwy dowiedzieli si\u0119, \u017ce nie musz\u0105 i\u015b\u0107 dzi\u015b do pracy. Wszystko za spraw\u0105 hokeist\u00f3w i polityk\u00f3w. Ci pierwsi zdobyli br\u0105zowy medal mistrzostw \u015bwiata, ci drudzy postanowili to uczci\u0107, ustanawiaj\u0105c jednorazowo dodatkowy dzie\u0144 wolny.", "link": "https://businessinsider.com.pl/wiadomosci/w-niedziele-zdecydowali-ze-w-poniedzialek-caly-kraj-ma-wolne-wystarczyl-wygrany-mecz/fq67mxj", "date_published": "2023-05-29 10:45:57+00:00", "persistent": false, "user": null, "language": "en-US"}, {"source": "https://businessinsider.com.pl/.feed", "title": "Lex Tusk podpisana, z\u0142oty i gie\u0142da w d\u00f3\u0142. Negatywna reakcja rynku na podpis prezydenta Dudy", "description": "\"\u017begnajcie pieni\u0105dze z KPO\". Tak rynek walutowy i gie\u0142dowy wydaje si\u0119 ocenia\u0107 podpis prezydenta z\u0142o\u017cony pod ustaw\u0105 \"lex Tusk\". Podpis wp\u0142yn\u0105\u0142 zar\u00f3wno na kurs z\u0142otego, jak i notowania akcji na warszawskiej gie\u0142dzie. Wybory to zdecydowanie nie jest dobry czas na inwestowanie.", "link": "https://businessinsider.com.pl/gielda/wiadomosci/lex-tusk-podpisana-zloty-i-gielda-w-dol-negatywna-reakcja-rynku-na-podpis-prezydenta/047yqw4", "date_published": "2023-05-29 10:17:54+00:00", "persistent": false, "user": null, "language": "en-US"}, {"source": "https://businessinsider.com.pl/.feed", "title": "Lex Tusk podpisana, z\u0142oty i gie\u0142da w d\u00f3\u0142. Oto dlaczego rynek tak zareagowa\u0142", "description": "\"\u017begnajcie pieni\u0105dze z KPO\". Tak rynek walutowy i gie\u0142dowy wydaje si\u0119 ocenia\u0107 podpis prezydenta z\u0142o\u017cony pod ustaw\u0105 \"lex Tusk\". Podpis wp\u0142yn\u0105\u0142 zar\u00f3wno na kurs z\u0142otego, jak i notowania akcji na warszawskiej gie\u0142dzie. Wybory to zdecydowanie nie jest dobry czas na inwestowanie.", "link": "https://businessinsider.com.pl/gielda/wiadomosci/lex-tusk-podpisana-zloty-i-gielda-w-dol-oto-dlaczego-rynek-tak-zareagowal/047yqw4", "date_published": "2023-05-29 10:17:54+00:00", "persistent": false, "user": null, "language": "en-US"}, {"source": "https://businessinsider.com.pl/.feed", "title": "Lex Tusk. Co oznacza decyzja Andrzeja Dudy", "description": "Prezydent Andrzej Duda zdecydowa\u0142, \u017ce podpisze lex Tusk, czyli ustaw\u0119 powo\u0142uj\u0105c\u0105 komisj\u0119 do spraw badania wp\u0142yw\u00f3w rosyjskich. Jednocze\u015bnie jednak skierowa\u0142 j\u0105 w trybie nast\u0119pczym do Trybuna\u0142u Konstytucyjnego. Co to oznacza?", "link": "https://businessinsider.com.pl/prawo/lex-tusk-co-oznacza-decyzja-andrzeja-dudy/r3ll23m", "date_published": "2023-05-29 10:08:08+00:00", "persistent": false, "user": null, "language": "en-US"}, {"source": "https://businessinsider.com.pl/.feed", "title": "Policja udaremni\u0142a przemyt wydzielin kaszalota wartych miliony dolar\u00f3w", "description": "Policja w Indiach zatrzyma\u0142a przemytnik\u00f3w wioz\u0105cych ambr\u0119 \u2014 niezwykle cenion\u0105 wydzielin\u0119 z przewodu pokarmowego kaszalota wart\u0105 1,8 mln dol.", "link": "https://businessinsider.com.pl/wiadomosci/policja-udaremnila-przemyt-wydzielin-kaszalota-wartych-miliony-dolarow/exb21d7", "date_published": "2023-05-29 10:05:16+00:00", "persistent": false, "user": null, "language": "en-US"}, {"source": "https://businessinsider.com.pl/.feed", "title": "Oto najpopularniejsze marki na \u015bwiecie. Lider zmia\u017cd\u017cy\u0142 konkurencj\u0119", "description": "S\u0105 takie produkty, po kt\u00f3re si\u0119gaj\u0105 klienci na ca\u0142ym \u015bwiecie. Chodzi przede wszystkim o grup\u0119 marek FMCG, czyli tych, kt\u00f3re oferuj\u0105 towary pierwszej potrzeby: spo\u017cywcze i kosmetyczne. Firma Kantar opublikowa\u0142a ranking najpopularniejszych marek, opieraj\u0105c si\u0119 na zwyczajach zakupowych konsument\u00f3w w 53 krajach. Pierwsza pi\u0105tka raczej nie powinna by\u0107 dla nikogo zaskoczeniem.", "link": "https://businessinsider.com.pl/wiadomosci/oto-najpopularniejsze-marki-na-swiecie-na-te-produkty-wydajemy-najwiecej/zfkwy0z", "date_published": "2023-05-29 10:03:43+00:00", "persistent": false, "user": null, "language": "en-US"}, {"source": "https://businessinsider.com.pl/.feed", "title": "Uparte dzieci mog\u0105 w przysz\u0142o\u015bci zarabia\u0107 wi\u0119cej", "description": "\"Nie\" \u2013 to jedno z ulubionych s\u0142\u00f3w wielu dzieci. Trudno przekona\u0107 je do zrobienia czegokolwiek i nie us\u0142ysze\u0107 w odpowiedzi przera\u017aliwego krzyku. Na nieszcz\u0119\u015bcie dla rodzic\u00f3w, tego typu zachowanie mo\u017ce by\u0107 dobrym znakiem.", "link": "https://businessinsider.com.pl/rozwoj-osobisty/kariera/uparte-dziecko-moze-wiecej-zarabiac/cy40yrl", "date_published": "2023-05-29 10:03:00+00:00", "persistent": false, "user": null, "language": "en-US"}, {"source": "https://businessinsider.com.pl/.feed", "title": "Rosja mo\u017ce wprowadzi\u0107 sze\u015bciodniowy tydzie\u0144 pracy", "description": "Rosyjskie pa\u0144stwowe media i niekt\u00f3re firmy powi\u0105zane z Kremlem proponuj\u0105 wprowadzenie sze\u015bciodniowego tygodnia pracy, aby sfinansowa\u0107 rosyjsk\u0105 wojn\u0119 w Ukrainie, a wszystko to bez dodatkowego wynagrodzenia", "link": "https://businessinsider.com.pl/wiadomosci/rosja-moze-wprowadzic-szesciodniowy-tydzien-pracy/5cb3bp1", "date_published": "2023-05-29 09:51:14+00:00", "persistent": false, "user": null, "language": "en-US"}, {"source": "https://businessinsider.com.pl/.feed", "title": "Hiszpania. Premier zapowiedzia\u0142 nowe wybory po pora\u017cce w regionach", "description": "Po wyborczej pora\u017cce na poziomie regionalnym i lokalnym premier Hiszpanii Pedro Sanchez poinformowa\u0142, \u017ce zamierza rozwi\u0105za\u0107 parlament i zarz\u0105dzi\u0107 wybory parlamentarne.", "link": "https://businessinsider.com.pl/wiadomosci/hiszpania-premier-zapowiedzial-nowe-wybory-po-porazce-w-regionach/vrym3y3", "date_published": "2023-05-29 09:46:20+00:00", "persistent": false, "user": null, "language": "en-US"}, {"source": "https://businessinsider.com.pl/.feed", "title": "Smartfony, kt\u00f3rymi wykonasz znakomite zdj\u0119cia", "description": "Przedstawiamy pi\u0119\u0107 smartfon\u00f3w, kt\u00f3re wykonuj\u0105 znakomitej jako\u015bci zdj\u0119cia. S\u0105 dwie, dla wielu oczywiste propozycje, ale niekt\u00f3re mog\u0105 by\u0107 zaskoczeniem. Nie s\u0105 tanie, ale dostajemy urz\u0105dzenie trzy w jednym: telefon, kamer\u0119 i aparat cyfrowy.", "link": "https://businessinsider.com.pl/technologie/smartfony-ktorymi-wykonasz-znakomite-zdjecia/3gmk682", "date_published": "2023-05-29 09:22:28+00:00", "persistent": false, "user": null, "language": "en-US"}, {"source": "https://businessinsider.com.pl/.feed", "title": "Lex Tusk podpisana. Prezydent wskazuje na rol\u0119 s\u0105d\u00f3w jako gwaranta", "description": "Werdykt komisji nie b\u0119dzie eliminowa\u0142 z \u017cycia publicznego czy politycznego \u2014 tak o podpisanej oraz skierowanej do TK ustawie okre\u015blanej jako lex Tusk m\u00f3wi prezydent Andrzej Duda. Jak przekonuje, ostateczna decyzja b\u0119dzie le\u017ce\u0107 w gestii dwuinstancyjnego s\u0105du.", "link": "https://businessinsider.com.pl/wiadomosci/lex-tusk-podpisana-prezydent-wskazuje-na-role-sadow/d6dvpzt", "date_published": "2023-05-29 09:08:06+00:00", "persistent": false, "user": null, "language": "en-US"}, {"source": "https://businessinsider.com.pl/.feed", "title": "Lex Tusk. Andrzej Duda zdecydowa\u0142 o losie komisji", "description": "Prezydent zdecydowa\u0142 ws. ustawy powo\u0142uj\u0105cej komisj\u0119 do zbadania rosyjskich wp\u0142yw\u00f3w w Polsce w latach 2007-2022 okre\u015blan\u0105 jako \"lex Tusk\". Andrzej Duda podpisa\u0142 ustaw\u0119 oraz zapowiedzia\u0142 skierowanie jej \"w trybie nast\u0119pczym\" do Trybuna\u0142u Konstytucyjnego.", "link": "https://businessinsider.com.pl/wiadomosci/lex-tusk-andrzej-duda-zdecydowal-o-losie-komisji/9t7w1x0", "date_published": "2023-05-29 08:44:04+00:00", "persistent": false, "user": null, "language": "en-US"}, {"source": "https://businessinsider.com.pl/.feed", "title": "Obni\u017cki st\u00f3p jeszcze w tym roku? Cz\u0142onkini RPP daje nadziej\u0119", "description": "Prawdopodobie\u0144stwo obni\u017cek st\u00f3p procentowych w tym roku jest coraz wi\u0119ksze, uwa\u017ca cz\u0142onkini Rady Polityki Pieni\u0119\u017cnej (RPP) Gabriela Mas\u0142owska. Wed\u0142ug niej, na moment przyspieszenia pierwszych obni\u017cek wp\u0142ywa umocnienie si\u0119 z\u0142otego.", "link": "https://businessinsider.com.pl/gospodarka/obnizki-stop-jeszcze-w-tym-roku-czlonkini-rpp-daje-nadzieje/srfgelr", "date_published": "2023-05-29 08:23:35+00:00", "persistent": false, "user": null, "language": "en-US"}, {"source": "https://businessinsider.com.pl/.feed", "title": "18 najwa\u017cniejszych poj\u0119\u0107 korpomowy", "description": "Korpomowa to slang u\u017cywany przez pracownik\u00f3w wielkich firm. Przetykana angielskimi wstawkami, sta\u0142a si\u0119 obiektem kpin i \u017cart\u00f3w, ale bez niej wszystko by\u0142oby trudniejsze. I cho\u0107 \u015bmieszy, to trzeba j\u0105 zna\u0107 \u2014 nie tylko gdy ma si\u0119 zamiar pracowa\u0107 w korporacji. Na mi\u0119dzynarodowym poziomie biznesu jest wr\u0119cz obowi\u0105zkowa.", "link": "https://businessinsider.com.pl/rozwoj-osobisty/kariera/18-najwazniejszych-pojec-korpomowy/pdv2dby", "date_published": "2023-05-29 08:15:00+00:00", "persistent": false, "user": null, "language": "en-US"}, {"source": "https://businessinsider.com.pl/.feed", "title": "\"Bezpieczny kredyt\" w trzech najwi\u0119kszych bankach", "description": "Trzy najwi\u0119ksze banki w Polsce zadeklarowa\u0142y ch\u0119\u0107 i gotowo\u015b\u0107 wprowadzenia do oferty rz\u0105dowego programu \"bezpieczny kredyt\" \u2014 powiedzia\u0142 w poniedzia\u0142ek minister rozwoju i technologii Waldemar Buda w Programie 1 Polskiego Radia. 3 lipca wprowadzamy produkt w \u017cycie \u2014 doda\u0142.", "link": "https://businessinsider.com.pl/finanse/bezpieczny-kredyt-w-trzech-najwiekszych-bankach/6675fvt", "date_published": "2023-05-29 08:06:34+00:00", "persistent": false, "user": null, "language": "en-US"}, {"source": "https://businessinsider.com.pl/.feed", "title": "ZUS zwraca pieni\u0105dze. To ju\u017c ponad 1,2 mld z\u0142", "description": "Zak\u0142ad Ubezpiecze\u0144 Spo\u0142ecznych przypomina, \u017ce przedsi\u0119biorcy mog\u0105 odzyska\u0107 nadp\u0142acon\u0105 cz\u0119\u015b\u0107 sk\u0142adki zdrowotnej zap\u0142aconej w 2022 r. Kwota, o kt\u00f3r\u0105 dotychczas zawnioskowali przedsi\u0119biorcy, to ponad 1,2 mld z\u0142.", "link": "https://businessinsider.com.pl/poradnik-finansowy/zus-zwraca-pieniadze-to-juz-ponad-12-mld-zl/48ee09h", "date_published": "2023-05-29 07:58:40+00:00", "persistent": false, "user": null, "language": "en-US"}, {"source": "https://businessinsider.com.pl/.feed", "title": "Ten wska\u017anik pokazuje najbli\u017csz\u0105 przysz\u0142o\u015b\u0107 w gospodarce. \"Narastaj\u0105cy pesymizm\"", "description": "Wska\u017anik Wyprzedzaj\u0105cy Koniunktury ma informowa\u0107, co w gospodarce zdarzy si\u0119 w najbli\u017cszych miesi\u0105cach. I informacje nie s\u0105 weso\u0142e. W przemy\u015ble coraz mniej zam\u00f3wie\u0144, zar\u00f3wno krajowych, jak i eksportowych, zyski spadaj\u0105. \"Tym razem optymizmu w danych nie wida\u0107\" \u2014 przekaza\u0142o Biuro Inwestycji i Cykli Ekonomicznych.", "link": "https://businessinsider.com.pl/gospodarka/ten-wskaznik-pokazuje-co-sie-wydarzy-w-gospodarce-narastajacy-pesymizm/77czce6", "date_published": "2023-05-29 07:35:39+00:00", "persistent": false, "user": null, "language": "en-US"}, {"source": "https://businessinsider.com.pl/.feed", "title": "Kurs EUR/PLN 29 maja 2023 r.", "description": "Bie\u017c\u0105cy kurs waluty euro z dnia 2023-5-29 z godziny 7 rano oraz zmiany kursu dzie\u0144 do dnia i tydzie\u0144 do tygodnia. Jak si\u0119 zmieni\u0142 kurs w tym okresie i czy warto dzi\u015b wymienia\u0107 z\u0142ot\u00f3wki na euro? Aktualny kurs euro interesuje przede wszystkim przedsi\u0119biorc\u00f3w, kt\u00f3rzy zajmuj\u0105 si\u0119 importem i eksportem us\u0142ug oraz towar\u00f3w. Wa\u017cny jest tak\u017ce dla turyst\u00f3w planuj\u0105cych wakacje. Wczoraj kurs euro wynosi\u0142: 4.5273 z\u0142", "link": "https://businessinsider.com.pl/gielda/kursy-walut/kurs-eurpln-29-maja-2023-r/3de1jgc", "date_published": "2023-05-29 07:09:14+00:00", "persistent": false, "user": null, "language": "en-US"}, {"source": "https://businessinsider.com.pl/.feed", "title": "Przedsi\u0119biorcy apeluj\u0105 do prezydenta. Chc\u0105 zawetowania lex Tusk", "description": "Przedsi\u0119biorcy zrzeszeni w Radzie Przedsi\u0119biorczo\u015bci apeluj\u0105 do prezydenta Andrzeja Dudy o zawetowanie ustawy powo\u0142uj\u0105cej komisj\u0119, kt\u00f3ra ma zbada\u0107 rzekome wp\u0142ywy rosyjskie w Polsce w latach 2007-2022. To tzw. lex Tusk.", "link": "https://businessinsider.com.pl/biznes/przedsiebiorcy-apeluja-do-prezydenta-chca-zawetowania-lex-tusk/4k5xk7s", "date_published": "2023-05-29 06:26:21+00:00", "persistent": false, "user": null, "language": "en-US"}, {"source": "https://businessinsider.com.pl/.feed", "title": "Wywiad Donalda Tuska. Pi\u0119\u0107 najwa\u017cniejszych cytat\u00f3w dla biznesu", "description": "Donald Tusk, lider Platformy Obywatelskiej, udzieli\u0142 wywiadu tygodnikowi \"Newsweek\", w kt\u00f3rym opowiedzia\u0142 o swoich pierwszych krokach, kt\u00f3re podejmie w razie zwyci\u0119stwa w jesiennych wyborach parlamentarnych. Oto pi\u0119\u0107 zapowiedzi najwa\u017cniejszych zapowiedzi, kt\u00f3re wp\u0142yn\u0105 na biznes i gospodark\u0119.", "link": "https://businessinsider.com.pl/gospodarka/wywiad-donalda-tuska-piec-najwazniejszych-cytatow-dla-biznesu/1qms7h6", "date_published": "2023-05-29 05:56:59+00:00", "persistent": false, "user": null, "language": "en-US"}, {"source": "https://businessinsider.com.pl/.feed", "title": "Ameryka nie zbankrutuje, limit d\u0142ugu zostanie podniesiony", "description": "Najwa\u017cniejszy na rynkach finansowych w ostatnich dniach temat podnoszenia limitu d\u0142ugu w USA w\u0142a\u015bnie traci swoj\u0105 pozycj\u0119, poniewa\u017c dosz\u0142o tam do wst\u0119pnego porozumienia. Z drugiej strony ponownie zaczyna tam rosn\u0105\u0107 inflacja. Ciekawe rzeczy na rynkach mog\u0105 dzisiaj dzia\u0107 si\u0119 z walut\u0105 i aktywami tureckimi po tym jak Erdogan znowu wygra\u0142 wybory. Zmiany klimatu b\u0119d\u0105 nam wszystkim podbija\u0107 inflacj\u0119 \u2013 martwi si\u0119 Europejski Bank Centralny, a u nas p\u0142aca minimalna od przysz\u0142ego roku ma przekracza\u0107 4200 z\u0142otych brutto \u2013 oto pi\u0119\u0107 najciekawszych wydarze\u0144 w gospodarce teraz.", "link": "https://businessinsider.com.pl/gospodarka/ameryka-nie-zbankrutuje-limit-dlugu-zostanie-podniesiony/28m5t1m", "date_published": "2023-05-29 05:23:54+00:00", "persistent": false, "user": null, "language": "en-US"}, {"source": "https://businessinsider.com.pl/.feed", "title": "Rz\u0105d zdecyduje, gdzie budowa\u0107. \"Ta ustawa cofa nas do PRL\"", "description": "Rz\u0105d chce decydowa\u0107, kt\u00f3re inwestycje b\u0119d\u0105 przygotowywane w uproszczonym trybie, bez konsultacji spo\u0142ecznych i mo\u017cliwo\u015bci odwo\u0142a\u0144 od postanowie\u0144 \u015brodowiskowych. A to \u2014 jak pisze \"Dziennik Gazeta Prawna\" \u2014 oznacza, \u017ce b\u0119dzie mo\u017cna budowa\u0107 drogi bez ogl\u0105dania si\u0119 na protesty.", "link": "https://businessinsider.com.pl/wiadomosci/rzad-zdecyduje-gdzie-budowac-ta-ustawa-cofa-nas-do-prl/yljckw8", "date_published": "2023-05-29 05:16:33+00:00", "persistent": false, "user": null, "language": "en-US"}, {"source": "https://businessinsider.com.pl/.feed", "title": "Nieoficjalnie: Andrzej Duda jest got\u00f3w podpisa\u0107 lex Tusk", "description": "Prezydent sk\u0142ania si\u0119 do podpisania ustawy powo\u0142uj\u0105cej komisj\u0119, kt\u00f3rej zadaniem b\u0119dzie zbadanie w\u0105tku rosyjskich wp\u0142yw\u00f3w w Polsce, tzw. lex Tusk \u2014 donosi \"Dziennik Gazeta Prawna\", powo\u0142uj\u0105c si\u0119 na informacje z obozu w\u0142adzy.", "link": "https://businessinsider.com.pl/wiadomosci/nieoficjalnie-andrzej-duda-jest-gotow-podpisac-lex-tusk/zkce742", "date_published": "2023-05-29 04:58:00+00:00", "persistent": false, "user": null, "language": "en-US"}, {"source": "https://businessinsider.com.pl/.feed", "title": "Parali\u017cu przez zad\u0142u\u017cenie nie b\u0119dzie. Porozumienie gotowe do g\u0142osowania", "description": "Prezydent Joe Biden o\u015bwiadczy\u0142 w niedziel\u0119, \u017ce ostatecznie sfinalizowa\u0142 porozumienie bud\u017cetowe z spikerem Izby Reprezentant\u00f3w Kevinem McCarthym. Doda\u0142, \u017ce porozumienie w sprawie podwy\u017cszenia limitu zad\u0142u\u017cenia jest gotowe do przekazania Kongresowi .", "link": "https://businessinsider.com.pl/finanse/paralizu-przez-zadluzenie-nie-bedzie-porozumienie-gotowe-do-glosowania/5t4f7ev", "date_published": "2023-05-29 04:45:39+00:00", "persistent": false, "user": null, "language": "en-US"}, {"source": "https://businessinsider.com.pl/.feed", "title": "Erdogan wygrywa w Turcji. B\u0119dzie prezydentem trzeci\u0105 kadencj\u0119", "description": "Recep Tayyip Erdogan pozostanie prezydentem Turcji. Polityk wygra\u0142 wyborczy wy\u015bcig, pokonuj\u0105c w drugiej turze Kemala Kilicdaroglu.", "link": "https://businessinsider.com.pl/gospodarka/erdogan-wygrywa-bedzie-prezydentem-trzecia-kadencje/rhy18sl", "date_published": "2023-05-29 04:29:10+00:00", "persistent": false, "user": null, "language": "en-US"}, {"source": "https://businessinsider.com.pl/.feed", "title": "W samolotach pali\u0107 nie wolno. Dlaczego instaluje si\u0119 w nich popielniczki?", "description": "Popielniczka na drzwiach toalety w samolocie a obok znak \"zakaz palenia\" \u2014 nie, to nie absurd i nie pomy\u0142ka. Cho\u0107 na pok\u0142adzie samolotu pali\u0107 nie wolno, popielniczka musi by\u0107 na jego pok\u0142adzie. Co wi\u0119cej, gdyby jej zabrak\u0142o \u2014 samolot nie m\u00f3g\u0142by wystartowa\u0107.", "link": "https://businessinsider.com.pl/lifestyle/podroze/popielniczki-w-toalecie-samolotu-a-zakaz-palenia-papierosow/qrmdsc1", "date_published": "2023-05-29 04:06:00+00:00", "persistent": false, "user": null, "language": "en-US"}, {"source": "https://businessinsider.com.pl/.feed", "title": "Fiskus nie zakwestionuje ju\u017c tak \u0142atwo odliczenia VAT? Zapad\u0142 wa\u017cny wyrok", "description": "Zapad\u0142 wa\u017cny wyrok Trybuna\u0142u Sprawiedliwo\u015bci UE w sprawie odliczenia VAT. Polski fiskus pozbawia\u0142 prawa do odliczenia podatnika, je\u015bli uzna\u0142, \u017ce dokona\u0142 on czynno\u015bci pozornych, a wi\u0119c niewa\u017cnych z punktu widzenia prawa cywilnego. Trybuna\u0142 orzek\u0142, \u017ce to nie wystarczy, \u017ceby pozbawi\u0107 podatnika odliczenia VAT.", "link": "https://businessinsider.com.pl/prawo/podatki/co-z-odliczeniem-vat-gdy-czynnosc-byla-pozorna-zapadl-wazny-wyrok/7dptxl0", "date_published": "2023-05-29 04:02:57+00:00", "persistent": false, "user": null, "language": "en-US"}, {"source": "https://businessinsider.com.pl/.feed", "title": "Zakupy coraz przyjemniejsze. Mamy kolejny zjazd cen [Koszyk zakupowy Business Insidera i aplikacji PanParagon]", "description": "Im bli\u017cej sezonu wakacyjnego, tym ceny s\u0105 ni\u017csze \u2013 wynika z naszej najnowszej analizy. Zw\u0142aszcza ciesz\u0105 sezonowe spadki cen pomidor\u00f3w. S\u0105 jednak r\u00f3wnie\u017c gorsze wie\u015bci.", "link": "https://businessinsider.com.pl/poradnik-finansowy/zakupy-coraz-przyjemniejsze-mamy-kolejny-zjazd-cen-w-naszym-koszyku/6z05w24", "date_published": "2023-05-29 04:00:00+00:00", "persistent": false, "user": null, "language": "en-US"}, {"source": "https://businessinsider.com.pl/.feed", "title": "Tajemnicze billboardy, zakopane miliardy i mafie vatowskie. Znamy kolejny ruch wyborczy PiS", "description": "PiS zamierza w kampanii wyborczej podkre\u015bla\u0107 swoje sukcesy w uszczelnieniu systemu podatkowego i w walce z mafiami vatowskimi. Chce przy okazji uderzy\u0107 w Donalda Tuska i jego rz\u0105d narracj\u0105 o bierno\u015bci w przeciwdzia\u0142aniu wy\u0142udzeniom. W ca\u0142ej Polsce pojawi\u0142y si\u0119 ju\u017c tajemnicze billboardy z pytaniem \"Gdzie te pieni\u0105dze by\u0142y zakopane?\". Z ustale\u0144 Business Insider Polska wynika, \u017ce na pocz\u0105tku czerwca ruszy rz\u0105dowa kampania ze specjaln\u0105 stron\u0105 internetow\u0105 niezakopane.gov.pl i internetowymi spotami.", "link": "https://businessinsider.com.pl/wiadomosci/gdzie-te-pieniadze-byly-zakopane-pis-uderzy-w-donalda-tuska-i-po/81j94hn", "date_published": "2023-05-29 03:58:00+00:00", "persistent": false, "user": null, "language": "en-US"}]