[{"source": "https://www.bankier.pl/rss/wiadomosci.xml", "title": "\"Mamy obsesj\u0119 na punkcie jako\u015bci\". Znamy najlepsze banki 2023 - zwyci\u0119zc\u00f3w rankingu Z\u0142oty Bankier", "description": "<p><img align=\"left\" alt=\"\" class=\"webfeedsFeaturedVisual\" height=\"560\" src=\"http://galeria.bankier.pl/p/a/e/f92a41ee676a50-948-568-0-105-3500-2099.jpg\" style=\"display: block; margin-bottom: 5px; clear: both;\" width=\"945\" />Zmiana lidera jako\u015bci obs\u0142ugi klienta, nowa kategoria w cz\u0119\u015bci produktowej rankingu i po\u017cegnanie z inn\u0105 - to tylko niekt\u00f3re zaskoczenia fina\u0142u 14. edycji rankingu Z\u0142oty Bankier organizowanego przez Bankier.pl i \"Puls Biznesu\". Poznajcie laureat\u00f3w najwi\u0119kszego badania sektora bankowego w kraju.</p>", "link": "https://www.bankier.pl/wiadomosc/Najlepsze-banki-2023-Zloty-Bankier-wyniki-rankingu-8549114.html?utm_source=RSS&utm_medium=RSS&utm_campaign=Wiadomosci", "date_published": "2023-05-29 19:00:00+00:00", "persistent": false, "user": null, "language": "pl-PL"}, {"source": "https://www.bankier.pl/rss/wiadomosci.xml", "title": "Euractiv: Leyen i skandal polityczny w Bu\u0142garii. \"Musisz wymy\u015bli\u0107, jak obej\u015b\u0107 zasady\"", "description": "<p><img align=\"left\" alt=\"\" class=\"webfeedsFeaturedVisual\" height=\"560\" src=\"http://galeria.bankier.pl/p/6/3/61d86166e5c2cb-948-568-0-10-4000-2399.jpg\" style=\"display: block; margin-bottom: 5px; clear: both;\" width=\"945\" />Nazwisko przewodnicz\u0105cej Komisji Europejskiej Ursuli von der Leyen zosta\u0142o przywo\u0142ane w najnowszym skandalu politycznym w Bu\u0142garii. W 5-godzinnym nagraniu by\u0142y premier Kiri\u0142 Petkow relacjonuje swoim kolegom z partii m.in. przebieg dyskusji z von der Leyen na temat uczestnictwa Bu\u0142garii w Schengen i strefie euro \u2013 podaje portal Euractiv.</p>", "link": "https://www.bankier.pl/wiadomosc/Euractiv-Leyen-i-skandal-polityczny-w-Bulgarii-Musisz-wymyslic-jak-obejsc-zasady-8549862.html?utm_source=RSS&utm_medium=RSS&utm_campaign=Wiadomosci", "date_published": "2023-05-29 18:59:00+00:00", "persistent": false, "user": null, "language": "pl-PL"}, {"source": "https://www.bankier.pl/rss/wiadomosci.xml", "title": "Prezydent Ugandy podpisa\u0142 jedn\u0105 z najsurowszych ustaw antyLGBT na \u015bwiecie. Zach\u00f3d zapowiada sankcje", "description": "<p><img align=\"left\" alt=\"\" class=\"webfeedsFeaturedVisual\" height=\"560\" src=\"http://galeria.bankier.pl/p/f/6/9a2b6a3e6ba6d8-948-568-0-70-1766-1059.jpg\" style=\"display: block; margin-bottom: 5px; clear: both;\" width=\"945\" />Prezydent Ugandy Yoveri Museveni podpisa\u0142 w poniedzia\u0142ek ustaw\u0119 penalizuj\u0105c\u0105 homoseksualizm, jego propagowanie oraz nie informowanie w\u0142adz o znanych zwi\u0105zkach homoseksualnych - poinformowa\u0142a agencja Reutera. Stany Zjednoczone natychmiast zagrozi\u0142y Ugandzie sankcjami, Holandia wstrzyma\u0142a pomoc finansow\u0105.</p>", "link": "https://www.bankier.pl/wiadomosc/Prezydent-Ugandy-podpisal-jedna-z-najsurowszych-ustaw-antyLGBT-na-swiecie-Zachod-zapowiada-sankcje-8549853.html?utm_source=RSS&utm_medium=RSS&utm_campaign=Wiadomosci", "date_published": "2023-05-29 18:39:00+00:00", "persistent": false, "user": null, "language": "pl-PL"}, {"source": "https://www.bankier.pl/rss/wiadomosci.xml", "title": "Ciech otrzyma\u0142 decyzj\u0119 dot. podatku sp\u00f3\u0142ki zale\u017cnej; oczekuje zwrotu podatku i odsetek", "description": "<p><img align=\"left\" alt=\"\" class=\"webfeedsFeaturedVisual\" height=\"560\" src=\"http://galeria.bankier.pl/p/e/b/a2d1785f5b419d-945-560-0-50-987-592.jpg\" style=\"display: block; margin-bottom: 5px; clear: both;\" width=\"945\" />Ciech otrzyma\u0142 decyzj\u0119 Dyrektora Izby Administracji Skarbowej w Rzeszowie w sprawie podatku dochodowego sp\u00f3\u0142ki zale\u017cnej - Ciech Sarzyna - i oczekuje, \u017ce zap\u0142acone kwoty podatku w wysoko\u015bci 4,7 mln z\u0142 oraz 0,8 mln z\u0142 odsetek za zw\u0142ok\u0119 zostan\u0105 im zwr\u00f3cone - poda\u0142 Ciech w komunikacie.</p>", "link": "https://www.bankier.pl/wiadomosc/Ciech-otrzymal-decyzje-dot-podatku-spolki-zaleznej-oczekuje-zwrotu-podatku-i-odsetek-8549809.html?utm_source=RSS&utm_medium=RSS&utm_campaign=Wiadomosci", "date_published": "2023-05-29 17:18:00+00:00", "persistent": false, "user": null, "language": "pl-PL"}, {"source": "https://www.bankier.pl/rss/wiadomosci.xml", "title": "Polska zamknie granic\u0119 z Bia\u0142orusi\u0105 dla bia\u0142oruskich i rosyjskich ci\u0119\u017car\u00f3wek i naczep", "description": "<p><img align=\"left\" alt=\"\" class=\"webfeedsFeaturedVisual\" height=\"560\" src=\"http://galeria.bankier.pl/p/f/c/3198b1550032ff-948-568-0-0-1500-899.jpg\" style=\"display: block; margin-bottom: 5px; clear: both;\" width=\"945\" />Od 1 czerwca do odwo\u0142ania ruch towarowy na granicy z Bia\u0142orusi\u0105 zostanie zawieszony dla ci\u0119\u017car\u00f3wek, ci\u0105gnik\u00f3w samochodowych, przyczep, w tym naczep, oraz zespo\u0142\u00f3w pojazd\u00f3w zarejestrowanych na terytorium Bia\u0142orusi i Rosji - stanowi rozporz\u0105dzenie MSWiA.</p>", "link": "https://www.bankier.pl/wiadomosc/Polska-zamknie-granice-z-Bialorusia-dla-bialoruskich-i-rosyjskich-ciezarowek-i-naczep-8549782.html?utm_source=RSS&utm_medium=RSS&utm_campaign=Wiadomosci", "date_published": "2023-05-29 16:45:00+00:00", "persistent": false, "user": null, "language": "pl-PL"}, {"source": "https://www.bankier.pl/rss/wiadomosci.xml", "title": "USA o krok od bankructwa. Podwy\u017cszenie limitu d\u0142ugu na czas mo\u017ce by\u0107 utrudnione", "description": "<p><img align=\"left\" alt=\"\" class=\"webfeedsFeaturedVisual\" height=\"560\" src=\"http://galeria.bankier.pl/p/1/9/ee1851a2298f1c-948-568-8-141-3534-2120.jpg\" style=\"display: block; margin-bottom: 5px; clear: both;\" width=\"945\" />Mimo wynegocjowanego przez prezydenta i spikera Izby \nReprezentant\u00f3w porozumienia w sprawie podniesienia limitu d\u0142ugu \nkongresmeni ze skrajnych skrzyde\u0142 obydwu partii g\u0142o\u015bno okazuj\u0105 swoje \nniezadowolenie - podaj\u0105 w poniedzia\u0142ek media. Wed\u0142ug Politico mo\u017ce to \nznacznie utrudni\u0107 przyj\u0119cie ustawy na czas, by unikn\u0105\u0107 niewyp\u0142acalno\u015bci.</p>", "link": "https://www.bankier.pl/wiadomosc/USA-o-krok-od-bankructwa-Podwyzszenie-limitu-dlugu-na-czas-moze-byc-utrudnione-8549780.html?utm_source=RSS&utm_medium=RSS&utm_campaign=Wiadomosci", "date_published": "2023-05-29 16:43:00+00:00", "persistent": false, "user": null, "language": "pl-PL"}, {"source": "https://www.bankier.pl/rss/wiadomosci.xml", "title": "CD Projekt pokaza\u0142 wyniki. Sp\u00f3\u0142ka sprzeda\u0142 ponad 50 mln kopii gry \"Wied\u017amin 3\"", "description": "<p><img align=\"left\" alt=\"\" class=\"webfeedsFeaturedVisual\" height=\"560\" src=\"http://galeria.bankier.pl/p/6/4/d4cc6c000c8a19-948-568-0-0-4096-2457.jpg\" style=\"display: block; margin-bottom: 5px; clear: both;\" width=\"945\" />CD Projekt pokaza\u0142 wyniki za I kwarta\u0142 2023 \nroku.\u00a0Przychody grupy wynios\u0142y 175 mln z\u0142, a skonsolidowany zysk netto \nosi\u0105gn\u0105\u0142 poziom 70 mln z\u0142.</p>", "link": "https://www.bankier.pl/wiadomosc/CD-Projekt-sprzedal-ponad-50-mln-kopii-gry-Wiedzmin-3-prezentacja-8549768.html?utm_source=RSS&utm_medium=RSS&utm_campaign=Wiadomosci", "date_published": "2023-05-29 16:34:00+00:00", "persistent": false, "user": null, "language": "pl-PL"}, {"source": "https://www.bankier.pl/rss/wiadomosci.xml", "title": "Niewielkie obroty, niska zmienno\u015b\u0107 i tajemnicze wzrosty CD Projektu", "description": "<p><img align=\"left\" alt=\"\" class=\"webfeedsFeaturedVisual\" height=\"560\" src=\"http://galeria.bankier.pl/p/c/f/fe1bea4e41e75a-948-568-31-42-4224-2534.jpg\" style=\"display: block; margin-bottom: 5px; clear: both;\" width=\"945\" />Gie\u0142dowy tydzie\u0144 rozpocz\u0119li\u015bmy przy nieobecno\u015bci inwestor\u00f3w\nz Wall Street i londy\u0144skiego City. Na warszawskim parkiecie odbi\u0142o si\u0119 to w\npostaci wyra\u017anie zimniejszych obrot\u00f3w.</p>", "link": "https://www.bankier.pl/wiadomosc/Niewielkie-obroty-niska-zmiennosc-i-tajemnicze-wzrosty-CD-Projektu-8549709.html?utm_source=RSS&utm_medium=RSS&utm_campaign=Wiadomosci", "date_published": "2023-05-29 16:15:00+00:00", "persistent": false, "user": null, "language": "pl-PL"}, {"source": "https://www.bankier.pl/rss/wiadomosci.xml", "title": "Koniec Twittera w UE coraz bli\u017cszy? Firma wycofa\u0142a si\u0119 sojuszu dotycz\u0105cego dezinformacji", "description": "<p><img align=\"left\" alt=\"\" class=\"webfeedsFeaturedVisual\" height=\"560\" src=\"http://galeria.bankier.pl/p/1/1/82577fc2642bee-948-568-0-116-1732-1039.jpg\" style=\"display: block; margin-bottom: 5px; clear: both;\" width=\"945\" />Twitter zostanie wyrzucony z UE w przypadku \nnaruszenia jej zasad - o\u015bwiadczy\u0142 w poniedzia\u0142ek francuski minister \nJean-Noel Barrot odpowiedzialny za transformacj\u0119 cyfrow\u0105 i \ntelekomunikacj\u0119 w wywiadzie dla telewizji France Info.</p>", "link": "https://www.bankier.pl/wiadomosc/Koniec-Twittera-w-UE-coraz-blizszy-Firma-wycofala-sie-sojuszu-dotyczacego-dezinformacji-8549711.html?utm_source=RSS&utm_medium=RSS&utm_campaign=Wiadomosci", "date_published": "2023-05-29 15:40:00+00:00", "persistent": false, "user": null, "language": "pl-PL"}, {"source": "https://www.bankier.pl/rss/wiadomosci.xml", "title": "Wielka Brytania walczy z plastikiem. Batoniki Mars s\u0105 testowo sprzedawane w papierowych opakowaniach", "description": "<p><img align=\"left\" alt=\"\" class=\"webfeedsFeaturedVisual\" height=\"560\" src=\"http://galeria.bankier.pl/p/e/4/11e130c8bec1e7-948-568-0-110-4000-2399.jpg\" style=\"display: block; margin-bottom: 5px; clear: both;\" width=\"945\" />Od poniedzia\u0142ku batoniki Mars s\u0105 testowo sprzedawane w Wielkiej Brytanii w papierowych, nadaj\u0105cych si\u0119 do recyklingu opakowaniach, a nie z tworzywa sztucznego.</p>", "link": "https://www.bankier.pl/wiadomosc/Wielka-Brytania-walczy-z-plastikiem-Batoniki-Mars-sa-testowo-sprzedawane-w-papierowych-opakowaniach-8549697.html?utm_source=RSS&utm_medium=RSS&utm_campaign=Wiadomosci", "date_published": "2023-05-29 15:15:00+00:00", "persistent": false, "user": null, "language": "pl-PL"}, {"source": "https://www.bankier.pl/rss/wiadomosci.xml", "title": "Powstanie Wy\u017csza Szko\u0142a Stra\u017cy Granicznej. Prezydent Andrzej Duda podpisa\u0142 ustaw\u0119", "description": "<p><img align=\"left\" alt=\"\" class=\"webfeedsFeaturedVisual\" height=\"560\" src=\"http://galeria.bankier.pl/p/7/3/65b9f57108dbb2-948-568-6-0-1362-817.png\" style=\"display: block; margin-bottom: 5px; clear: both;\" width=\"945\" />Prezydent Andrzej Duda podpisa\u0142 ustaw\u0119, kt\u00f3ra umo\u017cliwi powo\u0142anie Wy\u017cszej Szko\u0142y Stra\u017cy Granicznej w Koszalinie, a tak\u017ce zmieni nazwy Wy\u017cszej Szko\u0142y Policji i Szko\u0142y G\u0142\u00f3wnej S\u0142u\u017cby Po\u017carniczej na Akademi\u0119 Policji w Szczytnie i Akademi\u0119 Po\u017carnicza. Ta ustawa ma historyczne znaczenie - powiedzia\u0142.</p>", "link": "https://www.bankier.pl/wiadomosc/Powstanie-Wyzsza-Szkola-Strazy-Granicznej-Prezydent-Andrzej-Duda-podpisal-ustawe-8549696.html?utm_source=RSS&utm_medium=RSS&utm_campaign=Wiadomosci", "date_published": "2023-05-29 15:14:00+00:00", "persistent": false, "user": null, "language": "pl-PL"}, {"source": "https://www.bankier.pl/rss/wiadomosci.xml", "title": "Ekonomista: Spadek inflacji w Polsce mocno wyhamuje w 2024 roku; efekt obietnic wyborczych b\u0119dzie istotny", "description": "<p><img align=\"left\" alt=\"\" class=\"webfeedsFeaturedVisual\" height=\"560\" src=\"http://galeria.bankier.pl/p/9/6/c926b99a57a434-948-568-0-176-1722-1033.jpg\" style=\"display: block; margin-bottom: 5px; clear: both;\" width=\"945\" />Drugi kwarta\u0142 b\u0119dzie prawdopodobnie punktem prze\u0142omu w polskiej gospodarce, po do\u0142ku na pocz\u0105tku roku kolejne kwarta\u0142y przynios\u0105 stopniowe o\u017cywienie - ocenia g\u0142\u00f3wny ekonomista Citi Handlowego Piotr Kalisz. Cho\u0107 w kolejnych miesi\u0105cach inflacja w Polsce b\u0119dzie do\u015b\u0107 dynamicznie spada\u0107, to w 2024 r. obni\u017canie si\u0119 CPI mocno wyhamuje.</p>", "link": "https://www.bankier.pl/wiadomosc/Ekonomista-Spadek-inflacji-w-Polsce-mocno-wyhamuje-w-2024-roku-efekt-obietnic-wyborczych-bedzie-istotny-8549644.html?utm_source=RSS&utm_medium=RSS&utm_campaign=Wiadomosci", "date_published": "2023-05-29 14:30:00+00:00", "persistent": false, "user": null, "language": "pl-PL"}, {"source": "https://www.bankier.pl/rss/wiadomosci.xml", "title": "MF zapewnia: dalej chcemy upraszcza\u0107 prawo podatkowe", "description": "<p><img align=\"left\" alt=\"\" class=\"webfeedsFeaturedVisual\" height=\"560\" src=\"http://galeria.bankier.pl/p/b/d/d43fc4550a091c-948-568-0-56-2508-1504.jpg\" style=\"display: block; margin-bottom: 5px; clear: both;\" width=\"945\" />W najbli\u017cszych miesi\u0105cach chcemy kontynuowa\u0107 uszczelnianie systemu podatkowego, dalej upraszcza\u0107 prawo podatkowe, wprowadza\u0107 nowe technologie \u2013 zadeklarowa\u0142 w poniedzia\u0142ek w Warszawie dyrektor departamentu polityki podatkowej w Ministerstwie Finans\u00f3w Marcin Lachowicz.</p>", "link": "https://www.bankier.pl/wiadomosc/MF-zapewnia-dalej-chcemy-upraszczac-prawo-podatkowe-8549616.html?utm_source=RSS&utm_medium=RSS&utm_campaign=Wiadomosci", "date_published": "2023-05-29 14:04:00+00:00", "persistent": false, "user": null, "language": "pl-PL"}, {"source": "https://www.bankier.pl/rss/wiadomosci.xml", "title": "Comarch chce wyp\u0142aci\u0107 4 z\u0142 dywidendy na akcj\u0119", "description": "<p>Rada nadzorcza Comarchu pozytywnie zaopiniowa\u0142a wniosek zarz\u0105du, aby z zysku osi\u0105gni\u0119tego w 2022 roku na dywidend\u0119 trafi\u0142o 32,5 mln z\u0142, co daje 4 z\u0142 na akcj\u0119 - poinformowa\u0142a sp\u00f3\u0142ka w komunikacie.</p>", "link": "https://www.bankier.pl/wiadomosc/Comarch-chce-wyplacic-4-zl-dywidendy-na-akcje-8549599.html?utm_source=RSS&utm_medium=RSS&utm_campaign=Wiadomosci", "date_published": "2023-05-29 13:40:00+00:00", "persistent": false, "user": null, "language": "pl-PL"}, {"source": "https://www.bankier.pl/rss/wiadomosci.xml", "title": "Polska wpisa\u0142a setki przedstawicieli bia\u0142oruskiego re\u017cimu na list\u0119 sankcyjn\u0105", "description": "<p><img align=\"left\" alt=\"\" class=\"webfeedsFeaturedVisual\" height=\"560\" src=\"http://galeria.bankier.pl/p/1/f/bc854b83cb3e68-948-568-0-59-4724-2834.jpg\" style=\"display: block; margin-bottom: 5px; clear: both;\" width=\"945\" />Zdecydowa\u0142em o wpisaniu na list\u0119 sankcyjn\u0105 365 przedstawicieli bia\u0142oruskiego re\u017cimu. Osoby te dostan\u0105 m.in. zakaz wjazdu do strefy Schengen. Sankcje obejm\u0105 te\u017c 20 podmiot\u00f3w i 16 przedsi\u0119biorc\u00f3w powi\u0105zanych g\u0142\u00f3wnie z rosyjskim kapita\u0142em - poinformowa\u0142 szef MSWiA Mariusz Kami\u0144ski.</p>", "link": "https://www.bankier.pl/wiadomosc/Polska-wpisala-setki-przedstawicieli-bialoruskiego-rezimu-na-liste-sankcyjna-8549589.html?utm_source=RSS&utm_medium=RSS&utm_campaign=Wiadomosci", "date_published": "2023-05-29 13:33:00+00:00", "persistent": false, "user": null, "language": "pl-PL"}, {"source": "https://www.bankier.pl/rss/wiadomosci.xml", "title": "Ranking zaufania do polityk\u00f3w. Im Polacy ufaj\u0105 najbardziej", "description": "<p><img align=\"left\" alt=\"\" class=\"webfeedsFeaturedVisual\" height=\"560\" src=\"http://galeria.bankier.pl/p/7/7/8b2d1e879fc94d-948-568-0-152-1450-869.jpg\" style=\"display: block; margin-bottom: 5px; clear: both;\" width=\"945\" />Prezydent Andrzej Duda, prezydent Warszawy, wiceszef PO Rafa\u0142 Trzaskowski oraz lider Polski 2050 Szymon Ho\u0142ownia s\u0105 liderami majowego rankingu zaufania - wynika z sonda\u017cu CBOS. Z najwi\u0119ksz\u0105 nieufno\u015bci\u0105 spotykaj\u0105 si\u0119 szef PO Donald Tusk, prezes PiS Jaros\u0142aw Kaczy\u0144ski oraz minister sprawiedliwo\u015bci Zbigniew Ziobro (SP).</p>", "link": "https://www.bankier.pl/wiadomosc/Ranking-zaufania-do-politykow-Im-Polacy-ufaja-najbardziej-8549554.html?utm_source=RSS&utm_medium=RSS&utm_campaign=Wiadomosci", "date_published": "2023-05-29 13:15:00+00:00", "persistent": false, "user": null, "language": "pl-PL"}, {"source": "https://www.bankier.pl/rss/wiadomosci.xml", "title": "Czarne chmury nad Niemcami. S\u0142abszy rozw\u00f3j gospodarczy dopad\u0142 te\u017c rynek pracy", "description": "<p><img align=\"left\" alt=\"\" class=\"webfeedsFeaturedVisual\" height=\"560\" src=\"http://galeria.bankier.pl/p/9/1/056857d537b40e-945-560-0-14-1000-599.jpg\" style=\"display: block; margin-bottom: 5px; clear: both;\" width=\"945\" />S\u0142abszy rozw\u00f3j gospodarczy i niepewno\u015b\u0107 spowodowana wysokimi cenami energii oraz wojn\u0105 w Ukrainie odbijaj\u0105 si\u0119 tak\u017ce na rynku pracy \u2013 oceniaj\u0105 niemieccy eksperci. Firmy zatrudniaj\u0105 coraz mniej nowych pracownik\u00f3w, a najbli\u017csze miesi\u0105ce przynios\u0105 wzrost bezrobocia \u2013 informuje \u201eHandelsblatt\u201d.</p>", "link": "https://www.bankier.pl/wiadomosc/Czarne-chmury-nad-Niemcami-Slabszy-rozwoj-gospodarczy-dopadl-tez-rynek-pracy-8549546.html?utm_source=RSS&utm_medium=RSS&utm_campaign=Wiadomosci", "date_published": "2023-05-29 13:09:00+00:00", "persistent": false, "user": null, "language": "pl-PL"}, {"source": "https://www.bankier.pl/rss/wiadomosci.xml", "title": "Rz\u0105d Wielkiej Brytanii namawia sieci handlowe do zamro\u017cenia cen \u017cwyno\u015bci", "description": "<p><img align=\"left\" alt=\"\" class=\"webfeedsFeaturedVisual\" height=\"560\" src=\"http://galeria.bankier.pl/p/f/7/9bb855f5ac05b5-948-567-0-67-1000-599.jpg\" style=\"display: block; margin-bottom: 5px; clear: both;\" width=\"945\" />W Wielkiej Brytanii trwa debata nad wprowadzeniem maksymalnego limitu cen na podstawowe produkty \u017cywno\u015bciowe. Ma to by\u0107 odpowiedzi\u0105 na fakt, \u017ce cho\u0107 inflacja zacz\u0119\u0142a spowalnia\u0107, to ceny \u017cywno\u015bci nadal rosn\u0105 w rekordowym tempie.</p>", "link": "https://www.bankier.pl/wiadomosc/Rzad-Wielkiej-Brytanii-namawia-sieci-handlowe-do-zamrozenia-cen-zwynosci-8549532.html?utm_source=RSS&utm_medium=RSS&utm_campaign=Wiadomosci", "date_published": "2023-05-29 12:57:00+00:00", "persistent": false, "user": null, "language": "pl-PL"}, {"source": "https://www.bankier.pl/rss/wiadomosci.xml", "title": "89-latka oszukana metod\u0105 \"na policjanta\". Straci\u0142a 167 tys. z\u0142", "description": "<p><img align=\"left\" alt=\"\" class=\"webfeedsFeaturedVisual\" height=\"560\" src=\"http://galeria.bankier.pl/p/7/c/db0e5ad0180dc7-948-568-0-140-2250-1349.jpg\" style=\"display: block; margin-bottom: 5px; clear: both;\" width=\"945\" />Do 89-letniej mieszkanki Bielan zadzwoni\u0142 m\u0119\u017cczyzna, kt\u00f3ry poda\u0142 si\u0119 za policjanta. Wy\u0142udzi\u0142 od kobiety \u0142\u0105cznie 167 tys. z\u0142otych - poinformowa\u0142a w poniedzia\u0142ek podinsp. Elwira Koz\u0142owska.</p>", "link": "https://www.bankier.pl/wiadomosc/89-latka-oszukana-metoda-na-policjanta-Stracila-167-tys-zl-8549506.html?utm_source=RSS&utm_medium=RSS&utm_campaign=Wiadomosci", "date_published": "2023-05-29 12:27:00+00:00", "persistent": false, "user": null, "language": "pl-PL"}, {"source": "https://www.bankier.pl/rss/wiadomosci.xml", "title": "PKN Orlen zmienia nazw\u0119. \"Odzwierciedli to rzeczywist\u0105 form\u0119 dzia\u0142alno\u015bci sp\u00f3\u0142ki\"", "description": "<p><img align=\"left\" alt=\"\" class=\"webfeedsFeaturedVisual\" height=\"560\" src=\"http://galeria.bankier.pl/p/4/7/0f977c8c8aefe1-948-568-50-0-2457-1474.jpg\" style=\"display: block; margin-bottom: 5px; clear: both;\" width=\"945\" />Polski Koncern Naftowy Orlen Sp\u00f3\u0142ka Akcyjna zmienia nazw\u0119 na Orlen Sp\u00f3\u0142ka Akcyjna - wynika z uzasadnienia do projektu uchwa\u0142y zwyczajnego walnego zgromadzenia akcjonariuszy sp\u00f3\u0142ki, kt\u00f3re zwo\u0142ano na 21 czerwca.</p>", "link": "https://www.bankier.pl/wiadomosc/Polski-Koncern-Naftowy-Orlen-zmienia-nazwe-8549498.html?utm_source=RSS&utm_medium=RSS&utm_campaign=Wiadomosci", "date_published": "2023-05-29 12:21:00+00:00", "persistent": false, "user": null, "language": "pl-PL"}, {"source": "https://www.bankier.pl/rss/wiadomosci.xml", "title": "Czarne z\u0142oto nie tylko w przeno\u015bni. G\u00f3rnictwo z dobrymi wynikami finansowymi", "description": "<p><img align=\"left\" alt=\"\" class=\"webfeedsFeaturedVisual\" height=\"560\" src=\"http://galeria.bankier.pl/p/a/2/62fc14a77df28a-948-568-0-115-3543-2125.jpg\" style=\"display: block; margin-bottom: 5px; clear: both;\" width=\"945\" />Wynik finansowy netto sektora g\u00f3rnictwa w\u0119gla kamiennego w I kwartale wyni\u00f3s\u0142 3,23 mld z\u0142 wobec 2,058 mld z\u0142 w I kw. 2022 roku - poda\u0142a Agencja Rozwoju Przemys\u0142u, kt\u00f3ra analizuje rynek w\u0119gla.</p>", "link": "https://www.bankier.pl/wiadomosc/Czarne-zloto-nie-tylko-w-przenosni-Gornictwo-z-dobrymi-wynikami-finansowymi-8549486.html?utm_source=RSS&utm_medium=RSS&utm_campaign=Wiadomosci", "date_published": "2023-05-29 12:12:00+00:00", "persistent": false, "user": null, "language": "pl-PL"}, {"source": "https://www.bankier.pl/rss/wiadomosci.xml", "title": "Ni\u017csze stawki za wyw\u00f3z \u015bmieci w Warszawie. Jest projekt uchwa\u0142y", "description": "<p><img align=\"left\" alt=\"\" class=\"webfeedsFeaturedVisual\" height=\"560\" src=\"http://galeria.bankier.pl/p/6/d/09f996ed461633-948-568-0-64-1989-1193.jpg\" style=\"display: block; margin-bottom: 5px; clear: both;\" width=\"945\" />Wojewoda mazowiecki na poniedzia\u0142kowej konferencji przedstawi\u0142 projekt uchwa\u0142y, kt\u00f3ry z\u0142o\u017cy do prezydenta Warszawy i przewodnicz\u0105cej Rady Miasta Sto\u0142ecznego. W uchwale wojewoda proponuje ni\u017csze stawki za wyw\u00f3z \u015bmieci.</p>", "link": "https://www.bankier.pl/wiadomosc/Nizsze-stawki-za-wywoz-smieci-w-Warszawie-Jest-projekt-uchwaly-8549480.html?utm_source=RSS&utm_medium=RSS&utm_campaign=Wiadomosci", "date_published": "2023-05-29 12:07:00+00:00", "persistent": false, "user": null, "language": "pl-PL"}, {"source": "https://www.bankier.pl/rss/wiadomosci.xml", "title": "Du\u017co nowo\u015bci dla inwestor\u00f3w w DM BO\u015a. Promocje zostaj\u0105 na d\u0142u\u017cej", "description": "<p><img align=\"left\" alt=\"\" class=\"webfeedsFeaturedVisual\" height=\"560\" src=\"http://galeria.bankier.pl/p/6/c/af25bd161acb9e-948-568-0-35-2362-1417.jpg\" style=\"display: block; margin-bottom: 5px; clear: both;\" width=\"945\" />Prowizje na zagranicznych instrumentach, nowa platforma do handlu CFD i dost\u0119p dla u\u017cytkownik\u00f3w Apple to niekt\u00f3re z temat\u00f3w, o kt\u00f3rych rozmawiali\u015bmy z Sebastianem Zador\u0105 - dyrektorem wydzia\u0142u Sprzeda\u017cy Instrument\u00f3w Finansowych Bossy, podczas konferencji Wall Street 27.</p>", "link": "https://www.bankier.pl/wiadomosc/Bossa-promocje-i-zmiany-w-ofercie-DM-BOS-8549303.html?utm_source=RSS&utm_medium=RSS&utm_campaign=Wiadomosci", "date_published": "2023-05-29 12:00:00+00:00", "persistent": false, "user": null, "language": "pl-PL"}, {"source": "https://www.bankier.pl/rss/wiadomosci.xml", "title": "Senior mia\u0142 zainwestowa\u0107 w kryptowaluty. Straci\u0142 kilkadzieis\u0105t tysi\u0119cy z\u0142otych", "description": "<p><img align=\"left\" alt=\"\" class=\"webfeedsFeaturedVisual\" height=\"560\" src=\"http://galeria.bankier.pl/p/3/3/1654da7b966e39-948-568-25-187-2471-1483.jpg\" style=\"display: block; margin-bottom: 5px; clear: both;\" width=\"945\" />Kolejny senior straci\u0142 pieni\u0105dze. Z konta 65-letniego mieszka\u0144ca Rzeszowa, kt\u00f3ry chcia\u0142 zainwestowa\u0107 w kryptowaluty, znikn\u0119\u0142o 50 tys. z\u0142otych. Uwierzy\u0142 oszustom i zainstalowa\u0142 oprogramowanie AnyDesk, dzi\u0119ki kt\u00f3remu przest\u0119pcy zyskali dost\u0119p do jego konta. Policja po raz kolejny ostrzega przed oszustami dzia\u0142aj\u0105cymi metod\u0105 na tzw. zdalny pulpit.</p>", "link": "https://www.bankier.pl/wiadomosc/Senior-mial-zainwestowac-w-kryptowaluty-Stracil-kilkadzieisat-tysiecy-zlotych-8549433.html?utm_source=RSS&utm_medium=RSS&utm_campaign=Wiadomosci", "date_published": "2023-05-29 11:45:00+00:00", "persistent": false, "user": null, "language": "pl-PL"}, {"source": "https://www.bankier.pl/rss/wiadomosci.xml", "title": "Przedterminowe wybory w Hiszpanii. Premier Sanchez rozwi\u0105za\u0142 parlament", "description": "<p><img align=\"left\" alt=\"\" class=\"webfeedsFeaturedVisual\" height=\"560\" src=\"http://galeria.bankier.pl/p/0/7/c1012aadb6ee17-948-568-2-27-995-597.jpg\" style=\"display: block; margin-bottom: 5px; clear: both;\" width=\"945\" />W nast\u0119pstwie pora\u017cki w wyborach regionalnych i lokalnych partii rz\u0105dz\u0105cej w Hiszpanii, premier Pedro Sanchez og\u0142osi\u0142 w poniedzia\u0142ek rozwi\u0105zanie parlamentu i rozpisanie przedterminowych wybor\u00f3w parlamentarnych. Hiszpanie do urn udadz\u0105 si\u0119 23 lipca.</p>", "link": "https://www.bankier.pl/wiadomosc/Przedterminowe-wybory-w-Hiszpanii-Premier-Sanchez-rozwiazal-parlament-8549436.html?utm_source=RSS&utm_medium=RSS&utm_campaign=Wiadomosci", "date_published": "2023-05-29 11:24:00+00:00", "persistent": false, "user": null, "language": "pl-PL"}, {"source": "https://www.bankier.pl/rss/wiadomosci.xml", "title": "Ostatnie dni na z\u0142o\u017cenie wniosku o zwrot nadp\u0142aty sk\u0142adki zdrowotnej", "description": "<p><img align=\"left\" alt=\"\" class=\"webfeedsFeaturedVisual\" height=\"560\" src=\"http://galeria.bankier.pl/p/2/d/225949a5b72a96-948-568-0-27-2784-1670.jpg\" style=\"display: block; margin-bottom: 5px; clear: both;\" width=\"945\" />Prawie 660 tys. p\u0142atnik\u00f3w dostarczy\u0142o ju\u017c zweryfikowany wniosek o zwrot nadp\u0142aconej sk\u0142adki zdrowotnej na \u0142\u0105cznie ponad 1,2 mld z\u0142 \u2013 informuje Zak\u0142ad Ubezpiecze\u0144 Spo\u0142ecznych. Co istotne, przedsi\u0119biorcy maj\u0105 czas na z\u0142o\u017cenie takiego dokumentu przez PUE ZUS tylko do 1 czerwca.</p>", "link": "https://www.bankier.pl/wiadomosc/Ostatnie-dni-na-zlozenie-wniosku-o-zwrot-nadplaty-skladki-zdrowotnej-8549390.html?utm_source=RSS&utm_medium=RSS&utm_campaign=Wiadomosci", "date_published": "2023-05-29 10:44:00+00:00", "persistent": false, "user": null, "language": "pl-PL"}, {"source": "https://www.bankier.pl/rss/wiadomosci.xml", "title": "Kolejne u\u0142atwienia w skarb\u00f3wce. Projekt przewiduje uzyskanie informacji podatkowych bez wizyty", "description": "<p><img align=\"left\" alt=\"\" class=\"webfeedsFeaturedVisual\" height=\"560\" src=\"http://galeria.bankier.pl/p/7/c/bd435b7675745e-948-568-248-472-4468-2680.jpg\" style=\"display: block; margin-bottom: 5px; clear: both;\" width=\"945\" />Naczelnicy urz\u0119d\u00f3w skarbowych b\u0119d\u0105 mogli telefonicznie lub za po\u015brednictwem e-Urz\u0119du Skarbowego przekazywa\u0107 podatnikom dane skarbowe, kt\u00f3rych uzyskanie obecnie wymaga wizyty w urz\u0119dzie \u2013 wynika z opublikowanego w poniedzia\u0142ek projektu rozporz\u0105dzenia Ministerstwa Finans\u00f3w.</p>", "link": "https://www.bankier.pl/wiadomosc/Kolejne-ulatwienia-w-skarbowce-Projekt-przewiduje-uzyskanie-informacji-podatkowych-bez-wizyty-8549385.html?utm_source=RSS&utm_medium=RSS&utm_campaign=Wiadomosci", "date_published": "2023-05-29 10:42:00+00:00", "persistent": false, "user": null, "language": "pl-PL"}, {"source": "https://www.bankier.pl/rss/wiadomosci.xml", "title": "\"Wi\u0119cej genera\u0142\u00f3w ni\u017c haubic\". Media zaniepokojone stanem brytyjskiej armii", "description": "<p><img align=\"left\" alt=\"\" class=\"webfeedsFeaturedVisual\" height=\"560\" src=\"http://galeria.bankier.pl/p/6/2/6f5f1a661205b8-948-568-0-215-1689-1013.jpg\" style=\"display: block; margin-bottom: 5px; clear: both;\" width=\"945\" />Liczba genera\u0142\u00f3w jest nieproporcjonalnie du\u017ca w stosunku do zmniejszaj\u0105cego si\u0119 stanu osobowego armii. Co wi\u0119cej, brytyjskie wojska l\u0105dowe maj\u0105 wi\u0119cej genera\u0142\u00f3w ni\u017c sztuk haubic - wynika z danych ministerstwa obrony, o kt\u00f3rych pisze w poniedzia\u0142ek \"The Times\".</p>", "link": "https://www.bankier.pl/wiadomosc/Wiecej-generalow-niz-haubic-Media-zaniepokojone-stanem-brytyjskiej-armii-8549373.html?utm_source=RSS&utm_medium=RSS&utm_campaign=Wiadomosci", "date_published": "2023-05-29 10:31:00+00:00", "persistent": false, "user": null, "language": "pl-PL"}, {"source": "https://www.bankier.pl/rss/wiadomosci.xml", "title": "Wybuchy w Kijowie. Rosyjski atak rakietowy na Ukrain\u0119", "description": "<p><img align=\"left\" alt=\"\" class=\"webfeedsFeaturedVisual\" height=\"560\" src=\"http://galeria.bankier.pl/p/a/c/6b9e46dacabd3f-948-568-0-39-1773-1064.jpg\" style=\"display: block; margin-bottom: 5px; clear: both;\" width=\"945\" />Rosjanie atakuj\u0105 Kij\u00f3w rakietami \u2013 potwierdzi\u0142y w poniedzia\u0142ek w\u0142adze ukrai\u0144skiej stolicy. Od\u0142amki pocisku upad\u0142y w pobli\u017cu centrum. Alarm lotniczy og\u0142oszono ju\u017c w wi\u0119kszo\u015bci region\u00f3w, w tym na zachodzie kraju.</p>", "link": "https://www.bankier.pl/wiadomosc/Wybuchy-w-Kijowie-Rosyjski-atak-rakietowy-na-Ukraine-8549346.html?utm_source=RSS&utm_medium=RSS&utm_campaign=Wiadomosci", "date_published": "2023-05-29 09:59:00+00:00", "persistent": false, "user": null, "language": "pl-PL"}, {"source": "https://www.bankier.pl/rss/wiadomosci.xml", "title": "Sprzeczne sygna\u0142y z RPP. Z\u0142oty traci", "description": "<p><img align=\"left\" alt=\"\" class=\"webfeedsFeaturedVisual\" height=\"560\" src=\"http://galeria.bankier.pl/p/0/f/b8a1acffb1db8a-948-568-210-70-3790-2273.jpg\" style=\"display: block; margin-bottom: 5px; clear: both;\" width=\"945\" />Z\u0142otemu raczej nie pomog\u0142y sprzeczne wypowiedzi cz\u0142onk\u00f3w Rady Polityki\nPieni\u0119\u017cnej. Kurs euro pi\u0105\u0142 si\u0119 w g\u00f3r\u0119, powracaj\u0105c powy\u017cej 4,50 z\u0142.</p>", "link": "https://www.bankier.pl/wiadomosc/Sprzeczne-sygnaly-z-RPP-Zloty-traci-8549327.html?utm_source=RSS&utm_medium=RSS&utm_campaign=Wiadomosci", "date_published": "2023-05-29 09:31:00+00:00", "persistent": false, "user": null, "language": "pl-PL"}, {"source": "https://www.bankier.pl/rss/wiadomosci.xml", "title": "Lex Tusk. Prezydent Duda podpisa\u0142 ustaw\u0119 o komisji ds. wp\u0142yw\u00f3w rosyjskich", "description": "<p><img align=\"left\" alt=\"\" class=\"webfeedsFeaturedVisual\" height=\"560\" src=\"http://galeria.bankier.pl/p/e/9/c7a75ae31a3f4a-948-568-0-97-3264-1958.jpg\" style=\"display: block; margin-bottom: 5px; clear: both;\" width=\"945\" />Andrzej Duda podpisze ustaw\u0119 o powo\u0142aniu komisji ds. wp\u0142yw\u00f3w rosyjskich. Jego zdaniem opinia publiczna ma prawo wiedzie\u0107, jak Kreml ingerowa\u0142 w polskie interesy. \"Takie cia\u0142o powinno tak\u017ce powsta\u0107 na poziomie europejskim, by zbada\u0107 m.in. Nord Stream I i Nord Stream II\" - zaznaczy\u0142 prezydent.\u00a0</p>", "link": "https://www.bankier.pl/wiadomosc/Lex-Tusk-Prezydent-Duda-podpisal-ustawe-o-komisji-ds-wplywow-rosyjskich-8549276.html?utm_source=RSS&utm_medium=RSS&utm_campaign=Wiadomosci", "date_published": "2023-05-29 09:30:00+00:00", "persistent": false, "user": null, "language": "pl-PL"}, {"source": "https://www.bankier.pl/rss/wiadomosci.xml", "title": "Etniczni Serbowie w Kosowie pr\u00f3bowali przej\u0105\u0107 siedziby w\u0142adz lokalnych", "description": "<p><img align=\"left\" alt=\"\" class=\"webfeedsFeaturedVisual\" height=\"560\" src=\"http://galeria.bankier.pl/p/b/0/153dde9f21a139-945-567-11-89-1488-893.jpg\" style=\"display: block; margin-bottom: 5px; clear: both;\" width=\"945\" />Etniczni Serbowie pr\u00f3bowali w poniedzia\u0142ek rano opanowa\u0107 siedziby w\u0142adz lokalnych w Kosowie - poinformowa\u0142a agencja AP. W ubieg\u0142ym tygodniu burmistrzowie alba\u0144skiego pochodzenia wkroczyli do swoich biur w eskorcie policji.</p>", "link": "https://www.bankier.pl/wiadomosc/Etniczni-Serbowie-w-Kosowie-probowali-przejac-siedziby-wladz-lokalnych-8549314.html?utm_source=RSS&utm_medium=RSS&utm_campaign=Wiadomosci", "date_published": "2023-05-29 09:14:00+00:00", "persistent": false, "user": null, "language": "pl-PL"}, {"source": "https://www.bankier.pl/rss/wiadomosci.xml", "title": "Kary za brak OC b\u0119d\u0105 wy\u017csze. W 2024 roku mog\u0105 przebi\u0107 8000 z\u0142otych", "description": "<p><img align=\"left\" alt=\"\" class=\"webfeedsFeaturedVisual\" height=\"560\" src=\"http://galeria.bankier.pl/p/0/2/287ead4a65f500-948-568-0-84-1773-1063.jpg\" style=\"display: block; margin-bottom: 5px; clear: both;\" width=\"945\" />W przysz\u0142ym roku przerwa w obowi\u0105zkowym\nubezpieczeniu OC samochodu mo\u017ce drogo kosztowa\u0107. Stawki b\u0119d\u0105 r\u00f3\u017cne w pierwszej\ni drugiej po\u0142owie roku. Jednak ju\u017c wiadomo, \u017ce najwy\u017csza kara mo\u017ce przekroczy\u0107\nnawet 8 tys. z\u0142.\u00a0 </p>", "link": "https://www.bankier.pl/wiadomosc/Rekordowe-kary-za-brak-OC-w-2024-r-Mozna-zaplacic-nawet-ponad-8-tys-zl-8549306.html?utm_source=RSS&utm_medium=RSS&utm_campaign=Wiadomosci", "date_published": "2023-05-29 08:58:00+00:00", "persistent": false, "user": null, "language": "pl-PL"}, {"source": "https://www.bankier.pl/rss/wiadomosci.xml", "title": "Brytyjski MON: Rosja \u0107wiczy\u0142a obron\u0119 Mostu Krymskiego", "description": "<p><img align=\"left\" alt=\"\" class=\"webfeedsFeaturedVisual\" height=\"560\" src=\"http://galeria.bankier.pl/p/e/9/9e7fd280e8c76d-948-568-0-110-1773-1064.jpg\" style=\"display: block; margin-bottom: 5px; clear: both;\" width=\"945\" />Rosja przeprowadzi\u0142a \u0107wiczenia obronne wok\u00f3\u0142 Mostu Krymskiego, kt\u00f3re obejmowa\u0142y m.in. stworzenie na tej przeprawie zas\u0142ony dymnej - przekaza\u0142o w poniedzia\u0142ek brytyjskie ministerstwo obrony. Po\u0142o\u017cenie mostu jest strategiczne - prowadzi on bezpo\u015brednio z Rosji na terytorium okupowanego Krymu.</p>", "link": "https://www.bankier.pl/wiadomosc/Brytyjski-MON-Rosja-cwiczyla-obrone-Mostu-Krymskiego-8549281.html?utm_source=RSS&utm_medium=RSS&utm_campaign=Wiadomosci", "date_published": "2023-05-29 08:30:00+00:00", "persistent": false, "user": null, "language": "pl-PL"}, {"source": "https://www.bankier.pl/rss/wiadomosci.xml", "title": "Obni\u017cki st\u00f3p najwcze\u015bniej w 2025 roku? Kotecki ma obawy", "description": "<p><img align=\"left\" alt=\"\" class=\"webfeedsFeaturedVisual\" height=\"560\" src=\"http://galeria.bankier.pl/p/0/1/40f16837d6ed1a-948-568-0-0-2048-1228.jpg\" style=\"display: block; margin-bottom: 5px; clear: both;\" width=\"945\" />W 2023 roku nie b\u0119dzie miejsca na obni\u017cki st\u00f3p proc., by\u0107 mo\u017ce nie b\u0119dzie te\u017c na to miejsca w 2024 roku - powiedzia\u0142 w radiu TOK FM cz\u0142onek RPP Ludwik Kotecki. Doda\u0142, \u017ce odczyt inflacji za maj wyniesie ok. 13 proc.</p>", "link": "https://www.bankier.pl/wiadomosc/Obnizki-stop-najwczesniej-w-2025-roku-Kotecki-Obawaim-sie-ze-tak-8549277.html?utm_source=RSS&utm_medium=RSS&utm_campaign=Wiadomosci", "date_published": "2023-05-29 08:24:00+00:00", "persistent": false, "user": null, "language": "pl-PL"}, {"source": "https://www.bankier.pl/rss/wiadomosci.xml", "title": "ING Bank \u015al\u0105sk zablokowa\u0142 karty p\u0142atnicze", "description": "<p><img align=\"left\" alt=\"\" class=\"webfeedsFeaturedVisual\" height=\"560\" src=\"http://galeria.bankier.pl/p/2/b/7c62b8c646f67e-948-568-0-144-4128-2476.jpg\" style=\"display: block; margin-bottom: 5px; clear: both;\" width=\"945\" />Cz\u0119\u015b\u0107 klient\u00f3w ING Banku \u015al\u0105skiego musia\u0142a w weekend zmaga\u0107 si\u0119 z zablokowanymi kartami p\u0142atniczymi. To efekt wycieku danych u jednego z operator\u00f3w kart.</p>", "link": "https://www.bankier.pl/wiadomosc/Wyciek-danych-ING-Bank-Slask-zablokowal-karty-platnicze-8549260.html?utm_source=RSS&utm_medium=RSS&utm_campaign=Wiadomosci", "date_published": "2023-05-29 07:59:00+00:00", "persistent": false, "user": null, "language": "pl-PL"}, {"source": "https://www.bankier.pl/rss/wiadomosci.xml", "title": "\"Lewe\" certyfikaty szczepie\u0144. COVID-19 przyni\u00f3s\u0142 oszustom miliony", "description": "<p><img align=\"left\" alt=\"\" class=\"webfeedsFeaturedVisual\" height=\"560\" src=\"http://galeria.bankier.pl/p/1/f/6b11955e656d18-948-568-2-62-997-598.jpg\" style=\"display: block; margin-bottom: 5px; clear: both;\" width=\"945\" />10 os\u00f3b zosta\u0142o zatrzymanych przez policj\u0119 - mia\u0142y one wprowadza\u0107 do systemu gabinet.gov.pl podrobione za\u015bwiadczenia o szczepieniu przeciwko COVID-19. Zdaniem \u015bledczych cz\u0142onkowie gangu wystawili ok. 4 tysi\u0119cy fa\u0142szywych certyfikat\u00f3w zarabiaj\u0105c na tym oko\u0142o 4 mln z\u0142.</p>", "link": "https://www.bankier.pl/wiadomosc/Lewe-certyfikaty-szczepien-COVID-19-przyniosl-oszustom-miliony-8549238.html?utm_source=RSS&utm_medium=RSS&utm_campaign=Wiadomosci", "date_published": "2023-05-29 07:35:00+00:00", "persistent": false, "user": null, "language": "pl-PL"}, {"source": "https://www.bankier.pl/rss/wiadomosci.xml", "title": "Minister Buda: Najwi\u0119ksze banki ch\u0119tne do wprowadzenia \"Bezpiecznego kredytu\"", "description": "<p><img align=\"left\" alt=\"\" class=\"webfeedsFeaturedVisual\" height=\"560\" src=\"http://galeria.bankier.pl/p/0/c/2a9b3068051825-948-568-0-127-3000-1799.jpg\" style=\"display: block; margin-bottom: 5px; clear: both;\" width=\"945\" />Trzy najwi\u0119ksze banki w Polsce zadeklarowa\u0142y ch\u0119\u0107 i gotowo\u015b\u0107 wprowadzenia do oferty rz\u0105dowego programu \"Bezpieczny kredyt\" - powiedzia\u0142 w poniedzia\u0142ek minister rozwoju i technologii Waldemar Buda w Programie 1 Polskiego Radia. 3 lipca wprowadzamy produkt w \u017cycie - doda\u0142.</p>", "link": "https://www.bankier.pl/wiadomosc/Minister-Buda-Najwieksze-banki-chetne-do-wprowadzenia-Bezpiecznego-kredytu-8549236.html?utm_source=RSS&utm_medium=RSS&utm_campaign=Wiadomosci", "date_published": "2023-05-29 07:32:00+00:00", "persistent": false, "user": null, "language": "pl-PL"}, {"source": "https://www.bankier.pl/rss/wiadomosci.xml", "title": "Podwy\u017cka 500+? Wi\u0119kszo\u015b\u0107 Polak\u00f3w uwa\u017ca, \u017ce zwi\u0119kszy inflacj\u0119", "description": "<p><img align=\"left\" alt=\"\" class=\"webfeedsFeaturedVisual\" height=\"560\" src=\"http://galeria.bankier.pl/p/9/3/0d0f9bb9746a95-891-535-32-132-891-535.jpg\" style=\"display: block; margin-bottom: 5px; clear: both;\" width=\"945\" />Jaros\u0142aw Kaczy\u0144ski zapowiedzia\u0142 podniesienie \u015bwiadczenia 500+ do kwoty 800 z\u0142otych. Wi\u0119kszo\u015b\u0107 Polak\u00f3w uwa\u017ca jednak, \u017ce taka podwy\u017cka b\u0119dzie proinflacyjna, czyli zwi\u0119kszy inflacj\u0119. Co ciekawe, 1,9 proc. badanych uwa\u017ca, \u017ce podwy\u017cka inflacj\u0119 zmniejszy - wynika z sonda\u017cu IBRiS dla Radia ZET.</p>", "link": "https://www.bankier.pl/wiadomosc/Podwyzka-500-Wiekszosc-Polakow-uwaza-ze-zwiekszy-inflacje-8549225.html?utm_source=RSS&utm_medium=RSS&utm_campaign=Wiadomosci", "date_published": "2023-05-29 07:10:00+00:00", "persistent": false, "user": null, "language": "pl-PL"}, {"source": "https://www.bankier.pl/rss/wiadomosci.xml", "title": "Ropa w USA dro\u017ceje. Motorem porozumienie ws. d\u0142ugu", "description": "<p><img align=\"left\" alt=\"\" class=\"webfeedsFeaturedVisual\" height=\"560\" src=\"http://galeria.bankier.pl/p/b/d/a62ce8688abdf6-945-560-0-237-1609-965.jpg\" style=\"display: block; margin-bottom: 5px; clear: both;\" width=\"945\" />Ceny ropy na gie\u0142dzie paliw w Nowym Jorku powi\u0119kszaj\u0105 wzrosty w reakcji na osi\u0105gni\u0119cie w USA porozumienia w sprawie limitu zad\u0142u\u017cenia - podaj\u0105 maklerzy.</p>", "link": "https://www.bankier.pl/wiadomosc/Ropa-w-USA-drozeje-Motorem-porozumienie-ws-dlugu-8549222.html?utm_source=RSS&utm_medium=RSS&utm_campaign=Wiadomosci", "date_published": "2023-05-29 07:05:00+00:00", "persistent": false, "user": null, "language": "pl-PL"}, {"source": "https://www.bankier.pl/rss/wiadomosci.xml", "title": "Mas\u0142owska (RPP): Jednocyfrowa inflacja mo\u017cliwa na koniec roku", "description": "<p><img align=\"left\" alt=\"\" class=\"webfeedsFeaturedVisual\" height=\"560\" src=\"http://galeria.bankier.pl/p/9/b/9e77cdf8741f85-948-568-12-173-2467-1480.jpg\" style=\"display: block; margin-bottom: 5px; clear: both;\" width=\"945\" />Pod koniec roku mo\u017cemy si\u0119 spodziewa\u0107 jednocyfrowej inflacji - powiedzia\u0142a poniedzia\u0142kowemu magazynowi \"Polska. Metropolia Warszawska\" Gabriela Mas\u0142owska, cz\u0142onek Rady Polityki Pieni\u0119\u017cnej. Warunkiem jest, by \"sytuacja gospodarcza i poziom presji inflacyjnej kszta\u0142towa\u0142 tak jak to widzimy dzisiaj\" - doda\u0142a.</p>", "link": "https://www.bankier.pl/wiadomosc/Maslowska-RPP-Jednocyfrowa-inflacja-mozliwa-na-koniec-roku-8549192.html?utm_source=RSS&utm_medium=RSS&utm_campaign=Wiadomosci", "date_published": "2023-05-29 06:09:00+00:00", "persistent": false, "user": null, "language": "pl-PL"}, {"source": "https://www.bankier.pl/rss/wiadomosci.xml", "title": "NASA wynajmie pojazdy ksi\u0119\u017cycowe od prywatnych firm", "description": "<p><img align=\"left\" alt=\"\" class=\"webfeedsFeaturedVisual\" height=\"560\" src=\"http://galeria.bankier.pl/p/e/9/b682b03becd30b-948-568-0-240-1632-979.jpg\" style=\"display: block; margin-bottom: 5px; clear: both;\" width=\"945\" />Niegdy\u015b nie mo\u017cliwe do pomy\u015blenia, a dzi\u015b jednak realne - ameryka\u0144ska agencja kosmiczna NASA chcia\u0142aby, aby astronauci w projekcie Artemis mogli porusza\u0107 si\u0119 po Ksi\u0119\u017cycu w pojazdach nowej generacji. Nie wyprodukuje ich jednak sama, a... planuje je wynajmowa\u0107 jako us\u0142ug\u0119 od firm przemys\u0142u kosmicznego.</p>", "link": "https://www.bankier.pl/wiadomosc/NASA-wynajmie-pojazdy-ksiezycowe-od-firm-kosmicznych-8549191.html?utm_source=RSS&utm_medium=RSS&utm_campaign=Wiadomosci", "date_published": "2023-05-29 06:09:00+00:00", "persistent": false, "user": null, "language": "pl-PL"}, {"source": "https://www.bankier.pl/rss/wiadomosci.xml", "title": "Ponad po\u0142owa badanych oczekuje odwo\u0142ania szefa MON", "description": "<p><img align=\"left\" alt=\"\" class=\"webfeedsFeaturedVisual\" height=\"560\" src=\"http://galeria.bankier.pl/p/9/3/b6e4f6883d562b-948-568-61-46-1843-1105.jpg\" style=\"display: block; margin-bottom: 5px; clear: both;\" width=\"945\" />Ponad po\u0142owa badanych oczekuje odwo\u0142ania szefa resortu obrony narodowej Mariusza B\u0142aszczaka. Jego rezygnacji domagaj\u0105 si\u0119 przedstawiciele opozycji - pisze poniedzia\u0142kowa \"Rzeczpospolita\".</p>", "link": "https://www.bankier.pl/wiadomosc/Ponad-polowa-badanych-oczekuje-odwolania-szefa-MON-8549186.html?utm_source=RSS&utm_medium=RSS&utm_campaign=Wiadomosci", "date_published": "2023-05-29 06:00:00+00:00", "persistent": false, "user": null, "language": "pl-PL"}, {"source": "https://www.bankier.pl/rss/wiadomosci.xml", "title": "Ukrai\u0144cy na polskim rynku pracy. Maj\u0105 zbyt wysokie kwalifikacje do potrzeb pracodawc\u00f3w?", "description": "<p><img align=\"left\" alt=\"\" class=\"webfeedsFeaturedVisual\" height=\"560\" src=\"http://galeria.bankier.pl/p/3/4/e0299ea32e2d3e-948-568-218-271-2581-1548.jpg\" style=\"display: block; margin-bottom: 5px; clear: both;\" width=\"945\" />78 proc. Ukrai\u0144c\u00f3w przebywaj\u0105cych w\u00a0Polsce pracuje. Odsetek ten jest bardzo wysoki zar\u00f3wno w\u015br\u00f3d migrant\u00f3w przedwojennych, jak i\u00a0uchod\u017ac\u00f3w. Polski rynek pracy\u00a0potrzebuje ich jeszcze wi\u0119cej, szczeg\u00f3lnie w\u00a0okresie prac sezonowych. Ukrai\u0144cy wskazuj\u0105 jednak na kilka trudno\u015bci - w\u015br\u00f3d nich s\u0105 wysokie oczekiwania pracodawc\u00f3w, s\u0142aba znajomo\u015b\u0107 j\u0119zyka polskiego i\u00a0praca poni\u017cej zdobytych w\u00a0ojczy\u017anie kwalifikacji.</p>", "link": "https://www.bankier.pl/wiadomosc/Ukraincy-na-polskim-rynku-pracy-Maja-zbyt-wysokie-kwalifikacje-do-potrzeb-pracodawcow-8549181.html?utm_source=RSS&utm_medium=RSS&utm_campaign=Wiadomosci", "date_published": "2023-05-29 05:50:00+00:00", "persistent": false, "user": null, "language": "pl-PL"}, {"source": "https://www.bankier.pl/rss/wiadomosci.xml", "title": "Etyka, ekologia i oczywi\u015bcie cena. Na te wska\u017cniki patrz\u0105 konsumenci", "description": "<p><img align=\"left\" alt=\"\" class=\"webfeedsFeaturedVisual\" height=\"560\" src=\"http://galeria.bankier.pl/p/a/8/61746825e2ac95-948-568-0-82-3000-1799.jpg\" style=\"display: block; margin-bottom: 5px; clear: both;\" width=\"945\" />Cho\u0107 w\u00a0dobie szybko rosn\u0105cej inflacji konsumenci uwa\u017cniej przygl\u0105daj\u0105 si\u0119 cenom, to kwestie jako\u015bci, ekologii i\u00a0etyki firm b\u0119d\u0105cych w\u0142a\u015bcicielami sklep\u00f3w pozostaj\u0105 dla\u00a0nich istotne. Pandemia przekierowa\u0142a uwag\u0119 logistyk\u00f3w na lokalne \u017ar\u00f3d\u0142a zaopatrzenia, a to trend wsp\u00f3\u0142graj\u0105cy z\u00a0ekologi\u0105 ze wzgl\u0119du na ograniczenie \u015bladu w\u0119glowego.</p>", "link": "https://www.bankier.pl/wiadomosc/Etyka-ekologia-i-oczywiscie-cena-Na-te-wskazniki-patrza-konsumenci-8549175.html?utm_source=RSS&utm_medium=RSS&utm_campaign=Wiadomosci", "date_published": "2023-05-29 05:35:00+00:00", "persistent": false, "user": null, "language": "pl-PL"}, {"source": "https://www.bankier.pl/rss/wiadomosci.xml", "title": "Gospodarczy kalendarz inwestora. Co wydarzy si\u0119 w tym tygodniu?", "description": "<p><img align=\"left\" alt=\"\" class=\"webfeedsFeaturedVisual\" height=\"560\" src=\"http://galeria.bankier.pl/p/7/f/ca65f4fafbd4ab-948-568-33-168-2212-1327.jpg\" style=\"display: block; margin-bottom: 5px; clear: both;\" width=\"945\" />W tym tygodniu uwaga inwestor\u00f3w skupi si\u0119 na danych makro z USA - raport payrolls, odczyty PMI, wst\u0119pne dane o CPI w maju. W tle b\u0119dzie tak\u017ce polityka - podniesienie limitu zad\u0142u\u017cenia USA i reperkusje wybor\u00f3w prezydenckich w Turcji. Istotne b\u0119d\u0105 te\u017c wyst\u0105pienia bankier\u00f3w centralnych. W poniedzia\u0142ek rynki w USA i Wielkiej Brytanii s\u0105 zamkni\u0119te ze wzgl\u0119du na \u015bwi\u0119ta.</p>", "link": "https://www.bankier.pl/wiadomosc/Tym-beda-zyly-rynki-Gospodarczy-kalendarz-inwestora-8549168.html?utm_source=RSS&utm_medium=RSS&utm_campaign=Wiadomosci", "date_published": "2023-05-29 05:16:00+00:00", "persistent": false, "user": null, "language": "pl-PL"}, {"source": "https://www.bankier.pl/rss/wiadomosci.xml", "title": "800+ od nowego roku. Jakie warunki trzeba spe\u0142ni\u0107?", "description": "<p><img align=\"left\" alt=\"\" class=\"webfeedsFeaturedVisual\" height=\"560\" src=\"http://galeria.bankier.pl/p/8/b/ef414f54f9c4d0-948-568-0-45-1805-1083.jpg\" style=\"display: block; margin-bottom: 5px; clear: both;\" width=\"945\" />Waloryzacj\u0119\n\u015bwiadczenia 500 plus do 800 z\u0142 zapowiedzia\u0142o Prawo i Sprawiedliwo\u015b\u0107 w po\u0142owie\nmaja br. Ma by\u0107 ona wprowadzona od 1 stycznia 2024 roku, a w najbli\u017cszych\nmiesi\u0105cach partia rz\u0105dz\u0105ca ma pokaza\u0107, \u017ce b\u0119d\u0105 zagwarantowane pieni\u0105dze na ten\nprogram. Czy, aby otrzyma\u0107 zapowiedzian\u0105 kwot\u0119 trzeba spe\u0142ni\u0107 jakie\u015b warunki?</p>", "link": "https://www.bankier.pl/wiadomosc/800-od-nowego-roku-Jakie-warunki-trzeba-spelnic-8549086.html?utm_source=RSS&utm_medium=RSS&utm_campaign=Wiadomosci", "date_published": "2023-05-29 05:00:00+00:00", "persistent": false, "user": null, "language": "pl-PL"}, {"source": "https://www.bankier.pl/rss/wiadomosci.xml", "title": "Wi\u0119cej pieni\u0119dzy dla etatowc\u00f3w. Nawet kilkaset z\u0142otych na wakacje", "description": "<p><img align=\"left\" alt=\"\" class=\"webfeedsFeaturedVisual\" height=\"560\" src=\"http://galeria.bankier.pl/p/c/e/016c711a73165e-948-568-0-74-1355-812.jpg\" style=\"display: block; margin-bottom: 5px; clear: both;\" width=\"945\" />Wczasy pod grusz\u0105 to opcja na otrzymanie dodatkowych pieni\u0119dzy dla os\u00f3b zatrudnionych w ramach umowy o prac\u0119. Pracownicy mog\u0105 otrzyma\u0107 nawet kilka tysi\u0119cy z\u0142otych na sfinansowania letniego wypoczynku. Zasady przyznawania \u015bwiadczenia s\u0105 okre\u015blone w regulaminie Zak\u0142adowego Funduszu \u015awiadcze\u0144 Socjalnych (ZF\u015aS). Sprawd\u017a, kto i, pod jakimi warunkami mo\u017ce liczy\u0107 na dodatkowe \u015brodki na wakacje.</p>", "link": "https://www.bankier.pl/wiadomosc/Wczasy-pod-grusza-Kto-moze-skorzystac-ze-swiadczenia-Jaka-jest-jego-wysokosc-8548038.html?utm_source=RSS&utm_medium=RSS&utm_campaign=Wiadomosci", "date_published": "2023-05-29 05:00:00+00:00", "persistent": false, "user": null, "language": "pl-PL"}, {"source": "https://www.bankier.pl/rss/wiadomosci.xml", "title": "Wy\u017cszy limit zad\u0142u\u017cenia USA. Biden: Czas na Kongres", "description": "<p><img align=\"left\" alt=\"\" class=\"webfeedsFeaturedVisual\" height=\"560\" src=\"http://galeria.bankier.pl/p/9/7/3bbd19691ad97d-948-568-305-296-1418-851.jpg\" style=\"display: block; margin-bottom: 5px; clear: both;\" width=\"945\" />Prezydent Joe Biden o\u015bwiadczy\u0142 w niedziel\u0119, \u017ce ostatecznie sfinalizowa\u0142 porozumienie bud\u017cetowe z spikerem Izby Reprezentant\u00f3w Kevinem McCarthym. Doda\u0142, \u017ce porozumienie w sprawie podwy\u017cszenia limitu zad\u0142u\u017cenia jest gotowe do przekazania Kongresowi .</p>", "link": "https://www.bankier.pl/wiadomosc/Wyzszy-limit-zadluzenia-USA-Biden-Czas-na-Kongres-8549152.html?utm_source=RSS&utm_medium=RSS&utm_campaign=Wiadomosci", "date_published": "2023-05-29 02:21:00+00:00", "persistent": false, "user": null, "language": "pl-PL"}, {"source": "https://www.bankier.pl/rss/wiadomosci.xml", "title": "Powolny upadek Sancheza? Hiszpa\u0144scy socjali\u015bci przegrali wybory lokalne", "description": "<p><img align=\"left\" alt=\"\" class=\"webfeedsFeaturedVisual\" height=\"560\" src=\"http://galeria.bankier.pl/p/f/7/c42f8c54c6d554-948-568-24-6-2455-1473.jpg\" style=\"display: block; margin-bottom: 5px; clear: both;\" width=\"945\" />Hiszpa\u0144ska Socjalistyczna Partia Robotnicza (PSOE), kierowana przez premiera Pedro Sancheza, przegra\u0142a niedzielne wybory do w\u0142adz regionalnych i samorz\u0105dowych w Hiszpanii, wynika z danych Pa\u0144stwowej Komisji Wyborczej po przeliczeniu g\u0142os\u00f3w z ponad 99,7 proc. okr\u0119g\u00f3w wyborczych.</p>", "link": "https://www.bankier.pl/wiadomosc/Powolny-upadek-Sancheza-Hiszpanscy-socjalisci-przegrali-wybory-lokalne-8549147.html?utm_source=RSS&utm_medium=RSS&utm_campaign=Wiadomosci", "date_published": "2023-05-29 00:23:00+00:00", "persistent": false, "user": null, "language": "pl-PL"}, {"source": "https://www.bankier.pl/rss/wiadomosci.xml", "title": "Damaszek pod ostrza\u0142em. Syria oskar\u017ca Izrael o atak", "description": "<p><img align=\"left\" alt=\"\" class=\"webfeedsFeaturedVisual\" height=\"560\" src=\"http://galeria.bankier.pl/p/0/f/d163c244971c98-945-567-11-249-4528-2717.jpg\" style=\"display: block; margin-bottom: 5px; clear: both;\" width=\"945\" />Syryjskie media alarmuj\u0105, \u017ce p\u00f3\u017anym wieczorem Izrael dokona\u0142 uderze\u0144 z powietrza na stolic\u0119 Damaszek. Agencja SANA podaje, \u017ce znaczna cz\u0119\u015b\u0107 pocisk\u00f3w zosta\u0142a zestrzelona. Nie ma ofiar \u015bmiertelnych, a jedynie \"straty materialne\".</p>", "link": "https://www.bankier.pl/wiadomosc/Damaszek-pod-ostrzalem-Syria-oskarza-Izrael-o-atak-8549146.html?utm_source=RSS&utm_medium=RSS&utm_campaign=Wiadomosci", "date_published": "2023-05-29 00:09:00+00:00", "persistent": false, "user": null, "language": "pl-PL"}]