[{"source": "https://tvn24.pl/najwazniejsze.xml", "title": "Zamieszki we Francji. W Marsylii demonstranci napadli na sklep z broni\u0105", "description": "<img alt=\"Zamieszki we Francji. W Marsylii demonstranci napadli na sklep z broni\u0105\" src=\"https://tvn24.pl/najnowsze/cdn-zdjecie-kfx47d-zamieszki-w-marsylii-we-francji-7198089/alternates/LANDSCAPE_1280\" />\n    Kolejna gor\u0105ca noc we Francji.", "link": "https://tvn24.pl/swiat/francja-zamieszki-po-smierci-nahela-w-marsylii-uczestnicy-protestow-okradli-sklep-z-bronia-w-marsylii-zabrali-karabiny-7198081?source=rss", "date_published": "2023-06-30T21:09:41+00:00", "persistent": false, "dead": false, "user": null, "language": "pl-PL"}, {"source": "https://tvn24.pl/najwazniejsze.xml", "title": "Media: Prigo\u017cyn zamyka \"fabryk\u0119 trolli\"", "description": "<img alt=\"Media: Prigo\u017cyn zamyka \" src=\"https://tvn24.pl/najnowsze/cdn-zdjecie-vz11rs-siedziba-grupy-wagnera-w-rosji-w-petersburgu-7189405/alternates/LANDSCAPE_1280\" />\n    Konsekwencje buntu szefa najemniczej Grupy Warnera.", "link": "https://tvn24.pl/swiat/rosja-media-jewgienij-prigozyn-zamyka-fabryke-trolli-7198046?source=rss", "date_published": "2023-06-30T20:35:07+00:00", "persistent": false, "dead": false, "user": null, "language": "pl-PL"}, {"source": "https://tvn24.pl/najwazniejsze.xml", "title": "Nie ma mocnych na Verstappena", "description": "<img alt=\"Nie ma mocnych na Verstappena\" src=\"https://tvn24.pl/najnowsze/cdn-zdjecie-kzzn91-red-bulls-max-verstappen-7198030/alternates/LANDSCAPE_1280\" />\n    Obro\u0144ca tytu\u0142u z pole position przed Grand Prix Austrii", "link": "https://eurosport.tvn24.pl/formula-1/wyniki-i-relacja-z-kwalifikacji-przed-grand-prix-austrii-2023_sto9679058/story.shtml?source=rss", "date_published": "2023-06-30T19:33:00+00:00", "persistent": false, "dead": false, "user": null, "language": "pl-PL"}, {"source": "https://tvn24.pl/najwazniejsze.xml", "title": "Spodziewaj\u0105 si\u0119 rekordowej liczby pasa\u017cer\u00f3w. Tymczasem na lotniskach brakuje pracownik\u00f3w", "description": "<img alt=\"Spodziewaj\u0105 si\u0119 rekordowej liczby pasa\u017cer\u00f3w. Tymczasem na lotniskach brakuje pracownik\u00f3w\" src=\"https://fakty.tvn24.pl/najnowsze/cdn-zdjecie-fqcye3-transportowe-klopoty-w-usa-na-lotniskach-brakuje-pracownikow-7197996/alternates/LANDSCAPE_1280\" />\n    Przed Amerykanami d\u0142ugi weekend, kt\u00f3rego fina\u0142em we wtorek b\u0119dzie \u015awi\u0119to Niepodleg\u0142o\u015bci.", "link": "https://fakty.tvn24.pl/fakty-o-swiecie/transportowe-klopoty-w-usa-na-lotniskach-brakuje-pracownikow-7198000?source=rss", "date_published": "2023-06-30T19:32:16+00:00", "persistent": false, "dead": false, "user": null, "language": "pl-PL"}, {"source": "https://tvn24.pl/najwazniejsze.xml", "title": "Polska rakieta rusza na podb\u00f3j \"granicy kosmosu\". \"Szykujemy si\u0119 do lotu na jesieni\"", "description": "<img alt=\"Polska rakieta rusza na podb\u00f3j \" src=\"https://tvn24.pl/najnowsze/cdn-zdjecie-2og2wt-rakieta-perun-7198015/alternates/LANDSCAPE_1280\" />\n    Rozmowa Huberta Kijka z Marcinem Sarnowskim z firmy SpaceForest.", "link": "https://tvn24.pl/go/programy,7/kijek-w-kosmosie-odcinki,607116/odcinek-81,S00E81,1103474?source=rss", "date_published": "2023-06-30T19:26:57+00:00", "persistent": false, "dead": false, "user": null, "language": "pl-PL"}, {"source": "https://tvn24.pl/najwazniejsze.xml", "title": "Japonia w zastraszaj\u0105cym tempie si\u0119 wyludnia", "description": "<img alt=\"Japonia w zastraszaj\u0105cym tempie si\u0119 wyludnia\" src=\"https://fakty.tvn24.pl/najnowsze/cdn-zdjecie-i71z1q-japonia-w-zastraszajacym-tempie-sie-wyludnia-wiele-wsi-jest-na-skraju-wymarcia-7197976/alternates/LANDSCAPE_1280\" />\n    Najwi\u0119ksze miasta t\u0119tni\u0105 \u017cyciem, ale kosztem wsi.", "link": "https://fakty.tvn24.pl/fakty-o-swiecie/japonia-w-zastraszajacym-tempie-sie-wyludnia-wiele-wsi-jest-na-skraju-wymarcia-7197978?source=rss", "date_published": "2023-06-30T19:15:14+00:00", "persistent": false, "dead": false, "user": null, "language": "pl-PL"}, {"source": "https://tvn24.pl/najwazniejsze.xml", "title": "\"Trzeba by\u0107 po stronie kobiet, bo to kobiety wygraj\u0105 wybory jesieni\u0105\"", "description": "<img alt=\"\" src=\"https://tvn24.pl/najnowsze/cdn-zdjecie-i6q3eg-30-2000-kbk-cr2-cln-0043-7197972/alternates/LANDSCAPE_1280\" />\n    Wydanie specjalne \"Kampanii #BezKitu\" z Open'er Festival 2023 w Gdyni.", "link": "https://tvn24.pl/polska/wydanie-specjalne-kampanii-bezkitu-z-openera-w-gdyni-elzbieta-anna-polak-i-rafal-trzaskowski-o-prawach-kobiet-7197756?source=rss", "date_published": "2023-06-30T19:11:42+00:00", "persistent": false, "dead": false, "user": null, "language": "pl-PL"}, {"source": "https://tvn24.pl/najwazniejsze.xml", "title": "Awans Polek w rankingu FIVB", "description": "<img alt=\"Awans Polek w rankingu FIVB\" src=\"https://tvn24.pl/najnowsze/cdn-zdjecie-bbri4-stysiak-prowadzi-polki-do-kolejnych-zwyciestw-7194120/alternates/LANDSCAPE_1280\" />\n    Tak wysoko nie by\u0142y od 12 lat.", "link": "https://eurosport.tvn24.pl/siatkowka/ranking-fivb-polskie-siatkarki-awansowaly-na-siodme-miejsce-po-raz-pierwszy-od-2011-roku_sto9678976/story.shtml?source=rss", "date_published": "2023-06-30T18:55:02+00:00", "persistent": false, "dead": false, "user": null, "language": "pl-PL"}, {"source": "https://tvn24.pl/najwazniejsze.xml", "title": "Kumulacja w Eurojackpot ro\u015bnie", "description": "<img alt=\"Kumulacja w Eurojackpot ro\u015bnie\" src=\"https://tvn24.pl/najnowsze/cdn-zdjecie-b7a3hv-eurojackpot-shutterstock1603798027-5772919/alternates/LANDSCAPE_1280\" />\n    Wyniki losowania.", "link": "https://tvn24.pl/biznes/z-kraju/eurojackpot-wyniki-z-dnia-300623-liczby-z-ostatniego-losowania-7197963?source=rss", "date_published": "2023-06-30T18:54:19+00:00", "persistent": false, "dead": false, "user": null, "language": "pl-PL"}, {"source": "https://tvn24.pl/najwazniejsze.xml", "title": "Amerykanie apeluj\u0105, by \"wypl\u0105tali si\u0119 z tej szkodliwej relacji\"", "description": "<img alt=\"Amerykanie apeluj\u0105, by \" src=\"https://tvn24.pl/najnowsze/cdn-zdjecie-f2u620-forum-0643296331-7197943/alternates/LANDSCAPE_1280\" />\n    Za decyzj\u0105 wojskowej junty w Mali, by wycofa\u0107 zgod\u0119 na obecno\u015b\u0107 wojsk ONZ, mia\u0142 sta\u0107 Prigo\u017cyn.", "link": "https://tvn24.pl/swiat/grupa-wagnera-w-mali-john-kirby-jewgienij-prigozyn-zaaranzowal-wyjscie-misji-onz-by-promowac-interesy-grupy-wagnera-7197975?source=rss", "date_published": "2023-06-30T18:48:14+00:00", "persistent": false, "dead": false, "user": null, "language": "pl-PL"}, {"source": "https://tvn24.pl/najwazniejsze.xml", "title": "50 tysi\u0119cy z\u0142otych trafi\u0142o na konto oszusta, a jej zosta\u0142a po\u017cyczka do sp\u0142acenia", "description": "<img alt=\"50 tysi\u0119cy z\u0142otych trafi\u0142o na konto oszusta, a jej zosta\u0142a po\u017cyczka do sp\u0142acenia\" src=\"https://tvn24.pl/najnowsze/cdn-zdjecie-4yze3n-odebrala-telefon-od-kobiety-podajacej-sie-za-pracownice-banku-zostala-oszukana-zdj-ilustracyjne-7197958/alternates/LANDSCAPE_1280\" />\n    Mieszkanka Grodziska Mazowieckiego zosta\u0142a oszukana.", "link": "https://tvn24.pl/tvnwarszawa/okolice/grodzisk-mazowiecki-stracila-50-tysiecy-zlotych-bo-posluchala-kobiety-podajacej-sie-za-pracownice-banku-7197947?source=rss", "date_published": "2023-06-30T18:40:47+00:00", "persistent": false, "dead": false, "user": null, "language": "pl-PL"}, {"source": "https://tvn24.pl/najwazniejsze.xml", "title": "Media: Ostatni dzie\u0144 ta\u0144szej benzyny. T\u0142umy na stacjach", "description": "<img alt=\"Media: Ostatni dzie\u0144 ta\u0144szej benzyny. T\u0142umy na stacjach\" src=\"https://tvn24.pl/najnowsze/cdn-zdjecie-tzup32-stacja-paliw-tankowanie-holandia-shutterstock_360099893-7197980/alternates/LANDSCAPE_1280\" />\n    W Holandii.", "link": "https://tvn24.pl/biznes/ze-swiata/holandia-na-niektorych-stacjach-zabraklo-paliwa-masowe-tankowanie-przed-wzrostem-akcyzy-7197931?source=rss", "date_published": "2023-06-30T18:40:42+00:00", "persistent": false, "dead": false, "user": null, "language": "pl-PL"}, {"source": "https://tvn24.pl/najwazniejsze.xml", "title": "\"Chcieli\u015bmy co\u015b zablokowa\u0107, nic nie zyskali\u015bmy. A zaw\u0119zili\u015bmy spraw\u0119 znalezienia kompromisu\"", "description": "<img alt=\"\" src=\"https://tvn24.pl/najnowsze/cdn-zdjecie-ilzovk-30-1925-fpf-cln-0019-7197883/alternates/LANDSCAPE_1280\" />\n    Marzena Chmielewska i Marek Grela w \"Faktach po Faktach\".", "link": "https://tvn24.pl/polska/sprzeciw-polski-i-wegier-ws-migrantow-problemy-z-kpo-marek-grela-i-marzena-chmielewska-komentuja-7197807?source=rss", "date_published": "2023-06-30T18:29:50+00:00", "persistent": false, "dead": false, "user": null, "language": "pl-PL"}, {"source": "https://tvn24.pl/najwazniejsze.xml", "title": "Bedoes, Dawid Podsiad\u0142o, Szczyl. Arty\u015bci apeluj\u0105 do m\u0142odych o uczestniczenie w wyborach", "description": "<img alt=\"Bedoes, Dawid Podsiad\u0142o, Szczyl. Arty\u015bci apeluj\u0105 do m\u0142odych o uczestniczenie w wyborach\" src=\"https://fakty.tvn24.pl/najnowsze/cdn-zdjecie-1i35la-bedoes-dawid-podsiadlo-szczyl-artysci-apeluja-do-mlodych-o-uczestnictwo-w-wyborach-7197857/alternates/LANDSCAPE_1280\" />\n    Nie m\u00f3wi\u0105 na kogo g\u0142osowa\u0107 - m\u00f3wi\u0105 \"id\u017acie na wybory\".", "link": "https://fakty.tvn24.pl/zobacz-fakty/bedoes-dawid-podsiadlo-szczyl-artysci-apeluja-do-mlodych-o-uczestnictwo-w-wyborach-7197910?source=rss", "date_published": "2023-06-30T18:23:52+00:00", "persistent": false, "dead": false, "user": null, "language": "pl-PL"}, {"source": "https://tvn24.pl/najwazniejsze.xml", "title": "\"Mayday, mayday, mayday. Stena Spirit\"", "description": "<img alt=\"\" src=\"https://fakty.tvn24.pl/najnowsze/cdn-zdjecie-tp9lei-tragedia-na-baltyku-7-letni-chlopiec-i-jego-38-letnia-matka-ktorzy-wpadli-do-wody-nie-zyja-jest-sledztwo-7197860/alternates/LANDSCAPE_1280\" />\n    Tragedia na Ba\u0142tyku. Ch\u0142opiec i jego matka, kt\u00f3rzy wpadli do wody, nie \u017cyj\u0105. Jest \u015bledztwo.", "link": "https://fakty.tvn24.pl/zobacz-fakty/tragedia-na-baltyku-7-letni-chlopiec-i-jego-38-letnia-matka-ktorzy-wpadli-do-wody-nie-zyja-jest-sledztwo-7197829?source=rss", "date_published": "2023-06-30T18:01:42+00:00", "persistent": false, "dead": false, "user": null, "language": "pl-PL"}, {"source": "https://tvn24.pl/najwazniejsze.xml", "title": "Mo\u0142dawianie zn\u00f3w o\u015bmieszyli polskich pi\u0142karzy. Tym razem w Tarnowie", "description": "<img alt=\"Mo\u0142dawianie zn\u00f3w o\u015bmieszyli polskich pi\u0142karzy. Tym razem w Tarnowie\" src=\"https://tvn24.pl/najnowsze/cdn-zdjecie-brypf-polska-przegrala-z-moldawia-w-igrzyskach-europejskich-7197927/alternates/LANDSCAPE_1280\" />\n    Na pla\u017cy podczas Igrzysk Europejskich.", "link": "https://eurosport.tvn24.pl/igrzyska/igrzyska-europejskie-2023-krakow-i-malopolska/2023/igrzyska-europejskie-2023.-beach-soccer.-polska-moldawia-wynik-i-relacja-plazowa-pilka-nozna_sto9678954/story.shtml?source=rss", "date_published": "2023-06-30T17:58:00+00:00", "persistent": false, "dead": false, "user": null, "language": "pl-PL"}, {"source": "https://tvn24.pl/najwazniejsze.xml", "title": "Tyle zarobi\u0142a \u017cona sekretarza generalnego PiS. Znamy o\u015bwiadczenie maj\u0105tkowe", "description": "<img alt=\"Tyle zarobi\u0142a \u017cona sekretarza generalnego PiS. Znamy o\u015bwiadczenie maj\u0105tkowe\" src=\"https://tvn24.pl/najnowsze/cdn-zdjecie-pwc1ys-sylwia-sobolewska-krzysztof-sobolewski-5767457/alternates/LANDSCAPE_1280\" />\n    Za 2022 rok.", "link": "https://tvn24.pl/biznes/z-kraju/sylwia-sobolewska-oswiadczenie-majatkowe-za-2022-ile-zarobila-zona-sekretarza-generalnego-pis-7197758?source=rss", "date_published": "2023-06-30T17:47:10+00:00", "persistent": false, "dead": false, "user": null, "language": "pl-PL"}, {"source": "https://tvn24.pl/najwazniejsze.xml", "title": "Drogowcy sprzedaj\u0105 odholowane samochody. Na li\u015bcie 45 aut i w\u0142oski skuter", "description": "<img alt=\"Drogowcy sprzedaj\u0105 odholowane samochody. Na li\u015bcie 45 aut i w\u0142oski skuter \" src=\"https://tvn24.pl/tvnwarszawa/najnowsze/cdn-zdjecie-wiym0i-vespa-wystawiona-przez-drogowcow-na-sprzedaz-7197868/alternates/LANDSCAPE_1280\" />\n    To ju\u017c pi\u0105ty przetarg.", "link": "https://tvn24.pl/tvnwarszawa/ulice/warszawa-zdm-sprzedaje-odholowane-samochody-na-liscie-45-aut-i-kultowy-wloski-skuter-7197866?source=rss", "date_published": "2023-06-30T17:44:52+00:00", "persistent": false, "dead": false, "user": null, "language": "pl-PL"}, {"source": "https://tvn24.pl/najwazniejsze.xml", "title": "Zabrani ze szpitala z \"ranami, kt\u00f3re jeszcze si\u0119 nie zagoi\u0142y\". W tle konflikt z wagnerowcami", "description": "<img alt=\"Zabrani ze szpitala z \" src=\"https://tvn24.pl/najnowsze/cdn-zdjecie-4w80o2-okupanci-7180674/alternates/LANDSCAPE_1280\" />\n    Wojskowi skar\u017c\u0105 si\u0119 na \"niezno\u015bne warunki przetrzymywania\".", "link": "https://tvn24.pl/najnowsze/rosja-kanal-ostrozno-nowosti-zolnierze-z-jednostki-sztorm-z-trafili-ze-szpitala-do-piwnicy-7197781?source=rss", "date_published": "2023-06-30T17:33:22+00:00", "persistent": false, "dead": false, "user": null, "language": "pl-PL"}, {"source": "https://tvn24.pl/najwazniejsze.xml", "title": "Potr\u0105ci\u0142a rowerzyst\u0119 i uderzy\u0142a w latarni\u0119", "description": "<img alt=\"Potr\u0105ci\u0142a rowerzyst\u0119 i uderzy\u0142a w latarni\u0119\" src=\"https://tvn24.pl/tvnwarszawa/najnowsze/cdn-zdjecie-8ix1db-potracenie-rowerzysty-na-paryskiej-7197793/alternates/LANDSCAPE_1280\" />\n    Na Saskiej K\u0119pie.", "link": "https://tvn24.pl/tvnwarszawa/ulice/warszawa-potracila-rowerzyste-wylamala-slupki-i-uderzyla-w-latarnie-7197791?source=rss", "date_published": "2023-06-30T16:41:35+00:00", "persistent": false, "dead": false, "user": null, "language": "pl-PL"}, {"source": "https://tvn24.pl/najwazniejsze.xml", "title": "Kulomiotka pobieg\u0142a przez p\u0142otki. \"Nigdy wcze\u015bniej nie by\u0142am tak s\u0142awna\"", "description": "<img alt=\"Kulomiotka pobieg\u0142a przez p\u0142otki. \" src=\"https://tvn24.pl/najnowsze/cdn-zdjecie-ytkfgd-jolien-boumkwo-transformed-into-hurdler-7197803/alternates/LANDSCAPE_1280\" />\n    Jolien Boumkwo z Belgii w Chorzowie pokaza\u0142a wspania\u0142\u0105 postaw\u0119.", "link": "https://eurosport.tvn24.pl/lekkoatletyka/belgijska-lekkoatletka-zaskoczona-szalona-popularnoscia.-nigdy-wczesniej-nie-bylam-tak-slawna_sto9678491/story.shtml?source=rss", "date_published": "2023-06-30T16:35:00+00:00", "persistent": false, "dead": false, "user": null, "language": "pl-PL"}, {"source": "https://tvn24.pl/najwazniejsze.xml", "title": "\"Kilkaset milion\u00f3w sztuk amunicji\" dla polskich \u017co\u0142nierzy", "description": "<img alt=\"\" src=\"https://tvn24.pl/najnowsze/cdn-zdjecie-93ozwi-pap_20230223_1l4-7197796/alternates/LANDSCAPE_1280\" />\n    Umowa na niemal miliard z\u0142otych.", "link": "https://tvn24.pl/polska/kilkaset-milionow-sztuk-amunicji-dla-polskich-zolnierzy-agencja-uzbrojenia-podpisala-umowe-na-blisko-miliard-zlotych-7197731?source=rss", "date_published": "2023-06-30T16:33:46+00:00", "persistent": false, "dead": false, "user": null, "language": "pl-PL"}, {"source": "https://tvn24.pl/najwazniejsze.xml", "title": "Najpopularniejsze miejsca turystyczne w Europie", "description": "<img alt=\"Najpopularniejsze miejsca turystyczne w Europie\" src=\"https://tvn24.pl/najnowsze/cdn-zdjecie-1apx3d-najpopularniejsze-destynacje-turystyczne-w-europie-7197750/alternates/LANDSCAPE_1280\" />\n    Jedna wyspa zdecydowanym liderem.", "link": "https://tvn24.pl/ciekawostki/wakacje-2023-najpopularniejsze-miejsca-turystyczne-w-europie-santorini-ibiza-teneryfa-na-podium-7197744?source=rss", "date_published": "2023-06-30T16:23:42+00:00", "persistent": false, "dead": false, "user": null, "language": "pl-PL"}, {"source": "https://tvn24.pl/najwazniejsze.xml", "title": "Adam Bielan wezwany do NIK. W sprawie Narodowego Centrum Bada\u0144 i Rozwoju", "description": "<img alt=\"Adam Bielan wezwany do NIK. W sprawie Narodowego Centrum Bada\u0144 i Rozwoju\" src=\"https://fakty.tvn24.pl/najnowsze/cdn-zdjecie-okweb7-jacek-zalek-zabral-glos-po-dymisji-adam-bielan-zeznawal-w-sprawie-narodowego-centrum-badan-i-rozwoju-7197752/alternates/LANDSCAPE_1280\" />\n    Lider Republikan\u00f3w Adam Bielan zeznawa\u0142 w sprawie nieprawid\u0142owo\u015bci w NCBR. Du\u017co na ten temat powiedzia\u0142 w pierwszym wywiadzie po dymisji Jacek \u017balek.", "link": "https://fakty.tvn24.pl/fakty-po-poludniu/jacek-zalek-zabral-glos-po-dymisji-adam-bielan-zeznawal-w-sprawie-narodowego-centrum-badan-i-rozwoju-7197735?source=rss", "date_published": "2023-06-30T15:59:18+00:00", "persistent": false, "dead": false, "user": null, "language": "pl-PL"}, {"source": "https://tvn24.pl/najwazniejsze.xml", "title": "Cia\u0142o siedemnastolatki znalezione w w\u00f3zku sklepowym na ulicy Rzymu", "description": "<img alt=\"Cia\u0142o siedemnastolatki znalezione w w\u00f3zku sklepowym na ulicy Rzymu\" src=\"https://tvn24.pl/najnowsze/cdn-zdjecie-vrb95j-policja-wlochy-shutterstock1363209830-5202029/alternates/LANDSCAPE_1280\" />\n    Dziewczynie zadano sze\u015b\u0107 cios\u00f3w no\u017cem.", "link": "https://tvn24.pl/swiat/wlochy-cialo-siedemnastolatki-michelle-maria-causo-w-wozku-sklepowym-w-rzymie-7197656?source=rss", "date_published": "2023-06-30T15:57:01+00:00", "persistent": false, "dead": false, "user": null, "language": "pl-PL"}, {"source": "https://tvn24.pl/najwazniejsze.xml", "title": "\"Takie jest przes\u0142anie tej Rady Europejskiej w sprawie Chin\"", "description": "<img alt=\"\" src=\"https://tvn24.pl/najnowsze/cdn-zdjecie-2fx15o-szczyt-ue-7197726/alternates/LANDSCAPE_1280\" />\n    zobowi\u0105zano si\u0119 do zmniejszenia zale\u017cno\u015bci od nich i dyskutowano, jak znale\u017a\u0107 r\u00f3wnowag\u0119 mi\u0119dzy \"redukcj\u0105 ryzyka\" a wsp\u00f3\u0142prac\u0105 z Pekinem.", "link": "https://tvn24.pl/swiat/szczyt-unii-europejskiej-konkluzje-o-ukrainie-zwiekszeniu-wsparcia-dla-kijowa-i-ograniczaniu-ryzyko-ze-strony-chi-7197640?source=rss", "date_published": "2023-06-30T15:48:55+00:00", "persistent": false, "dead": false, "user": null, "language": "pl-PL"}, {"source": "https://tvn24.pl/najwazniejsze.xml", "title": "Jej cia\u0142o przez pi\u0119\u0107 lat le\u017ca\u0142o w mieszkaniu. To\u017csamo\u015b\u0107 nieznana", "description": "<img alt=\"Jej cia\u0142o przez pi\u0119\u0107 lat le\u017ca\u0142o w mieszkaniu. To\u017csamo\u015b\u0107 nieznana\" src=\"https://tvn24.pl/najnowsze/cdn-zdjecie-2jqzpf-cialo-kobiety-piec-lat-lezalo-w-mieszkaniu-7197636/alternates/LANDSCAPE_1280\" />\n    Mo\u017ce  zosta\u0107 pochowana jako NN.", "link": "https://tvn24.pl/tvnwarszawa/okolice/legionowo-szukaja-krewnych-kobiety-ktorej-cialo-przez-piec-lat-lezalo-w-mieszkaniu-7197469?source=rss", "date_published": "2023-06-30T15:39:57+00:00", "persistent": false, "dead": false, "user": null, "language": "pl-PL"}, {"source": "https://tvn24.pl/najwazniejsze.xml", "title": "158,5 miliarda z\u0142otych. Temat, kt\u00f3rego PiS unika jak ognia", "description": "<img alt=\"158,5 miliarda z\u0142otych. Temat, kt\u00f3rego PiS unika jak ognia\" src=\"https://tvn24.pl/najnowsze/cdn-zdjecie-eyzdo4-jaroslaw-kaczynski-joachim-brudzinski-rafal-bochenek-krzysztof-sobolewski-7197702/alternates/LANDSCAPE_1280\" />\n    Sk\u0105d pieni\u0105dze na inwestycje.", "link": "https://tvn24.pl/biznes/z-kraju/otwarcie-tunelu-w-swinoujsciu-skad-pieniadze-na-inwestycje-7197568?source=rss", "date_published": "2023-06-30T15:29:03+00:00", "persistent": false, "dead": false, "user": null, "language": "pl-PL"}, {"source": "https://tvn24.pl/najwazniejsze.xml", "title": "Oburzenie ocala\u0142ych z ataku atomowego na Hiroszim\u0119: ta umowa to zniewaga", "description": "<img alt=\"Oburzenie ocala\u0142ych z ataku atomowego na Hiroszim\u0119: ta umowa to zniewaga\" src=\"https://tvn24.pl/najnowsze/cdn-zdjecie-c9h167-park-pokoju-w-hiroszimie-japonia-shutterstock_430810120-7197182/alternates/LANDSCAPE_1280\" />\n    Wsp\u00f3lny list organizacji reprezentuj\u0105cych ocala\u0142ych z ataku atomowego.", "link": "https://tvn24.pl/swiat/japonia-protest-ocalalych-z-hiroszimy-umowa-z-usa-to-zniewaga-7197133?source=rss", "date_published": "2023-06-30T15:26:33+00:00", "persistent": false, "dead": false, "user": null, "language": "pl-PL"}, {"source": "https://tvn24.pl/najwazniejsze.xml", "title": "Strza\u0142y na lotnisku w Kiszyniowie", "description": "<img alt=\"Strza\u0142y na lotnisku w Kiszyniowie \" src=\"https://tvn24.pl/najnowsze/cdn-zdjecie-290lm8-kiszyniow-lotnisko-shutterstock_2294710595-7197707/alternates/LANDSCAPE_1280\" />\n    Sprawc\u0105 ma by\u0107 cudzoziemiec, kt\u00f3remu zakazano wjazdu do Mo\u0142dawii.", "link": "https://tvn24.pl/swiat/moldawia-strzaly-na-lotnisku-w-kiszyniowie-7197706?source=rss", "date_published": "2023-06-30T15:20:25+00:00", "persistent": false, "dead": false, "user": null, "language": "pl-PL"}, {"source": "https://tvn24.pl/najwazniejsze.xml", "title": "W pogodzie przeplatanka. Co jeszcze czeka nas na pocz\u0105tku lipca", "description": "<img alt=\"W pogodzie przeplatanka. Co jeszcze czeka nas na pocz\u0105tku lipca \" src=\"https://tvn24.pl/tvnmeteo/najnowsze/cdn-zdjecie-irexzz-pogodnie-lato-7197675/alternates/LANDSCAPE_1280\" />\n    Sprawd\u017a prognoz\u0119 pogody na pi\u0119\u0107 dni.", "link": "https://tvn24.pl/tvnmeteo/pogoda/pogoda-na-weekend-co-czeka-nas-na-poczatku-lipca-czasem-slonce-czasem-deszcz-7197682?source=rss", "date_published": "2023-06-30T15:12:42+00:00", "persistent": false, "dead": false, "user": null, "language": "pl-PL"}, {"source": "https://tvn24.pl/najwazniejsze.xml", "title": "Dom Piotra Zieli\u0144skiego pod Neapolem spl\u0105drowany", "description": "<img alt=\"Dom Piotra Zieli\u0144skiego pod Neapolem spl\u0105drowany\" src=\"https://tvn24.pl/najnowsze/cdn-zdjecie-1mkouj-piotr-zielinski-7197698/alternates/LANDSCAPE_1280\" />\n    Pomocnik reprezentacji Polski w tym czasie by\u0142 na wakacjach.", "link": "https://eurosport.tvn24.pl/pilka-nozna/piotr-zielinski-okradziony-we-wloszech.-co-zginelo-jak-to-sie-stalo_sto9678665/story.shtml?source=rss", "date_published": "2023-06-30T14:56:44+00:00", "persistent": false, "dead": false, "user": null, "language": "pl-PL"}, {"source": "https://tvn24.pl/najwazniejsze.xml", "title": "Karykatura z Ze\u0142enskim na szubienicy. Autorem jest Polak mieszkaj\u0105cy w Holandii? To fake news", "description": "<img alt=\"Karykatura z Ze\u0142enskim na szubienicy. Autorem jest Polak mieszkaj\u0105cy w Holandii? To fake news\" src=\"https://konkret24.tvn24.pl/najnowsze/cdn-zdjecie-661emm-prezydent-ukrainy-wolodymyr-zelenski-7197517/alternates/LANDSCAPE_1280\" />\n    Takie graffiti nigdy nie powsta\u0142o, a za tym przekazem stoi rosyjska propaganda.", "link": "https://konkret24.tvn24.pl/swiat/karykatura-z-zelenskim-na-szubienicy-powstala-w-hadze-a-autorem-jest-polak-nieprawda-7195644?source=rss", "date_published": "2023-06-30T14:35:00+00:00", "persistent": false, "dead": false, "user": null, "language": "pl-PL"}, {"source": "https://tvn24.pl/najwazniejsze.xml", "title": "Problemy ju\u017c na starcie. Pierwszy Giro d'Italia kobiet anulowany", "description": "<img alt=\"Problemy ju\u017c na starcie. Pierwszy Giro d'Italia kobiet anulowany\" src=\"https://tvn24.pl/najnowsze/cdn-zdjecie-sqhb9j-elynor-backstedt-giro-donne-2023-7197663/alternates/LANDSCAPE_1280\" />\n    Cz\u0119\u015b\u0107 kolarek zaliczy\u0142a bolesne upadki.", "link": "https://eurosport.tvn24.pl/kolarstwo/giro-d-italia-donne/2023/giro-d-italia-kobiet-2023.-pierwszy-etap-odwolany.-dlaczego-co-sie-stalo-kolarstwo-kobiet_sto9678589/story.shtml?source=rss", "date_published": "2023-06-30T14:27:13+00:00", "persistent": false, "dead": false, "user": null, "language": "pl-PL"}, {"source": "https://tvn24.pl/najwazniejsze.xml", "title": "Alan Arkin nie \u017cyje. Zdobywca Oscara mia\u0142 89 lat", "description": "<img alt=\"Alan Arkin nie \u017cyje. Zdobywca Oscara mia\u0142 89 lat\" src=\"https://tvn24.pl/najnowsze/cdn-zdjecie-m9m4y4-alan-arkin-7197625/alternates/LANDSCAPE_1280\" />\n    Informacj\u0119 o \u015bmierci przekaza\u0142a rodzina.", "link": "https://tvn24.pl/kultura-i-styl/usa-alan-arkin-nie-zyje-zdobywca-oscara-mial-89-lat-7197592?source=rss", "date_published": "2023-06-30T14:11:32+00:00", "persistent": false, "dead": false, "user": null, "language": "pl-PL"}, {"source": "https://tvn24.pl/najwazniejsze.xml", "title": "Centymetry od g\u0142\u00f3wki dziecka. Nagranie", "description": "<img alt=\"Centymetry od g\u0142\u00f3wki dziecka. Nagranie\" src=\"https://tvn24.pl/najnowsze/cdn-zdjecie-1729b9-kobieta-z-dzieckiem-omal-nie-zostala-potracona-7197482/alternates/LANDSCAPE_1280\" />\n    W Grudzi\u0105dzu (Kujawsko-Pomorskie).", "link": "https://tvn24.pl/pomorze/grudziadz-krok-od-tragedii-na-przejsciu-dla-pieszych-kierowca-o-malo-co-nie-wjechal-w-kobiete-z-dzieckiem-7197532?source=rss", "date_published": "2023-06-30T14:03:05+00:00", "persistent": false, "dead": false, "user": null, "language": "pl-PL"}, {"source": "https://tvn24.pl/najwazniejsze.xml", "title": "Mikroskopijna torebka sprzedana za \u0107wier\u0107 miliona z\u0142otych. \u017bart z damskiej mody", "description": "<img alt=\"Mikroskopijna torebka sprzedana za \u0107wier\u0107 miliona z\u0142otych. \u017bart z damskiej mody\" src=\"https://tvn24.pl/najnowsze/cdn-zdjecie-dzipyg-torebka-mniejsza-niz-ziarnko-soli-mschf-sprzedana-za-ponad-200-tysiecy-zlotych-7197225/alternates/LANDSCAPE_1280\" />\n    Nabywca w zestawie otrzyma\u0142 mikroskop.", "link": "https://tvn24.pl/kultura-i-styl/usa-mikroskopijna-torebka-mniejsza-niz-ziarnko-soli-sprzedana-na-aukcji-mschf-7197340?source=rss", "date_published": "2023-06-30T14:01:32+00:00", "persistent": false, "dead": false, "user": null, "language": "pl-PL"}, {"source": "https://tvn24.pl/najwazniejsze.xml", "title": "Kosiarka odci\u0119\u0142a 11-letniemu ch\u0142opcu cztery palce", "description": "<img alt=\"Kosiarka odci\u0119\u0142a 11-letniemu ch\u0142opcu cztery palce\" src=\"https://tvn24.pl/najnowsze/cdn-zdjecie-ppgskp-chlopiec-stracil-cztery-palce-zabral-go-smiglowiec-lpr-7197461/alternates/LANDSCAPE_1280\" />\n    Jak m\u00f3wi\u0105 ratownicy, zosta\u0142y dobrze zabezpieczone, wi\u0119c jest szansa na replantacj\u0119.", "link": "https://tvn24.pl/katowice/cieszyn-kosiarka-odciela-chlopcu-cztery-palce-trafil-do-szpitala-w-katowicach-stamtad-do-otwocka-7196730?source=rss", "date_published": "2023-06-30T13:49:32+00:00", "persistent": false, "dead": false, "user": null, "language": "pl-PL"}, {"source": "https://tvn24.pl/najwazniejsze.xml", "title": "\u015awi\u0105tek pozna\u0142a potencjaln\u0105 drog\u0119 do fina\u0142u w Londynie", "description": "<img alt=\"\u015awi\u0105tek pozna\u0142a potencjaln\u0105 drog\u0119 do fina\u0142u w Londynie\" src=\"https://tvn24.pl/najnowsze/cdn-zdjecie-hepoew-iga-swiatek-powalczy-w-wimbledonie-7197495/alternates/LANDSCAPE_1280\" />\n    \u0141atwo nie b\u0119dzie ju\u017c od pierwszego meczu.", "link": "https://eurosport.tvn24.pl/tenis/wimbledon/2023/wimbledon-2023.-iga-swiatek-poznala-pierwsza-rywalke.-jak-wyglada-jej-potencjalna-droga-do-finalu-te_sto9678376/story.shtml?source=rss", "date_published": "2023-06-30T13:22:00+00:00", "persistent": false, "dead": false, "user": null, "language": "pl-PL"}, {"source": "https://tvn24.pl/najwazniejsze.xml", "title": "Macron musia\u0142 wcze\u015bniej opu\u015bci\u0107 unijny szczyt", "description": "<img alt=\"Macron musia\u0142 wcze\u015bniej opu\u015bci\u0107 unijny szczyt\" src=\"https://tvn24.pl/najnowsze/cdn-zdjecie-q41efk-emmanuel-macron-7197341/alternates/LANDSCAPE_1280\" />\n    Wr\u00f3ci\u0142, by przewodniczy\u0107 spotkaniu kryzysowemu w sprawie zamieszek we Francji.", "link": "https://tvn24.pl/swiat/zamieszki-we-francji-prezydent-emmanuel-macron-musial-opuscic-unijny-szczyt-7197372?source=rss", "date_published": "2023-06-30T13:15:11+00:00", "persistent": false, "dead": false, "user": null, "language": "pl-PL"}, {"source": "https://tvn24.pl/najwazniejsze.xml", "title": "Ameryka\u0144ska Akademia Filmowa zaprosi\u0142a nowych cz\u0142onk\u00f3w. W\u015br\u00f3d nich s\u0105 Joanna Kulig i David Zaslav", "description": "<img alt=\"Ameryka\u0144ska Akademia Filmowa zaprosi\u0142a nowych cz\u0142onk\u00f3w. W\u015br\u00f3d nich s\u0105 Joanna Kulig i David Zaslav\" src=\"https://tvn24.pl/najnowsze/cdn-zdjecie-iglvln-joanna-kulig-5116202/alternates/LANDSCAPE_1280\" />\n    \"C\u00f3\u017c za przywilej znale\u017a\u0107 si\u0119 w gronie tak utalentowanych artyst\u00f3w z ca\u0142ego \u015bwiata\" - skomentowa\u0142a to wyr\u00f3\u017cnienie aktorka.", "link": "https://tvn24.pl/kultura-i-styl/oscary-amerykanska-akademia-filmowa-zaprosila-nowych-czlonkow-wsrod-nich-sa-joanna-kulig-i-david-zaslav-7197412?source=rss", "date_published": "2023-06-30T13:14:57+00:00", "persistent": false, "dead": false, "user": null, "language": "pl-PL"}, {"source": "https://tvn24.pl/najwazniejsze.xml", "title": "Du\u017ce zmiany w podatku od spadk\u00f3w i darowizn", "description": "<img alt=\"Du\u017ce zmiany w podatku od spadk\u00f3w i darowizn\" src=\"https://tvn24.pl/najnowsze/cdn-zdjecie-ccl40j-shutterstock_2154813409-5777605/alternates/LANDSCAPE_1280\" />\n    Wchodz\u0105 w \u017cycie w sobot\u0119.", "link": "https://tvn24.pl/biznes/z-kraju/podatek-od-spadkow-i-darowizn-duze-zmiany-od-1-lipca-7195142?source=rss", "date_published": "2023-06-30T13:10:11+00:00", "persistent": false, "dead": false, "user": null, "language": "pl-PL"}, {"source": "https://tvn24.pl/najwazniejsze.xml", "title": "Robili \"ma\u0142e Guantanamo\". S\u0105d wyda\u0142 wyroki na torturuj\u0105cych policjant\u00f3w", "description": "<img alt=\"Robili \" src=\"https://tvn24.pl/najnowsze/cdn-zdjecie-goq2zi-policjanci-6790907/alternates/LANDSCAPE_1280\" />\n    Na \u0142awie oskar\u017conych by\u0142o siedemnastu funkcjonariuszy.", "link": "https://tvn24.pl/pomorze/olsztyn-policjanci-torturowali-zatrzymanych-podczas-przesluchan-w-komendzie-sad-wydal-wyroki-7197413?source=rss", "date_published": "2023-06-30T13:07:21+00:00", "persistent": false, "dead": false, "user": null, "language": "pl-PL"}, {"source": "https://tvn24.pl/najwazniejsze.xml", "title": "Dwie fale upa\u0142\u00f3w, ostrze\u017cenia dla 70 milion\u00f3w ludzi", "description": "<img alt=\"Dwie fale upa\u0142\u00f3w, ostrze\u017cenia dla 70 milion\u00f3w ludzi \" src=\"https://tvn24.pl/tvnmeteo/najnowsze/cdn-zdjecie-drhxti-upal-przeszkadza-teksanskim-budowlancom-7197451/alternates/LANDSCAPE_1280\" />\n    Ekstremalne gor\u0105co w USA.", "link": "https://tvn24.pl/tvnmeteo/swiat/usa-dwie-fale-upalow-alarmy-dla-70-milionow-ludzi-7197318?source=rss", "date_published": "2023-06-30T13:06:12+00:00", "persistent": false, "dead": false, "user": null, "language": "pl-PL"}, {"source": "https://tvn24.pl/najwazniejsze.xml", "title": "Rodzice Jagody z Dar\u0142owa oskar\u017ceni. Po czterech latach od \u015bmierci 2-miesi\u0119cznej dziewczynki", "description": "<img alt=\"Rodzice Jagody z Dar\u0142owa oskar\u017ceni. Po czterech latach od \u015bmierci 2-miesi\u0119cznej dziewczynki\" src=\"https://fakty.tvn24.pl/najnowsze/cdn-zdjecie-5zwjk6-matka-i-ojciec-dwumiesiecznej-jagodki-z-darlowa-uslyszeli-zarzuty-mialo-dojsc-do-pobicia-dziewczynki-6353450/alternates/LANDSCAPE_1280\" />\n    Koszali\u0144ska prokuratura skierowa\u0142a do s\u0105du akt oskar\u017cenia w sprawie zdarzenia z 2019 roku.", "link": "https://tvn24.pl/pomorze/darlowo-po-4-latach-rodzice-jagody-oskarzeni-dziewczynka-zmarla-7197336?source=rss", "date_published": "2023-06-30T13:03:42+00:00", "persistent": false, "dead": false, "user": null, "language": "pl-PL"}, {"source": "https://tvn24.pl/najwazniejsze.xml", "title": "Putin \"wcze\u015bniej si\u0119 tak nie zachowywa\u0142\". \"J\u0119zyk cia\u0142a nie pasowa\u0142 do wizerunku\"", "description": "<img alt=\"Putin \" src=\"https://tvn24.pl/najnowsze/cdn-zdjecie-kdrzpg-wladimir-putin-w-dagestanie-28062023-7197337/alternates/LANDSCAPE_1280\" />\n    Eksperci o wizycie rosyjskiego prezydenta w Dagestanie.", "link": "https://tvn24.pl/swiat/rosja-wladimir-putin-eksperci-o-sobowtorach-rosyjskiego-prezydenta-7197360?source=rss", "date_published": "2023-06-30T12:55:10+00:00", "persistent": false, "dead": false, "user": null, "language": "pl-PL"}, {"source": "https://tvn24.pl/najwazniejsze.xml", "title": "Zab\u00f3jstwo wi\u0119ziennej psycholo\u017cki. Jest akt oskar\u017cenia", "description": "<img alt=\"Zab\u00f3jstwo wi\u0119ziennej psycholo\u017cki. Jest akt oskar\u017cenia\" src=\"https://fakty.tvn24.pl/najnowsze/cdn-zdjecied41d8cd98f00b204e9800998ecf8427e-psycholozka-zamordowana-w-wiezieniu-nikt-nie-poczuwa-sie-do-odpowiedzialnosci-5382660/alternates/LANDSCAPE_1280\" />\n    M\u0119\u017cczyzna odpowiada za zab\u00f3jstwo ze szczeg\u00f3lnym okrucie\u0144stwem i z motywacji zas\u0142uguj\u0105cej na szczeg\u00f3lne pot\u0119pienie.", "link": "https://tvn24.pl/krakow/rzeszow-zabojstwo-wieziennej-psycholozki-akt-oskarzenia-przeciwko-arturowi-r-7197399?source=rss", "date_published": "2023-06-30T12:53:16+00:00", "persistent": false, "dead": false, "user": null, "language": "pl-PL"}, {"source": "https://tvn24.pl/najwazniejsze.xml", "title": "7,5 tysi\u0105ca mandatu dla 47-latka na hulajnodze", "description": "<img alt=\"7,5 tysi\u0105ca mandatu dla 47-latka na hulajnodze\" src=\"https://tvn24.pl/tvnwarszawa/najnowsze/cdn-zdjecie-7uollz-policja-zdjecie-ilustracyjne-7181855/alternates/LANDSCAPE_1280\" />\n    Prowadzi\u0142 po pijanemu i potr\u0105ci\u0142 10-letniego ch\u0142opca.", "link": "https://tvn24.pl/pomorze/sopot-urzadzil-sobie-rajd-ulicami-miasta-75-tysiaca-mandatu-dla-47-latka-na-hulajnodze-7197401?source=rss", "date_published": "2023-06-30T12:45:25+00:00", "persistent": false, "dead": false, "user": null, "language": "pl-PL"}, {"source": "https://tvn24.pl/najwazniejsze.xml", "title": "Wozniacki wraca do tenisa", "description": "<img alt=\"Wozniacki wraca do tenisa\" src=\"https://tvn24.pl/najnowsze/cdn-zdjecie-np0cfn-caroline-wozniacki-zagra-w-us-open-z-dzika-karta-7197395/alternates/LANDSCAPE_1280\" />\n    Zagra z dzik\u0105 kart\u0105 w US Open.", "link": "https://eurosport.tvn24.pl/tenis/us-open/2023/us-open-2023.-caroline-wozniacki-otrzymala-od-organizatorow-dzika-karte-tenis_sto9678479/story.shtml?source=rss", "date_published": "2023-06-30T12:27:25+00:00", "persistent": false, "dead": false, "user": null, "language": "pl-PL"}, {"source": "https://tvn24.pl/najwazniejsze.xml", "title": "Ile Polacy wydadz\u0105 w tym roku na wakacje zagraniczne i gdzie jest najtaniej", "description": "<img alt=\"Ile Polacy wydadz\u0105 w tym roku na wakacje zagraniczne i gdzie jest najtaniej\" src=\"https://tvn24.pl/najnowsze/cdn-zdjecie-qzqeaf-sardynia-wlochy-plaza-shutterstock_2212251853-7180130/alternates/LANDSCAPE_1280\" />\n    Por\u00f3wnujemy ceny dla par, rodzin 2+1 i rodzin 2+2 w r\u00f3\u017cnych krajach.", "link": "https://tvn24.pl/polska/wakacje-2023-gdzie-najtaniej-ceny-w-tunezji-turcji-grecji-egipcie-i-hiszpanii-7197207?source=rss", "date_published": "2023-06-30T12:01:48+00:00", "persistent": false, "dead": false, "user": null, "language": "pl-PL"}, {"source": "https://tvn24.pl/najwazniejsze.xml", "title": "Wiceminister o OZE: \"Jeste\u015bmy jednym z lider\u00f3w w Europie\"", "description": "<img alt=\"Wiceminister o OZE: \" src=\"https://tvn24.pl/najnowsze/cdn-zdjecie-o5apac-wiceminister-o-oze-jestesmy-jednym-z-liderow-w-europie-sprawdzamy-dane-7194705/alternates/LANDSCAPE_1280\" />\n    Wed\u0142ug wiceszefa resortu aktyw\u00f3w pa\u0144stwowych Polska jest w czo\u0142\u00f3wce wymiany mocy konwencjonalnych w energetyce na te oparte o OZE. Sprawdzili\u015bmy dane.", "link": "https://konkret24.tvn24.pl/polska/wiceminister-o-oze-jestesmy-jednym-z-liderow-w-europie-sprawdzamy-dane-7194706?source=rss", "date_published": "2023-06-30T11:52:00+00:00", "persistent": false, "dead": false, "user": null, "language": "pl-PL"}, {"source": "https://tvn24.pl/najwazniejsze.xml", "title": "Po jego wyj\u015bciu na scen\u0119 zgin\u0119\u0142o 10 os\u00f3b, tysi\u0105ce zosta\u0142o rannych. Raper nie b\u0119dzie s\u0105dzony", "description": "<img alt=\"Po jego wyj\u015bciu na scen\u0119 zgin\u0119\u0142o 10 os\u00f3b, tysi\u0105ce zosta\u0142o rannych. Raper nie b\u0119dzie s\u0105dzony \u00a0\" src=\"https://tvn24.pl/najnowsze/cdn-zdjecie-3wcf82-travis-scott-ovidiu-hrubaru-shutterstock_1461487415-6790985/alternates/LANDSCAPE_1280\" />\n    Do tragedii dosz\u0142o podczas koncertu Travisa Scotta.", "link": "https://tvn24.pl/swiat/usa-raper-travis-scott-nie-bedzie-sadzony-w-sprawie-tragedii-na-astroworld-7197119?source=rss", "date_published": "2023-06-30T11:35:40+00:00", "persistent": false, "dead": false, "user": null, "language": "pl-PL"}, {"source": "https://tvn24.pl/najwazniejsze.xml", "title": "Putin kontra Prigo\u017cyn. \"Jeden gang walczy z drugim\"", "description": "<img alt=\"Putin kontra Prigo\u017cyn. \" src=\"https://fakty.tvn24.pl/najnowsze/cdn-zdjecie-xohmcd-fos-7192172/alternates/LANDSCAPE_1280\" />\n    Pod rz\u0105dami W\u0142adimira Putina Rosja przepoczwarzy\u0142a si\u0119 w pa\u0144stwo rz\u0105dzone przez zbrojne gangi - m\u00f3wi\u0142 Jacek Stawiski.", "link": "https://tvn24.pl/go/programy,7/rozmowy-na-szczycie-odcinki,692593/odcinek-69,S00E69,1103451?source=rss", "date_published": "2023-06-30T11:23:49+00:00", "persistent": false, "dead": false, "user": null, "language": "pl-PL"}, {"source": "https://tvn24.pl/najwazniejsze.xml", "title": "Trener PSG aresztowany. Razem z nim jego syn", "description": "<img alt=\"Trener PSG aresztowany. Razem z nim jego syn\" src=\"https://tvn24.pl/najnowsze/cdn-zdjecie-ks4793-christophe-galtier-7197263/alternates/LANDSCAPE_1280\" />\n    W zwi\u0105zku z zarzutami o dyskryminacj\u0119 na tle rasowym i religijnym.", "link": "https://eurosport.tvn24.pl/pilka-nozna/christophe-galtier-trener-psg-aresztowany.-zarzuty-o-dyskryminacje-na-tle-rasowym-i-religijnym_sto9678332/story.shtml?source=rss", "date_published": "2023-06-30T11:22:00+00:00", "persistent": false, "dead": false, "user": null, "language": "pl-PL"}, {"source": "https://tvn24.pl/najwazniejsze.xml", "title": "Tunel, na kt\u00f3ry \u015awinouj\u015bcie czeka\u0142o dziesi\u0119ciolecia, zosta\u0142 otwarty", "description": "<img alt=\"Tunel, na kt\u00f3ry \u015awinouj\u015bcie czeka\u0142o dziesi\u0119ciolecia, zosta\u0142 otwarty\" src=\"https://tvn24.pl/najnowsze/cdn-zdjecie-8btvxg-budowa-tunelu-zostala-zakonczona-7197043/alternates/LANDSCAPE_1280\" />\n    Wielu mieszka\u0144c\u00f3w miasta czeka\u0142o na to od urodzenia.", "link": "https://tvn24.pl/pomorze/inwestycja-ktora-prezydent-nazywa-dzielem-zycia-tunel-na-ktory-swinoujscie-czekalo-dziesieciolecia-zostal-otwarty-7196981?source=rss", "date_published": "2023-06-30T11:17:28+00:00", "persistent": false, "dead": false, "user": null, "language": "pl-PL"}, {"source": "https://tvn24.pl/najwazniejsze.xml", "title": "\"Wiemy, \u017ce zadanie zabicia Prigo\u017cyna zlecono FSB. B\u0119d\u0105 potrzebowali troch\u0119 czasu\"", "description": "<img alt=\"\" src=\"https://tvn24.pl/najnowsze/cdn-zdjecie-damzsi-forum-0768045821-1-7197147/alternates/LANDSCAPE_1280\" />\n    Twierdzi szef ukrai\u0144skiego wywiadu wojskowego.", "link": "https://tvn24.pl/swiat/bunt-grupy-wagnera-szef-wywiadu-ukrainy-fsb-dostala-polecenie-zabicia-prigozyna-7197155?source=rss", "date_published": "2023-06-30T10:36:42+00:00", "persistent": false, "dead": false, "user": null, "language": "pl-PL"}, {"source": "https://tvn24.pl/najwazniejsze.xml", "title": "Jak media mog\u0105 si\u0119 broni\u0107 przed naciskami w\u0142adzy? Specjalne wydanie \"Lo\u017cy prasowej\"", "description": "<img alt=\"Jak media mog\u0105 si\u0119 broni\u0107 przed naciskami w\u0142adzy? Specjalne wydanie \" src=\"https://tvn24.pl/najnowsze/cdn-zdjecie-9vr30s-specjalne-wydanie-lozy-prasowej-7197126/alternates/LANDSCAPE_1280\" />\n    W niedziel\u0119 2 lipca o 20:00 w TVN24.", "link": "https://tvn24.pl/polska/loza-prasowa-specjalne-wydanie-jak-media-moga-sie-bronic-przed-naciskami-wladz-7197102?source=rss", "date_published": "2023-06-30T10:25:57+00:00", "persistent": false, "dead": false, "user": null, "language": "pl-PL"}, {"source": "https://tvn24.pl/najwazniejsze.xml", "title": "Ma\u0142\u017ce\u0144stwo z Mokotowa namierzyli w Pradze. Czeski policjant o spotkaniu z par\u0105", "description": "<img alt=\"Ma\u0142\u017ce\u0144stwo z Mokotowa namierzyli w Pradze. Czeski policjant o spotkaniu z par\u0105\" src=\"https://tvn24.pl/najnowsze/cdn-zdjecie-hmtq2f-malzenstwo-z-mokotowa-7144637/alternates/LANDSCAPE_1280\" />\n    Funkcjonariusz lokalnej policji w rozmowie z reporterem \"Uwagi!\" TVN.", "link": "https://tvn24.pl/tvnwarszawa/mokotow/warszawa-malzenstwo-z-mokotowa-odnalezione-w-pradze-czeski-policjant-opowiedzial-o-spotkaniu-z-para-ustalenia-uwagi-tvn-7196947?source=rss", "date_published": "2023-06-30T10:17:01+00:00", "persistent": false, "dead": false, "user": null, "language": "pl-PL"}, {"source": "https://tvn24.pl/najwazniejsze.xml", "title": "Temat kapita\u0144skiej opaski Lewandowskiego. G\u0142os zabra\u0142 selekcjoner", "description": "<img alt=\"Temat kapita\u0144skiej opaski Lewandowskiego. G\u0142os zabra\u0142 selekcjoner\" src=\"https://tvn24.pl/najnowsze/cdn-zdjecie-mr65rp-santos-ma-okazje-wspolpracowac-z-lewandowskim-7197104/alternates/LANDSCAPE_1280\" />\n    Po blama\u017cu z Mo\u0142dawi\u0105 wielu kibic\u00f3w i niekt\u00f3rzy dziennikarze sugerowali, \u017ce \"Lewy\" nie powinien by\u0107 kapitanem kadry.", "link": "https://eurosport.tvn24.pl/pilka-nozna/el-mistrzostw-europy/2024/fernando-santos-o-meczu-moldawia-polska-w-eliminacjach-euro-2024.-co-powiedzial-selekcjoner-pilka-no_sto9678093/story.shtml?source=rss", "date_published": "2023-06-30T10:11:00+00:00", "persistent": false, "dead": false, "user": null, "language": "pl-PL"}, {"source": "https://tvn24.pl/najwazniejsze.xml", "title": "Powiedzia\u0142a, \u017ce celowo podpali\u0142a mieszkanie i \u017ca\u0142uje, \u017ce nikomu nic si\u0119 nie sta\u0142o", "description": "<img alt=\"Powiedzia\u0142a, \u017ce celowo podpali\u0142a mieszkanie i \u017ca\u0142uje, \u017ce nikomu nic si\u0119 nie sta\u0142o\" src=\"https://tvn24.pl/najnowsze/cdn-zdjecie-vmjywf-23-latka-przyznala-sie-do-podpalenia-kamienicy-7196967/alternates/LANDSCAPE_1280\" />\n    Policjanci ewakuowali 20 os\u00f3b, w tym o\u015bmioro dzieci, najm\u0142odsze wynosili na r\u0119kach.", "link": "https://tvn24.pl/katowice/chorzow-pozar-w-kamienicy-ewakuacja-20-mieszkancow-w-tym-8-dzieci-23-latka-podejrzana-o-podpalenie-7196994?source=rss", "date_published": "2023-06-30T10:04:38+00:00", "persistent": false, "dead": false, "user": null, "language": "pl-PL"}, {"source": "https://tvn24.pl/najwazniejsze.xml", "title": "53-letnia Naomi Campbell po raz drugi zosta\u0142a mam\u0105", "description": "<img alt=\"53-letnia Naomi Campbell po raz drugi zosta\u0142a mam\u0105\" src=\"https://tvn24.pl/najnowsze/cdn-zdjecie-2ip3m6-naomi-campbell-7196963/alternates/LANDSCAPE_1280\" />\n    \"Nigdy nie jest za p\u00f3\u017ano\".", "link": "https://tvn24.pl/kultura-i-styl/naomi-campbell-po-raz-drugi-zostala-mama-nigdy-nie-jest-za-pozno-mowi-53-letnia-modelka-7196907?source=rss", "date_published": "2023-06-30T10:02:27+00:00", "persistent": false, "dead": false, "user": null, "language": "pl-PL"}, {"source": "https://tvn24.pl/najwazniejsze.xml", "title": "Nocna prohibicja w Krakowie. Po p\u00f3\u0142nocy nie kupimy alkoholu", "description": "<img alt=\"Nocna prohibicja w Krakowie. Po p\u00f3\u0142nocy nie kupimy alkoholu\" src=\"https://tvn24.pl/najnowsze/cdn-zdjecie04f82b7f445df08e5f0344138267af01-do-pobicia-mialo-dojsc-w-jednym-z-krakowskich-klubow-nocnych-3791418/alternates/LANDSCAPE_1280\" />\n    Od soboty w Krakowie b\u0119dzie obowi\u0105zywa\u0142a nocna prohibicja. Zakaz nie obowi\u0105zuje bar\u00f3w, restauracji i innych punkt\u00f3w gastronomicznych.", "link": "https://tvn24.pl/krakow/krakow-nocna-prohibicja-gdzie-i-kiedy-bedzie-mozna-kupic-alkohol-7196972?source=rss", "date_published": "2023-06-30T10:02:18+00:00", "persistent": false, "dead": false, "user": null, "language": "pl-PL"}, {"source": "https://tvn24.pl/najwazniejsze.xml", "title": "\u015awi\u0105tek zrezygnowa\u0142a z dalszej gry w niemieckim turnieju", "description": "<img alt=\"\u015awi\u0105tek zrezygnowa\u0142a z dalszej gry w niemieckim turnieju\" src=\"https://tvn24.pl/najnowsze/cdn-zdjecie-15z1hc-iga-swiatek-2023-tennis-esp-player-feature-7197062/alternates/LANDSCAPE_1280\" />\n    W pi\u0105tek mia\u0142a rozegra\u0107 p\u00f3\u0142fina\u0142.", "link": "https://eurosport.tvn24.pl/tenis/wta-bad-homburg/2023/iga-swiatek-wycofala-sie-z-turnieju-wta-250-w-bad-homburg.-dlaczego-tenis_sto9678256/story.shtml?source=rss", "date_published": "2023-06-30T09:45:02+00:00", "persistent": false, "dead": false, "user": null, "language": "pl-PL"}, {"source": "https://tvn24.pl/najwazniejsze.xml", "title": "7-latek i jego matka za burt\u0105 promu. Nie \u017cyj\u0105", "description": "<img alt=\"7-latek i jego matka za burt\u0105 promu. Nie \u017cyj\u0105\" src=\"https://tvn24.pl/najnowsze/cdn-zdjecie-w6pder-stena-spirit-6120321/alternates/LANDSCAPE_1280\" />\n    P\u0142yn\u0119li z Gdyni do szwedzkiej Karlskrony.", "link": "https://tvn24.pl/pomorze/7-latek-i-jego-matka-wypadli-z-promu-nie-zyja-7196919?source=rss", "date_published": "2023-06-30T09:34:20+00:00", "persistent": false, "dead": false, "user": null, "language": "pl-PL"}, {"source": "https://tvn24.pl/najwazniejsze.xml", "title": "7-latek i jego matka za burt\u0105 promu. Nie \u017cyj\u0105", "description": "<img alt=\"7-latek i jego matka za burt\u0105 promu. Nie \u017cyj\u0105\" src=\"https://tvn24.pl/najnowsze/cdn-zdjecie-gxma74-stena-16-i-wwwdrv-7197083/alternates/LANDSCAPE_1280\" />\n    P\u0142yn\u0119li z Gdyni do szwedzkiej Karlskrony.", "link": "https://tvn24.pl/pomorze/7-latek-i-jego-matka-za-burta-promu-nie-zyja-7196919?source=rss", "date_published": "2023-06-30T09:34:20+00:00", "persistent": false, "dead": false, "user": null, "language": "pl-PL"}, {"source": "https://tvn24.pl/najwazniejsze.xml", "title": "Dziecko i matka za burt\u0105 promu. Nie \u017cyj\u0105. B\u0119dzie \u015bledztwo", "description": "<img alt=\"Dziecko i matka za burt\u0105 promu. Nie \u017cyj\u0105. B\u0119dzie \u015bledztwo \" src=\"https://tvn24.pl/najnowsze/cdn-zdjecie-dno5ru-stena-16-i-www-drv-2-7197231/alternates/LANDSCAPE_1280\" />\n    P\u0142yn\u0119li z Gdyni do szwedzkiej Karlskrony.", "link": "https://tvn24.pl/pomorze/6-latek-i-jego-matka-za-burta-promu-nie-zyja-bedzie-sledztwo-prokuratury-7196919?source=rss", "date_published": "2023-06-30T09:34:20+00:00", "persistent": false, "dead": false, "user": null, "language": "pl-PL"}, {"source": "https://tvn24.pl/najwazniejsze.xml", "title": "Decyzja s\u0105du w sprawie kary dla aktora Jerzego S.", "description": "<img alt=\"Decyzja s\u0105du w sprawie kary dla aktora Jerzego S. \" src=\"https://tvn24.pl/najnowsze/cdn-zdjecie-vn1ots-jerzy-s-przyznal-sie-do-winy-6253291/alternates/LANDSCAPE_1280\" />\n    Oskar\u017conego nie by\u0142o na sali rozpraw.", "link": "https://tvn24.pl/krakow/krakow-wyrok-w-procesie-apelacyjnym-aktora-jerzego-s-7197007?source=rss", "date_published": "2023-06-30T09:27:26+00:00", "persistent": false, "dead": false, "user": null, "language": "pl-PL"}, {"source": "https://tvn24.pl/najwazniejsze.xml", "title": "Ponad dwa tysi\u0105ce ci\u0119\u017car\u00f3wek utkn\u0119\u0142o. Niekt\u00f3re stoj\u0105 tam od kilku dni", "description": "<img alt=\"Ponad dwa tysi\u0105ce ci\u0119\u017car\u00f3wek utkn\u0119\u0142o. Niekt\u00f3re stoj\u0105 tam od kilku dni\" src=\"https://tvn24.pl/tvnmeteo/najnowsze/cdn-zdjecie-3jikch-ciezarowki-utknely-na-granicy-chilijsko-argentynskiej-7196951/alternates/LANDSCAPE_1280\" />\n    Przez \u015bnie\u017cyce i ulewy.", "link": "https://tvn24.pl/tvnmeteo/swiat/chile-ponad-dwa-tysiace-ciezarowek-utknelo-na-granicy-z-argentyna-przez-sniezyce-i-ulewy-7196887?source=rss", "date_published": "2023-06-30T09:23:42+00:00", "persistent": false, "dead": false, "user": null, "language": "pl-PL"}, {"source": "https://tvn24.pl/najwazniejsze.xml", "title": "Lipne szkolenia, fa\u0142szywe certyfikaty. Wy\u0142udzili 2 miliony z\u0142 z unijnej kasy", "description": "<img alt=\"Lipne szkolenia, fa\u0142szywe certyfikaty. Wy\u0142udzili 2 miliony z\u0142 z unijnej kasy\" src=\"https://tvn24.pl/najnowsze/cdn-zdjecie-15r0nx-prokuratura-wyslala-do-sadu-akt-oskarzenia-7196959/alternates/LANDSCAPE_1280\" />\n    Przed s\u0105dem stanie dziewi\u0119\u0107 os\u00f3b.", "link": "https://tvn24.pl/wroclaw/wroclaw-dziewiec-osob-oskarzonych-o-wyludzenie-dwoch-milionow-zlotych-z-funduszy-unijnych-koniec-sledztwa-7196993?source=rss", "date_published": "2023-06-30T09:18:07+00:00", "persistent": false, "dead": false, "user": null, "language": "pl-PL"}, {"source": "https://tvn24.pl/najwazniejsze.xml", "title": "\u015awi\u0105tek pozna\u0142a pierwsz\u0105 rywalk\u0119 w Wimbledonie", "description": "<img alt=\"\u015awi\u0105tek pozna\u0142a pierwsz\u0105 rywalk\u0119 w Wimbledonie\" src=\"https://tvn24.pl/najnowsze/cdn-zdjecie-7q9545-iga-swiatek-aktualnie-gra-w-turnieju-w-bad-homburg-7195368/alternates/LANDSCAPE_1280\" />\n    Turniej rusza w przysz\u0142ym tygodniu.", "link": "https://eurosport.tvn24.pl/tenis/wimbledon-2023.-z-kim-zagra-iga-swiatek-i-inni-polacy-wyniki-losowania-i-drabinka-turnieju_sto9678100/story.shtml?source=rss", "date_published": "2023-06-30T09:12:19+00:00", "persistent": false, "dead": false, "user": null, "language": "pl-PL"}, {"source": "https://tvn24.pl/najwazniejsze.xml", "title": "Noga kobiety utkn\u0119\u0142a w ruchomym chodniku. Konieczna by\u0142a amputacja", "description": "<img alt=\"Noga kobiety utkn\u0119\u0142a w ruchomym chodniku. Konieczna by\u0142a amputacja\" src=\"https://tvn24.pl/najnowsze/cdn-zdjecie-hxdfle-shutterstock_1251182725-7196740/alternates/LANDSCAPE_1280\" />\n    Trwa ustalanie przyczyn wypadku.", "link": "https://tvn24.pl/swiat/bangkok-noga-turystki-utknela-w-ruchomym-chodniku-konieczna-byla-amputacja-7196743?source=rss", "date_published": "2023-06-30T09:09:42+00:00", "persistent": false, "dead": false, "user": null, "language": "pl-PL"}, {"source": "https://tvn24.pl/najwazniejsze.xml", "title": "\"\u0141owcy g\u0142\u00f3w\" zatrzymali 48-latk\u0119 i 46-latka. Mieli wykorzysta\u0107 seksualnie dziecko", "description": "<img alt=\"\" src=\"https://tvn24.pl/najnowsze/cdn-zdjecie-m6eqkg-policja-zdjecie-ilustracyjne-7194352/alternates/LANDSCAPE_1280\" />\n    S\u0105 ju\u017c w areszcie. Wpadli, gdy wychodzili z domu w Pyskowicach.", "link": "https://tvn24.pl/katowice/pyskowice-lowcy-glow-zatrzymali-48-latke-i-46-latka-za-para-byly-listy-goncze-w-zwiazku-z-wykorzystaniem-nastolatki-7196900?source=rss", "date_published": "2023-06-30T09:00:01+00:00", "persistent": false, "dead": false, "user": null, "language": "pl-PL"}, {"source": "https://tvn24.pl/najwazniejsze.xml", "title": "Co z polsk\u0105 gospodark\u0105? Przewidywania profesjonalnych prognost\u00f3w", "description": "<img alt=\"Co z polsk\u0105 gospodark\u0105? Przewidywania profesjonalnych prognost\u00f3w\" src=\"https://tvn24.pl/najnowsze/cdn-zdjecie-4dul20-ktore-zwierze-jest-najbardziej-smiercionosne-dla-ludzi-4703348/alternates/LANDSCAPE_1280\" />\n    Wyniki ankiety makroekonomicznej NBP.", "link": "https://tvn24.pl/biznes/pieniadze/pkb-inflacja-stopy-procentowe-prognoza-na-lata-2023-2025-wyniki-ankiety-makroekonomicznej-nbp-7196896?source=rss", "date_published": "2023-06-30T08:59:48+00:00", "persistent": false, "dead": false, "user": null, "language": "pl-PL"}, {"source": "https://tvn24.pl/najwazniejsze.xml", "title": "Niedzielski: podpisa\u0142em doniesienie do prokuratury w sprawie 10 lekarzy", "description": "<img alt=\"Niedzielski: podpisa\u0142em doniesienie do prokuratury w sprawie 10 lekarzy\" src=\"https://tvn24.pl/najnowsze/cdn-zdjecie-g864rk-niedzielski-7196871/alternates/LANDSCAPE_1280\" />\n    W zwi\u0105zku z wystawieniem e-recept.", "link": "https://tvn24.pl/polska/e-recepty-minister-zdrowa-adam-niedzielski-podpisalem-doniesienie-do-prokuratury-w-sprawie-10-lekarzy-7196905?source=rss", "date_published": "2023-06-30T08:55:51+00:00", "persistent": false, "dead": false, "user": null, "language": "pl-PL"}, {"source": "https://tvn24.pl/najwazniejsze.xml", "title": "\u015awi\u0105tek bezlitosna dla rywalek z Rosji", "description": "<img alt=\"\u015awi\u0105tek bezlitosna dla rywalek z Rosji\" src=\"https://tvn24.pl/najnowsze/cdn-zdjecie-iae3pe-iga-swiatek-i-anna-blinkowa-7196940/alternates/LANDSCAPE_1280\" />\n    D\u0142uga seria.", "link": "https://eurosport.tvn24.pl/tenis/iga-swiatek-w-polfinale-turnieju-w-bad-homburg.-trwa-seria-zwyciestw-polki-nad-rosyjskimi-tenisistka_sto9678126/story.shtml?source=rss", "date_published": "2023-06-30T08:48:00+00:00", "persistent": false, "dead": false, "user": null, "language": "pl-PL"}, {"source": "https://tvn24.pl/najwazniejsze.xml", "title": "Potr\u0105cenie 10-letniego rowerzysty", "description": "<img alt=\"Potr\u0105cenie 10-letniego rowerzysty\" src=\"https://tvn24.pl/tvnwarszawa/najnowsze/cdn-zdjecie-r74m6k-potracenie-10-letniego-rowerzysty-7196861/alternates/LANDSCAPE_1280\" />\n    Za kierownic\u0105 auta policjant po s\u0142u\u017cbie.", "link": "https://tvn24.pl/tvnwarszawa/najnowsze/piaseczno-potracenie-10-letniego-rowerzysty-policjant-po-sluzbie-za-kierownica-7196781?source=rss", "date_published": "2023-06-30T08:47:46+00:00", "persistent": false, "dead": false, "user": null, "language": "pl-PL"}, {"source": "https://tvn24.pl/najwazniejsze.xml", "title": "\"Stanowisko szefa Rady Europejskiej\" z poparciem 25 pa\u0144stw. Bez Polski i W\u0119gier", "description": "<img alt=\"\" src=\"https://tvn24.pl/najnowsze/cdn-zdjecie-ntb81o-premier-mateusz-morawiecki-w-brukseli-7196837/alternates/LANDSCAPE_1280\" />\n    Bez porozumienia w sprawie konkluzji migracyjnych na szczycie Unii Europejskiej.", "link": "https://tvn24.pl/polska/szczyt-unii-europejskiej-nie-ma-porozumienia-w-sprawie-konkluzji-migracyjnych-sprzeciw-polski-i-wegier-7196818?source=rss", "date_published": "2023-06-30T08:31:23+00:00", "persistent": false, "dead": false, "user": null, "language": "pl-PL"}, {"source": "https://tvn24.pl/najwazniejsze.xml", "title": "Inflacja w Polsce wci\u0105\u017c dwucyfrowa. S\u0105 nowe dane", "description": "<img alt=\"Inflacja w Polsce wci\u0105\u017c dwucyfrowa. S\u0105 nowe dane\" src=\"https://tvn24.pl/najnowsze/cdn-zdjecie-nn94n-sklep-zakupy-dz230531_0002-7196616/alternates/LANDSCAPE_1280\" />\n    Poda\u0142 GUS.", "link": "https://tvn24.pl/biznes/pieniadze/inflacja-w-polsce-czerwiec-2023-dane-gus-szacunek-flash-7196602?source=rss", "date_published": "2023-06-30T08:02:53+00:00", "persistent": false, "dead": false, "user": null, "language": "pl-PL"}, {"source": "https://tvn24.pl/najwazniejsze.xml", "title": "Roczne dziecko zgin\u0119\u0142o w osuwisku", "description": "<img alt=\"Roczne dziecko zgin\u0119\u0142o w osuwisku\" src=\"https://tvn24.pl/tvnmeteo/najnowsze/cdn-zdjecie-prn7z7-w-osuwisku-ziemi-zginelo-roczne-dziecko-ktore-przebywalo-w-domu-7196821/alternates/LANDSCAPE_1280\" />\n    Ulewne opady deszczu w Korei Po\u0142udniowej.", "link": "https://tvn24.pl/tvnmeteo/swiat/korea-poludniowa-roczne-dziecko-zginelo-w-osuwisku-7196800?source=rss", "date_published": "2023-06-30T07:50:29+00:00", "persistent": false, "dead": false, "user": null, "language": "pl-PL"}, {"source": "https://tvn24.pl/najwazniejsze.xml", "title": "Od 1 lipca wa\u017cne zmiany dla kierowc\u00f3w. Oto lista", "description": "<img alt=\"Od 1 lipca wa\u017cne zmiany dla kierowc\u00f3w. Oto lista\" src=\"https://tvn24.pl/najnowsze/cdn-zdjecie-tmg2ra-ulica-droga-samochody-shutterstock_1164370045-4684178/alternates/LANDSCAPE_1280\" />\n    Mi\u0119dzy innymi powr\u00f3ci mo\u017cliwo\u015b\u0107 kasowania punkt\u00f3w karnych.", "link": "https://tvn24.pl/biznes/moto/motoryzacja-punkty-karne-oplaty-za-autostrady-ubezpieczenie-oc-wazne-zmiany-dla-kierowcow-od-1-lipca-7196770?source=rss", "date_published": "2023-06-30T07:46:53+00:00", "persistent": false, "dead": false, "user": null, "language": "pl-PL"}, {"source": "https://tvn24.pl/najwazniejsze.xml", "title": "Podwy\u017cszona kara za \"agresj\u0119 drogow\u0105\"", "description": "<img alt=\"Podwy\u017cszona kara za \" src=\"https://tvn24.pl/najnowsze/cdn-zdjecie-qb1ujy-samochod-zajechal-im-droge-wpadli-w-poslizg-6065337/alternates/LANDSCAPE_1280\" />\n    Do bardzo niebezpiecznego zdarzenia doprowadzi\u0142 kierowca na trasie S7", "link": "https://tvn24.pl/pomorze/olsztynek-s7-trzyletni-zakaz-prowadzenia-pojazdow-za-agresje-drogowa-na-s7-jest-prawomocny-wyrok-sadu-7196706?source=rss", "date_published": "2023-06-30T06:56:12+00:00", "persistent": false, "dead": false, "user": null, "language": "pl-PL"}, {"source": "https://tvn24.pl/najwazniejsze.xml", "title": "Jest ca\u0142a kwota na operacj\u0119 r\u0105czek dla Adasia", "description": "<img alt=\"Jest ca\u0142a kwota na operacj\u0119 r\u0105czek dla Adasia\" src=\"https://tvn24.pl/najnowsze/cdn-zdjecie-yoj95b-2906n127xr-adam-zbiorka-7196119/alternates/LANDSCAPE_1280\" />\n    Uda\u0142o si\u0119 j\u0105 zebra\u0107 w pi\u0105tek rano.", "link": "https://tvn24.pl/polska/operacja-raczek-dla-adasia-udalo-sie-zebrac-cala-kwote-7196057?source=rss", "date_published": "2023-06-30T06:52:13+00:00", "persistent": false, "dead": false, "user": null, "language": "pl-PL"}, {"source": "https://tvn24.pl/najwazniejsze.xml", "title": "Sk\u0105d problemy \u015awi\u0105tek na trawie? Ekspertka ma swoj\u0105 teori\u0119", "description": "<img alt=\"Sk\u0105d problemy \u015awi\u0105tek na trawie? Ekspertka ma swoj\u0105 teori\u0119\" src=\"https://tvn24.pl/najnowsze/cdn-zdjecie-qr2cub-iga-swiatek-szykuje-sie-do-startu-w-wimbledonie-7196719/alternates/LANDSCAPE_1280\" />\n    Barbara Schett zauwa\u017ca w grze Polki na tej nawierzchni pewne mankamenty.", "link": "https://eurosport.tvn24.pl/tenis/wimbledon/2023/wimbledon-2023.-barbara-schett-ocenila-szanse-igi-swiatek.-co-powiedziala-ekspertka-eurosportu-tenis_sto9678048/story.shtml?source=rss", "date_published": "2023-06-30T06:40:00+00:00", "persistent": false, "dead": false, "user": null, "language": "pl-PL"}, {"source": "https://tvn24.pl/najwazniejsze.xml", "title": "\"Ludzie posk\u0142adali wnioski, tylko niestety za wnioskami nie id\u0105 pieni\u0105dze\"", "description": "<img alt=\"\" src=\"https://tvn24.pl/najnowsze/cdn-zdjecie-8biiio-30-0730-jnj-cl-0003-7196643/alternates/LANDSCAPE_1280\" />\n    Bogdan Matczak, radny powiatu w P\u0142ocku, by\u0142y rolnik, w \"Jeden na jeden\" w TVN24.", "link": "https://tvn24.pl/polska/sprawa-doplat-dla-rolnikow-bogdan-matczak-za-wnioskami-nie-ida-pieniadze-ludzie-sa-bardzo-niezadowoleni-7196652?source=rss", "date_published": "2023-06-30T06:35:02+00:00", "persistent": false, "dead": false, "user": null, "language": "pl-PL"}, {"source": "https://tvn24.pl/najwazniejsze.xml", "title": "Sportowiec mia\u0142 szpiegowa\u0107 dla Moskwy, zosta\u0142 zatrzymany przez ABW", "description": "<img alt=\"Sportowiec mia\u0142 szpiegowa\u0107 dla Moskwy, zosta\u0142 zatrzymany przez ABW\" src=\"https://tvn24.pl/najnowsze/cdn-zdjecie6ca9af1d42553c07a06cf7f55ad7a261-rzecznik-abw-stanislaw-zaryn-o-zatrzymaniu-rosjanki-wypowiedz-z-17-maja-4604146/alternates/LANDSCAPE_1280\" />\n    \"To Rosjanin, zawodowy hokeista pierwszoligowego klubu\".", "link": "https://tvn24.pl/polska/abwzatrzymala-kolejna-osobe-ktora-miala-brac-udzial-w-rosyjskiej-siatce-szpiegowskiej-7196646?source=rss", "date_published": "2023-06-30T06:17:00+00:00", "persistent": false, "dead": false, "user": null, "language": "pl-PL"}, {"source": "https://tvn24.pl/najwazniejsze.xml", "title": "Zmiana rozk\u0142adu poci\u0105g\u00f3w WKD", "description": "<img alt=\"Zmiana rozk\u0142adu poci\u0105g\u00f3w WKD\" src=\"https://tvn24.pl/tvnwarszawa/najnowsze/cdn-zdjecie-g64jw2-zmiany-w-rozkladzie-wkd-5759915/alternates/LANDSCAPE_1280\" />\n    Od 1 lipca.", "link": "https://tvn24.pl/tvnwarszawa/komunikacja/warszawa-nowy-rozklad-wkd-od-1-lipca-pociagi-wkd-pojada-co-pol-godziny-7196636?source=rss", "date_published": "2023-06-30T06:13:41+00:00", "persistent": false, "dead": false, "user": null, "language": "pl-PL"}, {"source": "https://tvn24.pl/najwazniejsze.xml", "title": "Ewa Ewart uhonorowana na festiwalu w Los Angeles", "description": "<img alt=\"Ewa Ewart uhonorowana na festiwalu w Los Angeles\" src=\"https://tvn24.pl/najnowsze/cdn-zdjecie-3mzucw-ewa-ewart-6206200/alternates/LANDSCAPE_1280\" />\n    Nagroda zosta\u0142a przyznana za najlepszy film dokumentalny.", "link": "https://tvn24.pl/polska/ewa-ewart-dziennikarka-tvn24-i-autorka-filmow-dokumentalnych-uhonorowana-na-miedzynarodowym-festiwalu-w-los-angeles-7196525?source=rss", "date_published": "2023-06-30T05:58:27+00:00", "persistent": false, "dead": false, "user": null, "language": "pl-PL"}, {"source": "https://tvn24.pl/najwazniejsze.xml", "title": "Dieselgate. S\u0105d skaza\u0142 by\u0142ego prezesa du\u017cego koncernu", "description": "<img alt=\"Dieselgate. S\u0105d skaza\u0142 by\u0142ego prezesa du\u017cego koncernu\" src=\"https://tvn24.pl/najnowsze/cdn-zdjecie-2922j8-rupert-stadler-7196619/alternates/LANDSCAPE_1280\" />\n    Pierwsze wyroki.", "link": "https://tvn24.pl/biznes/moto/dieselgate-rupert-sadler-byly-prezes-audi-skazany-7196607?source=rss", "date_published": "2023-06-30T05:15:37+00:00", "persistent": false, "dead": false, "user": null, "language": "pl-PL"}, {"source": "https://tvn24.pl/najwazniejsze.xml", "title": "Polki nie zatrzymuj\u0105 si\u0119 w Lidze Narod\u00f3w", "description": "<img alt=\"Polki nie zatrzymuj\u0105 si\u0119 w Lidze Narod\u00f3w\" src=\"https://tvn24.pl/najnowsze/cdn-zdjecie-b98b2x-polki-pokonaly-bulgarki-w-lidze-narodow-zrodlo-volleyballworld-7196622/alternates/LANDSCAPE_1280\" />\n    Dziewi\u0105te zwyci\u0119stwo w rozgrywkach.", "link": "https://eurosport.tvn24.pl/siatkowka/nations-league-league-round-1/2023/polska-bulgaria-wynik-meczu-i-relacja-liga-narodow-siatkarek-2023-siatkowka-kobiet_sto9678036/story.shtml?source=rss", "date_published": "2023-06-30T05:12:00+00:00", "persistent": false, "dead": false, "user": null, "language": "pl-PL"}, {"source": "https://tvn24.pl/najwazniejsze.xml", "title": "Poznali si\u0119 w sieci, trzy dni p\u00f3\u017aniej ju\u017c razem mieszkali. Gdy wr\u00f3ci\u0142a z pracy, nie by\u0142o jego ani oszcz\u0119dno\u015bci", "description": "<img alt=\"Poznali si\u0119 w sieci, trzy dni p\u00f3\u017aniej ju\u017c razem mieszkali. Gdy wr\u00f3ci\u0142a z pracy, nie by\u0142o jego ani oszcz\u0119dno\u015bci\" src=\"https://tvn24.pl/tvnwarszawa/najnowsze/cdn-zdjecie-upp3rq-policja-zatrzymala-podejrzanego-o-kradziez-7196239/alternates/LANDSCAPE_1280\" />\n    53-latek z zarzutami.", "link": "https://tvn24.pl/tvnwarszawa/srodmiescie/warszawa-poznali-sie-w-internecie-zamieszkali-razem-zabral-oszczednosci-i-uciekl-zarzuty-dla-53-latka-7196206?source=rss", "date_published": "2023-06-30T05:02:59+00:00", "persistent": false, "dead": false, "user": null, "language": "pl-PL"}, {"source": "https://tvn24.pl/najwazniejsze.xml", "title": "Francja znowu w ogniu. \"Zemsta za Nahela\"", "description": "<img alt=\"Francja znowu w ogniu. \" src=\"https://tvn24.pl/najnowsze/cdn-zdjecie-kpcqf6-zamieszki-w-paryzu-po-zastrzeleniu-przez-policjanta-17-letniego-nahela-m-7196580/alternates/LANDSCAPE_1280\" />\n    Znaczne straty materialne, do aresztu trafi\u0142o kilkaset os\u00f3b.", "link": "https://tvn24.pl/swiat/francja-17-letni-nahel-zastrzelony-przez-policjanta-zamieszki-w-calym-kraju-7196577?source=rss", "date_published": "2023-06-30T05:02:41+00:00", "persistent": false, "dead": false, "user": null, "language": "pl-PL"}, {"source": "https://tvn24.pl/najwazniejsze.xml", "title": "Burze, gradobicia i obfite opady. Alerty dla sze\u015bciu wojew\u00f3dztw", "description": "<img alt=\"Burze, gradobicia i obfite opady. Alerty dla sze\u015bciu wojew\u00f3dztw\" src=\"https://tvn24.pl/najnowsze/cdn-zdjecie-ivl2lb-burze-7196609/alternates/LANDSCAPE_1280\" />\n    IMGW wyda\u0142 ostrze\u017cenia pierwszego stopnia.", "link": "https://tvn24.pl/tvnmeteo/prognoza/alerty-imgw-burze-z-gradem-w-piatek-ostrzezenia-w-szesciu-wojewodztwach-7196608?source=rss", "date_published": "2023-06-30T04:49:39+00:00", "persistent": false, "dead": false, "user": null, "language": "pl-PL"}, {"source": "https://tvn24.pl/najwazniejsze.xml", "title": "Uwaga na burze z gradem. Alerty IMGW dla po\u0142owy wojew\u00f3dztw", "description": "<img alt=\"Uwaga na burze z gradem. Alerty IMGW dla po\u0142owy wojew\u00f3dztw\" src=\"https://tvn24.pl/tvnmeteo/najnowsze/cdn-zdjecie-uyc55i-burza-piorun-shutterstock_420705478-5717845/alternates/LANDSCAPE_1280\" />\n    Sprawd\u017a, gdzie aura b\u0119dzie niebezpieczna.", "link": "https://tvn24.pl/tvnmeteo/prognoza/alerty-imgw-burze-z-gradem-w-piatek-ostrzezenia-meteorologiczne-7196608?source=rss", "date_published": "2023-06-30T04:49:39+00:00", "persistent": false, "dead": false, "user": null, "language": "pl-PL"}, {"source": "https://tvn24.pl/najwazniejsze.xml", "title": "Szansa na ta\u0144szy pr\u0105d. To ostatni moment na z\u0142o\u017cenie wniosku", "description": "<img alt=\"Szansa na ta\u0144szy pr\u0105d. To ostatni moment na z\u0142o\u017cenie wniosku\" src=\"https://tvn24.pl/najnowsze/cdn-zdjecie-f9f3ys-gniazdko-wtyczka-s-shutterstock1243461115-4757054/alternates/LANDSCAPE_1280\" />\n    30 czerwca mija wa\u017cny termin.", "link": "https://tvn24.pl/biznes/pieniadze/inflacja-w-polsce-ceny-pradu-30-czerwca-mija-termin-wnioskowania-o-wyzszy-limit-zuzycia-7196606?source=rss", "date_published": "2023-06-30T04:49:16+00:00", "persistent": false, "dead": false, "user": null, "language": "pl-PL"}, {"source": "https://tvn24.pl/najwazniejsze.xml", "title": "Mundial si\u0119 sko\u0144czy\u0142, horror trzech nastolatk\u00f3w trwa", "description": "<img alt=\"Mundial si\u0119 sko\u0144czy\u0142, horror trzech nastolatk\u00f3w trwa\" src=\"https://tvn24.pl/najnowsze/cdn-zdjecie-hxcyw-w-katarze-lamano-prawa-czlowieka-takze-podczas-mundialu-7196599/alternates/LANDSCAPE_1280\" />\n    Spraw\u0119 opisuje \"Guardian\".", "link": "https://eurosport.tvn24.pl/pilka-nozna/mistrzostwa-swiata/2022/trzech-nastolatkow-z-gambii-uwiezionych-w-katarze.-nie-maja-jak-wrocic-do-ojczyzny_sto9677922/story.shtml?source=rss", "date_published": "2023-06-30T04:19:00+00:00", "persistent": false, "dead": false, "user": null, "language": "pl-PL"}, {"source": "https://tvn24.pl/najwazniejsze.xml", "title": "Na kogo trafi \u015awi\u0105tek i sp\u00f3\u0142ka?", "description": "<img alt=\"Na kogo trafi \u015awi\u0105tek i sp\u00f3\u0142ka? \" src=\"https://tvn24.pl/najnowsze/cdn-zdjecie-v2tsts-wimbledon-to-legendarny-turniej-wielkoszlemowy-7196595/alternates/LANDSCAPE_1280\" />\n    Trzeci wielkoszlemowy turniej sezonu rusza w przysz\u0142ym tygodniu. Dzi\u015b poznamy drabinki.", "link": "https://eurosport.tvn24.pl/tenis/wimbledon/2023/wimbledon-2023.-kiedy-i-o-ktorej-godzinie-odbedzie-sie-losowanie-glownej-drabinki-tenis_sto9677357/story.shtml?source=rss", "date_published": "2023-06-30T04:11:00+00:00", "persistent": false, "dead": false, "user": null, "language": "pl-PL"}, {"source": "https://tvn24.pl/najwazniejsze.xml", "title": "Ze\u0142enski: nie pozwolimy na os\u0142abianie bezpiecze\u0144stwa Polski i Litwy z terytorium Bia\u0142orusi", "description": "<img alt=\"Ze\u0142enski: nie pozwolimy na os\u0142abianie bezpiecze\u0144stwa Polski i Litwy z terytorium Bia\u0142orusi\" src=\"https://tvn24.pl/najnowsze/cdn-zdjecie-70abqy-prezydent-ukrainy-wolodymyr-zelenski-w-chersoniu-zalanym-po-wysadzeniu-tamy-w-nowej-kachowce-7169180/alternates/LANDSCAPE_1280\" />\n    Prezydent Ukrainy wyst\u0105pi\u0142 przez \u0142\u0105cze wideo podczas szczytu Unii Europejskiej.", "link": "https://tvn24.pl/swiat/wolodymyr-zelenski-nie-pozwolimy-na-oslabianie-bezpieczenstwa-polski-i-litwy-z-terytorium-bialorusi-7196559?source=rss", "date_published": "2023-06-30T03:51:05+00:00", "persistent": false, "dead": false, "user": null, "language": "pl-PL"}, {"source": "https://tvn24.pl/najwazniejsze.xml", "title": "\"To przest\u0119pstwo bez wzgl\u0119du, czy wiedzieli\u015bmy, \u017ce wwozimy do Polski gatunek chroniony, czy nie\"", "description": "<img alt=\"\" src=\"https://tvn24.pl/najnowsze/cdn-zdjecie-timg92-xrpisszymanska-7196537/alternates/LANDSCAPE_1280\" />\n    Sprowadzenie niekt\u00f3rych okaz\u00f3w mo\u017ce si\u0119 sko\u0144czy\u0107 kar\u0105 wi\u0119zienia.", "link": "https://tvn24.pl/polska/klopotliwe-pamiatki-z-wakacji-sprowadzenie-niektorych-okazow-moze-sie-skonczyc-kara-wiezienia-7196546?source=rss", "date_published": "2023-06-30T03:46:24+00:00", "persistent": false, "dead": false, "user": null, "language": "pl-PL"}, {"source": "https://tvn24.pl/najwazniejsze.xml", "title": "Po\u017car statku wycieczkowego w Grecji, 60 os\u00f3b wyskoczy\u0142o do morza. Relacja polskiej turystki", "description": "<img alt=\"Po\u017car statku wycieczkowego w Grecji, 60 os\u00f3b wyskoczy\u0142o do morza. Relacja polskiej turystki\" src=\"https://tvn24.pl/najnowsze/cdn-zdjecie-ymxbj2-pozar-statku-na-rodos-7196555/alternates/LANDSCAPE_1280\" />\n    Relacja turystki z Polski, kt\u00f3ra by\u0142a na pok\u0142adzie.", "link": "https://tvn24.pl/polska/grecja-pozar-statku-wycieczkowego-relacja-turystki-z-polski-7196558?source=rss", "date_published": "2023-06-30T03:43:40+00:00", "persistent": false, "dead": false, "user": null, "language": "pl-PL"}, {"source": "https://tvn24.pl/najwazniejsze.xml", "title": "Biden skrytykowa\u0142 decyzj\u0119 S\u0105du Najwy\u017cszego", "description": "<img alt=\"Biden skrytykowa\u0142 decyzj\u0119 S\u0105du Najwy\u017cszego\" src=\"https://tvn24.pl/najnowsze/cdn-zdjecie-fc3ieu-sad-najwyzszy-usa-zakazal-stosowania-kryteriow-rasowych-w-rekrutacji-na-studia-7196561/alternates/LANDSCAPE_1280\" />\n    S\u0105d Najwy\u017cszy USA zakaza\u0142 uwzgl\u0119dniania rasy jako kryterium w rekrutacji na studia.", "link": "https://tvn24.pl/swiat/sad-najwyzszy-usa-zakazuje-stosowania-kryteriow-rasowych-w-rekrutacji-na-studia-orzeczenie-skrytykowal-joe-biden-7196564?source=rss", "date_published": "2023-06-30T03:35:54+00:00", "persistent": false, "dead": false, "user": null, "language": "pl-PL"}, {"source": "https://tvn24.pl/najwazniejsze.xml", "title": "Muzu\u0142ma\u0144skie kraje pot\u0119piaj\u0105 Szwecj\u0119. Powodem spalony Koran", "description": "<img alt=\"Muzu\u0142ma\u0144skie kraje pot\u0119piaj\u0105 Szwecj\u0119. Powodem spalony Koran\" src=\"https://tvn24.pl/najnowsze/cdn-zdjecie-5hlszj-protest-w-iraku-w-zwiazku-ze-spaleniem-koranu-w-szwecji-7196565/alternates/LANDSCAPE_1280\" />\n    Swoich ambasador\u00f3w w Sztokholmie odwo\u0142a\u0142y Maroko i Jordania.", "link": "https://tvn24.pl/swiat/msz-zea-wezwalo-szwedzkiego-ambasadora-inne-kraje-muzulmanskie-potepiaja-spalenie-koranu-w-sztokholmie-7196566?source=rss", "date_published": "2023-06-30T03:33:14+00:00", "persistent": false, "dead": false, "user": null, "language": "pl-PL"}, {"source": "https://tvn24.pl/najwazniejsze.xml", "title": "Wyry\u0142 imiona na murze Koloseum. Karabinierzy wskazali narodowo\u015b\u0107 wandala", "description": "<img alt=\"Wyry\u0142 imiona na murze Koloseum. Karabinierzy wskazali narodowo\u015b\u0107 wandala\" src=\"https://tvn24.pl/najnowsze/cdn-zdjecie-mz5s24-koloseum-rzym-7191839/alternates/LANDSCAPE_1280\" />\n    Za zniszczenie zabytku sprawcy grozi do pi\u0119ciu lat wi\u0119zienia.", "link": "https://tvn24.pl/swiat/wlochy-karabinierzy-ustalili-ze-sprawca-wandalizmu-w-koloseum-to-mieszkaniec-wielkiej-brytanii-7196567?source=rss", "date_published": "2023-06-30T03:31:05+00:00", "persistent": false, "dead": false, "user": null, "language": "pl-PL"}, {"source": "https://tvn24.pl/najwazniejsze.xml", "title": "Lubaszenko: mia\u0142em czas zap\u0142aty za nierozwa\u017cne \u017cycie", "description": "<img alt=\"Lubaszenko: mia\u0142em czas zap\u0142aty za nierozwa\u017cne \u017cycie\" src=\"https://tvn24.pl/najnowsze/cdn-zdjecie-xdkmkr-monika-olejnik-i-olaf-lubaszenko-7196511/alternates/LANDSCAPE_1280\" />\n    O relacjach z rodzicami, radzeniu sobie z popularno\u015bci\u0105 i czy \"Psy\" s\u0105 filmem wybitnym.", "link": "https://tvn24.pl/go/programy,7/monika-olejnik-otwarcie-odcinki,511079/odcinek-45,S00E45,1102635?source=rss", "date_published": "2023-06-30T03:30:00+00:00", "persistent": false, "dead": false, "user": null, "language": "pl-PL"}, {"source": "https://tvn24.pl/najwazniejsze.xml", "title": "Poselska zagadka muzyczna. \"No dobra, skompromitowa\u0142em si\u0119\"", "description": "<img alt=\"Poselska zagadka muzyczna. \" src=\"https://tvn24.pl/najnowsze/cdn-zdjecie-42u5mt-radomir-wit-i-jakub-rutnicki-7196554/alternates/LANDSCAPE_1280\" />\n    Co zanuci\u0142 Jakub Rutnicki?", "link": "https://tvn24.pl/go/programy,7/sejm-wita-odcinki,404598/odcinek-124,S00E124,1102639?source=rss", "date_published": "2023-06-30T03:30:00+00:00", "persistent": false, "dead": false, "user": null, "language": "pl-PL"}]