[{"source": "https://www.youtube.com/feeds/videos.xml?channel_id=UCHu2KNu6TtJ0p4hpSW7Yv7Q", "title": "I Forged an INSANE GLOWING SWORD with Resin and Steel!!", "description": "Get $200 worth of PREMIUM art supplies for only $99! https://prosketchpack.com/\nThe CLASSIC MERCH is BACK! https://www.jazzastudios.com/pages/merch\n--------------------------------\n\ud83d\udd8c\ufe0f GET MY APP, BRUSHES, MERCH and MORE!\n\u27a8 https://www.jazzastudios.com\n--------------------------------\nJAZZA'S OFFICIAL SOCIALS! - Follow/Sub \u21b4\n\u25b6 TikTok: https://www.tiktok.com/@jazzastudios\n\u25b6 Instagram: https://www.instagram.com/jazzastudios/\n\u25b6 Twitter: https://twitter.com/jazzastudios\n\u25b6 Facebook: https://www.facebook.com/JazzaOfficial/\n--------------------------------", "link": "https://www.youtube.com/watch?v=UbPg9KyNPs4", "date_published": "2023-06-30T10:18:47+00:00", "persistent": false, "dead": false, "user": null, "language": "en-US"}]