[{"source": "https://feeds.nbcnews.com/nbcnews/public/tech", "title": "Conspiracy theories about Russell Brand sexual assault allegations go viral with help from Musk", "description": "Russell Brand is finding support from Elon Musk and far-right influencers following sexual assault allegations published by British outlets.", "link": "https://www.nbcnews.com/tech/internet/russell-brand-sexual-assault-allegations-conspiracy-theory-media-rcna105678", "date_published": "2023-09-18T23:03:28+00:00", "bookmarked": false, "dead": null, "artist": "NBC tech", "album": "NBC tech", "user": null, "language": "en-US", "thumbnail": "https://media-cldnry.s-nbcnews.com/image/upload/rockcms/2023-09/230918-russell-brand-jm-1508-391b20.jpg"}, {"source": "https://feeds.nbcnews.com/nbcnews/public/tech", "title": "Elon Musk says Twitter, now X, is moving to small monthly subscription", "description": "Elon Musk discussed his plans for Twitter, now called X, on Monday during a livestreamed conversation with Israeli Prime Minister Benjamin Netanyahu.", "link": "https://www.nbcnews.com/tech/tech-news/elon-musk-says-x-moving-small-monthly-subscription-rcna105720", "date_published": "2023-09-18T21:55:05+00:00", "bookmarked": false, "dead": null, "artist": "NBC tech", "album": "NBC tech", "user": null, "language": "en-US", "thumbnail": "https://media-cldnry.s-nbcnews.com/image/upload/rockcms/2023-09/230918-elon-musk-se-549p-c18f9f.jpg"}, {"source": "https://feeds.nbcnews.com/nbcnews/public/tech", "title": "Marine Corps leader orders safety stand-down of all aircraft after F-35 disappearance", "description": "WASHINGTON \u2014 All Marine Corps aircraft, inside and outside the U.S., were grounded Monday after a stealth F-35 jet mysteriously disappeared in South Carolina, according to an order issued by Gen.", "link": "https://www.nbcnews.com/news/us-news/marine-leader-orders-safety-stand-aircraft-f-35-disappearance-rcna105602", "date_published": "2023-09-18T20:53:18+00:00", "bookmarked": false, "dead": null, "artist": "NBC tech", "album": "NBC tech", "user": null, "language": "en-US", "thumbnail": "https://media-cldnry.s-nbcnews.com/image/upload/rockcms/2023-09/230918-f-35-al-1137-7bf97c.jpg"}, {"source": "https://feeds.nbcnews.com/nbcnews/public/tech", "title": "Their babies died when Camp Lejeune\u2019s water was poisoned. But justice has been hard to find", "description": "\u201cIt\u2019s like we\u2019re invisible,\u201d said a veteran who had a stillbirth and nine miscarriages. Such cases have been uniquely difficult to litigate, attorneys say.", "link": "https://www.nbcnews.com/news/us-news/camp-lejeune-lawsuits-victims-miscarriage-difficult-fight-rcna97801", "date_published": "2023-09-18T20:00:06+00:00", "bookmarked": false, "dead": null, "artist": "NBC tech", "album": "NBC tech", "user": null, "language": "en-US", "thumbnail": "https://media-cldnry.s-nbcnews.com/image/upload/rockcms/2023-09/230915-camp-lejeune-main-art-2x1-v2-cs-ca4b79.jpg"}, {"source": "https://feeds.nbcnews.com/nbcnews/public/tech", "title": "'Brickgate' revives an age-old argument between Black men and women", "description": "In a social media post, a Black woman decried a group of Black men standing nearby on the street.", "link": "https://www.nbcnews.com/news/nbcblk/brickgate-revives-age-old-argument-black-men-women-rcna104423", "date_published": "2023-09-18T19:50:53+00:00", "bookmarked": false, "dead": null, "artist": "NBC tech", "album": "NBC tech", "user": null, "language": "en-US", "thumbnail": "https://media-cldnry.s-nbcnews.com/image/upload/rockcms/2023-09/230913-Black-men-women-social-media-tension-jjg-fc3ce0.png"}, {"source": "https://feeds.nbcnews.com/nbcnews/public/tech", "title": "Vivek Ramaswamy regrets taking the Covid vaccine. His wife, a surgeon, does not.", "description": "Vivek Ramaswamy said he regrets taking the two doses of the Covid-19 vaccine he\u2019s received. His wife, laryngologist Apoorva Ramaswamy, has no such regrets.", "link": "https://www.nbcnews.com/politics/2024-election/vivek-ramaswamy-regrets-taking-covid-vaccine-wife-surgeon-not-rcna105527", "date_published": "2023-09-18T19:34:36+00:00", "bookmarked": false, "dead": null, "artist": "NBC tech", "album": "NBC tech", "user": null, "language": "en-US", "thumbnail": "https://media-cldnry.s-nbcnews.com/image/upload/rockcms/2023-09/230918-vivek-Apoorva-Ramaswamy-ew-248p-0a5500.jpg"}, {"source": "https://feeds.nbcnews.com/nbcnews/public/tech", "title": "'He's 100% in': Matt Gaetz widely expected to run for Florida governor", "description": "The idea that Rep. Matt Gaetz will run for Florida governor in 2026 has been the topic of several conversations in Tallahassee over the past few days.", "link": "https://www.nbcnews.com/politics/donald-trump/-100-matt-gaetz-widely-expected-run-florida-governor-rcna105629", "date_published": "2023-09-18T18:08:40+00:00", "bookmarked": false, "dead": null, "artist": "NBC tech", "album": "NBC tech", "user": null, "language": "en-US", "thumbnail": "https://media-cldnry.s-nbcnews.com/image/upload/rockcms/2023-09/230918-matt-gaetz-se-1243p-46190a.jpg"}, {"source": "https://feeds.nbcnews.com/nbcnews/public/tech", "title": "Black bear sighting in tree at Disney World triggers closures at Magic Kingdom", "description": "Sightings of a black bear at Florida\u2019s Disney World caused parts of the \"Happiest Place on Earth\" to close on Monday, the theme park announced.", "link": "https://www.nbcnews.com/news/us-news/black-bear-sighting-tree-disney-world-triggers-closures-magic-kingdom-rcna105625", "date_published": "2023-09-18T17:10:30+00:00", "bookmarked": false, "dead": null, "artist": "NBC tech", "album": "NBC tech", "user": null, "language": "en-US", "thumbnail": "https://media-cldnry.s-nbcnews.com/image/upload/rockcms/2023-09/230918-Magic-Kingdom-al-1222-a0d0ba.jpg"}, {"source": "https://feeds.nbcnews.com/nbcnews/public/tech", "title": "Hunter Biden files lawsuit against IRS alleging unlawful release of tax information", "description": "Hunter Biden filed a lawsuit against the IRS alleging two of its agents unlawfully shared his private tax information amid criminal probes that led to charges.", "link": "https://www.nbcnews.com/politics/joe-biden/hunter-biden-files-lawsuit-irs-alleging-unlawful-release-tax-informati-rcna105557", "date_published": "2023-09-18T16:32:31+00:00", "bookmarked": false, "dead": null, "artist": "NBC tech", "album": "NBC tech", "user": null, "language": "en-US", "thumbnail": "https://media-cldnry.s-nbcnews.com/image/upload/rockcms/2023-07/230731-hunter-biden-se-423p-66312b.jpg"}, {"source": "https://feeds.nbcnews.com/nbcnews/public/tech", "title": "A 'person of interest' in fatal shooting of L.A. County Sheriff's deputy is in custody", "description": "A \"person of interest\" in the fatal shooting of a Los Angeles County Sheriff's deputy was taken into custody, authorities said Monday.", "link": "https://www.nbcnews.com/news/us-news/person-interest-fatal-shooting-l-county-sheriffs-deputy-custody-rcna105590", "date_published": "2023-09-18T15:01:34+00:00", "bookmarked": false, "dead": null, "artist": "NBC tech", "album": "NBC tech", "user": null, "language": "en-US", "thumbnail": "https://media-cldnry.s-nbcnews.com/image/upload/rockcms/2023-09/230918-Ryan-Clinkunbroomer-cover-se-1044a-5d5c62.jpg"}, {"source": "https://feeds.nbcnews.com/nbcnews/public/tech", "title": "Sea explorers make first detailed search of shipwrecks from Battle of Midway", "description": "Researchers for the first time have performed a detailed search of three deep-sea shipwrecks from the Battle of Midway, discovering new details that could help researchers better understand a critical turning point in World War II.", "link": "https://www.nbcnews.com/science/science-news/sea-explorers-make-first-detailed-search-shipwrecks-battle-midway-rcna105378", "date_published": "2023-09-18T13:27:44+00:00", "bookmarked": false, "dead": null, "artist": "NBC tech", "album": "NBC tech", "user": null, "language": "en-US", "thumbnail": "https://media-cldnry.s-nbcnews.com/image/upload/rockcms/2023-09/230915-USS-Yorktown-lists-to-port-1942-ac-854p-636931.jpg"}, {"source": "https://feeds.nbcnews.com/nbcnews/public/tech", "title": "Five Americans freed in prisoner swap with Iran, official says", "description": "Five Americans wrongfully imprisoned in Iran for years have been freed as part of a U.S.-Iran prisoner exchange that gives Tehran access to $6 billion in previously frozen oil revenues.", "link": "https://www.nbcnews.com/news/world/americans-freed-prisoner-swap-iran-rcna105433", "date_published": "2023-09-18T12:51:54+00:00", "bookmarked": false, "dead": null, "artist": "NBC tech", "album": "NBC tech", "user": null, "language": "en-US", "thumbnail": "https://media-cldnry.s-nbcnews.com/image/upload/rockcms/2023-09/230917-emad-shargi-mjf-1318-f66db9.jpg"}, {"source": "https://feeds.nbcnews.com/nbcnews/public/tech", "title": "Agency drops Russell Brand and the Senate loosens its informal dress code: Morning Rundown", "description": "Russell Brand, Biden impeachment, missing fighter jet, Buffalo Bills, Sergio Brown, shutdown deal, Senate dress code, Drew Barrymore show, Jann Webber interview", "link": "https://www.nbcnews.com/news/september-18-2023-morning-rundown-rcna105530", "date_published": "2023-09-18T11:21:11+00:00", "bookmarked": false, "dead": null, "artist": "NBC tech", "album": "NBC tech", "user": null, "language": "en-US", "thumbnail": "https://media-cldnry.s-nbcnews.com/image/upload/rockcms/2023-09/230917-russell-brand-mjf-1151-ddb995.jpg"}, {"source": "https://feeds.nbcnews.com/nbcnews/public/tech", "title": "Republicans who objected to a Biden impeachment inquiry now say they're fine with it", "description": "Speaker Kevin McCarthy\u2019s call for an impeachment inquiry into President Joe Biden is facing scant pushback from Republicans after many objected to doing it.", "link": "https://www.nbcnews.com/politics/congress/republicans-objected-biden-impeachment-inquiry-now-say-fine-rcna104871", "date_published": "2023-09-18T11:00:00+00:00", "bookmarked": false, "dead": null, "artist": "NBC tech", "album": "NBC tech", "user": null, "language": "en-US", "thumbnail": "https://media-cldnry.s-nbcnews.com/image/upload/rockcms/2023-09/230913-richard-hudson-kevin-mccarthy-mn-1330-843be6.jpg"}, {"source": "https://feeds.nbcnews.com/nbcnews/public/tech", "title": "Have you seen a missing fighter jet? U.S. asks public for help after \u2018mishap\u2019", "description": "U.S. authorities asked the public for help finding an F-35 fighter jet that went missing somewhere over South Carolina when the pilot ejected due to a \u201cmishap.\u201d", "link": "https://www.nbcnews.com/news/us-news/f-35-fighter-jet-missing-pilot-ejects-mishap-rcna105534", "date_published": "2023-09-18T08:46:37+00:00", "bookmarked": false, "dead": null, "artist": "NBC tech", "album": "NBC tech", "user": null, "language": "en-US", "thumbnail": "https://media-cldnry.s-nbcnews.com/image/upload/rockcms/2023-09/230918-F-35B-Lightning-II-jet-mb-0841-8b740f.jpg"}, {"source": "https://feeds.nbcnews.com/nbcnews/public/tech", "title": "Mother of missing ex-NFL player Sergio Brown was fatally assaulted", "description": "Homicide detectives on Sunday were investigating the death of the mother of a former NFL player after both were reported missing from a Chicago suburb.", "link": "https://www.nbcnews.com/news/us-news/mother-missing-ex-nfl-player-sergio-brown-was-fatally-assaulted-rcna105525", "date_published": "2023-09-18T02:21:20+00:00", "bookmarked": false, "dead": null, "artist": "NBC tech", "album": "NBC tech", "user": null, "language": "en-US", "thumbnail": "https://media-cldnry.s-nbcnews.com/image/upload/rockcms/2023-09/230917-sergio-brown-cc-0908p-b27980.jpg"}, {"source": "https://feeds.nbcnews.com/nbcnews/public/tech", "title": "House Republicans release short-term bill to avert government shutdown until Oct. 31", "description": "House Republicans reached a tentative agreement to temporarily prevent a government shutdown with spending cuts and conservative immigration measures.", "link": "https://www.nbcnews.com/politics/congress/house-republicans-release-short-term-bill-avert-government-shutdown-oc-rcna105521", "date_published": "2023-09-18T01:07:42+00:00", "bookmarked": false, "dead": null, "artist": "NBC tech", "album": "NBC tech", "user": null, "language": "en-US", "thumbnail": "https://media-cldnry.s-nbcnews.com/image/upload/rockcms/2023-09/230917-kevin-mccarthy-cc-0834p-ce307c.jpg"}]