[{"source": "https://www.youtube.com/feeds/videos.xml?channel_id=UCSJPFQdZwrOutnmSFYtbstA", "title": "Why Modern Movies Suck - Nobody Can Stay Dead!", "description": "\"No one is ever truly gone.\" Well, that's definitely the mantra for movies these days, where death is treated more like a casual inconvenience than a permanent end for most characters. Join me as I take you on a tour of the worst offenders. \n\nGrab yourself a Critical Doggo plush! https://www.makeship.com/products/the-critical-doggo-plush", "link": "https://www.youtube.com/watch?v=QZZRP81gaiM", "date_published": "2023-09-18T21:35:11+00:00", "bookmarked": false, "dead": null, "artist": "The Critical Drinker", "album": "The Critical Drinker", "user": null, "language": "en-US", "thumbnail": "https://i2.ytimg.com/vi/QZZRP81gaiM/hqdefault.jpg"}]