[{"source": "https://www.bankier.pl/rss/wiadomosci.xml", "title": "Ukraina z\u0142o\u017cy\u0142a skarg\u0119 do WTO na Polsk\u0119, W\u0119gry i S\u0142owacj\u0119", "description": "<p><img align=\"left\" alt=\"\" class=\"webfeedsFeaturedVisual\" height=\"560\" src=\"http://galeria.bankier.pl/p/e/9/cbfcb8d0d35d84-948-568-10-140-1990-1193.jpg\" style=\"display: block; margin-bottom: 5px; clear: both;\" width=\"945\" />Ukraina z\u0142o\u017cy\u0142a w poniedzia\u0142ek skargi do \u015awiatowej Organizacji Handlu (WTO) na Polsk\u0119, W\u0119gry i S\u0142owacj\u0119 w zwi\u0105zku z przed\u0142u\u017ceniem przez te kraje embarga na ukrai\u0144skie produkty rolne - poinformowa\u0142a ukrai\u0144ska minister gospodarki Julia Swyrydenko w komunikacie.</p>", "link": "https://www.bankier.pl/wiadomosc/Ukraina-zlozyla-skarge-do-WTO-na-Polske-Wegry-i-Slowacje-8613360.html?utm_source=RSS&utm_medium=RSS&utm_campaign=Wiadomosci", "date_published": "2023-09-18T17:36:42.983262+00:00", "bookmarked": false, "dead": null, "artist": "Bankier", "album": "Bankier", "user": null, "language": "pl-PL", "thumbnail": null}, {"source": "https://www.bankier.pl/rss/wiadomosci.xml", "title": "Wydano decyzj\u0119 o lokalizacji pierwszej elektrowni j\u0105drowej w Polsce", "description": "<p><img align=\"left\" alt=\"\" class=\"webfeedsFeaturedVisual\" height=\"560\" src=\"http://galeria.bankier.pl/p/2/5/d788fa3d50ec9a-948-568-0-281-4443-2666.jpg\" style=\"display: block; margin-bottom: 5px; clear: both;\" width=\"945\" />Wojewoda pomorski Dariusz Drelich wyda\u0142 decyzj\u0119 o wskazaniu lokalizacji inwestycji - budowy obiektu energetyki j\u0105drowej - poinformowano na stronie Pomorskiego Urz\u0119du Wojew\u00f3dzkiego w Gda\u0144sku. Pierwsza w Polsce Elektrownia J\u0105drowa o mocy elektrycznej do 3750 MWe powstanie na obszarze gminy Choczewo.</p>", "link": "https://www.bankier.pl/wiadomosc/Wydano-decyzje-o-lokalizacji-pierwszej-elektrowni-jadrowej-w-Polsce-8613338.html?utm_source=RSS&utm_medium=RSS&utm_campaign=Wiadomosci", "date_published": "2023-09-18T17:20:00+00:00", "bookmarked": false, "dead": null, "artist": "Bankier", "album": "Bankier", "user": null, "language": "pl-PL", "thumbnail": null}, {"source": "https://www.bankier.pl/rss/wiadomosci.xml", "title": "Szeroka przecena sp\u00f3\u0142ek z WIG20. Odbicie upadaj\u0105cego BAH i zdejmowanego z GPW Kernela", "description": "<p><img align=\"left\" alt=\"\" class=\"webfeedsFeaturedVisual\" height=\"560\" src=\"http://galeria.bankier.pl/p/f/7/a08000e3dccc09-945-567-7-7-3000-1800.jpg\" style=\"display: block; margin-bottom: 5px; clear: both;\" width=\"945\" />Pocz\u0105tek tygodnia, w kt\u00f3rym rynki finansowe maj\u0105 do przej\u015bcia maraton decyzji bank\u00f3w centralnych w sprawie st\u00f3p procentach, rozpocz\u0105\u0142 si\u0119 od cofni\u0119cia WIG20, wpisuj\u0105cego si\u0119 w sentyment na innych rynkach europejskich. Pod presj\u0105 szczeg\u00f3lnie by\u0142 sektor bankowy, ale s\u0142abo radzi\u0142y sobie te\u017c energetyka, g\u00f3rnictwo i sektor paliwowy. Mocne odbicie zaliczy\u0142y kursy sp\u00f3\u0142ek, kt\u00f3re ostatnio najmocniej traci\u0142y.</p>", "link": "https://www.bankier.pl/wiadomosc/Szeroka-przecena-spolek-z-WIG20-Odbicie-upadajacego-BAH-i-zdejmowanego-z-GPW-Kernela-8613299.html?utm_source=RSS&utm_medium=RSS&utm_campaign=Wiadomosci", "date_published": "2023-09-18T16:30:00+00:00", "bookmarked": false, "dead": null, "artist": "Bankier", "album": "Bankier", "user": null, "language": "pl-PL", "thumbnail": null}, {"source": "https://www.bankier.pl/rss/wiadomosci.xml", "title": "Znacz\u0105cy spadek produkcji stali w Polsce. Jeste\u015bmy w tyle Europy", "description": "<p><img align=\"left\" alt=\"\" class=\"webfeedsFeaturedVisual\" height=\"560\" src=\"http://galeria.bankier.pl/p/8/8/f8b6984868a119-948-568-0-31-1773-1063.jpg\" style=\"display: block; margin-bottom: 5px; clear: both;\" width=\"945\" />W pierwszym p\u00f3\u0142roczu br. polska produkcja stali zmniejszy\u0142a si\u0119 wobec pierwszego p\u00f3\u0142rocza 2022 o ok. 20 proc. (w samym czerwcu o 33 proc.), a krajowe zu\u017cycie wyrob\u00f3w stalowych spad\u0142o o 19 proc. - wynika z danych Hutniczej Izby Przemys\u0142owo-Handlowej. Najwi\u0119kszym wyzwaniem dla bran\u017cy s\u0105 ceny energii - ocenia Izba.</p>", "link": "https://www.bankier.pl/wiadomosc/Znaczacy-spadek-produkcji-stali-w-Polsce-Jestesmy-w-tyle-Europy-8613276.html?utm_source=RSS&utm_medium=RSS&utm_campaign=Wiadomosci", "date_published": "2023-09-18T16:15:00+00:00", "bookmarked": false, "dead": null, "artist": "Bankier", "album": "Bankier", "user": null, "language": "pl-PL", "thumbnail": null}, {"source": "https://www.bankier.pl/rss/wiadomosci.xml", "title": "Polska chce kolejnych sankcji przeciw Rosji i Bia\u0142orusi. Oto propozycja 12. pakietu", "description": "<p><img align=\"left\" alt=\"\" class=\"webfeedsFeaturedVisual\" height=\"560\" src=\"http://galeria.bankier.pl/p/3/d/dfa639595ddf16-948-568-0-113-3500-2099.jpg\" style=\"display: block; margin-bottom: 5px; clear: both;\" width=\"945\" />Polska przedstawi\u0142a w Brukseli propozycj\u0119 12. pakietu sankcji Unii Europejskiej przeciw Rosji; chodzi o sankcje sektorowe i indywidualne - przekaza\u0142o PAP wysokie rang\u0105 \u017ar\u00f3d\u0142o unijne.</p>", "link": "https://www.bankier.pl/wiadomosc/Polska-chce-kolejnych-sankcji-przeciw-Rosji-Oto-propozycja-12-pakietu-8613258.html?utm_source=RSS&utm_medium=RSS&utm_campaign=Wiadomosci", "date_published": "2023-09-18T16:01:00+00:00", "bookmarked": false, "dead": null, "artist": "Bankier", "album": "Bankier", "user": null, "language": "pl-PL", "thumbnail": null}, {"source": "https://www.bankier.pl/rss/wiadomosci.xml", "title": "Sp\u00f3r o zbo\u017ce nadal trwa. Polska, W\u0119gry i S\u0142owacja podj\u0119\u0142y wsp\u00f3ln\u0105 decyzj\u0119", "description": "<p><img align=\"left\" alt=\"\" class=\"webfeedsFeaturedVisual\" height=\"560\" src=\"http://galeria.bankier.pl/p/b/e/d1d94e8b6df9a4-948-568-24-0-1812-1087.jpg\" style=\"display: block; margin-bottom: 5px; clear: both;\" width=\"945\" />W zwi\u0105zku z zapowiedziami Ukrainy o wszcz\u0119ciu post\u0119powania przeciw Polsce, W\u0119grom i S\u0142owacji przed \u015awiatow\u0105 Organizacj\u0105 Handlu (WTO), te trzy kraje UE nie b\u0119d\u0105 uczestniczy\u0107 w pracach platformy ds. ukrai\u0144skiego zbo\u017ca w Brukseli - poinformowa\u0142o PAP \u017ar\u00f3d\u0142o unijne.</p>", "link": "https://www.bankier.pl/wiadomosc/Spor-o-zboze-trwa-Polska-Wegry-i-Slowacja-podjely-decyzje-8613243.html?utm_source=RSS&utm_medium=RSS&utm_campaign=Wiadomosci", "date_published": "2023-09-18T15:26:45.289460+00:00", "bookmarked": false, "dead": null, "artist": "Bankier", "album": "Bankier", "user": null, "language": "pl-PL", "thumbnail": null}, {"source": "https://www.bankier.pl/rss/wiadomosci.xml", "title": "Ukraina przedstawi\u0142a w Brukseli propozycj\u0119 dotycz\u0105c\u0105 wwozu zbo\u017ca do kraj\u00f3w UE", "description": "<p><img align=\"left\" alt=\"\" class=\"webfeedsFeaturedVisual\" height=\"560\" src=\"http://galeria.bankier.pl/p/3/0/4ffc7e7109117d-948-568-288-28-3552-2131.jpg\" style=\"display: block; margin-bottom: 5px; clear: both;\" width=\"945\" />Ukraina przedstawi\u0142a w Brukseli propozycj\u0119 dotycz\u0105c\u0105 wwozu swojego zbo\u017ca do kraj\u00f3w UE, kt\u00f3ra zak\u0142ada system pozwole\u0144 na eksport; pa\u0144stwa UE granicz\u0105ce z Ukrain\u0105 uzna\u0142y, \u017ce jest niewystarczaj\u0105ca.</p>", "link": "https://www.bankier.pl/wiadomosc/Ukraina-przedstawila-w-Brukseli-propozycje-dotyczaca-wwozu-zboza-do-krajow-UE-8613204.html?utm_source=RSS&utm_medium=RSS&utm_campaign=Wiadomosci", "date_published": "2023-09-18T14:21:15.751657+00:00", "bookmarked": false, "dead": null, "artist": "Bankier", "album": "Bankier", "user": null, "language": "pl-PL", "thumbnail": null}, {"source": "https://www.bankier.pl/rss/wiadomosci.xml", "title": "Xi Jinping nazwany dyktatorem. Pekin sk\u0142ada skarg\u0119 do rz\u0105du Niemiec", "description": "<p><img align=\"left\" alt=\"\" class=\"webfeedsFeaturedVisual\" height=\"560\" src=\"http://galeria.bankier.pl/p/c/a/0797157167385e-945-560-0-0-1500-899.jpg\" style=\"display: block; margin-bottom: 5px; clear: both;\" width=\"945\" />Okre\u015blenie przyw\u00f3dcy ChRL Xi Jinpinga \"dyktatorem\" przez niemieck\u0105 minister spraw zagranicznych Annalen\u0119\u00a0Baerbock by\u0142o \"skrajnie absurdalne\" \u2013 o\u015bwiadczy\u0142a w poniedzia\u0142ek rzeczniczka chi\u0144skiego MSZ Mao Ning w reakcji na s\u0142owa, kt\u00f3re pad\u0142y w trakcie wywiadu, udzielonego ameryka\u0144skiej telewizji w ubieg\u0142ym tygodniu.</p>", "link": "https://www.bankier.pl/wiadomosc/Xi-Jinping-nazwany-dyktatorem-Pekin-sklada-skarge-do-rzadu-Niemiec-8613174.html?utm_source=RSS&utm_medium=RSS&utm_campaign=Wiadomosci", "date_published": "2023-09-18T14:11:00+00:00", "bookmarked": false, "dead": null, "artist": "Bankier", "album": "Bankier", "user": null, "language": "pl-PL", "thumbnail": null}, {"source": "https://www.bankier.pl/rss/wiadomosci.xml", "title": "Sporej cz\u0119\u015bci Polak\u00f3w \u017cyje si\u0119 gorzej. Niewielkie nadzieje na pozytywne zmiany", "description": "<p><img align=\"left\" alt=\"\" class=\"webfeedsFeaturedVisual\" height=\"560\" src=\"http://galeria.bankier.pl/p/d/e/01ef9afed0de68-945-567-315-0-3016-1810.jpg\" style=\"display: block; margin-bottom: 5px; clear: both;\" width=\"945\" />Zmian poziomu bezrobocia w Polsce nie spodziewa si\u0119 69 proc. badanych, ale co pi\u0105ty prognozuje jego wzrost - wynika z opublikowanego w poniedzia\u0142ek badania firmy Ipsos.</p>", "link": "https://www.bankier.pl/wiadomosc/Sporej-czesci-Polakow-zyje-sie-gorzej-Niewielkie-nadzieje-na-pozytywne-zmiany-8613166.html?utm_source=RSS&utm_medium=RSS&utm_campaign=Wiadomosci", "date_published": "2023-09-18T14:02:00+00:00", "bookmarked": false, "dead": null, "artist": "Bankier", "album": "Bankier", "user": null, "language": "pl-PL", "thumbnail": null}, {"source": "https://www.bankier.pl/rss/wiadomosci.xml", "title": "Sasin: Tam, gdzie jest kwestia bezpiecze\u0144stwa, tam nie mo\u017ce by\u0107 niewidzialnej r\u0119ki rynku", "description": "<p><img align=\"left\" alt=\"\" class=\"webfeedsFeaturedVisual\" height=\"560\" src=\"http://galeria.bankier.pl/p/7/a/fb49e827e76e90-948-568-0-67-3000-1799.jpg\" style=\"display: block; margin-bottom: 5px; clear: both;\" width=\"945\" />Tam, gdzie jest kwestia bezpiecze\u0144stwa, tam nie mo\u017ce by\u0107 niewidzialnej r\u0119ki rynku - stwierdzi\u0142 w poniedzia\u0142ek minister aktyw\u00f3w pa\u0144stwowych Jacek Sasin podczas 10. edycji konferencji \"\u015al\u0105ski \u0142ad\", m\u00f3wi\u0105c o polskim g\u00f3rnictwie.</p>", "link": "https://www.bankier.pl/wiadomosc/Sasin-Tam-gdzie-jest-kwestia-bezpieczenstwa-tam-nie-moze-byc-niewidzialnej-reki-rynku-8613155.html?utm_source=RSS&utm_medium=RSS&utm_campaign=Wiadomosci", "date_published": "2023-09-18T13:15:02.430296+00:00", "bookmarked": false, "dead": null, "artist": "Bankier", "album": "Bankier", "user": null, "language": "pl-PL", "thumbnail": null}, {"source": "https://www.bankier.pl/rss/wiadomosci.xml", "title": "Pierwsza kobieta skazana za unikanie s\u0142u\u017cby wojskowej. By\u0142a w ci\u0105\u017cy i opiekowa\u0142a si\u0119 dzieckiem", "description": "<p><img align=\"left\" alt=\"\" class=\"webfeedsFeaturedVisual\" height=\"560\" src=\"http://galeria.bankier.pl/p/2/d/1ce239e7ef0d8e-948-568-0-57-3800-2279.jpg\" style=\"display: block; margin-bottom: 5px; clear: both;\" width=\"945\" />S\u0105d w Rosji skaza\u0142 na kar\u0119 sze\u015bciu lat pozbawienia wolno\u015bci za unikanie s\u0142u\u017cby wojskowej kapral Madin\u0119 Kaba\u0142ojew\u0105; to pierwszy w kraju taki wyrok orzeczony wobec kobiety - poda\u0142a w poniedzia\u0142ek niezale\u017cna rosyjska telewizja Nastojaszczeje Wriemia,  zaznaczaj\u0105c, \u017ce Kaba\u0142ojewa jest w ci\u0105\u017cy, a ponadto opiekuje si\u0119 pi\u0119cioletnim dzieckiem.</p>", "link": "https://www.bankier.pl/wiadomosc/Pierwsza-kobieta-skazana-za-unikanie-sluzby-wojskowej-Byla-w-ciazy-i-opiekowala-sie-dzieckiem-8613115.html?utm_source=RSS&utm_medium=RSS&utm_campaign=Wiadomosci", "date_published": "2023-09-18T13:01:00+00:00", "bookmarked": false, "dead": null, "artist": "Bankier", "album": "Bankier", "user": null, "language": "pl-PL", "thumbnail": null}, {"source": "https://www.bankier.pl/rss/wiadomosci.xml", "title": "Inflacja bazowa zn\u00f3w spad\u0142a. Jednak wci\u0105\u017c pozostaje bardzo wysoka", "description": "<p><img align=\"left\" alt=\"\" class=\"webfeedsFeaturedVisual\" height=\"560\" src=\"http://galeria.bankier.pl/p/3/3/349ff6235a9e40-948-568-0-110-3990-2393.jpg\" style=\"display: block; margin-bottom: 5px; clear: both;\" width=\"945\" />Sierpie\u0144 przyni\u00f3s\u0142 dalszy spadek inflacji bazowej w Polsce \u2013 wynika z danych NBP. Problem w tym, \u017ce si\u0142a krajowej presji inflacyjnej pozostaje zbyt silna, aby oczekiwa\u0107 szybkiego osi\u0105gni\u0119cia 2,5-procentowego celu inflacyjnego.</p>", "link": "https://www.bankier.pl/wiadomosc/Inflacja-bazowa-w-Polsce-sierpien-2023-8613106.html?utm_source=RSS&utm_medium=RSS&utm_campaign=Wiadomosci", "date_published": "2023-09-18T13:00:00+00:00", "bookmarked": false, "dead": null, "artist": "Bankier", "album": "Bankier", "user": null, "language": "pl-PL", "thumbnail": null}, {"source": "https://www.bankier.pl/rss/wiadomosci.xml", "title": "VeloBank na sprzeda\u017c, a kupiec mo\u017ce by\u0107 sporym zaskoczeniem", "description": "<p><img align=\"left\" alt=\"\" class=\"webfeedsFeaturedVisual\" height=\"560\" src=\"http://galeria.bankier.pl/p/f/5/8fa52e5553f35b-948-568-69-200-3414-2048.jpg\" style=\"display: block; margin-bottom: 5px; clear: both;\" width=\"945\" />Niemal rok po utworzeniu VeloBanku nie milkn\u0105 spekulacje o nowym nabywcy dawnego Getin Banku nale\u017c\u0105cego do Leszka Czarneckiego. Nowy gracz w bran\u017cy mo\u017ce by\u0107 sporym zaskoczeniem, ale za to bank pozosta\u0142by w polskich r\u0119kach.</p>", "link": "https://www.bankier.pl/wiadomosc/VeloBank-zostanie-w-polskich-rekach-Solowow-zainteresowany-przejeciem-8613095.html?utm_source=RSS&utm_medium=RSS&utm_campaign=Wiadomosci", "date_published": "2023-09-18T13:00:00+00:00", "bookmarked": false, "dead": null, "artist": "Bankier", "album": "Bankier", "user": null, "language": "pl-PL", "thumbnail": null}, {"source": "https://www.bankier.pl/rss/wiadomosci.xml", "title": "Votum spodziewa si\u0119 mocnego IV kw. Chce wprowadzi\u0107 nowy produkt", "description": "<p>Votum spodziewa si\u0119 mocnego czwartego kwarta\u0142u tego roku - poinformowa\u0142 prezes Votum Bart\u0142omiej Krupa. W pa\u017adzierniku firma chce wprowadzi\u0107 do oferty nowy produkt, zwi\u0105zany z dochodzeniem roszcze\u0144 z tytu\u0142u sankcji kredytu darmowego.</p>", "link": "https://www.bankier.pl/wiadomosc/Votum-spodziewa-sie-mocnego-IV-kw-w-X-chce-wprowadzic-nowy-produkt-8613085.html?utm_source=RSS&utm_medium=RSS&utm_campaign=Wiadomosci", "date_published": "2023-09-18T12:10:02.578837+00:00", "bookmarked": false, "dead": null, "artist": "Bankier", "album": "Bankier", "user": null, "language": "pl-PL", "thumbnail": null}, {"source": "https://www.bankier.pl/rss/wiadomosci.xml", "title": "LPP kontynuuje ekspansj\u0119. Reserved debiutuje w stolicy mody", "description": "<p><img align=\"left\" alt=\"\" class=\"webfeedsFeaturedVisual\" height=\"560\" src=\"http://galeria.bankier.pl/p/c/c/60ce77ee1a9f5b-948-568-70-6-2389-1433.jpg\" style=\"display: block; margin-bottom: 5px; clear: both;\" width=\"945\" />LPP otworzy\u0142o pierwszy salon Reserved we W\u0142oszech, w Mediolanie - poinformowa\u0142a grupa w komunikacie prasowym. W planach s\u0105 ju\u017c nast\u0119pne otwarcia \u2013 w Mediolanie i miastach p\u00f3\u0142nocnych W\u0142och, gdzie poza Reserved pojawi\u0105 si\u0119 pierwsze salony Mohito.</p>", "link": "https://www.bankier.pl/wiadomosc/LPP-otworzylo-pierwszy-salon-Reserved-we-Wloszech-8613111.html?utm_source=RSS&utm_medium=RSS&utm_campaign=Wiadomosci", "date_published": "2023-09-18T12:10:02.551321+00:00", "bookmarked": false, "dead": null, "artist": "Bankier", "album": "Bankier", "user": null, "language": "pl-PL", "thumbnail": null}, {"source": "https://www.bankier.pl/rss/wiadomosci.xml", "title": "Konto mieszkaniowe niewypa\u0142em? PKO BP poda\u0142 statystyki za pierwszy miesi\u0105c", "description": "<p><img align=\"left\" alt=\"\" class=\"webfeedsFeaturedVisual\" height=\"560\" src=\"http://galeria.bankier.pl/p/3/5/45b3ebeae85d95-948-568-0-310-2702-1621.jpg\" style=\"display: block; margin-bottom: 5px; clear: both;\" width=\"945\" />W ci\u0105gu pierwszego miesi\u0105ca za\u0142o\u017cono ponad 900 Kont Mieszkaniowych w ramach Programu Pierwsze Mieszkanie - poinformowa\u0142 w poniedzia\u0142ek PKO Bank Polski. Klienci wp\u0142acili na tego typu rachunki \u015brednio 1,9 tys. z\u0142.</p>", "link": "https://www.bankier.pl/wiadomosc/Konto-mieszkaniowe-niewypalem-PKO-BP-podal-statystyki-za-pierwszy-miesiac-8613046.html?utm_source=RSS&utm_medium=RSS&utm_campaign=Wiadomosci", "date_published": "2023-09-18T11:51:00+00:00", "bookmarked": false, "dead": null, "artist": "Bankier", "album": "Bankier", "user": null, "language": "pl-PL", "thumbnail": null}, {"source": "https://www.bankier.pl/rss/wiadomosci.xml", "title": "\"Tu \u017carty si\u0119 ko\u0144cz\u0105\". B\u0142aszczak odtajnia dokumenty NATO do spotu wyborczego", "description": "<p><img align=\"left\" alt=\"\" class=\"webfeedsFeaturedVisual\" height=\"560\" src=\"http://galeria.bankier.pl/p/8/f/e324f559b89012-948-568-570-52-2340-1403.jpg\" style=\"display: block; margin-bottom: 5px; clear: both;\" width=\"945\" />Minister obrony narodowej Mariusz B\u0142aszczak publikuje spot wyborczy, w kt\u00f3rym omawia dok\u0142adnie plany obrony NATO, a \"na Kremlu otwieraj\u0105 szampany\" - komentuje dla \"Faktu\" gen. Waldemar Skrzypczak, by\u0142y dow\u00f3dca Wojsk L\u0105dowych.\u00a0</p>", "link": "https://www.bankier.pl/wiadomosc/Tu-zarty-sie-koncza-Blaszczak-odtajnia-dokumenty-NATO-do-spotu-wyborczego-8613033.html?utm_source=RSS&utm_medium=RSS&utm_campaign=Wiadomosci", "date_published": "2023-09-18T11:35:00+00:00", "bookmarked": false, "dead": null, "artist": "Bankier", "album": "Bankier", "user": null, "language": "pl-PL", "thumbnail": null}, {"source": "https://www.bankier.pl/rss/wiadomosci.xml", "title": "\"Przemys\u0142 stalowy kluczowy dla gospodarki\". Sasin zapowiada inwestycje", "description": "<p><img align=\"left\" alt=\"\" class=\"webfeedsFeaturedVisual\" height=\"560\" src=\"http://galeria.bankier.pl/p/c/d/79887de78df108-945-560-0-250-4560-2735.jpg\" style=\"display: block; margin-bottom: 5px; clear: both;\" width=\"945\" />Przemys\u0142 stalowy, obok energetyki, jest kluczowy dla rozwoju polskiej gospodarki \u2013 oceni\u0142 podczas inauguracji Europejskiego Kongresu Stalowego w Katowicach minister aktyw\u00f3w pa\u0144stwowych Jacek Sasin. Zapowiedzia\u0142 odbudow\u0119, wsparcie i rozw\u00f3j cz\u0119\u015bci hutnictwa, pozostaj\u0105cej w domenie Skarbu Pa\u0144stwa.</p>", "link": "https://www.bankier.pl/wiadomosc/Przemysl-stalowy-kluczowy-dla-gospodarki-Sasin-zapowiada-inwestycje-8613039.html?utm_source=RSS&utm_medium=RSS&utm_campaign=Wiadomosci", "date_published": "2023-09-18T11:04:56.635271+00:00", "bookmarked": false, "dead": null, "artist": "Bankier", "album": "Bankier", "user": null, "language": "pl-PL", "thumbnail": null}, {"source": "https://www.bankier.pl/rss/wiadomosci.xml", "title": "Pushbacki nap\u0119dza\u0142y handel wizami? Po\u015brednicy z MSZ zarejestrowani w Moskwie", "description": "<p><img align=\"left\" alt=\"\" class=\"webfeedsFeaturedVisual\" height=\"560\" src=\"http://galeria.bankier.pl/p/0/1/42c874e7bec37d-948-568-465-262-2535-1520.jpg\" style=\"display: block; margin-bottom: 5px; clear: both;\" width=\"945\" />- Kiedy s\u0142u\u017cby graniczne u\u017cywa\u0142y tzn. pushback\u00f3w, zrzuca\u0142y osoby z polskiej granicy na teren Bia\u0142orusi, to te osoby mog\u0142y p\u00f3\u017aniej za \u0142ap\u00f3wk\u0119 w Mi\u0144sku, a by\u0107 mo\u017ce w Moskwie, otrzyma\u0107 polsk\u0105 wiz\u0119 i wjecha\u0107 jakby nic do Polski - o procederze pose\u0142 Koalicji Obywatelskiej Micha\u0142 Szczerba w rozmowie w\u00a0tvn24.\u00a0</p>", "link": "https://www.bankier.pl/wiadomosc/Pushbacki-napedzaly-handel-wizami-Posrednicy-z-MSZ-zarejestrowani-w-Moskwie-8612986.html?utm_source=RSS&utm_medium=RSS&utm_campaign=Wiadomosci", "date_published": "2023-09-18T11:04:56.622127+00:00", "bookmarked": false, "dead": null, "artist": "Bankier", "album": "Bankier", "user": null, "language": "pl-PL", "thumbnail": null}, {"source": "https://www.bankier.pl/rss/wiadomosci.xml", "title": "Sp\u00f3\u0142ka FreeMind zadebiutowa\u0142a na NewConnect", "description": "<p><img align=\"left\" alt=\"\" class=\"webfeedsFeaturedVisual\" height=\"560\" src=\"http://galeria.bankier.pl/p/e/4/c924d8358f24dc-948-568-353-0-1339-803.jpg\" style=\"display: block; margin-bottom: 5px; clear: both;\" width=\"945\" />Sp\u00f3\u0142ka FreeMind, nale\u017c\u0105ca do grupy PlayWay, zadebiutowa\u0142a na NewConnect. Do obrotu na rynku zosta\u0142o dopuszczonych \u0142\u0105cznie 1,107 mln akcji.</p>", "link": "https://www.bankier.pl/wiadomosc/Spolka-FreeMind-zadebiutowala-na-NewConnect-8612994.html?utm_source=RSS&utm_medium=RSS&utm_campaign=Wiadomosci", "date_published": "2023-09-18T10:40:00+00:00", "bookmarked": false, "dead": null, "artist": "Bankier", "album": "Bankier", "user": null, "language": "pl-PL", "thumbnail": null}, {"source": "https://www.bankier.pl/rss/wiadomosci.xml", "title": "Trybuna\u0142 Stanu dla Mariusza B\u0142aszczaka? PO szykuje wniosek", "description": "<p><img align=\"left\" alt=\"\" class=\"webfeedsFeaturedVisual\" height=\"560\" src=\"http://galeria.bankier.pl/p/1/9/720c2c18998510-945-567-70-19-1841-1105.jpg\" style=\"display: block; margin-bottom: 5px; clear: both;\" width=\"945\" />Za\u00a0odtajnienie \u015bci\u015ble tajnych dokument\u00f3w w celach wyborczych\u00a0grozi Trybuna\u0142 Stanu. To odpowiedzialno\u015b\u0107, kt\u00f3r\u0105 poniesie szef MON Mariusz B\u0142aszczak. B\u0119dziemy si\u0119 domaga\u0107 i przygotujemy wniosek - zapowiedzia\u0142 w poniedzia\u0142ek w radiu Zet rzecznik PO Jan Grabiec.</p>", "link": "https://www.bankier.pl/wiadomosc/Trybunal-Stanu-dla-Mariusza-Blaszczaka-PO-szykuje-wniosek-8612963.html?utm_source=RSS&utm_medium=RSS&utm_campaign=Wiadomosci", "date_published": "2023-09-18T09:59:55.019642+00:00", "bookmarked": false, "dead": null, "artist": "Bankier", "album": "Bankier", "user": null, "language": "pl-PL", "thumbnail": null}, {"source": "https://www.bankier.pl/rss/wiadomosci.xml", "title": "Sprzeda\u017c paliwa poni\u017cej koszt\u00f3w. Tak Francja chce walczy\u0107 z inflacj\u0105", "description": "<p><img align=\"left\" alt=\"\" class=\"webfeedsFeaturedVisual\" height=\"560\" src=\"http://galeria.bankier.pl/p/5/e/85775876aee5a5-948-568-11-99-2189-1313.jpg\" style=\"display: block; margin-bottom: 5px; clear: both;\" width=\"945\" />Francuski rz\u0105d przygotowuje projekt ustawy zezwalaj\u0105cej stacjom na sprzeda\u017c paliwa poni\u017cej koszt\u00f3w, aby ograniczy\u0107 inflacj\u0119. Sprzeda\u017c paliwa ze strat\u0105 b\u0119dzie trwa\u0142a przez sze\u015b\u0107 miesi\u0119cy od pocz\u0105tku grudnia \u2013 zapowiedzia\u0142 w poniedzia\u0142ek minister gospodarki i finans\u00f3w Bruno Le Maire w stacji France 2.</p>", "link": "https://www.bankier.pl/wiadomosc/Sprzedaz-paliwa-ponizej-kosztow-Tak-Francja-chce-walczyc-z-inflacja-8612972.html?utm_source=RSS&utm_medium=RSS&utm_campaign=Wiadomosci", "date_published": "2023-09-18T09:59:55.014538+00:00", "bookmarked": false, "dead": null, "artist": "Bankier", "album": "Bankier", "user": null, "language": "pl-PL", "thumbnail": null}, {"source": "https://www.bankier.pl/rss/wiadomosci.xml", "title": "NFZ pokaza\u0142, ile wyda\u0142 na leczenie \"najdro\u017cszych\" pacjent\u00f3w", "description": "<p><img align=\"left\" alt=\"\" class=\"webfeedsFeaturedVisual\" height=\"560\" src=\"http://galeria.bankier.pl/p/0/3/403e634645ff45-945-560-113-37-1641-984.jpg\" style=\"display: block; margin-bottom: 5px; clear: both;\" width=\"945\" />80 proc. bud\u017cetu na \u015bwiadczenia i leki jest przeznaczane dla 20 proc. najbardziej potrzebuj\u0105cych pacjent\u00f3w \u2013 wynika z najnowszego raportu NFZ, kt\u00f3ry podsumowa\u0142 koszty leczenia w 2022 r.</p>", "link": "https://www.bankier.pl/wiadomosc/NFZ-pokazal-ile-wydal-na-leczenie-najdrozszych-pacjentow-8612970.html?utm_source=RSS&utm_medium=RSS&utm_campaign=Wiadomosci", "date_published": "2023-09-18T09:59:55.004722+00:00", "bookmarked": false, "dead": null, "artist": "Bankier", "album": "Bankier", "user": null, "language": "pl-PL", "thumbnail": null}, {"source": "https://www.bankier.pl/rss/wiadomosci.xml", "title": "Nadchodzi zima z hotelarstwie. Pierwszy spadek liczby og\u0142osze\u0144 o prac\u0119 od 10 miesi\u0119cy", "description": "<p><img align=\"left\" alt=\"\" class=\"webfeedsFeaturedVisual\" height=\"560\" src=\"http://galeria.bankier.pl/p/1/7/ce0c00dbe0e8fa-948-568-0-99-1732-1039.jpg\" style=\"display: block; margin-bottom: 5px; clear: both;\" width=\"945\" />Liczba og\u0142osze\u0144 o prac\u0119 w hotelarstwie w sierpniu zmala\u0142a po raz pierwszy od 10 miesi\u0119cy - wynika z opublikowanego w poniedzia\u0142ek Barometru Ofert Pracy. Zwr\u00f3cono uwag\u0119 na \"stosunkowo dobr\u0105\" sytuacj\u0119 w kategorii ofert dla pracownik\u00f3w niewykwalifikowanych.</p>", "link": "https://www.bankier.pl/wiadomosc/Coraz-mniej-ogloszen-o-prace-Nadchodzi-zima-z-hotelarstwie-8612956.html?utm_source=RSS&utm_medium=RSS&utm_campaign=Wiadomosci", "date_published": "2023-09-18T09:43:00+00:00", "bookmarked": false, "dead": null, "artist": "Bankier", "album": "Bankier", "user": null, "language": "pl-PL", "thumbnail": null}, {"source": "https://www.bankier.pl/rss/wiadomosci.xml", "title": "Deweloperzy utrzymali wysok\u0105 mar\u017c\u0119 na mieszkaniach. NBP pokazuje nowe dane", "description": "<p><img align=\"left\" alt=\"\" class=\"webfeedsFeaturedVisual\" height=\"560\" src=\"http://galeria.bankier.pl/p/2/e/c6e396364d8382-948-568-0-133-1978-1186.jpg\" style=\"display: block; margin-bottom: 5px; clear: both;\" width=\"945\" />NBP szacuje, \u017ce udzia\u0142 zysku deweloperskiego w cenie netto mieszka\u0144 wynosi ok. 22 proc. - poda\u0142 NBP w raporcie po\u015bwi\u0119conym rynkowi nieruchomo\u015bci.\u00a0Deweloperom udawa\u0142o si\u0119 w znacz\u0105cym stopniu przerzuci\u0107 na nabywc\u00f3w rosn\u0105ce koszty budowy mieszka\u0144 - dodano.</p>", "link": "https://www.bankier.pl/wiadomosc/Deweloperzy-utrzymali-wysoka-marze-na-mieszkaniach-NBP-pokazuje-nowe-dane-8612945.html?utm_source=RSS&utm_medium=RSS&utm_campaign=Wiadomosci", "date_published": "2023-09-18T08:54:53.093321+00:00", "bookmarked": false, "dead": null, "artist": "Bankier", "album": "Bankier", "user": null, "language": "pl-PL", "thumbnail": null}, {"source": "https://www.bankier.pl/rss/wiadomosci.xml", "title": "Klienci UPC Polska skar\u017c\u0105 Play do UOKiK", "description": "<p><img align=\"left\" alt=\"\" class=\"webfeedsFeaturedVisual\" height=\"560\" src=\"http://galeria.bankier.pl/p/f/d/e212b00cb7f71e-948-568-0-181-2989-1793.jpg\" style=\"display: block; margin-bottom: 5px; clear: both;\" width=\"945\" />Po fuzji Play i UPC Polska do Urz\u0119du Ochrony Konkurencji i Konsument\u00f3w wp\u0142yn\u0119\u0142o kilka skarg. Klienci informuj\u0105 o spadku jako\u015bci us\u0142ug oraz sprzecznych informacjach otrzymywanych od konsultant\u00f3w firm.</p>", "link": "https://www.bankier.pl/wiadomosc/Klienci-UPC-Polska-skarza-Play-do-UOKiK-8612883.html?utm_source=RSS&utm_medium=RSS&utm_campaign=Wiadomosci", "date_published": "2023-09-18T08:54:53.086619+00:00", "bookmarked": false, "dead": null, "artist": "Bankier", "album": "Bankier", "user": null, "language": "pl-PL", "thumbnail": null}, {"source": "https://www.bankier.pl/rss/wiadomosci.xml", "title": "Aresztowania w Evergrande i zjazd akcji. Chi\u0144skie indeksy coraz ni\u017cej", "description": "<p><img align=\"left\" alt=\"\" class=\"webfeedsFeaturedVisual\" height=\"560\" src=\"http://galeria.bankier.pl/p/6/c/e525cc6b5deffc-948-568-12-0-970-582.jpg\" style=\"display: block; margin-bottom: 5px; clear: both;\" width=\"945\" />Chi\u0144ska policja aresztowa\u0142a pracownik\u00f3w dzia\u0142u zarz\u0105dzania maj\u0105tkiem Evergrande Group - najbardziej zad\u0142u\u017conego dewelopera na \u015bwiecie. Chi\u0144ski sektor nieruchomo\u015bci ma te\u017c inne, by\u0107 mo\u017ce powa\u017cniejsze problemy, pot\u0119guj\u0105ce nieufno\u015b\u0107 do akcji z Pa\u0144stwa \u015arodka, kt\u00f3rych indeksy znajduj\u0105 si\u0119 w pobli\u017cu tegorocznych do\u0142k\u00f3w.</p>", "link": "https://www.bankier.pl/wiadomosc/Chinska-policja-aresztowala-pracownikow-Evergrande-8612901.html?utm_source=RSS&utm_medium=RSS&utm_campaign=Wiadomosci", "date_published": "2023-09-18T08:54:53.079540+00:00", "bookmarked": false, "dead": null, "artist": "Bankier", "album": "Bankier", "user": null, "language": "pl-PL", "thumbnail": null}, {"source": "https://www.bankier.pl/rss/wiadomosci.xml", "title": "\"Lewe\" liczniki nagania\u0142y na zakupy. UOKiK ukara\u0142 2 strony internetowe", "description": "<p><img align=\"left\" alt=\"\" class=\"webfeedsFeaturedVisual\" height=\"560\" src=\"http://galeria.bankier.pl/p/2/a/05fcd272da9401-945-567-108-269-1218-731.jpg\" style=\"display: block; margin-bottom: 5px; clear: both;\" width=\"945\" />Prezes UOKiK na\u0142o\u017cy\u0142 ponad 100 tys. z\u0142 kary na sp\u00f3\u0142k\u0119 Bak Drop za nieuczciwe praktyki na stronach internetowych bigotka.pl i arkadie.pl - poinformowa\u0142 w poniedzia\u0142ek Urz\u0105d Ochrony Konkurencji i Konsument\u00f3w. Wyja\u015bni\u0142, \u017ce brakowa\u0142o jasnej informacji, \u017ce konsument kupuje u po\u015brednika.</p>", "link": "https://www.bankier.pl/wiadomosc/Lewe-liczniki-naganialy-na-zakupy-UOKiK-ukaral-bigotka-pl-i-arkadie-pl-8612909.html?utm_source=RSS&utm_medium=RSS&utm_campaign=Wiadomosci", "date_published": "2023-09-18T08:31:00+00:00", "bookmarked": false, "dead": null, "artist": "Bankier", "album": "Bankier", "user": null, "language": "pl-PL", "thumbnail": null}, {"source": "https://www.bankier.pl/rss/wiadomosci.xml", "title": "Z\u0142oty pozostaje os\u0142abiony. Kurs euro zago\u015bci\u0142 powy\u017cej 4,60 z\u0142", "description": "<p><img align=\"left\" alt=\"\" class=\"webfeedsFeaturedVisual\" height=\"560\" src=\"http://galeria.bankier.pl/p/e/d/e0cf908023d65b-948-568-52-59-2947-1768.jpg\" style=\"display: block; margin-bottom: 5px; clear: both;\" width=\"945\" />Polska\nwaluta pozostaje s\u0142aba od dnia \u201ego\u0142\u0119biej\u201d wolty w wykonaniu Rady Polityki Pieni\u0119\u017cnej.\nEkonomi\u015bci s\u0105 sceptycznie nastawieni do dalszych perspektyw z\u0142otego.</p>", "link": "https://www.bankier.pl/wiadomosc/Zloty-pozostaje-oslabiony-Kurs-euro-zagoscil-powyzej-4-60-zl-8612900.html?utm_source=RSS&utm_medium=RSS&utm_campaign=Wiadomosci", "date_published": "2023-09-18T07:49:56.132251+00:00", "bookmarked": false, "dead": null, "artist": "Bankier", "album": "Bankier", "user": null, "language": "pl-PL", "thumbnail": null}, {"source": "https://www.bankier.pl/rss/wiadomosci.xml", "title": "\"Stopa bezrobocia powinna wzrosn\u0105\u0107 o 40-50 proc.\" Oto recepta milionera na popraw\u0119 sytuacji w gospodarce", "description": "<p><img align=\"left\" alt=\"\" class=\"webfeedsFeaturedVisual\" height=\"560\" src=\"http://galeria.bankier.pl/p/9/0/8765a1bb9d87a2-948-568-18-4-1664-998.jpg\" style=\"display: block; margin-bottom: 5px; clear: both;\" width=\"945\" />\"Stopa bezrobocia powinna wzrosn\u0105\u0107 o 40-50%, aby ludzie ponownie u\u015bwiadomili sobie, \u017ce pracuj\u0105 dla swoich szef\u00f3w, a nie odwrotnie\".\n To s\u0142owa jednego z najbogatszych Australijczyk\u00f3w - Tima Gurnera. O \nGurnerze, biznesmenie i milionerze, zrobi\u0142o si\u0119 g\u0142o\u015bno kilka dni temu, \nkiedy to podzieli\u0142 si\u0119 swoimi zaskakuj\u0105cymi przemy\u015bleniami podczas \npanelu dyskusyjnego podczas szczytu dotycz\u0105cego nieruchomo\u015bci Financial Review Property Summit. </p>", "link": "https://www.bankier.pl/wiadomosc/Stopa-bezrobocia-powinna-wzrosnac-o-40-50-proc-Oto-recepta-milionera-na-poprawe-sytuacji-w-gospodarce-8612876.html?utm_source=RSS&utm_medium=RSS&utm_campaign=Wiadomosci", "date_published": "2023-09-18T07:49:56.129440+00:00", "bookmarked": false, "dead": null, "artist": "Bankier", "album": "Bankier", "user": null, "language": "pl-PL", "thumbnail": null}, {"source": "https://www.bankier.pl/rss/wiadomosci.xml", "title": "Praca Polak\u00f3w za granic\u0105. Nawet dwukrotne r\u00f3\u017cnice w zarobkach", "description": "<p><img align=\"left\" alt=\"\" class=\"webfeedsFeaturedVisual\" height=\"560\" src=\"http://galeria.bankier.pl/p/1/a/924a3a11fdb1da-945-567-286-242-3180-1908.jpg\" style=\"display: block; margin-bottom: 5px; clear: both;\" width=\"945\" />Ponad dwa\nrazy wi\u0119cej zarabiali Polacy pracuj\u0105cy w Niemczech, Wielkiej Brytanii i\nNiderlandach od rodak\u00f3w wykonuj\u0105cych swoje obowi\u0105zki w kraju - wynika z raportu \"Polacy pracuj\u0105cy za granic\u0105 w 2022\nr.\" przygotowanego przez Narodowy Bank Polski. Du\u017ce r\u00f3\u017cnice wida\u0107 zw\u0142aszcza w transporcie,\nbudownictwie oraz gastronomii i hotelarstwie.</p>", "link": "https://www.bankier.pl/wiadomosc/Praca-Polakow-za-granica-Nawet-dwukrotne-roznice-w-zarobkach-8612891.html?utm_source=RSS&utm_medium=RSS&utm_campaign=Wiadomosci", "date_published": "2023-09-18T07:49:56.110991+00:00", "bookmarked": false, "dead": null, "artist": "Bankier", "album": "Bankier", "user": null, "language": "pl-PL", "thumbnail": null}, {"source": "https://www.bankier.pl/rss/wiadomosci.xml", "title": "Wakacje kredytowe i zerowy VAT na \u017cywno\u015b\u0107 przed\u0142u\u017cone? Sobo\u0144 komentuje", "description": "<p><img align=\"left\" alt=\"\" class=\"webfeedsFeaturedVisual\" height=\"560\" src=\"http://galeria.bankier.pl/p/0/c/78ee0f147cafe7-948-568-3-0-1496-897.jpg\" style=\"display: block; margin-bottom: 5px; clear: both;\" width=\"945\" />W ci\u0105gu najbli\u017cszych dni, przed wyborami, b\u0119dzie og\u0142oszona decyzja dotycz\u0105ca wakacji kredytowych - powiedzia\u0142 w poniedzia\u0142ek w Polsat News wiceminister finans\u00f3w Artur Sobo\u0144. Doda\u0142, \u017ce nie wyklucza przed\u0142u\u017cenia zerowej stawki VAT na \u017cywno\u015b\u0107 w przysz\u0142ym roku.</p>", "link": "https://www.bankier.pl/wiadomosc/Wakacje-kredytowe-i-zerowy-VAT-na-zywnosc-przedluzone-Sobon-komentuje-8612873.html?utm_source=RSS&utm_medium=RSS&utm_campaign=Wiadomosci", "date_published": "2023-09-18T07:39:00+00:00", "bookmarked": false, "dead": null, "artist": "Bankier", "album": "Bankier", "user": null, "language": "pl-PL", "thumbnail": null}, {"source": "https://www.bankier.pl/rss/wiadomosci.xml", "title": "Ropa wci\u0105\u017c dro\u017ceje. Ci\u0119cia Arabii Saudyjskiej i Rosji rz\u0105dz\u0105 rynkiem", "description": "<p><img align=\"left\" alt=\"\" class=\"webfeedsFeaturedVisual\" height=\"560\" src=\"http://galeria.bankier.pl/p/0/e/af26799598de3a-948-568-0-247-3000-1799.jpg\" style=\"display: block; margin-bottom: 5px; clear: both;\" width=\"945\" />Ceny ropy na gie\u0142dzie paliw w Nowym Jorku rosn\u0105 i s\u0105 powy\u017cej 91 USD za bary\u0142k\u0119. Ci\u0119cia dostaw ropy z kraj\u00f3w sojuszu OPEC+ zacie\u015bni\u0142y sytuacj\u0119 na rynkach paliw - podaj\u0105 maklerzy.</p>", "link": "https://www.bankier.pl/wiadomosc/Ropa-wciaz-drozeje-Ciecia-Arabii-Saudyjskiej-i-Rosji-rzadza-rynkiem-8612853.html?utm_source=RSS&utm_medium=RSS&utm_campaign=Wiadomosci", "date_published": "2023-09-18T06:46:47.012386+00:00", "bookmarked": false, "dead": null, "artist": "Bankier", "album": "Bankier", "user": null, "language": "pl-PL", "thumbnail": null}, {"source": "https://www.bankier.pl/rss/wiadomosci.xml", "title": "1 mld z\u0142 na 500+ dla obcokrajowc\u00f3w. ZUS podsumowa\u0142 p\u00f3\u0142rocze", "description": "<p><img align=\"left\" alt=\"\" class=\"webfeedsFeaturedVisual\" height=\"560\" src=\"http://galeria.bankier.pl/p/6/3/bf076c6981d215-948-568-0-9-1980-1187.jpg\" style=\"display: block; margin-bottom: 5px; clear: both;\" width=\"945\" />Ponad 2 mln \u015bwiadcze\u0144 w ramach programu \u201eRodzina 500+\u201d Zak\u0142ad Ubezpiecze\u0144 Spo\u0142ecznych wyp\u0142aci\u0142 obcokrajowcom \u2013 informuje Business Insider. 90 proc. z nich trafi\u0142o do Ukrai\u0144c\u00f3w.\n</p>", "link": "https://www.bankier.pl/wiadomosc/1-mld-zl-na-500-dla-obcokrajowcow-ZUS-podsumowal-polrocze-8612857.html?utm_source=RSS&utm_medium=RSS&utm_campaign=Wiadomosci", "date_published": "2023-09-18T06:46:46.978963+00:00", "bookmarked": false, "dead": null, "artist": "Bankier", "album": "Bankier", "user": null, "language": "pl-PL", "thumbnail": null}, {"source": "https://www.bankier.pl/rss/wiadomosci.xml", "title": "KO wygra\u0142a prawybory w Wieruszowie. Dobry wynik Trzeciej Drogi", "description": "<p><img align=\"left\" alt=\"\" class=\"webfeedsFeaturedVisual\" height=\"560\" src=\"http://galeria.bankier.pl/p/7/5/463529a2c440aa-948-568-0-419-2048-1228.jpg\" style=\"display: block; margin-bottom: 5px; clear: both;\" width=\"945\" />KO przed PiS-em, za nimi Trzecia Droga. Tak prezentuj\u0105 si\u0119 wyniki \nprawybor\u00f3w, kt\u00f3re jak co roku odby\u0142y si\u0119 w Wieruszowie, nazywanym \n\"Polsk\u0105 w pigu\u0142ce\".</p>", "link": "https://www.bankier.pl/wiadomosc/KO-wygrala-prawybory-w-Wieruszowie-Dobry-wynik-Trzeciej-Drogi-8612846.html?utm_source=RSS&utm_medium=RSS&utm_campaign=Wiadomosci", "date_published": "2023-09-18T06:40:00+00:00", "bookmarked": false, "dead": null, "artist": "Bankier", "album": "Bankier", "user": null, "language": "pl-PL", "thumbnail": null}, {"source": "https://www.bankier.pl/rss/wiadomosci.xml", "title": "Home office odchodzi do lamusa. Firmy \u015bci\u0105gaj\u0105 pracownik\u00f3w do biur", "description": "<p><img align=\"left\" alt=\"\" class=\"webfeedsFeaturedVisual\" height=\"560\" src=\"http://galeria.bankier.pl/p/2/b/c5c7b81cefc54f-948-567-10-52-990-593.jpg\" style=\"display: block; margin-bottom: 5px; clear: both;\" width=\"945\" />Wi\u0119kszo\u015b\u0107 firm chcia\u0142aby przywr\u00f3ci\u0107 pe\u0142n\u0105 prac\u0119 stacjonarn\u0105, lecz op\u00f3r pracownik\u00f3w cz\u0119sto ogranicza takie zap\u0119dy - czytamy w poniedzia\u0142kowym wydaniu \"Rzeczpospolitej\".</p>", "link": "https://www.bankier.pl/wiadomosc/Home-office-odchodzi-do-lamusa-Firmy-sciagaja-pracownikow-do-biur-8612829.html?utm_source=RSS&utm_medium=RSS&utm_campaign=Wiadomosci", "date_published": "2023-09-18T05:41:44.097598+00:00", "bookmarked": false, "dead": null, "artist": "Bankier", "album": "Bankier", "user": null, "language": "pl-PL", "thumbnail": null}, {"source": "https://www.bankier.pl/rss/wiadomosci.xml", "title": "Polacy \"rzuc\u0105 si\u0119\" na emerytury sta\u017cowe? Minister pokazuje szacunki", "description": "<p><img align=\"left\" alt=\"\" class=\"webfeedsFeaturedVisual\" height=\"560\" src=\"http://galeria.bankier.pl/p/f/b/c4f3850668d0b8-948-567-0-10-1000-599.jpg\" style=\"display: block; margin-bottom: 5px; clear: both;\" width=\"945\" />Wst\u0119pnie szacujemy, \u017ce w pierwszym roku z emerytur sta\u017cowych skorzysta 70 tys. os\u00f3b - powiedzia\u0142 w poniedzia\u0142kowym wydaniu \"Naszego Dziennika\" wiceminister rodziny i polityki spo\u0142ecznej Stanis\u0142aw Szwed.</p>", "link": "https://www.bankier.pl/wiadomosc/Polacy-rzuca-sie-na-emerytury-stazowe-Minister-pokazuje-szacunki-8612834.html?utm_source=RSS&utm_medium=RSS&utm_campaign=Wiadomosci", "date_published": "2023-09-18T05:41:44.095332+00:00", "bookmarked": false, "dead": null, "artist": "Bankier", "album": "Bankier", "user": null, "language": "pl-PL", "thumbnail": null}, {"source": "https://www.bankier.pl/rss/wiadomosci.xml", "title": "Polska bije rekordy eksportu zb\u00f3\u017c. G\u0142\u00f3wnie przez porty w Gda\u0144sku, Gdyni i w \u015awinouj\u015bciu", "description": "<p><img align=\"left\" alt=\"\" class=\"webfeedsFeaturedVisual\" height=\"560\" src=\"http://galeria.bankier.pl/p/e/9/cbfcb8d0d35d84-948-568-10-140-1990-1193.jpg\" style=\"display: block; margin-bottom: 5px; clear: both;\" width=\"945\" />Od stycznia ub. r. do lipca br. Polska wyeksportowa\u0142a rekordow\u0105 ilo\u015b\u0107 zb\u00f3\u017c - 16,8 mln ton. Tylko w pierwszych 7 miesi\u0105cach tego roku wywieziono z kraju 7,7 mln ton ziarna zb\u00f3\u017c, o 57 proc. wi\u0119cej ni\u017c przed rokiem - poinformowa\u0142 PAP wiceszef KOWR Marcin Wro\u0144ski.</p>", "link": "https://www.bankier.pl/wiadomosc/Polska-bije-rekordy-eksportu-zboz-Glownie-przez-porty-w-Gdansku-Gdyni-i-w-Swinoujsciu-8612820.html?utm_source=RSS&utm_medium=RSS&utm_campaign=Wiadomosci", "date_published": "2023-09-18T05:41:44.085215+00:00", "bookmarked": false, "dead": null, "artist": "Bankier", "album": "Bankier", "user": null, "language": "pl-PL", "thumbnail": null}, {"source": "https://www.bankier.pl/rss/wiadomosci.xml", "title": "Przst\u0119pcy wy\u0142udzili miliony z\u0142otych od urz\u0119d\u00f3w miast i gmin. Robili to tak", "description": "<p><img align=\"left\" alt=\"\" class=\"webfeedsFeaturedVisual\" height=\"560\" src=\"http://galeria.bankier.pl/p/d/1/30d049ca382fad-937-562-0-0-937-562.jpg\" style=\"display: block; margin-bottom: 5px; clear: both;\" width=\"945\" />11 mln z\u0142 strat - To wst\u0119pne szacunki policjant\u00f3w z Centralnego Biura Zwalczania Cyberprzest\u0119pczo\u015bci. Gang zdoby\u0142 je, oszukuj\u0105c samorz\u0105dy i zajmuj\u0105c si\u0119 praniem brudnych pieni\u0119dzy.\u00a0</p>", "link": "https://www.bankier.pl/wiadomosc/Przstepcy-wyludzili-miliony-zlotych-od-urzedow-miast-i-gmin-Robili-to-tak-8612832.html?utm_source=RSS&utm_medium=RSS&utm_campaign=Wiadomosci", "date_published": "2023-09-18T05:41:44.082993+00:00", "bookmarked": false, "dead": null, "artist": "Bankier", "album": "Bankier", "user": null, "language": "pl-PL", "thumbnail": null}, {"source": "https://www.bankier.pl/rss/wiadomosci.xml", "title": "Chiny z chrapk\u0105 na tytu\u0142 hegemona. Maj\u0105 nawet dat\u0119 detronizacji USA", "description": "<p><img align=\"left\" alt=\"\" class=\"webfeedsFeaturedVisual\" height=\"560\" src=\"http://galeria.bankier.pl/p/1/9/cab6ae91d96d41-948-568-45-0-2725-1635.jpg\" style=\"display: block; margin-bottom: 5px; clear: both;\" width=\"945\" />W ci\u0105gu ostatnich 30 lat Chiny b\u0142yskawicznie rozwin\u0119\u0142y si\u0119 gospodarczo i\u00a0politycznie, chc\u0105c zagrozi\u0107 hegemonii Stan\u00f3w Zjednoczonych. Pa\u0144stwo \u015arodka prowadzi te\u017c coraz bardziej asertywn\u0105 polityk\u0119 na arenie mi\u0119dzynarodowej, wykorzystuj\u0105c organizacje mi\u0119dzynarodowe do budowania swoich wp\u0142yw\u00f3w i\u00a0lobbowania. - Chi\u0144czycy stawiaj\u0105 sobie 2049 rok - czyli stulecie utworzenia Chi\u0144skiej Republiki Ludowej - jako pewnego rodzaju cel strategiczny- m\u00f3wi dr Tomasz Smura, cz\u0142onek zarz\u0105du\u00a0Fundacji im. Kazimierza Pu\u0142askiego.</p>", "link": "https://www.bankier.pl/wiadomosc/Chiny-z-chapka-na-tytul-hegemona-Maja-nawet-date-detronizacji-USA-8612825.html?utm_source=RSS&utm_medium=RSS&utm_campaign=Wiadomosci", "date_published": "2023-09-18T05:41:44.078448+00:00", "bookmarked": false, "dead": null, "artist": "Bankier", "album": "Bankier", "user": null, "language": "pl-PL", "thumbnail": null}, {"source": "https://www.bankier.pl/rss/wiadomosci.xml", "title": "Skutki palenia papieros\u00f3w i niezdrowego trybu \u017cycia obci\u0105\u017ceniem dla systemu ochrony zdrowia", "description": "<p><img align=\"left\" alt=\"\" class=\"webfeedsFeaturedVisual\" height=\"560\" src=\"http://galeria.bankier.pl/p/b/2/54bfa50abae8e6-945-567-0-256-1725-1035.jpg\" style=\"display: block; margin-bottom: 5px; clear: both;\" width=\"945\" />Niezdrowy tryb \u017cycia - alkohol, z\u0142a dieta, stres czy palenie papieros\u00f3w - jest jedn\u0105 z\u00a0g\u0142\u00f3wnych przyczyn chor\u00f3b cywilizacyjnych i\u00a0wywo\u0142anych nimi przedwczesnych zgon\u00f3w. Eksperci wskazuj\u0105...</p>", "link": "https://www.bankier.pl/wiadomosc/Skutki-palenia-papierosow-i-niezdrowego-trybu-zycia-obciazeniem-dla-systemu-ochrony-zdrowia-8612817.html?utm_source=RSS&utm_medium=RSS&utm_campaign=Wiadomosci", "date_published": "2023-09-18T05:35:00+00:00", "bookmarked": false, "dead": null, "artist": "Bankier", "album": "Bankier", "user": null, "language": "pl-PL", "thumbnail": null}, {"source": "https://www.bankier.pl/rss/wiadomosci.xml", "title": "Trz\u0119sienie ziemi we W\u0142oszech. Jest nowy komunikat w\u0142adz", "description": "<p><img align=\"left\" alt=\"\" class=\"webfeedsFeaturedVisual\" height=\"560\" src=\"http://galeria.bankier.pl/p/5/5/6aa6d54ae62f32-948-567-0-62-1000-599.jpg\" style=\"display: block; margin-bottom: 5px; clear: both;\" width=\"945\" />Trz\u0119sienie ziemi o magnitudzie 5,1 zarejestrowano w poniedzia\u0142ek nad ranem na p\u00f3\u0142nocy W\u0142och - poda\u0142a ameryka\u0144ska s\u0142u\u017cba geologiczna USGS. Nie spowodowa\u0142o ono jednak powa\u017cnych zniszcze\u0144 - poinformowa\u0142y w\u0142adze regionu Toskania i w\u0142oski Narodowy Instytut Geofizyki i Wulkanologii (INGV).</p>", "link": "https://www.bankier.pl/wiadomosc/Trzesienie-ziemi-we-Wloszech-w-prowincji-Florencja-8612814.html?utm_source=RSS&utm_medium=RSS&utm_campaign=Wiadomosci", "date_published": "2023-09-18T05:24:00+00:00", "bookmarked": false, "dead": null, "artist": "Bankier", "album": "Bankier", "user": null, "language": "pl-PL", "thumbnail": null}, {"source": "https://www.bankier.pl/rss/wiadomosci.xml", "title": "\u201eBezpieczny kredyt 2 proc.\u201d zakorkowa\u0142 banki. Ekspert radzi: zachowajmy cierpliwo\u015b\u0107, sytuacja si\u0119 poprawia", "description": "<p><img align=\"left\" alt=\"\" class=\"webfeedsFeaturedVisual\" height=\"560\" src=\"http://galeria.bankier.pl/p/f/0/4fc7eb8547af22-948-568-0-207-3081-1848.jpg\" style=\"display: block; margin-bottom: 5px; clear: both;\" width=\"945\" />Rz\u0105d chce, by do ko\u0144ca tego roku\nbanki obs\u0142u\u017cy\u0142y 50 tys. wniosk\u00f3w dotycz\u0105cych \u201eBezpiecznego kredytu 2 proc.\u201d. Na\nrazie, od lipca, uda\u0142o si\u0119 wyda\u0107 oko\u0142o 6 tys. decyzji. W mailach do redakcji\npytaj\u0105 Pa\u0144stwo, dlaczego banki tak d\u0142ugo analizuj\u0105 wnioski. Ekspert radzi, by\nuzbroi\u0107 si\u0119 w cierpliwo\u015b\u0107 i wskazuje, z czego wynikaj\u0105 kolejki.</p>", "link": "https://www.bankier.pl/wiadomosc/Bezpieczny-kredyt-2-proc-zakorkowal-banki-Ekspert-radzi-zachowajmy-cierpliwosc-sytuacja-sie-poprawia-8611744.html?utm_source=RSS&utm_medium=RSS&utm_campaign=Wiadomosci", "date_published": "2023-09-18T04:36:41.314454+00:00", "bookmarked": false, "dead": null, "artist": "Bankier", "album": "Bankier", "user": null, "language": "pl-PL", "thumbnail": null}, {"source": "https://www.bankier.pl/rss/wiadomosci.xml", "title": "G\u00f3rnicy, pa\u0144stwo i drobni akcjonariusze JSW w kolejce po zyski. Nie wszystkim po r\u00f3wno", "description": "<p><img align=\"left\" alt=\"\" class=\"webfeedsFeaturedVisual\" height=\"560\" src=\"http://galeria.bankier.pl/p/5/7/d45cb815b417e4-948-568-0-25-2048-1228.jpg\" style=\"display: block; margin-bottom: 5px; clear: both;\" width=\"945\" />Brak dywidendy od JSW to jeden z najgor\u0119tszych gie\u0142dowych temat\u00f3w w 2023 r. Uchwa\u0142a w tej sprawie jest ju\u017c dawno podj\u0119ta, ale temperatura wci\u0105\u017c nie opada. Realia s\u0105 jednak takie, \u017ce w kolejce do zysk\u00f3w s\u0105 zbieraj\u0105cy podatki pa\u0144stwo, zn\u00f3w pa\u0144stwo jako g\u0142\u00f3wny akcjonariusz, g\u00f3rnicy, a na ko\u0144cu mniejszo\u015bciowi akcjonariusze.</p>", "link": "https://www.bankier.pl/wiadomosc/Pracownicy-panstwo-i-drobni-akcjonariusze-JSW-w-kolejce-po-zyski-spolki-8611484.html?utm_source=RSS&utm_medium=RSS&utm_campaign=Wiadomosci", "date_published": "2023-09-18T04:36:41.311747+00:00", "bookmarked": false, "dead": null, "artist": "Bankier", "album": "Bankier", "user": null, "language": "pl-PL", "thumbnail": null}, {"source": "https://www.bankier.pl/rss/wiadomosci.xml", "title": "Hipoteki ruszy\u0142y \u2013 oprocentowanie zdecydowanie spada", "description": "<p><img align=\"left\" alt=\"\" class=\"webfeedsFeaturedVisual\" height=\"560\" src=\"http://galeria.bankier.pl/p/0/4/375883ba36dfa3-948-567-0-2-1000-599.jpg\" style=\"display: block; margin-bottom: 5px; clear: both;\" width=\"945\" />Pierwsza od lat obni\u017cka st\u00f3p procentowych ju\u017c zaczyna by\u0107 widoczna w cennikach kredyt\u00f3w. To jednak zapewne dopiero pocz\u0105tek powa\u017cniejszych przesuni\u0119\u0107 w ofertach sta\u0142oprocentowych hipotek. Sprawdzamy, jak prezentuj\u0105 si\u0119 stawki w pierwszych dniach po rynkowych zawirowaniach.</p>", "link": "https://www.bankier.pl/wiadomosc/Ranking-kredytow-hipotecznych-wrzesien-2023-najlepsze-kredyty-hipoteczne-8611913.html?utm_source=RSS&utm_medium=RSS&utm_campaign=Wiadomosci", "date_published": "2023-09-18T04:36:41.306212+00:00", "bookmarked": false, "dead": null, "artist": "Bankier", "album": "Bankier", "user": null, "language": "pl-PL", "thumbnail": null}, {"source": "https://www.bankier.pl/rss/wiadomosci.xml", "title": "Ponad 100 chi\u0144skich samolot\u00f3w aktywnych w pobli\u017cu Tajwanu", "description": "<p><img align=\"left\" alt=\"\" class=\"webfeedsFeaturedVisual\" height=\"560\" src=\"http://galeria.bankier.pl/p/0/1/247be14686bf7b-948-568-0-170-2522-1513.jpg\" style=\"display: block; margin-bottom: 5px; clear: both;\" width=\"945\" />Ministerstwo obrony Tajwanu poinformowa\u0142o, \u017ce w ci\u0105gu ostatnich 24 godzin wykry\u0142o wok\u00f3\u0142 wyspy 103 chi\u0144skie samoloty bojowe, \"co stanowi najwy\u017csz\u0105 w ostatnim czasie liczb\u0119\".</p>", "link": "https://www.bankier.pl/wiadomosc/Ponad-100-chinskich-samolotow-aktywnych-w-poblizu-Tajwanu-8612801.html?utm_source=RSS&utm_medium=RSS&utm_campaign=Wiadomosci", "date_published": "2023-09-18T03:46:00+00:00", "bookmarked": false, "dead": null, "artist": "Bankier", "album": "Bankier", "user": null, "language": "pl-PL", "thumbnail": null}]