[{"source": "https://www.science.org/action/showFeed?type=etoc&feed=rss&jc=scirobotics", "title": "Solar-powered shape-changing origami microfliers", "description": "Science Robotics, Volume 8, Issue 82, September 2023. <br />", "link": "https://www.science.org/doi/abs/10.1126/scirobotics.adg4276?af=R", "date_published": "2023-09-18T07:49:45.456496+00:00", "bookmarked": false, "dead": null, "artist": "AAAS: Science Robotics: Table of Contents", "album": "AAAS: Science Robotics: Table of Contents", "user": null, "language": "en-US", "thumbnail": null}, {"source": "https://www.science.org/action/showFeed?type=etoc&feed=rss&jc=scirobotics", "title": "Reaching the limit in autonomous racing: Optimal control versus reinforcement learning", "description": "Science Robotics, Volume 8, Issue 82, September 2023. <br />", "link": "https://www.science.org/doi/abs/10.1126/scirobotics.adg1462?af=R", "date_published": "2023-09-18T07:49:45.454340+00:00", "bookmarked": false, "dead": null, "artist": "AAAS: Science Robotics: Table of Contents", "album": "AAAS: Science Robotics: Table of Contents", "user": null, "language": "en-US", "thumbnail": null}]