[{"source": "http://feeds.arstechnica.com/arstechnica/index/", "title": "More than half of Americans plan to get updated COVID shot", "description": "There's a sharp partisan divide, but interest blows away uptake of the last booster.", "link": "https://arstechnica.com/?p=1969186", "date_published": "2023-09-18T22:17:04+00:00", "bookmarked": false, "dead": null, "artist": "ArsTechnica", "album": "ArsTechnica", "user": null, "language": "en-US", "thumbnail": null}, {"source": "http://feeds.arstechnica.com/arstechnica/index/", "title": "Keeping Google\u2019s search secrets protects its monopoly, DOJ argues in court", "description": "The DOJ objected when the court removed the public from the Google trial on Monday.", "link": "https://arstechnica.com/?p=1969165", "date_published": "2023-09-18T21:49:45+00:00", "bookmarked": false, "dead": null, "artist": "ArsTechnica", "album": "ArsTechnica", "user": null, "language": "en-US", "thumbnail": null}, {"source": "http://feeds.arstechnica.com/arstechnica/index/", "title": "A water carrier just won the hardest cycling race on the planet", "description": "The cycling drama came to a head on top of the most demanding mountain in Europe.", "link": "https://arstechnica.com/?p=1968852", "date_published": "2023-09-18T21:16:52+00:00", "bookmarked": false, "dead": null, "artist": "ArsTechnica", "album": "ArsTechnica", "user": null, "language": "en-US", "thumbnail": null}, {"source": "http://feeds.arstechnica.com/arstechnica/index/", "title": "Autoworker strike could give GM breathing room to fix battery production", "description": "A production pause could let GM solve a battery cell manufacturing headache.", "link": "https://arstechnica.com/?p=1969136", "date_published": "2023-09-18T20:02:03+00:00", "bookmarked": false, "dead": null, "artist": "ArsTechnica", "album": "ArsTechnica", "user": null, "language": "en-US", "thumbnail": null}, {"source": "http://feeds.arstechnica.com/arstechnica/index/", "title": "Report: Unity considering revenue-based fee caps, self-reported install numbers", "description": "Engine maker may also eliminate \"retroactive\" install counts for minimum thresholds.", "link": "https://arstechnica.com/?p=1969103", "date_published": "2023-09-18T19:44:42+00:00", "bookmarked": false, "dead": null, "artist": "ArsTechnica", "album": "ArsTechnica", "user": null, "language": "en-US", "thumbnail": null}, {"source": "http://feeds.arstechnica.com/arstechnica/index/", "title": "Musk and Netanyahu blame \u201carmies of bots\u201d for spreading antisemitism on X", "description": "Israeli prime minister praised Musk's \"opposition to antisemitism\" in X chat.", "link": "https://arstechnica.com/?p=1969096", "date_published": "2023-09-18T19:39:54+00:00", "bookmarked": false, "dead": null, "artist": "ArsTechnica", "album": "ArsTechnica", "user": null, "language": "en-US", "thumbnail": null}, {"source": "http://feeds.arstechnica.com/arstechnica/index/", "title": "Hell freezes over, MS Paint adds support for layers and PNG transparency", "description": "Automated background removal was also added recently.", "link": "https://arstechnica.com/?p=1969084", "date_published": "2023-09-18T19:26:07+00:00", "bookmarked": false, "dead": null, "artist": "ArsTechnica", "album": "ArsTechnica", "user": null, "language": "en-US", "thumbnail": null}, {"source": "http://feeds.arstechnica.com/arstechnica/index/", "title": "Ancient Roman \u201cwow glass\u201d has photonic crystal patina forged over centuries", "description": "Precise hierarchical molecular self-assembly formed so-called \"Bragg stack\" reflectors.", "link": "https://arstechnica.com/?p=1968934", "date_published": "2023-09-18T19:06:19+00:00", "bookmarked": false, "dead": null, "artist": "ArsTechnica", "album": "ArsTechnica", "user": null, "language": "en-US", "thumbnail": null}, {"source": "http://feeds.arstechnica.com/arstechnica/index/", "title": "Dealmaster: Early Amazon Prime Big Day deals, Lenovo laptop savings, and more", "description": "Amazon announced that Prime Big Day Deals will happen on October 10 and 11 this year.", "link": "https://arstechnica.com/?p=1968974", "date_published": "2023-09-18T18:36:04+00:00", "bookmarked": false, "dead": null, "artist": "ArsTechnica", "album": "ArsTechnica", "user": null, "language": "en-US", "thumbnail": null}, {"source": "http://feeds.arstechnica.com/arstechnica/index/", "title": "tvOS 17\u2019s extra column of icons is its most useful new feature in years", "description": "Apple once had higher hopes for what has stubbornly remained a TV-streaming box.", "link": "https://arstechnica.com/?p=1967236", "date_published": "2023-09-18T18:22:45+00:00", "bookmarked": false, "dead": null, "artist": "ArsTechnica", "album": "ArsTechnica", "user": null, "language": "en-US", "thumbnail": null}, {"source": "http://feeds.arstechnica.com/arstechnica/index/", "title": "Google Domains halts registrations as it waits for the Google Grim Reaper", "description": "The transition to Squarespace apparently started a few days ago.", "link": "https://arstechnica.com/?p=1969005", "date_published": "2023-09-18T17:44:09+00:00", "bookmarked": false, "dead": null, "artist": "ArsTechnica", "album": "ArsTechnica", "user": null, "language": "en-US", "thumbnail": null}, {"source": "http://feeds.arstechnica.com/arstechnica/index/", "title": "Apple will charge you way less to fix cracked back glass on an iPhone 15 Pro", "description": "Fixing damaged rear glass on a Pro phone used to cost half as much as a new one.", "link": "https://arstechnica.com/?p=1969009", "date_published": "2023-09-18T16:52:54+00:00", "bookmarked": false, "dead": null, "artist": "ArsTechnica", "album": "ArsTechnica", "user": null, "language": "en-US", "thumbnail": null}, {"source": "http://feeds.arstechnica.com/arstechnica/index/", "title": "iOS 17, iPadOS 17, watchOS 10, and tvOS 17 are all available to download now", "description": "Apple Watch gets a big overhaul, while most other updates focus on refinements.", "link": "https://arstechnica.com/?p=1968990", "date_published": "2023-09-18T16:18:10+00:00", "bookmarked": false, "dead": null, "artist": "ArsTechnica", "album": "ArsTechnica", "user": null, "language": "en-US", "thumbnail": null}, {"source": "http://feeds.arstechnica.com/arstechnica/index/", "title": "Unity promises \u201cchanges\u201d to install fee plans as developer fallout continues", "description": "Statement comes as publishers threaten boycotts, developers move to other engines.", "link": "https://arstechnica.com/?p=1968985", "date_published": "2023-09-18T15:29:37+00:00", "bookmarked": false, "dead": null, "artist": "ArsTechnica", "album": "ArsTechnica", "user": null, "language": "en-US", "thumbnail": null}, {"source": "http://feeds.arstechnica.com/arstechnica/index/", "title": "Panos Panay, leader of the Surface and Windows teams, is leaving Microsoft", "description": "Will be replaced by Yusuf Mehdi, who has been leading the way on AI efforts.", "link": "https://arstechnica.com/?p=1968976", "date_published": "2023-09-18T15:20:28+00:00", "bookmarked": false, "dead": null, "artist": "ArsTechnica", "album": "ArsTechnica", "user": null, "language": "en-US", "thumbnail": null}, {"source": "http://feeds.arstechnica.com/arstechnica/index/", "title": "Geopolitics complicates Apple\u2019s relationship with China", "description": "A resurgent Huawei and restrictions on government use of Apple products pose challenges.", "link": "https://arstechnica.com/?p=1968961", "date_published": "2023-09-18T13:27:55+00:00", "bookmarked": false, "dead": null, "artist": "ArsTechnica", "album": "ArsTechnica", "user": null, "language": "en-US", "thumbnail": null}, {"source": "http://feeds.arstechnica.com/arstechnica/index/", "title": "Stoke Space hops its upper stage, leaping toward a fully reusable rocket", "description": "\"It was great to get that notch in our belt.\"", "link": "https://arstechnica.com/?p=1968948", "date_published": "2023-09-18T13:24:28+00:00", "bookmarked": false, "dead": null, "artist": "ArsTechnica", "album": "ArsTechnica", "user": null, "language": "en-US", "thumbnail": null}, {"source": "http://feeds.arstechnica.com/arstechnica/index/", "title": "Here\u2019s what the latest Mars rover has learned so far", "description": "Catch up on the Mars 2020 mission in 2023.", "link": "https://arstechnica.com/?p=1963613", "date_published": "2023-09-18T11:30:35+00:00", "bookmarked": false, "dead": null, "artist": "ArsTechnica", "album": "ArsTechnica", "user": null, "language": "en-US", "thumbnail": null}]