[{"source": "https://nautil.us/feed/", "title": "The Faulty Weathermen of the Mind", "description": "<p>Could a theory from the science of perception help crack the mysteries of psychosis?</p>\n<p>The post <a href=\"https://nautil.us/the-faulty-weathermen-of-the-mind-386474/\" rel=\"nofollow\">The Faulty Weathermen of the Mind</a> appeared first on <a href=\"https://nautil.us\" rel=\"nofollow\">Nautilus</a>.</p>", "link": "https://nautil.us/the-faulty-weathermen-of-the-mind-386474/", "date_published": "2023-09-18T22:50:55+00:00", "bookmarked": false, "dead": null, "artist": "Nautilus", "album": "Nautilus", "user": null, "language": "en-US", "thumbnail": null}, {"source": "https://nautil.us/feed/", "title": "Bees Can\u2019t Find Food in Dirty Air", "description": "<p>That means humans could go hungry, too.</p>\n<p>The post <a href=\"https://nautil.us/bees-cant-find-food-in-dirty-air-386386/\" rel=\"nofollow\">Bees Can\u2019t Find Food in Dirty Air</a> appeared first on <a href=\"https://nautil.us\" rel=\"nofollow\">Nautilus</a>.</p>", "link": "https://nautil.us/bees-cant-find-food-in-dirty-air-386386/", "date_published": "2023-09-18T20:13:31+00:00", "bookmarked": false, "dead": null, "artist": "Nautilus", "album": "Nautilus", "user": null, "language": "en-US", "thumbnail": null}]