[{"source": "https://www.youtube.com/feeds/videos.xml?channel_id=UCqg5FCR7NrpvlBWMXdt-5Vg", "title": "The World of Warcraft Funeral Crashers | The Stuff of Legends", "description": "Join our Patreon for a week of Early Access to all of our Premium video series including Zero Punctuation, Cold Take, Extra Punctuation, Adventure is Nigh and more! Just $2/month with a 7 day free trial. \u25ba\u25ba https://www.patreon.com/the_escapist\n\nA funeral in World of Warcraft is interrupted by some hooligans. \n\nJoin our growing Discord community: https://discord.gg/A6T2gKrDwB\n\nSubscribe to Escapist Magazine! \u25ba\u25ba http://bit.ly/Sub2Escapist\n\n---\n\n\n\n---\n\nThe Escapist Merch Store \u25ba\u25bahttps://teespring.com/stores/the-escapist-store\nJoin us on Twitch \u25ba\u25ba https://www.twitch.tv/the_escapist_official\nLike us on Facebook \u25ba\u25ba http://www.facebook.com/EscapistMag\nFollow us on Twitter \u25ba\u25ba https://twitter.com/EscapistMag", "link": "https://www.youtube.com/watch?v=_MYlM0SZ9lA", "date_published": "2023-09-18T15:00:35+00:00", "bookmarked": false, "dead": null, "artist": "The Escapist", "album": "The Escapist", "user": null, "language": "en-US", "thumbnail": "https://i4.ytimg.com/vi/_MYlM0SZ9lA/hqdefault.jpg"}, {"source": "https://www.youtube.com/feeds/videos.xml?channel_id=UCqg5FCR7NrpvlBWMXdt-5Vg", "title": "Is Forgive Me Father a Hidden Gem?", "description": "Each week KC and Jesse check out an overlooked game on Steam and decide whether or not it's a \"Hidden Gem\". This week they're checking out Forgive Me Father.\n\nJoin YouTube Memberships and support our content for Early Access to new videos, exclusive Discord perks & more for just $2 per month \u25ba\u25ba https://www.youtube.com/channel/UCqg5FCR7NrpvlBWMXdt-5Vg/join\n\nJoin our growing Discord community: https://discord.gg/A6T2gKrDwB\n\nSubscribe to Escapist Magazine! \u25ba\u25ba http://bit.ly/Sub2Escapist\n\nWant to see the next episode a week early? Check out http://www.escapistmagazine.com for the latest episodes of your favorite shows.\n\n---\n\n\n\n---\n\nThe Escapist Merch Store \u25ba\u25bahttps://teespring.com/stores/the-escapist-store\nJoin us on Twitch \u25ba\u25ba https://www.twitch.tv/the_escapist_official\nLike us on Facebook \u25ba\u25ba http://www.facebook.com/EscapistMag\nFollow us on Twitter \u25ba\u25ba https://twitter.com/EscapistMag", "link": "https://www.youtube.com/watch?v=93rnVvsGZjw", "date_published": "2023-09-18T14:52:56+00:00", "bookmarked": false, "dead": null, "artist": "The Escapist", "album": "The Escapist", "user": null, "language": "en-US", "thumbnail": "https://i2.ytimg.com/vi/93rnVvsGZjw/hqdefault.jpg"}, {"source": "https://www.youtube.com/feeds/videos.xml?channel_id=UCqg5FCR7NrpvlBWMXdt-5Vg", "title": "Give Us More Games That Make Us Feel Smart | Slightly Something Else", "description": "This week on Slightly Something Else, Yahtzee and Marty discuss games that make them feel smart.\n\nJoin our YouTube Membership program for Early Access to videos, badges, emojis, bonus content and more. \u25ba\u25ba https://www.youtube.com/channel/UCqg5FCR7NrpvlBWMXdt-5Vg/join\n\nJoin our growing Discord community: https://discord.gg/A6T2gKrDwB\n\nSubscribe to Escapist Magazine! \u25ba\u25ba http://bit.ly/Sub2Escapist\n\nWant to see the next episode a week early? Check out http://www.escapistmagazine.com for the latest episodes of your favorite shows.\n\n---\n\n\n\n---\n\n\nZero Punctuation Merch Store \u25ba\u25bahttps://teespring.com/stores/the-escapist-store\nJoin us on Twitch \u25ba\u25ba https://www.twitch.tv/escapistmagazine \nLike us on Facebook \u25ba\u25ba http://www.facebook.com/EscapistMag\nFollow us on Twitter \u25ba\u25ba https://twitter.com/EscapistMag", "link": "https://www.youtube.com/watch?v=udoPN-uDRvo", "date_published": "2023-09-18T14:51:53+00:00", "bookmarked": false, "dead": null, "artist": "The Escapist", "album": "The Escapist", "user": null, "language": "en-US", "thumbnail": "https://i2.ytimg.com/vi/udoPN-uDRvo/hqdefault.jpg"}]