[{"source": "https://www.youtube.com/feeds/videos.xml?channel_id=UCd6vEDS3SOhWbXZrxbrf_bw", "title": "Apple Responds to iPhone 12 Radiation Problem", "description": "Apple responds to France trying to ban the iPhone 12 for having dangerous radiation levels. Turns out you might be holding it wrong!\n\nARTICLE: https://www.engadget.com/apple-will-release-software-update-to-address-iphone-12-radiation-concerns-173345891.html\n\nApple Responds PLAYLIST: https://www.youtube.com/playlist?list=PLHSLJI8oVymx9_2zl0u4pyjUwhP1lhyLd\n\n-----------------------------------\n\nSUPPORT: https://funkytime.tv/patriot-signup/\nMERCH: https://funkytime.tv/shop/\nFUNKY TIME WEBSITE: https://funkytime.tv\n\nFACEBOOK: http://www.facebook.com/SamtimeNews\nTWITTER: http://twitter.com/SamtimeNews\nINSTAGRAM: http://instagram.com/samtimenews\n\n-----------------------------------\n\n'Escape the ordinary. Embrace the FUNKY!'\n\n-----------------------------------\n\nFor sponsorship enquiries: samtime@bossmgmtgrp.com\nFor other business enquiries: business@funkytime.tv\nCopyright FUNKY TIME PRODUCTIONS 2023", "link": "https://www.youtube.com/watch?v=10ORPWnBCoU", "date_published": "2023-09-18T17:00:01+00:00", "bookmarked": false, "dead": null, "artist": "SAMTIME", "album": "SAMTIME", "user": null, "language": "en-US", "thumbnail": "https://i2.ytimg.com/vi/10ORPWnBCoU/hqdefault.jpg"}]