[{"source": "https://www.wired.com/feed/category/business/latest/rss", "title": "The Dark Economics of Russell Brand", "description": "Russell Brand has built a massive following on YouTube and Rumble with conspiracy-laden videos. He says the mainstream is out to get him\u2014but is it all just a grift?", "link": "https://www.wired.com/story/dark-economics-russell-brand/", "date_published": "2023-09-18T20:10:14+00:00", "bookmarked": false, "dead": null, "artist": "Wired business", "album": "Wired business", "user": null, "language": "en-US", "thumbnail": "https://media.wired.com/photos/6508ada75cb15b364e484d15/master/pass/RussellBrand-biz-GettyImages-1201790245-(1).jpg"}, {"source": "https://www.wired.com/feed/category/business/latest/rss", "title": "Explore the Ancient Aztec Capital in This Lifelike 3D Rendering", "description": "We spoke with Thomas Kole, a digital artist who re-created the capital of the Aztec Empire in such detail that it looks like a living metropolis.", "link": "https://www.wired.com/story/explore-tenochtitlan-ancient-aztec-capital-3d-render-thomas-kole/", "date_published": "2023-09-18T17:50:48+00:00", "bookmarked": false, "dead": null, "artist": "Wired business", "album": "Wired business", "user": null, "language": "en-US", "thumbnail": "https://media.wired.com/photos/650390724bb87b36c430aaed/master/pass/living_tele2_qhd.jpg"}, {"source": "https://www.wired.com/feed/category/business/latest/rss", "title": "X Challenger Pebble Thinks AI-Generated Posts Can Help Lure Users Away From Elon Musk", "description": "To encourage conversation, Twitter-like platform Pebble\u2014formerly T2\u2014now suggests AI-generated updates for users to edit or post. It's also opening sign-ups to anyone with an account on X.", "link": "https://www.wired.com/story/x-challenger-pebble-thinks-ai-generated-posts-can-lure-users-elon-musk/", "date_published": "2023-09-18T13:00:00+00:00", "bookmarked": false, "dead": null, "artist": "Wired business", "album": "Wired business", "user": null, "language": "en-US", "thumbnail": "https://media.wired.com/photos/6504fb249f091db21b6d0605/master/pass/T2-Is-Now-Pebble-Business-1485187033.jpg"}, {"source": "https://www.wired.com/feed/category/business/latest/rss", "title": "Pay Transparency Is Sweeping Across the US", "description": "New York joined a wave of states that require pay transparency in job ads. New data suggests most US postings now include a salary range, but they are sometimes laughably vague.", "link": "https://www.wired.com/story/pay-transparency-is-sweeping-across-us/", "date_published": "2023-09-18T11:00:00+00:00", "bookmarked": false, "dead": null, "artist": "Wired business", "album": "Wired business", "user": null, "language": "en-US", "thumbnail": "https://media.wired.com/photos/6504f4f78c12014b5947ebf6/master/pass/Pay-Transparency-Law-New-York-Business-1395723758.jpg"}]