[{"source": "http://wiadomosci.gazeta.pl/pub/rss/wiadomosci_kraj.htm", "title": "Dzia\u0142aczki KO potr\u0105cone przez 73-latka. \"Cz\u0142owiek z zaci\u015bni\u0119tymi z\u0119bami i widoczn\u0105 agresj\u0105\"", "description": "<img align=\"left\" hspace=\"4\" src=\"https://bi.im-g.pl/im/3d/cd/1c/z30203709M,Incydent-w-Wegrowie.jpg\" vspace=\"2\" />Kandydatka w wyborach do Sejmu Marzena Cendrowska i towarzysz\u0105ca jej dzia\u0142aczka KO Ma\u0142gorzata D\u0105browska zosta\u0142y potr\u0105cone przez 73-letniego m\u0119\u017cczyzn\u0119 podczas festynu w W\u0119growie. Dzia\u0142aczki s\u0105 przekonane, \u017ce incydent mia\u0142 pod\u0142o\u017ce polityczne. Policja na ten moment tego nie potwierdza.", "link": "https://wiadomosci.gazeta.pl/wiadomosci/7,114883,30203638,dzialaczki-ko-potracone-przez-73-latka-czlowiek-z-zacisnietymi.html?utm_source=RSS&utm_medium=RSS&utm_campaign=10663636", "date_published": "2023-09-18T19:08:00+00:00", "bookmarked": false, "dead": null, "artist": "wiadomo\u015bci.gazeta.pl", "album": "wiadomo\u015bci.gazeta.pl", "user": null, "language": "pl-PL", "thumbnail": null}, {"source": "http://wiadomosci.gazeta.pl/pub/rss/wiadomosci_kraj.htm", "title": "\u015aledczy wzywaj\u0105 pacjentki ginekolo\u017cki na przes\u0142uchania. \"Pytaj\u0105, czy przepisywa\u0142a jakie\u015b tabletki\"", "description": "<img align=\"left\" hspace=\"4\" src=\"https://bi.im-g.pl/im/e0/9d/1c/z30007008M,Dr-Maria-Kubisa.jpg\" vspace=\"2\" />Kolejna pacjentka dr Marii Kubisy, ginekolo\u017cki ze Szczecina, zosta\u0142a wezwana na przes\u0142uchanie - informuje TVN24. 9 stycznia 2023 roku CBA i Prokuratura Regionalna w Szczecinie zabezpieczy\u0142a w jej gabinecie 30-letni\u0105 dokumentacj\u0119 medyczn\u0105, zabrano jej telefon i kalendarz.", "link": "https://wiadomosci.gazeta.pl/wiadomosci/7,114883,30203541,sledczy-wzywaja-pacjentki-ginekolozki-na-przesluchania-pytaja.html?utm_source=RSS&utm_medium=RSS&utm_campaign=10663636", "date_published": "2023-09-18T18:42:00+00:00", "bookmarked": false, "dead": null, "artist": "wiadomo\u015bci.gazeta.pl", "album": "wiadomo\u015bci.gazeta.pl", "user": null, "language": "pl-PL", "thumbnail": null}, {"source": "http://wiadomosci.gazeta.pl/pub/rss/wiadomosci_kraj.htm", "title": "Gniezno. Potr\u0105ci\u0142 swoje 15-miesi\u0119czne dziecko. Rzeczniczka policji: Mia\u0142 ponad dwa promile alkoholu", "description": "<img align=\"left\" hspace=\"4\" src=\"https://bi.im-g.pl/im/84/cd/1c/z30203524M,Do-potracenia-15-miesiecznego-dziecka-doszlo-w-Gni.jpg\" vspace=\"2\" />W Gnie\u017anie mia\u0142o miejsce niebezpieczne zdarzenie z udzia\u0142em 15-miesi\u0119cznego dziecka. Podczas przeparkowywania samochodu dziewczynka zosta\u0142a potr\u0105cona przez swojego ojca. - Badanie wykaza\u0142o, \u017ce w chwili zdarzenia ojciec dziecka mia\u0142 ponad dwa promile alkoholu - przekaza\u0142a rzeczniczka gnie\u017anie\u0144skiej policji.", "link": "https://wiadomosci.gazeta.pl/wiadomosci/7,114883,30203488,gniezno-potracil-swoje-15-miesieczne-dziecko-rzeczniczka-policji.html?utm_source=RSS&utm_medium=RSS&utm_campaign=10663636", "date_published": "2023-09-18T18:27:00+00:00", "bookmarked": false, "dead": null, "artist": "wiadomo\u015bci.gazeta.pl", "album": "wiadomo\u015bci.gazeta.pl", "user": null, "language": "pl-PL", "thumbnail": null}, {"source": "http://wiadomosci.gazeta.pl/pub/rss/wiadomosci_kraj.htm", "title": "Zagin\u0119\u0142a 23-letnia Aneta Szubryt. Policja prosi o pomoc", "description": "<img align=\"left\" hspace=\"4\" src=\"https://bi.im-g.pl/im/65/cd/1c/z30203237M,Aneta-Szubryt.jpg\" vspace=\"2\" />Wroc\u0142awscy policjanci poszukuj\u0105 23-letniej Anety Szubryt. Kobieta zagin\u0119\u0142a w czwartek, do tej pory nie skontaktowa\u0142a si\u0119 z bliskimi. Funkcjonariusze opublikowali zdj\u0119cia 23-latki.", "link": "https://wiadomosci.gazeta.pl/wiadomosci/7,114883,30203195,zaginela-23-letnia-aneta-szubryt-policja-prosi-o-pomoc.html?utm_source=RSS&utm_medium=RSS&utm_campaign=10663636", "date_published": "2023-09-18T15:24:00+00:00", "bookmarked": false, "dead": null, "artist": "wiadomo\u015bci.gazeta.pl", "album": "wiadomo\u015bci.gazeta.pl", "user": null, "language": "pl-PL", "thumbnail": null}, {"source": "http://wiadomosci.gazeta.pl/pub/rss/wiadomosci_kraj.htm", "title": "Wojciech Mann za\u017cartowa\u0142 z funkcji Kurskiego w Banku \u015awiatowym. Oberwa\u0142o si\u0119 te\u017c Glapi\u0144skiemu", "description": "<img align=\"left\" hspace=\"4\" src=\"https://bi.im-g.pl/im/a1/cd/1c/z30203041M,Wojciech-Mann.jpg\" vspace=\"2\" />Wojciech Mann skrytykowa\u0142 w \u017cartobliwym tonie funkcj\u0119 Jacka Kurskiego w Banku \u015awiatowym. By\u0142y prezes zarz\u0105du TVP obj\u0105\u0142 intratne stanowisko po tym, jak jego kandydatura zosta\u0142a zg\u0142oszona przez Adama Glapi\u0144skiego. W swoim wpisie dziennikarz za\u017cartowa\u0142, \u017ce sam posiada kompetencje zbli\u017cone do Kurskiego i zapyta\u0142 ironicznie prezesa NBP, czy ten nie znalaz\u0142by dla niego podobnej posady.", "link": "https://wiadomosci.gazeta.pl/wiadomosci/7,114883,30202813,wojciech-mann-zazartowal-z-funkcji-kurskiego-w-banku-swiatowym.html?utm_source=RSS&utm_medium=RSS&utm_campaign=10663636", "date_published": "2023-09-18T15:11:00+00:00", "bookmarked": false, "dead": null, "artist": "wiadomo\u015bci.gazeta.pl", "album": "wiadomo\u015bci.gazeta.pl", "user": null, "language": "pl-PL", "thumbnail": null}, {"source": "http://wiadomosci.gazeta.pl/pub/rss/wiadomosci_kraj.htm", "title": "Jak wysz\u0142a na jaw zbrodnia w Czernikach? Kto\u015b podejrza\u0142 SMS-y c\u00f3rki i ojca. \"I co robi?\". \"Ci\u0105gle ryczy\"", "description": "<img align=\"left\" hspace=\"4\" src=\"https://bi.im-g.pl/im/97/cd/1c/z30202519M,Czerniki--Dom--w-ktorym-odnaleziono-zwloki-trojga-.jpg\" vspace=\"2\" />W sprawie tragicznej zbrodni we wsi Czerniki prokuratura prowadzi \u015bledztwo. 54-letni Piotr G. oraz jego 20-letnia c\u00f3rka Paulina przebywaj\u0105 w areszcie. Maj\u0105 postawione zarzuty kazirodztwa oraz morderstwa tr\u00f3jki noworodk\u00f3w. Sprawa mog\u0142aby nigdy nie wyj\u015b\u0107 na jaw, gdyby nie SMS-y, kt\u00f3re podejrza\u0142a jedna z kobiet pracuj\u0105cych w cukierni z Paulin\u0105 G.", "link": "https://wiadomosci.gazeta.pl/wiadomosci/7,114883,30202180,jak-wyszla-na-jaw-zbrodnia-w-czernikach-ktos-podejrzal-sms-y.html?utm_source=RSS&utm_medium=RSS&utm_campaign=10663636", "date_published": "2023-09-18T14:08:00+00:00", "bookmarked": false, "dead": null, "artist": "wiadomo\u015bci.gazeta.pl", "album": "wiadomo\u015bci.gazeta.pl", "user": null, "language": "pl-PL", "thumbnail": null}, {"source": "http://wiadomosci.gazeta.pl/pub/rss/wiadomosci_kraj.htm", "title": "\"C\u00f3rka traktowa\u0142a go jak Boga\", \"odbiera\u0142 wszystkie porody\". Po zbrodni wie\u015b Czerniki m\u00f3wi o Piotrze G.", "description": "<img align=\"left\" hspace=\"4\" src=\"https://bi.im-g.pl/im/5b/cd/1c/z30201947M,Dom-rodziny-G-.jpg\" vspace=\"2\" />Zbrodnia we wsi Czernik\u00f3w. Wed\u0142ug relacji mieszka\u0144c\u00f3w niemal wszyscy z otoczenia rodziny G. wiedzieli, co dzieje si\u0119 za zamkni\u0119tymi drzwiami jednego z kaszubskich dom\u00f3w. To tam policjanci odnale\u017ali szcz\u0105tki trzech noworodk\u00f3w, kt\u00f3re mieli pozbawi\u0107 \u017cycia 54-letni Piotr G. i jego 20-letnia c\u00f3rka Paulina. Mieli te\u017c dopuszcza\u0107 si\u0119 kazirodztwa. O 20-latce m\u00f3wi si\u0119, \u017ce by\u0142a jedn\u0105 z ofiar, kt\u00f3ra \"mia\u0142a wpojone, \u017ce spanie z ojcem jest normalne\".", "link": "https://wiadomosci.gazeta.pl/wiadomosci/7,114883,30201526,szatan-w-ludzkim-ciele-ktorego-corka-traktowala-jak-boga.html?utm_source=RSS&utm_medium=RSS&utm_campaign=10663636", "date_published": "2023-09-18T13:42:00+00:00", "bookmarked": false, "dead": null, "artist": "wiadomo\u015bci.gazeta.pl", "album": "wiadomo\u015bci.gazeta.pl", "user": null, "language": "pl-PL", "thumbnail": null}, {"source": "http://wiadomosci.gazeta.pl/pub/rss/wiadomosci_kraj.htm", "title": "Strzelanina pod Cz\u0119stochow\u0105. Prokuratura ujawnia nowe fakty", "description": "<img align=\"left\" hspace=\"4\" src=\"https://bi.im-g.pl/im/a6/cc/1c/z30198182M,Strzelanina-pod-Czestochowa--Jedna-z-ofiar-miala-k.jpg\" vspace=\"2\" />Prokuratura w Myszkowie prowadzi \u015bledztwo dotycz\u0105ce sobotniej strzelaniny w Podlesiu pod Cz\u0119stochow\u0105, gdzie zgin\u0119\u0142o dw\u00f3ch m\u0119\u017cczyzn. Okazuje si\u0119, \u017ce 52-latek i 44-latek por\u00f3\u017cnili si\u0119 o kobiet\u0119.", "link": "https://wiadomosci.gazeta.pl/wiadomosci/7,114883,30202696,strzelanina-pod-czestochowa-prokuratura-ujawnia-nowe-fakty.html?utm_source=RSS&utm_medium=RSS&utm_campaign=10663636", "date_published": "2023-09-18T13:42:00+00:00", "bookmarked": false, "dead": null, "artist": "wiadomo\u015bci.gazeta.pl", "album": "wiadomo\u015bci.gazeta.pl", "user": null, "language": "pl-PL", "thumbnail": null}, {"source": "http://wiadomosci.gazeta.pl/pub/rss/wiadomosci_kraj.htm", "title": "Nowe informacje ws. zbrodni w Czernikach. W przesz\u0142o\u015bci s\u0142u\u017cby zajmowa\u0142y si\u0119 Piotrem G.", "description": "<img align=\"left\" hspace=\"4\" src=\"https://bi.im-g.pl/im/5d/cd/1c/z30201949M,Ciala-noworodkow-odnalezione-w-domu-w-Czernikach.jpg\" vspace=\"2\" />- Z danych systemu wynika, \u017ce w przesz\u0142o\u015bci by\u0142o prowadzonych kilka post\u0119powa\u0144 wobec Piotra G. - przekaza\u0142a Onetowi prok. Gra\u017cyna Wawryniuk, rzeczniczka prasowa Prokuratury Okr\u0119gowej w Gda\u0144sku. W domu 54-latka s\u0142u\u017cby znalaz\u0142y zw\u0142oki trzech noworodk\u00f3w. M\u0119\u017cczy\u017anie postawiono pi\u0119\u0107 zarzut\u00f3w dot. zab\u00f3jstwa i kazirodztwa.", "link": "https://wiadomosci.gazeta.pl/wiadomosci/7,114883,30202055,nowe-informacje-ws-zbrodni-w-czernikach-w-przeszlosci-sluzby.html?utm_source=RSS&utm_medium=RSS&utm_campaign=10663636", "date_published": "2023-09-18T12:27:00+00:00", "bookmarked": false, "dead": null, "artist": "wiadomo\u015bci.gazeta.pl", "album": "wiadomo\u015bci.gazeta.pl", "user": null, "language": "pl-PL", "thumbnail": null}, {"source": "http://wiadomosci.gazeta.pl/pub/rss/wiadomosci_kraj.htm", "title": "\u015amier\u0107 Kamila z Cz\u0119stochowy. S\u0105 ustalenia kuratorium i decyzje ws. plac\u00f3wek, w kt\u00f3rych przebywa\u0142", "description": "<img align=\"left\" hspace=\"4\" src=\"https://bi.im-g.pl/im/59/60/1c/z29754969M,13-maja-2023--cmentarz-Kule-w-Czestochowie--Pogrze.jpg\" vspace=\"2\" />\u015al\u0105skie Kuratorium O\u015bwiaty w Katowicach przeprowadzi\u0142o wizytacj\u0119 plac\u00f3wek, w kt\u00f3rych przebywa\u0142 8-letni Kamil z Cz\u0119stochowy, a kt\u00f3re nie odnotowa\u0142y \u017cadnych sygna\u0142\u00f3w, \u017ce ch\u0142opiec jest maltretowany. Wed\u0142ug urz\u0119dnik\u00f3w nie dosz\u0142o do \u017cadnych nieprawid\u0142owo\u015bci. Mimo to przed szko\u0142\u0105, do kt\u00f3rej ucz\u0119szcza\u0142 ch\u0142opiec, odb\u0119dzie si\u0119 kolejny protest.", "link": "https://wiadomosci.gazeta.pl/wiadomosci/7,114883,30201368,smierc-kamila-z-czestochowy-sa-ustalenia-kuratorium-i-decyzje.html?utm_source=RSS&utm_medium=RSS&utm_campaign=10663636", "date_published": "2023-09-18T11:40:00+00:00", "bookmarked": false, "dead": null, "artist": "wiadomo\u015bci.gazeta.pl", "album": "wiadomo\u015bci.gazeta.pl", "user": null, "language": "pl-PL", "thumbnail": null}, {"source": "http://wiadomosci.gazeta.pl/pub/rss/wiadomosci_kraj.htm", "title": "Komenda G\u0142\u00f3wna Policji reaguje na wyciek zdj\u0119\u0107 granatnika. M\u00f3wi o \"sensacji\"", "description": "<img align=\"left\" hspace=\"4\" src=\"https://bi.im-g.pl/im/57/82/1b/z28845911M,Pilne.jpg\" vspace=\"2\" />- Zdj\u0119cia te nie wnosz\u0105 nic nowego, o czym nie by\u0142o mowy wcze\u015bniej i czego nie przekazywano opinii publicznej - powiedzia\u0142 rzecznik Komendanta G\u0142\u00f3wnego Policji. Mariusz Ciarka odni\u00f3s\u0142 si\u0119 w ten spos\u00f3b do opublikowanych przez Krzysztofa Brejz\u0119 zdj\u0119\u0107, kt\u00f3re mia\u0142y zosta\u0107 zrobione po wybuchu granatnika w KGP. - W wypowiedziach pana senatora pad\u0142o wiele nieprawdziwych informacji, aby nada\u0107 sprawie charakter sensacji - doda\u0142 funkcjonariusz.", "link": "https://wiadomosci.gazeta.pl/wiadomosci/7,114883,30201869,komenda-glowna-policji-reaguje-na-wyciek-zdjec-granatnika-mowi.html?utm_source=RSS&utm_medium=RSS&utm_campaign=10663636", "date_published": "2023-09-18T11:32:00+00:00", "bookmarked": false, "dead": null, "artist": "wiadomo\u015bci.gazeta.pl", "album": "wiadomo\u015bci.gazeta.pl", "user": null, "language": "pl-PL", "thumbnail": null}, {"source": "http://wiadomosci.gazeta.pl/pub/rss/wiadomosci_kraj.htm", "title": "Spadek powo\u0142a\u0144. \"Takiej katastrofy jeszcze nie by\u0142o\". Kandydat\u00f3w na ksi\u0119\u017cy odstrasza abp J\u0119draszewski?", "description": "<img align=\"left\" hspace=\"4\" src=\"https://bi.im-g.pl/im/a8/d6/1b/z29188520M,Abp-Marek-Jedraszewski.jpg\" vspace=\"2\" />Rekrutacja do Wy\u017cszego Seminarium Duchownego Archidiecezji Krakowskiej, kt\u00f3ra uchodzi za centrum polskiego \u017cycia religijnego, dobieg\u0142a ko\u0144ca. Do drugiej tury dopuszczono zaledwie kilka os\u00f3b. Nie wiadomo jednak ilu z nich pozytywnie przesz\u0142o egzaminy. - W kurii pop\u0142och, bo takiej katastrofy jeszcze nie by\u0142o - skomentowa\u0142 proboszcz z podkrakowskiej parafii w rozmowie z \"Gazet\u0105 Wyborcz\u0105\".", "link": "https://wiadomosci.gazeta.pl/wiadomosci/7,114883,30200767,spadek-powolan-takiej-katastrofy-jeszcze-nie-bylo-kandydatow.html?utm_source=RSS&utm_medium=RSS&utm_campaign=10663636", "date_published": "2023-09-18T10:32:00+00:00", "bookmarked": false, "dead": null, "artist": "wiadomo\u015bci.gazeta.pl", "album": "wiadomo\u015bci.gazeta.pl", "user": null, "language": "pl-PL", "thumbnail": null}, {"source": "http://wiadomosci.gazeta.pl/pub/rss/wiadomosci_kraj.htm", "title": "Wybuch granatnika w KGP. Brejza pokazuje zdj\u0119cia. \"Najbardziej strze\u017cona tajemnica pa\u0144stwa PiS\"", "description": "<img align=\"left\" hspace=\"4\" src=\"https://bi.im-g.pl/im/64/cd/1c/z30200932M,Wybuch-granatnika-w-KGP--Brejza-pokazuje-zdjecia.jpg\" vspace=\"2\" />Krzysztof Brejza opublikowa\u0142 zdj\u0119cia, kt\u00f3re mia\u0142y zosta\u0107 wykonane po wybuchu granatnika w Komendzie G\u0142\u00f3wnej Policji. \"Ujawniam najbardziej strze\u017con\u0105 tajemnic\u0119 pa\u0144stwa PiS\" - podkre\u015bli\u0142 senator.", "link": "https://wiadomosci.gazeta.pl/wiadomosci/7,114883,30200779,wybuch-granatnika-w-kgp-brejza-pokazuje-zdjecia-najbardziej.html?utm_source=RSS&utm_medium=RSS&utm_campaign=10663636", "date_published": "2023-09-18T09:03:00+00:00", "bookmarked": false, "dead": null, "artist": "wiadomo\u015bci.gazeta.pl", "album": "wiadomo\u015bci.gazeta.pl", "user": null, "language": "pl-PL", "thumbnail": null}, {"source": "http://wiadomosci.gazeta.pl/pub/rss/wiadomosci_kraj.htm", "title": "Gniezno. Pijany ojciec potr\u0105ci\u0142 15-miesi\u0119czn\u0105 c\u00f3rk\u0119. Dziecko zabra\u0142 helikopter LPR", "description": "<img align=\"left\" hspace=\"4\" src=\"https://bi.im-g.pl/im/8a/a8/1c/z30050442M,Raczka-niemowlecia---zdjecie-ilustracyjne.jpg\" vspace=\"2\" />W Gnie\u017anie 15-miesi\u0119czna dziewczynka zosta\u0142a potr\u0105cona przez samoch\u00f3d. Pojazdem kierowa\u0142 jej nietrze\u017awy ojciec. Dziecko zosta\u0142o zabrane do szpitala przez \u015bmig\u0142owiec Lotniczego Pogotowia Ratunkowego.", "link": "https://wiadomosci.gazeta.pl/wiadomosci/7,114883,30200601,gniezno-pijany-ojciec-potracil-15-miesieczna-corke-dziecko.html?utm_source=RSS&utm_medium=RSS&utm_campaign=10663636", "date_published": "2023-09-18T08:59:00+00:00", "bookmarked": false, "dead": null, "artist": "wiadomo\u015bci.gazeta.pl", "album": "wiadomo\u015bci.gazeta.pl", "user": null, "language": "pl-PL", "thumbnail": null}, {"source": "http://wiadomosci.gazeta.pl/pub/rss/wiadomosci_kraj.htm", "title": "Szef NIK Marian Bana\u015b zawiadamia prokuratur\u0119 w zwi\u0105zku dzia\u0142aniami El\u017cbiety Witek", "description": "<img align=\"left\" hspace=\"4\" src=\"https://bi.im-g.pl/im/79/35/1c/z29578105M,WAZNE.jpg\" vspace=\"2\" />Prezes Najwy\u017cszej Izby Kontroli Marian Bana\u015b z\u0142o\u017cy\u0142 w prokuraturze zawiadomienie o mo\u017cliwo\u015bci pope\u0142nienia przest\u0119pstwa przez marsza\u0142kini Sejmu El\u017cbiet\u0119 Witek - poinformowa\u0142o RMF FM. Zdaniem szefa NIK marsza\u0142ek Witek swoimi zaniechaniami doprowadzi\u0142a do pozbawienia Izby mo\u017cliwo\u015bci dzia\u0142ania i podejmowania decyzji.", "link": "https://wiadomosci.gazeta.pl/wiadomosci/7,114883,30200766,szef-nik-marian-banas-zawiadamia-prokurature-w-zwiazku-dzialaniami.html?utm_source=RSS&utm_medium=RSS&utm_campaign=10663636", "date_published": "2023-09-18T08:34:00+00:00", "bookmarked": false, "dead": null, "artist": "wiadomo\u015bci.gazeta.pl", "album": "wiadomo\u015bci.gazeta.pl", "user": null, "language": "pl-PL", "thumbnail": null}, {"source": "http://wiadomosci.gazeta.pl/pub/rss/wiadomosci_kraj.htm", "title": "Jaka b\u0119dzie pogoda na koniec wrze\u015bnia? Czeka nas spore zaskoczenie. Upa\u0142, grad i burze, a to nie koniec", "description": "<img align=\"left\" hspace=\"4\" src=\"https://bi.im-g.pl/im/91/a0/1c/z30016657M,Pogoda--zdjecie-ilustracyjne-.jpg\" vspace=\"2\" />Pogoda w kolejnym tygodniu wrze\u015bnia przywita nas ciep\u0142\u0105, wr\u0119cz upaln\u0105 pogod\u0105. W najbli\u017cszych dniach mo\u017cemy si\u0119 spodziewa\u0107 wysokiej temperatury, jednak wyst\u0105pi\u0105 r\u00f3wnie\u017c gwa\u0142towne burze. Mimo chwilowego och\u0142odzenia ostatnie dni wrze\u015bnia b\u0119d\u0105 ciep\u0142e i s\u0142oneczne.", "link": "https://wiadomosci.gazeta.pl/wiadomosci/7,114883,30200255,jaka-bedzie-pogoda-na-koniec-wrzesnia-czeka-nas-spore-zaskoczenie.html?utm_source=RSS&utm_medium=RSS&utm_campaign=10663636", "date_published": "2023-09-18T07:22:00+00:00", "bookmarked": false, "dead": null, "artist": "wiadomo\u015bci.gazeta.pl", "album": "wiadomo\u015bci.gazeta.pl", "user": null, "language": "pl-PL", "thumbnail": null}]