[{"source": "https://www.gamespot.com/feeds/mashup", "title": "This Very Large And Hard-To-Find Transformers Toy Is Back In Stock", "description": "<p>One of the biggest Transformer toys of all time is making a comeback, and if you missed out on the first run of one of these gargantuan Cybertronian guardians, then here's your chance to <a href=\"https://www.tkqlhce.com/click-100770772-11557364?sid=subid_value&amp;url=https://www.entertainmentearth.com/product/transformers-generations-titans-return-fortress-maximus/hsb6118\">get your hands on Fortress Maximus</a> without having to pay exorbitant aftermarket prices.</p><p>Originally released in the Titans Return line of Transformers action figures, Fortress Maximus lives up to his name. There's big, and then there's Titan-class big. We're not exaggerating when we say that this replica of the living Autobot stronghold is roughly the size of a small child. It stands in at 23.5 inches, which is taller than the average length of a newborn baby. Fortress Maximus costs a lot less than a baby, though.</p><p>After the original run ended, this figure saw a hefty increase in its value by coll", "link": "https://www.gamespot.com/articles/this-very-large-and-hard-to-find-transformers-toy-is-back-in-stock/1100-6517767/?ftag=CAD-01-10abi2f", "date_published": "2023-09-18T21:04:00+00:00", "bookmarked": false, "dead": null, "artist": "GameSpot", "album": "GameSpot", "user": null, "language": "en-US", "thumbnail": null}, {"source": "https://www.gamespot.com/feeds/mashup", "title": "Attack On Titan Anime And Manga Box Sets Are Steeply Discounted At Amazon", "description": "<p>The Attack on Titan anime is finally, <em>finally </em><a href=\"https://www.gamespot.com/articles/epic-conclusion-draws-near-as-attack-on-titans-finale-air-date-seemingly-leaks/1100-6517616/\">coming to an end</a>, drawing the curtain closed on a saga that began as a dark fantasy tale of survival and quickly veered into unexpected territory. If you're looking to revisit the source material manga, then you can grab several box sets of Attack on Titan manga paperbacks for low prices at Amazon. You can also save on Attack on Titan Blu-rays to watch after you read the source material.</p><div><div class=\"norewrite\" title=\"\">           <a href=\"https://www.amazon.com/dp/B09DQ4VVQ3?tag=gamespot-promos-20\">See all Attack on Titan manga</a> </div></div><p> </p><h2>Attack on Titan manga box set deals</h2><figure style=\"width: 1334px;\"><a href=\"https://www.gamespot.com/a/uploads/original/1601/16018044/4193241-attack-on-titan.jpg\"><img alt=\"Attack on Titan\" src=\"https://www.gamespot.com/a/upl", "link": "https://www.gamespot.com/articles/attack-on-titan-anime-and-manga-box-sets-are-steeply-discounted-at-amazon/1100-6517773/?ftag=CAD-01-10abi2f", "date_published": "2023-09-18T20:54:00+00:00", "bookmarked": false, "dead": null, "artist": "GameSpot", "album": "GameSpot", "user": null, "language": "en-US", "thumbnail": null}, {"source": "https://www.gamespot.com/feeds/mashup", "title": "Megan Fox's Mortal Kombat 1 Performance Isn't Going Over Well", "description": "<p dir=\"ltr\">NetherRealm Studios' fighting game <a href=\"https://www.gamespot.com/games/mortal-kombat-1/\">Mortal Kombat 1</a> is currently available to those who <a href=\"https://www.gamespot.com/articles/mortal-kombat-1-preorder-guide/1100-6514329/\">paid a little extra</a>. Since its release, fans have reacted to various details in-game, including <a href=\"https://www.gamespot.com/articles/nitara-confirmed-for-mortal-kombat-1-and-shes-voiced-by-megan-fox/1100-6517526/\">Megan Fox's voice performance as Nitara</a>.</p><p dir=\"ltr\">Fans of the franchise were quick to point out how Fox's performance seemed lackluster compared to the <a href=\"https://www.gamespot.com/gallery/mortal-kombat-1-every-confirmed-character-so-far/2900-4754/\">rest of the cast</a>. If you look up \"Megan Fox Mortal Kombat\" on X (formerly Twitter), you'll see numerous tweets of fans voicing their opinion on her performance. <a href=\"https://twitter.com/MeghanCherry25/status/1703454017198915851?s=20\">One user</a> wr", "link": "https://www.gamespot.com/articles/megan-foxs-mortal-kombat-1-performance-isnt-going-over-well/1100-6517807/?ftag=CAD-01-10abi2f", "date_published": "2023-09-18T20:06:00+00:00", "bookmarked": false, "dead": null, "artist": "GameSpot", "album": "GameSpot", "user": null, "language": "en-US", "thumbnail": null}, {"source": "https://www.gamespot.com/feeds/mashup", "title": "Amazon's Big Deal Days Event Gets The Holiday Savings Season Started Early", "description": "<p>Amazon has <a href=\"https://www.aboutamazon.com/news/retail/amazon-prime-big-deal-days-early-deals\">announced</a> the dates for its next major sales event. Dubbed <a href=\"https://www.amazon.com/primebigdealdays?tag=gamespot-primeday-20\">Prime Big Deal Days</a>, the two-day sale will run October 10-11. The full 48-hour sale will be exclusive to Prime members, though you can probably still expect to see some nice deals to take advantage of without a Prime membership.</p><h2>Prime Big Deal Days sounds like another Prime Day, right?</h2><figure style=\"width: 1000px;\"><a href=\"https://www.gamespot.com/a/uploads/original/1595/15950357/4194122-primedaylogo.png\"><img alt=\"Big Deal Days is a Prime Day sequel\" src=\"https://www.gamespot.com/a/uploads/original/1595/15950357/4194122-primedaylogo.png\" /></a><figcaption>Big Deal Days is a Prime Day sequel</figcaption></figure><p>If you're getting Prime Day vibes here, you're not alone. Last year, Amazon hosted a sale in October called Prime Ear", "link": "https://www.gamespot.com/articles/amazons-big-deal-days-event-gets-the-holiday-savings-season-started-early/1100-6517806/?ftag=CAD-01-10abi2f", "date_published": "2023-09-18T19:12:00+00:00", "bookmarked": false, "dead": null, "artist": "GameSpot", "album": "GameSpot", "user": null, "language": "en-US", "thumbnail": null}, {"source": "https://www.gamespot.com/feeds/mashup", "title": "WoW: Wrath Of The Lich King Classic Gets Noticeably Less \"Classic\" Next Month", "description": "<p><a href=\"https://www.gamespot.com/games/world-of-warcraft/\">World of Warcraft</a>: Wrath of the Lich King Classic's next update is a big one, adding not only the expansion's penultimate raid but also a slew of modern quality-of-life features, including one highly-requested feature Blizzard at one time seemed intent to never add: the Random Dungeon Finder.</p><p dir=\"ltr\">The Fall of the Lich King patch will arrive the week of October 10. The Icecrown Citadel raid, the star of the update, will open on October 12, after which players will be able to confront Arthas himself. The update will also add three additional dungeons--The Forge of Souls, Pit of Saron, and Halls of Reflection--alongside a new difficulty for the game's existing dungeons.</p><div><blockquote align=\"center\" class=\"twitter-tweet\"><p dir=\"ltr\">Fall of the Lich King comes to <a href=\"https://twitter.com/hashtag/WrathClassic?src=hash&amp;ref_src=twsrc^tfw\">#WrathClassic</a> October 10 with new dungeons!<br />\ud83d\udd2e Forge ", "link": "https://www.gamespot.com/articles/wow-wrath-of-the-lich-king-classic-gets-noticeably-less-classic-next-month/1100-6517805/?ftag=CAD-01-10abi2f", "date_published": "2023-09-18T19:04:00+00:00", "bookmarked": false, "dead": null, "artist": "GameSpot", "album": "GameSpot", "user": null, "language": "en-US", "thumbnail": null}, {"source": "https://www.gamespot.com/feeds/mashup", "title": "The Real History of Starfield | Space Exploration", "description": "<img height=\"480\" src=\"https://www.gamespot.com/a/uploads/square_medium/1352/13527689/4193616-realhistory_v0.jpg\" width=\"480\" /> Bethesda's latest major game, Starfield, is finally out. Starfield sees you join Constellation, the last group of space explorers who are trying to discover the purpose of alien artifacts. This is the real history behind Starfield and of space exploration.", "link": "https://www.gamespot.com/videos/the-real-history-of-starfield-space-exploration/2300-6462405/", "date_published": "2023-09-18T19:00:00+00:00", "bookmarked": false, "dead": null, "artist": "GameSpot", "album": "GameSpot", "user": null, "language": "en-US", "thumbnail": null}, {"source": "https://www.gamespot.com/feeds/mashup", "title": "Call Of Duty: MW3 Zombies Teasers Are Emerging, And Here's What We've Learned", "description": "<p dir=\"ltr\">Activision is bringing Treyarch's Zombies storyline to a Modern Warfare game for the first time ever with <a href=\"https://www.gamespot.com/games/call-of-duty-modern-warfare-iii/\">Call of Duty: Modern Warfare 3</a>, and now we have our first teasers for the undead. These new images give a good indication of where the storyline could be going and what the map could look like. Here's what we've learned so far.</p><p dir=\"ltr\">Currently, there's a <a href=\"https://twitter.com/CallofDutyUK/status/1703818445236617510\">Call of Duty promotional campaign</a> happening with WhatsApp, which allows you to text for clues about the upcoming Zombies storyline. The <a href=\"https://twitter.com/CallofDuty/status/1703469171038978385\">first image shared</a> through the promotion shows a phone on a desk with a map and two notebooks. The map image has an area circled in red, which could be teasing the location of this year's Zombies setting. However, the most notable images are the notebook", "link": "https://www.gamespot.com/articles/call-of-duty-mw3-zombies-teasers-are-emerging-and-heres-what-weve-learned/1100-6517804/?ftag=CAD-01-10abi2f", "date_published": "2023-09-18T18:56:00+00:00", "bookmarked": false, "dead": null, "artist": "GameSpot", "album": "GameSpot", "user": null, "language": "en-US", "thumbnail": null}, {"source": "https://www.gamespot.com/feeds/mashup", "title": "Xbox Wanted To Win Players Over By Not Raising Prices To Match PS5, Court Docs Show", "description": "<p>Back in August 2022, Microsoft reacted to Sony raising the price of PlayStation 5 consoles and indicated that it wanted to remain competitive by not doing the same with Xbox Series X|S.</p><p>According to FTC filings and internal emails (first reported by <a href=\"https://www.theverge.com/2023/9/18/23878386/microsoft-sony-ps5-playstation-reaction-price-increase-internal-emails\">The Verge</a>), Xbox CFO Tim Stuart told Phil Spencer and Microsoft CFO Amy Hood that the Xbox team had anticipated PlayStation's decision to <a href=\"https://www.gamespot.com/articles/playstation-5-price-increasing-in-europe-canada-and-more/1100-6506882/\">increase prices</a> of its console. Ami Silverman, former head of consumer sales and marketing, said that Microsoft should be \"gamer-obsessed\" as it has \"not gotten out of the woods...we know this could our time to win fans vs lose being a follower.\" This info comes as part of ongoing disclosure discussions related to <a href=\"https://www.gamespot.com/art", "link": "https://www.gamespot.com/articles/xbox-wanted-to-win-players-over-by-not-raising-prices-to-match-ps5-court-docs-show/1100-6517803/?ftag=CAD-01-10abi2f", "date_published": "2023-09-18T18:11:00+00:00", "bookmarked": false, "dead": null, "artist": "GameSpot", "album": "GameSpot", "user": null, "language": "en-US", "thumbnail": null}, {"source": "https://www.gamespot.com/feeds/mashup", "title": "Pokemon Meals Are Back At McDonald's", "description": "<p>Pokemon cards are back at McDonald's.</p><p>On September 18, the official Pokemon account tweeted \"pika pika\" with a picture of the Pikachu-themed Happy Meal box with \"it's back\" underneath it. Many commenters confirmed that their local McDonald's already started selling the packs. At the very least, there are enough locations that customers have already started posting their Pokemon cards on social media.</p><div><blockquote align=\"center\" class=\"twitter-tweet\"><p dir=\"ltr\">pika pika <a href=\"https://t.co/89ckh6mkP2\">pic.twitter.com/89ckh6mkP2</a></p>  \u2014 McDonald's (@McDonalds) <a href=\"https://twitter.com/McDonalds/status/1703786929114816631?ref_src=twsrc^tfw\">September 18, 2023</a></blockquote>              </div><p><a href=\"https://www.pokebeach.com/2023/09/mcdonalds-pokemon-tcg-promotion-starts-in-the-united-states-next-week\">Pokebeach</a>, a trusted source of Pokemon leaks, reported on the latest batch of cards after they already appeared in European countries and before the", "link": "https://www.gamespot.com/articles/pokemon-meals-are-back-at-mcdonalds/1100-6517808/?ftag=CAD-01-10abi2f", "date_published": "2023-09-18T17:53:00+00:00", "bookmarked": false, "dead": null, "artist": "GameSpot", "album": "GameSpot", "user": null, "language": "en-US", "thumbnail": null}, {"source": "https://www.gamespot.com/feeds/mashup", "title": "Star Wars Jedi: Survivor Discounted To Best Price Yet", "description": "<p>It has been a year of non-stop high-profile releases, and if you're looking to grab one of the biggest games of the year before October's blockbuster season begins, then check out this deal on Star Wars Jedi: Survivor. A direct sequel to 2019's Star Wars Jedi: Fallen Order, <a href=\"https://click.linksynergy.com/deeplink?id=VZfI20jEa0c&amp;mid=24348&amp;u1=subid_value&amp;murl=https://www.gamestop.com/video-games/products/star-wars-jedi-survivor---playstation-5/357738.html\">Survivor for PS5 and Xbox Series X is currently on sale for just <strong>$40</strong> at GameStop</a>. These are brand-new physical copies as well, allowing you to once again wield the lightsaber and Force powers of Cal Kestis at a $30 discount. <a href=\"https://www.amazon.com/Star-Wars-Jedi-Survivor-PlayStation-5/dp/B0BP5KV13Q?tag=gamespot-promos-20\">Amazon</a> was matching this deal but is currently sold out of copies for both platforms.</p><div class=\"norewrite\" title=\"\">           <a href=\"https://click.lin", "link": "https://www.gamespot.com/articles/star-wars-jedi-survivor-discounted-to-best-price-yet/1100-6517802/?ftag=CAD-01-10abi2f", "date_published": "2023-09-18T17:49:00+00:00", "bookmarked": false, "dead": null, "artist": "GameSpot", "album": "GameSpot", "user": null, "language": "en-US", "thumbnail": null}, {"source": "https://www.gamespot.com/feeds/mashup", "title": "Final Fantasy 7 Rebirth Is Spicing Up Its Combat With New Synergy Attacks", "description": "<p>Final Fantasy VII Rebirth has a <a href=\"https://www.gamespot.com/articles/final-fantasy-7-rebirth-release-date-announced/1100-6517755/\">February 2024 release date locked and loaded for PS5</a>, and after its last trailer during the September State of Play livestream showcased a ton of new information, publisher Square Enix has begun revealing a few more details. For anyone returning to the game, which takes place after 2020's Final Fantasy VII Remake, combat will largely remain the same.</p><p>Square Enix confirmed that Final Fantasy VII Rebirth will have both its real-time and tactical modes intact, allowing players to hammer away at enemies with the square button, execute special attacks with the triangle button, and slow down the passage of time by entering the command menu to activate more powerful attacks and support skills.</p><p>One interesting addition to this system are synergy moves, abilities that can be used once a special gauge has been charged up, similarly to how L", "link": "https://www.gamespot.com/articles/final-fantasy-7-rebirth-is-spicing-up-its-combat-with-new-synergy-attacks/1100-6517801/?ftag=CAD-01-10abi2f", "date_published": "2023-09-18T17:44:00+00:00", "bookmarked": false, "dead": null, "artist": "GameSpot", "album": "GameSpot", "user": null, "language": "en-US", "thumbnail": null}, {"source": "https://www.gamespot.com/feeds/mashup", "title": "Lies Of P Is Available Now On Xbox Game Pass", "description": "<p dir=\"ltr\">The 2023 release calendar rolls on, though today's launch is coming a little earlier than expected. Lies Of P--the Pinocchio-themed Soulslike action game from Neowiz Games and Round 8 Studios--is now available on Xbox Game Pass.</p><p dir=\"ltr\">Xbox vice president of games marketing Aaron Greenberg made the announcement via X, where he posted a picture of the game with the message, \"Surprise! Lies Of P is available to play now on Xbox Game Pass!\" The game was scheduled to launch tomorrow, September 19, as a day one addition to the subscription service.</p><div><blockquote align=\"center\" class=\"twitter-tweet\"><p dir=\"ltr\">Surprise: <a href=\"https://twitter.com/Liesofp?ref_src=twsrc^tfw\">@Liesofp</a> is available to play now on <a href=\"https://twitter.com/hashtag/GamePass?src=hash&amp;ref_src=twsrc^tfw\">#GamePass</a>! \ud83d\udc9a\ud83d\ude45\ud83c\udffc\u200d\u2642\ufe0f\ud83c\udfae <a href=\"https://t.co/MdUxhfm7Ng\">https://t.co/MdUxhfm7Ng</a> <a href=\"https://t.co/oDJczBoIwA\">pic.twitter.com/oDJczBoIwA</a></p>  \u2014 Aaron Greenber", "link": "https://www.gamespot.com/articles/lies-of-p-is-available-now-on-xbox-game-pass/1100-6517799/?ftag=CAD-01-10abi2f", "date_published": "2023-09-18T17:05:00+00:00", "bookmarked": false, "dead": null, "artist": "GameSpot", "album": "GameSpot", "user": null, "language": "en-US", "thumbnail": null}, {"source": "https://www.gamespot.com/feeds/mashup", "title": "Mortal Kombat 1 On Switch Seems To Look Worse Than MK11, And Fans Aren't Happy", "description": "<p><a href=\"https://www.gamespot.com/games/mortal-kombat-1/\">Mortal Kombat 1</a> is available now in early access and out on September 19 for everyone else, including on Nintendo Switch. Unfortunately for those who have already purchased the Switch version, it's now clear that NetherRealm's fighter looks very, very different on Nintendo's hardware than it does on PlayStation 5, Xbox Series X|S, or PC.</p><p dir=\"ltr\">This, of course, is expected on some level. The Switch is not nearly as powerful as a modern gaming PC or current generation consoles. However, fans can't get over just how different the same game looks running on two very different types of machines. Despite the major reduction in visual quality, the Switch version costs $70, just as it does on other platforms. Even more confusing, Mortal Kombat 1 on Switch also looks to be a downgrade from the Switch version of Mortal Kombat 11, which released in 2019.</p><div><blockquote cite=\"https://www.tiktok.com/@johniibo/video/72", "link": "https://www.gamespot.com/articles/mortal-kombat-1-on-switch-looks-worse-than-mk11-and-fans-arent-happy/1100-6517800/?ftag=CAD-01-10abi2f", "date_published": "2023-09-18T17:03:00+00:00", "bookmarked": false, "dead": null, "artist": "GameSpot", "album": "GameSpot", "user": null, "language": "en-US", "thumbnail": null}, {"source": "https://www.gamespot.com/feeds/mashup", "title": "Payday 3 Everything To Know", "description": "<img height=\"480\" src=\"https://www.gamespot.com/a/uploads/square_medium/1574/15746725/4193977-etk_payday3_site.jpg\" width=\"480\" /> Payday 3 evolves its formula with a revamped Skills and progression system, new special enemy types, and more. Here is everything you need to know about Payday 3.", "link": "https://www.gamespot.com/videos/payday-3-everything-to-know/2300-6462409/", "date_published": "2023-09-18T16:30:00+00:00", "bookmarked": false, "dead": null, "artist": "GameSpot", "album": "GameSpot", "user": null, "language": "en-US", "thumbnail": null}, {"source": "https://www.gamespot.com/feeds/mashup", "title": "Loki Season 2 Release Date Moved Up A Day On Disney Plus", "description": "<p>Disney+'s Loki series introduced several new variables to the MCU including the TVA, the notion that Infinity Stones are paperweights, and helped usher in the Kang Dynasty. At the end of Ant-Man and Wasp: Quantumania, we saw Loki (Tom Hiddleston) and Mobius (Owen Wilson) witness Victory Timely, a Kang variant (Jonathan Majors), use his advanced tech to wow a crowd in what appears to be the late 1800s.</p><p>It's been two years since Loki debuted on the streaming service, and it's about to return a day earlier. Initially scheduled for October 6, Loki Season 2 will premiere on October 5. It might not seem like much, but it's a pattern that Disney+ has been doing recently. It'll be interesting to see if they follow suit with other shows in the pipeline.</p><div><blockquote align=\"center\" class=\"twitter-tweet\"><p dir=\"ltr\">Hey y'all! Check this out!<br />Marvel Studios\u2019 <a href=\"https://twitter.com/hashtag/Loki?src=hash&amp;ref_src=twsrc^tfw\">#Loki</a> Season 2, an Original series, is", "link": "https://www.gamespot.com/articles/loki-season-2-release-date-moved-up-a-day-on-disney-plus/1100-6517798/?ftag=CAD-01-10abi2f", "date_published": "2023-09-18T15:51:00+00:00", "bookmarked": false, "dead": null, "artist": "GameSpot", "album": "GameSpot", "user": null, "language": "en-US", "thumbnail": null}, {"source": "https://www.gamespot.com/feeds/mashup", "title": "PSA: Marvel's Avengers Is Just $4 Before Its Imminent Digital Delisting", "description": "<p>Time is up for Marvel's Avengers as it'll be digitally discontinued after September 30. While the end is near for the Marvel live-service game, you can grab a copy of its definitive edition right now from the digital storefronts that host it, for as little as $4. That's roughly the wholesale price of the purple pants that can barely contain the gamma-irradiated thighs of the Incredible Hulk after a slight flex.</p><p>For that price, you're getting a substantial amount of content, as well as a pretty great single-player campaign mode. Essentially a story mode that chronicles the rise of Miss Marvel while giving ample time for Marvel heavy-hitters like Iron Man, Captain America, Black Widow, and the Hulk to shine, the Avengers campaign is a fun romp across big set-piece moments in which you clobber your way through the robotic hordes, mercenaries, and rogue scientists on the Advanced Idea Mechanics payroll.</p><p>\"Avengers feels like two separate games smashed together, and while th", "link": "https://www.gamespot.com/articles/psa-marvels-avengers-is-just-4-before-its-imminent-digital-delisting/1100-6517797/?ftag=CAD-01-10abi2f", "date_published": "2023-09-18T15:39:00+00:00", "bookmarked": false, "dead": null, "artist": "GameSpot", "album": "GameSpot", "user": null, "language": "en-US", "thumbnail": null}, {"source": "https://www.gamespot.com/feeds/mashup", "title": "A Real Bear Invades Disney World, Prompting Ride Closures", "description": "<p>A real-life wild bear has found its way into Walt Disney World in Florida. According to multiple reports from the park, a bear has been spotted near Big Thunder Mountain Railroad in Frontierland, prompting closures of multiple areas of the iconic theme park.</p><p>Due to the bear, Disney has temporarily closed Jungle Cruise, Pirates of the Caribbean, Haunted Mansion, Big Thunder Mountain Railroad, and other attractions, according to <a href=\"https://ew.com/amusement-parks/wild-bear-magic-kingdom-disney-world-ride-closures/?utm_campaign=entertainmentweekly_entertainmentweekly&amp;utm_content=new&amp;utm_medium=social&amp;utm_source=twitter.com&amp;utm_term=65086b9aa1f91400018f32b9\">Entertainment Weekly</a>.</p><p><a href=\"https://www.wdwmagic.com/attractions/magic-kingdom/news/18sep2023-bear-in-a-tree-at-walt-disney-world-closes-more-than-10-walt-disney-world-rides-and-attractions-.htm\">WDW Magic reported</a> that the bear was spotted in a tree, while <a href=\"https://mickeyviews.c", "link": "https://www.gamespot.com/articles/a-real-bear-invades-disney-world-prompting-ride-closures/1100-6517796/?ftag=CAD-01-10abi2f", "date_published": "2023-09-18T15:33:00+00:00", "bookmarked": false, "dead": null, "artist": "GameSpot", "album": "GameSpot", "user": null, "language": "en-US", "thumbnail": null}, {"source": "https://www.gamespot.com/feeds/mashup", "title": "A Real Bear Invades Disney World, Prompting Ride Closures Before Capture", "description": "<p><strong>[UPDATE 2]</strong> Video footage of what looks to be the bear being captured has emerged. The bear is reportedly being relocated to its natural habitat outside of Disney World in the Ocala National Forest.</p><div>          </div><div><blockquote align=\"center\" class=\"twitter-tweet\"><p dir=\"ltr\">NEW: The FWC safely captured the adult, female bear spotted in a tree earlier today at Magic Kingdom Park. The bear was captured in a backstage area northeast of the Rivers of America. <a href=\"https://t.co/mxXYCvYOHm\">pic.twitter.com/mxXYCvYOHm</a></p>  \u2014 Scott Gustin (@ScottGustin) <a href=\"https://twitter.com/ScottGustin/status/1703842482138599561?ref_src=twsrc^tfw\">September 18, 2023</a></blockquote>              </div><p> </p><p><strong>[UPDATE]</strong> Disney said it worked in partnership with the Florida Fish &amp; Wildlife Conservation Commission to capture and relocate the bear in Frontierland.</p><a href=\"https://www.gamespot.com/articles/a-real-bear-invades-disney-worl", "link": "https://www.gamespot.com/articles/a-real-bear-invades-disney-world-prompting-ride-closures-before-capture/1100-6517796/?ftag=CAD-01-10abi2f", "date_published": "2023-09-18T15:33:00+00:00", "bookmarked": false, "dead": null, "artist": "GameSpot", "album": "GameSpot", "user": null, "language": "en-US", "thumbnail": null}, {"source": "https://www.gamespot.com/feeds/mashup", "title": "Payday 3 Drops Denuvo DRM A Week Before Release", "description": "<p>Just a week before its release, Payday 3 developer Starbreeze announced that it has removed the anti-piracy software Denuvo from the PC version of <a href=\"https://www.gamespot.com/articles/payday-3-release-date-gameplay-and-everything-we-know/1100-6514367/\">Payday 3</a>.</p><p>\"Hello heisters, we want to inform you that Denuvo is no longer in PAYDAY 3,\" said Starbreeze global brand director Almir Listo in a <a href=\"https://store.steampowered.com/news/app/1272080/view/6137899136643752175?l=english\">Steam update</a>. \"We look forward to seeing you in New York City! Happy heisting!\"</p><p>It's unclear why Starbreeze decided to remove Denuvo so early, especially since the game isn't available to the wider public until September 21. Those who purchased the Silver and Gold Editions of the game can play the game now as they received the early access perk. Denuvo is an anti-piracy software that has attracted a less-than-stellar reputation, though we don't know if that played a role in t", "link": "https://www.gamespot.com/articles/payday-3-drops-denuvo-drm-a-week-before-release/1100-6517795/?ftag=CAD-01-10abi2f", "date_published": "2023-09-18T15:12:00+00:00", "bookmarked": false, "dead": null, "artist": "GameSpot", "album": "GameSpot", "user": null, "language": "en-US", "thumbnail": null}, {"source": "https://www.gamespot.com/feeds/mashup", "title": "Elder Scrolls 6 Not Coming To PS5 And Won't Release Until 2026 At The Soonest, Microsoft Says", "description": "<p>Documents from Microsoft's legal case with the FTC have emerged online, and one key slide shows that Microsoft has no plans to bring The Elder Scrolls VI to PlayStation.</p><p>A page from the proceedings obtained by Stephen Totilo shows a breakdown of games and supported platforms, with The Elder Scrolls VI listing as being in development for Xbox and PC--but not PlayStation. The document also shows that The Elder Scrolls VI will be released in 2026 at the soonest and that it will not have multiplayer support.</p><p><a href=\"https://twitter.com/stephentotilo/status/1703758480509661480\">Another document recently made available</a> shows that Microsoft informed the FTC in September 2022 that The Elder Scrolls VI \"may be released only on Xbox and PC.\"</p><a href=\"https://www.gamespot.com/articles/elder-scrolls-6-not-coming-to-ps5-and-wont-release-until-2026-at-the-soonest-microsoft-says/1100-6517794/?ftag=CAD-01-10abi2f/\">Continue Reading at GameSpot</a>", "link": "https://www.gamespot.com/articles/elder-scrolls-6-not-coming-to-ps5-and-wont-release-until-2026-at-the-soonest-microsoft-says/1100-6517794/?ftag=CAD-01-10abi2f", "date_published": "2023-09-18T15:07:00+00:00", "bookmarked": false, "dead": null, "artist": "GameSpot", "album": "GameSpot", "user": null, "language": "en-US", "thumbnail": null}, {"source": "https://www.gamespot.com/feeds/mashup", "title": "Cyberpunk 2077: Phantom Liberty Everything To Know", "description": "<img height=\"480\" src=\"https://www.gamespot.com/a/uploads/square_medium/1574/15746725/4193305-etk_cyberpunkphantomliberty_site.jpg\" width=\"480\" /> We\u2019re on the cusp of Phantom Liberty, the one-and-only expansion planned for Cyberpunk 2077, and it promises to introduce some sweeping changes and a spy-thriller story starring Idris Elba to the game. Here\u2019s everything you need to know about.", "link": "https://www.gamespot.com/videos/cyberpunk-2077-phantom-liberty-everything-to-know/2300-6462401/", "date_published": "2023-09-18T15:00:00+00:00", "bookmarked": false, "dead": null, "artist": "GameSpot", "album": "GameSpot", "user": null, "language": "en-US", "thumbnail": null}, {"source": "https://www.gamespot.com/feeds/mashup", "title": "Oppenheimer Is Now The Highest-Grossing Biopic Ever", "description": "<p dir=\"ltr\">The creation of the atomic bomb has proven to be more popular than one of the greatest rock bands at the box office. Oppenheimer has made more money worldwide than Bohemian Rhapsody, meaning it's now the highest-grossing biopic ever.</p><p dir=\"ltr\"><a href=\"https://www.thewrap.com/oppenheimer-bohemian-rhapsody-biopic-box-office-record-christopher-nolan/\">The Wrap</a> reports Oppenheimer has earned over $912 million globally after its ninth weekend in theaters, in which the film hauled in another $12 million. That pushed Oppenheimer ahead of Bohemian Rhapsody, about Freddie Mercury, which previously held the biopic record with $902 million. <a href=\"https://www.gamespot.com/articles/oppenheimers-imax-run-officially-extended/1100-6516414/\">Oppenheimer's IMAX run</a> has definitely played a significant role, as The Wrap notes it's made $179 million off those screens.</p><p dir=\"ltr\">This isn't the first headline-worthy box office milestone for Oppenheimer, either. The movi", "link": "https://www.gamespot.com/articles/oppenheimer-is-now-the-highest-grossing-biopic-ever/1100-6517792/?ftag=CAD-01-10abi2f", "date_published": "2023-09-18T14:56:00+00:00", "bookmarked": false, "dead": null, "artist": "GameSpot", "album": "GameSpot", "user": null, "language": "en-US", "thumbnail": null}, {"source": "https://www.gamespot.com/feeds/mashup", "title": "25% Of Starfield Players On Xbox Haven't Even Seen The Stars Yet", "description": "<p>It's no secret that <a href=\"https://www.gamespot.com/games/starfield/\">Starfield</a> is <a href=\"https://www.gamespot.com/articles/starfield-includes-over-1000-explorable-planets-base-building-and-ship-combat/1100-6504521/\">a very large game</a>. Bethesda's first new IP in 25 years has no shortage of things to do, with over 1,000 planets for players to explore, countless spaceship battles to engage in (or run from), multiple <a href=\"https://www.gamespot.com/videos/how-to-build-and-utilize-outposts-in-starfield/2300-6462364/\">outposts to build</a>, loads of resources to mine, various aliens to study (or fight), four companion <a href=\"https://www.gamespot.com/articles/starfield-companions-romance-guide/1100-6517305/\">characters to romance</a>, a seemingly endless amount of <a href=\"https://www.gamespot.com/articles/starfield-players-have-discovered-a-loot-distributing-mud-puddle/1100-6517703/\">gear to steal</a>, sell, or modify, and loads of other in-depth features (like <a href=", "link": "https://www.gamespot.com/articles/25-of-starfield-players-on-xbox-havent-even-seen-the-stars-yet/1100-6517791/?ftag=CAD-01-10abi2f", "date_published": "2023-09-18T14:42:00+00:00", "bookmarked": false, "dead": null, "artist": "GameSpot", "album": "GameSpot", "user": null, "language": "en-US", "thumbnail": null}, {"source": "https://www.gamespot.com/feeds/mashup", "title": "NBA 2K24 Build List - Best Builds For MyPlayer", "description": "<p><a href=\"https://www.gamespot.com/games/nba-2k24/\">NBA 2K24</a> gives you plenty of freedom when it comes to creating your player for MyCareer mode, but with all those options, where do you start? We\u2019ve got the answer to that question with this list of builds. We\u2019re here to show you some of the <strong>best MyPlayer builds</strong> for each position in the next-gen version of NBA 2K24.</p><h2 dir=\"ltr\">NBA Templates</h2><figure style=\"width: 1920px;\"><a href=\"https://www.gamespot.com/a/uploads/original/1775/17752664/4193479-nba-2k24-myplayer-lamelo-template.jpg\"><img alt=\"LaMelo Ball is one of 10 templates for Point Guard MyPlayer builds.\" src=\"https://www.gamespot.com/a/uploads/scale_super/1775/17752664/4193479-nba-2k24-myplayer-lamelo-template.jpg\" /></a><figcaption>LaMelo Ball is one of 10 templates for Point Guard MyPlayer builds.</figcaption></figure><p dir=\"ltr\">This year, 2K has decided to give you a little more guidance when it comes to modeling your build after specific N", "link": "https://www.gamespot.com/articles/nba-2k24-build-list-best-builds-for-myplayer/1100-6517781/?ftag=CAD-01-10abi2f", "date_published": "2023-09-18T14:18:00+00:00", "bookmarked": false, "dead": null, "artist": "GameSpot", "album": "GameSpot", "user": null, "language": "en-US", "thumbnail": null}, {"source": "https://www.gamespot.com/feeds/mashup", "title": "Asus ROG Ally Base Model Has Arrived, Only Costs $600", "description": "<div class=\"norewrite\" title=\"6514021 - Asus ROG Ally Announcement\">    <div class=\"buylink__container\">                                                                                                                                                                                               <div class=\"buylink__item\">                  <div class=\"buylink__image-container clickable\">                                            <img alt=\"\" class=\"buylink__image\" src=\"https://www.gamespot.com/a/uploads/square_avatar/1595/15950357/4136717-asusrogallymodule.jpeg\" />                                 <a href=\"https://shop-links.co/1820028407127445674?u1=subid_value\"></a>                              </div>                   <div class=\"buylink__text\">                      <p class=\"buylink__title text-bold\">                        <a href=\"https://shop-links.co/1820028407127445674?u1=subid_value\">Asus ROG Ally (Z1)</a>           </p>                                                       <p", "link": "https://www.gamespot.com/articles/asus-rog-ally-base-model-has-arrived-only-costs-600/1100-6517783/?ftag=CAD-01-10abi2f", "date_published": "2023-09-18T14:12:00+00:00", "bookmarked": false, "dead": null, "artist": "GameSpot", "album": "GameSpot", "user": null, "language": "en-US", "thumbnail": null}, {"source": "https://www.gamespot.com/feeds/mashup", "title": "Activision Reportedly Believes Switch 2 Might Be Similar In Power To PS4/Xbox One, But Nothing Is Certain Yet", "description": "<p>According to newly obtained emails from <a href=\"https://www.theverge.com/2023/9/18/23878412/nintendo-switch-2-activision-briefing-next-gen-switch\">The Verge</a>, Activision executives met with Nintendo executives in December 2022 to discuss the next Nintendo console.</p><p>Activision's Chris Schnakenberg said in an email that the new Nintendo platform--referred to as \"NG Switch\"--could be similar in technical proficiency to the PS4 and Xbox One. Schnakenberg said, \"It would be helpful to secure early access to development hardware prototypes and prove that out nice and early.\"</p><p>Activision Blizzard CEO Bobby Kotick is reported to have met with Nintendo president Shuntaro Furukawa on December 15, 2022.</p><a href=\"https://www.gamespot.com/articles/activision-reportedly-believes-switch-2-might-be-similar-in-power-to-ps4-xbox-one-but-nothing-is-certain-yet/1100-6517790/?ftag=CAD-01-10abi2f/\">Continue Reading at GameSpot</a>", "link": "https://www.gamespot.com/articles/activision-reportedly-believes-switch-2-might-be-similar-in-power-to-ps4-xbox-one-but-nothing-is-certain-yet/1100-6517790/?ftag=CAD-01-10abi2f", "date_published": "2023-09-18T13:54:00+00:00", "bookmarked": false, "dead": null, "artist": "GameSpot", "album": "GameSpot", "user": null, "language": "en-US", "thumbnail": null}, {"source": "https://www.gamespot.com/feeds/mashup", "title": "Preorders For Samsung's 57-Inch Gaming Monitor Come With A $500 Gift Card", "description": "<p dir=\"ltr\">Samsung's new 57-inch Odyssey Neo G9 gaming monitor is now available to preorder at <a href=\"https://shop-links.co/1820040041779627585?u1=subid_value\">Best Buy</a> and <a href=\"https://shop-links.co/1819786939619501890?u1=subid_value\">Samsung</a> ahead of its October 2 release date. The new gaming monitor is unsurprisingly pricey at $2,500, but both retailers are offering a pretty awesome preorder bonus. All orders placed between September 18 and October 1 come with a free $500 gift card to the retailer you ordered from. </p><div><div class=\"norewrite\" title=\"\">           <a href=\"https://shop-links.co/1820040041779627585?u1=subid_value\">Preorder at Best Buy</a> </div></div><p dir=\"ltr\"> </p><div><div class=\"norewrite\" title=\"\">           <a href=\"https://shop-links.co/1819786939619501890?u1=subid_value\">Preorder at Samsung</a> </div></div><p dir=\"ltr\"> </p><a href=\"https://www.gamespot.com/articles/preorders-for-samsungs-57-inch-gaming-monitor-come-with-a-500-gift-card/", "link": "https://www.gamespot.com/articles/preorders-for-samsungs-57-inch-gaming-monitor-come-with-a-500-gift-card/1100-6517777/?ftag=CAD-01-10abi2f", "date_published": "2023-09-18T13:47:00+00:00", "bookmarked": false, "dead": null, "artist": "GameSpot", "album": "GameSpot", "user": null, "language": "en-US", "thumbnail": null}, {"source": "https://www.gamespot.com/feeds/mashup", "title": "Rockstar Celebrates GTA 5's 10th Anniversary, But Fans Didn't Get A GTA 6 Reveal", "description": "<p><a href=\"https://www.gamespot.com/games/grand-theft-auto-v/\">Grand Theft Auto V</a> celebrated its 10th anniversary on Sunday, September 17, and Rockstar Games marked the milestone with a thank-you message to fans for their support over the past decade. Rockstar did not, however, say or tease anything about the <a href=\"https://www.gamespot.com/articles/grand-theft-auto-6-everything-we-know/1100-6503729/\">next GTA game</a>. There was no good reason to believe this would happen, but fans nonetheless thought it might.</p><p>As for the anniversary statement, Rockstar said, \"We would like to thank you, our players, for your incredible support over the years. This amazing community is the reason GTAV has thrived across multiple console generations and given us the opportunity to grow and update GTA Online with new features and content over these past 10 years, and your support is truly humbling.\"</p><p>Rockstar added: \"A massive thank you to anyone who has ever played, streamed, rolepl", "link": "https://www.gamespot.com/articles/rockstar-celebrates-gta-5s-10th-anniversary-but-fans-didnt-get-a-gta-6-reveal/1100-6517787/?ftag=CAD-01-10abi2f", "date_published": "2023-09-18T13:44:00+00:00", "bookmarked": false, "dead": null, "artist": "GameSpot", "album": "GameSpot", "user": null, "language": "en-US", "thumbnail": null}, {"source": "https://www.gamespot.com/feeds/mashup", "title": "Unity Promises Vague \"Changes To The Policy\" Of Charging Devs For Installs", "description": "<p dir=\"ltr\">After near-universal backlash, Unity appears to be backtracking on a newly announced policy to charge developers a game installation fee after meeting certain thresholds. However, no specifics were detailed by the game engine company yet.</p><p dir=\"ltr\"><a href=\"https://twitter.com/unity/status/1703547752205218265?s=46&amp;t=MrJW3f_PeR5cyTxU-Rl9cA\">On Twitter/X</a>, Unity issued a statement about the new policy after <a href=\"https://www.gamespot.com/articles/game-developers-are-frustrated-with-unitys-new-predatory-business-model/1100-6517689/\">game developers openly derided the proposal</a>, including the teams behind Cult of the Lamb and Among Us. \"We have heard you,\" Unity said. \"We apologize for the confusion and angst the runtime fee policy we announced on Tuesday caused. We are listening, talking to our team members, community, customers, and partners, and will be making changes to the policy. We will share an update in a couple of days.\"</p><div><blockquote align", "link": "https://www.gamespot.com/articles/unity-promises-vague-changes-to-the-policy-of-charging-devs-for-installs/1100-6517788/?ftag=CAD-01-10abi2f", "date_published": "2023-09-18T13:27:00+00:00", "bookmarked": false, "dead": null, "artist": "GameSpot", "album": "GameSpot", "user": null, "language": "en-US", "thumbnail": null}, {"source": "https://www.gamespot.com/feeds/mashup", "title": "Ubisoft Montreal Staff Are Angry After Allegedly Reversing Remote Work Policy - Report", "description": "<p>A new report claims that Ubisoft Montreal has mandated that its employees return to office work, despite earlier promises that most roles could remain entirely work-from-home. Many workers responded with concern or outrage at the new policy.</p><p>The report comes from <a href=\"https://www.ign.com/articles/ubisoft-montreal-in-turmoil-amid-what-developers-are-calling-broken-promises\">IGN</a> and is based on Ubisoft's internal postings and documents, as well as interviews with anonymous employees. According to the report, Ubisoft promised in internal documents that \"100% remote work will be possible depending on various criteria, such as productivity and impact on the team, as well as the nature of the work being done.\" Many employees accepted jobs with Ubisoft or made major life decisions, like buying a home, on the basis that they could continue to work from home as long as they held their position at the company.</p><p>Beginning on September 11, this policy changed. All employees", "link": "https://www.gamespot.com/articles/ubisoft-montreal-staff-are-angry-after-allegedly-reversing-remote-work-policy-report/1100-6517778/?ftag=CAD-01-10abi2f", "date_published": "2023-09-18T13:23:00+00:00", "bookmarked": false, "dead": null, "artist": "GameSpot", "album": "GameSpot", "user": null, "language": "en-US", "thumbnail": null}, {"source": "https://www.gamespot.com/feeds/mashup", "title": "Destiny 2 Just Had Its Most Busted Weekend Ever, But Fixes Are Rolling Out", "description": "<p>Anyone playing Destiny 2 over the last couple of days has likely run into what is arguably the biggest bug in the existence of the game, as players ran wild with game-breaking weapons. In a nutshell, Destiny 2 players discovered that they could craft custom legendary weapons with Exotic perks that they weren't meant to have. Imagine auto rifles delivering long-range shotgun damage or overpowered SMGs and you have the perfect recipe for a weekend that was dubbed Laser Tag 2.0, a reference to the <a href=\"https://www.gamespot.com/articles/broken-destiny-2-weapon-prometheus-lens-is-wreakin/1100-6455419/\">infamous launch of Prometheus Lens</a>.</p><p>This made for a fun experience in PvE as players were wrecking their way through high-level strikes and raids, and absolute hell in PvP as other players began to demolish the competition. With Trials of Osiris offering the sought-after Igneous Hammer and the Grandmaster Nightfall giving out extra rewards upon completion, these activities ", "link": "https://www.gamespot.com/articles/destiny-2-just-had-its-most-busted-weekend-ever-but-fixes-are-rolling-out/1100-6517786/?ftag=CAD-01-10abi2f", "date_published": "2023-09-18T13:15:00+00:00", "bookmarked": false, "dead": null, "artist": "GameSpot", "album": "GameSpot", "user": null, "language": "en-US", "thumbnail": null}]