[{"source": "https://feeds.a.dj.com/rss/RSSWorldNews.xml", "title": "Corrections & Amplifications", "description": "Corrections &amp; Amplifications for the edition of Sept. 19, 2023", "link": "https://www.wsj.com/articles/corrections-amplifications-f3210eae", "date_published": "2023-09-18T22:55:00+00:00", "bookmarked": false, "dead": null, "artist": "The Wall Street Journal", "album": "The Wall Street Journal", "user": null, "language": "en-US", "thumbnail": null}, {"source": "https://feeds.a.dj.com/rss/RSSWorldNews.xml", "title": "Another Day, Another Huge Off-Market Sale for Aspen's High-End Home Market", "description": "Interior designer Holly Hunt has sold her roughly 13,000-square-foot home about a mile from city limits for $70 million", "link": "https://www.wsj.com/articles/another-day-another-huge-off-market-sale-for-aspens-high-end-home-market-72f05c91", "date_published": "2023-09-18T22:45:00+00:00", "bookmarked": false, "dead": null, "artist": "The Wall Street Journal", "album": "The Wall Street Journal", "user": null, "language": "en-US", "thumbnail": null}, {"source": "https://feeds.a.dj.com/rss/RSSWorldNews.xml", "title": "New Chapter 11 Bankruptcy Filings -- Week Ending Sept. 17, 2023", "description": "A list of some new chapter 11 bankruptcy filings made during the last week.", "link": "https://www.wsj.com/articles/new-chapter-11-bankruptcy-filings-week-ending-sept-17-2023-45cfec1d", "date_published": "2023-09-18T22:43:00+00:00", "bookmarked": false, "dead": null, "artist": "The Wall Street Journal", "album": "The Wall Street Journal", "user": null, "language": "en-US", "thumbnail": null}, {"source": "https://feeds.a.dj.com/rss/RSSWorldNews.xml", "title": "Instacart Prices IPO at $30 a Share, at Top End of Expectations", "description": "The grocery-delivery company is valued at nearly $10 billion ahead of its long-anticipated public-trading debut Tuesday.", "link": "https://www.wsj.com/articles/instacart-prices-ipo-at-30-a-share-at-top-end-of-expectations-a33bb62c", "date_published": "2023-09-18T22:34:00+00:00", "bookmarked": false, "dead": null, "artist": "The Wall Street Journal", "album": "The Wall Street Journal", "user": null, "language": "en-US", "thumbnail": null}, {"source": "https://feeds.a.dj.com/rss/RSSWorldNews.xml", "title": "Michigan State Moves to Fire Mel Tucker Amid Harassment Probe", "description": "The football coach had been suspended after public revelation of a complaint against him from an activist hired by the university to provide education on sexual misconduct.", "link": "https://www.wsj.com/articles/mel-tucker-michigan-state-firing-sexual-harassment-9183c9af", "date_published": "2023-09-18T22:21:00+00:00", "bookmarked": false, "dead": null, "artist": "The Wall Street Journal", "album": "The Wall Street Journal", "user": null, "language": "en-US", "thumbnail": null}, {"source": "https://feeds.a.dj.com/rss/RSSWorldNews.xml", "title": "How J.M. Smucker Cracked the Return-to-Office Code", "description": "The maker of Jif peanut butter and Smucker jam created a plan that employees actually like.", "link": "https://www.wsj.com/articles/how-j-m-smucker-cracked-the-return-to-office-code-421802fc", "date_published": "2023-09-18T22:20:00+00:00", "bookmarked": false, "dead": null, "artist": "The Wall Street Journal", "album": "The Wall Street Journal", "user": null, "language": "en-US", "thumbnail": null}, {"source": "https://feeds.a.dj.com/rss/RSSWorldNews.xml", "title": "Australia Shares Set to Edge Lower", "description": "Australian shares look set to edge lower at the open as investors wait on further clarity over interest-rate decisions at home and in the U.S.", "link": "https://www.wsj.com/articles/australia-shares-set-to-edge-lower-ef32b512", "date_published": "2023-09-18T22:18:00+00:00", "bookmarked": false, "dead": null, "artist": "The Wall Street Journal", "album": "The Wall Street Journal", "user": null, "language": "en-US", "thumbnail": null}, {"source": "https://feeds.a.dj.com/rss/RSSWorldNews.xml", "title": "Biden, Trump and Cognitive Testing", "description": "A President in office until age 86, or 82? There\u2019s no test for this except the voters.", "link": "https://www.wsj.com/articles/president-cognitive-test-nikki-haley-joe-biden-donald-trump-5954930f", "date_published": "2023-09-18T22:15:00+00:00", "bookmarked": false, "dead": null, "artist": "The Wall Street Journal", "album": "The Wall Street Journal", "user": null, "language": "en-US", "thumbnail": null}, {"source": "https://feeds.a.dj.com/rss/RSSWorldNews.xml", "title": "What About the Next American Hostages?", "description": "After paying $6 billion to Iran, how will Biden prevent future ransom grabs?", "link": "https://www.wsj.com/articles/iran-american-hostages-ransom-biden-administration-antony-blinken-f8473327", "date_published": "2023-09-18T22:15:00+00:00", "bookmarked": false, "dead": null, "artist": "The Wall Street Journal", "album": "The Wall Street Journal", "user": null, "language": "en-US", "thumbnail": null}, {"source": "https://feeds.a.dj.com/rss/RSSWorldNews.xml", "title": "Shawn Fain's Economic Reality Test", "description": "Non-union Tesla has a huge cost advantage over Detroit\u2019s Big Three owing to the United Auto Workers.", "link": "https://www.wsj.com/articles/uaw-strike-shawn-fain-ford-gm-stellantis-tesla-80eeb202", "date_published": "2023-09-18T22:14:00+00:00", "bookmarked": false, "dead": null, "artist": "The Wall Street Journal", "album": "The Wall Street Journal", "user": null, "language": "en-US", "thumbnail": null}, {"source": "https://feeds.a.dj.com/rss/RSSWorldNews.xml", "title": "Netanyahu Makes a Move to the Middle", "description": "He looks to compromise again on judicial reform. Democracy in action.", "link": "https://www.wsj.com/articles/benjamin-netanyahu-elon-musk-israel-judicial-reform-supreme-court-160ba906", "date_published": "2023-09-18T22:13:00+00:00", "bookmarked": false, "dead": null, "artist": "The Wall Street Journal", "album": "The Wall Street Journal", "user": null, "language": "en-US", "thumbnail": null}, {"source": "https://feeds.a.dj.com/rss/RSSWorldNews.xml", "title": "The Oslo Accords Began Israel's Folly With the Palestinians", "description": "Negotiating with PLO leader Arafat instead of other local leaders has led to intractable conflict.", "link": "https://www.wsj.com/articles/the-oslo-accords-began-israels-folly-with-the-palestinians-plo-conflict-peace-terrorist-36661be1", "date_published": "2023-09-18T22:07:00+00:00", "bookmarked": false, "dead": null, "artist": "The Wall Street Journal", "album": "The Wall Street Journal", "user": null, "language": "en-US", "thumbnail": null}, {"source": "https://feeds.a.dj.com/rss/RSSWorldNews.xml", "title": "Notable &Quotable: Accuracy at Rolling Stone", "description": "\u2018Other than this one key fact that the rape described actually was a fabrication of this woman, the rest of the story was bulletproof.\u2019", "link": "https://www.wsj.com/articles/notable-quotable-accuracy-at-rolling-stone-uva-facts-journalism-37046733", "date_published": "2023-09-18T22:06:00+00:00", "bookmarked": false, "dead": null, "artist": "The Wall Street Journal", "album": "The Wall Street Journal", "user": null, "language": "en-US", "thumbnail": null}, {"source": "https://feeds.a.dj.com/rss/RSSWorldNews.xml", "title": "Donald Trump Owes Pro-Lifers", "description": "Trump made Dobbs possible\u2014but foes of\u00a0abortion made his presidency possible.", "link": "https://www.wsj.com/articles/donald-trump-owes-pro-lifers-meet-the-press-desantis-abortion-6-weeks-3fe8814a", "date_published": "2023-09-18T22:04:00+00:00", "bookmarked": false, "dead": null, "artist": "The Wall Street Journal", "album": "The Wall Street Journal", "user": null, "language": "en-US", "thumbnail": null}, {"source": "https://feeds.a.dj.com/rss/RSSWorldNews.xml", "title": "Climate Policy and World Order", "description": "Greens forget the insight that crude interventions often make things worse.", "link": "https://www.wsj.com/articles/environmentalists-ignore-economic-nature-opec-putin-fossil-fuel-evs-49f14546", "date_published": "2023-09-18T22:03:00+00:00", "bookmarked": false, "dead": null, "artist": "The Wall Street Journal", "album": "The Wall Street Journal", "user": null, "language": "en-US", "thumbnail": null}, {"source": "https://feeds.a.dj.com/rss/RSSWorldNews.xml", "title": "Jimmy Buffett Didn't Need a Music Degree", "description": "Mississippi taxpayers shouldn\u2019t subsidize useless majors.", "link": "https://www.wsj.com/articles/jimmy-buffett-didnt-need-a-music-degree-mississippi-high-skill-degrees-funding-c07925ca", "date_published": "2023-09-18T22:02:00+00:00", "bookmarked": false, "dead": null, "artist": "The Wall Street Journal", "album": "The Wall Street Journal", "user": null, "language": "en-US", "thumbnail": null}, {"source": "https://feeds.a.dj.com/rss/RSSWorldNews.xml", "title": "'The Liberating Arts' Review: The Price of Flourishing", "description": "Does it make more sense to pursue liberal learning in one\u2019s leisure time rather than bother with an expensive four-year degree?", "link": "https://www.wsj.com/articles/the-liberating-arts-review-the-price-of-flourishing-1ff6f872", "date_published": "2023-09-18T22:01:00+00:00", "bookmarked": false, "dead": null, "artist": "The Wall Street Journal", "album": "The Wall Street Journal", "user": null, "language": "en-US", "thumbnail": null}, {"source": "https://feeds.a.dj.com/rss/RSSWorldNews.xml", "title": "'The Land Is Inhospitable and So Are We' by Mitski Review: Americana Independence", "description": "The singer-songwriter\u2019s seventh album marries arrangements rich with strings, horns and pedal steel guitar to her poetic lyrics and meticulous vocal delivery.", "link": "https://www.wsj.com/articles/the-land-is-inhospitable-and-so-are-we-by-mitski-review-americana-independence-b17530ba", "date_published": "2023-09-18T21:52:00+00:00", "bookmarked": false, "dead": null, "artist": "The Wall Street Journal", "album": "The Wall Street Journal", "user": null, "language": "en-US", "thumbnail": null}, {"source": "https://feeds.a.dj.com/rss/RSSWorldNews.xml", "title": "Trudeau Says 'Credible' Allegations Link India to Killing of Canadian Sikh Leader", "description": "The prime minister raised the issue with his Indian counterpart, Narendra Modi, ahead of the G-20 summit.", "link": "https://www.wsj.com/articles/trudeau-says-credible-allegations-link-india-to-killing-of-canadian-sikh-leader-f2e23c6a", "date_published": "2023-09-18T21:28:00+00:00", "bookmarked": false, "dead": null, "artist": "The Wall Street Journal", "album": "The Wall Street Journal", "user": null, "language": "en-US", "thumbnail": null}, {"source": "https://feeds.a.dj.com/rss/RSSWorldNews.xml", "title": "ESG Roundup: Market Talk", "description": "Find insights on the cyberattack against Clorox, Intelbras\u2019s results, Carl Icahn\u2019s stake in Newell Brands, and more in the latest Market Talks covering the ESG sector.", "link": "https://www.wsj.com/articles/esg-roundup-market-talk-a49a33a2", "date_published": "2023-09-18T21:21:00+00:00", "bookmarked": false, "dead": null, "artist": "The Wall Street Journal", "album": "The Wall Street Journal", "user": null, "language": "en-US", "thumbnail": null}, {"source": "https://feeds.a.dj.com/rss/RSSWorldNews.xml", "title": "Bear Temporarily Shuts Down Portions of Disney's Magic Kingdom Park", "description": "A bear sighting at Walt Disney World in Florida caused the closure of numerous rides and portions of the park until it was captured by authorities.", "link": "https://www.wsj.com/articles/bear-temporarily-shuts-down-portions-of-disneys-magic-kingdom-park-974c9359", "date_published": "2023-09-18T20:59:00+00:00", "bookmarked": false, "dead": null, "artist": "The Wall Street Journal", "album": "The Wall Street Journal", "user": null, "language": "en-US", "thumbnail": null}, {"source": "https://feeds.a.dj.com/rss/RSSWorldNews.xml", "title": "Biden's Document Story", "description": "Either the president has been telling another falsehood or the special counsel isn\u2019t doing his job.", "link": "https://www.wsj.com/articles/bidens-document-story-ac8a101a", "date_published": "2023-09-18T20:49:00+00:00", "bookmarked": false, "dead": null, "artist": "The Wall Street Journal", "album": "The Wall Street Journal", "user": null, "language": "en-US", "thumbnail": null}, {"source": "https://feeds.a.dj.com/rss/RSSWorldNews.xml", "title": "Stocks Tick Up in Quiet Session Ahead of Fed Decision", "description": "U.S. stocks inched higher Monday, with technology shares stabilizing after slumping at the end of last week.", "link": "https://www.wsj.com/articles/global-stocks-markets-dow-news-09-18-2023-617540da", "date_published": "2023-09-18T20:19:00+00:00", "bookmarked": false, "dead": null, "artist": "The Wall Street Journal", "album": "The Wall Street Journal", "user": null, "language": "en-US", "thumbnail": null}, {"source": "https://feeds.a.dj.com/rss/RSSWorldNews.xml", "title": "Fashion Designer Phillip Lim Lists Soho Loft for $8.5 Million", "description": "The two-bedroom Manhattan co-op is also available to rent for $45,000 a month.", "link": "https://www.wsj.com/articles/fashion-designer-phillip-lim-lists-soho-loft-for-8-5-million-27a4aa65", "date_published": "2023-09-18T20:00:00+00:00", "bookmarked": false, "dead": null, "artist": "The Wall Street Journal", "album": "The Wall Street Journal", "user": null, "language": "en-US", "thumbnail": null}, {"source": "https://feeds.a.dj.com/rss/RSSWorldNews.xml", "title": "Katy Perry Sells Catalog to Litmus Music", "description": "The deal covers five of the pop star\u2019s albums released for Capitol Records.", "link": "https://www.wsj.com/articles/katy-perry-sells-catalog-to-litmus-music-c3be635f", "date_published": "2023-09-18T19:32:00+00:00", "bookmarked": false, "dead": null, "artist": "The Wall Street Journal", "album": "The Wall Street Journal", "user": null, "language": "en-US", "thumbnail": null}, {"source": "https://feeds.a.dj.com/rss/RSSWorldNews.xml", "title": "Arrr! (Tuesday Crossword, September 19)", "description": "", "link": "https://www.wsj.com/articles/arrr-tuesday-crossword-september-19-bc606fcd", "date_published": "2023-09-18T19:01:00+00:00", "bookmarked": false, "dead": null, "artist": "The Wall Street Journal", "album": "The Wall Street Journal", "user": null, "language": "en-US", "thumbnail": null}, {"source": "https://feeds.a.dj.com/rss/RSSWorldNews.xml", "title": "Israel's Netanyahu, Elon Musk Talk Antisemitism on X", "description": "In a talk largely about artificial intelligence, the Tesla CEO also questioned the Israeli leader on his controversial judicial overhaul.", "link": "https://www.wsj.com/articles/israels-netanyahu-elon-musk-talk-antisemitism-on-x-2c95d069", "date_published": "2023-09-18T18:26:00+00:00", "bookmarked": false, "dead": null, "artist": "The Wall Street Journal", "album": "The Wall Street Journal", "user": null, "language": "en-US", "thumbnail": null}, {"source": "https://feeds.a.dj.com/rss/RSSWorldNews.xml", "title": "Inflation Will Continue Until Morale Improves", "description": "Why aren\u2019t Americans happy with the Biden economy? The answer couldn\u2019t be more obvious.", "link": "https://www.wsj.com/articles/inflation-will-continue-until-morale-improves-consumer-sentiment-economy-f6cb5502", "date_published": "2023-09-18T18:19:00+00:00", "bookmarked": false, "dead": null, "artist": "The Wall Street Journal", "album": "The Wall Street Journal", "user": null, "language": "en-US", "thumbnail": null}, {"source": "https://feeds.a.dj.com/rss/RSSWorldNews.xml", "title": "Planned Parenthood of Wisconsin was set to resume abortion services at two clinics in Milwaukee and Madison after halting services in the state in the wake of the Supreme Court's overturning of Roe v. Wade in June 2022.", "description": "Planned Parenthood of Wisconsin was set to resume abortion services at two clinics in Milwaukee and Madison after halting services in the state in the wake of the Supreme Court\u2019s overturning of Roe v. Wade in June 2022.", "link": "https://www.wsj.com/us-news/law/wisconsin-abortion-clinics-prepare-to-resume-appointments-ed5a753e?st%3D88737e8hxpt2rl3%26mod%3Dgooglenewsfeed", "date_published": "2023-09-18T18:14:00+00:00", "bookmarked": false, "dead": null, "artist": "The Wall Street Journal", "album": "The Wall Street Journal", "user": null, "language": "en-US", "thumbnail": null}, {"source": "https://feeds.a.dj.com/rss/RSSWorldNews.xml", "title": "Texas Attorney General Ken Paxton was acquitted of all charges by the state Senate in an impeachment trial, eliminating grounds for removing him from office.", "description": "Texas Attorney General Ken Paxton was acquitted of all charges by the state Senate in an impeachment trial, eliminating grounds for removing him from office.", "link": "https://www.wsj.com/politics/policy/texas-attorney-general-ken-paxton-avoids-conviction-in-impeachment-trial-e1c74355?st%3Dn0vef18d9vavye3%26mod%3Dgooglenewsfeed", "date_published": "2023-09-18T18:14:00+00:00", "bookmarked": false, "dead": null, "artist": "The Wall Street Journal", "album": "The Wall Street Journal", "user": null, "language": "en-US", "thumbnail": null}, {"source": "https://feeds.a.dj.com/rss/RSSWorldNews.xml", "title": "The CIA Politicizes Intelligence on China and Covid", "description": "A whistleblower says that analysts who favored the lab-leak theory were paid to change positions.", "link": "https://www.wsj.com/articles/the-cia-politicizes-intelligence-on-china-whistleblower-covid-election-interference-trump-f74806c3", "date_published": "2023-09-18T18:12:00+00:00", "bookmarked": false, "dead": null, "artist": "The Wall Street Journal", "album": "The Wall Street Journal", "user": null, "language": "en-US", "thumbnail": null}, {"source": "https://feeds.a.dj.com/rss/RSSWorldNews.xml", "title": "Brazil Central Bank Seen Unanimous on Rate Cut", "description": "", "link": "https://www.wsj.com/articles/brazil-central-bank-seen-unanimous-on-rate-cut-993bae24", "date_published": "2023-09-18T18:11:00+00:00", "bookmarked": false, "dead": null, "artist": "The Wall Street Journal", "album": "The Wall Street Journal", "user": null, "language": "en-US", "thumbnail": null}, {"source": "https://feeds.a.dj.com/rss/RSSWorldNews.xml", "title": "What the Board Needs to Know", "description": "Everything from the week beginning Sept. 18, 2023, that a corporate board director needs to know ahead of a board meeting. This week we look at the attacks against two large casinos and the disruption they caused. Plus: minimizing cyber risks ahead of layoffs; the latest cybersecurity and privacy regulations; and advice for high-profile individuals seeking to secure their online accounts.", "link": "https://www.wsj.com/articles/what-the-board-needs-to-know-1ac97674", "date_published": "2023-09-18T18:03:00+00:00", "bookmarked": false, "dead": null, "artist": "The Wall Street Journal", "album": "The Wall Street Journal", "user": null, "language": "en-US", "thumbnail": null}, {"source": "https://feeds.a.dj.com/rss/RSSWorldNews.xml", "title": "Talks Set to Resume in Detroit Amid Threat of Expanding Strikes", "description": "Wages remain focal point, and investors already are sizing up the potential hits to the automakers\u2019 bottom lines.", "link": "https://www.wsj.com/articles/talks-set-to-resume-in-detroit-amid-threat-of-expanding-strikes-4bfe15eb", "date_published": "2023-09-18T17:23:00+00:00", "bookmarked": false, "dead": null, "artist": "The Wall Street Journal", "album": "The Wall Street Journal", "user": null, "language": "en-US", "thumbnail": null}, {"source": "https://feeds.a.dj.com/rss/RSSWorldNews.xml", "title": "California Companies Defer Billions in Taxes, Interest-Free, as Borrowing Costs Rise", "description": "Thanks to disaster relief offered by the IRS, companies in California have been allowed to put off this year\u2019s federal tax payments until October. It\u2019s helped plump some balance sheets.", "link": "https://www.wsj.com/articles/california-companies-defer-billions-in-taxes-interest-free-as-borrowing-costs-rise-8aea409f", "date_published": "2023-09-18T17:20:00+00:00", "bookmarked": false, "dead": null, "artist": "The Wall Street Journal", "album": "The Wall Street Journal", "user": null, "language": "en-US", "thumbnail": null}, {"source": "https://feeds.a.dj.com/rss/RSSWorldNews.xml", "title": "iOS 17 Is Here. Apple's iPhone Update Improves Calls, Messages, Autocorrect and More.", "description": "Live voicemail, FaceTime messages, new call screens\u2014Apple wants you to reach out and call someone. Also coming: improved autocorrect and custom stickers.", "link": "https://www.wsj.com/articles/ios-17-release-new-features-apple-466fd82b", "date_published": "2023-09-18T17:09:00+00:00", "bookmarked": false, "dead": null, "artist": "The Wall Street Journal", "album": "The Wall Street Journal", "user": null, "language": "en-US", "thumbnail": null}, {"source": "https://feeds.a.dj.com/rss/RSSWorldNews.xml", "title": "iOS 17 Is Here. Finally, an iPhone Update for People Who Still Like Making Calls.", "description": "Live voicemail, FaceTime messages, new call screens\u2014Apple wants you to reach out and call someone. Also coming: improved autocorrect and custom stickers.", "link": "https://www.wsj.com/articles/url-ios-17-release-new-features-apple-466fd82b", "date_published": "2023-09-18T17:09:00+00:00", "bookmarked": false, "dead": null, "artist": "The Wall Street Journal", "album": "The Wall Street Journal", "user": null, "language": "en-US", "thumbnail": null}, {"source": "https://feeds.a.dj.com/rss/RSSWorldNews.xml", "title": "Analysis: Europe's Wind Industry Calls for Support Amid Mounting Struggles, China Competition", "description": "Europe\u2019s wind-power industry hopes that new policy support from the European Union will help it cope with a long list of challenges that include high costs, long permitting processes and rising competition on their home turf from Chinese manufacturers.", "link": "https://www.wsj.com/articles/analysis-europes-wind-industry-calls-for-support-amid-mounting-struggles-china-competition-79c87769", "date_published": "2023-09-18T16:54:00+00:00", "bookmarked": false, "dead": null, "artist": "The Wall Street Journal", "album": "The Wall Street Journal", "user": null, "language": "en-US", "thumbnail": null}, {"source": "https://feeds.a.dj.com/rss/RSSWorldNews.xml", "title": "Martin Sorrell's S4 Capital Lowers Expectations, Citing \"Challenging\" Macro Backdrop", "description": "The company has cut about 500 jobs over the past year, with plans for more cost control \u201cgiven the current market conditions,\u201d it says.", "link": "https://www.wsj.com/articles/martin-sorrells-s4-capital-lowers-expectations-citing-challenging-macro-backdrop-71309c7f", "date_published": "2023-09-18T16:50:00+00:00", "bookmarked": false, "dead": null, "artist": "The Wall Street Journal", "album": "The Wall Street Journal", "user": null, "language": "en-US", "thumbnail": null}, {"source": "https://feeds.a.dj.com/rss/RSSWorldNews.xml", "title": "Health Care Roundup: Market Talk", "description": "Find insights on Lonza\u2019s current CEO, PTC Therapeutics, and more in the latest Market Talks covering the Health Care sector.", "link": "https://www.wsj.com/articles/health-care-roundup-market-talk-5ad35e20", "date_published": "2023-09-18T16:35:00+00:00", "bookmarked": false, "dead": null, "artist": "The Wall Street Journal", "album": "The Wall Street Journal", "user": null, "language": "en-US", "thumbnail": null}, {"source": "https://feeds.a.dj.com/rss/RSSWorldNews.xml", "title": "Basic Materials Roundup: Market Talk", "description": "Gemfields, Posco and more in the latest Market Talks covering the Basic Materials sector.", "link": "https://www.wsj.com/articles/basic-materials-roundup-market-talk-68e53ca2", "date_published": "2023-09-18T16:32:00+00:00", "bookmarked": false, "dead": null, "artist": "The Wall Street Journal", "album": "The Wall Street Journal", "user": null, "language": "en-US", "thumbnail": null}, {"source": "https://feeds.a.dj.com/rss/RSSWorldNews.xml", "title": "Energy & Utilities Roundup: Market Talk", "description": "Find insights on ESAB, Intelbras, Newell Brands, and more in the latest Market Talks covering the Energy and Utilities sectors.", "link": "https://www.wsj.com/articles/energy-utilities-roundup-market-talk-3ebf9b24", "date_published": "2023-09-18T16:29:00+00:00", "bookmarked": false, "dead": null, "artist": "The Wall Street Journal", "album": "The Wall Street Journal", "user": null, "language": "en-US", "thumbnail": null}, {"source": "https://feeds.a.dj.com/rss/RSSWorldNews.xml", "title": "Balmain Items Stolen Days Before Its Paris Show", "description": "The fashion house had more than 50 pieces from its coming collection stolen about a week before its designs were set to be shown in Paris.", "link": "https://www.wsj.com/articles/dozens-of-balmain-items-stolen-days-before-its-paris-fashion-week-show-43a1fd2", "date_published": "2023-09-18T15:15:00+00:00", "bookmarked": false, "dead": null, "artist": "The Wall Street Journal", "album": "The Wall Street Journal", "user": null, "language": "en-US", "thumbnail": null}, {"source": "https://feeds.a.dj.com/rss/RSSWorldNews.xml", "title": "Tencent's Top Shareholder Needs More Companies Like Tencent", "description": "Prosus and Naspers, which made a wildly successful early bet on the Chinese tech giant, unexpectedly replaced their CEO.", "link": "https://www.wsj.com/articles/tencents-top-shareholder-needs-more-companies-like-tencent-828e80f3", "date_published": "2023-09-18T14:45:00+00:00", "bookmarked": false, "dead": null, "artist": "The Wall Street Journal", "album": "The Wall Street Journal", "user": null, "language": "en-US", "thumbnail": null}, {"source": "https://feeds.a.dj.com/rss/RSSWorldNews.xml", "title": "The Founders Understood Educating for Freedom", "description": "We don\u2019t have to choose between no government limits and totalitarian indoctrination.", "link": "https://www.wsj.com/articles/education-college-florida-desantis-madison-jefferson-57f20ac7", "date_published": "2023-09-18T14:45:00+00:00", "bookmarked": false, "dead": null, "artist": "The Wall Street Journal", "album": "The Wall Street Journal", "user": null, "language": "en-US", "thumbnail": null}, {"source": "https://feeds.a.dj.com/rss/RSSWorldNews.xml", "title": "Poland Is the New West Germany in NATO", "description": "Andrew Michta responds to Edward Luttwak.", "link": "https://www.wsj.com/articles/poland-nato-germany-russia-michta-luttwak-694e4698", "date_published": "2023-09-18T14:44:00+00:00", "bookmarked": false, "dead": null, "artist": "The Wall Street Journal", "album": "The Wall Street Journal", "user": null, "language": "en-US", "thumbnail": null}, {"source": "https://feeds.a.dj.com/rss/RSSWorldNews.xml", "title": "New Student-Loan Plan Promises to Lower Payments. Should You Switch to SAVE?", "description": "The SAVE repayment plan might benefit up to 20 million borrowers, the Biden administration estimates.", "link": "https://www.wsj.com/articles/student-loan-save-plan-income-driven-repayment-95b256a7", "date_published": "2023-09-18T14:43:00+00:00", "bookmarked": false, "dead": null, "artist": "The Wall Street Journal", "album": "The Wall Street Journal", "user": null, "language": "en-US", "thumbnail": null}, {"source": "https://feeds.a.dj.com/rss/RSSWorldNews.xml", "title": "What the New College Rankings Leave Out", "description": "\u2018My college didn\u2019t make the WSJ\u2019s top 400, and I\u2019m OK with that.\u2019", "link": "https://www.wsj.com/articles/what-the-wsj-college-rankings-leave-out-c9fe4637", "date_published": "2023-09-18T14:38:00+00:00", "bookmarked": false, "dead": null, "artist": "The Wall Street Journal", "album": "The Wall Street Journal", "user": null, "language": "en-US", "thumbnail": null}, {"source": "https://feeds.a.dj.com/rss/RSSWorldNews.xml", "title": "A First Amendment Victory That Could Threaten the Private Sphere", "description": "Beware the blurring of the distinction between the state and private actors.", "link": "https://www.wsj.com/articles/censorship-big-tech-first-amendment-fifth-circuit-f444521d", "date_published": "2023-09-18T14:36:00+00:00", "bookmarked": false, "dead": null, "artist": "The Wall Street Journal", "album": "The Wall Street Journal", "user": null, "language": "en-US", "thumbnail": null}, {"source": "https://feeds.a.dj.com/rss/RSSWorldNews.xml", "title": "Oil Prices Head Toward Fresh High", "description": "Global benchmark Brent crude isnon track for its highest closing level in almost a year. Most-active futures contracts rose 0.5% on Monday to $94.41 a barrel.", "link": "https://www.wsj.com/articles/oil-prices-head-toward-fresh-high-d5bb9208", "date_published": "2023-09-18T14:30:00+00:00", "bookmarked": false, "dead": null, "artist": "The Wall Street Journal", "album": "The Wall Street Journal", "user": null, "language": "en-US", "thumbnail": null}, {"source": "https://feeds.a.dj.com/rss/RSSWorldNews.xml", "title": "What to Watch at the U.N. General Assembly", "description": "World leaders are gathering in New York this week to take part in the United Nations General Assembly\u2019s \u201chigh-level week,\u201d the year\u2019s biggest conclave of heads of state, government leaders and diplomats.", "link": "https://www.wsj.com/articles/what-to-watch-at-the-u-n-general-assembly-277c959f", "date_published": "2023-09-18T14:30:00+00:00", "bookmarked": false, "dead": null, "artist": "The Wall Street Journal", "album": "The Wall Street Journal", "user": null, "language": "en-US", "thumbnail": null}, {"source": "https://feeds.a.dj.com/rss/RSSWorldNews.xml", "title": "There Was No 'Pandemic Exception' to the Constitution", "description": "Where was the blowback when we needed it?", "link": "https://www.wsj.com/articles/constitution-2a-new-mexico-pandemic-exception-59af8ed4", "date_published": "2023-09-18T14:28:00+00:00", "bookmarked": false, "dead": null, "artist": "The Wall Street Journal", "album": "The Wall Street Journal", "user": null, "language": "en-US", "thumbnail": null}, {"source": "https://feeds.a.dj.com/rss/RSSWorldNews.xml", "title": "The U.S. Colleges Offering the Best Value", "description": "These schools keep costs low and put graduates on pathways to lucrative careers", "link": "https://www.wsj.com/articles/u-s-colleges-offering-the-best-value-40f28a6e", "date_published": "2023-09-18T14:00:00+00:00", "bookmarked": false, "dead": null, "artist": "The Wall Street Journal", "album": "The Wall Street Journal", "user": null, "language": "en-US", "thumbnail": null}, {"source": "https://feeds.a.dj.com/rss/RSSWorldNews.xml", "title": "Search Under Way for F-35 Jet Fighter Missing in South Carolina", "description": "Teams of civilian and military personnel were searching the area around two man-made lakes north of a South Carolina military base for the wreckage of a Marine Corps F-35B jet fighter that went missing Sunday.", "link": "https://www.wsj.com/articles/search-under-way-for-f-35-jet-fighter-missing-in-south-carolina-7a82329b", "date_published": "2023-09-18T13:46:00+00:00", "bookmarked": false, "dead": null, "artist": "The Wall Street Journal", "album": "The Wall Street Journal", "user": null, "language": "en-US", "thumbnail": null}, {"source": "https://feeds.a.dj.com/rss/RSSWorldNews.xml", "title": "Rep. Jennifer Wexton Won't Seek Re-Election", "description": "The Virginia Democrat said her health has been declining after being diagnosed with a rare neurological disease.", "link": "https://www.wsj.com/articles/rep-jennifer-wexton-wont-seek-re-election-following-diagnosis-a861b907", "date_published": "2023-09-18T13:37:00+00:00", "bookmarked": false, "dead": null, "artist": "The Wall Street Journal", "album": "The Wall Street Journal", "user": null, "language": "en-US", "thumbnail": null}, {"source": "https://feeds.a.dj.com/rss/RSSWorldNews.xml", "title": "The Morning Risk Report", "description": "A New York regulator to require higher standards for coin listings and delistings, and a former Wells Fargo executive avoids prison time in fake-accounts scandal. Also, Wall Street is furious over rising fines from SEC.", "link": "https://createsend.com/t/d-DDADBF03AF841CC72540EF23F30FEDED", "date_published": "2023-09-18T13:10:00+00:00", "bookmarked": false, "dead": null, "artist": "The Wall Street Journal", "album": "The Wall Street Journal", "user": null, "language": "en-US", "thumbnail": null}, {"source": "https://feeds.a.dj.com/rss/RSSWorldNews.xml", "title": "Magna Raises Full-Year Ad Forecast Amid Better Economic Outlook", "description": "Retail media is helping drive digital ad growth, but entertainment writers\u2019 strike could further harm an already bruised traditional TV market, forecast says.", "link": "https://www.wsj.com/articles/magna-raises-full-year-ad-forecast-amid-better-economic-outlook-4691d782", "date_published": "2023-09-18T13:00:00+00:00", "bookmarked": false, "dead": null, "artist": "The Wall Street Journal", "album": "The Wall Street Journal", "user": null, "language": "en-US", "thumbnail": null}, {"source": "https://feeds.a.dj.com/rss/RSSWorldNews.xml", "title": "The Fed Isn't Getting the Economy It Expected", "description": "Federal Reserve policy makers\u2019 projections for inflation this year look as if they could be too high, while their GDP projections look too low.", "link": "https://www.wsj.com/articles/the-fed-isnt-getting-the-economy-it-expected-3635b291", "date_published": "2023-09-18T13:00:00+00:00", "bookmarked": false, "dead": null, "artist": "The Wall Street Journal", "album": "The Wall Street Journal", "user": null, "language": "en-US", "thumbnail": null}, {"source": "https://feeds.a.dj.com/rss/RSSWorldNews.xml", "title": "Today's Logistics Report: Warehouse Automation Seeking Signals; Supply Chain Battle on the Farm", "description": "", "link": "https://createsend.com/t/d-991CC1AAE0B042132540EF23F30FEDED", "date_published": "2023-09-18T12:44:00+00:00", "bookmarked": false, "dead": null, "artist": "The Wall Street Journal", "album": "The Wall Street Journal", "user": null, "language": "en-US", "thumbnail": null}, {"source": "https://feeds.a.dj.com/rss/RSSWorldNews.xml", "title": "The Dallas Cowboys Look Terrifying. Just Ask New Yorkers.", "description": "A 30-10 win over the Jets on Sunday followed a shutout of Giants and made the Cowboys the NFL\u2019s most dominant team in the early going after a surprising offseason switch-up.", "link": "https://www.wsj.com/articles/dallas-cowboys-nfl-mike-mccarthy-dak-prescott-86679084", "date_published": "2023-09-18T12:42:00+00:00", "bookmarked": false, "dead": null, "artist": "The Wall Street Journal", "album": "The Wall Street Journal", "user": null, "language": "en-US", "thumbnail": null}, {"source": "https://feeds.a.dj.com/rss/RSSWorldNews.xml", "title": "Decline in Global Trade Extended Into July", "description": "Global trade flows fell 0.4% in July, as rising prices and a series of rate rises by central banks weighed on demand for goods.", "link": "https://www.wsj.com/articles/decline-in-global-trade-extended-into-july-according-to-wsj-indicator-18030527", "date_published": "2023-09-18T12:39:00+00:00", "bookmarked": false, "dead": null, "artist": "The Wall Street Journal", "album": "The Wall Street Journal", "user": null, "language": "en-US", "thumbnail": null}, {"source": "https://feeds.a.dj.com/rss/RSSWorldNews.xml", "title": "Natural Gas Prices Slip, Sticking to Ranges", "description": "Natural gas fell after posting a small weekly gain last week.", "link": "https://www.wsj.com/articles/natural-gas-prices-slip-sticking-to-ranges-f60d640b", "date_published": "2023-09-18T12:36:00+00:00", "bookmarked": false, "dead": null, "artist": "The Wall Street Journal", "album": "The Wall Street Journal", "user": null, "language": "en-US", "thumbnail": null}, {"source": "https://feeds.a.dj.com/rss/RSSWorldNews.xml", "title": "How Alix Earle Gets Ready to Record Her New Podcast, 'Hot Mess'", "description": "The 22-year-old TikTok star talks about working from bed, managing anxiety and what to expect on her show.", "link": "https://www.wsj.com/articles/alix-earle-podcast-hot-mess-347c152a", "date_published": "2023-09-18T12:30:00+00:00", "bookmarked": false, "dead": null, "artist": "The Wall Street Journal", "album": "The Wall Street Journal", "user": null, "language": "en-US", "thumbnail": null}, {"source": "https://feeds.a.dj.com/rss/RSSWorldNews.xml", "title": "Hunter Biden Sues IRS for Alleged Breach of His Privacy", "description": "The president\u2019s son said agents illegally aired concerns to Congress and the media about the handling of an investigation into his taxes and business dealings.", "link": "https://www.wsj.com/articles/hunter-biden-sues-irs-for-alleged-breach-of-his-privacy-a195a9ba", "date_published": "2023-09-18T12:07:00+00:00", "bookmarked": false, "dead": null, "artist": "The Wall Street Journal", "album": "The Wall Street Journal", "user": null, "language": "en-US", "thumbnail": null}, {"source": "https://feeds.a.dj.com/rss/RSSWorldNews.xml", "title": "Government Is Hiring This Year and Boosting Pay", "description": "As many companies slow down hiring, the public sector is adding workers.", "link": "https://www.wsj.com/articles/government-is-hiring-this-year-and-boosting-pay-were-booming-8719a98c", "date_published": "2023-09-18T12:00:00+00:00", "bookmarked": false, "dead": null, "artist": "The Wall Street Journal", "album": "The Wall Street Journal", "user": null, "language": "en-US", "thumbnail": null}, {"source": "https://feeds.a.dj.com/rss/RSSWorldNews.xml", "title": "Meet the Man Who Named Covid's New Variants", "description": "Pirola, Eris, Kraken: T. Ryan Gregory finds inspiration in mythology and the stars.", "link": "https://www.wsj.com/articles/covid-variant-namer-gregory-6e8e9d3d", "date_published": "2023-09-18T12:00:00+00:00", "bookmarked": false, "dead": null, "artist": "The Wall Street Journal", "album": "The Wall Street Journal", "user": null, "language": "en-US", "thumbnail": null}, {"source": "https://feeds.a.dj.com/rss/RSSWorldNews.xml", "title": "Orthodox Jews Are Finally Having Their Pop Culture Moment", "description": "A wave of new shows, music and content are putting the spotlight on religious communities that have long felt misrepresented.", "link": "https://www.wsj.com/articles/orthodox-jews-pop-culture-tv-37c0a1d2", "date_published": "2023-09-18T12:00:00+00:00", "bookmarked": false, "dead": null, "artist": "The Wall Street Journal", "album": "The Wall Street Journal", "user": null, "language": "en-US", "thumbnail": null}, {"source": "https://feeds.a.dj.com/rss/RSSWorldNews.xml", "title": "Tillamook Stewardship Chief Is Still Bullish on ESG", "description": "The head of stewardship at the farmers\u2019 cooperative explains why he is still a backer of the environmental, social and corporate governance movement despite the political backlash.", "link": "https://www.wsj.com/articles/tillamook-stewardship-chief-is-still-bullish-on-esg-c896aed7", "date_published": "2023-09-18T12:00:00+00:00", "bookmarked": false, "dead": null, "artist": "The Wall Street Journal", "album": "The Wall Street Journal", "user": null, "language": "en-US", "thumbnail": null}, {"source": "https://feeds.a.dj.com/rss/RSSWorldNews.xml", "title": "China's Top Diplomat Due in Moscow After Surprise U.S. Talks", "description": "Chinese Foreign Minister Wang Yi\u2019s four-day trip comes on the back of weekend meetings with White House officials in Malta", "link": "https://www.wsj.com/articles/chinas-top-diplomat-due-in-moscow-after-surprise-u-s-talks-69ab9b9f", "date_published": "2023-09-18T11:53:00+00:00", "bookmarked": false, "dead": null, "artist": "The Wall Street Journal", "album": "The Wall Street Journal", "user": null, "language": "en-US", "thumbnail": null}, {"source": "https://feeds.a.dj.com/rss/RSSWorldNews.xml", "title": "China's Moutai Wants to Satisfy All Your Cravings", "description": "The company is diversifying from liquor into chocolates and other goodies. The new offerings might not stick, but its core brand is so valuable that may not matter.", "link": "https://www.wsj.com/articles/chinas-moutai-wants-to-satisfy-all-your-cravings-3abe2a9c", "date_published": "2023-09-18T11:25:00+00:00", "bookmarked": false, "dead": null, "artist": "The Wall Street Journal", "album": "The Wall Street Journal", "user": null, "language": "en-US", "thumbnail": null}, {"source": "https://feeds.a.dj.com/rss/RSSWorldNews.xml", "title": "Clorox Says Cyberattack Is Hurting Product Availability, Will Weigh on Quarter", "description": "The bleach and cleaning-wipe maker said that it believes the cyberattack is now contained but that it caused wide-scale disruption of operations.", "link": "https://www.wsj.com/articles/clorox-says-cyberattack-is-hurting-product-availability-will-weigh-on-quarter-5d146760", "date_published": "2023-09-18T11:00:00+00:00", "bookmarked": false, "dead": null, "artist": "The Wall Street Journal", "album": "The Wall Street Journal", "user": null, "language": "en-US", "thumbnail": null}, {"source": "https://feeds.a.dj.com/rss/RSSWorldNews.xml", "title": "Coach Prime Conquered College Football. Now Comes the Hard Part.", "description": "After a narrow victory over Colorado State, here come Oregon and USC. But Deion Sanders\u2019s goals in Colorado appear to be longer term.", "link": "https://www.wsj.com/articles/coach-prime-colorado-deion-sanders-75bde0cd", "date_published": "2023-09-18T11:00:00+00:00", "bookmarked": false, "dead": null, "artist": "The Wall Street Journal", "album": "The Wall Street Journal", "user": null, "language": "en-US", "thumbnail": null}, {"source": "https://feeds.a.dj.com/rss/RSSWorldNews.xml", "title": "On the Campaign Trail, It's DeSantis and Ramaswamy vs. Harvard and Yale", "description": "The Republican presidential candidates are bashing their alma maters to appeal to voters.", "link": "https://www.wsj.com/articles/on-the-campaign-trail-its-desantis-and-ramaswamy-vs-harvard-and-yale-7ed771d3", "date_published": "2023-09-18T11:00:00+00:00", "bookmarked": false, "dead": null, "artist": "The Wall Street Journal", "album": "The Wall Street Journal", "user": null, "language": "en-US", "thumbnail": null}, {"source": "https://feeds.a.dj.com/rss/RSSWorldNews.xml", "title": "Tesla, Saudi Arabia in Early Talks for EV Factory", "description": "The kingdom is trying to boost foreign investment but has a contentious history with Elon Musk.", "link": "https://www.wsj.com/articles/tesla-saudi-arabia-in-early-talks-for-ev-factory-240cd075", "date_published": "2023-09-18T10:50:00+00:00", "bookmarked": false, "dead": null, "artist": "The Wall Street Journal", "album": "The Wall Street Journal", "user": null, "language": "en-US", "thumbnail": null}, {"source": "https://feeds.a.dj.com/rss/RSSWorldNews.xml", "title": "Investors Keep Putting Money Into Private Credit", "description": "Key flows of money into private-investment vehicles seem to be stabilizing, boosting shares of managers.", "link": "https://www.wsj.com/articles/investors-keep-putting-money-into-private-credit-92298d7", "date_published": "2023-09-18T10:30:00+00:00", "bookmarked": false, "dead": null, "artist": "The Wall Street Journal", "album": "The Wall Street Journal", "user": null, "language": "en-US", "thumbnail": null}, {"source": "https://feeds.a.dj.com/rss/RSSWorldNews.xml", "title": "Iran Says It Plans to Free Five American Prisoners Monday", "description": "The expected release comes against the backdrop of efforts by the Biden administration to revive nuclear talks with Iran.", "link": "https://www.wsj.com/articles/iran-says-it-plans-to-free-five-american-prisoners-monday-80ac526f", "date_published": "2023-09-18T09:43:00+00:00", "bookmarked": false, "dead": null, "artist": "The Wall Street Journal", "album": "The Wall Street Journal", "user": null, "language": "en-US", "thumbnail": null}, {"source": "https://feeds.a.dj.com/rss/RSSWorldNews.xml", "title": "A Soft Landing Could Prove Elusive", "description": "The odds of reducing inflation without a recession have improved, but hazards loom.", "link": "https://www.wsj.com/articles/why-a-soft-landing-could-prove-elusive-3d17e134", "date_published": "2023-09-18T09:30:00+00:00", "bookmarked": false, "dead": null, "artist": "The Wall Street Journal", "album": "The Wall Street Journal", "user": null, "language": "en-US", "thumbnail": null}, {"source": "https://feeds.a.dj.com/rss/RSSWorldNews.xml", "title": "Dragos Raises $74 Million in Series D Extension Round", "description": "The new capital raise brings the industrial cybersecurity company\u2019s total funding to roughly $440 million.", "link": "https://www.wsj.com/articles/dragos-raises-74-million-in-series-d-extension-round-9ba52f87", "date_published": "2023-09-18T09:30:00+00:00", "bookmarked": false, "dead": null, "artist": "The Wall Street Journal", "album": "The Wall Street Journal", "user": null, "language": "en-US", "thumbnail": null}, {"source": "https://feeds.a.dj.com/rss/RSSWorldNews.xml", "title": "New York Regulator to Require Higher Standards for Coin Listings and Delistings", "description": "New York\u2019s financial regulator wants cryptocurrency companies regulated in the state to be more transparent about how they list and delist crypto coins.", "link": "https://www.wsj.com/articles/new-york-regulator-to-require-higher-standards-for-coin-listings-and-delistings-6229ab4e", "date_published": "2023-09-18T09:30:00+00:00", "bookmarked": false, "dead": null, "artist": "The Wall Street Journal", "album": "The Wall Street Journal", "user": null, "language": "en-US", "thumbnail": null}, {"source": "https://feeds.a.dj.com/rss/RSSWorldNews.xml", "title": "Financial Services Roundup: Market Talk", "description": "The latest Market Talks covering Financial Services.", "link": "https://www.wsj.com/articles/financial-services-roundup-market-talk-a9c7bff5", "date_published": "2023-09-18T09:23:00+00:00", "bookmarked": false, "dead": null, "artist": "The Wall Street Journal", "album": "The Wall Street Journal", "user": null, "language": "en-US", "thumbnail": null}, {"source": "https://feeds.a.dj.com/rss/RSSWorldNews.xml", "title": "Auto & Transport Roundup: Market Talk", "description": "The latest Market Talks covering the Auto and Transport sector.", "link": "https://www.wsj.com/articles/auto-transport-roundup-market-talk-c7dbbe22", "date_published": "2023-09-18T09:20:00+00:00", "bookmarked": false, "dead": null, "artist": "The Wall Street Journal", "album": "The Wall Street Journal", "user": null, "language": "en-US", "thumbnail": null}, {"source": "https://feeds.a.dj.com/rss/RSSWorldNews.xml", "title": "Tech, Media & Telecom Roundup: Market Talk", "description": "The latest Market Talks covering Technology, Media and Telecom.", "link": "https://www.wsj.com/articles/tech-media-telecom-roundup-market-talk-17db6f5c", "date_published": "2023-09-18T09:17:00+00:00", "bookmarked": false, "dead": null, "artist": "The Wall Street Journal", "album": "The Wall Street Journal", "user": null, "language": "en-US", "thumbnail": null}, {"source": "https://feeds.a.dj.com/rss/RSSWorldNews.xml", "title": "CEO of Naspers and Prosus Steps Down", "description": "South Africa\u2019s most valuable listed company appoints former SoftBank executive as its interim chief.", "link": "https://www.wsj.com/articles/ceo-of-naspers-and-prosus-steps-down-4b16b424", "date_published": "2023-09-18T08:21:00+00:00", "bookmarked": false, "dead": null, "artist": "The Wall Street Journal", "album": "The Wall Street Journal", "user": null, "language": "en-US", "thumbnail": null}, {"source": "https://feeds.a.dj.com/rss/RSSWorldNews.xml", "title": "Lonza CEO Announces Abrupt Departure", "description": "Lonza\u2019s shares fell almost 7% on news the CEO would depart at the end of September, which RBC described as unexpected and was unlikely to provide the market with confidence heading into next month\u2019s capital-markets day.", "link": "https://www.wsj.com/articles/lonza-ceo-pierre-alain-ruffieux-to-leave-743dd66c", "date_published": "2023-09-18T07:39:00+00:00", "bookmarked": false, "dead": null, "artist": "The Wall Street Journal", "album": "The Wall Street Journal", "user": null, "language": "en-US", "thumbnail": null}, {"source": "https://feeds.a.dj.com/rss/RSSWorldNews.xml", "title": "SocGen Outlines New Strategic Plan", "description": "SocGen has targeted a return on tangible equity of 9%-10% in 2026, and forecast lower average annual revenue growth for the 2022-2026 period, as it aims to streamline its portfolio and reduce oil-and-gas exposure.", "link": "https://www.wsj.com/articles/societe-generale-sees-slower-revenue-growth-through-2026-b673209a", "date_published": "2023-09-18T06:50:00+00:00", "bookmarked": false, "dead": null, "artist": "The Wall Street Journal", "album": "The Wall Street Journal", "user": null, "language": "en-US", "thumbnail": null}, {"source": "https://feeds.a.dj.com/rss/RSSWorldNews.xml", "title": "Limited Issuance Seen Supportive For Finnish Government Bonds", "description": "Very limited supply in Finnish government bonds for the rest of 2023 will be a supportive factor, with their main challenge being that it is a small market with lower liquidity versus large issuers, Danske Bank Research said.", "link": "https://www.wsj.com/articles/limited-issuance-seen-supportive-for-finnish-government-bonds-8c9480bf", "date_published": "2023-09-18T06:15:00+00:00", "bookmarked": false, "dead": null, "artist": "The Wall Street Journal", "album": "The Wall Street Journal", "user": null, "language": "en-US", "thumbnail": null}, {"source": "https://feeds.a.dj.com/rss/RSSWorldNews.xml", "title": "U.K. House Prices Post Modest Monthly Rise", "description": "The average house price in the U.K. rose 0.4% in the month to Sept. 9, amid sluggish activity in the market, with interest-rate rises and summer holidays leading to price reductions not seen since January 2011.", "link": "https://www.wsj.com/articles/uk-house-prices-creep-up-on-month-but-below-the-usual-annual-trend-e2888168", "date_published": "2023-09-18T05:58:00+00:00", "bookmarked": false, "dead": null, "artist": "The Wall Street Journal", "album": "The Wall Street Journal", "user": null, "language": "en-US", "thumbnail": null}, {"source": "https://feeds.a.dj.com/rss/RSSWorldNews.xml", "title": "China Evergrande Shares Dip After Police Detain Some Wealth-Management Unit Staff", "description": "China Evergrande Group\u2019s shares dipped after police in southern China detained some staff at its wealth-management unit, adding to the debt-laden developer\u2019s woes.", "link": "https://www.wsj.com/articles/china-evergrande-shares-dip-after-police-detain-some-wealth-management-unit-staff-816e3858", "date_published": "2023-09-18T04:03:00+00:00", "bookmarked": false, "dead": null, "artist": "The Wall Street Journal", "album": "The Wall Street Journal", "user": null, "language": "en-US", "thumbnail": null}, {"source": "https://feeds.a.dj.com/rss/RSSWorldNews.xml", "title": "A growing expectation that the Fed will keep interest rates higher for longer threatens to stifle the tech-stock rally, potentially dimming the outlook for indexes heavily influenced by the sector.", "description": "A growing expectation that the Fed will keep interest rates higher for longer threatens to stifle the tech-stock rally, potentially dimming the outlook for indexes heavily influenced by the sector.", "link": "https://www.wsj.com/finance/stocks/the-tech-trade-is-showing-cracks-higher-rates-for-longer-spell-more-trouble-313c1a4d", "date_published": "2023-09-18T04:01:00+00:00", "bookmarked": false, "dead": null, "artist": "The Wall Street Journal", "album": "The Wall Street Journal", "user": null, "language": "en-US", "thumbnail": null}, {"source": "https://feeds.a.dj.com/rss/RSSWorldNews.xml", "title": "An Even Bigger Housing Crisis Threatens China's Economy", "description": "Two years after Evergrande\u2019s fall, distressed property giant Country Garden could create bigger problems.", "link": "https://www.wsj.com/articles/china-economy-housing-country-garden-ea0db13f", "date_published": "2023-09-18T04:01:00+00:00", "bookmarked": false, "dead": null, "artist": "The Wall Street Journal", "album": "The Wall Street Journal", "user": null, "language": "en-US", "thumbnail": null}, {"source": "https://feeds.a.dj.com/rss/RSSWorldNews.xml", "title": "Gauging Interest (Monday Crossword, September 18)", "description": "", "link": "https://www.wsj.com/articles/gauging-interest-monday-crossword-september-18-5f730e2b", "date_published": "2023-09-18T04:01:00+00:00", "bookmarked": false, "dead": null, "artist": "The Wall Street Journal", "album": "The Wall Street Journal", "user": null, "language": "en-US", "thumbnail": null}, {"source": "https://feeds.a.dj.com/rss/RSSWorldNews.xml", "title": "What's News: Business & Finance", "description": "What\u2019s News: Business &amp; Finance", "link": "https://www.wsj.com/articles/whats-news-business-finance-6a168d5e", "date_published": "2023-09-18T04:01:00+00:00", "bookmarked": false, "dead": null, "artist": "The Wall Street Journal", "album": "The Wall Street Journal", "user": null, "language": "en-US", "thumbnail": null}, {"source": "https://feeds.a.dj.com/rss/RSSWorldNews.xml", "title": "What's News: World-Wide", "description": "What\u2019s News: World-Wide", "link": "https://www.wsj.com/articles/whats-news-world-wide-640b2f4c", "date_published": "2023-09-18T04:01:00+00:00", "bookmarked": false, "dead": null, "artist": "The Wall Street Journal", "album": "The Wall Street Journal", "user": null, "language": "en-US", "thumbnail": null}, {"source": "https://feeds.a.dj.com/rss/RSSWorldNews.xml", "title": "Pepper...and Salt", "description": "Pepper...and Salt", "link": "https://www.wsj.com/articles/pepper-and-salt-d76dfbb4", "date_published": "2023-09-18T04:00:00+00:00", "bookmarked": false, "dead": null, "artist": "The Wall Street Journal", "album": "The Wall Street Journal", "user": null, "language": "en-US", "thumbnail": null}, {"source": "https://feeds.a.dj.com/rss/RSSWorldNews.xml", "title": "A letter in the Vatican's archives suggests that Pope Pius XII knew about the Nazi death camps as early as 1942, adding another element to the debate over the pontiff's silence on the wartime genocide.", "description": "A letter in the Vatican\u2019s archives suggests that Pope Pius XII knew about the Nazi death camps as early as 1942, adding another element to the debate over the pontiff\u2019s silence on the wartime genocide.", "link": "https://www.wsj.com/world/europe/wartime-pope-pius-xii-knew-about-holocaust-letter-suggests-159856ca", "date_published": "2023-09-18T03:32:00+00:00", "bookmarked": false, "dead": null, "artist": "The Wall Street Journal", "album": "The Wall Street Journal", "user": null, "language": "en-US", "thumbnail": null}, {"source": "https://feeds.a.dj.com/rss/RSSWorldNews.xml", "title": "For Ukrainian soldiers struggling to make headway against entrenched Russian troops, the counteroffensive is taking on a new urgency as summer gives way to shorter days, drenching rain and then snow.", "description": "For Ukrainian soldiers struggling to make headway against entrenched Russian troops, the counteroffensive is taking on a new urgency as summer gives way to shorter days, drenching rain and then snow.", "link": "https://www.wsj.com/world/europe/ukraines-next-battlefield-foe-bad-weather-212a5f94", "date_published": "2023-09-18T03:32:00+00:00", "bookmarked": false, "dead": null, "artist": "The Wall Street Journal", "album": "The Wall Street Journal", "user": null, "language": "en-US", "thumbnail": null}, {"source": "https://feeds.a.dj.com/rss/RSSWorldNews.xml", "title": "New Orleans District Attorney Jason Williams hired a team of people who once tracked international terrorists online to take a 21st-century approach to tackling a surge in violent crime in his jurisdiction.", "description": "New Orleans District Attorney Jason Williams hired a team of people who once tracked international terrorists online to take a 21st-century approach to tackling a surge in violent crime in his jurisdiction.", "link": "https://www.wsj.com/us-news/law/new-orleans-da-fights-terrorism-on-streets-with-ai-spycraft-87f74055", "date_published": "2023-09-18T03:32:00+00:00", "bookmarked": false, "dead": null, "artist": "The Wall Street Journal", "album": "The Wall Street Journal", "user": null, "language": "en-US", "thumbnail": null}, {"source": "https://feeds.a.dj.com/rss/RSSWorldNews.xml", "title": "Two groups of House Republicans put together a short-term funding proposal to prevent a government shutdown and break a party deadlock, though it wasn't clear if the legislation has enough votes to pass the chamber.", "description": "Two groups of House Republicans put together a short-term funding proposal to prevent a government shutdown and break a party deadlock, though it wasn\u2019t clear if the legislation has enough votes to pass the chamber.", "link": "https://www.wsj.com/politics/policy/republican-groups-craft-short-term-bill-to-keep-government-open-da3325e", "date_published": "2023-09-18T03:32:00+00:00", "bookmarked": false, "dead": null, "artist": "The Wall Street Journal", "album": "The Wall Street Journal", "user": null, "language": "en-US", "thumbnail": null}, {"source": "https://feeds.a.dj.com/rss/RSSWorldNews.xml", "title": "Instacart will leave many of its later investors with significant paper losses when it lists in the coming week, a sign of the pain venture capitalists face after years of fast-and-loose spending.", "description": "Instacart will leave many of its later investors with significant paper losses when it lists in the coming week, a sign of the pain venture capitalists face after years of fast-and-loose spending.", "link": "https://www.wsj.com/finance/investing/instacart-ipo-is-an-expensive-lesson-for-venture-firms-af82064", "date_published": "2023-09-18T03:29:00+00:00", "bookmarked": false, "dead": null, "artist": "The Wall Street Journal", "album": "The Wall Street Journal", "user": null, "language": "en-US", "thumbnail": null}, {"source": "https://feeds.a.dj.com/rss/RSSWorldNews.xml", "title": "Production delays caused by the monthslong Hollywood writers and actors strikes mean the coming slate of shows on ABC, NBC, CBS, Fox and the CW will look a lot different from past years.", "description": "Production delays caused by the monthslong Hollywood writers and actors strikes mean the coming slate of shows on ABC, NBC, CBS, Fox and the CW will look a lot different from past years.", "link": "https://www.wsj.com/business/media/how-prime-time-tv-will-look-different-this-fall-63ff818c", "date_published": "2023-09-18T03:29:00+00:00", "bookmarked": false, "dead": null, "artist": "The Wall Street Journal", "album": "The Wall Street Journal", "user": null, "language": "en-US", "thumbnail": null}, {"source": "https://feeds.a.dj.com/rss/RSSWorldNews.xml", "title": "Recent research from academics and consultants puts the success rate of M&A closer to even compared with earlier studies that indicated a majority of deals failed to create value for the buyer.", "description": "Recent research from academics and consultants puts the success rate of M&amp;A closer to even compared with earlier studies that indicated a majority of deals failed to create value for the buyer.", "link": "https://www.wsj.com/business/deals/m-a-can-pay-off-but-its-far-from-a-sure-thing-2c0dd38b", "date_published": "2023-09-18T03:29:00+00:00", "bookmarked": false, "dead": null, "artist": "The Wall Street Journal", "album": "The Wall Street Journal", "user": null, "language": "en-US", "thumbnail": null}, {"source": "https://feeds.a.dj.com/rss/RSSWorldNews.xml", "title": "San Francisco's beleaguered office market, the hardest hit of any in the U.S. since 2020, is beginning to display flickers of life.", "description": "San Francisco\u2019s beleaguered office market, the hardest hit of any in the U.S. since 2020, is beginning to display flickers of life.", "link": "https://www.wsj.com/real-estate/commercial/san-francisco-office-market-shows-signs-of-life-93a95515", "date_published": "2023-09-18T03:29:00+00:00", "bookmarked": false, "dead": null, "artist": "The Wall Street Journal", "album": "The Wall Street Journal", "user": null, "language": "en-US", "thumbnail": null}, {"source": "https://feeds.a.dj.com/rss/RSSWorldNews.xml", "title": "TV host Drew Barrymore, who faced backlash for taping new episodes of her daytime show amid a monthslong writers' strike, said she would pause the show's premiere.", "description": "TV host Drew Barrymore, who faced backlash for taping new episodes of her daytime show amid a monthslong writers\u2019 strike, said she would pause the show\u2019s premiere.", "link": "https://www.wsj.com/business/media/drew-barrymore-halts-new-season-until-writers-strike-is-resolved-e12fe29a", "date_published": "2023-09-18T03:29:00+00:00", "bookmarked": false, "dead": null, "artist": "The Wall Street Journal", "album": "The Wall Street Journal", "user": null, "language": "en-US", "thumbnail": null}, {"source": "https://feeds.a.dj.com/rss/RSSWorldNews.xml", "title": "The restart of student-loan payments could divert up to $100 billion from Americans' pockets over the coming year, leaving consumers squeezed and some of the nation's largest retailers fearing a spending slowdown.", "description": "The restart of student-loan payments could divert up to $100 billion from Americans\u2019 pockets over the coming year, leaving consumers squeezed and some of the nation\u2019s largest retailers fearing a spending slowdown.", "link": "https://www.wsj.com/personal-finance/student-loan-repayment-consumers-economy-2218ca25", "date_published": "2023-09-18T03:29:00+00:00", "bookmarked": false, "dead": null, "artist": "The Wall Street Journal", "album": "The Wall Street Journal", "user": null, "language": "en-US", "thumbnail": null}, {"source": "https://feeds.a.dj.com/rss/RSSWorldNews.xml", "title": "Ukraine Hunts for Cash as Fighting Drains Coffers", "description": "Faced with another year of fighting, finance officials in Kyiv are using a patchwork approach to pay for a planned 50% increase in military spending.", "link": "https://www.wsj.com/articles/ukraine-hunts-for-cash-as-fighting-drains-coffers-a6443e9c", "date_published": "2023-09-18T03:00:00+00:00", "bookmarked": false, "dead": null, "artist": "The Wall Street Journal", "album": "The Wall Street Journal", "user": null, "language": "en-US", "thumbnail": null}, {"source": "https://feeds.a.dj.com/rss/RSSWorldNews.xml", "title": "Ukraine's Hunger for Howitzers Transforms an Arms Industry", "description": "South Korea has become the world\u2019s fastest-growing weapons exporter as Ukraine\u2019s allies seek to quickly replenish their supplies.", "link": "https://www.wsj.com/articles/ukraines-hunger-for-howitzers-transforms-an-arms-industry-a1b907c4", "date_published": "2023-09-18T03:00:00+00:00", "bookmarked": false, "dead": null, "artist": "The Wall Street Journal", "album": "The Wall Street Journal", "user": null, "language": "en-US", "thumbnail": null}, {"source": "https://feeds.a.dj.com/rss/RSSWorldNews.xml", "title": "You Might Be Paying Too Much for That Index Fund", "description": "The push toward zero-cost exchange-traded funds nears the finish line.", "link": "https://www.wsj.com/articles/you-might-be-paying-too-much-for-that-index-fund-a2458f24", "date_published": "2023-09-18T03:00:00+00:00", "bookmarked": false, "dead": null, "artist": "The Wall Street Journal", "album": "The Wall Street Journal", "user": null, "language": "en-US", "thumbnail": null}, {"source": "https://feeds.a.dj.com/rss/RSSWorldNews.xml", "title": "Republican Groups Craft Short-Term Bill to Keep Government Open", "description": "The legislation would cut nondefense spending and boost border security, but it faces headwinds.", "link": "https://www.wsj.com/articles/republican-groups-craft-short-term-bill-to-keep-government-open-da3325e", "date_published": "2023-09-18T02:28:00+00:00", "bookmarked": false, "dead": null, "artist": "The Wall Street Journal", "album": "The Wall Street Journal", "user": null, "language": "en-US", "thumbnail": null}, {"source": "https://feeds.a.dj.com/rss/RSSWorldNews.xml", "title": "Gold Edges Higher Ahead of Fed Meeting This Week", "description": "Gold edges higher in early Asian trade ahead of the Federal Reserve\u2019s September policy decision this week.", "link": "https://www.wsj.com/articles/gold-edges-higher-ahead-of-fed-meeting-this-week-66342abd", "date_published": "2023-09-18T01:20:00+00:00", "bookmarked": false, "dead": null, "artist": "The Wall Street Journal", "album": "The Wall Street Journal", "user": null, "language": "en-US", "thumbnail": null}, {"source": "https://feeds.a.dj.com/rss/RSSWorldNews.xml", "title": "More &raquo;", "description": "How one squiggly line turned the biggest movie of the year into a geopolitical crisis", "link": "https://www.wsj.com/articles/more-amp-raquo-c297d468", "date_published": "2023-09-18T01:08:00+00:00", "bookmarked": false, "dead": null, "artist": "The Wall Street Journal", "album": "The Wall Street Journal", "user": null, "language": "en-US", "thumbnail": null}, {"source": "https://feeds.a.dj.com/rss/RSSWorldNews.xml", "title": "Oil Gains on Supply Tightness, Better Demand Outlook", "description": "Oil prices were higher in early Asian trade amid supply tightness and better demand outlook.", "link": "https://www.wsj.com/articles/oil-gains-on-supply-tightness-better-demand-outlook-ff3d7b07", "date_published": "2023-09-18T01:05:00+00:00", "bookmarked": false, "dead": null, "artist": "The Wall Street Journal", "album": "The Wall Street Journal", "user": null, "language": "en-US", "thumbnail": null}, {"source": "https://feeds.a.dj.com/rss/RSSWorldNews.xml", "title": "'Swing State' Review: Land and Lives in Limbo", "description": "Now in New York after a successful run at Chicago\u2019s Goodman Theatre, Rebecca Gilman\u2019s affecting play follows a widow struggling to preserve her home amid a swirl of personal and small-town dramas.", "link": "https://www.wsj.com/articles/swing-state-review-land-and-lives-in-limbo-d3206d1c", "date_published": "2023-09-18T01:00:00+00:00", "bookmarked": false, "dead": null, "artist": "The Wall Street Journal", "album": "The Wall Street Journal", "user": null, "language": "en-US", "thumbnail": null}, {"source": "https://feeds.a.dj.com/rss/RSSWorldNews.xml", "title": "How Prime-Time TV Will Look Different This Fall", "description": "As dual strikes grip Hollywood, the new season\u2019s network schedules lean heavily on reality and game shows.", "link": "https://www.wsj.com/articles/how-prime-time-tv-will-look-different-this-fall-63ff818c", "date_published": "2023-09-18T01:00:00+00:00", "bookmarked": false, "dead": null, "artist": "The Wall Street Journal", "album": "The Wall Street Journal", "user": null, "language": "en-US", "thumbnail": null}, {"source": "https://feeds.a.dj.com/rss/RSSWorldNews.xml", "title": "Oktoberfest Now Has Its Culture War. It Isn't About the Beer.", "description": "Traditionalists have criticized moves to modernize the Munich celebration as \u2018woke.\u2019", "link": "https://www.wsj.com/articles/oktoberfest-culture-war-beer-chickens-germany-21cf0bfa", "date_published": "2023-09-18T01:00:00+00:00", "bookmarked": false, "dead": null, "artist": "The Wall Street Journal", "album": "The Wall Street Journal", "user": null, "language": "en-US", "thumbnail": null}, {"source": "https://feeds.a.dj.com/rss/RSSWorldNews.xml", "title": "San Francisco Office Market Shows Signs of Life", "description": "Sales are slowly materializing as some sellers are finally accepting much lower prices.", "link": "https://www.wsj.com/articles/san-francisco-office-market-shows-signs-of-life-93a95515", "date_published": "2023-09-18T01:00:00+00:00", "bookmarked": false, "dead": null, "artist": "The Wall Street Journal", "album": "The Wall Street Journal", "user": null, "language": "en-US", "thumbnail": null}, {"source": "https://feeds.a.dj.com/rss/RSSWorldNews.xml", "title": "Singapore's Non-Oil Domestic Exports Fall for 11th Straight Month", "description": "Singapore\u2019s non-oil domestic exports fell for the 11th straight month in August, with shipments of both electronics and non-electronics declining in most of its top 10 markets.", "link": "https://www.wsj.com/articles/singapores-non-oil-domestic-exports-fall-for-11th-straight-month-c318483d", "date_published": "2023-09-18T01:00:00+00:00", "bookmarked": false, "dead": null, "artist": "The Wall Street Journal", "album": "The Wall Street Journal", "user": null, "language": "en-US", "thumbnail": null}, {"source": "https://feeds.a.dj.com/rss/RSSWorldNews.xml", "title": "Stop Obsessing About Having the Perfect Career Plan", "description": "The paths we thought we knew are crumbling fast. Maybe it\u2019s time to think differently about getting ahead.", "link": "https://www.wsj.com/articles/stop-obsessing-about-having-the-perfect-career-plan-fe44a54e", "date_published": "2023-09-18T01:00:00+00:00", "bookmarked": false, "dead": null, "artist": "The Wall Street Journal", "album": "The Wall Street Journal", "user": null, "language": "en-US", "thumbnail": null}, {"source": "https://feeds.a.dj.com/rss/RSSWorldNews.xml", "title": "These Workers Toiling in 120-Degree Heat Are on Front Lines of Climate Change", "description": "In the region warming up faster than anywhere else on the planet, migrant workers describe blistering conditions affecting their health.", "link": "https://www.wsj.com/articles/these-workers-toiling-in-120-degree-heat-are-on-front-lines-of-climate-change-d1e6eab1", "date_published": "2023-09-18T01:00:00+00:00", "bookmarked": false, "dead": null, "artist": "The Wall Street Journal", "album": "The Wall Street Journal", "user": null, "language": "en-US", "thumbnail": null}, {"source": "https://feeds.a.dj.com/rss/RSSWorldNews.xml", "title": "Marine Corps F-35 Jet Fighter Lost in 'Mishap'", "description": "The pilot ejected safely, and emergency teams are trying to locate the plane.", "link": "https://www.wsj.com/articles/marine-corps-f-35-jet-fighter-lost-in-mishap-156becb", "date_published": "2023-09-18T00:24:00+00:00", "bookmarked": false, "dead": null, "artist": "The Wall Street Journal", "album": "The Wall Street Journal", "user": null, "language": "en-US", "thumbnail": null}]