[{"source": "https://www.telegraph.co.uk/news/rss.xml", "title": "Roger Whittaker: Folk singer dies aged 87", "description": "", "link": "https://www.telegraph.co.uk/news/2023/09/18/roger-whittaker-folk-singer-dies-aged-87/", "date_published": "2023-09-18T22:35:48+00:00", "bookmarked": false, "dead": null, "artist": "The Telegraph News", "album": "The Telegraph News", "user": null, "language": "en-UK", "thumbnail": null}, {"source": "https://www.telegraph.co.uk/news/rss.xml", "title": "Monday evening news briefing: Russell Brand 'postpones' tour amid Met Police investigation", "description": "", "link": "https://www.telegraph.co.uk/news/2023/09/18/monday-evening-news-briefing-russell-brand-liz-truss-tories/", "date_published": "2023-09-18T16:10:37+00:00", "bookmarked": false, "dead": null, "artist": "The Telegraph News", "album": "The Telegraph News", "user": null, "language": "en-UK", "thumbnail": null}, {"source": "https://www.telegraph.co.uk/news/rss.xml", "title": "Russell Brand latest: Comedian 'should face criminal investigation'", "description": "", "link": "https://www.telegraph.co.uk/news/2023/09/18/russell-brand-rape-allegations-latest/", "date_published": "2023-09-18T07:37:00+00:00", "bookmarked": false, "dead": null, "artist": "The Telegraph News", "album": "The Telegraph News", "user": null, "language": "en-UK", "thumbnail": null}, {"source": "https://www.telegraph.co.uk/news/rss.xml", "title": "UK weather: Flooded airport closes as half a month\u2019s rain falls in one hour", "description": "", "link": "https://www.telegraph.co.uk/news/2023/09/18/weather-uk-half-month-rainfall-one-hour-met-office-warning/", "date_published": "2023-09-18T06:39:40+00:00", "bookmarked": false, "dead": null, "artist": "The Telegraph News", "album": "The Telegraph News", "user": null, "language": "en-UK", "thumbnail": null}]