[{"source": "https://www.youtube.com/feeds/videos.xml?channel_id=UCRlICXvO4XR4HMeEB9JjDlA", "title": "Why Did This Brilliant Engineer Mysteriously Disappear?", "description": "Install Raid for Free \u2705 IOS/ANDROID/PC: https://pl.go-ga.me/oa0l0myb  and get a special starter pack with an Epic champion \u26a1Tallia \u26a1Available only for new players. \ud83c\udf81Use the promo code JTSKIN to get the Epic champion Stag Knight and a Skin for Stag Knight designed by JonTron! Don't miss your chance, the promo code is valid until October 7th, only for new players. \ud83d\udcf1If you are an iOS user, enter the promo code here: https://plarium.com/en/redeem/raid-shadow-legends/\n\nThoughty2 Audiobook: https://geni.us/t2audio\nThoughty2 Book: https://geni.us/t2book\nSupport Me & Get Early Access: http://bit.ly/t2club\nThoughty2 Merchandise: https://bit.ly/t2merch\n\nFollow Thoughty2\nFacebook: https://facebook.com/thoughty2\nInstagram: https://instagram.com/thoughty2\nWebsite: http://thoughty2.com\n\nAbout Thoughty2\nThoughty2 (Arran) is a British YouTuber and gatekeeper of useless facts. Thoughty2 creates mind-blowing factual videos about science, tech, history, opinion and just about everything else.\n#Thoughty", "link": "https://www.youtube.com/watch?v=30ZJjasYkr8", "date_published": "2023-09-18T15:08:38+00:00", "bookmarked": false, "dead": null, "artist": "Thoughty2", "album": "Thoughty2", "user": null, "language": "en-US", "thumbnail": "https://i4.ytimg.com/vi/30ZJjasYkr8/hqdefault.jpg"}]