[{"source": "https://www.youtube.com/feeds/videos.xml?channel_id=UC_DmOS_FBvO4H27U7X0OtRg", "title": "Ahhhh\u2026 should I stop him!? \ud83d\udd2a", "description": "The Mwila are an African tribe living in the country of Angola. They're most commonly known for their unique hairstyles and jewelry using cow dung, sea shells, and beads.\n\nWatch The Full Video: https://www.youtube.com/watch?v=LPziTv654VA", "link": "https://www.youtube.com/watch?v=IiWTffyXKBs", "date_published": "2023-09-18T15:00:09+00:00", "bookmarked": false, "dead": null, "artist": "Fearless & Far", "album": "Fearless & Far", "user": null, "language": "en-US", "thumbnail": "https://i2.ytimg.com/vi/IiWTffyXKBs/hqdefault.jpg"}]