[{"source": "https://securityaffairs.com/feed", "title": "Microsoft AI research division accidentally exposed 38TB of sensitive data", "description": "<p>Microsoft AI researchers accidentally exposed 38TB of sensitive data via a public GitHub repository since July 2020. Cybersecurity firm Wiz discovered that the Microsoft AI research division accidentally leaked 38TB of sensitive while publishing a bucket of open-source training data on GitHub. The exposed data exposed a disk backup of two employees\u2019 workstations containing secrets, [&#8230;]</p>\n<p>The post <a href=\"https://securityaffairs.com/151004/data-breach/microsoft-ai-data-leak.html\" rel=\"nofollow\">Microsoft AI research division accidentally exposed 38TB of sensitive data</a> appeared first on <a href=\"https://securityaffairs.com\" rel=\"nofollow\">Security Affairs</a>.</p>", "link": "https://securityaffairs.com/151004/data-breach/microsoft-ai-data-leak.html", "date_published": "2023-09-18T20:58:41+00:00", "bookmarked": false, "dead": null, "artist": "Security Affairs", "album": "Security Affairs", "user": null, "language": "en-US", "thumbnail": null}, {"source": "https://securityaffairs.com/feed", "title": "German intelligence warns cyberattacks could target liquefied natural gas (LNG) terminals", "description": "<p>The head of Germany\u2019s foreign intelligence service warns of state-sponsored attacks aimed at liquefied natural gas (LNG) terminals in the country. Bruno Kahl, the President of the Bundesnachrichtendienst intelligence service since 2016, warned of state-sponsored attacks aimed at liquefied natural gas (LNG) terminals in the country. After the Russian invasion of Ukraine, the German government [&#8230;]</p>\n<p>The post <a href=\"https://securityaffairs.com/150999/hacking/liquefied-natural-gas-lng-terminals-cyber-attacks.html\" rel=\"nofollow\">German intelligence warns cyberattacks could target liquefied natural gas (LNG) terminals</a> appeared first on <a href=\"https://securityaffairs.com\" rel=\"nofollow\">Security Affairs</a>.</p>", "link": "https://securityaffairs.com/150999/hacking/liquefied-natural-gas-lng-terminals-cyber-attacks.html", "date_published": "2023-09-18T13:31:40+00:00", "bookmarked": false, "dead": null, "artist": "Security Affairs", "album": "Security Affairs", "user": null, "language": "en-US", "thumbnail": null}, {"source": "https://securityaffairs.com/feed", "title": "Deepfake and smishing. How hackers compromised the accounts of 27 Retool customers in the crypto industry", "description": "<p>Software development company Retool was the victim of a smishing attack that resulted in the compromise of 27 accounts of its cloud customers. Software development company Retool revealed that 27 accounts of its cloud customers were compromised as a result of an SMS-based social engineering attack. The company states that one of its employees was [&#8230;]</p>\n<p>The post <a href=\"https://securityaffairs.com/150981/hacking/retool-smishing-attack.html\" rel=\"nofollow\">Deepfake and smishing. How hackers compromised the accounts of 27 Retool customers in the crypto industry</a> appeared first on <a href=\"https://securityaffairs.com\" rel=\"nofollow\">Security Affairs</a>.</p>", "link": "https://securityaffairs.com/150981/hacking/retool-smishing-attack.html", "date_published": "2023-09-18T11:03:34+00:00", "bookmarked": false, "dead": null, "artist": "Security Affairs", "album": "Security Affairs", "user": null, "language": "en-US", "thumbnail": null}, {"source": "https://securityaffairs.com/feed", "title": "FBI hacker USDoD leaks highly sensitive TransUnion data", "description": "<p>Researchers from vx-underground reported that FBI hacker &#8216;USDoD&#8216; leaked sensitive data from consumer credit reporting agency TransUnion. TransUnion\u00a0is an American\u00a0consumer credit reporting agency. TransUnion collects and aggregates information on over one billion individual consumers in over thirty countries, including &#8220;200 million files profiling nearly every credit-active consumer in the United States&#8221;. A threat actor who [&#8230;]</p>\n<p>The post <a href=\"https://securityaffairs.com/150968/data-breach/transunion-data-leak.html\" rel=\"nofollow\">FBI hacker USDoD leaks highly sensitive TransUnion data</a> appeared first on <a href=\"https://securityaffairs.com\" rel=\"nofollow\">Security Affairs</a>.</p>", "link": "https://securityaffairs.com/150968/data-breach/transunion-data-leak.html", "date_published": "2023-09-18T07:10:15+00:00", "bookmarked": false, "dead": null, "artist": "Security Affairs", "album": "Security Affairs", "user": null, "language": "en-US", "thumbnail": null}, {"source": "https://securityaffairs.com/feed", "title": "North Korea\u2019s Lazarus APT stole almost $240 million in crypto assets since June", "description": "<p>The North Korea-linked APT group Lazarus has stolen more than $240 million worth of cryptocurrency since June 2023, researchers warn. According to a report published by blockchain cyber security firm Elliptic, in the past 104 days, the North Korea-linked APT group Lazarus has stolen most of $240 million in crypto assets from multiple businesses, including [&#8230;]</p>\n<p>The post <a href=\"https://securityaffairs.com/150957/apt/lazarus-stole-240m-crypto-assets.html\" rel=\"nofollow\">North Korea&#8217;s Lazarus APT stole almost $240 million in crypto assets since June</a> appeared first on <a href=\"https://securityaffairs.com\" rel=\"nofollow\">Security Affairs</a>.</p>", "link": "https://securityaffairs.com/150957/apt/lazarus-stole-240m-crypto-assets.html", "date_published": "2023-09-18T05:31:13+00:00", "bookmarked": false, "dead": null, "artist": "Security Affairs", "album": "Security Affairs", "user": null, "language": "en-US", "thumbnail": null}]