[{"source": "https://www.youtube.com/feeds/videos.xml?channel_id=UCKy1dAqELo0zrOtPkf0eTMw", "title": "Lies of P - 14 Essential Tips and Tricks For Beginners", "description": "Lies of P, like many souls-likes, is riddled with difficult hurdles to jump through. That's why we\u2019ve put together a list of rapid fire tips to hopefully help your puppet save Krat. And ya know what? You can have these tips with no strings attached!\n\n00:00 Intro\n00:25 1 Backstab for massive damage\n00:37 2 Restore Your Weapons Durability\n00:56 3 Perfect Perfect Parrying\n01:18 4 Save Rare Ergo Fragments\n01:28 5 Save Your Star Fragments\n01:43 6 Try the Perfection Grindstone\n01:55 7 Use Your Last Pulse Cell\n02:26 8 Stay Quick\n02:39 9 Kill The Dimensional Butterflies\n02:50 10 Change Your Defense Parts\n03:08 11 Alter Handles\n03:28 12 Increase Damage Reduction Rates\n03:42 13 Change Your Mind Freely\n04:12 14 Careful With Your Legion Caliber\n04:31 Outro\n\nFor more on Lies of P check our our written Wiki Guide @ https://www.ign.com/wikis/lies-of-p/", "link": "https://www.youtube.com/watch?v=XwdEneYjfFM", "date_published": "2023-09-18T22:00:16+00:00", "bookmarked": false, "dead": null, "artist": "Ign - YouTube", "album": "Ign - YouTube", "user": null, "language": "en-US", "thumbnail": "https://i1.ytimg.com/vi/XwdEneYjfFM/hqdefault.jpg"}, {"source": "https://www.youtube.com/feeds/videos.xml?channel_id=UCKy1dAqELo0zrOtPkf0eTMw", "title": "Butcher's Crossing - Official Trailer (2023) Nicolas Cage, Fred Hechinger", "description": "Based on the seminal novel by John Edward Williams, Gabe Polsky\u2019s epic frontier adventure, Butcher\u2019s Crossing, is a riveting commentary on human nature, ambition, masculinity, and man\u2019s relationship to his natural environment. Academy Award winner Nicolas Cage (1996, Best Actor, Leaving Las Vegas) stars in a gritty story about buffalo hunters in the Old West. Will Andrews (Fred Hechinger) has left Harvard to find adventure. He teams up with Miller (Cage), a mysterious frontiersman offering an unprecedented number of buffalo pelts in a secluded valley. Their crew must survive an arduous journey where the harsh elements will test everyone\u2019s resolve, leaving their sanity on a knife\u2019s edge.", "link": "https://www.youtube.com/watch?v=L7IgQ2WPTjQ", "date_published": "2023-09-18T22:00:10+00:00", "bookmarked": false, "dead": null, "artist": "Ign - YouTube", "album": "Ign - YouTube", "user": null, "language": "en-US", "thumbnail": "https://i1.ytimg.com/vi/L7IgQ2WPTjQ/hqdefault.jpg"}, {"source": "https://www.youtube.com/feeds/videos.xml?channel_id=UCKy1dAqELo0zrOtPkf0eTMw", "title": "The Smash booth at Nintendo Live with actual props FROM THE GAME! #gaming #smashultimate #nintendo", "description": "Subscribe to IGN for more!\nhttp://www.youtube.com/user/IGNentertainment?sub_confirmation=1\n\n------------------------------ ----\nWatch more on IGN here!\n------------------------------ ----\n\nDAILY FIX: https://www.youtube.com/watch?v=-_e1aXYckPE&amp;list=PLraFbwCoisJCYFqFP7e7UQnHHZL05LooZ&amp;index=2&amp;t=0s\nGAME REVIEWS: https://www.youtube.com/watch?v=pCJmeQyJk1E&amp;list=PLraFbwCoisJBTl0oXn8UoUam5HXWUZ7ES&amp;t=0s&amp;index=2\nMOVIE REVIEWS: https://www.youtube.com/watch?v=pCJmeQyJk1E&amp;list=PLraFbwCoisJBTl0oXn8UoUam5HXWUZ7ES&amp;t=0s&amp;index=2\nTRAILERS: https://www.youtube.com/watch?v=hr1dfwy4n90&amp;list=PLraFbwCoisJA6xInpo8WhMSrR3Y7CjatL&amp;index=2\nNEWS: https://www.youtube.com/watch?v=Ctgzg7MZiZ8&amp;list=PLyN6dWP9XPgpzD7LJttHSs_peWliw7QSW\n\n#ign", "link": "https://www.youtube.com/watch?v=Sa8vdN9DJ-o", "date_published": "2023-09-18T21:28:00+00:00", "bookmarked": false, "dead": null, "artist": "Ign - YouTube", "album": "Ign - YouTube", "user": null, "language": "en-US", "thumbnail": "https://i4.ytimg.com/vi/Sa8vdN9DJ-o/hqdefault.jpg"}, {"source": "https://www.youtube.com/feeds/videos.xml?channel_id=UCKy1dAqELo0zrOtPkf0eTMw", "title": "Exploring Shell Island's Grotto Point & Mystical Castle in Fortnite - Ep. 1", "description": "Join IGN's Ben and Jeffrey on a roadtrip buddy comedy across 6 hand-crafted locations scattered around Shell Island. This one-of-a-kind map was created by six of the best map creators in the business, including: Subcloning, who worked on Grotto Point; Dummblond, who worked on Mystical Castle; SundayCW, who made Cyber City; iiiSAndman, who made Frozen Town; Enigma, who worked on Gravity Gateway; and BonnieKiwi, who made Canyon Edge.\n\nWant to explore Shell Island for yourself? Use the Fortnite Creative Map Code: 0314 - 6322 - 8548 to see the sights and sounds for yourself. And remember to share pictures of your experience using #ShellRoadTrips.\nPresented by Shell V-Power Nitro+ Premium Gasoline.", "link": "https://www.youtube.com/watch?v=_EGuZmdRiR8", "date_published": "2023-09-18T21:00:15+00:00", "bookmarked": false, "dead": null, "artist": "Ign - YouTube", "album": "Ign - YouTube", "user": null, "language": "en-US", "thumbnail": "https://i4.ytimg.com/vi/_EGuZmdRiR8/hqdefault.jpg"}, {"source": "https://www.youtube.com/feeds/videos.xml?channel_id=UCKy1dAqELo0zrOtPkf0eTMw", "title": "Mortal Kombat 1 - 17 Minutes of Switch Gameplay", "description": "Here\u2019s 17 Minutes of Mortal Kombat 1 gameplay on Nintendo Switch!\n\nMortal Kombat 1 is a soft reboot of the MK series timeline, but many favorites, including Liu Kang, Scorpion, Sub Zero, and even Reptile all return for this new entry. MK1 also features the kameo system, a way to bring in classic characters as assists. We\u2019ve seen Series X, PC, and PS5 gameplay, but now we get to see how it stacks up vs. Switch!", "link": "https://www.youtube.com/watch?v=yJzA7_h_Mpo", "date_published": "2023-09-18T20:11:30+00:00", "bookmarked": false, "dead": null, "artist": "Ign - YouTube", "album": "Ign - YouTube", "user": null, "language": "en-US", "thumbnail": "https://i2.ytimg.com/vi/yJzA7_h_Mpo/hqdefault.jpg"}, {"source": "https://www.youtube.com/feeds/videos.xml?channel_id=UCKy1dAqELo0zrOtPkf0eTMw", "title": "CRKD Nitro Deck Review", "description": "The Crkd Nitro Deck is the full-body makeover the Nintendo Switch has desperately needed. It eliminates stick drift with upgraded thumbsticks, adds four customizable back buttons, and improves the ergonomics in handheld mode to effectively make your Switch feel like a new console.", "link": "https://www.youtube.com/watch?v=y3SBhxbMnUg", "date_published": "2023-09-18T20:00:03+00:00", "bookmarked": false, "dead": null, "artist": "Ign - YouTube", "album": "Ign - YouTube", "user": null, "language": "en-US", "thumbnail": "https://i2.ytimg.com/vi/y3SBhxbMnUg/hqdefault.jpg"}, {"source": "https://www.youtube.com/feeds/videos.xml?channel_id=UCKy1dAqELo0zrOtPkf0eTMw", "title": "The Legend of Zelda Orchestra performs at Nintendo Live in Seattle! #zelda #ocarinaoftime #nintendo", "description": "Subscribe to IGN for more!\nhttp://www.youtube.com/user/IGNentertainment?sub_confirmation=1\n\n------------------------------ ----\nWatch more on IGN here!\n------------------------------ ----\n\nDAILY FIX: https://www.youtube.com/watch?v=-_e1aXYckPE&amp;list=PLraFbwCoisJCYFqFP7e7UQnHHZL05LooZ&amp;index=2&amp;t=0s\nGAME REVIEWS: https://www.youtube.com/watch?v=pCJmeQyJk1E&amp;list=PLraFbwCoisJBTl0oXn8UoUam5HXWUZ7ES&amp;t=0s&amp;index=2\nMOVIE REVIEWS: https://www.youtube.com/watch?v=pCJmeQyJk1E&amp;list=PLraFbwCoisJBTl0oXn8UoUam5HXWUZ7ES&amp;t=0s&amp;index=2\nTRAILERS: https://www.youtube.com/watch?v=hr1dfwy4n90&amp;list=PLraFbwCoisJA6xInpo8WhMSrR3Y7CjatL&amp;index=2\nNEWS: https://www.youtube.com/watch?v=Ctgzg7MZiZ8&amp;list=PLyN6dWP9XPgpzD7LJttHSs_peWliw7QSW\n\n#ign", "link": "https://www.youtube.com/watch?v=BRcXSY6rx9U", "date_published": "2023-09-18T19:35:55+00:00", "bookmarked": false, "dead": null, "artist": "Ign - YouTube", "album": "Ign - YouTube", "user": null, "language": "en-US", "thumbnail": "https://i3.ytimg.com/vi/BRcXSY6rx9U/hqdefault.jpg"}, {"source": "https://www.youtube.com/feeds/videos.xml?channel_id=UCKy1dAqELo0zrOtPkf0eTMw", "title": "Lies of P - Which Class Should You Start With?", "description": "Before you start running around the city of Krat and telling fibs in Lies of P, you\u2019ll need to decide which of the three starting fighting styles you\u2019d like to adopt, which will have a pretty big impact on the early part of your adventure specifically. Here are our recommendations for which class you should play first in Neowiz\u2019s fairytale soulslike.\n\n00:00 Intro\n00:33 When you can choose your Class\n00:51 Path of the Cricket: Balance\n01:33 Path of the Bastard: Dexterity \n02:47 Path of the Sweeper: Strength\n03:25 Changing your mind\n03:42 Outro", "link": "https://www.youtube.com/watch?v=uqCr8ixbBbE", "date_published": "2023-09-18T18:48:06+00:00", "bookmarked": false, "dead": null, "artist": "Ign - YouTube", "album": "Ign - YouTube", "user": null, "language": "en-US", "thumbnail": "https://i2.ytimg.com/vi/uqCr8ixbBbE/hqdefault.jpg"}, {"source": "https://www.youtube.com/feeds/videos.xml?channel_id=UCKy1dAqELo0zrOtPkf0eTMw", "title": "RGG Like a Dragon Direct 2023", "description": "Join us on September 19th at 9pm PT for the RGG Like A Dragon Direct to learn more about Like a Dragon Gaiden: The Man Who Erased His Name and Like a Dragon: Infinite Wealth. There will be news, trailers, and more to find out about what's happening with the next titles in the series. You won't want to miss a second of the excitment coming straight from studio.", "link": "https://www.youtube.com/watch?v=DLEPXwQihkc", "date_published": "2023-09-18T17:34:11+00:00", "bookmarked": false, "dead": null, "artist": "Ign - YouTube", "album": "Ign - YouTube", "user": null, "language": "en-US", "thumbnail": "https://i1.ytimg.com/vi/DLEPXwQihkc/hqdefault.jpg"}, {"source": "https://www.youtube.com/feeds/videos.xml?channel_id=UCKy1dAqELo0zrOtPkf0eTMw", "title": "No One Will Save You - Exclusive Clip (2023) Kaitlyn Dever", "description": "Brynn (Kaitlyn Dever) is a creative and talented young woman who\u2019s been alienated from her community. Lonely but ever hopeful, Brynn finds solace within the walls of the home where she grew up\u2014until she\u2019s awakened\u00a0one\u00a0night by strange noises from decidedly unearthly intruders. What follows is an action-packed face-off between Brynn and a host of extraterrestrial beings who threaten her future while forcing her to deal with her past. No One Will Save You debuts exclusively on Hulu on September 22.", "link": "https://www.youtube.com/watch?v=ZY-YKJcceYg", "date_published": "2023-09-18T17:04:51+00:00", "bookmarked": false, "dead": null, "artist": "Ign - YouTube", "album": "Ign - YouTube", "user": null, "language": "en-US", "thumbnail": "https://i3.ytimg.com/vi/ZY-YKJcceYg/hqdefault.jpg"}, {"source": "https://www.youtube.com/feeds/videos.xml?channel_id=UCKy1dAqELo0zrOtPkf0eTMw", "title": "Marvel Studios\u2019 Loki Season 2 - Official Behind the Scenes (2023) Tom Hiddleston, Sophia Di Martino", "description": "Take a look at the latest featurette for Marvel Studios' Loki Season 2 featuring interviews from the stars of the series Tom Hiddleston (Loki), Owen Wilson (Mobius), Sophia Di Martino (Sylvie), Ke Huy Quan (O.B.), and more. Get an inside look at what Loki Season 2 will bring to the Marvel Cinematic Universe as Loki, Sylvie, Mobius, and crew deal with the ramifications of Season 1's killing of He Who Remains causing the Sacred Timeline to go haywire.\n\nLoki Season 2 stars Tom Hiddleston (Loki), Owen Wilson (Mobius), Sophia Di Martino (Sylvie), Ke Huy Quan, Gugu Mbatha-Raw (Ravonna Renslayer), Tara Strong (Miss Minutes), Wunmi Mosaku (Hunter B-15) and more. The series was created by Michael Waldron with Kevin R. Wright and Tom Hiddleston as executive producers. \n\nLoki Season 2 will now start streaming on Disney Plus on October 5 at 6 PM PT.\n\n#IGN #Marvel #Loki", "link": "https://www.youtube.com/watch?v=AoA-0MEcZsA", "date_published": "2023-09-18T15:52:14+00:00", "bookmarked": false, "dead": null, "artist": "Ign - YouTube", "album": "Ign - YouTube", "user": null, "language": "en-US", "thumbnail": "https://i2.ytimg.com/vi/AoA-0MEcZsA/hqdefault.jpg"}, {"source": "https://www.youtube.com/feeds/videos.xml?channel_id=UCKy1dAqELo0zrOtPkf0eTMw", "title": "Alan Wake 2: Alan Meets Alex Casey Gameplay Clip (4K RTX) - IGN First", "description": "Prepare for an exclusive look at a brand new Alan Wake 2 4K gameplay clip. Join us on September 19 at 9am PT/ 12pm ET/ 5pm UK/ September 20 at 2am AEST to watch!\n\nStay tuned for more Alan Wake 2 gameplay, interviews, behind-the-scenes looks, and more all throughout September!  \n\n#IGN #Gaming #AlanWake", "link": "https://www.youtube.com/watch?v=-Lx46eVqdmk", "date_published": "2023-09-18T15:43:50+00:00", "bookmarked": false, "dead": null, "artist": "Ign - YouTube", "album": "Ign - YouTube", "user": null, "language": "en-US", "thumbnail": "https://i2.ytimg.com/vi/-Lx46eVqdmk/hqdefault.jpg"}, {"source": "https://www.youtube.com/feeds/videos.xml?channel_id=UCKy1dAqELo0zrOtPkf0eTMw", "title": "Resident Evil 4: Separate Ways - Official Launch Trailer", "description": "Resident Evil 4: Separate Ways is the iconic DLC expansion centered around Ada Wong's perspective of the events that transpired during Leon's mission to rescue the President's daughter in the original game. Experience the iconic moments of Resident Evil 4 through a new point of view and meet existing and new characters along the way. Resident Evil 4: Separate Ways launches on September 21 for PlayStation 4, PlayStation 5, Xbox Series S|X, and PC.\n\n#IGN #Gaming #ResidentEvil", "link": "https://www.youtube.com/watch?v=YUbD3K9szaI", "date_published": "2023-09-18T15:24:10+00:00", "bookmarked": false, "dead": null, "artist": "Ign - YouTube", "album": "Ign - YouTube", "user": null, "language": "en-US", "thumbnail": "https://i2.ytimg.com/vi/YUbD3K9szaI/hqdefault.jpg"}, {"source": "https://www.youtube.com/feeds/videos.xml?channel_id=UCKy1dAqELo0zrOtPkf0eTMw", "title": "Resident Evil 4: Separate Ways Original vs Remake Comparison", "description": "The Resident Evil 4 Separate Ways DLC is getting a major glow-up in the upcoming RE4 Remake DLC, so we've highlighted some of the visual improvements for you in this graphics Separate Ways DLC comparison video. From the muddy villages, to the creepy castle walls and beyond, here's how the Original Resident Evil 4: Separate Ways looks compared to the new upcoming remake. Check out this Resident Evil 4 Remake Separate Ways gameplay!\n\n#IGN #Gaming #ResidentEvil4", "link": "https://www.youtube.com/watch?v=C9uifVwgRk0", "date_published": "2023-09-18T15:00:17+00:00", "bookmarked": false, "dead": null, "artist": "Ign - YouTube", "album": "Ign - YouTube", "user": null, "language": "en-US", "thumbnail": "https://i4.ytimg.com/vi/C9uifVwgRk0/hqdefault.jpg"}, {"source": "https://www.youtube.com/feeds/videos.xml?channel_id=UCKy1dAqELo0zrOtPkf0eTMw", "title": "EA Sports UFC 5 - Official Gameplay & Features First Look Trailer", "description": "Check out the latest EA Sports UFC 5 trailer, giving us a first look at its brand new UFC 5 features and some new UFC 5 gameplay. This detailed trailer provides a breakdown of the game's real impact system, online career mode, and a brief look at some legendary heavyweight fighters including Muhammad Ali, Mike Tyson, and Fedor Emelianenko. EA Sports UFC 5 will be available on PS5 and Xbox Series X/S on October 27, 2023. Those who pre-order the UFC 5 Deluxe Edition will be able to play the game three days early.\n\n#IGN #Gaming #UFC", "link": "https://www.youtube.com/watch?v=1RMbBsBs76g", "date_published": "2023-09-18T11:32:49+00:00", "bookmarked": false, "dead": null, "artist": "Ign - YouTube", "album": "Ign - YouTube", "user": null, "language": "en-US", "thumbnail": "https://i2.ytimg.com/vi/1RMbBsBs76g/hqdefault.jpg"}]