[{"source": "http://feeds.feedburner.com/biometricupdate", "title": "Proposal for Israeli police use of live public facial recognition goes before lawmakers", "description": "<img alt=\"\" class=\"attachment-post-thumbnail size-post-thumbnail wp-post-image\" height=\"1152\" src=\"https://d1sr9z1pdl3mb7.cloudfront.net/wp-content/uploads/2023/02/14134710/facial-recogntiion-street-crowd-scaled.jpg\" width=\"2048\" />\n\t\tIsrael\u2019s government is moving forward with plans to deploy live facial recognition in public spaces for criminal investigations.\n\nThe <a href=\"https://www.timesofisrael.com/knesset-committee-to-approve-bill-legalizing-police-use-of-facial-recognition-cameras/\">Times of Israel</a> reports that the Ministerial Committee for Legislation held a special session to grant preliminary approval to a bill that would provide the legal basis for the biometrics deployment.\n\nThe bill is co-sponsored by Justice Minister Yariv Levin and National Security Minister Itamar Ben Gvir, who previewed it in February. It will have to be approved by the Knesset before it can be signed into law.\n\nThe proposed legislation allows the facial recognition technology to be used for the", "link": "https://www.biometricupdate.com/202309/proposal-for-israeli-police-use-of-live-public-facial-recognition-goes-before-lawmakers", "date_published": "2023-09-18T22:11:46+00:00", "bookmarked": false, "dead": null, "artist": "Biometric Update", "album": "Biometric Update", "user": null, "language": "en-US", "thumbnail": null}, {"source": "http://feeds.feedburner.com/biometricupdate", "title": "NEC infant fingerprinting system approaches move from vaccination delivery to legal ID", "description": "<img alt=\"\" class=\"attachment-post-thumbnail size-post-thumbnail wp-post-image\" height=\"1366\" src=\"https://d1sr9z1pdl3mb7.cloudfront.net/wp-content/uploads/2023/09/18174324/infant-fingerprint-scaled.jpg\" width=\"2048\" />\n\t\tID Day was held this past Saturday, September 16, in recognition of United Nations Sustainable Development Goal 16\u2019s target 9; to provide universal birth registration for children under 5 years old by 2030.\n\nOne of the key projects in that effort is the development of fingerprint biometric systems that will work with infants. NEC <a href=\"https://www.biometricupdate.com/202302/nec-and-partners-report-early-success-with-neonatal-biometric-vaccine-management-system\">reported success</a> with a clinical trial earlier this year, and moved on to a pilot at a hospital in preparation for a wider rollout.\n\nThe system designed to support early childhood vaccinations is part of a broader effort to provide legal identity to newborns and enable their identities to be safely aut", "link": "https://www.biometricupdate.com/202309/nec-infant-fingerprinting-system-approaches-move-from-vaccination-delivery-to-legal-id", "date_published": "2023-09-18T22:09:56+00:00", "bookmarked": false, "dead": null, "artist": "Biometric Update", "album": "Biometric Update", "user": null, "language": "en-US", "thumbnail": null}, {"source": "http://feeds.feedburner.com/biometricupdate", "title": "Czechia to launch national digital ID in January", "description": "<img alt=\"\" class=\"attachment-post-thumbnail size-post-thumbnail wp-post-image\" height=\"1360\" src=\"https://d1sr9z1pdl3mb7.cloudfront.net/wp-content/uploads/2022/06/21124700/social-media-phone-scaled.jpg\" width=\"2048\" />\n\t\tDigital identity is coming to Czechia. Last week, the country\u2019s government passed an amendment that will pave the way for digital IDs starting January next year.\n\nThe amendment to the Act on the Right to Digital Services allows the eDoklady application to be used as an alternative to physical ID cards across the Central European country. This means that people will no longer have to carry the cards around, Radio Prague International <a href=\"https://english.radio.cz/government-paving-way-digital-ids-8794316\">reports</a>.\n\n\"A mobile phone is enough to prove your identity,\" says Deputy Prime Minister for Digitalization Ivan Barto\u0161.\n\nThe digital ID will first be adopted by the public sector with private entities expected to join the application one year later, from Jan", "link": "https://www.biometricupdate.com/202309/czechia-to-launch-national-digital-id-in-january", "date_published": "2023-09-18T22:03:09+00:00", "bookmarked": false, "dead": null, "artist": "Biometric Update", "album": "Biometric Update", "user": null, "language": "en-US", "thumbnail": null}, {"source": "http://feeds.feedburner.com/biometricupdate", "title": "Ethiopia makes Fayda the main credential for civil servants", "description": "<img alt=\"\" class=\"attachment-post-thumbnail size-post-thumbnail wp-post-image\" height=\"960\" src=\"https://d1sr9z1pdl3mb7.cloudfront.net/wp-content/uploads/2023/09/18175512/fayda-digital-id.jpg\" width=\"1280\" />\n\t\tEthiopia\u2019s National Identity Program (NIDP) has entered into a partnership with the country\u2019s Federal Civil Service Commission to make the <a href=\"https://id.gov.et/\">Fayda digital ID</a> the main identification credential for all civil servants.\n\nAccording to an announcement, the move will bring innovation, transparency and security to the way Ethiopia\u2019s civil service human resources are managed.\n\nUsing the digital ID as the main proof of ID for civil servants will also expedite and streamline the management of civil service processes which will go a long way in eliminating administrative red tape, time wasting, and even financial cost.\n\nAuthorities also believe the compulsory digital ID for civil servants will reduce the level of corruption within the public service in lin", "link": "https://www.biometricupdate.com/202309/ethiopia-makes-fayda-the-main-credential-for-civil-servants", "date_published": "2023-09-18T21:56:42+00:00", "bookmarked": false, "dead": null, "artist": "Biometric Update", "album": "Biometric Update", "user": null, "language": "en-US", "thumbnail": null}, {"source": "http://feeds.feedburner.com/biometricupdate", "title": "Bitkub partners with Thailand\u2019s NDID platform for crypto KYC", "description": "<img alt=\"\" class=\"attachment-post-thumbnail size-post-thumbnail wp-post-image\" height=\"600\" src=\"https://d1sr9z1pdl3mb7.cloudfront.net/wp-content/uploads/2022/05/24124454/NDID.jpg\" width=\"900\" />\n\t\t<a href=\"https://support.bitkub.com/en/support/home\">Bitkub Exchange</a>, a digital assets trading firm, has partnered with the National Digital Identity (NDID) platform in Thailand for digital know your customer (KYC) services.\n\nFollowing the partnership, Bitkub has rolled out a digital identity verification system which went operational on September 15, according to an announcement.\n\nThe digital assets company says all users wishing to carry out ID verification on their platform using NDID must have completed a NDID verification process with an approved provider.\n\nWith the inclusion of the NDID for digital KYC by Bitkub, the crypto exchange trader now has a tow-step identity verification method for Thai citizens.\n\nCommenting on the partnership, NDID General Manager Bunsan Prasitsamrit t", "link": "https://www.biometricupdate.com/202309/bitkub-partners-with-thailands-ndid-platform-for-crypto-kyc", "date_published": "2023-09-18T21:51:05+00:00", "bookmarked": false, "dead": null, "artist": "Biometric Update", "album": "Biometric Update", "user": null, "language": "en-US", "thumbnail": null}, {"source": "http://feeds.feedburner.com/biometricupdate", "title": "MOSIP spotlights biometrics trade-offs at Turing conference", "description": "<img alt=\"\" class=\"attachment-post-thumbnail size-post-thumbnail wp-post-image\" height=\"1365\" src=\"https://d1sr9z1pdl3mb7.cloudfront.net/wp-content/uploads/2023/08/07134503/sri-lanka-scaled.jpg\" width=\"2048\" />\n\t\tThe Trustworthy Digital Identity International Conference 2023, held on September 14 and 15 in Bengaluru, India, hosted discussions about the necessity of biometrics in national identity systems, and a panel on the <a href=\"https://mosip.io/\">MOSIP</a> project.\n\nOfficials speaking at the conference, which was co-hosted by the <a href=\"https://www.turing.ac.uk/events/trustworthy-digital-identity-international-conference-2023\">Alan Turing Institute</a> UK and the International Institute of Information Technology, Bangalore (IIIT-B), showcased the modular, open-source identity platform developed at IIIT-B, while laying out the key issues and questions facing countries planning to implement a foundational national ID system.\n\nSanjay Jain, chairperson of the Technology Committee ", "link": "https://www.biometricupdate.com/202309/mosip-spotlights-biometrics-trade-offs-at-turing-conference", "date_published": "2023-09-18T21:27:15+00:00", "bookmarked": false, "dead": null, "artist": "Biometric Update", "album": "Biometric Update", "user": null, "language": "en-US", "thumbnail": null}, {"source": "http://feeds.feedburner.com/biometricupdate", "title": "Nigerian digital ID firm says federal govt partly responsible for $100m loss", "description": "<img alt=\"\" class=\"attachment-post-thumbnail size-post-thumbnail wp-post-image\" height=\"720\" src=\"https://d1sr9z1pdl3mb7.cloudfront.net/wp-content/uploads/2023/09/18171626/chams.jpg\" width=\"1280\" />\n\t\tA Nigerian digital ID solutions company, <a href=\"https://chamsplc.com/\">Chams Plc</a>., which has provided different services to the country\u2019s federal government in the past couple of years, says it has incurred around $100 million in debts due to business bottlenecks with the government.\n\nThe Chairman of the business group, Demola Aladekomo, made this claim recently during a meeting with capital market shareholders in which he explained that there were changing their business vision as a result, Punch <a href=\"https://punchng.com/chams-cuts-ties-with-govt-over-100m-debt/\">reports</a>.\n\nAladekomo told the shareholders that after delivering various technological services to government institutions such as the Independent National Electoral Commission (INEC), Chams Plc. got involved in t", "link": "https://www.biometricupdate.com/202309/nigerian-digital-id-firm-says-federal-govt-partly-responsible-for-100m-loss", "date_published": "2023-09-18T21:17:14+00:00", "bookmarked": false, "dead": null, "artist": "Biometric Update", "album": "Biometric Update", "user": null, "language": "en-US", "thumbnail": null}, {"source": "http://feeds.feedburner.com/biometricupdate", "title": "Somalia begins issuing new biometric digital ID developed with NADRA\u2019s help", "description": "<img alt=\"\" class=\"attachment-post-thumbnail size-post-thumbnail wp-post-image\" height=\"708\" src=\"https://d1sr9z1pdl3mb7.cloudfront.net/wp-content/uploads/2023/09/18150138/somalia-national-id-launch-1.png\" width=\"1197\" />\n\t\tSomalia has launched its own biometric identity card system with the head of the government expressing hope it will help its citizens overcome a \u201cmyriad socioeconomic challenges\u201d as the country struggles with terrorist groups.\n\nDuring the launch of the ID on Saturday in the capital of Mogadishu, Prime Minister Hamza Abdi Barre said that introducing a national ID would help combat security threats, terrorism and identity fraud. The country is currently struggling to contain al-Shabab militants in central Somalia.\n\n\u201cThis system will boost our businesses and economy, our banks, communication and Hawala money transfer systems. It will strictly deal with terror networks and the fight against extremism,\u201d Barre says.\n\nA video report by <a href=\"https://youtu.be/KPFrjP9si", "link": "https://www.biometricupdate.com/202309/somalia-begins-issuing-new-biometric-digital-id-developed-with-nadras-help", "date_published": "2023-09-18T19:07:09+00:00", "bookmarked": false, "dead": null, "artist": "Biometric Update", "album": "Biometric Update", "user": null, "language": "en-US", "thumbnail": null}, {"source": "http://feeds.feedburner.com/biometricupdate", "title": "Tools for Humanity faces tough questions in Kenya Worldcoin inquiry", "description": "<img alt=\"\" class=\"attachment-post-thumbnail size-post-thumbnail wp-post-image\" height=\"562\" src=\"https://d1sr9z1pdl3mb7.cloudfront.net/wp-content/uploads/2023/09/18140008/worldcoin-kenya.png\" width=\"1126\" />\n\t\tThe <a href=\"https://www.biometricupdate.com/202309/worldcoin-boom-hits-a-wall-in-kenya-despite-ceos-pleas\">standoff</a> between Kenyan officials and crypto-ID firm <a href=\"https://www.biometricupdate.com/companies/worldcoin\">Worldcoin</a> continues, with both sides raising the stakes to defend their positions.\n\nAlex Blania, the CEO of Worldcoin\u2019s parent company, Tools for Humanity, has been in front of a parliamentary inquiry to face questions about the legality of Worldcoin\u2019s operations in Kenya. According to a <a href=\"https://www.cryptopolitan.com/worldcoin-invests-over-4-8-million-in-blockchain-education-in-kenya/\">post</a> on Cryptopolitan, last week he told lawmakers that Tools for Humanity has invested US$4.8 million in Kenya, to promote blockchain and cryptocurrency ", "link": "https://www.biometricupdate.com/202309/tools-for-humanity-faces-tough-questions-in-kenya-worldcoin-inquiry", "date_published": "2023-09-18T18:03:21+00:00", "bookmarked": false, "dead": null, "artist": "Biometric Update", "album": "Biometric Update", "user": null, "language": "en-US", "thumbnail": null}, {"source": "http://feeds.feedburner.com/biometricupdate", "title": "Biometrics stocks: quarterlies, annuals, SEC actions", "description": "<img alt=\"stock-market\" class=\"attachment-post-thumbnail size-post-thumbnail wp-post-image\" height=\"501\" src=\"https://d1sr9z1pdl3mb7.cloudfront.net/wp-content/uploads/2018/03/09172121/stock-market.jpg\" width=\"890\" />\n\t\t<em>Sept 18, 2023 -\u00a0</em><a href=\"https://www.biometricupdate.com/companies/mitek-systems-inc\">Mitek</a> has reported a profit of $4.4 million on revenues of $45.3 million in the second quarter of its fiscal 2023, as the remote identity verification and cheque deposit company catches up on filing its financial results.\n\nNet income was 10 cents per share, and earnings adjusted for one-time costs and gains were 29 cents per share.\n\nThe positive Q2 report followed a <a href=\"https://www.biometricupdate.com/202309/mitek-playing-catch-up-with-financials-reports-a-profitable-first-quarter\">first quarter result</a> of $4.7 million in net income on $45.7 million in revenue. Mitek revenues have been rising, both specific to digital identity and overall.\n\nThe filings were delaye", "link": "https://www.biometricupdate.com/202309/biometrics-stocks-quarterlies-annuals-sec-actions", "date_published": "2023-09-18T18:01:38+00:00", "bookmarked": false, "dead": null, "artist": "Biometric Update", "album": "Biometric Update", "user": null, "language": "en-US", "thumbnail": null}, {"source": "http://feeds.feedburner.com/biometricupdate", "title": "X ID verification with Au10tix now official; IDVerse, iDenfy, Onfido sign deals", "description": "<img alt=\"\" class=\"attachment-post-thumbnail size-post-thumbnail wp-post-image\" height=\"1080\" src=\"https://d1sr9z1pdl3mb7.cloudfront.net/wp-content/uploads/2023/04/24203910/selfie-id-verification-scaled.jpg\" width=\"2048\" />\n\t\tThe platform formerly known as Twitter is hoping to solve some of the confusion left by its change in identity verification policies by pairing up with selfie biometrics provider <a href=\"https://www.biometricupdate.com/companies/au10tix\">Au10tix</a>. Elon Musk-owned <a href=\"https://www.biometricupdate.com/tag/x-twitter\">X</a> will now offer account verification based on government IDs.\n\nThe social media network says it is focusing on account authentication to prevent impersonation. It may also explore additional measures, such as ensuring users have access to age-appropriate content and protecting against spam and malicious accounts, <a href=\"https://help.twitter.com/en/rules-and-policies/verification-policy\">according </a>to the platform\u2019s policy.\n\nX started ", "link": "https://www.biometricupdate.com/202309/x-id-verification-with-au10tix-now-official-idverse-idenfy-onfido-sign-deals", "date_published": "2023-09-18T17:15:34+00:00", "bookmarked": false, "dead": null, "artist": "Biometric Update", "album": "Biometric Update", "user": null, "language": "en-US", "thumbnail": null}, {"source": "http://feeds.feedburner.com/biometricupdate", "title": "Nigeria celebrates ID Day with digital ID self-enrollment app launch", "description": "<img alt=\"\" class=\"attachment-post-thumbnail size-post-thumbnail wp-post-image\" height=\"565\" src=\"https://d1sr9z1pdl3mb7.cloudfront.net/wp-content/uploads/2022/08/02123135/mobile-fingerprint-biometrics.png\" width=\"990\" />\n\t\tNigeria launched a new app with contactless fingerprint biometrics to allow people to carry out self-service enrollment to the country\u2019s digital ID over the weekend, in recognition of <a href=\"https://www.biometricupdate.com/202309/events-in-dozens-of-countries-to-mark-2023-id-day\">International Identity Day</a>.\n\nThe mobile application was unveiled by the National Identity Management Commission (NIMC) during the fifth celebration of Identity Day in the capital Abuja, reports <a href=\"https://www.thecable.ng/nimc-unveils-self-service-app-for-nin-enrollment-digital-id/amp\">TheCable</a>.\n\nThe national identification number (NIN) includes fingerprint and face biometrics, and NIMC has also launched the <a href=\"https://nimc.gov.ng/contactless/\">Mobile Contactless Biom", "link": "https://www.biometricupdate.com/202309/nigeria-celebrates-id-day-with-digital-id-self-enrollment-app-launch", "date_published": "2023-09-18T16:48:03+00:00", "bookmarked": false, "dead": null, "artist": "Biometric Update", "album": "Biometric Update", "user": null, "language": "en-US", "thumbnail": null}, {"source": "http://feeds.feedburner.com/biometricupdate", "title": "Incode and Sardine seal deal to provide face and behavioral biometrics to fintech firm", "description": "<img alt=\"How Biometrics Will Help Banks Maintain \u201cBusiness as Usual\u201d\" class=\"attachment-post-thumbnail size-post-thumbnail wp-post-image\" height=\"4128\" src=\"https://d1sr9z1pdl3mb7.cloudfront.net/wp-content/uploads/2020/03/17155642/How-Biometrics-Will-Help-Banks-Maintain-%E2%80%9CBusiness-as-Usual%E2%80%9D-Even-When-It%E2%80%99s-Anything-But.jpeg\" width=\"6192\" />\n\t\t<a href=\"https://www.biometricupdate.com/companies/incode-technologies\">Incode Technologies</a> and its partner <a href=\"https://www.biometricupdate.com/tag/sardine\">Sardine</a> have a new biometric identity verification client, fintech company <a href=\"https://marygoldandco.com/\">Marygold &amp; Co</a>. The duo will provide know your customer (KYC) onboarding process solutions, the companies announced in a release.\n\nSan Francisco-headquartered Incode <a href=\"https://www.biometricupdate.com/202210/incode-goes-south-with-a-new-partner-execs-and-digital-id-orchestration-software\">partnered</a> with fraud, compliance and inst", "link": "https://www.biometricupdate.com/202309/incode-and-sardine-seal-deal-to-provide-face-and-behavioral-biometrics-to-fintech-firm", "date_published": "2023-09-18T15:13:52+00:00", "bookmarked": false, "dead": null, "artist": "Biometric Update", "album": "Biometric Update", "user": null, "language": "en-US", "thumbnail": null}]