[{"source": "https://www.youtube.com/feeds/videos.xml?channel_id=UCcyq283he07B7_KUX07mmtA", "title": "These #lavender #flowers give hope for a blossoming future. #coalmining", "description": "------------------------------------------------------\n\nBusiness Insider tells you all you need to know about business, finance, tech, retail, and more.\n\nVisit our homepage for the top stories of the day: https://www.businessinsider.com\nInsider Business on Facebook: https://www.facebook.com/businessinsider\nInsider Business on Instagram: https://www.instagram.com/insiderbusiness\nInsider Business on Twitter: https://www.twitter.com/businessinsider\nInsider Business on Snapchat: https://www.snapchat.com/discover/Business_Insider/5319643143\nInsider Business on TikTok: https://www.tiktok.com/@businessinsider", "link": "https://www.youtube.com/watch?v=TnbZ7FmgzoI", "date_published": "2023-09-18T19:48:50+00:00", "bookmarked": false, "dead": null, "artist": "InsiderBusiness", "album": "InsiderBusiness", "user": null, "language": "en-US", "thumbnail": "https://i1.ytimg.com/vi/TnbZ7FmgzoI/hqdefault.jpg"}, {"source": "https://www.youtube.com/feeds/videos.xml?channel_id=UCcyq283he07B7_KUX07mmtA", "title": "Did you know that each one of us unknowingly consumes about 8 kg of #palmoil annually? #Production", "description": "", "link": "https://www.youtube.com/watch?v=wUPFWwKn_cM", "date_published": "2023-09-18T18:19:35+00:00", "bookmarked": false, "dead": null, "artist": "InsiderBusiness", "album": "InsiderBusiness", "user": null, "language": "en-US", "thumbnail": "https://i4.ytimg.com/vi/wUPFWwKn_cM/hqdefault.jpg"}]