{"entries": [{"source": "https://rss.nytimes.com/services/xml/rss/nyt/World.xml", "link": "https://www.nytimes.com/2023/02/05/briefing/us-china-balloon-asia.html", "title": "Your Monday Briefing: The U.S. Shoots Down China\u2019s Balloon", "date_published": "2023-02-05 21:10:14+00:00", "description": "Also, Pervez Musharraf died and Beyonc\u00e9 could have a big night at Grammy Awards.", "persistent": false, "language": "en-US", "user": null}, {"source": "https://rss.nytimes.com/services/xml/rss/nyt/World.xml", "link": "https://www.nytimes.com/2023/02/05/world/middleeast/iran-amnesty-protests.html", "title": "Iran Announces Amnesty, but It May Not Spare Many Protesters", "date_published": "2023-02-05 19:40:39+00:00", "description": "While the government said tens of thousands of prisoners were to be freed or get reduced sentences, rights advocates suggested the move was a sham.", "persistent": false, "language": "en-US", "user": null}, {"source": "https://rss.nytimes.com/services/xml/rss/nyt/World.xml", "link": "https://www.nytimes.com/2023/02/05/world/africa/pope-francis-africa-homosexuality.html", "title": "Returning From Africa, Pope Francis and Christian Leaders Condemn Anti-Gay Laws", "date_published": "2023-02-05 17:44:33+00:00", "description": "In an in-flight news conference after six days in the Democratic Republic of Congo and South Sudan, Francis also denounced conservative critics who he said had \u201cinstrumentalized\u201d the death of Benedict XVI.", "persistent": false, "language": "en-US", "user": null}, {"source": "https://rss.nytimes.com/services/xml/rss/nyt/World.xml", "link": "https://www.nytimes.com/2023/02/05/briefing/menopause-women-science-hormone-therapy.html", "title": "Silent Suffering", "date_published": "2023-02-05 12:17:57+00:00", "description": "Menopause has long been a taboo topic. Talking about it can help women learn more about an overlooked treatment.", "persistent": false, "language": "en-US", "user": null}, {"source": "https://rss.nytimes.com/services/xml/rss/nyt/World.xml", "link": "https://www.nytimes.com/2023/02/05/world/europe/russia-ukraine-bakhmut-wagner.html", "title": "Fierce Battle Rages for \u2018Every Stairwell\u2019 in Bakhmut, Wagner Leader Says", "date_published": "2023-02-05 10:40:50+00:00", "description": "Ukrainian troops are becoming increasingly pessimistic about the fate of the city in eastern Ukraine, as Russian forces push for their first significant victory in months.", "persistent": false, "language": "en-US", "user": null}, {"source": "https://rss.nytimes.com/services/xml/rss/nyt/World.xml", "link": "https://www.nytimes.com/2023/02/05/world/europe/ukraine-russia-war-carpathians-skiing.html", "title": "Finding Relief, if Not an Escape, From War at Ukraine\u2019s Ski Resorts", "date_published": "2023-02-05 10:00:25+00:00", "description": "Ukrainians have flocked to resorts nestled in the Carpathian Mountains, largely spared the worst of the war, for a respite. One soldier recuperating there explored what it means to heal.", "persistent": false, "language": "en-US", "user": null}, {"source": "https://rss.nytimes.com/services/xml/rss/nyt/World.xml", "link": "https://www.nytimes.com/2023/02/05/world/canada/toronto-greenbelt-development-homes.html", "title": "\u2018It\u2019s Our Central Park\u2019: Uproar Rises Over Location of New Toronto Homes", "date_published": "2023-02-05 10:00:17+00:00", "description": "A plan to build 50,000 homes in a protected green space surrounding Toronto has led to strident opposition and debate over where to house a projected influx of immigrants in the coming years.", "persistent": false, "language": "en-US", "user": null}, {"source": "https://rss.nytimes.com/services/xml/rss/nyt/World.xml", "link": "https://www.nytimes.com/2023/02/05/world/asia/china-balloon-united-states.html", "title": "China Finds Itself With Limited Options After U.S. Shoots Down Balloon", "date_published": "2023-02-05 08:41:52+00:00", "description": "Beijing registered \u201cstrong discontent and protest.\u201d But there may be little it can do to retaliate.", "persistent": false, "language": "en-US", "user": null}, {"source": "https://rss.nytimes.com/services/xml/rss/nyt/World.xml", "link": "https://www.nytimes.com/2023/02/05/world/middleeast/israel-palestine-settlers-west-bank.html", "title": "In West Bank, Settlers Sense Their Moment After Far Right\u2019s Rise", "date_published": "2023-02-05 08:00:17+00:00", "description": "After a surge in violence, there are fears of a wider escalation in the occupied West Bank. Israeli settlers see an opportunity, and Palestinians fear what\u2019s next.", "persistent": false, "language": "en-US", "user": null}, {"source": "https://rss.nytimes.com/services/xml/rss/nyt/World.xml", "link": "https://www.nytimes.com/2023/02/05/world/asia/hong-kong-47-security-law.html", "title": "What to Know About the \u2018Hong Kong 47\u2019 Trial and the National Security Law", "date_published": "2023-02-05 08:00:10+00:00", "description": "Beijing used a national security law to quash dissent. Now another warning is being sent, with the mass trial of what was once Hong Kong\u2019s political opposition.", "persistent": false, "language": "en-US", "user": null}, {"source": "https://rss.nytimes.com/services/xml/rss/nyt/World.xml", "link": "https://www.nytimes.com/2023/02/05/world/asia/pervez-musharraf-dead.html", "title": "Pervez Musharraf, Former Military Ruler of Pakistan, Dies at 79", "date_published": "2023-02-05 07:17:41+00:00", "description": "Mr. Musharraf took power in a bloodless coup in late 1999 but resigned under threat of impeachment in 2008. He drew fire for his ties to Washington.", "persistent": false, "language": "en-US", "user": null}], "source": {"url": "https://rss.nytimes.com/services/xml/rss/nyt/World.xml", "title": "NY times"}}