{"entries": [{"source": "https://theintercept.com/feed/?lang=en", "link": "https://theintercept.com/2023/02/05/missouri-leonard-raheem-taylor-execution/", "title": "Missouri Is About to Kill a Man Who Witnesses Say Was 2,000 Miles Away at the Time of the Crime", "date_published": "2023-02-05 18:50:09+00:00", "description": "<p>Leonard \u201cRaheem\u201d Taylor is scheduled for execution on Tuesday, but the state\u2019s case against him doesn\u2019t add up.</p>\n<p>The post <a href=\"https://theintercept.com/2023/02/05/missouri-leonard-raheem-taylor-execution/\" rel=\"nofollow\">Missouri Is About to Kill a Man Who Witnesses Say Was 2,000 Miles Away at the Time of the Crime</a> appeared first on <a href=\"https://theintercept.com\" rel=\"nofollow\">The Intercept</a>.</p>", "persistent": false, "language": "en-US", "user": null}], "source": {"url": "https://theintercept.com/feed/?lang=en", "title": "The Intercept"}}