{"entries": [{"source": "https://www.lemonde.fr/en/rss/une.xml", "link": "https://www.lemonde.fr/en/opinion/article/2023/02/06/africa-it-would-be-too-easy-to-see-the-hand-of-moscow-as-the-sole-reason-behind-france-s-spectacular-ouster_6014536_23.html", "title": "Africa: 'It would be too easy to see the hand of Moscow as the sole reason behind France's spectacular ouster'", "date_published": "2023-02-05 23:29:22+00:00", "description": "In his column for 'Le Monde', editorialist Philippe Bernard says that as French soldiers are expelled from Mali and Burkina Faso, France must accept its own complicity in the failures of independent African nations and see these events as a new phase of decolonization.", "persistent": false, "language": "en-US", "user": null}, {"source": "https://www.lemonde.fr/en/rss/une.xml", "link": "https://www.lemonde.fr/en/pixels/article/2023/02/05/league-of-lol-dismissal-of-investigation-confirms-the-2019-harassment-scandal-is-fading_6014533_13.html", "title": "'League of LOL': Dismissal of investigation confirms the 2019 harassment scandal is fading", "date_published": "2023-02-05 22:36:13+00:00", "description": "The Paris prosecutor's office has decided that the accusations of cyber harassment against this group of journalists and communicators were insufficiently defined.", "persistent": false, "language": "en-US", "user": null}, {"source": "https://www.lemonde.fr/en/rss/une.xml", "link": "https://www.lemonde.fr/en/international/article/2023/02/05/drc-un-peacekeeper-killed-in-attack-on-helicopter_6014530_4.html", "title": "DRC: UN peacekeeper killed in attack on helicopter", "date_published": "2023-02-05 22:07:47+00:00", "description": "MONUSCO chief Bintou Keita said she 'strongly condemns this cowardly attack on an aircraft bearing the UN emblem', adding that 'attacks against peacekeepers can constitute a war crime'.", "persistent": false, "language": "en-US", "user": null}, {"source": "https://www.lemonde.fr/en/rss/une.xml", "link": "https://www.lemonde.fr/en/international/article/2023/02/05/head-of-un-s-human-rights-mission-in-mali-expelled-from-country_6014524_4.html", "title": "Head of UN's human rights mission in Mali expelled from country", "date_published": "2023-02-05 21:43:16+00:00", "description": "The decision comes after a Malian rights activist last month denounced the security situation in the country in a speech to a UN gathering, and accused the regime's new Russian military partners of serious rights violations.", "persistent": false, "language": "en-US", "user": null}, {"source": "https://www.lemonde.fr/en/rss/une.xml", "link": "https://www.lemonde.fr/en/international/article/2023/02/05/multiple-skiers-killed-in-austrian-avalanches_6014515_4.html", "title": "Multiple skiers killed in Austrian avalanches", "date_published": "2023-02-05 17:56:37+00:00", "description": "Austrian police said that over the weekend, eight people were killed in avalanches in the west of the country.", "persistent": false, "language": "en-US", "user": null}, {"source": "https://www.lemonde.fr/en/rss/une.xml", "link": "https://www.lemonde.fr/en/sports/article/2023/02/05/six-nations-rugby-championship-france-scores-narrow-win-against-italy_6014514_9.html", "title": "Six Nations Rugby Championship France scores narrow win against Italy", "date_published": "2023-02-05 17:38:21+00:00", "description": "The French national team, which is ranked No. 2 in the world, won 29-24.", "persistent": false, "language": "en-US", "user": null}, {"source": "https://www.lemonde.fr/en/rss/une.xml", "link": "https://www.lemonde.fr/en/economy/article/2023/02/05/three-french-luxury-hotels-are-in-financial-turmoil_6014511_19.html", "title": "Three French luxury hotels are in financial turmoil", "date_published": "2023-02-05 17:27:06+00:00", "description": "Hotels owned by businessman Michel Ohayon in Versailles, the Charles de Gaulle airport and Bordeaux have been placed in receivership for failure to repay loans.", "persistent": false, "language": "en-US", "user": null}, {"source": "https://www.lemonde.fr/en/rss/une.xml", "link": "https://www.lemonde.fr/en/international/article/2023/02/05/after-koran-burnings-in-stockholm-and-copenhagen-sweden-wants-to-avoid-a-crisis_6014507_4.html", "title": "After Koran burnings in Stockholm and Copenhagen, Sweden wants to avoid a crisis", "date_published": "2023-02-05 17:06:44+00:00", "description": "Engaged in negotiations to join NATO, the Scandinavian country must deal with the anger being provoked in many countries by extremist Rasmus Paludan.", "persistent": false, "language": "en-US", "user": null}, {"source": "https://www.lemonde.fr/en/rss/une.xml", "link": "https://www.lemonde.fr/en/m-le-mag/article/2023/02/05/in-a-messy-world-marie-kondo-gives-up-on-being-tidying_6014504_117.html", "title": "In a messy world, Marie Kondo gives up on being tidy", "date_published": "2023-02-05 16:38:35+00:00", "description": "The organizational guru admitted that with the arrival of her third child, she has stopped applying her strict rules, and many of her followers have also abandoned them.", "persistent": false, "language": "en-US", "user": null}, {"source": "https://www.lemonde.fr/en/rss/une.xml", "link": "https://www.lemonde.fr/en/international/article/2023/02/05/cyprus-presidential-election-dominated-by-cost-of-living-and-tensions-with-turkey_6014500_4.html", "title": "Cyprus: Presidential election dominated by cost of living and tensions with Turkey", "date_published": "2023-02-05 16:04:36+00:00", "description": "Three candidates are vying to succeed Nicos Anastasiades, who has been in power for 10 years. Central issues include island reunification and the exploitation of gas fields.", "persistent": false, "language": "en-US", "user": null}, {"source": "https://www.lemonde.fr/en/rss/une.xml", "link": "https://www.lemonde.fr/en/culture/article/2023/02/05/series-break-episode-3-of-the-last-of-us-features-love-in-the-time-of-zombies_6014497_30.html", "title": "Series break: Episode 3 of 'The Last of Us' features love in the time of zombies", "date_published": "2023-02-05 13:50:37+00:00", "description": "'Long Long Time,' the series' third episode, departs from the narrative of the video game from which it is adapted to showcase a heartbreaking romance between two men.", "persistent": false, "language": "en-US", "user": null}, {"source": "https://www.lemonde.fr/en/rss/une.xml", "link": "https://www.lemonde.fr/en/sports/article/2023/02/05/six-nations-rugby-championship-the-start-of-a-crucial-year-for-les-bleus_6014493_9.html", "title": "Six Nations Rugby Championship: The start of a crucial year for Les Bleus", "date_published": "2023-02-05 13:31:25+00:00", "description": "After winning the Grand Slam last year, the French rugby team begins the 2023 Six Nations tournament on Sunday with an eye to the World Cup in September-October.", "persistent": false, "language": "en-US", "user": null}, {"source": "https://www.lemonde.fr/en/rss/une.xml", "link": "https://www.lemonde.fr/en/united-states/article/2023/02/05/us-democrats-approve-2024-presidential-primary-order-change_6014487_133.html", "title": "US: Democrats approve 2024 presidential primary order change", "date_published": "2023-02-05 11:35:28+00:00", "description": "The first primary will be held next year in South Carolina, instead of Iowa, a shakeup that should help President Joe Biden if he decides to run again.", "persistent": false, "language": "en-US", "user": null}, {"source": "https://www.lemonde.fr/en/rss/une.xml", "link": "https://www.lemonde.fr/en/international/article/2023/02/05/diplomatic-crisis-escalates-after-us-destroys-chinese-spying-balloon_6014483_4.html", "title": "Diplomatic crisis escalates after US destroys Chinese spying balloon", "date_published": "2023-02-05 11:17:08+00:00", "description": "A US fighter jet ended the flight of the surveillance aircraft over US airspace on February 5. The Chinese Foreign Ministry condemned the attack on 'a civilian unmanned airship.'", "persistent": false, "language": "en-US", "user": null}, {"source": "https://www.lemonde.fr/en/rss/une.xml", "link": "https://www.lemonde.fr/en/obituaries/article/2023/02/05/pervez-musharraf-pakistan-martial-ruler-in-9-11-wars-dies_6014479_15.html", "title": "Pervez Musharraf, Pakistan martial ruler in 9/11 wars, dies", "date_published": "2023-02-05 10:41:48+00:00", "description": "General Musharraf faced many controversies as president, from supporting the US war in Afghanistan to giving himself sweeping powers to rule the South Asian country.", "persistent": false, "language": "en-US", "user": null}, {"source": "https://www.lemonde.fr/en/rss/une.xml", "link": "https://www.lemonde.fr/en/economy/article/2023/02/05/between-satisfaction-and-disillusionment-the-european-single-market-celebrates-its-30th-anniversary_6014478_19.html", "title": "Between satisfaction and disillusionment, the European single market celebrates its 30th anniversary", "date_published": "2023-02-05 10:00:13+00:00", "description": "In January 1993, the free movement of goods, services, people, and capital was introduced between member states of the European Union in order to strengthen their economic integration. While the commercial benefits are undeniable, it has also had mixed effects and intensified the brain drain in the east of Europe.", "persistent": false, "language": "en-US", "user": null}, {"source": "https://www.lemonde.fr/en/rss/une.xml", "link": "https://www.lemonde.fr/en/m-le-mag/article/2023/02/05/the-french-town-still-disturbed-by-the-memory-of-ayatollah-khomeini_6014472_117.html", "title": "The French town still disturbed by the memory of Ayatollah Khomeini", "date_published": "2023-02-05 08:30:09+00:00", "description": "In 1979, Khomeini spent his last months in exile in Neauphle-le-Ch\u00e2teau, in the Paris region. On January 25, the sign marking the leader's connection to the town was vandalized.", "persistent": false, "language": "en-US", "user": null}, {"source": "https://www.lemonde.fr/en/rss/une.xml", "link": "https://www.lemonde.fr/en/le-monde-africa/article/2023/02/05/short-of-doctors-senegal-faces-a-brain-drain-to-france_6014471_124.html", "title": "Short of doctors, Senegal faces a brain drain to France", "date_published": "2023-02-05 07:00:16+00:00", "description": "France recently presented a law that could make it easier for foreign doctors to come to the country.", "persistent": false, "language": "en-US", "user": null}, {"source": "https://www.lemonde.fr/en/rss/une.xml", "link": "https://www.lemonde.fr/en/international/article/2023/02/05/video-game-coaching-a-booming-business_6014469_4.html", "title": "Video game coaching, a booming business", "date_published": "2023-02-05 04:12:11+00:00", "description": "With the growing popularity of esports, a wide range of personalized courses given by experienced gamers has been growing online in recent years.", "persistent": false, "language": "en-US", "user": null}, {"source": "https://www.lemonde.fr/en/rss/une.xml", "link": "https://www.lemonde.fr/en/environment/article/2023/02/05/lula-takes-action-to-end-gold-mining-in-the-indigenous-yanomami-territory_6014466_114.html", "title": "Lula takes action to end gold mining in the indigenous Yanomami territory", "date_published": "2023-02-05 03:55:06+00:00", "description": "The Lula government wants to cut off supplies to the gold miners who have invaded and polluted the territory in the Amazon with mercury, causing famine among this indigenous people.", "persistent": false, "language": "en-US", "user": null}, {"source": "https://www.lemonde.fr/en/rss/une.xml", "link": "https://www.lemonde.fr/en/lifestyle/article/2023/02/05/in-copenhagen-a-fashion-week-in-sustainable-style_6014463_37.html", "title": "In Copenhagen, a fashion week in sustainable style", "date_published": "2023-02-05 03:19:21+00:00", "description": "Denmark's capital has placed environmental responsibility at the heart of its fashion week, highlighting young and daring designers with affordable wardrobes.", "persistent": false, "language": "en-US", "user": null}, {"source": "https://www.lemonde.fr/en/rss/une.xml", "link": "https://www.lemonde.fr/en/m-le-mag/article/2023/02/05/two-former-guantanmo-prisoners-on-a-mission-to-prevent-the-radicalization-of-young-muslims_6014458_117.html", "title": "Two former Guantanmo prisoners on a mission to prevent the radicalization of young Muslims", "date_published": "2023-02-05 02:44:12+00:00", "description": "Celebrating the release of a comic book that traces their journey from French suburbs to an Al-Qaeda camp and then Guantanamo Bay, Mourad Benchellali and Nizar Sassi look to raise awareness about the pitfalls of radicalization threatening suburban youth.", "persistent": false, "language": "en-US", "user": null}, {"source": "https://www.lemonde.fr/en/rss/une.xml", "link": "https://www.lemonde.fr/en/international/article/2023/02/05/ukraine-fends-off-latest-russian-assault-on-bakhmut_6014456_4.html", "title": "Ukraine fends off latest Russian assault on Bakhmut", "date_published": "2023-02-05 02:05:30+00:00", "description": "Officials meanwhile recovered the bodies of two British volunteers, killed trying to help evacuate people from the eastern warzone.", "persistent": false, "language": "en-US", "user": null}, {"source": "https://www.lemonde.fr/en/rss/une.xml", "link": "https://www.lemonde.fr/en/international/article/2023/02/05/reasons-for-sweden-s-nato-membership-deadlock_6014453_4.html", "title": "Reasons for Sweden's NATO membership deadlock", "date_published": "2023-02-05 01:36:23+00:00", "description": "To overcome the opposition of Turkish President Recep Tayyip Erdogan, Stockholm has tried everything, but in vain.", "persistent": false, "language": "en-US", "user": null}, {"source": "https://www.lemonde.fr/en/rss/une.xml", "link": "https://www.lemonde.fr/en/politics/article/2023/02/05/pension-reform-elisabeth-borne-announces-that-those-who-started-working-between-the-ages-of-20-and-21-will-be-able-to-retire-at-63_6014450_5.html", "title": "Pension reform: Elisabeth Borne announces that those who started working between the ages of 20 and 21 will be able to retire at 63", "date_published": "2023-02-05 00:26:45+00:00", "description": "The Prime Minister's announcement comes at the request of the elected representatives of the right, who want to avoid forcing those who started working the earliest to have to work the longest.", "persistent": false, "language": "en-US", "user": null}], "source": {"url": "https://www.lemonde.fr/en/rss/une.xml", "title": "Le Monde"}}