{"entries": [{"source": "https://www.theverge.com/rss/index.xml", "link": "https://www.theverge.com/2023/2/5/23586577/elon-musk-bots-good-content-twitters-api-free", "title": "Elon Musk says bots with \u2018good content\u2019 can use Twitter\u2019s API for free", "date_published": "2023-02-05 18:42:39+00:00", "description": "<figure>\n      <img alt=\"Elon Musk in front of the Twitter logo.\" src=\"https://cdn.vox-cdn.com/thumbor/Ocl-VVmaoOlIgrBW2o-1y5x9W1k=/0x0:2040x1360/1310x873/cdn.vox-cdn.com/uploads/chorus_image/image/71942867/VRG_Illo_STK022_K_Radtke_Musk_Twitter_Upside_Down.0.jpg\" />\n        <figcaption>Illustration by Kristen Radtke / The Verge; Getty Images</figcaption>\n    </figure>\n\n  <p id=\"HwoUC2\">Elon Musk says Twitter will let bots providing \u201cgood content\u201d access the Twitter API for free. As noted in a <a href=\"https://twitter.com/elonmusk/status/1622082025166442505?s=20&amp;t=XMiz3fSEEt9UKwVcx1C4zw\">post on Twitter</a>, Musk announced that the platform will enable a \u201clight, write-only\u201d API for eligible bots \u2014 a partial reversal of his policy that puts API access behind a paywall.</p>\n<p id=\"SCMSHR\">After <a href=\"https://www.theverge.com/2023/1/19/23562947/twitter-third-party-client-tweetbot-twitterific-ban-rules\">shutting down third-party clients</a>, like Tweetbot and Twitterrific, Twitter announced last week that <a href=\"https://www.theverge.com/2023/2/2/23582615/twitter-removing-free-api-developer-apps-price-announcement\">developers will need to sign up for a \u201cpaid basic tier\u201d</a> to access Twitter\u2019s API starting on February 9th. At the time, <a href=\"https://twitter.com/elonmusk/status/1621259936524300289?s=20&amp;t=sZg1ZZlNZrzeOAuIeKkIhw\">Musk justified</a> the move by saying that the free API is \u201cbeing abused\u201d by bot scammers and spammers, adding that an around $100 per month subscription \u201cwith ID verification\u201d can \u201cclean things up greatly.\u201d </p>\n<div id=\"jvmTTa\">\n<blockquote class=\"twitter-tweet\">\n<p dir=\"ltr\" lang=\"en\">Responding to feedback,...</p>\n</blockquote>\n</div>\n  <p>\n    <a href=\"https://www.theverge.com/2023/2/5/23586577/elon-musk-bots-good-content-twitters-api-free\">Continue reading&hellip;</a>\n  </p>", "persistent": false, "language": "en-US", "user": null}, {"source": "https://www.theverge.com/rss/index.xml", "link": "https://www.theverge.com/2023/2/5/23586459/apple-iphone-ultra-2024-price", "title": "Apple could introduce a pricier iPhone \u2018Ultra\u2019 in 2024", "date_published": "2023-02-05 15:39:21+00:00", "description": "<figure>\n      <img alt=\"iPhone Pro models on a bed of bouncy balls.\" src=\"https://cdn.vox-cdn.com/thumbor/h4syQ_jMCwKEg7fseSQAlTCbFuo=/0x0:2040x1360/1310x873/cdn.vox-cdn.com/uploads/chorus_image/image/71942545/226270_iPHONE_14_PHO_akrales_0724.0.jpg\" />\n        <figcaption>Photo by Amelia Holowaty Krales / The Verge</figcaption>\n    </figure>\n\n  <p id=\"fpmtbI\">Apple\u2019s exploring the possibility of launching a more expensive iPhone \u201cUltra\u201d above the iPhone Pro and Pro Max models, <a href=\"https://www.bloomberg.com/news/newsletters/2023-02-05/is-an-iphone-ultra-or-iphone-fold-coming-from-apple-ceo-remarks-offer-clues-ldrhx53a\">according to Apple tracker Mark Gurman</a>. The high-end device could arrive as soon as 2024 with the iPhone 16 lineup.</p>\n<p id=\"CIWvCc\">Last September, Gurman predicted that an \u201c<a href=\"https://www.theverge.com/2022/9/25/23371160/iphone-15-ultra-replace-pro-max-apple-rumors-usb-c\">Ultra\u201d model could replace the Pro Max branding</a> with this year\u2019s iPhone 15, but his latest theory suggests that Apple wants to establish a more powerful \u2014 and more expensive \u2014 tier of iPhones. That means the device could have an even higher price tag than the <a href=\"https://www.theverge.com/23351948/apple-iphone-14-pro-review\">iPhone 14 Pro Max</a>, which starts at $1,099.</p>\n<p id=\"IlS0wJ\">During <a href=\"https://www.theverge.com/2023/2/2/23583244/apple-iphone-14-q1-2023-earnings-pro-shortage-mac\">Apple\u2019s earnings call last week</a>, Apple CEO Tim Cook didn\u2019t rule out the possibility of a future price increase on iPhones. He instead indicated that customers...</p>\n  <p>\n    <a href=\"https://www.theverge.com/2023/2/5/23586459/apple-iphone-ultra-2024-price\">Continue reading&hellip;</a>\n  </p>", "persistent": false, "language": "en-US", "user": null}, {"source": "https://www.theverge.com/rss/index.xml", "link": "https://www.theverge.com/23584507/samsung-smartthings-station-review-smart-home-hub-matter-thread", "title": "Samsung\u2019s SmartThings Station is a\u00a0smart home\u00a0hub worth plugging in", "date_published": "2023-02-05 15:00:00+00:00", "description": "<p>The newest SmartThings hub can also charge your smartphone and find your keys \u2014 plus it\u2019s a Matter controller and Thread border router. But there\u2019s no support for Z-Wave, and too many features are only for Galaxy phones.</p>\n  <p>\n    <a href=\"https://www.theverge.com/23584507/samsung-smartthings-station-review-smart-home-hub-matter-thread\">Continue reading&hellip;</a>\n  </p>", "persistent": false, "language": "en-US", "user": null}], "source": {"url": "https://www.theverge.com/rss/index.xml", "title": "The Verge"}}