{"entries": [{"source": "https://rss.politico.com/politics-news.xml", "link": "https://www.politico.com/news/2023/02/05/koch-network-donald-trump-endorse-00081237", "title": "Koch network looking away from Trump in GOP presidential primary", "date_published": "2023-02-05 12:25:58+00:00", "description": "\"The best thing for the country would be to have a president in 2025 who represents a new chapter,\" a letter from the organization's CEO, Emily Seidel, said.", "persistent": false, "language": "en-US", "user": null}], "source": {"url": "https://rss.politico.com/politics-news.xml", "title": "Politico"}}