[{"source": "https://www.youtube.com/feeds/videos.xml?channel_id=UCwUizOU8pPWXdXNniXypQEQ", "title": "The Most Effective Exercise Weapon - Assault Bike", "description": "Get your EMF Blocking Products at https://boncharge.com/jp \nUse Code \"JP\" For 15% Off!\n\nGet your Freedom Merch Here - https://bit.ly/3SqObSZ\n\nUpcoming LIVE shows - https://awakenwithjp.com/pages/tour\n\nGet updates from me via email here: https://awakenwithjp.com/joinme\n\nEverything you need to know about the experience of using an assault bike!\n\nListen and Subscribe to my Podcast here: \nhttps://apple.co/3fFTbPC\n\nConnect with me at: \nhttp://www.facebook.com/AwakenWithJP\nhttp://www.Instagram.com/AwakenWithJP\nhttps://rumble.com/AwakenWithJP\nhttp://www.twitter.com/AwakenWithJP\nhttps://mewe.com/p/awakenwithjp\nhttps://parler.com/profile/AwakenWithJP\nhttp://www.AwakenWithJP.com", "link": "https://www.youtube.com/watch?v=x6UyziJYpao", "date_published": "2023-03-28 22:00:22+00:00", "persistent": false, "user": null, "language": "en-US"}]