[{"source": "https://wydarzenia.interia.pl/swiat/feed", "title": "Ukraina: Wypadek autokaru z Warszawy. Znamy liczb\u0119 rannych", "description": "<p><a href=\"https://wydarzenia.interia.pl/zagranica/news-ukraina-wypadek-autokaru-z-warszawy-znamy-liczbe-rannych,nId,6683009\"><img align=\"left\" alt=\"Ukraina: Wypadek autokaru z Warszawy. Znamy liczb\u0119 rannych\" src=\"https://i.iplsc.com/ukraina-wypadek-autokaru-z-warszawy-znamy-liczbe-rannych/000GYCW4F6KECHGR-C321.jpg\" /></a>Autokar, kt\u00f3ry jecha\u0142 z Warszawy do Odessy, przewr\u00f3ci\u0142 si\u0119 w obwodzie chmielnickim.\u00a018 os\u00f3b zosta\u0142o rannych, trzy a nich trafi\u0142y na oddzia\u0142 intensywnej terapii. Autobusem podr\u00f3\u017cowa\u0142o \u0142\u0105cznie 25 os\u00f3b i dw\u00f3ch kierowc\u00f3w.\n\n \n</p><br clear=\"all\" />", "link": "https://wydarzenia.interia.pl/zagranica/news-ukraina-wypadek-autokaru-z-warszawy-znamy-liczbe-rannych,nId,6683009", "date_published": "2023-03-28 12:01:26+00:00", "persistent": false, "user": null, "language": "pl-PL"}, {"source": "https://wydarzenia.interia.pl/swiat/feed", "title": "Kim Dzong Un znowu straszy. Pokaza\u0142 nowe g\u0142owice", "description": "<p><a href=\"https://wydarzenia.interia.pl/zagranica/news-kim-dzong-un-znowu-straszy-pokazal-nowe-glowice,nId,6682672\"><img align=\"left\" alt=\"Kim Dzong Un znowu straszy. Pokaza\u0142 nowe g\u0142owice\" src=\"https://i.iplsc.com/kim-dzong-un-znowu-straszy-pokazal-nowe-glowice/000GYAKXPWHOXPPF-C321.jpg\" /></a>Kim Dzong Un zaprezentowa\u0142 nowe, mniejsze g\u0142owice nuklearne. Przyw\u00f3dca Korei P\u00f3\u0142nocnej podkre\u015bli\u0142 przy tym, \u017ce nie chodzi o atak na \u017cadne konkretne pa\u0144stwo, ale gotowo\u015b\u0107 w razie &quot;wojny i nuklearnej katastrofy&quot;.</p><br clear=\"all\" />", "link": "https://wydarzenia.interia.pl/zagranica/news-kim-dzong-un-znowu-straszy-pokazal-nowe-glowice,nId,6682672", "date_published": "2023-03-28 06:17:50+00:00", "persistent": false, "user": null, "language": "pl-PL"}, {"source": "https://wydarzenia.interia.pl/swiat/feed", "title": "Rosja wystrzeli\u0142a dwa pociski hipersoniczne. \u0106wiczenia na Morzu Japo\u0144skim", "description": "<p><a href=\"https://wydarzenia.interia.pl/zagranica/news-rosja-wystrzelila-dwa-pociski-hipersoniczne-cwiczenia-na-mor,nId,6682662\"><img align=\"left\" alt=\"Rosja wystrzeli\u0142a dwa pociski hipersoniczne. \u0106wiczenia na Morzu Japo\u0144skim\" src=\"https://i.iplsc.com/rosja-wystrzelila-dwa-pociski-hipersoniczne-cwiczenia-na-mor/000GYAHZVWWVMJUP-C321.jpg\" /></a>Rosja wystrzeli\u0142a pociski hipersoniczne Moskit na wodach Morza Japo\u0144skiego - poda\u0142o Ministerstwo Obrony Federacji Rosyjskiej w czwartek. Jak przekazano, podczas \u0107wicze\u0144 dwa okr\u0119ty przeprowadzi\u0142y wsp\u00f3lny na oddalony o 100 kilometr\u00f3w cel.</p><br clear=\"all\" />", "link": "https://wydarzenia.interia.pl/zagranica/news-rosja-wystrzelila-dwa-pociski-hipersoniczne-cwiczenia-na-mor,nId,6682662", "date_published": "2023-03-28 05:10:55+00:00", "persistent": false, "user": null, "language": "pl-PL"}, {"source": "https://wydarzenia.interia.pl/swiat/feed", "title": "Wojna w Ukrainie. 398. dzie\u0144 inwazji Rosji. Relacja na \u017cywo", "description": "<p><a href=\"https://wydarzenia.interia.pl/raporty/raport-ukraina-rosja/nazywo/na-zywo-wojna-w-ukrainie-398-dzien-inwazji-rosji-relacja-na-zywo,nzId,3975,akt,280715\"><img align=\"left\" alt=\"Wojna w Ukrainie. 398. dzie\u0144 inwazji Rosji. Relacja na \u017cywo\" src=\"https://i.iplsc.com/wojna-w-ukrainie-398-dzien-inwazji-rosji-relacja-na-zywo/000GYAFTAXTCACXP-C321.jpg\" /></a>Najnowsze informacje z Ukrainy. \u015aled\u017a relacj\u0119 na \u017cywo w Interii</p><br clear=\"all\" />", "link": "https://wydarzenia.interia.pl/raporty/raport-ukraina-rosja/nazywo/na-zywo-wojna-w-ukrainie-398-dzien-inwazji-rosji-relacja-na-zywo,nzId,3975,akt,280715", "date_published": "2023-03-28 03:31:15+00:00", "persistent": false, "user": null, "language": "pl-PL"}, {"source": "https://wydarzenia.interia.pl/swiat/feed", "title": "Wojna w Ukrainie. 398. dzie\u0144 inwazji Rosji. Relacja na \u017cywo", "description": "<p><a href=\"https://wydarzenia.interia.pl/raporty/raport-ukraina-rosja/nazywo/na-zywo-wojna-w-ukrainie-398-dzien-inwazji-rosji-relacja-na-zywo,nzId,3975,akt,280817\"><img align=\"left\" alt=\"Wojna w Ukrainie. 398. dzie\u0144 inwazji Rosji. Relacja na \u017cywo\" src=\"https://i.iplsc.com/wojna-w-ukrainie-398-dzien-inwazji-rosji-relacja-na-zywo/000GYAFTAXTCACXP-C321.jpg\" /></a>Najnowsze informacje z Ukrainy. \u015aled\u017a relacj\u0119 na \u017cywo w Interii</p><br clear=\"all\" />", "link": "https://wydarzenia.interia.pl/raporty/raport-ukraina-rosja/nazywo/na-zywo-wojna-w-ukrainie-398-dzien-inwazji-rosji-relacja-na-zywo,nzId,3975,akt,280817", "date_published": "2023-03-28 03:31:15+00:00", "persistent": false, "user": null, "language": "pl-PL"}, {"source": "https://wydarzenia.interia.pl/swiat/feed", "title": "Wojna w Ukrainie. 398. dzie\u0144 inwazji Rosji. Relacja na \u017cywo", "description": "<p><a href=\"https://wydarzenia.interia.pl/raporty/raport-ukraina-rosja/nazywo/na-zywo-wojna-w-ukrainie-398-dzien-inwazji-rosji-relacja-na-zywo,nzId,3975,akt,280908\"><img align=\"left\" alt=\"Wojna w Ukrainie. 398. dzie\u0144 inwazji Rosji. Relacja na \u017cywo\" src=\"https://i.iplsc.com/wojna-w-ukrainie-398-dzien-inwazji-rosji-relacja-na-zywo/000GYAFTAXTCACXP-C321.jpg\" /></a>Najnowsze informacje z Ukrainy. \u015aled\u017a relacj\u0119 na \u017cywo w Interii</p><br clear=\"all\" />", "link": "https://wydarzenia.interia.pl/raporty/raport-ukraina-rosja/nazywo/na-zywo-wojna-w-ukrainie-398-dzien-inwazji-rosji-relacja-na-zywo,nzId,3975,akt,280908", "date_published": "2023-03-28 03:31:15+00:00", "persistent": false, "user": null, "language": "pl-PL"}, {"source": "https://wydarzenia.interia.pl/swiat/feed", "title": "Wojna w Ukrainie. 398. dzie\u0144 inwazji Rosji. Relacja na \u017cywo", "description": "<p><a href=\"https://wydarzenia.interia.pl/raporty/raport-ukraina-rosja/nazywo/na-zywo-wojna-w-ukrainie-398-dzien-inwazji-rosji-relacja-na-zywo,nzId,3975,akt,280959\"><img align=\"left\" alt=\"Wojna w Ukrainie. 398. dzie\u0144 inwazji Rosji. Relacja na \u017cywo\" src=\"https://i.iplsc.com/wojna-w-ukrainie-398-dzien-inwazji-rosji-relacja-na-zywo/000GYAFTAXTCACXP-C321.jpg\" /></a>Najnowsze informacje z Ukrainy. \u015aled\u017a relacj\u0119 na \u017cywo w Interii</p><br clear=\"all\" />", "link": "https://wydarzenia.interia.pl/raporty/raport-ukraina-rosja/nazywo/na-zywo-wojna-w-ukrainie-398-dzien-inwazji-rosji-relacja-na-zywo,nzId,3975,akt,280959", "date_published": "2023-03-28 03:31:15+00:00", "persistent": false, "user": null, "language": "pl-PL"}, {"source": "https://wydarzenia.interia.pl/swiat/feed", "title": "Wojna w Ukrainie. 398. dzie\u0144 inwazji Rosji. Relacja na \u017cywo", "description": "<p><a href=\"https://wydarzenia.interia.pl/raporty/raport-ukraina-rosja/nazywo/na-zywo-wojna-w-ukrainie-398-dzien-inwazji-rosji-relacja-na-zywo,nzId,3975,akt,281102\"><img align=\"left\" alt=\"Wojna w Ukrainie. 398. dzie\u0144 inwazji Rosji. Relacja na \u017cywo\" src=\"https://i.iplsc.com/wojna-w-ukrainie-398-dzien-inwazji-rosji-relacja-na-zywo/000GYAFTAXTCACXP-C321.jpg\" /></a>Najnowsze informacje z Ukrainy. \u015aled\u017a relacj\u0119 na \u017cywo w Interii</p><br clear=\"all\" />", "link": "https://wydarzenia.interia.pl/raporty/raport-ukraina-rosja/nazywo/na-zywo-wojna-w-ukrainie-398-dzien-inwazji-rosji-relacja-na-zywo,nzId,3975,akt,281102", "date_published": "2023-03-28 03:31:15+00:00", "persistent": false, "user": null, "language": "pl-PL"}]