[{"source": "https://feeds.washingtonpost.com/rss/world?itid=lk_inline_manual_36", "title": "Brazil hits 700,000 virus deaths, 2nd highest in the world", "description": "Brazil\u2019s government has reported the 700,000th death from COVID-19 in the South American nation, which has the second most victims of the virus after the United States", "link": "https://www.washingtonpost.com/world/2023/03/28/brazil-covid-cornavirus-death-toll/f06396de-cdba-11ed-8907-156f0390d081_story.html?utm_source=rss&utm_medium=referral&utm_campaign=wp_world", "date_published": "2023-03-28 18:50:30+00:00", "persistent": false, "user": null, "language": "en-US"}, {"source": "https://feeds.washingtonpost.com/rss/world?itid=lk_inline_manual_36", "title": "Girl's body pulled from Ecuador landslide, raising toll to 8", "description": "Rescuers have pulled the body of a 6-year-old girl from the rubble of a house buried by a big landslide in central Ecuador, raising the confirmed death toll to eight", "link": "https://www.washingtonpost.com/world/2023/03/28/ecuador-landslide-rescue-rubble/5470257a-cdb1-11ed-8907-156f0390d081_story.html?utm_source=rss&utm_medium=referral&utm_campaign=wp_world", "date_published": "2023-03-28 17:41:42+00:00", "persistent": false, "user": null, "language": "en-US"}, {"source": "https://feeds.washingtonpost.com/rss/world?itid=lk_inline_manual_36", "title": "Ernie Bot, China\u2019s answer to ChatGPT, is delayed \u2014 again", "description": "Baidu's Ernie Bot is not being rolled out to the public. But we found Ernie Bot shuts down the conversation when asked about anything remotely sensitive.", "link": "https://www.washingtonpost.com/world/2023/03/28/china-baidu-chatbot-ai-ernie/?utm_source=rss&utm_medium=referral&utm_campaign=wp_world", "date_published": "2023-03-28 16:18:40+00:00", "persistent": false, "user": null, "language": "en-US"}, {"source": "https://feeds.washingtonpost.com/rss/world?itid=lk_inline_manual_36", "title": "France battered by protests over pension plans as Macron holds firm", "description": "Emmanuel Macron is staking his reputation and legacy on a raising the retirement age, but the plan \u2014 and the way he pushed it through \u2014 remains deeply unpopular.", "link": "https://www.washingtonpost.com/world/2023/03/28/france-pension-reform-retirement-protests/?utm_source=rss&utm_medium=referral&utm_campaign=wp_world", "date_published": "2023-03-28 13:53:20+00:00", "persistent": false, "user": null, "language": "en-US"}, {"source": "https://feeds.washingtonpost.com/rss/world?itid=lk_inline_manual_36", "title": "Visitors flock to see David sculpture after Florida uproar", "description": "Visitors have flocked to see Michelangelo\u2019s David sculpture in Florence following the uproar over the Renaissance masterpiece at a Florida school", "link": "https://www.washingtonpost.com/world/2023/03/28/italy-florida-hillsdale-david-michelangelo/4f33d6e6-cd8f-11ed-8907-156f0390d081_story.html?utm_source=rss&utm_medium=referral&utm_campaign=wp_world", "date_published": "2023-03-28 13:38:11+00:00", "persistent": false, "user": null, "language": "en-US"}, {"source": "https://feeds.washingtonpost.com/rss/world?itid=lk_inline_manual_36", "title": "Pirates board oil tanker with 16 crew in Gulf of Guinea", "description": "Pirates have boarded a Liberian-flagged tanker oil tanker with 16 crew members in the Gulf of Guinea", "link": "https://www.washingtonpost.com/world/2023/03/28/pirates-gulf-of-guinea-congo-africa/96a48516-cd85-11ed-8907-156f0390d081_story.html?utm_source=rss&utm_medium=referral&utm_campaign=wp_world", "date_published": "2023-03-28 12:28:36+00:00", "persistent": false, "user": null, "language": "en-US"}, {"source": "https://feeds.washingtonpost.com/rss/world?itid=lk_inline_manual_36", "title": "Randall Robinson, founder of influential Africa lobby, dies at 81", "description": "The founding executive director of TransAfrica was for years the foremost U.S. activist representing Africans and the African diaspora.", "link": "https://www.washingtonpost.com/obituaries/2023/03/28/randall-robinson-transafrica-dead/?utm_source=rss&utm_medium=referral&utm_campaign=wp_world", "date_published": "2023-03-28 12:10:13+00:00", "persistent": false, "user": null, "language": "en-US"}, {"source": "https://feeds.washingtonpost.com/rss/world?itid=lk_inline_manual_36", "title": "Pakistan says it will skip US democracy summit amid turmoil", "description": "Pakistan says it will not participate in this week\u2019s U.S.-led Summit for Democracy, a move seen in part as an effort by the impoverished Islamic nation to assuage longtime ally China, which was not invited", "link": "https://www.washingtonpost.com/world/2023/03/28/pakistan-summit-democracy-china-us/092ba588-cd81-11ed-8907-156f0390d081_story.html?utm_source=rss&utm_medium=referral&utm_campaign=wp_world", "date_published": "2023-03-28 11:56:00+00:00", "persistent": false, "user": null, "language": "en-US"}, {"source": "https://feeds.washingtonpost.com/rss/world?itid=lk_inline_manual_36", "title": "Boat carrying 32 capsizes in eastern Caribbean; 16 missing", "description": "Authorities say one person has died and 16 are missing after a boat capsized near the eastern Caribbean island of St. Kitts", "link": "https://www.washingtonpost.com/world/2023/03/28/antigua-boat-capsized-missing-dead/09ba8f22-cd7d-11ed-8907-156f0390d081_story.html?utm_source=rss&utm_medium=referral&utm_campaign=wp_world", "date_published": "2023-03-28 11:45:56+00:00", "persistent": false, "user": null, "language": "en-US"}, {"source": "https://feeds.washingtonpost.com/rss/world?itid=lk_inline_manual_36", "title": "Brueghel work found in dim French TV room sells for $845,000", "description": "One of Flemish painter Pieter Brueghel the Younger\u2019s largest known works, whose discovery behind the television room door of a house in northern France amazed the art world, has fetched 780,000 euros ($845,000) at auction in Paris", "link": "https://www.washingtonpost.com/world/2023/03/28/france-brueghel-younger-painting-discovery-auction/0c611532-cd7f-11ed-8907-156f0390d081_story.html?utm_source=rss&utm_medium=referral&utm_campaign=wp_world", "date_published": "2023-03-28 11:41:47+00:00", "persistent": false, "user": null, "language": "en-US"}, {"source": "https://feeds.washingtonpost.com/rss/world?itid=lk_inline_manual_36", "title": "Brazil has a new biggest favela, and not in Rio de Janeiro", "description": "For the first time since poverty, lack of opportunity and economic inequality caused favelas to mushroom across many of the nation\u2019s cities, Brazil\u2019s biggest favela isn\u2019t in Rio de Janeiro", "link": "https://www.washingtonpost.com/world/2023/03/28/brazil-favela-poverty-housing-economy-development/6162c55a-cd7d-11ed-8907-156f0390d081_story.html?utm_source=rss&utm_medium=referral&utm_campaign=wp_world", "date_published": "2023-03-28 11:29:50+00:00", "persistent": false, "user": null, "language": "en-US"}, {"source": "https://feeds.washingtonpost.com/rss/world?itid=lk_inline_manual_36", "title": "Ethiopia\u2019s PM announces outreach to rebel group in Oromia", "description": "Ethiopia\u2019s prime minister says his administration is attempting talks with an outlawed rebel group operating mainly in the restive Oromia region", "link": "https://www.washingtonpost.com/world/2023/03/28/ethiopia-rebels-oromia-conflict/0965ddb2-cd7b-11ed-8907-156f0390d081_story.html?utm_source=rss&utm_medium=referral&utm_campaign=wp_world", "date_published": "2023-03-28 11:13:04+00:00", "persistent": false, "user": null, "language": "en-US"}, {"source": "https://feeds.washingtonpost.com/rss/world?itid=lk_inline_manual_36", "title": "Greek police arrest 2 suspected of planning terror attacks", "description": "Police in Greece say they have arrested two terrorism suspects who had been planning attacks in the country aimed at causing mass casualties", "link": "https://www.washingtonpost.com/world/2023/03/28/greece-terrorism-arrests/fc8e5904-cd78-11ed-8907-156f0390d081_story.html?utm_source=rss&utm_medium=referral&utm_campaign=wp_world", "date_published": "2023-03-28 11:11:52+00:00", "persistent": false, "user": null, "language": "en-US"}, {"source": "https://feeds.washingtonpost.com/rss/world?itid=lk_inline_manual_36", "title": "North Korean hackers play the \u2018long con\u2019 by targeting experts", "description": "North Korea's cyberattack capabilities are becoming more sophisticated in the service of Kim Jong Un\u2019s nuclear ambitions, according to a new report.", "link": "https://www.washingtonpost.com/world/2023/03/28/north-korea-hackers-phishing-attack/?utm_source=rss&utm_medium=referral&utm_campaign=wp_world", "date_published": "2023-03-28 11:00:00+00:00", "persistent": false, "user": null, "language": "en-US"}, {"source": "https://feeds.washingtonpost.com/rss/world?itid=lk_inline_manual_36", "title": "EU deal to move migrant children from Greece officially ends", "description": "A voluntary scheme joined by European Union member states to accept unaccompanied migrant children from Greece has officially ended as the bloc still struggles to hammer out a comprehensive new migration agreement", "link": "https://www.washingtonpost.com/world/2023/03/28/migration-children-greece-eu-portugal-commission/d2dbefe2-cd76-11ed-8907-156f0390d081_story.html?utm_source=rss&utm_medium=referral&utm_campaign=wp_world", "date_published": "2023-03-28 10:42:54+00:00", "persistent": false, "user": null, "language": "en-US"}, {"source": "https://feeds.washingtonpost.com/rss/world?itid=lk_inline_manual_36", "title": "US, UK sanction 6 Syria-linked amphetamine traffickers", "description": "The U.S. and U.K. say they have slapped sanctions on four Syrians and two Lebanese involved in manufacturing and trafficking the amphetamine drug Captagon", "link": "https://www.washingtonpost.com/world/2023/03/28/syria-sanctions-us-uk-captagon-assad/8677b236-cd75-11ed-8907-156f0390d081_story.html?utm_source=rss&utm_medium=referral&utm_campaign=wp_world", "date_published": "2023-03-28 10:33:37+00:00", "persistent": false, "user": null, "language": "en-US"}, {"source": "https://feeds.washingtonpost.com/rss/world?itid=lk_inline_manual_36", "title": "Russia sentences dad to jail after daughter\u2019s antiwar art, but he flees", "description": "With his 13-year-old daughter already confined to an orphanage, Alexei Moskalyov made a dramatic escape rather than face two years in prison for posting antiwar views online.", "link": "https://www.washingtonpost.com/world/2023/03/28/dad-sentenced-antiwar-picture-russia/?utm_source=rss&utm_medium=referral&utm_campaign=wp_world", "date_published": "2023-03-28 10:25:43+00:00", "persistent": false, "user": null, "language": "en-US"}, {"source": "https://feeds.washingtonpost.com/rss/world?itid=lk_inline_manual_36", "title": "India's warm weather plans can't take the heat, report says", "description": "With temperatures set to soar next month, Indian authorities need more resources and better preparation to deal with searing heat particularly for the most vulnerable communities around the country, a New Delhi-based think tank said", "link": "https://www.washingtonpost.com/world/2023/03/28/heat-plans-climate-india/49cbc23e-cd73-11ed-8907-156f0390d081_story.html?utm_source=rss&utm_medium=referral&utm_campaign=wp_world", "date_published": "2023-03-28 10:17:36+00:00", "persistent": false, "user": null, "language": "en-US"}, {"source": "https://feeds.washingtonpost.com/rss/world?itid=lk_inline_manual_36", "title": "Russia convicts father of teen who drew antiwar pictures", "description": "Officials say a Russian court has convicted a single father over social media posts criticizing the war in Ukraine and sentenced him to two years in prison", "link": "https://www.washingtonpost.com/world/2023/03/28/russia-ukraine-war-crackdown-opposition-father-drawing/8e460456-cd6e-11ed-8907-156f0390d081_story.html?utm_source=rss&utm_medium=referral&utm_campaign=wp_world", "date_published": "2023-03-28 09:43:43+00:00", "persistent": false, "user": null, "language": "en-US"}, {"source": "https://feeds.washingtonpost.com/rss/world?itid=lk_inline_manual_36", "title": "In Photos: Fire at migrant center in Mexico near U.S. border kills dozens", "description": "A fire broke out at a migrant detention facility close to the U.S.-Mexico border, killing at least 39 people and injuring 29, the Mexican government said Tuesday, calling the deaths a \u201ctragedy.\u201d", "link": "https://www.washingtonpost.com/world/interactive/2023/photos-fire-migrant-center-mexico-near-us-border-kills-dozens/?utm_source=rss&utm_medium=referral&utm_campaign=wp_world", "date_published": "2023-03-28 09:20:57+00:00", "persistent": false, "user": null, "language": "en-US"}, {"source": "https://feeds.washingtonpost.com/rss/world?itid=lk_inline_manual_36", "title": "EU defends its Libya migrant record over UN team allegations", "description": "The European Union is defending its record on helping relieve migrant suffering in Libya after U.N.-backed investigators accused the bloc of abetting human rights abuses and other crimes there", "link": "https://www.washingtonpost.com/world/2023/03/28/eu-libya-migration-united-nations/87c968b0-cd6a-11ed-8907-156f0390d081_story.html?utm_source=rss&utm_medium=referral&utm_campaign=wp_world", "date_published": "2023-03-28 09:14:54+00:00", "persistent": false, "user": null, "language": "en-US"}, {"source": "https://feeds.washingtonpost.com/rss/world?itid=lk_inline_manual_36", "title": "Uncrewed Russian spacecraft that leaked coolant lands safely", "description": "A Russian spacecraft has safely returned to Earth without a crew months after suffering a coolant leak in orbit", "link": "https://www.washingtonpost.com/world/2023/03/28/international-space-station-capsule-leak/36305d54-cd62-11ed-8907-156f0390d081_story.html?utm_source=rss&utm_medium=referral&utm_campaign=wp_world", "date_published": "2023-03-28 09:09:47+00:00", "persistent": false, "user": null, "language": "en-US"}, {"source": "https://feeds.washingtonpost.com/rss/world?itid=lk_inline_manual_36", "title": "What we know about the Nashville Christian school shooting", "description": "Here\u2019s some of what we know and don\u2019t know about the deadly shooting at The Covenant School in Nashville", "link": "https://www.washingtonpost.com/world/2023/03/28/nashville-school-shooting/4119b82e-cd66-11ed-8907-156f0390d081_story.html?utm_source=rss&utm_medium=referral&utm_campaign=wp_world", "date_published": "2023-03-28 08:58:51+00:00", "persistent": false, "user": null, "language": "en-US"}, {"source": "https://feeds.washingtonpost.com/rss/world?itid=lk_inline_manual_36", "title": "Posters near Vatican urge pope to stop Latin Mass crackdown", "description": "Posters calling on Pope Francis to stop his crackdown on the old Latin Mass have appeared around the Vatican", "link": "https://www.washingtonpost.com/world/2023/03/28/vatican-pope-latin-mass-conservative/c67faf3c-cd61-11ed-8907-156f0390d081_story.html?utm_source=rss&utm_medium=referral&utm_campaign=wp_world", "date_published": "2023-03-28 08:12:14+00:00", "persistent": false, "user": null, "language": "en-US"}, {"source": "https://feeds.washingtonpost.com/rss/world?itid=lk_inline_manual_36", "title": "Amnesty: West's 'double standards' fuel Mideast repression", "description": "A leading international rights group has decried what it said were double standards by Western countries that have rallied behind a \u201crobust response\u201d to Russia\u2019s invasion of Ukraine but remain \u201clukewarm\u201d on issues of human rights violations in the Middle East", "link": "https://www.washingtonpost.com/world/2023/03/28/amnesty-lebanon-syria-iran-saudi-rights/520d43be-cd5f-11ed-8907-156f0390d081_story.html?utm_source=rss&utm_medium=referral&utm_campaign=wp_world", "date_published": "2023-03-28 07:54:40+00:00", "persistent": false, "user": null, "language": "en-US"}, {"source": "https://feeds.washingtonpost.com/rss/world?itid=lk_inline_manual_36", "title": "Portugal: 2 dead, several injured in Muslim center stabbing", "description": "Portuguese police have shot a man suspected of stabbing two people to death at an Ismaili Muslim center in Lisbon", "link": "https://www.washingtonpost.com/world/2023/03/28/portugal-attack-muslim-center/e139d1ce-cd5a-11ed-8907-156f0390d081_story.html?utm_source=rss&utm_medium=referral&utm_campaign=wp_world", "date_published": "2023-03-28 07:48:28+00:00", "persistent": false, "user": null, "language": "en-US"}, {"source": "https://feeds.washingtonpost.com/rss/world?itid=lk_inline_manual_36", "title": "After protest pause, Israelis regroup for next round in judiciary battle", "description": "Despite the pause declared by Benjamin Netanyahu, both sides expect the battle over the future of Israel's judiciary to reignite soon.", "link": "https://www.washingtonpost.com/world/2023/03/28/israel-protests-judicial-reform-pause/?utm_source=rss&utm_medium=referral&utm_campaign=wp_world", "date_published": "2023-03-28 07:44:34+00:00", "persistent": false, "user": null, "language": "en-US"}, {"source": "https://feeds.washingtonpost.com/rss/world?itid=lk_inline_manual_36", "title": "Migration to Italy is soaring. And it\u2019s still the off-season.", "description": "People are reaching the country at a pace unmatched by any winter and early spring on record. Daily arrivals often surpass totals for the whole month in past years.", "link": "https://www.washingtonpost.com/world/2023/03/28/italy-migrants-sea-winter/?utm_source=rss&utm_medium=referral&utm_campaign=wp_world", "date_published": "2023-03-28 07:30:42+00:00", "persistent": false, "user": null, "language": "en-US"}, {"source": "https://feeds.washingtonpost.com/rss/world?itid=lk_inline_manual_36", "title": "Warehouse fire kills 11 people in China's northern province", "description": "Chinese authorities are investigating the cause of a fire that broke out at an abandoned refrigerated warehouse in the country\u2019s northern industrial province, Hebei", "link": "https://www.washingtonpost.com/world/2023/03/28/hebei-warehouse-fire-11-died/f91cf858-cd59-11ed-8907-156f0390d081_story.html?utm_source=rss&utm_medium=referral&utm_campaign=wp_world", "date_published": "2023-03-28 07:16:23+00:00", "persistent": false, "user": null, "language": "en-US"}, {"source": "https://feeds.washingtonpost.com/rss/world?itid=lk_inline_manual_36", "title": "Report: Renewable energy growth falls short of climate goal", "description": "The International Renewable Energy Agency says deployment of new wind and solar power plants needs to be drastically ramped up by the end of the decade to meet the world\u2019s climate goals", "link": "https://www.washingtonpost.com/world/2023/03/28/germany-renewable-energy-solar-wind-hydrogen/73cc18e6-cd59-11ed-8907-156f0390d081_story.html?utm_source=rss&utm_medium=referral&utm_campaign=wp_world", "date_published": "2023-03-28 07:12:39+00:00", "persistent": false, "user": null, "language": "en-US"}, {"source": "https://feeds.washingtonpost.com/rss/world?itid=lk_inline_manual_36", "title": "Why is Prince Harry in London? His (latest) battle against the press.", "description": "Prince Harry is joining Elton John and Elizabeth Hurley in taking Associated Newspapers and its tabloids to task for phone hacking and surveillance over the years.", "link": "https://www.washingtonpost.com/world/2023/03/28/prince-harry-high-court-media/?utm_source=rss&utm_medium=referral&utm_campaign=wp_world", "date_published": "2023-03-28 06:50:43+00:00", "persistent": false, "user": null, "language": "en-US"}, {"source": "https://feeds.washingtonpost.com/rss/world?itid=lk_inline_manual_36", "title": "Reports: Dozens dead in fire at migrant facility in Mexico", "description": "A Mexican newspaper reports that at least three dozen migrants died in a fire at an immigration detention center in northern Mexico near the U.S. border", "link": "https://www.washingtonpost.com/world/2023/03/28/mexico-fire-migrant-facility-dead/ab711dc4-cd4e-11ed-8907-156f0390d081_story.html?utm_source=rss&utm_medium=referral&utm_campaign=wp_world", "date_published": "2023-03-28 06:05:55+00:00", "persistent": false, "user": null, "language": "en-US"}, {"source": "https://feeds.washingtonpost.com/rss/world?itid=lk_inline_manual_36", "title": "Freed 'Hotel Rwanda' hero in Qatar, heading to family in US", "description": "The man who inspired the film \u201cHotel Rwanda\u201d and was freed by Rwanda last week from a terrorism sentence has arrived in Qatar on his way to reuniting with family in the United States", "link": "https://www.washingtonpost.com/world/2023/03/28/rwanda-rusesabagina-arrest-qatar/c0d6bccc-cd4f-11ed-8907-156f0390d081_story.html?utm_source=rss&utm_medium=referral&utm_campaign=wp_world", "date_published": "2023-03-28 06:03:14+00:00", "persistent": false, "user": null, "language": "en-US"}, {"source": "https://feeds.washingtonpost.com/rss/world?itid=lk_inline_manual_36", "title": "Kidjo, Blackwell, P\u00e4rt awarded Sweden's Polar Music Prize", "description": "Singer-songwriter Ang\u00e9lique Kidjo, Island Records founder Chris Blackwell and Estonian composer Arvo P\u00e4rt have won the 2023 Polar Music Prize, a Swedish music award", "link": "https://www.washingtonpost.com/world/2023/03/28/music-prize-angelique-kidjo-chris-blackwell-sweden/ce167c58-cd4d-11ed-8907-156f0390d081_story.html?utm_source=rss&utm_medium=referral&utm_campaign=wp_world", "date_published": "2023-03-28 05:49:17+00:00", "persistent": false, "user": null, "language": "en-US"}, {"source": "https://feeds.washingtonpost.com/rss/world?itid=lk_inline_manual_36", "title": "Prince Harry returns to court in tabloid phone hacking case", "description": "Prince Harry has returned to court for the second day of hearings to see if the phone hacking lawsuit he brought with Elton John and other celebrities can withstand a challenge from the publisher of The Daily Mail", "link": "https://www.washingtonpost.com/world/2023/03/28/prince-harry-privacy-suit-royals-daily-mail/441a11e0-cd4d-11ed-8907-156f0390d081_story.html?utm_source=rss&utm_medium=referral&utm_campaign=wp_world", "date_published": "2023-03-28 05:45:25+00:00", "persistent": false, "user": null, "language": "en-US"}, {"source": "https://feeds.washingtonpost.com/rss/world?itid=lk_inline_manual_36", "title": "Fire at migrant center near Mexico-U.S. border; several deaths reported", "description": "The fire began late Monday night at the National Migration Institute in Ciudad Ju\u00e1rez, close to the Rio Grande.", "link": "https://www.washingtonpost.com/world/2023/03/28/mexico-migrant-detention-center-fire/?utm_source=rss&utm_medium=referral&utm_campaign=wp_world", "date_published": "2023-03-28 05:17:21+00:00", "persistent": false, "user": null, "language": "en-US"}, {"source": "https://feeds.washingtonpost.com/rss/world?itid=lk_inline_manual_36", "title": "Police in Belgium arrest 8 people in counterterrorism raids", "description": "Police officers in Belgium have arrested eight people during counterterrorism raids across the country as part of operations aimed at thwarting possible terror attacks", "link": "https://www.washingtonpost.com/world/2023/03/28/belgium-attacks-thwarted-arrests-counterterrorism-raids/e3ba6e88-cd44-11ed-8907-156f0390d081_story.html?utm_source=rss&utm_medium=referral&utm_campaign=wp_world", "date_published": "2023-03-28 05:08:05+00:00", "persistent": false, "user": null, "language": "en-US"}, {"source": "https://feeds.washingtonpost.com/rss/world?itid=lk_inline_manual_36", "title": "UN says Afghan girls' education activist arrested in Kabul", "description": "The United Nations says an Afghan rights activist who has campaigned for girls\u2019 education has been arrested in Kabul", "link": "https://www.washingtonpost.com/world/2023/03/28/afghanistan-taliban-girls-education-activist-arrested/1a4f3bba-cd43-11ed-8907-156f0390d081_story.html?utm_source=rss&utm_medium=referral&utm_campaign=wp_world", "date_published": "2023-03-28 05:04:28+00:00", "persistent": false, "user": null, "language": "en-US"}, {"source": "https://feeds.washingtonpost.com/rss/world?itid=lk_inline_manual_36", "title": "Live updates: France braces for huge strikes over retirement age, raising pressure on Macron", "description": "Hundreds of thousands across France are set to ramp up protests against President Emmanuel Macron's pension bill, which raises the retirement age from 62 to 64.", "link": "https://www.washingtonpost.com/world/2023/03/28/france-protests-live-updates/?utm_source=rss&utm_medium=referral&utm_campaign=wp_world", "date_published": "2023-03-28 04:12:49+00:00", "persistent": false, "user": null, "language": "en-US"}, {"source": "https://feeds.washingtonpost.com/rss/world?itid=lk_inline_manual_36", "title": "Shattered: Catholic community confronts its founder's lies", "description": "An internationally lauded federation that provides community care for people with intellectual disabilities is grappling with revelations that its late founder perverted Catholic doctrine to justify his sexual abuse of women", "link": "https://www.washingtonpost.com/world/2023/03/28/vatican-larche-catholic-abuse-disabilities-vanier-philippe/68152fbe-cd37-11ed-8907-156f0390d081_story.html?utm_source=rss&utm_medium=referral&utm_campaign=wp_world", "date_published": "2023-03-28 03:56:57+00:00", "persistent": false, "user": null, "language": "en-US"}, {"source": "https://feeds.washingtonpost.com/rss/world?itid=lk_inline_manual_36", "title": "Ukraine live briefing: Russian occupation of nuclear plant is \u2018radiation blackmail,\u2019 Zelensky says", "description": "Rafael Mariano Grossi, chief of the U.N.'s International Atomic Energy Agency, will visit the Zaporizhzhia nuclear plant this week.", "link": "https://www.washingtonpost.com/world/2023/03/28/russia-ukraine-war-news/?utm_source=rss&utm_medium=referral&utm_campaign=wp_world", "date_published": "2023-03-28 02:02:51+00:00", "persistent": false, "user": null, "language": "en-US"}, {"source": "https://feeds.washingtonpost.com/rss/world?itid=lk_inline_manual_36", "title": "In war-ravaged Lyman, Ukrainians live underground months after liberation", "description": "Ukrainian forces ousted the Russian occupiers nearly six months ago, but residents of an apartment complex in eastern Ukraine still live in their basements", "link": "https://www.washingtonpost.com/world/2023/03/28/lyman-ukraine-war-basement-underground/?utm_source=rss&utm_medium=referral&utm_campaign=wp_world", "date_published": "2023-03-28 01:00:00+00:00", "persistent": false, "user": null, "language": "en-US"}, {"source": "https://feeds.washingtonpost.com/rss/world?itid=lk_inline_manual_36", "title": "Australian soldier charged over Afghan killing freed on bail", "description": "An Australian magistrate has released on bail a former elite soldier charged with murder for allegedly killing an unarmed man in Afghanistan", "link": "https://www.washingtonpost.com/world/2023/03/28/australia-afghanistan-murder-war-crime/b276c5ce-cd21-11ed-8907-156f0390d081_story.html?utm_source=rss&utm_medium=referral&utm_campaign=wp_world", "date_published": "2023-03-28 00:33:33+00:00", "persistent": false, "user": null, "language": "en-US"}, {"source": "https://feeds.washingtonpost.com/rss/world?itid=lk_inline_manual_36", "title": "Netanyahu\u2019s Israel finds kindred spirits in Hungary and Poland", "description": "The desire of Israel\u2019s ruling far-right coalition to overhaul the judiciary is, in part, inspired by the success of illiberal nationalists elsewhere.", "link": "https://www.washingtonpost.com/world/2023/03/28/netanyahu-israel-hungary-poland-orban-illiberal-nationalist/?utm_source=rss&utm_medium=referral&utm_campaign=wp_world", "date_published": "2023-03-28 00:00:07+00:00", "persistent": false, "user": null, "language": "en-US"}]