[{"source": "https://www.youtube.com/feeds/videos.xml?channel_id=UCw--xPGVVxYzRsWyV1nFqgg", "title": "Books I Read In March! (2023)", "description": "Let's talk about the books I read in March! \nNew Channel: https://www.youtube.com/channel/UC9tQc_K_LtoCiVGx7_R3FRA \nPatreon: https://www.patreon.com/DanielBGreene \nAll the Me Social Links: https://linktr.ee/DanielGreene\n\nMerch: https://www.danielbgreene.com \n\nLawful Times Series: \nBreach of Peace: https://tinyurl.com/BoPTLT \nRebels Creed: https://tinyurl.com/RCTLTDG\n\nP.O. Box: PO Box 7874 Henrico, VA 23231\n\nIntro 00:00 \n\n02:19 Night Angel Nemesis https://bookshop.org/a/89948/9780316554909 \n\n07:15 Dandelion Dynasty https://bookshop.org/a/89948/9781481424288 \n\n07:52 Blame! https://bookshop.org/a/89948/9781942993773 \n\n11:09 1984: https://bookshop.org/a/89948/9780451524935 \n\n15:00 Eissenhorn Trilogy: https://bookshop.org/a/89948/9781789990546 \n\n17:06 the Passenger https://bookshop.org/a/89948/9780307268990", "link": "https://www.youtube.com/watch?v=HWmA06EgLyw", "date_published": "2023-03-28 13:00:11+00:00", "persistent": false, "user": null, "language": "en-US"}]