[{"source": "http://feeds.bbci.co.uk/news/technology/rss.xml", "title": "FTX's Nishad Singh pleads guilty to fraud charges", "description": "Former FTX engineer says he is 'unbelievably sorry' for his role in the alleged crypto scheme.", "link": "https://www.bbc.co.uk/news/business-64803468?at_medium=RSS&at_campaign=KARANGA", "date_published": "2023-02-28 19:24:11+00:00", "persistent": false, "user": null, "language": "en-US"}, {"source": "http://feeds.bbci.co.uk/news/technology/rss.xml", "title": "The tiny diamond sphere that could unlock clean power", "description": "A diamond sphere made in Germany was key to December's breakthrough fusion experiment in California.", "link": "https://www.bbc.co.uk/news/business-64553796?at_medium=RSS&at_campaign=KARANGA", "date_published": "2023-02-28 00:00:32+00:00", "persistent": false, "user": null, "language": "en-US"}]