[{"source": "https://reclaimthenet.org/feed/", "title": "WHO moves forward with plans to target \u201cmisinformation\u201d and \u201cdisinformation\u201d under international law", "description": "<a href=\"https://reclaimthenet.org/who-target-misinformation-disinformation-international-law\" rel=\"nofollow\" title=\"WHO moves forward with plans to target &#8220;misinformation&#8221; and &#8220;disinformation&#8221; under international law\"><img alt=\"\" class=\"webfeedsFeaturedVisual wp-post-image\" height=\"864\" src=\"https://reclaimthenet.org/wp-content/uploads/2023/02/who-target-misinformation-disinformation-international-law.jpg\" style=\"display: block; margin: auto; margin-bottom: 15px;\" width=\"1536\" /></a><p>The global health agency claims that misinformation and disinformation undermined \"compliance with governmental or WHO guidance.\"</p>\n<p>The post <a href=\"https://reclaimthenet.org/who-target-misinformation-disinformation-international-law\" rel=\"nofollow\">WHO moves forward with plans to target &#8220;misinformation&#8221; and &#8220;disinformation&#8221; under international law</a> appeared first on <a href=\"https://reclaimthenet.org\" rel=\"nofollow\">Reclaim The Net</a>.</p>", "link": "https://reclaimthenet.org/who-target-misinformation-disinformation-international-law", "date_published": "2023-02-28 19:17:12+00:00", "persistent": false, "user": null, "language": "en-US"}, {"source": "https://reclaimthenet.org/feed/", "title": "Some insight into how the IRS surveils money", "description": "<a href=\"https://reclaimthenet.org/some-insight-into-how-the-irs-surveils-money\" rel=\"nofollow\" title=\"Some insight into how the IRS surveils money\"><img alt=\"\" class=\"webfeedsFeaturedVisual wp-post-image\" height=\"864\" src=\"https://reclaimthenet.org/wp-content/uploads/2023/02/ir-track.jpg\" style=\"display: block; margin: auto; margin-bottom: 15px;\" width=\"1536\" /></a><p>\ud83d\udee1</p>\n<p>The post <a href=\"https://reclaimthenet.org/some-insight-into-how-the-irs-surveils-money\" rel=\"nofollow\">Some insight into how the IRS surveils money</a> appeared first on <a href=\"https://reclaimthenet.org\" rel=\"nofollow\">Reclaim The Net</a>.</p>", "link": "https://reclaimthenet.org/some-insight-into-how-the-irs-surveils-money", "date_published": "2023-02-28 19:06:22+00:00", "persistent": false, "user": null, "language": "en-US"}, {"source": "https://reclaimthenet.org/feed/", "title": "Sydney Mardi Gras Parade was monitored by mood tracking software", "description": "<a href=\"https://reclaimthenet.org/sydney-mardi-gras-parade-was-monitored-by-mood-tracking-software\" rel=\"nofollow\" title=\"Sydney Mardi Gras Parade was monitored by mood tracking software\"><img alt=\"\" class=\"webfeedsFeaturedVisual wp-post-image\" height=\"864\" src=\"https://reclaimthenet.org/wp-content/uploads/2023/02/Sydney-mardis-gras.jpg\" style=\"display: block; margin: auto; margin-bottom: 15px;\" width=\"1536\" /></a><p>Surveillance. </p>\n<p>The post <a href=\"https://reclaimthenet.org/sydney-mardi-gras-parade-was-monitored-by-mood-tracking-software\" rel=\"nofollow\">Sydney Mardi Gras Parade was monitored by mood tracking software</a> appeared first on <a href=\"https://reclaimthenet.org\" rel=\"nofollow\">Reclaim The Net</a>.</p>", "link": "https://reclaimthenet.org/sydney-mardi-gras-parade-was-monitored-by-mood-tracking-software", "date_published": "2023-02-28 18:44:48+00:00", "persistent": false, "user": null, "language": "en-US"}, {"source": "https://reclaimthenet.org/feed/", "title": "Ron DeSantis\u2019 chooses Rumble, welcomes the company to Florida", "description": "<a href=\"https://reclaimthenet.org/ron-desantis-chooses-rumble\" rel=\"nofollow\" title=\"Ron DeSantis&#8217; chooses Rumble, welcomes the company to Florida\"><img alt=\"\" class=\"webfeedsFeaturedVisual wp-post-image\" height=\"864\" src=\"https://reclaimthenet.org/wp-content/uploads/2023/02/desantis-rumble.jpg\" style=\"display: block; margin: auto; margin-bottom: 15px;\" width=\"1536\" /></a><p>The YouTube alternative is growing rapidly.</p>\n<p>The post <a href=\"https://reclaimthenet.org/ron-desantis-chooses-rumble\" rel=\"nofollow\">Ron DeSantis&#8217; chooses Rumble, welcomes the company to Florida</a> appeared first on <a href=\"https://reclaimthenet.org\" rel=\"nofollow\">Reclaim The Net</a>.</p>", "link": "https://reclaimthenet.org/ron-desantis-chooses-rumble", "date_published": "2023-02-28 15:12:35+00:00", "persistent": false, "user": null, "language": "en-US"}, {"source": "https://reclaimthenet.org/feed/", "title": "Republicans plan to expand the Hatch Act to stop Biden administration\u2019s censorship collusion", "description": "<a href=\"https://reclaimthenet.org/republicans-plan-to-stop-biden-administrations-censorship-collusion\" rel=\"nofollow\" title=\"Republicans plan to expand the Hatch Act to stop Biden administration&#8217;s censorship collusion\"><img alt=\"\" class=\"webfeedsFeaturedVisual wp-post-image\" height=\"864\" src=\"https://reclaimthenet.org/wp-content/uploads/2023/02/biden-speech-2.jpg\" style=\"display: block; margin: auto; margin-bottom: 15px;\" width=\"1536\" /></a><p>Two new proposals.</p>\n<p>The post <a href=\"https://reclaimthenet.org/republicans-plan-to-stop-biden-administrations-censorship-collusion\" rel=\"nofollow\">Republicans plan to expand the Hatch Act to stop Biden administration&#8217;s censorship collusion</a> appeared first on <a href=\"https://reclaimthenet.org\" rel=\"nofollow\">Reclaim The Net</a>.</p>", "link": "https://reclaimthenet.org/republicans-plan-to-stop-biden-administrations-censorship-collusion", "date_published": "2023-02-28 15:07:37+00:00", "persistent": false, "user": null, "language": "en-US"}, {"source": "https://reclaimthenet.org/feed/", "title": "Tony Blair praises Estonia for its digital ID system, where babies are given a digital ID at birth", "description": "<a href=\"https://reclaimthenet.org/tony-blair-estonia-digital-id-at-birth\" rel=\"nofollow\" title=\"Tony Blair praises Estonia for its digital ID system, where babies are given a digital ID at birth\"><img alt=\"\" class=\"webfeedsFeaturedVisual wp-post-image\" height=\"864\" src=\"https://reclaimthenet.org/wp-content/uploads/2023/02/blair-estonia.jpg\" style=\"display: block; margin: auto; margin-bottom: 15px;\" width=\"1536\" /></a><p>Wants other countries to follow.</p>\n<p>The post <a href=\"https://reclaimthenet.org/tony-blair-estonia-digital-id-at-birth\" rel=\"nofollow\">Tony Blair praises Estonia for its digital ID system, where babies are given a digital ID at birth</a> appeared first on <a href=\"https://reclaimthenet.org\" rel=\"nofollow\">Reclaim The Net</a>.</p>", "link": "https://reclaimthenet.org/tony-blair-estonia-digital-id-at-birth", "date_published": "2023-02-28 14:20:44+00:00", "persistent": false, "user": null, "language": "en-US"}, {"source": "https://reclaimthenet.org/feed/", "title": "Commentator Dan Bongino launches live premiere show on Rumble video platform", "description": "<a href=\"https://reclaimthenet.org/bongino-launches-live-premiere-show-on-rumble\" rel=\"nofollow\" title=\"Commentator Dan Bongino launches live premiere show on Rumble video platform\"><img alt=\"\" class=\"webfeedsFeaturedVisual wp-post-image\" height=\"864\" src=\"https://reclaimthenet.org/wp-content/uploads/2023/02/bongino-1223.jpg\" style=\"display: block; margin: auto; margin-bottom: 15px;\" width=\"1536\" /></a><p>A big win for the Big Tech alternative.</p>\n<p>The post <a href=\"https://reclaimthenet.org/bongino-launches-live-premiere-show-on-rumble\" rel=\"nofollow\">Commentator Dan Bongino launches live premiere show on Rumble video platform</a> appeared first on <a href=\"https://reclaimthenet.org\" rel=\"nofollow\">Reclaim The Net</a>.</p>", "link": "https://reclaimthenet.org/bongino-launches-live-premiere-show-on-rumble", "date_published": "2023-02-28 14:17:29+00:00", "persistent": false, "user": null, "language": "en-US"}]