[{"source": "http://feeds.abcnews.com/abcnews/topstories", "title": "What to know about Biden's other student loan plan, to lower payments based on income", "description": "The student loan repayment changes would revise and expand the Revised Pay As You Earn (REPAYE) Plan, an income-driven plan", "link": "https://abcnews.go.com/US/bidens-student-loan-plan-reduce-people-pay-long/story?id=96327219", "date_published": "2023-02-28 23:15:17+00:00", "persistent": false, "user": null, "language": "en-US"}, {"source": "http://feeds.abcnews.com/abcnews/topstories", "title": "Supreme Court conservatives take skeptical view of Biden student debt forgiveness", "description": "The Supreme Court's conservative majority appeared skeptical of the legality of a White House plan to forgive $400 billion in federal student loans during the pandemic.", "link": "https://abcnews.go.com/Politics/supreme-court-conservatives-skeptical-view-biden-student-debt/story?id=97530948", "date_published": "2023-02-28 22:14:01+00:00", "persistent": false, "user": null, "language": "en-US"}, {"source": "http://feeds.abcnews.com/abcnews/topstories", "title": "Elizabeth Holmes has 2nd child as she tries to avoid prison", "description": "Disgraced Theranos CEO Elizabeth Holmes recently gave birth to her second child", "link": "https://abcnews.go.com/US/wireStory/elizabeth-holmes-2nd-child-avoid-prison-97533139", "date_published": "2023-02-28 21:51:57+00:00", "persistent": false, "user": null, "language": "en-US"}, {"source": "http://feeds.abcnews.com/abcnews/topstories", "title": "UN says at least 50,000 killed in Turkey and Syria quakes", "description": "Many more are injured and tens of thousands are still missing.", "link": "https://abcnews.go.com/US/wireStory/50000-killed-turkey-syria-quakes-97530753", "date_published": "2023-02-28 21:44:32+00:00", "persistent": false, "user": null, "language": "en-US"}, {"source": "http://feeds.abcnews.com/abcnews/topstories", "title": "Judge on Steve Bannon trial: 'We can't keep dragging this out'", "description": "Steve Bannon, a former adviser to Donald Trump, appeared in court Tuesday with a new crop of lawyers.", "link": "https://abcnews.go.com/Politics/judge-steve-bannon-trial-dragging/story?id=97532626", "date_published": "2023-02-28 21:22:40+00:00", "persistent": false, "user": null, "language": "en-US"}, {"source": "http://feeds.abcnews.com/abcnews/topstories", "title": "Memphis officer killed in line of duty honored at funeral", "description": "He was fatally shot while responding to a confrontation at a library.", "link": "https://abcnews.go.com/US/wireStory/memphis-officer-killed-line-duty-honored-funeral-97530481", "date_published": "2023-02-28 21:04:59+00:00", "persistent": false, "user": null, "language": "en-US"}, {"source": "http://feeds.abcnews.com/abcnews/topstories", "title": "Tenn. governor vows to sign anti-drag bill as photo surfaces", "description": "Says high school yearbook photo of him wearing women&rsquo;s clothing not a drag show.", "link": "https://abcnews.go.com/Politics/wireStory/tenn-governor-vows-sign-anti-drag-bill-photo-97530954", "date_published": "2023-02-28 20:26:40+00:00", "persistent": false, "user": null, "language": "en-US"}, {"source": "http://feeds.abcnews.com/abcnews/topstories", "title": "Putin signs bill to suspend last nuclear arms pact with US", "description": "The Russian president has emphasized that Moscow was not withdrawing altogether.", "link": "https://abcnews.go.com/International/wireStory/putin-signs-bill-suspend-nuclear-arms-pact-us-97529493", "date_published": "2023-02-28 19:53:26+00:00", "persistent": false, "user": null, "language": "en-US"}, {"source": "http://feeds.abcnews.com/abcnews/topstories", "title": "New details revealed in shootings that killed 3, including reporter", "description": "New details were revealed in a series of shootings in Orlando that killed three and injured two.", "link": "https://abcnews.go.com/US/new-details-revealed-orlando-shootings-killed-3-including/story?id=97516188", "date_published": "2023-02-28 19:37:40+00:00", "persistent": false, "user": null, "language": "en-US"}, {"source": "http://feeds.abcnews.com/abcnews/topstories", "title": "House GOP leaders defend giving Fox access to Jan. 6 security video", "description": "Behind closed doors on Tuesday, Speaker Kevin McCarthy defended the arrangement with Carlson and the importance of \"transparency,\" according to sources in the room.", "link": "https://abcnews.go.com/Politics/house-gop-leaders-defend-giving-fox-host-tucker/story?id=97523994", "date_published": "2023-02-28 19:35:33+00:00", "persistent": false, "user": null, "language": "en-US"}, {"source": "http://feeds.abcnews.com/abcnews/topstories", "title": "Former FTX exec pleads guilty to charges related to crypto exchange's collapse", "description": "Nishad Singh, former director of engineering at FTX, pleaded guilty Tuesday to charges related to the cryptocurrency exchange's collapse.", "link": "https://abcnews.go.com/Business/former-ftx-executive-nishad-singh-pleads-guilty-charges/story?id=97525988", "date_published": "2023-02-28 19:21:03+00:00", "persistent": false, "user": null, "language": "en-US"}, {"source": "http://feeds.abcnews.com/abcnews/topstories", "title": "Founder says bank viewed her as 'easy target' to blame as a young woman", "description": "JP Morgan Chase faced new accusations from Charlie Javice, the entrepreneur behind the student financial aid startup Frank which the bank acquired for $175 million.", "link": "https://abcnews.go.com/Business/financial-aid-startup-frank-founder-fires-back-jp/story?id=97518167", "date_published": "2023-02-28 18:32:07+00:00", "persistent": false, "user": null, "language": "en-US"}, {"source": "http://feeds.abcnews.com/abcnews/topstories", "title": "Tennessee GOP congressman was 'mistaken' on college degree", "description": "He's the second recent Republican to admit inaccuracies in his resume.", "link": "https://abcnews.go.com/US/wireStory/tennessee-gop-congressman-mistaken-college-degree-97524229", "date_published": "2023-02-28 18:14:54+00:00", "persistent": false, "user": null, "language": "en-US"}, {"source": "http://feeds.abcnews.com/abcnews/topstories", "title": "Canned shrimp sold at major retailers across 4 states recalled over health concerns", "description": "Kawasho Foods USA Inc. announced a recall of its 4-ounce canned shrimp products, which were distributed in California, Utah, Arizona and Colorado.", "link": "https://abcnews.go.com/GMA/Food/canned-shrimp-sold-major-retailers-4-states-recalled/story?id=97513856", "date_published": "2023-02-28 17:06:01+00:00", "persistent": false, "user": null, "language": "en-US"}, {"source": "http://feeds.abcnews.com/abcnews/topstories", "title": "2-time Olympic pole vault champion Bob Richards dies at 97", "description": "Richards, a two-time Olympic gold medalist, also became an ordained minister.", "link": "https://abcnews.go.com/Sports/wireStory/2-time-olympic-pole-vault-champion-bob-richards-97521875", "date_published": "2023-02-28 16:29:52+00:00", "persistent": false, "user": null, "language": "en-US"}, {"source": "http://feeds.abcnews.com/abcnews/topstories", "title": "'Gang of 8' to get briefed on Trump, Biden and Pence classified documents", "description": "U.S. officials are expected to brief top congressional leaders on Tuesday about documents with classification markings that were in the possession of former presidents.", "link": "https://abcnews.go.com/Politics/gang-8-briefed-trump-biden-pence-classified-documents/story?id=97517977", "date_published": "2023-02-28 15:58:38+00:00", "persistent": false, "user": null, "language": "en-US"}, {"source": "http://feeds.abcnews.com/abcnews/topstories", "title": "Stabbing of 11-year-old boy spurs protest in New Jersey", "description": "An after-school fight between two 11-year-old boys that ended when one allegedly stabbed the other has spurred protests by parents and high school students who want leadership changes in their northern New Jersey district", "link": "https://abcnews.go.com/US/wireStory/stabbing-11-year-boy-spurs-protest-new-jersey-97519257", "date_published": "2023-02-28 15:45:50+00:00", "persistent": false, "user": null, "language": "en-US"}, {"source": "http://feeds.abcnews.com/abcnews/topstories", "title": "Justice Jackson writes 1st Supreme Court majority opinion", "description": "Justice Ketanji Brown Jackson has written her first majority opinion for the Supreme Court", "link": "https://abcnews.go.com/Politics/wireStory/justice-jackson-writes-1st-supreme-court-majority-opinion-97520316", "date_published": "2023-02-28 15:44:09+00:00", "persistent": false, "user": null, "language": "en-US"}, {"source": "http://feeds.abcnews.com/abcnews/topstories", "title": "Mexican president says Tesla to build plant in Mexico", "description": "Mexican President Andr&eacute;s Manuel L&oacute;pez Obrador said Tuesday that electric car company Tesla has committed to building a plant in the city of Monterrey, an industrial hub in northern Mexico", "link": "https://abcnews.go.com/Business/wireStory/mexican-president-tesla-build-plant-mexico-97518549", "date_published": "2023-02-28 15:20:38+00:00", "persistent": false, "user": null, "language": "en-US"}, {"source": "http://feeds.abcnews.com/abcnews/topstories", "title": "A 'lifeline' for nearly 30M Americans is about to end", "description": "The cuts come as food prices soar 10% from a year ago.", "link": "https://abcnews.go.com/Politics/pandemic-era-food-stamp-benefits-end-means-americans/story?id=97497254", "date_published": "2023-02-28 14:48:25+00:00", "persistent": false, "user": null, "language": "en-US"}, {"source": "http://feeds.abcnews.com/abcnews/topstories", "title": "Nissan recalls over 800K SUVs; key defect can cut off engine", "description": "Nissan is recalling more than 809,000 small SUVs in the U.S. and Canada because a key problem can cause the ignition to shut off while they&rsquo;re being driven", "link": "https://abcnews.go.com/Business/wireStory/nissan-recalls-800k-suvs-key-defect-cut-off-97516541", "date_published": "2023-02-28 14:15:03+00:00", "persistent": false, "user": null, "language": "en-US"}, {"source": "http://feeds.abcnews.com/abcnews/topstories", "title": "Former NFL star, CBS anchor Irv Cross had brain disease CTE", "description": "Former Philadelphia Eagle and CBS NFL announcer Irv Cross has been diagnosed with the brain disease CTE", "link": "https://abcnews.go.com/Sports/wireStory/former-nfl-star-cbs-anchor-irv-cross-brain-97515749", "date_published": "2023-02-28 13:32:57+00:00", "persistent": false, "user": null, "language": "en-US"}, {"source": "http://feeds.abcnews.com/abcnews/topstories", "title": "UK police search for infant after missing couple arrested", "description": "British police have launched a major search for a two-month-old baby after officers arrested the infant's mother and her boyfriend who had been missing since January", "link": "https://abcnews.go.com/International/wireStory/uk-police-search-infant-after-missing-couple-arrested-97513797", "date_published": "2023-02-28 13:24:42+00:00", "persistent": false, "user": null, "language": "en-US"}, {"source": "http://feeds.abcnews.com/abcnews/topstories", "title": "WATCH:  Diver has close encounter with great white shark", "description": "A diver in South Africa gets a terrifyingly close view of one of the ocean's apex predators.", "link": "https://abcnews.go.com/International/video/diver-close-encounter-great-white-shark-97515032", "date_published": "2023-02-28 13:20:54+00:00", "persistent": false, "user": null, "language": "en-US"}, {"source": "http://feeds.abcnews.com/abcnews/topstories", "title": "WATCH:  Pilots paraglide to K2", "description": "The adventurers became the first to paraglide to the area around the world's second-highest mountain.", "link": "https://abcnews.go.com/International/video/pilots-paraglide-k2-97516047", "date_published": "2023-02-28 13:16:37+00:00", "persistent": false, "user": null, "language": "en-US"}, {"source": "http://feeds.abcnews.com/abcnews/topstories", "title": "'Game changer' obesity drugs are not accessible for many, experts warn", "description": "Drugs used for weight loss aren't often covered by Medicare, most Medicaid programs, and some commercial insurances, studies show.", "link": "https://abcnews.go.com/Health/obesity-drugs-covered-insurance-experts-limits-access-increases/story?id=97417607", "date_published": "2023-02-28 12:20:10+00:00", "persistent": false, "user": null, "language": "en-US"}, {"source": "http://feeds.abcnews.com/abcnews/topstories", "title": "Cobra Gold military exercises resume at pre-pandemic size", "description": "It's one of the world&rsquo;s largest exercises following years of pandemic cutbacks.", "link": "https://abcnews.go.com/International/wireStory/cobra-gold-military-exercises-resume-pre-pandemic-size-97512942", "date_published": "2023-02-28 11:19:02+00:00", "persistent": false, "user": null, "language": "en-US"}, {"source": "http://feeds.abcnews.com/abcnews/topstories", "title": "Commerce Dept. issuing aid to build computer chip plants", "description": "The Commerce Department is opening the application process for computer chip manufacturers to access $39 billion in government support to build new factories and expand production", "link": "https://abcnews.go.com/Technology/wireStory/commerce-dept-issuing-aid-build-computer-chip-plants-97513034", "date_published": "2023-02-28 11:17:04+00:00", "persistent": false, "user": null, "language": "en-US"}, {"source": "http://feeds.abcnews.com/abcnews/topstories", "title": "The labor market is booming and these jobs are growing the most", "description": "The growth should continue in sectors like leisure and hospitality as well as health care, since they have yet to catch up to where employment stood before the pandemic.", "link": "https://abcnews.go.com/Business/labor-market-booming-jobs-growing/story?id=97228014", "date_published": "2023-02-28 10:04:25+00:00", "persistent": false, "user": null, "language": "en-US"}, {"source": "http://feeds.abcnews.com/abcnews/topstories", "title": "Police urgently search for \u2018at risk\u2019 DJ who suddenly vanished last week", "description": "The San Francisco Police Department are urgently looking for an \u201cat risk\u201d radio DJ who hasn\u2019t been seen or heard from since last Thursday, according to authorities.", "link": "https://abcnews.go.com/US/police-urgently-search-risk-dj-suddenly-vanished-week/story?id=97511392", "date_published": "2023-02-28 07:35:14+00:00", "persistent": false, "user": null, "language": "en-US"}, {"source": "http://feeds.abcnews.com/abcnews/topstories", "title": "Lottery says $2B Powerball winner is legitimate, amid claim ticket was stolen", "description": "A California man has sued the state\u2019s lottery commission after claiming he is the rightful winner of the largest U.S. lottery jackpot in history.", "link": "https://abcnews.go.com/US/california-lottery-2-billion-powerball-winner-legitimate-amid/story?id=97499961", "date_published": "2023-02-28 04:16:29+00:00", "persistent": false, "user": null, "language": "en-US"}, {"source": "http://feeds.abcnews.com/abcnews/topstories", "title": "Tom Sizemore's doctors recommend his family make end-of-life decisions", "description": "The doctors for Tom Sizemore have recommended his family prepare for end-of-life decisions after the actor has a brain aneurysm,", "link": "https://abcnews.go.com/Entertainment/tom-sizemores-doctors-recommend-family-make-end-life/story?id=97507240", "date_published": "2023-02-28 02:47:08+00:00", "persistent": false, "user": null, "language": "en-US"}, {"source": "http://feeds.abcnews.com/abcnews/topstories", "title": "US Marshals Service hit with ransomware attack", "description": "Ransomware is a type of malware that locks up computer systems until a \"ransom\" is paid to unlock the system.", "link": "https://abcnews.go.com/US/us-marshals-service-hit-ransomware-attack/story?id=97505610", "date_published": "2023-02-28 02:30:09+00:00", "persistent": false, "user": null, "language": "en-US"}, {"source": "http://feeds.abcnews.com/abcnews/topstories", "title": "North Korea's Kim calls for unity to boost grain production", "description": "North Korean ruler Kim Jong Un has called for stronger public solidarity behind his leadership to significantly increase grain production", "link": "https://abcnews.go.com/Business/wireStory/north-koreas-kim-calls-unity-boost-grain-production-97506587", "date_published": "2023-02-28 02:21:07+00:00", "persistent": false, "user": null, "language": "en-US"}, {"source": "http://feeds.abcnews.com/abcnews/topstories", "title": "Biden admin gives federal agencies 30 days to ban TikTok", "description": "The Biden administration is giving federal agencies 30 days to ensure they do not have TikTok on any federal devices.", "link": "https://abcnews.go.com/Politics/biden-admin-federal-agencies-30-days-ban-tiktok/story?id=97506948", "date_published": "2023-02-28 02:10:51+00:00", "persistent": false, "user": null, "language": "en-US"}, {"source": "http://feeds.abcnews.com/abcnews/topstories", "title": "Los Angeles ringleader of $18M COVID fraud scheme extradited", "description": "Authorities say a leader of a Los Angeles-based fraud operation that stole $18 million in COVID-19 aid money has been extradited from Europe to the U.S., where she could face more than a decade in prison", "link": "https://abcnews.go.com/Politics/wireStory/los-angeles-ringleader-18m-covid-fraud-scheme-extradited-97506092", "date_published": "2023-02-28 01:56:28+00:00", "persistent": false, "user": null, "language": "en-US"}, {"source": "http://feeds.abcnews.com/abcnews/topstories", "title": "California governor vows to change law blocking new housing", "description": "California Gov. Gavin Newsom says he wants to reform a landmark state environmental law after it was used to block needed student housing at the University of California, Berkeley", "link": "https://abcnews.go.com/US/wireStory/california-governor-vows-change-law-blocking-new-housing-97504272", "date_published": "2023-02-28 01:55:21+00:00", "persistent": false, "user": null, "language": "en-US"}, {"source": "http://feeds.abcnews.com/abcnews/topstories", "title": "5 days later, some in Michigan still lack power", "description": "A new storm teeming with freezing rain and strong winds is socking Michigan", "link": "https://abcnews.go.com/US/wireStory/5-days-michigan-lack-power-97502521", "date_published": "2023-02-28 01:55:04+00:00", "persistent": false, "user": null, "language": "en-US"}]