[{"source": "https://www.youtube.com/feeds/videos.xml?channel_id=UC4QZ_LsYcvcq7qOsOhpAX4A", "title": "Fusion Energy: Hype or The Future?", "description": "In this episode we take a look at the good the bad and the ugly of fusion energy. Is it as promised? And if not, what are the major issues?\n\nAnimator: @then what happens\n\nColdFusion Podcast: \n\nhttps://www.youtube.com/watch?v=fS8pAPN9Er0 \n\nFirst Song: \n\nhttps://youtu.be/IECITKmNnzM\n\nLast Song: \n\nhttps://youtu.be/X3Sh_EPtgys\n\nColdFusion Music: \n\nhttps://www.youtube.com/@burnwatermusic7421 \nhttp://burnwater.bandcamp.com   \n\nReal Engineering Video: https://youtu.be/_bDXXWQxK38\n\nGet my book: \n\nhttp://bit.ly/NewThinkingbook \n\nColdFusion Socials: \n\nhttps://discord.gg/coldfusion\nhttps://facebook.com/ColdFusionTV \nhttps://twitter.com/ColdFusion_TV \nhttps://instagram.com/coldfusiontv\n\nProducer: Dagogo Altraide\nEditor: Tanzim Uddin", "link": "https://www.youtube.com/watch?v=ouecRm8cCoY", "date_published": "2023-02-28 18:07:34+00:00", "persistent": false, "user": null, "language": "en-US"}]