[{"source": "https://businessinsider.com.pl/.feed", "title": "Eksport rosyjskiej ropy odporny na zachodnie sankcje? Oto najnowsze dane", "description": "Eksport rosyjskiej ropy drog\u0105 morsk\u0105 utrzymywa\u0142 si\u0119 w lutym na stabilnym poziomie. Rosja znalaz\u0142a nowych nabywc\u00f3w, mimo \u017ce zachodnie sankcje zosta\u0142y w pe\u0142ni wprowadzone \u2014 pisze Bloomberg. Jednak agencja zauwa\u017ca te\u017c, \u017ce rosyjski olej nap\u0119dowy utkn\u0105\u0142 na morzu \u2014 w p\u0142ywaj\u0105cych magazynach znajduje si\u0119 obecnie najwi\u0119cej tego paliwa od pa\u017adziernika 2020 r.", "link": "https://businessinsider.com.pl/gospodarka/eksport-rosyjskiej-ropy-odporny-na-zachodnie-sankcje-oto-dane-za-luty/z007qfc", "date_published": "2023-02-28 20:50:21+00:00", "persistent": false, "user": null, "language": "en-US"}, {"source": "https://businessinsider.com.pl/.feed", "title": "W Ukrainie zgin\u0119\u0142o wi\u0119cej Rosjan ni\u017c \u0142\u0105cznie we wszystkich konfliktach po II wojnie \u015bwiatowej", "description": "Rosja straci\u0142a w Ukrainie 60-70 tys. \u017co\u0142nierzy, wi\u0119cej ni\u017c we wszystkich konfliktach, w kt\u00f3rych bra\u0142a udzia\u0142 po II wojnie \u015bwiatowej, razem wzi\u0119tych \u2014 poinformowa\u0142 w najnowszym raporcie ameryka\u0144ski think tank Centrum Studi\u00f3w Strategicznych i Mi\u0119dzynarodowych (CSIS). \u0141\u0105czna liczba zabitych, zaginionych i rannych jest znacznie wi\u0119ksza.", "link": "https://businessinsider.com.pl/wiadomosci/ukraina-zginelo-wiecej-rosjan-niz-lacznie-we-wszystkich-walkach-po-ii-wojnie/xm4w8kx", "date_published": "2023-02-28 19:38:14+00:00", "persistent": false, "user": null, "language": "en-US"}, {"source": "https://businessinsider.com.pl/.feed", "title": "O ile wi\u0119cej wydali\u015bmy przez inflacj\u0119? Oto kwota", "description": "Przez wzrost cen i fakt, \u017ce inflacja w Polsce bardzo mocno odjecha\u0142a od celu wyznaczonego przez Narodowy Bank Polski, przeci\u0119tny Kowalski wyda\u0142 w ubieg\u0142ym roku o 4,6 tys. z\u0142 wi\u0119cej \u2014 wynika z wylicze\u0144 ekonomisty Marcina Czaplickiego.", "link": "https://businessinsider.com.pl/gospodarka/o-ile-wiecej-przecietny-kowalski-wydal-przez-inflacje-oto-kwota/f58lvr0", "date_published": "2023-02-28 19:19:20+00:00", "persistent": false, "user": null, "language": "en-US"}, {"source": "https://businessinsider.com.pl/.feed", "title": "Du\u0144czycy znie\u015bli \u015bwi\u0119to, aby pokry\u0107 wydatki na wojsko", "description": "\"W zwi\u0105zku z obecn\u0105 sytuacj\u0105 w Europie musimy wydawa\u0107 wi\u0119cej pieni\u0119dzy na obron\u0119 i bezpiecze\u0144stwo\" \u2014 powiedzia\u0142a premier Danii. Du\u0144ski parlament przeg\u0142osowa\u0142 zniesienie wolnego od pracy \u015bwi\u0119ta, co ma przynie\u015b\u0107 oszcz\u0119dno\u015bci w wysoko\u015bci 400 mln euro, kt\u00f3re b\u0119d\u0105 przeznaczone na obronno\u015b\u0107.", "link": "https://businessinsider.com.pl/wiadomosci/dania-zniosla-swieto-aby-zaoszczedzic-na-to-przeznaczy-pieniadze/k5qz0dp", "date_published": "2023-02-28 19:06:43+00:00", "persistent": false, "user": null, "language": "en-US"}, {"source": "https://businessinsider.com.pl/.feed", "title": "Francuzi b\u0119d\u0105 pracowa\u0107 d\u0142u\u017cej. Coraz bli\u017cej reformy, kt\u00f3ra wyprowadzi\u0142a ludzi na ulice", "description": "Cho\u0107 sonda\u017ce wskazuj\u0105, \u017ce dwie trzecie Francuz\u00f3w jest przeciwko podniesieniu wieku emerytalnego z 62 do 64 lat, rz\u0105d wraz z prezydentem Emmanuelem Macronem nie ustaj\u0105 w wysi\u0142kach, by przeforsowa\u0107 reform\u0119. Komisja Senatu Francji zaakceptowa\u0142a we wtorek tekst ustawy po wprowadzeniu kilku poprawek. Poprawki g\u0142\u00f3wnie wnosz\u0105 korzystniejsze rozwi\u0105zania w sprawie przechodzenia na emerytur\u0119 matek i ochrony starszych pracownik\u00f3w.", "link": "https://businessinsider.com.pl/wiadomosci/francuzi-beda-pracowac-dluzej-coraz-blizej-reformy-ktora-wyprowadzila-ludzi-na-ulice/tyrlg4h", "date_published": "2023-02-28 18:25:22+00:00", "persistent": false, "user": null, "language": "en-US"}, {"source": "https://businessinsider.com.pl/.feed", "title": "Kredyt na zero procent? Sprawdzamy, czy to realne i ile mo\u017cna zyska\u0107", "description": "Bankowcy nie skre\u015blaj\u0105 propozycji Donalda Tuska dotycz\u0105cej darmowego kredytu mieszkaniowego. Podkre\u015blaj\u0105, \u017ce diabe\u0142 tkwi w szczeg\u00f3\u0142ach, ale g\u0142\u00f3wne za\u0142o\u017cenia mog\u0105 mie\u0107 sens i banki przyst\u0105pi\u0142yby do programu. O ile oczywi\u015bcie zosta\u0142yby im odpowiednio zrekompensowane koszty odsetek oraz udzielenia i utrzymania kredytu. I tu pojawia si\u0119 problem, bo wygl\u0105da na to, \u017ce na pomoc kredytobiorcom \u2014 liczon\u0105 w miliardach z\u0142otych \u2014 musieliby si\u0119 z\u0142o\u017cy\u0107 podatnicy.", "link": "https://businessinsider.com.pl/finanse/kredyt-na-zero-procent-sprawdzamy-czy-to-realne-i-ile-mozna-zyskac/hfe8zt2", "date_published": "2023-02-28 17:29:49+00:00", "persistent": false, "user": null, "language": "en-US"}, {"source": "https://businessinsider.com.pl/.feed", "title": "Rosja odrzuca chi\u0144ski plan pokojowy. Pekin coraz bardziej uwik\u0142any w konflikt", "description": "Kreml w poniedzia\u0142ek odrzuci\u0142 chi\u0144ski plan pokojowy dotycz\u0105cy wojny w Ukrainie, sugeruj\u0105c, \u017ce obecna sytuacja nie sprzyja realizacji propozycji.", "link": "https://businessinsider.com.pl/wiadomosci/rosja-odrzuca-plan-pokojowy-chin-pekin-coraz-bardziej-uwiklany-w-konflikt/lgvrg1q", "date_published": "2023-02-28 17:19:56+00:00", "persistent": false, "user": null, "language": "en-US"}, {"source": "https://businessinsider.com.pl/.feed", "title": "Nie dosta\u0142e\u015b PIT-11, urz\u0105d te\u017c nie? T\u0142umaczymy, co robi\u0107", "description": "Niekt\u00f3rzy czytelnicy informuj\u0105, \u017ce nie dostali jeszcze PIT-11 od pracodawc\u00f3w i zleceniodawc\u00f3w. Chcieliby si\u0119 ju\u017c rozliczy\u0107 z urz\u0119dem skarbowym, ale nie maj\u0105 pe\u0142nych danych. Niekt\u00f3rzy nie widz\u0105 te\u017c informacji od pracodawcy w Twoim e-PIT, w e-Urz\u0119dzie Skarbowym. Co robi\u0107 w takich sytuacjach?", "link": "https://businessinsider.com.pl/prawo/podatki/firma-nie-przeslala-pit-11-co-robic-jak-zlozyc-rozliczenie-roczne-za-2022-r/2prxhl8", "date_published": "2023-02-28 16:43:37+00:00", "persistent": false, "user": null, "language": "en-US"}, {"source": "https://businessinsider.com.pl/.feed", "title": "Kolejny g\u0142os sprzeciwu w sprawie F-16 dla Ukrainy", "description": "Adam Smith, przedstawiciel Demokrat\u00f3w w Komisji Si\u0142 Zbrojnych Senatu Stan\u00f3w Zjednoczonych i by\u0142y szef tej instytucji stwierdzi\u0142, \u017ce przekazanie Ukrainie my\u015bliwc\u00f3w F-16 \"nie jest m\u0105drym wykorzystaniem zasob\u00f3w\".", "link": "https://businessinsider.com.pl/wiadomosci/kolejny-glos-sprzeciwu-w-sprawie-f-16-dla-ukrainy/z3vntne", "date_published": "2023-02-28 16:37:06+00:00", "persistent": false, "user": null, "language": "en-US"}, {"source": "https://businessinsider.com.pl/.feed", "title": "Prokuratura wnioskuje o areszt dla W\u0142odzimierza Karpi\u0144skiego", "description": "Po przes\u0142uchaniu podejrzanego prokurator zdecydowa\u0142 o skierowaniu do s\u0105du wniosku o zastosowanie tymczasowego aresztowania W\u0142odzimierza K. wz. z zarzutem dotycz\u0105cym \u017c\u0105dania i przyj\u0119cia korzy\u015bci maj\u0105tkowej \u2014 przekaza\u0142 PAP we wtorek rzecznik Prokuratury Krajowej prok. \u0141ukasz \u0141apczy\u0144ski.", "link": "https://businessinsider.com.pl/wiadomosci/zatrzymanie-wlodzimierza-karpinskiego-jest-wniosek-o-areszt/nqyn6z2", "date_published": "2023-02-28 16:09:33+00:00", "persistent": false, "user": null, "language": "en-US"}, {"source": "https://businessinsider.com.pl/.feed", "title": "Potrzeby po\u017cyczkowe bud\u017cetu. Rz\u0105d poda\u0142, ile jeszcze brakuje", "description": "Na koniec lutego stopie\u0144 sfinansowania tegorocznych potrzeb po\u017cyczkowych brutto bud\u017cetu pa\u0144stwa wynosi ok. 61 proc., a stan \u015brodk\u00f3w na rachunkach bud\u017cetowych ok. 112 mld z\u0142 \u2013 poinformowa\u0142 we wtorek wiceminister finans\u00f3w Sebastian Skuza. Z naszych szacunk\u00f3w wynika, \u017ce rz\u0105d b\u0119dzie musia\u0142 po\u017cyczy\u0107 na rynku jeszcze ponad 100 mld z\u0142.", "link": "https://businessinsider.com.pl/gospodarka/potrzeby-pozyczkowe-budzetu-rzad-podal-ile-jeszcze-brakuje/yfghtdq", "date_published": "2023-02-28 15:58:01+00:00", "persistent": false, "user": null, "language": "en-US"}, {"source": "https://businessinsider.com.pl/.feed", "title": "\"Mo\u017ce to i nawet zbyt du\u017cy uk\u0142on w nasz\u0105 stron\u0119\". Wojciechowski o propozycji Tuska", "description": "Donald Tusk znalaz\u0142 dobry patent na kryzys w naszej bran\u017cy. Mo\u017ce to i nawet zbyt du\u017cy uk\u0142on w nasz\u0105 stron\u0119 \u2013 m\u00f3wi w rozmowie z \"Wprost Biznes\" J\u00f3zef Wojciechowski. W ten spos\u00f3b jeden z najbogatszych Polak\u00f3w i w\u0142a\u015bciciel firmy deweloperskiej J.W. Construction skomentowa\u0142 program mieszkaniowy Platformy Obywatelskiej.", "link": "https://businessinsider.com.pl/biznes/zbyt-duzy-uklon-w-nasza-strone-wojciechowski-o-propozycji-tuska/v0z0dfh", "date_published": "2023-02-28 15:50:44+00:00", "persistent": false, "user": null, "language": "en-US"}, {"source": "https://businessinsider.com.pl/.feed", "title": "\"Ekrany podano im w tym samym czasie co smoczki\". Poznajcie pokolenie Zalfa", "description": "S\u0142yszeli\u015bcie ju\u017c o pokoleniu Z. By\u0107 mo\u017ce znacie pokolenie Alfa. A teraz pozw\u00f3lcie, \u017ce przedstawimy wam generacj\u0119 Zalfa, kt\u00f3ra wkr\u00f3tce stanie si\u0119 znacz\u0105c\u0105 si\u0142\u0105 nabywcz\u0105.", "link": "https://businessinsider.com.pl/wiadomosci/ekrany-podano-im-w-tym-samym-czasie-co-smoczki-poznajcie-pokolenie-zalfa/hzh2lqd", "date_published": "2023-02-28 15:44:00+00:00", "persistent": false, "user": null, "language": "en-US"}, {"source": "https://businessinsider.com.pl/.feed", "title": "Plaga oszustw przy kasach samoobs\u0142ugowych. Szykuje si\u0119 zmiana prawa?", "description": "Podmiany cen\u00f3wek przy kasach samoobs\u0142ugowych to prawdziwa plaga. Pytanie, jak kwalifikowa\u0107 taki czyn. Posel Jaros\u0142aw Sachajko z Kukiz'15 wys\u0142a\u0142 w tej sprawie interpelacj\u0119 do ministra sprawiedliwo\u015bci \u2014 informuje serwis dlahandlu.pl.", "link": "https://businessinsider.com.pl/finanse/handel/plaga-oszustw-przy-kasach-samoobslugowych-szykuje-sie-zmiana-prawa/r59btmv", "date_published": "2023-02-28 15:40:37+00:00", "persistent": false, "user": null, "language": "en-US"}, {"source": "https://businessinsider.com.pl/.feed", "title": "NIK skontrolowa\u0142 \"Polskie szwalnie\". Wnioski mog\u0105 oburza\u0107", "description": "Najwy\u017csza Izba kontroli skontrolowa\u0142a \"Polskie szwalnie\". Uruchomiony w 2020 r. program mia\u0142 zapewni\u0107 zaopatrzenie kraju w maseczki, a jednocze\u015bnie wesprze\u0107 dotkni\u0119tych pandemi\u0105 przedsi\u0119biorc\u00f3w. Jak si\u0119 okazuje, nie wszystko posz\u0142o, jak nale\u017cy. Wnioski pokontrolne NIK opisuje \"Rzeczpospolita\".", "link": "https://businessinsider.com.pl/biznes/nik-skontrolowal-polskie-szwalnie-wnioski-moga-oburzac/wlhp4e6", "date_published": "2023-02-28 15:17:18+00:00", "persistent": false, "user": null, "language": "en-US"}, {"source": "https://businessinsider.com.pl/.feed", "title": "Obajtek: zn\u00f3w obni\u017cyli\u015bmy ceny oleju nap\u0119dowego", "description": "\u2014 Dzi\u015b obni\u017cyli\u015bmy o nast\u0119pne 10 gr ceny oleju nap\u0119dowego \u2014 powiedzia\u0142 we wtorek Daniel Obajtek. Prezes Orlenu odpowiada\u0142 tak\u017ce na zarzuty dotycz\u0105ce zawy\u017cania mar\u017c.", "link": "https://businessinsider.com.pl/gospodarka/obajtek-znow-obnizylismy-ceny-diesla/h4cs5q0", "date_published": "2023-02-28 14:44:06+00:00", "persistent": false, "user": null, "language": "en-US"}, {"source": "https://businessinsider.com.pl/.feed", "title": "Wygra\u0142 na loterii dwa miliardy dolar\u00f3w. Nie mo\u017ce odebra\u0107 nagrody", "description": "W popularnej ameryka\u0144skiej loterii Powerball pad\u0142a w listopadzie 2022 r. rekordowa wygrana. Zwyci\u0119zca zdoby\u0142 2 mld dol., ale wok\u00f3\u0142 szcz\u0119\u015bliwego losu rozp\u0119ta\u0142a si\u0119 gigantyczna afera. Do organizator\u00f3w gry zg\u0142osi\u0142 si\u0119 m\u0119\u017cczyzna, kt\u00f3ry twierdzi, \u017ce skradziono mu zwyci\u0119ski kupon niemal tu\u017c przed losowaniem. Z\u0142o\u017cy\u0142 pozew w S\u0105dzie Najwy\u017cszym Hrabstwa Los Angeles.", "link": "https://businessinsider.com.pl/wiadomosci/wygral-na-loterii-dwa-miliardy-dolarow-to-byl-poczatek-klopotow/dr2vv91", "date_published": "2023-02-28 14:43:47+00:00", "persistent": false, "user": null, "language": "en-US"}, {"source": "https://businessinsider.com.pl/.feed", "title": "Intersport ma inwestora. To firma z Ukrainy", "description": "Intersport Polska ustali\u0142 z firm\u0105 EpicentrK warunki potencjalnej inwestycji w sp\u00f3\u0142k\u0119. Inwestor ma m.in. obj\u0105\u0107 akcje nowej emisji, za co sp\u00f3\u0142ka otrzyma ok. 10 mln euro \u2014 poda\u0142a firma w komunikacie. Zawarcie umowy inwestycyjnej planowane jest do 3 kwietnia 2023 r.", "link": "https://businessinsider.com.pl/biznes/intersport-ma-inwestora-to-firma-z-ukrainy/07pvfxt", "date_published": "2023-02-28 14:25:38+00:00", "persistent": false, "user": null, "language": "en-US"}, {"source": "https://businessinsider.com.pl/.feed", "title": "\u017babka b\u0119dzie bada\u0107 trze\u017awo\u015b\u0107 pracownik\u00f3w", "description": "Firma \u017babka wprowadza mo\u017cliwo\u015b\u0107 kontroli trze\u017awo\u015bci wszystkich pracownik\u00f3w \u2014 poinformowa\u0142a sie\u0107 sklep\u00f3w. Po zmianie prawa na taki krok mo\u017ce zdecydowa\u0107 si\u0119 ka\u017cda firma.", "link": "https://businessinsider.com.pl/finanse/handel/zabka-bedzie-badac-trzezwosc-pracownikow/gf5z408", "date_published": "2023-02-28 14:24:08+00:00", "persistent": false, "user": null, "language": "en-US"}, {"source": "https://businessinsider.com.pl/.feed", "title": "Globalny fintech syna polskiego emigranta w tarapatach. Mimo strat wzi\u0105\u0142 podwy\u017ck\u0119", "description": "Sebastian Siemi\u0105tkowski jest synem polskiego emigranta. Urodzi\u0142 si\u0119 w Szwecji rok po wyje\u017adzie rodzic\u00f3w z PRLu i zbi\u0142 niewiarygodny maj\u0105tek. Z us\u0142ug firmy za\u0142o\u017conej przez niego i dw\u00f3ch koleg\u00f3w ze szko\u0142y korzysta 80 proc. Niemc\u00f3w, wbi\u0142a si\u0119 te\u017c mocno do USA. Ale teraz ma powa\u017cne problemy. Co nie przeszkodzi\u0142o Siemi\u0105tkowskiemu otrzyma\u0107 wysokiej podwy\u017cki.", "link": "https://businessinsider.com.pl/gielda/wiadomosci/sebastian-siemiatkowski-w-tarapatach-miliardy-strat-globalnego-fintechu-klarna/q4pkvf0", "date_published": "2023-02-28 14:07:10+00:00", "persistent": false, "user": null, "language": "en-US"}, {"source": "https://businessinsider.com.pl/.feed", "title": "Szef PFR: jeste\u015bmy w szczycie inflacji, wyhamuje na wiosn\u0119", "description": "Obecnie przechodzimy przez najtrudniejszy moment w gospodarce, bo jednocze\u015bnie mamy do czynienia ze szczytowym momentem inflacji oraz ze spowolnieniem gospodarczym. Ju\u017c wiosn\u0105 sytuacja si\u0119 jednak poprawi \u2013 m\u00f3wi prezes Polskiego Funduszu Rozwoju Pawe\u0142 Borys.", "link": "https://businessinsider.com.pl/gospodarka/szef-pfr-jestesmy-w-szczycie-inflacji-wyhamuje-na-wiosne/nclcc0h", "date_published": "2023-02-28 13:55:12+00:00", "persistent": false, "user": null, "language": "en-US"}, {"source": "https://businessinsider.com.pl/.feed", "title": "Obajtek przedstawi\u0142 strategi\u0119. Setki miliard\u00f3w inwestycji Orlenu i obni\u017cka cen gazu o po\u0142ow\u0119", "description": "PKN Orlen przewiduje w aktualizacji strategii nak\u0142ady inwestycyjne w wysoko\u015bci 320 mld z\u0142 do 2030 r., w tym 120 mld z\u0142 tzw. inwestycji zielonych. W Polsce za siedem lat maj\u0105 te\u017c dzia\u0142a\u0107 ma\u0142omodu\u0142owe elektrownie j\u0105drowe Orlenu. Ceny gazu dla biznesu maj\u0105 spa\u015b\u0107 od po\u0142owy marca.", "link": "https://businessinsider.com.pl/gielda/wiadomosci/orlen-przedstawil-strategie-setki-miliardow-inwestycji-i-obnizka-cen-gazu-o-polowe/4gwr3k8", "date_published": "2023-02-28 13:29:28+00:00", "persistent": false, "user": null, "language": "en-US"}, {"source": "https://businessinsider.com.pl/.feed", "title": "Nowe wozy bojowe dla wojska zam\u00f3wione. Sprz\u0119t pami\u0119taj\u0105cy ZSRR zast\u0105pi\u0105 borsuki", "description": "Szef MON Mariusz B\u0142aszczak zatwierdzi\u0142 umow\u0119 ramow\u0105 na dostaw\u0119 blisko 1400 nowych pojazd\u00f3w dla wojska, w tym blisko 1000 g\u0105sienicowych bojowych woz\u00f3w piechoty Borsuk oraz pojazdy towarzysz\u0105ce. Nowe pojazdy maj\u0105 zast\u0105pi\u0107 skonstruowane w ZSRR wozy BWP-1. Pierwsze cztery borsuki maj\u0105 zosta\u0107 dostarczone w tym roku.", "link": "https://businessinsider.com.pl/wiadomosci/nowe-wozy-bojowe-dla-wojska-zamowione-sprzet-pamietajacy-zsrr-zastapia-borsuki/5tjl9xn", "date_published": "2023-02-28 13:28:26+00:00", "persistent": false, "user": null, "language": "en-US"}, {"source": "https://businessinsider.com.pl/.feed", "title": "Co drugi tydzie\u0144 praca przez cztery dni. Jest decyzja wielkiej polskiej firmy", "description": "\u2014 Podj\u0119li\u015bmy decyzj\u0119 o pracy co drugi tydzie\u0144 przez cztery dni robocze. W takim wariancie b\u0119dziemy dzia\u0142ali do kwietnia \u2014 poinformowa\u0142 prezes firmy Newag Zbigniew Konieczek. Pow\u00f3d? Optymalizacja koszt\u00f3w \u2014 obecnie w Polsce nie ma bowiem \u017cadnych nowych przetarg\u00f3w", "link": "https://businessinsider.com.pl/prawo/praca/co-drugi-tydzien-praca-przez-cztery-dni-przelomowa-decyzja-wielkiej-polskiej-firmy/35mck8p", "date_published": "2023-02-28 13:26:36+00:00", "persistent": false, "user": null, "language": "en-US"}, {"source": "https://businessinsider.com.pl/.feed", "title": "Orlen obni\u017ca ceny gazu, m.in. dla piekarni. Kto jeszcze skorzysta?", "description": "Prezes Orlenu Daniel Obajtek zapowiedzia\u0142 we wtorek, \u017ce od po\u0142owy marca koncern obni\u017ca ceny gazu o ponad 50 proc. dla 130 tys. klient\u00f3w biznesowych. \u2014 To s\u0105 cukiernie, piekarnie, drobne zak\u0142ady \u2014 powiedzia\u0142 Obajtek na konferencji prasowej.", "link": "https://businessinsider.com.pl/biznes/obajtek-zapowiedzial-obnizke-cen-gazu-min-dla-piekarni-kto-skorzysta/17w0ygg", "date_published": "2023-02-28 13:19:11+00:00", "persistent": false, "user": null, "language": "en-US"}, {"source": "https://businessinsider.com.pl/.feed", "title": "Morawiecki: nadwy\u017cka bud\u017cetu w styczniu 2023 r. wynios\u0142a ponad 11 mld z\u0142", "description": "\u2014 W styczniu tego roku zrealizowali\u015bmy bud\u017cet nadwy\u017ckowy. Mamy nadwy\u017ck\u0119 ponad 11 mld z\u0142 w bud\u017cecie \u2014 powiedzia\u0142 premier Mateusz Morawiecki na konferencji prasowej. \u2014 Dzi\u0119ki tym nadwy\u017ckom mo\u017cemy realizowa\u0107 \u015bmia\u0142\u0105 polityk\u0119 inwestycyjn\u0105 \u2014 doda\u0142.", "link": "https://businessinsider.com.pl/gospodarka/morawiecki-nadwyzka-budzetu-w-styczniu-2023-r-wyniosla-ponad-11-mld-zl/czng3cx", "date_published": "2023-02-28 13:06:21+00:00", "persistent": false, "user": null, "language": "en-US"}, {"source": "https://businessinsider.com.pl/.feed", "title": "Premier powa\u017cnie przej\u0119zyczy\u0142 si\u0119 w sprawie trzynastek. Rzecznik t\u0142umaczy i uspokaja senior\u00f3w", "description": "Premier Mateusz Morawiecki podczas wizyty w Gryfowie \u015al\u0105skim zapowiedzia\u0142, \u017ce 13. emerytury b\u0119d\u0105 wyp\u0142acane w maju i czerwcu. To wbrew temu, co m\u00f3wi ustawa, kt\u00f3ra w tym kontek\u015bcie wskazuje kwiecie\u0144. Seniorzy wystraszyli si\u0119, \u017ce pieni\u0105dze dostan\u0105 p\u00f3\u017aniej. Teraz okazuje sie, \u017ce premier si\u0119 przej\u0119zyczy\u0142.", "link": "https://businessinsider.com.pl/twoje-pieniadze/emerytury/premier-przejezyczyl-sie-w-sprawie-trzynastek-rzecznik-rzadu-tlumaczy/62l9hdj", "date_published": "2023-02-28 12:50:29+00:00", "persistent": false, "user": null, "language": "en-US"}, {"source": "https://businessinsider.com.pl/.feed", "title": "Raport wywiadu: Rosja szykuje si\u0119 do d\u0142ugiej wojny", "description": "Rosjanie przygotowuj\u0105 si\u0119 do d\u0142ugiej wojny na Ukrainie, u\u017cycie przez nich broni nuklearnej wydaje si\u0119 nieprawdopodobne \u2014 to wnioski z og\u0142oszonego we wtorek raportu w\u0142oskich s\u0142u\u017cb specjalnych dla parlamentu. Wed\u0142ug wywiadu nale\u017cy spodziewa\u0107 si\u0119 dalszych cyberatak\u00f3w ze strony Rosji oraz pr\u00f3b ingerencji w polityk\u0119 pa\u0144stw NATO.", "link": "https://businessinsider.com.pl/wiadomosci/raport-wywiadu-rosja-szykuje-sie-do-dlugiej-wojny/mzgr57b", "date_published": "2023-02-28 12:39:50+00:00", "persistent": false, "user": null, "language": "en-US"}, {"source": "https://businessinsider.com.pl/.feed", "title": "Szef NATO: jeste\u015bmy w krytycznym momencie", "description": "Nie ma oznak, aby Putin d\u0105\u017cy\u0142 do pokoju i zmieni\u0142 swoje plany; w kwestii bezpiecze\u0144stwa jeste\u015bmy w krytycznym momencie \u2013 o\u015bwiadczy\u0142 we wtorek w Helsinkach sekretarz generalny NATO Jens Stoltenberg.", "link": "https://businessinsider.com.pl/wiadomosci/szef-nato-jestesmy-w-krytycznym-momencie/4xed7m2", "date_published": "2023-02-28 12:28:36+00:00", "persistent": false, "user": null, "language": "en-US"}, {"source": "https://businessinsider.com.pl/.feed", "title": "55 mln z\u0142 dla 26-latka. Marian Bana\u015b zapowiada wej\u015bcie NIK", "description": "B\u0119dzie kontrola Najwy\u017cszej Izby Kontroli w NCBR. \u2014 Wp\u0142yn\u0119\u0142o wiele wniosk\u00f3w o przeprowadzenie kontroli. NCBR wyda\u0142 prawie 800 mln z\u0142otych w konkursie \"Szybka \u015bcie\u017cka\" \u2014 przekaza\u0142 prezes NIK Marian Bana\u015b. Chodzi m.in. o spraw\u0119 55 mln z\u0142 dotacji dla sp\u00f3\u0142ki 26-latka.", "link": "https://businessinsider.com.pl/wiadomosci/55-mln-zl-dla-26-latka-marian-banas-zapowiada-wejscie-nik/ebz7yfb", "date_published": "2023-02-28 12:15:47+00:00", "persistent": false, "user": null, "language": "en-US"}, {"source": "https://businessinsider.com.pl/.feed", "title": "Kiedy kredyty mieszkaniowe na 2 proc.? Pad\u0142a data", "description": "Premier Mateusz Morawiecki zosta\u0142 zapytany podczas konferencji prasowej, kiedy ruszy nowy program mieszkaniowy Prawa i Sprawiedliwo\u015bci. \u2014 Chcemy, by zosta\u0142 przeg\u0142osowany w ci\u0105gu najbli\u017cszych kilku miesi\u0119cy, tak, by wszed\u0142 w \u017cycie pierwszego lipca \u2014 zadeklarowa\u0142 premier.", "link": "https://businessinsider.com.pl/poradnik-finansowy/kredyty/kiedy-kredyty-mieszkaniowe-na-2-proc-padla-data/qk9c9ph", "date_published": "2023-02-28 12:09:11+00:00", "persistent": false, "user": null, "language": "en-US"}, {"source": "https://businessinsider.com.pl/.feed", "title": "Warren Buffett zainwestowa\u0142 niespotykan\u0105 kwot\u0119 w akcje", "description": "Jak wynika z ostatniego raportu rocznego, Berkshire Hathaway Warrena Buffetta wyda\u0142o w 2022 r. prawie 70 mld dol. na akcje. W tym samym czasie firma s\u0142ynnego inwestora ograniczy\u0142a wykup akcji, ale nadal wykorzystywa\u0142a cz\u0119\u015b\u0107 swoich rezerw got\u00f3wkowych.", "link": "https://businessinsider.com.pl/wiadomosci/warren-buffett-zainwestowal-niespotykana-kwote-w-akcje/vr6vv2l", "date_published": "2023-02-28 11:54:38+00:00", "persistent": false, "user": null, "language": "en-US"}, {"source": "https://businessinsider.com.pl/.feed", "title": "Warrena Buffet zainwestowa\u0142 niespotykan\u0105 kwot\u0119 w akcje", "description": "Jak wynika z ostatniego raportu rocznego, Berkshire Hathaway Warrena Buffetta wyda\u0142o w 2022 r. prawie 70 mld dol. na akcje. W tym samym czasie firma s\u0142ynnego inwestora ograniczy\u0142a wykup akcji, ale nadal wykorzystywa\u0142a cz\u0119\u015b\u0107 swoich rezerw got\u00f3wkowych.", "link": "https://businessinsider.com.pl/wiadomosci/warrena-buffet-zainwestowal-niespotykana-kwote-w-akcje/vr6vv2l", "date_published": "2023-02-28 11:54:38+00:00", "persistent": false, "user": null, "language": "en-US"}, {"source": "https://businessinsider.com.pl/.feed", "title": "Morawiecki zapytany o rosyjsk\u0105 rop\u0119. Wymijaj\u0105ca odpowied\u017a", "description": "\u2014 Mogliby\u015bmy nie odbiera\u0107 tych 10 proc. ropy, za kt\u00f3r\u0105 i tak musieliby\u015bmy p\u0142aci\u0107 \u2014 tak o rosyjskiej ropie m\u00f3wi\u0142 premier Mateusz Morawiecki. Przypomnijmy, \u017ce wcze\u015bniej rz\u0105d sugerowa\u0142, \u017ce w 2023 r. Polska nie sprowadza \u017cadnej ropy z kraju Putina. Teraz premier niejako przyzna\u0142, \u017ce surowiec w styczniu do naszego kraju p\u0142yn\u0105\u0142.", "link": "https://businessinsider.com.pl/gospodarka/morawiecki-zapytany-o-rosyjska-rope-wymijajaca-odpowiedz/hlptsq9", "date_published": "2023-02-28 11:49:13+00:00", "persistent": false, "user": null, "language": "en-US"}, {"source": "https://businessinsider.com.pl/.feed", "title": "Elon Musk wraca do gry. Zn\u00f3w na szczycie listy najbogatszych ludzi \u015bwiata", "description": "Maj\u0105tek Muska, szefa wielu firm, w tym Tesli i Twittera, wynosi obecnie 187,1 mld dol. netto  - podaje Bloomberg. Miliarder pokona\u0142 tym samym prezesa LVMH Bernarda Arnaulta, wyprzedzaj\u0105c szefa konglomeratu luksusowych marek na li\u015bcie najbogatszych. Maj\u0105tek  netto Arnaulta wynosi 182 mld dol. \u2013 wynika z indeksu miliarder\u00f3w Bloomberga.", "link": "https://businessinsider.com.pl/biznes/elon-musk-wraca-do-gry-znow-na-szczycie-listy-najbogatszych-ludzi-swiata/npcstdk", "date_published": "2023-02-28 11:45:22+00:00", "persistent": false, "user": null, "language": "en-US"}, {"source": "https://businessinsider.com.pl/.feed", "title": "W\u0142adimir Putin wr\u0119czy\u0142 Stevenowi Seagalowi nagrod\u0119 przyja\u017ani i pochwali\u0142 jego prac\u0119 humanitarn\u0105", "description": "Prezydent Rosji W\u0142adimir Putin przyzna\u0142 aktorowi Stevenowi Seagalowi Order Przyja\u017ani. Dekret Putina z 27 lutego uhonorowa\u0142 Seagala, kt\u00f3ry ma podw\u00f3jne obywatelstwo (ameryka\u0144skie i rosyjskie) za jego \"wielki wk\u0142ad w rozw\u00f3j mi\u0119dzynarodowej wsp\u00f3\u0142pracy kulturalnej i humanitarnej\".", "link": "https://businessinsider.com.pl/wiadomosci/znany-amerykanski-aktor-z-orderem-od-putina-kocham-rosje-i-waszego-prezydenta/kxbr999", "date_published": "2023-02-28 11:29:29+00:00", "persistent": false, "user": null, "language": "en-US"}, {"source": "https://businessinsider.com.pl/.feed", "title": "mObywatel na r\u00f3wni z dowodem osobistym. Rz\u0105d zmienia przepisy", "description": "Aplikacja mObywatel b\u0119dzie traktowana dok\u0142adnie tak samo, jak tradycyjny plastikowy dow\u00f3d osobisty. To jedno z g\u0142\u00f3wnych za\u0142o\u017ce\u0144 projektu ustawy, kt\u00f3ry we wtorek przyj\u0105\u0142 rz\u0105d.", "link": "https://businessinsider.com.pl/wiadomosci/mobywatel-na-rowni-z-dowodem-osobistym-rzad-zmienia-przepisy/1n3dn25", "date_published": "2023-02-28 11:26:26+00:00", "persistent": false, "user": null, "language": "en-US"}, {"source": "https://businessinsider.com.pl/.feed", "title": "Tyle w\u0119gla Polakom rozda\u0142y samorz\u0105dy", "description": "Wiceminister aktyw\u00f3w pa\u0144stwowych Karol Rabenda przekaza\u0142, ile w\u0119gla trafi\u0142o do Polak\u00f3w za po\u015brednictwem samorz\u0105d\u00f3w. To prawie dwa miliony ton.", "link": "https://businessinsider.com.pl/wiadomosci/tyle-wegla-polakom-rozdaly-samorzady/sr2xqkx", "date_published": "2023-02-28 11:20:52+00:00", "persistent": false, "user": null, "language": "en-US"}, {"source": "https://businessinsider.com.pl/.feed", "title": "Broniarz: domagamy si\u0119 20 proc. podwy\u017cki dla nauczycieli", "description": "Domagamy si\u0119 20-procentowego wzrostu wynagrodze\u0144 nauczycieli od 1 lipca. Mamy gotowy projekt dotycz\u0105cy praktycznej realizacji tego pomys\u0142u \u2013 poinformowa\u0142 we wtorek prezes ZNP S\u0142awomir Broniarz. Przedstawiciele zwi\u0105zku zapowiedzieli, \u017ce projekt z\u0142o\u017c\u0105 w Sejmie 9 marca.", "link": "https://businessinsider.com.pl/gospodarka/broniarz-domagamy-sie-20-proc-podwyzki-dla-nauczycieli/dtdq3jf", "date_published": "2023-02-28 11:10:44+00:00", "persistent": false, "user": null, "language": "en-US"}, {"source": "https://businessinsider.com.pl/.feed", "title": "\"Gospodarka nabiera zapas\u00f3w jak szalona\", a \"uchod\u017acy maskowali spadki\". Komentarze ekonomist\u00f3w do PKB", "description": "W ostatnich dziewi\u0119ciu miesi\u0105cach ub.r. PKB spad\u0142 w Polsce o a\u017c 3,7 proc. \u2014wyliczyli ekonomi\u015bci. W pierwszym kwartale mo\u017cemy si\u0119 spodziewa\u0107 spadku gospodarczego, a we wzro\u015bcie przeszkadza inflacja, kt\u00f3ra uporczywie utrzymuje si\u0119 na wysokim poziomie, je\u015bli chodzi o dane bazowe. Wskazuje si\u0119 te\u017c na fakt, \u017ce w ub.r. popyt ze strony uchod\u017ac\u00f3w maskowa\u0142 z\u0142e wyniki gospodarki.", "link": "https://businessinsider.com.pl/gospodarka/gospodarka-nabiera-zapasow-jak-szalona-komentarze-ekonomistow-do-pkb/kvxl0b9", "date_published": "2023-02-28 11:06:32+00:00", "persistent": false, "user": null, "language": "en-US"}, {"source": "https://businessinsider.com.pl/.feed", "title": "Premier przed\u0142u\u017cy\u0142 stopnie alarmowe Charlie-CRP i Bravo", "description": "Premier Mateusz Morawiecki podpisa\u0142 zarz\u0105dzenia, kt\u00f3re przed\u0142u\u017caj\u0105 do 31 maja 2023 r. obowi\u0105zywanie stopni alarmowych: 3. stopnia CHARLIE-CRP, 2. stopnia BRAVO na terenie ca\u0142ego kraju oraz 2. stopnia BRAVO wobec polskiej infrastruktury energetycznej, mieszcz\u0105cej si\u0119 poza granicami Rzeczypospolitej Polskiej - poinformowa\u0142o Rz\u0105dowe Centrum Bezpiecze\u0144stwa.", "link": "https://businessinsider.com.pl/wiadomosci/premier-przedluzyl-stopnie-alarmowe-charlie-crp-i-bravo/mhg0p0r", "date_published": "2023-02-28 10:32:21+00:00", "persistent": false, "user": null, "language": "en-US"}, {"source": "https://businessinsider.com.pl/.feed", "title": "\"Bia\u0142a wyspa\" na mapie dro\u017cyzny. Co si\u0119 dzieje z cenami mleka?", "description": "Kiedy niemal wszystkie wska\u017aniki cen \u015bwiec\u0105 si\u0119 na czerwono, w przypadku mleka mo\u017cemy m\u00f3wi\u0107 o zielonej, a w tym przypadku mo\u017ce lepiej pasuje \u2014 bia\u0142ej wyspie. W styczniu litr tego produktu kosztowa\u0142 w skupach o prawie 30 gr mniej ni\u017c w grudniu 2022 r. \u2014 zauwa\u017ca portal interia.pl. Sytuacja w Polsce jest pok\u0142osiem tego, co dzieje si\u0119 na \u015bwiecie i bardzo niepokoi rolnik\u00f3w oraz producent\u00f3w. Twierdz\u0105, \u017ce zarobi\u0105 na tym tylko wielkie sieci sklep\u00f3w.", "link": "https://businessinsider.com.pl/gospodarka/biala-wyspa-na-mapie-drozyzny-co-sie-dzieje-z-cenami-mleka/jp6g6f5", "date_published": "2023-02-28 10:20:21+00:00", "persistent": false, "user": null, "language": "en-US"}, {"source": "https://businessinsider.com.pl/.feed", "title": "Premier przed\u0142u\u017cy\u0142 stopnie alarmowe Charlie-CRP i Bravo", "description": "Premier Mateusz Morawiecki podpisa\u0142 zarz\u0105dzenia, kt\u00f3re przed\u0142u\u017caj\u0105 do 31 maja 2023 r. obowi\u0105zywanie stopni alarmowych: 3. stopnia CHARLIE-CRP, 2. stopnia BRAVO na terenie ca\u0142ego kraju oraz 2. stopnia BRAVO wobec polskiej infrastruktury energetycznej, mieszcz\u0105cej si\u0119 poza granicami Rzeczypospolitej Polskiej - poinformowa\u0142o Rz\u0105dowe Centrum Bezpiecze\u0144stwa.", "link": "https://businessinsider.com.pl/wiadomosci/premier-przedluzyl-stopnie-alarmowe-charlie-crp-i-bravo/3vp3r1r", "date_published": "2023-02-28 10:14:40+00:00", "persistent": false, "user": null, "language": "en-US"}, {"source": "https://businessinsider.com.pl/.feed", "title": "Od \u015brody mn\u00f3stwo zmian, kt\u00f3re dotkn\u0105 nawet 25 mln Polak\u00f3w. Oto osiem najwa\u017cniejszych", "description": "Pracownicy, emeryci, renci\u015bci, kierowcy, mundurowi, podr\u00f3\u017cni, przedsi\u0119biorcy, buduj\u0105cy dom lub mieszkanie, pacjenci \u2014 bardzo prawdopodobne, \u017ce ka\u017cdy czytaj\u0105cy te s\u0142owa nale\u017cy przynajmniej do jednej z wymienionych grup. A je\u015bli tak, to musi si\u0119 przygotowa\u0107 na spore zmiany ju\u017c od jutra. Wi\u0119kszo\u015b\u0107 z nich dotyczy naszych portfeli. Oto osiem najwa\u017cniejszych marcowych zmian dla nawet 25 mln Polak\u00f3w.", "link": "https://businessinsider.com.pl/gospodarka/osiem-najwazniejszych-zmian-od-marca-dotkna-nawet-25-mln-polakow/xr604sz", "date_published": "2023-02-28 10:01:03+00:00", "persistent": false, "user": null, "language": "en-US"}, {"source": "https://businessinsider.com.pl/.feed", "title": "Minister odpowiada na raport OECD. Co z wiekiem emerytalnym w Polsce?", "description": "Organizacji Wsp\u00f3\u0142pracy Gospodarczej i Rozwoju (OECD) sugeruje, \u017ce Polsk\u0119 czekaj\u0105 ci\u0119\u017ckie demograficznie czasy, kt\u00f3re b\u0119d\u0105 wymaga\u0142y niepopularnych politycznie decyzji. Do sprawy odnios\u0142a si\u0119 minister rodziny Marlena Mal\u0105g.", "link": "https://businessinsider.com.pl/wiadomosci/minister-odpowiada-na-raport-oecd-co-z-wiekiem-emerytalnym-w-polsce/7gjkvmz", "date_published": "2023-02-28 09:32:43+00:00", "persistent": false, "user": null, "language": "en-US"}, {"source": "https://businessinsider.com.pl/.feed", "title": "Volkswagen od Niemca wci\u0105\u017c celem Polak\u00f3w. A co za nim? Oto dane o sprowadzanych autach", "description": "Sprowadzanie aut do Polski jest coraz dro\u017csze. \u015arednia cena transportu samochodu z zagranicy wzros\u0142a w 2022 r. o 19 proc. Wci\u0105\u017c pozostaje to jednak kusz\u0105c\u0105 opcj\u0105 dla kierowc\u00f3w znad Wis\u0142y. Raport serwisu Clicktrans ujawnia, jakie marki i sk\u0105d najch\u0119tniej \u015bci\u0105gaj\u0105 Polacy.", "link": "https://businessinsider.com.pl/technologie/motoryzacja/volkswagen-od-niemca-wciaz-celem-polakow-a-co-za-nim-oto-dane-o-sprowadzanych-autach/t05t0zf", "date_published": "2023-02-28 09:03:45+00:00", "persistent": false, "user": null, "language": "en-US"}, {"source": "https://businessinsider.com.pl/.feed", "title": "PKB ostro w d\u00f3\u0142. Jeden z najwi\u0119kszych spadk\u00f3w w historii", "description": "PKB Polski w czwartym kwartale spad\u0142 o 2,4 proc. w por\u00f3wnaniu z kwarta\u0142em poprzednim\u2014poda\u0142 GUS we wtorek. I jest jeszcze jedna z\u0142a wiadomo\u015b\u0107. Mamy do czynienia z wydarzeniami historycznymi, bo to jeden z najwi\u0119kszych spadk\u00f3w od wielu lat.", "link": "https://businessinsider.com.pl/gospodarka/pkb-ostro-w-dol-jeden-z-najwiekszych-spadkow-w-historii/r8dh0g5", "date_published": "2023-02-28 09:01:59+00:00", "persistent": false, "user": null, "language": "en-US"}, {"source": "https://businessinsider.com.pl/.feed", "title": "Renault Kangoo Van 1.5 dCi \u2013 z dieslem, czyli do pracy", "description": "Renault Kangoo to auto znane od wielu lat i cenione przez przedsi\u0119biorc\u00f3w, kt\u00f3rzy potrzebuj\u0105 ma\u0142ego dostawczaka, zwinnego w mie\u015bcie, lecz pakownego. W roli praktycznego vana Kangoo sprawdza si\u0119 znakomicie, a z dieslem jest dodatkowo", "link": "https://businessinsider.com.pl/technologie/motoryzacja/renault-kangoo-van-15-dci-z-dieslem-czyli-do-pracy-test/2f757xz", "date_published": "2023-02-28 09:00:00+00:00", "persistent": false, "user": null, "language": "en-US"}, {"source": "https://businessinsider.com.pl/.feed", "title": "Polacy popadaj\u0105 w finansowe tarapaty. M\u0142odzi w najgorszej sytuacji", "description": "Zdecydowana wi\u0119kszo\u015b\u0107 Polak\u00f3w ocenia, \u017ce ich sytuacja finansowa pogorszy\u0142a si\u0119 w ci\u0105gu roku \u2014 wynika z badania przeprowadzonego na zlecenie Santander Consumer Banku. W\u015br\u00f3d m\u0142odych ten odsetek si\u0119ga a\u017c 81 proc. Na oszcz\u0119dzanie s\u0105 w stanie sobie pozwoli\u0107 tylko najbogatsi Polacy.", "link": "https://businessinsider.com.pl/finanse/polacy-popadaja-w-finansowe-tarapaty-mlodzi-w-najgorszej-sytuacji/3tjz67f", "date_published": "2023-02-28 08:40:59+00:00", "persistent": false, "user": null, "language": "en-US"}, {"source": "https://businessinsider.com.pl/.feed", "title": "Monopole maj\u0105 si\u0119 dobrze, reszta odwrotnie. \"O\u017cywienie gospodarki ma\u0142o prawdopodobne\"", "description": "Analitycy Biura Inwestycji i Cykli Ekonomicznych wskazuj\u0105 na zmonopolizowanie gospodarki jako jeden z czynnik\u00f3w jej obecnych problem\u00f3w. Z najnowszego badania wska\u017anika wyprzedzaj\u0105cego koniunktury wynika, \u017ce o\u017cywienie nie nast\u0105pi w najbli\u017cszych miesi\u0105cach \u2014 poda\u0142o Biuro Inwestycji i Cykli Ekonomicznych BIEC.", "link": "https://businessinsider.com.pl/gospodarka/monopole-maja-sie-dobrze-reszta-musi-za-to-placic-biec-ozywienie-gospodarki-malo/e619bvw", "date_published": "2023-02-28 08:31:05+00:00", "persistent": false, "user": null, "language": "en-US"}, {"source": "https://businessinsider.com.pl/.feed", "title": "Kurs franka 28 lutego poni\u017cej 4,8 z\u0142", "description": "Frank szwajcarski poni\u017cej 4,8 z\u0142. W wtorek rano 28 lutego 2023 r. kurs tej waluty wobec polskiego z\u0142otego wynosi 4,7678.", "link": "https://businessinsider.com.pl/gielda/kursy-walut/kurs-franka-frank-szwajcarski-chfpln-28-lutego-2023/sngmnlp", "date_published": "2023-02-28 08:07:33+00:00", "persistent": false, "user": null, "language": "en-US"}, {"source": "https://businessinsider.com.pl/.feed", "title": "Kurs dolara 28 lutego w okolicy 4,5 z\u0142", "description": "Kurs dolara w okolicy 4,5 z\u0142. We wtorek rano 28 lutego 2023 r. kurs USD/PLN wynosi 4,4540.", "link": "https://businessinsider.com.pl/gielda/kursy-walut/kurs-dolara-usdpln-notowania-walut-28-lutego-2023/l91q3vz", "date_published": "2023-02-28 08:05:54+00:00", "persistent": false, "user": null, "language": "en-US"}, {"source": "https://businessinsider.com.pl/.feed", "title": "Kurs euro 28 lutego poni\u017cej 4,75 z\u0142", "description": "Kurs euro poni\u017cej 4,75 z\u0142. We wtorek rano 28 lutego 2023 r. kurs EUR/PLN wynosi\u0142 4,7181 z\u0142.", "link": "https://businessinsider.com.pl/gielda/kursy-walut/kurs-euro-eurpln-notowania-walut-28-lutego-2023/gknlnpz", "date_published": "2023-02-28 08:01:24+00:00", "persistent": false, "user": null, "language": "en-US"}, {"source": "https://businessinsider.com.pl/.feed", "title": "Atak hakerski na podatkow\u0105 stron\u0119 rz\u0105du. PIT-a nie rozliczysz", "description": "Hakerzy zaatakowali rz\u0105dow\u0105 stron\u0119 podatki.gov.pl. To serwis, w kt\u00f3rym miliony Polak\u00f3w mog\u0105 rozliczy\u0107 zesz\u0142oroczny PIT. Strona przesta\u0142\u0105 dzia\u0142a\u0107 tu\u017c po godzinie 8 rano, a jak informuje RMF FM, dane podatnik\u00f3w s\u0105 bezpieczne.", "link": "https://businessinsider.com.pl/wiadomosci/atak-hakerski-na-podatkowa-strone-rzadu-pit-a-nie-rozliczysz/1sbbwcl", "date_published": "2023-02-28 07:30:01+00:00", "persistent": false, "user": null, "language": "en-US"}, {"source": "https://businessinsider.com.pl/.feed", "title": "Jednak nie atak hakerski. Ministerstwo t\u0142umaczy problemy z PIT-ami", "description": "RMF FM informowa\u0142, \u017ce hakerzy zaatakowali rz\u0105dow\u0105 stron\u0119 podatki.gov.pl. To serwis, w kt\u00f3rym miliony Polak\u00f3w mog\u0105 rozliczy\u0107 zesz\u0142oroczny PIT. Strona przesta\u0142\u0105 dzia\u0142a\u0107 tu\u017c po godzinie 8 rano. Ministerstwo finans\u00f3w zapewnia, \u017ce przyczyn\u0105 problem\u00f3w by\u0142a awaria, a nie ingerencja haker\u00f3w.", "link": "https://businessinsider.com.pl/wiadomosci/jednak-nie-atak-hakerski-ministerstwo-tlumaczy-problemy-z-pit-ami/1sbbwcl", "date_published": "2023-02-28 07:30:01+00:00", "persistent": false, "user": null, "language": "en-US"}, {"source": "https://businessinsider.com.pl/.feed", "title": "We wtorek wygasaj\u0105 deklaracje, od \u015brody autozapis do PPK. Tak wp\u0142ynie na wyp\u0142aty", "description": "28 lutego wygasaj\u0105 deklaracje o rezygnacji z dokonywania wp\u0142at do Pracowniczych Plan\u00f3w Kapita\u0142owych. Od 1 marca pracownicy zn\u00f3w zostan\u0105 zapisani do programu i ewentualnie zn\u00f3w b\u0119d\u0105 musieli sk\u0142ada\u0107 wnioski o rezygnacj\u0119. Od 1 kwietnia natomiast pracodawcy wznowi\u0105 dokonywanie wp\u0142at do PPK dla tych, kt\u00f3rzy w systemie pozostan\u0105.", "link": "https://businessinsider.com.pl/poradnik-finansowy/we-wtorek-wygasaja-deklaracje-od-srody-autozapis-do-ppk-tak-wplynie-na-wyplaty/r63tvsv", "date_published": "2023-02-28 07:21:29+00:00", "persistent": false, "user": null, "language": "en-US"}, {"source": "https://businessinsider.com.pl/.feed", "title": "PiS powt\u00f3rzy ruch Tuska w sprawie emeryt\u00f3w? Taka jest sugestia OECD", "description": "Cho\u0107 dzi\u015b zar\u00f3wno Jaros\u0142aw Kaczy\u0144ski, jak i Donald Tusk r\u0119kami i nogami wzbraniaj\u0105 si\u0119 przed podwy\u017ck\u0105 wieku emerytalnego, to OECD w\u0142a\u015bnie taki ruch Polsce zasugerowa\u0142o i poda\u0142o twarde argumenty. Zdaniem organizacji w naszym kraju nale\u017cy bowiem nie tylko podnie\u015b\u0107, ale te\u017c zr\u00f3wna\u0107 moment przej\u015bcia na emerytur\u0119 dla kobiet i m\u0119\u017cczyzn, co wp\u0142ynie na dodatkowy wzrost PKB. Alternatywa? Zdaniem OECD: g\u0142odowe \u015bwiadczenia na staro\u015b\u0107.", "link": "https://businessinsider.com.pl/gospodarka/pis-powtorzy-ruch-tuska-taka-jest-sugestia-oecd/rlbqffl", "date_published": "2023-02-28 06:58:13+00:00", "persistent": false, "user": null, "language": "en-US"}, {"source": "https://businessinsider.com.pl/.feed", "title": "W \u015brod\u0119 fina\u0142 \"afery biletowej\". Wracaj\u0105 stare ceny", "description": "Od \u015brody, 1 marca ceny bilet\u00f3w w PKP Intercity spadn\u0105 do poziom\u00f3w sprzed podwy\u017cki wprowadzonej 11 stycznia tego roku. Ceny bazowe na po\u0142\u0105czenia kategorii TLK i IC b\u0119d\u0105 \u015brednio o ok. 11 proc. ni\u017csze, natomiast dla kategorii EIC i EIP \u2013 \u015brednio o ok. 15 proc.", "link": "https://businessinsider.com.pl/wiadomosci/w-srode-final-afery-biletowej-wracaja-stare-ceny/26d57m9", "date_published": "2023-02-28 06:28:46+00:00", "persistent": false, "user": null, "language": "en-US"}, {"source": "https://businessinsider.com.pl/.feed", "title": "Polska prymusem w\u015br\u00f3d kraj\u00f3w NATO. Tyle wydajemy na uzbrojenie", "description": "W ubieg\u0142ym roku \u015brodki przeznaczone na nowe uzbrojenie by\u0142y ponad dwa razy wy\u017csze ni\u017c rok wcze\u015bniej. W 2023 r. Polska wyda na obronno\u015b\u0107 ok. 4 proc. PKB, co stawia nas w czo\u0142\u00f3wce NATO \u2014 pisze we wtorek \"Dziennik Gazeta Prawna\".", "link": "https://businessinsider.com.pl/gospodarka/polska-prymusem-wsrod-krajow-nato-tyle-wydajemy-na-uzbrojenie/c0gkxw5", "date_published": "2023-02-28 06:11:48+00:00", "persistent": false, "user": null, "language": "en-US"}, {"source": "https://businessinsider.com.pl/.feed", "title": "Jak powstaj\u0105 pi\u0142ki tenisowe? Hipnotyzuj\u0105cy proces", "description": "Z czego zrobione s\u0105 pi\u0142ki tenisowe? Sk\u0105d si\u0119 bior\u0105 na nich charakterystyczne bia\u0142e paski? Zobacz jak wygl\u0105da produkcja.", "link": "https://businessinsider.com.pl/wideo/jak-powstaja-pilki-tenisowe-hipnotyzujacy-proces/smbdcpw", "date_published": "2023-02-28 06:03:00+00:00", "persistent": false, "user": null, "language": "en-US"}, {"source": "https://businessinsider.com.pl/.feed", "title": "Wraca temat unijnego zakazu dla aut spalinowych po 2035 r. Niemcy chc\u0105 go znacz\u0105co z\u0142agodzi\u0107", "description": "Niemcy prosz\u0105 Bruksel\u0119, aby wprowadzi\u0107 zmiany do przepis\u00f3w o zakazie wprowadzania na rynek aut spalinowych po 2035 r. Inwestorzy na rynku finansowym s\u0105 coraz bardziej przekonani, \u017ce stopy procentowe w strefie euro b\u0119d\u0105 rosn\u0105\u0107 a\u017c do przysz\u0142ego roku. Polacy sp\u0142acaj\u0105 wi\u0119cej starych kredyt\u00f3w, ni\u017c zaci\u0105gaj\u0105 nowych, rz\u0105d chce inwestowa\u0107 w elektrownie szczytowo-pompowe, a opozycja chce rozdawa\u0107 darmowe kredyty. Oto pi\u0119\u0107 najciekawszych wydarze\u0144 w gospodarce teraz.", "link": "https://businessinsider.com.pl/gospodarka/wraca-temat-unijnego-zakazu-dla-aut-spalinowych-niemcy-chca-go-znaczaco-zlagodzic/ee4ntd4", "date_published": "2023-02-28 06:01:18+00:00", "persistent": false, "user": null, "language": "en-US"}, {"source": "https://businessinsider.com.pl/.feed", "title": "Id\u0105 podwy\u017cki cen wody. \"Zaakceptowano 150 nowych taryf\"", "description": "Co trzecia gmina w Polsce z\u0142o\u017cy\u0142a wniosek o zmian\u0119 taryf za wod\u0119 i \u015bcieki z podwy\u017ckami \u2014 zdradzi\u0142 wiceprezes W\u00f3d Polskich Pawe\u0142 Rusiecki. Zaakceptowano 150 z nich, a wzrost cen ma nie przekroczy\u0107 10 proc. rocznie. Regulator odrzuci\u0142 te\u017c 376 wniosk\u00f3w", "link": "https://businessinsider.com.pl/gospodarka/ida-podwyzki-cen-wody-zaakceptowano-150-nowych-taryf/gfdh4mb", "date_published": "2023-02-28 05:58:41+00:00", "persistent": false, "user": null, "language": "en-US"}, {"source": "https://businessinsider.com.pl/.feed", "title": "Dlaczego Fanta powsta\u0142a w nazistowskich Niemczech? To by\u0142 najs\u0142odszy nap\u00f3j na rynku", "description": "Pierwotna Fanta, kt\u00f3\u0105 znamy dzi\u015b ze sklepowych p\u00f3\u0142ek, mocno r\u00f3\u017cni\u0142a si\u0119 od dzisiejszego produktu. Inny by\u0142 m.in. kolor. Co ciekawe, niemieckie gospodynie ch\u0119tnie dodawa\u0142y j\u0105 np. do zup.", "link": "https://businessinsider.com.pl/wideo/dlaczego-fanta-powstala-w-nazistowskich-niemczech-to-byl-najslodszy-napoj-na-rynku/n62ch8n", "date_published": "2023-02-28 05:52:00+00:00", "persistent": false, "user": null, "language": "en-US"}, {"source": "https://businessinsider.com.pl/.feed", "title": "My\u015blisz, \u017ce spotkania w pracy to strata czasu? Masz racj\u0119", "description": "Je\u015bli kiedykolwiek pomy\u015bla\u0142e\u015b w pracy: \"To spotkanie mo\u017cna by\u0142o za\u0142atwi\u0107 mailem\", mia\u0142e\u015b racj\u0119. Oszcz\u0119dzi\u0142by\u015b nie tylko sw\u00f3j czas, ale i pieni\u0105dze pracodawcy.", "link": "https://businessinsider.com.pl/firmy/czy-spotkania-w-pracy-sa-potrzebne/95nzqqh", "date_published": "2023-02-28 05:49:00+00:00", "persistent": false, "user": null, "language": "en-US"}, {"source": "https://businessinsider.com.pl/.feed", "title": "Mniej czasu na urlop ojcowski. Sprawd\u017a, co i kiedy si\u0119 zmieni", "description": "Nie wszystkie planowane zmiany w kodeksie pracy s\u0105 korzystne dla rodzic\u00f3w. M\u0119\u017cczy\u017ani b\u0119d\u0105 mie\u0107 mniej czasu na wykorzystanie dwutygodniowego urlopu ojcowskiego. W lepszej sytuacji b\u0119d\u0105 ci, kt\u00f3rych dziecko urodzi si\u0119 przed wej\u015bciem w \u017cycie nowych przepis\u00f3w.", "link": "https://businessinsider.com.pl/prawo/praca/mniej-czasu-na-urlop-ojcowski-sprawdz-co-i-kiedy-sie-zmieni/4tqmz94", "date_published": "2023-02-28 05:46:18+00:00", "persistent": false, "user": null, "language": "en-US"}, {"source": "https://businessinsider.com.pl/.feed", "title": "Mened\u017cerowie pa\u0144stwowych sp\u00f3\u0142ek wp\u0142acaj\u0105 na PiS. Znamy nazwiska", "description": "Od pocz\u0105tku roku PiS odnotowa\u0142 11 wp\u0142at od os\u00f3b fizycznych. Wszystkie z nich to mened\u017cerowie sp\u00f3\u0142ek Skarbu Pa\u0144stwa, kt\u00f3rzy w tym roku byli wyj\u0105tkowo hojni. \u017baden z przelew\u00f3w nie opiewa\u0142 na mniej ni\u017c 20 tys. z\u0142.", "link": "https://businessinsider.com.pl/wiadomosci/menedzerowie-panstwowych-spolek-wplacaja-na-pis-znamy-nazwiska/scmt7pv", "date_published": "2023-02-28 05:46:14+00:00", "persistent": false, "user": null, "language": "en-US"}, {"source": "https://businessinsider.com.pl/.feed", "title": "Zapomnij o nag\u0142ym spadku rat. Tak przebiega\u0107 b\u0119dzie wdro\u017cenie WIRON-u w istniej\u0105cych umowach", "description": "Koniec stawki WIBOR nadchodzi wielkimi krokami i trzeba b\u0119dzie zast\u0105pi\u0107 j\u0105 nowym wska\u017anikiem WIRON nie tylko w nowych hipotekach, ale tak\u017ce w tych ju\u017c istniej\u0105cych. To zjawisko dotknie blisko 3,3 mln os\u00f3b sp\u0142acaj\u0105cych z\u0142otowe kredyty mieszkaniowe o zmiennym oprocentowaniu. Czy musz\u0105 podpisywa\u0107 aneksy? Co, je\u015bli maj\u0105 klauzule awaryjne? Czy mog\u0105 liczy\u0107 na zmniejszenie oprocentowania? Oto czego dotychczas dowiedzieli\u015bmy si\u0119 na temat zamiany WIBOR-u na WIRON.", "link": "https://businessinsider.com.pl/finanse/zapomnij-o-naglym-spadku-rat-tak-wibor-zmieni-sie-w-wiron/q37gjde", "date_published": "2023-02-28 05:38:53+00:00", "persistent": false, "user": null, "language": "en-US"}, {"source": "https://businessinsider.com.pl/.feed", "title": "Musk pozwany przez akcjonariuszy. Chodzi o bezpiecze\u0144stwo jego aut", "description": "Tesla i jej szef Elon Musk zostali w poniedzia\u0142ek pozwani przez akcjonariuszy, kt\u00f3rzy oskar\u017cyli sp\u00f3\u0142k\u0119 i Muska o przecenianie skuteczno\u015bci i bezpiecze\u0144stwa technologii Autopilot i Full Self-Driving swoich pojazd\u00f3w elektrycznych.", "link": "https://businessinsider.com.pl/biznes/musk-pozwany-przez-akcjonariuszy-chodzi-o-bezpieczenstwo-jego-aut/ny6tqfq", "date_published": "2023-02-28 05:28:47+00:00", "persistent": false, "user": null, "language": "en-US"}, {"source": "https://businessinsider.com.pl/.feed", "title": "Jest kompromis w sprawie nowego wiceministra od w\u0119gla. Nominacja mo\u017cliwa na dniach", "description": "Po kilku miesi\u0105cach spekulacji powraca temat powo\u0142ania pos\u0142a PiS Marka Weso\u0142ego na stanowisko wiceministra aktyw\u00f3w pa\u0144stwowych. Wed\u0142ug informacji Business Insidera premier Mateusz Morawiecki i szef MAP Jacek Sasin osi\u0105gn\u0119li wreszcie kompromis w tej sprawie. Jak m\u00f3wi\u0105 nasze \u017ar\u00f3d\u0142a, ostateczna decyzja mo\u017ce zapa\u015b\u0107 w tym tygodniu.", "link": "https://businessinsider.com.pl/wiadomosci/jest-kompromis-w-sprawie-nowego-wiceministra-od-wegla-nominacja-mozliwa-na-dniach/nkzv31d", "date_published": "2023-02-28 05:21:24+00:00", "persistent": false, "user": null, "language": "en-US"}, {"source": "https://businessinsider.com.pl/.feed", "title": "Za 12 lat wszyscy kierowcy b\u0119d\u0105 musieli si\u0119 na tym zna\u0107. Powsta\u0142a polska \u0142adowarka do elektryk\u00f3w", "description": "Jeszcze tylko do 2035 r. w Unii Europejskiej b\u0119dzie mo\u017cna sprzedawa\u0107 nowe samochody spalinowe. Potem jedyn\u0105 opcj\u0105 stan\u0105 si\u0119 elektryki. Rynek przestawia si\u0119 ju\u017c stopniowo na motoryzacj\u0119 w innym wydaniu. A Polska, cho\u0107 robi to bardzo powoli, to zyskuje m.in. na lokalizacji fabryk baterii. W podziale profit\u00f3w z nowego rynku chc\u0105 te\u017c uczestniczy\u0107 krajowi przedsi\u0119biorcy. Jeden z nich wprowadza w\u0142a\u015bnie do sprzeda\u017cy \u0142adowark\u0119 do aut w\u0142asnego projektu. Ju\u017c zarabia na bateriach do rower\u00f3w.", "link": "https://businessinsider.com.pl/technologie/nowe-technologie/za-12-lat-wszyscy-kierowcy-beda-musieli-sie-na-tym-znac-powstala-polska-ladowarka-do/msxbdcf", "date_published": "2023-02-28 05:11:00+00:00", "persistent": false, "user": null, "language": "en-US"}, {"source": "https://businessinsider.com.pl/.feed", "title": "Z\u0142oty okres dla emeryt\u00f3w. Rekordzista dostanie 4 tys. z\u0142 podwy\u017cki", "description": "Miliony emeryt\u00f3w czekaj\u0105 na ten moment. W marcu ponad 6 mln Polak\u00f3w dostanie takie podwy\u017cki, jakich jeszcze nigdy nie widzia\u0142o. Z danych ZUS wynika, \u017ce ponad 100 tys. senior\u00f3w mo\u017ce liczy\u0107 na wzrost \u015bwiadczenia o nawet 1 tys. z\u0142 brutto, a emerytura rekordzisty skoczy o ponad 4 tys. z\u0142. A na tym nie koniec. Ju\u017c za chwil\u0119 rusza bowiem wyp\u0142ata \"trzynastek\".", "link": "https://businessinsider.com.pl/poradnik-finansowy/zloty-okres-dla-emerytow-rekordzista-dostanie-4-tys-zl-podwyzki/nf2642w", "date_published": "2023-02-28 05:00:00+00:00", "persistent": false, "user": null, "language": "en-US"}]