[{"source": "https://www.forbes.com/innovation/feed2", "title": "From Photons To Behavior: Torc Robotics Fortifies AI-Based Driving Capability", "description": "Aiming to dominate the truck autoimation space, Torc Robotics is acquiring the Algolux team and intellectual property to super-charge their capabilities in deep learning, computer vision, and computational imaging.", "link": "https://www.forbes.com/sites/richardbishop1/2023/02/28/from-photons-to-behavior-torc-robotics-fortifies-ai-based-driving-capability/", "date_published": "2023-02-28 22:55:29+00:00", "persistent": false, "user": null, "language": "en-US"}, {"source": "https://www.forbes.com/innovation/feed2", "title": "Teen Journalism Challenge Winners Speak to A Moment of Change in Education", "description": "Today\u2019s world can feel out of control for teenagers. The COVID-19 pandemic took a tremendous toll on their mental health. At the same time, they\u2019re living through remarkable changes in technology and the workforce, a widening political divide, social upheaval, racism, and violence.", "link": "https://www.forbes.com/sites/hansabhargava/2023/02/28/teen-journalism-challenge-winners-speak-to-a-moment-of-change-in-education/", "date_published": "2023-02-28 22:24:42+00:00", "persistent": false, "user": null, "language": "en-US"}, {"source": "https://www.forbes.com/innovation/feed2", "title": "LG Reveals Pricing And Availability For Its 2023 OLED TVs", "description": "How deep will your pockets need to be?", "link": "https://www.forbes.com/sites/johnarcher/2023/02/28/lg-reveals-pricing-and-availability-for-its-2023-oled-tvs/", "date_published": "2023-02-28 22:19:23+00:00", "persistent": false, "user": null, "language": "en-US"}, {"source": "https://www.forbes.com/innovation/feed2", "title": "COtooCLEAN Process That Recycles Flexible Plastic Back To The Shelf Instead Of The Landfill Wins $3 Million Prize", "description": "Nextek Limited has developed a waterless cleaning process that allows the films to be recycled and reused for food packaging.", "link": "https://www.forbes.com/sites/jeffkart/2023/02/28/cotooclean-process-that-recycles-flexible-plastic-back-to-the-shelf-instead-of-the-landfill-wins-3-million-prize/", "date_published": "2023-02-28 22:15:55+00:00", "persistent": false, "user": null, "language": "en-US"}, {"source": "https://www.forbes.com/innovation/feed2", "title": "Elon Musk Crypto Scams Promise Free Neuralink Brain Chip In Paid Ads On Twitter", "description": "Twitter has been swamped in recent years with crypto scammers using Elon Musk\u2019s image to swindle unsuspecting investors. But over the past week, I\u2019ve noticed a new tactic the scammers are using on Twitter: They\u2019re buying paid ads.", "link": "https://www.forbes.com/sites/digital-assets/2023/02/28/elon-musk-crypto-scams-promise-free-neuralink-brain-chip-in-paid-ads-on-twitter/", "date_published": "2023-02-28 22:09:15+00:00", "persistent": false, "user": null, "language": "en-US"}, {"source": "https://www.forbes.com/innovation/feed2", "title": "Section 230 Reforms Introduced Into US Senate And House Of Representatives", "description": "A bipartisan group of US Senators and Members of Congress introduced a bill that would make significant reforms to Section 230 of the Communications Decency Act.", "link": "https://www.forbes.com/sites/waynerash/2023/02/28/section-230-reforms-introduced-into-us-senate-and-house-of-representatives/", "date_published": "2023-02-28 22:01:12+00:00", "persistent": false, "user": null, "language": "en-US"}, {"source": "https://www.forbes.com/innovation/feed2", "title": "Alignment Healthcare Eclipses 100,000 Medicare Advantage Members As Losses Narrow", "description": "Alignment Healthcare projects Medicare Advantage health plan membership of more than 100,000 in 2023.", "link": "https://www.forbes.com/sites/brucejapsen/2023/02/28/alignment-health-eclipses-100000-medicare-advantage-members-as-losses-narrow/", "date_published": "2023-02-28 21:27:35+00:00", "persistent": false, "user": null, "language": "en-US"}, {"source": "https://www.forbes.com/innovation/feed2", "title": "Making Primary Care The Primary Focus Of Our Health Care System", "description": "Greater use of primary care services has long been associated with better health, better care, and lower costs.", "link": "https://www.forbes.com/sites/anandparekh/2023/02/28/making-primary-care-the-primary-focus-of-our-health-care-system/", "date_published": "2023-02-28 21:07:11+00:00", "persistent": false, "user": null, "language": "en-US"}, {"source": "https://www.forbes.com/innovation/feed2", "title": "Smarter AI Needs More Memory And Storage", "description": "Sanjay Mehrotra of Micron, spoke about the importance of memory to the semiconductor industry and with Rene Haas and Ronnie Chatterji discussed topics such as the CHIPS act, chiplets and the IP industry.   Vint Cerf spoke about an ethical Internet and how to make better AI.", "link": "https://www.forbes.com/sites/tomcoughlin/2023/02/28/smarter-ai-needs-more-memory-and-storage/", "date_published": "2023-02-28 21:02:20+00:00", "persistent": false, "user": null, "language": "en-US"}, {"source": "https://www.forbes.com/innovation/feed2", "title": "Fundamental Problems On Social Media Platforms", "description": "The media industry can\u2019t ignore these two fundamental problems on the platform side, but eliminating Section 230 isn\u2019t the answer.", "link": "https://www.forbes.com/sites/forrester/2023/02/28/fundamental-problems-on-social-media-platforms/", "date_published": "2023-02-28 20:43:43+00:00", "persistent": false, "user": null, "language": "en-US"}, {"source": "https://www.forbes.com/innovation/feed2", "title": "Forget About \u2018Too Big To Fail\u2019, Now There\u2019s \u2018Too Big To Try\u2019", "description": "The early stages of market deployment of new solutions doesn\u2019t immediately require hundreds of millions of dollars. And unfortunately, deep pocketed institutional investors \u2014 despite strategic goals to invest into those solutions \u2014 can\u2019t write checks smaller than hundreds of millions of dollars.", "link": "https://www.forbes.com/sites/robday/2023/02/28/forget-about-too-big-to-fail-now-theres-too-big-to-try/", "date_published": "2023-02-28 20:39:42+00:00", "persistent": false, "user": null, "language": "en-US"}, {"source": "https://www.forbes.com/innovation/feed2", "title": "Why And How I Use Obsidian For Creating Simple Mobile Notes", "description": "At first glance, storytelling might not seem connected to productivity.", "link": "https://www.forbes.com/sites/tjmccue/2023/02/28/why-and-how-i-use-obsidian-for-creating-simple-mobile-notes/", "date_published": "2023-02-28 20:17:58+00:00", "persistent": false, "user": null, "language": "en-US"}, {"source": "https://www.forbes.com/innovation/feed2", "title": "LG Display Calls Out Samsung QD OLED Screen Burn", "description": "Revenge is a dish best served hot", "link": "https://www.forbes.com/sites/johnarcher/2023/02/28/lg-display-calls-out-samsung-qd-oled-screen-burn/", "date_published": "2023-02-28 20:00:55+00:00", "persistent": false, "user": null, "language": "en-US"}, {"source": "https://www.forbes.com/innovation/feed2", "title": "New Apple Leak Highlights Stunning MacBook Decision", "description": "Apple's own filings suggest the next MacBook Air is coming sooner than you may think.", "link": "https://www.forbes.com/sites/ewanspence/2023/02/28/apple-macbook-air-15-inch-bluetooth-specs-leak-launch-date/", "date_published": "2023-02-28 19:55:54+00:00", "persistent": false, "user": null, "language": "en-US"}, {"source": "https://www.forbes.com/innovation/feed2", "title": "AMD/Xilinx Merger Packs 5G 1-2 Punch At MWC 2023", "description": "Almost exactly one year after AMD completed its acquisition of Xilinx, AMD, and the industry, is starting to reap the benefits of the combined company. The mobile industry has fully mobilized at this year\u2019s Mobile World Congress with major announcements around the show and AMD is no exception", "link": "https://www.forbes.com/sites/tiriasresearch/2023/02/28/amdxilinx-merger-packs-5g-1-2-punch-at-mwc-2023/", "date_published": "2023-02-28 19:52:29+00:00", "persistent": false, "user": null, "language": "en-US"}, {"source": "https://www.forbes.com/innovation/feed2", "title": "A Psychologist Offers Advice On How To Repair A Family Rift", "description": "It\u2019s never too late to rebuild burnt bridges, especially with a member of your family.", "link": "https://www.forbes.com/sites/traversmark/2023/02/28/a-psychologist-offers-advice-on-how-to-repair-a-family-rift/", "date_published": "2023-02-28 19:22:33+00:00", "persistent": false, "user": null, "language": "en-US"}, {"source": "https://www.forbes.com/innovation/feed2", "title": "Luminar Aims To Put Lidar, First Created For AVs, Into Millions Of Regular Cars", "description": "The tech startup appears to be the industry standard with contracts to supply its 3D vision technology for 20 vehicle models from five auto brands and truckmaker Daimler. Mass production starts this year at a new Mexican plant.", "link": "https://www.forbes.com/sites/alanohnsman/2023/02/28/luminar-plans-to-put-lidar-first-created-for-avs-into-millions-of-regular-cars/", "date_published": "2023-02-28 19:03:08+00:00", "persistent": false, "user": null, "language": "en-US"}, {"source": "https://www.forbes.com/innovation/feed2", "title": "In Developing Countries, Married Women Are Most Likely To Opt For Abortions", "description": "Access to safe abortions in low-income and middle-income countries is still a major struggle \u2014 thanks to socioeconomic factors, lack of skilled healthcare workers, and patriarchal norms that restrict women\u2019s bodily autonomy, among other barriers.", "link": "https://www.forbes.com/sites/anuradhavaranasi/2023/02/28/in-developing-countries-married-women-are-most-likely-to-opt-for-abortions/", "date_published": "2023-02-28 19:00:00+00:00", "persistent": false, "user": null, "language": "en-US"}, {"source": "https://www.forbes.com/innovation/feed2", "title": "Morpheus XR: Simplifying The Enterprise Collaboration And Training Space In VR", "description": "Principal Analyst, Mobility & VR, Anshel Sag, dives into how Morpheus XR differentiates itself with its enterprise XR collaboration app.", "link": "https://www.forbes.com/sites/moorinsights/2023/02/28/morpheus-xr-simplifying-the-enterprise-collaboration-and-training-space-in-vr/", "date_published": "2023-02-28 18:25:42+00:00", "persistent": false, "user": null, "language": "en-US"}, {"source": "https://www.forbes.com/innovation/feed2", "title": "Women Less Keen To Get Pregnant Since The Pandemic Began, New Study Shows", "description": "A new study shows that the pandemic has affected the fertility plans for many women surveyed. Those attitudes persisted for most as the pandemic dragged on.", "link": "https://www.forbes.com/sites/debgordon/2023/02/28/women-less-keen-to-get-pregnant-since-the-pandemic-began-new-study-shows/", "date_published": "2023-02-28 18:25:31+00:00", "persistent": false, "user": null, "language": "en-US"}, {"source": "https://www.forbes.com/innovation/feed2", "title": "Covid Lab Leak Theory: Some Government Agencies Believe It\u2014Here\u2019s Why Most Scientists Don\u2019t", "description": "Almost seven million people have died from Covid since the pandemic began in 2020, and many people like former President Donald Trump have made the Chinese government the scapegoat.", "link": "https://www.forbes.com/sites/ariannajohnson/2023/02/28/covid-lab-leak-theory-some-government-agencies-believe-it-heres-why-most-scientists-dont/", "date_published": "2023-02-28 18:22:22+00:00", "persistent": false, "user": null, "language": "en-US"}, {"source": "https://www.forbes.com/innovation/feed2", "title": "15 Costly Mistakes To Avoid When Developing Wearable Tech", "description": "The security and trust aspects of the wearables should be paramount.", "link": "https://www.forbes.com/sites/forbestechcouncil/2023/02/28/15-costly-mistakes-to-avoid-when-developing-wearable-tech/", "date_published": "2023-02-28 18:15:10+00:00", "persistent": false, "user": null, "language": "en-US"}, {"source": "https://www.forbes.com/innovation/feed2", "title": "12 Smart Steps For Building A Comprehensive And Effective IT Budget", "description": "When creating an IT budget, it\u2019s critical to look beyond immediate team needs to determine the resources required to meet the company\u2019s overall objectives.", "link": "https://www.forbes.com/sites/forbestechcouncil/2023/02/28/12-smart-steps-for-building-a-comprehensive-and-effective-it-budget/", "date_published": "2023-02-28 18:15:00+00:00", "persistent": false, "user": null, "language": "en-US"}, {"source": "https://www.forbes.com/innovation/feed2", "title": "Make Sure You Watch Your Competitors. Strategy, Tactics & Innovation Are All On The Line.", "description": "Executives see business as a blood sport where the best products and services \u201cwin\u201d or \u201close.\u201d But the marketplace is not the only place where product and service wars are won. Sometimes they\u2019re won by just watching and studying what their competitors are doing.", "link": "https://www.forbes.com/sites/steveandriole/2023/02/28/make-sure-you-watch-your-competitors-strategy-tactics--innovation-are-all-on-the-line/", "date_published": "2023-02-28 17:57:00+00:00", "persistent": false, "user": null, "language": "en-US"}, {"source": "https://www.forbes.com/innovation/feed2", "title": "Cloud Culture And The IT Shift: From Control To Collaboration", "description": "Vice President of FinTech, Melody Brue dives in as Cloud culture refers to the set of attitudes, values and behaviors that are associated with cloud computing. Companies that embrace a cloud culture focus on not only in terms of their technology infrastructure, but also in their work processes.", "link": "https://www.forbes.com/sites/moorinsights/2023/02/28/cloud-culture-and-the-it-shift-from-control-to-collaboration/", "date_published": "2023-02-28 17:24:48+00:00", "persistent": false, "user": null, "language": "en-US"}, {"source": "https://www.forbes.com/innovation/feed2", "title": "She Slept On The Floor In Her Office. Then Twitter Fired Her", "description": "There is more to life than work, no matter how much you are paid.", "link": "https://www.forbes.com/sites/johnbbrandon/2023/02/28/she-slept-on-the-floor-in-her-office-then-twitter-fired-her/", "date_published": "2023-02-28 17:22:31+00:00", "persistent": false, "user": null, "language": "en-US"}, {"source": "https://www.forbes.com/innovation/feed2", "title": "The Unsettled Science Of Covid-19", "description": "Dissenting from a questionable \u201cconsensus\u201d is not the same as spreading \u201cmisinformation.\u201d", "link": "https://www.forbes.com/sites/paulhsieh/2023/02/28/the-unsettled-science-of-covid-19/", "date_published": "2023-02-28 17:21:08+00:00", "persistent": false, "user": null, "language": "en-US"}, {"source": "https://www.forbes.com/innovation/feed2", "title": "There\u2019s A New Species Of Magic Mushroom - Named After Paul Stamets", "description": "Is this the future of better mental health? New in Forbes: Paul Stamets, the undisputed king of magic mushrooms, has a psychedelic new patent to disrupt healthcare.", "link": "https://www.forbes.com/sites/johncumbers/2023/02/28/theres-a-new-species-of-magic-mushroomnamed-after-paul-stamets/", "date_published": "2023-02-28 17:20:33+00:00", "persistent": false, "user": null, "language": "en-US"}, {"source": "https://www.forbes.com/innovation/feed2", "title": "ArcelorMittal: The Digital Transformation Of A Steel Maker", "description": "#1-Ranked Industry Analyst Patrick Moorhead dives in as ArcelorMittal, a leading steel and mining company, has embarked on a journey to digitally transform its European operations, an effort currently led by Geert Van Poelvoorde, CEO of ArcelorMittal Europe.", "link": "https://www.forbes.com/sites/patrickmoorhead/2023/02/28/arcelormittal-the-digital-transformation-of-a-steel-maker/", "date_published": "2023-02-28 17:16:13+00:00", "persistent": false, "user": null, "language": "en-US"}, {"source": "https://www.forbes.com/innovation/feed2", "title": "EV Battery Swapper Ample Lands Major Grant", "description": "It used to be range anxiety cited by many consumers as a key roadblock to buying a battery electric vehicle. Now it's charging anxiety. But San Francisco area startup Ample is literally swapping that fear with a novel energy replacement method.", "link": "https://www.forbes.com/sites/edgarsten/2023/02/28/ev-battery-swapper-ample-lands-major-grant/", "date_published": "2023-02-28 17:00:00+00:00", "persistent": false, "user": null, "language": "en-US"}, {"source": "https://www.forbes.com/innovation/feed2", "title": "Waymo And Cruise have Both Hit 1M Miles With No Driver, But Waymo Publishes Detailed Safety Data", "description": "Waymo has released impressive detailed safety data on their first million miles of operation with no safety driver.   Cruise also just hit 1M miles but has less data to offer.", "link": "https://www.forbes.com/sites/bradtempleton/2023/02/28/waymo-and-cruise-have-both-hit-1m-miles-with-no-driver-but-waymo-published-detailed-safety-data/", "date_published": "2023-02-28 17:00:00+00:00", "persistent": false, "user": null, "language": "en-US"}, {"source": "https://www.forbes.com/innovation/feed2", "title": "In India, Millets Have Become \u2018Quiet Revolutionaries\u2019", "description": "The United Nations International Year of Millets (2023) and the revitalization of millets in India, represent a quiet revolution of sorts, during a time of unprecedented global food insecurity, driven in part by the inaccessibility of affordable wheat on the international market.", "link": "https://www.forbes.com/sites/daphneewingchow/2023/02/28/in-india-millets-have-become-quiet-revolutionaries/", "date_published": "2023-02-28 15:28:14+00:00", "persistent": false, "user": null, "language": "en-US"}, {"source": "https://www.forbes.com/innovation/feed2", "title": "A Psychologist Discusses 2 Ways To Stop An Unhealthy Cycle Of \u2018Mental Masturbation\u2019", "description": "Does your brain easily get turned on by irrelevant ideas? Here\u2019s how to stop it.", "link": "https://www.forbes.com/sites/traversmark/2023/02/28/a-psychologist-discusses-2-ways-to-stop-an-unhealthy-cycle-of-mental-masturbation/", "date_published": "2023-02-28 15:22:46+00:00", "persistent": false, "user": null, "language": "en-US"}, {"source": "https://www.forbes.com/innovation/feed2", "title": "How To Enhance Public Health Data Management: Lessons From The Intelligence Community", "description": "For the intelligence community, it was the tragedy of 9/11 that triggered a transformational response, and the actions taken in the aftermath of that event hold many lessons for the CDC and the broader public health community.", "link": "https://www.forbes.com/sites/forbestechcouncil/2023/02/28/how-to-enhance-public-health-data-management-lessons-from-the-intelligence-community/", "date_published": "2023-02-28 15:15:00+00:00", "persistent": false, "user": null, "language": "en-US"}, {"source": "https://www.forbes.com/innovation/feed2", "title": "China Boosts New Coal Power Projects In 2022 [Infographic]", "description": "In a stunning reversal of earlier years, China in 2022 announced, pre-permitted or permitted the building of 42% more coal power plant capacity than in 2021. The move calls into question the country's climate goals.", "link": "https://www.forbes.com/sites/katharinabuchholz/2023/02/28/china-boosts-new-coal-power-projects-in-2022-infographic/", "date_published": "2023-02-28 15:13:17+00:00", "persistent": false, "user": null, "language": "en-US"}, {"source": "https://www.forbes.com/innovation/feed2", "title": "APT28 Aka Fancy Bear: A Familiar Foe By Many Names", "description": "We are looking at the biggest threats on the cybersecurity scene - and the most nefarious hacker groups behind them - and this week the spotlight turns to APT28, or Fancy Bear.", "link": "https://www.forbes.com/sites/emilsayegh/2023/02/28/apt28-aka-fancy-bear-a-familiar-foe-by-many-names/", "date_published": "2023-02-28 15:13:01+00:00", "persistent": false, "user": null, "language": "en-US"}, {"source": "https://www.forbes.com/innovation/feed2", "title": "Securing The Future: The Most Critical Cybersecurity Trends Of 2023", "description": "As 2023 begins, businesses must anticipate and prepare for evolving cybersecurity trends and threats. The increase in remote work, cloud usage and the IoT expands the attack surface, making it imperative to stay alert. Here are the top 20 cybersecurity trends to keep an eye on.", "link": "https://www.forbes.com/sites/forbestechcouncil/2023/02/28/securing-the-future-the-most-critical-cybersecurity-trends-of-2023/", "date_published": "2023-02-28 15:00:00+00:00", "persistent": false, "user": null, "language": "en-US"}, {"source": "https://www.forbes.com/innovation/feed2", "title": "What Retailers Should Consider When Adopting RMN Adtech", "description": "We know retailers have clued into the value of in-store advertising for enhancing the customer journey. But offering shoppers targeted content designed to deliver the most relevant content, enabling customers to discover new products and make purchase decisions, is hard to execute.", "link": "https://www.forbes.com/sites/garydrenik/2023/02/28/what-retailers-should-consider-when-adopting-rmn-adtech/", "date_published": "2023-02-28 15:00:00+00:00", "persistent": false, "user": null, "language": "en-US"}, {"source": "https://www.forbes.com/innovation/feed2", "title": "Why Continuous Glucose Monitors (CGM) are Vital For Diabetic Health", "description": "The technology advances of CGMs and bio wearables allow diabetics to self-monitor the blood sugars that help their well-being. It is a life-saving technology that assists those with advanced diabetes stay healthier and prolong their lives.", "link": "https://www.forbes.com/sites/timbajarin/2023/02/28/why-continuous-glucose-monitors-cgm-are-vital-for-diabetic-health/", "date_published": "2023-02-28 15:00:00+00:00", "persistent": false, "user": null, "language": "en-US"}, {"source": "https://www.forbes.com/innovation/feed2", "title": "New Research Shows Alignment Between American Voters On Climate Change And Inflation Reduction Act", "description": "Two new independent studies show that the new legislation passed by Congress and signed into law by President Biden, including the Inflation Reduction Act, line up with the beliefs a large majority of American voters have about the need to address climate change.", "link": "https://www.forbes.com/sites/joanmichelson2/2023/02/28/new-research-shows-alignment-between-american-voters-on-climate-change-and-inflation-reduction-act/", "date_published": "2023-02-28 14:49:34+00:00", "persistent": false, "user": null, "language": "en-US"}, {"source": "https://www.forbes.com/innovation/feed2", "title": "Gotham: The Fall And Rise Of New York", "description": "New York's turnaround in the 1990s and early 2000s\u2014in employment, public safety and welfare reduction\u2014is one of the major public policy stories of the past fifty years, and the subject of a new documentary, \"Gotham: The Fall and Rise of New York\".", "link": "https://www.forbes.com/sites/michaelbernick/2023/02/28/gotham-the-fall-and-rise-of-new-york/", "date_published": "2023-02-28 14:48:50+00:00", "persistent": false, "user": null, "language": "en-US"}, {"source": "https://www.forbes.com/innovation/feed2", "title": "Why Aerospace Should Be On Your Radar", "description": "As the barriers to entry have decreased dramatically, entrepreneurship in the A&amp;D sector is now booming.", "link": "https://www.forbes.com/sites/forbestechcouncil/2023/02/28/why-aerospace-should-be-on-your-radar/", "date_published": "2023-02-28 14:45:00+00:00", "persistent": false, "user": null, "language": "en-US"}, {"source": "https://www.forbes.com/innovation/feed2", "title": "Xiaomi S1 Pro Watch Confirmed For Release In The West", "description": "Xiaomi has announced the S1 Pro watch is coming to more countries, after its original Chinese launch half a year ago.", "link": "https://www.forbes.com/sites/andrewwilliams/2023/02/28/xiaomi-s1-pro-watch-confirmed-for-release-in-the-west/", "date_published": "2023-02-28 14:40:22+00:00", "persistent": false, "user": null, "language": "en-US"}, {"source": "https://www.forbes.com/innovation/feed2", "title": "Everything We Know About \u2018Outer Banks\u2019 Season 4 On Netflix", "description": "Here's what we know about Netflix's Outer Banks season 4 so far.", "link": "https://www.forbes.com/sites/paultassi/2023/02/28/everything-we-know-about-outer-banks-season-4-on-netflix/", "date_published": "2023-02-28 14:36:29+00:00", "persistent": false, "user": null, "language": "en-US"}, {"source": "https://www.forbes.com/innovation/feed2", "title": "How AI Will Transform Events", "description": "2023 is poised to be a breakout year for AI-powered events.", "link": "https://www.forbes.com/sites/forbestechcouncil/2023/02/28/how-ai-will-transform-events/", "date_published": "2023-02-28 14:30:00+00:00", "persistent": false, "user": null, "language": "en-US"}, {"source": "https://www.forbes.com/innovation/feed2", "title": "How CFOs Can Maneuver Through Fiscal Storms With AI, ROI And Cost-Cutting", "description": "Eventually, it's all about deriving business value and ROI from investing in tech that scales flexibly with the business. Having metrics in place prior to investment also allows for accurate measurement and tracking.", "link": "https://www.forbes.com/sites/forbestechcouncil/2023/02/28/how-cfos-can-maneuver-through-fiscal-storms-with-ai-roi-and-cost-cutting/", "date_published": "2023-02-28 14:15:00+00:00", "persistent": false, "user": null, "language": "en-US"}, {"source": "https://www.forbes.com/innovation/feed2", "title": "Plugable Launches Two New Docking Stations That Can Drive Up To Three Screens", "description": "These two new docking stations launching today from Plugable make it possible to extend the connectivity of USB-C laptops with the ability to drive up to three external displays.", "link": "https://www.forbes.com/sites/marksparrow/2023/02/28/plugable-launches-two-new-docking-stations-that-can-drive-up-to-three-screens/", "date_published": "2023-02-28 14:00:19+00:00", "persistent": false, "user": null, "language": "en-US"}, {"source": "https://www.forbes.com/innovation/feed2", "title": "Exploring The Possibilities Of Conversational AI: What Do We Want?", "description": "While conversational AI looks like a fulfilled dream, it's important that this technology ultimately benefits users and offers them exactly what they need.", "link": "https://www.forbes.com/sites/forbestechcouncil/2023/02/28/exploring-the-possibilities-of-conversational-ai-what-do-we-want/", "date_published": "2023-02-28 14:00:00+00:00", "persistent": false, "user": null, "language": "en-US"}, {"source": "https://www.forbes.com/innovation/feed2", "title": "Petco Adopts Adobe For AI-Powered Personalized Marketing", "description": "Petco has selected Adobe's Experience Platform to personalize marketing touchpoints for its millions of customers, as the retailer pursues its vision of being a one-stop health and wellness destination for pets.", "link": "https://www.forbes.com/sites/johanmoreno/2023/02/28/petco-adopts-adobe-for-ai-powered-personalized-marketing/", "date_published": "2023-02-28 14:00:00+00:00", "persistent": false, "user": null, "language": "en-US"}, {"source": "https://www.forbes.com/innovation/feed2", "title": "\u2018Forspoken\u2019 Studio Is Being Folded Into Square Enix, Raising Questions", "description": "Some\u2026odd news out of Square Enix today, where it\u2019s been announced the publisher is fully absorbing Forspoken developer Luminous Productions.", "link": "https://www.forbes.com/sites/paultassi/2023/02/28/forspoken-studio-is-being-folded-into-square-enix-raising-questions/", "date_published": "2023-02-28 13:58:43+00:00", "persistent": false, "user": null, "language": "en-US"}, {"source": "https://www.forbes.com/innovation/feed2", "title": "Why Hire A Virtual CISO In 2023?", "description": "Whether your business is small or large, and whether its struggling with resources or struggling with cybersecurity, a vCISO is a pragmatic option for boosting cybersecurity resilience.", "link": "https://www.forbes.com/sites/forbestechcouncil/2023/02/28/why-hire-a-virtual-ciso-in-2023/", "date_published": "2023-02-28 13:45:00+00:00", "persistent": false, "user": null, "language": "en-US"}, {"source": "https://www.forbes.com/innovation/feed2", "title": "For Big Pharma, The Clinical Trials Supply Chain Is Critical", "description": "Drug companies hold clinical trials to prove the safety and efficacy of their drugs. While the clinical trials supply chain is much smaller than the commercial supply chain, it is critical.", "link": "https://www.forbes.com/sites/stevebanker/2023/02/28/for-big-pharma-the-clinical-trials-supply-chain-is-critical/", "date_published": "2023-02-28 13:39:07+00:00", "persistent": false, "user": null, "language": "en-US"}, {"source": "https://www.forbes.com/innovation/feed2", "title": "Klotho: Hope For Increased Longevity And Reduced Neurodegenerative Disease (Part 2)", "description": "A recent paper describes how klotho may be a protective protein against aging and neurodegenerative diseases in the brain.", "link": "https://www.forbes.com/sites/williamhaseltine/2023/02/28/klotho-hope-for-increased-longevity-and-reduced-neurodegenerative-disease-part-2/", "date_published": "2023-02-28 13:33:43+00:00", "persistent": false, "user": null, "language": "en-US"}, {"source": "https://www.forbes.com/innovation/feed2", "title": "What To Make Of Destiny 2\u2019s Only \u2018Root Of Nightmares\u2019 Lightfall Raid Image", "description": "Well, at the time I\u2019m writing this, we have a few hours to go until Destiny 2 launches its Lightfall expansion, but even then, we will not get a glimpse at the raid until March 10 when it launches for 48 hours of contest mode and a world\u2019s first race. Except for the picture above.", "link": "https://www.forbes.com/sites/paultassi/2023/02/28/what-to-make-of-destiny-2s-only-root-of-nightmares-lightfall-raid-image/", "date_published": "2023-02-28 13:31:20+00:00", "persistent": false, "user": null, "language": "en-US"}, {"source": "https://www.forbes.com/innovation/feed2", "title": "7 Must-See TV Shows Coming Out In March From \u2018Ted Lasso\u2019 To \u2018The Mandalorian\u2019", "description": "All the biggest and best TV shows releasing in March, 2023 on Netflix, HBO, Apple TV, Disney Plus and more\u2014from The Mandalorian to Ted Lasso to the final season of Succession.", "link": "https://www.forbes.com/sites/erikkain/2023/02/28/7-must-see-tv-shows-coming-out-in-march-from-ted-lasso-to-the-mandalorian/", "date_published": "2023-02-28 13:30:39+00:00", "persistent": false, "user": null, "language": "en-US"}, {"source": "https://www.forbes.com/innovation/feed2", "title": "Java-Related Events And Trends To Watch In 2023", "description": "Here are a few of the most evident global trends and technological events in Java that, in combination, will inform expectations for the Java software development industry in 2023.", "link": "https://www.forbes.com/sites/forbestechcouncil/2023/02/28/java-related-events-and-trends-to-watch-in-2023/", "date_published": "2023-02-28 13:30:00+00:00", "persistent": false, "user": null, "language": "en-US"}, {"source": "https://www.forbes.com/innovation/feed2", "title": "The Reason \u2018The Last Of Us\u2019 Casting This Actress As Abby Isn\u2019t A Slam Dunk", "description": "Fans have theorized for a while now that The Last of Us has already cast Abby with actress Shannon Berry, who is from The Wilds and is followed by Last of Us creator and co-showrunner Neil Druckmann on Instagram. Berry, in turn, follows Druckmann, Pedro Pascal, Bella Ramsey and the official show\u2014", "link": "https://www.forbes.com/sites/paultassi/2023/02/28/the-reason-the-last-of-us-casting-this-actress-as-abby-isnt-a-slam-dunk/", "date_published": "2023-02-28 13:15:52+00:00", "persistent": false, "user": null, "language": "en-US"}, {"source": "https://www.forbes.com/innovation/feed2", "title": "10 Industry Experts\u2019 Picks For The Hottest Tech Trends Of 2023", "description": "As technology continues to evolve at a rapid pace, many of us regularly scan the headlines looking for the \u201cnext big thing\u201d in tech tools and services.", "link": "https://www.forbes.com/sites/forbestechcouncil/2023/02/28/10-industry-experts-picks-for-the-hottest-tech-trends-of-2023/", "date_published": "2023-02-28 13:15:00+00:00", "persistent": false, "user": null, "language": "en-US"}, {"source": "https://www.forbes.com/innovation/feed2", "title": "5 Reasons Why Universities Should Automate On-Campus Student Housing", "description": "As digitization continues to evolve, it is important that student housing providers keep pace with these changes, to remain competitive and provide students with the high-quality services they deserve.", "link": "https://www.forbes.com/sites/forbestechcouncil/2023/02/28/5-reasons-why-universities-should-automate-on-campus-student-housing/", "date_published": "2023-02-28 13:15:00+00:00", "persistent": false, "user": null, "language": "en-US"}, {"source": "https://www.forbes.com/innovation/feed2", "title": "CP Brands Top Trends 2023: Digital Drives Resilience", "description": "CP leaders are updating their playbook for  amped up business resilience and agility. They still aim to get closer to consumers, but the latest strategies revolve around nimble experiments with innovative and intelligent technologies.", "link": "https://www.forbes.com/sites/sap/2023/02/28/cp-brands-top-trends-2023-digital-drives-resilience/", "date_published": "2023-02-28 13:10:25+00:00", "persistent": false, "user": null, "language": "en-US"}, {"source": "https://www.forbes.com/innovation/feed2", "title": "Absci Takes Its Generative AI Antibody Design Platform To Europe", "description": "Generative AI technology, like ChatGPT, is disrupting many industries\nincluding biopharma. For example, Absci is using AI to design & validate de novo antibodies. And now Absci is expanding its\noperation to Europe to disrupt the protein-based therapeutics market.", "link": "https://www.forbes.com/sites/johncumbers/2023/02/28/absci-takes-its-generative-ai-antibody-design-platform-to-europe/", "date_published": "2023-02-28 13:08:09+00:00", "persistent": false, "user": null, "language": "en-US"}, {"source": "https://www.forbes.com/innovation/feed2", "title": "EXCLUSIVE: Senators Rally To Overhaul National Tipline For Child Sexual Abuse Material", "description": "Bipartisan senators Marsha Blackburn and Jon Ossoff have unveiled legislation to place more onus on social media companies when it comes to reporting illegal content of kids and teens.", "link": "https://www.forbes.com/sites/alexandralevine/2023/02/27/ncmec-csam-cybertipline-legislation-marsha-blackburn-jon-ossoff/", "date_published": "2023-02-28 13:00:00+00:00", "persistent": false, "user": null, "language": "en-US"}, {"source": "https://www.forbes.com/innovation/feed2", "title": "From IOPS To DataOps: Five Reasons Why IT Leaders Should Make The Shift", "description": "Together, we can unlock the full potential of data and drive meaningful, measurable impact for our organizations and the world.", "link": "https://www.forbes.com/sites/forbestechcouncil/2023/02/28/from-iops-to-dataops-five-reasons-why-it-leaders-should-make-the-shift/", "date_published": "2023-02-28 13:00:00+00:00", "persistent": false, "user": null, "language": "en-US"}, {"source": "https://www.forbes.com/innovation/feed2", "title": "Electric Bike Battery Collection And Recycling Program Started By U.K.\u2019s Bicycle Association", "description": "The BA has appointed ERP UK as its partner to set up and deliver an electric bike battery collection program.", "link": "https://www.forbes.com/sites/carltonreid/2023/02/28/electric-bike-battery-collection-and-recycling-program-started-by-uks-bicycle-association/", "date_published": "2023-02-28 12:56:14+00:00", "persistent": false, "user": null, "language": "en-US"}, {"source": "https://www.forbes.com/innovation/feed2", "title": "\u2018Elden Ring\u2019 Finally Announces Its DLC Expansion, \u2018Shadow Of The Erdtree\u2019", "description": "FromSoftware has now just announced Elden Ring\u2019s DLC, Shadow of the Erdtree, in a new post on social media:", "link": "https://www.forbes.com/sites/paultassi/2023/02/28/elden-ring-finally-announces-its-dlc-expansion-shadow-of-the-erdtree/", "date_published": "2023-02-28 12:53:59+00:00", "persistent": false, "user": null, "language": "en-US"}, {"source": "https://www.forbes.com/innovation/feed2", "title": "Closing The Gaping Hole In Ransomware Defense", "description": "By employing these steps, leaders and executives can create a cyber incident response approach that allows security teams to properly mitigate the threat of ransomware posed by malware.", "link": "https://www.forbes.com/sites/forbestechcouncil/2023/02/28/closing-the-gaping-hole-in-ransomware-defense/", "date_published": "2023-02-28 12:45:00+00:00", "persistent": false, "user": null, "language": "en-US"}, {"source": "https://www.forbes.com/innovation/feed2", "title": "Cars Not Banned In 15-Minute Cities Nor Will Bugs Be Lunch", "description": "Some portray the 15-minute city concept as a dystopian nightmare where \"cars will be eliminated.\" This is false.", "link": "https://www.forbes.com/sites/carltonreid/2023/02/28/cars-not-banned-in-15-minute-cities-and-nor-will-bugs-be-lunch/", "date_published": "2023-02-28 12:31:25+00:00", "persistent": false, "user": null, "language": "en-US"}, {"source": "https://www.forbes.com/innovation/feed2", "title": "Anonymous Visitors Are On The Rise: Is Your E-Commerce Business Ready?", "description": "By taking advantage of the full possibilities of automated AI-based recommendations, retailers can stop fearing anonymous shoppers.", "link": "https://www.forbes.com/sites/forbestechcouncil/2023/02/28/anonymous-visitors-are-on-the-rise-is-your-e-commerce-business-ready/", "date_published": "2023-02-28 12:30:00+00:00", "persistent": false, "user": null, "language": "en-US"}, {"source": "https://www.forbes.com/innovation/feed2", "title": "Lunar Time Zone: Here's Why Space Agencies Want To Standardize Moon's Set Time", "description": "There is no established way to tell time on the Moon, an urgent problem space agencies are working to resolve as nations and private companies rush to explore.", "link": "https://www.forbes.com/sites/roberthart/2023/02/28/lunar-time-zone-heres-why-space-agencies-want-to-standardize-moons-set-time/", "date_published": "2023-02-28 12:21:26+00:00", "persistent": false, "user": null, "language": "en-US"}, {"source": "https://www.forbes.com/innovation/feed2", "title": "Here Are The 12 Environmentally \u2018Meanest\u2019 Vehicles In The U.S. For 2023", "description": "Mother Nature sheds a tear every time one of these villainous vehicles takes to the streets", "link": "https://www.forbes.com/sites/jimgorzelany/2023/02/28/here-are-the-12-environmentally-meanest-vehicles-for-2023/", "date_published": "2023-02-28 12:15:00+00:00", "persistent": false, "user": null, "language": "en-US"}, {"source": "https://www.forbes.com/innovation/feed2", "title": "Industries At Risk Of Cyberattacks", "description": "Due to its high sensitivity, data security for businesses and consumers will become one of the biggest focuses for this decade. Your business\u2019 future is only as secure as its current sensitive data security measures.", "link": "https://www.forbes.com/sites/forbestechcouncil/2023/02/28/industries-at-risk-of-cyberattacks/", "date_published": "2023-02-28 12:15:00+00:00", "persistent": false, "user": null, "language": "en-US"}, {"source": "https://www.forbes.com/innovation/feed2", "title": "These Are The 12 \u2018Greenest\u2019 Cars In The U.S. For 2023", "description": "But not all of the top-rated models are full-electric rides.", "link": "https://www.forbes.com/sites/jimgorzelany/2023/02/28/these-are-the-greenest-cars-in-the-us-for-2023/", "date_published": "2023-02-28 12:15:00+00:00", "persistent": false, "user": null, "language": "en-US"}, {"source": "https://www.forbes.com/innovation/feed2", "title": "Four E-Design Business Trends To Watch In 2023", "description": "To succeed in this competitive field, businesses must focus on technology and consider new emerging factors.", "link": "https://www.forbes.com/sites/forbestechcouncil/2023/02/28/four-e-design-business-trends-to-watch-in-2023/", "date_published": "2023-02-28 12:00:00+00:00", "persistent": false, "user": null, "language": "en-US"}, {"source": "https://www.forbes.com/innovation/feed2", "title": "Product Manager Role In Selecting Value Partners Or Best-Of-Breed Service Providers", "description": "In the world of software-defined operating platforms, the core versus non-core model for decisions about third-party services is no longer a useful construct. Here are the new decision criteria and how companies are using product managers.", "link": "https://www.forbes.com/sites/peterbendorsamuel/2023/02/28/product-manager-role-in-selecting-value-partners-or-best-of-breed-service-providers/", "date_published": "2023-02-28 11:57:32+00:00", "persistent": false, "user": null, "language": "en-US"}, {"source": "https://www.forbes.com/innovation/feed2", "title": "Can The Internet Of Things Cure Buyer Anxiety About Electric Vehicles?", "description": "Despite governments saying\u00a0half of new car sales should be EVs by 2030 and automakers setting serious targets for going mostly electric, there have been bumps along the way.", "link": "https://www.forbes.com/sites/forbestechcouncil/2023/02/28/can-the-internet-of-things-cure-buyer-anxiety-about-electric-vehicles/", "date_published": "2023-02-28 11:45:00+00:00", "persistent": false, "user": null, "language": "en-US"}, {"source": "https://www.forbes.com/innovation/feed2", "title": "The Phone That Can Fully Charge In 5 Minutes", "description": "Demo shows a 300W charger topping up Xiaomi's Redmi Note 12+ Pro in just under five minutes", "link": "https://www.forbes.com/sites/barrycollins/2023/02/28/the-phone-that-can-fully-charge-in-5-minutes/", "date_published": "2023-02-28 11:36:29+00:00", "persistent": false, "user": null, "language": "en-US"}, {"source": "https://www.forbes.com/innovation/feed2", "title": "Effective Altruism-Linked Group Used Millions Donated By FTX To Buy A Czech Castle", "description": "Collapsed crypto exchange FTX's bankruptcy proceedings could endanger some of founder Sam Bankman-Fried\u2019s philanthropic gifts \u2014 like the one an effective altruism-aligned group used to buy a castle in Czechia.", "link": "https://www.forbes.com/sites/sarahemerson/2023/02/28/effective-altruism-linked-group-used-millions-donated-by-ftx-to-buy-a-czech-castle/", "date_published": "2023-02-28 11:30:00+00:00", "persistent": false, "user": null, "language": "en-US"}, {"source": "https://www.forbes.com/innovation/feed2", "title": "Meet The Startup That\u2019s Putting Ice Factories In Shipping Containers For Winn-Dixie Supermarkets", "description": "A Canadian company is partnering with a U.S. grocery chain on a novel approach that aims to address logistical, transportation and environmental challenges.", "link": "https://www.forbes.com/sites/amyfeldman/2023/02/28/meet-the-startup-thats-putting-ice-factories-in-shipping-containers-for-winn-dixie-supermarkets/", "date_published": "2023-02-28 11:30:00+00:00", "persistent": false, "user": null, "language": "en-US"}, {"source": "https://www.forbes.com/innovation/feed2", "title": "The Bot-Pocalypse Is Coming: How Companies Can Prepare", "description": "Chatbots that aren\u2019t tested and trained continuously are destined for failure, and customers will be the ones to suffer from chatbot incompetence.", "link": "https://www.forbes.com/sites/forbestechcouncil/2023/02/28/the-bot-pocalypse-is-coming-how-companies-can-prepare/", "date_published": "2023-02-28 11:30:00+00:00", "persistent": false, "user": null, "language": "en-US"}, {"source": "https://www.forbes.com/innovation/feed2", "title": "A Tedious And Boring Analysis Of Two Items In ExxonMobil\u2019s 2022 10-K", "description": "I analyzed ExxonMobil's 2022 10-K through the lens of of SASB's risk factors for the oil & gas exploration and production industry, In the six pages of \"Item 1. Business\" and \"Item 1A. Risk Factors\" it discusses all of the 10 topics identified by SASB. The 10-K is not an ideological document.", "link": "https://www.forbes.com/sites/bobeccles/2023/02/28/a-tedious-and-boring-analysis-of-two-items-in-exxonmobils-2022-10-k/", "date_published": "2023-02-28 11:21:53+00:00", "persistent": false, "user": null, "language": "en-US"}, {"source": "https://www.forbes.com/innovation/feed2", "title": "2023 Marketing Trends You Should Pay Attention To", "description": "Here\u2019s a look at some of the hottest marketing trends right now and how incorporating one or more of them\u00a0may help you get the attention you\u2019re looking for.", "link": "https://www.forbes.com/sites/forbestechcouncil/2023/02/28/2023-marketing-trends-you-should-pay-attention-to/", "date_published": "2023-02-28 11:15:00+00:00", "persistent": false, "user": null, "language": "en-US"}, {"source": "https://www.forbes.com/innovation/feed2", "title": "The 15 Most Popular National Parks In America (And The Least)", "description": "Get your bucket list ready. The list of the best national parks is out\u2014and some are on the road less traveled.", "link": "https://www.forbes.com/sites/laurabegleybloom/2023/02/28/the-15-most-popular-national-parks-in-america-and-the-least/", "date_published": "2023-02-28 11:00:00+00:00", "persistent": false, "user": null, "language": "en-US"}, {"source": "https://www.forbes.com/innovation/feed2", "title": "The Role Of Population Density In Developing A Profitable Dark Store Strategy", "description": "As profitability can often be related to the population density of the market it serves, executing a niche market well can provide more benefits than following other players.", "link": "https://www.forbes.com/sites/forbestechcouncil/2023/02/28/the-role-of-population-density-in-developing-a-profitable-dark-store-strategy/", "date_published": "2023-02-28 11:00:00+00:00", "persistent": false, "user": null, "language": "en-US"}, {"source": "https://www.forbes.com/innovation/feed2", "title": "Feds Sued To Protect Endangered animals, Including Sharks", "description": "The Conservation Council for Hawaii is suing the National Marine Fisheries Service fisheries in Hawaii and American Samoa for improper bycatch management of animals, including shark species.", "link": "https://www.forbes.com/sites/melissacristinamarquez/2023/02/28/feds-sued-to-protect-endangered-animals-including-sharks/", "date_published": "2023-02-28 08:30:38+00:00", "persistent": false, "user": null, "language": "en-US"}, {"source": "https://www.forbes.com/innovation/feed2", "title": "Healthcare Investments Are Slowing Down", "description": "The healthcare industry is facing immense economic pressures.", "link": "https://www.forbes.com/sites/saibala/2023/02/28/healthcare-investments-are-slowing-down/", "date_published": "2023-02-28 08:00:00+00:00", "persistent": false, "user": null, "language": "en-US"}, {"source": "https://www.forbes.com/innovation/feed2", "title": "Jabra\u2019s Latest Speakerphones From Are Ideal For Hybrid Workers", "description": "Jabra Speak2 75 as just one of the models in the Danish company's speakerphone lineup that include the Speak2 55 wireless model and the wired Speak2 40 speakerphone.", "link": "https://www.forbes.com/sites/marksparrow/2023/02/28/jabras-latest-speakerphones-from-are-ideal-for-hybrid-workers/", "date_published": "2023-02-28 08:00:00+00:00", "persistent": false, "user": null, "language": "en-US"}, {"source": "https://www.forbes.com/innovation/feed2", "title": "Beyond ChatGPT: 14 Mind-Blowing AI Tools Everyone Should Be Trying Out Now", "description": "AI tools are becoming accessible to any business or individual, transforming the way they work. The technology is no longer just for academics or tech giants, so here we look at some of the top tools everyone should be trying out.", "link": "https://www.forbes.com/sites/bernardmarr/2023/02/28/beyond-chatgpt-14-mind-blowing-ai-tools-everyone-should-be-trying-out-now/", "date_published": "2023-02-28 07:31:37+00:00", "persistent": false, "user": null, "language": "en-US"}, {"source": "https://www.forbes.com/innovation/feed2", "title": "Tears And \u2018Extreme Emotion\u2019 Among England\u2019s Emergency Care Staff", "description": "Ambulance staff are battling \"serious distress\" as delays to urgent and emergency care cause patients harm.", "link": "https://www.forbes.com/sites/katherinehignett/2023/02/28/tears-and-extreme-emotion-among-englands-emergency-care-staff/", "date_published": "2023-02-28 06:29:23+00:00", "persistent": false, "user": null, "language": "en-US"}, {"source": "https://www.forbes.com/innovation/feed2", "title": "Cage Diving In South Australia Supported By Shark Researchers", "description": "New research highlights the successful management of great white shark cage-diving in South Australia.", "link": "https://www.forbes.com/sites/melissacristinamarquez/2023/02/28/cage-diving-in-south-australia-supported-by-shark-researchers/", "date_published": "2023-02-28 05:05:28+00:00", "persistent": false, "user": null, "language": "en-US"}, {"source": "https://www.forbes.com/innovation/feed2", "title": "Digital Technology May Give  Productivity The Boost It Needs", "description": "Firms seeing the highest productivity growth tend to be larger, more connected to global value chains, and focus on technology-intensive aspects of their sector.", "link": "https://www.forbes.com/sites/joemckendrick/2023/02/27/digital-technology-may-give--productivity-the-boost-it-needs/", "date_published": "2023-02-28 03:54:15+00:00", "persistent": false, "user": null, "language": "en-US"}, {"source": "https://www.forbes.com/innovation/feed2", "title": "QelviQ Brings Smartphone Technology To Wine", "description": "That in turn led to the idea behind the QelviQ Personal Sommelier, a device designed specifically to bring a bottle of wine to the perfect temperature, and hold it there.", "link": "https://www.forbes.com/sites/waynerash/2023/02/27/qelviq-brings-smartphone-technology-to-wine/", "date_published": "2023-02-28 03:47:02+00:00", "persistent": false, "user": null, "language": "en-US"}, {"source": "https://www.forbes.com/innovation/feed2", "title": "Today\u2019s Wordle #619 Hint, Clues And Answer For Tuesday, February 28th", "description": "Hints and clues to help you with today's Wordle.", "link": "https://www.forbes.com/sites/erikkain/2023/02/27/todays-wordle-619-hint-clues-and-answer-for-tuesday-february-28th/", "date_published": "2023-02-28 03:30:00+00:00", "persistent": false, "user": null, "language": "en-US"}, {"source": "https://www.forbes.com/innovation/feed2", "title": "Don\u2019t Watch This YouTube Video If You Have A Pixel 7", "description": "Owners of some Google Pixel smartphones are reporting that certain YouTube videos are causing their devices to crash.", "link": "https://www.forbes.com/sites/paulmonckton/2023/02/27/dont-watch-this-youtube-video-if-you-have-a-pixel-7/", "date_published": "2023-02-28 01:17:43+00:00", "persistent": false, "user": null, "language": "en-US"}, {"source": "https://www.forbes.com/innovation/feed2", "title": "Today\u2019s \u2018Heardle\u2019 Answer And Clues For Tuesday, February 28", "description": "Here's today's 'Heardle' song, along with some hints.", "link": "https://www.forbes.com/sites/krisholt/2023/02/27/todays-heardle-answer-and-clues-for-tuesday-february-28/", "date_published": "2023-02-28 01:15:54+00:00", "persistent": false, "user": null, "language": "en-US"}, {"source": "https://www.forbes.com/innovation/feed2", "title": "Today\u2019s \u2018Quordle\u2019 Answers And Clues For Tuesday, February 28", "description": "Some hints and the solution for today's 'Quordle' are just ahead.", "link": "https://www.forbes.com/sites/krisholt/2023/02/27/todays-quordle-answers-and-clues-for-tuesday-february-28/", "date_published": "2023-02-28 01:00:24+00:00", "persistent": false, "user": null, "language": "en-US"}, {"source": "https://www.forbes.com/innovation/feed2", "title": "The Only Guaranteed Way Of Seeing Venus And Jupiter\u2019s \u2018Super Conjunction\u2019 This Week", "description": "Every year there\u2019s a conjunction of Venus and Jupiter, but rarely do they appear this close.", "link": "https://www.forbes.com/sites/jamiecartereurope/2023/02/27/the-only-guaranteed-way-of-seeing-jupiter-and-venus-align-this-week-just-after-sunset/", "date_published": "2023-02-28 00:30:00+00:00", "persistent": false, "user": null, "language": "en-US"}, {"source": "https://www.forbes.com/innovation/feed2", "title": "Hands On With Keyport Pivot 2.0 Modular Multi-Tool + Key Organizer", "description": "The Keyport Pivot 2.0 is the second generation of this best-in-class, minimalist pocket key and multi-tool organizer. It is completely customizable and even offers optional high tech inserts like an NFC-enabled business card and RFID key fob/card replacement.", "link": "https://www.forbes.com/sites/bradmoon/2023/02/27/hands-on-with-keyport-pivot-20-modular-multi-tool--key-organizer/", "date_published": "2023-02-28 00:25:35+00:00", "persistent": false, "user": null, "language": "en-US"}, {"source": "https://www.forbes.com/innovation/feed2", "title": "Shark Tag Pinging Weird Locations - Scientists Ask For Public\u2019s Help To Solve Mystery", "description": "A satellite tag originally attached to a shark off Australia's east coast has befuddled researchers tracking and studying the critically endangered species.", "link": "https://www.forbes.com/sites/melissacristinamarquez/2023/02/27/shark-tag-pinging-weird-locationsscientists-ask-for-publics-help-to-solve-mystery/", "date_published": "2023-02-28 00:14:15+00:00", "persistent": false, "user": null, "language": "en-US"}, {"source": "https://www.forbes.com/innovation/feed2", "title": "Frank Founder Charlie Javice Denies JP Morgan Allegations That She Duped Bank Into Buying Her Startup For $175M", "description": "The former Frank CEO said JP Morgan had full knowledge of Frank\u2019s customer data before the acquisition\u2014and Chairman Jamie Dimon personally pushed for it to happen.", "link": "https://www.forbes.com/sites/alexandralevine/2023/02/27/frank-charlie-javice-denies-jp-morgan-allegations-jamie-dimon/", "date_published": "2023-02-28 00:11:01+00:00", "persistent": false, "user": null, "language": "en-US"}, {"source": "https://www.forbes.com/innovation/feed2", "title": "Google Brings Exclusive Google Photos Feature To iPhones", "description": "Google is bringing powerful new Google Photos features to a wider range of Android and iOS devices.", "link": "https://www.forbes.com/sites/paulmonckton/2023/02/27/google-brings-exclusive-google-photos-feature-to-iphones/", "date_published": "2023-02-28 00:01:56+00:00", "persistent": false, "user": null, "language": "en-US"}]