[{"source": "https://www.codeproject.com/WebServices/NewsRSS.aspx", "title": "61 percent of Americans rely on free antivirus programs", "description": "And 61% of them don't know they're running antivirus software", "link": "https://betanews.com/2023/02/24/61-percent-of-americans-rely-on-free-antivirus-programs/", "date_published": "2023-02-28 05:00:00+00:00", "persistent": false, "user": null, "language": "en-US"}, {"source": "https://www.codeproject.com/WebServices/NewsRSS.aspx", "title": "A Guide To Accessible Form Validation", "description": "Each time we build a field validation from scratch, accessibility doesn\u2019t come out of the box.", "link": "https://www.smashingmagazine.com/2023/02/guide-accessible-form-validation/", "date_published": "2023-02-28 05:00:00+00:00", "persistent": false, "user": null, "language": "en-US"}, {"source": "https://www.codeproject.com/WebServices/NewsRSS.aspx", "title": "Algo", "description": "", "link": "https://www.smbc-comics.com/comic/algo", "date_published": "2023-02-28 05:00:00+00:00", "persistent": false, "user": null, "language": "en-US"}, {"source": "https://www.codeproject.com/WebServices/NewsRSS.aspx", "title": "Data Annotations for model validation in ASP.NET Core", "description": "After taking a look at the some of the default Data Annotation validators in .NET, we'll look at how to code a custom one in C# and how to add it to a property in a model.", "link": "https://www.roundthecode.com/dotnet/data-annotation-model-validation-aspnet-core", "date_published": "2023-02-28 05:00:00+00:00", "persistent": false, "user": null, "language": "en-US"}, {"source": "https://www.codeproject.com/WebServices/NewsRSS.aspx", "title": "Developer facing API documentation tool?", "description": "Notepad?", "link": "https://www.codeproject.com/Messages/5929195/Developer-facing-API-documentation-tool", "date_published": "2023-02-28 05:00:00+00:00", "persistent": false, "user": null, "language": "en-US"}, {"source": "https://www.codeproject.com/WebServices/NewsRSS.aspx", "title": "Explore Bun.js: The all-in-one JavaScript runtime", "description": "Bun is an ambitious project that is quickly emerging as a drop-in replacement and faster alternative to Node.js. Here's a look at how Bun works and how to use it for your server-side JavaScript applications.", "link": "https://www.infoworld.com/article/3688330/explore-bunjs-the-all-in-one-javascript-runtime.html", "date_published": "2023-02-28 05:00:00+00:00", "persistent": false, "user": null, "language": "en-US"}, {"source": "https://www.codeproject.com/WebServices/NewsRSS.aspx", "title": "Generative AI VS Code tool now does unit testing", "description": "Now you can have an AI generate the stuff you weren't doing anyway!", "link": "https://visualstudiomagazine.com/articles/2023/02/27/tabnine-unit-testing.aspx", "date_published": "2023-02-28 05:00:00+00:00", "persistent": false, "user": null, "language": "en-US"}, {"source": "https://www.codeproject.com/WebServices/NewsRSS.aspx", "title": "Google announces AI-powered search ads", "description": "No one is clicking your ads? \"It can only be attributable to human error.\"", "link": "https://www.onmsft.com/news/google-announces-ai-powered-search-ads/", "date_published": "2023-02-28 05:00:00+00:00", "persistent": false, "user": null, "language": "en-US"}, {"source": "https://www.codeproject.com/WebServices/NewsRSS.aspx", "title": "Microsoft Defender may soon get installed on your Windows PC automatically", "description": "Hit the \"Hyperspace\" button!", "link": "https://www.neowin.net/news/microsoft-defender-may-soon-get-installed-on-your-windows-pc-automatically/", "date_published": "2023-02-28 05:00:00+00:00", "persistent": false, "user": null, "language": "en-US"}, {"source": "https://www.codeproject.com/WebServices/NewsRSS.aspx", "title": "Microsoft: Here's how our technology disrupts ransomware and phishing attacks", "description": "Somewhere between \"well\" and \"poorly\", depending on your results", "link": "https://www.zdnet.com/article/microsoft-heres-how-our-technology-disrupts-ransomware-and-phishing-attacks/", "date_published": "2023-02-28 05:00:00+00:00", "persistent": false, "user": null, "language": "en-US"}, {"source": "https://www.codeproject.com/WebServices/NewsRSS.aspx", "title": "OpenAI warns humanity of existential risks from artificial general intelligence", "description": "But, we'll keep working on creating it anyway", "link": "https://www.gizmochina.com/2023/02/27/openai-warns-humanity-artificial-general-intelligence/", "date_published": "2023-02-28 05:00:00+00:00", "persistent": false, "user": null, "language": "en-US"}, {"source": "https://www.codeproject.com/WebServices/NewsRSS.aspx", "title": "Sandboxing JavaScript Code", "description": "Sandboxing is a technique of isolating the execution environment of the code, so that malicious code can't access sensitive information or harm the system.", "link": "https://healeycodes.com/sandboxing-javascript-code", "date_published": "2023-02-28 05:00:00+00:00", "persistent": false, "user": null, "language": "en-US"}, {"source": "https://www.codeproject.com/WebServices/NewsRSS.aspx", "title": "Strudel REPL", "description": "You have found strudel, a new live coding platform to write dynamic music pieces in the browser!", "link": "https://strudel.tidalcycles.org/", "date_published": "2023-02-28 05:00:00+00:00", "persistent": false, "user": null, "language": "en-US"}, {"source": "https://www.codeproject.com/WebServices/NewsRSS.aspx", "title": "U.S. and EU announce plans to develop AI standards", "description": "Now that everyone has already developed the AIs", "link": "https://spectrum.ieee.org/ai-standards", "date_published": "2023-02-28 05:00:00+00:00", "persistent": false, "user": null, "language": "en-US"}]