[{"source": "https://wydarzenia.interia.pl/swiat/feed", "title": "Ta\u015bma na d\u0142oniach, torba na g\u0142owie. Tak uciek\u0142a porywaczom", "description": "<p><a href=\"https://wydarzenia.interia.pl/zagranica/news-tasma-na-dloniach-torba-na-glowie-tak-uciekla-porywaczom,nId,6625508\"><img align=\"left\" alt=\"Ta\u015bma na d\u0142oniach, torba na g\u0142owie. Tak uciek\u0142a porywaczom \" src=\"https://i.iplsc.com/tasma-na-dloniach-torba-na-glowie-tak-uciekla-porywaczom/000GTO2NTHV3QF1S-C321.jpg\" /></a>D\u0142onie zaklejone ta\u015bm\u0105, torba na g\u0142owie. Tak wygl\u0105daj\u0105ca kobieta przej\u0119\u0142a kierownic\u0119 samochodu i uciek\u0142a swoim porywaczom. Brawurowa ucieczka ocali\u0142a jej \u017cycie. Para, kt\u00f3ra ja porwa\u0142a, trafi\u0142a do aresztu. </p><br clear=\"all\" />", "link": "https://wydarzenia.interia.pl/zagranica/news-tasma-na-dloniach-torba-na-glowie-tak-uciekla-porywaczom,nId,6625508", "date_published": "2023-02-28 10:02:20+00:00", "persistent": false, "user": null, "language": "pl-PL"}, {"source": "https://wydarzenia.interia.pl/swiat/feed", "title": "Dramatyczna sytuacja pod Bachmutem. Opublikowano map\u0119", "description": "<p><a href=\"https://wydarzenia.interia.pl/raporty/raport-ukraina-rosja/aktualnosci/news-dramatyczna-sytuacja-pod-bachmutem-opublikowano-mape,nId,6625379\"><img align=\"left\" alt=\"Dramatyczna sytuacja pod Bachmutem. Opublikowano map\u0119\" src=\"https://i.iplsc.com/dramatyczna-sytuacja-pod-bachmutem-opublikowano-mape/000GTMIX9WVMKX2G-C321.jpg\" /></a>Mimo &quot;ma\u0142ego kot\u0142a&quot;, jaki Si\u0142y Zbrojne Ukrainy sprawi\u0142y wagnerowcom w Bachmucie, po\u0142o\u017cenie ukrai\u0144skiej armii jest coraz trudniejsze. Wed\u0142ug analityk\u00f3w i os\u00f3b zajmuj\u0105cycyh si\u0119 tzw. bia\u0142ym wywiadem Rosja przej\u0119\u0142a kontrol\u0119 nad cz\u0119\u015bci\u0105 osiedli mieszkalnych w p\u00f3\u0142nocnej cz\u0119\u015bci miasta.</p><br clear=\"all\" />", "link": "https://wydarzenia.interia.pl/raporty/raport-ukraina-rosja/aktualnosci/news-dramatyczna-sytuacja-pod-bachmutem-opublikowano-mape,nId,6625379", "date_published": "2023-02-28 06:22:28+00:00", "persistent": false, "user": null, "language": "pl-PL"}]