[{"source": "https://www.theverge.com/rss/index.xml", "title": "Twitter\u2019s decentralized alternative Bluesky arrives as an invite-only iOS app", "description": "<figure>\n      <img alt=\"An image showing three side-by-side screengrabs of Bluesky on mobile\" src=\"https://cdn.vox-cdn.com/thumbor/DyD4wgrMv5S-QVz9BOunr8IH7TU=/0x10:1530x1030/1310x873/cdn.vox-cdn.com/uploads/chorus_image/image/72023676/bluesky_ios_app.0.png\" />\n        <figcaption>Image: Bluesky</figcaption>\n    </figure>\n\n  <p id=\"gmH8Oz\">Bluesky, the decentralized project that originated within Twitter, has arrived on the <a href=\"https://apps.apple.com/us/app/bluesky-social/id6444370199\">Apple App Store</a> as an invite-only social network, <a href=\"https://techcrunch.com/2023/02/28/jack-dorsey-backed-twitter-alternative-bluesky-hits-the-app-store-as-an-invite-only-app/\">as first reported by <em>TechCrunch</em></a>. The listing also gives us one of our very first glimpses at the app, which closely resembles Twitter down to the timeline and profile pages.</p>\n<p id=\"prxTCZ\">The project\u2019s backed by Jack Dorsey, the co-founder and former CEO of Twitter, and has <a href=\"https://www.theverge.com/2022/10/19/23412482/bluesky-at-protocol-decentralized-twitter-social-networks-app\">been working on an app</a> powered by its <a href=\"https://www.theverge.com/2022/5/4/23057473/twitter-bluesky-adx-release-open-source-decentralized-social-network\">open-source social protocol</a> for months now, called the Authenticated Transfer Protocol, or \u201cAT Protocol\u201d for short. <a href=\"https://blueskyweb.xyz/blog/10-18-2022-the-at-protocol\">Bluesky describes</a> it as a \u201cfederated social network\u201d where separate networks exist within a single hub.</p>\n<p id=\"oy5upB\">According to Bluesky, AT Protocol is built based on four main ideals: account portability;...</p>\n  <p>\n    <a href=\"https://www.theverge.com/2023/2/28/23619270/decentralized-twitter-alternative-bluesky-ios-invite-only\">Continue reading&hellip;</a>\n  </p>", "link": "https://www.theverge.com/2023/2/28/23619270/decentralized-twitter-alternative-bluesky-ios-invite-only", "date_published": "2023-02-28 22:41:50+00:00", "persistent": false, "user": null, "language": "en-US"}, {"source": "https://www.theverge.com/rss/index.xml", "title": "The biggest stories from Hot Pod Summit", "description": "<figure>\n      <img alt=\"\" src=\"https://cdn.vox-cdn.com/thumbor/KMfzIvNul0MuE2kJNSGD4l1bTxM=/0x0:2051x1367/1310x873/cdn.vox-cdn.com/uploads/chorus_image/image/72023600/Hot_Pod_Site_Post.0.jpeg\" />\n    </figure>\n\n  <p id=\"R8otXV\"><em>This is </em>Hot Pod<em>, </em>The Verge<em>\u2019s newsletter about podcasting and the audio industry. </em><a href=\"https://www.theverge.com/pages/hot-pod-podcast-audio-newsletter\"><em>Sign up here</em></a><em> for more.</em></p>\n<hr class=\"p-entry-hr\" id=\"z3MMzq\" />\n<p id=\"Ulo7eI\">I hope you all had a great week! Hot Pod Summit was a lot of fun \u2014 it was great to meet so many of you in person and chat about some of the biggest issues in the industry. </p>\n<p id=\"H7fRdC\">We\u2019ll have more on that below, but first, some acknowledgments. Big thanks to our partners at <a href=\"http://workxwork.com/\">work x work</a> and the whole On Air Fest team for bringing the event together as well as to the Wythe Hotel for hosting us. Also, I absolutely would not have made it through this without the help of my <em>Verge</em> colleagues Kara Verlaney, Esther Cohen, T.C. Sottek, Helen Havlak, and, of course, Jake Kastrenakes. Plus, we were so lucky that the <em>Decoder</em> team was down to put on their...</p>\n  <p>\n    <a href=\"https://www.theverge.com/2023/2/28/23619312/hot-pod-summit-youtube-spotify-iheart-decoder-apple\">Continue reading&hellip;</a>\n  </p>", "link": "https://www.theverge.com/2023/2/28/23619312/hot-pod-summit-youtube-spotify-iheart-decoder-apple", "date_published": "2023-02-28 22:15:00+00:00", "persistent": false, "user": null, "language": "en-US"}, {"source": "https://www.theverge.com/rss/index.xml", "title": "I don\u2019t want to log in to your website", "description": "<figure>\n      <img alt=\"An image of a login prompt, one I don\u2019t want to fill out\" src=\"https://cdn.vox-cdn.com/thumbor/f5U1wKYTsFEYssyE8kwlRbdT_1A=/0x0:2040x1360/1310x873/cdn.vox-cdn.com/uploads/chorus_image/image/72023593/236556_I_dont_want_to_log_in_to_your_website.0.jpg\" />\n        <figcaption><em>No thank u.</em> | Image: The Verge</figcaption>\n    </figure>\n\n  <p id=\"nAGDSX\">There is a new trend among websites where they want my email address before I\u2019m allowed to read their free content. While I sympathize with the struggles of the media business, I am just going to point out something obvious: not reading is easier than reading \u2014 and <em>way easier</em> than logging in.</p>\n<p id=\"5AsIEV\">I don\u2019t mind that <em>The Atlantic</em> requires an email \u2014 it has kept me from hate-reading the astounding churn of bad takes they publish \u2014 but just about everyone else has got to knock this off. You hear me, <em>Reuters</em>? I am annoyed with <em>Reuters</em>, specifically, because it\u2019s a wire service, and I can usually find its articles <em>without</em> logging in by avoiding the <em>Reuters</em> website. As for you, <em>The New York Times,</em> I do not want to read your stories in your app! No...</p>\n  <p>\n    <a href=\"https://www.theverge.com/2023/2/28/23618804/google-facebook-login-ads-web-design-hell\">Continue reading&hellip;</a>\n  </p>", "link": "https://www.theverge.com/2023/2/28/23618804/google-facebook-login-ads-web-design-hell", "date_published": "2023-02-28 22:12:06+00:00", "persistent": false, "user": null, "language": "en-US"}, {"source": "https://www.theverge.com/rss/index.xml", "title": "Why climate credits for solar geoengineering are a bad idea", "description": "<figure>\n      <img alt=\"A cloudy orange sky during sunset. The sun is low on the horizon.\" src=\"https://cdn.vox-cdn.com/thumbor/tJVubCsZOwh5RMLUuZvG9fXyIis=/0x0:5472x3648/1310x873/cdn.vox-cdn.com/uploads/chorus_image/image/72023279/1339389544.0.jpg\" />\n        <figcaption><em>Views of the sunset and stormy skies on September 9th, 2021 in La Paz, Mexico.&nbsp;</em> | Photo: Alfredo Martinez/Getty Images</figcaption>\n    </figure>\n\n  <p id=\"Vs0Y85\">Buyer beware: there\u2019s a dubious new kind of climate credit for sale. </p>\n<p id=\"O6xG68\">Traditional carbon offset credits, say, for planting trees or protecting forests, have a <a href=\"https://gspp.berkeley.edu/research-and-impact/centers/cepp/projects/berkeley-carbon-trading-project\">record</a> of failing to actually reduce greenhouse gas emissions. Now, a startup is selling credits for its attempts to manipulate the planet\u2019s ability to reflect sunlight, a controversial response to climate change called solar geoengineering. </p>\n<p id=\"rg28pI\">A group of prominent scientists published a <a href=\"https://climate-intervention-research-letter.org/\">letter</a> yesterday that warns that this kind of climate intervention is nowhere near ready to be commercially deployed and probably never should be. A big name on the letter is James Hansen, a former NASA scientist who\u2019s now at Columbia University and is famous for sounding the alarm on climate change...</p>\n  <p>\n    <a href=\"https://www.theverge.com/2023/2/28/23618450/climate-change-credits-solar-geoengineering-offsets\">Continue reading&hellip;</a>\n  </p>", "link": "https://www.theverge.com/2023/2/28/23618450/climate-change-credits-solar-geoengineering-offsets", "date_published": "2023-02-28 21:02:34+00:00", "persistent": false, "user": null, "language": "en-US"}, {"source": "https://www.theverge.com/rss/index.xml", "title": "Jackbox 9 is now available in French, Italian, German, and two types of Spanish", "description": "<figure>\n      <img alt=\"Screenshot of a Fibbage 4 screen in Spanish.\" src=\"https://cdn.vox-cdn.com/thumbor/k5KRLwUfX-eK2Q9dAv-EkE6gdGI=/0x0:1575x1050/1310x873/cdn.vox-cdn.com/uploads/chorus_image/image/72023191/4RWzC5no.0.png\" />\n        <figcaption>Fibbage 4 <em>has you try to tell a convincing lie to your friends... en Espa\u00f1ol.</em> | Image: Jackbox Games</figcaption>\n    </figure>\n\n  <p id=\"DHrGIf\">Jackbox Games has released a free update that localizes the games in its <em>Party Pack 9 </em>bundle. That means that party games like <em>Fibbage 4</em>, <em>Roomerang</em>, and <em>Quixort</em> are now available in French, Italian, German, Latin American Spanish, and Castilian Spanish.</p>\n<p id=\"H72ixV\">The translations cover pretty much every aspect of the games, from the intro videos and songs playing in the credits to the actual content of the games themselves. In <a href=\"https://www.jackboxgames.com/the-jackbox-party-pack-9-patch-notes/\">a post on Monday</a>, the company writes that it chose which translations to focus on based on \u201cexisting demand.\u201d</p>\n<p id=\"l6BWCj\">It\u2019s not the company\u2019s first run at localizing the content of its party games. In 2020 and 2021, it released versions of <em>Quiplash 2</em> and <em>Drawful 2</em> with extra languages, and the 2022 <em>Jackbox Party Starter</em> includes...</p>\n  <p>\n    <a href=\"https://www.theverge.com/2023/2/28/23618982/jackbox-9-party-game-translation-languages\">Continue reading&hellip;</a>\n  </p>", "link": "https://www.theverge.com/2023/2/28/23618982/jackbox-9-party-game-translation-languages", "date_published": "2023-02-28 20:51:57+00:00", "persistent": false, "user": null, "language": "en-US"}, {"source": "https://www.theverge.com/rss/index.xml", "title": "You can watch Pluto TV in VLC, and the MPA considers this piracy", "description": "<figure>\n      <img alt=\"An image of an M3U playlist of all of Pluto TV\u2019s streams.\" src=\"https://cdn.vox-cdn.com/thumbor/LCBp8MgpUL126aGHXm4P_Eh9kEU=/80x0:1985x1270/1310x873/cdn.vox-cdn.com/uploads/chorus_image/image/72023068/Lupin.0.png\" />\n        <figcaption><em>Ad-supported free TV, but it\u2019s in your browser. What\u2019s the harm?</em> | Screenshot: Chris Person</figcaption>\n    </figure>\n\n  <p id=\"NjN6qt\">The <a href=\"https://github.com/github/dmca/blob/master/2023/02/2023-02-14-mpa.md\">Motion Picture Association (MPA) issued a DMCA notice</a> to a GitHub repo that contained a playlist that let viewers watch Pluto TVs streams on their own apps, such as VLC, MPV, and <a href=\"https://tvheadend.org/\">Tvheadend</a>. The move was <a href=\"https://torrentfreak.com/mpa-pluto-tv-m3u-playlists-facilitate-piracy-on-a-massive-scale-230223/\">first noticed by <em>TorrentFreak</em></a>, and GitHub has complied and removed the repo, which ultimately does nothing. If you still have a tiny text file, you can still do exactly what the MPA tried to stop. </p>\n<p id=\"PlZF7s\"><a href=\"https://pluto.tv/\">Pluto TV</a>, for those who do not watch it, is a service owned by Paramount that allows users to legally stream movies and TV shows free of charge on many devices. They have a mobile app, apps for Xbox and PlayStation, smart TVs, and dongles. Users do not even need to sign up to use it. In turn, Pluto\u2019s business model is predicated on serving...</p>\n  <p>\n    <a href=\"https://www.theverge.com/2023/2/28/23617624/pluto-tv-dmca-mpa-github-playlists\">Continue reading&hellip;</a>\n  </p>", "link": "https://www.theverge.com/2023/2/28/23617624/pluto-tv-dmca-mpa-github-playlists", "date_published": "2023-02-28 20:15:31+00:00", "persistent": false, "user": null, "language": "en-US"}, {"source": "https://www.theverge.com/rss/index.xml", "title": "How to set up two-factor authentication on your online services", "description": "<figure>\n      <img alt=\"Line with three stars (as in a password) against a pink background with small illustrations.\" src=\"https://cdn.vox-cdn.com/thumbor/UUjxGeRF2RXONG5ItpAHx_DqRas=/0x0:2040x1360/1310x873/cdn.vox-cdn.com/uploads/chorus_image/image/72022976/HT020_securityPrivacy_0001.0.jpg\" />\n        <figcaption>Illustration by Samar Haddad / The Verge</figcaption>\n    </figure>\n\n  <p id=\"96nXbn\">Recently, it was announced that Twitter would only offer SMS-based two-factor authentication (2FA) <a href=\"https://www.theverge.com/2023/2/17/23605073/twitter-blue-charge-sms-2fa\">to its Twitter Blue members</a> (those who are willing to pay $8 a month on Android or $11 a month on iOS). To tell you the truth, my first reaction was: just as well. If you want to use 2FA to secure your social media or another account, using text messaging is not the way to go. You\u2019re much better off using either a third-party authenticator app or a hardware security key.</p>\n<h3 id=\"AeiniF\">What are security keys?</h3>\n<p id=\"fkOyKt\">Security keys, such as the ones sold by <a href=\"https://go.redirectingat.com?id=66960X1514734&amp;xs=1&amp;url=https%3A%2F%2Fwww.yubico.com%2F&amp;referrer=theverge.com&amp;sref=https%3A%2F%2Fwww.theverge.com%2F23612381%2Ftwo-factor-authentication-2fa-amazon-twitter-how-to\" rel=\"sponsored nofollow noopener\" target=\"_blank\">Yubico</a>, are the safest method to use. They can connect to your system using USB-A, USB-C, Lightning, or NFC, and they\u2019re small enough to be carried on a keychain (with the exception of <a href=\"https://go.redirectingat.com/?id=66960X1514734&amp;xs=1&amp;url=https%3A%2F%2Fwww.yubico.com%2Fproduct%2Fyubikey-5c-nano%2F&amp;referrer=theverge.com&amp;xcust=___vg__p_22222976__t_w__r_https://www.theverge.com/22465512/cybersecurity-online-security-privacy-br\" rel=\"sponsored nofollow noopener\" target=\"_blank\">Yubico\u2019s YubiKey 5C Nano</a>,...</p>\n  <p>\n    <a href=\"https://www.theverge.com/23612381/two-factor-authentication-2fa-amazon-twitter-how-to\">Continue reading&hellip;</a>\n  </p>", "link": "https://www.theverge.com/23612381/two-factor-authentication-2fa-amazon-twitter-how-to", "date_published": "2023-02-28 19:59:04+00:00", "persistent": false, "user": null, "language": "en-US"}, {"source": "https://www.theverge.com/rss/index.xml", "title": "Ford F-150 Lightning fire wasn\u2019t related to a design flaw, says battery supplier", "description": "<figure>\n      <img alt=\"An image showing a Ford F-150 Lightning in a factory\" src=\"https://cdn.vox-cdn.com/thumbor/6MhHpTckGxQoWSn2ZHJgsmEThhU=/0x0:5100x3400/1310x873/cdn.vox-cdn.com/uploads/chorus_image/image/72022966/1449546623.0.jpg\" />\n        <figcaption><em>A Ford F-150 Lightning caught fire in a holding lot near the automaker\u2019s Michigan factory.</em> | Photo: DR/SP/Andia/Universal Images Group via Getty Images</figcaption>\n    </figure>\n\n  <p id=\"YWbJbQ\">The Ford F-150 Lightning fire that broke out at a Michigan factory in early February wasn\u2019t caused by a battery defect, <a href=\"https://www.bloomberg.com/news/articles/2023-02-27/ford-battery-supplier-says-f-150-lightning-fire-rare-occurence?sref=ExbtjcSG\">according to a report from <em>Bloomberg</em></a>. In a statement to the outlet, Ford\u2019s South Korean battery supplier SK On calls the incident a \u201crare\u201d occurrence and says it\u2019s working on a fix.</p>\n<p id=\"mLH9h3\">Ford abruptly halted production of its <a href=\"https://www.theverge.com/23307298/ford-f-150-lightning-review\">flagship electric pickup</a> on February 4th after one of <a href=\"https://www.theverge.com/2023/2/16/23602664/a-battery-fire-prompted-ford-to-shut-down-production-of-its-f-150-lightning\">the trucks caught fire</a> in a holding lot affiliated with its Dearborn, Michigan, factory and spread to two other vehicles. Both <a href=\"https://www.theverge.com/2023/2/15/23601411/ford-f150-lightning-battery-production-shipment-pause\">Ford and SK have been investigating the issue</a> for weeks and still haven\u2019t resumed F-150 Lightning production. SK has once again started to build batteries in its Georgia factory, however.</p>\n<div class=\"c-float-left c-float-hang\"><aside id=\"PoMLUK\"><div></div></aside></div>\n<p id=\"qlM0Jg\">\u201cWe believe this was a rare...</p>\n  <p>\n    <a href=\"https://www.theverge.com/2023/2/28/23618974/ford-f-150-lightning-battery-fire-sk-on\">Continue reading&hellip;</a>\n  </p>", "link": "https://www.theverge.com/2023/2/28/23618974/ford-f-150-lightning-battery-fire-sk-on", "date_published": "2023-02-28 19:54:49+00:00", "persistent": false, "user": null, "language": "en-US"}, {"source": "https://www.theverge.com/rss/index.xml", "title": "President Joe Biden\u2019s $39 billion semiconductor project is open for business", "description": "<figure>\n      <img alt=\"The image is an illustration of a semiconductor chip.\" src=\"https://cdn.vox-cdn.com/thumbor/DyO0EZIEhci4K2YuU2Iq87ZHDEM=/0x0:2040x1360/1310x873/cdn.vox-cdn.com/uploads/chorus_image/image/72022682/acastro_210430_1777_semiCon_0002.0.jpg\" />\n        <figcaption>Illustration: Alex Castro / The Verge</figcaption>\n    </figure>\n\n  <p id=\"X0sHPu\">The Biden administration launched its massive effort to outcompete China in semiconductor manufacturing Tuesday, <a href=\"https://www.theverge.com/2022/8/9/23298147/biden-chips-act-semiconductors-subsidies-ohio-arizona-plant-china\">offering $39 billion in funding incentives</a> for companies seeking to build manufacturing plants in the US.</p>\n<p id=\"tpzdyp\"><a href=\"https://www.theverge.com/2022/7/28/23282494/semiconductors-chips-and-science-act-joe-biden-congress-nvidia\">Authorized by the CHIPS and Science Act last year</a>, the Commerce Department opened the application process Tuesday for companies jockeying for a share of the funding. This first round prioritizes applicants seeking to build domestic chip manufacturing facilities that can ensure the billions in taxpayer money are protected and leveraged to advance US national security goals. </p>\n<p id=\"o4u2lE\">\u201cWhen we have finished implementing CHIPS for America, we will be the premier destination in the world where new leading-edge chip architectures can be...</p>\n  <p>\n    <a href=\"https://www.theverge.com/2023/2/28/23618885/semiconductor-chip-manufacturing-commerce-biden-white-house\">Continue reading&hellip;</a>\n  </p>", "link": "https://www.theverge.com/2023/2/28/23618885/semiconductor-chip-manufacturing-commerce-biden-white-house", "date_published": "2023-02-28 18:50:51+00:00", "persistent": false, "user": null, "language": "en-US"}, {"source": "https://www.theverge.com/rss/index.xml", "title": "Luminar unveils Iris Plus lidar sensor with 300-meter range", "description": "<figure>\n      <img alt=\"Luminar laser sensor vehicle\" src=\"https://cdn.vox-cdn.com/thumbor/QRxHfuumBNAzaWV3yW5NEEDlBI4=/0x0:2040x1360/1310x873/cdn.vox-cdn.com/uploads/chorus_image/image/72022595/VRG05AH_210614_4634_006.0.jpg\" />\n        <figcaption>Image: Andrew J. Hawkins / The Verge</figcaption>\n    </figure>\n\n  <p id=\"uVRNdc\">Lidar maker Luminar held an investor day event in Orlando, Florida, during which it unveiled a new version of its Iris sensor that will be included in <a href=\"https://www.theverge.com/2022/1/20/22891314/mercedes-benz-luminar-equity-stake-lidar-autonomous-vehicles\">production vehicles from Mercedes-Benz</a>. The company also announced a series of ambitious expansion plans, including a new factory in Mexico, a semiconductor subsidiary, and the acquisition of a data hardware startup\u2019s lidar division.</p>\n<p id=\"ar3p3C\">Lidar, a key ingredient in autonomous driving, is a laser sensor that uses near-infrared light to detect the shapes of objects. This helps autonomous vehicles \u201csee\u201d other objects on the road, like cars, pedestrians, and cyclists, all without the help of GPS or a network connection.</p>\n<p id=\"HXueWg\">Luminar revealed its Iris Plus lidar, which it said will further \u201cthe mission...</p>\n  <p>\n    <a href=\"https://www.theverge.com/2023/2/28/23617435/luminar-iris-plus-lidar-sensor-investor-day\">Continue reading&hellip;</a>\n  </p>", "link": "https://www.theverge.com/2023/2/28/23617435/luminar-iris-plus-lidar-sensor-investor-day", "date_published": "2023-02-28 18:30:00+00:00", "persistent": false, "user": null, "language": "en-US"}, {"source": "https://www.theverge.com/rss/index.xml", "title": "The grill ignition button is a reminder of happy summer days", "description": "<figure>\n      <img alt=\"Picture of a red ignition button on an ice-encrusted grill.\" src=\"https://cdn.vox-cdn.com/thumbor/tNlfklInLX5yVjwy_av7btUpSKY=/0x0:6240x4160/1310x873/cdn.vox-cdn.com/uploads/chorus_image/image/72022575/DSCF2361.0.jpg\" />\n    </figure>\n\n  <div class=\"c-float-left c-float-hang\"><div id=\"J8VpZP\"><div></div></div></div>\n<p id=\"44MgnV\">It is 28 degrees Fahrenheit on top of this mountain, before you factor in the wind that\u2019s blowing snow sideways into my face. I\u2019m sitting on a rock with my <a href=\"https://www.outdoorgearlab.com/reviews/camping-and-hiking/backpacking-stove/msr-pocketrocket-2\">soda can-sized backpacking stove</a> the size of a soda can trying to make lunch and regretting my decision to go hiking in the middle of February. I press a small button on a pen-size rod that I\u2019m holding over the burner, bringing a spark to life for just an instant. The familiar whoosh of gas igniting means I can start heating up ramen \u2014 lucky me.</p>\n<p id=\"Wxzrbk\">But wait, how did pressing that button cause a spark? My lighter doesn\u2019t have a flint and steel or any batteries. It\u2019s not even solar powered (not that I remember what sunlight looks like; it\u2019s winter in Washington). So how can it start a...</p>\n  <p>\n    <a href=\"https://www.theverge.com/23617913/grill-ignition-button-of-the-month-piezoelectric-summer\">Continue reading&hellip;</a>\n  </p>", "link": "https://www.theverge.com/23617913/grill-ignition-button-of-the-month-piezoelectric-summer", "date_published": "2023-02-28 18:25:58+00:00", "persistent": false, "user": null, "language": "en-US"}, {"source": "https://www.theverge.com/rss/index.xml", "title": "Pluto TV is dedicating entire channels to the Rocky movies and Sailor Moon", "description": "<figure>\n      <img alt=\"A bruised boxer wrapped in an American flag being housed up by two other men wearing white shirts.\" src=\"https://cdn.vox-cdn.com/thumbor/BOCJM3wBZ3F5AiBH7IzXl9FvBfc=/36x0:1265x819/1310x873/cdn.vox-cdn.com/uploads/chorus_image/image/72022498/rocky_iv_5092e5c479cd44f3acbfb57fdffeba89.0.jpeg\" />\n        <figcaption><em>Sylvester Stallone as Rocky Balboa.</em> | Image: MGM</figcaption>\n    </figure>\n\n  <p id=\"OUcr4W\">To really appreciate how <a href=\"https://www.theverge.com/2015/11/24/9791220/creed-movie-review-michael-b-jordan-rocky\">the <em>Rocky </em>franchise evolved</a> over the years to become the <a href=\"https://www.theverge.com/2023/2/23/23601435/creed-3-review-michael-b-jordan-rocky\"><em>Creed</em></a><em> </em>saga, you kind of have to watch the original Sylvester Stallone features in order. While it\u2019s never been especially hard to stream the <em>Rocky </em>movies online, Pluto TV is about to make it much, much easier to see them all back-to-back.</p>\n<p id=\"eJV0RP\">Today, <a href=\"https://www.theverge.com/2014/8/22/6054639/the-genius-of-pluto-tv\">Pluto</a> announced the impending arrival of Pluto TV Rocky, a new channel on the streaming platform that will air the first six <em>Rocky </em>movies \u2014 <em>Rocky I\u2013V </em>and <em>Rocky Balboa </em>\u2014 on a continuous loop 24/7. Along with scheduled airings of the <em>Rocky </em>movies, Pluto\u2019s users will be able to access each of the features on demand. Along with the <em>Rocky </em>channel, Pluto TV also announced in a press release that it will launch channels...</p>\n  <p>\n    <a href=\"https://www.theverge.com/2023/2/28/23618636/pluto-tv-rocky-streaming-sailor-moon\">Continue reading&hellip;</a>\n  </p>", "link": "https://www.theverge.com/2023/2/28/23618636/pluto-tv-rocky-streaming-sailor-moon", "date_published": "2023-02-28 18:04:31+00:00", "persistent": false, "user": null, "language": "en-US"}, {"source": "https://www.theverge.com/rss/index.xml", "title": "Meta\u2019s VR battle royale is going free-to-play", "description": "<figure>\n      <img alt=\"\" src=\"https://cdn.vox-cdn.com/thumbor/Xb-8cKWOQa8rYevDAGha6N1sQVk=/177x0:1323x764/1310x873/cdn.vox-cdn.com/uploads/chorus_image/image/72022442/POP1ScreenshotSquad.0.png\" />\n    </figure>\n\n  <p id=\"TXQxXS\"><em>Population: One</em>, Meta\u2019s VR battle royale shooter <a href=\"https://www.theverge.com/2021/6/11/22530144/facebook-oculus-studios-acquires-bigbox-vr-population-one\">it acquired in 2021</a>, is becoming a free-to-play game, developers BigBox VR announced on Tuesday. The title currently starts at $30 on the Quest Store, but you\u2019ll be able to play it for free starting March 9th. </p>\n<p id=\"nOIWzE\"><em>Population: One</em> first launched in October 2020, and it\u2019s proven to be a popular title, with a more than four-star average score from an excess of 11,000 ratings <a href=\"https://click.linksynergy.com/deeplink?id=nOD%2FrLJHOac&amp;mid=43993&amp;u1=verge&amp;murl=https%3A%2F%2Fwww.oculus.com%2Fexperiences%2Fquest%2F2564158073609422%2F\" rel=\"sponsored nofollow noopener\" target=\"_blank\">on the Quest Store</a>. (It\u2019s also <a href=\"https://store.steampowered.com/app/691260/POPULATION_ONE/\">available on Steam</a>, where it has more than 2,000 reviews.) But in going free-to-play, Meta seems to be making a push for the game to attract a much wider audience than it already has. It <a href=\"https://www.theverge.com/2022/5/13/23070946/pubg-battlegrounds-free-to-play-money-krafton\">worked for <em>PUBG: Battlegrounds</em></a>, after all.</p>\n<p id=\"uKDba1\">And if <em>Population: One</em> really blows up after moving to...</p>\n  <p>\n    <a href=\"https://www.theverge.com/2023/2/28/23617828/meta-population-one-vr-battle-royale-bigbox-free-to-play\">Continue reading&hellip;</a>\n  </p>", "link": "https://www.theverge.com/2023/2/28/23617828/meta-population-one-vr-battle-royale-bigbox-free-to-play", "date_published": "2023-02-28 18:00:00+00:00", "persistent": false, "user": null, "language": "en-US"}, {"source": "https://www.theverge.com/rss/index.xml", "title": "Disney\u2019s live-action film Peter Pan & Wendy starts streaming in April", "description": "<figure>\n      <img alt=\"A still photo from the Disney film Peter Pan &amp;amp; Wendy.\" src=\"https://cdn.vox-cdn.com/thumbor/g9Dq3ozhA_bYj2o65qDHdPdT-Us=/152x0:1709x1038/1310x873/cdn.vox-cdn.com/uploads/chorus_image/image/72022435/Screen_Shot_2023_02_28_at_12.24.02_PM.0.png\" />\n        <figcaption>Image: Disney</figcaption>\n    </figure>\n\n  <p id=\"YiRBW3\">Disney\u2019s latest live-action adaptation will be streaming later this spring. The company revealed today that <em>Peter Pan &amp; Wendy</em>, billed as a \u201creimagining\u201d of the 1953 animated film and the original play, will premiere on April 28th. It won\u2019t be hitting theaters, however, and instead will be streaming exclusively on Disney Plus.</p>\n<p id=\"BAkkyN\">The news came alongside the first full trailer for the film, which stars Alexander Molony as Peter, Ever Anderson as Wendy, and Jude Law as Captain Hook. The movie is directed by David Lowery, who was behind the 2016 adaptation of<em> Pete\u2019s Dragon</em> and the fantasy film <a href=\"https://www.theverge.com/2021/8/10/22618625/a24-the-green-knight-screening-room-streaming-august-18th\"><em>The Green Knight</em></a> from 2021. \u201cWe wanted to invigorate our retelling with emotional sincerity, an open heart, and a grand yearning for adventure,\u201d Lowery...</p>\n  <p>\n    <a href=\"https://www.theverge.com/23618843/peter-pan-wendy-trailer-release-date-disney-plus\">Continue reading&hellip;</a>\n  </p>", "link": "https://www.theverge.com/23618843/peter-pan-wendy-trailer-release-date-disney-plus", "date_published": "2023-02-28 17:57:49+00:00", "persistent": false, "user": null, "language": "en-US"}, {"source": "https://www.theverge.com/rss/index.xml", "title": "PSVR 2\u2019s No Man\u2019s Sky is an immersive but overwhelming trip to space", "description": "<figure>\n      <img alt=\"In this screenshot from No Man\u2019s Sky, a person fires lasers from the cockpit of a spaceship.\" src=\"https://cdn.vox-cdn.com/thumbor/o-MZ-6Gh-E0Vgz9ILpzki7CqnLM=/0x0:3222x2148/1310x873/cdn.vox-cdn.com/uploads/chorus_image/image/72022429/IMG_3139.0.jpeg\" />\n        <figcaption>Screenshot by Jay Peters / Jay Peters</figcaption>\n    </figure>\n\n  <p id=\"ESSy3k\">More than six and a half years after <em>No Man\u2019s Sky</em> was first released, I took my first trip into the game last week, wearing the brand-new PlayStation VR2 headset. It\u2019s probably not the only way I\u2019d choose to play the game, but about three hours in, it\u2019s a mind-bending and overwhelming experience.</p>\n<p id=\"ykfhk1\"><em>No Man\u2019s Sky</em> got <a href=\"https://uploadvr.com/no-mans-sky-vr-review/\">optional full virtual reality support</a> back in 2019, letting players navigate its huge procedurally generated universe in PC VR and the original PlayStation VR. But the VR mode got <a href=\"https://www.theverge.com/2023/2/22/23609541/no-mans-sky-vr-psvr-2-4-1-fractal-update-vr-mode-playstation\">an overhaul last week</a> with the new Fractal update and the launch of the PSVR 2, where it\u2019s one of Sony\u2019s big-name launch titles alongside games like <a href=\"https://www.theverge.com/23609901/gran-turismo-7-psvr-2-hands-on\"><em>Gran Turismo 7</em></a> and <a href=\"https://www.theverge.com/2022/12/14/23510113/resident-evil-village-vr-mode-playstation-vr2-psvr2-free-update\"><em>Resident Evil Village</em></a>. <em>No Man\u2019s Sky</em> adds support for things like the new Sense...</p>\n  <p>\n    <a href=\"https://www.theverge.com/23618811/psvr-2-no-mans-sky-hands-on\">Continue reading&hellip;</a>\n  </p>", "link": "https://www.theverge.com/23618811/psvr-2-no-mans-sky-hands-on", "date_published": "2023-02-28 17:55:21+00:00", "persistent": false, "user": null, "language": "en-US"}, {"source": "https://www.theverge.com/rss/index.xml", "title": "Dish CEO says data was stolen in cyberattack that\u2019s kept systems down for days", "description": "<figure>\n      <img alt=\"Illustration of the Dish logo with a white and red background.\" src=\"https://cdn.vox-cdn.com/thumbor/A-FyCc7iniJ9suV3vBK2KSgrMGw=/0x0:3000x2000/1310x873/cdn.vox-cdn.com/uploads/chorus_image/image/72022378/acastro_STK052_01.0.jpg\" />\n        <figcaption>Illustration: Alex Castro / The Verge</figcaption>\n    </figure>\n\n  <p id=\"FzWO52\">Dish has told employees that it\u2019s \u201cinvestigating a cybersecurity incident\u201d and that it\u2019s \u201caware that certain data was extracted\u201d from its IT systems as a result of this incident, according to an internal email sent by CEO Erik Carlson and obtained by <em>The Verge</em>. This comes on the fifth day of an internal outage that\u2019s taken down some of the company\u2019s internal networks, customer support systems, and websites such as <a href=\"http://boostinfinite.com\">boostinfinite.com</a> and <a href=\"https://go.redirectingat.com?id=66960X1514734&amp;xs=1&amp;url=http%3A%2F%2Fdish.com&amp;referrer=theverge.com&amp;sref=https%3A%2F%2Fwww.theverge.com%2F2023%2F2%2F28%2F23617347%2Fdish-cybersecurity-incident-internal-outage-customer-support-employees\" rel=\"sponsored nofollow noopener\" target=\"_blank\">dish.com</a>.</p>\n<p id=\"vmkd9B\">The email doesn\u2019t contain any details about whether the data was Dish internal information or customer data, though it does say that \u201cit\u2019s possible the investigation will reveal that the extracted data includes personal information.\u201d The extent of the leak may not be fully known yet, as the...</p>\n  <p>\n    <a href=\"https://www.theverge.com/2023/2/28/23617347/dish-cybersecurity-incident-internal-outage-customer-support-employees\">Continue reading&hellip;</a>\n  </p>", "link": "https://www.theverge.com/2023/2/28/23617347/dish-cybersecurity-incident-internal-outage-customer-support-employees", "date_published": "2023-02-28 17:40:30+00:00", "persistent": false, "user": null, "language": "en-US"}, {"source": "https://www.theverge.com/rss/index.xml", "title": "The US Marshals Service suffered a data breach and ransomware attack", "description": "<figure>\n      <img alt=\"A matrix of green binary code flows down in the background of a laptop computer with a green hued image of the US Capitol building\" src=\"https://cdn.vox-cdn.com/thumbor/lclnRxuDewPNNMZcK2rizZSWhVU=/0x0:2040x1360/1310x873/cdn.vox-cdn.com/uploads/chorus_image/image/72022260/akrales_220309_4977_0079.0.jpg\" />\n        <figcaption>Image: Amelia Holowaty Krales / The Verge</figcaption>\n    </figure>\n\n  <p id=\"Yrqd6z\">The US Marshals Service has fallen victim to a ransomware attack, <a href=\"https://www.nbcnews.com/politics/politics-news/major-us-marshals-service-hack-compromises-sensitive-info-rcna72581\">according to reports from NBC News</a>, <a href=\"https://www.nytimes.com/2023/02/27/us/politics/us-marshals-ransomware-hack.html?partner=slack&amp;smid=sl-share\"><em>The New York Times</em></a>, <a href=\"https://www.reuters.com/world/us/us-marshals-service-suffers-major-security-breach-nbc-news-2023-02-28/\">and <em>Reuters</em></a>. On February 17th, hackers gained access to and stole sensitive information related to the agency\u2019s employees and the subjects that it\u2019s investigating.</p>\n<p id=\"iWKu1G\">In a statement to NBC News, Drew Wade, the Marshals Service public affairs chief, called the ransomware attack a \u201cmajor incident,\u201d while adding that the affected system \u201ccontains law enforcement sensitive information, including returns from legal process, administrative information, and personally identifiable information pertaining to subjects of USMS investigations, third parties, and certain USMS employees.\u201d</p>\n<p id=\"afQfdg\">According to NBC News, the attack didn\u2019t...</p>\n  <p>\n    <a href=\"https://www.theverge.com/2023/2/28/23618584/hack-us-marshals-service-ransomware-attack\">Continue reading&hellip;</a>\n  </p>", "link": "https://www.theverge.com/2023/2/28/23618584/hack-us-marshals-service-ransomware-attack", "date_published": "2023-02-28 17:07:26+00:00", "persistent": false, "user": null, "language": "en-US"}, {"source": "https://www.theverge.com/rss/index.xml", "title": "Google\u2019s Chrome browser now squeezes more battery life out of MacBooks", "description": "<figure>\n      <img alt=\"The Google Chrome logo surrounded by blue rings\" src=\"https://cdn.vox-cdn.com/thumbor/-htEzHsG2KXARf2D7KlIlISDsYg=/0x0:2040x1360/1310x873/cdn.vox-cdn.com/uploads/chorus_image/image/72022173/STK114_Google_Chrome_02.0.jpg\" />\n        <figcaption><em>When tested on a MacBook Pro 13 (M2, 2022) the new Chrome optimizations provided 17 hours of web browsing and 18 hours of video playback on YouTube.</em> | Image: The Verge</figcaption>\n    </figure>\n\n  <p id=\"g2fH6O\">Google has announced several changes to its Chrome web browser that can boost the battery life on MacBooks, extending how much usage users can get out of a single charge. By optimizing systems like memory compression and JavaScript timers, MacBook users can now browse the web via Chrome and watch YouTube videos for longer, with tests conducted on a MacBook Pro 13 (M2, 2022) achieving 17 hours of web browsing and 18 hours of video playback on YouTube.</p>\n<p id=\"aWJL81\">Google didn\u2019t provide figures for the device\u2019s battery life prior to this update, so we can\u2019t make a direct before and after comparison, but <em>The Verge</em> managed to <a href=\"https://www.theverge.com/2022/6/26/23182162/apple-macbook-pro-2022-m2-battery-life-test-drain-diary\">drain the battery of the same MacBook in 16 hours and 30 minutes</a> running a variety of everyday tasks. Google\u2019s performance tests...</p>\n  <p>\n    <a href=\"https://www.theverge.com/2023/2/28/23618229/google-chrome-macbook-battery-power-efficiency-boost-update\">Continue reading&hellip;</a>\n  </p>", "link": "https://www.theverge.com/2023/2/28/23618229/google-chrome-macbook-battery-power-efficiency-boost-update", "date_published": "2023-02-28 17:00:00+00:00", "persistent": false, "user": null, "language": "en-US"}, {"source": "https://www.theverge.com/rss/index.xml", "title": "Waymo\u2019s driverless cars were involved in two crashes and 18 \u2018minor contact events\u2019 over 1 million miles", "description": "<figure>\n      <img alt=\"Self-driving Waymo cars on the road in Santa Monica\" src=\"https://cdn.vox-cdn.com/thumbor/KjEZUZTWC2CbXr0Yv1DflxW2794=/0x0:3648x2432/1310x873/cdn.vox-cdn.com/uploads/chorus_image/image/72022185/1247366679.0.jpg\" />\n        <figcaption>Image: Allen J. Schaben / Los Angeles Times via Getty Images</figcaption>\n    </figure>\n\n  <p id=\"QFUfBd\">Waymo announced recently that its fully driverless vehicles in California and Arizona have traveled 1 million miles as of January 2023. To recognize this milestone, the Alphabet-owned company pulled back the curtain on some interesting statistics, including the number of crashes and vehicle collisions that involved its robot cars. </p>\n<p id=\"uEexVZ\">Waymo <a href=\"https://www.theverge.com/2022/11/11/23453262/waymo-av-driverless-taxi-phoenix-california-dmv-progress\">operates a fleet of driverless cars</a> in <a href=\"https://www.theverge.com/2022/12/16/23511719/waymo-airport-phoenix-sf-av-robotaxi-driverless\">Phoenix</a>, <a href=\"https://www.theverge.com/2022/11/19/23467784/waymo-provide-fully-driverless-rides-san-francisco-california\">San Francisco, and the Bay Area</a>. Some of those trips include paying customers. The company also recently started testing its driverless vehicles <a href=\"https://www.theverge.com/2022/10/19/23410677/waymo-los-angeles-autonomous-robotaxi-service-launch\">in Los Angeles</a>. </p>\n<p id=\"kLJyil\">Over that 1 million miles, Waymo\u2019s vehicles were involved in only two crashes that met the criteria for inclusion in the National Highway Traffic Safety Administration\u2019s database for car crashes,...</p>\n  <p>\n    <a href=\"https://www.theverge.com/2023/2/28/23617278/waymo-self-driving-driverless-crashes-av\">Continue reading&hellip;</a>\n  </p>", "link": "https://www.theverge.com/2023/2/28/23617278/waymo-self-driving-driverless-crashes-av", "date_published": "2023-02-28 17:00:00+00:00", "persistent": false, "user": null, "language": "en-US"}, {"source": "https://www.theverge.com/rss/index.xml", "title": "Lee Jung-jae on making his directorial debut with the spy thriller Hunt", "description": "<figure>\n      <img alt=\"A still photo of Lee Jung-jae in Hunt.\" src=\"https://cdn.vox-cdn.com/thumbor/J8tQt57evvxBXSpBb9XZ3b91awY=/0x0:1620x1080/1310x873/cdn.vox-cdn.com/uploads/chorus_image/image/72022109/1.0.jpeg\" />\n        <figcaption><em>Lee Jung-jae in </em>Hunt<em>.</em> | Image: Magnolia Home Entertainment</figcaption>\n    </figure>\n\n  <p id=\"oO43dI\">Lee Jung-jae has had plenty of success in front of the camera, first spending years as a star in Korea and then capturing the attention of the rest of the world with his leading role in <em>Squid Game</em>. <a href=\"https://www.theverge.com/2022/11/7/23444811/star-wars-the-acolyte-cast-lee-jung-jae-carrie-anne-moss-disney-plus\">Soon, he will even be in a <em>Star Wars</em> project</a>. Now, he\u2019s trying his hand at directing as well. The spy thriller <em>Hunt</em> marks Lee\u2019s directorial debut \u2014 and he also stars in the film and co-wrote the screenplay.</p>\n<p id=\"fnyQzc\"><em>Hunt</em> made its debut at the Cannes Film Festival last year; I caught it at the Toronto International Film Festival, where the bombastic action and plentiful twists <a href=\"https://www.theverge.com/2022/9/17/23354933/tiff-2022-movie-reviews-glass-onion-weird-broker\">made it one of my favorite films of the festival</a>. Set in 1980s Korea, the movie uses real-world events \u2014 like political protests and even an assassination attempt \u2014 as a backdrop...</p>\n  <p>\n    <a href=\"https://www.theverge.com/23618479/lee-jung-jae-on-interview-hunt\">Continue reading&hellip;</a>\n  </p>", "link": "https://www.theverge.com/23618479/lee-jung-jae-on-interview-hunt", "date_published": "2023-02-28 16:44:39+00:00", "persistent": false, "user": null, "language": "en-US"}, {"source": "https://www.theverge.com/rss/index.xml", "title": "The Super Mario Bros. Movie is coming a little early", "description": "<figure>\n      <img alt=\"Super Mario Bros. movie release date - April 5th\" src=\"https://cdn.vox-cdn.com/thumbor/s9wodNsxoP0NyWeVu8a209LEHU4=/150x0:1770x1080/1310x873/cdn.vox-cdn.com/uploads/chorus_image/image/72022019/FqEKXKiaEAMsVTP.0.jpg\" />\n        <figcaption>The Super Mario Bros. Movie<em>\u2019s release date is April 5th.</em> | Image: Illumination / Universal Pictures</figcaption>\n    </figure>\n\n  <p id=\"VtIxoc\">While <a href=\"https://www.theverge.com/2022/10/6/23390869/super-mario-movie-trailer-chris-pratt\"><em>The Super Mario Bros. Movie</em></a> is still slated to debut at the beginning of April, it\u2019s hitting theaters a bit sooner than we initially thought.</p>\n<p id=\"TbOf5f\">Today, Universal announced, by way of <em>The Super Mario Bros. Movie</em>\u2019s Twitter page, that the feature\u2019s release date in the US (and 60 other markets including China, France, the UK, Italy, Germany, and Mexico) has been moved to Wednesday, April 5th, <a href=\"https://www.theverge.com/2022/4/25/23042068/mario-movie-nintendo-illumination-animated-cg\">from Friday, April 7th</a>. </p>\n<div class=\"c-float-left c-float-hang\">\n<aside id=\"93VWaR\"><div></div></aside><div id=\"sEiLYd\">\n<blockquote class=\"twitter-tweet\">\n<p dir=\"ltr\" lang=\"en\">Wahoo! The <a href=\"https://twitter.com/hashtag/SuperMarioMovie?src=hash&amp;ref_src=twsrc%5Etfw\">#SuperMarioMovie</a> is moving from April 7 to April 5 in the US and in more than 60 markets around the world. The movie hits theaters in additional markets in April and May, with Japan opening April 28. <a href=\"https://t.co/CjlikfC3cu\">pic.twitter.com/CjlikfC3cu</a></p>\u2014 The Super Mario Bros. Movie (@supermariomovie) <a href=\"https://twitter.com/supermariomovie/status/1630599058564976641?ref_src=twsrc%5Etfw\">February 28, 2023</a>\n</blockquote>\n\n</div>\n</div>\n<p id=\"D5DUF0\">This latest...</p>\n  <p>\n    <a href=\"https://www.theverge.com/2023/2/28/23618664/super-mario-bros-movie-us-release-date-april-5\">Continue reading&hellip;</a>\n  </p>", "link": "https://www.theverge.com/2023/2/28/23618664/super-mario-bros-movie-us-release-date-april-5", "date_published": "2023-02-28 16:24:16+00:00", "persistent": false, "user": null, "language": "en-US"}, {"source": "https://www.theverge.com/rss/index.xml", "title": "Podcasting? Radio?\u00a0It\u2019s\u00a0all one big opportunity for iHeartMedia Digital CEO Conal Byrne", "description": "<figure>\n      <img alt=\"Conal Byrne looks at the camera.\" src=\"https://cdn.vox-cdn.com/thumbor/6v4P3gtkyAEt8aJptbQwWkyFoiA=/0x0:2040x1360/1310x873/cdn.vox-cdn.com/uploads/chorus_image/image/72021869/236553_Decoder_Conal_Byrne_WJoel.0.jpg\" />\n        <figcaption>Photo illustration: William Joel / The Verge</figcaption>\n    </figure>\n\n\n  \t\t <p>Amid layoffs and a looming recession, folks are concerned about the audio industry. iHeart\u2019s\u00a0podcast\u00a0head Conal Byrne is not worried. Here\u2019s why.</p>\n  <p>\n    <a href=\"https://www.theverge.com/2023/2/28/23617404/iheart-media-radio-podcasting-digital-ceo-conal-byrne\">Continue reading&hellip;</a>\n  </p>", "link": "https://www.theverge.com/2023/2/28/23617404/iheart-media-radio-podcasting-digital-ceo-conal-byrne", "date_published": "2023-02-28 16:00:00+00:00", "persistent": false, "user": null, "language": "en-US"}, {"source": "https://www.theverge.com/rss/index.xml", "title": "Realme\u2019s ridiculous 240W fast-charging phone is getting an international release", "description": "<figure>\n      <img alt=\"The rear of the Realme GT3.\" src=\"https://cdn.vox-cdn.com/thumbor/71ozyZhWNvbmZN0D5BKls34tQDg=/0x0:2100x1400/1310x873/cdn.vox-cdn.com/uploads/chorus_image/image/72021795/bg_88fb5fbaca.0.jpg\" />\n        <figcaption><em>The Realme GT3.</em> | Image: Realme</figcaption>\n    </figure>\n\n  <p id=\"YJ9xz2\">The Realme GT3, the latest smartphone to make me ask myself whether phones can ever charge <em>too </em>quickly, is being <a href=\"https://go.redirectingat.com?id=66960X1514734&amp;xs=1&amp;url=https%3A%2F%2Fwww.realme.com%2Fes%2Fmwc2023&amp;referrer=theverge.com&amp;sref=https%3A%2F%2Fwww.theverge.com%2F2023%2F2%2F28%2F23617143%2Frealme-gt-3-price-release-date-specs-features-240w-supervooc-fast-charging\" rel=\"sponsored nofollow noopener\" target=\"_blank\">officially announced today at MWC Barcelona</a>. It supports 240W SuperVOOC charging, which Realme says is capable of completely filling its 4,600mAh battery in just nine and a half minutes. </p>\n<p id=\"mmCVpx\">The Realme GT3 will be available in select markets starting at $649 for a version with 8GB of RAM and 128GB of storage. It\u2019ll be available to buy internationally in May and June this year, Realme vice president of global marketing Chase Xu confirmed in a Q&amp;A session after the event.</p>\n<p id=\"M9PpFP\">Well, I say \u201cannounced,\u201d but in truth, the phone has been available in China for a couple of weeks now as the <a href=\"https://www.theverge.com/2023/2/9/23592342/realme-gt-neo-5-price-release-date-specs-features-240w-fast-charging-china-launch\">Realme GT Neo 5</a>. Realme is a smartphone manufacturer...</p>\n  <p>\n    <a href=\"https://www.theverge.com/2023/2/28/23617143/realme-gt-3-price-release-date-specs-features-240w-supervooc-fast-charging\">Continue reading&hellip;</a>\n  </p>", "link": "https://www.theverge.com/2023/2/28/23617143/realme-gt-3-price-release-date-specs-features-240w-supervooc-fast-charging", "date_published": "2023-02-28 15:50:23+00:00", "persistent": false, "user": null, "language": "en-US"}, {"source": "https://www.theverge.com/rss/index.xml", "title": "Redmi\u2019s latest 300W charging feat powers your phone in under five minutes", "description": "<figure>\n      <img alt=\"An image showing a Redmi phone charging to 100 percent in five minutes\" src=\"https://cdn.vox-cdn.com/thumbor/P0g2tKjdPsKORsp05OXsRueNx5M=/286x0:2557x1514/1310x873/cdn.vox-cdn.com/uploads/chorus_image/image/72021680/redmi_5min_charging.0.png\" />\n        <figcaption>Image: Redmi</figcaption>\n    </figure>\n\n  <p id=\"QelaQJ\">Redmi\u2019s fast-charging technology just got even more ridiculous. In <a href=\"https://weibo.com/u/3021514657?layerid=4874073824034947\">this post on Weibo</a>, the Xiaomi-owned phone maker shows off its new 300W fast-charging technology that can power up a phone in just<em> </em>five minutes flat, <a href=\"https://www.androidauthority.com/redmi-300w-fast-charging-3290710/\">as spotted earlier by <em>Android Authority</em></a>.</p>\n<p id=\"6UZWlT\">If you don\u2019t believe it, you can see it here for yourself. Redmi hooks up a modified version of its Note 12 Discovery Edition, which comes equipped with a 4,100mAh battery instead of a 4,300mAh one, to its superfast charger. </p>\n<div id=\"C4u0xV\">\n<!--  ########  BEGIN VOLUME VIDEO  ########  --><div class=\"volume-video\" id=\"volume-placement-178\"></div>\n<!--  ########  END VOLUME VIDEO  ########  -->\n</div>\n<p id=\"oZgKZb\">The dual GaN device manages to charge half of the phone\u2019s battery in just a little over two minutes, and by the time the five minutes are up, it reaches 100 percent. That\u2019s barely enough time to finish eating your breakfast cereal or even unload your...</p>\n  <p>\n    <a href=\"https://www.theverge.com/2023/2/28/23618321/redmi-300w-charging-phone-under-five-minutes-xiaomi\">Continue reading&hellip;</a>\n  </p>", "link": "https://www.theverge.com/2023/2/28/23618321/redmi-300w-charging-phone-under-five-minutes-xiaomi", "date_published": "2023-02-28 15:24:31+00:00", "persistent": false, "user": null, "language": "en-US"}, {"source": "https://www.theverge.com/rss/index.xml", "title": "OnePlus is launching a foldable later this year", "description": "<figure>\n      <img alt=\"A half-folded Find N2 Flip propped up next to a fully folded Find N2 Flip.\" src=\"https://cdn.vox-cdn.com/thumbor/_9UXNqk-hSlPkwsHJbxYoIst7XQ=/0x0:2040x1360/1310x873/cdn.vox-cdn.com/uploads/chorus_image/image/72021602/236526_Oppo_Find_N2_Flip_JPorter_0002.0.jpg\" />\n        <figcaption><em>The Oppo Find N2 Flip pictured here might give us some clues as to what sub-brand OnePlus\u2019 foldable will look like.</em> | Image: Jon Porter / The Verge</figcaption>\n    </figure>\n\n  <p id=\"qdxm3o\"><a href=\"https://www.theverge.com/23611644/mwc-barcelona-2023-news-rumors-products-announcements\">This year\u2019s Mobile World Congress</a> is shaping up to be a real fiesta for <a href=\"https://www.theverge.com/2023/2/26/23615842/lenovo-rollable-laptop-smartphone-prototype-concept\">unconventional form factors</a>, and OnePlus is the latest company to join the celebration. At a panel discussion today, the company announced its intentions to launch a foldable phone in the second half of 2023. That\u2019s about the extent of the details we have for now, though it seems like a safe assumption that the device will look a lot like one of the existing foldables on the market from Oppo \u2014 OnePlus\u2019 parent company.</p>\n<p id=\"5Ixb5s\">With companies like Apple and Google yet to enter the foldable market, Oppo is now on its second round of folding phones \u2014 though they\u2019ve mostly been limited to China. <a href=\"https://www.theverge.com/2021/12/15/22837149/oppo-find-n-hands-on-announcement-specs-price\">The Find N was a tablet-style foldable</a> released in 2021 with a surprisingly refined...</p>\n  <p>\n    <a href=\"https://www.theverge.com/2023/2/28/23617811/oneplus-foldable-announcement-mwc-2023-oppo\">Continue reading&hellip;</a>\n  </p>", "link": "https://www.theverge.com/2023/2/28/23617811/oneplus-foldable-announcement-mwc-2023-oppo", "date_published": "2023-02-28 15:05:04+00:00", "persistent": false, "user": null, "language": "en-US"}, {"source": "https://www.theverge.com/rss/index.xml", "title": "LastPass reveals attackers stole password vault data by hacking an employee\u2019s home computer", "description": "<figure>\n      <img alt=\"A cartoon illustration shows a shadowy figure carrying off a red directory folder, which has a surprised-looking face on its side.\" src=\"https://cdn.vox-cdn.com/thumbor/hFo4g2yXcMgB-1BhPDemLeEJUNQ=/0x0:2040x1360/1310x873/cdn.vox-cdn.com/uploads/chorus_image/image/72021473/VRG_Illo_STK001_B_Sala_Hacker.0.jpg\" />\n        <figcaption><em>The attacker stole credentials from a senior DevOps engineer to gain access to shared cloud storage containing the encryption keys for customer vault backups.</em> | Illustration: Beatrice Sala</figcaption>\n    </figure>\n\n  <p id=\"LfDNpl\">LastPass says that a threat actor was able to steal corporate and customer data by hacking an employee\u2019s personal computer and installing keylogger malware, which let them gain access to the company\u2019s cloud storage. <a href=\"https://support.lastpass.com/help/incident-2-additional-details-of-the-attack\">The update</a> provides more information about how the series of hacks happened last year that resulted in the popular password manager\u2019s source code and customer vault data being stolen by an unauthorized third party.</p>\n<p id=\"t14fLP\">Last August, LastPass notified its users of a \u201c<a href=\"https://www.theverge.com/2022/8/26/23323738/lastpass-security-incident-source-code\">security incident</a>\u201d in which an unauthorized third party used a compromised developer account to access the password manager\u2019s source code and \u201csome proprietary LastPass technical information.\u201d The company later <a href=\"https://www.theverge.com/2022/11/30/23486902/lastpass-hackers-customer-information-breach\">disclosed a second security breach in November</a>, announcing...</p>\n  <p>\n    <a href=\"https://www.theverge.com/2023/2/28/23618353/lastpass-security-breach-disclosure-password-vault-encryption-update\">Continue reading&hellip;</a>\n  </p>", "link": "https://www.theverge.com/2023/2/28/23618353/lastpass-security-breach-disclosure-password-vault-encryption-update", "date_published": "2023-02-28 14:46:15+00:00", "persistent": false, "user": null, "language": "en-US"}, {"source": "https://www.theverge.com/rss/index.xml", "title": "Bellabeat Ivy review: wellness in a pretty package", "description": "<p>The casual wearable is great for those who find trackers anxiety-inducing but could, ironically, be better at reproductive health tracking.</p>\n  <p>\n    <a href=\"https://www.theverge.com/23612567/bellabeat-ivy-review-reproductive-health-tracker-wearables\">Continue reading&hellip;</a>\n  </p>", "link": "https://www.theverge.com/23612567/bellabeat-ivy-review-reproductive-health-tracker-wearables", "date_published": "2023-02-28 14:30:00+00:00", "persistent": false, "user": null, "language": "en-US"}, {"source": "https://www.theverge.com/rss/index.xml", "title": "The Google Pixel 6A is on sale for its best price yet", "description": "<figure>\n      <img alt=\"Hero shot of the Google Pixel 6A on a grey background with some rocks\" src=\"https://cdn.vox-cdn.com/thumbor/vIJAx9vNc_Dda1KUm0gokSEiW40=/0x0:2040x1360/1310x873/cdn.vox-cdn.com/uploads/chorus_image/image/72021397/vpavic_220708_5335_0001.0.jpg\" />\n        <figcaption><em>The Google Pixel 6A remains our favorite phone under $500.</em> | Photo by Vjeran Pavic / The Verge</figcaption>\n    </figure>\n\n  <p id=\"exs2xs\">Want an excellent phone but don\u2019t want to fork out close to $1,000 on the latest and greatest flagships? Depending on your needs, the <a href=\"https://www.theverge.com/23272042/google-pixel-6a-review-screen-price-specs-battery-camera\"><strong>Google Pixel 6A</strong></a> could be a good alternative. Right now, the unlocked phone is <a href=\"https://www.amazon.com/dp/B0B3PQPNKS/?tag=theverge02-20\" rel=\"sponsored nofollow noopener\" target=\"_blank\">on sale at Amazon in the white colorway with 128GB of storage for $299</a> ($150 off), matching its lowest price to date.</p>\n<p id=\"o9Frpn\">The 6A, our <a href=\"https://www.theverge.com/22163811/best-phone\">favorite Android phone for under $500</a>, shares a few features typically reserved for flagship devices, including a 6.1-inch 1080p screen, a good camera array, and stellar performance that\u2019s on par with the Pixel 6 and 6 Pro. Plus, you can rest easy knowing the phone\u2019s due to receive five years of security updates, making it a good investment you can use for many years to come. You won\u2019t get wireless...</p>\n  <p>\n    <a href=\"https://www.theverge.com/2023/2/28/23616771/google-pixel-6a-apple-14-inch-macbook-pro-m2-amazon-echo-dot-third-gen-smart-speaker-deal-sale\">Continue reading&hellip;</a>\n  </p>", "link": "https://www.theverge.com/2023/2/28/23616771/google-pixel-6a-apple-14-inch-macbook-pro-m2-amazon-echo-dot-third-gen-smart-speaker-deal-sale", "date_published": "2023-02-28 14:11:46+00:00", "persistent": false, "user": null, "language": "en-US"}, {"source": "https://www.theverge.com/rss/index.xml", "title": "Final Fantasy XVI casts dark for a grittier RPG", "description": "<figure>\n      <img alt=\"Image of Final Fantasy XVI protagonist Clive Rosefield standing in front of a background of flames\" src=\"https://cdn.vox-cdn.com/thumbor/vDIS5OJS_8tFE9vQC0nNvFSBSQE=/150x0:1770x1080/1310x873/cdn.vox-cdn.com/uploads/chorus_image/image/72021371/ffxviclive.0.png\" />\n        <figcaption>Image: Square Enix</figcaption>\n    </figure>\n\n\n  \t\t <p>\u2018One game that is close to how the whole game cycle works is the most recent <em>God of War.\u2019</em></p>\n  <p>\n    <a href=\"https://www.theverge.com/2023/2/28/23614043/final-fantasy-xvi-demo-hands-on-ps5\">Continue reading&hellip;</a>\n  </p>", "link": "https://www.theverge.com/2023/2/28/23614043/final-fantasy-xvi-demo-hands-on-ps5", "date_published": "2023-02-28 14:01:00+00:00", "persistent": false, "user": null, "language": "en-US"}, {"source": "https://www.theverge.com/rss/index.xml", "title": "Dell XPS 15 and XPS 17 with 13th Gen Intel chips to launch on March 2nd", "description": "<figure>\n      <img alt=\"A user types on the Dell XPS 15 seen from above.\" src=\"https://cdn.vox-cdn.com/thumbor/yDfXIQaxWrP1BeDy2qKYquOkgRM=/0x0:1280x853/1310x873/cdn.vox-cdn.com/uploads/chorus_image/image/72021295/woman_lounging_XPS_9510_1280x1280.0.jpeg\" />\n        <figcaption><em>It looks very much like last year\u2019s Dell XPS 15.</em> | Image: Dell</figcaption>\n    </figure>\n\n  <p id=\"xnr2h4\">The 2023 editions of the Dell XPS 15 and Dell XPS 17 will be available for purchase on March 2nd, Dell has announced. The laptops are identical <a href=\"https://www.theverge.com/22958468/dell-xps-15-2021-oled-review\">to their </a><a href=\"https://www.theverge.com/22913150/dell-xps-17-9710-review-price-specs-features\">2022 predecessors</a>, but they\u2019ve been bumped up to 13th Gen Intel chips and Nvidia GeForce RTX 4000 discrete graphics. </p>\n<p id=\"O7lNkm\">Both devices will offer Core i5, Core i7, and Core i9 H-series options. The XPS 15 can come with an RTX 4050, 4060, or 4070, and there\u2019s an Arc A370M option as well. The XPS 17 does not have the Arc option but does offer a 4080. Elsewhere, both units can come with up to 64GB of RAM (DDR5) and 4TB of storage onboard, supporting up to 8GB of total storage.</p>\n  <figure class=\"e-image\">\n        \n      <cite>Image: Dell</cite>\n      <figcaption><em>XPS 17 also looks familiar, I gotta say.</em></figcaption>\n  </figure>\n<p id=\"AckBgf\">It appears that not all options will be...</p>\n  <p>\n    <a href=\"https://www.theverge.com/2023/2/28/23602572/dell-xps-15-17-laptop-intel-nvidia-launch-announcement\">Continue reading&hellip;</a>\n  </p>", "link": "https://www.theverge.com/2023/2/28/23602572/dell-xps-15-17-laptop-intel-nvidia-launch-announcement", "date_published": "2023-02-28 14:00:00+00:00", "persistent": false, "user": null, "language": "en-US"}, {"source": "https://www.theverge.com/rss/index.xml", "title": "Google rolls out fall detection so the\u00a0Pixel Watch\u00a0won\u2019t fall further behind rivals", "description": "<figure>\n      <img alt=\"Woman wearing Pixel Watch while tapping screen\" src=\"https://cdn.vox-cdn.com/thumbor/o3P7ETcgOtjdDNrQ-3iGXUCrpmE=/0x0:2040x1360/1310x873/cdn.vox-cdn.com/uploads/chorus_image/image/72021296/226336_Pixel_Watch_AKrales_0266.0.jpg\" />\n        <figcaption><em>Starting today, you\u2019ll be able to enable fall detection on the Pixel Watch.</em> | Image: Amelia Holowaty Krales / The Verge</figcaption>\n    </figure>\n\n  <p id=\"xBtF4E\">When the <a href=\"https://www.theverge.com/23400779/google-pixel-watch-review-wear-os-smartwatch-wearable-fitbit\">Pixel Watch</a> launched back in October, the company said to expect fall detection to arrive sometime in winter 2023 \u2014 and it looks like Google just squeaked in ahead of the deadline. <a href=\"https://blog.google/products/pixel/fall-detection-on-pixel-watch/\">Starting today</a>, Google is rolling out the safety feature to all Pixel Watches. </p>\n<p id=\"Hv3fG5\">Google\u2019s version of fall detection is similar to those you\u2019ll find on other smartwatches, like the <a href=\"https://www.theverge.com/23353756/apple-watch-series-8-review-smartwatch-wearables\">Apple Watch</a> and the <a href=\"https://www.theverge.com/22629459/galaxy-watch-4-classic-review-bixby-google-wearos\">Samsung Galaxy Watch 4</a> and <a href=\"https://www.theverge.com/23310395/samsung-galaxy-watch-5-review-smartwatch-wear-os-3\">5</a> <a href=\"https://www.theverge.com/23340822/samsung-galaxy-watch-5-pro-review-smartwatch-wear-os-3\">lineups</a>. It uses the device\u2019s motion sensors and machine learning to figure out when someone\u2019s taken a tumble and might need some help. The feature will purportedly kick in about 30 seconds after it detects a hard fall. At that point, the watch will vibrate, sound an alarm, and flash a notification asking if the Pixel Watch...</p>\n  <p>\n    <a href=\"https://www.theverge.com/2023/2/28/23617464/google-pixel-watch-fall-detection-wear-os-3-smartwatch\">Continue reading&hellip;</a>\n  </p>", "link": "https://www.theverge.com/2023/2/28/23617464/google-pixel-watch-fall-detection-wear-os-3-smartwatch", "date_published": "2023-02-28 14:00:00+00:00", "persistent": false, "user": null, "language": "en-US"}, {"source": "https://www.theverge.com/rss/index.xml", "title": "Microsoft brings its new AI-powered Bing to the Windows 11 taskbar", "description": "<figure>\n      <img alt=\"A Windows 11 laptop with Bing in the taskbar\" src=\"https://cdn.vox-cdn.com/thumbor/2nWv5xIuCmp3T3CNHUYzKI6TYFQ=/452x0:5338x3257/1310x873/cdn.vox-cdn.com/uploads/chorus_image/image/72021329/W11_PC_with_Bloom.0.png\" />\n        <figcaption>Image: Microsoft</figcaption>\n    </figure>\n\n  <p id=\"X8izlD\">Microsoft is releasing a big update to Windows 11 today that adds the company\u2019s new AI-powered Bing search to the taskbar. The new Windows 11 update will offer quick access to the new Bing chat feature alongside a bunch of new features. Windows 11 is also getting improvements to widgets, a better touch mode, a screen recording feature, tabs inside Notepad, and more.</p>\n<p id=\"k0qxwg\">The new Bing integration is a surprise addition that Microsoft hasn\u2019t been testing with its Windows Insiders. A new Bing icon will appear within the search box in the taskbar, with Microsoft highlighting the new chat answers experience in the search flyout. While chat answers won\u2019t be available directly within the search flyout, Windows 11 users will be able to quickly start...</p>\n  <p>\n    <a href=\"https://www.theverge.com/2023/2/28/23618214/microsoft-windows-11-update-bing-ai-taskbar-touch-improvements-screen-recording-features\">Continue reading&hellip;</a>\n  </p>", "link": "https://www.theverge.com/2023/2/28/23618214/microsoft-windows-11-update-bing-ai-taskbar-touch-improvements-screen-recording-features", "date_published": "2023-02-28 14:00:00+00:00", "persistent": false, "user": null, "language": "en-US"}, {"source": "https://www.theverge.com/rss/index.xml", "title": "Microsoft\u2019s Phone Link app now lets you use iMessage from your PC", "description": "<figure>\n      <img alt=\"\" src=\"https://cdn.vox-cdn.com/thumbor/aLiL0YY87sgp3-A3IlHlOZFRbwk=/125x0:3875x2500/1310x873/cdn.vox-cdn.com/uploads/chorus_image/image/72021308/Phone_Link.0.png\" />\n        <figcaption><em>The Phone Link app now supports iPhones.</em> | Image: Microsoft</figcaption>\n    </figure>\n\n  <p id=\"kOA0Sm\">Microsoft is bringing access to iMessage on Windows through its Phone Link app. A preview of the updated app will be available for Windows Insiders today. The Phone Link app allows iPhone users to connect their devices to a Windows laptop or PC and, with the update, will let iPhone users send and receive messages via iMessage, make and receive calls, and see their phone\u2019s notifications inside Windows 11.</p>\n<p id=\"yjXdX1\">Microsoft is using Bluetooth to link Windows devices to iPhones, passing commands and messages to users\u2019 Messages (iMessage) app. That means you\u2019ll be able to message contacts that also have iPhones straight from your PC, but there are some limits. You won\u2019t be able to send pictures in messages or participate in group messages. As you...</p>\n  <p>\n    <a href=\"https://www.theverge.com/2023/2/28/23618224/microsoft-windows-imessage-support-phone-link-ios-iphone\">Continue reading&hellip;</a>\n  </p>", "link": "https://www.theverge.com/2023/2/28/23618224/microsoft-windows-imessage-support-phone-link-ios-iphone", "date_published": "2023-02-28 14:00:00+00:00", "persistent": false, "user": null, "language": "en-US"}, {"source": "https://www.theverge.com/rss/index.xml", "title": "Nvidia\u2019s latest GPU drivers can upscale old blurry YouTube videos", "description": "<figure>\n      <img alt=\"Nvidia\u2019s logo.\" src=\"https://cdn.vox-cdn.com/thumbor/D8ugvaqfnbFc7YU16oSxGQqqZD8=/0x0:2040x1360/1310x873/cdn.vox-cdn.com/uploads/chorus_image/image/72021297/acastro_STK083_01.0.jpg\" />\n        <figcaption>Illustration: Alex Castro / The Verge</figcaption>\n    </figure>\n\n  <p id=\"uCfmqg\">Nvidia is releasing new GPU drivers today that will upscale old blurry web videos on RTX 30- and 40-series cards. <a href=\"https://blogs.nvidia.com/blog/2023/02/28/rtx-video-super-resolution/\">RTX Video Super Resolution</a> is a new AI upscaling technology from Nvidia that works inside Chrome or Edge to improve any video in a browser by sharpening the edges of objects and reducing video artifacts.</p>\n<p id=\"2pjzOH\">Nvidia will support videos between 360p and 1440p up to 144Hz in frame rate and upscale all the way up to 4K resolution. This impressive 4K upscaling has previously only been available <a href=\"https://www.theverge.com/2020/8/26/21402819/nvidia-shield-tv-update-4k-upscaling-remote-customize\">on Nvidia\u2019s Shield TV</a>, but recent advances to the Chromium engine have allowed Nvidia to bring this to its latest RTX 30- and 40-series cards.</p>\n<div id=\"IxsFg5\"><div style=\"width: 100%; height: 0; padding-bottom: 56.25%;\"></div></div>\n<p id=\"W71S6F\">As this works on any web video, you could use it to upscale content from Twitch or even streaming...</p>\n  <p>\n    <a href=\"https://www.theverge.com/2023/2/28/23618245/nvidia-rtx-video-super-resolution-upscale-videos-rtx-gpu\">Continue reading&hellip;</a>\n  </p>", "link": "https://www.theverge.com/2023/2/28/23618245/nvidia-rtx-video-super-resolution-upscale-videos-rtx-gpu", "date_published": "2023-02-28 14:00:00+00:00", "persistent": false, "user": null, "language": "en-US"}, {"source": "https://www.theverge.com/rss/index.xml", "title": "EU says Apple breached antitrust law in Spotify case, but final ruling yet to come", "description": "<figure>\n      <img alt=\"An illustration of the Apple logo.\" src=\"https://cdn.vox-cdn.com/thumbor/0NCxn1Ag4NAHl4HGOmnYdWnd-Wc=/0x0:2040x1360/1310x873/cdn.vox-cdn.com/uploads/chorus_image/image/72021024/STK071_ACastro_apple_0001.0.jpg\" />\n        <figcaption>Illustration: The Verge</figcaption>\n    </figure>\n\n  <p id=\"8S6hqB\">The EU has <a href=\"https://ec.europa.eu/commission/presscorner/detail/en/ip_23_1217\">updated its antitrust case</a> against Apple and the control it wields over music streaming services on iOS with potentially good news for complainant Spotify. </p>\n<p id=\"MNvm9b\">The European Commission, the EU body investigating the charges, says Apple breached antitrust laws by stopping rival music firms like Spotify from advertising where and how users could subscribe to their apps. This update to the case does not constitute a final ruling, and it\u2019s now up to Apple to marshal a defense and prove the charges wrong.</p>\n<p id=\"MUcj9W\">Spotify first made a complaint against Apple in 2019, with the European Commission opening an <a href=\"https://ec.europa.eu/commission/presscorner/detail/en/ip_20_1073\">investigation</a> in 2020. The Commission issued an initial \u201c<a href=\"https://www.theverge.com/2021/4/30/22407376/apple-european-union-antitrust-charges-app-store-music-competition-commission-margrethe-vestager\">statement of objections</a>\u201d against Apple in 2021, laying out the possible breaches of...</p>\n  <p>\n    <a href=\"https://www.theverge.com/2023/2/28/23618264/eu-antitrust-case-apple-music-streaming-spotify-updated-statement-objections\">Continue reading&hellip;</a>\n  </p>", "link": "https://www.theverge.com/2023/2/28/23618264/eu-antitrust-case-apple-music-streaming-spotify-updated-statement-objections", "date_published": "2023-02-28 12:31:06+00:00", "persistent": false, "user": null, "language": "en-US"}, {"source": "https://www.theverge.com/rss/index.xml", "title": "Elden Ring expansion Shadow of the Erdtree is officially in development", "description": "<figure>\n      <img alt=\"An image showing a golden-haired rider on a spirit steed, looking out over a misty landscape to a huge tree in shadow. \" src=\"https://cdn.vox-cdn.com/thumbor/r1lrqY8eo_8Y_iSMrHVY_8u-aGU=/300x0:3540x2160/1310x873/cdn.vox-cdn.com/uploads/chorus_image/image/72020771/FqCb8eXWYAAwQTs.0.jpg\" />\n        <figcaption><em>The announcement image for Shadow of the Erdtree is enough to fuel weeks of speculation. </em> | Image: FromSoftware</figcaption>\n    </figure>\n\n  <p id=\"GpDBIf\">One of 2022\u2019s biggest games, <em>Elden Ring</em>, is getting what looks to be its first major expansion: DLC content titled <em>Shadow of the Erdtree</em>. </p>\n<p id=\"BjaNQG\">Developer FromSoftware announced in a tweet this morning that the DLC was officially under development, though the company did not share when we might expect a release. </p>\n<p id=\"GgpbCE\">A <a href=\"https://www.eldenring.jp/newsdetail/news_detail_230228_1.html\">short blog post</a> confirmed the DLC will be coming to PS4, PS5, Xbox One, Xbox Series X/S, and Steam. It also said a \u201cfollow-up report is still a little ahead\u201d (translation from Japanese via Google) so we can hopefully expect more details sooner rather than later. </p>\n<p id=\"S7OLKI\"><em>Elden Ring</em> DLC is hotly-anticipated content for a number of reasons. <em>Elden Ring</em> has been a massive success, selling more than 20 million units worldwide, and FromSoftware...</p>\n  <p>\n    <a href=\"https://www.theverge.com/2023/2/28/23618215/elden-ring-shadow-of-the-erdtree-expansion-dlc-announced-details\">Continue reading&hellip;</a>\n  </p>", "link": "https://www.theverge.com/2023/2/28/23618215/elden-ring-shadow-of-the-erdtree-expansion-dlc-announced-details", "date_published": "2023-02-28 09:53:14+00:00", "persistent": false, "user": null, "language": "en-US"}, {"source": "https://www.theverge.com/rss/index.xml", "title": "Microsoft opens up PC Game Pass to 40 new countries in big subscription push", "description": "<figure>\n      <img alt=\"A game lineup illustration of PC Game Pass\" src=\"https://cdn.vox-cdn.com/thumbor/cET3uFraJwNioQ4k99YRcDtO3Bk=/94x0:1107x675/1310x873/cdn.vox-cdn.com/uploads/chorus_image/image/72020735/2023_02_XGP_Europe_1PP_02_1920x1080_1_36e392a7f05abc62d76a.0.jpg\" />\n        <figcaption>Image: Microsoft</figcaption>\n    </figure>\n\n  <p id=\"nwS9EK\">Microsoft is bringing a preview of its PC Game Pass service to 40 new countries today. The preview will include access to all the hundreds of games available on Microsoft\u2019s PC Game Pass subscription for a special test price for the first month. The 40 new markets see the service expand to countries across Europe, North Africa, and the Middle East, including Croatia, Iceland, Libya, Qatar, and Ukraine.</p>\n<p id=\"D6lwXV\">The PC Game Pass subscription will be available in these 40 markets through the Xbox Insider Hub app, which will unlock a preview version of the service before it\u2019s launched fully. \u201cIn the coming months, PC Game Pass will launch in these countries for all players to experience,\u201d <a href=\"https://news.xbox.com/en-us/2023/02/28/pc-game-pass-preview-40-new-countries/\">explains Jerret West</a>, CVP of gaming marketing at Xbox.</p>\n<p id=\"3yCOmN\">This...</p>\n  <p>\n    <a href=\"https://www.theverge.com/2023/2/28/23618196/microsoft-pc-game-pass-40-new-countries\">Continue reading&hellip;</a>\n  </p>", "link": "https://www.theverge.com/2023/2/28/23618196/microsoft-pc-game-pass-40-new-countries", "date_published": "2023-02-28 08:39:39+00:00", "persistent": false, "user": null, "language": "en-US"}, {"source": "https://www.theverge.com/rss/index.xml", "title": "Gmail\u2019s client-side encryption is now available to more businesses", "description": "<figure>\n      <img alt=\"The Gmail logo on a red and white background\" src=\"https://cdn.vox-cdn.com/thumbor/gV_UvYmvGkkPEF5rON5Xn6zjwX4=/0x0:3000x2000/1310x873/cdn.vox-cdn.com/uploads/chorus_image/image/72020719/acastro_STK459_10.0.jpg\" />\n        <figcaption>Illustration by Alex Castro / The Verge</figcaption>\n    </figure>\n\n  <p id=\"61QOOU\">Google has announced that Gmail\u2019s client-side encryption mode is now generally available for businesses and educational organizations, after it <a href=\"https://www.theverge.com/2022/12/16/23513243/google-gmail-client-side-encryption-beta-enterprise\">launched in beta last year</a>. The feature makes it so even Google itself can\u2019t see the contents of the emails it\u2019s hosting, with data being \u201cencrypted before it reaches Google servers.\u201d The company says this can be helpful for companies that have to meet strict compliance or privacy standards.</p>\n<p id=\"qMDLyC\">In a blog post on Tuesday, Google writes that client-side encryption for Gmail gives customers \u201csole control over their encryption keys \u2014 and thus complete control over all access to their data.\u201d Users can encrypt emails they\u2019re sending within their organization, as well as emails they\u2019re sending to other...</p>\n  <p>\n    <a href=\"https://www.theverge.com/2023/2/28/23617954/gmail-client-side-encryption-email-general-availability\">Continue reading&hellip;</a>\n  </p>", "link": "https://www.theverge.com/2023/2/28/23617954/gmail-client-side-encryption-email-general-availability", "date_published": "2023-02-28 08:15:00+00:00", "persistent": false, "user": null, "language": "en-US"}, {"source": "https://www.theverge.com/rss/index.xml", "title": "Aventon Abound is an electric cargo bike with a lot of flexibility \u2014 and a great price", "description": "<figure>\n      <img alt=\"Aventon Abound electric cargo bike\" src=\"https://cdn.vox-cdn.com/thumbor/tQ_ZK-418lB6CgvLYxYUmEPs6AQ=/0x0:6264x4176/1310x873/cdn.vox-cdn.com/uploads/chorus_image/image/72020709/02._Ride_with_Kids.0.jpg\" />\n        <figcaption>Image: Aventon</figcaption>\n    </figure>\n\n  <p id=\"yK61IQ\">Aventon announced a new electric cargo bike, the Abound, which the California-based company describes as \u201can efficient alternative to driving a car around town.\u201d With a 750-watt motor, a variety of accessories, and a total weight rating of 440 lbs, the Abound is designed to be a versatile, safe, and affordable mobility option for anyone looking to do less driving in their life. </p>\n<p id=\"7t3lbs\">Aventon is <a href=\"https://electrek.co/2022/09/14/aventon-level-2-review-commuter-electric-bike/\">mostly known</a> for its fat-tired, adventure-themed road bikes, so a cargo bike was never a guaranteed addition to the company\u2019s lineup. That said, Aventon brought a lot of the same attention to detail to the Abound as it did with previous models, which should help give the bike a bit of a leg-up compared to other low-cost models.</p>\n<div class=\"c-float-left c-float-hang\"><aside id=\"sUK4ox\"><q>Aventon says the suggest...</q></aside></div>\n  <p>\n    <a href=\"https://www.theverge.com/2023/2/28/23617077/aventon-abound-electric-cargo-bike-price-specs-photos\">Continue reading&hellip;</a>\n  </p>", "link": "https://www.theverge.com/2023/2/28/23617077/aventon-abound-electric-cargo-bike-price-specs-photos", "date_published": "2023-02-28 08:01:00+00:00", "persistent": false, "user": null, "language": "en-US"}]