[{"source": "https://feeds.a.dj.com/rss/RSSWSJD.xml", "title": "Bezos Picks New CEO for Space Company as SpaceX Dominates Industry", "description": "Dave Limp, who worked on several major products at Amazon.com, will take over for the current Blue Origin CEO, Bob Smith.", "link": "https://www.wsj.com/articles/jeff-bezos-picks-new-ceo-for-space-company-as-spacex-dominates-industry-a506b985?mod=rss_Technology", "date_published": "2023-09-25T22:16:00+00:00", "bookmarked": false, "dead": null, "artist": "The Wall Street - Tech", "album": "The Wall Street - Tech", "user": null, "language": "en-US", "thumbnail": null}, {"source": "https://feeds.a.dj.com/rss/RSSWSJD.xml", "title": "ChatGPT Can Now Chat Aloud With You (And Yes, It Sounds Pretty Much Human)", "description": "OpenAI\u2019s popular chatbot is speaking up\u2014literally\u2014with a selection of voices that sound eerily like a real human. Plus, you can now upload photos and the chatbot can interpret them.", "link": "https://www.wsj.com/articles/chatgpt-can-now-chat-aloud-with-you-and-yes-it-sounds-pretty-much-human-3be39840?mod=rss_Technology", "date_published": "2023-09-25T12:00:00+00:00", "bookmarked": false, "dead": null, "artist": "The Wall Street - Tech", "album": "The Wall Street - Tech", "user": null, "language": "en-US", "thumbnail": null}, {"source": "https://feeds.a.dj.com/rss/RSSWSJD.xml", "title": "Amazon to Invest Up to $4 Billion in Anthropic as AI Arms Race Escalates", "description": "The deal, which includes a broad partnership, follows Microsoft\u2019s multibillion-dollar stake in rival startup OpenAI.", "link": "https://www.wsj.com/articles/amazon-to-invest-up-to-4-billion-in-anthropic-as-ai-arms-race-escalates-649dee22?mod=rss_Technology", "date_published": "2023-09-25T07:48:00+00:00", "bookmarked": false, "dead": null, "artist": "The Wall Street - Tech", "album": "The Wall Street - Tech", "user": null, "language": "en-US", "thumbnail": null}, {"source": "https://feeds.a.dj.com/rss/RSSWSJD.xml", "title": "Want to Sell on TikTok? For Many Chinese Merchants, It Isn't So Simple.", "description": "Picking the right product, avoiding cultural faux pas and navigating social media are all part of challenges even experienced exporters face.", "link": "https://www.wsj.com/articles/want-to-sell-on-tiktok-for-many-chinese-merchants-it-isnt-so-simple-45722e3?mod=rss_Technology", "date_published": "2023-09-25T03:00:00+00:00", "bookmarked": false, "dead": null, "artist": "The Wall Street - Tech", "album": "The Wall Street - Tech", "user": null, "language": "en-US", "thumbnail": null}]