[{"source": "http://feeds.skynews.com/feeds/rss/world.xml", "title": "Senator accused of bribery says $480,000 in cash found at home was from his personal savings", "description": "A US senator facing corruption charges says nearly half a million dollars in cash which authorities discovered in his home was from his personal savings - and not from bribes.", "link": "https://news.sky.com/story/bob-menendez-democrat-senator-accused-of-bribery-says-cash-found-at-home-was-from-his-personal-savings-12970006", "date_published": "2023-09-25T18:44:00+00:00", "bookmarked": false, "dead": null, "artist": "Sky News", "album": "Sky News", "user": null, "language": "en-US", "thumbnail": "https://e3.365dm.com/23/09/70x70/skynews-bob-menendez-cash_6298114.jpg?20230925201820"}, {"source": "http://feeds.skynews.com/feeds/rss/world.xml", "title": "Human extinction and 70C heatwaves - supercomputer climate models warn of apocalyptic future", "description": "Extreme global warming will likely wipe all mammals - including humans - off the face of the Earth in 250 million years, according to a new scientific study.", "link": "https://news.sky.com/story/extreme-global-warming-could-eventually-wipe-out-humans-first-ever-supercomputer-climate-models-warn-12969718", "date_published": "2023-09-25T14:59:00+00:00", "bookmarked": false, "dead": null, "artist": "Sky News", "album": "Sky News", "user": null, "language": "en-US", "thumbnail": "https://e3.365dm.com/23/09/70x70/skynews-sun-solar-system-space_6297685.jpg?20230925121206"}, {"source": "http://feeds.skynews.com/feeds/rss/world.xml", "title": "'No turning back now': Nissan commits to 2030 electric car deadline", "description": "Nissan has committed itself to the sale of only electric cars across Europe from 2030, the year when the UK was supposed to have banned new vehicles powered by petrol and diesel.", "link": "https://news.sky.com/story/nissan-commits-to-2030-electric-car-deadline-despite-delay-to-uk-petrol-diesel-ban-12969873", "date_published": "2023-09-25T14:21:00+00:00", "bookmarked": false, "dead": null, "artist": "Sky News", "album": "Sky News", "user": null, "language": "en-US", "thumbnail": "https://e3.365dm.com/23/09/70x70/skynews-nissan-car-production_6291241.jpg?20230920063611"}, {"source": "http://feeds.skynews.com/feeds/rss/world.xml", "title": "COVID drug linked to mutations that could 'spread the illness', scientists say", "description": "A drug used to treat COVID-19 may, in fact, be helping spread the illness, scientists have said.", "link": "https://news.sky.com/story/molnupiravir-covid-drug-linked-to-mutations-that-could-spread-the-illness-scientists-say-12969805", "date_published": "2023-09-25T13:06:00+00:00", "bookmarked": false, "dead": null, "artist": "Sky News", "album": "Sky News", "user": null, "language": "en-US", "thumbnail": "https://e3.365dm.com/23/09/70x70/skynews-molnupiravir-covid_6297787.jpg?20230925141135"}, {"source": "http://feeds.skynews.com/feeds/rss/world.xml", "title": "Herd of sheep eats 100kg of cannabis in Greece", "description": "A herd of sheep struggling to find fresh grass for food due to extreme flooding started behaving strangely after eating large parts of a cannabis crop, according to reports.", "link": "https://news.sky.com/story/herd-of-sheep-eats-100kg-of-cannabis-in-greece-after-storm-daniel-floods-12969680", "date_published": "2023-09-25T12:29:00+00:00", "bookmarked": false, "dead": null, "artist": "Sky News", "album": "Sky News", "user": null, "language": "en-US", "thumbnail": "https://e3.365dm.com/23/09/70x70/skynews-sheep-germany-rhineland-palatinate_6297614.jpg?20230925104715"}, {"source": "http://feeds.skynews.com/feeds/rss/world.xml", "title": "British man 'stabbed to death during online challenge' in Portugal", "description": "A British man has reportedly been stabbed to death in Portugal while taking part in an online challenge.", "link": "https://news.sky.com/story/british-man-stabbed-to-death-during-online-challenge-in-portugal-12969763", "date_published": "2023-09-25T12:13:00+00:00", "bookmarked": false, "dead": null, "artist": "Sky News", "album": "Sky News", "user": null, "language": "en-US", "thumbnail": "https://e3.365dm.com/23/09/70x70/skynews-cabril-dam-reservoir_6297730.jpg?20230925131210"}, {"source": "http://feeds.skynews.com/feeds/rss/world.xml", "title": "Gymnastics Ireland 'deeply sorry' after Simone Biles criticism over black girl snubbed at medal ceremony", "description": "Gymnastics Ireland has issued an apology after a video of a black girl being passed over for a medal at a ceremony went viral.", "link": "https://news.sky.com/story/gymnastics-ireland-deeply-sorry-after-simone-biles-criticises-young-black-gymnast-being-denied-medal-12969684", "date_published": "2023-09-25T10:23:00+00:00", "bookmarked": false, "dead": null, "artist": "Sky News", "album": "Sky News", "user": null, "language": "en-US", "thumbnail": "https://e3.365dm.com/23/09/70x70/skynews-simone-biles-gymnastics_6297669.jpg?20230925115732"}, {"source": "http://feeds.skynews.com/feeds/rss/world.xml", "title": "Secrets of our solar system will be revealed from 250g of dust", "description": "It will make the most incredible unboxing video.", "link": "https://news.sky.com/story/secrets-of-our-solar-system-will-be-revealed-from-osiris-rex-asteroid-sample-12969667", "date_published": "2023-09-25T09:53:00+00:00", "bookmarked": false, "dead": null, "artist": "Sky News", "album": "Sky News", "user": null, "language": "en-US", "thumbnail": "https://e3.365dm.com/23/09/70x70/skynews-return-capsule-asteroid-bennu_6297582.jpg?20230925095817"}, {"source": "http://feeds.skynews.com/feeds/rss/world.xml", "title": "Hollywood star Sophia Loren has emergency surgery", "description": "Oscar-winning actress Sophia Loren has had emergency surgery following a fall at her home.", "link": "https://news.sky.com/story/sophia-loren-hollywood-star-has-emergency-surgery-after-falling-at-home-12969657", "date_published": "2023-09-25T09:34:00+00:00", "bookmarked": false, "dead": null, "artist": "Sky News", "album": "Sky News", "user": null, "language": "en-US", "thumbnail": "https://e3.365dm.com/23/09/70x70/skynews-sophia-loren-1959_6297543.jpg?20230925092901"}, {"source": "http://feeds.skynews.com/feeds/rss/world.xml", "title": "Thousands of ethnic Armenians flee disputed territory after Azerbaijan regains control", "description": "At least 4,850 ethnic Armenians have fled the territory of Nagorno-Karabakh, the Armenian government has said.", "link": "https://news.sky.com/story/thousands-of-ethnic-armenians-flee-disputed-nagorno-karabakh-territory-after-azerbaijan-regains-control-12969651", "date_published": "2023-09-25T09:21:00+00:00", "bookmarked": false, "dead": null, "artist": "Sky News", "album": "Sky News", "user": null, "language": "en-US", "thumbnail": "https://e3.365dm.com/23/09/70x70/skynews-armenia-refugee_6297610.jpg?20230925104204"}, {"source": "http://feeds.skynews.com/feeds/rss/world.xml", "title": "Cause of Antarctica heatwave revealed - after temperatures soared 39C above normal", "description": "Scientists have uncovered the link between a world-record heatwave in Antarctica and climate change.", "link": "https://news.sky.com/story/cause-of-antarctica-heatwave-revealed-after-temperatures-soared-39c-above-normal-12969629", "date_published": "2023-09-25T08:32:00+00:00", "bookmarked": false, "dead": null, "artist": "Sky News", "album": "Sky News", "user": null, "language": "en-US", "thumbnail": "https://e3.365dm.com/23/09/70x70/skynews-antarctica-british_6297619.jpg?20230925105258"}, {"source": "http://feeds.skynews.com/feeds/rss/world.xml", "title": "Police identify woman's body found in alligator's mouth", "description": "Police have identified a woman whose remains were found in the mouth of a 13ft alligator in Florida.", "link": "https://news.sky.com/story/florida-woman-whose-remains-were-found-in-alligators-mouth-identified-by-police-12969555", "date_published": "2023-09-25T06:07:00+00:00", "bookmarked": false, "dead": null, "artist": "Sky News", "album": "Sky News", "user": null, "language": "en-US", "thumbnail": "https://e3.365dm.com/23/09/70x70/skynews-alligator-florida-sabrina-peckham_6297439.png?20230925073203"}, {"source": "http://feeds.skynews.com/feeds/rss/world.xml", "title": "Sicilian mafia boss Matteo Messina Denaro has died", "description": "Sicilian mafia boss Matteo Messina Denaro, who was arrested in January after spending 30 years on the run, according to Italian media reports.", "link": "https://news.sky.com/story/sicilian-mafia-boss-messina-denaro-has-died-12969519", "date_published": "2023-09-25T01:55:00+00:00", "bookmarked": false, "dead": null, "artist": "Sky News", "album": "Sky News", "user": null, "language": "en-US", "thumbnail": "https://e3.365dm.com/23/01/70x70/skynews-matteo-messina-denaro_6038263.jpg?20230127164909"}]