[{"source": "https://www.youtube.com/feeds/videos.xml?channel_id=UCctjGdm2NlMNzIlxz02IsXA", "title": "The McDonalds Ad that Pissed Everyone Off", "description": "\u201cThanks to HelloFresh for sponsoring today's video. Go to https://strms.net/hellofresh_chrisraygun and use code POGRAYGUNSEP50 for 50% off plus Free Shipping!\u201d \n\nThis McDonald's Ad infuriated millions of people ... wait ... did it? I'm confused, hold on. Tabitha?! Hold all my calls. I need to solve this mystery with the help of my disabled talking dog Winstopher. We're solving this caper once and for all on this episode of Twitter Culture War V: The Phantom Rage\n\nSocial Media!\nTWITTER \u25ba https://twitter.com/ChrisRGun\nINSTAGRAM \u25ba https://www.instagram.com/chris_ray_gun/\nTWITCH \u25ba https://www.twitch.tv/chrisraygun\nTIKTOK \u25ba https://www.tiktok.com/@chrisraygun\nSUBREDDIT \u25ba https://www.reddit.com/r/ChrisRayGun/\n\nSupport Me Over Here!\nMERCH \u25ba https://teespring.com/stores/chris-ray-gun\nPATREON \u25ba https://www.patreon.com/ChrisRay\n\nPodcasts!\nSACRED SYMBOLS : A PLAYSTATION PODCAST \u25ba https://apple.co/2Rqmklc\nSNARK TANK \u25ba https://www.youtube.com/c/TheSnarkTank", "link": "https://www.youtube.com/watch?v=XXcWZj7IhyU", "date_published": "2023-09-25T20:41:28+00:00", "bookmarked": false, "dead": null, "artist": "Chris Ray Gun", "album": "Chris Ray Gun", "user": null, "language": "en-US", "thumbnail": "https://i1.ytimg.com/vi/XXcWZj7IhyU/hqdefault.jpg"}]