[{"source": "https://www.youtube.com/feeds/videos.xml?channel_id=UCO01ytfzgXYy4glnPJm4PPQ", "title": "The Red Pill View On Marriage Is Just As Toxic As Feminism", "description": "Switch to PureTalk and get 50% off your first month! Promo code WALSH https://bit.ly/42PmqaX\n\nSo called \"red pilled\" conservative influencers are attempting to destroy marriage.\n\nBecome a DailyWire+ member and watch the full show: https://bit.ly/3xI9PZL\n\nLIKE & SUBSCRIBE for new videos every day. https://www.youtube.com/c/MattWalsh?sub_confirmation=1\n\nWatch the full episode here: Ep.1229 - https://bit.ly/466bTKw \n\nStop giving your money to woke corporations that hate you. Get your Jeremy\u2019s Razors today at https://bit.ly/3lSGpWa\n\nWatch my hit documentary, \u201cWhat Is A Woman?\u201d here: https://utm.io/ueSdV\n\nRepresent the Sweet Baby Gang by shopping my merch: https://tinyurl.com/y5dscrmm\n\n#MattWalsh #TheMattWalshShow #News #Politics #DailyWire #WhatIsAWoman", "link": "https://www.youtube.com/watch?v=p8cZgCZhxKw", "date_published": "2023-09-25T22:30:10+00:00", "bookmarked": false, "dead": null, "artist": "Matt Walsh", "album": "Matt Walsh", "user": null, "language": "en-US", "thumbnail": "https://i1.ytimg.com/vi/p8cZgCZhxKw/hqdefault.jpg"}, {"source": "https://www.youtube.com/feeds/videos.xml?channel_id=UCO01ytfzgXYy4glnPJm4PPQ", "title": "I Had \"Enough\" Of This Dumb Anti-Gun Song", "description": "Get a FREE Jumpstart Trial Bag http://www.RuffGreens.com/Matt\nOr call 844-RUFF-700\n\nAwkward anti-gun song performed on The View.\n\nBecome a DailyWire+ member and watch the full show: https://bit.ly/3xI9PZL\n\nLIKE & SUBSCRIBE for new videos every day. https://www.youtube.com/c/MattWalsh?sub_confirmation=1\n\nWatch the full episode here: Ep.1228 -https://bit.ly/464JAw8 \n\nStop giving your money to woke corporations that hate you. Get your Jeremy\u2019s Razors today at https://bit.ly/3lSGpWa\n\nWatch my hit documentary, \u201cWhat Is A Woman?\u201d here: https://utm.io/ueSdV\n\nRepresent the Sweet Baby Gang by shopping my merch: https://tinyurl.com/y5dscrmm\n\n#MattWalsh #TheMattWalshShow #News #Politics #DailyWire #WhatIsAWoman", "link": "https://www.youtube.com/watch?v=tod1XF-dZJU", "date_published": "2023-09-25T15:00:43+00:00", "bookmarked": false, "dead": null, "artist": "Matt Walsh", "album": "Matt Walsh", "user": null, "language": "en-US", "thumbnail": "https://i1.ytimg.com/vi/tod1XF-dZJU/hqdefault.jpg"}]