[{"source": "https://feeds.a.dj.com/rss/RSSWorldNews.xml", "title": "Corrections & Amplifications", "description": "Corrections &amp; Amplifications for the edition of Sept. 26, 2023.", "link": "https://www.wsj.com/articles/corrections-amplifications-eff4ac44", "date_published": "2023-09-25T22:56:00+00:00", "bookmarked": false, "dead": null, "artist": "The Wall Street Journal", "album": "The Wall Street Journal", "user": null, "language": "en-US", "thumbnail": null}, {"source": "https://feeds.a.dj.com/rss/RSSWorldNews.xml", "title": "France Forbids Abayas in Schools", "description": "The long Muslim dress was becoming popular among teenage girls and had not been clearly banned.", "link": "https://www.wsj.com/articles/france-forbids-abayas-in-schools-ff06a8eb", "date_published": "2023-09-25T22:41:00+00:00", "bookmarked": false, "dead": null, "artist": "The Wall Street Journal", "album": "The Wall Street Journal", "user": null, "language": "en-US", "thumbnail": null}, {"source": "https://feeds.a.dj.com/rss/RSSWorldNews.xml", "title": "Political Lawfare May Get 'Hobbesian'", "description": "The District of Columbia Attorney General threatens state sovereignty at the bidding of the left.", "link": "https://www.wsj.com/articles/brian-schwalb-gop-attorneys-general-arabella-crc-advisors-bh-group-e3cb9875", "date_published": "2023-09-25T22:36:00+00:00", "bookmarked": false, "dead": null, "artist": "The Wall Street Journal", "album": "The Wall Street Journal", "user": null, "language": "en-US", "thumbnail": null}, {"source": "https://feeds.a.dj.com/rss/RSSWorldNews.xml", "title": "Bob Menendez Toughs Out His Indictment", "description": "Why are Democrats demanding that he resign without a trial?", "link": "https://www.wsj.com/articles/bob-menendez-allegations-phil-murphy-andy-kim-new-jersey-f0c0f7c9", "date_published": "2023-09-25T22:35:00+00:00", "bookmarked": false, "dead": null, "artist": "The Wall Street Journal", "album": "The Wall Street Journal", "user": null, "language": "en-US", "thumbnail": null}, {"source": "https://feeds.a.dj.com/rss/RSSWorldNews.xml", "title": "Another Round of Debt Forgiveness", "description": "A new CFPB rule would make it easier to refuse to pay medical bills.", "link": "https://www.wsj.com/articles/cfpb-rule-medical-debt-forgiveness-biden-administration-589d1d16", "date_published": "2023-09-25T22:30:00+00:00", "bookmarked": false, "dead": null, "artist": "The Wall Street Journal", "album": "The Wall Street Journal", "user": null, "language": "en-US", "thumbnail": null}, {"source": "https://feeds.a.dj.com/rss/RSSWorldNews.xml", "title": "Bezos Picks New CEO for Space Company as SpaceX Dominates Industry", "description": "Dave Limp, who worked on several major products at Amazon.com, will take over for the current Blue Origin CEO, Bob Smith.", "link": "https://www.wsj.com/articles/jeff-bezos-picks-new-ceo-for-space-company-as-spacex-dominates-industry-a506b985", "date_published": "2023-09-25T22:16:00+00:00", "bookmarked": false, "dead": null, "artist": "The Wall Street Journal", "album": "The Wall Street Journal", "user": null, "language": "en-US", "thumbnail": null}, {"source": "https://feeds.a.dj.com/rss/RSSWorldNews.xml", "title": "The Rules-Based International Order Is Quietly Disintegrating", "description": "It hasn\u2019t been this threatened since the 1930s.", "link": "https://www.wsj.com/articles/putin-co-tear-up-the-global-rule-book-international-affairs-world-order-b797ead4", "date_published": "2023-09-25T22:06:00+00:00", "bookmarked": false, "dead": null, "artist": "The Wall Street Journal", "album": "The Wall Street Journal", "user": null, "language": "en-US", "thumbnail": null}, {"source": "https://feeds.a.dj.com/rss/RSSWorldNews.xml", "title": "Time for Zombie Reaganomics", "description": "Candidates for the 2024 presidential nomination should dust off his Oct. 24, 1980, speech for Wednesday\u2019s debate.", "link": "https://www.wsj.com/articles/time-for-zombie-reaganism-gop-debate-presidential-election-a24a0b4a", "date_published": "2023-09-25T22:06:00+00:00", "bookmarked": false, "dead": null, "artist": "The Wall Street Journal", "album": "The Wall Street Journal", "user": null, "language": "en-US", "thumbnail": null}, {"source": "https://feeds.a.dj.com/rss/RSSWorldNews.xml", "title": "'Happy Days' Is Here Again", "description": "As strange as it seems, my son is obsessed with the Fonz.", "link": "https://www.wsj.com/articles/happy-days-is-here-again-family-values-television-winkler-halloween-8eb8e5e8", "date_published": "2023-09-25T22:05:00+00:00", "bookmarked": false, "dead": null, "artist": "The Wall Street Journal", "album": "The Wall Street Journal", "user": null, "language": "en-US", "thumbnail": null}, {"source": "https://feeds.a.dj.com/rss/RSSWorldNews.xml", "title": "'Target Tehran' Review: The Uses of Intelligence", "description": "Unlike the U.S. and other Western nations, Israel can\u2019t afford the luxury of assuming that the Iranian regime has good intentions.", "link": "https://www.wsj.com/articles/target-tehran-review-the-uses-of-intelligence-2c3fa5da", "date_published": "2023-09-25T22:04:00+00:00", "bookmarked": false, "dead": null, "artist": "The Wall Street Journal", "album": "The Wall Street Journal", "user": null, "language": "en-US", "thumbnail": null}, {"source": "https://feeds.a.dj.com/rss/RSSWorldNews.xml", "title": "Australia Shares Shaping Up for an Uncertain Start", "description": "Australia\u2019s S&amp;P/ASX 200 looks set for an uncertain start to the local session.", "link": "https://www.wsj.com/articles/australia-shares-shaping-up-for-an-uncertain-start-63e30392", "date_published": "2023-09-25T21:57:00+00:00", "bookmarked": false, "dead": null, "artist": "The Wall Street Journal", "album": "The Wall Street Journal", "user": null, "language": "en-US", "thumbnail": null}, {"source": "https://feeds.a.dj.com/rss/RSSWorldNews.xml", "title": "Ford Pauses Construction on Politically Divisive Battery Plant", "description": "The Michigan factory and its reliance on Chinese battery technology had become a target of criticism in Washington.", "link": "https://www.wsj.com/articles/ford-pauses-construction-on-politically-divisive-battery-plant-549a7795", "date_published": "2023-09-25T21:53:00+00:00", "bookmarked": false, "dead": null, "artist": "The Wall Street Journal", "album": "The Wall Street Journal", "user": null, "language": "en-US", "thumbnail": null}, {"source": "https://feeds.a.dj.com/rss/RSSWorldNews.xml", "title": "'10 Days in a Madhouse,' 'Simon Boccanegra' and 'Doppelg\u00e4nger' Reviews: Insanity and Humanity", "description": "Opera Philadelphia\u2019s Festival O featured a triumphant world premiere about Nellie Bly\u2019s work exposing the conditions at a 19th-century asylum, as well as a production of Verdi\u2019s convoluted love story; director Claus Guth and tenor Jonas Kaufmann staged a gripping performance of Schubert\u2019s \u2018Schwanengesang\u2019 (\u2018Swan Song\u2019) at the Park Avenue Armory in New York.", "link": "https://www.wsj.com/articles/10-days-in-a-madhouse-simon-boccanegra-and-doppelganger-reviews-insanity-and-humanity-53ab2c3b", "date_published": "2023-09-25T21:48:00+00:00", "bookmarked": false, "dead": null, "artist": "The Wall Street Journal", "album": "The Wall Street Journal", "user": null, "language": "en-US", "thumbnail": null}, {"source": "https://feeds.a.dj.com/rss/RSSWorldNews.xml", "title": "'Scarlet' by Doja Cat Review: Rap Repetitions", "description": "After disavowing the pop music of her earlier albums, the artist returns with an often monotonous record meant to showcase her talent as a rapper.", "link": "https://www.wsj.com/articles/scarlet-by-doja-cat-review-rap-repetitions-b7919009", "date_published": "2023-09-25T21:30:00+00:00", "bookmarked": false, "dead": null, "artist": "The Wall Street Journal", "album": "The Wall Street Journal", "user": null, "language": "en-US", "thumbnail": null}, {"source": "https://feeds.a.dj.com/rss/RSSWorldNews.xml", "title": "This Unusual Craftsman Has Had Some Notable Residents Throughout Its 114-Year History", "description": "Owners include Theodore Roosevelt\u2019s vice president and a pioneer of emergency medicine.", "link": "https://www.wsj.com/articles/this-unusual-craftsman-has-had-some-notable-residents-throughout-its-114-year-history-8585c6bc", "date_published": "2023-09-25T21:00:00+00:00", "bookmarked": false, "dead": null, "artist": "The Wall Street Journal", "album": "The Wall Street Journal", "user": null, "language": "en-US", "thumbnail": null}, {"source": "https://feeds.a.dj.com/rss/RSSWorldNews.xml", "title": "China Prepares to Crack Down on 'Hurt Feelings'", "description": "The proposed law is Xi Jinping\u2019s latest effort to codify \u2018the party\u2019s policies and the people\u2019s will.\u2019", "link": "https://www.wsj.com/articles/china-prepares-to-crack-down-on-hurt-feelings-communist-party-control-646ad3dd", "date_published": "2023-09-25T20:42:00+00:00", "bookmarked": false, "dead": null, "artist": "The Wall Street Journal", "album": "The Wall Street Journal", "user": null, "language": "en-US", "thumbnail": null}, {"source": "https://feeds.a.dj.com/rss/RSSWorldNews.xml", "title": "Loretta Lynn and My Sister-in-Law", "description": "My brother Jack made his own luck 32 years ago.", "link": "https://www.wsj.com/articles/loretta-lynn-and-my-sister-in-law-seneca-uva-luck-marriage-jack-eb27a4fb", "date_published": "2023-09-25T20:41:00+00:00", "bookmarked": false, "dead": null, "artist": "The Wall Street Journal", "album": "The Wall Street Journal", "user": null, "language": "en-US", "thumbnail": null}, {"source": "https://feeds.a.dj.com/rss/RSSWorldNews.xml", "title": "Bonds Yields March Higher as Energy Stocks Rise", "description": "Economists fear that rising oil prices and the possibility of sustained higher borrowing costs will push Americans to trim spending.", "link": "https://www.wsj.com/articles/global-stocks-markets-dow-news-09-25-2023-fb657d6b", "date_published": "2023-09-25T20:16:00+00:00", "bookmarked": false, "dead": null, "artist": "The Wall Street Journal", "album": "The Wall Street Journal", "user": null, "language": "en-US", "thumbnail": null}, {"source": "https://feeds.a.dj.com/rss/RSSWorldNews.xml", "title": "U.K. Regulator Tackles Bullying and Harassment in the Financial Services Sector", "description": "A Financial Conduct Authority consultation paper published Monday provides measures for firms to take \u201cdecisive and appropriate action\u201d against employees who engage in workplace misconduct.", "link": "https://www.wsj.com/articles/u-k-regulator-tackles-bullying-and-harassment-in-the-financial-services-sector-b50139b6", "date_published": "2023-09-25T19:24:00+00:00", "bookmarked": false, "dead": null, "artist": "The Wall Street Journal", "album": "The Wall Street Journal", "user": null, "language": "en-US", "thumbnail": null}, {"source": "https://feeds.a.dj.com/rss/RSSWorldNews.xml", "title": "What the Board Needs to Know", "description": "Everything from the week beginning Sept. 25, 2023, that a corporate board director needs to know ahead of a board meeting. This week we look at the latest research showing serious gaps in board-level cybersecurity expertise among large public companies. Plus: the recent hacking of two Las Vegas casinos highlights the scrutiny board will come under following a cyberattack. We look at the various issues and implications boards face.", "link": "https://www.wsj.com/articles/what-the-board-needs-to-know-ec0020a3", "date_published": "2023-09-25T19:09:00+00:00", "bookmarked": false, "dead": null, "artist": "The Wall Street Journal", "album": "The Wall Street Journal", "user": null, "language": "en-US", "thumbnail": null}, {"source": "https://feeds.a.dj.com/rss/RSSWorldNews.xml", "title": "New Chapter 11 Bankruptcy Filings -- Week Ending Sept. 24, 2023", "description": "A list of some new chapter 11 bankruptcy filings made during the last week.", "link": "https://www.wsj.com/articles/new-chapter-11-bankruptcy-filings-week-ending-sept-24-2023-a542ad05", "date_published": "2023-09-25T19:06:00+00:00", "bookmarked": false, "dead": null, "artist": "The Wall Street Journal", "album": "The Wall Street Journal", "user": null, "language": "en-US", "thumbnail": null}, {"source": "https://feeds.a.dj.com/rss/RSSWorldNews.xml", "title": "The Hollywood Strike Deal Is a Mixed Blessing For Studios", "description": "The strikes have been a negative for the studios, but the production stoppages have been a positive for their cash-flow statements.", "link": "https://www.wsj.com/articles/the-hollywood-strike-deal-is-a-mixed-blessing-for-studios-5a98bae1", "date_published": "2023-09-25T19:03:00+00:00", "bookmarked": false, "dead": null, "artist": "The Wall Street Journal", "album": "The Wall Street Journal", "user": null, "language": "en-US", "thumbnail": null}, {"source": "https://feeds.a.dj.com/rss/RSSWorldNews.xml", "title": "Hollywood Strike Deal Is a Mixed Blessing for Studios", "description": "The strikes have been a negative for the studios, but the production stoppages have been a positive for their cash-flow statements.", "link": "https://www.wsj.com/articles/the-hollywood-strike-deal-is-a-mixed-blessing-for-studios-adc0d24a", "date_published": "2023-09-25T19:01:00+00:00", "bookmarked": false, "dead": null, "artist": "The Wall Street Journal", "album": "The Wall Street Journal", "user": null, "language": "en-US", "thumbnail": null}, {"source": "https://feeds.a.dj.com/rss/RSSWorldNews.xml", "title": "Treasure Hunting (Tuesday Crossword, September 26)", "description": "", "link": "https://www.wsj.com/articles/treasure-hunting-tuesday-crossword-september-26-311004b6", "date_published": "2023-09-25T19:01:00+00:00", "bookmarked": false, "dead": null, "artist": "The Wall Street Journal", "album": "The Wall Street Journal", "user": null, "language": "en-US", "thumbnail": null}, {"source": "https://feeds.a.dj.com/rss/RSSWorldNews.xml", "title": "Jimmy Lai's 1,000 Prison Days", "description": "The publisher\u2019s bravery has exposed China\u2019s false promises to Hong Kong.", "link": "https://www.wsj.com/articles/jimmy-lais-1-000-prison-days-china-ccp-arrest-sentence-kong-truth-freedom-protest-5feea2a8", "date_published": "2023-09-25T18:23:00+00:00", "bookmarked": false, "dead": null, "artist": "The Wall Street Journal", "album": "The Wall Street Journal", "user": null, "language": "en-US", "thumbnail": null}, {"source": "https://feeds.a.dj.com/rss/RSSWorldNews.xml", "title": "Saudi Arabia Agrees to Broader U.N. Atomic Agency Oversight", "description": "The move came amid negotiations with Washington to set up a uranium enrichment operation as part of a possible normalization agreement between Riyadh and Israel.", "link": "https://www.wsj.com/articles/saudi-arabia-agrees-to-broader-u-n-atomic-agency-oversight-e45236ec", "date_published": "2023-09-25T18:19:00+00:00", "bookmarked": false, "dead": null, "artist": "The Wall Street Journal", "album": "The Wall Street Journal", "user": null, "language": "en-US", "thumbnail": null}, {"source": "https://feeds.a.dj.com/rss/RSSWorldNews.xml", "title": "The GOP Can't Afford to Indulge Populism", "description": "Conservatives want to unite the country, while politicians like Trump seek only to stoke grievance.", "link": "https://www.wsj.com/articles/the-gop-cant-abide-populism-hawley-pence-republican-conservative-disney-cad705f2", "date_published": "2023-09-25T18:17:00+00:00", "bookmarked": false, "dead": null, "artist": "The Wall Street Journal", "album": "The Wall Street Journal", "user": null, "language": "en-US", "thumbnail": null}, {"source": "https://feeds.a.dj.com/rss/RSSWorldNews.xml", "title": "The New Moral Order Is Already Crumbling", "description": "Globalism, climate-change alarmism and cultural self-annihilation have all come under serious challenge.", "link": "https://www.wsj.com/articles/the-new-moral-order-is-already-crumbling-climate-europe-immigration-australia-25d21439", "date_published": "2023-09-25T18:16:00+00:00", "bookmarked": false, "dead": null, "artist": "The Wall Street Journal", "album": "The Wall Street Journal", "user": null, "language": "en-US", "thumbnail": null}, {"source": "https://feeds.a.dj.com/rss/RSSWorldNews.xml", "title": "More &raquo;", "description": "It&amp;#x27;s the sort of dilemma more Americans are facing: Should I take a $44,000 lump sum or keep a $423 monthly pension?", "link": "https://www.wsj.com/articles/more-amp-raquo-4decfb2e", "date_published": "2023-09-25T18:09:00+00:00", "bookmarked": false, "dead": null, "artist": "The Wall Street Journal", "album": "The Wall Street Journal", "user": null, "language": "en-US", "thumbnail": null}, {"source": "https://feeds.a.dj.com/rss/RSSWorldNews.xml", "title": "Canada Speaker Apologizes for Honoring Alleged Nazi Soldier at Zelensky Speech", "description": "A cabinet minister called the incident embarrassing \u201cfor Canada and for the president of Ukraine.\u201d", "link": "https://www.wsj.com/articles/canada-speaker-apologizes-for-honoring-alleged-nazi-soldier-at-zelensky-speech-bf33a1f3", "date_published": "2023-09-25T18:01:00+00:00", "bookmarked": false, "dead": null, "artist": "The Wall Street Journal", "album": "The Wall Street Journal", "user": null, "language": "en-US", "thumbnail": null}, {"source": "https://feeds.a.dj.com/rss/RSSWorldNews.xml", "title": "Germany's Gloomy Mood Masks Case for Optimism", "description": "Germany\u2019s Ifo index might have stagnated at a low level, but the outlook for the country\u2019s economy belies the gloomy mood, KfW chief economist says", "link": "https://www.wsj.com/articles/germanys-gloomy-mood-masks-case-for-optimism-f8061128", "date_published": "2023-09-25T17:52:00+00:00", "bookmarked": false, "dead": null, "artist": "The Wall Street Journal", "album": "The Wall Street Journal", "user": null, "language": "en-US", "thumbnail": null}, {"source": "https://feeds.a.dj.com/rss/RSSWorldNews.xml", "title": "Now They Tell Us", "description": "Is the Washington Post dismissing its own scoop?", "link": "https://www.wsj.com/articles/now-they-tell-us-b7e5a7", "date_published": "2023-09-25T17:33:00+00:00", "bookmarked": false, "dead": null, "artist": "The Wall Street Journal", "album": "The Wall Street Journal", "user": null, "language": "en-US", "thumbnail": null}, {"source": "https://feeds.a.dj.com/rss/RSSWorldNews.xml", "title": "SEC Fines Deutsche Bank Fund Unit for ESG Claims, Money Laundering Allegations", "description": "The bank\u2019s investment arm agreed to pay $25 million for overstating how it used environmental, social and governance factors in its funds.", "link": "https://www.wsj.com/articles/sec-fines-deutsche-bank-fund-unit-for-money-laundering-and-esg-misstatements-18f5c865", "date_published": "2023-09-25T16:49:00+00:00", "bookmarked": false, "dead": null, "artist": "The Wall Street Journal", "album": "The Wall Street Journal", "user": null, "language": "en-US", "thumbnail": null}, {"source": "https://feeds.a.dj.com/rss/RSSWorldNews.xml", "title": "Menendez Says He Won't Quit Senate, Creating Headaches for Democrats", "description": "The veteran lawmaker, along with his wife, has been charged by federal prosecutors with taking bribes.", "link": "https://www.wsj.com/articles/sen-bob-menendez-says-he-wont-quit-senate-creating-headaches-for-democrats-511bf08c", "date_published": "2023-09-25T16:48:00+00:00", "bookmarked": false, "dead": null, "artist": "The Wall Street Journal", "album": "The Wall Street Journal", "user": null, "language": "en-US", "thumbnail": null}, {"source": "https://feeds.a.dj.com/rss/RSSWorldNews.xml", "title": "Auto & Transport Roundup: Market Talk", "description": "Find insight on Linamar, European Union car makers and more in the latest Market Talks covering the Auto &amp; Transport sector.", "link": "https://www.wsj.com/articles/auto-transport-roundup-market-talk-f6fba949", "date_published": "2023-09-25T16:39:00+00:00", "bookmarked": false, "dead": null, "artist": "The Wall Street Journal", "album": "The Wall Street Journal", "user": null, "language": "en-US", "thumbnail": null}, {"source": "https://feeds.a.dj.com/rss/RSSWorldNews.xml", "title": "ESG Roundup: Market Talk", "description": "Find insight on green shipping, 3M, Stellantis and more in the latest Market Talks covering ESG Impact Investing.", "link": "https://www.wsj.com/articles/esg-roundup-market-talk-14cd1ab5", "date_published": "2023-09-25T16:35:00+00:00", "bookmarked": false, "dead": null, "artist": "The Wall Street Journal", "album": "The Wall Street Journal", "user": null, "language": "en-US", "thumbnail": null}, {"source": "https://feeds.a.dj.com/rss/RSSWorldNews.xml", "title": "Basic Materials Roundup: Market Talk", "description": "Find insight on Centamin, 3M and more in the latest Market Talks covering the Basic Materials sector.", "link": "https://www.wsj.com/articles/basic-materials-roundup-market-talk-fdaebf80", "date_published": "2023-09-25T16:31:00+00:00", "bookmarked": false, "dead": null, "artist": "The Wall Street Journal", "album": "The Wall Street Journal", "user": null, "language": "en-US", "thumbnail": null}, {"source": "https://feeds.a.dj.com/rss/RSSWorldNews.xml", "title": "Italian Mafia Boss Dies Months After Capture", "description": "One of Italy\u2019s most notorious mafia bosses, who was arrested earlier this year after three decades on the run, died in a hospital, authorities said.", "link": "https://www.wsj.com/articles/italian-mafia-boss-matteo-messina-denaro-dies-months-after-capture-4270051e", "date_published": "2023-09-25T16:16:00+00:00", "bookmarked": false, "dead": null, "artist": "The Wall Street Journal", "album": "The Wall Street Journal", "user": null, "language": "en-US", "thumbnail": null}, {"source": "https://feeds.a.dj.com/rss/RSSWorldNews.xml", "title": "Auto CEOs Make About 300 Times What Their Median Worker Is Paid. Here's How That Stacks Up.", "description": "The UAW has highlighted executive pay raises at the Big Three. By one measure\u2014the ratio of the CEO\u2019s pay to the median worker\u2019s\u2014automakers have a wider pay gap than most large companies.", "link": "https://www.wsj.com/articles/auto-ceos-make-about-300-times-what-their-median-worker-is-paid-heres-how-that-stacks-up-cefc9a5", "date_published": "2023-09-25T15:29:00+00:00", "bookmarked": false, "dead": null, "artist": "The Wall Street Journal", "album": "The Wall Street Journal", "user": null, "language": "en-US", "thumbnail": null}, {"source": "https://feeds.a.dj.com/rss/RSSWorldNews.xml", "title": "U.S. Blacklists 28 Entities From China, Russia and Other Countries", "description": "The Commerce Department dialed up pressure on foreign actors that could undermine American national security interests.", "link": "https://www.wsj.com/articles/u-s-blacklists-28-entities-from-china-russia-and-other-countries-citing-national-security-risks-67233a54", "date_published": "2023-09-25T15:19:00+00:00", "bookmarked": false, "dead": null, "artist": "The Wall Street Journal", "album": "The Wall Street Journal", "user": null, "language": "en-US", "thumbnail": null}, {"source": "https://feeds.a.dj.com/rss/RSSWorldNews.xml", "title": "Pentagon Plan to Buy Thousands of Drones Faces Looming Snags", "description": "The booming jetliner and air-taxi markets leave shortages of parts and skilled labor, causing a production crunch.", "link": "https://www.wsj.com/articles/pentagon-plan-to-buy-thousands-of-drones-faces-looming-snags-6b30a1bb", "date_published": "2023-09-25T15:00:00+00:00", "bookmarked": false, "dead": null, "artist": "The Wall Street Journal", "album": "The Wall Street Journal", "user": null, "language": "en-US", "thumbnail": null}, {"source": "https://feeds.a.dj.com/rss/RSSWorldNews.xml", "title": "Should AI Surveillance Be Restricted? WSJ Readers Share Their Thoughts", "description": "When does crime prevention turn into privacy invasion? For many, the line is clear. For others, it\u2019s a tricky balance.", "link": "https://www.wsj.com/articles/artificial-intelligence-surveillance-privacy-baa5ab16", "date_published": "2023-09-25T15:00:00+00:00", "bookmarked": false, "dead": null, "artist": "The Wall Street Journal", "album": "The Wall Street Journal", "user": null, "language": "en-US", "thumbnail": null}, {"source": "https://feeds.a.dj.com/rss/RSSWorldNews.xml", "title": "Lighthizer's Mistaken Claims About Trump's Tariffs", "description": "Phil Gramm and Don Boudreaux respond to the Trump administration trade guru.", "link": "https://www.wsj.com/articles/trump-trade-lighthizer-tariffs-economy-jobs-9ff27c0b", "date_published": "2023-09-25T14:58:00+00:00", "bookmarked": false, "dead": null, "artist": "The Wall Street Journal", "album": "The Wall Street Journal", "user": null, "language": "en-US", "thumbnail": null}, {"source": "https://feeds.a.dj.com/rss/RSSWorldNews.xml", "title": "The 'Retcon' and the Fate of American History", "description": "The only heroes left are our own miserable, virtue-signaling selves.", "link": "https://www.wsj.com/articles/retcon-us-history-civil-war-cancel-culture-south-russia-9c370789", "date_published": "2023-09-25T14:57:00+00:00", "bookmarked": false, "dead": null, "artist": "The Wall Street Journal", "album": "The Wall Street Journal", "user": null, "language": "en-US", "thumbnail": null}, {"source": "https://feeds.a.dj.com/rss/RSSWorldNews.xml", "title": "How Not to Get Robbed in San Francisco", "description": "For one, don\u2019t leave your bag exposed in the back seat of your car.", "link": "https://www.wsj.com/articles/san-francisco-car-theft-robbery-afdfe299", "date_published": "2023-09-25T14:55:00+00:00", "bookmarked": false, "dead": null, "artist": "The Wall Street Journal", "album": "The Wall Street Journal", "user": null, "language": "en-US", "thumbnail": null}, {"source": "https://feeds.a.dj.com/rss/RSSWorldNews.xml", "title": "Assassination Abroad and the India-Canada Standoff", "description": "Why the double standard?", "link": "https://www.wsj.com/articles/assassination-india-canada-sikh-trudeau-bb804d53", "date_published": "2023-09-25T14:54:00+00:00", "bookmarked": false, "dead": null, "artist": "The Wall Street Journal", "album": "The Wall Street Journal", "user": null, "language": "en-US", "thumbnail": null}, {"source": "https://feeds.a.dj.com/rss/RSSWorldNews.xml", "title": "It's Pensions vs. Jobs in Detroit", "description": "Keeping a lid on retirement costs will preserve employment.", "link": "https://www.wsj.com/articles/uaw-strike-detroit-auto-big-three-jobs-pensions-f1d7b83b", "date_published": "2023-09-25T14:53:00+00:00", "bookmarked": false, "dead": null, "artist": "The Wall Street Journal", "album": "The Wall Street Journal", "user": null, "language": "en-US", "thumbnail": null}, {"source": "https://feeds.a.dj.com/rss/RSSWorldNews.xml", "title": "Sophisters, Economists & Co.", "description": "The gentleman with degrees from Oxford and Harvard shouldn\u2019t take such a firm stand against the arts and letters.", "link": "https://www.wsj.com/articles/education-liberal-arts-harvard-oxford-burke-economists-cd08a5da", "date_published": "2023-09-25T14:49:00+00:00", "bookmarked": false, "dead": null, "artist": "The Wall Street Journal", "album": "The Wall Street Journal", "user": null, "language": "en-US", "thumbnail": null}, {"source": "https://feeds.a.dj.com/rss/RSSWorldNews.xml", "title": "Correction", "description": "The Railway Safety Act would require railroads with more than $1.032 billion in revenue to maintain two-man train crews. It would also ban railroads from setting a maximum length for inspections.", "link": "https://www.wsj.com/articles/correction-1c8b9dbe", "date_published": "2023-09-25T14:47:00+00:00", "bookmarked": false, "dead": null, "artist": "The Wall Street Journal", "album": "The Wall Street Journal", "user": null, "language": "en-US", "thumbnail": null}, {"source": "https://feeds.a.dj.com/rss/RSSWorldNews.xml", "title": "Covid Boosters Aren't Reaching People Who Want Them", "description": "Public-health experts said setbacks related to scheduling and insurance coverage risk discouraging people from getting the shots.", "link": "https://www.wsj.com/articles/covid-vaccine-shots-canceled-813f712f", "date_published": "2023-09-25T14:44:00+00:00", "bookmarked": false, "dead": null, "artist": "The Wall Street Journal", "album": "The Wall Street Journal", "user": null, "language": "en-US", "thumbnail": null}, {"source": "https://feeds.a.dj.com/rss/RSSWorldNews.xml", "title": "Cooper Kupp's Oregon Home With a Huge Training Facility Is Up for Sale", "description": "The Los Angeles Rams wide receiver is listing the house just south of Portland for $3.5 million.", "link": "https://www.wsj.com/articles/cooper-kuppsoregon-home-with-a-huge-training-facility-is-up-for-sale-3961a565", "date_published": "2023-09-25T14:00:00+00:00", "bookmarked": false, "dead": null, "artist": "The Wall Street Journal", "album": "The Wall Street Journal", "user": null, "language": "en-US", "thumbnail": null}, {"source": "https://feeds.a.dj.com/rss/RSSWorldNews.xml", "title": "How Much Cybersecurity Expertise Do Boards Really Have?", "description": "A WSJ Pro Research analysis found more S&amp;P 500 companies have added cyber experts to their boards compared to last year, but progress continues to be slow.", "link": "https://www.wsj.com/articles/how-much-cybersecurity-expertise-do-boards-really-have-69f5cb0a", "date_published": "2023-09-25T13:23:00+00:00", "bookmarked": false, "dead": null, "artist": "The Wall Street Journal", "album": "The Wall Street Journal", "user": null, "language": "en-US", "thumbnail": null}, {"source": "https://feeds.a.dj.com/rss/RSSWorldNews.xml", "title": "The Morning Risk Report", "description": "Goldman, Citadel Securities settle SEC record-keeping probes, and the CFTC rejects bid to launch political election-betting market. Also, American Infrastructure funds to pay $1.6 million to settle SEC claims.", "link": "https://createsend.com/t/d-91C8B665E99282DD2540EF23F30FEDED", "date_published": "2023-09-25T13:12:00+00:00", "bookmarked": false, "dead": null, "artist": "The Wall Street Journal", "album": "The Wall Street Journal", "user": null, "language": "en-US", "thumbnail": null}, {"source": "https://feeds.a.dj.com/rss/RSSWorldNews.xml", "title": "A Trump-Era Lawsuit Over a Hack Was Going Nowhere. Then a Lobbyist Switched Sides.", "description": "Elliott Broidy\u2019s effort to punish Qatar offers an inside look at Washington\u2019s foreign lobbying industry.", "link": "https://www.wsj.com/articles/a-trump-era-lawsuit-over-a-hack-was-going-nowhere-then-a-lobbyist-switched-sides-10627ecc", "date_published": "2023-09-25T13:00:00+00:00", "bookmarked": false, "dead": null, "artist": "The Wall Street Journal", "album": "The Wall Street Journal", "user": null, "language": "en-US", "thumbnail": null}, {"source": "https://feeds.a.dj.com/rss/RSSWorldNews.xml", "title": "Trillions in Climate Funding Could Hurt Poor Nations", "description": "A plan to channel private investment for climate projects into the developing world risks overwhelming poorer economies with a tsunami of foreign capital.", "link": "https://www.wsj.com/articles/trillions-in-climate-funds-could-sow-turmoil-in-poor-nations-d3bbbfaa", "date_published": "2023-09-25T13:00:00+00:00", "bookmarked": false, "dead": null, "artist": "The Wall Street Journal", "album": "The Wall Street Journal", "user": null, "language": "en-US", "thumbnail": null}, {"source": "https://feeds.a.dj.com/rss/RSSWorldNews.xml", "title": "Your Online Account May Have Been Breached? Don't Just Sit There. Do Something.", "description": "Too many people respond with a shrug and maybe change their password. That\u2019s asking for trouble.", "link": "https://www.wsj.com/articles/personal-data-account-breached-tips-2f1e1de5", "date_published": "2023-09-25T13:00:00+00:00", "bookmarked": false, "dead": null, "artist": "The Wall Street Journal", "album": "The Wall Street Journal", "user": null, "language": "en-US", "thumbnail": null}, {"source": "https://feeds.a.dj.com/rss/RSSWorldNews.xml", "title": "The Dolphins Raced to 70 Points With a Team of Former Track Stars", "description": "Miami\u2019s historic offensive performance on Sunday was fueled by a collection of some of the fastest players in the NFL.", "link": "https://www.wsj.com/articles/miami-dolphins-70-points-nfl-record-speed-c05c8732", "date_published": "2023-09-25T12:58:00+00:00", "bookmarked": false, "dead": null, "artist": "The Wall Street Journal", "album": "The Wall Street Journal", "user": null, "language": "en-US", "thumbnail": null}, {"source": "https://feeds.a.dj.com/rss/RSSWorldNews.xml", "title": "Huawei's New Gadgets Reveal Hidden Teeth in China Tech Resistance", "description": "Huawei is out to prove it is in the vanguard of Beijing\u2019s drive for self-reliance in technology.", "link": "https://www.wsj.com/articles/huaweis-new-gadgets-reveal-hidden-teeth-in-china-tech-resistance-d673555f", "date_published": "2023-09-25T12:41:00+00:00", "bookmarked": false, "dead": null, "artist": "The Wall Street Journal", "album": "The Wall Street Journal", "user": null, "language": "en-US", "thumbnail": null}, {"source": "https://feeds.a.dj.com/rss/RSSWorldNews.xml", "title": "U.S. Economy's Growth Lost Pace in August Amid Industrial Slowdown", "description": "The Chicago Fed National Activity Index fell to minus 0.16 in August from a revised 0.07 in July. A reading below zero suggests economic activity is expanding at a slower rate than its average historical trend.", "link": "https://www.wsj.com/articles/u-s-economys-growth-lost-pace-in-august-amid-industrial-slowdown-956c1d03", "date_published": "2023-09-25T12:38:00+00:00", "bookmarked": false, "dead": null, "artist": "The Wall Street Journal", "album": "The Wall Street Journal", "user": null, "language": "en-US", "thumbnail": null}, {"source": "https://feeds.a.dj.com/rss/RSSWorldNews.xml", "title": "Amelia Dimoldenberg Thinks We're All Forgetting How to Flirt", "description": "The British comedian and host of \u201cChicken Shop Date\u201d shares what she\u2019s learned about chemistry.", "link": "https://www.wsj.com/articles/amelia-dimoldenberg-chicken-shop-interview-3ca86c0a", "date_published": "2023-09-25T12:30:00+00:00", "bookmarked": false, "dead": null, "artist": "The Wall Street Journal", "album": "The Wall Street Journal", "user": null, "language": "en-US", "thumbnail": null}, {"source": "https://feeds.a.dj.com/rss/RSSWorldNews.xml", "title": "Natural Gas Prices Turn Higher in Rangebound Trading", "description": "Natural gas prices rose as prices continue to bounce around in tight ranges.", "link": "https://www.wsj.com/articles/natural-gas-prices-turn-higher-in-rangebound-trading-d9eb033c", "date_published": "2023-09-25T12:26:00+00:00", "bookmarked": false, "dead": null, "artist": "The Wall Street Journal", "album": "The Wall Street Journal", "user": null, "language": "en-US", "thumbnail": null}, {"source": "https://feeds.a.dj.com/rss/RSSWorldNews.xml", "title": "ChatGPT Can Now Chat Aloud With You (And Yes, It Sounds Pretty Much Human)", "description": "OpenAI\u2019s popular chatbot is speaking up\u2014literally\u2014with a selection of voices that sound eerily like a real human. Plus, you can now upload photos and the chatbot can interpret them.", "link": "https://www.wsj.com/articles/chatgpt-can-now-chat-aloud-with-you-and-yes-it-sounds-pretty-much-human-3be39840", "date_published": "2023-09-25T12:00:00+00:00", "bookmarked": false, "dead": null, "artist": "The Wall Street Journal", "album": "The Wall Street Journal", "user": null, "language": "en-US", "thumbnail": null}, {"source": "https://feeds.a.dj.com/rss/RSSWorldNews.xml", "title": "What Happens During a Government Shutdown?", "description": "If Republicans and Democrats don\u2019t reach a deal on government funding before Oct. 1, here is what it would mean for Americans.", "link": "https://www.wsj.com/articles/what-happens-during-a-government-shutdown-4cc29885", "date_published": "2023-09-25T12:00:00+00:00", "bookmarked": false, "dead": null, "artist": "The Wall Street Journal", "album": "The Wall Street Journal", "user": null, "language": "en-US", "thumbnail": null}, {"source": "https://feeds.a.dj.com/rss/RSSWorldNews.xml", "title": "Today's Logistics Report: Auto Workers Targets Supply Chains; Apple Trips on Chips", "description": "", "link": "https://createsend.com/t/d-D543ED0368FA8E7E2540EF23F30FEDED", "date_published": "2023-09-25T11:40:00+00:00", "bookmarked": false, "dead": null, "artist": "The Wall Street Journal", "album": "The Wall Street Journal", "user": null, "language": "en-US", "thumbnail": null}, {"source": "https://feeds.a.dj.com/rss/RSSWorldNews.xml", "title": "Lego's Latest Effort to Avoid Oil-Based Plastic Hits Brick Wall", "description": "The world\u2019s biggest toy maker has worked for years to find more sustainable ingredients for its iconic bricks.", "link": "https://www.wsj.com/articles/legos-latest-effort-to-avoid-oil-based-plastic-hits-brick-wall-8046af66", "date_published": "2023-09-25T11:27:00+00:00", "bookmarked": false, "dead": null, "artist": "The Wall Street Journal", "album": "The Wall Street Journal", "user": null, "language": "en-US", "thumbnail": null}, {"source": "https://feeds.a.dj.com/rss/RSSWorldNews.xml", "title": "Taylor Swift Mania Upstages NFL Sunday", "description": "Yes, you are reading about the universe\u2019s biggest pop star in a sports column. As someone once sang, you need to calm down.", "link": "https://www.wsj.com/articles/taylor-swift-mania-upstages-nfl-sunday-e66cd43b", "date_published": "2023-09-25T11:14:00+00:00", "bookmarked": false, "dead": null, "artist": "The Wall Street Journal", "album": "The Wall Street Journal", "user": null, "language": "en-US", "thumbnail": null}, {"source": "https://feeds.a.dj.com/rss/RSSWorldNews.xml", "title": "Ending the LTCM Crisis Took Just One Bailout. We Should Be So Lucky Next Time.", "description": "Future crises may involve many funds making similar bets.", "link": "https://www.wsj.com/articles/ending-the-ltcm-crisis-took-just-one-bailout-we-should-be-so-lucky-next-time-64f69b05", "date_published": "2023-09-25T11:00:00+00:00", "bookmarked": false, "dead": null, "artist": "The Wall Street Journal", "album": "The Wall Street Journal", "user": null, "language": "en-US", "thumbnail": null}, {"source": "https://feeds.a.dj.com/rss/RSSWorldNews.xml", "title": "GOP Candidates Head to Reagan's Library as Party Drifts From His Ideas", "description": "GOP hopefuls are preparing to debate this week at the Ronald Reagan Presidential Library\u2014a venue that emphasizes how far the party has moved from the values of Reaganism.", "link": "https://www.wsj.com/articles/gop-republican-debate-c2a18d15", "date_published": "2023-09-25T11:00:00+00:00", "bookmarked": false, "dead": null, "artist": "The Wall Street Journal", "album": "The Wall Street Journal", "user": null, "language": "en-US", "thumbnail": null}, {"source": "https://feeds.a.dj.com/rss/RSSWorldNews.xml", "title": "Some Schwab Customers Say They Want Their TD Ameritrade App Back", "description": "The complaints come after investors switched following Schwab\u2019s acquisition.", "link": "https://www.wsj.com/articles/some-schwab-customers-say-they-want-their-td-ameritrade-app-back-efc78bc1", "date_published": "2023-09-25T11:00:00+00:00", "bookmarked": false, "dead": null, "artist": "The Wall Street Journal", "album": "The Wall Street Journal", "user": null, "language": "en-US", "thumbnail": null}, {"source": "https://feeds.a.dj.com/rss/RSSWorldNews.xml", "title": "Will Work Permits Fix New York's Migrant Crisis?", "description": "Biden\u2019s move to grant work authorization to Venezuelans only addresses part of the problem of overrun cities\u2014and could lure more migrants to come.", "link": "https://www.wsj.com/articles/new-york-work-permits-venezuelan-migrants-e41d633", "date_published": "2023-09-25T11:00:00+00:00", "bookmarked": false, "dead": null, "artist": "The Wall Street Journal", "album": "The Wall Street Journal", "user": null, "language": "en-US", "thumbnail": null}, {"source": "https://feeds.a.dj.com/rss/RSSWorldNews.xml", "title": "Libya's Deadly Flood Leaves a City Shaken", "description": "Derna is reeling from thousands of deaths and missing people, two weeks after the catastrophe.", "link": "https://www.wsj.com/articles/behind-libyas-dam-catastrophe-lies-a-long-trail-of-conflict-and-corruption-f975a96d", "date_published": "2023-09-25T10:35:00+00:00", "bookmarked": false, "dead": null, "artist": "The Wall Street Journal", "album": "The Wall Street Journal", "user": null, "language": "en-US", "thumbnail": null}, {"source": "https://feeds.a.dj.com/rss/RSSWorldNews.xml", "title": "Broadcom's AI Business Won't Be Easy to Chip Away", "description": "Wall Street doubts Google will pull its business, but the stock\u2019s big run has made the chip maker more sensitive to market fears.", "link": "https://www.wsj.com/articles/broadcoms-ai-business-wont-be-easy-to-chip-away-d99e26de", "date_published": "2023-09-25T10:00:00+00:00", "bookmarked": false, "dead": null, "artist": "The Wall Street Journal", "album": "The Wall Street Journal", "user": null, "language": "en-US", "thumbnail": null}, {"source": "https://feeds.a.dj.com/rss/RSSWorldNews.xml", "title": "Marketers Maintain Focus on Diversity Despite Outside Pressures", "description": "Macroeconomic conditions and the Supreme Court decision on affirmative action have forced companies to decide whether to continue their DEI efforts.", "link": "https://www.wsj.com/articles/marketers-maintain-focus-on-diversity-despite-outside-pressures-1aa23f1b", "date_published": "2023-09-25T10:00:00+00:00", "bookmarked": false, "dead": null, "artist": "The Wall Street Journal", "album": "The Wall Street Journal", "user": null, "language": "en-US", "thumbnail": null}, {"source": "https://feeds.a.dj.com/rss/RSSWorldNews.xml", "title": "Russia's Invasion Triggers Baby Bust in Ukraine", "description": "A slump in births is accelerating decades of population decline and deepening a demographic crisis.", "link": "https://www.wsj.com/articles/russias-invasion-triggers-baby-bust-in-ukraine-6a448a53", "date_published": "2023-09-25T10:00:00+00:00", "bookmarked": false, "dead": null, "artist": "The Wall Street Journal", "album": "The Wall Street Journal", "user": null, "language": "en-US", "thumbnail": null}, {"source": "https://feeds.a.dj.com/rss/RSSWorldNews.xml", "title": "Big Shareholder in China? Don't Try Selling", "description": "Chinese regulators have taken a novel approach to prop up the country\u2019s faltering stock market by banning many companies\u2019 biggest shareholders from selling.", "link": "https://www.wsj.com/articles/china-gets-tough-on-insider-selling-to-arrest-market-slump-adc4528b", "date_published": "2023-09-25T09:37:00+00:00", "bookmarked": false, "dead": null, "artist": "The Wall Street Journal", "album": "The Wall Street Journal", "user": null, "language": "en-US", "thumbnail": null}, {"source": "https://feeds.a.dj.com/rss/RSSWorldNews.xml", "title": "Boards Still Lack Cybersecurity Expertise", "description": "Just 12% of S&amp;P 500 companies have board directors with relevant cyber credentials, a new study says.", "link": "https://www.wsj.com/articles/boards-still-lack-cybersecurity-expertise-70094266", "date_published": "2023-09-25T09:30:00+00:00", "bookmarked": false, "dead": null, "artist": "The Wall Street Journal", "album": "The Wall Street Journal", "user": null, "language": "en-US", "thumbnail": null}, {"source": "https://feeds.a.dj.com/rss/RSSWorldNews.xml", "title": "Even a Booming Economy Can't Save Atlanta's Office Market", "description": "It offers an ominous warning to other cities that are hoping their office towers will fill up again when more robust economic growth returns.", "link": "https://www.wsj.com/articles/even-a-booming-economy-cant-save-atlantas-office-market-1246e446", "date_published": "2023-09-25T09:30:00+00:00", "bookmarked": false, "dead": null, "artist": "The Wall Street Journal", "album": "The Wall Street Journal", "user": null, "language": "en-US", "thumbnail": null}, {"source": "https://feeds.a.dj.com/rss/RSSWorldNews.xml", "title": "Uncle Sam Wants You---to Fight High Drug Prices", "description": "Medicare is hiring economists, data scientists and pharmacists for its drug-price negotiating team.", "link": "https://www.wsj.com/articles/uncle-sam-wants-youto-fight-high-drug-prices-42b3edee", "date_published": "2023-09-25T09:30:00+00:00", "bookmarked": false, "dead": null, "artist": "The Wall Street Journal", "album": "The Wall Street Journal", "user": null, "language": "en-US", "thumbnail": null}, {"source": "https://feeds.a.dj.com/rss/RSSWorldNews.xml", "title": "Why America Has a Long-Term Labor Crisis in Six Charts", "description": "While the hot pandemic-era job market is cooling, it is set to remain tight for years", "link": "https://www.wsj.com/articles/labor-supply-economy-jobs-charts-3285a5b7", "date_published": "2023-09-25T09:30:00+00:00", "bookmarked": false, "dead": null, "artist": "The Wall Street Journal", "album": "The Wall Street Journal", "user": null, "language": "en-US", "thumbnail": null}, {"source": "https://feeds.a.dj.com/rss/RSSWorldNews.xml", "title": "Why Are Tech Stocks Down? Bond Yields Are Up", "description": "A relentless climb brings the 10-year Treasury note\u2019s yield near 4.5%.", "link": "https://www.wsj.com/articles/why-are-tech-stocks-down-bond-yields-are-up-6c5d65a2", "date_published": "2023-09-25T09:30:00+00:00", "bookmarked": false, "dead": null, "artist": "The Wall Street Journal", "album": "The Wall Street Journal", "user": null, "language": "en-US", "thumbnail": null}, {"source": "https://feeds.a.dj.com/rss/RSSWorldNews.xml", "title": "Energy & Utilities Roundup: Market Talk", "description": "Sembcorp Industries, AGL Energy and more featured in the latest Market Talks covering Energy and Utilities.", "link": "https://www.wsj.com/articles/energy-utilities-roundup-market-talk-76762d11", "date_published": "2023-09-25T09:20:00+00:00", "bookmarked": false, "dead": null, "artist": "The Wall Street Journal", "album": "The Wall Street Journal", "user": null, "language": "en-US", "thumbnail": null}, {"source": "https://feeds.a.dj.com/rss/RSSWorldNews.xml", "title": "Tech, Media & Telecom Roundup: Market Talk", "description": "Audinate, Aussie Broadband and more in the latest Market Talks covering Technology, Media and Telecom.", "link": "https://www.wsj.com/articles/tech-media-telecom-roundup-market-talk-11dc60ed", "date_published": "2023-09-25T09:15:00+00:00", "bookmarked": false, "dead": null, "artist": "The Wall Street Journal", "album": "The Wall Street Journal", "user": null, "language": "en-US", "thumbnail": null}, {"source": "https://feeds.a.dj.com/rss/RSSWorldNews.xml", "title": "Financial Services Roundup: Market Talk", "description": "AIA and Prudential and more in the latest Market Talks covering Financial Services.", "link": "https://www.wsj.com/articles/financial-services-roundup-market-talk-6800d849", "date_published": "2023-09-25T09:11:00+00:00", "bookmarked": false, "dead": null, "artist": "The Wall Street Journal", "album": "The Wall Street Journal", "user": null, "language": "en-US", "thumbnail": null}, {"source": "https://feeds.a.dj.com/rss/RSSWorldNews.xml", "title": "Railroads to Receive $1.4 Billion for Fixes, Upgrades", "description": "Federal grants are meant to improve safety and expand capacity in passenger and freight networks.", "link": "https://www.wsj.com/articles/railroads-to-receive-1-4-billion-for-fixes-and-upgrades-8423721b", "date_published": "2023-09-25T09:00:00+00:00", "bookmarked": false, "dead": null, "artist": "The Wall Street Journal", "album": "The Wall Street Journal", "user": null, "language": "en-US", "thumbnail": null}, {"source": "https://feeds.a.dj.com/rss/RSSWorldNews.xml", "title": "German Business Sentiment Weakens Further", "description": "Germany\u2019s Ifo business-climate index fell slightly to 85.7 in September, the fifth consecutive month of decline but ahead of expectations, with the nation\u2019s economic outlook remaining bleak.", "link": "https://www.wsj.com/articles/german-business-sentiment-worsened-for-fifth-straight-month-in-september-852f89b0", "date_published": "2023-09-25T08:48:00+00:00", "bookmarked": false, "dead": null, "artist": "The Wall Street Journal", "album": "The Wall Street Journal", "user": null, "language": "en-US", "thumbnail": null}, {"source": "https://feeds.a.dj.com/rss/RSSWorldNews.xml", "title": "BOJ Gov. Ueda Says Important to Nurture Sustainable Inflation", "description": "Bank of Japan Gov. Kazuo Ueda said he has seen some positive signs of sustainable inflation, but he isn\u2019t ready to unwind monetary easing yet.", "link": "https://www.wsj.com/articles/boj-gov-ueda-says-important-to-nurture-sustainable-inflation-b4df63ca", "date_published": "2023-09-25T08:38:00+00:00", "bookmarked": false, "dead": null, "artist": "The Wall Street Journal", "album": "The Wall Street Journal", "user": null, "language": "en-US", "thumbnail": null}, {"source": "https://feeds.a.dj.com/rss/RSSWorldNews.xml", "title": "Entain Keeps Guidance Despite Softer Revenue Growth", "description": "Entain said online net gaming revenue growth was lower than expected in the third quarter, but reiterated its Ebitda target for the year of \u00a31-\u00a31.05 billion.", "link": "https://www.wsj.com/articles/entain-sees-good-underlying-growth-in-online-business-despite-lower-revenue-increase-7b8c95f6", "date_published": "2023-09-25T08:11:00+00:00", "bookmarked": false, "dead": null, "artist": "The Wall Street Journal", "album": "The Wall Street Journal", "user": null, "language": "en-US", "thumbnail": null}, {"source": "https://feeds.a.dj.com/rss/RSSWorldNews.xml", "title": "China Constructs 'Floating Barrier' in Disputed South China Sea", "description": "The Philippines has condemned a floating barrier that they say was built by China in the South China Sea last week. The barrier was installed to block Filipino fishermen from entering the Scarborough Shoal, said a Philippines Coast Guard spokesperson.", "link": "https://www.wsj.com/articles/china-constructs-floating-barrier-in-disputed-south-china-sea-40bdfaca", "date_published": "2023-09-25T08:10:00+00:00", "bookmarked": false, "dead": null, "artist": "The Wall Street Journal", "album": "The Wall Street Journal", "user": null, "language": "en-US", "thumbnail": null}, {"source": "https://feeds.a.dj.com/rss/RSSWorldNews.xml", "title": "Amazon to Invest Up to $4 Billion in Anthropic as AI Arms Race Escalates", "description": "The deal, which includes a broad partnership, follows Microsoft\u2019s multibillion-dollar stake in rival startup OpenAI.", "link": "https://www.wsj.com/articles/amazon-to-invest-up-to-4-billion-in-anthropic-as-ai-arms-race-escalates-649dee22", "date_published": "2023-09-25T07:48:00+00:00", "bookmarked": false, "dead": null, "artist": "The Wall Street Journal", "album": "The Wall Street Journal", "user": null, "language": "en-US", "thumbnail": null}, {"source": "https://feeds.a.dj.com/rss/RSSWorldNews.xml", "title": "Long Global Bond Yields Expected to Decline In Coming Year", "description": "\u200bDanske Bank Research expects long yields to gradually decline as the impact of interest-rate hikes on the economy and inflation becomes more pronounced and central bank rhetoric less hawkish.", "link": "https://www.wsj.com/articles/long-global-bond-yields-expected-to-decline-in-coming-year-e305f2ed", "date_published": "2023-09-25T06:04:00+00:00", "bookmarked": false, "dead": null, "artist": "The Wall Street Journal", "album": "The Wall Street Journal", "user": null, "language": "en-US", "thumbnail": null}, {"source": "https://feeds.a.dj.com/rss/RSSWorldNews.xml", "title": "Hollywood writers, studios and streamers said they have reached a tentative agreement that would end a monthslong strike, in a three-year deal including increased royalties and protections regarding the use of AI.", "description": "Hollywood writers, studios and streamers said they have reached a tentative agreement that would end a monthslong strike, in a three-year deal including increased royalties and protections regarding the use of AI.", "link": "https://www.wsj.com/business/media/hollywood-writers-reach-agreement-with-studios-streamers-to-end-strike-57fb5dd?mod%3Dhp_lead_pos1", "date_published": "2023-09-25T04:38:00+00:00", "bookmarked": false, "dead": null, "artist": "The Wall Street Journal", "album": "The Wall Street Journal", "user": null, "language": "en-US", "thumbnail": null}, {"source": "https://feeds.a.dj.com/rss/RSSWorldNews.xml", "title": "Initial public offering listings by Arm, Instacart and Klaviyo recently represented the chance to revitalize a market that has long been in disrepair, but the results have been inconclusive.", "description": "Initial public offering listings by Arm, Instacart and Klaviyo recently represented the chance to revitalize a market that has long been in disrepair, but the results have been inconclusive.", "link": "https://www.wsj.com/finance/stocks/ipo-market-arm-instacart-klaviyo-stocks-ee65206?mod%3Dfinance_lead_pos1", "date_published": "2023-09-25T04:38:00+00:00", "bookmarked": false, "dead": null, "artist": "The Wall Street Journal", "album": "The Wall Street Journal", "user": null, "language": "en-US", "thumbnail": null}, {"source": "https://feeds.a.dj.com/rss/RSSWorldNews.xml", "title": "Meta is planning to release artificial intelligence chatbots as soon as this week with distinct personalities across its social-media apps as a way to attract young users, according to people familiar with the matter.", "description": "Meta is planning to release artificial intelligence chatbots as soon as this week with distinct personalities across its social-media apps as a way to attract young users, according to people familiar with the matter.", "link": "https://www.wsj.com/tech/ai/meta-ai-chatbot-younger-users-dab6cb32?mod%3Dtech_lead_pos3", "date_published": "2023-09-25T04:38:00+00:00", "bookmarked": false, "dead": null, "artist": "The Wall Street Journal", "album": "The Wall Street Journal", "user": null, "language": "en-US", "thumbnail": null}, {"source": "https://feeds.a.dj.com/rss/RSSWorldNews.xml", "title": "The efforts by FTC Chair Lina Khan to protect competition are inadvertently enriching some on Wall Street, generating outsize profits for Pentwater Capital Management and other large hedge funds that bet on merger deals.", "description": "The efforts by FTC Chair Lina Khan to protect competition are inadvertently enriching some on Wall Street, generating outsize profits for Pentwater Capital Management and other large hedge funds that bet on merger deals.", "link": "https://www.wsj.com/us-news/law/the-hedge-fund-that-made-a-killing-betting-against-lina-khan-d5b395b1?mod%3Dhp_lead_pos7", "date_published": "2023-09-25T04:38:00+00:00", "bookmarked": false, "dead": null, "artist": "The Wall Street Journal", "album": "The Wall Street Journal", "user": null, "language": "en-US", "thumbnail": null}, {"source": "https://feeds.a.dj.com/rss/RSSWorldNews.xml", "title": "The union representing Ford Motor's auto-factory workers in Canada said that it secured double-digit wage increases and improved pensions in its labor pact with the automaker.", "description": "The union representing Ford Motor\u2019s auto-factory workers in Canada said that it secured double-digit wage increases and improved pensions in its labor pact with the automaker.", "link": "https://www.wsj.com/business/autos/fords-canadian-factory-workers-in-line-for-15-wage-bump-under-tentative-deal-ec2d218a?mod%3Dbusiness_lead_pos3", "date_published": "2023-09-25T04:38:00+00:00", "bookmarked": false, "dead": null, "artist": "The Wall Street Journal", "album": "The Wall Street Journal", "user": null, "language": "en-US", "thumbnail": null}, {"source": "https://feeds.a.dj.com/rss/RSSWorldNews.xml", "title": "Theme-park operators are pinning their hopes on a blockbuster fall season, betting that splashy Halloween and Oktoberfest events can make up for a summer season hurt by extreme weather.", "description": "Theme-park operators are pinning their hopes on a blockbuster fall season, betting that splashy Halloween and Oktoberfest events can make up for a summer season hurt by extreme weather.", "link": "https://www.wsj.com/business/hospitality/theme-parks-pin-hopes-on-a-fall-rebound-after-summer-flop-3a133254?mod%3DSearchresults_pos1%26page%3D1", "date_published": "2023-09-25T04:38:00+00:00", "bookmarked": false, "dead": null, "artist": "The Wall Street Journal", "album": "The Wall Street Journal", "user": null, "language": "en-US", "thumbnail": null}, {"source": "https://feeds.a.dj.com/rss/RSSWorldNews.xml", "title": "Usher will headline the halftime show for Super Bowl LVIII in Las Vegas next winter, the NFL said.", "description": "Usher will headline the halftime show for Super Bowl LVIII in Las Vegas next winter, the NFL said.", "link": "https://www.wsj.com/business/media/usher-to-headline-2024-super-bowl-halftime-show-5911c208?mod%3DSearchresults_pos1%26page%3D1", "date_published": "2023-09-25T04:38:00+00:00", "bookmarked": false, "dead": null, "artist": "The Wall Street Journal", "album": "The Wall Street Journal", "user": null, "language": "en-US", "thumbnail": null}, {"source": "https://feeds.a.dj.com/rss/RSSWorldNews.xml", "title": "What's News: Business & Finance", "description": "What\u2019s News: Business &amp; Finance", "link": "https://www.wsj.com/articles/whats-news-business-finance-ff7e7b4b", "date_published": "2023-09-25T04:38:00+00:00", "bookmarked": false, "dead": null, "artist": "The Wall Street Journal", "album": "The Wall Street Journal", "user": null, "language": "en-US", "thumbnail": null}, {"source": "https://feeds.a.dj.com/rss/RSSWorldNews.xml", "title": "After failing in Moscow's  goal of a lightning victory in Ukraine, the Russian military has adapted on the battlefield as it shifts to a strategy of wearing down Ukraine and the West.", "description": "After failing in Moscow\u2019s goal of a lightning victory in Ukraine, the Russian military has adapted on the battlefield as it shifts to a strategy of wearing down Ukraine and the West.", "link": "https://www.wsj.com/world/europe/russias-army-learns-from-its-mistakes-in-ukraine-a6b2eb4?mod%3Dworld_lead_pos4", "date_published": "2023-09-25T04:27:00+00:00", "bookmarked": false, "dead": null, "artist": "The Wall Street Journal", "album": "The Wall Street Journal", "user": null, "language": "en-US", "thumbnail": null}, {"source": "https://feeds.a.dj.com/rss/RSSWorldNews.xml", "title": "Congress heads into a make-or-break week for avoiding a government shutdown, with leaders of the Republican-controlled House hoping that they can persuade GOP holdouts to get on board with four full-year bills and a short-term funding patch.", "description": "Congress heads into a make-or-break week for avoiding a government shutdown, with leaders of the Republican-controlled House hoping that they can persuade GOP holdouts to get on board with four full-year bills and a short-term funding patch.", "link": "https://www.wsj.com/politics/kevin-mccarthy-takes-final-shot-at-avoiding-government-shutdown-a197f57c?mod%3Dhp_lead_pos5", "date_published": "2023-09-25T04:27:00+00:00", "bookmarked": false, "dead": null, "artist": "The Wall Street Journal", "album": "The Wall Street Journal", "user": null, "language": "en-US", "thumbnail": null}, {"source": "https://feeds.a.dj.com/rss/RSSWorldNews.xml", "title": "Cuts to international aid from some of Africa's biggest donors, and a litany of crises, mean humanitarian organizations are scaling back lifesaving medical services, food aid and other vital assistance.", "description": "Cuts to international aid from some of Africa\u2019s biggest donors, and a litany of crises, mean humanitarian organizations are scaling back lifesaving medical services, food aid and other vital assistance.", "link": "https://www.wsj.com/world/africa/children-fed-on-grass-no-medication-for-rape-victims-aid-to-african-crises-cut-back-as-needs-soar-d2de51a8?mod%3Dworld_lead_pos5", "date_published": "2023-09-25T04:27:00+00:00", "bookmarked": false, "dead": null, "artist": "The Wall Street Journal", "album": "The Wall Street Journal", "user": null, "language": "en-US", "thumbnail": null}, {"source": "https://feeds.a.dj.com/rss/RSSWorldNews.xml", "title": "Hawaiian Electric regularly fell behind on plans to replace utility poles at risk of failure and spent millions less on upgrades than planned in the years before a wildfire destroyed Lahaina this summer.", "description": "Hawaiian Electric regularly fell behind on plans to replace utility poles at risk of failure and spent millions less on upgrades than planned in the years before a wildfire destroyed Lahaina this summer.", "link": "https://www.wsj.com/us-news/climate-environment/maui-fire-hawaiian-electric-power-lines-1eaef7cf?mod%3DSearchresults_pos1%26page%3D1", "date_published": "2023-09-25T04:27:00+00:00", "bookmarked": false, "dead": null, "artist": "The Wall Street Journal", "album": "The Wall Street Journal", "user": null, "language": "en-US", "thumbnail": null}, {"source": "https://feeds.a.dj.com/rss/RSSWorldNews.xml", "title": "More Democratic lawmakers and officials are calling on Sen. Menendez to resign, after he was indicted in a bribery scheme.", "description": "More Democratic lawmakers and officials are calling on Sen. Menendez to resign, after he was indicted in a bribery scheme.", "link": "https://www.wsj.com/politics/policy/sen-bob-menendez-faces-growing-pressure-from-democrats-to-resign-c9245a85?mod%3Dpolitics_lead_pos1", "date_published": "2023-09-25T04:27:00+00:00", "bookmarked": false, "dead": null, "artist": "The Wall Street Journal", "album": "The Wall Street Journal", "user": null, "language": "en-US", "thumbnail": null}, {"source": "https://feeds.a.dj.com/rss/RSSWorldNews.xml", "title": "NASA recovered a capsule carrying the largest sample ever collected from an asteroid after it was jettisoned from a robotic spacecraft and landed in a Utah desert.", "description": "NASA recovered a capsule carrying the largest sample ever collected from an asteroid after it was jettisoned from a robotic spacecraft and landed in a Utah desert.", "link": "https://www.wsj.com/science/space-astronomy/nasa-capsule-osiris-rex-asteroid-bennu-mission-b9682c0c?mod%3DSearchresults_pos3%26page%3D1", "date_published": "2023-09-25T04:27:00+00:00", "bookmarked": false, "dead": null, "artist": "The Wall Street Journal", "album": "The Wall Street Journal", "user": null, "language": "en-US", "thumbnail": null}, {"source": "https://feeds.a.dj.com/rss/RSSWorldNews.xml", "title": "What's News: World-Wide", "description": "What\u2019s News: World-Wide", "link": "https://www.wsj.com/articles/whats-news-world-wide-dafd006f", "date_published": "2023-09-25T04:27:00+00:00", "bookmarked": false, "dead": null, "artist": "The Wall Street Journal", "album": "The Wall Street Journal", "user": null, "language": "en-US", "thumbnail": null}, {"source": "https://feeds.a.dj.com/rss/RSSWorldNews.xml", "title": "The High-Tech Drones Tracking the World's Most Dangerous Storms", "description": "Predicting the path and intensity of a hurricane requires not just satellite imagery but also drones that can dive, sail and fly straight into the heart of the most powerful storms. Here\u2019s how the robots work and how their data saves lives.", "link": "https://www.wsj.com/articles/the-high-tech-drones-tracking-the-worlds-most-dangerous-storms-4d51d806", "date_published": "2023-09-25T04:03:00+00:00", "bookmarked": false, "dead": null, "artist": "The Wall Street Journal", "album": "The Wall Street Journal", "user": null, "language": "en-US", "thumbnail": null}, {"source": "https://feeds.a.dj.com/rss/RSSWorldNews.xml", "title": "Wall Street Is Hoping $100 Oil Ain't What It Used to Be", "description": "Oil\u2019s rise has inspired fresh fears from Washington to Wall Street that energy could throw off central bankers\u2019 attempted soft landing of the American economy.", "link": "https://www.wsj.com/articles/wall-street-is-hoping-100-oil-aint-what-it-used-to-be-55a1f54a", "date_published": "2023-09-25T03:00:00+00:00", "bookmarked": false, "dead": null, "artist": "The Wall Street Journal", "album": "The Wall Street Journal", "user": null, "language": "en-US", "thumbnail": null}, {"source": "https://feeds.a.dj.com/rss/RSSWorldNews.xml", "title": "Want to Sell on TikTok? For Many Chinese Merchants, It Isn't So Simple.", "description": "Picking the right product, avoiding cultural faux pas and navigating social media are all part of challenges even experienced exporters face.", "link": "https://www.wsj.com/articles/want-to-sell-on-tiktok-for-many-chinese-merchants-it-isnt-so-simple-45722e3", "date_published": "2023-09-25T03:00:00+00:00", "bookmarked": false, "dead": null, "artist": "The Wall Street Journal", "album": "The Wall Street Journal", "user": null, "language": "en-US", "thumbnail": null}, {"source": "https://feeds.a.dj.com/rss/RSSWorldNews.xml", "title": "China Evergrande Shares Fall After Developer Scraps Restructuring Plan", "description": "China Evergrande\u2019s shares fell after the property developer scrapped a $35 billion debt-restructuring plan and said it is unable to issue new debt.", "link": "https://www.wsj.com/articles/china-evergrandes-shares-fall-after-developer-scraps-restructuring-plan-a5f22801", "date_published": "2023-09-25T02:53:00+00:00", "bookmarked": false, "dead": null, "artist": "The Wall Street Journal", "album": "The Wall Street Journal", "user": null, "language": "en-US", "thumbnail": null}, {"source": "https://feeds.a.dj.com/rss/RSSWorldNews.xml", "title": "Hollywood Writers Reach Agreement with Studios, Streamers to End Strike", "description": "The deal, which still has to be ratified by members, could open the door to an agreement with the Screen Actors Guild.", "link": "https://www.wsj.com/articles/hollywood-writers-reach-agreement-with-studios-streamers-to-end-strike-57fb5dd", "date_published": "2023-09-25T02:47:00+00:00", "bookmarked": false, "dead": null, "artist": "The Wall Street Journal", "album": "The Wall Street Journal", "user": null, "language": "en-US", "thumbnail": null}, {"source": "https://feeds.a.dj.com/rss/RSSWorldNews.xml", "title": "Asian Currencies Consolidate, May Weaken Amid Higher Treasury Yields", "description": "USD will probably trend higher this week due to U.S. economic outperformance, which has been indicated by U.S. Treasury yields rising faster than elsewhere, CBA said.", "link": "https://www.wsj.com/articles/asian-currencies-consolidate-may-weaken-amid-higher-treasury-yields-9424f228", "date_published": "2023-09-25T02:03:00+00:00", "bookmarked": false, "dead": null, "artist": "The Wall Street Journal", "album": "The Wall Street Journal", "user": null, "language": "en-US", "thumbnail": null}, {"source": "https://feeds.a.dj.com/rss/RSSWorldNews.xml", "title": "Gold Consolidates Amid Mixed Signals", "description": "Gold consolidated in the morning Asian session amid mixed signals.", "link": "https://www.wsj.com/articles/gold-consolidates-amid-mixed-signals-7d47571d", "date_published": "2023-09-25T01:52:00+00:00", "bookmarked": false, "dead": null, "artist": "The Wall Street Journal", "album": "The Wall Street Journal", "user": null, "language": "en-US", "thumbnail": null}, {"source": "https://feeds.a.dj.com/rss/RSSWorldNews.xml", "title": "More &raquo;", "description": "The hedge fund that bet against Lina Khan and made a killing", "link": "https://www.wsj.com/articles/more-amp-raquo-d0a9f3f5", "date_published": "2023-09-25T01:07:00+00:00", "bookmarked": false, "dead": null, "artist": "The Wall Street Journal", "album": "The Wall Street Journal", "user": null, "language": "en-US", "thumbnail": null}, {"source": "https://feeds.a.dj.com/rss/RSSWorldNews.xml", "title": "Oil Futures Rise Amid Ongoing Supply Issues", "description": "Oil futures were higher in the morning Asian session amid ongoing supply issues.", "link": "https://www.wsj.com/articles/oil-futures-rise-amid-ongoing-supply-issues-e44e06a7", "date_published": "2023-09-25T01:02:00+00:00", "bookmarked": false, "dead": null, "artist": "The Wall Street Journal", "album": "The Wall Street Journal", "user": null, "language": "en-US", "thumbnail": null}, {"source": "https://feeds.a.dj.com/rss/RSSWorldNews.xml", "title": "Bosses Say They Want the Truth. Do They Mean It?", "description": "How to deal with the trickiest phrase you can hear from a manager: I\u2019d love your feedback.", "link": "https://www.wsj.com/articles/bosses-say-they-want-the-truth-do-they-mean-it-73fd84a0", "date_published": "2023-09-25T01:00:00+00:00", "bookmarked": false, "dead": null, "artist": "The Wall Street Journal", "album": "The Wall Street Journal", "user": null, "language": "en-US", "thumbnail": null}]