[{"source": "https://www.youtube.com/feeds/videos.xml?channel_id=UCZYTClx2T1of7BRZ86-8fow", "title": "Astronauts Need a Better Sunscreen", "description": "Space is a dangerous place. One of the many dangers comes in the form of radiation. On Earth, sunscreen helps shield our bodies. But astronauts on the ISS, or eventually on the Moon/Mars/etc., will have to be rocking some suped-up sunblock.\n\nHead over to https://store.dftba.com/collections/scishow to check out our space balloon stickers and monthly space pins!\n\nHosted by: Hank Green (he/him)\n----------\nSupport SciShow by becoming a patron on Patreon: https://www.patreon.com/scishow\n----------\nHuge thanks go to the following Patreon supporters for helping us keep SciShow free for everyone forever: Adam Brainard, Alex Hackman, Ash, Bryan Cloer, charles george, Chris Mackey, Chris Peters, Christoph Schwanke, Christopher R Boucher, Dr. Melvin Sanicas, Harrison Mills, Jaap Westera, Jason A Saslow, Jeffrey Mckishen, Jeremy Mattern, Kevin Bealer, Matt Curls, Michelle Dove, Piya Shedden, Rizwan Kassim, Sam Lutfi\n----------\nLooking for SciShow elsewhere on the internet?\nSciShow Tangents Podca", "link": "https://www.youtube.com/watch?v=va9zF9KdxXg", "date_published": "2023-09-25T21:00:24+00:00", "bookmarked": false, "dead": null, "artist": "SciShow", "album": "SciShow", "user": null, "language": "en-US", "thumbnail": "https://i3.ytimg.com/vi/va9zF9KdxXg/hqdefault.jpg"}]