[{"source": "https://www.cnet.com/rss/all/", "title": "Purple Mattress Guide: Which Bed Should You Sleep On? video     - CNET", "description": "Owen Poole, a certified sleep science coach, explains the Purple mattress lineup. Purple now has three different collections: the Essential collection, the Premium collection and the Luxe collection. Owen provides brief reviews of each Purple mattress and looks into why you'd choose one bed over the other.", "link": "https://www.cnet.com/videos/purple-mattress-guide-which-bed-should-you-sleep-on/#ftag=CADf328eec", "date_published": "2023-09-25T22:00:03+00:00", "bookmarked": false, "dead": null, "artist": "CNET", "album": "CNET", "user": null, "language": "en-US", "thumbnail": "https://www.cnet.com/a/img/resize/4df07193bc15ecb7c725423b96d45ab0b3695666/hub/2023/09/25/bfe1f7a8-8e33-43bf-b17f-f5724071e947/purple-mattress-guide-cnet-home-cms.png?auto=webp&width=300"}, {"source": "https://www.cnet.com/rss/all/", "title": "ChatGPT Can Now Respond to Your Voice and Analyze Your Photos     - CNET", "description": "Like Google Lens, ChatGPT can also answer related questions about your images.", "link": "https://www.cnet.com/tech/services-and-software/chatgpt-can-now-respond-to-your-voice-and-analyze-your-photos/#ftag=CADf328eec", "date_published": "2023-09-25T21:56:44+00:00", "bookmarked": false, "dead": null, "artist": "CNET", "album": "CNET", "user": null, "language": "en-US", "thumbnail": "https://www.cnet.com/a/img/resize/f9f10b00f484f9a5b3d164aca4760f16b3e93557/hub/2023/09/25/37c64e81-2cc2-4643-a907-746ca97b8fe2/gettyimages-1592919628.jpg?auto=webp&width=300"}, {"source": "https://www.cnet.com/rss/all/", "title": "All You Need to Know About Solar Panels in Los Angeles     - CNET", "description": "If you live in Los Angeles, you can lower your home's carbon footprint and save on energy costs by switching to solar.", "link": "https://www.cnet.com/home/energy-and-utilities/los-angeles-solar-panels/#ftag=CADf328eec", "date_published": "2023-09-25T21:51:15+00:00", "bookmarked": false, "dead": null, "artist": "CNET", "album": "CNET", "user": null, "language": "en-US", "thumbnail": "https://www.cnet.com/a/img/resize/346fd7b41df86c85f282acbdf833b5d7f4039858/hub/2022/10/10/31f2d86c-f29e-476a-b9b2-22d82c23d847/los-angeles-solar-gettyimages-sb10068392a-001.jpg?auto=webp&width=300"}, {"source": "https://www.cnet.com/rss/all/", "title": "In iOS 17, Apple Adds Ability to Change Search Engine in Safari Private Browsing     - CNET", "description": "The new feature comes as Google's antitrust lawsuit with the Depart of Justice is under way.", "link": "https://www.cnet.com/tech/mobile/in-ios-17-apple-adds-ability-to-change-search-engine-in-safari-private-browsing/#ftag=CADf328eec", "date_published": "2023-09-25T21:26:00+00:00", "bookmarked": false, "dead": null, "artist": "CNET", "album": "CNET", "user": null, "language": "en-US", "thumbnail": "https://www.cnet.com/a/img/resize/9cbf02c57f886aca08b934d41f418a8cc12d6708/hub/2023/09/25/a1b25cca-d4f9-4412-88c8-963badbc37f4/gettyimages-1230721895-1.jpg?auto=webp&width=300"}, {"source": "https://www.cnet.com/rss/all/", "title": "How to Watch 'The Voice 2023': Stream Season 24 From Anywhere     - CNET", "description": "The vocal talent show is back, with country legend Reba McEntire joining the mentors.", "link": "https://www.cnet.com/tech/services-and-software/how-to-watch-the-voice-2023-stream-season-24-from-anywhere/#ftag=CADf328eec", "date_published": "2023-09-25T21:15:00+00:00", "bookmarked": false, "dead": null, "artist": "CNET", "album": "CNET", "user": null, "language": "en-US", "thumbnail": "https://www.cnet.com/a/img/resize/5dbc86e5f7a73c6147759a78fe806992fa6c2a95/hub/2023/09/25/81046ad2-c718-4458-8d61-c0b83c9ea920/the-voice-s24.jpg?auto=webp&width=300"}, {"source": "https://www.cnet.com/rss/all/", "title": "Student Loan Payments Resuming Soon, Nonpayment Can Lead to Penalties     - CNET", "description": "With student loan payments starting up again on Sunday, many borrowers are facing tough financial decisions this fall.", "link": "https://www.cnet.com/personal-finance/loans/student-loan-payments-resuming-soon-nonpayment-can-lead-to-penalties/#ftag=CADf328eec", "date_published": "2023-09-25T21:00:06+00:00", "bookmarked": false, "dead": null, "artist": "CNET", "album": "CNET", "user": null, "language": "en-US", "thumbnail": "https://www.cnet.com/a/img/resize/6038831b46d856af5eea9c760b2f34cfa48a8da4/hub/2023/07/03/87d118ed-5911-4fa1-9953-fef14c1f86f3/gettyimages-1303091047-1.jpg?auto=webp&width=300"}, {"source": "https://www.cnet.com/rss/all/", "title": "How to Determine if Your Internet Provider Is Limiting Your Speeds     - CNET", "description": "Slow internet speeds? Your broadband provider might be responsible. Learn how to identify if it's throttling your bandwidth -- and what to do about it.", "link": "https://www.cnet.com/home/internet/your-internet-provider-may-be-throttling-your-speed/#ftag=CADf328eec", "date_published": "2023-09-25T21:00:00+00:00", "bookmarked": false, "dead": null, "artist": "CNET", "album": "CNET", "user": null, "language": "en-US", "thumbnail": "https://www.cnet.com/a/img/resize/422ec602c06d976353d17fc1c10903109022fdd5/hub/2023/09/25/45c1d6d0-fbb8-4950-8ba4-02b14e01dd2b/isp-throttling-gettyimages-585828657.jpg?auto=webp&width=300"}, {"source": "https://www.cnet.com/rss/all/", "title": "Best Compression Socks for 2023     - CNET", "description": "Compression socks aren't just for nurses and athletes -- they're helpful for anyone who sits or stands for a long time. We tested over 15 brands to find the best picks.", "link": "https://www.cnet.com/health/fitness/best-compression-socks/#ftag=CADf328eec", "date_published": "2023-09-25T19:00:03+00:00", "bookmarked": false, "dead": null, "artist": "CNET", "album": "CNET", "user": null, "language": "en-US", "thumbnail": "https://www.cnet.com/a/img/resize/bfcb883fdd47edacc49141b8bc64040c46df06e1/hub/2020/10/21/006109b3-ef88-40f0-9dcb-1cfcaf35e931/compression-socks.jpg?auto=webp&width=300"}, {"source": "https://www.cnet.com/rss/all/", "title": "How to See the Full Harvest Supermoon Rise This Week     - CNET", "description": "The last supermoon of 2023 is one of the best-known full moons of the year, helping anyone in the Northern Hemisphere say goodbye to summer.", "link": "https://www.cnet.com/science/how-to-see-the-full-harvest-supermoon-rise-this-week/#ftag=CADf328eec", "date_published": "2023-09-25T18:48:00+00:00", "bookmarked": false, "dead": null, "artist": "CNET", "album": "CNET", "user": null, "language": "en-US", "thumbnail": "https://www.cnet.com/a/img/resize/58490680c1d8e452e21fd79ec7a2f47f9c42ca33/hub/2017/12/05/1a3d067a-3c42-438c-8612-5700a160b41b/27030834969-74d1c8cb2f-k.jpg?auto=webp&width=300"}, {"source": "https://www.cnet.com/rss/all/", "title": "Go Inside the Apple iPhone 15 and iPhone 15 Pro: See How the New iPhones Look and Work     - CNET", "description": "Peruse pictures of the new iPhone 15 models to see exactly what they can do.", "link": "https://www.cnet.com/pictures/go-inside-the-apple-iphone-15-and-iphone-15-pro-see-how-the-new-iphones-look-and-work/#ftag=CADf328eec", "date_published": "2023-09-25T18:45:00+00:00", "bookmarked": false, "dead": null, "artist": "CNET", "album": "CNET", "user": null, "language": "en-US", "thumbnail": "https://www.cnet.com/a/img/resize/b1ae3b9b3dc618a9c7b78fa3d63ea30e46d2c0d9/hub/2023/09/12/2d9d37cc-7d99-4f81-8da2-8f3a674f4243/screenshot-2023-09-12-at-10-38-30-am.png?auto=webp&width=300"}, {"source": "https://www.cnet.com/rss/all/", "title": "Amazon Bets Big (Up to $4 Billion Big) on Generative AI in Deal With Anthropic     - CNET", "description": "The partnership is the latest way the retail giant is investing in AI.", "link": "https://www.cnet.com/tech/amazon-bets-big-up-to-4-billion-big-on-generative-ai-in-deal-with-anthropic/#ftag=CADf328eec", "date_published": "2023-09-25T18:28:00+00:00", "bookmarked": false, "dead": null, "artist": "CNET", "album": "CNET", "user": null, "language": "en-US", "thumbnail": "https://www.cnet.com/a/img/resize/295859ab65838fe9dc8fa9accbbe7a303654ef67/hub/2022/04/15/283fff4f-ebf7-4365-9c40-421d7cff35fd/amazon-logo-2022-094.jpg?auto=webp&width=300"}, {"source": "https://www.cnet.com/rss/all/", "title": "Are Your Expired COVID Tests OK to Use? Find Out Here     - CNET", "description": "Even if your COVID-19 test kits show they've expired, their shelf life could've been extended.", "link": "https://www.cnet.com/health/are-your-expired-covid-tests-ok-to-use-find-out-here/#ftag=CADf328eec", "date_published": "2023-09-25T17:30:03+00:00", "bookmarked": false, "dead": null, "artist": "CNET", "album": "CNET", "user": null, "language": "en-US", "thumbnail": "https://www.cnet.com/a/img/resize/bef922ae40b838ef75721ec6be0e412e462b5209/hub/2022/12/23/5a693f5b-cf66-4f23-8ba5-dc0952e584ce/gettyimages-1371440495.jpg?auto=webp&width=300"}, {"source": "https://www.cnet.com/rss/all/", "title": "Best Internet Providers in Nebraska     - CNET", "description": "Your options for home internet service in Nebraska will depend on where you live. Here\u2019s a look at the best internet providers to serve the Cornhusker State.", "link": "https://www.cnet.com/home/internet/best-internet-providers-in-nebraska/#ftag=CADf328eec", "date_published": "2023-09-25T16:57:00+00:00", "bookmarked": false, "dead": null, "artist": "CNET", "album": "CNET", "user": null, "language": "en-US", "thumbnail": "https://www.cnet.com/a/img/resize/1007ae9bc63af9a18ccc7c1c7793bc6e9ead0712/hub/2022/05/09/51707b1f-387f-4c76-8a02-f75f4e2c53d9/nebraska-state-capitol.jpg?auto=webp&width=300"}, {"source": "https://www.cnet.com/rss/all/", "title": "Keurig's K-Slim Coffee Maker Is Down to Just $70 at Best Buy (Save $60)     - CNET", "description": "Making coffee doesn't always have to be a big drawn-out affair and the Keurig K-Slim proves it -- now with $60 off.", "link": "https://www.cnet.com/deals/keurigs-k-slim-coffee-maker-is-down-to-just-70-at-best-buy-save-60/#ftag=CADf328eec", "date_published": "2023-09-25T16:03:00+00:00", "bookmarked": false, "dead": null, "artist": "CNET", "album": "CNET", "user": null, "language": "en-US", "thumbnail": "https://www.cnet.com/a/img/resize/4389af998a3d8a34a32b721b96e32cd0a0c2fd30/hub/2023/08/06/4ce2fb4d-7dab-4349-aabb-3c5ac91e2968/keurig-k-slim.jpg?auto=webp&width=300"}, {"source": "https://www.cnet.com/rss/all/", "title": "Does It Make Sense to Go Solar in South Dakota?     - CNET", "description": "Looking to install solar panels on your South Dakota home? Here's what you need to know before making such a large investment.", "link": "https://www.cnet.com/home/energy-and-utilities/south-dakota-solar-panels/#ftag=CADf328eec", "date_published": "2023-09-25T15:27:00+00:00", "bookmarked": false, "dead": null, "artist": "CNET", "album": "CNET", "user": null, "language": "en-US", "thumbnail": "https://www.cnet.com/a/img/resize/54492b4c6ab92ee7013029a2aac696a0fc7fb37d/hub/2023/03/17/b859ec86-cc0c-411b-8fd4-718ecccb9e63/gettyimages-1034644194.jpg?auto=webp&width=300"}, {"source": "https://www.cnet.com/rss/all/", "title": "48,000 Costco Mattresses Recalled by FXI for Risk of Mold Exposure     - CNET", "description": "Bought a mattress from Costco recently? Check the law tag to ensure you aren't sleeping on a recalled mattress.", "link": "https://www.cnet.com/health/sleep/48000-costco-mattresses-recalled-by-fxi-for-risk-of-mold-exposure/#ftag=CADf328eec", "date_published": "2023-09-25T15:00:03+00:00", "bookmarked": false, "dead": null, "artist": "CNET", "album": "CNET", "user": null, "language": "en-US", "thumbnail": "https://www.cnet.com/a/img/resize/2104e4814929a9fddee50668a4e8c3f494d3c95b/hub/2023/09/22/abb601de-1764-4c4b-9d22-2bebf32fdfaa/costco-recall.png?auto=webp&width=300"}, {"source": "https://www.cnet.com/rss/all/", "title": "COVID Testing for All: You Can Order Free At-Home Test Kits Starting Today     - CNET", "description": "After halting the program in May, the USPS is again taking orders today for more COVID tests to send to households.", "link": "https://www.cnet.com/health/covid-testing-for-all-you-can-order-free-at-home-test-kits-starting-today/#ftag=CADf328eec", "date_published": "2023-09-25T14:21:00+00:00", "bookmarked": false, "dead": null, "artist": "CNET", "album": "CNET", "user": null, "language": "en-US", "thumbnail": "https://www.cnet.com/a/img/resize/a1c57f1b0deaccd36cff7229543e1f33243157d4/hub/2022/01/14/5d373102-d899-4cdd-9099-34cbd7d5b04a/20220114-covid-19-antigen-rapid-test-kit-01.jpg?auto=webp&width=300"}, {"source": "https://www.cnet.com/rss/all/", "title": "Here's How to Use iOS 17's New Live Voicemail Feature     - CNET", "description": "The new feature turns voicemails into a kind of text-based answering machine you can read in real time.", "link": "https://www.cnet.com/tech/mobile/heres-how-to-use-ios-17s-new-live-voicemail-feature/#ftag=CADf328eec", "date_published": "2023-09-25T14:00:03+00:00", "bookmarked": false, "dead": null, "artist": "CNET", "album": "CNET", "user": null, "language": "en-US", "thumbnail": "https://www.cnet.com/a/img/resize/a96ffc963a738f6cbd968811a9172f4dc2794996/hub/2023/07/19/a6f2479c-3606-4512-a7f4-6354f15fe7c8/ios-17-promo-2.png?auto=webp&width=300"}, {"source": "https://www.cnet.com/rss/all/", "title": "Digital Heroes: Connecting New Yorkers to Affordable, High-Speed Internet Access video     - CNET", "description": "NYC Mesh is one of the largest volunteer-based, community-supported networks in the world, providing broadband connections to thousands for a small suggested donation. Its aim is to bridge the digital divide by connecting underserved communities in New York, one rooftop at a time.", "link": "https://www.cnet.com/videos/digital-heroes-connecting-new-yorkers-to-affordable-high-speed-internet-access/#ftag=CADf328eec", "date_published": "2023-09-25T13:30:53+00:00", "bookmarked": false, "dead": null, "artist": "CNET", "album": "CNET", "user": null, "language": "en-US", "thumbnail": "https://www.cnet.com/a/img/resize/04f2e6ee395a165e7800b72a9f4e051801c2f49e/hub/2023/09/22/656e0a9f-bf69-4700-956f-ff5527c2a046/230922-yt-nyc-mesh-v01b.jpg?auto=webp&width=300"}, {"source": "https://www.cnet.com/rss/all/", "title": "Internet for the People: The Movement for Affordable, Community-Led Broadband     - CNET", "description": "Grassroots organizations like NYC Mesh want to close the digital divide, one rooftop at a time.", "link": "https://www.cnet.com/home/internet/features/internet-for-the-people-the-movement-for-affordable-community-led-broadband/#ftag=CADf328eec", "date_published": "2023-09-25T13:29:24+00:00", "bookmarked": false, "dead": null, "artist": "CNET", "album": "CNET", "user": null, "language": "en-US", "thumbnail": "https://www.cnet.com/a/img/resize/9e814889238db74813c7642e1be8e04533a23fc2/hub/2023/09/21/f3505ea1-7f35-4816-9fc0-51f3788dcf16/hero-final-prpmo-min-2.gif?auto=webp&width=300"}, {"source": "https://www.cnet.com/rss/all/", "title": "How to Prepare for Amazon's October Prime Day     - CNET", "description": "Amazon's Prime Big Deal Days event kicks off the holiday shopping season, and here's how to prepare so you can make the most of this year's savings.", "link": "https://www.cnet.com/personal-finance/how-to-prepare-for-amazon-prime-day/#ftag=CADf328eec", "date_published": "2023-09-25T13:03:23+00:00", "bookmarked": false, "dead": null, "artist": "CNET", "album": "CNET", "user": null, "language": "en-US", "thumbnail": "https://www.cnet.com/a/img/resize/21bd3b63eecfafaf7d5b5a8b497898bffc5f4d52/hub/2023/06/30/963ccef6-82b5-4484-b15a-c500eb8f5139/01-pd-promo-02.png?auto=webp&width=300"}, {"source": "https://www.cnet.com/rss/all/", "title": "4 Reasons You Need a Mattress Protector to Extend the Life of Your Bed     - CNET", "description": "Mattress protectors are an easy way to ensure your bed doesn't collect allergens or moisture that could damage the integrity of the foam.", "link": "https://www.cnet.com/health/sleep/4-reasons-you-need-a-mattress-protector-to-extend-the-life-of-your-bed/#ftag=CADf328eec", "date_published": "2023-09-25T13:00:06+00:00", "bookmarked": false, "dead": null, "artist": "CNET", "album": "CNET", "user": null, "language": "en-US", "thumbnail": "https://www.cnet.com/a/img/resize/828b36b9df70517f9029de6e2b2fec119b888cd4/hub/2023/09/20/e039b6b0-afc8-4607-becd-fe400fdbf274/gettyimages-938123508.jpg?auto=webp&width=300"}, {"source": "https://www.cnet.com/rss/all/", "title": "Can't Afford Therapy? These 4 Things Will Boost Your Mental Health Right Now     - CNET", "description": "When therapy is out of reach, you can use these simple tactics to manage your mental health in the meantime.", "link": "https://www.cnet.com/health/mental/cant-afford-therapy-these-4-things-will-boost-your-mental-health-right-now/#ftag=CADf328eec", "date_published": "2023-09-25T13:00:03+00:00", "bookmarked": false, "dead": null, "artist": "CNET", "album": "CNET", "user": null, "language": "en-US", "thumbnail": "https://www.cnet.com/a/img/resize/e882a2dd359d2942bfc1a66acdeefc690ed75b73/hub/2022/09/09/0dd91357-7e6a-4618-adb3-ff9d3c5025ce/gettyimages-1276413198.jpg?auto=webp&width=300"}, {"source": "https://www.cnet.com/rss/all/", "title": "NASA Brings Home Asteroid Sample Swiped by Osiris-Rex Spacecraft     - CNET", "description": "A tiny shipment grabbed from a space rock touched down in the Utah desert on Sunday.", "link": "https://www.cnet.com/science/space/nasa-brings-home-asteroid-sample-swiped-by-osiris-rex-spacecraft/#ftag=CADf328eec", "date_published": "2023-09-25T12:10:00+00:00", "bookmarked": false, "dead": null, "artist": "CNET", "album": "CNET", "user": null, "language": "en-US", "thumbnail": "https://www.cnet.com/a/img/resize/6e14f6b2240a640c49cfabccd36aaad6dce6d8e0/hub/2023/09/15/cc6b9a34-2130-42f2-8ee9-92753e6152b1/osirisrextagprint2016-1-0.jpg?auto=webp&width=300"}, {"source": "https://www.cnet.com/rss/all/", "title": "WatchOS 10's Side Button Change Almost Ruined My Apple Watch     - CNET", "description": "Commentary: Apple's software updates usually add to what you already do, but the new watch update moves the controls without a way to swap them back.", "link": "https://www.cnet.com/tech/mobile/watchos-10s-side-button-change-almost-ruined-my-apple-watch/#ftag=CADf328eec", "date_published": "2023-09-25T12:00:06+00:00", "bookmarked": false, "dead": null, "artist": "CNET", "album": "CNET", "user": null, "language": "en-US", "thumbnail": "https://www.cnet.com/a/img/resize/d47781b4e1099fd6f97575e29fed5e1566381e86/hub/2023/05/03/fdfb8067-039a-4c03-9638-a98b8c73288c/screenshot-2023-05-03-at-1-43-19-pm.png?auto=webp&width=300"}, {"source": "https://www.cnet.com/rss/all/", "title": "TV Buying Guide: Sizes, Prices and When to Buy to Get a Good Deal video     - CNET", "description": "Television shopping is complicated. Our guide makes it simpler by telling you what factors to consider, and what to ignore.", "link": "https://www.cnet.com/videos/tv-buying-guide-sizes-prices-and-when-to-buy-to-get-a-good-deal/#ftag=CADf328eec", "date_published": "2023-09-25T12:00:02+00:00", "bookmarked": false, "dead": null, "artist": "CNET", "album": "CNET", "user": null, "language": "en-US", "thumbnail": "https://www.cnet.com/a/img/resize/02d7d9bcb7bc38f4335ec0d00404f0640e84e55d/hub/2023/09/24/b59c8382-320e-49b8-a0ce-5b2ef5d8386a/tv-buying-guide-cnet-seq-00-09-11-03-still009.jpg?auto=webp&width=300"}, {"source": "https://www.cnet.com/rss/all/", "title": "Mortgage Rates on Sept. 25, 2023: Rates Increased     - CNET", "description": "Some key mortgage rates have ticked up. If you're in the market for a mortgage, see how your payments might be affected by inflation.", "link": "https://www.cnet.com/personal-finance/mortgages/mortgage-rates-on-sep-25-2023-rates-increased/#ftag=CADf328eec", "date_published": "2023-09-25T12:00:00+00:00", "bookmarked": false, "dead": null, "artist": "CNET", "album": "CNET", "user": null, "language": "en-US", "thumbnail": "https://www.cnet.com/a/img/resize/e8074e9dddc1a07f241eeb838f7d6b660225be2d/hub/2021/01/27/f395b62a-0f5f-446b-8056-232ca38c7afe/047-cnet-finance-mortgage-home-purchase.jpg?auto=webp&width=300"}, {"source": "https://www.cnet.com/rss/all/", "title": "Mortgage Refinance Rates on Sept. 25, 2023: Rates Move Higher     - CNET", "description": "Several benchmark refinance rates have ticked up. If you're in the market for a refi, now's a good time to assess your options.", "link": "https://www.cnet.com/personal-finance/mortgages/mortgage-refinance-rates-on-sep-25-2023-rates-move-higher/#ftag=CADf328eec", "date_published": "2023-09-25T12:00:00+00:00", "bookmarked": false, "dead": null, "artist": "CNET", "album": "CNET", "user": null, "language": "en-US", "thumbnail": "https://www.cnet.com/a/img/resize/01f236f4047d08b486c668dc09d6b91d9735b2a7/hub/2021/01/27/0baf4773-e057-48aa-98b7-3305f6697d93/008-cnet-finance-mortgage-home-purchase.jpg?auto=webp&width=300"}, {"source": "https://www.cnet.com/rss/all/", "title": "Are Solar Panels Worth It in North Dakota?     - CNET", "description": "North Dakota ranks last for solar generation, but solar panels could still help you save money if you have high electric bills.", "link": "https://www.cnet.com/home/energy-and-utilities/north-dakota-solar-panels/#ftag=CADf328eec", "date_published": "2023-09-25T11:50:08+00:00", "bookmarked": false, "dead": null, "artist": "CNET", "album": "CNET", "user": null, "language": "en-US", "thumbnail": "https://www.cnet.com/a/img/resize/2d4ad17782ec1c61073e8a4239357eed0afe4fa8/hub/2023/04/06/efad30b5-fc01-405e-a596-9b270e8dfda1/gettyimages-103816182.jpg?auto=webp&width=300"}, {"source": "https://www.cnet.com/rss/all/", "title": "Monday Night Football: How to Watch Eagles vs. Buccaneers, Rams vs. Bengals Tonight Without Cable     - CNET", "description": "It's a Monday night doubleheader with Philadelphia and Tampa Bay in one game and the LA Rams and Cincinnati in the other.", "link": "https://www.cnet.com/tech/services-and-software/monday-night-football-how-to-watch-eagles-vs-buccaneers-rams-vs-bengals-tonight-without-cable/#ftag=CADf328eec", "date_published": "2023-09-25T09:00:03+00:00", "bookmarked": false, "dead": null, "artist": "CNET", "album": "CNET", "user": null, "language": "en-US", "thumbnail": "https://www.cnet.com/a/img/resize/2af00e2fafcb1061398bd04e5bd39a91331077ad/hub/2023/09/13/93f13ccc-68e5-41fb-b604-48b6d09130a6/gettyimages-1658071943.jpg?auto=webp&width=300"}]