[{"source": "https://www.youtube.com/feeds/videos.xml?channel_id=UCwdh3MTrFq3sXlB4ct8B-Fg", "title": "Designing the Space Marines \u2013 Warhammer 40,000", "description": "Unfortunately, we weren\u2019t able to get a meeting with the Emperor, so we had to settle for the Warhammer 40,000 studio.\n\nRead what they had to say about creating the new range of Space Marines: https://ow.ly/S2ba50PPe1g\n\nFollow for more Warhammer:\n- Twitter: https://twitter.com/warhammer\n- Facebook: https://www.facebook.com/WarhammerOfficial/\n- Instagram: https://www.instagram.com/warhammerofficial/\n- Warhammer Community: https://www.warhammer-community.com/ \n\nDon't forget to like, share and subscribe and to ring the bell to make sure you keep up to date with all our latest videos!", "link": "https://www.youtube.com/watch?v=zso_dAs3ynQ", "date_published": "2023-09-25T15:01:00+00:00", "bookmarked": false, "dead": null, "artist": "Warhammer", "album": "Warhammer", "user": null, "language": "en-US", "thumbnail": "https://i3.ytimg.com/vi/zso_dAs3ynQ/hqdefault.jpg"}]