[{"source": "https://www.youtube.com/feeds/videos.xml?channel_id=UCbu2SsF-Or3Rsn3NxqODImw", "title": "Historian & Armor Expert Reacts to Warhaven's Arms & Armor", "description": "In this episode of Expert Reacts, brought to you by Warhaven, Armour Expert Toby Capwell breaks down some of the weapons and armor featured in Nexon's new free-to-play medieval-fantasy warfare game. \nWarhaven is launching into Early Access on Steam for Windows PCs on September 20 at 6pm PST / September 21st 3am CEST / 10am KST.\n\nIntro: 00:00\nOpening Cutscene: 0:29\nBlade: 3:16\nThe Lionhearted: 7:01\nDarkgale: 7:47\nGuardian: 9:25\nHush: 11:37\nMartyr: 12:10\nSmoke: 14:19\nSpike: 15:32\nWarhammer: 18:39\n__\n\nToby's Instagram: https://www.instagram.com/tobiascapwell/ \n\nCheck out Toby's books: https://www.olympiaauctions.com/about-us/publications/armour-of-the-english-knight-1400-1450-by-tobias-capwell/\n https://www.olympiaauctions.com/about-us/publications/armour-of-the-english-knight-1450-1500-by-tobias-capwell/\n https://www.olympiaauctions.com/about-us/publications/armour-of-the-english-knight-continental-armour-in-england-1435-1500-by-tobias-capwell/ \n\nAll about Tobias: https://independent.a", "link": "https://www.youtube.com/watch?v=S7oyXIeJWHg", "date_published": "2023-09-25T16:00:30+00:00", "bookmarked": false, "dead": null, "artist": "GameSpot", "album": "GameSpot", "user": null, "language": "en-US", "thumbnail": "https://i4.ytimg.com/vi/S7oyXIeJWHg/hqdefault.jpg"}, {"source": "https://www.youtube.com/feeds/videos.xml?channel_id=UCbu2SsF-Or3Rsn3NxqODImw", "title": "Cyberpunk 2077: Phantom Liberty \u2014 Official Launch Trailer", "description": "Gear up, Agents! It\u2019s time for the Cyberpunk 2077: Phantom Liberty Launch Trailer!\n\nGet ready to play \u2014 and try not to get played.\n\n#PhantomLiberty is an upcoming spy-thriller expansion for #Cyberpunk2077. Return as cyber-enhanced mercenary V and embark on a high-stakes mission of espionage and intrigue to save the NUSA President. In the dangerous district of Dogtown, you must forge alliances within a web of shattered loyalties and sinister political machinations. Do you have what it takes to survive?\n\nCyberpunk 2077: Phantom Liberty is available for Xbox Series X|S, PlayStation 5, and PC.", "link": "https://www.youtube.com/watch?v=jCo-Fc3PGGo", "date_published": "2023-09-25T13:53:28+00:00", "bookmarked": false, "dead": null, "artist": "GameSpot", "album": "GameSpot", "user": null, "language": "en-US", "thumbnail": "https://i3.ytimg.com/vi/jCo-Fc3PGGo/hqdefault.jpg"}, {"source": "https://www.youtube.com/feeds/videos.xml?channel_id=UCbu2SsF-Or3Rsn3NxqODImw", "title": "Cyberpunk 2077: Phantom Liberty - 12 Things I Wish I Knew", "description": "Phantom Liberty and the Cyberpunk 2.0 patch offer a lot of new cyberware, quickhacks, vehicles, skills, and high-tier loot for you to play with. Here\u2019s what you should know before entering Night City\u2019s new area, Dogtown.\n\nCyberpunk 2077: Phantom Liberty is an essential expansion earning a 10/10 on GameSpot. That means your new adventure with Idris Elba as Solomon Reed, Keanu Reeves as Johnny Silverhand, and expert netrunner Songbird is going to be great. There is a ton to catch you up on with a new relic-based skill tree, changes or enhancements to cyberware such as monowire and mantis blades, and a new car combat system.\u00a0\nIn this video, we\u2019re going over how to start Phantom Liberty from the base game regardless of whether you\u2019ve completed the main story or fired up a new playthrough. We\u2019re covering how to navigate the new relic tree and what gear and skills to pair together for powerful builds. We\u2019ll tell you how to immediately find high-tiered loot at emergency caches and around ar", "link": "https://www.youtube.com/watch?v=wYge81fU5co", "date_published": "2023-09-25T11:00:45+00:00", "bookmarked": false, "dead": null, "artist": "GameSpot", "album": "GameSpot", "user": null, "language": "en-US", "thumbnail": "https://i4.ytimg.com/vi/wYge81fU5co/hqdefault.jpg"}]