[{"source": "https://forsal.pl/.feed", "title": "Rz\u0105dowy dekret o pomocy w wysoko\u015bci 1,3 mld euro dla w\u0142oskich rodzin w ramach walki z dro\u017cyzn\u0105", "description": "<img align=\"right\" hspace=\"5\" src=\"https://ocdn.eu/pulscms-transforms/1/uuWktkuTURBXy9hODIzZGUxMC1jY2IzLTQ1MGQtOGZhYS1iNTU4NTM5NjQyZTQuanBlZ5GTBc0BHcyg\" />Rz\u0105d W\u0142och przyj\u0105\u0142 pakiet pomocy w wysoko\u015bci 1,3 mld euro w ramach wsparcia dla rodzin w zwi\u0105zku z podwy\u017ckami cen energii oraz paliw, a tak\u017ce w celu wzmocnienia si\u0142y nabywczej pieni\u0105dza i ochrony oszcz\u0119dno\u015bci - poinformowa\u0142a Ansa po poniedzia\u0142kowym posiedzeniu gabinetu.", "link": "https://forsal.pl/swiat/artykuly/9307307,rzadowy-dekret-o-pomocy-w-wysokosci-13-mld-euro-dla-wloskich-rodzin-w.html", "date_published": "2023-09-25T19:35:41+00:00", "bookmarked": false, "dead": null, "artist": "Forsal.pl", "album": "Forsal.pl", "user": null, "language": "pl-PL", "thumbnail": null}, {"source": "https://forsal.pl/.feed", "title": "Dwa my\u015bliwce F-35 w Polsce zosta\u0142y poderwane. Musia\u0142y przechwyci\u0107 niezidentyfikowane samoloty", "description": "<img align=\"right\" hspace=\"5\" src=\"https://ocdn.eu/pulscms-transforms/1/w0NktkuTURBXy81MzhjOTlmZi0wMTQ2LTQwYzQtYmM3OC05MjdlOGFiY2E1OTkuanBlZ5GTBc0BHcyg\" />Dwa my\u015bliwce F-35 si\u0142 powietrznych W\u0142och, stacjonuj\u0105ce w Polsce w ramach operacji zabezpieczenia przestrzeni powietrznej pa\u0144stw NATO, zosta\u0142y poderwane, by przechwyci\u0107 niezidentyfikowane samoloty, prawdopodobnie rosyjskie - poinformowa\u0142a w poniedzia\u0142ek agencja Ansa. Jak wyja\u015bni\u0142a, zdarzenie to mia\u0142o miejsce 21 wrze\u015bnia.", "link": "https://forsal.pl/swiat/bezpieczenstwo/artykuly/9307177,dwa-mysliwce-f-35-w-polsce-zostaly-poderwane-musialy-przechwycic-niez.html", "date_published": "2023-09-25T17:45:42+00:00", "bookmarked": false, "dead": null, "artist": "Forsal.pl", "album": "Forsal.pl", "user": null, "language": "pl-PL", "thumbnail": null}, {"source": "https://forsal.pl/.feed", "title": "Wojna w Ukrainie. Ukrai\u0144cy odparli rosyjskie kontrataki", "description": "<img align=\"right\" hspace=\"5\" src=\"https://ocdn.eu/pulscms-transforms/1/vFektkuTURBXy83NDU4N2JmZC0zNmIyLTQ3MTEtOTU5Mi01OWQ2MTZmNzE5OWIuanBlZ5GTBc0BHcyg\" />W ostatnim tygodniu si\u0142y rosyjskie podj\u0119\u0142y skoordynowane pr\u00f3by przeprowadzenia lokalnych kontratak\u00f3w przeciw nacieraj\u0105cym si\u0142om ukrai\u0144skim w sektorach Orichiwa i Bachmutu, ale Ukrai\u0144cy je odparli i utrzymali niedawno wyzwolone tereny - poda\u0142o w poniedzia\u0142ek brytyjskie ministerstwo obrony.", "link": "https://forsal.pl/swiat/ukraina/artykuly/9307081,wojna-w-ukrainie-ukraincy-odparli-rosyjskie-kontrataki.html", "date_published": "2023-09-25T16:49:00+00:00", "bookmarked": false, "dead": null, "artist": "Forsal.pl", "album": "Forsal.pl", "user": null, "language": "pl-PL", "thumbnail": null}, {"source": "https://forsal.pl/.feed", "title": "Tusk: Jeste\u015bmy dzisiaj w momencie zwrotnym. Rozstrzyga si\u0119 znowu los Polski w tej cz\u0119\u015bci \u015bwiata", "description": "<img align=\"right\" hspace=\"5\" src=\"https://ocdn.eu/pulscms-transforms/1/yyJktkuTURBXy9jZjc4MDg4Zi1mZTVmLTRkYmUtOWI1MS1jNDVhNzE1MmZhMzYuanBlZ5GTBc0BHcyg\" />My jeste\u015bmy dzisiaj w momencie zwrotnym. Dzisiaj, na te trzy tygodnie przed wyborami, rozstrzyga si\u0119 znowu los Polski w tej cz\u0119\u015bci \u015bwiata - powiedzia\u0142 w poniedzia\u0142ek podczas spotkania z mieszka\u0144cami Otwocka (woj. mazowieckie) przewodnicz\u0105cy PO Donald Tusk.", "link": "https://forsal.pl/gospodarka/polityka/artykuly/9307080,tusk-jestesmy-dzisiaj-w-momencie-zwrotnym-rozstrzyga-sie-znowu-los-p.html", "date_published": "2023-09-25T16:47:20+00:00", "bookmarked": false, "dead": null, "artist": "Forsal.pl", "album": "Forsal.pl", "user": null, "language": "pl-PL", "thumbnail": null}, {"source": "https://forsal.pl/.feed", "title": "Korea P\u0142n. otworzy\u0142a swoje granice po trzech latach izolacji spowodowanej Covid-19", "description": "<img align=\"right\" hspace=\"5\" src=\"https://ocdn.eu/pulscms-transforms/1/WzUktkuTURBXy82NmIxNDZmMC1iMTUzLTQyMzUtODQ5MS1mMWMxNWQ0NWU0YjIuanBlZ5GTBc0BHcyg\" />Korea P\u00f3\u0142nocna zdecydowa\u0142a si\u0119 otworzy\u0107 swoje granice po trzech latach izolacji kraju, spowodowanej pandemi\u0105 Covid-19 \u2013 poda\u0142a w poniedzia\u0142ek chi\u0144ska telewizja pa\u0144stwowa CCTV.", "link": "https://forsal.pl/swiat/artykuly/9307076,korea-pln-otworzyla-swoje-granice-po-trzech-latach-izolacji-spowodowa.html", "date_published": "2023-09-25T16:45:37+00:00", "bookmarked": false, "dead": null, "artist": "Forsal.pl", "album": "Forsal.pl", "user": null, "language": "pl-PL", "thumbnail": null}, {"source": "https://forsal.pl/.feed", "title": "Gaz na europejskim rynku w poniedzia\u0142ek dro\u017ceje w granicach 11 proc.", "description": "<img align=\"right\" hspace=\"5\" src=\"https://ocdn.eu/pulscms-transforms/1/hWRktkuTURBXy84MWFkNGQ2Mi1hNjEwLTRmNDQtYTg4MC1lYTRmZWU3ZTA0ZWQuanBlZ5GTBc0BHcyg\" />Gaz w holenderskim hubie TTF w poniedzia\u0142ek dro\u017ceje. Najbardziej, o ponad 11 proc. podro\u017ca\u0142y kontrakty na gaz z dostaw\u0105 w pa\u017adzierniku, wyceniane na ponad 44 euro za MWh.", "link": "https://forsal.pl/finanse/notowania/artykuly/9306967,gaz-na-europejskim-rynku-w-poniedzialek-drozeje-w-granicach-11-proc.html", "date_published": "2023-09-25T15:47:19+00:00", "bookmarked": false, "dead": null, "artist": "Forsal.pl", "album": "Forsal.pl", "user": null, "language": "pl-PL", "thumbnail": null}, {"source": "https://forsal.pl/.feed", "title": "MON podpisa\u0142 umow\u0119 offsetow\u0105 z Lockheed Martin w ramach zakupu \u015bmig\u0142owc\u00f3w Apache", "description": "<img align=\"right\" hspace=\"5\" src=\"https://ocdn.eu/pulscms-transforms/1/HP-ktkuTURBXy9iM2MyYWMzYS0wZjIzLTRjNTctYWVhYy02ZGU0NmZiNjE1YjEuanBlZ5GTBc0BHcyg\" />Minister obrony Mariusz B\u0142aszczak podpisa\u0142 w poniedzia\u0142ek w Mesie w stanie Arizona umow\u0119 offsetow\u0105 z koncernem Lockheed Martin, zwi\u0105zan\u0105 z zakupem \u015bmig\u0142owc\u00f3w Apache. Umowa zak\u0142ada powstanie centrum serwisowego \u015bmig\u0142owc\u00f3w w Bydgoszczy.", "link": "https://forsal.pl/gospodarka/polityka/artykuly/9306966,mon-podpisal-umowe-offsetowa-z-lockheed-martin-w-ramach-zakupu-smiglow.html", "date_published": "2023-09-25T15:45:30+00:00", "bookmarked": false, "dead": null, "artist": "Forsal.pl", "album": "Forsal.pl", "user": null, "language": "pl-PL", "thumbnail": null}, {"source": "https://forsal.pl/.feed", "title": "USA po\u017cyczy\u0142y Polsce 2 mld dol. Skorzysta wojsko", "description": "<img align=\"right\" hspace=\"5\" src=\"https://ocdn.eu/pulscms-transforms/1/Q9AktkuTURBXy9jNzQ2MDk1ZC03NDBhLTRjMzctYWJiYS0yNmI4ZjJjOWJlZDQuanBlZ5GTBc0BHcyg\" />Stany Zjednoczone udzieli\u0142y w poniedzia\u0142ek Polsce po\u017cyczki bezpo\u015bredniej o warto\u015bci 2 miliard\u00f3w dolar\u00f3w w ramach zagranicznego finansowania wojskowego (FMF) w celu wsparcia modernizacji polskiej obronno\u015bci - poinformowa\u0142 Departament Stanu USA.", "link": "https://forsal.pl/gospodarka/artykuly/9306952,usa-pozyczyly-polsce-2-mld-dol-skorzysta-wojsko.html", "date_published": "2023-09-25T15:10:59+00:00", "bookmarked": false, "dead": null, "artist": "Forsal.pl", "album": "Forsal.pl", "user": null, "language": "pl-PL", "thumbnail": null}, {"source": "https://forsal.pl/.feed", "title": "MF podnosi mar\u017ce obligacji 2-letnich pomimo obni\u017cenia st\u00f3p przez NBP", "description": "<img align=\"right\" hspace=\"5\" src=\"https://ocdn.eu/pulscms-transforms/1/jsEktkuTURBXy8zODczMWE2NS0zYzc1LTQxMjUtOGY1Yi0wNTZhZTA4ZDU5MDAuanBlZ5GTBc0BHcyg\" />Ministerstwo Finans\u00f3w podnios\u0142o preferencyjn\u0105 mar\u017c\u0119 pa\u017adziernikowych obligacji 2-letnich, kt\u00f3rych oprocentowanie wynika ze stopy referencyjnej NBP i mar\u017ce dla obligacji 4-, 6-, 10 i 12-letnich, kt\u00f3rych oprocentowanie uzale\u017cnione jest od inflacji - poinformowa\u0142 w poniedzia\u0142ek resort.", "link": "https://forsal.pl/gospodarka/finanse-publiczne/artykuly/9306928,mf-podnosi-marze-obligacji-2-letnich-pomimo-obnizenia-stop-przez-nbp.html", "date_published": "2023-09-25T14:33:08+00:00", "bookmarked": false, "dead": null, "artist": "Forsal.pl", "album": "Forsal.pl", "user": null, "language": "pl-PL", "thumbnail": null}, {"source": "https://forsal.pl/.feed", "title": "Okrutne tortury Rosjan w Ukrainie. Ofiary zam\u0119czone na \u015bmier\u0107", "description": "<img align=\"right\" hspace=\"5\" src=\"https://ocdn.eu/pulscms-transforms/1/-HzktkuTURBXy84MGUzNzNhZC0yODQ5LTRmODUtOWE5Zi1lMWJlODZlYzJmZmYuanBlZ5GTBc0BHcyg\" />Stosowane przez Rosjan metody tortur na okupowanych przez nich terytoriach Ukrainy by\u0142y tak brutalne, \u017ce niekt\u00f3re z ofiar zam\u0119czono na \u015bmier\u0107 - o\u015bwiadczy\u0142 w poniedzia\u0142ek w Genewie Erik Mose, przewodnicz\u0105cy komisji \u015bledczej ds. Ukrainy dzia\u0142aj\u0105cej pod mandatem ONZ.", "link": "https://forsal.pl/swiat/ukraina/artykuly/9306922,okrutne-tortury-rosjan-w-ukrainie-ofiary-zameczone-na-smierc.html", "date_published": "2023-09-25T14:28:33+00:00", "bookmarked": false, "dead": null, "artist": "Forsal.pl", "album": "Forsal.pl", "user": null, "language": "pl-PL", "thumbnail": null}, {"source": "https://forsal.pl/.feed", "title": "Ukraina: W naszych atakach na Sewastopol zgin\u0105\u0142 dow\u00f3dca Floty Czarnomorskiej", "description": "<img align=\"right\" hspace=\"5\" src=\"https://ocdn.eu/pulscms-transforms/1/aXHktkuTURBXy9mZDBhNzIyMS03YjgyLTRiMjgtOTJhZC1jNTdiMzU0OWZmOTYuanBlZ5GTBc0BHcyg\" />W wyniku ostatnich operacji ukrai\u0144skich si\u0142 specjalnych wymierzonych w cele w Sewastopolu na zajmowanym przez Rosjan Krymie zgin\u0119\u0142o 96 okupant\u00f3w, w tym dow\u00f3dca Floty Czarnomorskiej admira\u0142 Wiktor Soko\u0142ow; zniszczono te\u017c okr\u0119t desantowy Mi\u0144sk - przekaza\u0142y w poniedzia\u0142ek Si\u0142y Operacji Specjalnych ukrai\u0144skiej armii.", "link": "https://forsal.pl/swiat/ukraina/artykuly/9306866,ukraina-w-naszych-atakach-na-sewastopol-zginal-dowodca-floty-czarnomo.html", "date_published": "2023-09-25T13:27:48+00:00", "bookmarked": false, "dead": null, "artist": "Forsal.pl", "album": "Forsal.pl", "user": null, "language": "pl-PL", "thumbnail": null}, {"source": "https://forsal.pl/.feed", "title": "Akcjonariusze Archicomu zdecydowali o emisji do \u0142\u0105cznie 10 mln akcji serii D i E", "description": "<img align=\"right\" hspace=\"5\" src=\"https://ocdn.eu/pulscms-transforms/1/pFsktkuTURBXy8xZGFiMmY3Mi1hYjZhLTRjNDEtODBkYS1iYTRkMDdlMTU5OTYuanBlZ5GTBc0BHcyg\" />undefined", "link": "https://forsal.pl/finanse/gielda/artykuly/9306861,akcjonariusze-archicomu-zdecydowali-o-emisji-do-lacznie-10-mln-akcji-s.html", "date_published": "2023-09-25T13:22:28+00:00", "bookmarked": false, "dead": null, "artist": "Forsal.pl", "album": "Forsal.pl", "user": null, "language": "pl-PL", "thumbnail": null}, {"source": "https://forsal.pl/.feed", "title": "Orban: Nie b\u0119dziemy wspiera\u0107 Ukrainy w \u017cadnej sprawie, dop\u00f3ki nie przywr\u00f3ci praw W\u0119gr\u00f3w na Zakarpaciu", "description": "<img align=\"right\" hspace=\"5\" src=\"https://ocdn.eu/pulscms-transforms/1/i_gktkuTURBXy81ZTQxZWYyMC1iMjE0LTQ2ZDUtOGVhNS02NjQzMWUxMjUxMTEuanBlZ5GTBc0BHcyg\" />Nie b\u0119dziemy wspiera\u0107 Ukrainy w \u017cadnej sprawie na arenie mi\u0119dzynarodowej, dop\u00f3ki rz\u0105d w Kijowie nie przywr\u00f3ci praw mniejszo\u015bci w\u0119gierskiej na Zakarpaciu \u2013 powiedzia\u0142 w poniedzia\u0142ek premier W\u0119gier Viktor Orban podczas inauguracji jesiennej sesji parlamentu.", "link": "https://forsal.pl/gospodarka/polityka/artykuly/9306850,orban-nie-bedziemy-wspierac-ukrainy-w-zadnej-sprawie-dopoki-nie-przy.html", "date_published": "2023-09-25T13:02:53+00:00", "bookmarked": false, "dead": null, "artist": "Forsal.pl", "album": "Forsal.pl", "user": null, "language": "pl-PL", "thumbnail": null}, {"source": "https://forsal.pl/.feed", "title": "Afera z dwiema wie\u017cami sp\u00f3\u0142ki Srebrna powraca. PiS bagatelizuje spraw\u0119, KO chce wyja\u015bnie\u0144 od Kaczy\u0144skiego", "description": "<img align=\"right\" hspace=\"5\" src=\"https://ocdn.eu/pulscms-transforms/1/zd7ktkuTURBXy9mZDE2ODRhMS0yNzgwLTRmOTUtYmZlYi1iM2NkZDY3Zjg0NzUuanBlZ5GTBc0BHcyg\" />Z uwagi na brak programu i propozycji merytorycznych opozycja pr\u00f3buje &quot;kr\u0119ci\u0107 kolejn\u0105 wydmuszk\u0119&quot; - powiedzia\u0142 w poniedzia\u0142ek rzecznik PiS Rafa\u0142 Bochenek, komentuj\u0105c doniesienia medialne zwi\u0105zane ze spraw\u0105 sp\u00f3\u0142ki Srebrna. Politycy KO domagaj\u0105 si\u0119 wyja\u015bnie\u0144 od prezesa PiS Jaros\u0142awa Kaczy\u0144skiego.", "link": "https://forsal.pl/gospodarka/polityka/artykuly/9306829,afera-z-dwiema-wiezami-spolki-srebrna-powraca-pis-bagatelizuje-sprawe.html", "date_published": "2023-09-25T12:46:48+00:00", "bookmarked": false, "dead": null, "artist": "Forsal.pl", "album": "Forsal.pl", "user": null, "language": "pl-PL", "thumbnail": null}, {"source": "https://forsal.pl/.feed", "title": "Ze\u0142enski: Dotar\u0142y ju\u017c do nas pierwsze czo\u0142gi Abrams z USA", "description": "<img align=\"right\" hspace=\"5\" src=\"https://ocdn.eu/pulscms-transforms/1/6nIktkuTURBXy9jNjQ3MDkyOS1iMTVmLTRmMzQtYTc4My0zYTZiMzkwMjRkNmIuanBlZ5GTBc0BHcyg\" />Pierwsza partia ameryka\u0144skich czo\u0142g\u00f3w Abrams dotar\u0142a na Ukrain\u0119 - poinformowa\u0142 w poniedzia\u0142ek prezydent tego kraju Wo\u0142odymyr Ze\u0142enski w mediach spo\u0142eczno\u015bciowych.", "link": "https://forsal.pl/swiat/ukraina/artykuly/9306825,zelenski-dotarly-juz-do-nas-pierwsze-czolgi-abrams-z-usa.html", "date_published": "2023-09-25T12:44:44+00:00", "bookmarked": false, "dead": null, "artist": "Forsal.pl", "album": "Forsal.pl", "user": null, "language": "pl-PL", "thumbnail": null}, {"source": "https://forsal.pl/.feed", "title": "Jakie perspektywy maj\u0105 gospodarki USA i Chin? To Pekin ma wi\u0119kszy problem", "description": "<img align=\"right\" hspace=\"5\" src=\"https://ocdn.eu/pulscms-transforms/1/BKhktkuTURBXy8xNmZiMjUxZi1kMzA2LTQwNTItODU5Yi04MzgzNzJlMmZiYzMuanBlZ5GTBc0BHcyg\" />Perspektywy dla ameryka\u0144skiej gospodarki na najbli\u017csze kwarta\u0142y s\u0105 umiarkowanie pozytywne, cho\u0107 wci\u0105\u017c nie mo\u017cna wykluczy\u0107 recesji - uwa\u017caj\u0105 uczestnicy XXXII debaty PAP Biznes \u201eStrategie rynkowe TFI\u201d. Ryzykiem dla globalnej gospodarki jest sytuacja w Chinach - w d\u0142u\u017cszej perspektywie kraj ten mo\u017ce do\u015bwiadczy\u0107 istotnego kryzysu. Ryzykiem jest te\u017c utrzymanie si\u0119 inflacji na podwy\u017cszonym poziomie przez d\u0142u\u017cszy czas.", "link": "https://forsal.pl/gospodarka/artykuly/9306821,jakie-perspektywy-maja-gospodarki-usa-i-chin-to-pekin-ma-wiekszy-prob.html", "date_published": "2023-09-25T12:42:11+00:00", "bookmarked": false, "dead": null, "artist": "Forsal.pl", "album": "Forsal.pl", "user": null, "language": "pl-PL", "thumbnail": null}, {"source": "https://forsal.pl/.feed", "title": "Zainteresowani zakupem VeloBanku sk\u0142adaj\u0105 oferty. W\u015br\u00f3d nich s\u0105 trzy ameryka\u0144skie fundusze inwestycyjne", "description": "<img align=\"right\" hspace=\"5\" src=\"https://ocdn.eu/pulscms-transforms/1/YU-ktkuTURBXy84OGY0Y2ViNC1mODgxLTQwOTYtYTlkMC1mODUzYTUyY2QyNGYuanBlZ5GTBc0BHcyg\" />undefined", "link": "https://forsal.pl/biznes/bankowosc/artykuly/9306745,zainteresowani-zakupem-velobanku-skladaja-oferty-wsrod-nich-sa-trzy-a.html", "date_published": "2023-09-25T11:52:39+00:00", "bookmarked": false, "dead": null, "artist": "Forsal.pl", "album": "Forsal.pl", "user": null, "language": "pl-PL", "thumbnail": null}, {"source": "https://forsal.pl/.feed", "title": "Sado\u015b: Chcemy transparentno\u015bci w temacie rozm\u00f3w KE-Ukraina dotycz\u0105cych zbo\u017ca", "description": "<img align=\"right\" hspace=\"5\" src=\"https://ocdn.eu/pulscms-transforms/1/g6YktkuTURBXy9jNjg4Y2M4ZS1kYTVjLTQ2NmQtYWMxNy1lNzI0Yjg4NDVjODguanBlZ5GTBc0BHcyg\" />Polska z\u0142o\u017cy we wtorek w Brukseli wniosek o przedstawienie 27 pa\u0144stwom cz\u0142onkowskim UE przez Komisj\u0119 Europejsk\u0105 informacji na temat rozm\u00f3w z Ukrain\u0105 w sprawie zbo\u017ca - poinformowa\u0142 PAP Sta\u0142y Przedstawiciel Polski przy UE Andrzej Sado\u015b.", "link": "https://forsal.pl/swiat/unia-europejska/artykuly/9306694,sados-chcemy-transparentnosci-w-temacie-rozmow-ke-ukraina-dotyczacych.html", "date_published": "2023-09-25T11:16:57+00:00", "bookmarked": false, "dead": null, "artist": "Forsal.pl", "album": "Forsal.pl", "user": null, "language": "pl-PL", "thumbnail": null}, {"source": "https://forsal.pl/.feed", "title": "Politico: \"Mi\u0119dzynarodowa\" armia Rosji szuka nowych rekrut\u00f3w. Na ukrai\u0144ski front trafiaj\u0105 Kuba\u0144czycy", "description": "<img align=\"right\" hspace=\"5\" src=\"https://ocdn.eu/pulscms-transforms/1/xeZktkuTURBXy9kOWIwZmFhYy0wYzg1LTQ1MTUtYWFmYy04ZmQ5OTJkYTkzYjguanBlZ5GTBc0BHcyg\" />Brukselski portal Politico opisuje w poniedzia\u0142ek, jak Rosja pr\u00f3buje werbowa\u0107 na Kubie najemnik\u00f3w na wojn\u0119 przeciwko Ukrainie. Desperacja m\u0142odych Kuba\u0144czyk\u00f3w jest tak du\u017ca, \u017ce decyduj\u0105 si\u0119 na s\u0142u\u017cb\u0119 w rosyjskiej armii - czytamy w artykule.", "link": "https://forsal.pl/swiat/rosja/artykuly/9306681,politico-miedzynarodowa-armia-rosji-szuka-nowych-rekrutow-na-ukrai.html", "date_published": "2023-09-25T11:01:22+00:00", "bookmarked": false, "dead": null, "artist": "Forsal.pl", "album": "Forsal.pl", "user": null, "language": "pl-PL", "thumbnail": null}, {"source": "https://forsal.pl/.feed", "title": "Autobusy miejskie ogranicz\u0105 emisje do zera? Rada UE zaakceptowa\u0142a projekt normy Euro 7 i szykuje si\u0119 do negocjacji z PE", "description": "<img align=\"right\" hspace=\"5\" src=\"https://ocdn.eu/pulscms-transforms/1/7U8ktkuTURBXy9iYTIwMDAyNy05ZDc3LTQwOTMtYjMxMi0wZDc2MzE3MzQ0NjkuanBlZ5GTBc0BHcyg\" />Rada UE (pa\u0144stwa cz\u0142onkowskie) przyj\u0119\u0142a w poniedzia\u0142ek swoje stanowisko negocjacyjne w sprawie projektu rozporz\u0105dzenia dotycz\u0105cego homologacji pojazd\u00f3w i silnik\u00f3w. Chodzi o wprowadzenie normy Euro 7. Celem projektu jest obni\u017cenie emisji substancji zanieczyszczaj\u0105cych powietrze w transporcie drogowym.", "link": "https://forsal.pl/biznes/energetyka/artykuly/9306663,autobusy-miejskie-ogranicza-emisje-do-zera-rada-ue-zaakceptowala-proj.html", "date_published": "2023-09-25T10:43:36+00:00", "bookmarked": false, "dead": null, "artist": "Forsal.pl", "album": "Forsal.pl", "user": null, "language": "pl-PL", "thumbnail": null}, {"source": "https://forsal.pl/.feed", "title": "Kt\u00f3re partie wejd\u0105 do Sejmu? Najnowszy sonda\u017c", "description": "<img align=\"right\" hspace=\"5\" src=\"https://ocdn.eu/pulscms-transforms/1/PaCktkuTURBXy81ZWEzMTE2MC05MzRkLTRkMTUtYjEyMy03MGQwMDAzMTQ5ZjAuanBlZ5GTBc0BHcyg\" />Na Zjednoczon\u0105 Prawic\u0119 chce obecnie g\u0142osowa\u0107 33,8 proc. ankietowanych; na KO - 28,1 proc.; na Trzeci\u0105 Drog\u0119 - 9 proc.; na Konfederacj\u0119 - 8,8 proc., a na Lewic\u0119 - 8,7 proc. - wynika z opublikowanego w poniedzia\u0142ek sonda\u017cu United Surveys dla Wirtualnej Polski.", "link": "https://forsal.pl/gospodarka/polityka/artykuly/9306658,wybory-2023-nowy-sondaz-ktore-partie-wejda-do-sejmu.html", "date_published": "2023-09-25T10:34:18+00:00", "bookmarked": false, "dead": null, "artist": "Forsal.pl", "album": "Forsal.pl", "user": null, "language": "pl-PL", "thumbnail": null}, {"source": "https://forsal.pl/.feed", "title": "Selvita otrzyma\u0142a zlecenia o warto\u015bci ponad 15 mln z\u0142 od firmy farmaceutycznej", "description": "<img align=\"right\" hspace=\"5\" src=\"https://ocdn.eu/pulscms-transforms/1/yfaktkuTURBXy9jN2E5ZTliNS05MWE0LTRlNzgtYjVjZS04ZTdkNDdkMDRjMzQuanBlZ5GTBc0BHcyg\" />undefined", "link": "https://forsal.pl/finanse/gielda/artykuly/9306657,selvita-otrzymala-zlecenia-o-wartosci-ponad-15-mln-zl-od-firmy-farmace.html", "date_published": "2023-09-25T10:31:23+00:00", "bookmarked": false, "dead": null, "artist": "Forsal.pl", "album": "Forsal.pl", "user": null, "language": "pl-PL", "thumbnail": null}, {"source": "https://forsal.pl/.feed", "title": "Dekpol mia\u0142 25,55 mln z\u0142 zysku netto, 47,2 mln z\u0142 zysku EBITDA w I po\u0142. 2023 r.", "description": "<img align=\"right\" hspace=\"5\" src=\"https://ocdn.eu/pulscms-transforms/1/dk1ktkuTURBXy84ZDM4M2FkNC02OTczLTQ3MjUtYmI5MC00NDk1NjlhNGRiMTguanBlZ5GTBc0BHcyg\" />undefined", "link": "https://forsal.pl/finanse/gielda/artykuly/9306656,dekpol-mial-2555-mln-zl-zysku-netto-472-mln-zl-zysku-ebitda-w-i-pol.html", "date_published": "2023-09-25T10:28:35+00:00", "bookmarked": false, "dead": null, "artist": "Forsal.pl", "album": "Forsal.pl", "user": null, "language": "pl-PL", "thumbnail": null}, {"source": "https://forsal.pl/.feed", "title": "Wojas mia\u0142 7,81 mln z\u0142 zysku netto, 10,49 mln z\u0142 zysku EBIT w I po\u0142. 2023 r.", "description": "<img align=\"right\" hspace=\"5\" src=\"https://ocdn.eu/pulscms-transforms/1/3EHktkuTURBXy82ZmY3MmVlMC1mODRhLTQzOTgtOWQ5Yy0yOGM0MGYwNWQ4ZTguanBlZ5GTBc0BHcyg\" />undefined", "link": "https://forsal.pl/finanse/gielda/artykuly/9306652,wojas-mial-781-mln-zl-zysku-netto-1049-mln-zl-zysku-ebit-w-i-pol-2.html", "date_published": "2023-09-25T10:26:48+00:00", "bookmarked": false, "dead": null, "artist": "Forsal.pl", "album": "Forsal.pl", "user": null, "language": "pl-PL", "thumbnail": null}, {"source": "https://forsal.pl/.feed", "title": "Rynek nieruchomo\u015bci czeka boom? W rok ceny transakcyjne mieszka\u0144 wzrosn\u0105 o 10-15 proc.", "description": "<img align=\"right\" hspace=\"5\" src=\"https://ocdn.eu/pulscms-transforms/1/hs4ktkuTURBXy84NzgxMWRhYi1iYTIzLTQxNzYtYjRiNy1mNGFmNzQzZTdkZjYuanBlZ5GTBc0BHcyg\" />undefined", "link": "https://forsal.pl/nieruchomosci/mieszkania/artykuly/9306645,rynek-nieruchomosci-czeka-boom-w-rok-ceny-transakcyjne-mieszkan-wzros.html", "date_published": "2023-09-25T10:23:02+00:00", "bookmarked": false, "dead": null, "artist": "Forsal.pl", "album": "Forsal.pl", "user": null, "language": "pl-PL", "thumbnail": null}, {"source": "https://forsal.pl/.feed", "title": "Polacy rezygnuj\u0105 z kosmetyk\u00f3w ekologicznych. Wybieraj\u0105 marki w\u0142asne i promocji", "description": "<img align=\"right\" hspace=\"5\" src=\"https://ocdn.eu/pulscms-transforms/1/PXIktkuTURBXy8wZTU0NzJlNC1hN2M5LTRmYWMtOThkNC02ZTM5ZjUwMmUwZWIuanBlZ5GTBc0BHcyg\" />Warto\u015b\u0107 sektora kosmetyk\u00f3w ekologicznych, organicznych i bio wynosi 224 mln z\u0142, co oznacza spadek o 9 proc. rdr. - wynika z badania firmy GfK. Natomiast warto\u015b\u0107 ca\u0142ego rynku kosmetyk\u00f3w ro\u015bnie; najlepiej sprzedaj\u0105 si\u0119 marki w\u0142asne i oferowane w promocji - dodano.", "link": "https://forsal.pl/biznes/handel/artykuly/9306634,polacy-rezygnuja-z-kosmetykow-ekologicznych-wybieraja-marki-wlasne-i.html", "date_published": "2023-09-25T10:05:41+00:00", "bookmarked": false, "dead": null, "artist": "Forsal.pl", "album": "Forsal.pl", "user": null, "language": "pl-PL", "thumbnail": null}, {"source": "https://forsal.pl/.feed", "title": "KRD wskaza\u0142 najbardziej zad\u0142u\u017cone miasta powiatowe w Polsce. Gdzie mieszka najwi\u0119cej d\u0142u\u017cnik\u00f3w?", "description": "<img align=\"right\" hspace=\"5\" src=\"https://ocdn.eu/pulscms-transforms/1/8UOktkuTURBXy83OWJiZWI1ZC1iNDA2LTRmMjEtOGM0Mi1kMzcyNWJiNTU5YzQuanBlZ5GTBc0BHcyg\" />Wa\u0142brzych jest najbardziej zad\u0142u\u017conym miastem w Polsce na prawach powiatu, \u015brednia zaleg\u0142o\u015b\u0107 jednego d\u0142u\u017cnika to 23,7 tys. z\u0142. W pierwszej tr\u00f3jce s\u0105 te\u017c Bytom i \u015awi\u0119toch\u0142owice - wynika z rankingu KRD. W czo\u0142\u00f3wce powiat\u00f3w z najwi\u0119kszym d\u0142ugiem s\u0105: nowodworski, sztumski i malborski.", "link": "https://forsal.pl/gospodarka/finanse-publiczne/artykuly/9306621,krd-wskazal-najbardziej-zadluzone-miasta-powiatowe-w-polsce-gdzie-mie.html", "date_published": "2023-09-25T09:53:17+00:00", "bookmarked": false, "dead": null, "artist": "Forsal.pl", "album": "Forsal.pl", "user": null, "language": "pl-PL", "thumbnail": null}, {"source": "https://forsal.pl/.feed", "title": "Rynek pracy: Analitycy PIE spodziewaj\u0105 si\u0119 niewielkich zmian poziomu bezrobocia w nadchodz\u0105cych miesi\u0105cach", "description": "<img align=\"right\" hspace=\"5\" src=\"https://ocdn.eu/pulscms-transforms/1/DuvktkuTURBXy9iMWRlZmVjOC1mYmVkLTQ3NjAtYTkxNC02ZjhhNjljOTA3YTMuanBlZ5GTBc0BHcyg\" />Stopa bezrobocia do listopada powinna si\u0119 waha\u0107 w niewielkim stopniu - oceni\u0142 Polski Instytut Ekonomiczny w komentarzu do poniedzia\u0142kowych danych G\u0142\u00f3wnego Urz\u0119du Statystycznego. Wed\u0142ug PIE bezrobocie na pocz\u0105tku przysz\u0142ego roku mo\u017ce wzrosn\u0105\u0107 do 5,5 proc.", "link": "https://forsal.pl/praca/bezrobocie/artykuly/9306581,rynek-pracy-analitycy-pie-spodziewaja-sie-niewielkich-zmian-poziomu-b.html", "date_published": "2023-09-25T09:13:26+00:00", "bookmarked": false, "dead": null, "artist": "Forsal.pl", "album": "Forsal.pl", "user": null, "language": "pl-PL", "thumbnail": null}, {"source": "https://forsal.pl/.feed", "title": "Rumu\u0144sko-austriackie tarcia polityczne z blokad\u0105 strefy Schengen i NATO w tle", "description": "<img align=\"right\" hspace=\"5\" src=\"https://ocdn.eu/pulscms-transforms/1/taektkuTURBXy84NTg2N2RmYi1lZjAyLTQ3MDQtOGM1ZC0wNmMzNzQ2ZTY5YjUuanBlZ5GTBc0BHcyg\" />Bukareszt blokuje akredytacj\u0119 austriackich wys\u0142annik\u00f3w przy NATO w reakcji na weto Wiednia w sprawie akcesji Rumunii do strefy Schengen \u2013 pisz\u0105 austriackie i rumu\u0144skie media. Eurodeputowany Raresz Bogdan powiedzia\u0142 telewizji Digi24, \u017ce \u201ejest to jedyne rozwi\u0105zanie\u201d.", "link": "https://forsal.pl/swiat/unia-europejska/artykuly/9306558,rumunsko-austriackie-tarcia-polityczne-z-blokada-strefy-schengen-i-nat.html", "date_published": "2023-09-25T08:48:15+00:00", "bookmarked": false, "dead": null, "artist": "Forsal.pl", "album": "Forsal.pl", "user": null, "language": "pl-PL", "thumbnail": null}, {"source": "https://forsal.pl/.feed", "title": "Koronawirus w Polsce: 13 zaka\u017ce\u0144, nie by\u0142o przypadk\u00f3w \u015bmiertelnych [DANE Z 25.09]", "description": "<img align=\"right\" hspace=\"5\" src=\"https://ocdn.eu/pulscms-transforms/1/3QYktkuTURBXy9lNjE1ZGFlZC02OTg5LTQzNzItOTg5OS1jZWEzOWVhODg4OWYuanBlZ5GTBc0BHcyg\" />Minionej doby badania potwierdzi\u0142y 13zaka\u017ce\u0144 koronawirusem. Z powodu COVID-19 nie zmar\u0142 \u017caden pacjent \u2013 poinformowano w poniedzia\u0142ek na stronach rz\u0105dowych. Wykonano 349 test\u00f3w w kierunku SARS-CoV-2.", "link": "https://forsal.pl/artykuly/1458115,koronawirus-w-polsce-13-zakazen-nie-bylo-przypadkow-smiertelnych-da.html", "date_published": "2023-09-25T08:39:55+00:00", "bookmarked": false, "dead": null, "artist": "Forsal.pl", "album": "Forsal.pl", "user": null, "language": "pl-PL", "thumbnail": null}, {"source": "https://forsal.pl/.feed", "title": "ISW: Szojgu dosta\u0142 mniej ni\u017c dwa tygodnie na zatrzymanie ukrai\u0144skiej kontrofensywy", "description": "<img align=\"right\" hspace=\"5\" src=\"https://ocdn.eu/pulscms-transforms/1/ezfktkuTURBXy8zZjEzYTM3OC03YzFjLTQxZjgtODc2Yy0zYmU5MTg5NTJiNzYuanBlZ5GTBc0BHcyg\" />W\u0142adimir Putin mia\u0142 da\u0107 ministrowi obrony Rosji Siergiejowi Szojgu czas do pocz\u0105tku pa\u017adziernika na zatrzymanie ukrai\u0144skiej kontrofensywy i przej\u0119cie inicjatywy na froncie \u2013 pisze w najnowszej analizie ameryka\u0144ski Instytut Studi\u00f3w nad Wojn\u0105 (ISW).", "link": "https://forsal.pl/swiat/rosja/artykuly/9306541,isw-szojgu-dostal-mniej-niz-dwa-tygodnie-na-zatrzymanie-ukrainskiej-k.html", "date_published": "2023-09-25T08:28:08+00:00", "bookmarked": false, "dead": null, "artist": "Forsal.pl", "album": "Forsal.pl", "user": null, "language": "pl-PL", "thumbnail": null}, {"source": "https://forsal.pl/.feed", "title": "Bezrobocie w Polsce. GUS poda\u0142 najnowsze dane", "description": "<img align=\"right\" hspace=\"5\" src=\"https://ocdn.eu/pulscms-transforms/1/BoSktkuTURBXy81ODJiNzRkNC1hOGViLTRjMGYtYWE0Mi00MmU3OTM2ZjhiNmEuanBlZ5GTBc0BHcyg\" />Stopa bezrobocia w sierpniu 2023 r. wynios\u0142a 5,0 proc. wobec 5,0 proc. miesi\u0105c wcze\u015bniej - poda\u0142 G\u0142\u00f3wny Urz\u0105d Statystyczny.", "link": "https://forsal.pl/praca/bezrobocie/artykuly/9306647,bezrobocie-w-polsce-gus-podal-najnowsze-dane.html", "date_published": "2023-09-25T08:00:00+00:00", "bookmarked": false, "dead": null, "artist": "Forsal.pl", "album": "Forsal.pl", "user": null, "language": "pl-PL", "thumbnail": null}, {"source": "https://forsal.pl/.feed", "title": "Koniec strajku scenarzyst\u00f3w. Protestuj\u0105cy porozumieli si\u0119 wst\u0119pnie z g\u0142\u00f3wnymi studiami filmowymi", "description": "<img align=\"right\" hspace=\"5\" src=\"https://ocdn.eu/pulscms-transforms/1/GSwktkuTURBXy8zNjhhY2YxYy03Yzk0LTQwNDMtYjBiYS02YzI5NTBmNGJiY2IuanBlZ5GTBc0BHcyg\" />Ameryka\u0144ska Gildia Scenarzyst\u00f3w (WGA) dosz\u0142a w niedziel\u0119 do wst\u0119pnego porozumienia z g\u0142\u00f3wnymi wytw\u00f3rniami filmowymi. Umowa ma zako\u0144czy\u0107 trwaj\u0105cy od 2 maja strajk scenarzyst\u00f3w, kt\u00f3ry doprowadzi\u0142 do wstrzymania wielu produkcji i miliardowych strat ameryka\u0144skiego przemys\u0142u filmowego.", "link": "https://forsal.pl/swiat/usa/artykuly/9306444,koniec-strajku-scenarzystow-protestujacy-porozumieli-sie-wstepnie-z-g.html", "date_published": "2023-09-25T07:01:09+00:00", "bookmarked": false, "dead": null, "artist": "Forsal.pl", "album": "Forsal.pl", "user": null, "language": "pl-PL", "thumbnail": null}, {"source": "https://forsal.pl/.feed", "title": "Komu Polacy ufaj\u0105 najbardziej, a komu najmniej? Oto nowy sonda\u017c", "description": "<img align=\"right\" hspace=\"5\" src=\"https://ocdn.eu/pulscms-transforms/1/IUUktkuTURBXy9jYzBjM2YzNC1mMDQxLTQ5ZDAtYTYyMy03YWVhNmQxMTE4YTcuanBlZ5GTBc0BHcyg\" />Andrzej Duda wyprzedzi\u0142 Rafa\u0142a Trzaskowskiego i powr\u00f3ci\u0142 na pierwsze miejsce w rankingu zaufania do os\u00f3b publicznych. Swoje notowania poprawili premier Mateusz Morawiecki i lider Platformy Obywatelskiej Donald Tusk, kolejny raz walcz\u0105c o ostatnie miejsce na podium \u2014 wynika z najnowszego sonda\u017cu IBRiS dla Onetu.", "link": "https://forsal.pl/gospodarka/polityka/artykuly/9306433,komu-polacy-ufaja-najbardziej-a-komu-najmniej-oto-nowy-sondaz.html", "date_published": "2023-09-25T06:49:58+00:00", "bookmarked": false, "dead": null, "artist": "Forsal.pl", "album": "Forsal.pl", "user": null, "language": "pl-PL", "thumbnail": null}, {"source": "https://forsal.pl/.feed", "title": "Kto wygra wybory? Jest nowy sonda\u017c", "description": "<img align=\"right\" hspace=\"5\" src=\"https://ocdn.eu/pulscms-transforms/1/VF8ktkuTURBXy8zMGIxYzAxNS1kNzM3LTQ1YTEtYjljOC1iMDFlZjk2NTQ3NTIuanBlZ5GTBc0BHcyg\" />W najnowszym sonda\u017cu wyborczym Instytutu Bada\u0144 Pollster wykonanym dla &quot;Super Expressu\u201d liderem pozostaje Zjednoczona Prawica (36,76 proc. g\u0142os\u00f3w), a na drugim miejscu utrzymuje si\u0119 Koalicja Obywatelska (30,44 proc.).", "link": "https://forsal.pl/gospodarka/polityka/artykuly/9306419,kto-wygra-wybory-2023-jest-nowy-sondaz.html", "date_published": "2023-09-25T06:37:20+00:00", "bookmarked": false, "dead": null, "artist": "Forsal.pl", "album": "Forsal.pl", "user": null, "language": "pl-PL", "thumbnail": null}, {"source": "https://forsal.pl/.feed", "title": "Mi\u0119so z laboratorium? Jego produkcja jest coraz ta\u0144sza", "description": "<img align=\"right\" hspace=\"5\" src=\"https://ocdn.eu/pulscms-transforms/1/6F2ktkuTURBXy9kNGQ3ZWI1Ny0xMzRmLTQyYTUtOTA4Ni00ZDc3YjM1YzRmZjMuanBlZ5GTBc0BHcyg\" />Pierwszy &quot;sztuczny&quot; burger wytworzony 10 lat temu, kosztowa\u0142 250 tys. dolar\u00f3w, obecnie szasz\u0142yk z kurczaka mo\u017cna kupi\u0107 ju\u017c za 14 dolar\u00f3w. Na ca\u0142ym \u015bwiecie coraz wi\u0119cej firm anga\u017cuje si\u0119 w produkcj\u0119 mi\u0119sa kom\u00f3rkowego. W tym wy\u015bcigu bierze udzia\u0142 te\u017c polska firma LabFarm.", "link": "https://forsal.pl/lifestyle/nauka/artykuly/9306410,mieso-z-laboratorium-jego-produkcja-jest-coraz-tansza.html", "date_published": "2023-09-25T06:32:36+00:00", "bookmarked": false, "dead": null, "artist": "Forsal.pl", "album": "Forsal.pl", "user": null, "language": "pl-PL", "thumbnail": null}, {"source": "https://forsal.pl/.feed", "title": "Surowce. Mied\u017a w Londynie tanieje", "description": "<img align=\"right\" hspace=\"5\" src=\"https://ocdn.eu/pulscms-transforms/1/K8VktkuTURBXy8xYjA3NjVkZS1mNzQ5LTQwOTAtOWYzNy05OWE3NDQ2NjRjMzQuanBlZ5GTBc0BHcyg\" />Ceny miedzi na gie\u0142dzie metali LME w Londynie nieznacznie spadaj\u0105 na pocz\u0105tku nowego tygodnia handlu. Metal na LME jest wyceniany ni\u017cej o 0,2 proc. wobec 8.222,00 USD za ton\u0119 notowanych na zako\u0144czenie poprzedniej sesji - informuj\u0105 maklerzy.", "link": "https://forsal.pl/finanse/notowania/artykuly/9306409,surowce-miedz-w-londynie-tanieje.html", "date_published": "2023-09-25T06:31:59+00:00", "bookmarked": false, "dead": null, "artist": "Forsal.pl", "album": "Forsal.pl", "user": null, "language": "pl-PL", "thumbnail": null}, {"source": "https://forsal.pl/.feed", "title": "Partia Macrona traci. S\u0105 wst\u0119pne wyniki francuskich wybor\u00f3w do Senatu", "description": "<img align=\"right\" hspace=\"5\" src=\"https://ocdn.eu/pulscms-transforms/1/u9dktkuTURBXy8yNTRmYjA1NC0xYTQwLTQwNjUtYTJiNy00NmJmZTk1YTM2NDkuanBlZ5GTBc0BHcyg\" />W cz\u0119\u015bciowych wyborach do Senatu w niedziel\u0119 prawica utrzymuje liczb\u0119 mandat\u00f3w, lewica si\u0119 wzmacnia, Zjednoczenie Narodowe powraca do izby, za\u015b partia prezydenta Emmanuela Macrona zostaje os\u0142abiona - ocenia agencja AFP.", "link": "https://forsal.pl/swiat/aktualnosci/artykuly/9306403,partia-macrona-traci-sa-wstepne-wyniki-francuskich-wyborow-do-senatu.html", "date_published": "2023-09-25T06:25:35+00:00", "bookmarked": false, "dead": null, "artist": "Forsal.pl", "album": "Forsal.pl", "user": null, "language": "pl-PL", "thumbnail": null}, {"source": "https://forsal.pl/.feed", "title": "Surowce. Wahania na rynku ropy naftowej: Brent tanieje, WTI dro\u017ceje", "description": "<img align=\"right\" hspace=\"5\" src=\"https://ocdn.eu/pulscms-transforms/1/BGUktkuTURBXy81YzFhNjU3ZC04ZTVhLTQxNTMtOTI3YS00MGE5Yjk2Yzk4M2MuanBlZ5GTBc0BHcyg\" />W poniedzia\u0142ek po godz. 8 notowania bary\u0142ki ropy Brent na gie\u0142dzie w Londynie spad\u0142y o 1,13 proc., do 92,22 dol. Notowania bary\u0142ki ameryka\u0144skiej ropy WTI na gie\u0142dzie w Nowym Jorku wzros\u0142y o 0,31 proc., do 90,31 dol.", "link": "https://forsal.pl/finanse/notowania/artykuly/9306398,surowce-wahania-na-rynku-ropy-naftowej-brent-tanieje-wti-drozeje.html", "date_published": "2023-09-25T06:23:54+00:00", "bookmarked": false, "dead": null, "artist": "Forsal.pl", "album": "Forsal.pl", "user": null, "language": "pl-PL", "thumbnail": null}, {"source": "https://forsal.pl/.feed", "title": "Wzrost nowych z\u0119b\u00f3w? Trwaj\u0105 prace nad prze\u0142omowym lekiem", "description": "<img align=\"right\" hspace=\"5\" src=\"https://ocdn.eu/pulscms-transforms/1/SolktkuTURBXy81ZDFhZGUwYy01YzhhLTQ5MDMtYTk4Ny05NDVmNjAyZTNhZTIuanBlZ5GTBc0BHcyg\" />Japo\u0144ski startup farmaceutyczny pracuje nad pierwszym na \u015bwiecie lekiem, stymuluj\u0105cym wzrost nowych z\u0119b\u00f3w. Ma pom\u00f3c dzieciom z wrodzon\u0105 wad\u0105 uz\u0119bienia, a w przysz\u0142o\u015bci tak\u017ce zast\u0119powa\u0107 z\u0119by wyrwane osobom doros\u0142ym \u2013 poda\u0142a w niedziel\u0119 agencja Kyodo.", "link": "https://forsal.pl/lifestyle/zdrowie/artykuly/9306397,wzrost-nowych-zebow-trwaja-prace-nad-przelomowym-lekiem.html", "date_published": "2023-09-25T06:19:19+00:00", "bookmarked": false, "dead": null, "artist": "Forsal.pl", "album": "Forsal.pl", "user": null, "language": "pl-PL", "thumbnail": null}, {"source": "https://forsal.pl/.feed", "title": "Wzrost nowych z\u0119b\u00f3w? Trwaj\u0105 prace nad prze\u0142omowym lekiem", "description": "<img align=\"right\" hspace=\"5\" src=\"https://ocdn.eu/pulscms-transforms/1/SolktkuTURBXy81ZDFhZGUwYy01YzhhLTQ5MDMtYTk4Ny05NDVmNjAyZTNhZTIuanBlZ5GTBc0BHcyg\" />Japo\u0144ski startup farmaceutyczny pracuje nad pierwszym na \u015bwiecie lekiem, stymuluj\u0105cym wzrost nowych z\u0119b\u00f3w. Ma pom\u00f3c dzieciom z wrodzon\u0105 wad\u0105 uz\u0119bienia, a w przysz\u0142o\u015bci tak\u017ce zast\u0119powa\u0107 z\u0119by wyrwane osobom doros\u0142ym \u2013 poda\u0142a w niedziel\u0119 agencja Kyodo.", "link": "https://forsal.pl/lifestyle/aktualnosci/artykuly/9306607,wzrost-nowych-zebow-trwaja-prace-nad-przelomowym-lekiem.html", "date_published": "2023-09-25T06:19:19+00:00", "bookmarked": false, "dead": null, "artist": "Forsal.pl", "album": "Forsal.pl", "user": null, "language": "pl-PL", "thumbnail": null}, {"source": "https://forsal.pl/.feed", "title": "Geopolityczny dramat Ormian. Co si\u0119 sta\u0142o w G\u00f3rskim Karabachu? [OPINIA]", "description": "<img align=\"right\" hspace=\"5\" src=\"https://ocdn.eu/pulscms-transforms/1/wwXktkuTURBXy8zNWE3MGIyOC0yNzcwLTQ2OTgtYjAwOC0zYzEyMmJmZTcyMzIuanBlZ5GTBc0BHcyg\" />Azerbejd\u017canowi wystarczy\u0142a doba, by zmusi\u0107 samozwa\u0144cz\u0105 Republik\u0119 G\u00f3rskiego Karabachu, zwan\u0105 tak\u017ce Arcachem, do kapitulacji. Miejscowe w\u0142adze zacz\u0119\u0142y si\u0119 ju\u017c rozbraja\u0107, po czym same zostan\u0105 rozwi\u0105zane, a region \u2013 zintegrowany z Azerbejd\u017canem.", "link": "https://forsal.pl/swiat/aktualnosci/artykuly/9306059,geopolityczny-dramat-ormian-co-sie-stalo-w-gorskim-karabachu-opinia.html", "date_published": "2023-09-25T06:11:20+00:00", "bookmarked": false, "dead": null, "artist": "Forsal.pl", "album": "Forsal.pl", "user": null, "language": "pl-PL", "thumbnail": null}, {"source": "https://forsal.pl/.feed", "title": "Kto odpowiada za oszustwa VAT? Wiemy ju\u017c wi\u0119cej", "description": "<img align=\"right\" hspace=\"5\" src=\"https://ocdn.eu/pulscms-transforms/1/ffiktkuTURBXy81NDYwMGZjOC05NWI4LTQwYmUtYTlhYS05MmIwYzQ0YTZlZWQuanBlZ5GTBc0BHcyg\" />Nieuczciwy pracownik, kt\u00f3ry wykorzysta\u0142 dane pracodawcy bez jego wiedzy i zgody, powinien zap\u0142aci\u0107 VAT z wystawionych przez siebie pustych faktur \u2013 uwa\u017ca rzecznik generalna TSUE. A co, gdy oszustem jest odbiorca towaru?", "link": "https://forsal.pl/gospodarka/artykuly/9305845,kto-odpowiada-za-oszustwa-vat-wiemy-juz-wiecej.html", "date_published": "2023-09-25T06:05:58+00:00", "bookmarked": false, "dead": null, "artist": "Forsal.pl", "album": "Forsal.pl", "user": null, "language": "pl-PL", "thumbnail": null}, {"source": "https://forsal.pl/.feed", "title": "Ile wynosi inflacja w Polsce? Polacy wskazali warto\u015bci [SONDA\u017b DGP I RMF]", "description": "<img align=\"right\" hspace=\"5\" src=\"https://ocdn.eu/pulscms-transforms/1/VRjktkuTURBXy9lYzZmZGJiYi1lMzkxLTQ4OWItYjc2NC1kMGUzOGRkZjUyMTcuanBlZ5GTBc0BHcyg\" />Spada skala postrzeganego wzrostu cen \u2013 pokazuje sonda\u017c United Surveys dla DGP i RMF FM. Pytali\u015bmy w nim, ile zdaniem ankietowanych wynosi obecnie inflacja.", "link": "https://forsal.pl/gospodarka/inflacja/artykuly/9306036,ile-wynosi-inflacja-w-polsce-polacy-wskazali-wartosci-sondaz-dgp-i-r.html", "date_published": "2023-09-25T05:48:08+00:00", "bookmarked": false, "dead": null, "artist": "Forsal.pl", "album": "Forsal.pl", "user": null, "language": "pl-PL", "thumbnail": null}, {"source": "https://forsal.pl/.feed", "title": "Berlin przewerbowa\u0142 Ze\u0142enskiego. \"Zaskoczy\u0142a nas skala dogadania z Niemcami\"", "description": "<img align=\"right\" hspace=\"5\" src=\"https://ocdn.eu/pulscms-transforms/1/N_1ktkuTURBXy83YWNhNDQ1OC0xZGI2LTRiZjktOWU2MC1lNGQ2NTY5YWQzNmYuanBlZ5GTBc0BHcyg\" />Ze\u0142enski wbija ostatni gw\u00f3\u017ad\u017a do trumny przyja\u017ani z Dud\u0105. Polska szykuje symetryczn\u0105 odpowied\u017a na czas po wyborach. Po ofensywie prezydenta Ukrainy i \u201eprzeje\u017adzie\u201d przez Lublin Kij\u00f3w ma zerow\u0105 wiarygodno\u015b\u0107 w polskim rz\u0105dzie i w Pa\u0142acu Prezydenckim. Odtwarzamy kulisy rozm\u00f3w ukrai\u0144sko-niemieckich.", "link": "https://forsal.pl/swiat/ukraina/artykuly/9305997,berlin-przewerbowal-zelenskiego-zaskoczyla-nas-skala-dogadania-z-nie.html", "date_published": "2023-09-25T05:42:01+00:00", "bookmarked": false, "dead": null, "artist": "Forsal.pl", "album": "Forsal.pl", "user": null, "language": "pl-PL", "thumbnail": null}, {"source": "https://forsal.pl/.feed", "title": "Warszawa: Zakaz palenia w\u0119glem. Co powiniene\u015b wiedzie\u0107? Terminy, kary, dofinansowanie", "description": "<img align=\"right\" hspace=\"5\" src=\"https://ocdn.eu/pulscms-transforms/1/ZhmktkuTURBXy9mODY2ZTk1YS00MDhjLTQ4ZjgtYTgxZC1iMzNjNWZkYjU0OGQuanBlZ5GTBc0BHcyg\" />W Polsce wraz z pierwszymi ch\u0142odniejszymi dniami oraz sezonem grzewczym rozpoczyna si\u0119 nowy rozdzia\u0142 w walce z paleniem w\u0119glem. Warszawa staje si\u0119 tym samym kolejnym punktem na mapie kraju, kt\u00f3ry przygotowuje si\u0119 do wprowadzenia restrykcyjnych zakaz\u00f3w. Cho\u0107 aktualnie ju\u017c wiele miejsc na terenie Polski surowo zabrania spalania tego surowca, to stolica staje przed wyzwaniem ograniczenia jego u\u017cywania.", "link": "https://forsal.pl/lifestyle/aktualnosci/artykuly/9303621,warszawa-zakaz-palenia-weglem-co-powinienes-wiedziec-terminy-kary.html", "date_published": "2023-09-25T04:30:00+00:00", "bookmarked": false, "dead": null, "artist": "Forsal.pl", "album": "Forsal.pl", "user": null, "language": "pl-PL", "thumbnail": null}, {"source": "https://forsal.pl/.feed", "title": "Rozpocz\u0105\u0142 si\u0119 nowy rok szkolny. Popularno\u015b\u0107 ChatGPT ponownie ro\u015bnie", "description": "<img align=\"right\" hspace=\"5\" src=\"https://ocdn.eu/pulscms-transforms/1/Ay9ktkuTURBXy9lYmRmNjQxNy05MzYyLTQxYzAtOWI4ZC03YTM3Y2Y4ZWRkZWIuanBlZ5GTBc0BHcyg\" />Jak wynika z nowych szacunk\u00f3w firm analitycznych, po spadku w okresie letnim obecnie u\u017cycie ChatGPT ponownie ro\u015bnie. To jest by\u0107 mo\u017ce najwyra\u017aniejszy dow\u00f3d na to, \u017ce kalendarz szkolny w USA ma bezpo\u015bredni wp\u0142yw na wykorzystanie chatbota.", "link": "https://forsal.pl/lifestyle/technologie/artykuly/9303367,rozpoczal-sie-nowy-rok-szkolny-popularnosc-chatgpt-ponownie-rosnie.html", "date_published": "2023-09-25T04:00:00+00:00", "bookmarked": false, "dead": null, "artist": "Forsal.pl", "album": "Forsal.pl", "user": null, "language": "pl-PL", "thumbnail": null}]