[{"source": "https://www.youtube.com/feeds/videos.xml?channel_id=UCswH8ovgUp5Bdg-0_JTYFNw", "title": "This Is Important", "description": "The State and legacy media war on free speech is in full swing.\n\nWATCH me LIVE weekdays on Rumble: https://bit.ly/russellbrand-rumble\n\nSupport Me Directly HERE: https://rb.rumble.com", "link": "https://www.youtube.com/watch?v=SyMhBeV4lg8", "date_published": "2023-09-25T17:32:26+00:00", "bookmarked": false, "dead": null, "artist": "Russel Brand", "album": "Russel Brand", "user": null, "language": "en-US", "thumbnail": "https://i4.ytimg.com/vi/SyMhBeV4lg8/hqdefault.jpg"}, {"source": "https://www.youtube.com/feeds/videos.xml?channel_id=UCswH8ovgUp5Bdg-0_JTYFNw", "title": "ARE WE BEING SILENCED!? The Battle For Free Speech! Plus, Jimmy Dore - Stay Free #209 PREVIEW", "description": "Join us here for a PREVIEW of our daily one-hour RUMBLE show.\nTo continue watching the show in full, join me live and exclusively over on RUMBLE:\nhttps://bit.ly/Stay-Free-209-Free-Speech\n\nTODAY - Did NATO\u2019s expansion play a pivotal role in triggering Russia\u2019s invasion of Ukraine? Plus, Biden\u2019s disapproval rating hits its highest mark of his presidency, why was Rumble\u2019s live stream of the Republican Debate buried in a Google search? And our special guest is investigative journalist Aaron Mat\u00e9 from The Grayzone.\n\n--------------------------------------------------------------------------------------------------------------------------\n\nFOLLOW and WATCH me LIVE weekdays on Rumble https://rumble.com/russellbrand\n5:00PM BST | 12:00 PM EDT | 9:00AM PDT\n\nSupport this channel directly here: https://rb.rumble.com/", "link": "https://www.youtube.com/watch?v=tu-7_NfXl-I", "date_published": "2023-09-25T15:02:14+00:00", "bookmarked": false, "dead": null, "artist": "Russel Brand", "album": "Russel Brand", "user": null, "language": "en-US", "thumbnail": "https://i1.ytimg.com/vi/tu-7_NfXl-I/hqdefault.jpg"}]