[{"source": "http://feeds.bbci.co.uk/news/technology/rss.xml", "title": "Metaverse: What happened to Mark Zuckerberg's next big thing?", "description": "Two years ago, the metaverse was billed as the next big thing - but many in the tech world have already moved on.", "link": "https://www.bbc.co.uk/news/technology-66913551?at_medium=RSS&at_campaign=KARANGA", "date_published": "2023-09-25T16:02:36+00:00", "bookmarked": false, "dead": null, "artist": "BBC tech", "album": "BBC tech", "user": null, "language": "en-US", "thumbnail": null}]