[{"source": "http://rss.nytimes.com/services/xml/rss/nyt/Technology.xml", "title": "Nuclear Fusion Breakthrough Gets a Bigger Burst of Laser Energy", "description": "Researchers at the National Ignition Facility during a July firing of 192 lasers improved on a December result, but also ended up with duds in other experiments.", "link": "https://www.nytimes.com/2023/09/25/science/nuclear-laser-fusion-nif.html", "date_published": "2023-09-25T19:30:20+00:00", "bookmarked": false, "dead": null, "artist": "NY times technology", "album": "NY times technology", "user": null, "language": "en-US", "thumbnail": null}, {"source": "http://rss.nytimes.com/services/xml/rss/nyt/Technology.xml", "title": "Amazon to Invest Up to $4 Billion in A.I. Start-Up Anthropic", "description": "With its investment of up to $4 billion, Amazon is seeking a bigger footprint in A.I. development, one already established by rivals like Microsoft and Google.", "link": "https://www.nytimes.com/2023/09/25/technology/amazon-anthropic-ai-deal.html", "date_published": "2023-09-25T19:08:41+00:00", "bookmarked": false, "dead": null, "artist": "NY times technology", "album": "NY times technology", "user": null, "language": "en-US", "thumbnail": null}, {"source": "http://rss.nytimes.com/services/xml/rss/nyt/Technology.xml", "title": "Amazon to Invest Up to $4 Billion in A.I. Start-up Anthropic", "description": "Tech giants have been partnering with up-and-coming A.I. start-ups, like Microsoft backing OpenAI, but Amazon has not been as active as rivals until now.", "link": "https://www.nytimes.com/2023/09/25/business/amazon-anthropic-ai-deal.html", "date_published": "2023-09-25T13:14:18+00:00", "bookmarked": false, "dead": null, "artist": "NY times technology", "album": "NY times technology", "user": null, "language": "en-US", "thumbnail": null}, {"source": "http://rss.nytimes.com/services/xml/rss/nyt/Technology.xml", "title": "The Secret Ingredient of ChatGPT Is Human Advice", "description": "Companies like OpenAI hone their bots using hand-tailored examples from well-educated workers. But is this always for the best?", "link": "https://www.nytimes.com/2023/09/25/technology/chatgpt-rlhf-human-tutors.html", "date_published": "2023-09-25T12:00:16+00:00", "bookmarked": false, "dead": null, "artist": "NY times technology", "album": "NY times technology", "user": null, "language": "en-US", "thumbnail": null}, {"source": "http://rss.nytimes.com/services/xml/rss/nyt/Technology.xml", "title": "Air Force Receives Its First Electric Air Taxi", "description": "Joby Aviation delivered the aircraft, which can carry a pilot and four passengers, to Edwards Air Force Base in California for testing.", "link": "https://www.nytimes.com/2023/09/25/business/air-force-joby-electric-air-taxi.html", "date_published": "2023-09-25T12:00:12+00:00", "bookmarked": false, "dead": null, "artist": "NY times technology", "album": "NY times technology", "user": null, "language": "en-US", "thumbnail": null}, {"source": "http://rss.nytimes.com/services/xml/rss/nyt/Technology.xml", "title": "ChatGPT Can Now Respond With Spoken Words", "description": "A new version of OpenAI\u2019s popular chatbot behaves a lot like Siri and Alexa. You can talk to it \u2014 and have a conversation.", "link": "https://www.nytimes.com/2023/09/25/technology/chatgpt-talk-digital-assistance.html", "date_published": "2023-09-25T12:00:11+00:00", "bookmarked": false, "dead": null, "artist": "NY times technology", "album": "NY times technology", "user": null, "language": "en-US", "thumbnail": null}, {"source": "http://rss.nytimes.com/services/xml/rss/nyt/Technology.xml", "title": "Egg Crack Challenge and Cheese Slice Trick: Are Parents OK?", "description": "With the \u201ccheese slice trick\u201d and the \u201cegg crack challenge,\u201d parents vie for viral recognition \u2014 and the illusion of control over their children.", "link": "https://www.nytimes.com/2023/09/25/arts/babies-cheese-eggs-tiktok.html", "date_published": "2023-09-25T09:01:08+00:00", "bookmarked": false, "dead": null, "artist": "NY times technology", "album": "NY times technology", "user": null, "language": "en-US", "thumbnail": null}]