[{"source": "https://www.jordanbpeterson.com/feed/", "title": "What Is A Woman? The Bible Has the Answer | Exodus: Episode 11", "description": "<p>Thank you for joining us as we journey through the great book of Exodus. And thank you very much to the DailyWire+ crew for having the vision and generosity of spirit to make this Exodus seminar freely available to all who are interested. Perhaps you might consider a Daily Wire+ subscription; it's a bastion of free speech. We have great content there with much more to come. Click here to learn more: https://bit.ly/3Q0lXj7 </p>\n<p>Jordan and Douglas Hadley unpack the significance of God\u2019s laws in Exodus 21-24, discussing how they established a moral order and binary boundaries to prevent mankind from becoming like a God or reverting to an animal state with no morals.</p>\n<p>Episode One will be available on YouTube indefinitely, serving as the gateway to this enlightening exploration. Episodes 2 through 17 will be available for a limited time, so be sure to watch as they release each Monday.</p>\n<p>- Sponsors -</p>\n<p>Try Hallow for 3 months FREE: https://hallow.com/EXODUS</p>\n<p>- ", "link": "https://www.jordanbpeterson.com/podcast/what-is-a-woman-the-bible-has-the-answer-exodus-episode-11/", "date_published": "2023-09-25T22:28:18+00:00", "bookmarked": false, "dead": null, "artist": "Jordan Peterson", "album": "Jordan Peterson", "user": null, "language": "en-US", "thumbnail": null}]