[{"source": "https://tvn24.pl/wiadomosci-z-kraju,3.xml", "title": "Ho\u0142ownia: zadanie Trzeciej Drogi to mobilizacja wszystkich tych, kt\u00f3rzy w zmian\u0119 jeszcze nie uwierzyli", "description": "<img alt=\"Ho\u0142ownia: zadanie Trzeciej Drogi to mobilizacja wszystkich tych, kt\u00f3rzy w zmian\u0119 jeszcze nie uwierzyli\" src=\"https://tvn24.pl/najnowsze/cdn-zdjecie-a787r1-holownia-i-kosiniak-kamysz-7361154/alternates/LANDSCAPE_1280\" />\n    Z Trzeci\u0105 Drog\u0105 16 pa\u017adziernika obudzicie si\u0119 w bezpiecznej przysz\u0142o\u015bci. Obudzicie si\u0119 w domu, w tych miejscach, w kt\u00f3rych \u017cyjecie i odetchniecie g\u0142\u0119boko z ulg\u0105, \u017ce mo\u017cliwa jest polityka bez k\u0142\u00f3tni - m\u00f3wi\u0142 w poniedzia\u0142ek lider Polski 2050 Szymon Ho\u0142ownia. Prezes PSL W\u0142adys\u0142aw Kosiniak-Kamysz przekonywa\u0142, \u017ce Trzecia Droga idzie \u015bcie\u017ck\u0105, kt\u00f3ra \"prowadzi do normalno\u015bci, rozwi\u0105zywania problem\u00f3w, a nie ich tworzenia\".", "link": "https://tvn24.pl/wybory-parlamentarne-2023/wybory-2023-szymon-holownia-zadanie-trzeciej-drogi-to-mobilizacja-wszystkich-tych-ktorzy-w-zmiane-jeszcze-nie-uwierzyli-7361153?source=rss", "date_published": "2023-09-25T21:01:23+00:00", "bookmarked": false, "dead": null, "artist": "TVN24 Z kraju", "album": "TVN24 Z kraju", "user": null, "language": "pl-PL", "thumbnail": null}, {"source": "https://tvn24.pl/wiadomosci-z-kraju,3.xml", "title": "Jedena\u015bcie nowych towar\u00f3w na cenzurowanym. Ministerstwo o \"problemie porzucania odpad\u00f3w\"", "description": "<img alt=\"Jedena\u015bcie nowych towar\u00f3w na cenzurowanym. Ministerstwo o \" src=\"https://tvn24.pl/najnowsze/cdn-zdjecie-nng1if-odpady-wysypiska_01-7321036/alternates/LANDSCAPE_1280\" />\n    System Elektronicznego Nadzoru Transportu (SENT) ma zosta\u0107 rozszerzony o 11 rodzaj\u00f3w odpad\u00f3w, takich jak farby, lakiery czy kleje. W poniedzia\u0142ek opublikowano projekt rozporz\u0105dzenia w tej sprawie, przygotowany przez Ministerstwo Finans\u00f3w. Rozszerzenie SENT ma ograniczy\u0107 szar\u0105 stref\u0119 w gospodarce odpadowej.", "link": "https://tvn24.pl/biznes/z-kraju/sent-system-ma-objac-11-nowych-rodzajow-odpadow-projekt-ministerstwa-finansow-7361036?source=rss", "date_published": "2023-09-25T19:31:28+00:00", "bookmarked": false, "dead": null, "artist": "TVN24 Z kraju", "album": "TVN24 Z kraju", "user": null, "language": "pl-PL", "thumbnail": null}, {"source": "https://tvn24.pl/wiadomosci-z-kraju,3.xml", "title": "Deszcz odci\u0105\u0142 miasto od reszty \u015bwiata", "description": "<img alt=\"Deszcz odci\u0105\u0142 miasto od reszty \u015bwiata\" src=\"https://tvn24.pl/tvnmeteo/najnowsze/cdn-zdjecie-6ghj31-skutki-burzy-w-republice-poludniowej-afryki-7360993/alternates/LANDSCAPE_1280\" />\n    Gwa\u0142towna burza przesz\u0142a nad Republik\u0105 Po\u0142udniowej Afryki. Ulewy odci\u0119\u0142y miasto Bredasdorp od reszty \u015bwiata, a silny wiatr spowodowa\u0142 przerwanie dostaw pr\u0105du do dziesi\u0105tek tysi\u0119cy dom\u00f3w. W regionie trwaj\u0105 poszukiwania zaginionych os\u00f3b.", "link": "https://tvn24.pl/tvnmeteo/swiat/rpa-ulewny-deszcz-odcial-miasto-od-reszty-swiata-7360997?source=rss", "date_published": "2023-09-25T18:57:30+00:00", "bookmarked": false, "dead": null, "artist": "TVN24 Z kraju", "album": "TVN24 Z kraju", "user": null, "language": "pl-PL", "thumbnail": null}, {"source": "https://tvn24.pl/wiadomosci-z-kraju,3.xml", "title": "Ruszy\u0142o g\u0142osowanie na Warszawiank\u0119 Roku", "description": "<img alt=\"Ruszy\u0142o g\u0142osowanie na Warszawiank\u0119 Roku\" src=\"https://tvn24.pl/tvnwarszawa/najnowsze/cdn-zdjecie-38xjcn-nominowane-do-tytulu-warszawianka-roku-2023-7360942/alternates/LANDSCAPE_1280\" />\n    Kapitu\u0142a wybra\u0142a spo\u015br\u00f3d ponad 300 zg\u0142oszonych kandydatek 10 kobiet, jedna z nich zostanie Warszawiank\u0105 Roku 2023. G\u0142osowanie potrwa do 10 listopada.", "link": "https://tvn24.pl/tvnwarszawa/srodmiescie/warszawa-lista-nominowanych-do-tytulu-warszawianka-roku-ruszylo-glosowanie-7360947?source=rss", "date_published": "2023-09-25T18:52:13+00:00", "bookmarked": false, "dead": null, "artist": "TVN24 Z kraju", "album": "TVN24 Z kraju", "user": null, "language": "pl-PL", "thumbnail": null}, {"source": "https://tvn24.pl/wiadomosci-z-kraju,3.xml", "title": "Alarmuj\u0105ce dane GUS. \"Depresja demograficzna tylko si\u0119 pog\u0142\u0119bia\"", "description": "<img alt=\"Alarmuj\u0105ce dane GUS. \" src=\"https://tvn24.pl/najnowsze/cdn-zdjecie-gmtxtr-warszawa-ludzie-ulica-6098791/alternates/LANDSCAPE_1280\" />\n    W Polsce w lipcu 2023 roku odnotowano 24 tysi\u0105ce urodze\u0144. W tym czasie zmar\u0142o 31 tysi\u0119cy os\u00f3b - wynika z najnowszych danych G\u0142\u00f3wnego Urz\u0119du Statystycznego (GUS). \"Depresja demograficzna tylko si\u0119 pog\u0142\u0119bia\" - napisa\u0142 w mediach spo\u0142eczno\u015bciowych ekonomista Rafa\u0142 Mundry.", "link": "https://tvn24.pl/biznes/z-kraju/polska-kryzys-demograficzny-gus-podal-dane-za-lipiec-2023-ekonomista-rafal-mundry-komentuje-7360973?source=rss", "date_published": "2023-09-25T18:42:09+00:00", "bookmarked": false, "dead": null, "artist": "TVN24 Z kraju", "album": "TVN24 Z kraju", "user": null, "language": "pl-PL", "thumbnail": null}, {"source": "https://tvn24.pl/wiadomosci-z-kraju,3.xml", "title": "\"Z lekcewa\u017cenia kwestii ochrony granicy b\u0119d\u0105 k\u0142opoty dla wszystkich. To b\u0119dzie sprawa wielu przyw\u00f3dc\u00f3w europejskich\"", "description": "<img alt=\"\" src=\"https://tvn24.pl/najnowsze/cdn-zdjecie-u90xsl-krzysztof-smiszek-i-pawel-kowal-w-faktach-po-faktach-7360955/alternates/LANDSCAPE_1280\" />\n    Im bardziej Prawo i Sprawiedliwo\u015b\u0107 pr\u00f3buje zamie\u015b\u0107 pod dywan, im bardziej pr\u00f3buje dezawuowa\u0107 t\u0119 gigantyczn\u0105 afer\u0119, tym bardziej Polacy s\u0105 ciekawi - oceni\u0142 w dyskusji o aferze wizowej w programie \"Fakty po Faktach\" Krzysztof \u015amiszek (Lewica). - Naszym zadaniem w sprawie afery wizowej i nie tylko jest przebi\u0107 mur k\u0142amstwa - zwraca\u0142 natomiast uwag\u0119 Pawe\u0142 Kowal (Koalicja Obywatelska). W programie dyskutowano tak\u017ce o niemieckiej odpowiedzi na wspomnian\u0105 afer\u0119.", "link": "https://tvn24.pl/wybory-parlamentarne-2023/afera-wizowa-pawel-kowal-koalicja-obywatelska-i-krzysztof-smiszek-lewica-komentuja-7361007?source=rss", "date_published": "2023-09-25T18:42:00+00:00", "bookmarked": false, "dead": null, "artist": "TVN24 Z kraju", "album": "TVN24 Z kraju", "user": null, "language": "pl-PL", "thumbnail": null}, {"source": "https://tvn24.pl/wiadomosci-z-kraju,3.xml", "title": "Lewica wymienia \"pi\u0119\u0107 lekcji cynizmu\" PiS", "description": "<img alt=\"Lewica wymienia \" src=\"https://tvn24.pl/najnowsze/cdn-zdjecie-bhhsns-czarzasty-7360883/alternates/LANDSCAPE_1280\" />\n    Wsp\u00f3\u0142przewodnicz\u0105cy Nowej Lewicy W\u0142odzimierz Czarzasty na spotkaniu z mieszka\u0144cami Pabianic m\u00f3wi\u0142 o \"lekcjach cynizmu\" na podstawie dzia\u0142a\u0144 polityk\u00f3w Prawa i Sprawiedliwo\u015bci oraz prezydenta. To w kontek\u015bcie ostatnich ustale\u0144 wok\u00f3\u0142 afery wizowej.", "link": "https://tvn24.pl/wybory-parlamentarne-2023/wybory-parlamentarne-2023-lewica-wymienia-piec-lekcji-cynizmu-pis-w-kontekscie-afery-wizowej-7360881?source=rss", "date_published": "2023-09-25T17:35:51+00:00", "bookmarked": false, "dead": null, "artist": "TVN24 Z kraju", "album": "TVN24 Z kraju", "user": null, "language": "pl-PL", "thumbnail": null}, {"source": "https://tvn24.pl/wiadomosci-z-kraju,3.xml", "title": "Pogoda na jutro - wtorek 26.09.\u00a0Mglista noc, w dzie\u0144 do 27 stopni", "description": "<img alt=\"Pogoda na jutro - wtorek 26.09.\u00a0Mglista noc, w dzie\u0144 do 27 stopni\" src=\"https://tvn24.pl/tvnmeteo/najnowsze/cdn-zdjecie-q5p6lg-mgly-6127434/alternates/LANDSCAPE_1280\" />\n    Pogoda na jutro, czyli na wtorek 26.09. Nocne godziny\u00a0przynios\u0105 nam na og\u00f3\u0142 pochmurne niebo, jednak chmur nie b\u0119dzie du\u017co. Lokalnie widzialno\u015b\u0107 mog\u0105 ogranicza\u0107 mg\u0142y. W dzie\u0144 w ca\u0142ym kraju zapanuje korzystny biomet, a na termometrach zobaczymy od 22 do 27 stopni Celsjusza.", "link": "https://tvn24.pl/tvnmeteo/pogoda/pogoda-na-jutro-wtorek-2609mglista-noc-w-dzien-do-27-stopni-7360879?source=rss", "date_published": "2023-09-25T17:30:21+00:00", "bookmarked": false, "dead": null, "artist": "TVN24 Z kraju", "album": "TVN24 Z kraju", "user": null, "language": "pl-PL", "thumbnail": null}, {"source": "https://tvn24.pl/wiadomosci-z-kraju,3.xml", "title": "Kierowca autobusu musia\u0142 gwa\u0142townie zahamowa\u0107. Poszkodowanych kilkoro pasa\u017cer\u00f3w", "description": "<img alt=\"Kierowca autobusu musia\u0142 gwa\u0142townie zahamowa\u0107. Poszkodowanych kilkoro pasa\u017cer\u00f3w \" src=\"https://tvn24.pl/tvnwarszawa/najnowsze/cdn-zdjecie-6vuuag-do-zdarzenia-doszlo-na-ochocie-7360846/alternates/LANDSCAPE_1280\" />\n    Na skrzy\u017cowaniu Rac\u0142awickiej ze \u017bwirki i Wigury kierowca autobusu gwa\u0142townie zahamowa\u0142, by unikn\u0105\u0107 zderzenia z autem. Kilkoro pasa\u017cer\u00f3w by\u0142o badanych w karetce.", "link": "https://tvn24.pl/tvnwarszawa/ulice/warszawa-kierowca-autobusu-musial-gwaltownie-zahamowac-poszkodowanych-kilkoro-pasazerow-7360885?source=rss", "date_published": "2023-09-25T17:23:08+00:00", "bookmarked": false, "dead": null, "artist": "TVN24 Z kraju", "album": "TVN24 Z kraju", "user": null, "language": "pl-PL", "thumbnail": null}, {"source": "https://tvn24.pl/wiadomosci-z-kraju,3.xml", "title": "\"Nie b\u0119dziemy wspiera\u0107 Ukrainy w \u017cadnej sprawie\". Kij\u00f3w us\u0142ysza\u0142 warunek od Orbana", "description": "<img alt=\"\" src=\"https://tvn24.pl/najnowsze/cdn-zdjecie-nx244s-przemowienie-viktora-orbana-w-wegierskim-parlamencie-7360764/alternates/LANDSCAPE_1280\" />\n    Premier Viktor Orban o\u015bwiadczy\u0142 w poniedzia\u0142ek, \u017ce jego kraj nie b\u0119dzie wspiera\u0107 Ukrainy w \u017cadnej sprawie na arenie mi\u0119dzynarodowej, dop\u00f3ki rz\u0105d w Kijowie nie przywr\u00f3ci praw mniejszo\u015bci w\u0119gierskiej na Zakarpaciu.", "link": "https://tvn24.pl/swiat/viktor-orban-nie-bedziemy-wspierac-ukrainy-dopoki-kijow-nie-przywroci-praw-wegrow-na-zakarpaciu-7360766?source=rss", "date_published": "2023-09-25T16:22:45+00:00", "bookmarked": false, "dead": null, "artist": "TVN24 Z kraju", "album": "TVN24 Z kraju", "user": null, "language": "pl-PL", "thumbnail": null}, {"source": "https://tvn24.pl/wiadomosci-z-kraju,3.xml", "title": "Porwali 17-latka dla okupu i\u00a0grozili, \u017ce\u00a0go okalecz\u0105. Wpadli przez og\u0142oszenie o sprzeda\u017cy auta", "description": "<img alt=\"Porwali 17-latka dla okupu i\u00a0grozili, \u017ce\u00a0go okalecz\u0105. Wpadli przez og\u0142oszenie o sprzeda\u017cy auta\" src=\"https://tvn24.pl/najnowsze/cdn-zdjecie-w30e0x-fbi622639580-5001760/alternates/LANDSCAPE_1280\" />\n    W poniedzia\u0142ek 18 wrze\u015bnia tr\u00f3jka napastnik\u00f3w porwa\u0142a 17-letniego mieszka\u0144ca Kalifornii. M\u0119\u017cczy\u017ani chcieli od matki ch\u0142opaka 500 tysi\u0119cy dolar\u00f3w okupu. Grozili, \u017ce w przypadku odmowy, zaczn\u0105 mu obcina\u0107 \"cz\u0119\u015bci cia\u0142a\". W pi\u0105tek zostali zatrzymani przez agent\u00f3w FBI w motelu, a ch\u0142opaka uwolniono - informuje biuro prokuratora USA dla Centralnego Dystryktu Kalifornii.", "link": "https://tvn24.pl/swiat/usa-17-latek-uprowadzony-dla-okupu-porywaczy-aresztowano-w-motelu-w-santa-maria-7360722?source=rss", "date_published": "2023-09-25T16:01:17+00:00", "bookmarked": false, "dead": null, "artist": "TVN24 Z kraju", "album": "TVN24 Z kraju", "user": null, "language": "pl-PL", "thumbnail": null}, {"source": "https://tvn24.pl/wiadomosci-z-kraju,3.xml", "title": "Manifest klimatyczny, wizyta w D\u0119blinie, walka o g\u0142osy kobiet. Aktywny poniedzia\u0142ek polityk\u00f3w", "description": "<img alt=\"Manifest klimatyczny, wizyta w D\u0119blinie, walka o g\u0142osy kobiet. Aktywny poniedzia\u0142ek polityk\u00f3w\" src=\"https://fakty.tvn24.pl/najnowsze/cdn-zdjecie-shfiqb-warchol-7360648/alternates/LANDSCAPE_1280\" />\n    Politycy nie trac\u0105 czasu przed wyborami. W poniedzia\u0142ek Lewica wzywa\u0142a do walki ze zmianami klimatycznymi. Cz\u0142onkowie partii m\u00f3wili te\u017c o aferach PiS-u i przykrywaniu ich przez polityczn\u0105 nienawi\u015b\u0107, kt\u00f3ra prowadzi do przemocy. Z kolei bus Prawa i Sprawiedliwo\u015bci w poniedzia\u0142ek  wyruszy\u0142 z Warszawy, a partia zapewnia, \u017ce tylko ona jest w stanie zagwarantowa\u0107 Polsce bezpiecze\u0144stwo.", "link": "https://fakty.tvn24.pl/fakty-po-poludniu/manifest-klimatyczny-wizyta-w-deblinie-walka-o-glosy-kobiet-aktywny-poniedzialek-politykow-7360591?source=rss", "date_published": "2023-09-25T15:53:41+00:00", "bookmarked": false, "dead": null, "artist": "TVN24 Z kraju", "album": "TVN24 Z kraju", "user": null, "language": "pl-PL", "thumbnail": null}, {"source": "https://tvn24.pl/wiadomosci-z-kraju,3.xml", "title": "Gigantyczne \"trupie kwiaty\" s\u0105 na skraju wygini\u0119cia", "description": "<img alt=\"Gigantyczne \" src=\"https://tvn24.pl/najnowsze/cdn-zdjecie-qgam78-bukietnica-arnolda-rafflesia-arnoldii-zdj-ilustracyjne-7360595/alternates/LANDSCAPE_1280\" />\n    Bukietnice, gigantyczne kwiaty roztaczaj\u0105ce wo\u0144 gnij\u0105cego mi\u0119sa, s\u0105 zagro\u017cone wygini\u0119ciem. Jak pokazuje najnowsze badanie, dotyczy to wszystkich spo\u015br\u00f3d 42 znanych gatunk\u00f3w, a w szczeg\u00f3lnym niebezpiecze\u0144stwie znajduje si\u0119 25 z nich. Naukowcy podkre\u015blaj\u0105, \u017ce je\u015bli nie uda nam si\u0119 opracowa\u0107 plan\u00f3w ochrony, te pi\u0119kne ro\u015bliny znikn\u0105 na zawsze.", "link": "https://tvn24.pl/tvnmeteo/nauka/raflezje-w-niebezpieczenstwie-gigantyczne-trupie-kwiaty-sa-na-skraju-wyginiecia-7360620?source=rss", "date_published": "2023-09-25T15:40:12+00:00", "bookmarked": false, "dead": null, "artist": "TVN24 Z kraju", "album": "TVN24 Z kraju", "user": null, "language": "pl-PL", "thumbnail": null}, {"source": "https://tvn24.pl/wiadomosci-z-kraju,3.xml", "title": "\"Grali je\u017cem w pi\u0142k\u0119\", a potem go \"u\u015bmiercili\". Dw\u00f3ch 14-latk\u00f3w odpowie przed s\u0105dem", "description": "<img alt=\"\" src=\"https://tvn24.pl/najnowsze/cdn-zdjecie-dpmeh9-jez-europejski-6779941/alternates/LANDSCAPE_1280\" />\n    Najpierw mieli podpali\u0107 przeno\u015bn\u0105 toalet\u0119, a p\u00f3\u017aniej gra\u0107 je\u017cem w pi\u0142k\u0119 i go u\u015bmierci\u0107 - dw\u00f3ch 14-latk\u00f3w z Brodnicy (woj. kujawsko-pomorskie) odpowie przed s\u0105dem rodzinnym. Zachowanie ch\u0142opc\u00f3w nagra\u0142y kamery monitoringu.", "link": "https://tvn24.pl/kujawsko-pomorskie/brodnica-grali-jezem-w-pilke-zwierze-nie-przezylo-14-latkowie-odpowiedza-przed-sadem-7360668?source=rss", "date_published": "2023-09-25T15:34:15+00:00", "bookmarked": false, "dead": null, "artist": "TVN24 Z kraju", "album": "TVN24 Z kraju", "user": null, "language": "pl-PL", "thumbnail": null}, {"source": "https://tvn24.pl/wiadomosci-z-kraju,3.xml", "title": "Piel\u0119gniark\u0119 skazan\u0105 za zab\u00f3jstwo noworodk\u00f3w czeka powt\u00f3rny proces. Prokuratorzy o \"trudnych decyzjach\"", "description": "<img alt=\"Piel\u0119gniark\u0119 skazan\u0105 za zab\u00f3jstwo noworodk\u00f3w czeka powt\u00f3rny proces. Prokuratorzy o \" src=\"https://tvn24.pl/najnowsze/cdn-zdjecie-duzbr5-lucy-letby-7297716/alternates/LANDSCAPE_1280\" />\n    Lucy Letby, by\u0142a piel\u0119gniarka skazana na do\u017cywocie za zab\u00f3jstwo siedmiorga noworodk\u00f3w w szpitalu, w kt\u00f3rym pracowa\u0142a, mo\u017ce ponownie stan\u0105\u0107 przed s\u0105dem. Jak informuje prokuratura chodzi o usi\u0142owanie zab\u00f3jstwa kolejnego dziecka.", "link": "https://tvn24.pl/najnowsze/wielka-brytania-lucy-letby-pielegniarka-skazana-za-zabojstwo-noworodkow-ma-ponownie-stanac-przed-sadem-7360457?source=rss", "date_published": "2023-09-25T15:31:03+00:00", "bookmarked": false, "dead": null, "artist": "TVN24 Z kraju", "album": "TVN24 Z kraju", "user": null, "language": "pl-PL", "thumbnail": null}, {"source": "https://tvn24.pl/wiadomosci-z-kraju,3.xml", "title": "Nowe obowi\u0105zki dla operator\u00f3w. Przepisy wesz\u0142y w \u017cycie", "description": "<img alt=\"Nowe obowi\u0105zki dla operator\u00f3w. Przepisy wesz\u0142y w \u017cycie\" src=\"https://tvn24.pl/najnowsze/cdn-zdjecie-8xm8ux-haker-5542943/alternates/LANDSCAPE_1280\" />\n    W poniedzia\u0142ek wesz\u0142a w \u017cycie ustawa o zwalczaniu nadu\u017cy\u0107 w komunikacji elektronicznej. Nowe przepisy maj\u0105 si\u0119 przyczyni\u0107 do ograniczenia fa\u0142szywych po\u0142\u0105cze\u0144, SMS-\u00f3w oraz domen internetowych.", "link": "https://tvn24.pl/biznes/z-kraju/oszustwa-internetowe-nowe-obowiazki-dla-operatorow-ustawa-o-zwalczaniu-naduzyc-w-komunikacji-elektronicznej-weszla-w-zycie-7360649?source=rss", "date_published": "2023-09-25T15:30:04+00:00", "bookmarked": false, "dead": null, "artist": "TVN24 Z kraju", "album": "TVN24 Z kraju", "user": null, "language": "pl-PL", "thumbnail": null}, {"source": "https://tvn24.pl/wiadomosci-z-kraju,3.xml", "title": "Piel\u0119gniarka jak kelnerka? Dyrektor kusi\u0142 pieni\u0119dzmi i \"m\u0119\u017cem lekarzem\", teraz przeprasza", "description": "<img alt=\"Piel\u0119gniarka jak kelnerka? Dyrektor kusi\u0142 pieni\u0119dzmi i \" src=\"https://tvn24.pl/najnowsze/cdn-zdjecie-g0dpg9-dyrektor-medyka-kusil-pracowniczki-pieniedzmi-i-mezem-lekarzem-7360273/alternates/LANDSCAPE_1280\" />\n    Do sieci wyciek\u0142a wiadomo\u015b\u0107, jak\u0105 szef Centrum Medycznego \"Medyk\" w Rzeszowie wys\u0142a\u0142 do swoich pracowniczek. Piel\u0119gniarkom, laborantkom i rejestratorkom zaoferowa\u0142 prac\u0119 kelnerek podczas bankietu absolwent\u00f3w medycyny Uniwersytetu Rzeszowskiego. \"Mo\u017ce kt\u00f3ra\u015b znajdzie sobie w\u015br\u00f3d m\u0142odych lekarzy m\u0119\u017ca\" - kusi\u0142. Szefowa Naczelnej Rady Piel\u0119gniarek i Po\u0142o\u017cnych zachowanie prezesa nazywa seksizmem i zapowiada zg\u0142oszenie sprawy do Komisji Etyki Lekarskiej. On sam opublikowa\u0142 o\u015bwiadczenie, w kt\u00f3rym przeprosi\u0142 \"panie, kt\u00f3re poczu\u0142y si\u0119 ura\u017cone tre\u015bci\u0105 i form\u0105 komunikatu\".", "link": "https://tvn24.pl/rzeszow/rzeszow-dyrektor-medyka-zaproponowal-pielegniarkom-dodatkowe-zajecie-teraz-przeprasza-7359711?source=rss", "date_published": "2023-09-25T15:26:29+00:00", "bookmarked": false, "dead": null, "artist": "TVN24 Z kraju", "album": "TVN24 Z kraju", "user": null, "language": "pl-PL", "thumbnail": null}, {"source": "https://tvn24.pl/wiadomosci-z-kraju,3.xml", "title": "Coraz wi\u0119cej szk\u00f3\u0142 przechodzi na cztery dni nauki w tygodniu. Szczeg\u00f3lnie na terenach wiejskich", "description": "<img alt=\"Coraz wi\u0119cej szk\u00f3\u0142 przechodzi na cztery dni nauki w tygodniu. Szczeg\u00f3lnie na terenach wiejskich\" src=\"https://tvn24.pl/biznes/najnowsze/cdn-zdjecie-c07749-uczniowie-maja-wrocic-do-szkol-4229956/alternates/LANDSCAPE_1280\" />\n    Ju\u017c w ponad 2100 szk\u00f3\u0142 na terenie Stan\u00f3w Zjednoczonych zdecydowano si\u0119 na wprowadzenie 4-dniowego tygodnia nauczania \u2013 wynika z badania Paula Thompsona, profesora nadzwyczajnego Uniwersytetu Stanu Oregon. W ostatnich latach liczba plac\u00f3wek w USA decyduj\u0105cych si\u0119 na podobne rozwi\u0105zania ro\u015bnie - szczeg\u00f3lnie na terenach wiejskich. Potencjalne korzy\u015bci oraz zagro\u017cenia p\u0142yn\u0105ce z takich zmian opisa\u0142 w poniedzia\u0142ek portal Independent.", "link": "https://tvn24.pl/swiat/edukacja-cztery-dni-nauki-w-tygodniu-w-szkolach-w-usa-i-europie-korzysci-i-zagrozenia-z-czterodniowego-systemu-nauki-7360540?source=rss", "date_published": "2023-09-25T14:27:28+00:00", "bookmarked": false, "dead": null, "artist": "TVN24 Z kraju", "album": "TVN24 Z kraju", "user": null, "language": "pl-PL", "thumbnail": null}, {"source": "https://tvn24.pl/wiadomosci-z-kraju,3.xml", "title": "B\u0119dzie a\u017c 28 stopni w cieniu. Na horyzoncie wida\u0107 och\u0142odzenie - i to znaczne", "description": "<img alt=\"B\u0119dzie a\u017c 28 stopni w cieniu. Na horyzoncie wida\u0107 och\u0142odzenie - i to znaczne\" src=\"https://tvn24.pl/najnowsze/cdn-zdjecie-cz8t6l-goraco-upal-slonce-7360587/alternates/LANDSCAPE_1280\" />\n    Na horyzoncie wida\u0107 och\u0142odzenie, ale zanim ono nast\u0105pi, przed nami wyj\u0105tkowo gor\u0105ce dni. W \u015brodku tygodnia w najcieplejszych miejscach w Polsce zrobi si\u0119 niemal upalnie, a najni\u017csze warto\u015bci wskazywane przez termometry te\u017c b\u0119d\u0105 niezwykle wysokie jak na koniec wrze\u015bnia.", "link": "https://tvn24.pl/tvnmeteo/prognoza/pogoda-na-5-dni-bedzie-prawie-30-stopni-jak-dlugo-potrwa-fala-goraca-7360516?source=rss", "date_published": "2023-09-25T14:27:14+00:00", "bookmarked": false, "dead": null, "artist": "TVN24 Z kraju", "album": "TVN24 Z kraju", "user": null, "language": "pl-PL", "thumbnail": null}, {"source": "https://tvn24.pl/wiadomosci-z-kraju,3.xml", "title": "Ugodzi\u0142a m\u0119\u017ca no\u017cem w brzuch. \"Ju\u017c wcze\u015bniej zn\u0119ca\u0142a si\u0119\"", "description": "<img alt=\"Ugodzi\u0142a m\u0119\u017ca no\u017cem w brzuch. \" src=\"https://tvn24.pl/najnowsze/cdn-zdjecie-erhixn-zaklad-karny-4689671/alternates/LANDSCAPE_1280\" />\n    32-letnia mieszkanka Poznania us\u0142ysza\u0142a zarzut usi\u0142owania zab\u00f3jstwa swojego m\u0119\u017ca, kt\u00f3rego ugodzi\u0142a no\u017cem w brzuch. 37-latek trafi\u0142 do szpitala. Kobieta odpowie te\u017c za zn\u0119canie si\u0119 nad m\u0119\u017cczyzn\u0105. Jak ustalili \u015bledczy, do zn\u0119cania si\u0119 dochodzi\u0142o \"ju\u017c wcze\u015bniej\".", "link": "https://tvn24.pl/poznan/poznan-32-latek-ugodzila-meza-nozem-w-brzuch-odpowie-za-usilowanie-zabojstwa-7360593?source=rss", "date_published": "2023-09-25T14:23:50+00:00", "bookmarked": false, "dead": null, "artist": "TVN24 Z kraju", "album": "TVN24 Z kraju", "user": null, "language": "pl-PL", "thumbnail": null}, {"source": "https://tvn24.pl/wiadomosci-z-kraju,3.xml", "title": "Samolot wyl\u0105dowa\u0142 w polu ko\u0142ami do g\u00f3ry, dwie osoby w szpitalu", "description": "<img alt=\"Samolot wyl\u0105dowa\u0142 w polu ko\u0142ami do g\u00f3ry, dwie osoby w szpitalu\" src=\"https://tvn24.pl/najnowsze/cdn-zdjecie-c9g4qy-awaryjne-ladowanie-samolotu-7360530/alternates/LANDSCAPE_1280\" />\n    Dwie osoby trafi\u0142y do szpitala po awaryjnym l\u0105dowaniu samolotu rozprowadzaj\u0105cego szczepionki przeciwko w\u015bciekli\u017anie dla lis\u00f3w w miejscowo\u015bci Jamno (woj. \u0142\u00f3dzkie). Maszyna wyl\u0105dowa\u0142a na dachu, ko\u0142ami do g\u00f3ry. Jak wynika z ustale\u0144 policjant\u00f3w, przyczyn\u0105 zdarzenia by\u0142a awaria silnika.", "link": "https://tvn24.pl/lodz/jamno-awaryjne-ladowanie-samolotu-dwie-osoby-w-szpitalu-7360578?source=rss", "date_published": "2023-09-25T14:14:40+00:00", "bookmarked": false, "dead": null, "artist": "TVN24 Z kraju", "album": "TVN24 Z kraju", "user": null, "language": "pl-PL", "thumbnail": null}, {"source": "https://tvn24.pl/wiadomosci-z-kraju,3.xml", "title": "W pozaziemskim oceanie mog\u0105 kry\u0107 si\u0119 \u017cyciodajne cz\u0105steczki", "description": "<img alt=\"W pozaziemskim oceanie mog\u0105 kry\u0107 si\u0119 \u017cyciodajne cz\u0105steczki\" src=\"https://tvn24.pl/tvnmeteo/najnowsze/cdn-zdjecie-ixtoww-europa-ksiezyc-jowisza-z-dobrze-widocznymi-czerwonymi-pregami-6871498/alternates/LANDSCAPE_1280\" />\n    Europa, ksi\u0119\u017cyc Jowisza, mo\u017ce skrywa\u0107 w sobie ocean bogaty w zwi\u0105zki w\u0119gla. Kosmiczny Teleskop Jamesa Webba zaobserwowa\u0142 na powierzchni cia\u0142a niebieskiego zmro\u017cony dwutlenek w\u0119gla, kt\u00f3ry prawdopodobnie pochodzi z podpowierzchniowych g\u0142\u0119bin. Odkrycie to jest o tyle istotne, \u017ce Europa jest jednym z najbardziej \"przyjaznych \u017cyciu\" \u015bwiat\u00f3w.", "link": "https://tvn24.pl/tvnmeteo/nauka/europa-w-pozaziemskim-oceanie-moga-kryc-sie-zyciodajne-czasteczki-7360428?source=rss", "date_published": "2023-09-25T14:04:52+00:00", "bookmarked": false, "dead": null, "artist": "TVN24 Z kraju", "album": "TVN24 Z kraju", "user": null, "language": "pl-PL", "thumbnail": null}, {"source": "https://tvn24.pl/wiadomosci-z-kraju,3.xml", "title": "Niejedna para si\u0119 pod nim zar\u0119czy\u0142a. Zw\u0119glone drzewo zacz\u0119\u0142o wypuszcza\u0107 nowe li\u015bcie", "description": "<img alt=\"Niejedna para si\u0119 pod nim zar\u0119czy\u0142a. Zw\u0119glone drzewo zacz\u0119\u0142o wypuszcza\u0107 nowe li\u015bcie\" src=\"https://tvn24.pl/tvnmeteo/najnowsze/cdn-zdjecie-hdlysj-drzewo-wypuszcza-nowe-liscie-7360308/alternates/LANDSCAPE_1280\" />\n    Stanowi\u0142 atrakcj\u0119 turystyczn\u0105, a niejedna para si\u0119 pod nim zar\u0119czy\u0142a. Na 150-letnim ogromny figowcu bengalskim, zw\u0119glonym podczas sierpniowego po\u017caru w mie\u015bcie Lahaina na Hawajach, zacz\u0119\u0142y pojawia\u0107 si\u0119 nowe li\u015bcie.", "link": "https://tvn24.pl/tvnmeteo/swiat/pozar-na-hawajach-lahaina-figowiec-bengalski-wypuszcza-nowe-liscie-ludzie-postrzegaja-to-jako-znak-nadziei-7360221?source=rss", "date_published": "2023-09-25T13:30:07+00:00", "bookmarked": false, "dead": null, "artist": "TVN24 Z kraju", "album": "TVN24 Z kraju", "user": null, "language": "pl-PL", "thumbnail": null}, {"source": "https://tvn24.pl/wiadomosci-z-kraju,3.xml", "title": "Prokuratura bada spraw\u0119 napa\u015bci na pos\u0142ank\u0119 Koalicji Obywatelskiej", "description": "<img alt=\"Prokuratura bada spraw\u0119 napa\u015bci na pos\u0142ank\u0119 Koalicji Obywatelskiej\" src=\"https://tvn24.pl/najnowsze/cdn-zdjecie-23ahch-marta-wcislo-o-napasci-na-targowisku-w-opolu-lubelskim-7360465/alternates/LANDSCAPE_1280\" />\n    Prokuratura bada spraw\u0119 napa\u015bci na pos\u0142ank\u0119 Koalicji Obywatelskiej Mart\u0119 Wcis\u0142o. Jak przekaza\u0142a parlamentarzystka w mediach spo\u0142eczno\u015bciowych, do ataku dosz\u0142o na targu w Opolu Lubelskim. Nieznany m\u0119\u017cczyzna mia\u0142 j\u0105 szarpa\u0107, wyzywa\u0107 i grozi\u0107 jej. - Nie dam si\u0119 zastraszy\u0107 - podkre\u015bli\u0142a Wcis\u0142o.", "link": "https://tvn24.pl/lublin/opole-lubelskie-prokuratura-bada-sprawe-napasci-na-poslanke-marte-wcislo-7360475?source=rss", "date_published": "2023-09-25T13:27:59+00:00", "bookmarked": false, "dead": null, "artist": "TVN24 Z kraju", "album": "TVN24 Z kraju", "user": null, "language": "pl-PL", "thumbnail": null}, {"source": "https://tvn24.pl/wiadomosci-z-kraju,3.xml", "title": "Chcia\u0142 skorzysta\u0107 z lex deweloper. Urz\u0105d miasta ujawni\u0142 jego dane osobowe. S\u0105d przyzna\u0142 mu 20 tys. z\u0142", "description": "<img alt=\"Chcia\u0142 skorzysta\u0107 z lex deweloper. Urz\u0105d miasta ujawni\u0142 jego dane osobowe. S\u0105d przyzna\u0142 mu 20 tys. z\u0142\u00a0\u00a0\" src=\"https://tvn24.pl/najnowsze/cdn-zdjecie-f3muyb-to-tutaj-inwestor-chcial-stawiac-blok-7360391/alternates/LANDSCAPE_1280\" />\n    Adres zamieszkania, a poprzez podanie numeru ksi\u0119gi wieczystej - r\u00f3wnie\u017c PESEL oraz imiona rodzic\u00f3w. Takie dane z wniosku o ustalenie lokalizacji inwestycji mieszkaniowej\u00a0ujawni\u0142 urz\u0105d miasta w Bia\u0142ymstoku. Przedsi\u0119biorca zorientowa\u0142 si\u0119, \u017ce co\u015b jest nie tak, gdy dosta\u0142 list od nieznanej mu osoby z pytaniem, czy sprzeda\u0142by mieszkanie w bloku, kt\u00f3ry dopiero zamierza\u0142 zbudowa\u0107. S\u0105d Okr\u0119gowy zas\u0105dzi\u0142 na rzecz powoda 20 tys. z\u0142. Ten b\u0119dzie si\u0119 odwo\u0142ywa\u0142. \u017b\u0105da 10 razy tyle.", "link": "https://tvn24.pl/bialystok/bialystok-chcial-skorzystac-z-lex-deweloper-urzad-miasta-ujawnil-jego-dane-osobowe-sad-przyznal-mu-20-tys-zl-7360350?source=rss", "date_published": "2023-09-25T13:19:30+00:00", "bookmarked": false, "dead": null, "artist": "TVN24 Z kraju", "album": "TVN24 Z kraju", "user": null, "language": "pl-PL", "thumbnail": null}, {"source": "https://tvn24.pl/wiadomosci-z-kraju,3.xml", "title": "Niemowl\u0119 trafi\u0142o do szpitala z ponad 50 ranami zadanymi przez szczury. Policja zatrzyma\u0142a rodzic\u00f3w i ciotk\u0119", "description": "<img alt=\"Niemowl\u0119 trafi\u0142o do szpitala z ponad 50 ranami zadanymi przez szczury. Policja zatrzyma\u0142a rodzic\u00f3w i ciotk\u0119\" src=\"https://tvn24.pl/najnowsze/cdn-zdjecie-czywc2-dziecko-szpital-6644903/alternates/LANDSCAPE_1280\" />\n    Policja zatrzyma\u0142a rodzic\u00f3w oraz ciotk\u0119 p\u00f3\u0142rocznego ch\u0142opca ze stanu Indiana (USA), kt\u00f3ry trafi\u0142 do szpitala z ponad pi\u0119\u0107dziesi\u0119cioma ranami po ugryzieniach szczur\u00f3w. Lokalne organy \u015bcigania twierdz\u0105, \u017ce nie mia\u0142y wcze\u015bniej do czynienia z podobnym przypadkiem. Tymczasem pracownicy socjalni ju\u017c przed kilkoma miesi\u0105cami alarmowali o sytuacji w domu rodzic\u00f3w poszkodowanego dziecka.", "link": "https://tvn24.pl/swiat/usa-niemowle-z-ponad-50-ranami-zadanymi-przez-szczury-policja-zatrzymala-trzy-osoby-7360101?source=rss", "date_published": "2023-09-25T13:17:07+00:00", "bookmarked": false, "dead": null, "artist": "TVN24 Z kraju", "album": "TVN24 Z kraju", "user": null, "language": "pl-PL", "thumbnail": null}, {"source": "https://tvn24.pl/wiadomosci-z-kraju,3.xml", "title": "\"To wywr\u00f3ci\u0142o m\u00f3j \u015bwiat\". Kerry Washington o tym, jak dowiedzia\u0142a si\u0119, \u017ce jej tata nie jest jej biologicznym ojcem", "description": "<img alt=\"\" src=\"https://tvn24.pl/najnowsze/cdn-zdjecie-3puc19-kerry-washington-7359495/alternates/LANDSCAPE_1280\" />\n    Kerry Washington opowiedzia\u0142a w wywiadzie dla magazynu \"People\" o okoliczno\u015bciach, w jakich pi\u0119\u0107 lat temu dowiedzia\u0142a si\u0119, \u017ce jej tata nie jest jej biologicznym ojcem. Znana mi\u0119dzy innymi z \"Django\" aktorka wyzna\u0142a, \u017ce stara si\u0119 zrozumie\u0107 rodzic\u00f3w, kt\u00f3rzy przez lata skrywali przed ni\u0105 prawd\u0119.", "link": "https://tvn24.pl/kultura-i-styl/kerry-washington-o-tym-jak-dowiedziala-sie-ze-jej-tata-nie-jest-jej-biologicznym-ojcem-to-wywrocilo-moj-swiat-7360121?source=rss", "date_published": "2023-09-25T12:53:11+00:00", "bookmarked": false, "dead": null, "artist": "TVN24 Z kraju", "album": "TVN24 Z kraju", "user": null, "language": "pl-PL", "thumbnail": null}, {"source": "https://tvn24.pl/wiadomosci-z-kraju,3.xml", "title": "Bia\u0142ystok jedynym miastem wojew\u00f3dzkim bez nocnych autobus\u00f3w. W\u0142adze: nie ma pieni\u0119dzy przez Polski \u0141ad", "description": "<img alt=\"Bia\u0142ystok jedynym miastem wojew\u00f3dzkim bez nocnych autobus\u00f3w. W\u0142adze: nie ma pieni\u0119dzy przez Polski \u0141ad\" src=\"https://tvn24.pl/najnowsze/cdn-zdjecie-yxwmoc-w-bialymstoku-nie-ma-nocnej-komunikacji-miejskiej-7359857/alternates/LANDSCAPE_1280\" />\n    Radni miejscy Polski 2050, a ostatnio tak\u017ce radni PiS, prosz\u0105 prezydenta Bia\u0142egostoku o przywr\u00f3cenie nocnych kurs\u00f3w autobus\u00f3w, kt\u00f3re nie funkcjonuj\u0105 od wybuchu pandemii. Prezydent tego nie wyklucza, ale stawia warunek: rz\u0105d musi zrekompensowa\u0107 samorz\u0105dowi dochody utracone przez zmiany podatkowe w ramach Polskiego \u0141adu.", "link": "https://tvn24.pl/bialystok/bialystok-radni-chca-przywrocenia-nocnej-komunikacji-miejskiej-miasto-nie-ma-na-to-pieniedzy-7360280?source=rss", "date_published": "2023-09-25T12:40:40+00:00", "bookmarked": false, "dead": null, "artist": "TVN24 Z kraju", "album": "TVN24 Z kraju", "user": null, "language": "pl-PL", "thumbnail": null}, {"source": "https://tvn24.pl/wiadomosci-z-kraju,3.xml", "title": "Rowerzysta wjecha\u0142 na pasy, \"kieruj\u0105ca tramwajem nie mia\u0142a szansy wyhamowa\u0107\"", "description": "<img alt=\"Rowerzysta wjecha\u0142 na pasy, \" src=\"https://tvn24.pl/tvnwarszawa/najnowsze/cdn-zdjecie-vkaxih-wypadek-z-udzialem-rowerzysty-7360374/alternates/LANDSCAPE_1280\" />\n    Na Starym Mie\u015bcie tramwaj linii 20 uderzy\u0142 w przeje\u017cd\u017caj\u0105cego przez przej\u015bcie dla pieszych rowerzyst\u0119. M\u0119\u017cczyzna z urazem g\u0142owy zosta\u0142 zabrany do szpitala.", "link": "https://tvn24.pl/tvnwarszawa/najnowsze/warszawa-tramwaj-uderzyl-w-rowerzyste-mial-rozbita-glowe-byl-w-szoku-7360151?source=rss", "date_published": "2023-09-25T12:40:06+00:00", "bookmarked": false, "dead": null, "artist": "TVN24 Z kraju", "album": "TVN24 Z kraju", "user": null, "language": "pl-PL", "thumbnail": null}, {"source": "https://tvn24.pl/wiadomosci-z-kraju,3.xml", "title": "Po zmroku pije si\u0119 rzadziej, za dnia jednak cz\u0119\u015bciej. Krak\u00f3w o pierwszych efektach nocnej prohibicji", "description": "<img alt=\"Po zmroku pije si\u0119 rzadziej, za dnia jednak cz\u0119\u015bciej. Krak\u00f3w o pierwszych efektach nocnej prohibicji\" src=\"https://tvn24.pl/najnowsze/cdn-zdjecie-4a0a1o-alkohol-6228870/alternates/LANDSCAPE_1280\" />\n    \u015arednio o po\u0142ow\u0119 mniej nocnych interwencji ni\u017c przed rokiem odnotowali w wakacje policjanci i stra\u017cnicy miejscy po wprowadzeniu w Krakowie zakazu sprzeda\u017cy alkoholu od p\u00f3\u0142nocy do godziny 5.30. O ile w nocy jest spokojniej, o tyle w ci\u0105gu ca\u0142ej doby - na co wskazuj\u0105 dane stra\u017cy miejskiej - odnotowano o nieca\u0142e 10 procent wi\u0119cej wykrocze\u0144 zwi\u0105zanych ze spo\u017cyciem alkoholu.", "link": "https://tvn24.pl/krakow/krakow-pierwsze-efekty-zakazu-sprzedazy-alkoholu-noca-miasto-mowi-o-sukcesie-nocnej-prohibicji-7360330?source=rss", "date_published": "2023-09-25T12:39:14+00:00", "bookmarked": false, "dead": null, "artist": "TVN24 Z kraju", "album": "TVN24 Z kraju", "user": null, "language": "pl-PL", "thumbnail": null}, {"source": "https://tvn24.pl/wiadomosci-z-kraju,3.xml", "title": "Obserwatorzy OBWE niewpuszczeni na spotkanie z Kaczy\u0144skim. Rz\u0105dz\u0105cy \"zupe\u0142nie nie znaj\u0105 sprawy\"", "description": "<img alt=\"Obserwatorzy OBWE niewpuszczeni na spotkanie z Kaczy\u0144skim. Rz\u0105dz\u0105cy \" src=\"https://tvn24.pl/najnowsze/cdn-zdjecie-z9s56-na-spotkanie-z-kaczynskim-nie-wpuszczono-obserwatorow-z-obwe-7358278/alternates/LANDSCAPE_1280\" />\n    Na spotkanie z prezesem PiS Jaros\u0142awem Kaczy\u0144skim nie zostali wpuszczeni obserwatorzy OBWE. Przedstawiciele obozu rz\u0105dz\u0105cego nie chc\u0105 komentowa\u0107 tej sytuacji. Twierdz\u0105, \u017ce \"zupe\u0142nie nie znaj\u0105 sprawy\". - PiS si\u0119 zamyka, chowa przed opini\u0105 publiczn\u0105, przed wyborcami. To jest sugestia dla Europy, dla wolnego \u015bwiata, \u017ce PiS chce co\u015b ukry\u0107 przed okiem obserwator\u00f3w - oceni\u0142 Grzegorz Schetyna z Koalicji Obywatelskiej.", "link": "https://tvn24.pl/wybory-parlamentarne-2023/wybory-parlamentarne-2023-obserwatorzy-obwe-niewpuszczeni-na-spotkanie-z-jaroslawem-kaczynskim-komentarze-politykow-7360254?source=rss", "date_published": "2023-09-25T12:18:36+00:00", "bookmarked": false, "dead": null, "artist": "TVN24 Z kraju", "album": "TVN24 Z kraju", "user": null, "language": "pl-PL", "thumbnail": null}, {"source": "https://tvn24.pl/wiadomosci-z-kraju,3.xml", "title": "Martyna Wojciechowska czeka\u0142a na to spotkanie kilka lat. \"Zacz\u0119\u0142am twierdzi\u0107, \u017ce naprawd\u0119 j\u0105 lubi\u0119\"", "description": "<img alt=\"Martyna Wojciechowska czeka\u0142a na to spotkanie kilka lat. \" src=\"https://tvn24.pl/najnowsze/cdn-zdjecie-8cz9vt-martyna-wojciechowska-i-sophia-kobieta-na-krancu-swiata-7360104/alternates/LANDSCAPE_1280\" />\n    - Ten odcinek \"Kobiety na kra\u0144cu \u015bwiata\" jeszcze przed emisj\u0105 wzbudzi\u0142 bardzo du\u017co emocji - przyznaje Martyna Wojciechowska. Podr\u00f3\u017cniczka pojecha\u0142a z kamer\u0105 do Hongkongu, by spotka\u0107 si\u0119 z Sophi\u0105, najbardziej rozpoznawaln\u0105 robotk\u0105 humanoidaln\u0105 na \u015bwiecie. Odcinek, kt\u00f3ry mia\u0142 premier\u0119 na antenie TVN w niedziel\u0119, mo\u017cna obejrze\u0107 w Playerze.", "link": "https://tvn24.pl/kultura-i-styl/martyna-wojciechowska-kobieta-na-krancu-swiata-gosciem-sophia-najbardziej-rozpoznawalna-robotka-humanoidalna-7360056?source=rss", "date_published": "2023-09-25T12:15:56+00:00", "bookmarked": false, "dead": null, "artist": "TVN24 Z kraju", "album": "TVN24 Z kraju", "user": null, "language": "pl-PL", "thumbnail": null}, {"source": "https://tvn24.pl/wiadomosci-z-kraju,3.xml", "title": "Burmistrz Derny aresztowany w zwi\u0105zku z zawaleniem si\u0119 tam", "description": "<img alt=\"Burmistrz Derny aresztowany w zwi\u0105zku z zawaleniem si\u0119 tam\" src=\"https://tvn24.pl/tvnmeteo/najnowsze/cdn-zdjecie-nb70wf-zniszczone-miasto-derna-7346721/alternates/LANDSCAPE_1280\" />\n    Burmistrz Derny Abdulmenam al-Gaiti, wraz z innymi przedstawicielami w\u0142adz, zosta\u0142 aresztowany pod zarzutem zaniedba\u0144 w zwi\u0105zku z zawaleniem si\u0119 tam - poinformowa\u0142o w poniedzia\u0142ek biuro prokuratora generalnego Libii z siedzib\u0105 w Trypolisie. Doda\u0142o, \u017ce na skutek przerwania si\u0119 tam dosz\u0142o do pot\u0119\u017cnej powodzi, w kt\u00f3rej zgin\u0119\u0142o ponad 11 tysi\u0119cy os\u00f3b.", "link": "https://tvn24.pl/tvnmeteo/swiat/burmistrz-derny-aresztowany-w-zwiazku-z-zawaleniem-sie-tam-7360208?source=rss", "date_published": "2023-09-25T12:02:50+00:00", "bookmarked": false, "dead": null, "artist": "TVN24 Z kraju", "album": "TVN24 Z kraju", "user": null, "language": "pl-PL", "thumbnail": null}, {"source": "https://tvn24.pl/wiadomosci-z-kraju,3.xml", "title": "Trzeci dzie\u0144 poszukiwa\u0144 50-latka w Tatrach. Przez telefon powiedzia\u0142 ratownikom, \u017ce jest ranny", "description": "<img alt=\"Trzeci dzie\u0144 poszukiwa\u0144 50-latka w Tatrach. Przez telefon powiedzia\u0142 ratownikom, \u017ce jest ranny\" src=\"https://tvn24.pl/najnowsze/cdn-zdjecie-8grv1d-poszukiwania-polaka-w-tatrach-na-slowacji-7360139/alternates/LANDSCAPE_1280\" />\n    Ratownicy wci\u0105\u017c nie znale\u017ali 50-latka, kt\u00f3ry w sobot\u0119 zagin\u0105\u0142 w s\u0142owackich Tatrach po tym, jak wybra\u0142 si\u0119 na samotn\u0105 wycieczk\u0119 na Lodowy Szczyt. Zanim kontakt z turyst\u0105 si\u0119 urwa\u0142, m\u0119\u017cczyzna zd\u0105\u017cy\u0142 poinformowa\u0107 telefonicznie ratownik\u00f3w Tatrza\u0144skiego Ochotniczego Pogotowia Ratunkowego, \u017ce jest ranny w nog\u0119. Nie by\u0142 jednak w stanie okre\u015bli\u0107, gdzie si\u0119 znajduje.", "link": "https://tvn24.pl/krakow/tatry-slowacja-trzeci-dzien-poszukiwan-polskiego-turysty-przez-telefon-powiedzial-ratownikom-ze-jest-ranny-7360189?source=rss", "date_published": "2023-09-25T12:00:12+00:00", "bookmarked": false, "dead": null, "artist": "TVN24 Z kraju", "album": "TVN24 Z kraju", "user": null, "language": "pl-PL", "thumbnail": null}, {"source": "https://tvn24.pl/wiadomosci-z-kraju,3.xml", "title": "Wypadek z udzia\u0142em motocyklisty na Woli", "description": "<img alt=\"Wypadek z udzia\u0142em motocyklisty na Woli\" src=\"https://tvn24.pl/tvnwarszawa/najnowsze/cdn-zdjecie-zg22x7-zderzenie-w-alei-prymasa-tysiaclecia-7360239/alternates/LANDSCAPE_1280\" />\n    Zderzenia motocyklisty i kierowcy auta osobowego w alei Prymasa Tysi\u0105clecia. Pojazdy blokuj\u0105 dwa pasy ruchu. Jedna osoba jest poszkodowana.", "link": "https://tvn24.pl/tvnwarszawa/ulice/warszawa-samochod-i-motocykl-zderzyly-sie-w-alei-prymasa-tysiaclecia-7360224?source=rss", "date_published": "2023-09-25T11:51:13+00:00", "bookmarked": false, "dead": null, "artist": "TVN24 Z kraju", "album": "TVN24 Z kraju", "user": null, "language": "pl-PL", "thumbnail": null}, {"source": "https://tvn24.pl/wiadomosci-z-kraju,3.xml", "title": "\"Trzymajcie si\u0119 z dala od okien!\". Grad wielko\u015bci pi\u0142ek do baseballa wybija\u0142 szyby w autach", "description": "<img alt=\"\" src=\"https://tvn24.pl/tvnmeteo/najnowsze/cdn-zdjecie-v9sczd-grad-7360154/alternates/LANDSCAPE_1280\" />\n    Gwa\u0142towna burza nawiedzi\u0142a \u015brodkow\u0105 cz\u0119\u015b\u0107 stanu Teksas w USA. Podczas wy\u0142adowa\u0144 sypn\u0119\u0142o gradem. Lodowe kule by\u0142y wielko\u015bci pi\u0142ek baseballowych i spowodowa\u0142y powa\u017cne szkody materialne.", "link": "https://tvn24.pl/tvnmeteo/swiat/usa-teksas-grad-wielkosci-pilek-do-baseballa-spadl-w-teksasie-wybite-szyby-7359948?source=rss", "date_published": "2023-09-25T11:42:30+00:00", "bookmarked": false, "dead": null, "artist": "TVN24 Z kraju", "album": "TVN24 Z kraju", "user": null, "language": "pl-PL", "thumbnail": null}, {"source": "https://tvn24.pl/wiadomosci-z-kraju,3.xml", "title": "Zjecha\u0142 z drogi i uderzy\u0142 w drzewo, 16-latka trafi\u0142a do szpitala. Egzamin na prawo jazdy zda\u0142 kilka dni wcze\u015bniej", "description": "<img alt=\"Zjecha\u0142 z drogi i uderzy\u0142 w drzewo, 16-latka trafi\u0142a do szpitala. Egzamin na prawo jazdy zda\u0142 kilka dni wcze\u015bniej\" src=\"https://tvn24.pl/najnowsze/cdn-zdjecie-lmhqc4-wypadl-z-drogi-i-uderzyl-w-drzewo-ranna-16-latka-7359994/alternates/LANDSCAPE_1280\" />\n    16-latka zosta\u0142a ranna i trafi\u0142a do szpitala w wyniku wypadku, do kt\u00f3rego dosz\u0142o w miejscowo\u015bci Le\u015bniewo (woj. pomorskie). 19-latek jad\u0105cy bmw wypad\u0142 z drogi i uderzy\u0142 w drzewo. Jak informuje policja, egzamin na prawo jazdy zda\u0142 zaledwie kilka dni wcze\u015bniej.", "link": "https://tvn24.pl/trojmiasto/lesniewo-zjechal-z-drogi-i-uderzyl-w-drzewo-kilka-dni-wczesniej-19-latek-zdal-egzamin-na-prawo-jazdy-7359992?source=rss", "date_published": "2023-09-25T11:35:34+00:00", "bookmarked": false, "dead": null, "artist": "TVN24 Z kraju", "album": "TVN24 Z kraju", "user": null, "language": "pl-PL", "thumbnail": null}, {"source": "https://tvn24.pl/wiadomosci-z-kraju,3.xml", "title": "Biblioteka Uniwersytecka b\u0119dzie czynna przez ca\u0142\u0105 dob\u0119 ju\u017c na sta\u0142e", "description": "<img alt=\"Biblioteka Uniwersytecka b\u0119dzie czynna przez ca\u0142\u0105 dob\u0119 ju\u017c na sta\u0142e\" src=\"https://tvn24.pl/najnowsze/cdn-zdjecie-vd9lyc-biblioteka-uniwersytetu-warszawskiego-7360181/alternates/LANDSCAPE_1280\" />\n    W\u0142adze Uniwersytetu Warszawskiego podj\u0119\u0142y decyzj\u0119 o tym, \u017ce gmach biblioteki b\u0119dzie czynny na sta\u0142e przez ca\u0142\u0105 dob\u0119. Rozporz\u0105dzenie wejdzie w \u017cycie 2 pa\u017adziernika, czyli od rozpocz\u0119cia nowego roku akademickiego.", "link": "https://tvn24.pl/tvnwarszawa/najnowsze/warszawa-biblioteka-uniwersytecka-bedzie-czynna-przez-cala-dobe-juz-na-stale-7359989?source=rss", "date_published": "2023-09-25T11:15:43+00:00", "bookmarked": false, "dead": null, "artist": "TVN24 Z kraju", "album": "TVN24 Z kraju", "user": null, "language": "pl-PL", "thumbnail": null}, {"source": "https://tvn24.pl/wiadomosci-z-kraju,3.xml", "title": "Obl\u0119\u017cenie o\u015brodk\u00f3w po zmianie przepis\u00f3w. \"Kompletnie nie rozumiem tego ruchu\"", "description": "<img alt=\"Obl\u0119\u017cenie o\u015brodk\u00f3w po zmianie przepis\u00f3w. \" src=\"https://tvn24.pl/najnowsze/cdn-zdjecie-pzpny2-warszawa-samochody-auta-ulica-5108660/alternates/LANDSCAPE_1280\" />\n    Kompletnie nie rozumiem tego ruchu - stwierdzi\u0142 w rozmowie z TVN24 Leszek P\u0142awiak ze szko\u0142y jazdy \"Autko\", odnosz\u0105c si\u0119 do przywr\u00f3cenia kurs\u00f3w, kt\u00f3re powalaj\u0105 kierowcom zredukowa\u0107 o 6 liczb\u0119 posiadanych punkt\u00f3w karnych. Obecnie wi\u0119kszo\u015b\u0107 o\u015brodk\u00f3w ruchu drogowego w Polsce prze\u017cywa obl\u0119\u017cenie w zwi\u0105zku ze zmian\u0105 przepis\u00f3w w tej sprawie.", "link": "https://tvn24.pl/biznes/moto/motoryzacja-kursy-kasujace-punkty-karne-komentuja-leszek-plawiak-dariusz-galik-7359908?source=rss", "date_published": "2023-09-25T11:14:01+00:00", "bookmarked": false, "dead": null, "artist": "TVN24 Z kraju", "album": "TVN24 Z kraju", "user": null, "language": "pl-PL", "thumbnail": null}, {"source": "https://tvn24.pl/wiadomosci-z-kraju,3.xml", "title": "Cztero- i siedmiolatek zamkni\u0119ci w domu, \"wo\u0142ali o pomoc\". Matka wysz\u0142a na piwo. Wr\u00f3ci\u0142a dzie\u0144 po interwencji s\u0142u\u017cb", "description": "<img alt=\"Cztero- i siedmiolatek zamkni\u0119ci w domu, \" src=\"https://tvn24.pl/najnowsze/cdn-zdjecie-fqfxz-cztero-i-siedmiolatek-zamknieci-w-domu-wolali-o-pomoc-matka-wyszla-na-piwo-7360120/alternates/LANDSCAPE_1280\" />\n    Mieszka\u0144cy Chojnic (woj. pomorskie) poinformowali policj\u0119, \u017ce w jednym z mieszka\u0144 przebywa dw\u00f3ch ma\u0142ych ch\u0142opc\u00f3w, kt\u00f3rzy \"wo\u0142aj\u0105 o pomoc\". Cztero- i siedmiolatek byli zamkni\u0119ci w domu, nie by\u0142o z nimi doros\u0142ych. Jak informuje policja, matka dzieci wr\u00f3ci\u0142a do mieszkania nast\u0119pnego dnia. Przyzna\u0142a, \u017ce wysz\u0142a do znajomego na piwo. Nie wiadomo dok\u0142adnie, jak d\u0142ugo dzieci by\u0142y same w mieszkaniu. - Prowadzimy czynno\u015bci, by wyja\u015bni\u0107 jak faktycznie by\u0142o - podkre\u015blaj\u0105 mundurowi.", "link": "https://tvn24.pl/trojmiasto/chojnice-mali-chlopcy-czterolatek-i-siedmiolatek-zamknieci-w-domu-wolali-o-pomoc-matka-wyszla-na-piwo-7360190?source=rss", "date_published": "2023-09-25T11:12:36+00:00", "bookmarked": false, "dead": null, "artist": "TVN24 Z kraju", "album": "TVN24 Z kraju", "user": null, "language": "pl-PL", "thumbnail": null}, {"source": "https://tvn24.pl/wiadomosci-z-kraju,3.xml", "title": "Aligator trzyma\u0142 w pysku \"doln\u0105 cz\u0119\u015b\u0107 ludzkiego tu\u0142owia\". Ujawniono, kim by\u0142a ofiara", "description": "<img alt=\"Aligator trzyma\u0142 w pysku \" src=\"https://tvn24.pl/najnowsze/cdn-zdjecie-mhfo0s-aligator-7141897/alternates/LANDSCAPE_1280\" />\n    Ponadczterometrowy aligator z ludzkimi szcz\u0105tkami w pysku zosta\u0142 zauwa\u017cony w kanale miejskim na Florydzie w okolicy miasta Largo. Zwierz\u0119 zosta\u0142o u\u015bpione przez s\u0142u\u017cby, kt\u00f3re wy\u0142owi\u0142y zw\u0142oki z wody i ustali\u0142y to\u017csamo\u015b\u0107 zmar\u0142ej kobiety. C\u00f3rka 41-letniej ofiary zabra\u0142a g\u0142os. Okoliczni mieszka\u0144cy m\u00f3wi\u0105 w mediach, \u017ce boj\u0105 si\u0119 o swoje bezpiecze\u0144stwo.", "link": "https://tvn24.pl/tvnmeteo/swiat/usa-aligator-trzymal-w-pysku-dolna-czesc-ludzkiego-tulowia-ujawniono-kim-byla-ofiara-7359777?source=rss", "date_published": "2023-09-25T10:56:03+00:00", "bookmarked": false, "dead": null, "artist": "TVN24 Z kraju", "album": "TVN24 Z kraju", "user": null, "language": "pl-PL", "thumbnail": null}, {"source": "https://tvn24.pl/wiadomosci-z-kraju,3.xml", "title": "Zada\u0142 kilkana\u015bcie cios\u00f3w no\u017cem. Zabi\u0142 ciotk\u0119 i jej ojca. Us\u0142ysza\u0142 wyrok", "description": "<img alt=\"Zada\u0142 kilkana\u015bcie cios\u00f3w no\u017cem. Zabi\u0142 ciotk\u0119 i jej ojca. Us\u0142ysza\u0142 wyrok\" src=\"https://tvn24.pl/najnowsze/cdn-zdjecie-c03st-sad-zdecydowal-ze-z-warunkowego-przedterminowego-zwolnienia-mezczyzna-bedzie-mogl-skorzystac-nie-wczesniej-niz-po-odbyciu-25-lat-kary-7359960/alternates/LANDSCAPE_1280\" />\n    Motywem tej zbrodni mia\u0142o by\u0107 to, \u017ce 59-letnia ciotka odm\u00f3wi\u0142a mu wynajmu mieszkania w centrum W\u0142oc\u0142awka (woj. kujawsko-pomorskie). \u0141ukasz P. zabi\u0142 j\u0105 oraz jej 84-letniego ojca, zadaj\u0105c ofiarom kilkadziesi\u0105t cios\u00f3w no\u017cem w g\u0142ow\u0119 i klatk\u0119 piersiow\u0105. S\u0105d Apelacyjny w Gda\u0144sku wyda\u0142 prawomocny wyrok do\u017cywotniego pozbawienia wolno\u015bci.", "link": "https://tvn24.pl/kujawsko-pomorskie/wloclawek-zadal-kilkanascie-ciosow-nozem-zabil-ciotke-i-jej-ojca-sad-utrzymal-dozywocie-7359955?source=rss", "date_published": "2023-09-25T10:48:38+00:00", "bookmarked": false, "dead": null, "artist": "TVN24 Z kraju", "album": "TVN24 Z kraju", "user": null, "language": "pl-PL", "thumbnail": null}, {"source": "https://tvn24.pl/wiadomosci-z-kraju,3.xml", "title": "Kosowo. Policja wkroczy\u0142a do wioski Banjska, szuka os\u00f3b zaanga\u017cowanych w strzelanin\u0119", "description": "<img alt=\"Kosowo. Policja wkroczy\u0142a do wioski Banjska, szuka os\u00f3b zaanga\u017cowanych w strzelanin\u0119\" src=\"https://tvn24.pl/najnowsze/cdn-zdjecie-ptpul2-kosowska-policja-na-drodze-w-poblizu-wsi-banjska-7359998/alternates/LANDSCAPE_1280\" />\n    Jednostki kosowskiej policji w pojazdach opancerzonych wkroczy\u0142y do wioski Banjska na p\u00f3\u0142nocy kraju. Wcze\u015bniej w tym miejscu dosz\u0142o do strzelaniny pomi\u0119dzy si\u0142ami z Kosowa a etnicznymi Serbami, w kt\u00f3rej zgin\u0119\u0142y cztery osoby - poda\u0142a agencja Reutera.", "link": "https://tvn24.pl/swiat/kosowo-policja-wkroczyla-do-wioski-banjska-w-ktorej-doszlo-do-strzelaniny-7359965?source=rss", "date_published": "2023-09-25T10:47:08+00:00", "bookmarked": false, "dead": null, "artist": "TVN24 Z kraju", "album": "TVN24 Z kraju", "user": null, "language": "pl-PL", "thumbnail": null}, {"source": "https://tvn24.pl/wiadomosci-z-kraju,3.xml", "title": "Jon Bon Jovi nie za\u015bpiewa na \u015blubie syna z Millie Bobby Brown. \"Potrzebuje przerwy\"", "description": "<img alt=\"Jon Bon Jovi nie za\u015bpiewa na \u015blubie syna z Millie Bobby Brown. \" src=\"https://tvn24.pl/najnowsze/cdn-zdjecie-wyoacg-jon-bon-jovi-7062870/alternates/LANDSCAPE_1280\" />\n    Jon Bon Jovi nie wyst\u0105pi na \u015blubie swojego syna Jake'a Bongioviego i aktorki Millie Bobby Brown. My\u015bl\u0119, \u017ce potrzebuje przerwy \u2013 powiedzia\u0142a 19-letnia gwiazda \"The Stranger Things\" w wywiadzie dla \"Today\". Wokalista grupy Bon Jovi w przesz\u0142o\u015bci zaskoczy\u0142 go\u015bci weselnych, spontanicznie wykonuj\u0105c przeb\u00f3j \"Livin\u2019 on a Prayer\" podczas uroczysto\u015bci na Florydzie.", "link": "https://tvn24.pl/kultura-i-styl/muzyka-jon-bon-jovi-nie-zaspiewa-na-slubie-syna-jake-bongiovi-z-millie-bobby-brown-7359824?source=rss", "date_published": "2023-09-25T10:42:07+00:00", "bookmarked": false, "dead": null, "artist": "TVN24 Z kraju", "album": "TVN24 Z kraju", "user": null, "language": "pl-PL", "thumbnail": null}, {"source": "https://tvn24.pl/wiadomosci-z-kraju,3.xml", "title": "Bez pr\u0119dko\u015bciomierza i wska\u017anik\u00f3w paliwa, ostatnie badanie techniczne sprzed siedmiu lat. I tak ruszy\u0142 w drog\u0119", "description": "<img alt=\"Bez pr\u0119dko\u015bciomierza i wska\u017anik\u00f3w paliwa, ostatnie badanie techniczne sprzed siedmiu lat. I tak ruszy\u0142 w drog\u0119\" src=\"https://tvn24.pl/najnowsze/cdn-zdjecie-t4hjap-bez-predkosciomierza-i-wskaznikow-paliwa-ostatnie-badanie-techniczne-sprzed-siedmiu-lat-7359974/alternates/LANDSCAPE_1280\" />\n    Policjanci z Lubina (woj. dolno\u015bl\u0105skie) zauwa\u017cyli motocyklist\u0119, kt\u00f3ry na ich widok nagle przyspieszy\u0142. Postanowili sprawdzi\u0107 m\u0119\u017cczyzn\u0119. Okaza\u0142o si\u0119, \u017ce jego pojazd nie mia\u0142 ani pr\u0119dko\u015bciomierza, ani drogomierza i wska\u017anika paliwa. Co wi\u0119cej, ostatnie badanie techniczne motocykl przeszed\u0142 siedem lat wcze\u015bniej.", "link": "https://tvn24.pl/wroclaw/lubin-motocykl-bez-predkosciomierza-i-wskaznikow-paliwa-ostatnie-badanie-techniczne-sprzed-siedmiu-lat-i-tak-ruszyl-w-droge-7360004?source=rss", "date_published": "2023-09-25T10:29:00+00:00", "bookmarked": false, "dead": null, "artist": "TVN24 Z kraju", "album": "TVN24 Z kraju", "user": null, "language": "pl-PL", "thumbnail": null}, {"source": "https://tvn24.pl/wiadomosci-z-kraju,3.xml", "title": "Plany podatkowej rewolucji. Co nam szykuj\u0105 partie", "description": "<img alt=\"Plany podatkowej rewolucji. Co nam szykuj\u0105 partie\" src=\"https://tvn24.pl/najnowsze/cdn-zdjecie-dedkg4-zloty-pieniadze-shutterstock2202709927-6720439/alternates/LANDSCAPE_1280\" />\n    Skokowy wzrost kwoty wolnej od podatku, zmiany w stawkach PIT oraz VAT, a tak\u017ce nowe ulgi - proponuj\u0105 ugrupowania startuj\u0105ce w zbli\u017caj\u0105cych si\u0119 wyborach parlamentarnych. Sprawdzamy, proponuj\u0105 PiS, KO, Trzecia Droga, Lewica, Konfederacja i Bezpartyjni Samorz\u0105dowcy.", "link": "https://tvn24.pl/biznes/pieniadze/wybory-2023-programy-wyborcze-podatki-jakie-zmiany-proponuja-pis-ko-trzecia-droga-lewica-konfederacja-i-bezpartyjni-samorzadowcy-7358495?source=rss", "date_published": "2023-09-25T10:08:39+00:00", "bookmarked": false, "dead": null, "artist": "TVN24 Z kraju", "album": "TVN24 Z kraju", "user": null, "language": "pl-PL", "thumbnail": null}, {"source": "https://tvn24.pl/wiadomosci-z-kraju,3.xml", "title": "Minister m\u00f3wi o \"prze\u0142omowym momencie\" na rynku. Bran\u017ca reaguje", "description": "<img alt=\"Minister m\u00f3wi o \" src=\"https://tvn24.pl/najnowsze/cdn-zdjecie-8syf5t-mieszkanie-osiedle-blok-shutterstock_1950869113-7359936/alternates/LANDSCAPE_1280\" />\n    Polski Zwi\u0105zek Firm Deweloperskich apeluje do ministra rozwoju i technologii Waldemara Budy o przesuni\u0119cie w czasie wej\u015bcia w \u017cycie przepis\u00f3w, kt\u00f3re maj\u0105 walczy\u0107 z patologiami na rynku nieruchomo\u015bci. \"Podstaw\u0105 powinno by\u0107 stabilne, przewidywalne prawo\" - napisano.", "link": "https://tvn24.pl/biznes/nieruchomosci/patodeweloperka-apel-polskiego-zwiazku-firm-deweloperskich-do-ministra-waldemara-budy-7359742?source=rss", "date_published": "2023-09-25T09:55:07+00:00", "bookmarked": false, "dead": null, "artist": "TVN24 Z kraju", "album": "TVN24 Z kraju", "user": null, "language": "pl-PL", "thumbnail": null}, {"source": "https://tvn24.pl/wiadomosci-z-kraju,3.xml", "title": "\"Bitwa o go\u015bci\". Kiedy pierwszy odcinek?", "description": "<img alt=\"\" src=\"https://tvn24.pl/najnowsze/cdn-zdjecie-hnbeos-bitwa-o-gosci-7359774/alternates/LANDSCAPE_1280\" />\n    Na co warto zwraca\u0107 uwag\u0119 w hotelu? Czy nocleg na glampingu jest wart swojej ceny? Na te i wiele innych pyta\u0144 odpowiedz\u0105 uczestnicy nowego programu \"Bitwa o go\u015bci\". - B\u0119dzie iskrzy\u0107! - zapowiadaj\u0105 producenci. Program b\u0119dzie emitowany w TVN w ka\u017cd\u0105 niedziel\u0119 o godz. 17.30 oraz w Playerze. Premiera 1 pa\u017adziernika.", "link": "https://tvn24.pl/kultura-i-styl/bitwa-o-gosci-kiedy-pierwszy-odcinek-nowego-programu-tvn-7359723?source=rss", "date_published": "2023-09-25T09:49:42+00:00", "bookmarked": false, "dead": null, "artist": "TVN24 Z kraju", "album": "TVN24 Z kraju", "user": null, "language": "pl-PL", "thumbnail": null}, {"source": "https://tvn24.pl/wiadomosci-z-kraju,3.xml", "title": "Dziesi\u0105tki tysi\u0119cy os\u00f3b demonstrowa\u0142o przeciwko amnestii dla katalo\u0144skich separatyst\u00f3w", "description": "<img alt=\"Dziesi\u0105tki tysi\u0119cy os\u00f3b demonstrowa\u0142o przeciwko amnestii dla katalo\u0144skich separatyst\u00f3w\" src=\"https://tvn24.pl/najnowsze/cdn-zdjecie-8so2cl-dziesiatki-tysiecy-osob-demonstrowalo-przeciwko-amnestii-dla-katalonskich-separatystow-7359385/alternates/LANDSCAPE_1280\" />\n    65 tysi\u0119cy os\u00f3b wed\u0142ug organizator\u00f3w, a 40 tysi\u0119cy wed\u0142ug delegatury rz\u0105du centralnego manifestowa\u0142o w niedziel\u0119 na ulicach Madrytu przeciwko amnestii dla katalo\u0144skich separatyst\u00f3w. Protesty zorganizowa\u0142a opozycyjna centroprawicowa Partia Ludowa na czele z liderem i kandydatem na premiera po lipcowych wyborach Albertem Nunezem Feijoo.", "link": "https://tvn24.pl/swiat/hiszpania-dziesiatki-tysiecy-osob-demonstrowalo-w-madrycie-przeciwko-amnestii-dla-katalonskich-separatystow-7359382?source=rss", "date_published": "2023-09-25T09:49:15+00:00", "bookmarked": false, "dead": null, "artist": "TVN24 Z kraju", "album": "TVN24 Z kraju", "user": null, "language": "pl-PL", "thumbnail": null}, {"source": "https://tvn24.pl/wiadomosci-z-kraju,3.xml", "title": "By\u0142y policjant podejrzany o zab\u00f3jstwo podw\u0142adnego i dziennikarza. Jest opinia o poczytalno\u015bci", "description": "<img alt=\"By\u0142y policjant podejrzany o zab\u00f3jstwo podw\u0142adnego i dziennikarza. Jest opinia o poczytalno\u015bci\" src=\"https://tvn24.pl/najnowsze/cdn-zdjecie-s2ebew-prokuratura-okregowa-w-krakowie-7359892/alternates/LANDSCAPE_1280\" />\n    Tadeusz P., by\u0142y milicjant, a p\u00f3\u017aniej tak\u017ce policjant, kt\u00f3remu prokuratura postawi\u0142a zarzuty zab\u00f3jstwa swojego podw\u0142adnego - milicjanta Krzysztofa Pyki i sanockiego dziennikarza Marka Pomyka\u0142y oraz usi\u0142owania zab\u00f3jstwa swojej by\u0142ej \u017cony jest w pe\u0142ni poczytalny i mo\u017ce za zarzucane czyny odpowiada\u0107 przed s\u0105dem. M\u0119\u017cczy\u017anie grozi do\u017cywocie.", "link": "https://tvn24.pl/rzeszow/sanok-krosno-krakow-byly-policjant-tadeusz-p-podejrzany-o-zabojstwo-podwladnego-i-dziennikarza-prokuratura-o-poczytalnosci-7293837?source=rss", "date_published": "2023-09-25T09:27:50+00:00", "bookmarked": false, "dead": null, "artist": "TVN24 Z kraju", "album": "TVN24 Z kraju", "user": null, "language": "pl-PL", "thumbnail": null}, {"source": "https://tvn24.pl/wiadomosci-z-kraju,3.xml", "title": "Nocny po\u017car hali produkcyjnej. W akcji ponad stu stra\u017cak\u00f3w", "description": "<img alt=\"Nocny po\u017car hali produkcyjnej. W akcji ponad stu stra\u017cak\u00f3w \" src=\"https://tvn24.pl/najnowsze/cdn-zdjecie-6v69y6-w-cmolasie-splonela-hala-produkcyjna-7359743/alternates/LANDSCAPE_1280\" />\n    Ponad 100 stra\u017cak\u00f3w w Cmolasie (woj. podkarpackie) gasi\u0142o po\u017car hali produkcyjnej, gdzie przetwarzano tworzywa sztuczne. Nikt nie ucierpia\u0142. Przyczyny pojawienia si\u0119 ognia na razie nie s\u0105 znane.", "link": "https://tvn24.pl/rzeszow/cmolas-nocny-pozar-hali-produkcyjnej-w-akcji-ponad-stu-strazakow-7359740?source=rss", "date_published": "2023-09-25T09:07:16+00:00", "bookmarked": false, "dead": null, "artist": "TVN24 Z kraju", "album": "TVN24 Z kraju", "user": null, "language": "pl-PL", "thumbnail": null}, {"source": "https://tvn24.pl/wiadomosci-z-kraju,3.xml", "title": "Potrzeby m\u0142odego pokolenia oczami wyborczych debiutant\u00f3w", "description": "<img alt=\"Potrzeby m\u0142odego pokolenia oczami wyborczych debiutant\u00f3w\" src=\"https://tvn24.pl/najnowsze/cdn-zdjecie-wadav2-25-0920-debiuty-0011-7359629/alternates/LANDSCAPE_1280\" />\n    M\u0142odzi politycy i dzia\u0142acze w programie \"Czas Decyzji: debiuty\" m\u00f3wi\u0105 o swoich pomys\u0142ach na Polsk\u0119 i postulatach, z jakimi startuj\u0105 do Sejmu. W poniedzia\u0142kowym wydaniu Jakub Nowicki z Koalicji Obywatelskiej i Jakub Marciniak (Trzecia Droga) poruszyli mi\u0119dzy innymi temat klimatu i zdrowia psychicznego.", "link": "https://tvn24.pl/wybory-parlamentarne-2023/wybory-parlamentarne-2023-co-dla-mlodych-debiutanci-o-potrzebach-mlodego-pokolenia-7359674?source=rss", "date_published": "2023-09-25T08:52:22+00:00", "bookmarked": false, "dead": null, "artist": "TVN24 Z kraju", "album": "TVN24 Z kraju", "user": null, "language": "pl-PL", "thumbnail": null}, {"source": "https://tvn24.pl/wiadomosci-z-kraju,3.xml", "title": "Wielki producent ko\u0144czy z silnikami Diesla", "description": "<img alt=\"Wielki producent ko\u0144czy z silnikami Diesla\" src=\"https://tvn24.pl/najnowsze/cdn-zdjecie-m1li79-ulica-korek-volvo-c30-shutterstock_1930675556-7359654/alternates/LANDSCAPE_1280\" />\n    Volvo og\u0142osi\u0142o, \u017ce na pocz\u0105tku 2024 roku zaprzestanie produkcji aut z silnikiem Diesla. Firma ju\u017c wcze\u015bniej zobowi\u0105za\u0142a si\u0119, \u017ce od 2030 roku b\u0119dzie produkowa\u0107 wy\u0142\u0105cznie pojazdy elektryczne. Volvo jest kolejnym du\u017cym producentem aut, kt\u00f3ry zapowiada wycofanie silnik\u00f3w spalinowych.", "link": "https://tvn24.pl/biznes/moto/volvo-konczy-z-silnikami-diesla-padla-data-7359542?source=rss", "date_published": "2023-09-25T08:51:44+00:00", "bookmarked": false, "dead": null, "artist": "TVN24 Z kraju", "album": "TVN24 Z kraju", "user": null, "language": "pl-PL", "thumbnail": null}, {"source": "https://tvn24.pl/wiadomosci-z-kraju,3.xml", "title": "23-latek \"staranowany, pobity i d\u017agni\u0119ty no\u017cem\". Raper MHD us\u0142ysza\u0142 wyrok", "description": "<img alt=\"23-latek \" src=\"https://tvn24.pl/najnowsze/cdn-zdjecie-5eze9o-mhd-7359488/alternates/LANDSCAPE_1280\" />\n    23 wrze\u015bnia znany francuski raper MHD zosta\u0142 skazany na 12 lat wi\u0119zienia za morderstwo m\u0142odego m\u0119\u017cczyzny w Pary\u017cu w 2018 roku. Muzyk w trakcie ca\u0142ego procesu nie przyznawa\u0142 si\u0119 do winy. Zidentyfikowali go jednak \u015bwiadkowie zab\u00f3jstwa, a ca\u0142e zdarzenie zosta\u0142o nagrane z okna mieszkania.", "link": "https://tvn24.pl/swiat/francja-23-latek-staranowany-pobity-i-dzgniety-nozem-raper-mhd-uslyszal-wyrok-7359501?source=rss", "date_published": "2023-09-25T08:32:18+00:00", "bookmarked": false, "dead": null, "artist": "TVN24 Z kraju", "album": "TVN24 Z kraju", "user": null, "language": "pl-PL", "thumbnail": null}, {"source": "https://tvn24.pl/wiadomosci-z-kraju,3.xml", "title": "Z Villarriki wydobywaj\u0105 si\u0119 gazy wulkaniczne. Mo\u017ce doj\u015b\u0107 do erupcji", "description": "<img alt=\"Z Villarriki wydobywaj\u0105 si\u0119 gazy wulkaniczne. Mo\u017ce doj\u015b\u0107 do erupcji \" src=\"https://tvn24.pl/tvnmeteo/najnowsze/cdn-zdjecie-bqfnll-wulkan-7359649/alternates/LANDSCAPE_1280\" />\n    Z wn\u0119trza wulkanu Villarrica, kt\u00f3ry po\u0142o\u017cony jest na po\u0142udniu Chile, wydobywaj\u0105 si\u0119 gazy wulkaniczne. Na dnie krateru wida\u0107 te\u017c law\u0119. Zdaniem ekspert\u00f3w mo\u017ce do\u015b\u0107 do erupcji wulkanu.", "link": "https://tvn24.pl/tvnmeteo/swiat/chile-z-wulkanu-villarrica-wydobywa-sie-dym-moze-dojsc-do-erupcji-7359577?source=rss", "date_published": "2023-09-25T08:14:35+00:00", "bookmarked": false, "dead": null, "artist": "TVN24 Z kraju", "album": "TVN24 Z kraju", "user": null, "language": "pl-PL", "thumbnail": null}, {"source": "https://tvn24.pl/wiadomosci-z-kraju,3.xml", "title": "Ogromny po\u017car stodo\u0142y i gara\u017cu. Trzy osoby poszkodowane. \"Ogie\u0144 by\u0142o wida\u0107 z kilku kilometr\u00f3w\"", "description": "<img alt=\"Ogromny po\u017car stodo\u0142y i gara\u017cu. Trzy osoby poszkodowane. \" src=\"https://tvn24.pl/najnowsze/cdn-zdjecie-qdmoeo-akcja-strazakow-trwala-ponad-trzy-godziny-7359554/alternates/LANDSCAPE_1280\" />\n    Trzy osoby zosta\u0142y poszkodowane w po\u017carze gara\u017cu i stodo\u0142y w miejscowo\u015bci Orla pod Zgierzem (woj. \u0142\u00f3dzkie). - Dw\u00f3ch m\u0119\u017cczyzn zosta\u0142o poparzonych, trzeci zas\u0142ab\u0142 pod wp\u0142ywem zdarzenia - informuje stra\u017c po\u017carna. Ogie\u0144 by\u0142o wida\u0107 z kilku kilometr\u00f3w, s\u0142u\u017cby otrzymywa\u0142y informacj\u0119 o zdarzeniu mi\u0119dzy innymi od kierowc\u00f3w jad\u0105cych autostrad\u0105 A2.", "link": "https://tvn24.pl/lodz/orla-zgierz-ogromny-pozar-stodoly-i-garazu-trzy-osoby-poszkodowane-ogien-bylo-widac-z-kilku-kilometrow-7359570?source=rss", "date_published": "2023-09-25T07:48:51+00:00", "bookmarked": false, "dead": null, "artist": "TVN24 Z kraju", "album": "TVN24 Z kraju", "user": null, "language": "pl-PL", "thumbnail": null}, {"source": "https://tvn24.pl/wiadomosci-z-kraju,3.xml", "title": "Motocyklem ucieka\u0142 po chodniku i pod pr\u0105d. \"Doprowadzi\u0142 do zderzenia i upadku policjanta\"", "description": "<img alt=\"Motocyklem ucieka\u0142 po chodniku i pod pr\u0105d. \" src=\"https://tvn24.pl/tvnwarszawa/najnowsze/cdn-zdjecie-hwg09j-motocykle-policyjne-7359524/alternates/LANDSCAPE_1280\" />\n    Policjanci z Radomia prowadzili po\u015bcig za 18-latkiem na motocyklu, kt\u00f3ry kt\u00f3ry nie zatrzyma\u0142 si\u0119 do kontroli. Po drodze pope\u0142ni\u0142 szereg wykrocze\u0144 i doprowadzi\u0142 do kolizji z policyjnym jedno\u015bladem. M\u0142ody m\u0119\u017cczyzna zosta\u0142 zatrzymany dopiero w miejscu zamieszkania.", "link": "https://tvn24.pl/tvnwarszawa/najnowsze/radom-poscig-za-motocyklista-w-radomiu-7359481?source=rss", "date_published": "2023-09-25T07:35:19+00:00", "bookmarked": false, "dead": null, "artist": "TVN24 Z kraju", "album": "TVN24 Z kraju", "user": null, "language": "pl-PL", "thumbnail": null}, {"source": "https://tvn24.pl/wiadomosci-z-kraju,3.xml", "title": "Kampania wyborcza na ostatniej prostej. Ekspertka: warunki jej prowadzenia nie s\u0105 uczciwe", "description": "<img alt=\"Kampania wyborcza na ostatniej prostej. Ekspertka: warunki jej prowadzenia nie s\u0105 uczciwe\" src=\"https://tvn24.pl/najnowsze/cdn-zdjecie-s8ocqp-barbara-brodzinska-mirowska-7359526/alternates/LANDSCAPE_1280\" />\n    Warunki prowadzenia tej kampanii nie s\u0105 uczciwe. Zjednoczona Prawica ma r\u00f3wnolegle kampani\u0119 referendaln\u0105, kt\u00f3ra nie podlega limitom, czyli mamy sytuacj\u0119, gdzie finansowo jest to zupe\u0142nie inny level - powiedzia\u0142a w \"Rozmowie Piaseckiego: czas decyzji\" doktor Barbara Brodzi\u0144ska-Mirowska, politolo\u017cka z Uniwersytetu Miko\u0142aja Kopernika w Toruniu.", "link": "https://tvn24.pl/wybory-parlamentarne-2023/wybory-parlamentarne-2023-kampania-wyborcza-ekspertka-komentuje-7359561?source=rss", "date_published": "2023-09-25T07:25:56+00:00", "bookmarked": false, "dead": null, "artist": "TVN24 Z kraju", "album": "TVN24 Z kraju", "user": null, "language": "pl-PL", "thumbnail": null}, {"source": "https://tvn24.pl/wiadomosci-z-kraju,3.xml", "title": "Fragmenty asteroidy\u00a0Bennu na Ziemi. \"Mo\u017ce gdy zbadamy te pr\u00f3bki, zrozumiemy nasze pochodzenie\"", "description": "<img alt=\"Fragmenty asteroidy\u00a0Bennu na Ziemi. \" src=\"https://tvn24.pl/tvnmeteo/najnowsze/cdn-zdjecie-r0c8fr-kapsula-z-probka-asteroidy-bennu-wyladowala-na-pustyni-w-utah-7359306/alternates/LANDSCAPE_1280\" />\n    Po siedmiu latach i przebyciu 6,21 miliarda kilometr\u00f3w nale\u017c\u0105ca do NASA sonda OSIRIS-REx\u00a0dostarczy\u0142a na Ziemi\u0119 pr\u00f3bk\u0119 asteroidy\u00a0Bennu. - To osi\u0105gni\u0119cie to kamie\u0144 milowy nie tylko dla zespo\u0142u, ale dla ca\u0142ej nauki - powiedzia\u0142 Dante Lauretta z Uniwersytetu w Arizonie, kt\u00f3ry by\u0142 zaanga\u017cowany w t\u0119 misj\u0119.", "link": "https://tvn24.pl/tvnmeteo/nauka/asteroidabennu-nasa-moze-gdy-zbadamy-te-probki-to-zrozumiemy-nasze-pochodzenie-7359487?source=rss", "date_published": "2023-09-25T07:23:48+00:00", "bookmarked": false, "dead": null, "artist": "TVN24 Z kraju", "album": "TVN24 Z kraju", "user": null, "language": "pl-PL", "thumbnail": null}, {"source": "https://tvn24.pl/wiadomosci-z-kraju,3.xml", "title": "Zderzenie na trasie S2. Rozbite auta blokowa\u0142y dwa pasy", "description": "<img alt=\"Zderzenie na trasie S2. Rozbite auta blokowa\u0142y dwa pasy\" src=\"https://tvn24.pl/tvnwarszawa/najnowsze/cdn-zdjecie-98ollx-kolizja-na-s2-7359612/alternates/LANDSCAPE_1280\" />\n    W porannym szczycie warszawscy kierowcy utkn\u0119li w 10-kilometrowym korku na trasie S2. To efekt kolizji dw\u00f3ch samochod\u00f3w osobowych.", "link": "https://tvn24.pl/tvnwarszawa/najnowsze/warszawa-zderzenie-na-trasie-s2-korek-7359546?source=rss", "date_published": "2023-09-25T07:08:02+00:00", "bookmarked": false, "dead": null, "artist": "TVN24 Z kraju", "album": "TVN24 Z kraju", "user": null, "language": "pl-PL", "thumbnail": null}, {"source": "https://tvn24.pl/wiadomosci-z-kraju,3.xml", "title": "Sp\u0142on\u0105\u0142 dom jednorodzinny. W zgliszczach znaleziono cia\u0142o", "description": "<img alt=\"Sp\u0142on\u0105\u0142 dom jednorodzinny. W zgliszczach znaleziono cia\u0142o\" src=\"https://tvn24.pl/najnowsze/cdn-zdjecie-q1t3n0-mrzyglod-palil-sie-dom-jednorodzinny-7359502/alternates/LANDSCAPE_1280\" />\n    Ponad 40 stra\u017cak\u00f3w bra\u0142o udzia\u0142 w akcji w miejscowo\u015bci Mrzyg\u0142\u00f3d (woj. podkarpackie), gdzie w p\u0142omieniach stan\u0105\u0142 dom jednorodzinny. Nie \u017cyje m\u0119\u017cczyzna, kt\u00f3rego cia\u0142o znaleziono w zgliszczach.\u00a0Informacj\u0119 i zdj\u0119cie otrzymali\u015bmy na Kontakt 24.", "link": "https://tvn24.pl/rzeszow/mrzyglod-palil-sie-dom-jednorodzinny-w-zgliszczach-znaleziono-cialo-mezczyzny-7359504?source=rss", "date_published": "2023-09-25T06:36:05+00:00", "bookmarked": false, "dead": null, "artist": "TVN24 Z kraju", "album": "TVN24 Z kraju", "user": null, "language": "pl-PL", "thumbnail": null}, {"source": "https://tvn24.pl/wiadomosci-z-kraju,3.xml", "title": "Kosiniak-Kamysz: Chcemy prostego mechanizmu. Pracujesz, zasuwasz, nie le\u017cysz na kanapie - pa\u0144stwo ci\u0119 docenia", "description": "<img alt=\"Kosiniak-Kamysz: Chcemy prostego mechanizmu. Pracujesz, zasuwasz, nie le\u017cysz na kanapie - pa\u0144stwo ci\u0119 docenia\" src=\"https://tvn24.pl/najnowsze/cdn-zdjecie-xoe5cb-wladyslaw-kosiniak-kamysz-7359464/alternates/LANDSCAPE_1280\" />\n    Ludzie nam m\u00f3wili: \"Nie mo\u017cemy na to patrze\u0107. Dw\u00f3jka m\u0142odych ludzi, dwoje dzieci w domu i nikt tam nie idzie do pracy\". My wskazujemy prosty, jasny mechanizm. Pracujesz, zasuwasz, nie le\u017cysz na kanapie, pa\u0144stwo ci\u0119 docenia - m\u00f3wi\u0142 w TVN24 W\u0142adys\u0142aw Kosiniak-Kamysz, prezes PSL, jeden z lider\u00f3w Trzeciej Drogi.", "link": "https://tvn24.pl/wybory-parlamentarne-2023/wybory-parlamentarne-2023-wladyslaw-kosiniak-kamysz-chcemy-protego-mechanizmu-pracujesz-zasuwasz-nie-lezysz-na-kanapie-panstwo-cie-docenia-7359477?source=rss", "date_published": "2023-09-25T06:05:27+00:00", "bookmarked": false, "dead": null, "artist": "TVN24 Z kraju", "album": "TVN24 Z kraju", "user": null, "language": "pl-PL", "thumbnail": null}, {"source": "https://tvn24.pl/wiadomosci-z-kraju,3.xml", "title": "\"P\u0142ywaj\u0105ca bariera\" na Morzu Po\u0142udniowochi\u0144skim. Filipiny oskar\u017caj\u0105 Chiny o blokowanie dost\u0119pu do \u0142owisk", "description": "<img alt=\"\" src=\"https://tvn24.pl/najnowsze/cdn-zdjecie-epy49s-plywajaca-bariera-na-morzu-poludniowochinskim-7359466/alternates/LANDSCAPE_1280\" />\n    Chiny stworzy\u0142y na spornym Morzu Po\u0142udniowochi\u0144skim \"p\u0142ywaj\u0105c\u0105 barier\u0119\", kt\u00f3ra uniemo\u017cliwia filipi\u0144skim rybakom dost\u0119p do \u0142owisk, pozbawiaj\u0105c ich \u017ar\u00f3d\u0142a utrzymania - o\u015bwiadczy\u0142 w niedziel\u0119 rzecznik filipi\u0144skiej stra\u017cy przybrze\u017cnej komandor Jay Tarriela.", "link": "https://tvn24.pl/swiat/filipiny-oskarzaja-chiny-o-blokowanie-dostepu-do-lowisk-7359374?source=rss", "date_published": "2023-09-25T05:51:52+00:00", "bookmarked": false, "dead": null, "artist": "TVN24 Z kraju", "album": "TVN24 Z kraju", "user": null, "language": "pl-PL", "thumbnail": null}, {"source": "https://tvn24.pl/wiadomosci-z-kraju,3.xml", "title": "Auto sta\u0142o na ceg\u0142ach, obok lewarek i klucz. 32-latek ukry\u0142 si\u0119 w krzakach", "description": "<img alt=\"Auto sta\u0142o na ceg\u0142ach, obok lewarek i klucz. 32-latek ukry\u0142 si\u0119 w krzakach\" src=\"https://tvn24.pl/tvnwarszawa/najnowsze/cdn-zdjecie-j1bil5-policjanci-zatrzymali-32-latka-podejrzanego-o-kradziez-kol-samochodowych-7359450/alternates/LANDSCAPE_1280\" />\n    Policjanci z Wo\u0142omina prowadzili po\u015bcig za m\u0119\u017cczyzn\u0105 podejrzanym o przyw\u0142aszczenie k\u00f3\u0142 samochodowych. 32-latek zosta\u0142 zatrzymany, przedstawiono mu zarzuty.", "link": "https://tvn24.pl/tvnwarszawa/najnowsze/kobylka-auto-bez-kol-zatrzymano-podejrzanego-7359430?source=rss", "date_published": "2023-09-25T05:49:28+00:00", "bookmarked": false, "dead": null, "artist": "TVN24 Z kraju", "album": "TVN24 Z kraju", "user": null, "language": "pl-PL", "thumbnail": null}, {"source": "https://tvn24.pl/wiadomosci-z-kraju,3.xml", "title": "Wrze\u015bniowa inflacja, wyniki sp\u00f3\u0142ek i dane z USA", "description": "<img alt=\"Wrze\u015bniowa inflacja, wyniki sp\u00f3\u0142ek i dane z USA\" src=\"https://tvn24.pl/najnowsze/cdn-zdjecie-gw2n0a-koszyk-sklep-zakupy-inflacja-adobestock_493101486-6627379/alternates/LANDSCAPE_1280\" />\n    W\u015br\u00f3d najwa\u017cniejszych wydarze\u0144 z kraju w tym tygodniu jest pi\u0105tkowa publikacja wst\u0119pnego odczytu inflacji za wrzesie\u0144. Inwestor\u00f3w zainteresuj\u0105 tak\u017ce raporty finansowe sp\u00f3\u0142ek z warszawskiej gie\u0142dy - w tym PGE i Allegro. W przypadku informacji zza granicy istotne b\u0119d\u0105 mi\u0119dzy innymi odczyty o inflacji ze strefy euro oraz dane z USA na temat zatrudnienia.", "link": "https://tvn24.pl/biznes/z-kraju/inflacja-we-wrzesniu-w-polsce-inflacja-w-strefie-euro-wyniki-pge-i-allegro-najwazniejsze-wydarzenia-w-tym-tygodniu-7359434?source=rss", "date_published": "2023-09-25T05:07:46+00:00", "bookmarked": false, "dead": null, "artist": "TVN24 Z kraju", "album": "TVN24 Z kraju", "user": null, "language": "pl-PL", "thumbnail": null}, {"source": "https://tvn24.pl/wiadomosci-z-kraju,3.xml", "title": "Polska pod wp\u0142ywem pogodnego wy\u017cu Rosi", "description": "<img alt=\"Polska pod wp\u0142ywem pogodnego wy\u017cu Rosi\" src=\"https://tvn24.pl/tvnmeteo/najnowsze/cdn-zdjecie-e8i9yw-pogodnie-7359420/alternates/LANDSCAPE_1280\" />\n    Aur\u0119 w Polsce kszta\u0142tuje rozleg\u0142y wy\u017c Rosi. Sprawia, \u017ce do Polski nap\u0142ywa ch\u0142odne powietrze polarne. Miejscami wyst\u0119puj\u0105 r\u00f3wnie\u017c mg\u0142y ograniczaj\u0105ce widzialno\u015b\u0107 do kilkuset metr\u00f3w.", "link": "https://tvn24.pl/tvnmeteo/pogoda/pogoda-w-polsce-poniedzialek-2509-wyz-rosi-polska-pod-wplywem-pogodnego-wyzu-rosi-7359415?source=rss", "date_published": "2023-09-25T04:37:06+00:00", "bookmarked": false, "dead": null, "artist": "TVN24 Z kraju", "album": "TVN24 Z kraju", "user": null, "language": "pl-PL", "thumbnail": null}, {"source": "https://tvn24.pl/wiadomosci-z-kraju,3.xml", "title": "Ukraina. Najwa\u017cniejsze wydarzenia ostatnich godzin", "description": "<img alt=\"Ukraina. Najwa\u017cniejsze wydarzenia ostatnich godzin\" src=\"https://tvn24.pl/najnowsze/cdn-zdjecie-bixuyn-wolodymyr-zelenski-7359392/alternates/LANDSCAPE_1280\" />\n    Rosyjska pe\u0142noskalowa inwazja na Ukrain\u0119 trwa od 579 dni. Liczba rannych w rosyjskim ataku na Krzemie\u0144czuk wzros\u0142a do 55. Nowe pakiety pomocy wojskowej i szereg ustale\u0144 w sprawie wsparcia dla Ukrainy to wynik wizyt i spotka\u0144 w USA i w Kanadzie - o\u015bwiadczy\u0142 prezydent Wo\u0142odymyr Ze\u0142enski. Oto najwa\u017cniejsze wydarzenia ostatnich godzin.", "link": "https://tvn24.pl/swiat/ukraina-najwazniejsze-wydarzenia-ostatnich-godzin-25-wrzesnia-2023-7359391?source=rss", "date_published": "2023-09-25T03:57:43+00:00", "bookmarked": false, "dead": null, "artist": "TVN24 Z kraju", "album": "TVN24 Z kraju", "user": null, "language": "pl-PL", "thumbnail": null}, {"source": "https://tvn24.pl/wiadomosci-z-kraju,3.xml", "title": "Uchod\u017acy z G\u00f3rskiego Karabachu przybywaj\u0105 do Armenii. \"Nie ma s\u0142\u00f3w do opisania. Wie\u015b zosta\u0142a mocno ostrzelana\"", "description": "<img alt=\"Uchod\u017acy z G\u00f3rskiego Karabachu przybywaj\u0105 do Armenii. \" src=\"https://tvn24.pl/najnowsze/cdn-zdjecie-1ydhl7-uchodzcy-z-gorskiego-karabachu-przybywaja-do-armenii-7359395/alternates/LANDSCAPE_1280\" />\n    Pierwsi uchod\u017acy z G\u00f3rskiego Karabachu przybyli do Armenii - poinformowa\u0142y w niedziel\u0119 lokalne w\u0142adze po tym, jak Azerbejd\u017can przeprowadzi\u0142 tam b\u0142yskawiczn\u0105 ofensyw\u0119 wojskow\u0105, odzyskuj\u0105c pe\u0142n\u0105 kontrol\u0119 nad regionem.", "link": "https://tvn24.pl/swiat/uchodzcy-z-gorskiego-karabachu-przybywaja-do-armenii-po-przejeciu-kontroli-nad-regionem-przez-azerbejdzan-7359394?source=rss", "date_published": "2023-09-25T03:50:21+00:00", "bookmarked": false, "dead": null, "artist": "TVN24 Z kraju", "album": "TVN24 Z kraju", "user": null, "language": "pl-PL", "thumbnail": null}, {"source": "https://tvn24.pl/wiadomosci-z-kraju,3.xml", "title": "Niger zamkn\u0105\u0142 przestrze\u0144 powietrzn\u0105 dla Francji. Emmanuel Macron og\u0142osi\u0142 zako\u0144czenie wojskowej wsp\u00f3\u0142pracy", "description": "<img alt=\"Niger zamkn\u0105\u0142 przestrze\u0144 powietrzn\u0105 dla Francji. Emmanuel Macron og\u0142osi\u0142 zako\u0144czenie wojskowej wsp\u00f3\u0142pracy\" src=\"https://tvn24.pl/najnowsze/cdn-zdjecie-h63jjd-emmanuel-macron-7329482/alternates/LANDSCAPE_1280\" />\n    Re\u017cim wojskowy rz\u0105dz\u0105cy w Nigrze zamkn\u0105\u0142 przestrze\u0144 powietrzn\u0105 kraju przed samolotami z Francji - poinformowa\u0142a w niedziel\u0119 Agencja Bezpiecze\u0144stwa \u017beglugi Powietrznej w Afryce (Asecna). Prezydent Emmanuel Macron ujawni\u0142, \u017ce Francja podj\u0119\u0142a decyzj\u0119 o wycofaniu swojego ambasadora z Nigru i zako\u0144czenia wsp\u00f3\u0142pracy wojskowej z tym krajem.", "link": "https://tvn24.pl/swiat/niger-zamknal-swoja-przestrzen-powietrzna-przed-samolotami-z-francji-7359367?source=rss", "date_published": "2023-09-25T03:41:41+00:00", "bookmarked": false, "dead": null, "artist": "TVN24 Z kraju", "album": "TVN24 Z kraju", "user": null, "language": "pl-PL", "thumbnail": null}, {"source": "https://tvn24.pl/wiadomosci-z-kraju,3.xml", "title": "Pi\u0119\u0107 rzeczy, kt\u00f3re warto wiedzie\u0107 25 wrze\u015bnia", "description": "<img alt=\"Pi\u0119\u0107 rzeczy, kt\u00f3re warto wiedzie\u0107 25 wrze\u015bnia\" src=\"https://tvn24.pl/najnowsze/cdn-zdjecie-uvyo3f-reprezentacja-polski-siatkarek-wystapi-na-przyszlorocznych-igrzyskach-7359388/alternates/LANDSCAPE_1280\" />\n    Awans polskich siatkarek na igrzyska olimpijskie. Minister spraw zagranicznych Zbigniew Rau \"apeluje\" do kanclerza Niemiec. Tigist Assefa pobi\u0142a rekord \u015bwiata w maratonie kobiet. Oto pi\u0119\u0107 rzeczy, kt\u00f3re warto dzi\u015b wiedzie\u0107.", "link": "https://tvn24.pl/polska/piec-rzeczy-ktore-warto-wiedziec-25-wrzesnia-2023-7359387?source=rss", "date_published": "2023-09-25T03:32:16+00:00", "bookmarked": false, "dead": null, "artist": "TVN24 Z kraju", "album": "TVN24 Z kraju", "user": null, "language": "pl-PL", "thumbnail": null}, {"source": "https://tvn24.pl/wiadomosci-z-kraju,3.xml", "title": "Nocny atak na Odess\u0119. Uszkodzona infrastruktura portowa", "description": "<img alt=\"Nocny atak na Odess\u0119. Uszkodzona infrastruktura portowa\" src=\"https://tvn24.pl/najnowsze/cdn-zdjecie-qq7lye-odessa-ukraina-24052022-5729808/alternates/LANDSCAPE_1280\" />\n    Rosyjska pe\u0142noskalowa inwazja na Ukrain\u0119 trwa od 579 dni. Rosjanie przeprowadzili w nocy atak przy pomocy dron\u00f3w na Odess\u0119. Jak przekaza\u0142 szef administracji obwodu O\u0142eh\u00a0Kiper, jedna kobieta zosta\u0142a ranna, a infrastruktura portowa zosta\u0142a uszkodzona. W tvn24.pl relacjonujemy najwa\u017cniejsze wydarzenia z i wok\u00f3\u0142 Ukrainy.", "link": "https://tvn24.pl/swiat/ukraina-relacja-na-zywo-poniedzialek-25-wrzesnia-2023-7359361?source=rss", "date_published": "2023-09-25T03:21:27+00:00", "bookmarked": false, "dead": null, "artist": "TVN24 Z kraju", "album": "TVN24 Z kraju", "user": null, "language": "pl-PL", "thumbnail": null}, {"source": "https://tvn24.pl/wiadomosci-z-kraju,3.xml", "title": "Pogoda na dzi\u015b - poniedzia\u0142ek 25.09. Du\u017co s\u0142o\u0144ca, od 18 do 23 stopni", "description": "<img alt=\"Pogoda na dzi\u015b - poniedzia\u0142ek 25.09. Du\u017co s\u0142o\u0144ca, od 18 do 23 stopni\" src=\"https://tvn24.pl/najnowsze/cdn-zdjecie-baf0wz-slonecznie-7359302/alternates/LANDSCAPE_1280\" />\n    Pierwszy dzie\u0144 tygodnia b\u0119dzie s\u0142oneczny. Termometry wska\u017c\u0105 maksymalnie 23 stopnie. Aura korzystnie wp\u0142ynie na nasze samopoczucie.", "link": "https://tvn24.pl/tvnmeteo/prognoza/pogoda-na-dzis-poniedzialek-2509-duzo-slonca-od-18-do-23-stopni-7359280?source=rss", "date_published": "2023-09-25T00:00:00+00:00", "bookmarked": false, "dead": null, "artist": "TVN24 Z kraju", "album": "TVN24 Z kraju", "user": null, "language": "pl-PL", "thumbnail": null}]