[{"source": "https://www.securityweek.com/feed", "title": "Stealthy APT Gelsemium Seen Targeting Southeast Asian Government", "description": "<p>A stealthy APT known as Gelsemium has been observed targeting a government entity in Southeast Asia for persistence and intelligence collection.</p>\n<p>The post <a href=\"https://www.securityweek.com/stealthy-apt-gelsemium-seen-targeting-southeast-asian-government/\" rel=\"nofollow\">Stealthy APT Gelsemium Seen Targeting Southeast Asian Government</a> appeared first on <a href=\"https://www.securityweek.com\" rel=\"nofollow\">SecurityWeek</a>.</p>", "link": "https://www.securityweek.com/stealthy-apt-gelsemium-seen-targeting-southeast-asian-government/", "date_published": "2023-09-25T13:29:59+00:00", "bookmarked": false, "dead": null, "artist": "SecurityWeek", "album": "SecurityWeek", "user": null, "language": "en-US", "thumbnail": null}, {"source": "https://www.securityweek.com/feed", "title": "Nigerian Pleads Guilty in US to Million-Dollar BEC Scheme Role", "description": "<p>Kosi Goodness Simon-Ebo, a Nigerian national, pleaded guilty in a US court to his involvement in a million-dollar BEC fraud scheme.</p>\n<p>The post <a href=\"https://www.securityweek.com/nigerian-pleads-guilty-in-us-to-million-dollar-bec-scheme-role/\" rel=\"nofollow\">Nigerian Pleads Guilty in US to Million-Dollar BEC Scheme Role</a> appeared first on <a href=\"https://www.securityweek.com\" rel=\"nofollow\">SecurityWeek</a>.</p>", "link": "https://www.securityweek.com/nigerian-pleads-guilty-in-us-to-million-dollar-bec-scheme-role/", "date_published": "2023-09-25T13:08:06+00:00", "bookmarked": false, "dead": null, "artist": "SecurityWeek", "album": "SecurityWeek", "user": null, "language": "en-US", "thumbnail": null}, {"source": "https://www.securityweek.com/feed", "title": "900 US Schools Impacted by MOVEit Hack at National Student Clearinghouse", "description": "<p>Nearly 900 US schools are impacted by the MOVEit hack at the educational nonprofit National Student Clearinghouse.</p>\n<p>The post <a href=\"https://www.securityweek.com/900-us-schools-impacted-by-moveit-hack-at-national-student-clearinghouse/\" rel=\"nofollow\">900 US Schools Impacted by MOVEit Hack at National Student Clearinghouse</a> appeared first on <a href=\"https://www.securityweek.com\" rel=\"nofollow\">SecurityWeek</a>.</p>", "link": "https://www.securityweek.com/900-us-schools-impacted-by-moveit-hack-at-national-student-clearinghouse/", "date_published": "2023-09-25T12:07:05+00:00", "bookmarked": false, "dead": null, "artist": "SecurityWeek", "album": "SecurityWeek", "user": null, "language": "en-US", "thumbnail": null}, {"source": "https://www.securityweek.com/feed", "title": "City of Dallas Details Ransomware Attack Impact, Costs", "description": "<p>City of Dallas has approved an $8.5 million budget to restore systems following a Royal ransomware attack in May 2023.</p>\n<p>The post <a href=\"https://www.securityweek.com/city-of-dallas-details-ransomware-attack-impact-costs/\" rel=\"nofollow\">City of Dallas Details Ransomware Attack Impact, Costs\u00a0</a> appeared first on <a href=\"https://www.securityweek.com\" rel=\"nofollow\">SecurityWeek</a>.</p>", "link": "https://www.securityweek.com/city-of-dallas-details-ransomware-attack-impact-costs/", "date_published": "2023-09-25T10:56:09+00:00", "bookmarked": false, "dead": null, "artist": "SecurityWeek", "album": "SecurityWeek", "user": null, "language": "en-US", "thumbnail": null}, {"source": "https://www.securityweek.com/feed", "title": "In-the-Wild Exploitation Expected for Critical TeamCity Flaw Allowing Server Takeover", "description": "<p>A critical vulnerability in the TeamCity CI/CD server could allow unauthenticated attackers to execute code and take over vulnerable servers.</p>\n<p>The post <a href=\"https://www.securityweek.com/in-the-wild-exploitation-expected-for-critical-teamcity-flaw-allowing-server-takeover/\" rel=\"nofollow\">In-the-Wild Exploitation Expected for Critical TeamCity Flaw Allowing Server Takeover</a> appeared first on <a href=\"https://www.securityweek.com\" rel=\"nofollow\">SecurityWeek</a>.</p>", "link": "https://www.securityweek.com/in-the-wild-exploitation-expected-for-critical-teamcity-flaw-allowing-server-takeover/", "date_published": "2023-09-25T09:49:12+00:00", "bookmarked": false, "dead": null, "artist": "SecurityWeek", "album": "SecurityWeek", "user": null, "language": "en-US", "thumbnail": null}, {"source": "https://www.securityweek.com/feed", "title": "Predator Spyware Delivered to iOS, Android Devices via Zero-Days, MitM Attacks", "description": "<p>Predator spyware delivered to iPhones and Android devices using iOS and Chrome zero-day vulnerabilities and MitM attacks.\u00a0</p>\n<p>The post <a href=\"https://www.securityweek.com/predator-spyware-delivered-to-ios-android-devices-via-zero-days-mitm-attacks/\" rel=\"nofollow\">Predator Spyware Delivered to iOS, Android Devices via Zero-Days, MitM Attacks</a> appeared first on <a href=\"https://www.securityweek.com\" rel=\"nofollow\">SecurityWeek</a>.</p>", "link": "https://www.securityweek.com/predator-spyware-delivered-to-ios-android-devices-via-zero-days-mitm-attacks/", "date_published": "2023-09-25T09:33:16+00:00", "bookmarked": false, "dead": null, "artist": "SecurityWeek", "album": "SecurityWeek", "user": null, "language": "en-US", "thumbnail": null}]