[{"source": "https://sekurak.pl/rss", "title": "Jak w praktyce prze\u0142ama\u0107 dwuczynnikowe uwierzytelnienie? Zobaczcie t\u0119 prawdziw\u0105 histori\u0119 w\u0142amania, kt\u00f3ra obfituje w\u2026 pomys\u0142owo\u015b\u0107 atakuj\u0105cych.", "description": "<p>\u017beby nie przed\u0142u\u017ca\u0107, przejd\u017amy od razu do rzeczy. Ciekaw\u0105 histori\u0119 w\u0142amania do swojej infrastruktury IT opisuje firma Retool. Zacz\u0119\u0142o si\u0119 od kampanii celowanych SMS\u00f3w, w kt\u00f3rych atakuj\u0105cy podszywali si\u0119 pod pracownik\u00f3w IT &#8211; &#8222;ten tego, co\u015b jest nie tak z Twoim kontem, co mo\u017ce wp\u0142yn\u0105\u0107 na dost\u0119pno\u015b\u0107 Twojego ubezpieczenia zdrowotnego&#8221;:...</p>\n<p>Artyku\u0142 <a href=\"https://sekurak.pl/jak-w-praktyce-przelamac-dwuczynnikowe-uwierzytelnienie-zobaczcie-te-prawdziwa-historie-wlamania-ktora-obfituje-w-pomyslowosc-atakujacych/\" rel=\"nofollow\">Jak w praktyce prze\u0142ama\u0107 dwuczynnikowe uwierzytelnienie? Zobaczcie t\u0119 prawdziw\u0105 histori\u0119 w\u0142amania, kt\u00f3ra obfituje w&#8230; pomys\u0142owo\u015b\u0107 atakuj\u0105cych.</a> pochodzi z serwisu <a href=\"https://sekurak.pl\" rel=\"nofollow\">Sekurak</a>.</p>", "link": "https://sekurak.pl/jak-w-praktyce-przelamac-dwuczynnikowe-uwierzytelnienie-zobaczcie-te-prawdziwa-historie-wlamania-ktora-obfituje-w-pomyslowosc-atakujacych/", "date_published": "2023-09-25T17:28:11+00:00", "bookmarked": false, "dead": null, "artist": "Sekurak", "album": "Sekurak", "user": null, "language": "pl-PL", "thumbnail": null}, {"source": "https://sekurak.pl/rss", "title": "Zapraszamy na unikalne wydarzenie. My hackujemy sie\u0107 na \u017cywo, druga ekipa j\u0105 chroni. Wst\u0119p bezp\u0142atny.", "description": "<p>TLDR: zapisy tutaj, wydarzenie, on-line, a dost\u0119pne b\u0119dzie r\u00f3wnie\u017c nagranie (organizatorzy prosz\u0105 o podatnie emaili firmowych) W trakcie oko\u0142o 1.5h sesji, b\u0119dziemy starali si\u0119 upiec dwie pieczenie przy jednym ogniu: W planach mamy zaprezentowanie: Z naszej strony po stronie hackerskiej zobaczycie Tomka Turb\u0119 oraz Marka Rzepeckiego. Wydarzenie organizowane jest we...</p>\n<p>Artyku\u0142 <a href=\"https://sekurak.pl/zapraszamy-na-unikalne-wydarzenie-my-hackujemy-siec-na-zywo-druga-ekipa-ja-chroni-wstep-bezplatny/\" rel=\"nofollow\">Zapraszamy na unikalne wydarzenie. My hackujemy sie\u0107 na \u017cywo, druga ekipa j\u0105 chroni. Wst\u0119p bezp\u0142atny.</a> pochodzi z serwisu <a href=\"https://sekurak.pl\" rel=\"nofollow\">Sekurak</a>.</p>", "link": "https://sekurak.pl/zapraszamy-na-unikalne-wydarzenie-my-hackujemy-siec-na-zywo-druga-ekipa-ja-chroni-wstep-bezplatny/", "date_published": "2023-09-25T07:25:47+00:00", "bookmarked": false, "dead": null, "artist": "Sekurak", "album": "Sekurak", "user": null, "language": "pl-PL", "thumbnail": null}]