[{"source": "https://www.chip.pl/feed", "title": "Ten akumulator naprawd\u0119 si\u0119 wyr\u00f3\u017cnia. Pierwsza taka obserwacja w historii", "description": "<img alt=\"\" class=\"attachment-full size-full wp-post-image\" height=\"1200\" src=\"https://konto.chip.pl/wp-content/uploads/2023/09/cityu.jpg\" style=\"margin-bottom: 10px;\" width=\"1600\" /><p><img src=\"https://konto.chip.pl/wp-content/uploads/2023/09/cityu.jpg\" style=\"display: block; margin: 1em auto;\" /></p>\n<p>Przedstawiciele City University of Hong Kong opracowali wyj\u0105tkowy akumulator. Ich konstrukcja zas\u0142uguje na szczeg\u00f3ln\u0105 uwag\u0119, poniewa\u017c charakteryzuje si\u0119 minimalnym spadkiem napi\u0119cia w materiale katody. Kulisy prowadzonych w tej sprawie bada\u0144 zosta\u0142y zaprezentowane na \u0142amach Nature Energy. Osi\u0105gni\u0119cia naukowc\u00f3w z Hongkongu s\u0105 istotne, poniewa\u017c sposoby magazynowania energii s\u0105 obecnie na wag\u0119 z\u0142ota. Chodzi zar\u00f3wno o akumulatory [&#8230;]</p>", "link": "https://www.chip.pl/2023/09/akumulator-o-rekordowo-niskim-spadku-napiecia", "date_published": "2023-09-25T21:00:00+00:00", "bookmarked": false, "dead": null, "artist": "Chip.pl", "album": "Chip.pl", "user": null, "language": "pl-PL", "thumbnail": null}, {"source": "https://www.chip.pl/feed", "title": "Tego pierwiastka jest na Ksi\u0119\u017cycu wi\u0119cej, ni\u017c zak\u0142adano. Wykry\u0142 go indyjski l\u0105downik", "description": "<img alt=\"\" class=\"attachment-full size-full wp-post-image\" height=\"900\" src=\"https://konto.chip.pl/wp-content/uploads/2023/09/pragyan-ksiezyc.jpg\" style=\"margin-bottom: 10px;\" width=\"1600\" /><p><img src=\"https://konto.chip.pl/wp-content/uploads/2023/09/pragyan-ksiezyc.jpg\" style=\"display: block; margin: 1em auto;\" /></p>\n<p>Oko\u0142o miesi\u0105ca temu na Ksi\u0119\u017cycu znalaz\u0142 si\u0119 l\u0105downik Chandrayaan-3. Zgromadzone w ramach tej misji dane pokazuj\u0105 prawd\u0119 o Srebrnym Globie, a niekt\u00f3re informacje okazuj\u0105 si\u0119 naprawd\u0119 zaskakuj\u0105ce. \u0141azik Pragyan mia\u0142 oko\u0142o 14 ziemskich dni na zbieranie danych na temat panuj\u0105cych na miejscu warunk\u00f3w. Ju\u017c wcze\u015bniej uda\u0142o si\u0119 potwierdzi\u0107, \u017ce wyst\u0119puj\u0105 tam pierwiastki takie jak \u017celazo, [&#8230;]</p>", "link": "https://www.chip.pl/2023/09/tego-pierwiastka-jest-na-ksiezycu-wiecej-niz-zakladano-wykryl-go-indyjski-ladownik", "date_published": "2023-09-25T20:00:00+00:00", "bookmarked": false, "dead": null, "artist": "Chip.pl", "album": "Chip.pl", "user": null, "language": "pl-PL", "thumbnail": null}, {"source": "https://www.chip.pl/feed", "title": "Europejczycy \u015bpi\u0105 na fortunie. Odnaleziono tu gigantyczne z\u0142o\u017ca naturalnego wodoru", "description": "<img alt=\"\" class=\"attachment-full size-full wp-post-image\" height=\"1428\" src=\"https://konto.chip.pl/wp-content/uploads/2023/09/francja.jpg\" style=\"margin-bottom: 10px;\" width=\"1904\" /><p><img src=\"https://konto.chip.pl/wp-content/uploads/2023/09/francja.jpg\" style=\"display: block; margin: 1em auto;\" /></p>\n<p>Wielkie informacje sp\u0142ywaj\u0105 ze strony geolog\u00f3w, kt\u00f3rzy twierdz\u0105, \u017ce odnale\u017ali pok\u0142ady tzw. naturalnego wodoru, kt\u00f3re mog\u0105 mie\u0107 nawet 46 milion\u00f3w ton. Taka ilo\u015b\u0107 powinna stanowi\u0107 rozwi\u0105zanie wielu problem\u00f3w energetycznych trapi\u0105cych nasz kontynent. Rewelacje te pojawi\u0142y si\u0119 po tym, jak naukowcy przeprowadzili poszukiwania na terenie po\u0142udniowo-wschodniej Francji. Co ciekawe, ich cel by\u0142 nieco inny, poniewa\u017c chodzi\u0142o [&#8230;]</p>", "link": "https://www.chip.pl/2023/09/francja-gigantyczne-zloza-naturalnego-wodoru", "date_published": "2023-09-25T19:00:00+00:00", "bookmarked": false, "dead": null, "artist": "Chip.pl", "album": "Chip.pl", "user": null, "language": "pl-PL", "thumbnail": null}, {"source": "https://www.chip.pl/feed", "title": "Wyci\u0105gaj\u0105 d\u017awi\u0119k ze zdj\u0119cia. Ju\u017c nigdy nie powiesz nic przy w\u0142\u0105czonym aparacie", "description": "<img alt=\"\" class=\"attachment-full size-full wp-post-image\" height=\"768\" src=\"https://konto.chip.pl/wp-content/uploads/2023/09/fala-dzwiekowa.jpg\" style=\"margin-bottom: 10px;\" width=\"1920\" /><p><img src=\"https://konto.chip.pl/wp-content/uploads/2023/09/fala-dzwiekowa.jpg\" style=\"display: block; margin: 1em auto;\" /></p>\n<p>Pandemia koronawirusa sprawi\u0142a, \u017ce spora cz\u0119\u015b\u0107 ludzko\u015bci w ci\u0105gu zaledwie kilku miesi\u0119cy zakupi\u0142a kamery, mikrofony i z dnia na dzie\u0144 zacz\u0119\u0142a wykonywa\u0107 swoje obowi\u0105zki zawodowe z zacisza domowego. Bardzo szybko przyzwyczaili\u015bmy si\u0119 do obecno\u015bci w\u0142\u0105czonych kamer, streamingu i wszechobecnych aparat\u00f3w fotograficznych. A gdy akurat w obecno\u015bci kamery chcemy zachowa\u0107 prywatno\u015b\u0107, to zawsze mo\u017cemy wy\u0142\u0105czy\u0107 mikrofon [&#8230;]</p>", "link": "https://www.chip.pl/2023/09/side-eye-zdjecia-z-dzwiekiem", "date_published": "2023-09-25T17:00:00+00:00", "bookmarked": false, "dead": null, "artist": "Chip.pl", "album": "Chip.pl", "user": null, "language": "pl-PL", "thumbnail": null}, {"source": "https://www.chip.pl/feed", "title": "Spotify Hi-Fi mo\u017ce by\u0107 bli\u017cej, ni\u017c nam si\u0119 wydawa\u0142o. Serwis szykuje kilka ekskluzywnych funkcji", "description": "<img alt=\"\" class=\"attachment-full size-full wp-post-image\" height=\"1280\" src=\"https://konto.chip.pl/wp-content/uploads/2023/03/spotify.jpg\" style=\"margin-bottom: 10px;\" width=\"1920\" /><p><img src=\"https://konto.chip.pl/wp-content/uploads/2023/03/spotify.jpg\" style=\"display: block; margin: 1em auto;\" /></p>\n<p>Ze Spotify Hi-Fi jest \u2013 przynajmniej na razie \u2013 jak z jakim\u015b mitycznym stworzeniem, od lat si\u0119 o nim m\u00f3wi, ale dowod\u00f3w na jego istnienie nadal brak. Oczywi\u015bcie sam serwis ju\u017c kilka lat temu zapowiedzia\u0142, \u017ce nowy plan z bezstratnym d\u017awi\u0119kiem pojawi si\u0119, jednak jak do tej pory na zapowiedzi si\u0119 sko\u0144czy\u0142o. Co dalej z [&#8230;]</p>", "link": "https://www.chip.pl/2023/09/spotify-hi-fi-supremium-szczegoly-funkcje", "date_published": "2023-09-25T16:00:00+00:00", "bookmarked": false, "dead": null, "artist": "Chip.pl", "album": "Chip.pl", "user": null, "language": "pl-PL", "thumbnail": null}, {"source": "https://www.chip.pl/feed", "title": "Nvidia zapowiada niesamowite nowo\u015bci w DLSS 10. A Ty co, dalej na DLSS 3.5?", "description": "<img alt=\"Nvidia DLSS 10\" class=\"attachment-full size-full wp-post-image\" height=\"1440\" src=\"https://konto.chip.pl/wp-content/uploads/2023/09/DLSS-10.jpg\" style=\"margin-bottom: 10px;\" width=\"2560\" /><p><img src=\"https://konto.chip.pl/wp-content/uploads/2023/09/DLSS-10.jpg\" style=\"display: block; margin: 1em auto;\" /></p>\n<p>Cho\u0107 dopiero niedawno Nvidia wprowadzi\u0142a DLSS 3.5, to jednak jej plany si\u0119gaj\u0105 mocno do przodu. Dzi\u0119ki temu wiemy, czym b\u0119dzie i na co pozwoli DLSS 10. I przyznam, \u017ce zapowiedzi te s\u0105 mocno obiecuj\u0105ce. DLSS to skr\u00f3t od &#8220;Deep Learning Super Sampling&#8221;. Technologia ta pojawi\u0142a si\u0119 na rynku w 2018 roku jako nowy spos\u00f3b renderowania [&#8230;]</p>", "link": "https://www.chip.pl/2023/09/technologia-dlss-sieci-neuronowe-w-grach", "date_published": "2023-09-25T15:30:00+00:00", "bookmarked": false, "dead": null, "artist": "Chip.pl", "album": "Chip.pl", "user": null, "language": "pl-PL", "thumbnail": "https://konto.chip.pl/wp-content/uploads/2023/09/DLSS-10.jpg"}, {"source": "https://www.chip.pl/feed", "title": "Google Pixel 8 nie ma przed nami \u017cadnych tajemnic. Oficjalna premiera to ju\u017c formalno\u015b\u0107", "description": "<img alt=\"\" class=\"attachment-full size-full wp-post-image\" height=\"1080\" src=\"https://konto.chip.pl/wp-content/uploads/2023/09/pixel-8-1.jpg\" style=\"margin-bottom: 10px;\" width=\"1920\" /><p><img src=\"https://konto.chip.pl/wp-content/uploads/2023/09/pixel-8-1.jpg\" style=\"display: block; margin: 1em auto;\" /></p>\n<p>Google odlicza dni do jesiennego wydarzenia, podczas kt\u00f3rego zaprezentuje swoje najnowsze smartfony. Seria Pixel 8 jest bohaterem przeciek\u00f3w ju\u017c od wielu miesi\u0119cy i cho\u0107 do premiery pozosta\u0142o jeszcze troch\u0119 czasu, ju\u017c dzi\u015b mo\u017cemy powiedzie\u0107, \u017ce to w\u0142a\u015bciwie tylko czysta formalno\u015b\u0107, bo niczym raczej nas te modele nie zaskocz\u0105. Gigant z Mountain View nie umie trzyma\u0107 [&#8230;]</p>", "link": "https://www.chip.pl/2023/09/pixel-8-pelna-specyfikacja-data-premiery-wyglad", "date_published": "2023-09-25T15:00:53+00:00", "bookmarked": false, "dead": null, "artist": "Chip.pl", "album": "Chip.pl", "user": null, "language": "pl-PL", "thumbnail": "https://konto.chip.pl/wp-content/uploads/2023/09/pixel-8-1.jpg"}, {"source": "https://www.chip.pl/feed", "title": "Smartfony w Polsce mog\u0105 by\u0107 dro\u017csze. Jest wyrok s\u0105du.", "description": "<img alt=\"iPhone 15 Pro Max 1 TB Tytanowy B\u0142\u0119kitny\" class=\"attachment-full size-full wp-post-image\" height=\"1600\" src=\"https://konto.chip.pl/wp-content/uploads/2023/09/iphone-15-pro-max-wrazenia-opinie-cena-6.jpg\" style=\"margin-bottom: 10px;\" width=\"2400\" /><p><img src=\"https://konto.chip.pl/wp-content/uploads/2023/09/iphone-15-pro-max-wrazenia-opinie-cena-6.jpg\" style=\"display: block; margin: 1em auto;\" /></p>\n<p>Temat op\u0142aty reprograficznej co jaki\u015b czas wraca jak bumerang i powoduje gor\u0105ce dyskusje. Organizacje zbiorowego zarz\u0105dzania od dawna pr\u00f3buj\u0105 doprowadzi\u0107 do obj\u0119cia ni\u0105 kolejnych kategorii urz\u0105dze\u0144 i wygl\u0105da na to, \u017ce tym razem mo\u017ce im si\u0119 uda\u0107, zapad\u0142 bowiem korzystny dla organizacji zarz\u0105dzaj\u0105cych prawami autorskimi wyrok s\u0105du w sprawie wytoczonej przeciwko firmie Sony Op\u0142ata reprograficzna [&#8230;]</p>", "link": "https://www.chip.pl/2023/09/smartfony-drozsze-oplata-reprograficzna", "date_published": "2023-09-25T14:00:00+00:00", "bookmarked": false, "dead": null, "artist": "Chip.pl", "album": "Chip.pl", "user": null, "language": "pl-PL", "thumbnail": null}, {"source": "https://www.chip.pl/feed", "title": "Na zachodzie Europy o tym problemie jest coraz g\u0142o\u015bniej. OZE rujnuje wa\u017cn\u0105 rzecz w energetyce", "description": "<img alt=\"\" class=\"attachment-full size-full wp-post-image\" height=\"1280\" src=\"https://konto.chip.pl/wp-content/uploads/2023/09/tram-5467842_1920.jpg\" style=\"margin-bottom: 10px;\" width=\"1920\" /><p><img src=\"https://konto.chip.pl/wp-content/uploads/2023/09/tram-5467842_1920.jpg\" style=\"display: block; margin: 1em auto;\" /></p>\n<p>Znacz\u0105cy wzrost instalacji farm fotowoltaicznych ma niebagatelny wp\u0142yw na bezpiecze\u0144stwo i stabilno\u015b\u0107 sieci elektroenergetycznej. Przy s\u0142onecznej aurze panele s\u0142oneczne potrafi\u0105 wyprodukowa\u0107 wr\u0119cz za du\u017co energii, w zwi\u0105zku z czym operatorzy sieci musz\u0105 w odg\u00f3rny spos\u00f3b regulowa\u0107 system, aby nie uleg\u0142 on przeci\u0105\u017ceniu. W Polsce do wy\u0142\u0105cze\u0144 niekt\u00f3rych farm wiatrowych czy s\u0142onecznych dochodzi\u0142o ju\u017c niejednokrotnie. Okazuje [&#8230;]</p>", "link": "https://www.chip.pl/2023/09/stabilnosc-sieci-energetycznej-na-zachodzie-europy", "date_published": "2023-09-25T13:00:00+00:00", "bookmarked": false, "dead": null, "artist": "Chip.pl", "album": "Chip.pl", "user": null, "language": "pl-PL", "thumbnail": null}, {"source": "https://www.chip.pl/feed", "title": "iPhone 15 Pro Max po 5 dniach. 5 zachwyt\u00f3w i 5 rozczarowa\u0144", "description": "<img alt=\"\" class=\"attachment-full size-full wp-post-image\" height=\"1600\" src=\"https://konto.chip.pl/wp-content/uploads/2023/09/iphone-15-pro-max-wrazenia-opinie-cena-14.jpg\" style=\"margin-bottom: 10px;\" width=\"2400\" /><p><img src=\"https://konto.chip.pl/wp-content/uploads/2023/09/iphone-15-pro-max-wrazenia-opinie-cena-14.jpg\" style=\"display: block; margin: 1em auto;\" /></p>\n<p>Sp\u0119dzi\u0142em z iPhone\u2019em 15 Pro Max ju\u017c (albo dopiero) 5 dni. To wci\u0105\u017c za kr\u00f3tko, by definitywnie ferowa\u0107 wyroki na jakiego temat, ale dostatecznie d\u0142ugo, by nagromadzi\u0142o si\u0119 przemy\u015ble\u0144, pyta\u0144 i\u2026 w\u0105tpliwo\u015bci co do najnowszego smartfona z Cupertino. Dla przypomnienia \u2013 testujemy iPhone\u2019a 15 Pro Max w kolorze \u201eTytanowy b\u0142\u0119kitny\u201d z pami\u0119ci\u0105 o pojemno\u015bci 1 [&#8230;]</p>", "link": "https://www.chip.pl/2023/09/iphone-15-pro-max-wady-rozczarowanie", "date_published": "2023-09-25T11:58:26+00:00", "bookmarked": false, "dead": null, "artist": "Chip.pl", "album": "Chip.pl", "user": null, "language": "pl-PL", "thumbnail": "https://konto.chip.pl/wp-content/uploads/2023/09/iphone-15-pro-max-wrazenia-opinie-cena-14.jpg"}, {"source": "https://www.chip.pl/feed", "title": "Ten materia\u0142 zrewolucjonizuje budownictwo. Znacie go doskonale, ale nie w takiej formie", "description": "<img alt=\"\" class=\"attachment-full size-full wp-post-image\" height=\"1080\" src=\"https://konto.chip.pl/wp-content/uploads/2023/09/Ekologiczny-cement-4.jpg\" style=\"margin-bottom: 10px;\" width=\"1620\" /><p><img src=\"https://konto.chip.pl/wp-content/uploads/2023/09/Ekologiczny-cement-4.jpg\" style=\"display: block; margin: 1em auto;\" /></p>\n<p>Cement, b\u0119d\u0105cy podstaw\u0105 budownictwa od zarania dziej\u00f3w, nie jest zbyt ekologiczny przez proces wydobycia, kt\u00f3ry si\u0119 z nim wi\u0105\u017ce. Jednak firma Sublime Systems udowodni\u0142a, \u017ce &#8220;czysty cement&#8221; to nie \u017cadna fanaberia. Ekologiczny cement od \u015bwiatowych specjalist\u00f3w. Mo\u017cna? Mo\u017cna Produkcja cementu, b\u0119d\u0105cego kluczowym elementem \u015bwiatowej infrastruktury, niestety r\u00f3wna si\u0119 gigantycznemu \u015bladowi w\u0119glowemu. Mowa naprawd\u0119 o ogromnych [&#8230;]</p>", "link": "https://www.chip.pl/2023/09/ekologiczny-cement-material-budownictwo-sublime-systems", "date_published": "2023-09-25T11:10:00+00:00", "bookmarked": false, "dead": null, "artist": "Chip.pl", "album": "Chip.pl", "user": null, "language": "pl-PL", "thumbnail": null}, {"source": "https://www.chip.pl/feed", "title": "Gambit w Operze. Kr\u00f3lowa gier planszowych zago\u015bci w przegl\u0105darce na sta\u0142e", "description": "<img alt=\"\" class=\"attachment-full size-full wp-post-image\" height=\"1075\" src=\"https://konto.chip.pl/wp-content/uploads/2023/09/opera-chess-2.jpg\" style=\"margin-bottom: 10px;\" width=\"1915\" /><p><img src=\"https://konto.chip.pl/wp-content/uploads/2023/09/opera-chess-2.jpg\" style=\"display: block; margin: 1em auto;\" /></p>\n<p>Opera, globalny innowator sieciowy, rozpoczyna wsp\u00f3\u0142prac\u0119 z serwisem Chess.com, integruj\u0105c gr\u0119 w szachy bezpo\u015brednio w przegl\u0105dark\u0119. Dzi\u0119ki integracji Opery z Chess.com zar\u00f3wno gra, jak i niezliczona ilo\u015b\u0107 tre\u015bci zwi\u0105zanych z szachami b\u0119dzie w zasi\u0119gu jednego klikni\u0119cia. Ikonka Chess.com b\u0119dzie od teraz widoczna na pasku bocznym desktopowej wersji przegl\u0105darki Opera. Natomiast zupe\u0142nie nowa ods\u0142ona przegl\u0105darki czeka [&#8230;]</p>", "link": "https://www.chip.pl/2023/09/opera-chess-szachy-w-przegladarce", "date_published": "2023-09-25T11:00:00+00:00", "bookmarked": false, "dead": null, "artist": "Chip.pl", "album": "Chip.pl", "user": null, "language": "pl-PL", "thumbnail": null}, {"source": "https://www.chip.pl/feed", "title": "Oto nowe Mini, na kt\u00f3re nikt nie czeka\u0142. Jego forma ci\u0119 zaskoczy", "description": "<img alt=\"\" class=\"attachment-full size-full wp-post-image\" height=\"1080\" src=\"https://konto.chip.pl/wp-content/uploads/2023/09/Elektryczny-rower-Mini-E-Bike-1-5.jpg\" style=\"margin-bottom: 10px;\" width=\"1622\" /><p><img src=\"https://konto.chip.pl/wp-content/uploads/2023/09/Elektryczny-rower-Mini-E-Bike-1-5.jpg\" style=\"display: block; margin: 1em auto;\" /></p>\n<p>Firma Mini Motor Company zaskoczy\u0142a w\u0142a\u015bnie \u015bwiat &#8220;swoim&#8221; nowym dzie\u0142em, kt\u00f3re nie przypomina niczego, co do tej pory oferowa\u0142a. Pierwszy elektryczny rower Mini ju\u017c tu jest. Oto E-Bike 1 Wywodz\u0105ca si\u0119 z Wielkiej Brytanii firma Mini Motor Company rozpocz\u0119\u0142a swoj\u0105 dzia\u0142alno\u015b\u0107 w 1959 roku. Ponad sze\u015b\u0107 dekad na rynku by\u0142o dla niej istnym rollercoasterem, patrz\u0105c [&#8230;]</p>", "link": "https://www.chip.pl/2023/09/nowe-mini-e-bike-1-elektryczny-rower", "date_published": "2023-09-25T09:30:00+00:00", "bookmarked": false, "dead": null, "artist": "Chip.pl", "album": "Chip.pl", "user": null, "language": "pl-PL", "thumbnail": null}, {"source": "https://www.chip.pl/feed", "title": "Tak wysoko Korea Po\u0142udniowa jeszcze nie mierzy\u0142a. Znamy szczeg\u00f3\u0142y nowej kluczowej broni", "description": "<img alt=\"P\u00f3\u0142nocnokorea\u0144ski balistyczny pocisk wystrzelony z okr\u0119tu podwodnego\" class=\"attachment-full size-full wp-post-image\" height=\"1141\" src=\"https://konto.chip.pl/wp-content/uploads/2022/05/Polnocnokoreanski-balistyczny-pocisk-wystrzelony-z-okretu-podwodnego-kolejna-wiadomoscia-do-Zgnilego-Zachodu-2.jpg\" style=\"margin-bottom: 10px;\" width=\"1600\" /><p><img src=\"https://konto.chip.pl/wp-content/uploads/2022/05/Polnocnokoreanski-balistyczny-pocisk-wystrzelony-z-okretu-podwodnego-kolejna-wiadomoscia-do-Zgnilego-Zachodu-2.jpg\" style=\"display: block; margin: 1em auto;\" /></p>\n<p>Huczne demonstracje system\u00f3w uzbrojenia s\u0105 dla pa\u0144stw idealnym momentem do pokazania potencjalnym wrogom, \u017ce lepiej z nimi nie zadziera\u0107 i r\u00f3wnie dobrym momentem, aby uspokoi\u0107 opini\u0119 publiczn\u0105. Korea Po\u0142udniowa ma zamiar to zrobi\u0107 ze swoj\u0105 now\u0105 broni\u0105 do zwalczania potencjalnie najwi\u0119kszych zagro\u017ce\u0144. Korea Po\u0142udniowa ma nowy system L-SAM. To on ochroni pa\u0144stwo przed najwi\u0119kszym zagro\u017ceniem [&#8230;]</p>", "link": "https://www.chip.pl/2023/09/korea-poludniowa-pokaz-system-przeciwlotniczy-l-sam", "date_published": "2023-09-25T09:00:00+00:00", "bookmarked": false, "dead": null, "artist": "Chip.pl", "album": "Chip.pl", "user": null, "language": "pl-PL", "thumbnail": null}, {"source": "https://www.chip.pl/feed", "title": "Chips Act wchodzi w \u017cycie. Unia Europejska zainwestuje fortun\u0119, aby rywalizowa\u0107 z USA i Chinami", "description": "<img alt=\"Chips Act wchodzi w \u017cycie\" class=\"attachment-full size-full wp-post-image\" height=\"746\" src=\"https://konto.chip.pl/wp-content/uploads/2023/09/Chips-Act.jpg\" style=\"margin-bottom: 10px;\" width=\"1075\" /><p><img src=\"https://konto.chip.pl/wp-content/uploads/2023/09/Chips-Act.jpg\" style=\"display: block; margin: 1em auto;\" /></p>\n<p>Po roku w\u0119dr\u00f3wki po drogach legislacyjnych Chips Act w ko\u0144cu wszed\u0142 w \u017cycie. Projekt, kt\u00f3ry ma uniezale\u017cni\u0107 Europ\u0119 od dostawc\u00f3w procesor\u00f3w z USA i Chin ma dwie drogi &#8211; albo zmieni rynek, albo oka\u017ce si\u0119 niewypa\u0142em, kt\u00f3ry poch\u0142onie miliardy euro. Co jest bardziej prawdopodobne? Jak czytamy na oficjalnej stronie Unii Europejskiej: &#8220;Europejski akt w sprawie [&#8230;]</p>", "link": "https://www.chip.pl/2023/09/chips-act-procesory-w-europie", "date_published": "2023-09-25T08:00:00+00:00", "bookmarked": false, "dead": null, "artist": "Chip.pl", "album": "Chip.pl", "user": null, "language": "pl-PL", "thumbnail": null}, {"source": "https://www.chip.pl/feed", "title": "Czeka nas pot\u0119\u017cna zorza polarna. B\u0119dzie najsilniejsza od lat", "description": "<img alt=\"\" class=\"attachment-full size-full wp-post-image\" height=\"977\" src=\"https://konto.chip.pl/wp-content/uploads/2023/03/zorza-polarna.jpg\" style=\"margin-bottom: 10px;\" width=\"1500\" /><p><img src=\"https://konto.chip.pl/wp-content/uploads/2023/03/zorza-polarna.jpg\" style=\"display: block; margin: 1em auto;\" /></p>\n<p>Z przewidywa\u0144 naukowc\u00f3w wynika, \u017ce ju\u017c wkr\u00f3tce powinno wyst\u0105pi\u0107 zjawisko zorzy polarnej, kt\u00f3re b\u0119dzie wyj\u0105tkowo nasilone. Oznacza to mo\u017cliwo\u015b\u0107 obserwowanie efektownego pokazu z wielu r\u00f3\u017cnych cz\u0119\u015bci \u015bwiata. Wyst\u0119powanie zorzy polarnej jest \u015bci\u015ble zwi\u0105zane z aktywno\u015bci\u0105 naszej gwiazdy. A tak si\u0119 sk\u0142ada, \u017ce S\u0142o\u0144ce znajduje si\u0119 ostatnimi czasy w okolicach szczytu, co przek\u0142ada si\u0119 zar\u00f3wno na [&#8230;]</p>", "link": "https://www.chip.pl/2023/09/zorza-polarna-rosnaca-aktywnosc-slonca", "date_published": "2023-09-25T07:00:00+00:00", "bookmarked": false, "dead": null, "artist": "Chip.pl", "album": "Chip.pl", "user": null, "language": "pl-PL", "thumbnail": null}, {"source": "https://www.chip.pl/feed", "title": "Te ogniwa produkuj\u0105 du\u017co wodoru. Tylko jest jeden problem, ale w USA ju\u017c sobie z nim poradzili", "description": "<img alt=\"\" class=\"attachment-full size-full wp-post-image\" height=\"773\" src=\"https://konto.chip.pl/wp-content/uploads/2023/09/A7_h-tron_fuel_cell.jpg\" style=\"margin-bottom: 10px;\" width=\"1160\" /><p><img src=\"https://konto.chip.pl/wp-content/uploads/2023/09/A7_h-tron_fuel_cell.jpg\" style=\"display: block; margin: 1em auto;\" /></p>\n<p>Istnieje wiele rodzaj\u00f3w ogniw paliwowych. Niekt\u00f3re z nich s\u0105 na tyle ma\u0142o perspektywiczne i trudne do udoskonalenia, \u017ce wyniki bada\u0144 na ich temat mo\u017cna w\u0142o\u017cy\u0107 mi\u0119dzy bajki. S\u0105 r\u00f3wnie\u017c takie ogniwa, kt\u00f3rym brakuje bardzo niewiele, aby zosta\u0142y skomercjalizowane. Ameryka\u0144scy naukowcy przy wsp\u00f3\u0142pracy z kolegami pod fachu z Japonii opracowali ulepszon\u0105 wersj\u0119 protonowych ceramicznych ogniw elektrochemicznych. [&#8230;]</p>", "link": "https://www.chip.pl/2023/09/protonowe-ceramiczne-ogniwa-elektrochemiczne", "date_published": "2023-09-25T06:23:24+00:00", "bookmarked": false, "dead": null, "artist": "Chip.pl", "album": "Chip.pl", "user": null, "language": "pl-PL", "thumbnail": null}, {"source": "https://www.chip.pl/feed", "title": "Polska ma bro\u0144, kt\u00f3rej zazdro\u015bci ca\u0142y \u015bwiat. Teraz stanie si\u0119 jeszcze pot\u0119\u017cniejsza", "description": "<img alt=\"Nocny test polskiego systemu przeciwlotniczego zako\u0144czony. Piorun i Pilica w akcji\" class=\"attachment-full size-full wp-post-image\" height=\"1280\" src=\"https://konto.chip.pl/wp-content/uploads/2022/06/Nocny-test-polskiego-systemu-przeciwlotniczego-zakonczony.-Piorun-i-Pilica-w-akcji-1.jpg\" style=\"margin-bottom: 10px;\" width=\"1920\" /><p><img src=\"https://konto.chip.pl/wp-content/uploads/2022/06/Nocny-test-polskiego-systemu-przeciwlotniczego-zakonczony.-Piorun-i-Pilica-w-akcji-1.jpg\" style=\"display: block; margin: 1em auto;\" /></p>\n<p>Amerykanie zbroj\u0105cy si\u0119 w Polsce to ju\u017c nie fikcja, a rzeczywisto\u015b\u0107. Nie ma w tym nic dziwnego, bo zaprojektowane i produkowane w naszym kraju systemy broni s\u0105 uznawane za najlepsze na ca\u0142ym \u015bwiecie i wygl\u0105da na to, \u017ce b\u0119d\u0105 jeszcze pot\u0119\u017cniejsze. W przeciwlotnicze systemy Piorun wierz\u0105 nawet Stany Zjednoczone. Wersja Piorun NG ma by\u0107 jeszcze [&#8230;]</p>", "link": "https://www.chip.pl/2023/09/polska-przeciwlotnicze-systemy-piorun-ng-manpads", "date_published": "2023-09-25T03:48:05+00:00", "bookmarked": false, "dead": null, "artist": "Chip.pl", "album": "Chip.pl", "user": null, "language": "pl-PL", "thumbnail": null}]