[{"source": "https://theintercept.com/feed/?lang=en", "title": "Washington Post Completely Botches Chaturbate Rules in Virginia Candidate Takedown", "description": "<p>The article about Susanna Gibson, a Democrat running in a crucial legislative district, bore the telltale signs of an opposition research dump.</p>\n<p>The post <a href=\"https://theintercept.com/2023/09/25/chaturbate-susanna-gibson-washington-post/\" rel=\"nofollow\">Washington Post Completely Botches Chaturbate Rules in Virginia Candidate Takedown</a> appeared first on <a href=\"https://theintercept.com\" rel=\"nofollow\">The Intercept</a>.</p>", "link": "https://theintercept.com/2023/09/25/chaturbate-susanna-gibson-washington-post/", "date_published": "2023-09-25T18:05:55+00:00", "bookmarked": false, "dead": null, "artist": "The Intercept", "album": "The Intercept", "user": null, "language": "en-US", "thumbnail": "https://theintercept.com/theintercept.com/wp-content/uploads/2023/09/GettyImages-1248909389.jpg?resize=440%2C440&w=1200"}, {"source": "https://theintercept.com/feed/?lang=en", "title": "NYPD \u201cTransparency\u201d Site Leaves Out Misconduct Lawsuits Settled for Millions", "description": "<p>The New York Police Department touts the \u201ctransparency\u201d of its officer database, but you\u2019d never know about cops who rack up dozens of lawsuits and millions in payouts.</p>\n<p>The post <a href=\"https://theintercept.com/2023/09/25/nypd-misconduct-lawsuits-settlements/\" rel=\"nofollow\">NYPD \u201cTransparency\u201d Site Leaves Out Misconduct Lawsuits Settled for Millions</a> appeared first on <a href=\"https://theintercept.com\" rel=\"nofollow\">The Intercept</a>.</p>", "link": "https://theintercept.com/2023/09/25/nypd-misconduct-lawsuits-settlements/", "date_published": "2023-09-25T10:00:00+00:00", "bookmarked": false, "dead": null, "artist": "The Intercept", "album": "The Intercept", "user": null, "language": "en-US", "thumbnail": "https://theintercept.com/theintercept.com/wp-content/uploads/2023/09/GettyImages-1660284416-timm-scott-uaw.jpg?resize=440%2C440&w=1200"}]